hypothesis,family,pair,signal_dt,entry_dt,exit_dt,side,r,reason,ambiguous_stop_first
S2R2-04,post_overlap_drift,AUDUSD,2013-01-02 14:00:00+00:00,2013-01-02 14:15:00+00:00,2013-01-02 15:45:00+00:00,1,-1.0000000000000293,SL,False
S2R2-04,post_overlap_drift,AUDUSD,2013-01-03 14:45:00+00:00,2013-01-03 15:00:00+00:00,2013-01-03 16:30:00+00:00,1,-1.0000000000001292,SL,False
S2R2-04,post_overlap_drift,AUDUSD,2013-01-08 15:15:00+00:00,2013-01-08 15:30:00+00:00,2013-01-08 19:15:00+00:00,-1,-1.0000000000000666,SL,False
S2R2-04,post_overlap_drift,AUDUSD,2013-01-10 15:00:00+00:00,2013-01-10 15:15:00+00:00,2013-01-10 15:30:00+00:00,1,-1.0000000000000995,SL,False
S2R2-04,post_overlap_drift,AUDUSD,2013-01-14 14:45:00+00:00,2013-01-14 15:00:00+00:00,2013-01-14 15:00:00+00:00,-1,-0.9999999999999581,SL,False
S2R2-04,post_overlap_drift,AUDUSD,2013-01-17 15:30:00+00:00,2013-01-17 15:45:00+00:00,2013-01-17 16:30:00+00:00,-1,-0.9999999999999297,SL,False
S2R2-04,post_overlap_drift,AUDUSD,2013-01-18 14:15:00+00:00,2013-01-18 14:30:00+00:00,2013-01-18 14:45:00+00:00,-1,1.5000000000000808,TP,False
S2R2-04,post_overlap_drift,AUDUSD,2013-01-18 14:45:00+00:00,2013-01-18 15:00:00+00:00,2013-01-18 15:30:00+00:00,-1,-0.9999999999999619,SL,False
S2R2-04,post_overlap_drift,AUDUSD,2013-01-21 14:30:00+00:00,2013-01-21 14:45:00+00:00,2013-01-21 15:00:00+00:00,-1,1.5,TP,False
S2R2-04,post_overlap_drift,AUDUSD,2013-01-23 14:00:00+00:00,2013-01-23 14:15:00+00:00,2013-01-23 15:30:00+00:00,-1,1.500000000000103,TP,False
S2R2-04,post_overlap_drift,AUDUSD,2013-01-23 15:30:00+00:00,2013-01-23 15:45:00+00:00,2013-01-23 15:45:00+00:00,-1,-0.9999999999999117,SL,False
S2R2-04,post_overlap_drift,AUDUSD,2013-01-24 15:00:00+00:00,2013-01-24 15:15:00+00:00,2013-01-24 15:45:00+00:00,-1,-0.9999999999999704,SL,False
S2R2-04,post_overlap_drift,AUDUSD,2013-01-25 15:15:00+00:00,2013-01-25 15:30:00+00:00,2013-01-25 16:00:00+00:00,-1,0.4179792273647221,FRIDAY,False
S2R2-04,post_overlap_drift,AUDUSD,2013-01-28 15:00:00+00:00,2013-01-28 15:15:00+00:00,2013-01-28 15:30:00+00:00,-1,-0.9999999999999329,SL,False
S2R2-04,post_overlap_drift,AUDUSD,2013-01-29 14:30:00+00:00,2013-01-29 14:45:00+00:00,2013-01-29 20:30:00+00:00,1,0.37236872684520633,TIME,False
S2R2-04,post_overlap_drift,AUDUSD,2013-01-30 14:45:00+00:00,2013-01-30 15:00:00+00:00,2013-01-30 15:30:00+00:00,-1,-1.0000000000000653,SL,False
S2R2-04,post_overlap_drift,AUDUSD,2013-02-01 15:15:00+00:00,2013-02-01 15:30:00+00:00,2013-02-01 16:00:00+00:00,-1,-0.6404216967842592,FRIDAY,False
S2R2-04,post_overlap_drift,AUDUSD,2013-02-05 14:15:00+00:00,2013-02-05 14:30:00+00:00,2013-02-05 17:15:00+00:00,-1,-1.0000000000000326,SL,False
S2R2-04,post_overlap_drift,AUDUSD,2013-02-15 15:15:00+00:00,2013-02-15 15:30:00+00:00,2013-02-15 16:00:00+00:00,-1,-0.44661810210198555,FRIDAY,False
S2R2-04,post_overlap_drift,AUDUSD,2013-02-18 14:45:00+00:00,2013-02-18 15:00:00+00:00,2013-02-18 15:45:00+00:00,-1,-1.0000000000001186,SL,False
S2R2-04,post_overlap_drift,AUDUSD,2013-02-19 14:45:00+00:00,2013-02-19 15:00:00+00:00,2013-02-19 15:45:00+00:00,1,1.499999999999956,TP,False
S2R2-04,post_overlap_drift,AUDUSD,2013-02-20 14:30:00+00:00,2013-02-20 14:45:00+00:00,2013-02-20 15:00:00+00:00,-1,1.4999999999998797,TP,False
S2R2-04,post_overlap_drift,AUDUSD,2013-02-20 15:00:00+00:00,2013-02-20 15:15:00+00:00,2013-02-20 17:45:00+00:00,-1,1.5000000000000369,TP,False
S2R2-04,post_overlap_drift,AUDUSD,2013-02-26 15:00:00+00:00,2013-02-26 15:15:00+00:00,2013-02-26 17:45:00+00:00,-1,-1.0000000000000233,SL,False
S2R2-04,post_overlap_drift,AUDUSD,2013-03-05 14:30:00+00:00,2013-03-05 14:45:00+00:00,2013-03-05 14:45:00+00:00,1,-1.0000000000000735,SL,False
S2R2-04,post_overlap_drift,AUDUSD,2013-03-07 14:30:00+00:00,2013-03-07 14:45:00+00:00,2013-03-07 15:30:00+00:00,1,-0.9999999999999428,SL,False
S2R2-04,post_overlap_drift,AUDUSD,2013-03-13 14:00:00+00:00,2013-03-13 14:15:00+00:00,2013-03-13 16:15:00+00:00,-1,-1.0000000000000264,SL,False
S2R2-04,post_overlap_drift,AUDUSD,2013-03-14 14:15:00+00:00,2013-03-14 14:30:00+00:00,2013-03-14 15:15:00+00:00,1,-1.0000000000000255,SL,False
S2R2-04,post_overlap_drift,AUDUSD,2013-03-20 14:00:00+00:00,2013-03-20 14:15:00+00:00,2013-03-20 18:00:00+00:00,1,-1.0000000000000726,SL,False
S2R2-04,post_overlap_drift,AUDUSD,2013-03-21 14:15:00+00:00,2013-03-21 14:30:00+00:00,2013-03-21 20:15:00+00:00,1,-0.5274273058512539,TIME,False
S2R2-04,post_overlap_drift,AUDUSD,2013-03-27 14:00:00+00:00,2013-03-27 14:15:00+00:00,2013-03-27 14:15:00+00:00,-1,-1.0000000000000728,SL,False
S2R2-04,post_overlap_drift,AUDUSD,2013-03-29 15:30:00+00:00,2013-03-29 15:45:00+00:00,2013-03-29 16:00:00+00:00,-1,-0.15629205083478695,FRIDAY,False
S2R2-04,post_overlap_drift,AUDUSD,2013-04-04 14:30:00+00:00,2013-04-04 14:45:00+00:00,2013-04-04 17:30:00+00:00,-1,-1.0,SL,False
S2R2-04,post_overlap_drift,AUDUSD,2013-04-08 14:15:00+00:00,2013-04-08 14:30:00+00:00,2013-04-08 15:30:00+00:00,-1,1.500000000000031,TP,False
S2R2-04,post_overlap_drift,AUDUSD,2013-04-08 15:30:00+00:00,2013-04-08 15:45:00+00:00,2013-04-08 16:00:00+00:00,-1,-0.9999999999999114,SL,False
S2R2-04,post_overlap_drift,AUDUSD,2013-04-09 15:15:00+00:00,2013-04-09 15:30:00+00:00,2013-04-09 17:00:00+00:00,1,-1.0,SL,False
S2R2-04,post_overlap_drift,AUDUSD,2013-04-10 14:00:00+00:00,2013-04-10 14:15:00+00:00,2013-04-10 20:00:00+00:00,1,0.15473084960726383,TIME,False
S2R2-04,post_overlap_drift,AUDUSD,2013-04-11 14:00:00+00:00,2013-04-11 14:15:00+00:00,2013-04-11 14:30:00+00:00,1,-0.9999999999999608,SL,False
S2R2-04,post_overlap_drift,AUDUSD,2013-04-12 14:30:00+00:00,2013-04-12 14:45:00+00:00,2013-04-12 15:00:00+00:00,-1,1.5000000000000258,TP,False
S2R2-04,post_overlap_drift,AUDUSD,2013-04-15 14:00:00+00:00,2013-04-15 14:15:00+00:00,2013-04-15 15:30:00+00:00,-1,-0.999999999999974,SL,False
S2R2-04,post_overlap_drift,AUDUSD,2013-04-17 14:30:00+00:00,2013-04-17 14:45:00+00:00,2013-04-17 15:00:00+00:00,-1,1.5,TP,False
S2R2-04,post_overlap_drift,AUDUSD,2013-04-17 15:00:00+00:00,2013-04-17 15:15:00+00:00,2013-04-17 21:00:00+00:00,-1,-0.033760604016248724,TIME,False
S2R2-04,post_overlap_drift,AUDUSD,2013-04-22 14:00:00+00:00,2013-04-22 14:15:00+00:00,2013-04-22 15:00:00+00:00,-1,-0.999999999999905,SL,False
S2R2-04,post_overlap_drift,AUDUSD,2013-04-29 14:30:00+00:00,2013-04-29 14:45:00+00:00,2013-04-29 15:15:00+00:00,1,1.500000000000109,TP,False
S2R2-04,post_overlap_drift,AUDUSD,2013-04-29 15:15:00+00:00,2013-04-29 15:30:00+00:00,2013-04-29 15:45:00+00:00,1,-1.0000000000000382,SL,False
S2R2-04,post_overlap_drift,AUDUSD,2013-05-01 14:00:00+00:00,2013-05-01 14:15:00+00:00,2013-05-01 18:00:00+00:00,-1,-1.000000000000059,SL,False
S2R2-04,post_overlap_drift,AUDUSD,2013-05-07 14:00:00+00:00,2013-05-07 14:15:00+00:00,2013-05-07 14:45:00+00:00,-1,-1.000000000000106,SL,False
S2R2-04,post_overlap_drift,AUDUSD,2013-05-08 15:00:00+00:00,2013-05-08 15:15:00+00:00,2013-05-08 15:15:00+00:00,1,-1.0,SL,False
S2R2-04,post_overlap_drift,AUDUSD,2013-05-10 14:15:00+00:00,2013-05-10 14:30:00+00:00,2013-05-10 14:45:00+00:00,-1,-0.999999999999977,SL,False
S2R2-04,post_overlap_drift,AUDUSD,2013-05-13 14:45:00+00:00,2013-05-13 15:00:00+00:00,2013-05-13 16:15:00+00:00,-1,1.5,TP,False
S2R2-04,post_overlap_drift,AUDUSD,2013-05-14 15:30:00+00:00,2013-05-14 15:45:00+00:00,2013-05-14 16:00:00+00:00,-1,-1.0000000000000213,SL,False
S2R2-04,post_overlap_drift,AUDUSD,2013-05-17 15:30:00+00:00,2013-05-17 15:45:00+00:00,2013-05-17 16:00:00+00:00,-1,-0.1375375854820255,FRIDAY,False
S2R2-04,post_overlap_drift,AUDUSD,2013-05-21 14:00:00+00:00,2013-05-21 14:15:00+00:00,2013-05-21 14:30:00+00:00,-1,-0.9999999999999734,SL,False
S2R2-04,post_overlap_drift,AUDUSD,2013-05-22 14:30:00+00:00,2013-05-22 14:45:00+00:00,2013-05-22 16:00:00+00:00,-1,1.4999999999999836,TP,False
S2R2-04,post_overlap_drift,AUDUSD,2013-05-23 15:00:00+00:00,2013-05-23 15:15:00+00:00,2013-05-23 15:45:00+00:00,1,1.5000000000000082,TP,False
S2R2-04,post_overlap_drift,AUDUSD,2013-05-29 14:00:00+00:00,2013-05-29 14:15:00+00:00,2013-05-29 14:45:00+00:00,1,-1.0,SL,False
S2R2-04,post_overlap_drift,AUDUSD,2013-06-04 14:15:00+00:00,2013-06-04 14:30:00+00:00,2013-06-04 17:45:00+00:00,-1,1.4999999999999902,TP,False
S2R2-04,post_overlap_drift,AUDUSD,2013-06-05 14:15:00+00:00,2013-06-05 14:30:00+00:00,2013-06-05 20:15:00+00:00,-1,-0.606295531089916,TIME,False
S2R2-04,post_overlap_drift,AUDUSD,2013-06-12 15:15:00+00:00,2013-06-12 15:30:00+00:00,2013-06-12 15:45:00+00:00,1,-0.9999999999999859,SL,False
S2R2-04,post_overlap_drift,AUDUSD,2013-06-13 14:00:00+00:00,2013-06-13 14:15:00+00:00,2013-06-13 14:45:00+00:00,1,-0.9999999999999927,SL,False
S2R2-04,post_overlap_drift,AUDUSD,2013-06-13 15:00:00+00:00,2013-06-13 15:15:00+00:00,2013-06-13 20:00:00+00:00,1,1.4999999999999867,TP,False
S2R2-04,post_overlap_drift,AUDUSD,2013-06-17 14:30:00+00:00,2013-06-17 14:45:00+00:00,2013-06-17 15:00:00+00:00,-1,1.5000000000000349,TP,False
S2R2-04,post_overlap_drift,AUDUSD,2013-06-17 15:00:00+00:00,2013-06-17 15:15:00+00:00,2013-06-17 18:15:00+00:00,-1,1.49999999999999,TP,False
S2R2-04,post_overlap_drift,AUDUSD,2013-06-18 14:00:00+00:00,2013-06-18 14:15:00+00:00,2013-06-18 14:30:00+00:00,-1,-1.0000000000000222,SL,False
S2R2-04,post_overlap_drift,AUDUSD,2013-06-19 14:15:00+00:00,2013-06-19 14:30:00+00:00,2013-06-19 15:30:00+00:00,1,1.5000000000000275,TP,False
S2R2-04,post_overlap_drift,AUDUSD,2013-06-19 15:30:00+00:00,2013-06-19 15:45:00+00:00,2013-06-19 15:45:00+00:00,1,-1.0000000000000138,SL,False
S2R2-04,post_overlap_drift,AUDUSD,2013-06-20 14:00:00+00:00,2013-06-20 14:15:00+00:00,2013-06-20 16:00:00+00:00,-1,-1.0,SL,False
S2R2-04,post_overlap_drift,AUDUSD,2013-06-24 14:30:00+00:00,2013-06-24 14:45:00+00:00,2013-06-24 18:30:00+00:00,1,1.4999999999999896,TP,False
S2R2-04,post_overlap_drift,AUDUSD,2013-06-25 14:15:00+00:00,2013-06-25 14:30:00+00:00,2013-06-25 15:30:00+00:00,-1,-0.9999999999999762,SL,False
S2R2-04,post_overlap_drift,AUDUSD,2013-06-28 14:00:00+00:00,2013-06-28 14:15:00+00:00,2013-06-28 14:15:00+00:00,-1,-1.0000000000000226,SL,False
S2R2-04,post_overlap_drift,AUDUSD,2013-07-02 15:00:00+00:00,2013-07-02 15:15:00+00:00,2013-07-02 15:15:00+00:00,-1,-0.9999999999999898,SL,False
S2R2-04,post_overlap_drift,AUDUSD,2013-07-04 14:45:00+00:00,2013-07-04 15:00:00+00:00,2013-07-04 15:30:00+00:00,1,-1.0000000000000264,SL,False
S2R2-04,post_overlap_drift,AUDUSD,2013-07-08 15:30:00+00:00,2013-07-08 15:45:00+00:00,2013-07-08 17:00:00+00:00,-1,-1.0000000000000413,SL,False
S2R2-04,post_overlap_drift,AUDUSD,2013-07-11 14:00:00+00:00,2013-07-11 14:15:00+00:00,2013-07-11 14:15:00+00:00,-1,-0.9999999999999921,SL,False
S2R2-04,post_overlap_drift,AUDUSD,2013-07-11 15:00:00+00:00,2013-07-11 15:15:00+00:00,2013-07-11 18:15:00+00:00,-1,-1.0,SL,False
S2R2-04,post_overlap_drift,AUDUSD,2013-07-16 14:15:00+00:00,2013-07-16 14:30:00+00:00,2013-07-16 16:30:00+00:00,1,1.500000000000017,TP,False
S2R2-04,post_overlap_drift,AUDUSD,2013-07-18 14:00:00+00:00,2013-07-18 14:15:00+00:00,2013-07-18 17:30:00+00:00,-1,-1.0,SL,False
S2R2-04,post_overlap_drift,AUDUSD,2013-07-22 14:00:00+00:00,2013-07-22 14:15:00+00:00,2013-07-22 14:45:00+00:00,1,-1.0,SL,False
S2R2-04,post_overlap_drift,AUDUSD,2013-07-24 14:00:00+00:00,2013-07-24 14:15:00+00:00,2013-07-24 14:15:00+00:00,-1,-1.0000000000000233,SL,False
S2R2-04,post_overlap_drift,AUDUSD,2013-07-25 14:30:00+00:00,2013-07-25 14:45:00+00:00,2013-07-25 17:15:00+00:00,1,1.4999999999999687,TP,False
S2R2-04,post_overlap_drift,AUDUSD,2013-07-29 14:15:00+00:00,2013-07-29 14:30:00+00:00,2013-07-29 20:15:00+00:00,-1,0.43315644875992626,TIME,False
S2R2-04,post_overlap_drift,AUDUSD,2013-07-30 14:00:00+00:00,2013-07-30 14:15:00+00:00,2013-07-30 14:15:00+00:00,-1,1.500000000000022,TP,False
S2R2-04,post_overlap_drift,AUDUSD,2013-07-30 14:15:00+00:00,2013-07-30 14:30:00+00:00,2013-07-30 19:30:00+00:00,-1,-0.9999999999999799,SL,False
S2R2-04,post_overlap_drift,AUDUSD,2013-07-31 15:15:00+00:00,2013-07-31 15:30:00+00:00,2013-07-31 18:00:00+00:00,-1,-1.0,SL,False
S2R2-04,post_overlap_drift,AUDUSD,2013-08-06 14:30:00+00:00,2013-08-06 14:45:00+00:00,2013-08-06 17:00:00+00:00,1,1.5000000000000107,TP,False
S2R2-04,post_overlap_drift,AUDUSD,2013-08-08 14:00:00+00:00,2013-08-08 14:15:00+00:00,2013-08-08 14:45:00+00:00,1,1.5000000000000353,TP,False
S2R2-04,post_overlap_drift,AUDUSD,2013-08-08 14:45:00+00:00,2013-08-08 15:00:00+00:00,2013-08-08 20:15:00+00:00,1,-0.9999999999999688,SL,False
S2R2-04,post_overlap_drift,AUDUSD,2013-08-09 14:00:00+00:00,2013-08-09 14:15:00+00:00,2013-08-09 15:30:00+00:00,1,-0.9999999999999719,SL,False
S2R2-04,post_overlap_drift,AUDUSD,2013-08-12 14:00:00+00:00,2013-08-12 14:15:00+00:00,2013-08-12 14:15:00+00:00,1,-1.0000000000000167,SL,False
S2R2-04,post_overlap_drift,AUDUSD,2013-08-14 14:15:00+00:00,2013-08-14 14:30:00+00:00,2013-08-14 16:15:00+00:00,1,-0.9999999999999571,SL,False
S2R2-04,post_overlap_drift,AUDUSD,2013-08-20 14:45:00+00:00,2013-08-20 15:00:00+00:00,2013-08-20 19:30:00+00:00,-1,-1.0,SL,False
S2R2-04,post_overlap_drift,AUDUSD,2013-08-21 15:15:00+00:00,2013-08-21 15:30:00+00:00,2013-08-21 16:00:00+00:00,-1,-1.0000000000000364,SL,False
S2R2-04,post_overlap_drift,AUDUSD,2013-08-27 14:30:00+00:00,2013-08-27 14:45:00+00:00,2013-08-27 14:45:00+00:00,-1,-0.9999999999999791,SL,False
S2R2-04,post_overlap_drift,AUDUSD,2013-09-03 14:00:00+00:00,2013-09-03 14:15:00+00:00,2013-09-03 15:30:00+00:00,1,-1.0000000000000377,SL,False
S2R2-04,post_overlap_drift,AUDUSD,2013-09-04 14:15:00+00:00,2013-09-04 14:30:00+00:00,2013-09-04 19:30:00+00:00,1,-1.0000000000000284,SL,False
S2R2-04,post_overlap_drift,AUDUSD,2013-09-05 14:15:00+00:00,2013-09-05 14:30:00+00:00,2013-09-05 15:00:00+00:00,-1,-1.0000000000000113,SL,False
S2R2-04,post_overlap_drift,AUDUSD,2013-09-09 14:15:00+00:00,2013-09-09 14:30:00+00:00,2013-09-09 14:30:00+00:00,1,-1.0000000000000187,SL,False
S2R2-04,post_overlap_drift,AUDUSD,2013-09-09 15:30:00+00:00,2013-09-09 15:45:00+00:00,2013-09-09 21:30:00+00:00,1,-0.06791311662374791,TIME,False
S2R2-04,post_overlap_drift,AUDUSD,2013-09-10 14:00:00+00:00,2013-09-10 14:15:00+00:00,2013-09-10 14:45:00+00:00,1,-1.0,SL,False
S2R2-04,post_overlap_drift,AUDUSD,2013-09-12 15:30:00+00:00,2013-09-12 15:45:00+00:00,2013-09-12 21:30:00+00:00,-1,0.2565188266666667,TIME,False
S2R2-04,post_overlap_drift,AUDUSD,2013-09-13 14:30:00+00:00,2013-09-13 14:45:00+00:00,2013-09-13 16:00:00+00:00,-1,-0.008222266891567107,FRIDAY,False
S2R2-04,post_overlap_drift,AUDUSD,2013-09-17 15:15:00+00:00,2013-09-17 15:30:00+00:00,2013-09-17 16:45:00+00:00,1,-1.0000000000000466,SL,False
S2R2-04,post_overlap_drift,AUDUSD,2013-09-19 14:45:00+00:00,2013-09-19 15:00:00+00:00,2013-09-19 15:45:00+00:00,-1,1.5000000000000113,TP,False
S2R2-04,post_overlap_drift,AUDUSD,2013-09-20 14:30:00+00:00,2013-09-20 14:45:00+00:00,2013-09-20 16:00:00+00:00,-1,-0.3833203461260725,FRIDAY,False
S2R2-04,post_overlap_drift,AUDUSD,2013-09-24 14:00:00+00:00,2013-09-24 14:15:00+00:00,2013-09-24 14:30:00+00:00,-1,-1.0000000000000282,SL,False
S2R2-04,post_overlap_drift,AUDUSD,2013-09-25 14:00:00+00:00,2013-09-25 14:15:00+00:00,2013-09-25 14:30:00+00:00,-1,-0.9999999999999859,SL,False
S2R2-04,post_overlap_drift,AUDUSD,2013-10-04 14:00:00+00:00,2013-10-04 14:15:00+00:00,2013-10-04 14:45:00+00:00,1,1.5000000000000464,TP,False
S2R2-04,post_overlap_drift,AUDUSD,2013-10-07 14:45:00+00:00,2013-10-07 15:00:00+00:00,2013-10-07 15:15:00+00:00,1,1.4999999999999465,TP,False
S2R2-04,post_overlap_drift,AUDUSD,2013-10-07 15:15:00+00:00,2013-10-07 15:30:00+00:00,2013-10-07 19:30:00+00:00,1,-1.0000000000000484,SL,False
S2R2-04,post_overlap_drift,AUDUSD,2013-10-15 14:00:00+00:00,2013-10-15 14:15:00+00:00,2013-10-15 15:00:00+00:00,1,-1.0000000000000315,SL,False
S2R2-04,post_overlap_drift,AUDUSD,2013-10-17 14:00:00+00:00,2013-10-17 14:15:00+00:00,2013-10-17 18:15:00+00:00,1,-1.0000000000000164,SL,False
S2R2-04,post_overlap_drift,AUDUSD,2013-10-22 14:15:00+00:00,2013-10-22 14:30:00+00:00,2013-10-22 14:45:00+00:00,1,-1.0,SL,False
S2R2-04,post_overlap_drift,AUDUSD,2013-10-24 14:00:00+00:00,2013-10-24 14:15:00+00:00,2013-10-24 14:15:00+00:00,-1,-0.9999999999999888,SL,False
S2R2-04,post_overlap_drift,AUDUSD,2013-10-25 14:30:00+00:00,2013-10-25 14:45:00+00:00,2013-10-25 15:15:00+00:00,-1,1.5,TP,False
S2R2-04,post_overlap_drift,AUDUSD,2013-10-25 15:15:00+00:00,2013-10-25 15:30:00+00:00,2013-10-25 16:00:00+00:00,-1,0.33292808998056483,FRIDAY,False
S2R2-04,post_overlap_drift,AUDUSD,2013-10-28 15:15:00+00:00,2013-10-28 15:30:00+00:00,2013-10-28 18:15:00+00:00,-1,-1.0000000000000246,SL,False
S2R2-04,post_overlap_drift,AUDUSD,2013-11-06 14:45:00+00:00,2013-11-06 15:00:00+00:00,2013-11-06 15:45:00+00:00,1,-1.0000000000000213,SL,False
S2R2-04,post_overlap_drift,AUDUSD,2013-11-07 15:15:00+00:00,2013-11-07 15:30:00+00:00,2013-11-07 16:45:00+00:00,-1,-1.0000000000000084,SL,False
S2R2-04,post_overlap_drift,AUDUSD,2013-11-15 14:00:00+00:00,2013-11-15 14:15:00+00:00,2013-11-15 14:45:00+00:00,1,1.499999999999985,TP,False
S2R2-04,post_overlap_drift,AUDUSD,2013-11-15 14:45:00+00:00,2013-11-15 15:00:00+00:00,2013-11-15 16:00:00+00:00,1,-0.9807013008550426,FRIDAY,False
S2R2-04,post_overlap_drift,AUDUSD,2013-11-18 14:00:00+00:00,2013-11-18 14:15:00+00:00,2013-11-18 14:15:00+00:00,1,-1.0000000000000207,SL,False
S2R2-04,post_overlap_drift,AUDUSD,2013-11-19 15:15:00+00:00,2013-11-19 15:30:00+00:00,2013-11-19 15:45:00+00:00,1,-0.9999999999999611,SL,False
S2R2-04,post_overlap_drift,AUDUSD,2013-11-21 14:15:00+00:00,2013-11-21 14:30:00+00:00,2013-11-21 15:00:00+00:00,-1,-1.000000000000013,SL,False
S2R2-04,post_overlap_drift,AUDUSD,2013-11-26 14:00:00+00:00,2013-11-26 14:15:00+00:00,2013-11-26 15:45:00+00:00,-1,-1.0000000000000282,SL,False
S2R2-04,post_overlap_drift,AUDUSD,2013-11-27 14:00:00+00:00,2013-11-27 14:15:00+00:00,2013-11-27 20:00:00+00:00,-1,-0.24890022103197926,TIME,False
S2R2-04,post_overlap_drift,AUDUSD,2013-11-29 15:00:00+00:00,2013-11-29 15:15:00+00:00,2013-11-29 15:45:00+00:00,1,1.4999999999999685,TP,False
S2R2-04,post_overlap_drift,AUDUSD,2013-12-03 15:30:00+00:00,2013-12-03 15:45:00+00:00,2013-12-03 16:15:00+00:00,1,-0.9999999999999712,SL,False
S2R2-04,post_overlap_drift,AUDUSD,2013-12-04 14:15:00+00:00,2013-12-04 14:30:00+00:00,2013-12-04 14:45:00+00:00,-1,-0.9999999999999561,SL,False
S2R2-04,post_overlap_drift,AUDUSD,2013-12-04 15:30:00+00:00,2013-12-04 15:45:00+00:00,2013-12-04 16:15:00+00:00,-1,-1.0000000000000113,SL,False
S2R2-04,post_overlap_drift,AUDUSD,2013-12-09 14:30:00+00:00,2013-12-09 14:45:00+00:00,2013-12-09 16:15:00+00:00,1,-1.0000000000000588,SL,False
S2R2-04,post_overlap_drift,AUDUSD,2013-12-10 14:00:00+00:00,2013-12-10 14:15:00+00:00,2013-12-10 15:45:00+00:00,1,-1.0000000000000449,SL,False
S2R2-04,post_overlap_drift,AUDUSD,2013-12-11 14:30:00+00:00,2013-12-11 14:45:00+00:00,2013-12-11 15:00:00+00:00,-1,1.5000000000000582,TP,False
S2R2-04,post_overlap_drift,AUDUSD,2013-12-11 15:00:00+00:00,2013-12-11 15:15:00+00:00,2013-12-11 17:30:00+00:00,-1,-0.9999999999999551,SL,False
S2R2-04,post_overlap_drift,AUDUSD,2013-12-12 15:15:00+00:00,2013-12-12 15:30:00+00:00,2013-12-12 21:15:00+00:00,-1,-0.4860831531545126,TIME,False
S2R2-04,post_overlap_drift,AUDUSD,2013-12-16 15:00:00+00:00,2013-12-16 15:15:00+00:00,2013-12-16 20:45:00+00:00,1,-1.0,SL,False
S2R2-04,post_overlap_drift,AUDUSD,2013-12-17 14:00:00+00:00,2013-12-17 14:15:00+00:00,2013-12-17 15:00:00+00:00,-1,1.5000000000000313,TP,False
S2R2-04,post_overlap_drift,AUDUSD,2013-12-17 15:15:00+00:00,2013-12-17 15:30:00+00:00,2013-12-17 16:15:00+00:00,-1,-0.9999999999999867,SL,False
S2R2-04,post_overlap_drift,AUDUSD,2013-12-18 15:15:00+00:00,2013-12-18 15:30:00+00:00,2013-12-18 15:45:00+00:00,-1,1.4999999999999467,TP,False
S2R2-04,post_overlap_drift,AUDUSD,2013-12-20 15:00:00+00:00,2013-12-20 15:15:00+00:00,2013-12-20 16:00:00+00:00,1,1.186756930524564,FRIDAY,False
S2R2-04,post_overlap_drift,AUDUSD,2013-12-23 15:30:00+00:00,2013-12-23 15:45:00+00:00,2013-12-23 16:00:00+00:00,1,-1.000000000000047,SL,False
S2R2-04,post_overlap_drift,AUDUSD,2013-12-24 14:30:00+00:00,2013-12-24 14:45:00+00:00,2013-12-24 15:45:00+00:00,-1,-0.9999999999999156,SL,False
S2R2-04,post_overlap_drift,AUDUSD,2013-12-31 14:45:00+00:00,2013-12-31 15:00:00+00:00,2013-12-31 16:30:00+00:00,1,-0.9999999999999732,SL,False
S2R2-04,post_overlap_drift,AUDUSD,2014-01-03 15:15:00+00:00,2014-01-03 15:30:00+00:00,2014-01-03 15:45:00+00:00,1,-1.0,SL,False
S2R2-04,post_overlap_drift,AUDUSD,2014-01-07 14:15:00+00:00,2014-01-07 14:30:00+00:00,2014-01-07 14:45:00+00:00,-1,-0.999999999999953,SL,False
S2R2-04,post_overlap_drift,AUDUSD,2014-01-07 15:00:00+00:00,2014-01-07 15:15:00+00:00,2014-01-07 15:15:00+00:00,-1,-0.9999999999999735,SL,False
S2R2-04,post_overlap_drift,AUDUSD,2014-01-08 14:00:00+00:00,2014-01-08 14:15:00+00:00,2014-01-08 15:30:00+00:00,1,-1.0000000000000293,SL,False
S2R2-04,post_overlap_drift,AUDUSD,2014-01-13 14:00:00+00:00,2014-01-13 14:15:00+00:00,2014-01-13 15:30:00+00:00,1,-0.9999999999999873,SL,False
S2R2-04,post_overlap_drift,AUDUSD,2014-01-14 14:45:00+00:00,2014-01-14 15:00:00+00:00,2014-01-14 15:15:00+00:00,-1,-1.000000000000013,SL,False
S2R2-04,post_overlap_drift,AUDUSD,2014-01-16 15:30:00+00:00,2014-01-16 15:45:00+00:00,2014-01-16 15:45:00+00:00,-1,-1.0,SL,False
S2R2-04,post_overlap_drift,AUDUSD,2014-01-17 15:00:00+00:00,2014-01-17 15:15:00+00:00,2014-01-17 16:00:00+00:00,-1,-0.1456721209799522,FRIDAY,False
S2R2-04,post_overlap_drift,AUDUSD,2014-01-20 14:00:00+00:00,2014-01-20 14:15:00+00:00,2014-01-20 15:15:00+00:00,-1,-1.0000000000000255,SL,False
S2R2-04,post_overlap_drift,AUDUSD,2014-01-23 15:30:00+00:00,2014-01-23 15:45:00+00:00,2014-01-23 17:15:00+00:00,-1,1.4999999999999782,TP,False
S2R2-04,post_overlap_drift,AUDUSD,2014-01-24 14:30:00+00:00,2014-01-24 14:45:00+00:00,2014-01-24 15:00:00+00:00,-1,-0.9999999999999714,SL,False
S2R2-04,post_overlap_drift,AUDUSD,2014-01-27 15:15:00+00:00,2014-01-27 15:30:00+00:00,2014-01-27 15:30:00+00:00,-1,-0.9999999999999711,SL,False
S2R2-04,post_overlap_drift,AUDUSD,2014-02-04 14:15:00+00:00,2014-02-04 14:30:00+00:00,2014-02-04 15:00:00+00:00,1,-1.0000000000000242,SL,False
S2R2-04,post_overlap_drift,AUDUSD,2014-02-10 14:00:00+00:00,2014-02-10 14:15:00+00:00,2014-02-10 14:45:00+00:00,-1,-1.000000000000042,SL,False
S2R2-04,post_overlap_drift,AUDUSD,2014-02-11 15:15:00+00:00,2014-02-11 15:30:00+00:00,2014-02-11 16:15:00+00:00,1,1.5000000000000353,TP,False
S2R2-04,post_overlap_drift,AUDUSD,2014-02-12 14:15:00+00:00,2014-02-12 14:30:00+00:00,2014-02-12 15:30:00+00:00,1,-1.0,SL,False
S2R2-04,post_overlap_drift,AUDUSD,2014-02-20 14:00:00+00:00,2014-02-20 14:15:00+00:00,2014-02-20 15:30:00+00:00,-1,-1.000000000000035,SL,False
S2R2-04,post_overlap_drift,AUDUSD,2014-02-25 14:30:00+00:00,2014-02-25 14:45:00+00:00,2014-02-25 16:00:00+00:00,-1,-1.0,SL,False
S2R2-04,post_overlap_drift,AUDUSD,2014-02-26 15:00:00+00:00,2014-02-26 15:15:00+00:00,2014-02-26 15:30:00+00:00,-1,-0.9999999999999707,SL,False
S2R2-04,post_overlap_drift,AUDUSD,2014-03-03 14:45:00+00:00,2014-03-03 15:00:00+00:00,2014-03-03 15:45:00+00:00,-1,-0.9999999999999815,SL,False
S2R2-04,post_overlap_drift,AUDUSD,2014-03-04 14:15:00+00:00,2014-03-04 14:30:00+00:00,2014-03-04 14:45:00+00:00,1,-0.999999999999938,SL,False
S2R2-04,post_overlap_drift,AUDUSD,2014-03-05 14:45:00+00:00,2014-03-05 15:00:00+00:00,2014-03-05 15:15:00+00:00,1,1.5,TP,False
S2R2-04,post_overlap_drift,AUDUSD,2014-03-05 15:15:00+00:00,2014-03-05 15:30:00+00:00,2014-03-05 15:45:00+00:00,1,-1.0000000000000462,SL,False
S2R2-04,post_overlap_drift,AUDUSD,2014-03-06 15:00:00+00:00,2014-03-06 15:15:00+00:00,2014-03-06 16:15:00+00:00,1,1.5000000000000155,TP,False
S2R2-04,post_overlap_drift,AUDUSD,2014-03-10 14:15:00+00:00,2014-03-10 14:30:00+00:00,2014-03-10 14:30:00+00:00,-1,1.5000000000000397,TP,False
S2R2-04,post_overlap_drift,AUDUSD,2014-03-10 14:30:00+00:00,2014-03-10 14:45:00+00:00,2014-03-10 15:15:00+00:00,-1,-1.0,SL,False
S2R2-04,post_overlap_drift,AUDUSD,2014-03-11 14:30:00+00:00,2014-03-11 14:45:00+00:00,2014-03-11 15:30:00+00:00,1,-1.0,SL,False
S2R2-04,post_overlap_drift,AUDUSD,2014-03-13 14:15:00+00:00,2014-03-13 14:30:00+00:00,2014-03-13 14:45:00+00:00,1,-1.000000000000015,SL,False
S2R2-04,post_overlap_drift,AUDUSD,2014-03-17 15:00:00+00:00,2014-03-17 15:15:00+00:00,2014-03-17 16:00:00+00:00,1,-1.0000000000000595,SL,False
S2R2-04,post_overlap_drift,AUDUSD,2014-03-18 14:00:00+00:00,2014-03-18 14:15:00+00:00,2014-03-18 20:00:00+00:00,1,0.3541544825618715,TIME,False
S2R2-04,post_overlap_drift,AUDUSD,2014-03-21 14:45:00+00:00,2014-03-21 15:00:00+00:00,2014-03-21 16:00:00+00:00,1,-0.4259937299222046,FRIDAY,False
S2R2-04,post_overlap_drift,AUDUSD,2014-03-27 14:00:00+00:00,2014-03-27 14:15:00+00:00,2014-03-27 15:15:00+00:00,1,1.500000000000053,TP,False
S2R2-04,post_overlap_drift,AUDUSD,2014-03-27 15:15:00+00:00,2014-03-27 15:30:00+00:00,2014-03-27 15:45:00+00:00,1,-1.000000000000046,SL,False
S2R2-04,post_overlap_drift,AUDUSD,2014-04-02 14:15:00+00:00,2014-04-02 14:30:00+00:00,2014-04-02 14:30:00+00:00,1,-1.0000000000000193,SL,False
S2R2-04,post_overlap_drift,AUDUSD,2014-04-04 14:00:00+00:00,2014-04-04 14:15:00+00:00,2014-04-04 15:45:00+00:00,1,-1.0000000000000264,SL,False
S2R2-04,post_overlap_drift,AUDUSD,2014-04-07 14:00:00+00:00,2014-04-07 14:15:00+00:00,2014-04-07 16:15:00+00:00,1,-1.0000000000000233,SL,False
S2R2-04,post_overlap_drift,AUDUSD,2014-04-08 15:00:00+00:00,2014-04-08 15:15:00+00:00,2014-04-08 15:45:00+00:00,1,1.4999999999999438,TP,False
S2R2-04,post_overlap_drift,AUDUSD,2014-04-09 15:15:00+00:00,2014-04-09 15:30:00+00:00,2014-04-09 16:15:00+00:00,1,-1.0,SL,False
S2R2-04,post_overlap_drift,AUDUSD,2014-04-10 14:00:00+00:00,2014-04-10 14:15:00+00:00,2014-04-10 15:30:00+00:00,1,1.5,TP,False
S2R2-04,post_overlap_drift,AUDUSD,2014-04-14 14:00:00+00:00,2014-04-14 14:15:00+00:00,2014-04-14 15:45:00+00:00,1,-1.0,SL,False
S2R2-04,post_overlap_drift,AUDUSD,2014-04-15 15:00:00+00:00,2014-04-15 15:15:00+00:00,2014-04-15 16:30:00+00:00,-1,-0.9999999999999751,SL,False
S2R2-04,post_overlap_drift,AUDUSD,2014-04-16 14:30:00+00:00,2014-04-16 14:45:00+00:00,2014-04-16 15:00:00+00:00,1,-0.9999999999999645,SL,False
S2R2-04,post_overlap_drift,AUDUSD,2014-04-16 15:15:00+00:00,2014-04-16 15:30:00+00:00,2014-04-16 19:30:00+00:00,1,-1.0,SL,False
S2R2-04,post_overlap_drift,AUDUSD,2014-04-17 14:00:00+00:00,2014-04-17 14:15:00+00:00,2014-04-17 16:15:00+00:00,-1,1.5,TP,False
S2R2-04,post_overlap_drift,AUDUSD,2014-04-22 14:00:00+00:00,2014-04-22 14:15:00+00:00,2014-04-22 14:30:00+00:00,1,-1.0000000000000264,SL,False
S2R2-04,post_overlap_drift,AUDUSD,2014-04-25 14:15:00+00:00,2014-04-25 14:30:00+00:00,2014-04-25 14:30:00+00:00,1,-1.0000000000000435,SL,False
S2R2-04,post_overlap_drift,AUDUSD,2014-05-01 15:15:00+00:00,2014-05-01 15:30:00+00:00,2014-05-01 15:45:00+00:00,-1,-1.0,SL,False
S2R2-04,post_overlap_drift,AUDUSD,2014-05-06 14:00:00+00:00,2014-05-06 14:15:00+00:00,2014-05-06 15:00:00+00:00,1,-0.9999999999999752,SL,False
S2R2-04,post_overlap_drift,AUDUSD,2014-05-15 14:00:00+00:00,2014-05-15 14:15:00+00:00,2014-05-15 14:45:00+00:00,-1,-1.00000000000003,SL,False
S2R2-04,post_overlap_drift,AUDUSD,2014-05-26 14:00:00+00:00,2014-05-26 14:15:00+00:00,2014-05-26 14:45:00+00:00,1,1.5,TP,False
S2R2-04,post_overlap_drift,AUDUSD,2014-05-26 14:45:00+00:00,2014-05-26 15:00:00+00:00,2014-05-26 15:00:00+00:00,1,-1.000000000000049,SL,False
S2R2-04,post_overlap_drift,AUDUSD,2014-05-28 14:00:00+00:00,2014-05-28 14:15:00+00:00,2014-05-28 15:30:00+00:00,-1,-1.0000000000000353,SL,False
S2R2-04,post_overlap_drift,AUDUSD,2014-05-29 15:00:00+00:00,2014-05-29 15:15:00+00:00,2014-05-29 16:00:00+00:00,1,-0.9999999999999494,SL,False
S2R2-04,post_overlap_drift,AUDUSD,2014-06-03 15:15:00+00:00,2014-06-03 15:30:00+00:00,2014-06-03 20:15:00+00:00,1,1.500000000000083,TP,False
S2R2-04,post_overlap_drift,AUDUSD,2014-06-09 15:15:00+00:00,2014-06-09 15:30:00+00:00,2014-06-09 21:15:00+00:00,1,0.6474581738735171,TIME,False
S2R2-04,post_overlap_drift,AUDUSD,2014-06-10 15:15:00+00:00,2014-06-10 15:30:00+00:00,2014-06-10 21:15:00+00:00,1,0.29509015302452857,TIME,False
S2R2-04,post_overlap_drift,AUDUSD,2014-06-12 15:15:00+00:00,2014-06-12 15:30:00+00:00,2014-06-12 17:30:00+00:00,1,-1.0000000000000167,SL,False
S2R2-04,post_overlap_drift,AUDUSD,2014-06-13 14:15:00+00:00,2014-06-13 14:30:00+00:00,2014-06-13 14:45:00+00:00,-1,-1.0,SL,False
S2R2-04,post_overlap_drift,AUDUSD,2014-06-17 14:30:00+00:00,2014-06-17 14:45:00+00:00,2014-06-17 14:45:00+00:00,-1,-0.9999999999999332,SL,False
S2R2-04,post_overlap_drift,AUDUSD,2014-06-20 15:00:00+00:00,2014-06-20 15:15:00+00:00,2014-06-20 15:45:00+00:00,-1,-0.9999999999999313,SL,False
S2R2-04,post_overlap_drift,AUDUSD,2014-06-24 14:00:00+00:00,2014-06-24 14:15:00+00:00,2014-06-24 17:45:00+00:00,-1,-1.0,SL,False
S2R2-04,post_overlap_drift,AUDUSD,2014-06-25 14:15:00+00:00,2014-06-25 14:30:00+00:00,2014-06-25 18:30:00+00:00,1,1.4999999999999405,TP,False
S2R2-04,post_overlap_drift,AUDUSD,2014-06-27 14:45:00+00:00,2014-06-27 15:00:00+00:00,2014-06-27 15:45:00+00:00,1,-1.000000000000058,SL,False
S2R2-04,post_overlap_drift,AUDUSD,2014-07-04 14:30:00+00:00,2014-07-04 14:45:00+00:00,2014-07-04 14:45:00+00:00,1,-1.0000000000001537,SL,True
S2R2-04,post_overlap_drift,AUDUSD,2014-07-04 14:45:00+00:00,2014-07-04 15:00:00+00:00,2014-07-04 15:00:00+00:00,1,-1.0000000000001883,SL,False
S2R2-04,post_overlap_drift,AUDUSD,2014-07-15 14:15:00+00:00,2014-07-15 14:30:00+00:00,2014-07-15 14:30:00+00:00,-1,1.4999999999999478,TP,False
S2R2-04,post_overlap_drift,AUDUSD,2014-07-15 14:30:00+00:00,2014-07-15 14:45:00+00:00,2014-07-15 14:45:00+00:00,-1,-0.9999999999999852,SL,False
S2R2-04,post_overlap_drift,AUDUSD,2014-07-18 14:15:00+00:00,2014-07-18 14:30:00+00:00,2014-07-18 16:00:00+00:00,1,0.3649218218898708,FRIDAY,False
S2R2-04,post_overlap_drift,AUDUSD,2014-07-21 14:30:00+00:00,2014-07-21 14:45:00+00:00,2014-07-21 18:00:00+00:00,-1,-0.9999999999999638,SL,False
S2R2-04,post_overlap_drift,AUDUSD,2014-07-29 15:30:00+00:00,2014-07-29 15:45:00+00:00,2014-07-29 16:45:00+00:00,-1,-0.9999999999999579,SL,False
S2R2-04,post_overlap_drift,AUDUSD,2014-07-30 14:15:00+00:00,2014-07-30 14:30:00+00:00,2014-07-30 18:00:00+00:00,-1,-0.9999999999999702,SL,True
S2R2-04,post_overlap_drift,AUDUSD,2014-08-05 14:00:00+00:00,2014-08-05 14:15:00+00:00,2014-08-05 14:15:00+00:00,-1,-0.9999999999999526,SL,False
S2R2-04,post_overlap_drift,AUDUSD,2014-08-08 14:00:00+00:00,2014-08-08 14:15:00+00:00,2014-08-08 14:45:00+00:00,1,-1.0000000000000426,SL,False
S2R2-04,post_overlap_drift,AUDUSD,2014-08-11 15:15:00+00:00,2014-08-11 15:30:00+00:00,2014-08-11 16:30:00+00:00,-1,-1.0000000000000975,SL,False
S2R2-04,post_overlap_drift,AUDUSD,2014-08-12 14:45:00+00:00,2014-08-12 15:00:00+00:00,2014-08-12 20:45:00+00:00,1,-0.679256801805782,TIME,False
S2R2-04,post_overlap_drift,AUDUSD,2014-08-20 15:00:00+00:00,2014-08-20 15:15:00+00:00,2014-08-20 15:30:00+00:00,1,-1.0,SL,False
S2R2-04,post_overlap_drift,AUDUSD,2014-09-02 14:00:00+00:00,2014-09-02 14:15:00+00:00,2014-09-02 14:30:00+00:00,-1,-1.0000000000000808,SL,False
S2R2-04,post_overlap_drift,AUDUSD,2014-09-03 14:15:00+00:00,2014-09-03 14:30:00+00:00,2014-09-03 16:00:00+00:00,1,-1.0000000000000628,SL,False
S2R2-04,post_overlap_drift,AUDUSD,2014-09-08 15:00:00+00:00,2014-09-08 15:15:00+00:00,2014-09-08 17:00:00+00:00,-1,1.499999999999951,TP,False
S2R2-04,post_overlap_drift,AUDUSD,2014-09-12 15:00:00+00:00,2014-09-12 15:15:00+00:00,2014-09-12 15:30:00+00:00,-1,-1.0,SL,False
S2R2-04,post_overlap_drift,AUDUSD,2014-09-15 14:45:00+00:00,2014-09-15 15:00:00+00:00,2014-09-15 17:15:00+00:00,-1,-1.0000000000000357,SL,False
S2R2-04,post_overlap_drift,AUDUSD,2014-09-17 14:30:00+00:00,2014-09-17 14:45:00+00:00,2014-09-17 15:15:00+00:00,-1,1.5,TP,False
S2R2-04,post_overlap_drift,AUDUSD,2014-09-17 15:15:00+00:00,2014-09-17 15:30:00+00:00,2014-09-17 18:00:00+00:00,-1,-1.0000000000000124,SL,True
S2R2-04,post_overlap_drift,AUDUSD,2014-09-22 14:15:00+00:00,2014-09-22 14:30:00+00:00,2014-09-22 14:30:00+00:00,-1,-0.9999999999999671,SL,False
S2R2-04,post_overlap_drift,AUDUSD,2014-09-24 14:30:00+00:00,2014-09-24 14:45:00+00:00,2014-09-24 15:15:00+00:00,1,-1.0000000000000218,SL,False
S2R2-04,post_overlap_drift,AUDUSD,2014-09-25 15:00:00+00:00,2014-09-25 15:15:00+00:00,2014-09-25 21:00:00+00:00,-1,0.32179774181315524,TIME,False
S2R2-04,post_overlap_drift,AUDUSD,2014-09-29 14:00:00+00:00,2014-09-29 14:15:00+00:00,2014-09-29 15:00:00+00:00,-1,-0.9999999999999835,SL,False
S2R2-04,post_overlap_drift,AUDUSD,2014-09-30 14:15:00+00:00,2014-09-30 14:30:00+00:00,2014-09-30 14:45:00+00:00,1,-0.9999999999999872,SL,False
S2R2-04,post_overlap_drift,AUDUSD,2014-10-01 14:45:00+00:00,2014-10-01 15:00:00+00:00,2014-10-01 15:45:00+00:00,-1,-0.9999999999999818,SL,False
S2R2-04,post_overlap_drift,AUDUSD,2014-10-03 14:15:00+00:00,2014-10-03 14:30:00+00:00,2014-10-03 15:15:00+00:00,-1,-0.9999999999999769,SL,False
S2R2-04,post_overlap_drift,AUDUSD,2014-10-08 14:00:00+00:00,2014-10-08 14:15:00+00:00,2014-10-08 14:45:00+00:00,-1,1.5,TP,False
S2R2-04,post_overlap_drift,AUDUSD,2014-10-08 14:45:00+00:00,2014-10-08 15:00:00+00:00,2014-10-08 18:00:00+00:00,-1,-1.0000000000000373,SL,False
S2R2-04,post_overlap_drift,AUDUSD,2014-10-20 14:00:00+00:00,2014-10-20 14:15:00+00:00,2014-10-20 15:00:00+00:00,1,-0.9999999999999547,SL,False
S2R2-04,post_overlap_drift,AUDUSD,2014-10-22 14:00:00+00:00,2014-10-22 14:15:00+00:00,2014-10-22 15:00:00+00:00,1,1.4999999999999634,TP,False
S2R2-04,post_overlap_drift,AUDUSD,2014-10-22 15:00:00+00:00,2014-10-22 15:15:00+00:00,2014-10-22 15:30:00+00:00,1,-0.9999999999999669,SL,False
S2R2-04,post_overlap_drift,AUDUSD,2014-10-27 14:30:00+00:00,2014-10-27 14:45:00+00:00,2014-10-27 16:00:00+00:00,1,-0.9999999999999809,SL,False
S2R2-04,post_overlap_drift,AUDUSD,2014-10-29 14:15:00+00:00,2014-10-29 14:30:00+00:00,2014-10-29 15:15:00+00:00,1,-0.9999999999999815,SL,False
S2R2-04,post_overlap_drift,AUDUSD,2014-10-30 14:15:00+00:00,2014-10-30 14:30:00+00:00,2014-10-30 20:15:00+00:00,1,0.7365848591962206,TIME,False
S2R2-04,post_overlap_drift,AUDUSD,2014-10-31 14:30:00+00:00,2014-10-31 14:45:00+00:00,2014-10-31 15:15:00+00:00,-1,-1.000000000000009,SL,False
S2R2-04,post_overlap_drift,AUDUSD,2014-11-03 14:45:00+00:00,2014-11-03 15:00:00+00:00,2014-11-03 15:15:00+00:00,-1,-1.0000000000000486,SL,False
S2R2-04,post_overlap_drift,AUDUSD,2014-11-05 14:15:00+00:00,2014-11-05 14:30:00+00:00,2014-11-05 15:15:00+00:00,-1,1.5000000000000302,TP,False
S2R2-04,post_overlap_drift,AUDUSD,2014-11-06 14:45:00+00:00,2014-11-06 15:00:00+00:00,2014-11-06 15:00:00+00:00,1,-0.9999999999999671,SL,False
S2R2-04,post_overlap_drift,AUDUSD,2014-11-11 15:30:00+00:00,2014-11-11 15:45:00+00:00,2014-11-11 16:00:00+00:00,1,1.5,TP,False
S2R2-04,post_overlap_drift,AUDUSD,2014-11-12 14:45:00+00:00,2014-11-12 15:00:00+00:00,2014-11-12 15:15:00+00:00,1,1.5,TP,False
S2R2-04,post_overlap_drift,AUDUSD,2014-11-12 15:15:00+00:00,2014-11-12 15:30:00+00:00,2014-11-12 17:00:00+00:00,1,-0.9999999999999551,SL,False
S2R2-04,post_overlap_drift,AUDUSD,2014-11-19 15:00:00+00:00,2014-11-19 15:15:00+00:00,2014-11-19 15:45:00+00:00,-1,-1.0000000000000295,SL,False
S2R2-04,post_overlap_drift,AUDUSD,2014-11-28 14:30:00+00:00,2014-11-28 14:45:00+00:00,2014-11-28 15:45:00+00:00,-1,-1.0000000000000164,SL,False
S2R2-04,post_overlap_drift,AUDUSD,2014-12-01 15:00:00+00:00,2014-12-01 15:15:00+00:00,2014-12-01 16:30:00+00:00,-1,-0.9999999999999889,SL,False
S2R2-04,post_overlap_drift,AUDUSD,2014-12-03 14:30:00+00:00,2014-12-03 14:45:00+00:00,2014-12-03 20:00:00+00:00,-1,1.5000000000000124,TP,False
S2R2-04,post_overlap_drift,AUDUSD,2014-12-04 14:00:00+00:00,2014-12-04 14:15:00+00:00,2014-12-04 14:30:00+00:00,-1,-0.9999999999999666,SL,False
S2R2-04,post_overlap_drift,AUDUSD,2014-12-05 14:45:00+00:00,2014-12-05 15:00:00+00:00,2014-12-05 15:00:00+00:00,-1,-1.00000000000001,SL,False
S2R2-04,post_overlap_drift,AUDUSD,2014-12-08 14:45:00+00:00,2014-12-08 15:00:00+00:00,2014-12-08 15:15:00+00:00,-1,-1.0,SL,False
S2R2-04,post_overlap_drift,AUDUSD,2014-12-15 14:15:00+00:00,2014-12-15 14:30:00+00:00,2014-12-15 15:15:00+00:00,-1,-0.9999999999999857,SL,False
S2R2-04,post_overlap_drift,AUDUSD,2014-12-17 14:30:00+00:00,2014-12-17 14:45:00+00:00,2014-12-17 15:00:00+00:00,-1,-1.0,SL,False
S2R2-04,post_overlap_drift,AUDUSD,2014-12-17 15:15:00+00:00,2014-12-17 15:30:00+00:00,2014-12-17 18:45:00+00:00,-1,-1.0000000000000429,SL,False
S2R2-04,post_overlap_drift,AUDUSD,2014-12-30 14:00:00+00:00,2014-12-30 14:15:00+00:00,2014-12-30 16:15:00+00:00,1,1.499999999999962,TP,False
S2R2-04,post_overlap_drift,AUDUSD,2015-01-02 14:15:00+00:00,2015-01-02 14:30:00+00:00,2015-01-02 15:00:00+00:00,-1,-0.9999999999999816,SL,False
S2R2-04,post_overlap_drift,AUDUSD,2015-01-07 15:30:00+00:00,2015-01-07 15:45:00+00:00,2015-01-07 16:45:00+00:00,-1,-1.000000000000013,SL,False
S2R2-04,post_overlap_drift,AUDUSD,2015-01-08 14:45:00+00:00,2015-01-08 15:00:00+00:00,2015-01-08 19:15:00+00:00,1,-0.9999999999999831,SL,False
S2R2-04,post_overlap_drift,AUDUSD,2015-01-09 14:30:00+00:00,2015-01-09 14:45:00+00:00,2015-01-09 16:00:00+00:00,1,1.2554965682626311,FRIDAY,False
S2R2-04,post_overlap_drift,AUDUSD,2015-01-12 14:45:00+00:00,2015-01-12 15:00:00+00:00,2015-01-12 20:45:00+00:00,1,0.23951296393584476,TIME,False
S2R2-04,post_overlap_drift,AUDUSD,2015-01-14 14:45:00+00:00,2015-01-14 15:00:00+00:00,2015-01-14 16:15:00+00:00,-1,-1.0000000000000278,SL,False
S2R2-04,post_overlap_drift,AUDUSD,2015-01-16 14:15:00+00:00,2015-01-16 14:30:00+00:00,2015-01-16 15:30:00+00:00,-1,-1.0000000000000433,SL,False
S2R2-04,post_overlap_drift,AUDUSD,2015-02-02 14:00:00+00:00,2015-02-02 14:15:00+00:00,2015-02-02 15:00:00+00:00,1,1.500000000000023,TP,False
S2R2-04,post_overlap_drift,AUDUSD,2015-02-02 15:00:00+00:00,2015-02-02 15:15:00+00:00,2015-02-02 15:15:00+00:00,1,-1.0000000000000333,SL,False
S2R2-04,post_overlap_drift,AUDUSD,2015-02-09 14:45:00+00:00,2015-02-09 15:00:00+00:00,2015-02-09 15:00:00+00:00,1,1.5,TP,False
S2R2-04,post_overlap_drift,AUDUSD,2015-02-09 15:00:00+00:00,2015-02-09 15:15:00+00:00,2015-02-09 16:30:00+00:00,1,-0.9999999999999848,SL,False
S2R2-04,post_overlap_drift,AUDUSD,2015-02-10 14:15:00+00:00,2015-02-10 14:30:00+00:00,2015-02-10 15:45:00+00:00,-1,-1.000000000000011,SL,False
S2R2-04,post_overlap_drift,AUDUSD,2015-02-11 14:00:00+00:00,2015-02-11 14:15:00+00:00,2015-02-11 14:45:00+00:00,-1,1.4999999999999878,TP,False
S2R2-04,post_overlap_drift,AUDUSD,2015-02-11 14:45:00+00:00,2015-02-11 15:00:00+00:00,2015-02-11 20:45:00+00:00,-1,-0.020015104936761376,TIME,False
S2R2-04,post_overlap_drift,AUDUSD,2015-02-18 14:45:00+00:00,2015-02-18 15:00:00+00:00,2015-02-18 15:45:00+00:00,-1,-1.0,SL,False
S2R2-04,post_overlap_drift,AUDUSD,2015-02-25 15:30:00+00:00,2015-02-25 15:45:00+00:00,2015-02-25 16:00:00+00:00,1,-1.0,SL,False
S2R2-04,post_overlap_drift,AUDUSD,2015-03-02 15:15:00+00:00,2015-03-02 15:30:00+00:00,2015-03-02 15:45:00+00:00,-1,-0.9999999999999692,SL,False
S2R2-04,post_overlap_drift,AUDUSD,2015-03-03 14:30:00+00:00,2015-03-03 14:45:00+00:00,2015-03-03 14:45:00+00:00,1,1.5,TP,False
S2R2-04,post_overlap_drift,AUDUSD,2015-03-03 14:45:00+00:00,2015-03-03 15:00:00+00:00,2015-03-03 15:45:00+00:00,1,-1.0,SL,False
S2R2-04,post_overlap_drift,AUDUSD,2015-03-05 15:00:00+00:00,2015-03-05 15:15:00+00:00,2015-03-05 17:00:00+00:00,-1,1.5000000000000242,TP,False
S2R2-04,post_overlap_drift,AUDUSD,2015-03-09 14:45:00+00:00,2015-03-09 15:00:00+00:00,2015-03-09 15:45:00+00:00,-1,1.5000000000000357,TP,False
S2R2-04,post_overlap_drift,AUDUSD,2015-03-10 15:00:00+00:00,2015-03-10 15:15:00+00:00,2015-03-10 16:15:00+00:00,-1,1.4999999999999911,TP,False
S2R2-04,post_overlap_drift,AUDUSD,2015-03-11 14:30:00+00:00,2015-03-11 14:45:00+00:00,2015-03-11 15:00:00+00:00,-1,1.4999999999999891,TP,False
S2R2-04,post_overlap_drift,AUDUSD,2015-03-12 15:00:00+00:00,2015-03-12 15:15:00+00:00,2015-03-12 16:30:00+00:00,1,-1.000000000000016,SL,False
S2R2-04,post_overlap_drift,AUDUSD,2015-03-13 15:15:00+00:00,2015-03-13 15:30:00+00:00,2015-03-13 15:45:00+00:00,-1,-0.9999999999999911,SL,False
S2R2-04,post_overlap_drift,AUDUSD,2015-03-16 15:30:00+00:00,2015-03-16 15:45:00+00:00,2015-03-16 18:15:00+00:00,1,-0.9999999999999757,SL,False
S2R2-04,post_overlap_drift,AUDUSD,2015-03-19 15:30:00+00:00,2015-03-19 15:45:00+00:00,2015-03-19 20:30:00+00:00,-1,-1.0000000000000213,SL,False
S2R2-04,post_overlap_drift,AUDUSD,2015-03-20 14:00:00+00:00,2015-03-20 14:15:00+00:00,2015-03-20 16:00:00+00:00,1,1.2903014728772073,FRIDAY,False
S2R2-04,post_overlap_drift,AUDUSD,2015-03-27 14:00:00+00:00,2015-03-27 14:15:00+00:00,2015-03-27 15:15:00+00:00,-1,1.5000000000000342,TP,False
S2R2-04,post_overlap_drift,AUDUSD,2015-03-27 15:15:00+00:00,2015-03-27 15:30:00+00:00,2015-03-27 16:00:00+00:00,-1,-0.013652045521329507,FRIDAY,False
S2R2-04,post_overlap_drift,AUDUSD,2015-03-30 14:45:00+00:00,2015-03-30 15:00:00+00:00,2015-03-30 16:45:00+00:00,-1,-1.0000000000000122,SL,False
S2R2-04,post_overlap_drift,AUDUSD,2015-04-02 15:00:00+00:00,2015-04-02 15:15:00+00:00,2015-04-02 20:45:00+00:00,-1,-1.0000000000000275,SL,False
S2R2-04,post_overlap_drift,AUDUSD,2015-04-08 15:30:00+00:00,2015-04-08 15:45:00+00:00,2015-04-08 17:30:00+00:00,1,-0.9999999999999896,SL,False
S2R2-04,post_overlap_drift,AUDUSD,2015-04-13 14:00:00+00:00,2015-04-13 14:15:00+00:00,2015-04-13 19:30:00+00:00,-1,-0.9999999999999895,SL,False
S2R2-04,post_overlap_drift,AUDUSD,2015-04-14 14:30:00+00:00,2015-04-14 14:45:00+00:00,2015-04-14 20:30:00+00:00,1,-0.6936907567797814,TIME,False
S2R2-04,post_overlap_drift,AUDUSD,2015-04-16 15:00:00+00:00,2015-04-16 15:15:00+00:00,2015-04-16 17:45:00+00:00,1,1.500000000000027,TP,False
S2R2-04,post_overlap_drift,AUDUSD,2015-04-17 14:45:00+00:00,2015-04-17 15:00:00+00:00,2015-04-17 16:00:00+00:00,-1,-0.20366522262267656,FRIDAY,False
S2R2-04,post_overlap_drift,AUDUSD,2015-04-20 14:00:00+00:00,2015-04-20 14:15:00+00:00,2015-04-20 14:30:00+00:00,-1,-1.0000000000000182,SL,False
S2R2-04,post_overlap_drift,AUDUSD,2015-04-24 14:45:00+00:00,2015-04-24 15:00:00+00:00,2015-04-24 16:00:00+00:00,1,-0.07443617958148846,FRIDAY,False
S2R2-04,post_overlap_drift,AUDUSD,2015-04-28 14:00:00+00:00,2015-04-28 14:15:00+00:00,2015-04-28 15:00:00+00:00,1,1.50000000000001,TP,False
S2R2-04,post_overlap_drift,AUDUSD,2015-04-30 15:30:00+00:00,2015-04-30 15:45:00+00:00,2015-04-30 16:30:00+00:00,-1,-0.9999999999999831,SL,False
S2R2-04,post_overlap_drift,AUDUSD,2015-05-01 14:00:00+00:00,2015-05-01 14:15:00+00:00,2015-05-01 15:15:00+00:00,-1,1.50000000000002,TP,False
S2R2-04,post_overlap_drift,AUDUSD,2015-05-01 15:15:00+00:00,2015-05-01 15:30:00+00:00,2015-05-01 16:00:00+00:00,-1,0.24054395676241122,FRIDAY,False
S2R2-04,post_overlap_drift,AUDUSD,2015-05-05 14:15:00+00:00,2015-05-05 14:30:00+00:00,2015-05-05 17:00:00+00:00,1,1.5,TP,False
S2R2-04,post_overlap_drift,AUDUSD,2015-05-11 15:30:00+00:00,2015-05-11 15:45:00+00:00,2015-05-11 17:30:00+00:00,-1,-0.999999999999987,SL,False
S2R2-04,post_overlap_drift,AUDUSD,2015-05-12 14:15:00+00:00,2015-05-12 14:30:00+00:00,2015-05-12 14:30:00+00:00,1,-0.999999999999975,SL,False
S2R2-04,post_overlap_drift,AUDUSD,2015-05-12 14:45:00+00:00,2015-05-12 15:00:00+00:00,2015-05-12 18:30:00+00:00,1,1.5000000000000118,TP,False
S2R2-04,post_overlap_drift,AUDUSD,2015-05-13 14:00:00+00:00,2015-05-13 14:15:00+00:00,2015-05-13 14:30:00+00:00,1,-1.0000000000000098,SL,False
S2R2-04,post_overlap_drift,AUDUSD,2015-05-13 15:30:00+00:00,2015-05-13 15:45:00+00:00,2015-05-13 21:30:00+00:00,1,-0.7354878445390365,TIME,False
S2R2-04,post_overlap_drift,AUDUSD,2015-05-19 14:15:00+00:00,2015-05-19 14:30:00+00:00,2015-05-19 20:15:00+00:00,-1,0.12618837187926438,TIME,False
S2R2-04,post_overlap_drift,AUDUSD,2015-05-20 14:00:00+00:00,2015-05-20 14:15:00+00:00,2015-05-20 18:00:00+00:00,-1,-0.9999999999999735,SL,False
S2R2-04,post_overlap_drift,AUDUSD,2015-05-26 14:00:00+00:00,2015-05-26 14:15:00+00:00,2015-05-26 20:00:00+00:00,-1,0.8615486772884116,TIME,False
S2R2-04,post_overlap_drift,AUDUSD,2015-05-27 15:00:00+00:00,2015-05-27 15:15:00+00:00,2015-05-27 17:30:00+00:00,-1,-1.0000000000000326,SL,False
S2R2-04,post_overlap_drift,AUDUSD,2015-05-28 15:30:00+00:00,2015-05-28 15:45:00+00:00,2015-05-28 16:45:00+00:00,-1,-1.0000000000000098,SL,False
S2R2-04,post_overlap_drift,AUDUSD,2015-06-02 14:00:00+00:00,2015-06-02 14:15:00+00:00,2015-06-02 16:30:00+00:00,1,1.4999999999999754,TP,False
S2R2-04,post_overlap_drift,AUDUSD,2015-06-03 14:00:00+00:00,2015-06-03 14:15:00+00:00,2015-06-03 15:15:00+00:00,1,-1.000000000000021,SL,False
S2R2-04,post_overlap_drift,AUDUSD,2015-06-04 14:15:00+00:00,2015-06-04 14:30:00+00:00,2015-06-04 20:15:00+00:00,-1,-0.0915133464456308,TIME,False
S2R2-04,post_overlap_drift,AUDUSD,2015-06-08 15:30:00+00:00,2015-06-08 15:45:00+00:00,2015-06-08 16:15:00+00:00,1,-0.999999999999987,SL,False
S2R2-04,post_overlap_drift,AUDUSD,2015-06-17 14:30:00+00:00,2015-06-17 14:45:00+00:00,2015-06-17 17:45:00+00:00,-1,-0.9999999999999853,SL,False
S2R2-04,post_overlap_drift,AUDUSD,2015-06-18 15:15:00+00:00,2015-06-18 15:30:00+00:00,2015-06-18 16:15:00+00:00,1,-1.0,SL,False
S2R2-04,post_overlap_drift,AUDUSD,2015-06-19 15:00:00+00:00,2015-06-19 15:15:00+00:00,2015-06-19 15:45:00+00:00,-1,-0.9999999999999712,SL,False
S2R2-04,post_overlap_drift,AUDUSD,2015-06-24 14:15:00+00:00,2015-06-24 14:30:00+00:00,2015-06-24 16:30:00+00:00,-1,-0.9999999999999605,SL,False
S2R2-04,post_overlap_drift,AUDUSD,2015-06-25 14:15:00+00:00,2015-06-25 14:30:00+00:00,2015-06-25 20:15:00+00:00,1,-0.7596904239343883,TIME,False
S2R2-04,post_overlap_drift,AUDUSD,2015-06-26 14:45:00+00:00,2015-06-26 15:00:00+00:00,2015-06-26 16:00:00+00:00,-1,-0.6320464634217885,FRIDAY,False
S2R2-04,post_overlap_drift,AUDUSD,2015-07-07 14:15:00+00:00,2015-07-07 14:30:00+00:00,2015-07-07 14:30:00+00:00,-1,-1.0000000000000264,SL,False
S2R2-04,post_overlap_drift,AUDUSD,2015-07-09 15:30:00+00:00,2015-07-09 15:45:00+00:00,2015-07-09 17:30:00+00:00,1,-0.9999999999999635,SL,False
S2R2-04,post_overlap_drift,AUDUSD,2015-07-13 14:00:00+00:00,2015-07-13 14:15:00+00:00,2015-07-13 15:45:00+00:00,-1,-1.000000000000038,SL,False
S2R2-04,post_overlap_drift,AUDUSD,2015-07-15 15:15:00+00:00,2015-07-15 15:30:00+00:00,2015-07-15 21:15:00+00:00,-1,-0.2785909019775803,TIME,False
S2R2-04,post_overlap_drift,AUDUSD,2015-07-16 14:00:00+00:00,2015-07-16 14:15:00+00:00,2015-07-16 14:45:00+00:00,1,-0.9999999999999873,SL,False
S2R2-04,post_overlap_drift,AUDUSD,2015-07-16 15:30:00+00:00,2015-07-16 15:45:00+00:00,2015-07-16 16:30:00+00:00,1,-0.9999999999999656,SL,False
S2R2-04,post_overlap_drift,AUDUSD,2015-07-17 14:00:00+00:00,2015-07-17 14:15:00+00:00,2015-07-17 14:15:00+00:00,-1,-1.0000000000000495,SL,False
S2R2-04,post_overlap_drift,AUDUSD,2015-07-17 15:30:00+00:00,2015-07-17 15:45:00+00:00,2015-07-17 16:00:00+00:00,-1,-0.23854099545037394,FRIDAY,False
S2R2-04,post_overlap_drift,AUDUSD,2015-07-27 14:30:00+00:00,2015-07-27 14:45:00+00:00,2015-07-27 19:30:00+00:00,-1,1.5000000000000187,TP,False
S2R2-04,post_overlap_drift,AUDUSD,2015-07-28 15:15:00+00:00,2015-07-28 15:30:00+00:00,2015-07-28 16:15:00+00:00,1,1.499999999999988,TP,False
S2R2-04,post_overlap_drift,AUDUSD,2015-07-29 14:15:00+00:00,2015-07-29 14:30:00+00:00,2015-07-29 14:30:00+00:00,-1,-0.9999999999999605,SL,False
S2R2-04,post_overlap_drift,AUDUSD,2015-07-29 14:45:00+00:00,2015-07-29 15:00:00+00:00,2015-07-29 17:00:00+00:00,-1,-0.9999999999999697,SL,False
S2R2-04,post_overlap_drift,AUDUSD,2015-08-04 14:00:00+00:00,2015-08-04 14:15:00+00:00,2015-08-04 14:15:00+00:00,1,-0.9999999999999701,SL,False
S2R2-04,post_overlap_drift,AUDUSD,2015-08-04 14:45:00+00:00,2015-08-04 15:00:00+00:00,2015-08-04 17:30:00+00:00,1,-1.0000000000000282,SL,False
S2R2-04,post_overlap_drift,AUDUSD,2015-08-07 14:00:00+00:00,2015-08-07 14:15:00+00:00,2015-08-07 14:30:00+00:00,1,1.5000000000000102,TP,False
S2R2-04,post_overlap_drift,AUDUSD,2015-08-07 14:30:00+00:00,2015-08-07 14:45:00+00:00,2015-08-07 16:00:00+00:00,1,0.5948129431157705,FRIDAY,False
S2R2-04,post_overlap_drift,AUDUSD,2015-08-10 14:15:00+00:00,2015-08-10 14:30:00+00:00,2015-08-10 15:30:00+00:00,1,1.5000000000000424,TP,False
S2R2-04,post_overlap_drift,AUDUSD,2015-08-10 15:30:00+00:00,2015-08-10 15:45:00+00:00,2015-08-10 21:30:00+00:00,1,0.4975695874771965,TIME,False
S2R2-04,post_overlap_drift,AUDUSD,2015-08-11 14:15:00+00:00,2015-08-11 14:30:00+00:00,2015-08-11 20:00:00+00:00,-1,-1.0,SL,False
S2R2-04,post_overlap_drift,AUDUSD,2015-08-12 14:45:00+00:00,2015-08-12 15:00:00+00:00,2015-08-12 20:45:00+00:00,1,0.27816890800388533,TIME,False
S2R2-04,post_overlap_drift,AUDUSD,2015-08-19 14:30:00+00:00,2015-08-19 14:45:00+00:00,2015-08-19 17:30:00+00:00,-1,-0.9999999999999858,SL,False
S2R2-04,post_overlap_drift,AUDUSD,2015-08-24 15:15:00+00:00,2015-08-24 15:30:00+00:00,2015-08-24 21:15:00+00:00,-1,0.6961398490266191,TIME,False
S2R2-04,post_overlap_drift,AUDUSD,2015-08-27 14:00:00+00:00,2015-08-27 14:15:00+00:00,2015-08-27 15:45:00+00:00,1,1.5000000000000346,TP,False
S2R2-04,post_overlap_drift,AUDUSD,2015-08-31 14:45:00+00:00,2015-08-31 15:00:00+00:00,2015-08-31 15:15:00+00:00,-1,-1.0,SL,False
S2R2-04,post_overlap_drift,AUDUSD,2015-09-01 14:00:00+00:00,2015-09-01 14:15:00+00:00,2015-09-01 15:00:00+00:00,-1,-1.0000000000000244,SL,False
S2R2-04,post_overlap_drift,AUDUSD,2015-09-04 14:45:00+00:00,2015-09-04 15:00:00+00:00,2015-09-04 16:00:00+00:00,-1,0.6178251370992911,FRIDAY,False
S2R2-04,post_overlap_drift,AUDUSD,2015-09-08 15:00:00+00:00,2015-09-08 15:15:00+00:00,2015-09-08 16:15:00+00:00,1,1.499999999999987,TP,False
S2R2-04,post_overlap_drift,AUDUSD,2015-09-10 15:15:00+00:00,2015-09-10 15:30:00+00:00,2015-09-10 21:00:00+00:00,1,-1.0000000000000264,SL,False
S2R2-04,post_overlap_drift,AUDUSD,2015-09-14 14:00:00+00:00,2015-09-14 14:15:00+00:00,2015-09-14 14:30:00+00:00,1,1.5000000000000548,TP,False
S2R2-04,post_overlap_drift,AUDUSD,2015-09-14 14:30:00+00:00,2015-09-14 14:45:00+00:00,2015-09-14 17:00:00+00:00,1,-0.9999999999999496,SL,False
S2R2-04,post_overlap_drift,AUDUSD,2015-09-15 14:30:00+00:00,2015-09-15 14:45:00+00:00,2015-09-15 14:45:00+00:00,-1,1.500000000000037,TP,False
S2R2-04,post_overlap_drift,AUDUSD,2015-09-15 14:45:00+00:00,2015-09-15 15:00:00+00:00,2015-09-15 15:15:00+00:00,-1,-1.0,SL,False
S2R2-04,post_overlap_drift,AUDUSD,2015-09-16 14:00:00+00:00,2015-09-16 14:15:00+00:00,2015-09-16 19:45:00+00:00,1,1.50000000000005,TP,False
S2R2-04,post_overlap_drift,AUDUSD,2015-09-17 14:30:00+00:00,2015-09-17 14:45:00+00:00,2015-09-17 17:15:00+00:00,-1,-0.9999999999999821,SL,False
S2R2-04,post_overlap_drift,AUDUSD,2015-09-21 14:45:00+00:00,2015-09-21 15:00:00+00:00,2015-09-21 20:45:00+00:00,-1,0.272185601788135,TIME,False
S2R2-04,post_overlap_drift,AUDUSD,2015-09-22 14:00:00+00:00,2015-09-22 14:15:00+00:00,2015-09-22 15:30:00+00:00,-1,-0.9999999999999605,SL,False
S2R2-04,post_overlap_drift,AUDUSD,2015-09-23 14:00:00+00:00,2015-09-23 14:15:00+00:00,2015-09-23 14:30:00+00:00,-1,-1.0000000000000142,SL,False
S2R2-04,post_overlap_drift,AUDUSD,2015-09-23 14:45:00+00:00,2015-09-23 15:00:00+00:00,2015-09-23 19:00:00+00:00,-1,1.5,TP,False
S2R2-04,post_overlap_drift,AUDUSD,2015-09-29 14:15:00+00:00,2015-09-29 14:30:00+00:00,2015-09-29 16:00:00+00:00,1,-1.0000000000000118,SL,False
S2R2-04,post_overlap_drift,AUDUSD,2015-10-05 14:15:00+00:00,2015-10-05 14:30:00+00:00,2015-10-05 18:30:00+00:00,1,1.5,TP,False
S2R2-04,post_overlap_drift,AUDUSD,2015-10-06 15:00:00+00:00,2015-10-06 15:15:00+00:00,2015-10-06 19:15:00+00:00,1,1.4999999999999578,TP,False
S2R2-04,post_overlap_drift,AUDUSD,2015-10-09 14:30:00+00:00,2015-10-09 14:45:00+00:00,2015-10-09 16:00:00+00:00,1,0.07020992348583227,FRIDAY,False
S2R2-04,post_overlap_drift,AUDUSD,2015-10-12 14:45:00+00:00,2015-10-12 15:00:00+00:00,2015-10-12 18:00:00+00:00,1,-1.000000000000045,SL,False
S2R2-04,post_overlap_drift,AUDUSD,2015-10-16 14:00:00+00:00,2015-10-16 14:15:00+00:00,2015-10-16 16:00:00+00:00,-1,-0.10055993437711759,FRIDAY,False
S2R2-04,post_overlap_drift,AUDUSD,2015-10-27 14:15:00+00:00,2015-10-27 14:30:00+00:00,2015-10-27 15:45:00+00:00,-1,-1.0000000000000282,SL,False
S2R2-04,post_overlap_drift,AUDUSD,2015-10-28 14:00:00+00:00,2015-10-28 14:15:00+00:00,2015-10-28 14:30:00+00:00,-1,-0.999999999999982,SL,False
S2R2-04,post_overlap_drift,AUDUSD,2015-11-04 15:30:00+00:00,2015-11-04 15:45:00+00:00,2015-11-04 21:30:00+00:00,-1,-0.2522306672706834,TIME,False
S2R2-04,post_overlap_drift,AUDUSD,2015-11-05 14:45:00+00:00,2015-11-05 15:00:00+00:00,2015-11-05 15:15:00+00:00,1,-0.9999999999999853,SL,False
S2R2-04,post_overlap_drift,AUDUSD,2015-11-06 15:15:00+00:00,2015-11-06 15:30:00+00:00,2015-11-06 16:00:00+00:00,-1,0.8166792630427863,FRIDAY,False
S2R2-04,post_overlap_drift,AUDUSD,2015-11-09 14:15:00+00:00,2015-11-09 14:30:00+00:00,2015-11-09 14:30:00+00:00,-1,-0.9999999999999386,SL,False
S2R2-04,post_overlap_drift,AUDUSD,2015-11-12 14:30:00+00:00,2015-11-12 14:45:00+00:00,2015-11-12 15:30:00+00:00,1,-1.000000000000012,SL,False
S2R2-04,post_overlap_drift,AUDUSD,2015-11-18 15:30:00+00:00,2015-11-18 15:45:00+00:00,2015-11-18 15:45:00+00:00,-1,1.5000000000000209,TP,False
S2R2-04,post_overlap_drift,AUDUSD,2015-11-19 14:15:00+00:00,2015-11-19 14:30:00+00:00,2015-11-19 15:15:00+00:00,1,1.5000000000000497,TP,False
S2R2-04,post_overlap_drift,AUDUSD,2015-11-19 15:30:00+00:00,2015-11-19 15:45:00+00:00,2015-11-19 16:30:00+00:00,1,1.5,TP,False
S2R2-04,post_overlap_drift,AUDUSD,2015-11-20 14:00:00+00:00,2015-11-20 14:15:00+00:00,2015-11-20 15:30:00+00:00,1,-1.0,SL,False
S2R2-04,post_overlap_drift,AUDUSD,2015-11-24 14:00:00+00:00,2015-11-24 14:15:00+00:00,2015-11-24 16:30:00+00:00,1,1.5000000000000338,TP,False
S2R2-04,post_overlap_drift,AUDUSD,2015-11-25 14:30:00+00:00,2015-11-25 14:45:00+00:00,2015-11-25 16:30:00+00:00,-1,-0.9999999999999488,SL,False
S2R2-04,post_overlap_drift,AUDUSD,2015-11-26 15:15:00+00:00,2015-11-26 15:30:00+00:00,2015-11-26 15:45:00+00:00,-1,-0.9999999999999153,SL,False
S2R2-04,post_overlap_drift,AUDUSD,2015-11-27 14:00:00+00:00,2015-11-27 14:15:00+00:00,2015-11-27 16:00:00+00:00,-1,0.08531122591771745,FRIDAY,False
S2R2-04,post_overlap_drift,AUDUSD,2015-12-01 14:00:00+00:00,2015-12-01 14:15:00+00:00,2015-12-01 15:00:00+00:00,1,1.499999999999961,TP,False
S2R2-04,post_overlap_drift,AUDUSD,2015-12-01 15:00:00+00:00,2015-12-01 15:15:00+00:00,2015-12-01 15:45:00+00:00,1,-1.0000000000000144,SL,False
S2R2-04,post_overlap_drift,AUDUSD,2015-12-07 15:00:00+00:00,2015-12-07 15:15:00+00:00,2015-12-07 15:30:00+00:00,-1,-0.9999999999999564,SL,False
S2R2-04,post_overlap_drift,AUDUSD,2015-12-10 14:45:00+00:00,2015-12-10 15:00:00+00:00,2015-12-10 15:45:00+00:00,1,-1.0000000000000135,SL,False
S2R2-04,post_overlap_drift,AUDUSD,2015-12-11 14:15:00+00:00,2015-12-11 14:30:00+00:00,2015-12-11 15:00:00+00:00,-1,-1.0000000000000249,SL,False
S2R2-04,post_overlap_drift,AUDUSD,2015-12-15 14:45:00+00:00,2015-12-15 15:00:00+00:00,2015-12-15 15:15:00+00:00,-1,1.5,TP,False
S2R2-04,post_overlap_drift,AUDUSD,2015-12-15 15:15:00+00:00,2015-12-15 15:30:00+00:00,2015-12-15 15:45:00+00:00,-1,1.5000000000000397,TP,False
S2R2-04,post_overlap_drift,AUDUSD,2015-12-17 14:15:00+00:00,2015-12-17 14:30:00+00:00,2015-12-17 14:45:00+00:00,-1,1.4999999999999634,TP,False
S2R2-04,post_overlap_drift,AUDUSD,2015-12-17 15:00:00+00:00,2015-12-17 15:15:00+00:00,2015-12-17 20:45:00+00:00,-1,-1.0000000000000306,SL,False
S2R2-04,post_overlap_drift,AUDUSD,2015-12-21 15:00:00+00:00,2015-12-21 15:15:00+00:00,2015-12-21 16:15:00+00:00,1,-0.9999999999999374,SL,False
S2R2-04,post_overlap_drift,AUDUSD,2015-12-29 14:45:00+00:00,2015-12-29 15:00:00+00:00,2015-12-29 20:45:00+00:00,1,0.5249887167143072,TIME,False
S2R2-04,post_overlap_drift,AUDUSD,2016-01-04 14:30:00+00:00,2016-01-04 14:45:00+00:00,2016-01-04 15:45:00+00:00,-1,1.5,TP,False
S2R2-04,post_overlap_drift,AUDUSD,2016-01-05 14:15:00+00:00,2016-01-05 14:30:00+00:00,2016-01-05 15:00:00+00:00,-1,1.4999999999999798,TP,False
S2R2-04,post_overlap_drift,AUDUSD,2016-01-05 15:00:00+00:00,2016-01-05 15:15:00+00:00,2016-01-05 15:30:00+00:00,-1,1.4999999999999813,TP,False
S2R2-04,post_overlap_drift,AUDUSD,2016-01-06 15:30:00+00:00,2016-01-06 15:45:00+00:00,2016-01-06 18:45:00+00:00,-1,1.5000000000000109,TP,False
S2R2-04,post_overlap_drift,AUDUSD,2016-01-14 15:30:00+00:00,2016-01-14 15:45:00+00:00,2016-01-14 19:45:00+00:00,1,1.4999999999999707,TP,False
S2R2-04,post_overlap_drift,AUDUSD,2016-01-19 15:15:00+00:00,2016-01-19 15:30:00+00:00,2016-01-19 15:45:00+00:00,1,-1.0000000000000124,SL,False
S2R2-04,post_overlap_drift,AUDUSD,2016-01-20 14:45:00+00:00,2016-01-20 15:00:00+00:00,2016-01-20 15:00:00+00:00,-1,-0.9999999999999611,SL,False
S2R2-04,post_overlap_drift,AUDUSD,2016-01-20 15:30:00+00:00,2016-01-20 15:45:00+00:00,2016-01-20 16:30:00+00:00,-1,-0.9999999999999694,SL,False
S2R2-04,post_overlap_drift,AUDUSD,2016-01-25 15:30:00+00:00,2016-01-25 15:45:00+00:00,2016-01-25 20:30:00+00:00,-1,1.5000000000000155,TP,False
S2R2-04,post_overlap_drift,AUDUSD,2016-01-28 14:00:00+00:00,2016-01-28 14:15:00+00:00,2016-01-28 15:15:00+00:00,1,-0.9999999999999643,SL,False
S2R2-04,post_overlap_drift,AUDUSD,2016-01-29 14:15:00+00:00,2016-01-29 14:30:00+00:00,2016-01-29 15:00:00+00:00,1,-0.999999999999974,SL,False
S2R2-04,post_overlap_drift,AUDUSD,2016-02-03 14:00:00+00:00,2016-02-03 14:15:00+00:00,2016-02-03 15:00:00+00:00,1,-1.0000000000000342,SL,False
S2R2-04,post_overlap_drift,AUDUSD,2016-02-05 14:00:00+00:00,2016-02-05 14:15:00+00:00,2016-02-05 15:30:00+00:00,-1,1.4999999999999911,TP,False
S2R2-04,post_overlap_drift,AUDUSD,2016-02-05 15:30:00+00:00,2016-02-05 15:45:00+00:00,2016-02-05 16:00:00+00:00,-1,0.24602433754548092,FRIDAY,False
S2R2-04,post_overlap_drift,AUDUSD,2016-02-10 14:45:00+00:00,2016-02-10 15:00:00+00:00,2016-02-10 16:00:00+00:00,1,-1.0000000000000102,SL,False
S2R2-04,post_overlap_drift,AUDUSD,2016-02-12 14:00:00+00:00,2016-02-12 14:15:00+00:00,2016-02-12 14:30:00+00:00,-1,-1.0000000000000133,SL,False
S2R2-04,post_overlap_drift,AUDUSD,2016-02-15 14:00:00+00:00,2016-02-15 14:15:00+00:00,2016-02-15 14:45:00+00:00,1,-0.9999999999999591,SL,False
S2R2-04,post_overlap_drift,AUDUSD,2016-02-19 14:15:00+00:00,2016-02-19 14:30:00+00:00,2016-02-19 14:45:00+00:00,-1,-0.9999999999999548,SL,False
S2R2-04,post_overlap_drift,AUDUSD,2016-02-22 14:15:00+00:00,2016-02-22 14:30:00+00:00,2016-02-22 15:45:00+00:00,1,1.4999999999999494,TP,False
S2R2-04,post_overlap_drift,AUDUSD,2016-02-24 14:00:00+00:00,2016-02-24 14:15:00+00:00,2016-02-24 15:00:00+00:00,-1,-0.9999999999999856,SL,False
S2R2-04,post_overlap_drift,AUDUSD,2016-02-25 15:30:00+00:00,2016-02-25 15:45:00+00:00,2016-02-25 16:00:00+00:00,1,-1.0,SL,False
S2R2-04,post_overlap_drift,AUDUSD,2016-02-26 14:45:00+00:00,2016-02-26 15:00:00+00:00,2016-02-26 15:15:00+00:00,-1,1.5000000000000244,TP,False
S2R2-04,post_overlap_drift,AUDUSD,2016-02-29 14:30:00+00:00,2016-02-29 14:45:00+00:00,2016-02-29 14:45:00+00:00,-1,-0.9999999999999836,SL,False
S2R2-04,post_overlap_drift,AUDUSD,2016-03-01 14:00:00+00:00,2016-03-01 14:15:00+00:00,2016-03-01 14:15:00+00:00,1,-0.9999999999999698,SL,False
S2R2-04,post_overlap_drift,AUDUSD,2016-03-02 14:30:00+00:00,2016-03-02 14:45:00+00:00,2016-03-02 15:15:00+00:00,1,1.5000000000000346,TP,False
S2R2-04,post_overlap_drift,AUDUSD,2016-03-02 15:15:00+00:00,2016-03-02 15:30:00+00:00,2016-03-02 17:30:00+00:00,1,1.5,TP,False
S2R2-04,post_overlap_drift,AUDUSD,2016-03-03 14:45:00+00:00,2016-03-03 15:00:00+00:00,2016-03-03 15:00:00+00:00,1,-0.9999999999999727,SL,False
S2R2-04,post_overlap_drift,AUDUSD,2016-03-04 14:30:00+00:00,2016-03-04 14:45:00+00:00,2016-03-04 15:30:00+00:00,1,-1.0,SL,False
S2R2-04,post_overlap_drift,AUDUSD,2016-03-07 14:30:00+00:00,2016-03-07 14:45:00+00:00,2016-03-07 15:15:00+00:00,1,1.4999999999999603,TP,False
S2R2-04,post_overlap_drift,AUDUSD,2016-03-07 15:15:00+00:00,2016-03-07 15:30:00+00:00,2016-03-07 15:30:00+00:00,1,1.4999999999999751,TP,False
S2R2-04,post_overlap_drift,AUDUSD,2016-03-07 15:30:00+00:00,2016-03-07 15:45:00+00:00,2016-03-07 21:30:00+00:00,1,-0.0986427495527656,TIME,False
S2R2-04,post_overlap_drift,AUDUSD,2016-03-09 14:45:00+00:00,2016-03-09 15:00:00+00:00,2016-03-09 16:15:00+00:00,1,1.4999999999999893,TP,False
S2R2-04,post_overlap_drift,AUDUSD,2016-03-11 14:00:00+00:00,2016-03-11 14:15:00+00:00,2016-03-11 14:30:00+00:00,1,1.499999999999955,TP,False
S2R2-04,post_overlap_drift,AUDUSD,2016-03-11 14:30:00+00:00,2016-03-11 14:45:00+00:00,2016-03-11 15:00:00+00:00,1,1.5,TP,False
S2R2-04,post_overlap_drift,AUDUSD,2016-03-11 15:00:00+00:00,2016-03-11 15:15:00+00:00,2016-03-11 15:45:00+00:00,1,-1.0,SL,False
S2R2-04,post_overlap_drift,AUDUSD,2016-03-15 14:30:00+00:00,2016-03-15 14:45:00+00:00,2016-03-15 20:30:00+00:00,-1,-0.07548388392408875,TIME,False
S2R2-04,post_overlap_drift,AUDUSD,2016-03-18 15:00:00+00:00,2016-03-18 15:15:00+00:00,2016-03-18 16:00:00+00:00,-1,-0.897019340159272,FRIDAY,False
S2R2-04,post_overlap_drift,AUDUSD,2016-03-22 14:15:00+00:00,2016-03-22 14:30:00+00:00,2016-03-22 15:15:00+00:00,1,1.4999999999999616,TP,False
S2R2-04,post_overlap_drift,AUDUSD,2016-03-22 15:15:00+00:00,2016-03-22 15:30:00+00:00,2016-03-22 15:45:00+00:00,1,-1.0000000000000357,SL,False
S2R2-04,post_overlap_drift,AUDUSD,2016-03-23 15:15:00+00:00,2016-03-23 15:30:00+00:00,2016-03-23 21:15:00+00:00,-1,0.3602330368795662,TIME,False
S2R2-04,post_overlap_drift,AUDUSD,2016-03-24 15:00:00+00:00,2016-03-24 15:15:00+00:00,2016-03-24 16:00:00+00:00,-1,-1.0000000000000433,SL,False
S2R2-04,post_overlap_drift,AUDUSD,2016-03-30 14:00:00+00:00,2016-03-30 14:15:00+00:00,2016-03-30 15:00:00+00:00,1,-0.9999999999999788,SL,False
S2R2-04,post_overlap_drift,AUDUSD,2016-03-31 14:00:00+00:00,2016-03-31 14:15:00+00:00,2016-03-31 14:15:00+00:00,1,-1.0000000000000318,SL,False
S2R2-04,post_overlap_drift,AUDUSD,2016-04-04 14:00:00+00:00,2016-04-04 14:15:00+00:00,2016-04-04 15:30:00+00:00,-1,1.5000000000000402,TP,False
S2R2-04,post_overlap_drift,AUDUSD,2016-04-06 15:15:00+00:00,2016-04-06 15:30:00+00:00,2016-04-06 15:45:00+00:00,1,1.5,TP,False
S2R2-04,post_overlap_drift,AUDUSD,2016-04-07 15:00:00+00:00,2016-04-07 15:15:00+00:00,2016-04-07 21:00:00+00:00,-1,-0.25013533220729045,TIME,False
S2R2-04,post_overlap_drift,AUDUSD,2016-04-08 14:45:00+00:00,2016-04-08 15:00:00+00:00,2016-04-08 15:45:00+00:00,1,-1.000000000000012,SL,False
S2R2-04,post_overlap_drift,AUDUSD,2016-04-12 15:00:00+00:00,2016-04-12 15:15:00+00:00,2016-04-12 18:30:00+00:00,1,1.500000000000028,TP,False
S2R2-04,post_overlap_drift,AUDUSD,2016-04-13 14:45:00+00:00,2016-04-13 15:00:00+00:00,2016-04-13 16:00:00+00:00,-1,-0.9999999999999911,SL,False
S2R2-04,post_overlap_drift,AUDUSD,2016-04-21 15:30:00+00:00,2016-04-21 15:45:00+00:00,2016-04-21 21:30:00+00:00,-1,0.6565471378395291,TIME,False
S2R2-04,post_overlap_drift,AUDUSD,2016-04-27 14:45:00+00:00,2016-04-27 15:00:00+00:00,2016-04-27 15:30:00+00:00,-1,-1.0000000000000335,SL,False
S2R2-04,post_overlap_drift,AUDUSD,2016-05-02 15:15:00+00:00,2016-05-02 15:30:00+00:00,2016-05-02 16:45:00+00:00,1,1.5000000000000253,TP,False
S2R2-04,post_overlap_drift,AUDUSD,2016-05-03 14:00:00+00:00,2016-05-03 14:15:00+00:00,2016-05-03 14:15:00+00:00,-1,-1.0000000000000318,SL,False
S2R2-04,post_overlap_drift,AUDUSD,2016-05-03 14:45:00+00:00,2016-05-03 15:00:00+00:00,2016-05-03 20:45:00+00:00,-1,1.0885539649248899,TIME,False
S2R2-04,post_overlap_drift,AUDUSD,2016-05-06 14:45:00+00:00,2016-05-06 15:00:00+00:00,2016-05-06 16:00:00+00:00,-1,-0.797047303736593,FRIDAY,False
S2R2-04,post_overlap_drift,AUDUSD,2016-05-10 14:30:00+00:00,2016-05-10 14:45:00+00:00,2016-05-10 15:15:00+00:00,1,-0.9999999999999687,SL,False
S2R2-04,post_overlap_drift,AUDUSD,2016-05-13 14:00:00+00:00,2016-05-13 14:15:00+00:00,2016-05-13 15:00:00+00:00,-1,-1.0000000000000357,SL,False
S2R2-04,post_overlap_drift,AUDUSD,2016-05-16 14:00:00+00:00,2016-05-16 14:15:00+00:00,2016-05-16 14:30:00+00:00,1,-1.0000000000000502,SL,False
S2R2-04,post_overlap_drift,AUDUSD,2016-05-17 14:30:00+00:00,2016-05-17 14:45:00+00:00,2016-05-17 18:15:00+00:00,1,-1.0000000000000135,SL,False
S2R2-04,post_overlap_drift,AUDUSD,2016-05-23 14:45:00+00:00,2016-05-23 15:00:00+00:00,2016-05-23 15:00:00+00:00,-1,-0.9999999999999705,SL,False
S2R2-04,post_overlap_drift,AUDUSD,2016-05-27 14:00:00+00:00,2016-05-27 14:15:00+00:00,2016-05-27 15:30:00+00:00,-1,-0.9999999999999816,SL,False
S2R2-04,post_overlap_drift,AUDUSD,2016-06-03 15:30:00+00:00,2016-06-03 15:45:00+00:00,2016-06-03 16:00:00+00:00,1,0.048586765608357375,FRIDAY,False
S2R2-04,post_overlap_drift,AUDUSD,2016-06-07 14:00:00+00:00,2016-06-07 14:15:00+00:00,2016-06-07 16:45:00+00:00,1,-1.0,SL,False
S2R2-04,post_overlap_drift,AUDUSD,2016-06-08 15:30:00+00:00,2016-06-08 15:45:00+00:00,2016-06-08 17:30:00+00:00,1,-0.9999999999999553,SL,False
S2R2-04,post_overlap_drift,AUDUSD,2016-06-09 14:15:00+00:00,2016-06-09 14:30:00+00:00,2016-06-09 14:45:00+00:00,-1,-1.0000000000000266,SL,False
S2R2-04,post_overlap_drift,AUDUSD,2016-06-15 14:00:00+00:00,2016-06-15 14:15:00+00:00,2016-06-15 14:30:00+00:00,1,1.5000000000000402,TP,False
S2R2-04,post_overlap_drift,AUDUSD,2016-06-15 14:30:00+00:00,2016-06-15 14:45:00+00:00,2016-06-15 15:45:00+00:00,1,-1.0,SL,False
S2R2-04,post_overlap_drift,AUDUSD,2016-06-16 14:00:00+00:00,2016-06-16 14:15:00+00:00,2016-06-16 15:15:00+00:00,-1,-1.0000000000000355,SL,False
S2R2-04,post_overlap_drift,AUDUSD,2016-06-22 14:00:00+00:00,2016-06-22 14:15:00+00:00,2016-06-22 14:45:00+00:00,1,-1.0000000000000442,SL,False
S2R2-04,post_overlap_drift,AUDUSD,2016-06-23 15:30:00+00:00,2016-06-23 15:45:00+00:00,2016-06-23 20:45:00+00:00,1,1.5000000000000109,TP,False
S2R2-04,post_overlap_drift,AUDUSD,2016-06-24 15:15:00+00:00,2016-06-24 15:30:00+00:00,2016-06-24 16:00:00+00:00,-1,-0.06426841568417394,FRIDAY,False
S2R2-04,post_overlap_drift,AUDUSD,2016-06-27 14:15:00+00:00,2016-06-27 14:30:00+00:00,2016-06-27 14:45:00+00:00,-1,1.499999999999968,TP,False
S2R2-04,post_overlap_drift,AUDUSD,2016-06-27 14:45:00+00:00,2016-06-27 15:00:00+00:00,2016-06-27 20:45:00+00:00,-1,0.5426620006943655,TIME,False
S2R2-04,post_overlap_drift,AUDUSD,2016-06-29 14:00:00+00:00,2016-06-29 14:15:00+00:00,2016-06-29 14:15:00+00:00,1,-0.999999999999977,SL,False
S2R2-04,post_overlap_drift,AUDUSD,2016-06-30 14:00:00+00:00,2016-06-30 14:15:00+00:00,2016-06-30 14:45:00+00:00,-1,-1.000000000000026,SL,False
S2R2-04,post_overlap_drift,AUDUSD,2016-07-04 14:15:00+00:00,2016-07-04 14:30:00+00:00,2016-07-04 20:15:00+00:00,1,-0.303075535744397,TIME,False
S2R2-04,post_overlap_drift,AUDUSD,2016-07-05 15:00:00+00:00,2016-07-05 15:15:00+00:00,2016-07-05 15:15:00+00:00,-1,-1.0,SL,False
S2R2-04,post_overlap_drift,AUDUSD,2016-07-06 15:00:00+00:00,2016-07-06 15:15:00+00:00,2016-07-06 20:45:00+00:00,1,1.4999999999999893,TP,False
S2R2-04,post_overlap_drift,AUDUSD,2016-07-08 14:45:00+00:00,2016-07-08 15:00:00+00:00,2016-07-08 16:00:00+00:00,1,0.20175393036217262,FRIDAY,False
S2R2-04,post_overlap_drift,AUDUSD,2016-07-11 14:15:00+00:00,2016-07-11 14:30:00+00:00,2016-07-11 14:30:00+00:00,-1,-1.0000000000000242,SL,False
S2R2-04,post_overlap_drift,AUDUSD,2016-07-14 15:00:00+00:00,2016-07-14 15:15:00+00:00,2016-07-14 21:00:00+00:00,1,-0.5604808170274301,TIME,False
S2R2-04,post_overlap_drift,AUDUSD,2016-07-18 15:00:00+00:00,2016-07-18 15:15:00+00:00,2016-07-18 16:30:00+00:00,1,-1.0,SL,False
S2R2-04,post_overlap_drift,AUDUSD,2016-07-21 15:00:00+00:00,2016-07-21 15:15:00+00:00,2016-07-21 16:15:00+00:00,1,-0.9999999999999888,SL,False
S2R2-04,post_overlap_drift,AUDUSD,2016-07-22 14:00:00+00:00,2016-07-22 14:15:00+00:00,2016-07-22 14:30:00+00:00,-1,1.5000000000000373,TP,False
S2R2-04,post_overlap_drift,AUDUSD,2016-07-22 14:30:00+00:00,2016-07-22 14:45:00+00:00,2016-07-22 16:00:00+00:00,-1,-0.6016999522485323,FRIDAY,False
S2R2-04,post_overlap_drift,AUDUSD,2016-07-27 15:30:00+00:00,2016-07-27 15:45:00+00:00,2016-07-27 16:00:00+00:00,-1,-1.0000000000000167,SL,False
S2R2-04,post_overlap_drift,AUDUSD,2016-07-29 14:30:00+00:00,2016-07-29 14:45:00+00:00,2016-07-29 15:00:00+00:00,1,1.4999999999999782,TP,False
S2R2-04,post_overlap_drift,AUDUSD,2016-07-29 15:00:00+00:00,2016-07-29 15:15:00+00:00,2016-07-29 16:00:00+00:00,1,-0.1473838311221489,FRIDAY,False
S2R2-04,post_overlap_drift,AUDUSD,2016-08-01 14:30:00+00:00,2016-08-01 14:45:00+00:00,2016-08-01 15:30:00+00:00,-1,-0.9999999999999363,SL,False
S2R2-04,post_overlap_drift,AUDUSD,2016-08-04 15:00:00+00:00,2016-08-04 15:15:00+00:00,2016-08-04 21:00:00+00:00,1,-0.22566004024840663,TIME,False
S2R2-04,post_overlap_drift,AUDUSD,2016-08-08 14:00:00+00:00,2016-08-08 14:15:00+00:00,2016-08-08 14:30:00+00:00,1,-1.0000000000000362,SL,False
S2R2-04,post_overlap_drift,AUDUSD,2016-08-15 14:45:00+00:00,2016-08-15 15:00:00+00:00,2016-08-15 20:00:00+00:00,1,-0.999999999999972,SL,False
S2R2-04,post_overlap_drift,AUDUSD,2016-08-16 15:15:00+00:00,2016-08-16 15:30:00+00:00,2016-08-16 21:15:00+00:00,1,-0.151749577975533,TIME,False
S2R2-04,post_overlap_drift,AUDUSD,2016-08-18 15:15:00+00:00,2016-08-18 15:30:00+00:00,2016-08-18 16:45:00+00:00,1,-0.999999999999974,SL,False
S2R2-04,post_overlap_drift,AUDUSD,2016-08-22 14:00:00+00:00,2016-08-22 14:15:00+00:00,2016-08-22 14:30:00+00:00,-1,-0.9999999999999641,SL,False
S2R2-04,post_overlap_drift,AUDUSD,2016-08-26 14:00:00+00:00,2016-08-26 14:15:00+00:00,2016-08-26 14:30:00+00:00,1,-0.9999999999999902,SL,False
S2R2-04,post_overlap_drift,AUDUSD,2016-08-30 14:00:00+00:00,2016-08-30 14:15:00+00:00,2016-08-30 17:45:00+00:00,-1,1.5000000000000162,TP,False
S2R2-04,post_overlap_drift,AUDUSD,2016-09-05 15:30:00+00:00,2016-09-05 15:45:00+00:00,2016-09-05 18:15:00+00:00,1,-1.0000000000000768,SL,False
S2R2-04,post_overlap_drift,AUDUSD,2016-09-06 14:00:00+00:00,2016-09-06 14:15:00+00:00,2016-09-06 14:30:00+00:00,1,1.4999999999999851,TP,False
S2R2-04,post_overlap_drift,AUDUSD,2016-09-06 14:30:00+00:00,2016-09-06 14:45:00+00:00,2016-09-06 15:15:00+00:00,1,-0.9999999999999869,SL,False
S2R2-04,post_overlap_drift,AUDUSD,2016-09-13 14:00:00+00:00,2016-09-13 14:15:00+00:00,2016-09-13 15:30:00+00:00,-1,1.4999999999999893,TP,False
S2R2-04,post_overlap_drift,AUDUSD,2016-09-13 15:30:00+00:00,2016-09-13 15:45:00+00:00,2016-09-13 16:15:00+00:00,-1,1.4999999999999822,TP,False
S2R2-04,post_overlap_drift,AUDUSD,2016-09-19 14:30:00+00:00,2016-09-19 14:45:00+00:00,2016-09-19 14:45:00+00:00,1,-1.000000000000042,SL,False
S2R2-04,post_overlap_drift,AUDUSD,2016-09-21 15:15:00+00:00,2016-09-21 15:30:00+00:00,2016-09-21 18:00:00+00:00,1,-1.0000000000000144,SL,True
S2R2-04,post_overlap_drift,AUDUSD,2016-09-26 14:00:00+00:00,2016-09-26 14:15:00+00:00,2016-09-26 14:45:00+00:00,1,-0.9999999999999698,SL,False
S2R2-04,post_overlap_drift,AUDUSD,2016-09-29 14:45:00+00:00,2016-09-29 15:00:00+00:00,2016-09-29 15:30:00+00:00,-1,-1.0000000000000315,SL,False
S2R2-04,post_overlap_drift,AUDUSD,2016-09-30 15:00:00+00:00,2016-09-30 15:15:00+00:00,2016-09-30 16:00:00+00:00,1,-0.20114515285856002,FRIDAY,False
S2R2-04,post_overlap_drift,AUDUSD,2016-10-04 14:00:00+00:00,2016-10-04 14:15:00+00:00,2016-10-04 15:30:00+00:00,-1,-1.0000000000000324,SL,False
S2R2-04,post_overlap_drift,AUDUSD,2016-10-06 15:00:00+00:00,2016-10-06 15:15:00+00:00,2016-10-06 15:15:00+00:00,-1,-0.9999999999999535,SL,False
S2R2-04,post_overlap_drift,AUDUSD,2016-10-10 14:30:00+00:00,2016-10-10 14:45:00+00:00,2016-10-10 15:00:00+00:00,1,-0.9999999999999444,SL,False
S2R2-04,post_overlap_drift,AUDUSD,2016-10-11 14:00:00+00:00,2016-10-11 14:15:00+00:00,2016-10-11 14:45:00+00:00,-1,-0.9999999999999671,SL,False
S2R2-04,post_overlap_drift,AUDUSD,2016-10-12 14:00:00+00:00,2016-10-12 14:15:00+00:00,2016-10-12 15:00:00+00:00,1,-1.0,SL,False
S2R2-04,post_overlap_drift,AUDUSD,2016-10-19 15:00:00+00:00,2016-10-19 15:15:00+00:00,2016-10-19 15:15:00+00:00,1,-0.9999999999999692,SL,False
S2R2-04,post_overlap_drift,AUDUSD,2016-10-20 14:00:00+00:00,2016-10-20 14:15:00+00:00,2016-10-20 19:15:00+00:00,-1,1.4999999999999876,TP,False
S2R2-04,post_overlap_drift,AUDUSD,2016-10-21 15:00:00+00:00,2016-10-21 15:15:00+00:00,2016-10-21 16:00:00+00:00,-1,-0.18112717496068584,FRIDAY,False
S2R2-04,post_overlap_drift,AUDUSD,2016-10-24 14:00:00+00:00,2016-10-24 14:15:00+00:00,2016-10-24 20:00:00+00:00,-1,0.1100604107933951,TIME,False
S2R2-04,post_overlap_drift,AUDUSD,2016-10-25 15:00:00+00:00,2016-10-25 15:15:00+00:00,2016-10-25 21:00:00+00:00,1,0.07512134411947728,TIME,False
S2R2-04,post_overlap_drift,AUDUSD,2016-10-27 14:00:00+00:00,2016-10-27 14:15:00+00:00,2016-10-27 17:00:00+00:00,-1,1.5,TP,False
S2R2-04,post_overlap_drift,AUDUSD,2016-10-28 15:00:00+00:00,2016-10-28 15:15:00+00:00,2016-10-28 16:00:00+00:00,-1,-0.46028709622233627,FRIDAY,False
S2R2-04,post_overlap_drift,AUDUSD,2016-11-02 15:00:00+00:00,2016-11-02 15:15:00+00:00,2016-11-02 15:30:00+00:00,1,-1.0000000000000497,SL,False
S2R2-04,post_overlap_drift,AUDUSD,2016-11-03 14:15:00+00:00,2016-11-03 14:30:00+00:00,2016-11-03 20:15:00+00:00,1,0.7902739077861312,TIME,False
S2R2-04,post_overlap_drift,AUDUSD,2016-11-08 14:45:00+00:00,2016-11-08 15:00:00+00:00,2016-11-08 15:00:00+00:00,-1,-1.0000000000000249,SL,False
S2R2-04,post_overlap_drift,AUDUSD,2016-11-09 14:45:00+00:00,2016-11-09 15:00:00+00:00,2016-11-09 17:30:00+00:00,-1,1.4999999999999711,TP,False
S2R2-04,post_overlap_drift,AUDUSD,2016-11-10 14:45:00+00:00,2016-11-10 15:00:00+00:00,2016-11-10 17:30:00+00:00,-1,-0.9999999999999857,SL,False
S2R2-04,post_overlap_drift,AUDUSD,2016-11-11 14:00:00+00:00,2016-11-11 14:15:00+00:00,2016-11-11 14:30:00+00:00,-1,1.4999999999999756,TP,False
S2R2-04,post_overlap_drift,AUDUSD,2016-11-11 14:30:00+00:00,2016-11-11 14:45:00+00:00,2016-11-11 16:00:00+00:00,-1,1.391549680587561,FRIDAY,False
S2R2-04,post_overlap_drift,AUDUSD,2016-11-14 14:30:00+00:00,2016-11-14 14:45:00+00:00,2016-11-14 15:00:00+00:00,-1,-1.0000000000000224,SL,False
S2R2-04,post_overlap_drift,AUDUSD,2016-11-14 15:30:00+00:00,2016-11-14 15:45:00+00:00,2016-11-14 18:15:00+00:00,-1,-0.9999999999999782,SL,False
S2R2-04,post_overlap_drift,AUDUSD,2016-11-15 14:00:00+00:00,2016-11-15 14:15:00+00:00,2016-11-15 14:30:00+00:00,-1,-1.0000000000000366,SL,False
S2R2-04,post_overlap_drift,AUDUSD,2016-11-18 14:45:00+00:00,2016-11-18 15:00:00+00:00,2016-11-18 15:45:00+00:00,-1,1.5000000000000113,TP,False
S2R2-04,post_overlap_drift,AUDUSD,2016-11-21 14:00:00+00:00,2016-11-21 14:15:00+00:00,2016-11-21 14:45:00+00:00,-1,-0.9999999999999574,SL,False
S2R2-04,post_overlap_drift,AUDUSD,2016-11-24 14:45:00+00:00,2016-11-24 15:00:00+00:00,2016-11-24 20:45:00+00:00,1,-0.1980890544877707,TIME,False
S2R2-04,post_overlap_drift,AUDUSD,2016-11-25 14:00:00+00:00,2016-11-25 14:15:00+00:00,2016-11-25 14:45:00+00:00,1,-1.0000000000000158,SL,False
S2R2-04,post_overlap_drift,AUDUSD,2016-11-28 14:45:00+00:00,2016-11-28 15:00:00+00:00,2016-11-28 16:15:00+00:00,1,1.4999999999999696,TP,False
S2R2-04,post_overlap_drift,AUDUSD,2016-11-30 14:00:00+00:00,2016-11-30 14:15:00+00:00,2016-11-30 15:15:00+00:00,-1,1.4999999999999571,TP,False
S2R2-04,post_overlap_drift,AUDUSD,2016-12-05 14:00:00+00:00,2016-12-05 14:15:00+00:00,2016-12-05 15:45:00+00:00,1,1.4999999999999531,TP,False
S2R2-04,post_overlap_drift,AUDUSD,2016-12-06 14:00:00+00:00,2016-12-06 14:15:00+00:00,2016-12-06 14:30:00+00:00,-1,-0.9999999999999448,SL,False
S2R2-04,post_overlap_drift,AUDUSD,2016-12-12 14:15:00+00:00,2016-12-12 14:30:00+00:00,2016-12-12 15:00:00+00:00,1,-1.000000000000053,SL,False
S2R2-04,post_overlap_drift,AUDUSD,2016-12-15 14:30:00+00:00,2016-12-15 14:45:00+00:00,2016-12-15 16:30:00+00:00,-1,1.49999999999999,TP,False
S2R2-04,post_overlap_drift,AUDUSD,2016-12-16 14:15:00+00:00,2016-12-16 14:30:00+00:00,2016-12-16 15:15:00+00:00,-1,1.4999999999999822,TP,False
S2R2-04,post_overlap_drift,AUDUSD,2016-12-16 15:15:00+00:00,2016-12-16 15:30:00+00:00,2016-12-16 15:30:00+00:00,-1,1.500000000000029,TP,False
S2R2-04,post_overlap_drift,AUDUSD,2016-12-16 15:30:00+00:00,2016-12-16 15:45:00+00:00,2016-12-16 16:00:00+00:00,-1,-1.1548896992096622,FRIDAY,False
S2R2-04,post_overlap_drift,AUDUSD,2016-12-20 14:15:00+00:00,2016-12-20 14:30:00+00:00,2016-12-20 14:45:00+00:00,-1,-1.0000000000000617,SL,False
S2R2-04,post_overlap_drift,AUDUSD,2016-12-23 15:30:00+00:00,2016-12-23 15:45:00+00:00,2016-12-23 15:45:00+00:00,-1,-0.9999999999999718,SL,False
S2R2-04,post_overlap_drift,AUDUSD,2016-12-26 14:15:00+00:00,2016-12-26 14:30:00+00:00,2016-12-26 14:30:00+00:00,-1,-0.9999999999999801,SL,False
S2R2-04,post_overlap_drift,AUDUSD,2016-12-27 15:00:00+00:00,2016-12-27 15:15:00+00:00,2016-12-27 15:30:00+00:00,1,-0.9999999999999402,SL,False
S2R2-04,post_overlap_drift,AUDUSD,2016-12-29 15:30:00+00:00,2016-12-29 15:45:00+00:00,2016-12-29 15:45:00+00:00,1,1.5000000000000644,TP,False
S2R2-04,post_overlap_drift,AUDUSD,2017-01-03 14:30:00+00:00,2017-01-03 14:45:00+00:00,2017-01-03 15:00:00+00:00,1,-1.0,SL,False
S2R2-04,post_overlap_drift,AUDUSD,2017-01-05 14:30:00+00:00,2017-01-05 14:45:00+00:00,2017-01-05 15:00:00+00:00,1,1.499999999999986,TP,False
S2R2-04,post_overlap_drift,AUDUSD,2017-01-05 15:00:00+00:00,2017-01-05 15:15:00+00:00,2017-01-05 16:00:00+00:00,1,1.5000000000000393,TP,False
S2R2-04,post_overlap_drift,AUDUSD,2017-01-06 14:15:00+00:00,2017-01-06 14:30:00+00:00,2017-01-06 14:30:00+00:00,-1,-1.0000000000000222,SL,False
S2R2-04,post_overlap_drift,AUDUSD,2017-01-11 14:00:00+00:00,2017-01-11 14:15:00+00:00,2017-01-11 14:30:00+00:00,1,-1.0000000000000167,SL,False
S2R2-04,post_overlap_drift,AUDUSD,2017-01-12 14:45:00+00:00,2017-01-12 15:00:00+00:00,2017-01-12 15:15:00+00:00,1,-0.9999999999999568,SL,False
S2R2-04,post_overlap_drift,AUDUSD,2017-01-16 14:00:00+00:00,2017-01-16 14:15:00+00:00,2017-01-16 14:30:00+00:00,-1,-1.0000000000000495,SL,False
S2R2-04,post_overlap_drift,AUDUSD,2017-01-16 15:30:00+00:00,2017-01-16 15:45:00+00:00,2017-01-16 15:45:00+00:00,-1,-1.0,SL,False
S2R2-04,post_overlap_drift,AUDUSD,2017-01-17 14:45:00+00:00,2017-01-17 15:00:00+00:00,2017-01-17 16:45:00+00:00,1,-0.9999999999999802,SL,False
S2R2-04,post_overlap_drift,AUDUSD,2017-01-20 14:30:00+00:00,2017-01-20 14:45:00+00:00,2017-01-20 15:00:00+00:00,-1,-0.9999999999999537,SL,False
S2R2-04,post_overlap_drift,AUDUSD,2017-01-23 15:00:00+00:00,2017-01-23 15:15:00+00:00,2017-01-23 16:00:00+00:00,1,-1.0000000000000433,SL,False
S2R2-04,post_overlap_drift,AUDUSD,2017-01-25 14:00:00+00:00,2017-01-25 14:15:00+00:00,2017-01-25 15:15:00+00:00,-1,-1.000000000000044,SL,False
S2R2-04,post_overlap_drift,AUDUSD,2017-01-27 14:00:00+00:00,2017-01-27 14:15:00+00:00,2017-01-27 14:30:00+00:00,1,-1.0000000000000415,SL,False
S2R2-04,post_overlap_drift,AUDUSD,2017-01-30 15:15:00+00:00,2017-01-30 15:30:00+00:00,2017-01-30 18:15:00+00:00,1,-1.0000000000000502,SL,False
S2R2-04,post_overlap_drift,AUDUSD,2017-01-31 14:15:00+00:00,2017-01-31 14:30:00+00:00,2017-01-31 15:00:00+00:00,1,1.4999999999999571,TP,False
S2R2-04,post_overlap_drift,AUDUSD,2017-02-03 15:30:00+00:00,2017-02-03 15:45:00+00:00,2017-02-03 16:00:00+00:00,1,-0.7686449179146391,FRIDAY,False
S2R2-04,post_overlap_drift,AUDUSD,2017-02-06 14:45:00+00:00,2017-02-06 15:00:00+00:00,2017-02-06 17:30:00+00:00,-1,-1.0000000000000533,SL,False
S2R2-04,post_overlap_drift,AUDUSD,2017-02-08 14:00:00+00:00,2017-02-08 14:15:00+00:00,2017-02-08 14:30:00+00:00,1,1.500000000000048,TP,False
S2R2-04,post_overlap_drift,AUDUSD,2017-02-08 14:30:00+00:00,2017-02-08 14:45:00+00:00,2017-02-08 15:00:00+00:00,1,-0.9999999999999793,SL,False
S2R2-04,post_overlap_drift,AUDUSD,2017-02-10 14:30:00+00:00,2017-02-10 14:45:00+00:00,2017-02-10 15:00:00+00:00,1,1.5000000000000682,TP,False
S2R2-04,post_overlap_drift,AUDUSD,2017-02-10 15:00:00+00:00,2017-02-10 15:15:00+00:00,2017-02-10 16:00:00+00:00,1,-0.1410822846563759,FRIDAY,False
S2R2-04,post_overlap_drift,AUDUSD,2017-02-16 15:30:00+00:00,2017-02-16 15:45:00+00:00,2017-02-16 21:30:00+00:00,-1,0.08318469080385094,TIME,False
S2R2-04,post_overlap_drift,AUDUSD,2017-02-17 15:30:00+00:00,2017-02-17 15:45:00+00:00,2017-02-17 16:00:00+00:00,-1,0.012278041447580035,FRIDAY,False
S2R2-04,post_overlap_drift,AUDUSD,2017-02-22 14:30:00+00:00,2017-02-22 14:45:00+00:00,2017-02-22 15:30:00+00:00,1,-1.0000000000000222,SL,False
S2R2-04,post_overlap_drift,AUDUSD,2017-02-23 14:00:00+00:00,2017-02-23 14:15:00+00:00,2017-02-23 15:00:00+00:00,1,-1.0000000000000333,SL,False
S2R2-04,post_overlap_drift,AUDUSD,2017-02-24 14:00:00+00:00,2017-02-24 14:15:00+00:00,2017-02-24 14:30:00+00:00,-1,-0.9999999999999468,SL,False
S2R2-04,post_overlap_drift,AUDUSD,2017-03-02 14:00:00+00:00,2017-03-02 14:15:00+00:00,2017-03-02 14:45:00+00:00,-1,1.4999999999999833,TP,False
S2R2-04,post_overlap_drift,AUDUSD,2017-03-02 14:45:00+00:00,2017-03-02 15:00:00+00:00,2017-03-02 15:15:00+00:00,-1,-1.0000000000000153,SL,False
S2R2-04,post_overlap_drift,AUDUSD,2017-03-08 14:00:00+00:00,2017-03-08 14:15:00+00:00,2017-03-08 14:30:00+00:00,-1,-1.0,SL,False
S2R2-04,post_overlap_drift,AUDUSD,2017-03-09 15:00:00+00:00,2017-03-09 15:15:00+00:00,2017-03-09 16:00:00+00:00,-1,1.4999999999999465,TP,False
S2R2-04,post_overlap_drift,AUDUSD,2017-03-13 15:15:00+00:00,2017-03-13 15:30:00+00:00,2017-03-13 16:15:00+00:00,1,-0.9999999999999327,SL,False
S2R2-04,post_overlap_drift,AUDUSD,2017-03-15 14:15:00+00:00,2017-03-15 14:30:00+00:00,2017-03-15 14:30:00+00:00,1,-0.9999999999999373,SL,False
S2R2-04,post_overlap_drift,AUDUSD,2017-03-16 14:00:00+00:00,2017-03-16 14:15:00+00:00,2017-03-16 14:30:00+00:00,-1,-1.000000000000015,SL,False
S2R2-04,post_overlap_drift,AUDUSD,2017-03-16 15:15:00+00:00,2017-03-16 15:30:00+00:00,2017-03-16 16:00:00+00:00,-1,-1.0,SL,False
S2R2-04,post_overlap_drift,AUDUSD,2017-03-31 14:15:00+00:00,2017-03-31 14:30:00+00:00,2017-03-31 14:45:00+00:00,-1,-0.9999999999999802,SL,False
S2R2-04,post_overlap_drift,AUDUSD,2017-04-03 14:45:00+00:00,2017-04-03 15:00:00+00:00,2017-04-03 20:45:00+00:00,-1,-0.8044698133918772,TIME,False
S2R2-04,post_overlap_drift,AUDUSD,2017-04-06 15:30:00+00:00,2017-04-06 15:45:00+00:00,2017-04-06 21:30:00+00:00,-1,0.15390799745452485,TIME,False
S2R2-04,post_overlap_drift,AUDUSD,2017-04-13 14:30:00+00:00,2017-04-13 14:45:00+00:00,2017-04-13 17:00:00+00:00,1,-1.0000000000000215,SL,False
S2R2-04,post_overlap_drift,AUDUSD,2017-04-17 14:00:00+00:00,2017-04-17 14:15:00+00:00,2017-04-17 15:00:00+00:00,1,1.4999999999999003,TP,False
S2R2-04,post_overlap_drift,AUDUSD,2017-04-18 14:00:00+00:00,2017-04-18 14:15:00+00:00,2017-04-18 15:00:00+00:00,-1,-1.000000000000021,SL,False
S2R2-04,post_overlap_drift,AUDUSD,2017-04-19 14:00:00+00:00,2017-04-19 14:15:00+00:00,2017-04-19 15:30:00+00:00,-1,1.5000000000000742,TP,False
S2R2-04,post_overlap_drift,AUDUSD,2017-04-19 15:30:00+00:00,2017-04-19 15:45:00+00:00,2017-04-19 21:30:00+00:00,-1,0.4163178959405375,TIME,False
S2R2-04,post_overlap_drift,AUDUSD,2017-04-20 14:00:00+00:00,2017-04-20 14:15:00+00:00,2017-04-20 14:30:00+00:00,1,-1.0000000000000449,SL,False
S2R2-04,post_overlap_drift,AUDUSD,2017-04-20 15:15:00+00:00,2017-04-20 15:30:00+00:00,2017-04-20 16:00:00+00:00,1,-1.0000000000000397,SL,False
S2R2-04,post_overlap_drift,AUDUSD,2017-04-24 14:45:00+00:00,2017-04-24 15:00:00+00:00,2017-04-24 15:15:00+00:00,1,-1.0000000000000882,SL,False
S2R2-04,post_overlap_drift,AUDUSD,2017-04-25 15:30:00+00:00,2017-04-25 15:45:00+00:00,2017-04-25 21:30:00+00:00,-1,-0.19048342961386439,TIME,False
S2R2-04,post_overlap_drift,AUDUSD,2017-04-26 15:30:00+00:00,2017-04-26 15:45:00+00:00,2017-04-26 15:45:00+00:00,-1,-0.9999999999999837,SL,False
S2R2-04,post_overlap_drift,AUDUSD,2017-04-27 14:00:00+00:00,2017-04-27 14:15:00+00:00,2017-04-27 14:45:00+00:00,-1,-1.0000000000000202,SL,False
S2R2-04,post_overlap_drift,AUDUSD,2017-05-01 14:00:00+00:00,2017-05-01 14:15:00+00:00,2017-05-01 15:00:00+00:00,1,-0.9999999999999786,SL,False
S2R2-04,post_overlap_drift,AUDUSD,2017-05-02 14:45:00+00:00,2017-05-02 15:00:00+00:00,2017-05-02 15:00:00+00:00,-1,-0.9999999999999735,SL,False
S2R2-04,post_overlap_drift,AUDUSD,2017-05-03 15:15:00+00:00,2017-05-03 15:30:00+00:00,2017-05-03 17:45:00+00:00,-1,-0.9999999999999619,SL,False
S2R2-04,post_overlap_drift,AUDUSD,2017-05-08 14:15:00+00:00,2017-05-08 14:30:00+00:00,2017-05-08 20:15:00+00:00,-1,-0.08619899128839982,TIME,False
S2R2-04,post_overlap_drift,AUDUSD,2017-05-10 14:00:00+00:00,2017-05-10 14:15:00+00:00,2017-05-10 16:00:00+00:00,1,-1.00000000000002,SL,False
S2R2-04,post_overlap_drift,AUDUSD,2017-05-11 14:45:00+00:00,2017-05-11 15:00:00+00:00,2017-05-11 20:45:00+00:00,1,0.9672531414421102,TIME,False
S2R2-04,post_overlap_drift,AUDUSD,2017-05-12 15:15:00+00:00,2017-05-12 15:30:00+00:00,2017-05-12 16:00:00+00:00,1,-0.5351200199341067,FRIDAY,False
S2R2-04,post_overlap_drift,AUDUSD,2017-05-25 14:30:00+00:00,2017-05-25 14:45:00+00:00,2017-05-25 17:15:00+00:00,-1,1.4999999999999367,TP,False
S2R2-04,post_overlap_drift,AUDUSD,2017-05-30 15:30:00+00:00,2017-05-30 15:45:00+00:00,2017-05-30 21:30:00+00:00,1,-0.6245913032967697,TIME,False
S2R2-04,post_overlap_drift,AUDUSD,2017-06-02 14:00:00+00:00,2017-06-02 14:15:00+00:00,2017-06-02 16:00:00+00:00,1,0.8731562156510548,FRIDAY,False
S2R2-04,post_overlap_drift,AUDUSD,2017-06-05 14:00:00+00:00,2017-06-05 14:15:00+00:00,2017-06-05 17:00:00+00:00,1,1.5000000000000258,TP,False
S2R2-04,post_overlap_drift,AUDUSD,2017-06-06 14:45:00+00:00,2017-06-06 15:00:00+00:00,2017-06-06 18:30:00+00:00,1,-1.0000000000000162,SL,False
S2R2-04,post_overlap_drift,AUDUSD,2017-06-07 14:15:00+00:00,2017-06-07 14:30:00+00:00,2017-06-07 14:30:00+00:00,1,-0.9999999999999765,SL,False
S2R2-04,post_overlap_drift,AUDUSD,2017-06-12 14:45:00+00:00,2017-06-12 15:00:00+00:00,2017-06-12 15:00:00+00:00,1,-0.9999999999999337,SL,False
S2R2-04,post_overlap_drift,AUDUSD,2017-06-21 14:45:00+00:00,2017-06-21 15:00:00+00:00,2017-06-21 18:45:00+00:00,-1,-1.0000000000000733,SL,False
S2R2-04,post_overlap_drift,AUDUSD,2017-06-23 15:15:00+00:00,2017-06-23 15:30:00+00:00,2017-06-23 16:00:00+00:00,1,-0.08473448334941433,FRIDAY,False
S2R2-04,post_overlap_drift,AUDUSD,2017-06-28 15:30:00+00:00,2017-06-28 15:45:00+00:00,2017-06-28 19:15:00+00:00,1,1.5,TP,False
S2R2-04,post_overlap_drift,AUDUSD,2017-06-29 14:00:00+00:00,2017-06-29 14:15:00+00:00,2017-06-29 20:00:00+00:00,1,1.0306111453575573,TIME,False
S2R2-04,post_overlap_drift,AUDUSD,2017-07-03 15:00:00+00:00,2017-07-03 15:15:00+00:00,2017-07-03 16:00:00+00:00,-1,-1.0000000000000187,SL,False
S2R2-04,post_overlap_drift,AUDUSD,2017-07-04 15:15:00+00:00,2017-07-04 15:30:00+00:00,2017-07-04 16:00:00+00:00,-1,-1.0000000000000449,SL,False
S2R2-04,post_overlap_drift,AUDUSD,2017-07-06 14:00:00+00:00,2017-07-06 14:15:00+00:00,2017-07-06 20:00:00+00:00,-1,-0.5833432933123268,TIME,False
S2R2-04,post_overlap_drift,AUDUSD,2017-07-12 14:30:00+00:00,2017-07-12 14:45:00+00:00,2017-07-12 20:30:00+00:00,1,0.42047489968519713,TIME,False
S2R2-04,post_overlap_drift,AUDUSD,2017-07-13 15:00:00+00:00,2017-07-13 15:15:00+00:00,2017-07-13 21:00:00+00:00,1,0.5903636538176232,TIME,False
S2R2-04,post_overlap_drift,AUDUSD,2017-07-21 14:15:00+00:00,2017-07-21 14:30:00+00:00,2017-07-21 16:00:00+00:00,-1,1.0653870088921464,FRIDAY,False
S2R2-04,post_overlap_drift,AUDUSD,2017-07-27 14:45:00+00:00,2017-07-27 15:00:00+00:00,2017-07-27 20:45:00+00:00,-1,0.17057902262977506,TIME,False
S2R2-04,post_overlap_drift,AUDUSD,2017-08-01 15:15:00+00:00,2017-08-01 15:30:00+00:00,2017-08-01 17:30:00+00:00,-1,-0.999999999999965,SL,False
S2R2-04,post_overlap_drift,AUDUSD,2017-08-02 15:15:00+00:00,2017-08-02 15:30:00+00:00,2017-08-02 18:30:00+00:00,1,-0.9999999999999594,SL,False
S2R2-04,post_overlap_drift,AUDUSD,2017-08-15 14:15:00+00:00,2017-08-15 14:30:00+00:00,2017-08-15 15:00:00+00:00,-1,-0.9999999999999484,SL,False
S2R2-04,post_overlap_drift,AUDUSD,2017-08-16 14:00:00+00:00,2017-08-16 14:15:00+00:00,2017-08-16 17:30:00+00:00,1,1.4999999999999658,TP,False
S2R2-04,post_overlap_drift,AUDUSD,2017-08-17 14:30:00+00:00,2017-08-17 14:45:00+00:00,2017-08-17 15:00:00+00:00,-1,-1.0000000000000167,SL,False
S2R2-04,post_overlap_drift,AUDUSD,2017-08-23 15:30:00+00:00,2017-08-23 15:45:00+00:00,2017-08-23 17:30:00+00:00,-1,-1.0,SL,False
S2R2-04,post_overlap_drift,AUDUSD,2017-08-25 14:00:00+00:00,2017-08-25 14:15:00+00:00,2017-08-25 15:00:00+00:00,1,-0.9999999999999593,SL,False
S2R2-04,post_overlap_drift,AUDUSD,2017-08-28 14:45:00+00:00,2017-08-28 15:00:00+00:00,2017-08-28 15:00:00+00:00,1,1.500000000000028,TP,False
S2R2-04,post_overlap_drift,AUDUSD,2017-08-28 15:00:00+00:00,2017-08-28 15:15:00+00:00,2017-08-28 16:00:00+00:00,1,-1.0000000000000242,SL,False
S2R2-04,post_overlap_drift,AUDUSD,2017-08-29 14:45:00+00:00,2017-08-29 15:00:00+00:00,2017-08-29 15:00:00+00:00,1,-0.9999999999999726,SL,False
S2R2-04,post_overlap_drift,AUDUSD,2017-08-30 14:00:00+00:00,2017-08-30 14:15:00+00:00,2017-08-30 14:45:00+00:00,-1,1.5000000000000153,TP,False
S2R2-04,post_overlap_drift,AUDUSD,2017-08-30 14:45:00+00:00,2017-08-30 15:00:00+00:00,2017-08-30 20:45:00+00:00,-1,-0.49921969070442085,TIME,False
S2R2-04,post_overlap_drift,AUDUSD,2017-09-01 14:45:00+00:00,2017-09-01 15:00:00+00:00,2017-09-01 16:00:00+00:00,1,0.12174736059312007,FRIDAY,False
S2R2-04,post_overlap_drift,AUDUSD,2017-09-05 14:00:00+00:00,2017-09-05 14:15:00+00:00,2017-09-05 15:30:00+00:00,1,-1.0000000000000135,SL,False
S2R2-04,post_overlap_drift,AUDUSD,2017-09-07 14:15:00+00:00,2017-09-07 14:30:00+00:00,2017-09-07 20:15:00+00:00,1,0.721479145240544,TIME,False
S2R2-04,post_overlap_drift,AUDUSD,2017-09-11 14:45:00+00:00,2017-09-11 15:00:00+00:00,2017-09-11 20:45:00+00:00,-1,-0.30431394772260395,TIME,False
S2R2-04,post_overlap_drift,AUDUSD,2017-09-13 15:30:00+00:00,2017-09-13 15:45:00+00:00,2017-09-13 21:30:00+00:00,-1,-0.36236786279707045,TIME,False
S2R2-04,post_overlap_drift,AUDUSD,2017-09-18 14:30:00+00:00,2017-09-18 14:45:00+00:00,2017-09-18 15:00:00+00:00,-1,1.499999999999936,TP,False
S2R2-04,post_overlap_drift,AUDUSD,2017-09-19 15:30:00+00:00,2017-09-19 15:45:00+00:00,2017-09-19 16:30:00+00:00,1,-1.0000000000000449,SL,False
S2R2-04,post_overlap_drift,AUDUSD,2017-09-22 14:00:00+00:00,2017-09-22 14:15:00+00:00,2017-09-22 16:00:00+00:00,1,-1.2790066284143966,FRIDAY,False
S2R2-04,post_overlap_drift,AUDUSD,2017-09-25 14:45:00+00:00,2017-09-25 15:00:00+00:00,2017-09-25 15:00:00+00:00,-1,-1.0000000000000169,SL,False
S2R2-04,post_overlap_drift,AUDUSD,2017-09-26 14:15:00+00:00,2017-09-26 14:30:00+00:00,2017-09-26 14:45:00+00:00,-1,1.4999999999999798,TP,False
S2R2-04,post_overlap_drift,AUDUSD,2017-09-26 14:45:00+00:00,2017-09-26 15:00:00+00:00,2017-09-26 15:00:00+00:00,-1,-0.9999999999999453,SL,False
S2R2-04,post_overlap_drift,AUDUSD,2017-10-04 14:30:00+00:00,2017-10-04 14:45:00+00:00,2017-10-04 20:30:00+00:00,1,0.4800951179065717,TIME,False
S2R2-04,post_overlap_drift,AUDUSD,2017-10-05 15:00:00+00:00,2017-10-05 15:15:00+00:00,2017-10-05 16:15:00+00:00,-1,-0.9999999999999452,SL,False
S2R2-04,post_overlap_drift,AUDUSD,2017-10-09 14:00:00+00:00,2017-10-09 14:15:00+00:00,2017-10-09 14:45:00+00:00,-1,-1.0000000000000322,SL,False
S2R2-04,post_overlap_drift,AUDUSD,2017-10-10 14:15:00+00:00,2017-10-10 14:30:00+00:00,2017-10-10 16:15:00+00:00,1,-0.9999999999999778,SL,False
S2R2-04,post_overlap_drift,AUDUSD,2017-10-12 14:30:00+00:00,2017-10-12 14:45:00+00:00,2017-10-12 16:00:00+00:00,1,1.5000000000000215,TP,False
S2R2-04,post_overlap_drift,AUDUSD,2017-10-16 14:00:00+00:00,2017-10-16 14:15:00+00:00,2017-10-16 16:00:00+00:00,-1,1.5,TP,False
S2R2-04,post_overlap_drift,AUDUSD,2017-10-17 14:30:00+00:00,2017-10-17 14:45:00+00:00,2017-10-17 14:45:00+00:00,-1,-0.999999999999934,SL,False
S2R2-04,post_overlap_drift,AUDUSD,2017-10-19 14:30:00+00:00,2017-10-19 14:45:00+00:00,2017-10-19 17:30:00+00:00,1,-0.9999999999999786,SL,False
S2R2-04,post_overlap_drift,AUDUSD,2017-10-20 14:00:00+00:00,2017-10-20 14:15:00+00:00,2017-10-20 14:45:00+00:00,-1,-1.0,SL,False
S2R2-04,post_overlap_drift,AUDUSD,2017-10-20 15:30:00+00:00,2017-10-20 15:45:00+00:00,2017-10-20 16:00:00+00:00,-1,-0.9092850880688611,FRIDAY,False
S2R2-04,post_overlap_drift,AUDUSD,2017-10-23 15:00:00+00:00,2017-10-23 15:15:00+00:00,2017-10-23 15:45:00+00:00,-1,-0.9999999999999563,SL,False
S2R2-04,post_overlap_drift,AUDUSD,2017-10-24 14:45:00+00:00,2017-10-24 15:00:00+00:00,2017-10-24 18:45:00+00:00,-1,-1.0,SL,False
S2R2-04,post_overlap_drift,AUDUSD,2017-10-25 14:00:00+00:00,2017-10-25 14:15:00+00:00,2017-10-25 15:45:00+00:00,-1,1.4999999999999838,TP,False
S2R2-04,post_overlap_drift,AUDUSD,2017-10-30 14:15:00+00:00,2017-10-30 14:30:00+00:00,2017-10-30 14:30:00+00:00,-1,-1.0000000000000213,SL,False
S2R2-04,post_overlap_drift,AUDUSD,2017-11-01 14:00:00+00:00,2017-11-01 14:15:00+00:00,2017-11-01 15:00:00+00:00,1,-1.0,SL,False
S2R2-04,post_overlap_drift,AUDUSD,2017-11-02 14:00:00+00:00,2017-11-02 14:15:00+00:00,2017-11-02 14:30:00+00:00,1,-0.9999999999999452,SL,False
S2R2-04,post_overlap_drift,AUDUSD,2017-11-03 14:00:00+00:00,2017-11-03 14:15:00+00:00,2017-11-03 14:45:00+00:00,-1,1.5,TP,False
S2R2-04,post_overlap_drift,AUDUSD,2017-11-03 14:45:00+00:00,2017-11-03 15:00:00+00:00,2017-11-03 16:00:00+00:00,-1,-0.3871182821879068,FRIDAY,False
S2R2-04,post_overlap_drift,AUDUSD,2017-11-07 15:00:00+00:00,2017-11-07 15:15:00+00:00,2017-11-07 20:00:00+00:00,-1,-0.9999999999999543,SL,False
S2R2-04,post_overlap_drift,AUDUSD,2017-11-08 14:15:00+00:00,2017-11-08 14:30:00+00:00,2017-11-08 14:30:00+00:00,1,-1.0000000000000593,SL,False
S2R2-04,post_overlap_drift,AUDUSD,2017-11-15 15:00:00+00:00,2017-11-15 15:15:00+00:00,2017-11-15 21:00:00+00:00,-1,-0.5356599560302865,TIME,False
S2R2-04,post_overlap_drift,AUDUSD,2017-11-20 15:15:00+00:00,2017-11-20 15:30:00+00:00,2017-11-20 15:45:00+00:00,-1,-1.000000000000057,SL,False
S2R2-04,post_overlap_drift,AUDUSD,2017-11-21 14:30:00+00:00,2017-11-21 14:45:00+00:00,2017-11-21 15:30:00+00:00,1,-1.0,SL,False
S2R2-04,post_overlap_drift,AUDUSD,2017-12-01 14:30:00+00:00,2017-12-01 14:45:00+00:00,2017-12-01 15:30:00+00:00,1,1.5,TP,False
S2R2-04,post_overlap_drift,AUDUSD,2017-12-06 14:00:00+00:00,2017-12-06 14:15:00+00:00,2017-12-06 14:45:00+00:00,-1,1.5,TP,False
S2R2-04,post_overlap_drift,AUDUSD,2017-12-06 14:45:00+00:00,2017-12-06 15:00:00+00:00,2017-12-06 15:45:00+00:00,-1,-0.9999999999999566,SL,False
S2R2-04,post_overlap_drift,AUDUSD,2017-12-11 14:45:00+00:00,2017-12-11 15:00:00+00:00,2017-12-11 15:15:00+00:00,1,1.4999999999999112,TP,False
S2R2-04,post_overlap_drift,AUDUSD,2017-12-13 14:30:00+00:00,2017-12-13 14:45:00+00:00,2017-12-13 19:00:00+00:00,1,1.4999999999999658,TP,False
S2R2-04,post_overlap_drift,AUDUSD,2017-12-21 15:30:00+00:00,2017-12-21 15:45:00+00:00,2017-12-21 15:45:00+00:00,1,-0.9999999999999809,SL,False
S2R2-04,post_overlap_drift,AUDUSD,2017-12-26 14:00:00+00:00,2017-12-26 14:15:00+00:00,2017-12-26 14:30:00+00:00,1,1.4999999999998164,TP,False
S2R2-04,post_overlap_drift,AUDUSD,2017-12-26 14:45:00+00:00,2017-12-26 15:00:00+00:00,2017-12-26 15:00:00+00:00,1,-1.0000000000000524,SL,False
S2R2-04,post_overlap_drift,AUDUSD,2017-12-27 15:15:00+00:00,2017-12-27 15:30:00+00:00,2017-12-27 15:45:00+00:00,1,-0.9999999999999435,SL,False
S2R2-04,post_overlap_drift,AUDUSD,2017-12-28 14:15:00+00:00,2017-12-28 14:30:00+00:00,2017-12-28 15:15:00+00:00,1,-0.9999999999999359,SL,False
S2R2-04,post_overlap_drift,AUDUSD,2018-01-04 14:15:00+00:00,2018-01-04 14:30:00+00:00,2018-01-04 15:00:00+00:00,1,1.4999999999999334,TP,False
S2R2-04,post_overlap_drift,AUDUSD,2018-01-04 15:00:00+00:00,2018-01-04 15:15:00+00:00,2018-01-04 15:45:00+00:00,1,1.500000000000043,TP,False
S2R2-04,post_overlap_drift,AUDUSD,2018-01-08 14:45:00+00:00,2018-01-08 15:00:00+00:00,2018-01-08 16:15:00+00:00,-1,-1.00000000000008,SL,False
S2R2-04,post_overlap_drift,AUDUSD,2018-01-09 14:30:00+00:00,2018-01-09 14:45:00+00:00,2018-01-09 15:45:00+00:00,-1,-1.0000000000000215,SL,False
S2R2-04,post_overlap_drift,AUDUSD,2018-01-10 14:45:00+00:00,2018-01-10 15:00:00+00:00,2018-01-10 19:00:00+00:00,1,-0.9999999999999436,SL,False
S2R2-04,post_overlap_drift,AUDUSD,2018-01-11 14:45:00+00:00,2018-01-11 15:00:00+00:00,2018-01-11 15:15:00+00:00,1,-0.9999999999999769,SL,False
S2R2-04,post_overlap_drift,AUDUSD,2018-01-15 14:00:00+00:00,2018-01-15 14:15:00+00:00,2018-01-15 14:30:00+00:00,1,-1.0,SL,False
S2R2-04,post_overlap_drift,AUDUSD,2018-01-15 15:30:00+00:00,2018-01-15 15:45:00+00:00,2018-01-15 21:30:00+00:00,1,-0.45744979935447905,TIME,False
S2R2-04,post_overlap_drift,AUDUSD,2018-01-16 14:30:00+00:00,2018-01-16 14:45:00+00:00,2018-01-16 15:00:00+00:00,-1,-1.0000000000000278,SL,False
S2R2-04,post_overlap_drift,AUDUSD,2018-01-18 14:00:00+00:00,2018-01-18 14:15:00+00:00,2018-01-18 15:15:00+00:00,1,-1.0,SL,False
S2R2-04,post_overlap_drift,AUDUSD,2018-01-22 15:15:00+00:00,2018-01-22 15:30:00+00:00,2018-01-22 16:30:00+00:00,1,-1.0000000000000742,SL,False
S2R2-04,post_overlap_drift,AUDUSD,2018-01-24 14:45:00+00:00,2018-01-24 15:00:00+00:00,2018-01-24 16:00:00+00:00,1,-1.0,SL,False
S2R2-04,post_overlap_drift,AUDUSD,2018-01-26 14:45:00+00:00,2018-01-26 15:00:00+00:00,2018-01-26 15:30:00+00:00,1,-1.0000000000000242,SL,False
S2R2-04,post_overlap_drift,AUDUSD,2018-01-29 15:00:00+00:00,2018-01-29 15:15:00+00:00,2018-01-29 16:00:00+00:00,1,-1.0000000000000184,SL,False
S2R2-04,post_overlap_drift,AUDUSD,2018-02-02 14:45:00+00:00,2018-02-02 15:00:00+00:00,2018-02-02 16:00:00+00:00,-1,-0.7673075537284803,FRIDAY,False
S2R2-04,post_overlap_drift,AUDUSD,2018-02-05 14:30:00+00:00,2018-02-05 14:45:00+00:00,2018-02-05 15:15:00+00:00,-1,-1.0000000000000313,SL,False
S2R2-04,post_overlap_drift,AUDUSD,2018-02-12 14:30:00+00:00,2018-02-12 14:45:00+00:00,2018-02-12 15:15:00+00:00,1,-1.0000000000000182,SL,False
S2R2-04,post_overlap_drift,AUDUSD,2018-02-22 14:00:00+00:00,2018-02-22 14:15:00+00:00,2018-02-22 15:15:00+00:00,1,1.5,TP,False
S2R2-04,post_overlap_drift,AUDUSD,2018-02-22 15:15:00+00:00,2018-02-22 15:30:00+00:00,2018-02-22 18:45:00+00:00,1,-1.000000000000013,SL,False
S2R2-04,post_overlap_drift,AUDUSD,2018-02-23 14:15:00+00:00,2018-02-23 14:30:00+00:00,2018-02-23 15:00:00+00:00,-1,-0.9999999999999801,SL,False
S2R2-04,post_overlap_drift,AUDUSD,2018-02-27 14:45:00+00:00,2018-02-27 15:00:00+00:00,2018-02-27 15:30:00+00:00,-1,1.4999999999999558,TP,False
S2R2-04,post_overlap_drift,AUDUSD,2018-02-27 15:30:00+00:00,2018-02-27 15:45:00+00:00,2018-02-27 20:45:00+00:00,-1,1.4999999999999754,TP,False
S2R2-04,post_overlap_drift,AUDUSD,2018-03-01 15:00:00+00:00,2018-03-01 15:15:00+00:00,2018-03-01 15:15:00+00:00,-1,-0.9999999999999828,SL,False
S2R2-04,post_overlap_drift,AUDUSD,2018-03-02 14:30:00+00:00,2018-03-02 14:45:00+00:00,2018-03-02 15:00:00+00:00,-1,-0.9999999999999601,SL,False
S2R2-04,post_overlap_drift,AUDUSD,2018-03-05 14:00:00+00:00,2018-03-05 14:15:00+00:00,2018-03-05 15:15:00+00:00,-1,-0.9999999999999554,SL,False
S2R2-04,post_overlap_drift,AUDUSD,2018-03-06 15:15:00+00:00,2018-03-06 15:30:00+00:00,2018-03-06 15:45:00+00:00,1,-1.0,SL,False
S2R2-04,post_overlap_drift,AUDUSD,2018-03-07 14:30:00+00:00,2018-03-07 14:45:00+00:00,2018-03-07 15:15:00+00:00,1,-0.9999999999999848,SL,False
S2R2-04,post_overlap_drift,AUDUSD,2018-03-08 14:45:00+00:00,2018-03-08 15:00:00+00:00,2018-03-08 15:45:00+00:00,-1,1.499999999999967,TP,False
S2R2-04,post_overlap_drift,AUDUSD,2018-03-09 14:15:00+00:00,2018-03-09 14:30:00+00:00,2018-03-09 15:00:00+00:00,1,1.5000000000000304,TP,False
S2R2-04,post_overlap_drift,AUDUSD,2018-03-09 15:00:00+00:00,2018-03-09 15:15:00+00:00,2018-03-09 16:00:00+00:00,1,-0.32967248160054835,FRIDAY,False
S2R2-04,post_overlap_drift,AUDUSD,2018-03-15 15:30:00+00:00,2018-03-15 15:45:00+00:00,2018-03-15 16:45:00+00:00,-1,1.4999999999999527,TP,False
S2R2-04,post_overlap_drift,AUDUSD,2018-03-16 14:00:00+00:00,2018-03-16 14:15:00+00:00,2018-03-16 14:45:00+00:00,-1,1.500000000000016,TP,False
S2R2-04,post_overlap_drift,AUDUSD,2018-03-16 14:45:00+00:00,2018-03-16 15:00:00+00:00,2018-03-16 16:00:00+00:00,-1,-0.8700435324045002,FRIDAY,False
S2R2-04,post_overlap_drift,AUDUSD,2018-03-21 15:15:00+00:00,2018-03-21 15:30:00+00:00,2018-03-21 18:00:00+00:00,1,1.4999999999999822,TP,False
S2R2-04,post_overlap_drift,AUDUSD,2018-03-22 15:15:00+00:00,2018-03-22 15:30:00+00:00,2018-03-22 16:30:00+00:00,-1,-1.0000000000000255,SL,False
S2R2-04,post_overlap_drift,AUDUSD,2018-03-23 14:00:00+00:00,2018-03-23 14:15:00+00:00,2018-03-23 15:30:00+00:00,1,-1.0,SL,False
S2R2-04,post_overlap_drift,AUDUSD,2018-04-02 15:30:00+00:00,2018-04-02 15:45:00+00:00,2018-04-02 19:45:00+00:00,-1,-0.9999999999999801,SL,False
S2R2-04,post_overlap_drift,AUDUSD,2018-04-10 14:00:00+00:00,2018-04-10 14:15:00+00:00,2018-04-10 18:45:00+00:00,1,1.5000000000000642,TP,False
S2R2-04,post_overlap_drift,AUDUSD,2018-04-19 15:00:00+00:00,2018-04-19 15:15:00+00:00,2018-04-19 15:30:00+00:00,-1,1.5,TP,False
S2R2-04,post_overlap_drift,AUDUSD,2018-04-19 15:30:00+00:00,2018-04-19 15:45:00+00:00,2018-04-19 16:00:00+00:00,-1,1.5,TP,False
S2R2-04,post_overlap_drift,AUDUSD,2018-04-20 14:30:00+00:00,2018-04-20 14:45:00+00:00,2018-04-20 14:45:00+00:00,-1,-0.9999999999999618,SL,False
S2R2-04,post_overlap_drift,AUDUSD,2018-04-23 14:00:00+00:00,2018-04-23 14:15:00+00:00,2018-04-23 14:15:00+00:00,-1,-0.999999999999976,SL,False
S2R2-04,post_overlap_drift,AUDUSD,2018-04-23 15:15:00+00:00,2018-04-23 15:30:00+00:00,2018-04-23 18:45:00+00:00,-1,1.4999999999999611,TP,False
S2R2-04,post_overlap_drift,AUDUSD,2018-04-25 14:15:00+00:00,2018-04-25 14:30:00+00:00,2018-04-25 14:45:00+00:00,-1,-0.9999999999999653,SL,False
S2R2-04,post_overlap_drift,AUDUSD,2018-04-30 15:30:00+00:00,2018-04-30 15:45:00+00:00,2018-04-30 15:45:00+00:00,-1,-0.9999999999999653,SL,False
S2R2-04,post_overlap_drift,AUDUSD,2018-05-01 14:00:00+00:00,2018-05-01 14:15:00+00:00,2018-05-01 15:30:00+00:00,-1,-0.9999999999999485,SL,False
S2R2-04,post_overlap_drift,AUDUSD,2018-05-02 15:00:00+00:00,2018-05-02 15:15:00+00:00,2018-05-02 18:00:00+00:00,1,1.4999999999999472,TP,False
S2R2-04,post_overlap_drift,AUDUSD,2018-05-09 14:30:00+00:00,2018-05-09 14:45:00+00:00,2018-05-09 14:45:00+00:00,1,-1.0000000000000473,SL,False
S2R2-04,post_overlap_drift,AUDUSD,2018-05-21 14:30:00+00:00,2018-05-21 14:45:00+00:00,2018-05-21 14:45:00+00:00,1,-1.0000000000000515,SL,False
S2R2-04,post_overlap_drift,AUDUSD,2018-05-29 14:45:00+00:00,2018-05-29 15:00:00+00:00,2018-05-29 18:30:00+00:00,-1,1.500000000000045,TP,False
S2R2-04,post_overlap_drift,AUDUSD,2018-05-30 14:00:00+00:00,2018-05-30 14:15:00+00:00,2018-05-30 15:30:00+00:00,1,1.4999999999999525,TP,False
S2R2-04,post_overlap_drift,AUDUSD,2018-05-30 15:30:00+00:00,2018-05-30 15:45:00+00:00,2018-05-30 21:30:00+00:00,1,0.2797446444192149,TIME,False
S2R2-04,post_overlap_drift,AUDUSD,2018-06-11 14:15:00+00:00,2018-06-11 14:30:00+00:00,2018-06-11 14:30:00+00:00,1,-1.0,SL,False
S2R2-04,post_overlap_drift,AUDUSD,2018-06-13 14:45:00+00:00,2018-06-13 15:00:00+00:00,2018-06-13 15:30:00+00:00,1,1.5000000000000693,TP,False
S2R2-04,post_overlap_drift,AUDUSD,2018-06-13 15:30:00+00:00,2018-06-13 15:45:00+00:00,2018-06-13 18:00:00+00:00,1,-1.0000000000000648,SL,False
S2R2-04,post_overlap_drift,AUDUSD,2018-06-14 14:00:00+00:00,2018-06-14 14:15:00+00:00,2018-06-14 15:00:00+00:00,-1,-0.9999999999999546,SL,False
S2R2-04,post_overlap_drift,AUDUSD,2018-06-14 15:30:00+00:00,2018-06-14 15:45:00+00:00,2018-06-14 17:30:00+00:00,-1,1.4999999999999876,TP,False
S2R2-04,post_overlap_drift,AUDUSD,2018-06-18 15:30:00+00:00,2018-06-18 15:45:00+00:00,2018-06-18 21:30:00+00:00,-1,-0.9004142132246269,TIME,False
S2R2-04,post_overlap_drift,AUDUSD,2018-06-19 14:30:00+00:00,2018-06-19 14:45:00+00:00,2018-06-19 14:45:00+00:00,-1,-0.9999999999999666,SL,False
S2R2-04,post_overlap_drift,AUDUSD,2018-06-21 14:30:00+00:00,2018-06-21 14:45:00+00:00,2018-06-21 14:45:00+00:00,1,-1.000000000000025,SL,False
S2R2-04,post_overlap_drift,AUDUSD,2018-06-25 14:00:00+00:00,2018-06-25 14:15:00+00:00,2018-06-25 20:00:00+00:00,-1,-0.15123465481290774,TIME,False
S2R2-04,post_overlap_drift,AUDUSD,2018-06-26 14:15:00+00:00,2018-06-26 14:30:00+00:00,2018-06-26 14:45:00+00:00,-1,-0.9999999999999805,SL,False
S2R2-04,post_overlap_drift,AUDUSD,2018-06-27 15:00:00+00:00,2018-06-27 15:15:00+00:00,2018-06-27 17:45:00+00:00,-1,1.5000000000000104,TP,False
S2R2-04,post_overlap_drift,AUDUSD,2018-06-29 14:30:00+00:00,2018-06-29 14:45:00+00:00,2018-06-29 14:45:00+00:00,1,-1.0000000000000409,SL,False
S2R2-04,post_overlap_drift,AUDUSD,2018-06-29 15:15:00+00:00,2018-06-29 15:30:00+00:00,2018-06-29 16:00:00+00:00,1,-0.045848992142125046,FRIDAY,False
S2R2-04,post_overlap_drift,AUDUSD,2018-07-02 14:45:00+00:00,2018-07-02 15:00:00+00:00,2018-07-02 15:00:00+00:00,-1,1.4999999999999798,TP,False
S2R2-04,post_overlap_drift,AUDUSD,2018-07-02 15:00:00+00:00,2018-07-02 15:15:00+00:00,2018-07-02 15:15:00+00:00,-1,-0.9999999999999662,SL,False
S2R2-04,post_overlap_drift,AUDUSD,2018-07-06 14:30:00+00:00,2018-07-06 14:45:00+00:00,2018-07-06 15:45:00+00:00,1,-1.000000000000033,SL,False
S2R2-04,post_overlap_drift,AUDUSD,2018-07-11 15:00:00+00:00,2018-07-11 15:15:00+00:00,2018-07-11 17:00:00+00:00,-1,1.4999999999999696,TP,False
S2R2-04,post_overlap_drift,AUDUSD,2018-07-12 15:00:00+00:00,2018-07-12 15:15:00+00:00,2018-07-12 21:00:00+00:00,1,-0.16489644621618804,TIME,False
S2R2-04,post_overlap_drift,AUDUSD,2018-07-19 15:15:00+00:00,2018-07-19 15:30:00+00:00,2018-07-19 17:00:00+00:00,-1,-1.0000000000000242,SL,False
S2R2-04,post_overlap_drift,AUDUSD,2018-07-23 15:00:00+00:00,2018-07-23 15:15:00+00:00,2018-07-23 21:00:00+00:00,-1,-0.4021455302534035,TIME,False
S2R2-04,post_overlap_drift,AUDUSD,2018-07-24 14:00:00+00:00,2018-07-24 14:15:00+00:00,2018-07-24 15:15:00+00:00,1,-1.0,SL,False
S2R2-04,post_overlap_drift,AUDUSD,2018-07-26 14:00:00+00:00,2018-07-26 14:15:00+00:00,2018-07-26 14:15:00+00:00,-1,1.5,TP,False
S2R2-04,post_overlap_drift,AUDUSD,2018-07-26 14:15:00+00:00,2018-07-26 14:30:00+00:00,2018-07-26 15:00:00+00:00,-1,-0.9999999999999569,SL,False
S2R2-04,post_overlap_drift,AUDUSD,2018-07-31 15:30:00+00:00,2018-07-31 15:45:00+00:00,2018-07-31 20:45:00+00:00,1,-0.9999999999999876,SL,False
S2R2-04,post_overlap_drift,AUDUSD,2018-08-01 15:00:00+00:00,2018-08-01 15:15:00+00:00,2018-08-01 16:15:00+00:00,-1,1.5,TP,False
S2R2-04,post_overlap_drift,AUDUSD,2018-08-03 14:15:00+00:00,2018-08-03 14:30:00+00:00,2018-08-03 16:00:00+00:00,1,0.33570155131582446,FRIDAY,False
S2R2-04,post_overlap_drift,AUDUSD,2018-08-09 14:15:00+00:00,2018-08-09 14:30:00+00:00,2018-08-09 14:45:00+00:00,-1,1.500000000000055,TP,False
S2R2-04,post_overlap_drift,AUDUSD,2018-08-09 14:45:00+00:00,2018-08-09 15:00:00+00:00,2018-08-09 17:00:00+00:00,-1,1.5000000000000462,TP,False
S2R2-04,post_overlap_drift,AUDUSD,2018-08-10 15:30:00+00:00,2018-08-10 15:45:00+00:00,2018-08-10 16:00:00+00:00,-1,0.3499821041175139,FRIDAY,False
S2R2-04,post_overlap_drift,AUDUSD,2018-08-13 15:00:00+00:00,2018-08-13 15:15:00+00:00,2018-08-13 19:00:00+00:00,-1,1.5,TP,False
S2R2-04,post_overlap_drift,AUDUSD,2018-08-14 15:15:00+00:00,2018-08-14 15:30:00+00:00,2018-08-14 17:00:00+00:00,-1,1.4999999999999816,TP,False
S2R2-04,post_overlap_drift,AUDUSD,2018-08-24 14:00:00+00:00,2018-08-24 14:15:00+00:00,2018-08-24 16:00:00+00:00,1,0.009071156979902227,FRIDAY,False
S2R2-04,post_overlap_drift,AUDUSD,2018-08-27 14:15:00+00:00,2018-08-27 14:30:00+00:00,2018-08-27 16:45:00+00:00,1,1.5000000000000484,TP,False
S2R2-04,post_overlap_drift,AUDUSD,2018-08-30 15:15:00+00:00,2018-08-30 15:30:00+00:00,2018-08-30 18:15:00+00:00,-1,1.5000000000000295,TP,False
S2R2-04,post_overlap_drift,AUDUSD,2018-08-31 15:15:00+00:00,2018-08-31 15:30:00+00:00,2018-08-31 16:00:00+00:00,-1,1.7408770846201358,FRIDAY,False
S2R2-04,post_overlap_drift,AUDUSD,2018-09-12 14:00:00+00:00,2018-09-12 14:15:00+00:00,2018-09-12 15:00:00+00:00,1,1.499999999999961,TP,False
S2R2-04,post_overlap_drift,AUDUSD,2018-09-12 15:00:00+00:00,2018-09-12 15:15:00+00:00,2018-09-12 15:15:00+00:00,1,1.4999999999999694,TP,False
S2R2-04,post_overlap_drift,AUDUSD,2018-09-12 15:15:00+00:00,2018-09-12 15:30:00+00:00,2018-09-12 15:30:00+00:00,1,-0.999999999999987,SL,False
S2R2-04,post_overlap_drift,AUDUSD,2018-09-18 15:30:00+00:00,2018-09-18 15:45:00+00:00,2018-09-18 16:30:00+00:00,1,-1.000000000000014,SL,False
S2R2-04,post_overlap_drift,AUDUSD,2018-09-19 14:45:00+00:00,2018-09-19 15:00:00+00:00,2018-09-19 20:45:00+00:00,1,-0.29726521634848463,TIME,False
S2R2-04,post_overlap_drift,AUDUSD,2018-09-24 14:30:00+00:00,2018-09-24 14:45:00+00:00,2018-09-24 20:30:00+00:00,-1,0.6872268657120795,TIME,False
S2R2-04,post_overlap_drift,AUDUSD,2018-09-27 15:00:00+00:00,2018-09-27 15:15:00+00:00,2018-09-27 15:45:00+00:00,-1,-1.0000000000000573,SL,False
S2R2-04,post_overlap_drift,AUDUSD,2018-09-28 14:45:00+00:00,2018-09-28 15:00:00+00:00,2018-09-28 16:00:00+00:00,1,0.29705281828118874,FRIDAY,False
S2R2-04,post_overlap_drift,AUDUSD,2018-10-03 15:15:00+00:00,2018-10-03 15:30:00+00:00,2018-10-03 16:45:00+00:00,-1,1.5,TP,False
S2R2-04,post_overlap_drift,AUDUSD,2018-10-04 15:15:00+00:00,2018-10-04 15:30:00+00:00,2018-10-04 17:00:00+00:00,-1,1.4999999999999791,TP,False
S2R2-04,post_overlap_drift,AUDUSD,2018-10-08 14:00:00+00:00,2018-10-08 14:15:00+00:00,2018-10-08 14:30:00+00:00,1,-0.9999999999999768,SL,False
S2R2-04,post_overlap_drift,AUDUSD,2018-10-17 14:30:00+00:00,2018-10-17 14:45:00+00:00,2018-10-17 15:15:00+00:00,-1,-0.9999999999999558,SL,False
S2R2-04,post_overlap_drift,AUDUSD,2018-10-18 14:45:00+00:00,2018-10-18 15:00:00+00:00,2018-10-18 15:30:00+00:00,1,-0.9999999999999786,SL,False
S2R2-04,post_overlap_drift,AUDUSD,2018-10-22 14:00:00+00:00,2018-10-22 14:15:00+00:00,2018-10-22 15:30:00+00:00,-1,1.4999999999999765,TP,False
S2R2-04,post_overlap_drift,AUDUSD,2018-10-23 14:45:00+00:00,2018-10-23 15:00:00+00:00,2018-10-23 15:00:00+00:00,-1,-0.9999999999999782,SL,False
S2R2-04,post_overlap_drift,AUDUSD,2018-10-24 15:00:00+00:00,2018-10-24 15:15:00+00:00,2018-10-24 17:30:00+00:00,-1,1.4999999999999611,TP,False
S2R2-04,post_overlap_drift,AUDUSD,2018-10-25 15:15:00+00:00,2018-10-25 15:30:00+00:00,2018-10-25 16:15:00+00:00,1,-1.0000000000000562,SL,False
S2R2-04,post_overlap_drift,AUDUSD,2018-10-30 15:30:00+00:00,2018-10-30 15:45:00+00:00,2018-10-30 17:00:00+00:00,1,-1.0,SL,False
S2R2-04,post_overlap_drift,AUDUSD,2018-11-01 14:00:00+00:00,2018-11-01 14:15:00+00:00,2018-11-01 14:45:00+00:00,1,1.4999999999999465,TP,False
S2R2-04,post_overlap_drift,AUDUSD,2018-11-01 14:45:00+00:00,2018-11-01 15:00:00+00:00,2018-11-01 15:15:00+00:00,1,-0.9999999999999528,SL,False
S2R2-04,post_overlap_drift,AUDUSD,2018-11-02 14:00:00+00:00,2018-11-02 14:15:00+00:00,2018-11-02 14:30:00+00:00,1,-0.9999999999999741,SL,False
S2R2-04,post_overlap_drift,AUDUSD,2018-11-06 14:30:00+00:00,2018-11-06 14:45:00+00:00,2018-11-06 14:45:00+00:00,1,-1.0,SL,False
S2R2-04,post_overlap_drift,AUDUSD,2018-11-08 14:15:00+00:00,2018-11-08 14:30:00+00:00,2018-11-08 14:30:00+00:00,1,-1.0,SL,False
S2R2-04,post_overlap_drift,AUDUSD,2018-11-12 14:45:00+00:00,2018-11-12 15:00:00+00:00,2018-11-12 16:15:00+00:00,-1,1.5,TP,False
S2R2-04,post_overlap_drift,AUDUSD,2018-11-19 15:15:00+00:00,2018-11-19 15:30:00+00:00,2018-11-19 16:30:00+00:00,1,-0.9999999999999799,SL,False
S2R2-04,post_overlap_drift,AUDUSD,2018-11-20 14:00:00+00:00,2018-11-20 14:15:00+00:00,2018-11-20 14:15:00+00:00,-1,-1.0000000000000189,SL,False
S2R2-04,post_overlap_drift,AUDUSD,2018-11-20 14:45:00+00:00,2018-11-20 15:00:00+00:00,2018-11-20 15:00:00+00:00,-1,1.5000000000000173,TP,False
S2R2-04,post_overlap_drift,AUDUSD,2018-11-20 15:00:00+00:00,2018-11-20 15:15:00+00:00,2018-11-20 15:30:00+00:00,-1,-0.9999999999999847,SL,False
S2R2-04,post_overlap_drift,AUDUSD,2018-11-21 14:30:00+00:00,2018-11-21 14:45:00+00:00,2018-11-21 17:15:00+00:00,1,-1.0,SL,False
S2R2-04,post_overlap_drift,AUDUSD,2018-11-22 14:30:00+00:00,2018-11-22 14:45:00+00:00,2018-11-22 15:00:00+00:00,-1,1.5000000000000877,TP,False
S2R2-04,post_overlap_drift,AUDUSD,2018-11-30 14:30:00+00:00,2018-11-30 14:45:00+00:00,2018-11-30 15:15:00+00:00,-1,1.5000000000000397,TP,False
S2R2-04,post_overlap_drift,AUDUSD,2018-11-30 15:15:00+00:00,2018-11-30 15:30:00+00:00,2018-11-30 15:45:00+00:00,-1,-1.0000000000000504,SL,False
S2R2-04,post_overlap_drift,AUDUSD,2018-12-05 14:15:00+00:00,2018-12-05 14:30:00+00:00,2018-12-05 14:45:00+00:00,-1,1.5000000000000766,TP,False
S2R2-04,post_overlap_drift,AUDUSD,2018-12-05 14:45:00+00:00,2018-12-05 15:00:00+00:00,2018-12-05 20:45:00+00:00,-1,0.09075327018493459,TIME,False
S2R2-04,post_overlap_drift,AUDUSD,2018-12-10 15:30:00+00:00,2018-12-10 15:45:00+00:00,2018-12-10 16:00:00+00:00,-1,1.4999999999999822,TP,False
S2R2-04,post_overlap_drift,AUDUSD,2018-12-18 14:45:00+00:00,2018-12-18 15:00:00+00:00,2018-12-18 15:15:00+00:00,1,-0.9999999999999357,SL,False
S2R2-04,post_overlap_drift,AUDUSD,2018-12-21 14:15:00+00:00,2018-12-21 14:30:00+00:00,2018-12-21 15:15:00+00:00,-1,-1.0000000000000657,SL,False
S2R2-04,post_overlap_drift,AUDUSD,2018-12-26 14:30:00+00:00,2018-12-26 14:45:00+00:00,2018-12-26 14:45:00+00:00,1,-0.9999999999999519,SL,False
S2R2-04,post_overlap_drift,AUDUSD,2018-12-26 15:00:00+00:00,2018-12-26 15:15:00+00:00,2018-12-26 15:30:00+00:00,1,-1.0,SL,False
S2R2-04,post_overlap_drift,AUDUSD,2018-12-27 14:00:00+00:00,2018-12-27 14:15:00+00:00,2018-12-27 14:45:00+00:00,-1,-1.0000000000000222,SL,False
S2R2-04,post_overlap_drift,AUDUSD,2018-12-27 15:00:00+00:00,2018-12-27 15:15:00+00:00,2018-12-27 16:30:00+00:00,-1,-0.9999999999999369,SL,False
S2R2-04,post_overlap_drift,AUDUSD,2019-01-04 15:15:00+00:00,2019-01-04 15:30:00+00:00,2019-01-04 15:30:00+00:00,1,1.4999999999999627,TP,False
S2R2-04,post_overlap_drift,AUDUSD,2019-01-04 15:30:00+00:00,2019-01-04 15:45:00+00:00,2019-01-04 16:00:00+00:00,1,0.5975011924614253,FRIDAY,False
S2R2-04,post_overlap_drift,AUDUSD,2019-01-08 15:15:00+00:00,2019-01-08 15:30:00+00:00,2019-01-08 16:45:00+00:00,-1,-0.9999999999999676,SL,False
S2R2-04,post_overlap_drift,AUDUSD,2019-01-09 15:00:00+00:00,2019-01-09 15:15:00+00:00,2019-01-09 15:15:00+00:00,1,-1.0000000000000613,SL,False
S2R2-04,post_overlap_drift,AUDUSD,2019-01-14 15:00:00+00:00,2019-01-14 15:15:00+00:00,2019-01-14 21:00:00+00:00,1,-0.545685017532906,TIME,False
S2R2-04,post_overlap_drift,AUDUSD,2019-01-17 14:15:00+00:00,2019-01-17 14:30:00+00:00,2019-01-17 14:30:00+00:00,-1,-0.9999999999999748,SL,False
S2R2-04,post_overlap_drift,AUDUSD,2019-01-23 14:45:00+00:00,2019-01-23 15:00:00+00:00,2019-01-23 15:30:00+00:00,1,-1.0000000000000533,SL,False
S2R2-04,post_overlap_drift,AUDUSD,2019-01-25 14:00:00+00:00,2019-01-25 14:15:00+00:00,2019-01-25 14:45:00+00:00,1,1.4999999999999447,TP,False
S2R2-04,post_overlap_drift,AUDUSD,2019-01-25 14:45:00+00:00,2019-01-25 15:00:00+00:00,2019-01-25 15:15:00+00:00,1,1.4999999999999638,TP,False
S2R2-04,post_overlap_drift,AUDUSD,2019-01-25 15:15:00+00:00,2019-01-25 15:30:00+00:00,2019-01-25 16:00:00+00:00,1,0.11630420099959475,FRIDAY,False
S2R2-04,post_overlap_drift,AUDUSD,2019-01-30 15:30:00+00:00,2019-01-30 15:45:00+00:00,2019-01-30 19:00:00+00:00,1,1.5000000000000762,TP,False
S2R2-04,post_overlap_drift,AUDUSD,2019-01-31 15:00:00+00:00,2019-01-31 15:15:00+00:00,2019-01-31 15:45:00+00:00,1,1.5000000000000226,TP,False
S2R2-04,post_overlap_drift,AUDUSD,2019-02-04 14:00:00+00:00,2019-02-04 14:15:00+00:00,2019-02-04 16:15:00+00:00,-1,-0.9999999999999256,SL,False
S2R2-04,post_overlap_drift,AUDUSD,2019-02-06 14:45:00+00:00,2019-02-06 15:00:00+00:00,2019-02-06 15:45:00+00:00,-1,-1.000000000000025,SL,False
S2R2-04,post_overlap_drift,AUDUSD,2019-02-11 14:15:00+00:00,2019-02-11 14:30:00+00:00,2019-02-11 14:30:00+00:00,-1,-1.0000000000000453,SL,False
S2R2-04,post_overlap_drift,AUDUSD,2019-02-11 15:30:00+00:00,2019-02-11 15:45:00+00:00,2019-02-11 21:30:00+00:00,-1,-0.17599860853742566,TIME,False
S2R2-04,post_overlap_drift,AUDUSD,2019-02-12 14:15:00+00:00,2019-02-12 14:30:00+00:00,2019-02-12 14:45:00+00:00,1,-0.9999999999999384,SL,False
S2R2-04,post_overlap_drift,AUDUSD,2019-02-21 14:00:00+00:00,2019-02-21 14:15:00+00:00,2019-02-21 15:00:00+00:00,-1,1.5,TP,False
S2R2-04,post_overlap_drift,AUDUSD,2019-02-21 15:00:00+00:00,2019-02-21 15:15:00+00:00,2019-02-21 16:00:00+00:00,-1,1.4999999999999798,TP,False
S2R2-04,post_overlap_drift,AUDUSD,2019-02-22 15:00:00+00:00,2019-02-22 15:15:00+00:00,2019-02-22 16:00:00+00:00,1,0.3297152634580792,FRIDAY,False
S2R2-04,post_overlap_drift,AUDUSD,2019-02-25 14:00:00+00:00,2019-02-25 14:15:00+00:00,2019-02-25 15:15:00+00:00,1,-1.0,SL,False
S2R2-04,post_overlap_drift,AUDUSD,2019-02-26 15:00:00+00:00,2019-02-26 15:15:00+00:00,2019-02-26 15:15:00+00:00,-1,-0.999999999999975,SL,False
S2R2-04,post_overlap_drift,AUDUSD,2019-02-27 14:30:00+00:00,2019-02-27 14:45:00+00:00,2019-02-27 15:00:00+00:00,-1,1.4999999999999571,TP,False
S2R2-04,post_overlap_drift,AUDUSD,2019-02-27 15:00:00+00:00,2019-02-27 15:15:00+00:00,2019-02-27 15:30:00+00:00,-1,-1.0000000000000366,SL,False
S2R2-04,post_overlap_drift,AUDUSD,2019-02-28 14:45:00+00:00,2019-02-28 15:00:00+00:00,2019-02-28 15:15:00+00:00,-1,1.4999999999999805,TP,False
S2R2-04,post_overlap_drift,AUDUSD,2019-02-28 15:15:00+00:00,2019-02-28 15:30:00+00:00,2019-02-28 15:45:00+00:00,-1,-1.0000000000000175,SL,False
S2R2-04,post_overlap_drift,AUDUSD,2019-03-04 14:30:00+00:00,2019-03-04 14:45:00+00:00,2019-03-04 19:30:00+00:00,-1,-0.9999999999999463,SL,False
S2R2-04,post_overlap_drift,AUDUSD,2019-03-05 15:00:00+00:00,2019-03-05 15:15:00+00:00,2019-03-05 15:30:00+00:00,-1,1.5000000000000502,TP,False
S2R2-04,post_overlap_drift,AUDUSD,2019-03-06 15:00:00+00:00,2019-03-06 15:15:00+00:00,2019-03-06 21:00:00+00:00,-1,0.28197005568708533,TIME,False
S2R2-04,post_overlap_drift,AUDUSD,2019-03-12 14:30:00+00:00,2019-03-12 14:45:00+00:00,2019-03-12 15:00:00+00:00,1,-1.000000000000024,SL,False
S2R2-04,post_overlap_drift,AUDUSD,2019-03-13 15:30:00+00:00,2019-03-13 15:45:00+00:00,2019-03-13 15:45:00+00:00,1,1.4999999999999256,TP,False
S2R2-04,post_overlap_drift,AUDUSD,2019-03-15 14:00:00+00:00,2019-03-15 14:15:00+00:00,2019-03-15 15:15:00+00:00,1,1.5000000000000298,TP,False
S2R2-04,post_overlap_drift,AUDUSD,2019-03-15 15:15:00+00:00,2019-03-15 15:30:00+00:00,2019-03-15 15:45:00+00:00,1,-1.00000000000008,SL,False
S2R2-04,post_overlap_drift,AUDUSD,2019-03-22 14:45:00+00:00,2019-03-22 15:00:00+00:00,2019-03-22 16:00:00+00:00,-1,-0.3858153844179676,FRIDAY,False
S2R2-04,post_overlap_drift,AUDUSD,2019-03-25 15:00:00+00:00,2019-03-25 15:15:00+00:00,2019-03-25 21:00:00+00:00,1,0.11841433031631396,TIME,False
S2R2-04,post_overlap_drift,AUDUSD,2019-03-26 15:00:00+00:00,2019-03-26 15:15:00+00:00,2019-03-26 20:15:00+00:00,1,-1.0000000000000682,SL,False
S2R2-04,post_overlap_drift,AUDUSD,2019-03-27 14:00:00+00:00,2019-03-27 14:15:00+00:00,2019-03-27 15:30:00+00:00,-1,1.499999999999931,TP,False
S2R2-04,post_overlap_drift,AUDUSD,2019-03-27 15:30:00+00:00,2019-03-27 15:45:00+00:00,2019-03-27 16:15:00+00:00,-1,-0.9999999999999478,SL,False
S2R2-04,post_overlap_drift,AUDUSD,2019-03-28 15:30:00+00:00,2019-03-28 15:45:00+00:00,2019-03-28 18:00:00+00:00,-1,-1.0000000000000364,SL,False
S2R2-04,post_overlap_drift,AUDUSD,2019-04-02 14:00:00+00:00,2019-04-02 14:15:00+00:00,2019-04-02 15:00:00+00:00,-1,1.5000000000000806,TP,False
S2R2-04,post_overlap_drift,AUDUSD,2019-04-02 15:00:00+00:00,2019-04-02 15:15:00+00:00,2019-04-02 17:00:00+00:00,-1,-0.9999999999999312,SL,False
S2R2-04,post_overlap_drift,AUDUSD,2019-04-08 14:15:00+00:00,2019-04-08 14:30:00+00:00,2019-04-08 14:45:00+00:00,1,-0.9999999999999714,SL,False
S2R2-04,post_overlap_drift,AUDUSD,2019-04-10 15:00:00+00:00,2019-04-10 15:15:00+00:00,2019-04-10 16:15:00+00:00,1,1.4999999999999798,TP,False
S2R2-04,post_overlap_drift,AUDUSD,2019-04-11 15:00:00+00:00,2019-04-11 15:15:00+00:00,2019-04-11 16:00:00+00:00,-1,1.500000000000049,TP,False
S2R2-04,post_overlap_drift,AUDUSD,2019-04-12 14:15:00+00:00,2019-04-12 14:30:00+00:00,2019-04-12 14:30:00+00:00,1,-0.9999999999999742,SL,False
S2R2-04,post_overlap_drift,AUDUSD,2019-04-18 14:15:00+00:00,2019-04-18 14:30:00+00:00,2019-04-18 16:15:00+00:00,-1,1.4999999999999498,TP,False
S2R2-04,post_overlap_drift,AUDUSD,2019-04-22 14:30:00+00:00,2019-04-22 14:45:00+00:00,2019-04-22 15:45:00+00:00,-1,-0.9999999999998875,SL,False
S2R2-04,post_overlap_drift,AUDUSD,2019-04-23 14:00:00+00:00,2019-04-23 14:15:00+00:00,2019-04-23 14:30:00+00:00,-1,1.49999999999997,TP,False
S2R2-04,post_overlap_drift,AUDUSD,2019-04-24 14:00:00+00:00,2019-04-24 14:15:00+00:00,2019-04-24 14:15:00+00:00,-1,-0.9999999999999601,SL,False
S2R2-04,post_overlap_drift,AUDUSD,2019-04-26 14:30:00+00:00,2019-04-26 14:45:00+00:00,2019-04-26 14:45:00+00:00,1,-1.0000000000000306,SL,False
S2R2-04,post_overlap_drift,AUDUSD,2019-04-29 14:45:00+00:00,2019-04-29 15:00:00+00:00,2019-04-29 20:45:00+00:00,1,0.2025019274291825,TIME,False
S2R2-04,post_overlap_drift,AUDUSD,2019-04-30 14:00:00+00:00,2019-04-30 14:15:00+00:00,2019-04-30 16:15:00+00:00,-1,-1.0000000000000804,SL,False
S2R2-04,post_overlap_drift,AUDUSD,2019-05-02 14:15:00+00:00,2019-05-02 14:30:00+00:00,2019-05-02 16:30:00+00:00,-1,-1.0000000000000515,SL,False
S2R2-04,post_overlap_drift,AUDUSD,2019-05-03 14:00:00+00:00,2019-05-03 14:15:00+00:00,2019-05-03 16:00:00+00:00,1,0.27771953874687527,FRIDAY,False
S2R2-04,post_overlap_drift,AUDUSD,2019-05-13 14:45:00+00:00,2019-05-13 15:00:00+00:00,2019-05-13 17:00:00+00:00,-1,1.499999999999939,TP,False
S2R2-04,post_overlap_drift,AUDUSD,2019-05-16 14:00:00+00:00,2019-05-16 14:15:00+00:00,2019-05-16 14:15:00+00:00,-1,-1.0000000000000233,SL,False
S2R2-04,post_overlap_drift,AUDUSD,2019-05-17 14:00:00+00:00,2019-05-17 14:15:00+00:00,2019-05-17 14:30:00+00:00,-1,-0.9999999999999435,SL,False
S2R2-04,post_overlap_drift,AUDUSD,2019-05-20 14:00:00+00:00,2019-05-20 14:15:00+00:00,2019-05-20 14:45:00+00:00,1,1.4999999999999645,TP,False
S2R2-04,post_overlap_drift,AUDUSD,2019-05-24 14:15:00+00:00,2019-05-24 14:30:00+00:00,2019-05-24 14:45:00+00:00,1,-1.000000000000063,SL,False
S2R2-04,post_overlap_drift,AUDUSD,2019-05-27 14:15:00+00:00,2019-05-27 14:30:00+00:00,2019-05-27 17:00:00+00:00,-1,1.5000000000000542,TP,False
S2R2-04,post_overlap_drift,AUDUSD,2019-05-29 15:15:00+00:00,2019-05-29 15:30:00+00:00,2019-05-29 16:15:00+00:00,-1,-1.0000000000000238,SL,False
S2R2-04,post_overlap_drift,AUDUSD,2019-05-31 14:00:00+00:00,2019-05-31 14:15:00+00:00,2019-05-31 14:30:00+00:00,1,1.5000000000000733,TP,False
S2R2-04,post_overlap_drift,AUDUSD,2019-06-03 14:15:00+00:00,2019-06-03 14:30:00+00:00,2019-06-03 14:45:00+00:00,1,-0.999999999999942,SL,False
S2R2-04,post_overlap_drift,AUDUSD,2019-06-06 15:15:00+00:00,2019-06-06 15:30:00+00:00,2019-06-06 16:00:00+00:00,1,-1.0000000000000653,SL,False
S2R2-04,post_overlap_drift,AUDUSD,2019-06-12 15:30:00+00:00,2019-06-12 15:45:00+00:00,2019-06-12 16:30:00+00:00,-1,1.5000000000000677,TP,False
S2R2-04,post_overlap_drift,AUDUSD,2019-06-14 14:15:00+00:00,2019-06-14 14:30:00+00:00,2019-06-14 16:00:00+00:00,-1,0.9535103016211328,FRIDAY,False
S2R2-04,post_overlap_drift,AUDUSD,2019-06-17 14:45:00+00:00,2019-06-17 15:00:00+00:00,2019-06-17 15:00:00+00:00,-1,-0.9999999999999104,SL,False
S2R2-04,post_overlap_drift,AUDUSD,2019-06-18 15:15:00+00:00,2019-06-18 15:30:00+00:00,2019-06-18 17:30:00+00:00,1,-0.9999999999999819,SL,False
S2R2-04,post_overlap_drift,AUDUSD,2019-06-21 14:00:00+00:00,2019-06-21 14:15:00+00:00,2019-06-21 14:15:00+00:00,-1,-0.9999999999999762,SL,False
S2R2-04,post_overlap_drift,AUDUSD,2019-06-24 15:00:00+00:00,2019-06-24 15:15:00+00:00,2019-06-24 21:00:00+00:00,1,-1.0000000000000853,SL,False
S2R2-04,post_overlap_drift,AUDUSD,2019-06-26 15:00:00+00:00,2019-06-26 15:15:00+00:00,2019-06-26 21:00:00+00:00,1,-0.3066239781169376,TIME,False
S2R2-04,post_overlap_drift,AUDUSD,2019-06-27 14:30:00+00:00,2019-06-27 14:45:00+00:00,2019-06-27 15:15:00+00:00,1,-0.9999999999999103,SL,False
S2R2-04,post_overlap_drift,AUDUSD,2019-06-28 14:45:00+00:00,2019-06-28 15:00:00+00:00,2019-06-28 15:00:00+00:00,1,-1.0,SL,False
S2R2-04,post_overlap_drift,AUDUSD,2019-07-01 14:00:00+00:00,2019-07-01 14:15:00+00:00,2019-07-01 14:45:00+00:00,-1,1.4999999999999307,TP,False
S2R2-04,post_overlap_drift,AUDUSD,2019-07-01 14:45:00+00:00,2019-07-01 15:00:00+00:00,2019-07-01 16:45:00+00:00,-1,1.4999999999999143,TP,False
S2R2-04,post_overlap_drift,AUDUSD,2019-07-03 14:00:00+00:00,2019-07-03 14:15:00+00:00,2019-07-03 20:00:00+00:00,1,0.12020660968140057,TIME,False
S2R2-04,post_overlap_drift,AUDUSD,2019-07-04 14:45:00+00:00,2019-07-04 15:00:00+00:00,2019-07-04 19:15:00+00:00,-1,-1.0000000000000444,SL,False
S2R2-04,post_overlap_drift,AUDUSD,2019-07-05 14:00:00+00:00,2019-07-05 14:15:00+00:00,2019-07-05 16:00:00+00:00,-1,-0.5967425675765073,FRIDAY,False
S2R2-04,post_overlap_drift,AUDUSD,2019-07-12 14:15:00+00:00,2019-07-12 14:30:00+00:00,2019-07-12 14:30:00+00:00,1,-1.0000000000000655,SL,False
S2R2-04,post_overlap_drift,AUDUSD,2019-07-12 14:45:00+00:00,2019-07-12 15:00:00+00:00,2019-07-12 15:00:00+00:00,1,-0.9999999999999477,SL,False
S2R2-04,post_overlap_drift,AUDUSD,2019-07-15 15:30:00+00:00,2019-07-15 15:45:00+00:00,2019-07-15 21:30:00+00:00,1,0.6573499275253661,TIME,False
S2R2-04,post_overlap_drift,AUDUSD,2019-07-16 15:15:00+00:00,2019-07-16 15:30:00+00:00,2019-07-16 17:30:00+00:00,-1,1.4999999999999467,TP,False
S2R2-04,post_overlap_drift,AUDUSD,2019-07-18 14:00:00+00:00,2019-07-18 14:15:00+00:00,2019-07-18 18:15:00+00:00,1,1.5000000000000278,TP,False
S2R2-04,post_overlap_drift,AUDUSD,2019-07-19 14:30:00+00:00,2019-07-19 14:45:00+00:00,2019-07-19 16:00:00+00:00,-1,0.2972398254828233,FRIDAY,False
S2R2-04,post_overlap_drift,AUDUSD,2019-07-23 14:15:00+00:00,2019-07-23 14:30:00+00:00,2019-07-23 17:30:00+00:00,-1,-0.9999999999999761,SL,False
S2R2-04,post_overlap_drift,AUDUSD,2019-07-24 14:45:00+00:00,2019-07-24 15:00:00+00:00,2019-07-24 20:45:00+00:00,-1,-0.09792107374717339,TIME,False
S2R2-04,post_overlap_drift,AUDUSD,2019-07-26 14:00:00+00:00,2019-07-26 14:15:00+00:00,2019-07-26 15:15:00+00:00,-1,1.5000000000001044,TP,False
S2R2-04,post_overlap_drift,AUDUSD,2019-07-26 15:15:00+00:00,2019-07-26 15:30:00+00:00,2019-07-26 16:00:00+00:00,-1,-0.33578835541098273,FRIDAY,False
S2R2-04,post_overlap_drift,AUDUSD,2019-07-29 14:45:00+00:00,2019-07-29 15:00:00+00:00,2019-07-29 15:00:00+00:00,-1,-0.9999999999999349,SL,False
S2R2-04,post_overlap_drift,AUDUSD,2019-07-30 15:15:00+00:00,2019-07-30 15:30:00+00:00,2019-07-30 16:00:00+00:00,-1,-1.0000000000000815,SL,False
S2R2-04,post_overlap_drift,AUDUSD,2019-07-31 14:45:00+00:00,2019-07-31 15:00:00+00:00,2019-07-31 15:00:00+00:00,1,-1.000000000000056,SL,False
S2R2-04,post_overlap_drift,AUDUSD,2019-08-13 14:00:00+00:00,2019-08-13 14:15:00+00:00,2019-08-13 14:30:00+00:00,1,-1.0000000000000415,SL,False
S2R2-04,post_overlap_drift,AUDUSD,2019-08-16 14:15:00+00:00,2019-08-16 14:30:00+00:00,2019-08-16 16:00:00+00:00,1,0.4797293415467109,FRIDAY,False
S2R2-04,post_overlap_drift,AUDUSD,2019-08-22 14:00:00+00:00,2019-08-22 14:15:00+00:00,2019-08-22 15:00:00+00:00,-1,-1.0000000000000726,SL,False
S2R2-04,post_overlap_drift,AUDUSD,2019-08-26 14:15:00+00:00,2019-08-26 14:30:00+00:00,2019-08-26 15:00:00+00:00,1,1.5000000000000633,TP,False
S2R2-04,post_overlap_drift,AUDUSD,2019-08-26 15:00:00+00:00,2019-08-26 15:15:00+00:00,2019-08-26 15:30:00+00:00,1,-1.0,SL,False
S2R2-04,post_overlap_drift,AUDUSD,2019-08-28 14:00:00+00:00,2019-08-28 14:15:00+00:00,2019-08-28 14:30:00+00:00,-1,-1.0000000000001044,SL,False
S2R2-04,post_overlap_drift,AUDUSD,2019-09-03 14:00:00+00:00,2019-09-03 14:15:00+00:00,2019-09-03 14:45:00+00:00,1,1.5000000000000808,TP,False
S2R2-04,post_overlap_drift,AUDUSD,2019-09-03 14:45:00+00:00,2019-09-03 15:00:00+00:00,2019-09-03 20:45:00+00:00,1,-0.09714551499595168,TIME,False
S2R2-04,post_overlap_drift,AUDUSD,2019-09-04 14:15:00+00:00,2019-09-04 14:30:00+00:00,2019-09-04 14:45:00+00:00,1,-0.9999999999999685,SL,False
S2R2-04,post_overlap_drift,AUDUSD,2019-09-06 14:45:00+00:00,2019-09-06 15:00:00+00:00,2019-09-06 16:00:00+00:00,1,-0.13280413565163351,FRIDAY,False
S2R2-04,post_overlap_drift,AUDUSD,2019-09-09 14:00:00+00:00,2019-09-09 14:15:00+00:00,2019-09-09 14:45:00+00:00,1,-0.9999999999998994,SL,False
S2R2-04,post_overlap_drift,AUDUSD,2019-09-09 15:15:00+00:00,2019-09-09 15:30:00+00:00,2019-09-09 16:15:00+00:00,1,-1.0000000000000648,SL,False
S2R2-04,post_overlap_drift,AUDUSD,2019-09-13 14:15:00+00:00,2019-09-13 14:30:00+00:00,2019-09-13 16:00:00+00:00,1,0.6083378990885092,FRIDAY,False
S2R2-04,post_overlap_drift,AUDUSD,2019-09-18 14:30:00+00:00,2019-09-18 14:45:00+00:00,2019-09-18 14:45:00+00:00,-1,-0.9999999999999627,SL,False
S2R2-04,post_overlap_drift,AUDUSD,2019-09-19 14:15:00+00:00,2019-09-19 14:30:00+00:00,2019-09-19 14:45:00+00:00,-1,-1.0000000000000302,SL,False
S2R2-04,post_overlap_drift,AUDUSD,2019-09-20 14:00:00+00:00,2019-09-20 14:15:00+00:00,2019-09-20 14:45:00+00:00,-1,-0.9999999999999724,SL,False
S2R2-04,post_overlap_drift,AUDUSD,2019-09-20 15:15:00+00:00,2019-09-20 15:30:00+00:00,2019-09-20 16:00:00+00:00,-1,0.30758208955223876,FRIDAY,False
S2R2-04,post_overlap_drift,AUDUSD,2019-09-23 15:00:00+00:00,2019-09-23 15:15:00+00:00,2019-09-23 16:00:00+00:00,1,-0.9999999999999367,SL,False
S2R2-04,post_overlap_drift,AUDUSD,2019-09-24 14:00:00+00:00,2019-09-24 14:15:00+00:00,2019-09-24 14:15:00+00:00,1,-1.0,SL,False
S2R2-04,post_overlap_drift,AUDUSD,2019-09-25 14:00:00+00:00,2019-09-25 14:15:00+00:00,2019-09-25 14:45:00+00:00,-1,-1.000000000000056,SL,False
S2R2-04,post_overlap_drift,AUDUSD,2019-09-27 14:00:00+00:00,2019-09-27 14:15:00+00:00,2019-09-27 15:30:00+00:00,1,-0.9999999999999754,SL,False
S2R2-04,post_overlap_drift,AUDUSD,2019-10-03 14:00:00+00:00,2019-10-03 14:15:00+00:00,2019-10-03 14:45:00+00:00,1,1.4999999999999745,TP,False
S2R2-04,post_overlap_drift,AUDUSD,2019-10-03 15:30:00+00:00,2019-10-03 15:45:00+00:00,2019-10-03 18:30:00+00:00,1,-1.0000000000000604,SL,False
S2R2-04,post_overlap_drift,AUDUSD,2019-10-04 14:15:00+00:00,2019-10-04 14:30:00+00:00,2019-10-04 14:45:00+00:00,1,-1.0000000000000588,SL,False
S2R2-04,post_overlap_drift,AUDUSD,2019-10-07 15:30:00+00:00,2019-10-07 15:45:00+00:00,2019-10-07 16:45:00+00:00,-1,1.5,TP,False
S2R2-04,post_overlap_drift,AUDUSD,2019-10-10 14:15:00+00:00,2019-10-10 14:30:00+00:00,2019-10-10 14:45:00+00:00,1,-0.9999999999999274,SL,False
S2R2-04,post_overlap_drift,AUDUSD,2019-10-10 15:30:00+00:00,2019-10-10 15:45:00+00:00,2019-10-10 19:00:00+00:00,1,-1.0,SL,False
S2R2-04,post_overlap_drift,AUDUSD,2019-10-11 15:00:00+00:00,2019-10-11 15:15:00+00:00,2019-10-11 16:00:00+00:00,1,-0.46384194386341615,FRIDAY,False
S2R2-04,post_overlap_drift,AUDUSD,2019-10-23 14:15:00+00:00,2019-10-23 14:30:00+00:00,2019-10-23 14:45:00+00:00,-1,-0.9999999999999284,SL,False
S2R2-04,post_overlap_drift,AUDUSD,2019-10-24 14:00:00+00:00,2019-10-24 14:15:00+00:00,2019-10-24 14:30:00+00:00,-1,-1.0000000000000242,SL,False
S2R2-04,post_overlap_drift,AUDUSD,2019-10-25 14:45:00+00:00,2019-10-25 15:00:00+00:00,2019-10-25 16:00:00+00:00,1,-1.1965818061410325,FRIDAY,False
S2R2-04,post_overlap_drift,AUDUSD,2019-10-28 14:00:00+00:00,2019-10-28 14:15:00+00:00,2019-10-28 14:45:00+00:00,1,-0.9999999999999285,SL,False
S2R2-04,post_overlap_drift,AUDUSD,2019-10-28 15:30:00+00:00,2019-10-28 15:45:00+00:00,2019-10-28 17:00:00+00:00,1,1.500000000000035,TP,False
S2R2-04,post_overlap_drift,AUDUSD,2019-10-29 14:30:00+00:00,2019-10-29 14:45:00+00:00,2019-10-29 16:45:00+00:00,1,-1.0000000000000535,SL,False
S2R2-04,post_overlap_drift,AUDUSD,2019-10-30 15:15:00+00:00,2019-10-30 15:30:00+00:00,2019-10-30 18:00:00+00:00,1,-1.0000000000000488,SL,False
S2R2-04,post_overlap_drift,AUDUSD,2019-11-01 14:00:00+00:00,2019-11-01 14:15:00+00:00,2019-11-01 16:00:00+00:00,1,-0.1476744109883344,FRIDAY,False
S2R2-04,post_overlap_drift,AUDUSD,2019-11-04 14:00:00+00:00,2019-11-04 14:15:00+00:00,2019-11-04 14:30:00+00:00,-1,-0.9999999999999236,SL,False
S2R2-04,post_overlap_drift,AUDUSD,2019-11-04 15:15:00+00:00,2019-11-04 15:30:00+00:00,2019-11-04 15:30:00+00:00,-1,-0.9999999999999677,SL,False
S2R2-04,post_overlap_drift,AUDUSD,2019-11-07 14:45:00+00:00,2019-11-07 15:00:00+00:00,2019-11-07 15:00:00+00:00,1,-1.0000000000000775,SL,False
S2R2-04,post_overlap_drift,AUDUSD,2019-11-08 14:15:00+00:00,2019-11-08 14:30:00+00:00,2019-11-08 14:45:00+00:00,-1,-1.000000000000032,SL,False
S2R2-04,post_overlap_drift,AUDUSD,2019-11-08 14:45:00+00:00,2019-11-08 15:00:00+00:00,2019-11-08 15:00:00+00:00,-1,-0.9999999999999437,SL,False
S2R2-04,post_overlap_drift,AUDUSD,2019-11-11 15:00:00+00:00,2019-11-11 15:15:00+00:00,2019-11-11 17:30:00+00:00,-1,-1.0,SL,False
S2R2-04,post_overlap_drift,AUDUSD,2019-11-12 14:45:00+00:00,2019-11-12 15:00:00+00:00,2019-11-12 15:45:00+00:00,-1,-1.0000000000000564,SL,False
S2R2-04,post_overlap_drift,AUDUSD,2019-11-14 15:00:00+00:00,2019-11-14 15:15:00+00:00,2019-11-14 15:15:00+00:00,-1,-1.0000000000000309,SL,False
S2R2-04,post_overlap_drift,AUDUSD,2019-11-15 15:15:00+00:00,2019-11-15 15:30:00+00:00,2019-11-15 15:45:00+00:00,1,-0.9999999999999146,SL,False
S2R2-04,post_overlap_drift,AUDUSD,2019-11-18 15:30:00+00:00,2019-11-18 15:45:00+00:00,2019-11-18 16:00:00+00:00,1,1.5,TP,False
S2R2-04,post_overlap_drift,AUDUSD,2019-12-02 14:00:00+00:00,2019-12-02 14:15:00+00:00,2019-12-02 15:00:00+00:00,1,1.4999999999999567,TP,False
S2R2-04,post_overlap_drift,AUDUSD,2019-12-02 15:00:00+00:00,2019-12-02 15:15:00+00:00,2019-12-02 15:15:00+00:00,1,1.500000000000033,TP,False
S2R2-04,post_overlap_drift,AUDUSD,2019-12-02 15:15:00+00:00,2019-12-02 15:30:00+00:00,2019-12-02 15:30:00+00:00,1,-1.0,SL,False
S2R2-04,post_overlap_drift,AUDUSD,2019-12-03 14:15:00+00:00,2019-12-03 14:30:00+00:00,2019-12-03 14:45:00+00:00,1,-0.9999999999999726,SL,False
S2R2-04,post_overlap_drift,AUDUSD,2019-12-11 14:00:00+00:00,2019-12-11 14:15:00+00:00,2019-12-11 14:45:00+00:00,1,-0.999999999999959,SL,False
S2R2-04,post_overlap_drift,AUDUSD,2019-12-12 14:30:00+00:00,2019-12-12 14:45:00+00:00,2019-12-12 14:45:00+00:00,1,-0.9999999999999457,SL,False
S2R2-04,post_overlap_drift,AUDUSD,2019-12-12 15:15:00+00:00,2019-12-12 15:30:00+00:00,2019-12-12 15:45:00+00:00,1,-1.0000000000000604,SL,False
S2R2-04,post_overlap_drift,AUDUSD,2019-12-13 14:00:00+00:00,2019-12-13 14:15:00+00:00,2019-12-13 14:15:00+00:00,-1,1.500000000000023,TP,False
S2R2-04,post_overlap_drift,AUDUSD,2019-12-13 14:15:00+00:00,2019-12-13 14:30:00+00:00,2019-12-13 14:45:00+00:00,-1,-1.00000000000004,SL,False
S2R2-04,post_overlap_drift,AUDUSD,2019-12-16 14:45:00+00:00,2019-12-16 15:00:00+00:00,2019-12-16 15:00:00+00:00,-1,-0.9999999999999113,SL,False
S2R2-04,post_overlap_drift,AUDUSD,2019-12-19 14:15:00+00:00,2019-12-19 14:30:00+00:00,2019-12-19 15:00:00+00:00,1,1.5000000000000668,TP,False
S2R2-04,post_overlap_drift,AUDUSD,2019-12-19 15:00:00+00:00,2019-12-19 15:15:00+00:00,2019-12-19 15:15:00+00:00,1,-0.9999999999999407,SL,False
S2R2-04,post_overlap_drift,AUDUSD,2019-12-20 14:15:00+00:00,2019-12-20 14:30:00+00:00,2019-12-20 14:30:00+00:00,1,-0.99999999999987,SL,False
S2R2-04,post_overlap_drift,AUDUSD,2019-12-20 15:15:00+00:00,2019-12-20 15:30:00+00:00,2019-12-20 15:45:00+00:00,1,-0.9999999999998865,SL,False
S2R2-04,post_overlap_drift,AUDUSD,2019-12-23 15:30:00+00:00,2019-12-23 15:45:00+00:00,2019-12-23 16:00:00+00:00,1,-0.9999999999999739,SL,False
S2R2-04,post_overlap_drift,AUDUSD,2019-12-26 15:15:00+00:00,2019-12-26 15:30:00+00:00,2019-12-26 18:45:00+00:00,1,1.500000000000051,TP,False
S2R2-04,post_overlap_drift,AUDUSD,2019-12-27 15:15:00+00:00,2019-12-27 15:30:00+00:00,2019-12-27 16:00:00+00:00,1,0.6571566767124307,FRIDAY,False
S2R2-04,post_overlap_drift,AUDUSD,2019-12-30 14:00:00+00:00,2019-12-30 14:15:00+00:00,2019-12-30 14:45:00+00:00,1,-1.0000000000000442,SL,False
S2R2-04,post_overlap_drift,AUDUSD,2020-01-02 14:15:00+00:00,2020-01-02 14:30:00+00:00,2020-01-02 14:30:00+00:00,-1,-0.999999999999971,SL,False
S2R2-04,post_overlap_drift,AUDUSD,2020-01-03 14:15:00+00:00,2020-01-03 14:30:00+00:00,2020-01-03 14:30:00+00:00,-1,-0.999999999999971,SL,False
S2R2-04,post_overlap_drift,AUDUSD,2020-01-06 14:00:00+00:00,2020-01-06 14:15:00+00:00,2020-01-06 14:45:00+00:00,-1,1.5000000000000295,TP,False
S2R2-04,post_overlap_drift,AUDUSD,2020-01-06 14:45:00+00:00,2020-01-06 15:00:00+00:00,2020-01-06 15:15:00+00:00,-1,-1.0000000000000264,SL,False
S2R2-04,post_overlap_drift,AUDUSD,2020-01-09 14:15:00+00:00,2020-01-09 14:30:00+00:00,2020-01-09 17:30:00+00:00,-1,1.4999999999999707,TP,False
S2R2-04,post_overlap_drift,AUDUSD,2020-01-10 14:45:00+00:00,2020-01-10 15:00:00+00:00,2020-01-10 15:30:00+00:00,1,1.500000000000066,TP,False
S2R2-04,post_overlap_drift,AUDUSD,2020-01-10 15:30:00+00:00,2020-01-10 15:45:00+00:00,2020-01-10 16:00:00+00:00,1,0.03693945931059806,FRIDAY,False
S2R2-04,post_overlap_drift,AUDUSD,2020-01-17 15:00:00+00:00,2020-01-17 15:15:00+00:00,2020-01-17 15:30:00+00:00,-1,1.4999999999999687,TP,False
S2R2-04,post_overlap_drift,AUDUSD,2020-01-17 15:30:00+00:00,2020-01-17 15:45:00+00:00,2020-01-17 15:45:00+00:00,-1,-1.0000000000000278,SL,False
S2R2-04,post_overlap_drift,AUDUSD,2020-01-21 14:30:00+00:00,2020-01-21 14:45:00+00:00,2020-01-21 15:30:00+00:00,-1,1.5,TP,False
S2R2-04,post_overlap_drift,AUDUSD,2020-01-21 15:30:00+00:00,2020-01-21 15:45:00+00:00,2020-01-21 15:45:00+00:00,-1,-1.000000000000027,SL,False
S2R2-04,post_overlap_drift,AUDUSD,2020-01-24 14:30:00+00:00,2020-01-24 14:45:00+00:00,2020-01-24 15:00:00+00:00,-1,1.499999999999929,TP,False
S2R2-04,post_overlap_drift,AUDUSD,2020-01-24 15:00:00+00:00,2020-01-24 15:15:00+00:00,2020-01-24 15:15:00+00:00,-1,1.4999999999999694,TP,False
S2R2-04,post_overlap_drift,AUDUSD,2020-01-24 15:15:00+00:00,2020-01-24 15:30:00+00:00,2020-01-24 16:00:00+00:00,-1,-0.9997186654643824,FRIDAY,False
S2R2-04,post_overlap_drift,AUDUSD,2020-01-28 14:30:00+00:00,2020-01-28 14:45:00+00:00,2020-01-28 15:00:00+00:00,-1,-1.0000000000000808,SL,False
S2R2-04,post_overlap_drift,AUDUSD,2020-01-29 14:15:00+00:00,2020-01-29 14:30:00+00:00,2020-01-29 16:00:00+00:00,-1,-1.0000000000000278,SL,False
S2R2-04,post_overlap_drift,AUDUSD,2020-01-30 14:00:00+00:00,2020-01-30 14:15:00+00:00,2020-01-30 15:45:00+00:00,-1,1.5000000000000449,TP,False
S2R2-04,post_overlap_drift,AUDUSD,2020-01-31 14:15:00+00:00,2020-01-31 14:30:00+00:00,2020-01-31 14:45:00+00:00,-1,-1.0000000000000602,SL,False
S2R2-04,post_overlap_drift,AUDUSD,2020-01-31 15:30:00+00:00,2020-01-31 15:45:00+00:00,2020-01-31 15:45:00+00:00,-1,-0.9999999999999211,SL,False
S2R2-04,post_overlap_drift,AUDUSD,2020-02-03 14:00:00+00:00,2020-02-03 14:15:00+00:00,2020-02-03 14:30:00+00:00,-1,-1.0000000000000953,SL,False
S2R2-04,post_overlap_drift,AUDUSD,2020-02-03 15:30:00+00:00,2020-02-03 15:45:00+00:00,2020-02-03 16:00:00+00:00,-1,-0.9999999999999214,SL,False
S2R2-04,post_overlap_drift,AUDUSD,2020-02-04 14:00:00+00:00,2020-02-04 14:15:00+00:00,2020-02-04 17:00:00+00:00,1,1.499999999999972,TP,False
S2R2-04,post_overlap_drift,AUDUSD,2020-02-07 14:00:00+00:00,2020-02-07 14:15:00+00:00,2020-02-07 14:30:00+00:00,-1,-1.0000000000000726,SL,False
S2R2-04,post_overlap_drift,AUDUSD,2020-02-10 14:00:00+00:00,2020-02-10 14:15:00+00:00,2020-02-10 14:15:00+00:00,-1,-0.9999999999999748,SL,False
S2R2-04,post_overlap_drift,AUDUSD,2020-02-11 14:00:00+00:00,2020-02-11 14:15:00+00:00,2020-02-11 14:45:00+00:00,1,1.5000000000000533,TP,False
S2R2-04,post_overlap_drift,AUDUSD,2020-02-11 14:45:00+00:00,2020-02-11 15:00:00+00:00,2020-02-11 15:30:00+00:00,1,-0.9999999999999538,SL,False
S2R2-04,post_overlap_drift,AUDUSD,2020-02-13 14:00:00+00:00,2020-02-13 14:15:00+00:00,2020-02-13 14:15:00+00:00,1,-0.9999999999999319,SL,False
S2R2-04,post_overlap_drift,AUDUSD,2020-02-19 14:30:00+00:00,2020-02-19 14:45:00+00:00,2020-02-19 15:30:00+00:00,-1,1.4999999999999685,TP,False
S2R2-04,post_overlap_drift,AUDUSD,2020-02-19 15:30:00+00:00,2020-02-19 15:45:00+00:00,2020-02-19 15:45:00+00:00,-1,-1.0000000000000642,SL,False
S2R2-04,post_overlap_drift,AUDUSD,2020-02-20 15:30:00+00:00,2020-02-20 15:45:00+00:00,2020-02-20 21:30:00+00:00,-1,0.7253179795864957,TIME,False
S2R2-04,post_overlap_drift,AUDUSD,2020-02-21 14:30:00+00:00,2020-02-21 14:45:00+00:00,2020-02-21 14:45:00+00:00,-1,-1.0000000000000264,SL,False
S2R2-04,post_overlap_drift,AUDUSD,2020-02-26 15:30:00+00:00,2020-02-26 15:45:00+00:00,2020-02-26 15:45:00+00:00,-1,1.4999999999999587,TP,False
S2R2-04,post_overlap_drift,AUDUSD,2020-02-27 14:15:00+00:00,2020-02-27 14:30:00+00:00,2020-02-27 14:30:00+00:00,1,-0.9999999999999759,SL,False
S2R2-04,post_overlap_drift,AUDUSD,2020-02-27 15:15:00+00:00,2020-02-27 15:30:00+00:00,2020-02-27 15:45:00+00:00,1,-0.9999999999999617,SL,False
S2R2-04,post_overlap_drift,AUDUSD,2020-02-28 14:00:00+00:00,2020-02-28 14:15:00+00:00,2020-02-28 14:45:00+00:00,-1,-0.999999999999962,SL,False
S2R2-04,post_overlap_drift,AUDUSD,2020-02-28 15:15:00+00:00,2020-02-28 15:30:00+00:00,2020-02-28 15:45:00+00:00,-1,1.500000000000018,TP,False
S2R2-04,post_overlap_drift,AUDUSD,2020-03-02 14:30:00+00:00,2020-03-02 14:45:00+00:00,2020-03-02 15:00:00+00:00,-1,-1.0,SL,False
S2R2-04,post_overlap_drift,AUDUSD,2020-03-02 15:30:00+00:00,2020-03-02 15:45:00+00:00,2020-03-02 21:30:00+00:00,-1,-1.000000000000013,SL,False
S2R2-04,post_overlap_drift,AUDUSD,2020-03-03 14:00:00+00:00,2020-03-03 14:15:00+00:00,2020-03-03 15:00:00+00:00,1,1.5000000000000568,TP,False
S2R2-04,post_overlap_drift,AUDUSD,2020-03-03 15:00:00+00:00,2020-03-03 15:15:00+00:00,2020-03-03 15:30:00+00:00,1,1.5000000000000369,TP,False
S2R2-04,post_overlap_drift,AUDUSD,2020-03-03 15:30:00+00:00,2020-03-03 15:45:00+00:00,2020-03-03 15:45:00+00:00,1,-1.00000000000003,SL,False
S2R2-04,post_overlap_drift,AUDUSD,2020-03-05 14:00:00+00:00,2020-03-05 14:15:00+00:00,2020-03-05 14:15:00+00:00,-1,-0.9999999999999815,SL,False
S2R2-04,post_overlap_drift,AUDUSD,2020-03-06 14:15:00+00:00,2020-03-06 14:30:00+00:00,2020-03-06 14:30:00+00:00,1,-1.0,SL,False
S2R2-04,post_overlap_drift,AUDUSD,2020-03-10 14:30:00+00:00,2020-03-10 14:45:00+00:00,2020-03-10 15:30:00+00:00,-1,1.500000000000011,TP,False
S2R2-04,post_overlap_drift,AUDUSD,2020-03-12 14:00:00+00:00,2020-03-12 14:15:00+00:00,2020-03-12 15:00:00+00:00,-1,1.5000000000000135,TP,False
S2R2-04,post_overlap_drift,AUDUSD,2020-03-12 15:00:00+00:00,2020-03-12 15:15:00+00:00,2020-03-12 16:45:00+00:00,-1,-0.9999999999999937,SL,False
S2R2-04,post_overlap_drift,AUDUSD,2020-03-18 14:45:00+00:00,2020-03-18 15:00:00+00:00,2020-03-18 15:45:00+00:00,-1,1.500000000000014,TP,False
S2R2-04,post_overlap_drift,AUDUSD,2020-03-19 15:15:00+00:00,2020-03-19 15:30:00+00:00,2020-03-19 15:45:00+00:00,1,1.5,TP,False
S2R2-04,post_overlap_drift,AUDUSD,2020-03-24 14:45:00+00:00,2020-03-24 15:00:00+00:00,2020-03-24 17:00:00+00:00,1,-1.000000000000006,SL,False
S2R2-04,post_overlap_drift,AUDUSD,2020-03-26 15:15:00+00:00,2020-03-26 15:30:00+00:00,2020-03-26 21:15:00+00:00,1,-0.10044565349611297,TIME,False
S2R2-04,post_overlap_drift,AUDUSD,2020-04-01 14:30:00+00:00,2020-04-01 14:45:00+00:00,2020-04-01 14:45:00+00:00,-1,-0.9999999999999901,SL,False
S2R2-04,post_overlap_drift,AUDUSD,2020-04-06 14:15:00+00:00,2020-04-06 14:30:00+00:00,2020-04-06 14:45:00+00:00,1,-1.0000000000000229,SL,False
S2R2-04,post_overlap_drift,AUDUSD,2020-04-08 15:15:00+00:00,2020-04-08 15:30:00+00:00,2020-04-08 21:15:00+00:00,1,-0.028707771457201686,TIME,False
S2R2-04,post_overlap_drift,AUDUSD,2020-04-09 14:45:00+00:00,2020-04-09 15:00:00+00:00,2020-04-09 17:30:00+00:00,1,1.4999999999999911,TP,False
S2R2-04,post_overlap_drift,AUDUSD,2020-04-13 14:45:00+00:00,2020-04-13 15:00:00+00:00,2020-04-13 17:45:00+00:00,1,1.499999999999975,TP,False
S2R2-04,post_overlap_drift,AUDUSD,2020-04-16 14:15:00+00:00,2020-04-16 14:30:00+00:00,2020-04-16 14:45:00+00:00,1,-1.00000000000003,SL,False
S2R2-04,post_overlap_drift,AUDUSD,2020-04-20 14:45:00+00:00,2020-04-20 15:00:00+00:00,2020-04-20 16:30:00+00:00,1,-0.9999999999999658,SL,False
S2R2-04,post_overlap_drift,AUDUSD,2020-04-21 15:15:00+00:00,2020-04-21 15:30:00+00:00,2020-04-21 18:00:00+00:00,-1,-0.999999999999975,SL,False
S2R2-04,post_overlap_drift,AUDUSD,2020-04-23 14:00:00+00:00,2020-04-23 14:15:00+00:00,2020-04-23 16:45:00+00:00,1,-1.0000000000000107,SL,False
S2R2-04,post_overlap_drift,AUDUSD,2020-05-01 14:15:00+00:00,2020-05-01 14:30:00+00:00,2020-05-01 14:30:00+00:00,-1,-1.0000000000000269,SL,False
S2R2-04,post_overlap_drift,AUDUSD,2020-05-07 15:00:00+00:00,2020-05-07 15:15:00+00:00,2020-05-07 15:30:00+00:00,1,1.499999999999957,TP,False
S2R2-04,post_overlap_drift,AUDUSD,2020-05-07 15:30:00+00:00,2020-05-07 15:45:00+00:00,2020-05-07 21:30:00+00:00,1,0.05346040316481943,TIME,False
S2R2-04,post_overlap_drift,AUDUSD,2020-05-08 14:00:00+00:00,2020-05-08 14:15:00+00:00,2020-05-08 14:45:00+00:00,1,1.5000000000000375,TP,False
S2R2-04,post_overlap_drift,AUDUSD,2020-05-08 14:45:00+00:00,2020-05-08 15:00:00+00:00,2020-05-08 16:00:00+00:00,1,-0.30977876608699156,FRIDAY,False
S2R2-04,post_overlap_drift,AUDUSD,2020-05-12 14:45:00+00:00,2020-05-12 15:00:00+00:00,2020-05-12 16:00:00+00:00,1,-0.9999999999999776,SL,False
S2R2-04,post_overlap_drift,AUDUSD,2020-05-14 15:30:00+00:00,2020-05-14 15:45:00+00:00,2020-05-14 17:15:00+00:00,-1,-1.000000000000031,SL,False
S2R2-04,post_overlap_drift,AUDUSD,2020-05-15 14:45:00+00:00,2020-05-15 15:00:00+00:00,2020-05-15 16:00:00+00:00,-1,-3.7887244853085444e-05,FRIDAY,False
S2R2-04,post_overlap_drift,AUDUSD,2020-05-18 15:00:00+00:00,2020-05-18 15:15:00+00:00,2020-05-18 19:45:00+00:00,1,1.5000000000000342,TP,False
S2R2-04,post_overlap_drift,AUDUSD,2020-05-19 14:00:00+00:00,2020-05-19 14:15:00+00:00,2020-05-19 14:30:00+00:00,1,-0.9999999999999857,SL,False
S2R2-04,post_overlap_drift,AUDUSD,2020-05-19 14:45:00+00:00,2020-05-19 15:00:00+00:00,2020-05-19 17:00:00+00:00,1,-0.9999999999999766,SL,False
S2R2-04,post_overlap_drift,AUDUSD,2020-05-20 14:00:00+00:00,2020-05-20 14:15:00+00:00,2020-05-20 15:15:00+00:00,1,1.5000000000000435,TP,False
S2R2-04,post_overlap_drift,AUDUSD,2020-05-20 15:15:00+00:00,2020-05-20 15:30:00+00:00,2020-05-20 15:45:00+00:00,1,-1.0,SL,False
S2R2-04,post_overlap_drift,AUDUSD,2020-05-25 14:30:00+00:00,2020-05-25 14:45:00+00:00,2020-05-25 14:45:00+00:00,1,-1.0,SL,False
S2R2-04,post_overlap_drift,AUDUSD,2020-05-26 15:00:00+00:00,2020-05-26 15:15:00+00:00,2020-05-26 15:15:00+00:00,1,-1.0000000000000138,SL,False
S2R2-04,post_overlap_drift,AUDUSD,2020-05-27 14:45:00+00:00,2020-05-27 15:00:00+00:00,2020-05-27 16:00:00+00:00,-1,-0.9999999999999916,SL,False
S2R2-04,post_overlap_drift,AUDUSD,2020-05-28 14:45:00+00:00,2020-05-28 15:00:00+00:00,2020-05-28 19:15:00+00:00,1,-1.0,SL,False
S2R2-04,post_overlap_drift,AUDUSD,2020-06-01 14:00:00+00:00,2020-06-01 14:15:00+00:00,2020-06-01 14:45:00+00:00,1,1.4999999999999631,TP,False
S2R2-04,post_overlap_drift,AUDUSD,2020-06-01 14:45:00+00:00,2020-06-01 15:00:00+00:00,2020-06-01 15:15:00+00:00,1,-1.0000000000000313,SL,False
S2R2-04,post_overlap_drift,AUDUSD,2020-06-02 14:00:00+00:00,2020-06-02 14:15:00+00:00,2020-06-02 14:45:00+00:00,1,1.5,TP,False
S2R2-04,post_overlap_drift,AUDUSD,2020-06-02 14:45:00+00:00,2020-06-02 15:00:00+00:00,2020-06-02 15:00:00+00:00,1,-1.0000000000000224,SL,False
S2R2-04,post_overlap_drift,AUDUSD,2020-06-05 14:45:00+00:00,2020-06-05 15:00:00+00:00,2020-06-05 16:00:00+00:00,1,-0.292575899125323,FRIDAY,False
S2R2-04,post_overlap_drift,AUDUSD,2020-06-08 15:00:00+00:00,2020-06-08 15:15:00+00:00,2020-06-08 18:45:00+00:00,1,1.500000000000033,TP,False
S2R2-04,post_overlap_drift,AUDUSD,2020-06-11 15:30:00+00:00,2020-06-11 15:45:00+00:00,2020-06-11 18:00:00+00:00,-1,1.5000000000000075,TP,False
S2R2-04,post_overlap_drift,AUDUSD,2020-06-15 15:30:00+00:00,2020-06-15 15:45:00+00:00,2020-06-15 16:00:00+00:00,-1,-1.0,SL,False
S2R2-04,post_overlap_drift,AUDUSD,2020-06-16 14:30:00+00:00,2020-06-16 14:45:00+00:00,2020-06-16 14:45:00+00:00,-1,1.5000000000000222,TP,False
S2R2-04,post_overlap_drift,AUDUSD,2020-06-16 14:45:00+00:00,2020-06-16 15:00:00+00:00,2020-06-16 15:15:00+00:00,-1,-0.9999999999999934,SL,False
S2R2-04,post_overlap_drift,AUDUSD,2020-06-22 14:15:00+00:00,2020-06-22 14:30:00+00:00,2020-06-22 14:45:00+00:00,1,-0.9999999999999604,SL,False
S2R2-04,post_overlap_drift,AUDUSD,2020-06-24 15:00:00+00:00,2020-06-24 15:15:00+00:00,2020-06-24 21:00:00+00:00,-1,0.19896116634713987,TIME,False
S2R2-04,post_overlap_drift,AUDUSD,2020-06-26 14:30:00+00:00,2020-06-26 14:45:00+00:00,2020-06-26 15:30:00+00:00,-1,-0.9999999999999836,SL,False
S2R2-04,post_overlap_drift,AUDUSD,2020-07-13 14:00:00+00:00,2020-07-13 14:15:00+00:00,2020-07-13 18:00:00+00:00,1,-1.0,SL,False
S2R2-04,post_overlap_drift,AUDUSD,2020-07-14 14:15:00+00:00,2020-07-14 14:30:00+00:00,2020-07-14 20:15:00+00:00,1,0.4692339897316871,TIME,False
S2R2-04,post_overlap_drift,AUDUSD,2020-07-17 15:00:00+00:00,2020-07-17 15:15:00+00:00,2020-07-17 16:00:00+00:00,1,0.69656540986109,FRIDAY,False
S2R2-04,post_overlap_drift,AUDUSD,2020-07-21 15:00:00+00:00,2020-07-21 15:15:00+00:00,2020-07-21 17:30:00+00:00,1,1.500000000000013,TP,False
S2R2-04,post_overlap_drift,AUDUSD,2020-07-30 14:15:00+00:00,2020-07-30 14:30:00+00:00,2020-07-30 16:15:00+00:00,-1,-0.9999999999999635,SL,False
S2R2-04,post_overlap_drift,AUDUSD,2020-07-31 15:30:00+00:00,2020-07-31 15:45:00+00:00,2020-07-31 16:00:00+00:00,-1,0.9102838482793268,FRIDAY,False
S2R2-04,post_overlap_drift,AUDUSD,2020-08-04 14:00:00+00:00,2020-08-04 14:15:00+00:00,2020-08-04 15:45:00+00:00,1,1.5000000000000144,TP,False
S2R2-04,post_overlap_drift,AUDUSD,2020-08-11 15:00:00+00:00,2020-08-11 15:15:00+00:00,2020-08-11 15:45:00+00:00,1,-0.9999999999999728,SL,False
S2R2-04,post_overlap_drift,AUDUSD,2020-08-12 14:45:00+00:00,2020-08-12 15:00:00+00:00,2020-08-12 19:45:00+00:00,1,-0.999999999999989,SL,False
S2R2-04,post_overlap_drift,AUDUSD,2020-08-14 14:45:00+00:00,2020-08-14 15:00:00+00:00,2020-08-14 16:00:00+00:00,1,-0.1343732283223266,FRIDAY,False
S2R2-04,post_overlap_drift,AUDUSD,2020-08-26 15:30:00+00:00,2020-08-26 15:45:00+00:00,2020-08-26 21:30:00+00:00,1,0.12477433851160268,TIME,False
S2R2-04,post_overlap_drift,AUDUSD,2020-09-02 15:30:00+00:00,2020-09-02 15:45:00+00:00,2020-09-02 16:30:00+00:00,-1,-1.0000000000000342,SL,False
S2R2-04,post_overlap_drift,AUDUSD,2020-09-03 15:00:00+00:00,2020-09-03 15:15:00+00:00,2020-09-03 21:00:00+00:00,-1,0.43542805100182147,TIME,False
S2R2-04,post_overlap_drift,AUDUSD,2020-09-09 14:30:00+00:00,2020-09-09 14:45:00+00:00,2020-09-09 20:30:00+00:00,1,0.17764866653488154,TIME,False
S2R2-04,post_overlap_drift,AUDUSD,2020-09-14 15:30:00+00:00,2020-09-14 15:45:00+00:00,2020-09-14 16:30:00+00:00,1,-0.9999999999999806,SL,False
S2R2-04,post_overlap_drift,AUDUSD,2020-09-16 15:00:00+00:00,2020-09-16 15:15:00+00:00,2020-09-16 16:45:00+00:00,1,-0.9999999999999849,SL,False
S2R2-04,post_overlap_drift,AUDUSD,2020-09-21 14:00:00+00:00,2020-09-21 14:15:00+00:00,2020-09-21 20:00:00+00:00,-1,-0.43191709844559584,TIME,False
S2R2-04,post_overlap_drift,AUDUSD,2020-09-22 14:30:00+00:00,2020-09-22 14:45:00+00:00,2020-09-22 15:00:00+00:00,-1,1.5000000000000226,TP,False
S2R2-04,post_overlap_drift,AUDUSD,2020-09-23 14:00:00+00:00,2020-09-23 14:15:00+00:00,2020-09-23 14:45:00+00:00,-1,-0.999999999999956,SL,False
S2R2-04,post_overlap_drift,AUDUSD,2020-09-25 14:00:00+00:00,2020-09-25 14:15:00+00:00,2020-09-25 14:15:00+00:00,-1,-1.0000000000000124,SL,False
S2R2-04,post_overlap_drift,AUDUSD,2020-09-25 15:30:00+00:00,2020-09-25 15:45:00+00:00,2020-09-25 16:00:00+00:00,-1,-0.9138712219176842,FRIDAY,False
S2R2-04,post_overlap_drift,AUDUSD,2020-09-29 14:15:00+00:00,2020-09-29 14:30:00+00:00,2020-09-29 14:30:00+00:00,1,-1.0000000000000444,SL,False
S2R2-04,post_overlap_drift,AUDUSD,2020-10-01 15:00:00+00:00,2020-10-01 15:15:00+00:00,2020-10-01 18:00:00+00:00,1,-0.9999999999999643,SL,False
S2R2-04,post_overlap_drift,AUDUSD,2020-10-02 15:30:00+00:00,2020-10-02 15:45:00+00:00,2020-10-02 16:00:00+00:00,-1,-0.43669415227832187,FRIDAY,False
S2R2-04,post_overlap_drift,AUDUSD,2020-10-06 14:30:00+00:00,2020-10-06 14:45:00+00:00,2020-10-06 18:45:00+00:00,-1,1.4999999999999523,TP,False
S2R2-04,post_overlap_drift,AUDUSD,2020-10-09 14:45:00+00:00,2020-10-09 15:00:00+00:00,2020-10-09 16:00:00+00:00,1,0.8396669448697812,FRIDAY,False
S2R2-04,post_overlap_drift,AUDUSD,2020-10-13 14:00:00+00:00,2020-10-13 14:15:00+00:00,2020-10-13 14:15:00+00:00,-1,-1.0000000000000366,SL,False
S2R2-04,post_overlap_drift,AUDUSD,2020-10-21 14:15:00+00:00,2020-10-21 14:30:00+00:00,2020-10-21 20:15:00+00:00,1,-0.5350810810810811,TIME,False
S2R2-04,post_overlap_drift,AUDUSD,2020-10-26 14:45:00+00:00,2020-10-26 15:00:00+00:00,2020-10-26 15:45:00+00:00,-1,-1.0,SL,False
S2R2-04,post_overlap_drift,AUDUSD,2020-10-27 14:45:00+00:00,2020-10-27 15:00:00+00:00,2020-10-27 20:30:00+00:00,1,-1.0000000000000449,SL,False
S2R2-04,post_overlap_drift,AUDUSD,2020-10-28 14:00:00+00:00,2020-10-28 14:15:00+00:00,2020-10-28 15:45:00+00:00,-1,-1.0,SL,False
S2R2-04,post_overlap_drift,AUDUSD,2020-10-29 15:30:00+00:00,2020-10-29 15:45:00+00:00,2020-10-29 18:15:00+00:00,-1,-0.9999999999999892,SL,False
S2R2-04,post_overlap_drift,AUDUSD,2020-11-03 15:30:00+00:00,2020-11-03 15:45:00+00:00,2020-11-03 15:45:00+00:00,1,1.5000000000000413,TP,False
S2R2-04,post_overlap_drift,AUDUSD,2020-11-04 14:15:00+00:00,2020-11-04 14:30:00+00:00,2020-11-04 14:45:00+00:00,-1,-0.9999999999999787,SL,False
S2R2-04,post_overlap_drift,AUDUSD,2020-11-05 15:00:00+00:00,2020-11-05 15:15:00+00:00,2020-11-05 19:15:00+00:00,1,1.5000000000000286,TP,False
S2R2-04,post_overlap_drift,AUDUSD,2020-11-11 14:45:00+00:00,2020-11-11 15:00:00+00:00,2020-11-11 18:00:00+00:00,-1,-0.9999999999999518,SL,False
S2R2-04,post_overlap_drift,AUDUSD,2020-11-16 14:00:00+00:00,2020-11-16 14:15:00+00:00,2020-11-16 14:45:00+00:00,1,-1.0000000000000377,SL,False
S2R2-04,post_overlap_drift,AUDUSD,2020-11-16 15:15:00+00:00,2020-11-16 15:30:00+00:00,2020-11-16 16:00:00+00:00,1,1.5,TP,False
S2R2-04,post_overlap_drift,AUDUSD,2020-11-17 14:30:00+00:00,2020-11-17 14:45:00+00:00,2020-11-17 16:30:00+00:00,-1,-0.9999999999999835,SL,False
S2R2-04,post_overlap_drift,AUDUSD,2020-11-18 14:30:00+00:00,2020-11-18 14:45:00+00:00,2020-11-18 15:45:00+00:00,1,1.499999999999948,TP,False
S2R2-04,post_overlap_drift,AUDUSD,2020-11-20 14:15:00+00:00,2020-11-20 14:30:00+00:00,2020-11-20 14:45:00+00:00,1,-1.0000000000000588,SL,False
S2R2-04,post_overlap_drift,AUDUSD,2020-11-24 15:30:00+00:00,2020-11-24 15:45:00+00:00,2020-11-24 16:30:00+00:00,1,1.4999999999999607,TP,False
S2R2-04,post_overlap_drift,AUDUSD,2020-11-25 14:15:00+00:00,2020-11-25 14:30:00+00:00,2020-11-25 15:00:00+00:00,-1,1.5000000000000608,TP,False
S2R2-04,post_overlap_drift,AUDUSD,2020-11-26 14:30:00+00:00,2020-11-26 14:45:00+00:00,2020-11-26 15:00:00+00:00,-1,-1.0000000000001001,SL,False
S2R2-04,post_overlap_drift,AUDUSD,2020-11-27 14:00:00+00:00,2020-11-27 14:15:00+00:00,2020-11-27 15:30:00+00:00,1,1.499999999999979,TP,False
S2R2-04,post_overlap_drift,AUDUSD,2020-12-03 14:15:00+00:00,2020-12-03 14:30:00+00:00,2020-12-03 14:30:00+00:00,1,-1.0,SL,False
S2R2-04,post_overlap_drift,AUDUSD,2020-12-03 15:00:00+00:00,2020-12-03 15:15:00+00:00,2020-12-03 15:45:00+00:00,1,-1.0000000000000175,SL,False
S2R2-04,post_overlap_drift,AUDUSD,2020-12-10 14:45:00+00:00,2020-12-10 15:00:00+00:00,2020-12-10 20:15:00+00:00,1,1.4999999999999756,TP,False
S2R2-04,post_overlap_drift,AUDUSD,2020-12-22 14:15:00+00:00,2020-12-22 14:30:00+00:00,2020-12-22 15:00:00+00:00,-1,1.500000000000032,TP,False
S2R2-04,post_overlap_drift,AUDUSD,2020-12-22 15:00:00+00:00,2020-12-22 15:15:00+00:00,2020-12-22 15:15:00+00:00,-1,-1.0000000000000142,SL,False
S2R2-04,post_overlap_drift,AUDUSD,2020-12-28 14:30:00+00:00,2020-12-28 14:45:00+00:00,2020-12-28 15:00:00+00:00,1,-1.0000000000000606,SL,False
S2R2-04,post_overlap_drift,AUDUSD,2020-12-29 14:00:00+00:00,2020-12-29 14:15:00+00:00,2020-12-29 14:45:00+00:00,1,-0.9999999999999686,SL,False
S2R2-04,post_overlap_drift,AUDUSD,2020-12-30 14:00:00+00:00,2020-12-30 14:15:00+00:00,2020-12-30 14:15:00+00:00,1,-1.000000000000019,SL,False
S2R2-04,post_overlap_drift,AUDUSD,2020-12-31 14:00:00+00:00,2020-12-31 14:15:00+00:00,2020-12-31 15:30:00+00:00,1,-0.9999999999999682,SL,False
