family,pair,signal_dt,entry_dt,exit_dt,side,r,reason
trend_pullback,EURUSD,2013-09-12 16:00:00,2013-09-12 16:00:00,2013-09-13 16:00:00,1,-0.02577609179237502,FRIDAY
trend_pullback,EURUSD,2013-09-13 20:00:00,2013-09-13 20:00:00,2013-09-19 00:00:00,1,1.9863396434469869,TP
trend_pullback,EURUSD,2013-09-23 20:00:00,2013-09-23 20:00:00,2013-09-27 04:00:00,1,-0.6030141981852384,TIME
trend_pullback,EURUSD,2013-09-27 16:00:00,2013-09-27 16:00:00,2013-09-27 20:00:00,1,-0.03187565665710582,FRIDAY
trend_pullback,EURUSD,2013-09-30 16:00:00,2013-09-30 16:00:00,2013-10-03 08:00:00,1,1.9857387851413402,TP
trend_pullback,EURUSD,2013-10-07 20:00:00,2013-10-07 20:00:00,2013-10-09 12:00:00,1,-1.0158420459316906,SL
trend_pullback,EURUSD,2013-10-11 12:00:00,2013-10-11 12:00:00,2013-10-11 16:00:00,1,-0.0304390656159721,FRIDAY
trend_pullback,EURUSD,2013-10-16 20:00:00,2013-10-16 20:00:00,2013-10-17 16:00:00,1,1.9867078713981137,TP
trend_pullback,EURUSD,2013-10-28 20:00:00,2013-10-28 20:00:00,2013-10-29 12:00:00,1,-1.0162723336666117,SL
trend_pullback,EURUSD,2013-10-29 16:00:00,2013-10-29 16:00:00,2013-10-29 20:00:00,1,-1.01505014322591,SL
trend_pullback,EURUSD,2013-11-19 16:00:00,2013-11-19 16:00:00,2013-11-20 20:00:00,1,-1.0135346139454058,SL
trend_pullback,EURUSD,2013-11-25 20:00:00,2013-11-25 20:00:00,2013-11-27 12:00:00,1,1.9860119946697448,TP
trend_pullback,EURUSD,2013-11-30 00:00:00,2013-12-02 00:00:00,2013-12-02 12:00:00,1,-1.0182108367695921,SL
trend_pullback,EURUSD,2013-12-03 12:00:00,2013-12-03 12:00:00,2013-12-04 16:00:00,1,-1.0167053753493425,SL
trend_pullback,EURUSD,2013-12-04 20:00:00,2013-12-04 20:00:00,2013-12-06 16:00:00,1,1.5624789266957155,FRIDAY
trend_pullback,EURUSD,2013-12-12 16:00:00,2013-12-12 16:00:00,2013-12-13 12:00:00,1,-1.0151223609852005,SL
trend_pullback,EURUSD,2013-12-16 04:00:00,2013-12-16 04:00:00,2013-12-19 00:00:00,1,-1.0151727721738586,SL
trend_pullback,EURUSD,2013-12-23 16:00:00,2013-12-23 16:00:00,2013-12-24 16:00:00,1,-1.0151831387198473,SL
trend_pullback,EURUSD,2013-12-26 12:00:00,2013-12-26 12:00:00,2013-12-27 08:00:00,1,1.9827341125047937,TP
trend_pullback,EURUSD,2014-01-02 04:00:00,2014-01-02 04:00:00,2014-01-02 12:00:00,1,-1.0139790344487472,SL
trend_pullback,EURUSD,2014-01-28 16:00:00,2014-01-28 16:00:00,2014-01-29 16:00:00,1,-1.0150033841995936,SL
trend_pullback,EURUSD,2014-01-30 00:00:00,2014-01-30 00:00:00,2014-01-30 12:00:00,1,-1.0142156773928521,SL
trend_pullback,EURUSD,2014-02-21 16:00:00,2014-02-21 16:00:00,2014-02-21 20:00:00,1,-0.03588186340490406,FRIDAY
trend_pullback,EURUSD,2014-02-24 20:00:00,2014-02-24 20:00:00,2014-02-26 16:00:00,1,-1.0164259811092833,SL
trend_pullback,EURUSD,2014-02-28 12:00:00,2014-02-28 12:00:00,2014-02-28 16:00:00,1,-0.028297435790481416,FRIDAY
trend_pullback,EURUSD,2014-03-04 08:00:00,2014-03-04 08:00:00,2014-03-05 12:00:00,1,-1.0149106933666363,SL
trend_pullback,EURUSD,2014-03-06 12:00:00,2014-03-06 12:00:00,2014-03-06 16:00:00,1,1.9817841936956901,TP
trend_pullback,EURUSD,2014-03-11 16:00:00,2014-03-11 16:00:00,2014-03-13 08:00:00,1,1.9818521482642049,TP
trend_pullback,EURUSD,2014-03-14 12:00:00,2014-03-14 12:00:00,2014-03-14 16:00:00,1,-0.030387707589446533,FRIDAY
trend_pullback,EURUSD,2014-03-17 16:00:00,2014-03-17 16:00:00,2014-03-18 16:00:00,1,-1.014265256439912,SL
trend_pullback,EURUSD,2014-03-18 20:00:00,2014-03-18 20:00:00,2014-03-19 20:00:00,1,-1.014326976378461,SL
trend_pullback,EURUSD,2014-03-24 20:00:00,2014-03-24 20:00:00,2014-03-25 16:00:00,1,-1.0128940664065649,SL
trend_pullback,EURUSD,2014-03-25 20:00:00,2014-03-25 20:00:00,2014-03-27 12:00:00,1,-1.012218460011456,SL
trend_pullback,EURUSD,2014-03-31 12:00:00,2014-03-31 12:00:00,2014-04-03 16:00:00,1,-1.0152707686824582,SL
trend_pullback,EURUSD,2014-04-16 08:00:00,2014-04-16 08:00:00,2014-04-18 16:00:00,1,-0.35808783950628337,FRIDAY
trend_pullback,EURUSD,2014-04-21 12:00:00,2014-04-21 12:00:00,2014-04-21 20:00:00,1,-1.0274822878258767,SL
trend_pullback,EURUSD,2014-04-23 08:00:00,2014-04-23 08:00:00,2014-04-24 16:00:00,1,-1.028861829659516,SL
trend_pullback,EURUSD,2014-04-24 20:00:00,2014-04-24 20:00:00,2014-04-25 16:00:00,1,0.5092486763302048,FRIDAY
trend_pullback,EURUSD,2014-04-28 12:00:00,2014-04-28 12:00:00,2014-04-29 16:00:00,1,-1.0216870248920116,SL
trend_pullback,EURUSD,2014-04-30 16:00:00,2014-04-30 16:00:00,2014-05-02 16:00:00,1,0.011252760854997322,FRIDAY
trend_pullback,EURUSD,2014-05-02 20:00:00,2014-05-02 20:00:00,2014-05-06 16:00:00,1,1.981317771138146,TP
trend_pullback,EURUSD,2014-07-25 12:00:00,2014-07-25 12:00:00,2014-07-25 16:00:00,-1,-0.053159518189954846,FRIDAY
trend_pullback,EURUSD,2014-08-05 12:00:00,2014-08-05 12:00:00,2014-08-06 16:00:00,-1,1.973144674219294,TP
trend_pullback,EURUSD,2014-08-07 08:00:00,2014-08-07 08:00:00,2014-08-08 16:00:00,-1,-0.33978711122925487,FRIDAY
trend_pullback,EURUSD,2014-08-11 16:00:00,2014-08-11 16:00:00,2014-08-13 16:00:00,-1,-1.0225335714489892,SL
trend_pullback,EURUSD,2014-08-13 20:00:00,2014-08-13 20:00:00,2014-08-14 16:00:00,-1,-1.019806252418895,SL
trend_pullback,EURUSD,2014-08-14 20:00:00,2014-08-14 20:00:00,2014-08-15 16:00:00,-1,0.050059562875759286,FRIDAY
trend_pullback,EURUSD,2014-08-18 16:00:00,2014-08-18 16:00:00,2014-08-20 08:00:00,-1,1.9795129440385564,TP
trend_pullback,EURUSD,2014-08-22 12:00:00,2014-08-22 12:00:00,2014-08-22 16:00:00,-1,-0.047177874053533846,FRIDAY
trend_pullback,EURUSD,2014-08-28 12:00:00,2014-08-28 12:00:00,2014-08-29 16:00:00,-1,0.22034147884849922,FRIDAY
trend_pullback,EURUSD,2014-08-29 20:00:00,2014-08-29 20:00:00,2014-09-04 04:00:00,-1,-0.07907265292593656,TIME
trend_pullback,EURUSD,2014-09-04 16:00:00,2014-09-04 16:00:00,2014-09-04 20:00:00,-1,1.9834526875184666,TP
trend_pullback,EURUSD,2014-09-10 04:00:00,2014-09-10 04:00:00,2014-09-12 16:00:00,-1,0.3389049569409663,FRIDAY
trend_pullback,EURUSD,2014-09-15 12:00:00,2014-09-15 12:00:00,2014-09-16 16:00:00,-1,-1.0147962588182162,SL
trend_pullback,EURUSD,2014-09-18 00:00:00,2014-09-18 00:00:00,2014-09-18 12:00:00,-1,-1.01238924845843,SL
trend_pullback,EURUSD,2014-09-19 04:00:00,2014-09-19 04:00:00,2014-09-19 16:00:00,-1,0.5800916291890464,FRIDAY
trend_pullback,EURUSD,2014-09-23 20:00:00,2014-09-23 20:00:00,2014-09-25 08:00:00,-1,1.9854177138284406,TP
trend_pullback,EURUSD,2014-10-02 12:00:00,2014-10-02 12:00:00,2014-10-02 16:00:00,-1,-1.0136003770940514,SL
trend_pullback,EURUSD,2014-10-03 08:00:00,2014-10-03 08:00:00,2014-10-03 16:00:00,-1,0.5302864025109637,FRIDAY
trend_pullback,EURUSD,2014-10-07 12:00:00,2014-10-07 12:00:00,2014-10-07 16:00:00,-1,-1.0110019293342045,SL
trend_pullback,EURUSD,2014-10-10 12:00:00,2014-10-10 12:00:00,2014-10-10 16:00:00,-1,-0.019191780207529815,FRIDAY
trend_pullback,EURUSD,2014-10-14 12:00:00,2014-10-14 12:00:00,2014-10-15 16:00:00,-1,-1.0096330452961917,SL
trend_pullback,EURUSD,2014-10-17 16:00:00,2014-10-17 16:00:00,2014-10-17 20:00:00,-1,-0.016296587814790417,FRIDAY
trend_pullback,EURUSD,2014-10-18 00:00:00,2014-10-20 00:00:00,2014-10-21 12:00:00,-1,-1.0087110516995603,SL
trend_pullback,EURUSD,2014-10-21 16:00:00,2014-10-21 16:00:00,2014-10-24 16:00:00,-1,1.3935015146770948,FRIDAY
trend_pullback,EURUSD,2014-10-24 20:00:00,2014-10-24 20:00:00,2014-10-27 16:00:00,-1,-1.0128740580344615,SL
trend_pullback,EURUSD,2014-10-29 20:00:00,2014-10-29 20:00:00,2014-10-31 16:00:00,-1,1.2459799954587263,FRIDAY
trend_pullback,EURUSD,2014-11-05 08:00:00,2014-11-05 08:00:00,2014-11-06 16:00:00,-1,1.9873640059534472,TP
trend_pullback,EURUSD,2014-11-10 16:00:00,2014-11-10 16:00:00,2014-11-14 00:00:00,-1,-0.5488832977740595,TIME
trend_pullback,EURUSD,2014-11-14 04:00:00,2014-11-14 04:00:00,2014-11-14 16:00:00,-1,-0.20572088897235524,FRIDAY
trend_pullback,EURUSD,2014-11-17 16:00:00,2014-11-17 16:00:00,2014-11-18 12:00:00,-1,-1.0096800514187214,SL
trend_pullback,EURUSD,2014-11-21 12:00:00,2014-11-21 12:00:00,2014-11-21 16:00:00,-1,-0.01994836717190579,FRIDAY
trend_pullback,EURUSD,2014-11-27 12:00:00,2014-11-27 12:00:00,2014-11-28 16:00:00,-1,0.553100104029648,FRIDAY
trend_pullback,EURUSD,2014-11-28 20:00:00,2014-11-28 20:00:00,2014-12-01 16:00:00,-1,-1.012724051167288,SL
trend_pullback,EURUSD,2014-12-02 08:00:00,2014-12-02 08:00:00,2014-12-03 08:00:00,-1,1.9859013576768214,TP
trend_pullback,EURUSD,2014-12-04 20:00:00,2014-12-04 20:00:00,2014-12-05 16:00:00,-1,0.07217431977044911,FRIDAY
trend_pullback,EURUSD,2014-12-11 20:00:00,2014-12-11 20:00:00,2014-12-12 12:00:00,-1,-1.0103234575024653,SL
trend_pullback,EURUSD,2014-12-17 12:00:00,2014-12-17 12:00:00,2014-12-18 00:00:00,-1,1.9891601427977763,TP
trend_pullback,EURUSD,2014-12-29 20:00:00,2014-12-29 20:00:00,2015-01-02 12:00:00,-1,1.9845376172859157,TP
trend_pullback,EURUSD,2015-01-12 12:00:00,2015-01-12 12:00:00,2015-01-15 12:00:00,-1,1.9887782142690804,TP
trend_pullback,EURUSD,2015-01-21 20:00:00,2015-01-21 20:00:00,2015-01-22 16:00:00,-1,-1.008805811993934,SL
trend_pullback,EURUSD,2015-01-29 00:00:00,2015-01-29 00:00:00,2015-01-30 16:00:00,-1,-0.25565641271768846,FRIDAY
trend_pullback,EURUSD,2015-01-30 20:00:00,2015-01-30 20:00:00,2015-02-03 16:00:00,-1,-1.0083230610479383,SL
trend_pullback,EURUSD,2015-02-05 00:00:00,2015-02-05 00:00:00,2015-02-05 16:00:00,-1,-1.008269057592498,SL
trend_pullback,EURUSD,2015-02-06 16:00:00,2015-02-06 16:00:00,2015-02-06 20:00:00,-1,-0.017035062807221703,FRIDAY
trend_pullback,EURUSD,2015-02-12 04:00:00,2015-02-12 04:00:00,2015-02-12 20:00:00,-1,-1.0106108951975374,SL
trend_pullback,EURUSD,2015-02-16 20:00:00,2015-02-16 20:00:00,2015-02-17 16:00:00,-1,-1.0110558016012805,SL
trend_pullback,EURUSD,2015-02-18 16:00:00,2015-02-18 16:00:00,2015-02-19 12:00:00,-1,-1.0113754755294573,SL
trend_pullback,EURUSD,2015-02-19 16:00:00,2015-02-19 16:00:00,2015-02-20 16:00:00,-1,0.613549177215017,FRIDAY
trend_pullback,EURUSD,2015-02-23 12:00:00,2015-02-23 12:00:00,2015-02-25 12:00:00,-1,-1.0093393036678744,SL
trend_pullback,EURUSD,2015-02-26 16:00:00,2015-02-26 16:00:00,2015-02-27 16:00:00,-1,0.6188035087499355,FRIDAY
trend_pullback,EURUSD,2015-03-16 20:00:00,2015-03-16 20:00:00,2015-03-19 00:00:00,-1,-1.0077663168322912,SL
trend_pullback,EURUSD,2015-03-19 16:00:00,2015-03-19 16:00:00,2015-03-20 16:00:00,-1,-0.13742153338572194,FRIDAY
trend_pullback,EURUSD,2015-03-26 20:00:00,2015-03-26 20:00:00,2015-03-27 16:00:00,-1,0.4519787037806685,FRIDAY
trend_pullback,EURUSD,2015-03-28 00:00:00,2015-03-30 00:00:00,2015-04-02 08:00:00,-1,1.180495636382842,TIME
trend_pullback,EURUSD,2015-04-07 12:00:00,2015-04-07 12:00:00,2015-04-09 20:00:00,-1,1.9913952019697916,TP
trend_pullback,EURUSD,2015-04-15 04:00:00,2015-04-15 04:00:00,2015-04-16 00:00:00,-1,-1.0091723795071856,SL
trend_pullback,EURUSD,2015-04-16 12:00:00,2015-04-16 12:00:00,2015-04-16 16:00:00,-1,-1.0077076173197552,SL
trend_pullback,EURUSD,2015-04-21 00:00:00,2015-04-21 00:00:00,2015-04-23 20:00:00,-1,-1.0077849947007635,SL
trend_pullback,EURUSD,2015-05-28 16:00:00,2015-05-28 16:00:00,2015-05-29 04:00:00,-1,-1.0090895430013624,SL
trend_pullback,EURUSD,2015-06-01 04:00:00,2015-06-01 04:00:00,2015-06-02 16:00:00,-1,-1.0097597138606549,SL
trend_pullback,EURUSD,2015-07-01 16:00:00,2015-07-01 16:00:00,2015-07-03 16:00:00,-1,-0.14282854241481985,FRIDAY
trend_pullback,EURUSD,2015-07-03 20:00:00,2015-07-03 20:00:00,2015-07-07 16:00:00,-1,1.990064113633419,TP
trend_pullback,EURUSD,2015-07-09 16:00:00,2015-07-09 16:00:00,2015-07-10 12:00:00,-1,-1.0082886543993317,SL
trend_pullback,EURUSD,2015-07-14 20:00:00,2015-07-14 20:00:00,2015-07-17 16:00:00,-1,1.382683345347959,FRIDAY
trend_pullback,EURUSD,2015-07-24 12:00:00,2015-07-24 12:00:00,2015-07-24 16:00:00,-1,-0.021349808814197315,FRIDAY
trend_pullback,EURUSD,2015-07-29 20:00:00,2015-07-29 20:00:00,2015-07-30 20:00:00,-1,1.988546012569918,TP
trend_pullback,EURUSD,2015-08-01 00:00:00,2015-08-03 00:00:00,2015-08-06 08:00:00,-1,0.7332445629598178,TIME
trend_pullback,EURUSD,2015-08-06 12:00:00,2015-08-06 12:00:00,2015-08-07 16:00:00,-1,-0.6031072417497811,FRIDAY
trend_pullback,EURUSD,2015-08-19 16:00:00,2015-08-19 16:00:00,2015-08-20 00:00:00,-1,-1.0120396833446264,SL
trend_pullback,EURUSD,2015-09-04 16:00:00,2015-09-04 16:00:00,2015-09-04 20:00:00,-1,-0.017607913388761137,FRIDAY
trend_pullback,EURUSD,2015-10-29 00:00:00,2015-10-29 00:00:00,2015-10-30 04:00:00,-1,-1.0099648677291935,SL
trend_pullback,EURUSD,2015-10-31 00:00:00,2015-11-02 00:00:00,2015-11-04 20:00:00,-1,1.9894851807639888,TP
trend_pullback,EURUSD,2015-11-12 08:00:00,2015-11-12 08:00:00,2015-11-12 20:00:00,-1,-1.0124254550904426,SL
trend_pullback,EURUSD,2015-11-13 12:00:00,2015-11-13 12:00:00,2015-11-13 16:00:00,-1,-0.022124026513187463,FRIDAY
trend_pullback,EURUSD,2015-11-20 12:00:00,2015-11-20 12:00:00,2015-11-20 16:00:00,-1,-0.021866354831084973,FRIDAY
trend_pullback,EURUSD,2015-11-20 20:00:00,2015-11-20 20:00:00,2015-11-26 04:00:00,-1,0.47231256641228153,TIME
trend_pullback,EURUSD,2015-11-27 12:00:00,2015-11-27 12:00:00,2015-11-27 16:00:00,-1,-0.029451761583707173,FRIDAY
trend_pullback,EURUSD,2015-12-02 16:00:00,2015-12-02 16:00:00,2015-12-03 00:00:00,-1,-1.0163963664711761,SL
trend_pullback,EURUSD,2015-12-03 08:00:00,2015-12-03 08:00:00,2015-12-03 16:00:00,-1,-1.0158572259400158,SL
trend_pullback,EURUSD,2015-12-21 12:00:00,2015-12-21 12:00:00,2015-12-21 20:00:00,-1,-1.0112429859018273,SL
trend_pullback,EURUSD,2016-01-04 16:00:00,2016-01-04 16:00:00,2016-01-05 16:00:00,-1,1.9882627486534397,TP
trend_pullback,EURUSD,2016-01-12 00:00:00,2016-01-12 00:00:00,2016-01-14 12:00:00,-1,-1.0090738198381604,SL
trend_pullback,EURUSD,2016-01-14 20:00:00,2016-01-14 20:00:00,2016-01-15 16:00:00,-1,-0.6510465829994643,FRIDAY
trend_pullback,EURUSD,2016-01-21 00:00:00,2016-01-21 00:00:00,2016-01-22 16:00:00,-1,0.8342499145582997,FRIDAY
trend_pullback,EURUSD,2016-01-25 20:00:00,2016-01-25 20:00:00,2016-01-27 16:00:00,-1,-1.0112117162261,SL
trend_pullback,EURUSD,2016-04-06 20:00:00,2016-04-06 20:00:00,2016-04-07 12:00:00,1,-1.0124535767472869,SL
trend_pullback,EURUSD,2016-04-08 12:00:00,2016-04-08 12:00:00,2016-04-08 16:00:00,1,-0.02405930013043257,FRIDAY
trend_pullback,EURUSD,2016-04-08 20:00:00,2016-04-08 20:00:00,2016-04-12 20:00:00,1,-1.0114443261045607,SL
trend_pullback,EURUSD,2016-04-18 12:00:00,2016-04-18 12:00:00,2016-04-21 16:00:00,1,1.9860740433194475,TP
trend_pullback,EURUSD,2016-04-26 12:00:00,2016-04-26 12:00:00,2016-04-29 08:00:00,1,1.9856286338267286,TP
trend_pullback,EURUSD,2016-05-04 12:00:00,2016-05-04 12:00:00,2016-05-05 16:00:00,1,-1.0114721754855687,SL
trend_pullback,EURUSD,2016-05-11 16:00:00,2016-05-11 16:00:00,2016-05-13 12:00:00,1,-1.0152811500288605,SL
trend_pullback,EURUSD,2016-07-19 04:00:00,2016-07-19 04:00:00,2016-07-22 12:00:00,-1,0.8150345646788207,TIME
trend_pullback,EURUSD,2016-07-22 16:00:00,2016-07-22 16:00:00,2016-07-22 20:00:00,-1,-0.028509005890924363,FRIDAY
trend_pullback,EURUSD,2016-07-26 16:00:00,2016-07-26 16:00:00,2016-07-28 00:00:00,-1,-1.01540616736494,SL
trend_pullback,EURUSD,2016-08-05 16:00:00,2016-08-05 16:00:00,2016-08-05 20:00:00,-1,-0.03525608714961349,FRIDAY
trend_pullback,EURUSD,2016-08-12 00:00:00,2016-08-12 00:00:00,2016-08-12 16:00:00,-1,-0.5426447956396474,FRIDAY
trend_pullback,EURUSD,2016-08-25 16:00:00,2016-08-25 16:00:00,2016-08-26 16:00:00,1,-0.25499400354465485,FRIDAY
trend_pullback,EURUSD,2016-09-02 16:00:00,2016-09-02 16:00:00,2016-09-02 20:00:00,1,-0.02976462273884559,FRIDAY
trend_pullback,EURUSD,2016-09-12 04:00:00,2016-09-12 04:00:00,2016-09-14 00:00:00,1,-1.0145900619362789,SL
trend_pullback,EURUSD,2016-09-14 20:00:00,2016-09-14 20:00:00,2016-09-16 16:00:00,1,-0.5356011822214083,FRIDAY
trend_pullback,EURUSD,2016-09-23 12:00:00,2016-09-23 12:00:00,2016-09-23 16:00:00,1,-0.03469866594888745,FRIDAY
trend_pullback,EURUSD,2016-09-28 16:00:00,2016-09-28 16:00:00,2016-09-28 20:00:00,1,-1.0177463809009282,SL
trend_pullback,EURUSD,2016-09-29 04:00:00,2016-09-29 04:00:00,2016-09-30 12:00:00,1,-1.017583600016151,SL
trend_pullback,EURUSD,2016-09-30 20:00:00,2016-09-30 20:00:00,2016-10-04 12:00:00,1,-1.0140066184302858,SL
trend_pullback,EURUSD,2016-10-05 04:00:00,2016-10-05 04:00:00,2016-10-06 20:00:00,1,-1.0151692569099184,SL
trend_pullback,EURUSD,2016-10-14 04:00:00,2016-10-14 04:00:00,2016-10-14 16:00:00,-1,0.524657128924982,FRIDAY
trend_pullback,EURUSD,2016-10-18 08:00:00,2016-10-18 08:00:00,2016-10-20 20:00:00,-1,1.9824122808774005,TP
trend_pullback,EURUSD,2016-10-26 00:00:00,2016-10-26 00:00:00,2016-10-26 12:00:00,-1,-1.0170718170705324,SL
trend_pullback,EURUSD,2016-10-27 08:00:00,2016-10-27 08:00:00,2016-10-27 20:00:00,-1,-1.0185158299906172,SL
trend_pullback,EURUSD,2016-11-09 12:00:00,2016-11-09 12:00:00,2016-11-10 16:00:00,-1,1.992753962874755,TP
trend_pullback,EURUSD,2016-11-17 16:00:00,2016-11-17 16:00:00,2016-11-18 16:00:00,-1,1.3362748882371038,FRIDAY
trend_pullback,EURUSD,2016-11-22 16:00:00,2016-11-22 16:00:00,2016-11-25 16:00:00,-1,0.23564093612700568,FRIDAY
trend_pullback,EURUSD,2016-11-26 00:00:00,2016-11-28 00:00:00,2016-11-28 08:00:00,-1,-1.0125113283721907,SL
trend_pullback,EURUSD,2016-11-28 16:00:00,2016-11-28 16:00:00,2016-11-29 20:00:00,-1,-1.0108690968086176,SL
trend_pullback,EURUSD,2016-11-30 20:00:00,2016-11-30 20:00:00,2016-12-02 00:00:00,-1,-1.0105437032962907,SL
trend_pullback,EURUSD,2016-12-08 16:00:00,2016-12-08 16:00:00,2016-12-09 16:00:00,-1,0.5387932857519235,FRIDAY
trend_pullback,EURUSD,2016-12-13 12:00:00,2016-12-13 12:00:00,2016-12-15 00:00:00,-1,1.9886150516938395,TP
trend_pullback,EURUSD,2016-12-22 00:00:00,2016-12-22 00:00:00,2016-12-22 20:00:00,-1,-1.012904395558834,SL
trend_pullback,EURUSD,2016-12-23 16:00:00,2016-12-23 16:00:00,2016-12-23 20:00:00,-1,-0.029260785830832504,FRIDAY
trend_pullback,EURUSD,2016-12-27 04:00:00,2016-12-27 04:00:00,2016-12-29 20:00:00,-1,-1.012989227676245,SL
trend_pullback,EURUSD,2017-01-02 12:00:00,2017-01-02 12:00:00,2017-01-03 20:00:00,-1,1.989514979151515,TP
trend_pullback,EURUSD,2017-01-07 00:00:00,2017-01-09 00:00:00,2017-01-10 04:00:00,-1,-1.0095597896127144,SL
trend_pullback,EURUSD,2017-01-11 00:00:00,2017-01-11 00:00:00,2017-01-12 00:00:00,-1,-1.0110393589672184,SL
trend_pullback,EURUSD,2017-01-19 00:00:00,2017-01-19 00:00:00,2017-01-20 04:00:00,-1,-1.0119235663988497,SL
trend_pullback,EURUSD,2017-02-20 16:00:00,2017-02-20 16:00:00,2017-02-21 16:00:00,-1,1.9841734445659962,TP
trend_pullback,EURUSD,2017-02-23 12:00:00,2017-02-23 12:00:00,2017-02-23 20:00:00,-1,-1.0150348280695554,SL
trend_pullback,EURUSD,2017-02-24 20:00:00,2017-02-24 20:00:00,2017-02-27 20:00:00,-1,-1.014409651276794,SL
trend_pullback,EURUSD,2017-03-01 00:00:00,2017-03-01 00:00:00,2017-03-03 16:00:00,-1,1.2916401807160363,FRIDAY
trend_pullback,EURUSD,2017-03-07 12:00:00,2017-03-07 12:00:00,2017-03-09 20:00:00,-1,-1.0155328154388925,SL
trend_pullback,EURUSD,2017-03-15 16:00:00,2017-03-15 16:00:00,2017-03-16 00:00:00,-1,-1.0184129363934584,SL
trend_pullback,EURUSD,2017-04-05 16:00:00,2017-04-05 16:00:00,2017-04-07 16:00:00,-1,0.9192525687822436,FRIDAY
trend_pullback,EURUSD,2017-04-11 20:00:00,2017-04-11 20:00:00,2017-04-13 00:00:00,-1,-1.0189873514958716,SL
trend_pullback,EURUSD,2017-04-13 20:00:00,2017-04-13 20:00:00,2017-04-14 16:00:00,-1,-0.06242746166604792,FRIDAY
trend_pullback,EURUSD,2017-04-14 20:00:00,2017-04-14 20:00:00,2017-04-17 12:00:00,-1,-1.0194765422338614,SL
trend_pullback,EURUSD,2017-05-24 16:00:00,2017-05-24 16:00:00,2017-05-26 16:00:00,1,0.5156467962169897,FRIDAY
trend_pullback,EURUSD,2017-05-30 20:00:00,2017-05-30 20:00:00,2017-06-02 16:00:00,1,0.9901297982542323,FRIDAY
trend_pullback,EURUSD,2017-06-05 20:00:00,2017-06-05 20:00:00,2017-06-07 16:00:00,1,-1.0170867775261285,SL
trend_pullback,EURUSD,2017-06-07 20:00:00,2017-06-07 20:00:00,2017-06-08 16:00:00,1,-1.015258193005423,SL
trend_pullback,EURUSD,2017-06-12 12:00:00,2017-06-12 12:00:00,2017-06-15 12:00:00,1,-1.0154670231528715,SL
trend_pullback,EURUSD,2017-06-16 20:00:00,2017-06-16 20:00:00,2017-06-20 00:00:00,1,-1.0154116459315121,SL
trend_pullback,EURUSD,2017-06-22 00:00:00,2017-06-22 00:00:00,2017-06-23 16:00:00,1,0.050880737320536905,FRIDAY
trend_pullback,EURUSD,2017-06-26 16:00:00,2017-06-26 16:00:00,2017-06-27 00:00:00,1,-1.0208815733544208,SL
trend_pullback,EURUSD,2017-06-27 12:00:00,2017-06-27 12:00:00,2017-06-27 20:00:00,1,1.9817495863498864,TP
trend_pullback,EURUSD,2017-07-06 16:00:00,2017-07-06 16:00:00,2017-07-07 16:00:00,1,0.7533834416403753,FRIDAY
trend_pullback,EURUSD,2017-07-07 20:00:00,2017-07-07 20:00:00,2017-07-12 08:00:00,1,1.9836130051346637,TP
trend_pullback,EURUSD,2017-07-13 04:00:00,2017-07-13 04:00:00,2017-07-13 16:00:00,1,-1.0152876119753944,SL
trend_pullback,EURUSD,2017-07-14 16:00:00,2017-07-14 16:00:00,2017-07-14 20:00:00,1,-0.02893250588526688,FRIDAY
trend_pullback,EURUSD,2017-07-20 16:00:00,2017-07-20 16:00:00,2017-07-20 20:00:00,1,1.9849560370093369,TP
trend_pullback,EURUSD,2017-07-26 16:00:00,2017-07-26 16:00:00,2017-07-27 00:00:00,1,1.9853303650607268,TP
trend_pullback,EURUSD,2017-07-28 00:00:00,2017-07-28 00:00:00,2017-07-28 16:00:00,1,0.4979172082005864,FRIDAY
trend_pullback,EURUSD,2017-08-08 08:00:00,2017-08-08 08:00:00,2017-08-08 20:00:00,1,-1.0141477665684415,SL
trend_pullback,EURUSD,2017-08-11 00:00:00,2017-08-11 00:00:00,2017-08-11 16:00:00,1,-0.3510784712425916,FRIDAY
trend_pullback,EURUSD,2017-08-17 00:00:00,2017-08-17 00:00:00,2017-08-17 16:00:00,1,-1.0114423741519716,SL
trend_pullback,EURUSD,2017-08-18 12:00:00,2017-08-18 12:00:00,2017-08-18 16:00:00,1,-0.022972758632320334,FRIDAY
trend_pullback,EURUSD,2017-08-18 20:00:00,2017-08-18 20:00:00,2017-08-24 04:00:00,1,1.0326556058922036,TIME
trend_pullback,EURUSD,2017-08-25 08:00:00,2017-08-25 08:00:00,2017-08-25 16:00:00,1,-0.08054067831357194,FRIDAY
trend_pullback,EURUSD,2017-08-25 20:00:00,2017-08-25 20:00:00,2017-08-28 20:00:00,1,1.9857247601133772,TP
trend_pullback,EURUSD,2017-09-01 04:00:00,2017-09-01 04:00:00,2017-09-01 16:00:00,1,-0.3167535715322173,FRIDAY
trend_pullback,EURUSD,2017-09-04 12:00:00,2017-09-04 12:00:00,2017-09-07 16:00:00,1,1.988367238417379,TP
trend_pullback,EURUSD,2017-09-11 12:00:00,2017-09-11 12:00:00,2017-09-11 20:00:00,1,-1.011649212002567,SL
trend_pullback,EURUSD,2017-09-13 08:00:00,2017-09-13 08:00:00,2017-09-13 20:00:00,1,-1.0137200277421785,SL
trend_pullback,EURUSD,2017-09-15 12:00:00,2017-09-15 12:00:00,2017-09-15 16:00:00,1,-0.026333608853455502,FRIDAY
trend_pullback,EURUSD,2017-09-18 04:00:00,2017-09-18 04:00:00,2017-09-21 00:00:00,1,-1.0124317715674378,SL
trend_pullback,EURUSD,2017-09-22 08:00:00,2017-09-22 08:00:00,2017-09-22 16:00:00,1,0.5550422069107963,FRIDAY
trend_pullback,EURUSD,2017-10-13 16:00:00,2017-10-13 16:00:00,2017-10-13 20:00:00,1,-0.03071020556472521,FRIDAY
trend_pullback,EURUSD,2017-10-19 12:00:00,2017-10-19 12:00:00,2017-10-20 16:00:00,1,-0.11205595505186587,FRIDAY
trend_pullback,EURUSD,2017-11-20 12:00:00,2017-11-20 12:00:00,2017-11-20 20:00:00,1,-1.0128557013271042,SL
trend_pullback,EURUSD,2017-11-22 12:00:00,2017-11-22 12:00:00,2017-11-23 12:00:00,1,1.984705950062247,TP
trend_pullback,EURUSD,2017-11-28 16:00:00,2017-11-28 16:00:00,2017-11-29 00:00:00,1,-1.0160894586893525,SL
trend_pullback,EURUSD,2017-11-30 20:00:00,2017-11-30 20:00:00,2017-12-01 16:00:00,1,0.1941178372122274,FRIDAY
trend_pullback,EURUSD,2017-12-01 20:00:00,2017-12-01 20:00:00,2017-12-04 12:00:00,1,-1.0115063998966454,SL
trend_pullback,EURUSD,2017-12-05 04:00:00,2017-12-05 04:00:00,2017-12-05 20:00:00,1,-1.0134728200522138,SL
trend_pullback,EURUSD,2017-12-14 00:00:00,2017-12-14 00:00:00,2017-12-14 20:00:00,1,-1.015356616838427,SL
trend_pullback,EURUSD,2017-12-15 12:00:00,2017-12-15 12:00:00,2017-12-15 16:00:00,1,-0.030890535805964674,FRIDAY
trend_pullback,EURUSD,2017-12-19 04:00:00,2017-12-19 04:00:00,2017-12-20 20:00:00,1,1.9830174654025996,TP
trend_pullback,EURUSD,2017-12-22 08:00:00,2017-12-22 08:00:00,2017-12-22 16:00:00,1,-0.054490011204825,FRIDAY
trend_pullback,EURUSD,2017-12-23 00:00:00,2017-12-26 04:00:00,2017-12-28 12:00:00,1,1.9820616171477168,TP
trend_pullback,EURUSD,2018-01-04 08:00:00,2018-01-04 08:00:00,2018-01-05 16:00:00,1,0.6030727208749588,FRIDAY
trend_pullback,EURUSD,2018-01-08 04:00:00,2018-01-08 04:00:00,2018-01-08 12:00:00,1,-1.016832845594744,SL
trend_pullback,EURUSD,2018-01-10 16:00:00,2018-01-10 16:00:00,2018-01-10 20:00:00,1,-1.0146748016009675,SL
trend_pullback,EURUSD,2018-01-11 16:00:00,2018-01-11 16:00:00,2018-01-12 12:00:00,1,1.987409452498592,TP
trend_pullback,EURUSD,2018-01-18 12:00:00,2018-01-18 12:00:00,2018-01-19 16:00:00,1,0.9475767171502087,FRIDAY
trend_pullback,EURUSD,2018-01-22 08:00:00,2018-01-22 08:00:00,2018-01-24 12:00:00,1,1.9891229013280693,TP
trend_pullback,EURUSD,2018-01-26 04:00:00,2018-01-26 04:00:00,2018-01-26 16:00:00,1,0.307714798952729,FRIDAY
trend_pullback,EURUSD,2018-01-29 08:00:00,2018-01-29 08:00:00,2018-01-29 20:00:00,1,-1.008975639616863,SL
trend_pullback,EURUSD,2018-01-30 12:00:00,2018-01-30 12:00:00,2018-02-02 16:00:00,1,1.2799856411412358,FRIDAY
trend_pullback,EURUSD,2018-02-02 20:00:00,2018-02-02 20:00:00,2018-02-05 20:00:00,1,-1.0098160874056243,SL
trend_pullback,EURUSD,2018-02-13 00:00:00,2018-02-13 00:00:00,2018-02-14 20:00:00,1,1.989583715455879,TP
trend_pullback,EURUSD,2018-02-22 20:00:00,2018-02-22 20:00:00,2018-02-23 12:00:00,1,-1.0118994301405078,SL
trend_pullback,EURUSD,2018-02-26 08:00:00,2018-02-26 08:00:00,2018-02-26 20:00:00,1,-1.0134759622483815,SL
trend_pullback,EURUSD,2018-02-27 04:00:00,2018-02-27 04:00:00,2018-02-27 16:00:00,1,-1.01331640356128,SL
trend_pullback,EURUSD,2018-03-02 00:00:00,2018-03-02 00:00:00,2018-03-02 16:00:00,1,0.17022060299148947,FRIDAY
trend_pullback,EURUSD,2018-03-05 12:00:00,2018-03-05 12:00:00,2018-03-07 16:00:00,1,1.9884646142604898,TP
trend_pullback,EURUSD,2018-03-08 16:00:00,2018-03-08 16:00:00,2018-03-08 20:00:00,1,-1.0123917285789727,SL
trend_pullback,EURUSD,2018-03-13 00:00:00,2018-03-13 00:00:00,2018-03-16 08:00:00,1,-0.5349135288994273,TIME
trend_pullback,EURUSD,2018-03-19 16:00:00,2018-03-19 16:00:00,2018-03-20 16:00:00,1,-1.0149162658210442,SL
trend_pullback,EURUSD,2018-03-22 00:00:00,2018-03-22 00:00:00,2018-03-22 20:00:00,1,-1.012541666565553,SL
trend_pullback,EURUSD,2018-03-23 04:00:00,2018-03-23 04:00:00,2018-03-23 16:00:00,1,-0.12577935914564073,FRIDAY
trend_pullback,EURUSD,2018-03-27 20:00:00,2018-03-27 20:00:00,2018-03-28 20:00:00,1,-1.0129353183118122,SL
trend_pullback,EURUSD,2018-04-02 16:00:00,2018-04-02 16:00:00,2018-04-02 20:00:00,1,-1.0178231097732962,SL
trend_pullback,EURUSD,2018-04-13 20:00:00,2018-04-13 20:00:00,2018-04-19 04:00:00,1,0.752772964751217,TIME
trend_pullback,EURUSD,2018-04-19 08:00:00,2018-04-19 08:00:00,2018-04-19 20:00:00,1,-1.017861810280416,SL
trend_pullback,EURUSD,2018-06-12 04:00:00,2018-06-12 04:00:00,2018-06-12 12:00:00,-1,-1.0142738208174211,SL
trend_pullback,EURUSD,2018-06-12 20:00:00,2018-06-12 20:00:00,2018-06-14 12:00:00,-1,-1.013863958453663,SL
trend_pullback,EURUSD,2018-06-14 16:00:00,2018-06-14 16:00:00,2018-06-15 00:00:00,-1,1.9891536918578683,TP
trend_pullback,EURUSD,2018-06-19 08:00:00,2018-06-19 08:00:00,2018-06-21 12:00:00,-1,1.9871437448826768,TP
trend_pullback,EURUSD,2018-06-27 00:00:00,2018-06-27 00:00:00,2018-06-28 00:00:00,-1,1.9869292834836758,TP
trend_pullback,EURUSD,2018-07-02 16:00:00,2018-07-02 16:00:00,2018-07-03 12:00:00,-1,-1.012185745373093,SL
trend_pullback,EURUSD,2018-07-04 16:00:00,2018-07-04 16:00:00,2018-07-05 12:00:00,-1,-1.0144922036398825,SL
trend_pullback,EURUSD,2018-07-10 12:00:00,2018-07-10 12:00:00,2018-07-13 12:00:00,-1,1.9845356969024976,TP
trend_pullback,EURUSD,2018-07-17 16:00:00,2018-07-17 16:00:00,2018-07-18 12:00:00,-1,1.9839835435732023,TP
trend_pullback,EURUSD,2018-07-20 12:00:00,2018-07-20 12:00:00,2018-07-20 16:00:00,-1,-0.02654906406917739,FRIDAY
trend_pullback,EURUSD,2018-07-24 08:00:00,2018-07-24 08:00:00,2018-07-26 00:00:00,-1,-1.0140734897578005,SL
trend_pullback,EURUSD,2018-07-26 16:00:00,2018-07-26 16:00:00,2018-07-27 16:00:00,-1,1.4410430428054093,FRIDAY
trend_pullback,EURUSD,2018-08-01 00:00:00,2018-08-01 00:00:00,2018-08-02 16:00:00,-1,1.9821725074123093,TP
trend_pullback,EURUSD,2018-08-08 12:00:00,2018-08-08 12:00:00,2018-08-10 12:00:00,-1,1.9820930950474842,TP
trend_pullback,EURUSD,2018-08-16 16:00:00,2018-08-16 16:00:00,2018-08-17 12:00:00,-1,-1.0133109501064483,SL
trend_pullback,EURUSD,2018-08-24 00:00:00,2018-08-24 00:00:00,2018-08-24 16:00:00,-1,-0.5342481551533326,FRIDAY
trend_pullback,EURUSD,2018-09-07 16:00:00,2018-09-07 16:00:00,2018-09-07 20:00:00,-1,-0.027326453018444295,FRIDAY
trend_pullback,EURUSD,2018-09-11 00:00:00,2018-09-11 00:00:00,2018-09-11 12:00:00,-1,-1.014933915691672,SL
trend_pullback,EURUSD,2018-09-11 16:00:00,2018-09-11 16:00:00,2018-09-12 20:00:00,-1,-1.0141431430347487,SL
trend_pullback,EURUSD,2018-10-03 12:00:00,2018-10-03 12:00:00,2018-10-04 00:00:00,-1,1.9859450794327014,TP
trend_pullback,EURUSD,2018-10-04 20:00:00,2018-10-04 20:00:00,2018-10-05 16:00:00,-1,0.21928716504468349,FRIDAY
trend_pullback,EURUSD,2018-10-05 20:00:00,2018-10-05 20:00:00,2018-10-11 04:00:00,-1,-0.5010994866283258,TIME
trend_pullback,EURUSD,2018-10-17 08:00:00,2018-10-17 08:00:00,2018-10-18 20:00:00,-1,1.9830073966659965,TP
trend_pullback,EURUSD,2018-10-22 04:00:00,2018-10-22 04:00:00,2018-10-22 12:00:00,-1,-1.0150335538292288,SL
trend_pullback,EURUSD,2018-10-22 16:00:00,2018-10-22 16:00:00,2018-10-24 16:00:00,-1,1.9851241394844084,TP
trend_pullback,EURUSD,2018-10-29 12:00:00,2018-10-29 12:00:00,2018-11-01 20:00:00,-1,-1.0143815856580394,SL
trend_pullback,EURUSD,2018-11-02 20:00:00,2018-11-02 20:00:00,2018-11-06 16:00:00,-1,-1.0135921975094238,SL
trend_pullback,EURUSD,2018-11-08 12:00:00,2018-11-08 12:00:00,2018-11-09 16:00:00,-1,1.7555480882160848,FRIDAY
trend_pullback,EURUSD,2018-11-14 08:00:00,2018-11-14 08:00:00,2018-11-14 20:00:00,-1,-1.0134784846903377,SL
trend_pullback,EURUSD,2018-11-15 12:00:00,2018-11-15 12:00:00,2018-11-16 00:00:00,-1,-1.0113856436141662,SL
trend_pullback,EURUSD,2018-11-20 20:00:00,2018-11-20 20:00:00,2018-11-21 16:00:00,-1,-1.0135142422238148,SL
trend_pullback,EURUSD,2018-11-22 00:00:00,2018-11-22 00:00:00,2018-11-22 16:00:00,-1,-1.0144939172918965,SL
trend_pullback,EURUSD,2018-11-23 12:00:00,2018-11-23 12:00:00,2018-11-23 16:00:00,-1,-0.03344625971369394,FRIDAY
trend_pullback,EURUSD,2018-11-26 16:00:00,2018-11-26 16:00:00,2018-11-27 20:00:00,-1,1.983108093724053,TP
trend_pullback,EURUSD,2018-11-30 16:00:00,2018-11-30 16:00:00,2018-11-30 20:00:00,-1,-0.0304800099555289,FRIDAY
trend_pullback,EURUSD,2018-12-03 04:00:00,2018-12-03 04:00:00,2018-12-04 12:00:00,-1,-1.0144609293376161,SL
trend_pullback,EURUSD,2018-12-04 20:00:00,2018-12-04 20:00:00,2018-12-06 20:00:00,-1,-1.0128029662769962,SL
trend_pullback,EURUSD,2018-12-10 20:00:00,2018-12-10 20:00:00,2018-12-14 04:00:00,-1,-0.09701591953254952,TIME
trend_pullback,EURUSD,2018-12-14 08:00:00,2018-12-14 08:00:00,2018-12-14 16:00:00,-1,1.7082208446739497,FRIDAY
trend_pullback,EURUSD,2019-01-04 00:00:00,2019-01-04 00:00:00,2019-01-04 16:00:00,-1,-0.21499821192801705,FRIDAY
trend_pullback,EURUSD,2019-01-18 16:00:00,2019-01-18 16:00:00,2019-01-18 20:00:00,-1,-0.03727809595234833,FRIDAY
trend_pullback,EURUSD,2019-01-23 12:00:00,2019-01-23 12:00:00,2019-01-23 20:00:00,-1,-1.0225614496788995,SL
trend_pullback,EURUSD,2019-01-24 12:00:00,2019-01-24 12:00:00,2019-01-24 20:00:00,-1,-1.0205307557359364,SL
trend_pullback,EURUSD,2019-02-13 16:00:00,2019-02-13 16:00:00,2019-02-15 16:00:00,-1,0.21658945852730083,FRIDAY
trend_pullback,EURUSD,2019-02-19 08:00:00,2019-02-19 08:00:00,2019-02-19 20:00:00,-1,-1.019380917011727,SL
trend_pullback,EURUSD,2019-02-21 20:00:00,2019-02-21 20:00:00,2019-02-22 16:00:00,-1,-0.2453824347657719,FRIDAY
trend_pullback,EURUSD,2019-02-23 00:00:00,2019-02-25 00:00:00,2019-02-26 16:00:00,-1,-1.0174664237612216,SL
trend_pullback,EURUSD,2019-03-01 00:00:00,2019-03-01 00:00:00,2019-03-01 16:00:00,-1,0.2556665751305241,FRIDAY
trend_pullback,EURUSD,2019-03-01 20:00:00,2019-03-01 20:00:00,2019-03-05 20:00:00,-1,1.9813802900310657,TP
trend_pullback,EURUSD,2019-03-07 16:00:00,2019-03-07 16:00:00,2019-03-08 00:00:00,-1,1.9798923537098159,TP
trend_pullback,EURUSD,2019-03-11 16:00:00,2019-03-11 16:00:00,2019-03-12 12:00:00,-1,-1.0197457266052614,SL
trend_pullback,EURUSD,2019-03-26 16:00:00,2019-03-26 16:00:00,2019-03-29 12:00:00,-1,1.982136362661451,TP
trend_pullback,EURUSD,2019-04-01 16:00:00,2019-04-01 16:00:00,2019-04-05 00:00:00,-1,0.426568787870509,TIME
trend_pullback,EURUSD,2019-04-05 20:00:00,2019-04-05 20:00:00,2019-04-08 16:00:00,-1,-1.0226846742711357,SL
trend_pullback,EURUSD,2019-04-11 16:00:00,2019-04-11 16:00:00,2019-04-12 04:00:00,-1,-1.0240214666704437,SL
trend_pullback,EURUSD,2019-04-17 20:00:00,2019-04-17 20:00:00,2019-04-18 12:00:00,-1,1.9751304390896465,TP
trend_pullback,EURUSD,2019-04-23 04:00:00,2019-04-23 04:00:00,2019-04-23 20:00:00,-1,1.9671159396584184,TP
trend_pullback,EURUSD,2019-04-29 16:00:00,2019-04-29 16:00:00,2019-04-30 00:00:00,-1,-1.0213625656321659,SL
trend_pullback,EURUSD,2019-05-02 00:00:00,2019-05-02 00:00:00,2019-05-03 16:00:00,-1,0.8081919347821733,FRIDAY
trend_pullback,EURUSD,2019-05-06 12:00:00,2019-05-06 12:00:00,2019-05-07 12:00:00,-1,-1.0204932624525422,SL
trend_pullback,EURUSD,2019-05-07 16:00:00,2019-05-07 16:00:00,2019-05-09 20:00:00,-1,-1.0204726287975592,SL
trend_pullback,EURUSD,2019-05-14 00:00:00,2019-05-14 00:00:00,2019-05-17 08:00:00,-1,1.441803846996235,TIME
trend_pullback,EURUSD,2019-05-22 20:00:00,2019-05-22 20:00:00,2019-05-23 20:00:00,-1,-1.0265854224741466,SL
trend_pullback,EURUSD,2019-05-28 08:00:00,2019-05-28 08:00:00,2019-05-29 20:00:00,-1,1.9710942157989664,TP
trend_pullback,EURUSD,2019-06-18 12:00:00,2019-06-18 12:00:00,2019-06-20 00:00:00,-1,-1.0203483318950006,SL
trend_pullback,EURUSD,2019-07-12 16:00:00,2019-07-12 16:00:00,2019-07-12 20:00:00,-1,-0.04785357796253792,FRIDAY
trend_pullback,EURUSD,2019-07-16 00:00:00,2019-07-16 00:00:00,2019-07-17 00:00:00,-1,1.9737427890204966,TP
trend_pullback,EURUSD,2019-07-18 16:00:00,2019-07-18 16:00:00,2019-07-19 00:00:00,-1,-1.0262513503057094,SL
trend_pullback,EURUSD,2019-07-25 20:00:00,2019-07-25 20:00:00,2019-07-26 16:00:00,-1,-0.11174781931490185,FRIDAY
trend_pullback,EURUSD,2019-07-30 08:00:00,2019-07-30 08:00:00,2019-07-31 12:00:00,-1,-1.0254161096548935,SL
trend_pullback,EURUSD,2019-07-31 20:00:00,2019-07-31 20:00:00,2019-08-01 00:00:00,-1,1.9736250970277598,TP
trend_pullback,EURUSD,2019-08-02 16:00:00,2019-08-02 16:00:00,2019-08-02 20:00:00,-1,-0.0340270343256826,FRIDAY
trend_pullback,EURUSD,2019-08-09 00:00:00,2019-08-09 00:00:00,2019-08-09 16:00:00,-1,-0.3419815402640122,FRIDAY
trend_pullback,EURUSD,2019-08-12 12:00:00,2019-08-12 12:00:00,2019-08-12 16:00:00,-1,-1.0175932665398606,SL
trend_pullback,EURUSD,2019-08-21 04:00:00,2019-08-21 04:00:00,2019-08-23 16:00:00,-1,0.8817362468452751,FRIDAY
trend_pullback,EURUSD,2019-08-27 00:00:00,2019-08-27 00:00:00,2019-08-30 08:00:00,-1,1.6212945990447403,TIME
trend_pullback,EURUSD,2019-09-07 00:00:00,2019-09-09 00:00:00,2019-09-09 16:00:00,-1,-1.0211653800976368,SL
trend_pullback,EURUSD,2019-09-11 12:00:00,2019-09-11 12:00:00,2019-09-12 16:00:00,-1,-1.0231202166440365,SL
trend_pullback,EURUSD,2019-09-16 16:00:00,2019-09-16 16:00:00,2019-09-17 20:00:00,-1,-1.0151480813656106,SL
trend_pullback,EURUSD,2019-09-18 12:00:00,2019-09-18 12:00:00,2019-09-20 16:00:00,-1,-0.18305070776270338,FRIDAY
trend_pullback,EURUSD,2019-09-25 04:00:00,2019-09-25 04:00:00,2019-09-25 20:00:00,-1,1.9791678738991245,TP
trend_pullback,EURUSD,2019-10-02 12:00:00,2019-10-02 12:00:00,2019-10-02 20:00:00,-1,-1.0203608485124553,SL
trend_pullback,EURUSD,2019-10-08 20:00:00,2019-10-08 20:00:00,2019-10-09 12:00:00,-1,-1.0206037915023167,SL
trend_pullback,EURUSD,2019-10-15 16:00:00,2019-10-15 16:00:00,2019-10-15 20:00:00,-1,-1.0214449299411632,SL
trend_pullback,EURUSD,2019-11-22 12:00:00,2019-11-22 12:00:00,2019-11-22 16:00:00,-1,-0.05687497265804651,FRIDAY
trend_pullback,EURUSD,2019-11-28 16:00:00,2019-11-28 16:00:00,2019-11-29 16:00:00,-1,0.12796074700682702,FRIDAY
trend_pullback,EURUSD,2020-01-21 20:00:00,2020-01-21 20:00:00,2020-01-23 20:00:00,-1,1.971988916704597,TP
trend_pullback,EURUSD,2020-01-31 08:00:00,2020-01-31 08:00:00,2020-01-31 16:00:00,-1,-0.37899048082217485,FRIDAY
trend_pullback,EURUSD,2020-02-04 16:00:00,2020-02-04 16:00:00,2020-02-06 00:00:00,-1,1.972756794604743,TP
trend_pullback,EURUSD,2020-02-20 20:00:00,2020-02-20 20:00:00,2020-02-21 16:00:00,-1,-0.620870301073145,FRIDAY
trend_pullback,EURUSD,2020-02-24 08:00:00,2020-02-24 08:00:00,2020-02-24 20:00:00,-1,-1.0198478204091097,SL
trend_pullback,EURUSD,2020-03-23 20:00:00,2020-03-23 20:00:00,2020-03-24 16:00:00,-1,-1.0049251533505024,SL
trend_pullback,EURUSD,2020-03-24 20:00:00,2020-03-24 20:00:00,2020-03-26 00:00:00,-1,-1.0052391345636884,SL
trend_pullback,EURUSD,2020-04-08 12:00:00,2020-04-08 12:00:00,2020-04-09 20:00:00,-1,-1.0102985773851498,SL
trend_pullback,EURUSD,2020-04-14 00:00:00,2020-04-14 00:00:00,2020-04-14 16:00:00,-1,-1.0145232558007933,SL
trend_pullback,EURUSD,2020-04-16 00:00:00,2020-04-16 00:00:00,2020-04-17 16:00:00,-1,1.4022035344241308,FRIDAY
trend_pullback,EURUSD,2020-04-20 16:00:00,2020-04-20 16:00:00,2020-04-24 00:00:00,-1,1.571680949602155,TIME
trend_pullback,EURUSD,2020-04-24 20:00:00,2020-04-24 20:00:00,2020-04-27 08:00:00,-1,-1.0119668829918145,SL
trend_pullback,EURUSD,2020-04-28 08:00:00,2020-04-28 08:00:00,2020-04-28 16:00:00,-1,-1.0143686648899763,SL
trend_pullback,EURUSD,2020-04-29 00:00:00,2020-04-29 00:00:00,2020-04-29 12:00:00,-1,-1.0131935507774688,SL
trend_pullback,EURUSD,2020-05-05 12:00:00,2020-05-05 12:00:00,2020-05-08 16:00:00,-1,0.1789337057405705,FRIDAY
trend_pullback,EURUSD,2020-05-11 12:00:00,2020-05-11 12:00:00,2020-05-12 16:00:00,-1,-1.0149959289996988,SL
trend_pullback,EURUSD,2020-05-13 20:00:00,2020-05-13 20:00:00,2020-05-15 16:00:00,-1,0.2051466884328806,FRIDAY
trend_pullback,EURUSD,2020-05-15 20:00:00,2020-05-15 20:00:00,2020-05-18 20:00:00,-1,-1.0150772339408904,SL
trend_pullback,EURUSD,2020-06-16 00:00:00,2020-06-16 00:00:00,2020-06-16 20:00:00,1,-1.0100351514983918,SL
trend_pullback,EURUSD,2020-06-22 12:00:00,2020-06-22 12:00:00,2020-06-23 16:00:00,1,1.9871916414793247,TP
trend_pullback,EURUSD,2020-06-24 20:00:00,2020-06-24 20:00:00,2020-06-25 12:00:00,1,-1.0132886875400835,SL
trend_pullback,EURUSD,2020-06-29 08:00:00,2020-06-29 08:00:00,2020-06-30 16:00:00,1,-1.016011399132667,SL
trend_pullback,EURUSD,2020-06-30 20:00:00,2020-06-30 20:00:00,2020-07-01 16:00:00,1,-1.014125644355602,SL
trend_pullback,EURUSD,2020-07-01 20:00:00,2020-07-01 20:00:00,2020-07-03 16:00:00,1,-0.6595624877573674,FRIDAY
trend_pullback,EURUSD,2020-07-03 20:00:00,2020-07-03 20:00:00,2020-07-06 16:00:00,1,1.9841443807151349,TP
trend_pullback,EURUSD,2020-07-07 16:00:00,2020-07-07 16:00:00,2020-07-10 16:00:00,1,-0.29867613754633693,FRIDAY
trend_pullback,EURUSD,2020-07-10 20:00:00,2020-07-10 20:00:00,2020-07-14 20:00:00,1,1.9856658086471692,TP
trend_pullback,EURUSD,2020-07-16 16:00:00,2020-07-16 16:00:00,2020-07-17 16:00:00,1,0.1094177209378875,FRIDAY
trend_pullback,EURUSD,2020-07-20 20:00:00,2020-07-20 20:00:00,2020-07-22 00:00:00,1,1.9863723482607805,TP
trend_pullback,EURUSD,2020-07-30 16:00:00,2020-07-30 16:00:00,2020-07-31 04:00:00,1,1.987789097583889,TP
trend_pullback,EURUSD,2020-08-04 08:00:00,2020-08-04 08:00:00,2020-08-05 20:00:00,1,1.989145379868744,TP
trend_pullback,EURUSD,2020-08-06 20:00:00,2020-08-06 20:00:00,2020-08-07 16:00:00,1,-0.7683041875012186,FRIDAY
trend_pullback,EURUSD,2020-08-11 16:00:00,2020-08-11 16:00:00,2020-08-12 00:00:00,1,-1.0117223732647171,SL
trend_pullback,EURUSD,2020-08-12 16:00:00,2020-08-12 16:00:00,2020-08-14 16:00:00,1,0.42694203313588774,FRIDAY
trend_pullback,EURUSD,2020-08-21 04:00:00,2020-08-21 04:00:00,2020-08-21 12:00:00,1,-1.0127000009195928,SL
trend_pullback,EURUSD,2020-08-24 16:00:00,2020-08-24 16:00:00,2020-08-25 00:00:00,1,-1.0126969353934565,SL
trend_pullback,EURUSD,2020-08-25 12:00:00,2020-08-25 12:00:00,2020-08-26 16:00:00,1,-1.0133498631461308,SL
trend_pullback,EURUSD,2020-08-26 20:00:00,2020-08-26 20:00:00,2020-08-27 20:00:00,1,-1.0128904539093888,SL
trend_pullback,EURUSD,2020-08-28 08:00:00,2020-08-28 08:00:00,2020-08-28 16:00:00,1,0.5815240715740437,FRIDAY
trend_pullback,EURUSD,2020-09-10 04:00:00,2020-09-10 04:00:00,2020-09-10 16:00:00,1,1.9849210773020118,TP
trend_pullback,EURUSD,2020-09-11 04:00:00,2020-09-11 04:00:00,2020-09-11 16:00:00,1,0.39616547854875084,FRIDAY
trend_pullback,EURUSD,2020-09-12 00:00:00,2020-09-14 00:00:00,2020-09-17 00:00:00,1,-1.0134571619318578,SL
trend_pullback,EURUSD,2020-09-18 00:00:00,2020-09-18 00:00:00,2020-09-18 16:00:00,1,0.1888015343673614,FRIDAY
trend_pullback,EURUSD,2020-09-18 20:00:00,2020-09-18 20:00:00,2020-09-21 12:00:00,1,-1.0128192318442049,SL
trend_pullback,EURUSD,2020-09-30 20:00:00,2020-09-30 20:00:00,2020-10-02 16:00:00,1,-0.2026591708507585,FRIDAY
trend_pullback,EURUSD,2020-10-02 20:00:00,2020-10-02 20:00:00,2020-10-08 04:00:00,1,1.0251279861867142,TIME
trend_pullback,EURUSD,2020-10-09 00:00:00,2020-10-09 00:00:00,2020-10-09 16:00:00,1,1.2152621785801871,FRIDAY
trend_pullback,EURUSD,2020-10-23 12:00:00,2020-10-23 12:00:00,2020-10-23 16:00:00,1,-0.03393675955815637,FRIDAY
trend_pullback,EURUSD,2020-10-27 08:00:00,2020-10-27 08:00:00,2020-10-27 12:00:00,1,-1.0184817800250339,SL
trend_pullback,EURUSD,2020-10-27 16:00:00,2020-10-27 16:00:00,2020-10-28 00:00:00,1,-1.0171760809078914,SL
trend_pullback,EURUSD,2020-11-10 04:00:00,2020-11-10 04:00:00,2020-11-11 16:00:00,1,-1.0103941674752497,SL
trend_pullback,EURUSD,2020-11-12 12:00:00,2020-11-12 12:00:00,2020-11-13 16:00:00,1,0.3280206965975471,FRIDAY
trend_pullback,EURUSD,2020-11-16 20:00:00,2020-11-16 20:00:00,2020-11-20 04:00:00,1,0.8520644793127709,TIME
trend_pullback,EURUSD,2020-11-20 16:00:00,2020-11-20 16:00:00,2020-11-20 20:00:00,1,-0.03476008838293034,FRIDAY
trend_pullback,EURUSD,2020-11-21 00:00:00,2020-11-23 00:00:00,2020-11-23 20:00:00,1,-1.0179254405258822,SL
trend_pullback,EURUSD,2020-11-24 12:00:00,2020-11-24 12:00:00,2020-11-24 20:00:00,1,-1.0160044637555412,SL
trend_pullback,EURUSD,2020-11-26 20:00:00,2020-11-26 20:00:00,2020-11-27 16:00:00,1,0.21904320623232665,FRIDAY
trend_pullback,EURUSD,2020-12-01 04:00:00,2020-12-01 04:00:00,2020-12-01 20:00:00,1,1.9828657932881386,TP
trend_pullback,EURUSD,2020-12-07 16:00:00,2020-12-07 16:00:00,2020-12-09 20:00:00,1,-1.01356615077088,SL
trend_pullback,EURUSD,2020-12-10 12:00:00,2020-12-10 12:00:00,2020-12-11 16:00:00,1,0.2351539011274433,FRIDAY
trend_pullback,EURUSD,2020-12-15 12:00:00,2020-12-15 12:00:00,2020-12-17 12:00:00,1,1.9843021731376658,TP
trend_pullback,EURUSD,2020-12-21 20:00:00,2020-12-21 20:00:00,2020-12-22 20:00:00,1,-1.0119789487929858,SL
trend_pullback,EURUSD,2020-12-24 04:00:00,2020-12-24 04:00:00,2020-12-30 12:00:00,1,1.1385543179900726,TIME
trend_pullback,EURUSD,2020-12-31 16:00:00,2020-12-31 16:00:00,2020-12-31 20:00:00,1,-1.0156193761026515,SL
trend_pullback,EURUSD,2021-01-04 12:00:00,2021-01-04 12:00:00,2021-01-05 00:00:00,1,-1.0138575882598766,SL
trend_pullback,EURUSD,2021-01-05 08:00:00,2021-01-05 08:00:00,2021-01-08 12:00:00,1,-1.0145716304196386,SL
trend_pullback,EURUSD,2021-01-13 00:00:00,2021-01-13 00:00:00,2021-01-13 16:00:00,1,-1.0127310334510689,SL
trend_pullback,EURUSD,2021-01-21 04:00:00,2021-01-21 04:00:00,2021-01-22 16:00:00,1,1.2587845546964478,FRIDAY
trend_pullback,EURUSD,2021-01-26 16:00:00,2021-01-26 16:00:00,2021-01-27 12:00:00,1,-1.0172761308982516,SL
trend_pullback,EURUSD,2021-01-29 16:00:00,2021-01-29 16:00:00,2021-01-29 20:00:00,1,-0.03089834305057251,FRIDAY
trend_pullback,EURUSD,2021-02-01 08:00:00,2021-02-01 08:00:00,2021-02-01 12:00:00,1,-1.0173310342486381,SL
trend_pullback,EURUSD,2021-02-12 20:00:00,2021-02-12 20:00:00,2021-02-17 04:00:00,1,-1.0187342532457835,SL
trend_pullback,EURUSD,2021-02-19 00:00:00,2021-02-19 00:00:00,2021-02-19 16:00:00,1,1.2189711869449975,FRIDAY
trend_pullback,EURUSD,2021-02-24 20:00:00,2021-02-24 20:00:00,2021-02-25 16:00:00,1,1.983968295561038,TP
trend_pullback,EURUSD,2021-04-16 08:00:00,2021-04-16 08:00:00,2021-04-16 16:00:00,1,0.41706262741723577,FRIDAY
trend_pullback,EURUSD,2021-04-19 12:00:00,2021-04-19 12:00:00,2021-04-22 20:00:00,1,-0.4687303672364784,TIME
trend_pullback,EURUSD,2021-04-23 08:00:00,2021-04-23 08:00:00,2021-04-23 16:00:00,1,0.8373818709679449,FRIDAY
trend_pullback,EURUSD,2021-04-26 20:00:00,2021-04-26 20:00:00,2021-04-30 04:00:00,1,0.8298742171624444,TIME
trend_pullback,EURUSD,2021-05-06 12:00:00,2021-05-06 12:00:00,2021-05-07 16:00:00,1,1.324895663311622,FRIDAY
trend_pullback,EURUSD,2021-05-12 12:00:00,2021-05-12 12:00:00,2021-05-12 16:00:00,1,-1.0170194882003378,SL
trend_pullback,EURUSD,2021-05-14 12:00:00,2021-05-14 12:00:00,2021-05-14 16:00:00,1,-0.028640927091963267,FRIDAY
trend_pullback,EURUSD,2021-05-20 04:00:00,2021-05-20 04:00:00,2021-05-21 16:00:00,1,0.9195393963279035,FRIDAY
trend_pullback,EURUSD,2021-05-24 12:00:00,2021-05-24 12:00:00,2021-05-27 20:00:00,1,-0.2606363653137328,TIME
trend_pullback,EURUSD,2021-05-28 20:00:00,2021-05-28 20:00:00,2021-06-03 04:00:00,1,0.236765096675228,TIME
trend_pullback,EURUSD,2021-06-07 20:00:00,2021-06-07 20:00:00,2021-06-10 12:00:00,1,-1.0174540079618812,SL
trend_pullback,EURUSD,2021-06-10 16:00:00,2021-06-10 16:00:00,2021-06-10 20:00:00,1,-1.0209602462496246,SL
trend_pullback,EURUSD,2021-06-11 04:00:00,2021-06-11 04:00:00,2021-06-11 16:00:00,1,-0.4341686603671304,FRIDAY
trend_pullback,EURUSD,2021-08-03 20:00:00,2021-08-03 20:00:00,2021-08-04 20:00:00,-1,-1.0207081755495748,SL
trend_pullback,EURUSD,2021-08-05 16:00:00,2021-08-05 16:00:00,2021-08-06 16:00:00,-1,0.715915559230945,FRIDAY
trend_pullback,EURUSD,2021-08-12 00:00:00,2021-08-12 00:00:00,2021-08-13 16:00:00,-1,-0.21681813618207993,FRIDAY
trend_pullback,EURUSD,2021-08-17 16:00:00,2021-08-17 16:00:00,2021-08-19 04:00:00,-1,1.9748484869122982,TP
trend_pullback,EURUSD,2021-08-21 00:00:00,2021-08-23 00:00:00,2021-08-23 08:00:00,-1,-1.020783809668189,SL
trend_pullback,EURUSD,2021-08-27 04:00:00,2021-08-27 04:00:00,2021-08-27 16:00:00,-1,-0.2539232317159815,FRIDAY
trend_pullback,EURUSD,2021-09-09 16:00:00,2021-09-09 16:00:00,2021-09-10 16:00:00,-1,-0.9051730441608405,FRIDAY
trend_pullback,EURUSD,2021-09-10 20:00:00,2021-09-10 20:00:00,2021-09-16 04:00:00,-1,-0.06591208002635403,TIME
trend_pullback,EURUSD,2021-09-16 08:00:00,2021-09-16 08:00:00,2021-09-16 16:00:00,-1,1.9762727989898075,TP
trend_pullback,EURUSD,2021-09-23 00:00:00,2021-09-23 00:00:00,2021-09-23 12:00:00,-1,-1.020551395797557,SL
trend_pullback,EURUSD,2021-09-24 16:00:00,2021-09-24 16:00:00,2021-09-24 20:00:00,-1,-0.04362090890574669,FRIDAY
trend_pullback,EURUSD,2021-09-27 12:00:00,2021-09-27 12:00:00,2021-09-29 20:00:00,-1,1.9780199727655325,TP
trend_pullback,EURUSD,2021-10-05 04:00:00,2021-10-05 04:00:00,2021-10-06 16:00:00,-1,1.9790642192929304,TP
trend_pullback,EURUSD,2021-10-08 20:00:00,2021-10-08 20:00:00,2021-10-14 00:00:00,-1,-1.0223993367378366,SL
trend_pullback,EURUSD,2021-10-18 04:00:00,2021-10-18 04:00:00,2021-10-18 20:00:00,-1,-1.0220912014422951,SL
trend_pullback,EURUSD,2021-10-22 00:00:00,2021-10-22 00:00:00,2021-10-22 16:00:00,-1,-0.7602072001926724,FRIDAY
trend_pullback,EURUSD,2021-10-22 20:00:00,2021-10-22 20:00:00,2021-10-25 08:00:00,-1,-1.0218954635908142,SL
trend_pullback,EURUSD,2021-10-25 16:00:00,2021-10-25 16:00:00,2021-10-28 16:00:00,-1,-1.0190186446031295,SL
trend_pullback,EURUSD,2021-10-29 16:00:00,2021-10-29 16:00:00,2021-10-29 20:00:00,-1,-0.032827295165463705,FRIDAY
trend_pullback,EURUSD,2021-11-02 04:00:00,2021-11-02 04:00:00,2021-11-05 12:00:00,-1,1.388970886461911,TIME
trend_pullback,EURUSD,2021-11-08 04:00:00,2021-11-08 04:00:00,2021-11-08 20:00:00,-1,-1.0178951131822287,SL
trend_pullback,EURUSD,2021-11-10 08:00:00,2021-11-10 08:00:00,2021-11-10 20:00:00,-1,1.9801476068585695,TP
trend_pullback,EURUSD,2021-11-19 08:00:00,2021-11-19 08:00:00,2021-11-19 16:00:00,-1,1.4637269293998598,FRIDAY
trend_pullback,EURUSD,2021-12-02 20:00:00,2021-12-02 20:00:00,2021-12-03 16:00:00,-1,0.074724917033094,FRIDAY
trend_pullback,EURUSD,2021-12-04 00:00:00,2021-12-06 00:00:00,2021-12-08 20:00:00,-1,-1.0142195246674193,SL
trend_pullback,EURUSD,2021-12-09 20:00:00,2021-12-09 20:00:00,2021-12-10 16:00:00,-1,0.16166264108747863,FRIDAY
trend_pullback,EURUSD,2021-12-13 08:00:00,2021-12-13 08:00:00,2021-12-16 00:00:00,-1,1.981960690400383,TP
trend_pullback,EURUSD,2021-12-17 16:00:00,2021-12-17 16:00:00,2021-12-17 20:00:00,-1,-0.02925542876125004,FRIDAY
trend_pullback,EURUSD,2021-12-20 20:00:00,2021-12-20 20:00:00,2021-12-22 20:00:00,-1,-1.0145399349459134,SL
trend_pullback,EURUSD,2021-12-23 16:00:00,2021-12-23 16:00:00,2021-12-23 20:00:00,-1,-1.017091155063194,SL
trend_pullback,EURUSD,2021-12-24 20:00:00,2021-12-24 20:00:00,2021-12-29 20:00:00,-1,-1.017888353776612,SL
trend_pullback,EURUSD,2021-12-30 12:00:00,2021-12-30 12:00:00,2021-12-30 16:00:00,-1,-1.0182650280218724,SL
trend_pullback,EURUSD,2021-12-31 08:00:00,2021-12-31 08:00:00,2021-12-31 16:00:00,-1,-0.5099879940097097,FRIDAY
trend_pullback,EURUSD,2022-01-03 20:00:00,2022-01-03 20:00:00,2022-01-05 16:00:00,-1,-1.0148770305087753,SL
trend_pullback,EURUSD,2022-01-06 08:00:00,2022-01-06 08:00:00,2022-01-07 16:00:00,-1,-0.19888196952245416,FRIDAY
trend_pullback,EURUSD,2022-01-10 16:00:00,2022-01-10 16:00:00,2022-01-10 20:00:00,-1,-1.017609021598857,SL
trend_pullback,EURUSD,2022-01-20 12:00:00,2022-01-20 12:00:00,2022-01-21 16:00:00,-1,0.20241784902664542,FRIDAY
trend_pullback,EURUSD,2022-01-21 20:00:00,2022-01-21 20:00:00,2022-01-25 16:00:00,-1,1.9814315644920744,TP
trend_pullback,EURUSD,2022-02-21 16:00:00,2022-02-21 16:00:00,2022-02-24 08:00:00,-1,1.9851001216052242,TP
trend_pullback,EURUSD,2022-02-28 20:00:00,2022-02-28 20:00:00,2022-03-02 12:00:00,-1,1.991066263083001,TP
trend_pullback,GBPUSD,2013-09-20 20:00:00,2013-09-20 20:00:00,2013-09-24 16:00:00,1,-1.0137753034700137,SL
trend_pullback,GBPUSD,2013-09-25 12:00:00,2013-09-25 12:00:00,2013-09-27 08:00:00,1,1.9836902936527911,TP
trend_pullback,GBPUSD,2013-10-03 12:00:00,2013-10-03 12:00:00,2013-10-03 16:00:00,1,-1.0151998546270746,SL
trend_pullback,GBPUSD,2013-10-08 16:00:00,2013-10-08 16:00:00,2013-10-09 12:00:00,1,-1.0138276999176308,SL
trend_pullback,GBPUSD,2013-10-14 08:00:00,2013-10-14 08:00:00,2013-10-15 12:00:00,1,-1.0164681133490312,SL
trend_pullback,GBPUSD,2013-10-15 20:00:00,2013-10-15 20:00:00,2013-10-16 20:00:00,1,-1.014491621347854,SL
trend_pullback,GBPUSD,2013-10-17 08:00:00,2013-10-17 08:00:00,2013-10-17 16:00:00,1,1.9866826170721386,TP
trend_pullback,GBPUSD,2013-10-22 12:00:00,2013-10-22 12:00:00,2013-10-22 20:00:00,1,1.9833347524107279,TP
trend_pullback,GBPUSD,2013-10-23 16:00:00,2013-10-23 16:00:00,2013-10-25 16:00:00,1,0.4270406961648608,FRIDAY
trend_pullback,GBPUSD,2013-10-28 12:00:00,2013-10-28 12:00:00,2013-10-28 16:00:00,1,-1.0150875604141147,SL
trend_pullback,GBPUSD,2013-11-05 12:00:00,2013-11-05 12:00:00,2013-11-08 16:00:00,1,0.2958301417333645,FRIDAY
trend_pullback,GBPUSD,2013-11-14 16:00:00,2013-11-14 16:00:00,2013-11-15 16:00:00,1,-0.010768943124520203,FRIDAY
trend_pullback,GBPUSD,2013-11-19 16:00:00,2013-11-19 16:00:00,2013-11-22 12:00:00,1,1.986148211908382,TP
trend_pullback,GBPUSD,2013-11-26 12:00:00,2013-11-26 12:00:00,2013-11-27 12:00:00,1,1.983588366876856,TP
trend_pullback,GBPUSD,2013-12-04 20:00:00,2013-12-04 20:00:00,2013-12-05 16:00:00,1,-1.0140929009751805,SL
trend_pullback,GBPUSD,2013-12-06 12:00:00,2013-12-06 12:00:00,2013-12-06 16:00:00,1,-0.03082751289881055,FRIDAY
trend_pullback,GBPUSD,2013-12-09 08:00:00,2013-12-09 08:00:00,2013-12-10 04:00:00,1,1.985359812398595,TP
trend_pullback,GBPUSD,2013-12-18 12:00:00,2013-12-18 12:00:00,2013-12-19 00:00:00,1,1.9854097288446486,TP
trend_pullback,GBPUSD,2013-12-19 20:00:00,2013-12-19 20:00:00,2013-12-20 12:00:00,1,-1.0130297718178252,SL
trend_pullback,GBPUSD,2013-12-20 16:00:00,2013-12-20 16:00:00,2013-12-20 20:00:00,1,-0.027646151324674666,FRIDAY
trend_pullback,GBPUSD,2013-12-23 04:00:00,2013-12-23 04:00:00,2013-12-27 08:00:00,1,1.986264225796656,TP
trend_pullback,GBPUSD,2014-01-08 16:00:00,2014-01-08 16:00:00,2014-01-10 16:00:00,1,-0.7196383452359253,FRIDAY
trend_pullback,GBPUSD,2014-01-14 20:00:00,2014-01-14 20:00:00,2014-01-15 16:00:00,1,-1.0121149059454475,SL
trend_pullback,GBPUSD,2014-01-17 12:00:00,2014-01-17 12:00:00,2014-01-17 16:00:00,1,-0.02209850577844923,FRIDAY
trend_pullback,GBPUSD,2014-01-21 12:00:00,2014-01-21 12:00:00,2014-01-22 12:00:00,1,1.9851877657618566,TP
trend_pullback,GBPUSD,2014-01-27 12:00:00,2014-01-27 12:00:00,2014-01-30 12:00:00,1,-1.0126262324589188,SL
trend_pullback,GBPUSD,2014-02-18 16:00:00,2014-02-18 16:00:00,2014-02-19 16:00:00,1,-1.0139003237572575,SL
trend_pullback,GBPUSD,2014-02-19 20:00:00,2014-02-19 20:00:00,2014-02-20 12:00:00,1,-1.0138487328607202,SL
trend_pullback,GBPUSD,2014-02-21 16:00:00,2014-02-21 16:00:00,2014-02-21 20:00:00,1,-0.02729802158548847,FRIDAY
trend_pullback,GBPUSD,2014-02-25 00:00:00,2014-02-25 00:00:00,2014-02-28 08:00:00,1,0.4363307329201002,TIME
trend_pullback,GBPUSD,2014-03-04 12:00:00,2014-03-04 12:00:00,2014-03-07 16:00:00,1,0.8451555856446272,FRIDAY
trend_pullback,GBPUSD,2014-03-13 08:00:00,2014-03-13 08:00:00,2014-03-13 20:00:00,1,-1.016716395976835,SL
trend_pullback,GBPUSD,2014-03-15 00:00:00,2014-03-17 00:00:00,2014-03-18 16:00:00,1,-1.0160907827540244,SL
trend_pullback,GBPUSD,2014-03-19 12:00:00,2014-03-19 12:00:00,2014-03-19 20:00:00,1,-1.0164926603498141,SL
trend_pullback,GBPUSD,2014-04-02 04:00:00,2014-04-02 04:00:00,2014-04-03 12:00:00,1,-1.021202716850939,SL
trend_pullback,GBPUSD,2014-04-07 16:00:00,2014-04-07 16:00:00,2014-04-08 12:00:00,1,1.9794932135962253,TP
trend_pullback,GBPUSD,2014-04-15 16:00:00,2014-04-15 16:00:00,2014-04-17 04:00:00,1,1.9804152478772885,TP
trend_pullback,GBPUSD,2014-04-18 16:00:00,2014-04-18 16:00:00,2014-04-18 20:00:00,1,-0.04374730816009427,FRIDAY
trend_pullback,GBPUSD,2014-04-19 00:00:00,2014-04-21 00:00:00,2014-04-23 20:00:00,1,-1.022392476995473,SL
trend_pullback,GBPUSD,2014-04-25 00:00:00,2014-04-25 00:00:00,2014-04-25 16:00:00,1,0.45419743149282077,FRIDAY
trend_pullback,GBPUSD,2014-04-28 12:00:00,2014-04-28 12:00:00,2014-04-28 20:00:00,1,-1.0235781408984714,SL
trend_pullback,GBPUSD,2014-04-29 00:00:00,2014-04-29 00:00:00,2014-04-30 20:00:00,1,1.9764332716489816,TP
trend_pullback,GBPUSD,2014-05-02 20:00:00,2014-05-02 20:00:00,2014-05-06 16:00:00,1,1.9800508854536507,TP
trend_pullback,GBPUSD,2014-05-16 16:00:00,2014-05-16 16:00:00,2014-05-16 20:00:00,1,-0.03924920826695358,FRIDAY
trend_pullback,GBPUSD,2014-05-19 16:00:00,2014-05-19 16:00:00,2014-05-21 12:00:00,1,1.9786499781913867,TP
trend_pullback,GBPUSD,2014-05-23 00:00:00,2014-05-23 00:00:00,2014-05-23 16:00:00,1,-0.6734312581901059,FRIDAY
trend_pullback,GBPUSD,2014-05-27 04:00:00,2014-05-27 04:00:00,2014-05-27 12:00:00,1,-1.0254715050971879,SL
trend_pullback,GBPUSD,2014-06-09 20:00:00,2014-06-09 20:00:00,2014-06-10 16:00:00,1,-1.022688815236614,SL
trend_pullback,GBPUSD,2014-06-18 16:00:00,2014-06-18 16:00:00,2014-06-19 16:00:00,1,1.981079154853119,TP
trend_pullback,GBPUSD,2014-06-23 20:00:00,2014-06-23 20:00:00,2014-06-24 12:00:00,1,-1.0215319012034088,SL
trend_pullback,GBPUSD,2014-06-26 12:00:00,2014-06-26 12:00:00,2014-06-27 16:00:00,1,-0.25891234134587426,FRIDAY
trend_pullback,GBPUSD,2014-06-27 20:00:00,2014-06-27 20:00:00,2014-06-30 20:00:00,1,1.9771517565936194,TP
trend_pullback,GBPUSD,2014-07-04 16:00:00,2014-07-04 16:00:00,2014-07-04 20:00:00,1,-0.04730508093664692,FRIDAY
trend_pullback,GBPUSD,2014-07-07 08:00:00,2014-07-07 08:00:00,2014-07-07 16:00:00,1,-1.02514639295394,SL
trend_pullback,GBPUSD,2014-07-08 04:00:00,2014-07-08 04:00:00,2014-07-08 12:00:00,1,-1.0256683223102736,SL
trend_pullback,GBPUSD,2014-07-09 08:00:00,2014-07-09 08:00:00,2014-07-09 12:00:00,1,-1.025762906918571,SL
trend_pullback,GBPUSD,2014-07-10 00:00:00,2014-07-10 00:00:00,2014-07-10 12:00:00,1,-1.0210493310748596,SL
trend_pullback,GBPUSD,2014-07-11 12:00:00,2014-07-11 12:00:00,2014-07-11 16:00:00,1,-0.04633804831401327,FRIDAY
trend_pullback,GBPUSD,2014-07-15 12:00:00,2014-07-15 12:00:00,2014-07-17 16:00:00,1,-1.0194890146542042,SL
trend_pullback,GBPUSD,2014-09-18 00:00:00,2014-09-18 00:00:00,2014-09-18 16:00:00,-1,-1.0111964638418813,SL
trend_pullback,GBPUSD,2014-09-19 16:00:00,2014-09-19 16:00:00,2014-09-19 20:00:00,-1,-0.015675588729962896,FRIDAY
trend_pullback,GBPUSD,2014-09-22 12:00:00,2014-09-22 12:00:00,2014-09-25 20:00:00,-1,0.305366643329383,TIME
trend_pullback,GBPUSD,2014-09-30 12:00:00,2014-09-30 12:00:00,2014-10-03 12:00:00,-1,1.9863409897240205,TP
trend_pullback,GBPUSD,2014-10-07 04:00:00,2014-10-07 04:00:00,2014-10-07 12:00:00,-1,-1.0129733743651277,SL
trend_pullback,GBPUSD,2014-10-08 04:00:00,2014-10-08 04:00:00,2014-10-09 00:00:00,-1,-1.0115041128969355,SL
trend_pullback,GBPUSD,2014-10-10 12:00:00,2014-10-10 12:00:00,2014-10-10 16:00:00,-1,-0.02103368362918803,FRIDAY
trend_pullback,GBPUSD,2014-10-13 12:00:00,2014-10-13 12:00:00,2014-10-14 16:00:00,-1,1.988872573723041,TP
trend_pullback,GBPUSD,2014-10-16 08:00:00,2014-10-16 08:00:00,2014-10-16 20:00:00,-1,-1.0093162111274765,SL
trend_pullback,GBPUSD,2014-10-22 12:00:00,2014-10-22 12:00:00,2014-10-24 16:00:00,-1,0.03082219370879597,FRIDAY
trend_pullback,GBPUSD,2014-10-29 20:00:00,2014-10-29 20:00:00,2014-10-31 16:00:00,-1,0.2758803909436231,FRIDAY
trend_pullback,GBPUSD,2014-11-04 20:00:00,2014-11-04 20:00:00,2014-11-05 12:00:00,-1,1.984824262549941,TP
trend_pullback,GBPUSD,2014-11-06 12:00:00,2014-11-06 12:00:00,2014-11-07 08:00:00,-1,1.9875149806145547,TP
trend_pullback,GBPUSD,2014-11-10 16:00:00,2014-11-10 16:00:00,2014-11-12 00:00:00,-1,-1.0125613743013229,SL
trend_pullback,GBPUSD,2014-11-12 12:00:00,2014-11-12 12:00:00,2014-11-13 00:00:00,-1,1.986240882848973,TP
trend_pullback,GBPUSD,2014-11-19 16:00:00,2014-11-19 16:00:00,2014-11-20 16:00:00,-1,-1.0134848854160006,SL
trend_pullback,GBPUSD,2014-11-21 12:00:00,2014-11-21 12:00:00,2014-11-21 16:00:00,-1,-0.025478294823729323,FRIDAY
trend_pullback,GBPUSD,2014-11-21 20:00:00,2014-11-21 20:00:00,2014-11-24 20:00:00,-1,-1.0126506141746507,SL
trend_pullback,GBPUSD,2014-11-25 16:00:00,2014-11-25 16:00:00,2014-11-25 20:00:00,-1,-1.014478848099433,SL
trend_pullback,GBPUSD,2014-11-27 20:00:00,2014-11-27 20:00:00,2014-11-28 16:00:00,-1,0.3086906516706174,FRIDAY
trend_pullback,GBPUSD,2014-12-02 16:00:00,2014-12-02 16:00:00,2014-12-05 16:00:00,-1,-0.12477476320128346,FRIDAY
trend_pullback,GBPUSD,2014-12-11 12:00:00,2014-12-11 12:00:00,2014-12-12 00:00:00,-1,-1.0125652066640405,SL
trend_pullback,GBPUSD,2014-12-15 16:00:00,2014-12-15 16:00:00,2014-12-16 12:00:00,-1,-1.0138382824015184,SL
trend_pullback,GBPUSD,2014-12-17 20:00:00,2014-12-17 20:00:00,2014-12-19 16:00:00,-1,-0.021113777922667547,FRIDAY
trend_pullback,GBPUSD,2014-12-19 20:00:00,2014-12-19 20:00:00,2014-12-26 16:00:00,-1,0.8451108741167283,FRIDAY
trend_pullback,GBPUSD,2014-12-29 16:00:00,2014-12-29 16:00:00,2014-12-31 16:00:00,-1,-1.016949226993556,SL
trend_pullback,GBPUSD,2015-01-09 16:00:00,2015-01-09 16:00:00,2015-01-09 20:00:00,-1,-0.0242662068689715,FRIDAY
trend_pullback,GBPUSD,2015-01-12 12:00:00,2015-01-12 12:00:00,2015-01-13 08:00:00,-1,-1.012059915870788,SL
trend_pullback,GBPUSD,2015-01-13 12:00:00,2015-01-13 12:00:00,2015-01-13 16:00:00,-1,-1.0119352512834952,SL
trend_pullback,GBPUSD,2015-01-15 20:00:00,2015-01-15 20:00:00,2015-01-16 12:00:00,-1,-1.0102166595713844,SL
trend_pullback,GBPUSD,2015-01-16 16:00:00,2015-01-16 16:00:00,2015-01-16 20:00:00,-1,-0.02092429764594802,FRIDAY
trend_pullback,GBPUSD,2015-01-19 20:00:00,2015-01-19 20:00:00,2015-01-22 16:00:00,-1,-1.0108215167432937,SL
trend_pullback,GBPUSD,2015-01-22 20:00:00,2015-01-22 20:00:00,2015-01-23 16:00:00,-1,0.5029479721982426,FRIDAY
trend_pullback,GBPUSD,2015-01-29 16:00:00,2015-01-29 16:00:00,2015-01-30 16:00:00,-1,0.7733845406321764,FRIDAY
trend_pullback,GBPUSD,2015-02-02 04:00:00,2015-02-02 04:00:00,2015-02-03 20:00:00,-1,-1.0111615470746496,SL
trend_pullback,GBPUSD,2015-02-07 00:00:00,2015-02-09 00:00:00,2015-02-11 16:00:00,-1,-1.011157728292348,SL
trend_pullback,GBPUSD,2015-02-11 20:00:00,2015-02-11 20:00:00,2015-02-12 16:00:00,-1,-1.0130732674659275,SL
trend_pullback,GBPUSD,2015-02-18 00:00:00,2015-02-18 00:00:00,2015-02-18 12:00:00,-1,-1.0141147649603508,SL
trend_pullback,GBPUSD,2015-03-19 16:00:00,2015-03-19 16:00:00,2015-03-20 16:00:00,-1,0.4062525138152231,FRIDAY
trend_pullback,GBPUSD,2015-03-24 16:00:00,2015-03-24 16:00:00,2015-03-27 16:00:00,-1,0.179978401154156,FRIDAY
trend_pullback,GBPUSD,2015-03-28 00:00:00,2015-03-30 00:00:00,2015-04-02 08:00:00,-1,0.5562744492449287,TIME
trend_pullback,GBPUSD,2015-04-02 16:00:00,2015-04-02 16:00:00,2015-04-03 16:00:00,-1,-0.19517205367129734,FRIDAY
trend_pullback,GBPUSD,2015-04-07 00:00:00,2015-04-07 00:00:00,2015-04-08 16:00:00,-1,-1.0113773301072595,SL
trend_pullback,GBPUSD,2015-04-09 00:00:00,2015-04-09 00:00:00,2015-04-10 00:00:00,-1,1.9899496989231809,TP
trend_pullback,GBPUSD,2015-04-15 12:00:00,2015-04-15 12:00:00,2015-04-15 16:00:00,-1,-1.0100511564326853,SL
trend_pullback,GBPUSD,2015-04-21 04:00:00,2015-04-21 04:00:00,2015-04-21 20:00:00,-1,-1.0108229825239377,SL
trend_pullback,GBPUSD,2015-06-02 16:00:00,2015-06-02 16:00:00,2015-06-02 20:00:00,-1,-1.0114510940010772,SL
trend_pullback,GBPUSD,2015-06-08 12:00:00,2015-06-08 12:00:00,2015-06-08 20:00:00,-1,-1.0104783943238584,SL
trend_pullback,GBPUSD,2015-07-14 12:00:00,2015-07-14 12:00:00,2015-07-14 16:00:00,-1,-1.0125701408566263,SL
trend_pullback,GBPUSD,2015-07-27 12:00:00,2015-07-27 12:00:00,2015-07-27 20:00:00,-1,-1.0138388816042492,SL
trend_pullback,GBPUSD,2015-08-20 00:00:00,2015-08-20 00:00:00,2015-08-20 12:00:00,1,-1.0141471770664665,SL
trend_pullback,GBPUSD,2015-08-20 16:00:00,2015-08-20 16:00:00,2015-08-21 16:00:00,1,0.8895435638936395,FRIDAY
trend_pullback,GBPUSD,2015-08-21 20:00:00,2015-08-21 20:00:00,2015-08-24 12:00:00,1,-1.0135181602254149,SL
trend_pullback,GBPUSD,2015-09-07 16:00:00,2015-09-07 16:00:00,2015-09-08 08:00:00,-1,-1.0129474924982225,SL
trend_pullback,GBPUSD,2015-09-14 16:00:00,2015-09-14 16:00:00,2015-09-15 12:00:00,-1,-1.0143398688777985,SL
trend_pullback,GBPUSD,2015-09-15 16:00:00,2015-09-15 16:00:00,2015-09-16 16:00:00,-1,-1.0147059383010468,SL
trend_pullback,GBPUSD,2015-09-30 16:00:00,2015-09-30 16:00:00,2015-10-02 16:00:00,-1,0.2378621333952332,FRIDAY
trend_pullback,GBPUSD,2015-10-05 16:00:00,2015-10-05 16:00:00,2015-10-06 20:00:00,-1,-1.0131831272865506,SL
trend_pullback,GBPUSD,2015-10-13 04:00:00,2015-10-13 04:00:00,2015-10-13 12:00:00,-1,-1.0143275778046743,SL
trend_pullback,GBPUSD,2015-10-29 00:00:00,2015-10-29 00:00:00,2015-10-30 00:00:00,-1,-1.0146977765190335,SL
trend_pullback,GBPUSD,2015-11-11 12:00:00,2015-11-11 12:00:00,2015-11-11 20:00:00,-1,-1.0147679890918442,SL
trend_pullback,GBPUSD,2015-11-16 12:00:00,2015-11-16 12:00:00,2015-11-18 12:00:00,-1,-1.0153927220292729,SL
trend_pullback,GBPUSD,2015-11-20 16:00:00,2015-11-20 16:00:00,2015-11-20 20:00:00,-1,-0.028823889357594144,FRIDAY
trend_pullback,GBPUSD,2015-11-26 20:00:00,2015-11-26 20:00:00,2015-11-27 16:00:00,-1,1.360490214765432,FRIDAY
trend_pullback,GBPUSD,2015-12-01 16:00:00,2015-12-01 16:00:00,2015-12-02 20:00:00,-1,1.9848081226758363,TP
trend_pullback,GBPUSD,2015-12-07 12:00:00,2015-12-07 12:00:00,2015-12-09 20:00:00,-1,-1.0118380082658467,SL
trend_pullback,GBPUSD,2015-12-15 00:00:00,2015-12-15 00:00:00,2015-12-16 12:00:00,-1,1.9868364101308331,TP
trend_pullback,GBPUSD,2015-12-17 00:00:00,2015-12-17 00:00:00,2015-12-18 16:00:00,-1,0.9339745114499337,FRIDAY
trend_pullback,GBPUSD,2015-12-23 20:00:00,2015-12-23 20:00:00,2015-12-24 16:00:00,-1,-1.0147336547717059,SL
trend_pullback,GBPUSD,2015-12-28 20:00:00,2015-12-28 20:00:00,2015-12-31 20:00:00,-1,1.984250000989578,TP
trend_pullback,GBPUSD,2016-01-04 16:00:00,2016-01-04 16:00:00,2016-01-06 16:00:00,-1,1.9865130829345508,TP
trend_pullback,GBPUSD,2016-01-11 20:00:00,2016-01-11 20:00:00,2016-01-12 16:00:00,-1,1.9881975439928488,TP
trend_pullback,GBPUSD,2016-01-19 16:00:00,2016-01-19 16:00:00,2016-01-22 12:00:00,-1,-1.0107748407821922,SL
trend_pullback,GBPUSD,2016-01-25 20:00:00,2016-01-25 20:00:00,2016-01-26 20:00:00,-1,-1.0094323080074261,SL
trend_pullback,GBPUSD,2016-01-27 20:00:00,2016-01-27 20:00:00,2016-01-28 20:00:00,-1,-1.0093495312344662,SL
trend_pullback,GBPUSD,2016-01-29 16:00:00,2016-01-29 16:00:00,2016-01-29 20:00:00,-1,-0.01781277000936068,FRIDAY
trend_pullback,GBPUSD,2016-02-01 12:00:00,2016-02-01 12:00:00,2016-02-01 20:00:00,-1,-1.0089834322066822,SL
trend_pullback,GBPUSD,2016-02-05 16:00:00,2016-02-05 16:00:00,2016-02-05 20:00:00,-1,-0.017284933860660077,FRIDAY
trend_pullback,GBPUSD,2016-02-08 12:00:00,2016-02-08 12:00:00,2016-02-11 20:00:00,-1,0.570290551898404,TIME
trend_pullback,GBPUSD,2016-02-12 04:00:00,2016-02-12 04:00:00,2016-02-12 16:00:00,-1,-0.8447591584513129,FRIDAY
trend_pullback,GBPUSD,2016-02-12 20:00:00,2016-02-12 20:00:00,2016-02-16 20:00:00,-1,1.9914744985090824,TP
trend_pullback,GBPUSD,2016-02-18 20:00:00,2016-02-18 20:00:00,2016-02-19 16:00:00,-1,0.5192177286430836,FRIDAY
trend_pullback,GBPUSD,2016-02-26 08:00:00,2016-02-26 08:00:00,2016-02-26 16:00:00,-1,-0.7822585421309677,FRIDAY
trend_pullback,GBPUSD,2016-03-02 12:00:00,2016-03-02 12:00:00,2016-03-02 16:00:00,-1,-1.0102244302589802,SL
trend_pullback,GBPUSD,2016-03-09 04:00:00,2016-03-09 04:00:00,2016-03-10 20:00:00,-1,-1.0108163375493184,SL
trend_pullback,GBPUSD,2016-03-15 04:00:00,2016-03-15 04:00:00,2016-03-15 20:00:00,-1,1.9882855913702413,TP
trend_pullback,GBPUSD,2016-04-04 20:00:00,2016-04-04 20:00:00,2016-04-06 12:00:00,-1,1.9898391051950537,TP
trend_pullback,GBPUSD,2016-04-09 00:00:00,2016-04-11 00:00:00,2016-04-11 12:00:00,-1,-1.0102964577941635,SL
trend_pullback,GBPUSD,2016-04-13 12:00:00,2016-04-13 12:00:00,2016-04-15 16:00:00,-1,0.5086243131110537,FRIDAY
trend_pullback,GBPUSD,2016-04-18 04:00:00,2016-04-18 04:00:00,2016-04-18 20:00:00,-1,-1.0115815965007966,SL
trend_pullback,GBPUSD,2016-06-07 00:00:00,2016-06-07 00:00:00,2016-06-07 08:00:00,-1,-1.0089070439513335,SL
trend_pullback,GBPUSD,2016-06-29 20:00:00,2016-06-29 20:00:00,2016-07-01 16:00:00,-1,0.7720256297409657,FRIDAY
trend_pullback,GBPUSD,2016-07-11 12:00:00,2016-07-11 12:00:00,2016-07-11 16:00:00,-1,-1.007173558621882,SL
trend_pullback,GBPUSD,2016-07-14 04:00:00,2016-07-14 04:00:00,2016-07-14 12:00:00,-1,-1.0066449790359353,SL
trend_pullback,GBPUSD,2016-07-15 20:00:00,2016-07-15 20:00:00,2016-07-21 04:00:00,-1,-0.3237260206997265,TIME
trend_pullback,GBPUSD,2016-07-21 16:00:00,2016-07-21 16:00:00,2016-07-22 12:00:00,-1,-1.0072074765096575,SL
trend_pullback,GBPUSD,2016-07-22 16:00:00,2016-07-22 16:00:00,2016-07-22 20:00:00,-1,-0.014485920921092434,FRIDAY
trend_pullback,GBPUSD,2016-07-25 16:00:00,2016-07-25 16:00:00,2016-07-28 00:00:00,-1,-1.008607814783362,SL
trend_pullback,GBPUSD,2016-07-28 20:00:00,2016-07-28 20:00:00,2016-07-29 16:00:00,-1,-0.16048134907494913,FRIDAY
trend_pullback,GBPUSD,2016-08-01 12:00:00,2016-08-01 12:00:00,2016-08-02 16:00:00,-1,-1.009228211723906,SL
trend_pullback,GBPUSD,2016-08-04 16:00:00,2016-08-04 16:00:00,2016-08-05 16:00:00,-1,-0.0301654230353025,FRIDAY
trend_pullback,GBPUSD,2016-08-10 12:00:00,2016-08-10 12:00:00,2016-08-12 16:00:00,-1,1.1671914738729539,FRIDAY
trend_pullback,GBPUSD,2016-08-12 20:00:00,2016-08-12 20:00:00,2016-08-16 12:00:00,-1,-1.0109249449914797,SL
trend_pullback,GBPUSD,2016-08-19 20:00:00,2016-08-19 20:00:00,2016-08-22 20:00:00,-1,-1.0100607914035753,SL
trend_pullback,GBPUSD,2016-08-26 20:00:00,2016-08-26 20:00:00,2016-09-01 04:00:00,-1,0.309552702730195,TIME
trend_pullback,GBPUSD,2016-09-09 12:00:00,2016-09-09 12:00:00,2016-09-09 16:00:00,-1,-0.027870814273988662,FRIDAY
trend_pullback,GBPUSD,2016-09-15 12:00:00,2016-09-15 12:00:00,2016-09-16 16:00:00,-1,0.0392975084527967,FRIDAY
trend_pullback,GBPUSD,2016-09-23 08:00:00,2016-09-23 08:00:00,2016-09-23 16:00:00,-1,0.5921503651699827,FRIDAY
trend_pullback,GBPUSD,2016-09-27 12:00:00,2016-09-27 12:00:00,2016-09-28 00:00:00,-1,-1.0134067948156553,SL
trend_pullback,GBPUSD,2016-09-28 12:00:00,2016-09-28 12:00:00,2016-09-29 04:00:00,-1,-1.0135976925208574,SL
trend_pullback,GBPUSD,2016-09-29 12:00:00,2016-09-29 12:00:00,2016-09-30 16:00:00,-1,0.4895680596042397,FRIDAY
trend_pullback,GBPUSD,2016-09-30 20:00:00,2016-09-30 20:00:00,2016-10-03 20:00:00,-1,1.9873800316436385,TP
trend_pullback,GBPUSD,2016-10-14 08:00:00,2016-10-14 08:00:00,2016-10-14 16:00:00,-1,-0.17204990044353072,FRIDAY
trend_pullback,GBPUSD,2016-10-20 16:00:00,2016-10-20 16:00:00,2016-10-21 16:00:00,-1,0.02320932542266376,FRIDAY
trend_pullback,GBPUSD,2016-10-24 16:00:00,2016-10-24 16:00:00,2016-10-25 20:00:00,-1,1.987292627886308,TP
trend_pullback,GBPUSD,2016-10-26 16:00:00,2016-10-26 16:00:00,2016-10-27 12:00:00,-1,-1.0124254860968949,SL
trend_pullback,GBPUSD,2016-10-27 20:00:00,2016-10-27 20:00:00,2016-10-28 16:00:00,-1,0.04138398341073902,FRIDAY
trend_pullback,GBPUSD,2016-10-31 12:00:00,2016-10-31 12:00:00,2016-10-31 20:00:00,-1,-1.013037459148316,SL
trend_pullback,GBPUSD,2016-11-07 12:00:00,2016-11-07 12:00:00,2016-11-09 08:00:00,-1,-1.0115449484581889,SL
trend_pullback,GBPUSD,2016-11-09 12:00:00,2016-11-09 12:00:00,2016-11-09 20:00:00,-1,-1.0087446697051115,SL
trend_pullback,GBPUSD,2016-11-10 00:00:00,2016-11-10 00:00:00,2016-11-10 20:00:00,-1,-1.007882424038311,SL
trend_pullback,GBPUSD,2016-11-14 12:00:00,2016-11-14 12:00:00,2016-11-17 20:00:00,-1,0.45705816160229407,TIME
trend_pullback,GBPUSD,2016-11-18 16:00:00,2016-11-18 16:00:00,2016-11-18 20:00:00,-1,-0.019137841476176577,FRIDAY
trend_pullback,GBPUSD,2016-11-22 16:00:00,2016-11-22 16:00:00,2016-11-24 16:00:00,-1,-1.0098511613137569,SL
trend_pullback,GBPUSD,2016-11-25 04:00:00,2016-11-25 04:00:00,2016-11-25 16:00:00,-1,-0.572609552000054,FRIDAY
trend_pullback,GBPUSD,2016-11-28 12:00:00,2016-11-28 12:00:00,2016-11-29 20:00:00,-1,-1.0111912118336024,SL
trend_pullback,GBPUSD,2016-12-12 12:00:00,2016-12-12 12:00:00,2016-12-12 16:00:00,-1,-1.0121408245128558,SL
trend_pullback,GBPUSD,2016-12-15 00:00:00,2016-12-15 00:00:00,2016-12-15 20:00:00,-1,1.9898293746004005,TP
trend_pullback,GBPUSD,2016-12-28 12:00:00,2016-12-28 12:00:00,2016-12-30 12:00:00,-1,-1.0124735484462484,SL
trend_pullback,GBPUSD,2017-01-02 16:00:00,2017-01-02 16:00:00,2017-01-05 00:00:00,-1,-1.01343556223803,SL
trend_pullback,GBPUSD,2017-01-06 16:00:00,2017-01-06 16:00:00,2017-01-06 20:00:00,-1,-0.02309451341936469,FRIDAY
trend_pullback,GBPUSD,2017-01-12 04:00:00,2017-01-12 04:00:00,2017-01-12 12:00:00,-1,-1.0094999161047025,SL
trend_pullback,GBPUSD,2017-01-12 20:00:00,2017-01-12 20:00:00,2017-01-13 16:00:00,-1,-0.2320851168101794,FRIDAY
trend_pullback,GBPUSD,2017-01-14 00:00:00,2017-01-16 00:00:00,2017-01-16 12:00:00,-1,-1.0088000331910008,SL
trend_pullback,GBPUSD,2017-02-20 20:00:00,2017-02-20 20:00:00,2017-02-23 20:00:00,-1,-1.013709158672341,SL
trend_pullback,GBPUSD,2017-02-28 20:00:00,2017-02-28 20:00:00,2017-03-01 16:00:00,-1,1.987166779743508,TP
trend_pullback,GBPUSD,2017-03-10 00:00:00,2017-03-10 00:00:00,2017-03-10 16:00:00,-1,-0.23902452548346725,FRIDAY
trend_pullback,GBPUSD,2017-03-10 20:00:00,2017-03-10 20:00:00,2017-03-13 12:00:00,-1,-1.0163366156496498,SL
trend_pullback,GBPUSD,2017-03-14 12:00:00,2017-03-14 12:00:00,2017-03-15 08:00:00,-1,-1.015151633903289,SL
trend_pullback,GBPUSD,2017-06-14 12:00:00,2017-06-14 12:00:00,2017-06-14 20:00:00,-1,-1.01259822119642,SL
trend_pullback,GBPUSD,2017-06-15 00:00:00,2017-06-15 00:00:00,2017-06-16 16:00:00,-1,-0.2217398428113211,FRIDAY
trend_pullback,GBPUSD,2017-06-19 20:00:00,2017-06-19 20:00:00,2017-06-20 20:00:00,-1,1.9865235542754995,TP
trend_pullback,GBPUSD,2017-06-21 20:00:00,2017-06-21 20:00:00,2017-06-23 12:00:00,-1,-1.0125990756166015,SL
trend_pullback,GBPUSD,2017-07-11 12:00:00,2017-07-11 12:00:00,2017-07-11 20:00:00,1,-1.0185889589076194,SL
trend_pullback,GBPUSD,2017-07-12 16:00:00,2017-07-12 16:00:00,2017-07-14 16:00:00,1,1.2508321250878285,FRIDAY
trend_pullback,GBPUSD,2017-07-18 20:00:00,2017-07-18 20:00:00,2017-07-20 12:00:00,1,-1.0139571654826285,SL
trend_pullback,GBPUSD,2017-07-24 04:00:00,2017-07-24 04:00:00,2017-07-27 00:00:00,1,1.983349254474609,TP
trend_pullback,GBPUSD,2017-07-28 04:00:00,2017-07-28 04:00:00,2017-07-28 16:00:00,1,0.29299403495409204,FRIDAY
trend_pullback,GBPUSD,2017-07-28 20:00:00,2017-07-28 20:00:00,2017-08-01 08:00:00,1,1.985593514932975,TP
trend_pullback,GBPUSD,2017-08-11 20:00:00,2017-08-11 20:00:00,2017-08-14 16:00:00,1,-1.0154673791676592,SL
trend_pullback,GBPUSD,2017-09-01 00:00:00,2017-09-01 00:00:00,2017-09-01 16:00:00,1,-0.00218743511748085,FRIDAY
trend_pullback,GBPUSD,2017-09-14 16:00:00,2017-09-14 16:00:00,2017-09-15 12:00:00,1,1.988969805678041,TP
trend_pullback,GBPUSD,2017-09-21 16:00:00,2017-09-21 16:00:00,2017-09-22 16:00:00,1,0.7657429376166808,FRIDAY
trend_pullback,GBPUSD,2017-09-25 04:00:00,2017-09-25 04:00:00,2017-09-25 20:00:00,1,-1.0097902780242234,SL
trend_pullback,GBPUSD,2017-09-28 20:00:00,2017-09-28 20:00:00,2017-09-29 16:00:00,1,-0.9287947042908528,FRIDAY
trend_pullback,GBPUSD,2017-10-11 16:00:00,2017-10-11 16:00:00,2017-10-12 16:00:00,1,-1.0157054824200042,SL
trend_pullback,GBPUSD,2017-10-12 20:00:00,2017-10-12 20:00:00,2017-10-13 16:00:00,1,0.8134348147591948,FRIDAY
trend_pullback,GBPUSD,2017-10-17 12:00:00,2017-10-17 12:00:00,2017-10-17 16:00:00,1,-1.0127473877035582,SL
trend_pullback,GBPUSD,2017-10-19 08:00:00,2017-10-19 08:00:00,2017-10-19 12:00:00,1,-1.0138288669822222,SL
trend_pullback,GBPUSD,2017-10-23 08:00:00,2017-10-23 08:00:00,2017-10-24 20:00:00,1,-1.0135391439308974,SL
trend_pullback,GBPUSD,2017-10-26 16:00:00,2017-10-26 16:00:00,2017-10-27 00:00:00,1,-1.0128807076116506,SL
trend_pullback,GBPUSD,2017-11-17 20:00:00,2017-11-17 20:00:00,2017-11-23 00:00:00,1,1.98670428081872,TP
trend_pullback,GBPUSD,2017-11-24 12:00:00,2017-11-24 12:00:00,2017-11-24 16:00:00,1,-0.03377730110905169,FRIDAY
trend_pullback,GBPUSD,2017-11-28 04:00:00,2017-11-28 04:00:00,2017-11-28 20:00:00,1,-1.0171651424742754,SL
trend_pullback,GBPUSD,2017-11-29 00:00:00,2017-11-29 00:00:00,2017-11-30 08:00:00,1,1.9880867762938839,TP
trend_pullback,GBPUSD,2017-12-04 04:00:00,2017-12-04 04:00:00,2017-12-05 12:00:00,1,-1.0102245946116495,SL
trend_pullback,GBPUSD,2017-12-07 20:00:00,2017-12-07 20:00:00,2017-12-08 16:00:00,1,0.7037078824032238,FRIDAY
trend_pullback,GBPUSD,2017-12-14 00:00:00,2017-12-14 00:00:00,2017-12-14 04:00:00,1,-1.0127383439840736,SL
trend_pullback,GBPUSD,2017-12-18 16:00:00,2017-12-18 16:00:00,2017-12-19 20:00:00,1,-1.0127952521601922,SL
trend_pullback,GBPUSD,2017-12-20 00:00:00,2017-12-20 00:00:00,2017-12-22 16:00:00,1,0.07617167466149749,FRIDAY
trend_pullback,GBPUSD,2017-12-26 20:00:00,2017-12-26 20:00:00,2017-12-29 12:00:00,1,1.9812672995271907,TP
trend_pullback,GBPUSD,2018-01-04 12:00:00,2018-01-04 12:00:00,2018-01-05 16:00:00,1,-0.3483617659858874,FRIDAY
trend_pullback,GBPUSD,2018-01-08 20:00:00,2018-01-08 20:00:00,2018-01-09 16:00:00,1,-1.0168149718178798,SL
trend_pullback,GBPUSD,2018-01-11 16:00:00,2018-01-11 16:00:00,2018-01-12 16:00:00,1,1.7401553284721696,FRIDAY
trend_pullback,GBPUSD,2018-01-26 04:00:00,2018-01-26 04:00:00,2018-01-26 16:00:00,1,0.6909792316340684,FRIDAY
trend_pullback,GBPUSD,2018-01-30 16:00:00,2018-01-30 16:00:00,2018-02-02 16:00:00,1,0.7960267592014382,FRIDAY
trend_pullback,GBPUSD,2018-02-08 16:00:00,2018-02-08 16:00:00,2018-02-08 20:00:00,1,-1.0079283873917573,SL
trend_pullback,GBPUSD,2018-02-13 12:00:00,2018-02-13 12:00:00,2018-02-15 12:00:00,1,1.990735045431495,TP
trend_pullback,GBPUSD,2018-02-16 20:00:00,2018-02-16 20:00:00,2018-02-19 20:00:00,1,-1.0094213267252763,SL
trend_pullback,GBPUSD,2018-02-20 12:00:00,2018-02-20 12:00:00,2018-02-21 12:00:00,1,-1.010373665402326,SL
trend_pullback,GBPUSD,2018-02-22 20:00:00,2018-02-22 20:00:00,2018-02-23 16:00:00,1,0.06917702863285935,FRIDAY
trend_pullback,GBPUSD,2018-02-23 20:00:00,2018-02-23 20:00:00,2018-02-27 20:00:00,1,-1.0105434876127692,SL
trend_pullback,GBPUSD,2018-03-06 12:00:00,2018-03-06 12:00:00,2018-03-09 00:00:00,1,-1.0134538344048627,SL
trend_pullback,GBPUSD,2018-03-10 00:00:00,2018-03-12 00:00:00,2018-03-13 16:00:00,1,1.9858229815958768,TP
trend_pullback,GBPUSD,2018-03-15 16:00:00,2018-03-15 16:00:00,2018-03-16 16:00:00,1,0.15116287853740756,FRIDAY
trend_pullback,GBPUSD,2018-03-17 00:00:00,2018-03-19 00:00:00,2018-03-19 16:00:00,1,1.9854477587855348,TP
trend_pullback,GBPUSD,2018-03-20 20:00:00,2018-03-20 20:00:00,2018-03-22 00:00:00,1,1.986940500474965,TP
trend_pullback,GBPUSD,2018-03-23 16:00:00,2018-03-23 16:00:00,2018-03-23 20:00:00,1,-0.02512028342236193,FRIDAY
trend_pullback,GBPUSD,2018-03-27 20:00:00,2018-03-27 20:00:00,2018-03-28 20:00:00,1,-1.0120334142212775,SL
trend_pullback,GBPUSD,2018-04-02 12:00:00,2018-04-02 12:00:00,2018-04-05 16:00:00,1,-1.0149365540363087,SL
trend_pullback,GBPUSD,2018-04-06 20:00:00,2018-04-06 20:00:00,2018-04-11 12:00:00,1,1.9855462081990916,TP
trend_pullback,GBPUSD,2018-04-12 16:00:00,2018-04-12 16:00:00,2018-04-13 16:00:00,1,1.7519618102514745,FRIDAY
trend_pullback,GBPUSD,2018-06-26 16:00:00,2018-06-26 16:00:00,2018-06-27 20:00:00,-1,1.985477108709785,TP
trend_pullback,GBPUSD,2018-06-29 16:00:00,2018-06-29 16:00:00,2018-06-29 20:00:00,-1,-0.025871511718239655,FRIDAY
trend_pullback,GBPUSD,2018-07-02 16:00:00,2018-07-02 16:00:00,2018-07-03 12:00:00,-1,-1.0127350166111766,SL
trend_pullback,GBPUSD,2018-07-09 20:00:00,2018-07-09 20:00:00,2018-07-10 12:00:00,-1,-1.0119891059694532,SL
trend_pullback,GBPUSD,2018-07-10 20:00:00,2018-07-10 20:00:00,2018-07-13 16:00:00,-1,1.7385537680891459,FRIDAY
trend_pullback,GBPUSD,2018-07-17 16:00:00,2018-07-17 16:00:00,2018-07-18 12:00:00,-1,1.9869815580033896,TP
trend_pullback,GBPUSD,2018-07-24 00:00:00,2018-07-24 00:00:00,2018-07-24 20:00:00,-1,-1.0133301819426928,SL
trend_pullback,GBPUSD,2018-07-26 20:00:00,2018-07-26 20:00:00,2018-07-27 16:00:00,-1,0.6925382474506409,FRIDAY
trend_pullback,GBPUSD,2018-07-31 20:00:00,2018-07-31 20:00:00,2018-08-02 16:00:00,-1,1.9822421006142528,TP
trend_pullback,GBPUSD,2018-08-17 12:00:00,2018-08-17 12:00:00,2018-08-17 16:00:00,-1,-0.030142410123926714,FRIDAY
trend_pullback,GBPUSD,2018-08-23 20:00:00,2018-08-23 20:00:00,2018-08-24 16:00:00,-1,-0.35223746703371683,FRIDAY
trend_pullback,GBPUSD,2018-08-27 12:00:00,2018-08-27 12:00:00,2018-08-27 20:00:00,-1,-1.0166276952877047,SL
trend_pullback,GBPUSD,2018-08-29 00:00:00,2018-08-29 00:00:00,2018-08-29 20:00:00,-1,-1.0159096243624248,SL
trend_pullback,GBPUSD,2018-08-31 20:00:00,2018-08-31 20:00:00,2018-09-04 12:00:00,-1,1.9857248904594833,TP
trend_pullback,GBPUSD,2018-09-08 00:00:00,2018-09-10 00:00:00,2018-09-10 16:00:00,-1,-1.0129899079463156,SL
trend_pullback,GBPUSD,2018-10-01 20:00:00,2018-10-01 20:00:00,2018-10-05 04:00:00,-1,0.11415649346404673,TIME
trend_pullback,GBPUSD,2018-10-22 12:00:00,2018-10-22 12:00:00,2018-10-23 12:00:00,-1,1.9846811760535756,TP
trend_pullback,GBPUSD,2018-10-31 20:00:00,2018-10-31 20:00:00,2018-11-01 04:00:00,-1,-1.0142753667146531,SL
trend_pullback,GBPUSD,2018-11-14 16:00:00,2018-11-14 16:00:00,2018-11-14 20:00:00,-1,-1.008914477792841,SL
trend_pullback,GBPUSD,2018-11-15 12:00:00,2018-11-15 12:00:00,2018-11-16 16:00:00,-1,-0.08255549011339786,FRIDAY
trend_pullback,GBPUSD,2018-11-16 20:00:00,2018-11-16 20:00:00,2018-11-22 04:00:00,-1,0.3807546751807848,TIME
trend_pullback,GBPUSD,2018-11-23 16:00:00,2018-11-23 16:00:00,2018-11-23 20:00:00,-1,-0.025511781555206038,FRIDAY
trend_pullback,GBPUSD,2018-11-26 04:00:00,2018-11-26 04:00:00,2018-11-26 16:00:00,-1,-1.0133431908221842,SL
trend_pullback,GBPUSD,2018-11-26 20:00:00,2018-11-26 20:00:00,2018-11-30 04:00:00,-1,0.6481847531215529,TIME
trend_pullback,GBPUSD,2018-11-30 12:00:00,2018-11-30 12:00:00,2018-11-30 16:00:00,-1,-0.029571536377671296,FRIDAY
trend_pullback,GBPUSD,2018-12-03 16:00:00,2018-12-03 16:00:00,2018-12-04 12:00:00,-1,-1.013886753192322,SL
trend_pullback,GBPUSD,2018-12-04 20:00:00,2018-12-04 20:00:00,2018-12-05 16:00:00,-1,-1.0110153056795106,SL
trend_pullback,GBPUSD,2018-12-06 00:00:00,2018-12-06 00:00:00,2018-12-06 20:00:00,-1,-1.0111457749696937,SL
trend_pullback,GBPUSD,2018-12-07 20:00:00,2018-12-07 20:00:00,2018-12-10 20:00:00,-1,1.9876210641229881,TP
trend_pullback,GBPUSD,2018-12-14 12:00:00,2018-12-14 12:00:00,2018-12-14 16:00:00,-1,-0.02108520577357902,FRIDAY
trend_pullback,GBPUSD,2018-12-19 16:00:00,2018-12-19 16:00:00,2018-12-20 12:00:00,-1,-1.012818513693049,SL
trend_pullback,GBPUSD,2018-12-21 20:00:00,2018-12-21 20:00:00,2018-12-24 20:00:00,-1,-1.0126586872908958,SL
trend_pullback,GBPUSD,2018-12-26 20:00:00,2018-12-26 20:00:00,2018-12-28 16:00:00,-1,-0.05784681841089058,FRIDAY
trend_pullback,GBPUSD,2019-01-02 12:00:00,2019-01-02 12:00:00,2019-01-03 04:00:00,-1,1.987643702829079,TP
trend_pullback,GBPUSD,2019-01-04 00:00:00,2019-01-04 00:00:00,2019-01-04 16:00:00,-1,-0.45089020391237206,FRIDAY
trend_pullback,GBPUSD,2019-01-09 00:00:00,2019-01-09 00:00:00,2019-01-09 12:00:00,-1,-1.0128215055710794,SL
trend_pullback,GBPUSD,2019-01-11 00:00:00,2019-01-11 00:00:00,2019-01-11 16:00:00,-1,-0.05581792883950569,FRIDAY
trend_pullback,GBPUSD,2019-02-13 12:00:00,2019-02-13 12:00:00,2019-02-13 16:00:00,-1,-1.0174011868741393,SL
trend_pullback,GBPUSD,2019-02-13 20:00:00,2019-02-13 20:00:00,2019-02-15 16:00:00,-1,0.758136760324198,FRIDAY
trend_pullback,GBPUSD,2019-03-22 16:00:00,2019-03-22 16:00:00,2019-03-22 20:00:00,1,-0.017578298265213115,FRIDAY
trend_pullback,GBPUSD,2019-03-25 16:00:00,2019-03-25 16:00:00,2019-03-28 12:00:00,1,-1.0096303537612281,SL
trend_pullback,GBPUSD,2019-04-03 00:00:00,2019-04-03 00:00:00,2019-04-05 16:00:00,1,-0.6255446701602005,FRIDAY
trend_pullback,GBPUSD,2019-04-27 00:00:00,2019-04-29 00:00:00,2019-04-30 12:00:00,-1,-1.0209343778908317,SL
trend_pullback,GBPUSD,2019-05-03 12:00:00,2019-05-03 12:00:00,2019-05-03 16:00:00,-1,-0.03939633816474173,FRIDAY
trend_pullback,GBPUSD,2019-05-10 00:00:00,2019-05-10 00:00:00,2019-05-10 16:00:00,-1,-0.09707453617920664,FRIDAY
trend_pullback,GBPUSD,2019-05-11 00:00:00,2019-05-13 00:00:00,2019-05-13 20:00:00,-1,-1.0174754697545052,SL
trend_pullback,GBPUSD,2019-05-21 20:00:00,2019-05-21 20:00:00,2019-05-22 20:00:00,-1,1.9835078755936506,TP
trend_pullback,GBPUSD,2019-05-24 16:00:00,2019-05-24 16:00:00,2019-05-24 20:00:00,-1,-0.03170082565053535,FRIDAY
trend_pullback,GBPUSD,2019-05-27 16:00:00,2019-05-27 16:00:00,2019-05-31 00:00:00,-1,1.404759042814913,TIME
trend_pullback,GBPUSD,2019-06-03 16:00:00,2019-06-03 16:00:00,2019-06-04 12:00:00,-1,-1.0179904105255746,SL
trend_pullback,GBPUSD,2019-06-10 12:00:00,2019-06-10 12:00:00,2019-06-12 12:00:00,-1,-1.0174991080090843,SL
trend_pullback,GBPUSD,2019-06-12 20:00:00,2019-06-12 20:00:00,2019-06-14 16:00:00,-1,0.5784148363478657,FRIDAY
trend_pullback,GBPUSD,2019-06-25 20:00:00,2019-06-25 20:00:00,2019-06-28 16:00:00,-1,0.27984304975768226,FRIDAY
trend_pullback,GBPUSD,2019-07-01 04:00:00,2019-07-01 04:00:00,2019-07-02 20:00:00,-1,1.9812527450688628,TP
trend_pullback,GBPUSD,2019-07-11 00:00:00,2019-07-11 00:00:00,2019-07-11 08:00:00,-1,-1.0204479125704249,SL
trend_pullback,GBPUSD,2019-07-15 16:00:00,2019-07-15 16:00:00,2019-07-16 16:00:00,-1,1.9801536863319849,TP
trend_pullback,GBPUSD,2019-07-22 12:00:00,2019-07-22 12:00:00,2019-07-24 16:00:00,-1,-1.0164230546323185,SL
trend_pullback,GBPUSD,2019-07-25 12:00:00,2019-07-25 12:00:00,2019-07-25 20:00:00,-1,-1.0191436725773033,SL
trend_pullback,GBPUSD,2019-08-01 00:00:00,2019-08-01 00:00:00,2019-08-02 16:00:00,-1,0.5886529497656324,FRIDAY
trend_pullback,GBPUSD,2019-08-05 08:00:00,2019-08-05 08:00:00,2019-08-08 16:00:00,-1,0.5151437890193894,TIME
trend_pullback,GBPUSD,2019-08-09 00:00:00,2019-08-09 00:00:00,2019-08-09 16:00:00,-1,0.21111233707810007,FRIDAY
trend_pullback,GBPUSD,2019-08-12 20:00:00,2019-08-12 20:00:00,2019-08-15 16:00:00,-1,-1.0135517320431833,SL
trend_pullback,GBPUSD,2019-08-19 16:00:00,2019-08-19 16:00:00,2019-08-19 20:00:00,-1,-1.017457315433124,SL
trend_pullback,GBPUSD,2019-08-20 12:00:00,2019-08-20 12:00:00,2019-08-20 20:00:00,-1,-1.0181334726049664,SL
trend_pullback,GBPUSD,2019-08-22 00:00:00,2019-08-22 00:00:00,2019-08-22 16:00:00,-1,-1.0170781325106766,SL
trend_pullback,GBPUSD,2019-08-27 00:00:00,2019-08-27 00:00:00,2019-08-27 16:00:00,-1,-1.015853538682539,SL
trend_pullback,GBPUSD,2019-08-28 12:00:00,2019-08-28 12:00:00,2019-08-28 20:00:00,-1,-1.0142417976153866,SL
trend_pullback,GBPUSD,2019-08-29 00:00:00,2019-08-29 00:00:00,2019-08-30 16:00:00,-1,0.7118411760196109,FRIDAY
trend_pullback,GBPUSD,2019-08-30 20:00:00,2019-08-30 20:00:00,2019-09-02 20:00:00,-1,1.9844999348632748,TP
trend_pullback,GBPUSD,2019-09-30 20:00:00,2019-09-30 20:00:00,2019-10-03 16:00:00,-1,-1.014767872858463,SL
trend_pullback,GBPUSD,2019-10-04 16:00:00,2019-10-04 16:00:00,2019-10-04 20:00:00,-1,-0.02406325685264124,FRIDAY
trend_pullback,GBPUSD,2019-10-07 12:00:00,2019-10-07 12:00:00,2019-10-10 20:00:00,-1,-1.013040323144282,SL
trend_pullback,GBPUSD,2019-11-20 20:00:00,2019-11-20 20:00:00,2019-11-22 12:00:00,1,-1.0213957407359284,SL
trend_pullback,GBPUSD,2019-11-25 20:00:00,2019-11-25 20:00:00,2019-11-26 16:00:00,1,-1.0188562941927632,SL
trend_pullback,GBPUSD,2019-11-27 16:00:00,2019-11-27 16:00:00,2019-11-29 16:00:00,1,0.13043089633485125,FRIDAY
trend_pullback,GBPUSD,2019-11-29 20:00:00,2019-11-29 20:00:00,2019-12-04 12:00:00,1,1.9809512440906287,TP
trend_pullback,GBPUSD,2019-12-11 12:00:00,2019-12-11 12:00:00,2019-12-13 00:00:00,1,-1.0173910889099822,SL
trend_pullback,GBPUSD,2019-12-13 04:00:00,2019-12-13 04:00:00,2019-12-13 12:00:00,1,-1.0080044277992668,SL
trend_pullback,GBPUSD,2019-12-26 20:00:00,2019-12-26 20:00:00,2019-12-27 16:00:00,1,1.1249840063585892,FRIDAY
trend_pullback,GBPUSD,2020-01-06 12:00:00,2020-01-06 12:00:00,2020-01-08 16:00:00,1,-1.0133146543161191,SL
trend_pullback,GBPUSD,2020-01-15 08:00:00,2020-01-15 08:00:00,2020-01-15 12:00:00,1,-1.0179686467219222,SL
trend_pullback,GBPUSD,2020-01-15 20:00:00,2020-01-15 20:00:00,2020-01-17 16:00:00,1,0.4197075726151987,FRIDAY
trend_pullback,GBPUSD,2020-01-21 12:00:00,2020-01-21 12:00:00,2020-01-22 16:00:00,1,1.981240948695875,TP
trend_pullback,GBPUSD,2020-01-24 16:00:00,2020-01-24 16:00:00,2020-01-24 20:00:00,1,-0.033998938076633685,FRIDAY
trend_pullback,GBPUSD,2020-01-27 12:00:00,2020-01-27 12:00:00,2020-01-27 20:00:00,1,-1.0173807037602836,SL
trend_pullback,GBPUSD,2020-01-30 16:00:00,2020-01-30 16:00:00,2020-01-31 16:00:00,1,0.37008571474294766,FRIDAY
trend_pullback,GBPUSD,2020-02-05 12:00:00,2020-02-05 12:00:00,2020-02-05 16:00:00,1,-1.0145695320659098,SL
trend_pullback,GBPUSD,2020-03-20 20:00:00,2020-03-20 20:00:00,2020-03-25 12:00:00,-1,-1.0033367006840068,SL
trend_pullback,GBPUSD,2020-04-03 12:00:00,2020-04-03 12:00:00,2020-04-03 16:00:00,-1,-0.014399625248783486,FRIDAY
trend_pullback,GBPUSD,2020-04-06 16:00:00,2020-04-06 16:00:00,2020-04-08 20:00:00,-1,-1.0075369439529933,SL
trend_pullback,GBPUSD,2020-04-16 00:00:00,2020-04-16 00:00:00,2020-04-17 16:00:00,-1,0.822031273024662,FRIDAY
trend_pullback,GBPUSD,2020-04-20 04:00:00,2020-04-20 04:00:00,2020-04-21 16:00:00,-1,1.9900869348968286,TP
trend_pullback,GBPUSD,2020-04-23 16:00:00,2020-04-23 16:00:00,2020-04-24 16:00:00,-1,0.37007737851107325,FRIDAY
trend_pullback,GBPUSD,2020-04-24 20:00:00,2020-04-24 20:00:00,2020-04-27 08:00:00,-1,-1.0110584769975606,SL
trend_pullback,GBPUSD,2020-05-05 12:00:00,2020-05-05 12:00:00,2020-05-07 20:00:00,-1,1.98780379794311,TP
trend_pullback,GBPUSD,2020-05-08 08:00:00,2020-05-08 08:00:00,2020-05-08 16:00:00,-1,-0.1351443280370149,FRIDAY
trend_pullback,GBPUSD,2020-05-11 12:00:00,2020-05-11 12:00:00,2020-05-13 20:00:00,-1,1.9888141416514515,TP
trend_pullback,GBPUSD,2020-05-21 04:00:00,2020-05-21 04:00:00,2020-05-22 16:00:00,-1,0.4875472450522578,FRIDAY
trend_pullback,GBPUSD,2020-05-26 00:00:00,2020-05-26 00:00:00,2020-05-26 12:00:00,-1,-1.0170920693116983,SL
trend_pullback,GBPUSD,2020-05-27 20:00:00,2020-05-27 20:00:00,2020-05-28 20:00:00,-1,-1.0127607657771804,SL
trend_pullback,GBPUSD,2020-08-03 20:00:00,2020-08-03 20:00:00,2020-08-04 16:00:00,1,-1.0105432058700792,SL
trend_pullback,GBPUSD,2020-08-04 20:00:00,2020-08-04 20:00:00,2020-08-07 16:00:00,1,0.4826637122660992,FRIDAY
trend_pullback,GBPUSD,2020-08-11 08:00:00,2020-08-11 08:00:00,2020-08-12 08:00:00,1,-1.013392402496937,SL
trend_pullback,GBPUSD,2020-08-13 12:00:00,2020-08-13 12:00:00,2020-08-14 16:00:00,1,-0.14266472518203246,FRIDAY
trend_pullback,GBPUSD,2020-08-17 12:00:00,2020-08-17 12:00:00,2020-08-18 20:00:00,1,1.985633311959405,TP
trend_pullback,GBPUSD,2020-08-20 20:00:00,2020-08-20 20:00:00,2020-08-21 16:00:00,1,0.13920039435971465,FRIDAY
trend_pullback,GBPUSD,2020-08-25 16:00:00,2020-08-25 16:00:00,2020-08-27 20:00:00,1,1.9871097098809263,TP
trend_pullback,GBPUSD,2020-09-02 16:00:00,2020-09-02 16:00:00,2020-09-02 20:00:00,1,-1.0119428525211778,SL
trend_pullback,GBPUSD,2020-09-03 00:00:00,2020-09-03 00:00:00,2020-09-03 12:00:00,1,-1.0115439447902956,SL
trend_pullback,GBPUSD,2020-09-17 20:00:00,2020-09-17 20:00:00,2020-09-18 16:00:00,1,0.5259646667980551,FRIDAY
trend_pullback,GBPUSD,2020-10-05 12:00:00,2020-10-05 12:00:00,2020-10-07 00:00:00,1,-1.0100696880700262,SL
trend_pullback,GBPUSD,2020-10-09 04:00:00,2020-10-09 04:00:00,2020-10-09 16:00:00,1,0.07164786768559936,FRIDAY
trend_pullback,GBPUSD,2020-10-14 16:00:00,2020-10-14 16:00:00,2020-10-15 12:00:00,1,-1.0112474459610066,SL
trend_pullback,GBPUSD,2020-10-20 12:00:00,2020-10-20 12:00:00,2020-10-21 20:00:00,1,1.9887424923175037,TP
trend_pullback,GBPUSD,2020-10-23 12:00:00,2020-10-23 12:00:00,2020-10-23 16:00:00,1,-0.024223183015322478,FRIDAY
trend_pullback,GBPUSD,2020-10-27 20:00:00,2020-10-27 20:00:00,2020-10-28 12:00:00,1,-1.0129806115753437,SL
trend_pullback,GBPUSD,2020-10-29 08:00:00,2020-10-29 08:00:00,2020-10-29 16:00:00,1,-1.0131304968716393,SL
trend_pullback,GBPUSD,2020-11-04 16:00:00,2020-11-04 16:00:00,2020-11-06 16:00:00,1,1.7891382944088319,FRIDAY
trend_pullback,GBPUSD,2020-11-13 12:00:00,2020-11-13 12:00:00,2020-11-13 16:00:00,1,-0.02374778102205651,FRIDAY
trend_pullback,GBPUSD,2020-11-13 20:00:00,2020-11-13 20:00:00,2020-11-19 04:00:00,1,0.7258346148970657,TIME
trend_pullback,GBPUSD,2020-11-19 20:00:00,2020-11-19 20:00:00,2020-11-20 16:00:00,1,0.6592009426093285,FRIDAY
trend_pullback,GBPUSD,2020-11-24 20:00:00,2020-11-24 20:00:00,2020-11-27 16:00:00,1,0.19985164142101572,FRIDAY
trend_pullback,GBPUSD,2020-11-30 16:00:00,2020-11-30 16:00:00,2020-12-02 16:00:00,1,-1.0142786934925214,SL
trend_pullback,GBPUSD,2020-12-03 00:00:00,2020-12-03 00:00:00,2020-12-04 16:00:00,1,1.6236685723228643,FRIDAY
trend_pullback,GBPUSD,2020-12-07 04:00:00,2020-12-07 04:00:00,2020-12-07 12:00:00,1,-1.0107696444635,SL
trend_pullback,GBPUSD,2020-12-09 12:00:00,2020-12-09 12:00:00,2020-12-09 20:00:00,1,-1.0091897095341869,SL
trend_pullback,GBPUSD,2020-12-10 00:00:00,2020-12-10 00:00:00,2020-12-10 12:00:00,1,-1.0090109151575308,SL
trend_pullback,GBPUSD,2020-12-15 04:00:00,2020-12-15 04:00:00,2020-12-16 16:00:00,1,1.9912288389344148,TP
trend_pullback,GBPUSD,2020-12-18 16:00:00,2020-12-18 16:00:00,2020-12-18 20:00:00,1,-0.019258063545726487,FRIDAY
trend_pullback,GBPUSD,2020-12-22 00:00:00,2020-12-22 00:00:00,2020-12-22 20:00:00,1,-1.0070588359309374,SL
trend_pullback,GBPUSD,2020-12-23 12:00:00,2020-12-23 12:00:00,2020-12-24 16:00:00,1,1.9920034303973775,TP
trend_pullback,GBPUSD,2020-12-29 16:00:00,2020-12-29 16:00:00,2020-12-31 16:00:00,1,1.9904024177713742,TP
trend_pullback,GBPUSD,2021-01-05 20:00:00,2021-01-05 20:00:00,2021-01-06 20:00:00,1,-1.010736076992388,SL
trend_pullback,GBPUSD,2021-01-07 00:00:00,2021-01-07 00:00:00,2021-01-08 16:00:00,1,-0.10138896806664945,FRIDAY
trend_pullback,GBPUSD,2021-01-12 12:00:00,2021-01-12 12:00:00,2021-01-15 16:00:00,1,0.512899153917647,FRIDAY
trend_pullback,GBPUSD,2021-01-19 04:00:00,2021-01-19 04:00:00,2021-01-21 12:00:00,1,1.9860847857006347,TP
trend_pullback,GBPUSD,2021-01-22 20:00:00,2021-01-22 20:00:00,2021-01-26 12:00:00,1,-1.0149539877537161,SL
trend_pullback,GBPUSD,2021-01-26 16:00:00,2021-01-26 16:00:00,2021-01-28 04:00:00,1,-1.0143800757643848,SL
trend_pullback,GBPUSD,2021-01-28 20:00:00,2021-01-28 20:00:00,2021-01-29 12:00:00,1,-1.0133439317756467,SL
trend_pullback,GBPUSD,2021-01-29 16:00:00,2021-01-29 16:00:00,2021-01-29 20:00:00,1,-0.02505748718288923,FRIDAY
trend_pullback,GBPUSD,2021-02-01 04:00:00,2021-02-01 04:00:00,2021-02-01 20:00:00,1,-1.0127975848407678,SL
trend_pullback,GBPUSD,2021-02-04 16:00:00,2021-02-04 16:00:00,2021-02-05 16:00:00,1,0.12383605589417013,FRIDAY
trend_pullback,GBPUSD,2021-02-08 20:00:00,2021-02-08 20:00:00,2021-02-10 12:00:00,1,1.9855045187174574,TP
trend_pullback,GBPUSD,2021-02-12 20:00:00,2021-02-12 20:00:00,2021-02-16 08:00:00,1,1.9825249771432845,TP
trend_pullback,GBPUSD,2021-02-16 20:00:00,2021-02-16 20:00:00,2021-02-17 04:00:00,1,-1.0158223512125273,SL
trend_pullback,GBPUSD,2021-02-17 08:00:00,2021-02-17 08:00:00,2021-02-17 20:00:00,1,-1.0161006508886299,SL
trend_pullback,GBPUSD,2021-02-18 12:00:00,2021-02-18 12:00:00,2021-02-19 16:00:00,1,1.2068810903193221,FRIDAY
trend_pullback,GBPUSD,2021-03-02 20:00:00,2021-03-02 20:00:00,2021-03-05 00:00:00,1,-1.0098141427956377,SL
trend_pullback,GBPUSD,2021-03-09 12:00:00,2021-03-09 12:00:00,2021-03-12 16:00:00,1,0.20038002516641495,FRIDAY
trend_pullback,GBPUSD,2021-03-15 04:00:00,2021-03-15 04:00:00,2021-03-15 20:00:00,1,-1.013013203114256,SL
trend_pullback,GBPUSD,2021-03-17 12:00:00,2021-03-17 12:00:00,2021-03-19 16:00:00,1,0.3737193413415182,FRIDAY
trend_pullback,GBPUSD,2021-04-05 12:00:00,2021-04-05 12:00:00,2021-04-07 00:00:00,1,-1.0169026125356853,SL
trend_pullback,GBPUSD,2021-04-21 20:00:00,2021-04-21 20:00:00,2021-04-22 16:00:00,1,-1.014700592470581,SL
trend_pullback,GBPUSD,2021-04-24 00:00:00,2021-04-26 00:00:00,2021-04-29 08:00:00,1,1.9848020460432179,TP
trend_pullback,GBPUSD,2021-05-04 20:00:00,2021-05-04 20:00:00,2021-05-07 16:00:00,1,0.6312576296597756,FRIDAY
trend_pullback,GBPUSD,2021-05-14 12:00:00,2021-05-14 12:00:00,2021-05-14 16:00:00,1,-0.029141068112685766,FRIDAY
trend_pullback,GBPUSD,2021-05-19 20:00:00,2021-05-19 20:00:00,2021-05-20 00:00:00,1,-1.016011498801948,SL
trend_pullback,GBPUSD,2021-05-20 20:00:00,2021-05-20 20:00:00,2021-05-21 16:00:00,1,0.4459859460084682,FRIDAY
trend_pullback,GBPUSD,2021-05-24 20:00:00,2021-05-24 20:00:00,2021-05-27 04:00:00,1,-1.0159279734682032,SL
trend_pullback,GBPUSD,2021-05-27 16:00:00,2021-05-27 16:00:00,2021-05-28 16:00:00,1,0.7967120099487294,FRIDAY
trend_pullback,GBPUSD,2021-05-28 20:00:00,2021-05-28 20:00:00,2021-06-02 12:00:00,1,-1.01452135071351,SL
trend_pullback,GBPUSD,2021-06-02 20:00:00,2021-06-02 20:00:00,2021-06-03 20:00:00,1,-1.0162224957345694,SL
trend_pullback,GBPUSD,2021-06-04 16:00:00,2021-06-04 16:00:00,2021-06-04 20:00:00,1,-0.029950440876592047,FRIDAY
trend_pullback,GBPUSD,2021-06-07 04:00:00,2021-06-07 04:00:00,2021-06-07 12:00:00,1,-1.0159934521790204,SL
trend_pullback,GBPUSD,2021-06-07 16:00:00,2021-06-07 16:00:00,2021-06-08 20:00:00,1,-1.015529604291729,SL
trend_pullback,GBPUSD,2021-06-09 04:00:00,2021-06-09 04:00:00,2021-06-09 20:00:00,1,-1.018253798654239,SL
trend_pullback,GBPUSD,2021-06-10 16:00:00,2021-06-10 16:00:00,2021-06-11 16:00:00,1,0.13776451567460493,FRIDAY
trend_pullback,GBPUSD,2021-06-16 16:00:00,2021-06-16 16:00:00,2021-06-17 00:00:00,1,-1.0195241319716226,SL
trend_pullback,GBPUSD,2021-08-02 12:00:00,2021-08-02 12:00:00,2021-08-03 04:00:00,1,-1.0163800806165393,SL
trend_pullback,GBPUSD,2021-08-04 08:00:00,2021-08-04 08:00:00,2021-08-05 08:00:00,1,-1.0177749168584722,SL
trend_pullback,GBPUSD,2021-09-07 04:00:00,2021-09-07 04:00:00,2021-09-07 12:00:00,1,-1.0224356612806473,SL
trend_pullback,GBPUSD,2021-09-13 04:00:00,2021-09-13 04:00:00,2021-09-15 08:00:00,1,-1.0187792790928578,SL
trend_pullback,GBPUSD,2021-09-16 00:00:00,2021-09-16 00:00:00,2021-09-16 20:00:00,1,-1.0170692646057324,SL
trend_pullback,GBPUSD,2021-10-20 16:00:00,2021-10-20 16:00:00,2021-10-22 16:00:00,1,0.5858815437447711,FRIDAY
trend_pullback,GBPUSD,2021-10-25 08:00:00,2021-10-25 08:00:00,2021-10-27 12:00:00,1,-1.0174746818058011,SL
trend_pullback,GBPUSD,2021-10-28 16:00:00,2021-10-28 16:00:00,2021-10-29 16:00:00,1,0.24484691086392762,FRIDAY
trend_pullback,GBPUSD,2021-11-10 04:00:00,2021-11-10 04:00:00,2021-11-11 00:00:00,-1,1.9854100942195072,TP
trend_pullback,GBPUSD,2021-11-15 12:00:00,2021-11-15 12:00:00,2021-11-16 12:00:00,-1,-1.0156274997067123,SL
trend_pullback,GBPUSD,2021-11-16 20:00:00,2021-11-16 20:00:00,2021-11-17 16:00:00,-1,-1.015461955525384,SL
trend_pullback,GBPUSD,2021-11-19 12:00:00,2021-11-19 12:00:00,2021-11-19 16:00:00,-1,-0.031057513968954682,FRIDAY
trend_pullback,GBPUSD,2021-11-22 04:00:00,2021-11-22 04:00:00,2021-11-24 20:00:00,-1,1.9843212961470398,TP
trend_pullback,GBPUSD,2021-11-26 20:00:00,2021-11-26 20:00:00,2021-11-30 20:00:00,-1,1.9821029078162309,TP
trend_pullback,GBPUSD,2021-12-01 12:00:00,2021-12-01 12:00:00,2021-12-03 16:00:00,-1,0.3675428549549715,FRIDAY
trend_pullback,GBPUSD,2021-12-07 12:00:00,2021-12-07 12:00:00,2021-12-10 16:00:00,-1,1.1255502435788947,FRIDAY
trend_pullback,GBPUSD,2021-12-13 20:00:00,2021-12-13 20:00:00,2021-12-15 12:00:00,-1,-1.0161508922365228,SL
trend_pullback,GBPUSD,2021-12-15 20:00:00,2021-12-15 20:00:00,2021-12-16 00:00:00,-1,-1.0180763186357558,SL
trend_pullback,GBPUSD,2021-12-17 20:00:00,2021-12-17 20:00:00,2021-12-22 16:00:00,-1,-1.0144194796718717,SL
trend_pullback,GBPUSD,2022-01-26 16:00:00,2022-01-26 16:00:00,2022-01-27 12:00:00,-1,1.9801927826830446,TP
trend_pullback,GBPUSD,2022-02-28 20:00:00,2022-02-28 20:00:00,2022-03-04 04:00:00,-1,0.6473016334949225,TIME
trend_pullback,USDJPY,2013-09-12 00:00:00,2013-09-12 00:00:00,2013-09-12 04:00:00,1,-1.0134440134629337,SL
trend_pullback,USDJPY,2013-09-13 04:00:00,2013-09-13 04:00:00,2013-09-13 16:00:00,1,-0.26262601677500186,FRIDAY
trend_pullback,USDJPY,2013-09-18 04:00:00,2013-09-18 04:00:00,2013-09-18 12:00:00,1,-1.0158090767256551,SL
trend_pullback,USDJPY,2013-09-27 00:00:00,2013-09-27 00:00:00,2013-09-27 16:00:00,1,-0.817929028938022,FRIDAY
trend_pullback,USDJPY,2013-10-31 20:00:00,2013-10-31 20:00:00,2013-11-01 08:00:00,1,-1.0198295386555025,SL
trend_pullback,USDJPY,2013-11-01 12:00:00,2013-11-01 12:00:00,2013-11-01 16:00:00,1,-0.03757323904630781,FRIDAY
trend_pullback,USDJPY,2013-11-05 20:00:00,2013-11-05 20:00:00,2013-11-07 16:00:00,1,1.980637992004454,TP
trend_pullback,USDJPY,2013-11-14 04:00:00,2013-11-14 04:00:00,2013-11-15 16:00:00,1,1.7942459894944194,FRIDAY
trend_pullback,USDJPY,2013-11-18 20:00:00,2013-11-18 20:00:00,2013-11-19 04:00:00,1,-1.0165833122743289,SL
trend_pullback,USDJPY,2013-11-19 16:00:00,2013-11-19 16:00:00,2013-11-21 12:00:00,1,1.9835079999611789,TP
trend_pullback,USDJPY,2013-11-27 04:00:00,2013-11-27 04:00:00,2013-11-28 00:00:00,1,1.9832312294152976,TP
trend_pullback,USDJPY,2013-12-04 04:00:00,2013-12-04 04:00:00,2013-12-04 20:00:00,1,-1.0136178421094248,SL
trend_pullback,USDJPY,2013-12-06 16:00:00,2013-12-06 16:00:00,2013-12-06 20:00:00,1,-0.023739061631221532,FRIDAY
trend_pullback,USDJPY,2013-12-11 00:00:00,2013-12-11 00:00:00,2013-12-11 12:00:00,1,-1.0148293767337155,SL
trend_pullback,USDJPY,2013-12-12 12:00:00,2013-12-12 12:00:00,2013-12-13 08:00:00,1,1.9849054580906134,TP
trend_pullback,USDJPY,2013-12-13 20:00:00,2013-12-13 20:00:00,2013-12-16 08:00:00,1,-1.0136177410197336,SL
trend_pullback,USDJPY,2013-12-16 12:00:00,2013-12-16 12:00:00,2013-12-17 20:00:00,1,-1.0134243036428303,SL
trend_pullback,USDJPY,2013-12-18 04:00:00,2013-12-18 04:00:00,2013-12-19 00:00:00,1,1.9839677340560207,TP
trend_pullback,USDJPY,2013-12-23 16:00:00,2013-12-23 16:00:00,2013-12-27 04:00:00,1,1.9828971401120026,TP
trend_pullback,USDJPY,2013-12-31 08:00:00,2013-12-31 08:00:00,2014-01-02 20:00:00,1,-1.0219997645753818,SL
trend_pullback,USDJPY,2014-01-04 00:00:00,2014-01-06 00:00:00,2014-01-06 04:00:00,1,-1.016270952334312,SL
trend_pullback,USDJPY,2014-01-06 16:00:00,2014-01-06 16:00:00,2014-01-06 20:00:00,1,-1.0146182782869484,SL
trend_pullback,USDJPY,2014-01-07 16:00:00,2014-01-07 16:00:00,2014-01-10 16:00:00,1,0.659960535908352,FRIDAY
trend_pullback,USDJPY,2014-01-14 20:00:00,2014-01-14 20:00:00,2014-01-17 16:00:00,1,0.4934739853241982,FRIDAY
trend_pullback,USDJPY,2014-01-21 04:00:00,2014-01-21 04:00:00,2014-01-21 20:00:00,1,-1.017317309720195,SL
trend_pullback,USDJPY,2014-01-22 04:00:00,2014-01-22 04:00:00,2014-01-22 08:00:00,1,-1.0170410901438764,SL
trend_pullback,USDJPY,2014-01-22 16:00:00,2014-01-22 16:00:00,2014-01-23 16:00:00,1,-1.016225429557689,SL
trend_pullback,USDJPY,2014-01-29 00:00:00,2014-01-29 00:00:00,2014-01-29 12:00:00,1,-1.0111427184534527,SL
trend_pullback,USDJPY,2014-03-12 04:00:00,2014-03-12 04:00:00,2014-03-12 12:00:00,1,-1.0182833575708425,SL
trend_pullback,USDJPY,2014-04-24 00:00:00,2014-04-24 00:00:00,2014-04-24 08:00:00,1,-1.026159644200339,SL
trend_pullback,USDJPY,2014-04-29 00:00:00,2014-04-29 00:00:00,2014-04-30 20:00:00,1,-1.0222732618575172,SL
trend_pullback,USDJPY,2014-06-06 16:00:00,2014-06-06 16:00:00,2014-06-06 20:00:00,1,-0.04958496313754516,FRIDAY
trend_pullback,USDJPY,2014-06-09 16:00:00,2014-06-09 16:00:00,2014-06-10 08:00:00,1,-1.0270730232419771,SL
trend_pullback,USDJPY,2014-06-18 20:00:00,2014-06-18 20:00:00,2014-06-19 00:00:00,1,-1.030889514555885,SL
trend_pullback,USDJPY,2014-08-04 04:00:00,2014-08-04 04:00:00,2014-08-06 12:00:00,1,-1.0235279234315267,SL
trend_pullback,USDJPY,2014-08-11 20:00:00,2014-08-11 20:00:00,2014-08-15 04:00:00,1,1.1932061743673197,TIME
trend_pullback,USDJPY,2014-08-18 12:00:00,2014-08-18 12:00:00,2014-08-20 04:00:00,1,1.9716349409528529,TP
trend_pullback,USDJPY,2014-08-27 20:00:00,2014-08-27 20:00:00,2014-08-28 16:00:00,1,-1.0243264074826706,SL
trend_pullback,USDJPY,2014-08-29 08:00:00,2014-08-29 08:00:00,2014-08-29 16:00:00,1,0.29892000018044695,FRIDAY
trend_pullback,USDJPY,2014-08-29 20:00:00,2014-08-29 20:00:00,2014-09-02 04:00:00,1,1.9739902964142166,TP
trend_pullback,USDJPY,2014-09-05 20:00:00,2014-09-05 20:00:00,2014-09-08 20:00:00,1,1.9818474404581339,TP
trend_pullback,USDJPY,2014-09-16 08:00:00,2014-09-16 08:00:00,2014-09-16 20:00:00,1,-1.018758430002653,SL
trend_pullback,USDJPY,2014-09-23 16:00:00,2014-09-23 16:00:00,2014-09-26 16:00:00,1,0.49765100491668607,FRIDAY
trend_pullback,USDJPY,2014-09-30 12:00:00,2014-09-30 12:00:00,2014-10-01 20:00:00,1,-1.0160484222723876,SL
trend_pullback,USDJPY,2014-10-03 16:00:00,2014-10-03 16:00:00,2014-10-03 20:00:00,1,-0.022927283459401586,FRIDAY
trend_pullback,USDJPY,2014-10-08 20:00:00,2014-10-08 20:00:00,2014-10-09 00:00:00,1,-1.0104173800803737,SL
trend_pullback,USDJPY,2014-10-18 00:00:00,2014-10-20 00:00:00,2014-10-21 08:00:00,1,-1.010764456371551,SL
trend_pullback,USDJPY,2014-10-21 12:00:00,2014-10-21 12:00:00,2014-10-23 20:00:00,1,1.9885743090887182,TP
trend_pullback,USDJPY,2014-10-28 00:00:00,2014-10-28 00:00:00,2014-10-29 20:00:00,1,1.9846801893227846,TP
trend_pullback,USDJPY,2014-11-08 00:00:00,2014-11-10 00:00:00,2014-11-11 12:00:00,1,1.9909946830110303,TP
trend_pullback,USDJPY,2014-11-12 20:00:00,2014-11-12 20:00:00,2014-11-14 16:00:00,1,0.8282287546431178,FRIDAY
trend_pullback,USDJPY,2014-11-17 12:00:00,2014-11-17 12:00:00,2014-11-20 00:00:00,1,1.9911673103585086,TP
trend_pullback,USDJPY,2014-11-21 08:00:00,2014-11-21 08:00:00,2014-11-21 16:00:00,1,0.14926732506116022,FRIDAY
trend_pullback,USDJPY,2014-11-25 12:00:00,2014-11-25 12:00:00,2014-11-26 20:00:00,1,-1.0106621652542689,SL
trend_pullback,USDJPY,2014-11-27 20:00:00,2014-11-27 20:00:00,2014-11-28 16:00:00,1,0.7267079495974084,FRIDAY
trend_pullback,USDJPY,2014-12-02 00:00:00,2014-12-02 00:00:00,2014-12-03 20:00:00,1,1.9873702594862699,TP
trend_pullback,USDJPY,2014-12-09 04:00:00,2014-12-09 04:00:00,2014-12-09 08:00:00,1,-1.0110980240022809,SL
trend_pullback,USDJPY,2014-12-11 20:00:00,2014-12-11 20:00:00,2014-12-12 12:00:00,1,-1.0069192583302697,SL
trend_pullback,USDJPY,2014-12-17 20:00:00,2014-12-17 20:00:00,2014-12-19 16:00:00,1,1.4503477235252307,FRIDAY
trend_pullback,USDJPY,2015-01-05 04:00:00,2015-01-05 04:00:00,2015-01-05 16:00:00,1,-1.0109054866606353,SL
trend_pullback,USDJPY,2015-01-07 16:00:00,2015-01-07 16:00:00,2015-01-09 16:00:00,1,-0.10643740140924604,FRIDAY
trend_pullback,USDJPY,2015-01-12 12:00:00,2015-01-12 12:00:00,2015-01-12 20:00:00,1,-1.008638252687826,SL
trend_pullback,USDJPY,2015-01-19 12:00:00,2015-01-19 12:00:00,2015-01-22 20:00:00,1,0.9556982831046332,TIME
trend_pullback,USDJPY,2015-01-26 12:00:00,2015-01-26 12:00:00,2015-01-29 00:00:00,1,-1.0087699156057985,SL
trend_pullback,USDJPY,2015-01-29 16:00:00,2015-01-29 16:00:00,2015-01-30 16:00:00,1,-0.48305908716282153,FRIDAY
trend_pullback,USDJPY,2015-02-03 16:00:00,2015-02-03 16:00:00,2015-02-06 16:00:00,1,-0.6378332661481039,FRIDAY
trend_pullback,USDJPY,2015-02-17 12:00:00,2015-02-17 12:00:00,2015-02-20 16:00:00,1,-0.20814433274295513,FRIDAY
trend_pullback,USDJPY,2015-02-21 00:00:00,2015-02-23 00:00:00,2015-02-26 08:00:00,1,-0.29874342524751507,TIME
trend_pullback,USDJPY,2015-02-26 16:00:00,2015-02-26 16:00:00,2015-02-27 16:00:00,1,0.5725559147010544,FRIDAY
trend_pullback,USDJPY,2015-03-03 12:00:00,2015-03-03 12:00:00,2015-03-06 16:00:00,1,0.5962317959459321,FRIDAY
trend_pullback,USDJPY,2015-03-11 04:00:00,2015-03-11 04:00:00,2015-03-12 16:00:00,1,-1.0118773513628536,SL
trend_pullback,USDJPY,2015-03-12 20:00:00,2015-03-12 20:00:00,2015-03-13 16:00:00,1,0.17166239959554258,FRIDAY
trend_pullback,USDJPY,2015-03-14 00:00:00,2015-03-16 00:00:00,2015-03-18 20:00:00,1,-1.0146141816611507,SL
trend_pullback,USDJPY,2015-03-20 12:00:00,2015-03-20 12:00:00,2015-03-20 16:00:00,1,-0.025760147449443046,FRIDAY
trend_pullback,USDJPY,2015-04-01 08:00:00,2015-04-01 08:00:00,2015-04-03 16:00:00,1,-0.21768045994525984,FRIDAY
trend_pullback,USDJPY,2015-04-07 00:00:00,2015-04-07 00:00:00,2015-04-07 20:00:00,1,1.984653030409877,TP
trend_pullback,USDJPY,2015-04-08 12:00:00,2015-04-08 12:00:00,2015-04-10 16:00:00,1,0.8185284626624206,FRIDAY
trend_pullback,USDJPY,2015-04-13 04:00:00,2015-04-13 04:00:00,2015-04-13 16:00:00,1,-1.0160649975915734,SL
trend_pullback,USDJPY,2015-04-22 16:00:00,2015-04-22 16:00:00,2015-04-24 12:00:00,1,-1.0154962827345277,SL
trend_pullback,USDJPY,2015-05-06 04:00:00,2015-05-06 04:00:00,2015-05-06 16:00:00,1,-1.016357755332852,SL
trend_pullback,USDJPY,2015-05-08 04:00:00,2015-05-08 04:00:00,2015-05-08 16:00:00,1,0.5350325683769663,FRIDAY
trend_pullback,USDJPY,2015-05-11 04:00:00,2015-05-11 04:00:00,2015-05-13 16:00:00,1,-1.0161074479058463,SL
trend_pullback,USDJPY,2015-05-22 16:00:00,2015-05-22 16:00:00,2015-05-22 20:00:00,1,-0.029955467856029587,FRIDAY
trend_pullback,USDJPY,2015-06-03 04:00:00,2015-06-03 04:00:00,2015-06-05 16:00:00,1,0.9878596073463498,FRIDAY
trend_pullback,USDJPY,2015-06-12 12:00:00,2015-06-12 12:00:00,2015-06-12 16:00:00,1,-0.021243352311502057,FRIDAY
trend_pullback,USDJPY,2015-06-16 08:00:00,2015-06-16 08:00:00,2015-06-18 08:00:00,1,-1.0130693972164488,SL
trend_pullback,USDJPY,2015-06-22 16:00:00,2015-06-22 16:00:00,2015-06-23 16:00:00,1,1.9862511067687119,TP
trend_pullback,USDJPY,2015-06-25 12:00:00,2015-06-25 12:00:00,2015-06-26 08:00:00,1,-1.0153341318183224,SL
trend_pullback,USDJPY,2015-06-26 16:00:00,2015-06-26 16:00:00,2015-06-26 20:00:00,1,-0.031233515330052565,FRIDAY
trend_pullback,USDJPY,2015-07-01 12:00:00,2015-07-01 12:00:00,2015-07-03 16:00:00,1,0.356982260216942,FRIDAY
trend_pullback,USDJPY,2015-07-07 04:00:00,2015-07-07 04:00:00,2015-07-07 20:00:00,1,-1.0127774886832002,SL
trend_pullback,USDJPY,2015-07-22 20:00:00,2015-07-22 20:00:00,2015-07-23 12:00:00,1,-1.0201130602866468,SL
trend_pullback,USDJPY,2015-07-23 16:00:00,2015-07-23 16:00:00,2015-07-24 16:00:00,1,-0.30713965148707434,FRIDAY
trend_pullback,USDJPY,2015-07-28 12:00:00,2015-07-28 12:00:00,2015-07-30 20:00:00,1,1.9830677960269556,TP
trend_pullback,USDJPY,2015-07-31 12:00:00,2015-07-31 12:00:00,2015-07-31 16:00:00,1,-0.034169398570331376,FRIDAY
trend_pullback,USDJPY,2015-07-31 20:00:00,2015-07-31 20:00:00,2015-08-05 20:00:00,1,1.98514600823111,TP
trend_pullback,USDJPY,2015-08-07 16:00:00,2015-08-07 16:00:00,2015-08-07 20:00:00,1,-0.034598724303786084,FRIDAY
trend_pullback,USDJPY,2015-08-10 16:00:00,2015-08-10 16:00:00,2015-08-12 16:00:00,1,-1.0165662484580573,SL
trend_pullback,USDJPY,2015-08-13 12:00:00,2015-08-13 12:00:00,2015-08-14 16:00:00,1,-0.6011429197051461,FRIDAY
trend_pullback,USDJPY,2015-08-17 12:00:00,2015-08-17 12:00:00,2015-08-19 16:00:00,1,-1.0185508918002797,SL
trend_pullback,USDJPY,2015-10-26 20:00:00,2015-10-26 20:00:00,2015-10-27 12:00:00,1,-1.013391654042339,SL
trend_pullback,USDJPY,2015-10-29 00:00:00,2015-10-29 00:00:00,2015-10-30 08:00:00,1,-1.0131905386791957,SL
trend_pullback,USDJPY,2015-11-03 00:00:00,2015-11-03 00:00:00,2015-11-05 12:00:00,1,1.9861950576968987,TP
trend_pullback,USDJPY,2015-11-11 08:00:00,2015-11-11 08:00:00,2015-11-13 16:00:00,1,-0.40829031052080217,FRIDAY
trend_pullback,USDJPY,2015-11-13 20:00:00,2015-11-13 20:00:00,2015-11-16 04:00:00,1,-1.0172418074109593,SL
trend_pullback,USDJPY,2015-11-16 12:00:00,2015-11-16 12:00:00,2015-11-19 20:00:00,1,-0.21472131018021712,TIME
trend_pullback,USDJPY,2015-11-23 04:00:00,2015-11-23 04:00:00,2015-11-24 04:00:00,1,-1.0185030405262463,SL
trend_pullback,USDJPY,2015-11-25 16:00:00,2015-11-25 16:00:00,2015-11-27 12:00:00,1,-1.0179634835037346,SL
trend_pullback,USDJPY,2015-11-27 16:00:00,2015-11-27 16:00:00,2015-11-27 20:00:00,1,-0.04682266720891303,FRIDAY
trend_pullback,USDJPY,2015-11-30 12:00:00,2015-11-30 12:00:00,2015-12-01 08:00:00,1,-1.022988347133071,SL
trend_pullback,USDJPY,2015-12-01 12:00:00,2015-12-01 12:00:00,2015-12-03 20:00:00,1,-1.0202374277699746,SL
trend_pullback,USDJPY,2015-12-04 20:00:00,2015-12-04 20:00:00,2015-12-09 08:00:00,1,-1.0134863833833527,SL
trend_pullback,USDJPY,2015-12-17 00:00:00,2015-12-17 00:00:00,2015-12-18 08:00:00,1,1.9885294424179576,TP
trend_pullback,USDJPY,2016-01-19 20:00:00,2016-01-19 20:00:00,2016-01-20 12:00:00,-1,1.9892290797732521,TP
trend_pullback,USDJPY,2016-01-21 08:00:00,2016-01-21 08:00:00,2016-01-21 20:00:00,-1,-1.0089998629300232,SL
trend_pullback,USDJPY,2016-01-26 08:00:00,2016-01-26 08:00:00,2016-01-27 20:00:00,-1,-1.010315972208018,SL
trend_pullback,USDJPY,2016-02-13 00:00:00,2016-02-15 00:00:00,2016-02-15 20:00:00,-1,-1.0053288447863498,SL
trend_pullback,USDJPY,2016-02-16 12:00:00,2016-02-16 12:00:00,2016-02-19 16:00:00,-1,0.9416232344148668,FRIDAY
trend_pullback,USDJPY,2016-02-22 20:00:00,2016-02-22 20:00:00,2016-02-24 20:00:00,-1,1.9900394621014286,TP
trend_pullback,USDJPY,2016-02-25 12:00:00,2016-02-25 12:00:00,2016-02-25 20:00:00,-1,-1.0091282867355478,SL
trend_pullback,USDJPY,2016-02-29 08:00:00,2016-02-29 08:00:00,2016-03-01 20:00:00,-1,-1.0091879661306555,SL
trend_pullback,USDJPY,2016-03-03 20:00:00,2016-03-03 20:00:00,2016-03-04 16:00:00,-1,-0.2884038754644836,FRIDAY
trend_pullback,USDJPY,2016-03-07 12:00:00,2016-03-07 12:00:00,2016-03-10 16:00:00,-1,-1.0097431236548744,SL
trend_pullback,USDJPY,2016-03-10 20:00:00,2016-03-10 20:00:00,2016-03-11 12:00:00,-1,-1.0084820628130466,SL
trend_pullback,USDJPY,2016-03-15 08:00:00,2016-03-15 08:00:00,2016-03-17 08:00:00,-1,1.9894956988286014,TP
trend_pullback,USDJPY,2016-03-22 12:00:00,2016-03-22 12:00:00,2016-03-22 20:00:00,-1,-1.0104330938812498,SL
trend_pullback,USDJPY,2016-03-29 20:00:00,2016-03-29 20:00:00,2016-04-01 16:00:00,-1,1.2519105226810703,FRIDAY
trend_pullback,USDJPY,2016-04-01 20:00:00,2016-04-01 20:00:00,2016-04-05 12:00:00,-1,1.9878040393302103,TP
trend_pullback,USDJPY,2016-04-13 00:00:00,2016-04-13 00:00:00,2016-04-13 12:00:00,-1,-1.0106828060351392,SL
trend_pullback,USDJPY,2016-04-15 16:00:00,2016-04-15 16:00:00,2016-04-15 20:00:00,-1,-0.023835848195225506,FRIDAY
trend_pullback,USDJPY,2016-04-19 00:00:00,2016-04-19 00:00:00,2016-04-19 16:00:00,-1,-1.0111207658453782,SL
trend_pullback,USDJPY,2016-04-20 08:00:00,2016-04-20 08:00:00,2016-04-20 20:00:00,-1,-1.0123586226052737,SL
trend_pullback,USDJPY,2016-04-22 04:00:00,2016-04-22 04:00:00,2016-04-22 08:00:00,-1,-1.0141668104895276,SL
trend_pullback,USDJPY,2016-04-28 08:00:00,2016-04-28 08:00:00,2016-04-29 08:00:00,-1,1.9918618316200178,TP
trend_pullback,USDJPY,2016-05-04 12:00:00,2016-05-04 12:00:00,2016-05-06 16:00:00,-1,-0.13156322306496912,FRIDAY
trend_pullback,USDJPY,2016-05-12 04:00:00,2016-05-12 04:00:00,2016-05-12 12:00:00,-1,-1.0125531092730236,SL
trend_pullback,USDJPY,2016-05-14 00:00:00,2016-05-16 00:00:00,2016-05-17 12:00:00,-1,-1.0108882192406596,SL
trend_pullback,USDJPY,2016-05-18 04:00:00,2016-05-18 04:00:00,2016-05-18 08:00:00,-1,-1.0126323306305283,SL
trend_pullback,USDJPY,2016-05-23 04:00:00,2016-05-23 04:00:00,2016-05-25 16:00:00,-1,-1.0127982549407275,SL
trend_pullback,USDJPY,2016-05-26 04:00:00,2016-05-26 04:00:00,2016-05-26 12:00:00,-1,-1.0131882364629823,SL
trend_pullback,USDJPY,2016-05-26 16:00:00,2016-05-26 16:00:00,2016-05-27 16:00:00,-1,0.1395197872319199,FRIDAY
trend_pullback,USDJPY,2016-06-07 16:00:00,2016-06-07 16:00:00,2016-06-10 16:00:00,-1,0.687290207526731,FRIDAY
trend_pullback,USDJPY,2016-06-11 00:00:00,2016-06-13 00:00:00,2016-06-16 00:00:00,-1,1.9889219630569852,TP
trend_pullback,USDJPY,2016-06-22 04:00:00,2016-06-22 04:00:00,2016-06-23 16:00:00,-1,-1.0110810740400418,SL
trend_pullback,USDJPY,2016-06-24 08:00:00,2016-06-24 08:00:00,2016-06-24 12:00:00,-1,-1.004165802743743,SL
trend_pullback,USDJPY,2016-06-29 04:00:00,2016-06-29 04:00:00,2016-07-01 16:00:00,-1,-0.20188547959745298,FRIDAY
trend_pullback,USDJPY,2016-07-04 12:00:00,2016-07-04 12:00:00,2016-07-06 04:00:00,-1,1.988440673517887,TP
trend_pullback,USDJPY,2016-07-16 00:00:00,2016-07-18 00:00:00,2016-07-19 04:00:00,-1,-1.0071599327640608,SL
trend_pullback,USDJPY,2016-07-28 00:00:00,2016-07-28 00:00:00,2016-07-29 04:00:00,-1,1.9924492794772173,TP
trend_pullback,USDJPY,2016-07-29 08:00:00,2016-07-29 08:00:00,2016-07-29 16:00:00,-1,-0.37879088758833485,FRIDAY
trend_pullback,USDJPY,2016-08-09 20:00:00,2016-08-09 20:00:00,2016-08-12 16:00:00,-1,-0.24066098436486394,FRIDAY
trend_pullback,USDJPY,2016-08-22 16:00:00,2016-08-22 16:00:00,2016-08-26 00:00:00,-1,-0.31410717837034824,TIME
trend_pullback,USDJPY,2016-08-26 16:00:00,2016-08-26 16:00:00,2016-08-26 20:00:00,-1,-0.03849630037282637,FRIDAY
trend_pullback,USDJPY,2016-09-09 08:00:00,2016-09-09 08:00:00,2016-09-09 16:00:00,-1,-0.14839749783191733,FRIDAY
trend_pullback,USDJPY,2016-09-12 12:00:00,2016-09-12 12:00:00,2016-09-14 00:00:00,-1,-1.0112441452921186,SL
trend_pullback,USDJPY,2016-09-15 08:00:00,2016-09-15 08:00:00,2016-09-16 16:00:00,-1,0.5067727238972095,FRIDAY
trend_pullback,USDJPY,2016-09-17 00:00:00,2016-09-19 00:00:00,2016-09-21 12:00:00,-1,-1.0116429912908302,SL
trend_pullback,USDJPY,2016-09-24 00:00:00,2016-09-26 00:00:00,2016-09-29 08:00:00,-1,-0.8009359935836893,TIME
trend_pullback,USDJPY,2016-12-06 00:00:00,2016-12-06 00:00:00,2016-12-09 08:00:00,1,0.6108131718917538,TIME
trend_pullback,USDJPY,2016-12-13 04:00:00,2016-12-13 04:00:00,2016-12-15 00:00:00,1,1.9905816542536934,TP
trend_pullback,USDJPY,2016-12-19 12:00:00,2016-12-19 12:00:00,2016-12-19 20:00:00,1,-1.0082955208540714,SL
trend_pullback,USDJPY,2016-12-20 04:00:00,2016-12-20 04:00:00,2016-12-23 12:00:00,1,0.08269161295690226,TIME
trend_pullback,USDJPY,2016-12-27 04:00:00,2016-12-27 04:00:00,2016-12-29 04:00:00,1,-1.0145783616167467,SL
trend_pullback,USDJPY,2017-01-02 12:00:00,2017-01-02 12:00:00,2017-01-05 04:00:00,1,-1.0111829548668376,SL
trend_pullback,USDJPY,2017-01-06 20:00:00,2017-01-06 20:00:00,2017-01-10 04:00:00,1,-1.0071543413556925,SL
trend_pullback,USDJPY,2017-01-19 00:00:00,2017-01-19 00:00:00,2017-01-20 16:00:00,1,0.5062820966540593,FRIDAY
trend_pullback,USDJPY,2017-01-25 00:00:00,2017-01-25 00:00:00,2017-01-27 16:00:00,1,1.3748636198476636,FRIDAY
trend_pullback,USDJPY,2017-01-30 08:00:00,2017-01-30 08:00:00,2017-01-30 20:00:00,1,-1.009288322204245,SL
trend_pullback,USDJPY,2017-02-14 12:00:00,2017-02-14 12:00:00,2017-02-15 16:00:00,1,1.989654703373159,TP
trend_pullback,USDJPY,2017-02-22 20:00:00,2017-02-22 20:00:00,2017-02-23 00:00:00,1,-1.013849455896562,SL
trend_pullback,USDJPY,2017-03-06 20:00:00,2017-03-06 20:00:00,2017-03-10 04:00:00,1,1.9873650858876784,TP
trend_pullback,USDJPY,2017-03-13 04:00:00,2017-03-13 04:00:00,2017-03-16 00:00:00,1,-1.0138933982110856,SL
trend_pullback,USDJPY,2017-05-05 16:00:00,2017-05-05 16:00:00,2017-05-05 20:00:00,1,-0.030300995184055247,FRIDAY
trend_pullback,USDJPY,2017-05-08 16:00:00,2017-05-08 16:00:00,2017-05-09 12:00:00,1,1.9848617076683535,TP
trend_pullback,USDJPY,2017-05-12 04:00:00,2017-05-12 04:00:00,2017-05-12 16:00:00,1,-0.566634789545912,FRIDAY
trend_pullback,USDJPY,2017-05-15 20:00:00,2017-05-15 20:00:00,2017-05-16 20:00:00,1,-1.0146271677389176,SL
trend_pullback,USDJPY,2017-06-21 16:00:00,2017-06-21 16:00:00,2017-06-22 08:00:00,1,-1.01485790933249,SL
trend_pullback,USDJPY,2017-06-22 20:00:00,2017-06-22 20:00:00,2017-06-23 16:00:00,1,-0.2644023635452702,FRIDAY
trend_pullback,USDJPY,2017-06-26 04:00:00,2017-06-26 04:00:00,2017-06-27 08:00:00,1,1.9813304991357916,TP
trend_pullback,USDJPY,2017-06-30 00:00:00,2017-06-30 00:00:00,2017-06-30 16:00:00,1,-0.5558208976828217,FRIDAY
trend_pullback,USDJPY,2017-06-30 20:00:00,2017-06-30 20:00:00,2017-07-03 20:00:00,1,1.9872209009196775,TP
trend_pullback,USDJPY,2017-07-05 08:00:00,2017-07-05 08:00:00,2017-07-07 16:00:00,1,1.1922049087975217,FRIDAY
trend_pullback,USDJPY,2017-07-14 04:00:00,2017-07-14 04:00:00,2017-07-14 16:00:00,1,-0.4577020904941182,FRIDAY
trend_pullback,USDJPY,2017-08-17 00:00:00,2017-08-17 00:00:00,2017-08-18 12:00:00,-1,1.9859836233114012,TP
trend_pullback,USDJPY,2017-08-23 16:00:00,2017-08-23 16:00:00,2017-08-25 04:00:00,-1,-1.0138177751380164,SL
trend_pullback,USDJPY,2017-08-25 20:00:00,2017-08-25 20:00:00,2017-08-30 00:00:00,-1,-1.0147119147726003,SL
trend_pullback,USDJPY,2017-09-07 04:00:00,2017-09-07 04:00:00,2017-09-07 20:00:00,-1,1.9866984144840858,TP
trend_pullback,USDJPY,2017-09-11 08:00:00,2017-09-11 08:00:00,2017-09-11 20:00:00,-1,-1.0121970693660984,SL
trend_pullback,USDJPY,2017-10-05 04:00:00,2017-10-05 04:00:00,2017-10-06 16:00:00,1,0.5427800922914201,FRIDAY
trend_pullback,USDJPY,2017-10-10 04:00:00,2017-10-10 04:00:00,2017-10-10 12:00:00,1,-1.0180941361351514,SL
trend_pullback,USDJPY,2017-10-17 00:00:00,2017-10-17 00:00:00,2017-10-18 20:00:00,1,1.98267132925135,TP
trend_pullback,USDJPY,2017-10-19 20:00:00,2017-10-19 20:00:00,2017-10-20 12:00:00,1,1.9832120206088637,TP
trend_pullback,USDJPY,2017-10-24 08:00:00,2017-10-24 08:00:00,2017-10-27 12:00:00,1,1.984297080011343,TP
trend_pullback,USDJPY,2017-10-31 20:00:00,2017-10-31 20:00:00,2017-11-03 16:00:00,1,0.9232037238399633,FRIDAY
trend_pullback,USDJPY,2017-11-03 20:00:00,2017-11-03 20:00:00,2017-11-06 20:00:00,1,-1.0151872795096866,SL
trend_pullback,USDJPY,2017-11-07 12:00:00,2017-11-07 12:00:00,2017-11-08 04:00:00,1,-1.0147479376279729,SL
trend_pullback,USDJPY,2017-11-09 04:00:00,2017-11-09 04:00:00,2017-11-09 08:00:00,1,-1.015902627613294,SL
trend_pullback,USDJPY,2017-11-13 04:00:00,2017-11-13 04:00:00,2017-11-15 04:00:00,1,-1.0155491731217574,SL
trend_pullback,USDJPY,2017-12-13 12:00:00,2017-12-13 12:00:00,2017-12-13 16:00:00,1,-1.0211046743769898,SL
trend_pullback,USDJPY,2017-12-19 16:00:00,2017-12-19 16:00:00,2017-12-21 12:00:00,1,1.9798687171923905,TP
trend_pullback,USDJPY,2017-12-27 04:00:00,2017-12-27 04:00:00,2017-12-28 08:00:00,1,-1.0303143475029708,SL
trend_pullback,USDJPY,2018-01-08 20:00:00,2018-01-08 20:00:00,2018-01-09 04:00:00,1,-1.0223209436594727,SL
trend_pullback,USDJPY,2018-01-30 08:00:00,2018-01-30 08:00:00,2018-01-31 20:00:00,-1,-1.0106938590657262,SL
trend_pullback,USDJPY,2018-02-06 00:00:00,2018-02-06 00:00:00,2018-02-07 04:00:00,-1,-1.0113598399099677,SL
trend_pullback,USDJPY,2018-02-07 08:00:00,2018-02-07 08:00:00,2018-02-09 16:00:00,-1,0.14849666110513934,FRIDAY
trend_pullback,USDJPY,2018-02-19 20:00:00,2018-02-19 20:00:00,2018-02-20 12:00:00,-1,-1.0116367997554052,SL
trend_pullback,USDJPY,2018-02-22 16:00:00,2018-02-22 16:00:00,2018-02-23 16:00:00,-1,-0.06799627355689379,FRIDAY
trend_pullback,USDJPY,2018-02-26 04:00:00,2018-02-26 04:00:00,2018-02-27 16:00:00,-1,-1.012449975851173,SL
trend_pullback,USDJPY,2018-02-28 20:00:00,2018-02-28 20:00:00,2018-03-02 12:00:00,-1,1.9864355844820152,TP
trend_pullback,USDJPY,2018-03-06 12:00:00,2018-03-06 12:00:00,2018-03-06 16:00:00,-1,-1.0144609414730263,SL
trend_pullback,USDJPY,2018-03-07 00:00:00,2018-03-07 00:00:00,2018-03-09 04:00:00,-1,-1.014093550655076,SL
trend_pullback,USDJPY,2018-03-13 00:00:00,2018-03-13 00:00:00,2018-03-13 12:00:00,-1,-1.015748999127981,SL
trend_pullback,USDJPY,2018-03-14 00:00:00,2018-03-14 00:00:00,2018-03-16 16:00:00,-1,1.3827544172687602,FRIDAY
trend_pullback,USDJPY,2018-03-19 04:00:00,2018-03-19 04:00:00,2018-03-20 08:00:00,-1,-1.0138712494770619,SL
trend_pullback,USDJPY,2018-03-21 16:00:00,2018-03-21 16:00:00,2018-03-22 16:00:00,-1,1.983470938547441,TP
trend_pullback,USDJPY,2018-03-28 00:00:00,2018-03-28 00:00:00,2018-03-28 16:00:00,-1,-1.0136115686457352,SL
trend_pullback,USDJPY,2018-04-02 20:00:00,2018-04-02 20:00:00,2018-04-03 20:00:00,-1,-1.0172761635903023,SL
trend_pullback,USDJPY,2018-04-04 12:00:00,2018-04-04 12:00:00,2018-04-04 20:00:00,-1,-1.0156759845025793,SL
trend_pullback,USDJPY,2018-04-09 04:00:00,2018-04-09 04:00:00,2018-04-10 20:00:00,-1,-1.0153482060687433,SL
trend_pullback,USDJPY,2018-04-11 12:00:00,2018-04-11 12:00:00,2018-04-12 20:00:00,-1,-1.0161026442258008,SL
trend_pullback,USDJPY,2018-04-17 20:00:00,2018-04-17 20:00:00,2018-04-18 08:00:00,-1,-1.0197977276105492,SL
trend_pullback,USDJPY,2018-04-18 20:00:00,2018-04-18 20:00:00,2018-04-19 08:00:00,-1,-1.0216998498026757,SL
trend_pullback,USDJPY,2018-07-06 04:00:00,2018-07-06 04:00:00,2018-07-06 16:00:00,1,-0.20729989786030306,FRIDAY
trend_pullback,USDJPY,2018-07-09 20:00:00,2018-07-09 20:00:00,2018-07-11 20:00:00,1,1.9774821143605592,TP
trend_pullback,USDJPY,2018-07-17 04:00:00,2018-07-17 04:00:00,2018-07-18 12:00:00,1,1.9798408159119956,TP
trend_pullback,USDJPY,2018-07-27 00:00:00,2018-07-27 00:00:00,2018-07-27 16:00:00,1,-0.08452695098100672,FRIDAY
trend_pullback,USDJPY,2018-07-31 12:00:00,2018-07-31 12:00:00,2018-08-03 16:00:00,1,0.3910464201132788,FRIDAY
trend_pullback,USDJPY,2018-08-06 16:00:00,2018-08-06 16:00:00,2018-08-07 16:00:00,1,-1.0201372006490972,SL
trend_pullback,USDJPY,2018-08-08 00:00:00,2018-08-08 00:00:00,2018-08-08 12:00:00,1,-1.0215820117773313,SL
trend_pullback,USDJPY,2018-08-17 04:00:00,2018-08-17 04:00:00,2018-08-17 16:00:00,1,-0.34638535608752147,FRIDAY
trend_pullback,USDJPY,2018-08-27 12:00:00,2018-08-27 12:00:00,2018-08-30 20:00:00,1,0.1280091378902475,TIME
trend_pullback,USDJPY,2018-09-03 16:00:00,2018-09-03 16:00:00,2018-09-06 20:00:00,1,-1.0209064803794596,SL
trend_pullback,USDJPY,2018-09-10 12:00:00,2018-09-10 12:00:00,2018-09-13 20:00:00,1,1.9820957351871835,TP
trend_pullback,USDJPY,2018-09-18 08:00:00,2018-09-18 08:00:00,2018-09-21 08:00:00,1,1.9788942088060288,TP
trend_pullback,USDJPY,2018-09-24 20:00:00,2018-09-24 20:00:00,2018-09-27 20:00:00,1,1.9772759849788446,TP
trend_pullback,USDJPY,2018-10-02 16:00:00,2018-10-02 16:00:00,2018-10-04 00:00:00,1,1.9782191177580943,TP
trend_pullback,USDJPY,2018-10-05 04:00:00,2018-10-05 04:00:00,2018-10-05 16:00:00,1,-0.5057641982458497,FRIDAY
trend_pullback,USDJPY,2018-10-17 00:00:00,2018-10-17 00:00:00,2018-10-19 16:00:00,1,0.4072156390055314,FRIDAY
trend_pullback,USDJPY,2018-10-24 08:00:00,2018-10-24 08:00:00,2018-10-25 00:00:00,1,-1.0189914315446023,SL
trend_pullback,USDJPY,2018-10-25 20:00:00,2018-10-25 20:00:00,2018-10-26 08:00:00,1,-1.0161808172812112,SL
trend_pullback,USDJPY,2018-11-01 12:00:00,2018-11-01 12:00:00,2018-11-02 04:00:00,1,-1.0162527527785057,SL
trend_pullback,USDJPY,2018-11-02 08:00:00,2018-11-02 08:00:00,2018-11-02 16:00:00,1,-0.5417351521983744,FRIDAY
trend_pullback,USDJPY,2018-11-02 20:00:00,2018-11-02 20:00:00,2018-11-08 04:00:00,1,0.8293490662467404,TIME
trend_pullback,USDJPY,2018-11-13 00:00:00,2018-11-13 00:00:00,2018-11-15 00:00:00,1,-1.0202547551113712,SL
trend_pullback,USDJPY,2018-11-21 04:00:00,2018-11-21 04:00:00,2018-11-23 16:00:00,1,-0.14471350914891962,FRIDAY
trend_pullback,USDJPY,2018-11-24 00:00:00,2018-11-26 00:00:00,2018-11-26 20:00:00,1,1.9741349161039696,TP
trend_pullback,USDJPY,2018-11-29 20:00:00,2018-11-29 20:00:00,2018-11-30 16:00:00,1,0.039918533841507724,FRIDAY
trend_pullback,USDJPY,2018-11-30 20:00:00,2018-11-30 20:00:00,2018-12-04 04:00:00,1,-1.023968783381497,SL
trend_pullback,USDJPY,2018-12-06 00:00:00,2018-12-06 00:00:00,2018-12-06 04:00:00,1,-1.0211186477983556,SL
trend_pullback,USDJPY,2018-12-13 00:00:00,2018-12-13 00:00:00,2018-12-14 16:00:00,1,0.6615955952857037,FRIDAY
trend_pullback,USDJPY,2018-12-17 04:00:00,2018-12-17 04:00:00,2018-12-17 16:00:00,1,-1.0228467684067748,SL
trend_pullback,USDJPY,2019-01-14 04:00:00,2019-01-14 04:00:00,2019-01-15 08:00:00,-1,-1.0138305618079568,SL
trend_pullback,USDJPY,2019-01-15 16:00:00,2019-01-15 16:00:00,2019-01-16 16:00:00,-1,-1.0156071782983576,SL
trend_pullback,USDJPY,2019-01-22 20:00:00,2019-01-22 20:00:00,2019-01-23 04:00:00,-1,-1.0209767479007403,SL
trend_pullback,USDJPY,2019-01-23 20:00:00,2019-01-23 20:00:00,2019-01-25 08:00:00,-1,-1.017787417415924,SL
trend_pullback,USDJPY,2019-01-26 00:00:00,2019-01-28 00:00:00,2019-01-31 08:00:00,-1,1.9816435871751006,TP
trend_pullback,USDJPY,2019-02-06 12:00:00,2019-02-06 12:00:00,2019-02-07 00:00:00,-1,-1.0197076499949347,SL
trend_pullback,USDJPY,2019-02-07 16:00:00,2019-02-07 16:00:00,2019-02-08 16:00:00,-1,-0.2328031170875721,FRIDAY
trend_pullback,USDJPY,2019-02-08 20:00:00,2019-02-08 20:00:00,2019-02-11 12:00:00,-1,-1.0212452608443725,SL
trend_pullback,USDJPY,2019-03-21 00:00:00,2019-03-21 00:00:00,2019-03-22 16:00:00,-1,0.2697156515310015,FRIDAY
trend_pullback,USDJPY,2019-03-27 16:00:00,2019-03-27 16:00:00,2019-03-28 16:00:00,-1,-1.0163273239376445,SL
trend_pullback,USDJPY,2019-04-18 16:00:00,2019-04-18 16:00:00,2019-04-19 16:00:00,1,-0.2971057628285061,FRIDAY
trend_pullback,USDJPY,2019-04-22 04:00:00,2019-04-22 04:00:00,2019-04-23 04:00:00,1,-1.0437983742270565,SL
trend_pullback,USDJPY,2019-04-23 16:00:00,2019-04-23 16:00:00,2019-04-23 20:00:00,1,-1.0405517347291187,SL
trend_pullback,USDJPY,2019-04-24 04:00:00,2019-04-24 04:00:00,2019-04-24 20:00:00,1,-1.0376966389170814,SL
trend_pullback,USDJPY,2019-04-25 00:00:00,2019-04-25 00:00:00,2019-04-25 08:00:00,1,-1.0284623819018308,SL
trend_pullback,USDJPY,2019-04-29 12:00:00,2019-04-29 12:00:00,2019-04-30 12:00:00,1,-1.0253595012575576,SL
trend_pullback,USDJPY,2019-05-02 04:00:00,2019-05-02 04:00:00,2019-05-03 16:00:00,1,-0.14506269735870256,FRIDAY
trend_pullback,USDJPY,2019-05-14 16:00:00,2019-05-14 16:00:00,2019-05-17 04:00:00,-1,-1.0164539529337968,SL
trend_pullback,USDJPY,2019-05-17 12:00:00,2019-05-17 12:00:00,2019-05-17 16:00:00,-1,-0.03760209140213989,FRIDAY
trend_pullback,USDJPY,2019-05-23 04:00:00,2019-05-23 04:00:00,2019-05-23 20:00:00,-1,1.977780043005809,TP
trend_pullback,USDJPY,2019-05-31 04:00:00,2019-05-31 04:00:00,2019-05-31 16:00:00,-1,1.3722254202800999,FRIDAY
trend_pullback,USDJPY,2019-06-05 16:00:00,2019-06-05 16:00:00,2019-06-06 00:00:00,-1,-1.0166847705326274,SL
trend_pullback,USDJPY,2019-06-06 04:00:00,2019-06-06 04:00:00,2019-06-07 16:00:00,-1,-0.40329763081597536,FRIDAY
trend_pullback,USDJPY,2019-06-11 20:00:00,2019-06-11 20:00:00,2019-06-14 16:00:00,-1,0.5607943133713759,FRIDAY
trend_pullback,USDJPY,2019-06-18 08:00:00,2019-06-18 08:00:00,2019-06-18 20:00:00,-1,-1.0255823136058213,SL
trend_pullback,USDJPY,2019-06-19 08:00:00,2019-06-19 08:00:00,2019-06-20 04:00:00,-1,1.9773074920164497,TP
trend_pullback,USDJPY,2019-06-26 00:00:00,2019-06-26 00:00:00,2019-06-26 16:00:00,-1,-1.016979588578675,SL
trend_pullback,USDJPY,2019-06-28 08:00:00,2019-06-28 08:00:00,2019-06-28 16:00:00,-1,-0.07271153838527718,FRIDAY
trend_pullback,USDJPY,2019-07-02 20:00:00,2019-07-02 20:00:00,2019-07-05 16:00:00,-1,-0.4421151360740141,FRIDAY
trend_pullback,USDJPY,2019-07-10 16:00:00,2019-07-10 16:00:00,2019-07-11 08:00:00,-1,1.9759608407497615,TP
trend_pullback,USDJPY,2019-07-12 08:00:00,2019-07-12 08:00:00,2019-07-12 16:00:00,-1,-0.10858494162170913,FRIDAY
trend_pullback,USDJPY,2019-07-17 20:00:00,2019-07-17 20:00:00,2019-07-19 00:00:00,-1,1.9758299535812696,TP
trend_pullback,USDJPY,2019-07-20 00:00:00,2019-07-22 00:00:00,2019-07-23 08:00:00,-1,-1.0201391351181177,SL
trend_pullback,USDJPY,2019-08-14 20:00:00,2019-08-14 20:00:00,2019-08-15 12:00:00,-1,-1.0110097417144488,SL
trend_pullback,USDJPY,2019-08-20 16:00:00,2019-08-20 16:00:00,2019-08-23 12:00:00,-1,-1.0174254875095332,SL
trend_pullback,USDJPY,2019-08-23 20:00:00,2019-08-23 20:00:00,2019-08-26 04:00:00,-1,1.984517911493524,TP
trend_pullback,USDJPY,2019-08-27 04:00:00,2019-08-27 04:00:00,2019-08-29 20:00:00,-1,-1.0117225441998559,SL
trend_pullback,USDJPY,2019-09-02 20:00:00,2019-09-02 20:00:00,2019-09-05 08:00:00,-1,-1.018329976328322,SL
trend_pullback,USDJPY,2019-10-08 16:00:00,2019-10-08 16:00:00,2019-10-09 16:00:00,-1,-1.0182879480586673,SL
trend_pullback,USDJPY,2019-12-12 00:00:00,2019-12-12 00:00:00,2019-12-12 20:00:00,-1,-1.0294350527721257,SL
trend_pullback,USDJPY,2019-12-27 16:00:00,2019-12-27 16:00:00,2019-12-27 20:00:00,1,-0.095675864006895,FRIDAY
trend_pullback,USDJPY,2020-01-08 04:00:00,2020-01-08 04:00:00,2020-01-08 08:00:00,-1,-1.0179604358197312,SL
trend_pullback,USDJPY,2020-01-15 20:00:00,2020-01-15 20:00:00,2020-01-17 16:00:00,1,1.0608242740670226,FRIDAY
trend_pullback,USDJPY,2020-01-21 16:00:00,2020-01-21 16:00:00,2020-01-21 20:00:00,1,-1.0373880760391752,SL
trend_pullback,USDJPY,2020-01-22 08:00:00,2020-01-22 08:00:00,2020-01-23 04:00:00,1,-1.0326126863101888,SL
trend_pullback,USDJPY,2020-02-07 20:00:00,2020-02-07 20:00:00,2020-02-13 04:00:00,1,0.4204259996853696,TIME
trend_pullback,USDJPY,2020-02-17 04:00:00,2020-02-17 04:00:00,2020-02-19 16:00:00,1,1.9678114530640567,TP
trend_pullback,USDJPY,2020-02-24 04:00:00,2020-02-24 04:00:00,2020-02-24 20:00:00,1,-1.015921590228871,SL
trend_pullback,USDJPY,2020-03-10 16:00:00,2020-03-10 16:00:00,2020-03-12 20:00:00,-1,-1.0046992480121175,SL
trend_pullback,USDJPY,2020-03-16 16:00:00,2020-03-16 16:00:00,2020-03-17 20:00:00,-1,-1.0041779765045589,SL
trend_pullback,USDJPY,2020-03-31 08:00:00,2020-03-31 08:00:00,2020-04-03 16:00:00,-1,-0.02115294942937263,FRIDAY
trend_pullback,USDJPY,2020-04-15 20:00:00,2020-04-15 20:00:00,2020-04-16 08:00:00,-1,-1.0149731610838353,SL
trend_pullback,USDJPY,2020-04-16 16:00:00,2020-04-16 16:00:00,2020-04-17 04:00:00,-1,-1.0139456696876383,SL
trend_pullback,USDJPY,2020-04-17 16:00:00,2020-04-17 16:00:00,2020-04-17 20:00:00,-1,-0.026176348620308727,FRIDAY
trend_pullback,USDJPY,2020-04-20 12:00:00,2020-04-20 12:00:00,2020-04-23 20:00:00,-1,0.3157401088936626,TIME
trend_pullback,USDJPY,2020-04-24 08:00:00,2020-04-24 08:00:00,2020-04-24 16:00:00,-1,-0.1645300318387678,FRIDAY
trend_pullback,USDJPY,2020-04-27 08:00:00,2020-04-27 08:00:00,2020-04-29 12:00:00,-1,1.9815228142672985,TP
trend_pullback,USDJPY,2020-05-01 12:00:00,2020-05-01 12:00:00,2020-05-01 16:00:00,-1,-0.02965366429440478,FRIDAY
trend_pullback,USDJPY,2020-05-04 04:00:00,2020-05-04 04:00:00,2020-05-07 12:00:00,-1,0.6933597184258878,TIME
trend_pullback,USDJPY,2020-05-07 20:00:00,2020-05-07 20:00:00,2020-05-08 16:00:00,-1,-0.14849987756517735,FRIDAY
trend_pullback,USDJPY,2020-05-13 12:00:00,2020-05-13 12:00:00,2020-05-15 04:00:00,-1,-1.0188237661551482,SL
trend_pullback,USDJPY,2020-05-15 12:00:00,2020-05-15 12:00:00,2020-05-15 16:00:00,-1,-0.038488661268726965,FRIDAY
trend_pullback,USDJPY,2020-05-21 00:00:00,2020-05-21 00:00:00,2020-05-21 04:00:00,-1,-1.019500080559561,SL
trend_pullback,USDJPY,2020-05-22 08:00:00,2020-05-22 08:00:00,2020-05-22 16:00:00,-1,-0.3384895380377324,FRIDAY
trend_pullback,USDJPY,2020-05-22 20:00:00,2020-05-22 20:00:00,2020-05-26 08:00:00,-1,-1.0205102593169777,SL
trend_pullback,USDJPY,2020-05-27 08:00:00,2020-05-27 08:00:00,2020-05-27 16:00:00,-1,-1.024133808088557,SL
trend_pullback,USDJPY,2020-05-29 00:00:00,2020-05-29 00:00:00,2020-05-29 16:00:00,-1,1.3183613609451494,FRIDAY
trend_pullback,USDJPY,2020-06-02 04:00:00,2020-06-02 04:00:00,2020-06-02 16:00:00,-1,-1.0206928339231571,SL
trend_pullback,USDJPY,2020-06-13 00:00:00,2020-06-15 00:00:00,2020-06-18 08:00:00,-1,0.9378989861418611,TIME
trend_pullback,USDJPY,2020-06-19 20:00:00,2020-06-19 20:00:00,2020-06-25 04:00:00,-1,-0.616754423373518,TIME
trend_pullback,USDJPY,2020-06-26 12:00:00,2020-06-26 12:00:00,2020-06-26 16:00:00,-1,-0.0414419649908912,FRIDAY
trend_pullback,USDJPY,2020-07-02 08:00:00,2020-07-02 08:00:00,2020-07-03 16:00:00,-1,-0.12831778604556998,FRIDAY
trend_pullback,USDJPY,2020-07-04 00:00:00,2020-07-06 00:00:00,2020-07-06 08:00:00,-1,-1.0266017833722894,SL
trend_pullback,USDJPY,2020-07-06 16:00:00,2020-07-06 16:00:00,2020-07-07 16:00:00,-1,-1.0263710850448067,SL
trend_pullback,USDJPY,2020-07-08 08:00:00,2020-07-08 08:00:00,2020-07-10 08:00:00,-1,1.9742335455774351,TP
trend_pullback,USDJPY,2020-07-15 12:00:00,2020-07-15 12:00:00,2020-07-16 16:00:00,-1,-1.02712010995983,SL
trend_pullback,USDJPY,2020-07-17 20:00:00,2020-07-17 20:00:00,2020-07-20 04:00:00,-1,-1.0259749647433913,SL
trend_pullback,USDJPY,2020-07-21 16:00:00,2020-07-21 16:00:00,2020-07-24 04:00:00,-1,1.9746952794865755,TP
trend_pullback,USDJPY,2020-08-05 00:00:00,2020-08-05 00:00:00,2020-08-07 16:00:00,-1,0.18915774398480573,FRIDAY
trend_pullback,USDJPY,2020-08-17 12:00:00,2020-08-17 12:00:00,2020-08-18 04:00:00,-1,1.978540453895161,TP
trend_pullback,USDJPY,2020-08-20 20:00:00,2020-08-20 20:00:00,2020-08-21 16:00:00,-1,0.7650007623275792,FRIDAY
trend_pullback,USDJPY,2020-08-24 16:00:00,2020-08-24 16:00:00,2020-08-25 12:00:00,-1,-1.0196239444488404,SL
trend_pullback,USDJPY,2020-08-26 20:00:00,2020-08-26 20:00:00,2020-08-27 20:00:00,-1,-1.018901079670188,SL
trend_pullback,USDJPY,2020-08-31 20:00:00,2020-08-31 20:00:00,2020-09-03 12:00:00,-1,-1.0134345354249812,SL
trend_pullback,USDJPY,2020-09-08 16:00:00,2020-09-08 16:00:00,2020-09-09 20:00:00,-1,-1.0243990683628843,SL
trend_pullback,USDJPY,2020-09-10 08:00:00,2020-09-10 08:00:00,2020-09-11 16:00:00,-1,-0.5129391758248056,FRIDAY
trend_pullback,USDJPY,2020-09-14 08:00:00,2020-09-14 08:00:00,2020-09-14 20:00:00,-1,1.9696783905035486,TP
trend_pullback,USDJPY,2020-09-22 00:00:00,2020-09-22 00:00:00,2020-09-22 20:00:00,-1,-1.017618770270608,SL
trend_pullback,USDJPY,2020-09-28 08:00:00,2020-09-28 08:00:00,2020-09-28 20:00:00,-1,-1.0217826259467233,SL
trend_pullback,USDJPY,2020-09-30 08:00:00,2020-09-30 08:00:00,2020-10-02 16:00:00,-1,0.9588465331994863,FRIDAY
trend_pullback,USDJPY,2020-10-06 12:00:00,2020-10-06 12:00:00,2020-10-07 12:00:00,-1,-1.0254765302213094,SL
trend_pullback,USDJPY,2020-10-16 04:00:00,2020-10-16 04:00:00,2020-10-16 16:00:00,-1,0.31029283399291857,FRIDAY
trend_pullback,USDJPY,2020-10-19 12:00:00,2020-10-19 12:00:00,2020-10-20 04:00:00,-1,-1.03095060756304,SL
trend_pullback,USDJPY,2020-10-21 04:00:00,2020-10-21 04:00:00,2020-10-21 12:00:00,-1,1.969491956154967,TP
trend_pullback,USDJPY,2020-10-26 20:00:00,2020-10-26 20:00:00,2020-10-28 08:00:00,-1,1.9754139236823973,TP
trend_pullback,USDJPY,2020-10-30 04:00:00,2020-10-30 04:00:00,2020-10-30 16:00:00,-1,0.07408643521825803,FRIDAY
trend_pullback,USDJPY,2020-11-03 20:00:00,2020-11-03 20:00:00,2020-11-04 04:00:00,-1,-1.0223126163274638,SL
trend_pullback,USDJPY,2020-11-04 16:00:00,2020-11-04 16:00:00,2020-11-05 20:00:00,-1,1.9844326897321334,TP
trend_pullback,USDJPY,2020-11-13 04:00:00,2020-11-13 04:00:00,2020-11-13 16:00:00,-1,-0.2828532579911224,FRIDAY
trend_pullback,USDJPY,2020-11-16 20:00:00,2020-11-16 20:00:00,2020-11-18 20:00:00,-1,1.9832400550852631,TP
trend_pullback,USDJPY,2020-11-19 16:00:00,2020-11-19 16:00:00,2020-11-20 16:00:00,-1,0.5753388981519696,FRIDAY
trend_pullback,USDJPY,2020-11-26 12:00:00,2020-11-26 12:00:00,2020-11-27 16:00:00,-1,0.6985916688037499,FRIDAY
trend_pullback,USDJPY,2020-11-30 04:00:00,2020-11-30 04:00:00,2020-11-30 12:00:00,-1,-1.024070004149455,SL
trend_pullback,USDJPY,2020-12-03 12:00:00,2020-12-03 12:00:00,2020-12-03 20:00:00,-1,1.976196472986457,TP
trend_pullback,USDJPY,2020-12-07 04:00:00,2020-12-07 04:00:00,2020-12-09 20:00:00,-1,-1.0214510868747988,SL
trend_pullback,USDJPY,2020-12-11 04:00:00,2020-12-11 04:00:00,2020-12-11 16:00:00,-1,-0.1855522464653259,FRIDAY
trend_pullback,USDJPY,2020-12-15 16:00:00,2020-12-15 16:00:00,2020-12-17 12:00:00,-1,1.9771979412617777,TP
trend_pullback,USDJPY,2020-12-18 16:00:00,2020-12-18 16:00:00,2020-12-18 20:00:00,-1,-0.038319455377425454,FRIDAY
trend_pullback,USDJPY,2020-12-21 04:00:00,2020-12-21 04:00:00,2020-12-21 12:00:00,-1,-1.0198643333996429,SL
trend_pullback,USDJPY,2020-12-21 20:00:00,2020-12-21 20:00:00,2020-12-24 20:00:00,-1,-1.018312045690107,SL
trend_pullback,USDJPY,2020-12-28 08:00:00,2020-12-28 08:00:00,2020-12-28 20:00:00,-1,-1.0265221708963226,SL
trend_pullback,USDJPY,2020-12-29 20:00:00,2020-12-29 20:00:00,2020-12-30 16:00:00,-1,1.9727446896487641,TP
trend_pullback,USDJPY,2021-01-04 04:00:00,2021-01-04 04:00:00,2021-01-06 20:00:00,-1,-1.0249903681617467,SL
trend_pullback,USDJPY,2021-01-13 00:00:00,2021-01-13 00:00:00,2021-01-14 08:00:00,-1,-1.0202081508980412,SL
trend_pullback,USDJPY,2021-01-14 20:00:00,2021-01-14 20:00:00,2021-01-15 16:00:00,-1,-0.0599445728113599,FRIDAY
trend_pullback,USDJPY,2021-01-18 04:00:00,2021-01-18 04:00:00,2021-01-19 08:00:00,-1,-1.0228727312261117,SL
trend_pullback,USDJPY,2021-01-20 04:00:00,2021-01-20 04:00:00,2021-01-22 16:00:00,-1,0.5395479075116898,FRIDAY
trend_pullback,USDJPY,2021-01-26 04:00:00,2021-01-26 04:00:00,2021-01-27 16:00:00,-1,-1.0312063538618228,SL
trend_pullback,USDJPY,2021-03-11 04:00:00,2021-03-11 04:00:00,2021-03-12 16:00:00,1,1.4094426349103228,FRIDAY
trend_pullback,USDJPY,2021-03-16 20:00:00,2021-03-16 20:00:00,2021-03-18 08:00:00,1,-1.0188678111962368,SL
trend_pullback,USDJPY,2021-03-18 12:00:00,2021-03-18 12:00:00,2021-03-19 12:00:00,1,-1.0163827083847383,SL
trend_pullback,USDJPY,2021-03-19 16:00:00,2021-03-19 16:00:00,2021-03-19 20:00:00,1,-0.033587803341677505,FRIDAY
trend_pullback,USDJPY,2021-03-24 16:00:00,2021-03-24 16:00:00,2021-03-26 16:00:00,1,1.7706023588389033,FRIDAY
trend_pullback,USDJPY,2021-04-02 16:00:00,2021-04-02 16:00:00,2021-04-02 20:00:00,1,-0.04238890446602847,FRIDAY
trend_pullback,USDJPY,2021-04-09 16:00:00,2021-04-09 16:00:00,2021-04-09 20:00:00,1,-0.03599553624985565,FRIDAY
trend_pullback,USDJPY,2021-04-12 04:00:00,2021-04-12 04:00:00,2021-04-12 12:00:00,1,-1.018605987635106,SL
trend_pullback,USDJPY,2021-04-13 08:00:00,2021-04-13 08:00:00,2021-04-13 12:00:00,1,-1.0201697776416818,SL
trend_pullback,USDJPY,2021-04-29 08:00:00,2021-04-29 08:00:00,2021-04-30 16:00:00,1,0.842909182309861,FRIDAY
trend_pullback,USDJPY,2021-05-04 04:00:00,2021-05-04 04:00:00,2021-05-07 12:00:00,1,0.029798815249476484,TIME
trend_pullback,USDJPY,2021-05-11 04:00:00,2021-05-11 04:00:00,2021-05-11 16:00:00,1,-1.0189522809848428,SL
trend_pullback,USDJPY,2021-05-12 08:00:00,2021-05-12 08:00:00,2021-05-12 20:00:00,1,1.9803483348367903,TP
trend_pullback,USDJPY,2021-05-14 16:00:00,2021-05-14 16:00:00,2021-05-14 20:00:00,1,-0.037274834692439106,FRIDAY
trend_pullback,USDJPY,2021-05-17 04:00:00,2021-05-17 04:00:00,2021-05-17 16:00:00,1,-1.0193178416588915,SL
trend_pullback,USDJPY,2021-05-20 00:00:00,2021-05-20 00:00:00,2021-05-20 20:00:00,1,-1.018500508354514,SL
trend_pullback,USDJPY,2021-05-21 20:00:00,2021-05-21 20:00:00,2021-05-25 12:00:00,1,-1.0213004523409046,SL
trend_pullback,USDJPY,2021-05-25 16:00:00,2021-05-25 16:00:00,2021-05-27 20:00:00,1,1.9772769925369895,TP
trend_pullback,USDJPY,2021-06-01 00:00:00,2021-06-01 00:00:00,2021-06-03 20:00:00,1,1.977330504294737,TP
trend_pullback,USDJPY,2021-06-09 20:00:00,2021-06-09 20:00:00,2021-06-11 00:00:00,1,-1.0240158153644263,SL
trend_pullback,USDJPY,2021-06-11 12:00:00,2021-06-11 12:00:00,2021-06-11 16:00:00,1,-0.049349705161028656,FRIDAY
trend_pullback,USDJPY,2021-06-17 00:00:00,2021-06-17 00:00:00,2021-06-17 20:00:00,1,-1.0226198996587832,SL
trend_pullback,USDJPY,2021-06-18 04:00:00,2021-06-18 04:00:00,2021-06-18 12:00:00,1,-1.0220539662729384,SL
trend_pullback,USDJPY,2021-06-18 16:00:00,2021-06-18 16:00:00,2021-06-18 20:00:00,1,-0.0433176091083946,FRIDAY
trend_pullback,USDJPY,2021-06-21 04:00:00,2021-06-21 04:00:00,2021-06-21 08:00:00,1,-1.0229162323957925,SL
trend_pullback,USDJPY,2021-06-21 20:00:00,2021-06-21 20:00:00,2021-06-23 12:00:00,1,1.979730473453067,TP
trend_pullback,USDJPY,2021-06-24 20:00:00,2021-06-24 20:00:00,2021-06-25 16:00:00,1,-0.5479855245221742,FRIDAY
trend_pullback,USDJPY,2021-06-25 20:00:00,2021-06-25 20:00:00,2021-06-28 20:00:00,1,-1.0221421484439062,SL
trend_pullback,USDJPY,2021-06-29 16:00:00,2021-06-29 16:00:00,2021-07-01 12:00:00,1,1.9769108984241692,TP
trend_pullback,USDJPY,2021-07-12 20:00:00,2021-07-12 20:00:00,2021-07-14 20:00:00,1,-1.0197757214174996,SL
trend_pullback,USDJPY,2021-07-26 16:00:00,2021-07-26 16:00:00,2021-07-27 12:00:00,1,-1.0237788339639835,SL
trend_pullback,USDJPY,2021-08-12 00:00:00,2021-08-12 00:00:00,2021-08-13 16:00:00,1,-0.5380934736184155,FRIDAY
trend_pullback,USDJPY,2021-08-26 20:00:00,2021-08-26 20:00:00,2021-08-27 16:00:00,1,-0.12454930491567442,FRIDAY
trend_pullback,USDJPY,2021-08-31 00:00:00,2021-08-31 00:00:00,2021-08-31 20:00:00,1,-1.0263537969579317,SL
trend_pullback,USDJPY,2021-09-01 20:00:00,2021-09-01 20:00:00,2021-09-03 16:00:00,1,-0.2652803201113753,FRIDAY
trend_pullback,USDJPY,2021-09-14 04:00:00,2021-09-14 04:00:00,2021-09-14 20:00:00,1,-1.0314718340035143,SL
trend_pullback,USDJPY,2021-10-05 08:00:00,2021-10-05 08:00:00,2021-10-08 12:00:00,1,1.9816498435124164,TP
trend_pullback,USDJPY,2021-10-08 20:00:00,2021-10-08 20:00:00,2021-10-11 16:00:00,1,1.982091149838335,TP
trend_pullback,USDJPY,2021-10-19 16:00:00,2021-10-19 16:00:00,2021-10-21 16:00:00,1,-1.0173760638828906,SL
trend_pullback,USDJPY,2021-10-22 04:00:00,2021-10-22 04:00:00,2021-10-22 16:00:00,1,-0.40459674480435026,FRIDAY
trend_pullback,USDJPY,2021-10-25 16:00:00,2021-10-25 16:00:00,2021-10-27 20:00:00,1,-1.0164910191695058,SL
trend_pullback,USDJPY,2021-10-29 16:00:00,2021-10-29 16:00:00,2021-10-29 20:00:00,1,-0.035860996344005774,FRIDAY
trend_pullback,USDJPY,2021-11-03 00:00:00,2021-11-03 00:00:00,2021-11-04 20:00:00,1,-1.0184021912451389,SL
trend_pullback,USDJPY,2021-11-10 12:00:00,2021-11-10 12:00:00,2021-11-10 20:00:00,1,1.981107587703426,TP
trend_pullback,USDJPY,2021-11-13 00:00:00,2021-11-15 00:00:00,2021-11-16 20:00:00,1,1.9808136283973188,TP
trend_pullback,USDJPY,2021-11-18 16:00:00,2021-11-18 16:00:00,2021-11-19 12:00:00,1,-1.0172095017743157,SL
trend_pullback,USDJPY,2021-11-22 20:00:00,2021-11-22 20:00:00,2021-11-26 04:00:00,1,0.061818499674575485,TIME
trend_pullback,USDJPY,2021-12-08 08:00:00,2021-12-08 08:00:00,2021-12-10 16:00:00,1,0.36543680095577546,FRIDAY
trend_pullback,USDJPY,2021-12-13 04:00:00,2021-12-13 04:00:00,2021-12-16 12:00:00,1,1.5003649781393522,TIME
trend_pullback,USDJPY,2021-12-21 04:00:00,2021-12-21 04:00:00,2021-12-23 16:00:00,1,1.9804146471172295,TP
trend_pullback,USDJPY,2021-12-29 20:00:00,2021-12-29 20:00:00,2021-12-31 16:00:00,1,0.5627574059188795,FRIDAY
trend_pullback,USDJPY,2022-01-06 20:00:00,2022-01-06 20:00:00,2022-01-07 16:00:00,1,0.0704048584774991,FRIDAY
trend_pullback,USDJPY,2022-01-10 08:00:00,2022-01-10 08:00:00,2022-01-10 16:00:00,1,-1.021593949773399,SL
trend_pullback,USDJPY,2022-01-11 16:00:00,2022-01-11 16:00:00,2022-01-12 04:00:00,1,-1.0189093134884402,SL
trend_pullback,USDJPY,2022-01-18 08:00:00,2022-01-18 08:00:00,2022-01-19 08:00:00,1,-1.0166516303040605,SL
trend_pullback,USDJPY,2022-01-20 08:00:00,2022-01-20 08:00:00,2022-01-20 16:00:00,1,-1.0162436916127275,SL
trend_pullback,USDJPY,2022-02-03 12:00:00,2022-02-03 12:00:00,2022-02-04 16:00:00,1,0.5142335951945335,FRIDAY
trend_pullback,USDJPY,2022-02-07 16:00:00,2022-02-07 16:00:00,2022-02-10 12:00:00,1,1.9808242896407804,TP
trend_pullback,USDJPY,2022-02-14 20:00:00,2022-02-14 20:00:00,2022-02-17 08:00:00,1,-1.0147000586140147,SL
trend_pullback,USDJPY,2022-02-23 00:00:00,2022-02-23 00:00:00,2022-02-24 08:00:00,1,-1.0189095212535981,SL
trend_pullback,USDJPY,2022-02-24 20:00:00,2022-02-24 20:00:00,2022-02-25 16:00:00,1,-0.0787331066085137,FRIDAY
trend_pullback,USDJPY,2022-02-28 04:00:00,2022-02-28 04:00:00,2022-02-28 20:00:00,1,-1.0148734604892748,SL
trend_pullback,USDJPY,2022-03-02 12:00:00,2022-03-02 12:00:00,2022-03-04 16:00:00,1,0.4947378648602765,FRIDAY
trend_pullback,AUDUSD,2013-11-14 12:00:00,2013-11-14 12:00:00,2013-11-15 04:00:00,-1,-1.0154508589400353,SL
trend_pullback,AUDUSD,2013-11-15 12:00:00,2013-11-15 12:00:00,2013-11-15 16:00:00,-1,-0.031078300708417765,FRIDAY
trend_pullback,AUDUSD,2013-11-26 12:00:00,2013-11-26 12:00:00,2013-11-29 16:00:00,-1,0.8553319328944081,FRIDAY
trend_pullback,AUDUSD,2013-11-29 20:00:00,2013-11-29 20:00:00,2013-12-02 04:00:00,-1,-1.0140680482880757,SL
trend_pullback,AUDUSD,2013-12-02 16:00:00,2013-12-02 16:00:00,2013-12-04 12:00:00,-1,1.9859550043519236,TP
trend_pullback,AUDUSD,2013-12-06 00:00:00,2013-12-06 00:00:00,2013-12-06 16:00:00,-1,-0.0958170525603791,FRIDAY
trend_pullback,AUDUSD,2013-12-10 00:00:00,2013-12-10 00:00:00,2013-12-10 16:00:00,-1,-1.014065258853056,SL
trend_pullback,AUDUSD,2013-12-11 12:00:00,2013-12-11 12:00:00,2013-12-12 16:00:00,-1,1.9842805974078082,TP
trend_pullback,AUDUSD,2013-12-19 00:00:00,2013-12-19 00:00:00,2013-12-20 16:00:00,-1,-0.6979922428298666,FRIDAY
trend_pullback,AUDUSD,2013-12-24 08:00:00,2013-12-24 08:00:00,2013-12-27 16:00:00,-1,-0.12746820291710267,FRIDAY
trend_pullback,AUDUSD,2013-12-27 20:00:00,2013-12-27 20:00:00,2013-12-30 20:00:00,-1,-1.0191057865028728,SL
trend_pullback,AUDUSD,2014-01-02 12:00:00,2014-01-02 12:00:00,2014-01-02 16:00:00,-1,-1.017071902121931,SL
trend_pullback,AUDUSD,2014-01-03 00:00:00,2014-01-03 00:00:00,2014-01-03 08:00:00,-1,-1.0155244019475418,SL
trend_pullback,AUDUSD,2014-01-07 04:00:00,2014-01-07 04:00:00,2014-01-10 12:00:00,-1,0.7923527705919093,TIME
trend_pullback,AUDUSD,2014-01-14 16:00:00,2014-01-14 16:00:00,2014-01-16 04:00:00,-1,1.9848902635750154,TP
trend_pullback,AUDUSD,2014-01-21 12:00:00,2014-01-21 12:00:00,2014-01-22 04:00:00,-1,-1.0166175018783368,SL
trend_pullback,AUDUSD,2014-01-23 04:00:00,2014-01-23 04:00:00,2014-01-24 08:00:00,-1,1.9842595448833842,TP
trend_pullback,AUDUSD,2014-01-28 00:00:00,2014-01-28 00:00:00,2014-01-28 08:00:00,-1,-1.0140733446841306,SL
trend_pullback,AUDUSD,2014-01-29 12:00:00,2014-01-29 12:00:00,2014-01-31 04:00:00,-1,-1.0133587107759123,SL
trend_pullback,AUDUSD,2014-01-31 12:00:00,2014-01-31 12:00:00,2014-01-31 16:00:00,-1,-0.026279830367756843,FRIDAY
trend_pullback,AUDUSD,2014-02-03 04:00:00,2014-02-03 04:00:00,2014-02-03 16:00:00,-1,-1.0134358400660104,SL
trend_pullback,AUDUSD,2014-02-03 20:00:00,2014-02-03 20:00:00,2014-02-04 08:00:00,-1,-1.0129296886692916,SL
trend_pullback,AUDUSD,2014-02-28 04:00:00,2014-02-28 04:00:00,2014-02-28 16:00:00,-1,-0.07718587866327985,FRIDAY
trend_pullback,AUDUSD,2014-03-04 08:00:00,2014-03-04 08:00:00,2014-03-05 04:00:00,-1,-1.0165613034077283,SL
trend_pullback,AUDUSD,2014-05-27 00:00:00,2014-05-27 00:00:00,2014-05-27 08:00:00,-1,-1.0286199585907878,SL
trend_pullback,AUDUSD,2014-05-27 20:00:00,2014-05-27 20:00:00,2014-05-28 04:00:00,-1,-1.026322447289045,SL
trend_pullback,AUDUSD,2014-06-03 16:00:00,2014-06-03 16:00:00,2014-06-04 04:00:00,-1,-1.020894570576718,SL
trend_pullback,AUDUSD,2014-06-13 16:00:00,2014-06-13 16:00:00,2014-06-13 20:00:00,1,-0.04682726976080869,FRIDAY
trend_pullback,AUDUSD,2014-06-16 08:00:00,2014-06-16 08:00:00,2014-06-16 12:00:00,1,-1.024978507799879,SL
trend_pullback,AUDUSD,2014-06-16 16:00:00,2014-06-16 16:00:00,2014-06-17 08:00:00,1,-1.0236189639560704,SL
trend_pullback,AUDUSD,2014-06-19 00:00:00,2014-06-19 00:00:00,2014-06-20 16:00:00,1,-0.08777849244296533,FRIDAY
trend_pullback,AUDUSD,2014-06-20 20:00:00,2014-06-20 20:00:00,2014-06-25 04:00:00,1,-1.0256641387963115,SL
trend_pullback,AUDUSD,2014-06-25 20:00:00,2014-06-25 20:00:00,2014-06-27 16:00:00,1,0.7166686260608343,FRIDAY
trend_pullback,AUDUSD,2014-06-27 20:00:00,2014-06-27 20:00:00,2014-06-30 16:00:00,1,-1.027904008474319,SL
trend_pullback,AUDUSD,2014-06-30 20:00:00,2014-06-30 20:00:00,2014-07-01 20:00:00,1,1.9750779781333976,TP
trend_pullback,AUDUSD,2014-07-08 04:00:00,2014-07-08 04:00:00,2014-07-10 04:00:00,1,1.9727875935160546,TP
trend_pullback,AUDUSD,2014-07-10 20:00:00,2014-07-10 20:00:00,2014-07-11 16:00:00,1,0.08355143627973671,FRIDAY
trend_pullback,AUDUSD,2014-07-12 00:00:00,2014-07-14 00:00:00,2014-07-15 20:00:00,1,-1.0258210620317119,SL
trend_pullback,AUDUSD,2014-07-17 08:00:00,2014-07-17 08:00:00,2014-07-18 00:00:00,1,-1.0256115983479555,SL
trend_pullback,AUDUSD,2014-07-22 08:00:00,2014-07-22 08:00:00,2014-07-23 12:00:00,1,1.9738891919573396,TP
trend_pullback,AUDUSD,2014-07-25 04:00:00,2014-07-25 04:00:00,2014-07-25 16:00:00,1,-0.5365545857465392,FRIDAY
trend_pullback,AUDUSD,2014-07-28 20:00:00,2014-07-28 20:00:00,2014-07-29 16:00:00,1,-1.028274388288409,SL
trend_pullback,AUDUSD,2014-09-01 08:00:00,2014-09-01 08:00:00,2014-09-02 04:00:00,1,-1.0302954245848892,SL
trend_pullback,AUDUSD,2014-09-17 16:00:00,2014-09-17 16:00:00,2014-09-18 00:00:00,-1,1.984033680685675,TP
trend_pullback,AUDUSD,2014-09-30 12:00:00,2014-09-30 12:00:00,2014-10-02 04:00:00,-1,-1.0136988683300192,SL
trend_pullback,AUDUSD,2014-10-03 12:00:00,2014-10-03 12:00:00,2014-10-03 16:00:00,-1,-0.027166418001277153,FRIDAY
trend_pullback,AUDUSD,2014-10-06 16:00:00,2014-10-06 16:00:00,2014-10-07 00:00:00,-1,-1.013205087719449,SL
trend_pullback,AUDUSD,2014-10-08 20:00:00,2014-10-08 20:00:00,2014-10-09 00:00:00,-1,-1.0119793511441315,SL
trend_pullback,AUDUSD,2014-10-09 20:00:00,2014-10-09 20:00:00,2014-10-10 16:00:00,-1,0.774507235659444,FRIDAY
trend_pullback,AUDUSD,2014-10-14 12:00:00,2014-10-14 12:00:00,2014-10-15 16:00:00,-1,-1.0109729569760662,SL
trend_pullback,AUDUSD,2014-10-15 20:00:00,2014-10-15 20:00:00,2014-10-16 00:00:00,-1,-1.0094924982584976,SL
trend_pullback,AUDUSD,2014-10-16 12:00:00,2014-10-16 12:00:00,2014-10-16 20:00:00,-1,-1.008918939448961,SL
trend_pullback,AUDUSD,2014-10-17 00:00:00,2014-10-17 00:00:00,2014-10-17 16:00:00,-1,-0.3163716874934071,FRIDAY
trend_pullback,AUDUSD,2014-10-18 00:00:00,2014-10-20 00:00:00,2014-10-23 08:00:00,-1,0.027096504378181174,TIME
trend_pullback,AUDUSD,2014-10-23 16:00:00,2014-10-23 16:00:00,2014-10-24 16:00:00,-1,0.0018580826691975613,FRIDAY
trend_pullback,AUDUSD,2014-10-29 20:00:00,2014-10-29 20:00:00,2014-10-31 16:00:00,-1,-0.47083511316424587,FRIDAY
trend_pullback,AUDUSD,2014-11-05 04:00:00,2014-11-05 04:00:00,2014-11-05 12:00:00,-1,1.9863830644008564,TP
trend_pullback,AUDUSD,2014-11-10 20:00:00,2014-11-10 20:00:00,2014-11-11 20:00:00,-1,-1.012931100086118,SL
trend_pullback,AUDUSD,2014-11-14 04:00:00,2014-11-14 04:00:00,2014-11-14 16:00:00,-1,-0.36542864505292055,FRIDAY
trend_pullback,AUDUSD,2014-11-17 16:00:00,2014-11-17 16:00:00,2014-11-20 12:00:00,-1,1.9877140495610781,TP
trend_pullback,AUDUSD,2014-11-21 08:00:00,2014-11-21 08:00:00,2014-11-21 12:00:00,-1,-1.0140844801717626,SL
trend_pullback,AUDUSD,2014-11-24 12:00:00,2014-11-24 12:00:00,2014-11-25 12:00:00,-1,1.9868250121665694,TP
trend_pullback,AUDUSD,2014-11-27 16:00:00,2014-11-27 16:00:00,2014-11-28 16:00:00,-1,0.7230702739553312,FRIDAY
trend_pullback,AUDUSD,2014-12-02 00:00:00,2014-12-02 00:00:00,2014-12-04 12:00:00,-1,1.9873482777555131,TP
trend_pullback,AUDUSD,2014-12-10 00:00:00,2014-12-10 00:00:00,2014-12-10 08:00:00,-1,-1.0130611278352661,SL
trend_pullback,AUDUSD,2014-12-10 20:00:00,2014-12-10 20:00:00,2014-12-11 04:00:00,-1,-1.0127749793503713,SL
trend_pullback,AUDUSD,2014-12-11 12:00:00,2014-12-11 12:00:00,2014-12-12 16:00:00,-1,-0.3070351822969686,FRIDAY
trend_pullback,AUDUSD,2014-12-16 16:00:00,2014-12-16 16:00:00,2014-12-18 00:00:00,-1,1.9871655010198384,TP
trend_pullback,AUDUSD,2014-12-19 12:00:00,2014-12-19 12:00:00,2014-12-19 16:00:00,-1,-0.02465604077758652,FRIDAY
trend_pullback,AUDUSD,2014-12-19 20:00:00,2014-12-19 20:00:00,2014-12-26 16:00:00,-1,0.038741379340419636,FRIDAY
trend_pullback,AUDUSD,2014-12-26 20:00:00,2014-12-26 20:00:00,2014-12-29 12:00:00,-1,-1.019592257462644,SL
trend_pullback,AUDUSD,2014-12-30 00:00:00,2014-12-30 00:00:00,2014-12-30 12:00:00,-1,-1.0221162010186005,SL
trend_pullback,AUDUSD,2015-01-06 20:00:00,2015-01-06 20:00:00,2015-01-09 16:00:00,-1,-0.308976619743806,FRIDAY
trend_pullback,AUDUSD,2015-01-13 12:00:00,2015-01-13 12:00:00,2015-01-15 04:00:00,-1,-1.0134261664625606,SL
trend_pullback,AUDUSD,2015-01-20 04:00:00,2015-01-20 04:00:00,2015-01-21 20:00:00,-1,1.9871827311911692,TP
trend_pullback,AUDUSD,2015-01-27 20:00:00,2015-01-27 20:00:00,2015-01-28 04:00:00,-1,-1.0117510220794392,SL
trend_pullback,AUDUSD,2015-01-28 16:00:00,2015-01-28 16:00:00,2015-01-29 12:00:00,-1,1.9893991025459958,TP
trend_pullback,AUDUSD,2015-02-03 00:00:00,2015-02-03 00:00:00,2015-02-03 08:00:00,-1,1.9886081642390594,TP
trend_pullback,AUDUSD,2015-02-04 16:00:00,2015-02-04 16:00:00,2015-02-06 16:00:00,-1,-0.7717800413304948,FRIDAY
trend_pullback,AUDUSD,2015-02-06 20:00:00,2015-02-06 20:00:00,2015-02-12 04:00:00,-1,1.8319898491944044,TIME
trend_pullback,AUDUSD,2015-02-13 00:00:00,2015-02-13 00:00:00,2015-02-13 16:00:00,-1,-0.12388259108673125,FRIDAY
trend_pullback,AUDUSD,2015-02-18 20:00:00,2015-02-18 20:00:00,2015-02-19 00:00:00,-1,-1.016761977460952,SL
trend_pullback,AUDUSD,2015-02-19 12:00:00,2015-02-19 12:00:00,2015-02-19 20:00:00,-1,-1.0144781171012802,SL
trend_pullback,AUDUSD,2015-02-20 00:00:00,2015-02-20 00:00:00,2015-02-20 12:00:00,-1,-1.0149015553852359,SL
trend_pullback,AUDUSD,2015-02-23 12:00:00,2015-02-23 12:00:00,2015-02-25 00:00:00,-1,-1.0165684544302684,SL
trend_pullback,AUDUSD,2015-02-26 20:00:00,2015-02-26 20:00:00,2015-02-27 16:00:00,-1,-0.27282597705404205,FRIDAY
trend_pullback,AUDUSD,2015-02-27 20:00:00,2015-02-27 20:00:00,2015-03-04 16:00:00,-1,-1.0147467267454529,SL
trend_pullback,AUDUSD,2015-03-04 20:00:00,2015-03-04 20:00:00,2015-03-06 16:00:00,-1,0.2592511765282623,FRIDAY
trend_pullback,AUDUSD,2015-03-13 12:00:00,2015-03-13 12:00:00,2015-03-13 16:00:00,-1,-0.024555156113611486,FRIDAY
trend_pullback,AUDUSD,2015-03-16 12:00:00,2015-03-16 12:00:00,2015-03-19 00:00:00,-1,-1.0131327608256984,SL
trend_pullback,AUDUSD,2015-03-19 16:00:00,2015-03-19 16:00:00,2015-03-20 16:00:00,-1,-0.3303213206818771,FRIDAY
trend_pullback,AUDUSD,2015-03-26 04:00:00,2015-03-26 04:00:00,2015-03-26 12:00:00,-1,-1.0118256529332494,SL
trend_pullback,AUDUSD,2015-03-26 20:00:00,2015-03-26 20:00:00,2015-03-27 16:00:00,-1,0.26072999248066986,FRIDAY
trend_pullback,AUDUSD,2015-04-07 00:00:00,2015-04-07 00:00:00,2015-04-07 08:00:00,-1,-1.0130856525240004,SL
trend_pullback,AUDUSD,2015-04-10 12:00:00,2015-04-10 12:00:00,2015-04-10 16:00:00,-1,-0.02779591895637562,FRIDAY
trend_pullback,AUDUSD,2015-04-13 04:00:00,2015-04-13 04:00:00,2015-04-16 04:00:00,-1,-1.0140389792307871,SL
trend_pullback,AUDUSD,2015-04-21 20:00:00,2015-04-21 20:00:00,2015-04-22 12:00:00,-1,-1.0130264028056162,SL
trend_pullback,AUDUSD,2015-04-23 04:00:00,2015-04-23 04:00:00,2015-04-23 20:00:00,-1,-1.0136298314968117,SL
trend_pullback,AUDUSD,2015-06-04 08:00:00,2015-06-04 08:00:00,2015-06-05 16:00:00,-1,0.5426111053341943,FRIDAY
trend_pullback,AUDUSD,2015-06-09 12:00:00,2015-06-09 12:00:00,2015-06-10 12:00:00,-1,-1.0125547562361075,SL
trend_pullback,AUDUSD,2015-06-12 12:00:00,2015-06-12 12:00:00,2015-06-12 16:00:00,-1,-0.02263684189732778,FRIDAY
trend_pullback,AUDUSD,2015-06-15 04:00:00,2015-06-15 04:00:00,2015-06-16 08:00:00,-1,-1.0114371908907691,SL
trend_pullback,AUDUSD,2015-06-16 12:00:00,2015-06-16 12:00:00,2015-06-18 12:00:00,-1,-1.0133844587076162,SL
trend_pullback,AUDUSD,2015-06-22 20:00:00,2015-06-22 20:00:00,2015-06-26 04:00:00,-1,0.06497213439842647,TIME
trend_pullback,AUDUSD,2015-06-30 00:00:00,2015-06-30 00:00:00,2015-07-01 08:00:00,-1,-1.014328395847684,SL
trend_pullback,AUDUSD,2015-07-01 16:00:00,2015-07-01 16:00:00,2015-07-03 08:00:00,-1,1.9852812291502595,TP
trend_pullback,AUDUSD,2015-07-09 12:00:00,2015-07-09 12:00:00,2015-07-10 16:00:00,-1,0.03258015918915429,FRIDAY
trend_pullback,AUDUSD,2015-07-10 20:00:00,2015-07-10 20:00:00,2015-07-15 08:00:00,-1,-1.0121230860204466,SL
trend_pullback,AUDUSD,2015-07-15 16:00:00,2015-07-15 16:00:00,2015-07-17 16:00:00,-1,0.8122582450310322,FRIDAY
trend_pullback,AUDUSD,2015-07-21 08:00:00,2015-07-21 08:00:00,2015-07-21 20:00:00,-1,-1.0170302008583612,SL
trend_pullback,AUDUSD,2015-07-22 16:00:00,2015-07-22 16:00:00,2015-07-24 08:00:00,-1,1.9854329105778117,TP
trend_pullback,AUDUSD,2015-07-28 12:00:00,2015-07-28 12:00:00,2015-07-31 16:00:00,-1,0.7309823113097221,FRIDAY
trend_pullback,AUDUSD,2015-08-01 00:00:00,2015-08-03 00:00:00,2015-08-04 12:00:00,-1,-1.0134468241222323,SL
trend_pullback,AUDUSD,2015-08-06 08:00:00,2015-08-06 08:00:00,2015-08-07 16:00:00,-1,-0.7281216990825362,FRIDAY
trend_pullback,AUDUSD,2015-08-10 16:00:00,2015-08-10 16:00:00,2015-08-10 20:00:00,-1,-1.0156866868202536,SL
trend_pullback,AUDUSD,2015-08-11 08:00:00,2015-08-11 08:00:00,2015-08-12 16:00:00,-1,-1.0126146308406392,SL
trend_pullback,AUDUSD,2015-08-13 12:00:00,2015-08-13 12:00:00,2015-08-14 16:00:00,-1,-0.6177928657699775,FRIDAY
trend_pullback,AUDUSD,2015-08-17 12:00:00,2015-08-17 12:00:00,2015-08-20 20:00:00,-1,0.29574366957634735,TIME
trend_pullback,AUDUSD,2015-08-21 00:00:00,2015-08-21 00:00:00,2015-08-21 16:00:00,-1,0.12425407213236535,FRIDAY
trend_pullback,AUDUSD,2015-08-22 00:00:00,2015-08-24 00:00:00,2015-08-24 20:00:00,-1,1.9853922540022046,TP
trend_pullback,AUDUSD,2015-08-28 00:00:00,2015-08-28 00:00:00,2015-08-28 16:00:00,-1,-0.10275127516573063,FRIDAY
trend_pullback,AUDUSD,2015-08-31 04:00:00,2015-08-31 04:00:00,2015-09-02 04:00:00,-1,1.9883652688524933,TP
trend_pullback,AUDUSD,2015-09-10 04:00:00,2015-09-10 04:00:00,2015-09-10 12:00:00,-1,-1.014159852558343,SL
trend_pullback,AUDUSD,2015-09-21 08:00:00,2015-09-21 08:00:00,2015-09-22 20:00:00,-1,1.987059700070447,TP
trend_pullback,AUDUSD,2015-09-26 00:00:00,2015-09-28 00:00:00,2015-10-01 08:00:00,-1,-0.6464671836219684,TIME
trend_pullback,AUDUSD,2015-10-02 08:00:00,2015-10-02 08:00:00,2015-10-02 16:00:00,-1,-0.21378380033279068,FRIDAY
trend_pullback,AUDUSD,2015-10-23 16:00:00,2015-10-23 16:00:00,2015-10-23 20:00:00,-1,-0.027886627546467015,FRIDAY
trend_pullback,AUDUSD,2015-11-02 12:00:00,2015-11-02 12:00:00,2015-11-03 08:00:00,-1,-1.0168770220037635,SL
trend_pullback,AUDUSD,2015-11-04 16:00:00,2015-11-04 16:00:00,2015-11-06 16:00:00,-1,0.1836678875001021,FRIDAY
trend_pullback,AUDUSD,2015-11-11 12:00:00,2015-11-11 12:00:00,2015-11-12 04:00:00,-1,-1.0202592688009817,SL
trend_pullback,AUDUSD,2015-11-16 04:00:00,2015-11-16 04:00:00,2015-11-19 04:00:00,-1,-1.0194583677215687,SL
trend_pullback,AUDUSD,2015-12-19 00:00:00,2015-12-21 00:00:00,2015-12-22 08:00:00,-1,-1.0131187864183138,SL
trend_pullback,AUDUSD,2016-01-12 20:00:00,2016-01-12 20:00:00,2016-01-13 08:00:00,-1,-1.012126824711377,SL
trend_pullback,AUDUSD,2016-01-13 20:00:00,2016-01-13 20:00:00,2016-01-15 12:00:00,-1,1.9870090647459802,TP
trend_pullback,AUDUSD,2016-01-20 00:00:00,2016-01-20 00:00:00,2016-01-21 20:00:00,-1,-1.0128467569613517,SL
trend_pullback,AUDUSD,2016-01-26 00:00:00,2016-01-26 00:00:00,2016-01-26 20:00:00,-1,-1.0129427806145577,SL
trend_pullback,AUDUSD,2016-02-01 12:00:00,2016-02-01 12:00:00,2016-02-02 00:00:00,-1,-1.013672738473353,SL
trend_pullback,AUDUSD,2016-02-03 00:00:00,2016-02-03 00:00:00,2016-02-03 20:00:00,-1,-1.0139069388061166,SL
trend_pullback,AUDUSD,2016-02-08 12:00:00,2016-02-08 12:00:00,2016-02-11 04:00:00,-1,-1.0126699364943883,SL
trend_pullback,AUDUSD,2016-02-11 12:00:00,2016-02-11 12:00:00,2016-02-12 04:00:00,-1,-1.009792489252356,SL
trend_pullback,AUDUSD,2016-04-01 20:00:00,2016-04-01 20:00:00,2016-04-04 12:00:00,1,-1.0114749393422822,SL
trend_pullback,AUDUSD,2016-04-06 20:00:00,2016-04-06 20:00:00,2016-04-07 16:00:00,1,-1.0126877813107993,SL
trend_pullback,AUDUSD,2016-04-11 08:00:00,2016-04-11 08:00:00,2016-04-13 00:00:00,1,1.9864462587137117,TP
trend_pullback,AUDUSD,2016-04-14 08:00:00,2016-04-14 08:00:00,2016-04-15 16:00:00,1,1.1372785522604512,FRIDAY
trend_pullback,AUDUSD,2016-04-18 12:00:00,2016-04-18 12:00:00,2016-04-19 20:00:00,1,1.9878685568902539,TP
trend_pullback,AUDUSD,2016-04-26 12:00:00,2016-04-26 12:00:00,2016-04-27 08:00:00,1,-1.0162549634649352,SL
trend_pullback,AUDUSD,2016-04-29 08:00:00,2016-04-29 08:00:00,2016-04-29 16:00:00,1,-0.5585672528190789,FRIDAY
trend_pullback,AUDUSD,2016-05-02 16:00:00,2016-05-02 16:00:00,2016-05-03 08:00:00,1,-1.0143211883915983,SL
trend_pullback,AUDUSD,2016-06-02 12:00:00,2016-06-02 12:00:00,2016-06-03 16:00:00,-1,-0.598193425001726,FRIDAY
trend_pullback,AUDUSD,2016-06-13 16:00:00,2016-06-13 16:00:00,2016-06-16 00:00:00,-1,-1.0185098383392903,SL
trend_pullback,AUDUSD,2016-06-18 00:00:00,2016-06-20 00:00:00,2016-06-20 04:00:00,-1,-1.0148891767873116,SL
trend_pullback,AUDUSD,2016-06-30 12:00:00,2016-06-30 12:00:00,2016-07-01 16:00:00,1,0.6286876573971812,FRIDAY
trend_pullback,AUDUSD,2016-07-04 04:00:00,2016-07-04 04:00:00,2016-07-06 08:00:00,1,-1.012874959453741,SL
trend_pullback,AUDUSD,2016-07-06 16:00:00,2016-07-06 16:00:00,2016-07-08 16:00:00,1,0.3738362809162617,FRIDAY
trend_pullback,AUDUSD,2016-07-18 12:00:00,2016-07-18 12:00:00,2016-07-19 04:00:00,1,-1.014800178033112,SL
trend_pullback,AUDUSD,2016-07-26 08:00:00,2016-07-26 08:00:00,2016-07-27 08:00:00,1,-1.0178528864403953,SL
trend_pullback,AUDUSD,2016-07-28 00:00:00,2016-07-28 00:00:00,2016-07-29 16:00:00,1,0.23610008913798852,FRIDAY
trend_pullback,AUDUSD,2016-08-02 12:00:00,2016-08-02 12:00:00,2016-08-05 16:00:00,1,1.7239057597372867,FRIDAY
trend_pullback,AUDUSD,2016-08-06 00:00:00,2016-08-08 00:00:00,2016-08-10 08:00:00,1,1.9831886171798985,TP
trend_pullback,AUDUSD,2016-08-12 12:00:00,2016-08-12 12:00:00,2016-08-12 16:00:00,1,-0.037206337362585246,FRIDAY
trend_pullback,AUDUSD,2016-08-15 12:00:00,2016-08-15 12:00:00,2016-08-17 16:00:00,1,-1.0171143079854972,SL
trend_pullback,AUDUSD,2016-08-18 08:00:00,2016-08-18 08:00:00,2016-08-19 08:00:00,1,-1.014520111950287,SL
trend_pullback,AUDUSD,2016-08-23 04:00:00,2016-08-23 04:00:00,2016-08-24 12:00:00,1,-1.016587655292138,SL
trend_pullback,AUDUSD,2016-08-26 04:00:00,2016-08-26 04:00:00,2016-08-26 16:00:00,1,-0.060834585154989324,FRIDAY
trend_pullback,AUDUSD,2016-09-26 04:00:00,2016-09-26 04:00:00,2016-09-29 08:00:00,1,1.9820221772527689,TP
trend_pullback,AUDUSD,2016-09-30 20:00:00,2016-09-30 20:00:00,2016-10-04 20:00:00,1,-1.0177963149389764,SL
trend_pullback,AUDUSD,2016-10-17 08:00:00,2016-10-17 08:00:00,2016-10-19 20:00:00,1,1.9835923956298527,TP
trend_pullback,AUDUSD,2016-10-24 12:00:00,2016-10-24 12:00:00,2016-10-24 20:00:00,1,-1.019595881234517,SL
trend_pullback,AUDUSD,2016-10-25 08:00:00,2016-10-25 08:00:00,2016-10-26 04:00:00,1,1.9806974114266447,TP
trend_pullback,AUDUSD,2016-10-27 00:00:00,2016-10-27 00:00:00,2016-10-27 20:00:00,1,-1.0175380554304365,SL
trend_pullback,AUDUSD,2016-11-01 04:00:00,2016-11-01 04:00:00,2016-11-01 16:00:00,1,1.9784626033959398,TP
trend_pullback,AUDUSD,2016-11-02 08:00:00,2016-11-02 08:00:00,2016-11-04 16:00:00,1,1.2775294335053933,FRIDAY
trend_pullback,AUDUSD,2016-11-10 12:00:00,2016-11-10 12:00:00,2016-11-10 16:00:00,1,-1.011886071532093,SL
trend_pullback,AUDUSD,2016-12-26 16:00:00,2016-12-26 16:00:00,2016-12-30 00:00:00,-1,-0.4582758959261191,TIME
trend_pullback,AUDUSD,2016-12-31 00:00:00,2017-01-02 00:00:00,2017-01-04 12:00:00,-1,-1.018558443055016,SL
trend_pullback,AUDUSD,2017-02-08 16:00:00,2017-02-08 16:00:00,2017-02-10 16:00:00,1,-0.08746219580278672,FRIDAY
trend_pullback,AUDUSD,2017-02-10 20:00:00,2017-02-10 20:00:00,2017-02-13 20:00:00,1,-1.0187813483418633,SL
trend_pullback,AUDUSD,2017-02-14 04:00:00,2017-02-14 04:00:00,2017-02-14 20:00:00,1,-1.0200657434335347,SL
trend_pullback,AUDUSD,2017-02-15 00:00:00,2017-02-15 00:00:00,2017-02-17 16:00:00,1,-0.017563876267291743,FRIDAY
trend_pullback,AUDUSD,2017-02-20 08:00:00,2017-02-20 08:00:00,2017-02-23 16:00:00,1,1.2336078581399614,TIME
trend_pullback,AUDUSD,2017-02-27 08:00:00,2017-02-27 08:00:00,2017-03-01 00:00:00,1,-1.0203362495851767,SL
trend_pullback,AUDUSD,2017-03-01 20:00:00,2017-03-01 20:00:00,2017-03-02 12:00:00,1,-1.0196111047626784,SL
trend_pullback,AUDUSD,2017-03-06 12:00:00,2017-03-06 12:00:00,2017-03-08 12:00:00,1,-1.018209575584016,SL
trend_pullback,AUDUSD,2017-03-14 08:00:00,2017-03-14 08:00:00,2017-03-16 00:00:00,1,1.9776676178074533,TP
trend_pullback,AUDUSD,2017-03-28 20:00:00,2017-03-28 20:00:00,2017-03-31 16:00:00,1,0.1785741490586683,FRIDAY
trend_pullback,AUDUSD,2017-05-11 16:00:00,2017-05-11 16:00:00,2017-05-12 16:00:00,-1,-0.6763698062771011,FRIDAY
trend_pullback,AUDUSD,2017-05-13 00:00:00,2017-05-15 00:00:00,2017-05-15 16:00:00,-1,-1.019819646702789,SL
trend_pullback,AUDUSD,2017-05-17 12:00:00,2017-05-17 12:00:00,2017-05-17 20:00:00,-1,-1.0202265186919262,SL
trend_pullback,AUDUSD,2017-05-19 00:00:00,2017-05-19 00:00:00,2017-05-19 12:00:00,-1,-1.0184306601616118,SL
trend_pullback,AUDUSD,2017-05-24 08:00:00,2017-05-24 08:00:00,2017-05-24 16:00:00,-1,-1.0204021068492113,SL
trend_pullback,AUDUSD,2017-05-24 20:00:00,2017-05-24 20:00:00,2017-05-25 00:00:00,-1,-1.0203117592922517,SL
trend_pullback,AUDUSD,2017-05-31 12:00:00,2017-05-31 12:00:00,2017-06-01 08:00:00,-1,1.9739494129889004,TP
trend_pullback,AUDUSD,2017-06-28 04:00:00,2017-06-28 04:00:00,2017-06-29 08:00:00,1,1.9738275846501547,TP
trend_pullback,AUDUSD,2017-07-03 16:00:00,2017-07-03 16:00:00,2017-07-04 08:00:00,1,-1.0232447003138703,SL
trend_pullback,AUDUSD,2017-07-07 20:00:00,2017-07-07 20:00:00,2017-07-12 16:00:00,1,1.9771057491830035,TP
trend_pullback,AUDUSD,2017-07-21 12:00:00,2017-07-21 12:00:00,2017-07-21 16:00:00,1,-0.03235264550318572,FRIDAY
trend_pullback,AUDUSD,2017-07-22 00:00:00,2017-07-24 00:00:00,2017-07-27 00:00:00,1,1.9826616389359177,TP
trend_pullback,AUDUSD,2017-07-28 08:00:00,2017-07-28 08:00:00,2017-07-28 16:00:00,1,-0.0959037044439681,FRIDAY
trend_pullback,AUDUSD,2017-07-31 08:00:00,2017-07-31 08:00:00,2017-08-03 04:00:00,1,-1.015048991149236,SL
trend_pullback,AUDUSD,2017-08-04 08:00:00,2017-08-04 08:00:00,2017-08-04 16:00:00,1,0.1402081899452149,FRIDAY
trend_pullback,AUDUSD,2017-08-11 16:00:00,2017-08-11 16:00:00,2017-08-11 20:00:00,1,-0.03652370507678922,FRIDAY
trend_pullback,AUDUSD,2017-08-14 04:00:00,2017-08-14 04:00:00,2017-08-14 12:00:00,1,-1.018297379642375,SL
trend_pullback,AUDUSD,2017-08-16 12:00:00,2017-08-16 12:00:00,2017-08-17 04:00:00,1,1.9792006025546178,TP
trend_pullback,AUDUSD,2017-08-18 04:00:00,2017-08-18 04:00:00,2017-08-18 16:00:00,1,0.8447911144464846,FRIDAY
trend_pullback,AUDUSD,2017-08-24 20:00:00,2017-08-24 20:00:00,2017-08-25 16:00:00,1,0.20989759502793753,FRIDAY
trend_pullback,AUDUSD,2017-08-25 20:00:00,2017-08-25 20:00:00,2017-08-29 04:00:00,1,-1.0228022734756623,SL
trend_pullback,AUDUSD,2017-08-29 12:00:00,2017-08-29 12:00:00,2017-08-30 20:00:00,1,-1.0197601026870344,SL
trend_pullback,AUDUSD,2017-08-31 20:00:00,2017-08-31 20:00:00,2017-09-01 16:00:00,1,-0.05852298702159282,FRIDAY
trend_pullback,AUDUSD,2017-09-05 04:00:00,2017-09-05 04:00:00,2017-09-05 20:00:00,1,1.9792031168387045,TP
trend_pullback,AUDUSD,2017-09-06 20:00:00,2017-09-06 20:00:00,2017-09-08 08:00:00,1,1.9827909461172761,TP
trend_pullback,AUDUSD,2017-09-11 08:00:00,2017-09-11 08:00:00,2017-09-12 08:00:00,1,-1.0172792051365154,SL
trend_pullback,AUDUSD,2017-09-12 20:00:00,2017-09-12 20:00:00,2017-09-13 20:00:00,1,-1.0181676928993615,SL
trend_pullback,AUDUSD,2017-09-15 12:00:00,2017-09-15 12:00:00,2017-09-15 16:00:00,1,-0.03606570924203267,FRIDAY
trend_pullback,AUDUSD,2017-09-18 08:00:00,2017-09-18 08:00:00,2017-09-18 20:00:00,1,-1.0190830077950075,SL
trend_pullback,AUDUSD,2017-09-19 16:00:00,2017-09-19 16:00:00,2017-09-21 00:00:00,1,1.98195712410133,TP
trend_pullback,AUDUSD,2017-09-22 16:00:00,2017-09-22 16:00:00,2017-09-22 20:00:00,1,-0.03145043769863429,FRIDAY
trend_pullback,AUDUSD,2017-12-05 20:00:00,2017-12-05 20:00:00,2017-12-07 12:00:00,-1,1.9786033073947176,TP
trend_pullback,AUDUSD,2017-12-12 00:00:00,2017-12-12 00:00:00,2017-12-12 12:00:00,-1,-1.026984127620428,SL
trend_pullback,AUDUSD,2018-01-09 04:00:00,2018-01-09 04:00:00,2018-01-09 12:00:00,1,-1.027763228432889,SL
trend_pullback,AUDUSD,2018-01-10 16:00:00,2018-01-10 16:00:00,2018-01-12 04:00:00,1,1.9768118263396068,TP
trend_pullback,AUDUSD,2018-01-12 20:00:00,2018-01-12 20:00:00,2018-01-15 12:00:00,1,1.9790929406093662,TP
trend_pullback,AUDUSD,2018-01-17 12:00:00,2018-01-17 12:00:00,2018-01-19 16:00:00,1,1.1506559375241896,FRIDAY
trend_pullback,AUDUSD,2018-01-22 08:00:00,2018-01-22 08:00:00,2018-01-24 16:00:00,1,1.980818830893999,TP
trend_pullback,AUDUSD,2018-01-26 04:00:00,2018-01-26 04:00:00,2018-01-26 16:00:00,1,0.5135759350019315,FRIDAY
trend_pullback,AUDUSD,2018-01-30 12:00:00,2018-01-30 12:00:00,2018-02-01 00:00:00,1,-1.0163086487242114,SL
trend_pullback,AUDUSD,2018-02-13 20:00:00,2018-02-13 20:00:00,2018-02-14 16:00:00,1,-1.016694174290357,SL
trend_pullback,AUDUSD,2018-02-14 20:00:00,2018-02-14 20:00:00,2018-02-16 16:00:00,1,1.4199121832893646,FRIDAY
trend_pullback,AUDUSD,2018-02-19 04:00:00,2018-02-19 04:00:00,2018-02-20 16:00:00,1,-1.013881484758569,SL
trend_pullback,AUDUSD,2018-03-14 04:00:00,2018-03-14 04:00:00,2018-03-15 16:00:00,1,-1.0215929378792887,SL
trend_pullback,AUDUSD,2018-04-17 12:00:00,2018-04-17 12:00:00,2018-04-18 12:00:00,1,-1.0249761049679704,SL
trend_pullback,AUDUSD,2018-04-19 08:00:00,2018-04-19 08:00:00,2018-04-19 20:00:00,1,-1.0237775655747552,SL
trend_pullback,AUDUSD,2018-04-30 08:00:00,2018-04-30 08:00:00,2018-05-01 16:00:00,-1,1.975876925076631,TP
trend_pullback,AUDUSD,2018-05-03 00:00:00,2018-05-03 00:00:00,2018-05-03 12:00:00,-1,-1.0203606863414145,SL
trend_pullback,AUDUSD,2018-05-04 12:00:00,2018-05-04 12:00:00,2018-05-04 16:00:00,-1,-0.041062160946068786,FRIDAY
trend_pullback,AUDUSD,2018-05-07 08:00:00,2018-05-07 08:00:00,2018-05-08 20:00:00,-1,1.9802422987467716,TP
trend_pullback,AUDUSD,2018-05-15 00:00:00,2018-05-15 00:00:00,2018-05-15 20:00:00,-1,1.9781248877444064,TP
trend_pullback,AUDUSD,2018-05-18 00:00:00,2018-05-18 00:00:00,2018-05-18 16:00:00,-1,-0.19208531451626004,FRIDAY
trend_pullback,AUDUSD,2018-05-19 00:00:00,2018-05-21 00:00:00,2018-05-21 20:00:00,-1,-1.022689440617774,SL
trend_pullback,AUDUSD,2018-05-23 08:00:00,2018-05-23 08:00:00,2018-05-25 12:00:00,-1,-1.0215913261903862,SL
trend_pullback,AUDUSD,2018-05-25 20:00:00,2018-05-25 20:00:00,2018-05-30 04:00:00,-1,1.9772620893192807,TP
trend_pullback,AUDUSD,2018-06-01 08:00:00,2018-06-01 08:00:00,2018-06-01 16:00:00,-1,0.024762420374893176,FRIDAY
trend_pullback,AUDUSD,2018-06-11 20:00:00,2018-06-11 20:00:00,2018-06-14 00:00:00,-1,1.9752844850310427,TP
trend_pullback,AUDUSD,2018-06-22 00:00:00,2018-06-22 00:00:00,2018-06-22 12:00:00,-1,-1.0203470387395503,SL
trend_pullback,AUDUSD,2018-06-25 20:00:00,2018-06-25 20:00:00,2018-06-28 00:00:00,-1,1.9778898720092473,TP
trend_pullback,AUDUSD,2018-07-02 12:00:00,2018-07-02 12:00:00,2018-07-04 08:00:00,-1,-1.021466809256643,SL
trend_pullback,AUDUSD,2018-07-05 04:00:00,2018-07-05 04:00:00,2018-07-06 12:00:00,-1,-1.0216998339203904,SL
trend_pullback,AUDUSD,2018-07-11 04:00:00,2018-07-11 04:00:00,2018-07-13 16:00:00,-1,0.9677131346859251,FRIDAY
trend_pullback,AUDUSD,2018-07-17 04:00:00,2018-07-17 04:00:00,2018-07-18 12:00:00,-1,1.9762686261589837,TP
trend_pullback,AUDUSD,2018-07-19 12:00:00,2018-07-19 12:00:00,2018-07-20 16:00:00,-1,-0.11020175956967836,FRIDAY
trend_pullback,AUDUSD,2018-07-23 16:00:00,2018-07-23 16:00:00,2018-07-24 20:00:00,-1,-1.017332643981378,SL
trend_pullback,AUDUSD,2018-07-25 08:00:00,2018-07-25 08:00:00,2018-07-26 00:00:00,-1,-1.0181263475475961,SL
trend_pullback,AUDUSD,2018-07-26 16:00:00,2018-07-26 16:00:00,2018-07-27 16:00:00,-1,0.7526356109002906,FRIDAY
trend_pullback,AUDUSD,2018-07-30 04:00:00,2018-07-30 04:00:00,2018-07-31 08:00:00,-1,-1.0207843587786296,SL
trend_pullback,AUDUSD,2018-08-01 08:00:00,2018-08-01 08:00:00,2018-08-03 16:00:00,-1,1.6623241313763073,FRIDAY
trend_pullback,AUDUSD,2018-08-06 08:00:00,2018-08-06 08:00:00,2018-08-07 12:00:00,-1,-1.0242947127765292,SL
trend_pullback,AUDUSD,2018-08-08 16:00:00,2018-08-08 16:00:00,2018-08-08 20:00:00,-1,-1.0257338503335567,SL
trend_pullback,AUDUSD,2018-08-09 20:00:00,2018-08-09 20:00:00,2018-08-10 12:00:00,-1,1.9774526649231758,TP
trend_pullback,AUDUSD,2018-08-16 20:00:00,2018-08-16 20:00:00,2018-08-17 16:00:00,-1,-0.48504737928937913,FRIDAY
trend_pullback,AUDUSD,2018-08-23 04:00:00,2018-08-23 04:00:00,2018-08-24 04:00:00,-1,1.9787235913109091,TP
trend_pullback,AUDUSD,2018-08-29 12:00:00,2018-08-29 12:00:00,2018-08-31 16:00:00,-1,1.650651473695609,FRIDAY
trend_pullback,AUDUSD,2018-09-04 12:00:00,2018-09-04 12:00:00,2018-09-05 08:00:00,-1,-1.0180041234127157,SL
trend_pullback,AUDUSD,2018-09-06 08:00:00,2018-09-06 08:00:00,2018-09-07 16:00:00,-1,0.4625572599249484,FRIDAY
trend_pullback,AUDUSD,2018-09-14 20:00:00,2018-09-14 20:00:00,2018-09-18 08:00:00,-1,-1.0192162198957506,SL
trend_pullback,AUDUSD,2018-09-24 16:00:00,2018-09-24 16:00:00,2018-09-27 00:00:00,-1,-1.0240860447901055,SL
trend_pullback,AUDUSD,2018-09-27 12:00:00,2018-09-27 12:00:00,2018-09-28 16:00:00,-1,0.34253122205363223,FRIDAY
trend_pullback,AUDUSD,2018-09-29 00:00:00,2018-10-01 00:00:00,2018-10-02 16:00:00,-1,1.9754787141728347,TP
trend_pullback,AUDUSD,2018-10-09 12:00:00,2018-10-09 12:00:00,2018-10-10 04:00:00,-1,-1.023742044298017,SL
trend_pullback,AUDUSD,2018-10-10 12:00:00,2018-10-10 12:00:00,2018-10-11 16:00:00,-1,-1.0215843299255998,SL
trend_pullback,AUDUSD,2018-10-15 04:00:00,2018-10-15 04:00:00,2018-10-15 16:00:00,-1,-1.021350756338627,SL
trend_pullback,AUDUSD,2018-10-17 16:00:00,2018-10-17 16:00:00,2018-10-18 16:00:00,-1,-1.0250037004139483,SL
trend_pullback,AUDUSD,2018-10-18 20:00:00,2018-10-18 20:00:00,2018-10-19 16:00:00,-1,0.006362568554765076,FRIDAY
trend_pullback,AUDUSD,2018-10-20 00:00:00,2018-10-22 00:00:00,2018-10-25 08:00:00,-1,1.124144377763034,TIME
trend_pullback,AUDUSD,2018-10-25 20:00:00,2018-10-25 20:00:00,2018-10-26 16:00:00,-1,1.3487351978826279,FRIDAY
trend_pullback,AUDUSD,2018-10-29 16:00:00,2018-10-29 16:00:00,2018-10-30 16:00:00,-1,-1.0211157309216636,SL
trend_pullback,AUDUSD,2018-10-31 12:00:00,2018-10-31 12:00:00,2018-11-01 04:00:00,-1,-1.0217608284066202,SL
trend_pullback,AUDUSD,2018-11-13 12:00:00,2018-11-13 12:00:00,2018-11-14 04:00:00,-1,-1.020066042793374,SL
trend_pullback,AUDUSD,2018-12-11 20:00:00,2018-12-11 20:00:00,2018-12-13 12:00:00,-1,-1.0199764577117707,SL
trend_pullback,AUDUSD,2018-12-14 04:00:00,2018-12-14 04:00:00,2018-12-14 16:00:00,-1,1.0280962916069338,FRIDAY
trend_pullback,AUDUSD,2018-12-18 08:00:00,2018-12-18 08:00:00,2018-12-20 00:00:00,-1,1.9732607488889367,TP
trend_pullback,AUDUSD,2018-12-27 04:00:00,2018-12-27 04:00:00,2018-12-28 16:00:00,-1,0.41991809594382296,FRIDAY
trend_pullback,AUDUSD,2018-12-28 20:00:00,2018-12-28 20:00:00,2018-12-31 12:00:00,-1,-1.0244028375285597,SL
trend_pullback,AUDUSD,2018-12-31 16:00:00,2018-12-31 16:00:00,2019-01-02 16:00:00,-1,1.974290381205136,TP
trend_pullback,AUDUSD,2019-01-04 00:00:00,2019-01-04 00:00:00,2019-01-04 16:00:00,-1,-0.7808335786434492,FRIDAY
trend_pullback,AUDUSD,2019-01-21 12:00:00,2019-01-21 12:00:00,2019-01-24 20:00:00,-1,1.8281536896506887,TIME
trend_pullback,AUDUSD,2019-02-14 00:00:00,2019-02-14 00:00:00,2019-02-14 08:00:00,-1,-1.024300887414363,SL
trend_pullback,AUDUSD,2019-02-14 12:00:00,2019-02-14 12:00:00,2019-02-15 16:00:00,-1,0.0152941477473755,FRIDAY
trend_pullback,AUDUSD,2019-02-19 08:00:00,2019-02-19 08:00:00,2019-02-19 20:00:00,-1,-1.0246508612134344,SL
trend_pullback,AUDUSD,2019-02-28 04:00:00,2019-02-28 04:00:00,2019-03-01 16:00:00,-1,1.1305329949195078,FRIDAY
trend_pullback,AUDUSD,2019-03-06 04:00:00,2019-03-06 04:00:00,2019-03-08 16:00:00,-1,1.0271681103165529,FRIDAY
trend_pullback,AUDUSD,2019-03-13 04:00:00,2019-03-13 04:00:00,2019-03-13 20:00:00,-1,-1.0266041689669332,SL
trend_pullback,AUDUSD,2019-03-14 08:00:00,2019-03-14 08:00:00,2019-03-15 08:00:00,-1,-1.0253187647814446,SL
trend_pullback,AUDUSD,2019-03-20 00:00:00,2019-03-20 00:00:00,2019-03-21 00:00:00,-1,-1.0307663238281757,SL
trend_pullback,AUDUSD,2019-03-22 04:00:00,2019-03-22 04:00:00,2019-03-22 16:00:00,-1,0.2956422579185511,FRIDAY
trend_pullback,AUDUSD,2019-03-22 20:00:00,2019-03-22 20:00:00,2019-03-26 04:00:00,-1,-1.0217883771842755,SL
trend_pullback,AUDUSD,2019-03-28 12:00:00,2019-03-28 12:00:00,2019-03-29 16:00:00,-1,0.29321759611821696,FRIDAY
trend_pullback,AUDUSD,2019-04-02 08:00:00,2019-04-02 08:00:00,2019-04-03 12:00:00,-1,-1.0248960086581895,SL
trend_pullback,AUDUSD,2019-04-04 16:00:00,2019-04-04 16:00:00,2019-04-05 16:00:00,-1,-0.801623874937904,FRIDAY
trend_pullback,AUDUSD,2019-04-05 20:00:00,2019-04-05 20:00:00,2019-04-08 20:00:00,-1,-1.026883255791191,SL
trend_pullback,AUDUSD,2019-04-26 20:00:00,2019-04-26 20:00:00,2019-05-02 04:00:00,-1,0.7020097644245045,TIME
trend_pullback,AUDUSD,2019-05-07 20:00:00,2019-05-07 20:00:00,2019-05-10 16:00:00,-1,0.19432423153885775,FRIDAY
trend_pullback,AUDUSD,2019-05-13 04:00:00,2019-05-13 04:00:00,2019-05-15 08:00:00,-1,1.9741979947027886,TP
trend_pullback,AUDUSD,2019-05-21 00:00:00,2019-05-21 00:00:00,2019-05-24 08:00:00,-1,0.7475011128799904,TIME
trend_pullback,AUDUSD,2019-05-29 12:00:00,2019-05-29 12:00:00,2019-05-30 12:00:00,-1,-1.0388765828296147,SL
trend_pullback,AUDUSD,2019-05-30 16:00:00,2019-05-30 16:00:00,2019-05-31 16:00:00,-1,-0.014541481944066622,FRIDAY
trend_pullback,AUDUSD,2019-06-05 20:00:00,2019-06-05 20:00:00,2019-06-07 16:00:00,-1,-0.1299165891708758,FRIDAY
trend_pullback,AUDUSD,2019-06-19 08:00:00,2019-06-19 08:00:00,2019-06-20 00:00:00,-1,-1.0347093752747438,SL
trend_pullback,AUDUSD,2019-07-02 12:00:00,2019-07-02 12:00:00,2019-07-03 12:00:00,-1,-1.031249242704447,SL
trend_pullback,AUDUSD,2019-07-11 00:00:00,2019-07-11 00:00:00,2019-07-11 16:00:00,-1,-1.0312662296337658,SL
trend_pullback,AUDUSD,2019-08-07 08:00:00,2019-08-07 08:00:00,2019-08-07 20:00:00,-1,-1.017084453400233,SL
trend_pullback,AUDUSD,2019-08-08 00:00:00,2019-08-08 00:00:00,2019-08-08 20:00:00,-1,-1.0175188419623997,SL
trend_pullback,AUDUSD,2019-08-10 00:00:00,2019-08-12 00:00:00,2019-08-13 20:00:00,-1,-1.0201213970696092,SL
trend_pullback,AUDUSD,2019-08-14 12:00:00,2019-08-14 12:00:00,2019-08-16 16:00:00,-1,-0.4742167879284629,FRIDAY
trend_pullback,AUDUSD,2019-08-17 00:00:00,2019-08-19 00:00:00,2019-08-22 08:00:00,-1,0.5178381404630031,TIME
trend_pullback,AUDUSD,2019-08-22 20:00:00,2019-08-22 20:00:00,2019-08-23 16:00:00,-1,-0.07830347811482155,FRIDAY
trend_pullback,AUDUSD,2019-08-27 08:00:00,2019-08-27 08:00:00,2019-08-30 16:00:00,-1,1.278221880037056,FRIDAY
trend_pullback,AUDUSD,2019-09-02 04:00:00,2019-09-02 04:00:00,2019-09-03 20:00:00,-1,-1.0293683035763845,SL
trend_pullback,AUDUSD,2019-09-19 00:00:00,2019-09-19 00:00:00,2019-09-20 16:00:00,-1,1.2297818641748288,FRIDAY
trend_pullback,AUDUSD,2019-09-25 08:00:00,2019-09-25 08:00:00,2019-09-27 16:00:00,-1,0.8656316654374316,FRIDAY
trend_pullback,AUDUSD,2019-09-27 20:00:00,2019-09-27 20:00:00,2019-10-01 12:00:00,-1,1.9702283010523274,TP
trend_pullback,AUDUSD,2019-10-07 12:00:00,2019-10-07 12:00:00,2019-10-10 16:00:00,-1,-1.0295134775224342,SL
trend_pullback,AUDUSD,2019-10-14 12:00:00,2019-10-14 12:00:00,2019-10-17 12:00:00,-1,-1.0260132294175097,SL
trend_pullback,AUDUSD,2019-11-18 08:00:00,2019-11-18 08:00:00,2019-11-19 16:00:00,-1,-1.0337129057550565,SL
trend_pullback,AUDUSD,2019-11-20 04:00:00,2019-11-20 04:00:00,2019-11-22 16:00:00,-1,0.8911266909601602,FRIDAY
trend_pullback,AUDUSD,2019-11-25 12:00:00,2019-11-25 12:00:00,2019-11-28 20:00:00,-1,1.1010419657208006,TIME
trend_pullback,AUDUSD,2019-11-29 16:00:00,2019-11-29 16:00:00,2019-11-29 20:00:00,-1,-0.08927195393546229,FRIDAY
trend_pullback,AUDUSD,2020-01-10 12:00:00,2020-01-10 12:00:00,2020-01-10 16:00:00,-1,-0.0573181022194099,FRIDAY
trend_pullback,AUDUSD,2020-01-23 20:00:00,2020-01-23 20:00:00,2020-01-24 16:00:00,-1,-0.01028578494942249,FRIDAY
trend_pullback,AUDUSD,2020-02-04 12:00:00,2020-02-04 12:00:00,2020-02-05 00:00:00,-1,-1.0246501472490555,SL
trend_pullback,AUDUSD,2020-02-06 20:00:00,2020-02-06 20:00:00,2020-02-07 16:00:00,-1,1.7714461924436298,FRIDAY
trend_pullback,AUDUSD,2020-02-13 08:00:00,2020-02-13 08:00:00,2020-02-14 16:00:00,-1,-0.1978101970632781,FRIDAY
trend_pullback,AUDUSD,2020-02-14 20:00:00,2020-02-14 20:00:00,2020-02-20 04:00:00,-1,1.9705102941242587,TP
trend_pullback,AUDUSD,2020-02-25 08:00:00,2020-02-25 08:00:00,2020-02-27 00:00:00,-1,1.975477505716346,TP
trend_pullback,AUDUSD,2020-02-28 00:00:00,2020-02-28 00:00:00,2020-02-28 16:00:00,-1,1.2644481901995863,FRIDAY
trend_pullback,AUDUSD,2020-03-02 16:00:00,2020-03-02 16:00:00,2020-03-03 20:00:00,-1,-1.0151070929813175,SL
trend_pullback,AUDUSD,2020-03-09 04:00:00,2020-03-09 04:00:00,2020-03-09 08:00:00,-1,-1.0099727108676408,SL
trend_pullback,AUDUSD,2020-03-10 00:00:00,2020-03-10 00:00:00,2020-03-12 12:00:00,-1,1.9911857050597823,TP
trend_pullback,AUDUSD,2020-03-19 20:00:00,2020-03-19 20:00:00,2020-03-20 12:00:00,-1,-1.0045972613107825,SL
trend_pullback,AUDUSD,2020-03-20 16:00:00,2020-03-20 16:00:00,2020-03-20 20:00:00,-1,-0.008625120768210197,FRIDAY
trend_pullback,AUDUSD,2020-03-23 20:00:00,2020-03-23 20:00:00,2020-03-24 12:00:00,-1,-1.0046937343905373,SL
trend_pullback,AUDUSD,2020-03-26 04:00:00,2020-03-26 04:00:00,2020-03-26 16:00:00,-1,-1.00609601674046,SL
trend_pullback,AUDUSD,2020-03-31 20:00:00,2020-03-31 20:00:00,2020-04-03 16:00:00,-1,0.783444393214541,FRIDAY
trend_pullback,AUDUSD,2020-04-17 12:00:00,2020-04-17 12:00:00,2020-04-17 16:00:00,-1,-0.022907369705625444,FRIDAY
trend_pullback,AUDUSD,2020-04-21 00:00:00,2020-04-21 00:00:00,2020-04-23 20:00:00,-1,-1.0121220577864558,SL
trend_pullback,AUDUSD,2020-06-30 08:00:00,2020-06-30 08:00:00,2020-06-30 16:00:00,1,-1.018037117331898,SL
trend_pullback,AUDUSD,2020-06-30 20:00:00,2020-06-30 20:00:00,2020-07-03 16:00:00,1,0.968340473157431,FRIDAY
trend_pullback,AUDUSD,2020-07-07 16:00:00,2020-07-07 16:00:00,2020-07-10 16:00:00,1,-0.28107460237966225,FRIDAY
trend_pullback,AUDUSD,2020-07-13 08:00:00,2020-07-13 08:00:00,2020-07-14 04:00:00,1,-1.020663010309952,SL
trend_pullback,AUDUSD,2020-07-14 20:00:00,2020-07-14 20:00:00,2020-07-17 16:00:00,1,0.5968250973576573,FRIDAY
trend_pullback,AUDUSD,2020-07-17 20:00:00,2020-07-17 20:00:00,2020-07-21 16:00:00,1,1.9792702692260968,TP
trend_pullback,AUDUSD,2020-07-23 20:00:00,2020-07-23 20:00:00,2020-07-24 08:00:00,1,-1.0161452374020878,SL
trend_pullback,AUDUSD,2020-07-25 00:00:00,2020-07-27 00:00:00,2020-07-29 12:00:00,1,1.984079570963888,TP
trend_pullback,AUDUSD,2020-07-31 00:00:00,2020-07-31 00:00:00,2020-07-31 16:00:00,1,-0.08071244229854159,FRIDAY
trend_pullback,AUDUSD,2020-08-04 12:00:00,2020-08-04 12:00:00,2020-08-05 20:00:00,1,1.9835717466654723,TP
trend_pullback,AUDUSD,2020-08-06 16:00:00,2020-08-06 16:00:00,2020-08-07 16:00:00,1,0.36163795448057556,FRIDAY
trend_pullback,AUDUSD,2020-08-11 08:00:00,2020-08-11 08:00:00,2020-08-12 00:00:00,1,-1.018367698852587,SL
trend_pullback,AUDUSD,2020-08-12 20:00:00,2020-08-12 20:00:00,2020-08-14 16:00:00,1,-0.5760347662410822,FRIDAY
trend_pullback,AUDUSD,2020-08-14 20:00:00,2020-08-14 20:00:00,2020-08-18 16:00:00,1,1.9797926013170275,TP
trend_pullback,AUDUSD,2020-08-21 04:00:00,2020-08-21 04:00:00,2020-08-21 16:00:00,1,-0.6728455117284042,FRIDAY
trend_pullback,AUDUSD,2020-08-24 16:00:00,2020-08-24 16:00:00,2020-08-25 00:00:00,1,-1.0180879207015214,SL
trend_pullback,AUDUSD,2020-08-25 16:00:00,2020-08-25 16:00:00,2020-08-27 12:00:00,1,1.9810931546744852,TP
trend_pullback,AUDUSD,2020-09-09 20:00:00,2020-09-09 20:00:00,2020-09-11 16:00:00,1,0.3827768226493636,FRIDAY
trend_pullback,AUDUSD,2020-09-12 00:00:00,2020-09-14 00:00:00,2020-09-17 08:00:00,1,-0.3057776471419287,TIME
trend_pullback,AUDUSD,2020-09-17 12:00:00,2020-09-17 12:00:00,2020-09-18 16:00:00,1,0.19821708893448786,FRIDAY
trend_pullback,AUDUSD,2020-09-18 20:00:00,2020-09-18 20:00:00,2020-09-21 12:00:00,1,-1.0168152590549826,SL
trend_pullback,AUDUSD,2020-10-02 12:00:00,2020-10-02 12:00:00,2020-10-02 16:00:00,1,-0.03237930836523866,FRIDAY
trend_pullback,AUDUSD,2020-10-02 20:00:00,2020-10-02 20:00:00,2020-10-07 00:00:00,1,-1.0162373095631032,SL
trend_pullback,AUDUSD,2020-10-13 12:00:00,2020-10-13 12:00:00,2020-10-13 20:00:00,1,-1.0230479961047938,SL
trend_pullback,AUDUSD,2020-11-04 16:00:00,2020-11-04 16:00:00,2020-11-06 00:00:00,1,1.989453503661289,TP
trend_pullback,AUDUSD,2020-11-10 20:00:00,2020-11-10 20:00:00,2020-11-13 00:00:00,1,-1.0135489740845212,SL
trend_pullback,AUDUSD,2020-11-13 20:00:00,2020-11-13 20:00:00,2020-11-19 04:00:00,1,0.5458994688819678,TIME
trend_pullback,AUDUSD,2020-11-20 08:00:00,2020-11-20 08:00:00,2020-11-20 16:00:00,1,-0.2872984554308858,FRIDAY
trend_pullback,AUDUSD,2020-11-24 04:00:00,2020-11-24 04:00:00,2020-11-27 12:00:00,1,1.9806949873669208,TP
trend_pullback,AUDUSD,2020-12-01 08:00:00,2020-12-01 08:00:00,2020-12-03 12:00:00,1,1.977504208756165,TP
trend_pullback,AUDUSD,2020-12-07 16:00:00,2020-12-07 16:00:00,2020-12-10 16:00:00,1,1.979959666704813,TP
trend_pullback,AUDUSD,2020-12-15 12:00:00,2020-12-15 12:00:00,2020-12-17 12:00:00,1,1.980979288363898,TP
trend_pullback,AUDUSD,2020-12-21 20:00:00,2020-12-21 20:00:00,2020-12-22 20:00:00,1,-1.0147100855295679,SL
trend_pullback,AUDUSD,2020-12-23 12:00:00,2020-12-23 12:00:00,2020-12-29 20:00:00,1,0.9424237480850247,TIME
trend_pullback,AUDUSD,2021-01-05 08:00:00,2021-01-05 08:00:00,2021-01-06 12:00:00,1,1.983512574555036,TP
trend_pullback,AUDUSD,2021-01-08 00:00:00,2021-01-08 00:00:00,2021-01-08 16:00:00,1,0.2610910679900915,FRIDAY
trend_pullback,AUDUSD,2021-01-09 00:00:00,2021-01-11 00:00:00,2021-01-11 08:00:00,1,-1.0146100733481391,SL
trend_pullback,AUDUSD,2021-01-12 12:00:00,2021-01-12 12:00:00,2021-01-15 16:00:00,1,0.09693995464615007,FRIDAY
trend_pullback,AUDUSD,2021-01-19 16:00:00,2021-01-19 16:00:00,2021-01-22 16:00:00,1,0.14252290004462656,FRIDAY
trend_pullback,AUDUSD,2021-01-25 08:00:00,2021-01-25 08:00:00,2021-01-25 20:00:00,1,-1.0215860422356986,SL
trend_pullback,AUDUSD,2021-01-26 16:00:00,2021-01-26 16:00:00,2021-01-27 16:00:00,1,-1.0186528165593476,SL
trend_pullback,AUDUSD,2021-01-29 16:00:00,2021-01-29 16:00:00,2021-01-29 20:00:00,1,-0.029634841240907192,FRIDAY
trend_pullback,AUDUSD,2021-02-04 04:00:00,2021-02-04 04:00:00,2021-02-04 20:00:00,1,-1.0180180430851933,SL
trend_pullback,AUDUSD,2021-02-05 16:00:00,2021-02-05 16:00:00,2021-02-05 20:00:00,1,-0.03802997655839736,FRIDAY
trend_pullback,AUDUSD,2021-02-12 20:00:00,2021-02-12 20:00:00,2021-02-18 04:00:00,1,-0.102983141158291,TIME
trend_pullback,AUDUSD,2021-02-18 12:00:00,2021-02-18 12:00:00,2021-02-18 20:00:00,1,-1.020996120443931,SL
trend_pullback,AUDUSD,2021-02-19 00:00:00,2021-02-19 00:00:00,2021-02-19 16:00:00,1,1.6320223821506536,FRIDAY
trend_pullback,AUDUSD,2021-03-02 20:00:00,2021-03-02 20:00:00,2021-03-04 04:00:00,1,-1.0121993797915307,SL
trend_pullback,AUDUSD,2021-03-10 12:00:00,2021-03-10 12:00:00,2021-03-12 16:00:00,1,0.610609011578252,FRIDAY
trend_pullback,AUDUSD,2021-03-12 20:00:00,2021-03-12 20:00:00,2021-03-15 20:00:00,1,-1.014716048923927,SL
trend_pullback,AUDUSD,2021-03-16 00:00:00,2021-03-16 00:00:00,2021-03-17 20:00:00,1,-1.0158321559311554,SL
trend_pullback,AUDUSD,2021-03-18 00:00:00,2021-03-18 00:00:00,2021-03-19 04:00:00,1,-1.0152559418573104,SL
trend_pullback,AUDUSD,2021-03-22 20:00:00,2021-03-22 20:00:00,2021-03-23 08:00:00,1,-1.0160387678533582,SL
trend_pullback,AUDUSD,2021-04-19 08:00:00,2021-04-19 08:00:00,2021-04-20 12:00:00,1,1.9784877104654168,TP
trend_pullback,AUDUSD,2021-04-21 20:00:00,2021-04-21 20:00:00,2021-04-23 00:00:00,1,-1.0176277122229442,SL
trend_pullback,AUDUSD,2021-04-23 08:00:00,2021-04-23 08:00:00,2021-04-23 16:00:00,1,-0.025398056926477095,FRIDAY
trend_pullback,AUDUSD,2021-04-27 16:00:00,2021-04-27 16:00:00,2021-04-28 08:00:00,1,-1.022049070901459,SL
trend_pullback,AUDUSD,2021-04-28 20:00:00,2021-04-28 20:00:00,2021-04-30 16:00:00,1,0.00301127057860914,FRIDAY
trend_pullback,AUDUSD,2021-05-03 20:00:00,2021-05-03 20:00:00,2021-05-04 12:00:00,1,-1.018864034870205,SL
trend_pullback,AUDUSD,2021-05-05 16:00:00,2021-05-05 16:00:00,2021-05-07 16:00:00,1,0.945349286375187,FRIDAY
trend_pullback,AUDUSD,2021-05-11 20:00:00,2021-05-11 20:00:00,2021-05-12 08:00:00,1,-1.0180943918922674,SL
trend_pullback,AUDUSD,2021-05-14 16:00:00,2021-05-14 16:00:00,2021-05-14 20:00:00,1,-0.03346613170496321,FRIDAY
trend_pullback,AUDUSD,2021-05-17 12:00:00,2021-05-17 12:00:00,2021-05-20 00:00:00,1,-1.0184341409557365,SL
trend_pullback,AUDUSD,2021-05-21 16:00:00,2021-05-21 16:00:00,2021-05-21 20:00:00,1,-0.038885143393294144,FRIDAY
trend_pullback,AUDUSD,2021-05-25 00:00:00,2021-05-25 00:00:00,2021-05-28 08:00:00,1,-0.24305041301967886,TIME
trend_pullback,AUDUSD,2021-06-02 20:00:00,2021-06-02 20:00:00,2021-06-03 16:00:00,1,-1.0212442880082944,SL
trend_pullback,AUDUSD,2021-06-09 04:00:00,2021-06-09 04:00:00,2021-06-11 16:00:00,1,0.5641203110488155,FRIDAY
trend_pullback,AUDUSD,2021-08-02 20:00:00,2021-08-02 20:00:00,2021-08-03 08:00:00,-1,-1.0205302980456232,SL
trend_pullback,AUDUSD,2021-08-04 20:00:00,2021-08-04 20:00:00,2021-08-06 16:00:00,-1,-0.3893646706058593,FRIDAY
trend_pullback,AUDUSD,2021-08-06 20:00:00,2021-08-06 20:00:00,2021-08-11 20:00:00,-1,-1.0221924886462392,SL
trend_pullback,AUDUSD,2021-08-12 16:00:00,2021-08-12 16:00:00,2021-08-13 16:00:00,-1,0.3607500830268396,FRIDAY
trend_pullback,AUDUSD,2021-08-16 08:00:00,2021-08-16 08:00:00,2021-08-17 12:00:00,-1,1.9725832047395881,TP
trend_pullback,AUDUSD,2021-08-27 00:00:00,2021-08-27 00:00:00,2021-08-27 16:00:00,-1,-0.6449864046372854,FRIDAY
trend_pullback,AUDUSD,2021-09-09 20:00:00,2021-09-09 20:00:00,2021-09-10 16:00:00,-1,-0.8607177680288057,FRIDAY
trend_pullback,AUDUSD,2021-09-10 20:00:00,2021-09-10 20:00:00,2021-09-16 04:00:00,-1,0.7791569749590738,TIME
trend_pullback,AUDUSD,2021-09-16 08:00:00,2021-09-16 08:00:00,2021-09-17 16:00:00,-1,0.15735148878892943,FRIDAY
trend_pullback,AUDUSD,2021-09-21 16:00:00,2021-09-21 16:00:00,2021-09-23 00:00:00,-1,-1.020021044831953,SL
trend_pullback,AUDUSD,2021-09-24 16:00:00,2021-09-24 16:00:00,2021-09-24 20:00:00,-1,-0.035713861583253445,FRIDAY
trend_pullback,AUDUSD,2021-09-27 12:00:00,2021-09-27 12:00:00,2021-09-28 08:00:00,-1,-1.0189039076058657,SL
trend_pullback,AUDUSD,2021-09-28 12:00:00,2021-09-28 12:00:00,2021-09-29 20:00:00,-1,1.9820412105393241,TP
trend_pullback,AUDUSD,2021-10-01 08:00:00,2021-10-01 08:00:00,2021-10-01 16:00:00,-1,-0.3995430191534552,FRIDAY
trend_pullback,AUDUSD,2021-10-06 08:00:00,2021-10-06 08:00:00,2021-10-07 12:00:00,-1,-1.0196632300076813,SL
trend_pullback,AUDUSD,2021-11-10 20:00:00,2021-11-10 20:00:00,2021-11-12 16:00:00,-1,1.564165928890587,FRIDAY
trend_pullback,AUDUSD,2021-11-16 08:00:00,2021-11-16 08:00:00,2021-11-17 08:00:00,-1,1.9765083373662333,TP
trend_pullback,AUDUSD,2021-11-19 12:00:00,2021-11-19 12:00:00,2021-11-19 16:00:00,-1,-0.043914332648987094,FRIDAY
trend_pullback,AUDUSD,2021-11-22 20:00:00,2021-11-22 20:00:00,2021-11-26 04:00:00,-1,1.9781640332339891,TP
trend_pullback,AUDUSD,2021-11-30 08:00:00,2021-11-30 08:00:00,2021-11-30 16:00:00,-1,-1.0196700357714983,SL
trend_pullback,AUDUSD,2021-11-30 20:00:00,2021-11-30 20:00:00,2021-12-01 08:00:00,-1,-1.015555914445783,SL
trend_pullback,AUDUSD,2021-12-01 20:00:00,2021-12-01 20:00:00,2021-12-03 16:00:00,-1,1.3967184715174448,FRIDAY
trend_pullback,AUDUSD,2021-12-13 12:00:00,2021-12-13 12:00:00,2021-12-16 00:00:00,-1,-1.0219827434978157,SL
trend_pullback,AUDUSD,2021-12-17 16:00:00,2021-12-17 16:00:00,2021-12-17 20:00:00,-1,-0.03760944420615956,FRIDAY
trend_pullback,AUDUSD,2021-12-22 08:00:00,2021-12-22 08:00:00,2021-12-22 16:00:00,-1,-1.0230017721550326,SL
trend_pullback,AUDUSD,2021-12-27 12:00:00,2021-12-27 12:00:00,2021-12-27 20:00:00,-1,-1.0254399699874237,SL
trend_pullback,AUDUSD,2021-12-29 04:00:00,2021-12-29 04:00:00,2021-12-29 20:00:00,-1,-1.025717707519418,SL
trend_pullback,AUDUSD,2022-01-06 00:00:00,2022-01-06 00:00:00,2022-01-06 12:00:00,-1,1.9788574277092013,TP
trend_pullback,AUDUSD,2022-01-10 16:00:00,2022-01-10 16:00:00,2022-01-12 00:00:00,-1,-1.0202852372036773,SL
trend_pullback,AUDUSD,2022-01-18 08:00:00,2022-01-18 08:00:00,2022-01-19 20:00:00,-1,-1.0199107212094,SL
trend_pullback,AUDUSD,2022-01-20 00:00:00,2022-01-20 00:00:00,2022-01-20 04:00:00,-1,-1.0213835370422515,SL
trend_pullback,AUDUSD,2022-01-21 04:00:00,2022-01-21 04:00:00,2022-01-21 16:00:00,-1,0.22241743721174956,FRIDAY
trend_pullback,AUDUSD,2022-01-21 20:00:00,2022-01-21 20:00:00,2022-01-24 16:00:00,-1,1.9813080315342833,TP
trend_pullback,AUDUSD,2022-01-27 00:00:00,2022-01-27 00:00:00,2022-01-28 00:00:00,-1,1.9827985551443739,TP
trend_pullback,AUDUSD,2022-02-04 12:00:00,2022-02-04 12:00:00,2022-02-04 16:00:00,-1,-0.039113886108110126,FRIDAY
trend_pullback,AUDUSD,2022-02-11 04:00:00,2022-02-11 04:00:00,2022-02-11 16:00:00,-1,0.4766325964270677,FRIDAY
trend_pullback,AUDUSD,2022-02-12 00:00:00,2022-02-14 00:00:00,2022-02-16 12:00:00,-1,-1.0140494365180714,SL
