hypothesis,family,pair,signal_dt,entry_dt,exit_dt,side,r,reason,ambiguous_stop_first
S2R2-06,daily_expansion,GBPJPY,2013-02-14 11:00:00+00:00,2013-02-14 11:15:00+00:00,2013-02-14 12:45:00+00:00,-1,-0.9999999999999939,SL,False
S2R2-06,daily_expansion,GBPJPY,2013-02-18 10:00:00+00:00,2013-02-18 10:15:00+00:00,2013-02-18 13:00:00+00:00,1,-0.9999999999999915,SL,False
S2R2-06,daily_expansion,GBPJPY,2013-02-19 11:45:00+00:00,2013-02-19 12:00:00+00:00,2013-02-19 14:30:00+00:00,-1,-1.000000000000023,SL,False
S2R2-06,daily_expansion,GBPJPY,2013-03-02 10:00:00+00:00,2013-03-02 10:15:00+00:00,2013-03-02 10:15:00+00:00,1,-0.9999999999980963,SL,False
S2R2-06,daily_expansion,GBPJPY,2013-03-02 10:15:00+00:00,2013-03-02 10:30:00+00:00,2013-03-02 10:30:00+00:00,1,-1.0000000000005727,SL,False
S2R2-06,daily_expansion,GBPJPY,2013-03-02 10:30:00+00:00,2013-03-02 10:45:00+00:00,2013-03-02 10:45:00+00:00,1,-0.9999999999979058,SL,False
S2R2-06,daily_expansion,GBPJPY,2013-03-02 10:45:00+00:00,2013-03-02 11:00:00+00:00,2013-03-02 11:00:00+00:00,1,-0.9999999999983844,SL,False
S2R2-06,daily_expansion,GBPJPY,2013-03-02 11:00:00+00:00,2013-03-02 11:15:00+00:00,2013-03-02 11:15:00+00:00,1,-0.9999999999994152,SL,False
S2R2-06,daily_expansion,GBPJPY,2013-03-02 11:15:00+00:00,2013-03-02 11:30:00+00:00,2013-03-02 11:30:00+00:00,1,-0.999999999998305,SL,False
S2R2-06,daily_expansion,GBPJPY,2013-03-02 11:30:00+00:00,2013-03-02 11:45:00+00:00,2013-03-02 11:45:00+00:00,1,-1.0000000000030878,SL,False
S2R2-06,daily_expansion,GBPJPY,2013-03-02 11:45:00+00:00,2013-03-02 12:00:00+00:00,2013-03-02 12:00:00+00:00,1,-0.9999999999972933,SL,False
S2R2-06,daily_expansion,GBPJPY,2013-03-02 12:00:00+00:00,2013-03-02 12:15:00+00:00,2013-03-02 12:15:00+00:00,1,-0.9999999999952129,SL,False
S2R2-06,daily_expansion,GBPJPY,2013-03-02 12:15:00+00:00,2013-03-02 12:30:00+00:00,2013-03-02 12:30:00+00:00,1,-0.999999999995213,SL,False
S2R2-06,daily_expansion,GBPJPY,2013-03-02 12:30:00+00:00,2013-03-02 12:45:00+00:00,2013-03-02 12:45:00+00:00,1,-1.000000000000842,SL,False
S2R2-06,daily_expansion,GBPJPY,2013-03-02 12:45:00+00:00,2013-03-02 13:00:00+00:00,2013-03-02 13:00:00+00:00,1,-1.000000000000842,SL,False
S2R2-06,daily_expansion,GBPJPY,2013-03-03 10:00:00+00:00,2013-03-03 10:15:00+00:00,2013-03-03 10:15:00+00:00,1,-0.9999999973191769,SL,False
S2R2-06,daily_expansion,GBPJPY,2013-03-03 10:15:00+00:00,2013-03-03 10:30:00+00:00,2013-03-03 10:30:00+00:00,1,-1.0000000018862476,SL,False
S2R2-06,daily_expansion,GBPJPY,2013-03-03 10:30:00+00:00,2013-03-03 10:45:00+00:00,2013-03-03 10:45:00+00:00,1,-0.9999999986073251,SL,False
S2R2-06,daily_expansion,GBPJPY,2013-03-03 10:45:00+00:00,2013-03-03 11:00:00+00:00,2013-03-03 11:00:00+00:00,1,-1.0000000021384723,SL,False
S2R2-06,daily_expansion,GBPJPY,2013-03-03 11:00:00+00:00,2013-03-03 11:15:00+00:00,2013-03-03 11:15:00+00:00,1,-0.9999999970681069,SL,False
S2R2-06,daily_expansion,GBPJPY,2013-03-03 11:15:00+00:00,2013-03-03 11:30:00+00:00,2013-03-03 11:30:00+00:00,1,-1.000000000480853,SL,False
S2R2-06,daily_expansion,GBPJPY,2013-03-03 11:30:00+00:00,2013-03-03 11:45:00+00:00,2013-03-03 11:45:00+00:00,1,-1.000000000480853,SL,False
S2R2-06,daily_expansion,GBPJPY,2013-03-03 11:45:00+00:00,2013-03-03 12:00:00+00:00,2013-03-03 12:00:00+00:00,1,-0.9999999996892575,SL,False
S2R2-06,daily_expansion,GBPJPY,2013-03-03 12:00:00+00:00,2013-03-03 12:15:00+00:00,2013-03-03 12:15:00+00:00,1,-1.0000000056566698,SL,False
S2R2-06,daily_expansion,GBPJPY,2013-03-03 12:15:00+00:00,2013-03-03 12:30:00+00:00,2013-03-03 12:30:00+00:00,1,-1.0000000010663526,SL,False
S2R2-06,daily_expansion,GBPJPY,2013-03-03 12:30:00+00:00,2013-03-03 12:45:00+00:00,2013-03-03 12:45:00+00:00,1,-0.9999999971116177,SL,False
S2R2-06,daily_expansion,GBPJPY,2013-03-03 12:45:00+00:00,2013-03-03 13:00:00+00:00,2013-03-03 13:00:00+00:00,1,-0.9999999960468815,SL,False
S2R2-06,daily_expansion,GBPJPY,2013-03-09 10:00:00+00:00,2013-03-09 10:15:00+00:00,2013-03-09 10:15:00+00:00,1,-1.0000000000014668,SL,False
S2R2-06,daily_expansion,GBPJPY,2013-03-09 10:15:00+00:00,2013-03-09 10:30:00+00:00,2013-03-09 10:30:00+00:00,1,-0.999999999999321,SL,False
S2R2-06,daily_expansion,GBPJPY,2013-03-09 10:30:00+00:00,2013-03-09 10:45:00+00:00,2013-03-09 10:45:00+00:00,1,-0.9999999999981655,SL,False
S2R2-06,daily_expansion,GBPJPY,2013-03-09 10:45:00+00:00,2013-03-09 11:00:00+00:00,2013-03-09 11:00:00+00:00,1,-0.9999999999981655,SL,False
S2R2-06,daily_expansion,GBPJPY,2013-03-09 11:00:00+00:00,2013-03-09 11:15:00+00:00,2013-03-09 11:15:00+00:00,1,-1.0000000000021851,SL,False
S2R2-06,daily_expansion,GBPJPY,2013-03-09 11:15:00+00:00,2013-03-09 11:30:00+00:00,2013-03-09 11:30:00+00:00,1,-1.0000000000031473,SL,False
S2R2-06,daily_expansion,GBPJPY,2013-03-09 11:30:00+00:00,2013-03-09 11:45:00+00:00,2013-03-09 11:45:00+00:00,1,-1.000000000000557,SL,False
S2R2-06,daily_expansion,GBPJPY,2013-03-09 11:45:00+00:00,2013-03-09 12:00:00+00:00,2013-03-09 12:00:00+00:00,1,-0.9999999999972099,SL,False
S2R2-06,daily_expansion,GBPJPY,2013-03-09 12:00:00+00:00,2013-03-09 12:15:00+00:00,2013-03-09 12:15:00+00:00,1,-1.0000000000032176,SL,False
S2R2-06,daily_expansion,GBPJPY,2013-03-09 12:15:00+00:00,2013-03-09 12:30:00+00:00,2013-03-09 12:30:00+00:00,1,-1.0000000000012768,SL,False
S2R2-06,daily_expansion,GBPJPY,2013-03-09 12:30:00+00:00,2013-03-09 12:45:00+00:00,2013-03-09 12:45:00+00:00,1,-0.9999999999957025,SL,False
S2R2-06,daily_expansion,GBPJPY,2013-03-09 12:45:00+00:00,2013-03-09 13:00:00+00:00,2013-03-09 13:00:00+00:00,1,-0.9999999999957023,SL,False
S2R2-06,daily_expansion,GBPJPY,2013-03-10 10:00:00+00:00,2013-03-10 10:15:00+00:00,2013-03-10 10:15:00+00:00,1,-0.999999997272282,SL,False
S2R2-06,daily_expansion,GBPJPY,2013-03-10 10:15:00+00:00,2013-03-10 10:30:00+00:00,2013-03-10 10:30:00+00:00,1,-0.9999999981516715,SL,False
S2R2-06,daily_expansion,GBPJPY,2013-03-10 10:30:00+00:00,2013-03-10 10:45:00+00:00,2013-03-10 10:45:00+00:00,1,-1.0000000028868454,SL,False
S2R2-06,daily_expansion,GBPJPY,2013-03-10 10:45:00+00:00,2013-03-10 11:00:00+00:00,2013-03-10 11:00:00+00:00,1,-0.9999999982973692,SL,False
S2R2-06,daily_expansion,GBPJPY,2013-03-10 11:00:00+00:00,2013-03-10 11:15:00+00:00,2013-03-10 11:15:00+00:00,1,-0.9999999977482008,SL,False
S2R2-06,daily_expansion,GBPJPY,2013-03-10 11:15:00+00:00,2013-03-10 11:30:00+00:00,2013-03-10 11:30:00+00:00,1,-0.9999999965653772,SL,False
S2R2-06,daily_expansion,GBPJPY,2013-03-10 11:30:00+00:00,2013-03-10 11:45:00+00:00,2013-03-10 11:45:00+00:00,1,-1.0000000003868073,SL,False
S2R2-06,daily_expansion,GBPJPY,2013-03-10 11:45:00+00:00,2013-03-10 12:00:00+00:00,2013-03-10 12:00:00+00:00,1,-0.9999999955855232,SL,False
S2R2-06,daily_expansion,GBPJPY,2013-03-10 12:00:00+00:00,2013-03-10 12:15:00+00:00,2013-03-10 12:15:00+00:00,1,-0.9999999978015005,SL,False
S2R2-06,daily_expansion,GBPJPY,2013-03-10 12:15:00+00:00,2013-03-10 12:30:00+00:00,2013-03-10 12:30:00+00:00,1,-0.9999999954150633,SL,False
S2R2-06,daily_expansion,GBPJPY,2013-03-10 12:30:00+00:00,2013-03-10 12:45:00+00:00,2013-03-10 12:45:00+00:00,1,-1.00000000483843,SL,False
S2R2-06,daily_expansion,GBPJPY,2013-03-10 12:45:00+00:00,2013-03-10 13:00:00+00:00,2013-03-10 13:00:00+00:00,1,-0.9999999983804584,SL,False
S2R2-06,daily_expansion,GBPJPY,2013-03-11 10:00:00+00:00,2013-03-11 10:15:00+00:00,2013-03-11 10:30:00+00:00,1,-0.9999999999999243,SL,False
S2R2-06,daily_expansion,GBPJPY,2013-03-11 10:30:00+00:00,2013-03-11 10:45:00+00:00,2013-03-11 10:45:00+00:00,1,-1.0000000000000648,SL,False
S2R2-06,daily_expansion,GBPJPY,2013-03-11 12:15:00+00:00,2013-03-11 12:30:00+00:00,2013-03-11 15:15:00+00:00,1,1.5000000000000278,TP,False
S2R2-06,daily_expansion,GBPJPY,2013-03-19 12:15:00+00:00,2013-03-19 12:30:00+00:00,2013-03-19 12:45:00+00:00,1,-1.0000000000000238,SL,False
S2R2-06,daily_expansion,GBPJPY,2013-03-19 12:45:00+00:00,2013-03-19 13:00:00+00:00,2013-03-19 13:15:00+00:00,1,-0.9999999999999969,SL,False
S2R2-06,daily_expansion,GBPJPY,2013-04-02 10:15:00+00:00,2013-04-02 10:30:00+00:00,2013-04-02 12:15:00+00:00,-1,1.5000000000000566,TP,False
S2R2-06,daily_expansion,GBPJPY,2013-04-02 12:15:00+00:00,2013-04-02 12:30:00+00:00,2013-04-02 13:30:00+00:00,-1,-0.9999999999999915,SL,False
S2R2-06,daily_expansion,GBPJPY,2013-04-06 10:00:00+00:00,2013-04-06 10:15:00+00:00,2013-04-06 10:15:00+00:00,1,-1.0000000000002314,SL,False
S2R2-06,daily_expansion,GBPJPY,2013-04-06 10:15:00+00:00,2013-04-06 10:30:00+00:00,2013-04-06 10:30:00+00:00,1,-1.000000000001957,SL,False
S2R2-06,daily_expansion,GBPJPY,2013-04-06 10:30:00+00:00,2013-04-06 10:45:00+00:00,2013-04-06 10:45:00+00:00,1,-0.9999999999978684,SL,False
S2R2-06,daily_expansion,GBPJPY,2013-04-06 10:45:00+00:00,2013-04-06 11:00:00+00:00,2013-04-06 11:00:00+00:00,1,-0.9999999999982686,SL,False
S2R2-06,daily_expansion,GBPJPY,2013-04-06 11:00:00+00:00,2013-04-06 11:15:00+00:00,2013-04-06 11:15:00+00:00,1,-0.9999999999978375,SL,False
S2R2-06,daily_expansion,GBPJPY,2013-04-06 11:15:00+00:00,2013-04-06 11:30:00+00:00,2013-04-06 11:30:00+00:00,1,-1.0000000000020155,SL,False
S2R2-06,daily_expansion,GBPJPY,2013-04-06 11:30:00+00:00,2013-04-06 11:45:00+00:00,2013-04-06 11:45:00+00:00,1,-1.0000000000025155,SL,False
S2R2-06,daily_expansion,GBPJPY,2013-04-06 11:45:00+00:00,2013-04-06 12:00:00+00:00,2013-04-06 12:00:00+00:00,1,-1.0000000000009002,SL,False
S2R2-06,daily_expansion,GBPJPY,2013-04-06 12:00:00+00:00,2013-04-06 12:15:00+00:00,2013-04-06 12:15:00+00:00,1,-0.9999999999974212,SL,False
S2R2-06,daily_expansion,GBPJPY,2013-04-06 12:15:00+00:00,2013-04-06 12:30:00+00:00,2013-04-06 12:30:00+00:00,1,-1.0000000000017921,SL,False
S2R2-06,daily_expansion,GBPJPY,2013-04-06 12:30:00+00:00,2013-04-06 12:45:00+00:00,2013-04-06 12:45:00+00:00,1,-1.0000000000017921,SL,False
S2R2-06,daily_expansion,GBPJPY,2013-04-06 12:45:00+00:00,2013-04-06 13:00:00+00:00,2013-04-06 13:00:00+00:00,1,-0.9999999999959985,SL,False
S2R2-06,daily_expansion,GBPJPY,2013-04-07 10:00:00+00:00,2013-04-07 10:15:00+00:00,2013-04-07 10:15:00+00:00,1,-0.999999999308943,SL,False
S2R2-06,daily_expansion,GBPJPY,2013-04-07 10:15:00+00:00,2013-04-07 10:30:00+00:00,2013-04-07 10:30:00+00:00,1,-0.9999999980358533,SL,False
S2R2-06,daily_expansion,GBPJPY,2013-04-07 10:30:00+00:00,2013-04-07 10:45:00+00:00,2013-04-07 10:45:00+00:00,1,-0.9999999971218401,SL,False
S2R2-06,daily_expansion,GBPJPY,2013-04-07 10:45:00+00:00,2013-04-07 11:00:00+00:00,2013-04-07 11:00:00+00:00,1,-0.9999999995826446,SL,False
S2R2-06,daily_expansion,GBPJPY,2013-04-07 11:00:00+00:00,2013-04-07 11:15:00+00:00,2013-04-07 11:15:00+00:00,1,-0.9999999979925863,SL,False
S2R2-06,daily_expansion,GBPJPY,2013-04-07 11:15:00+00:00,2013-04-07 11:30:00+00:00,2013-04-07 11:30:00+00:00,1,-1.0000000025589078,SL,False
S2R2-06,daily_expansion,GBPJPY,2013-04-07 11:30:00+00:00,2013-04-07 11:45:00+00:00,2013-04-07 11:45:00+00:00,1,-0.9999999964119364,SL,False
S2R2-06,daily_expansion,GBPJPY,2013-04-07 11:45:00+00:00,2013-04-07 12:00:00+00:00,2013-04-07 12:00:00+00:00,1,-1.0000000043557147,SL,False
S2R2-06,daily_expansion,GBPJPY,2013-04-07 12:00:00+00:00,2013-04-07 12:15:00+00:00,2013-04-07 12:15:00+00:00,1,-0.9999999986524892,SL,False
S2R2-06,daily_expansion,GBPJPY,2013-04-07 12:15:00+00:00,2013-04-07 12:30:00+00:00,2013-04-07 12:30:00+00:00,1,-1.0000000017234567,SL,False
S2R2-06,daily_expansion,GBPJPY,2013-04-07 12:30:00+00:00,2013-04-07 12:45:00+00:00,2013-04-07 12:45:00+00:00,1,-0.9999999992430597,SL,False
S2R2-06,daily_expansion,GBPJPY,2013-04-07 12:45:00+00:00,2013-04-07 13:00:00+00:00,2013-04-07 13:00:00+00:00,1,-1.0000000001334586,SL,False
S2R2-06,daily_expansion,GBPJPY,2013-04-11 10:00:00+00:00,2013-04-11 10:15:00+00:00,2013-04-11 10:15:00+00:00,1,-1.0000000000000557,SL,False
S2R2-06,daily_expansion,GBPJPY,2013-04-13 10:00:00+00:00,2013-04-13 10:15:00+00:00,2013-04-13 10:15:00+00:00,-1,-1.0000000000012021,SL,False
S2R2-06,daily_expansion,GBPJPY,2013-04-13 10:15:00+00:00,2013-04-13 10:30:00+00:00,2013-04-13 10:30:00+00:00,-1,-0.9999999999996521,SL,False
S2R2-06,daily_expansion,GBPJPY,2013-04-13 10:30:00+00:00,2013-04-13 10:45:00+00:00,2013-04-13 10:45:00+00:00,-1,-1.0000000000003197,SL,False
S2R2-06,daily_expansion,GBPJPY,2013-04-13 10:45:00+00:00,2013-04-13 11:00:00+00:00,2013-04-13 11:00:00+00:00,-1,-0.9999999999996004,SL,False
S2R2-06,daily_expansion,GBPJPY,2013-04-13 11:00:00+00:00,2013-04-13 11:15:00+00:00,2013-04-13 11:15:00+00:00,-1,-0.9999999999996003,SL,False
S2R2-06,daily_expansion,GBPJPY,2013-04-13 11:15:00+00:00,2013-04-13 11:30:00+00:00,2013-04-13 11:30:00+00:00,-1,-0.9999999999991833,SL,False
S2R2-06,daily_expansion,GBPJPY,2013-04-13 11:30:00+00:00,2013-04-13 11:45:00+00:00,2013-04-13 11:45:00+00:00,-1,-0.9999999999982848,SL,False
S2R2-06,daily_expansion,GBPJPY,2013-04-13 11:45:00+00:00,2013-04-13 12:00:00+00:00,2013-04-13 12:00:00+00:00,-1,-1.0000000000011866,SL,False
S2R2-06,daily_expansion,GBPJPY,2013-04-13 12:00:00+00:00,2013-04-13 12:15:00+00:00,2013-04-13 12:15:00+00:00,-1,-0.9999999999996242,SL,False
S2R2-06,daily_expansion,GBPJPY,2013-04-13 12:15:00+00:00,2013-04-13 12:30:00+00:00,2013-04-13 12:30:00+00:00,-1,-0.9999999999985023,SL,False
S2R2-06,daily_expansion,GBPJPY,2013-04-13 12:30:00+00:00,2013-04-13 12:45:00+00:00,2013-04-13 12:45:00+00:00,-1,-1.0000000000033349,SL,False
S2R2-06,daily_expansion,GBPJPY,2013-04-13 12:45:00+00:00,2013-04-13 13:00:00+00:00,2013-04-13 13:00:00+00:00,-1,-0.9999999999987811,SL,False
S2R2-06,daily_expansion,GBPJPY,2013-04-14 10:00:00+00:00,2013-04-14 10:15:00+00:00,2013-04-14 10:15:00+00:00,-1,-1.0000000021824795,SL,False
S2R2-06,daily_expansion,GBPJPY,2013-04-14 10:15:00+00:00,2013-04-14 10:30:00+00:00,2013-04-14 10:30:00+00:00,-1,-1.0000000010388934,SL,False
S2R2-06,daily_expansion,GBPJPY,2013-04-14 10:30:00+00:00,2013-04-14 10:45:00+00:00,2013-04-14 10:45:00+00:00,-1,-0.9999999977547497,SL,False
S2R2-06,daily_expansion,GBPJPY,2013-04-14 10:45:00+00:00,2013-04-14 11:00:00+00:00,2013-04-14 11:00:00+00:00,-1,-0.9999999995231349,SL,False
S2R2-06,daily_expansion,GBPJPY,2013-04-14 11:00:00+00:00,2013-04-14 11:15:00+00:00,2013-04-14 11:15:00+00:00,-1,-1.0000000033319643,SL,False
S2R2-06,daily_expansion,GBPJPY,2013-04-14 11:15:00+00:00,2013-04-14 11:30:00+00:00,2013-04-14 11:30:00+00:00,-1,-1.000000000255602,SL,False
S2R2-06,daily_expansion,GBPJPY,2013-04-14 11:30:00+00:00,2013-04-14 11:45:00+00:00,2013-04-14 11:45:00+00:00,-1,-0.9999999997034343,SL,False
S2R2-06,daily_expansion,GBPJPY,2013-04-14 11:45:00+00:00,2013-04-14 12:00:00+00:00,2013-04-14 12:00:00+00:00,-1,-0.9999999997034342,SL,False
S2R2-06,daily_expansion,GBPJPY,2013-04-14 12:00:00+00:00,2013-04-14 12:15:00+00:00,2013-04-14 12:15:00+00:00,-1,-1.0000000035457366,SL,False
S2R2-06,daily_expansion,GBPJPY,2013-04-14 12:15:00+00:00,2013-04-14 12:30:00+00:00,2013-04-14 12:30:00+00:00,-1,-1.0000000021664486,SL,False
S2R2-06,daily_expansion,GBPJPY,2013-04-14 12:30:00+00:00,2013-04-14 12:45:00+00:00,2013-04-14 12:45:00+00:00,-1,-1.0000000006810614,SL,False
S2R2-06,daily_expansion,GBPJPY,2013-04-14 12:45:00+00:00,2013-04-14 13:00:00+00:00,2013-04-14 13:00:00+00:00,-1,-0.9999999966819423,SL,False
S2R2-06,daily_expansion,GBPJPY,2013-04-20 10:00:00+00:00,2013-04-20 10:15:00+00:00,2013-04-20 10:15:00+00:00,1,-1.0000000000013771,SL,False
S2R2-06,daily_expansion,GBPJPY,2013-04-20 10:15:00+00:00,2013-04-20 10:30:00+00:00,2013-04-20 10:30:00+00:00,1,-0.999999999999592,SL,False
S2R2-06,daily_expansion,GBPJPY,2013-04-20 10:30:00+00:00,2013-04-20 10:45:00+00:00,2013-04-20 10:45:00+00:00,1,-1.0000000000000724,SL,False
S2R2-06,daily_expansion,GBPJPY,2013-04-20 10:45:00+00:00,2013-04-20 11:00:00+00:00,2013-04-20 11:00:00+00:00,1,-1.0000000000016251,SL,False
S2R2-06,daily_expansion,GBPJPY,2013-04-20 11:00:00+00:00,2013-04-20 11:15:00+00:00,2013-04-20 11:15:00+00:00,1,-0.9999999999999529,SL,False
S2R2-06,daily_expansion,GBPJPY,2013-04-20 11:15:00+00:00,2013-04-20 11:30:00+00:00,2013-04-20 11:30:00+00:00,1,-1.0000000000035547,SL,False
S2R2-06,daily_expansion,GBPJPY,2013-04-20 11:30:00+00:00,2013-04-20 11:45:00+00:00,2013-04-20 11:45:00+00:00,1,-1.0000000000035547,SL,False
S2R2-06,daily_expansion,GBPJPY,2013-04-20 11:45:00+00:00,2013-04-20 12:00:00+00:00,2013-04-20 12:00:00+00:00,1,-0.9999999999979853,SL,False
S2R2-06,daily_expansion,GBPJPY,2013-04-20 12:00:00+00:00,2013-04-20 12:15:00+00:00,2013-04-20 12:15:00+00:00,1,-1.000000000001734,SL,False
S2R2-06,daily_expansion,GBPJPY,2013-04-20 12:15:00+00:00,2013-04-20 12:30:00+00:00,2013-04-20 12:30:00+00:00,1,-0.9999999999952744,SL,False
S2R2-06,daily_expansion,GBPJPY,2013-04-20 12:30:00+00:00,2013-04-20 12:45:00+00:00,2013-04-20 12:45:00+00:00,1,-0.9999999999987524,SL,False
S2R2-06,daily_expansion,GBPJPY,2013-04-20 12:45:00+00:00,2013-04-20 13:00:00+00:00,2013-04-20 13:00:00+00:00,1,-0.9999999999996887,SL,False
S2R2-06,daily_expansion,GBPJPY,2013-04-21 10:00:00+00:00,2013-04-21 10:15:00+00:00,2013-04-21 10:15:00+00:00,1,-1.0000000012056738,SL,False
S2R2-06,daily_expansion,GBPJPY,2013-04-21 10:15:00+00:00,2013-04-21 10:30:00+00:00,2013-04-21 10:30:00+00:00,1,-1.0000000012056738,SL,False
S2R2-06,daily_expansion,GBPJPY,2013-04-21 10:30:00+00:00,2013-04-21 10:45:00+00:00,2013-04-21 10:45:00+00:00,1,-0.9999999976600673,SL,False
S2R2-06,daily_expansion,GBPJPY,2013-04-21 10:45:00+00:00,2013-04-21 11:00:00+00:00,2013-04-21 11:00:00+00:00,1,-0.9999999976600674,SL,False
S2R2-06,daily_expansion,GBPJPY,2013-04-21 11:00:00+00:00,2013-04-21 11:15:00+00:00,2013-04-21 11:15:00+00:00,1,-0.9999999997160994,SL,False
S2R2-06,daily_expansion,GBPJPY,2013-04-21 11:15:00+00:00,2013-04-21 11:30:00+00:00,2013-04-21 11:30:00+00:00,1,-0.9999999967638481,SL,False
S2R2-06,daily_expansion,GBPJPY,2013-04-21 11:30:00+00:00,2013-04-21 11:45:00+00:00,2013-04-21 11:45:00+00:00,1,-0.9999999967638481,SL,False
S2R2-06,daily_expansion,GBPJPY,2013-04-21 11:45:00+00:00,2013-04-21 12:00:00+00:00,2013-04-21 12:00:00+00:00,1,-1.0000000018997173,SL,False
S2R2-06,daily_expansion,GBPJPY,2013-04-21 12:00:00+00:00,2013-04-21 12:15:00+00:00,2013-04-21 12:15:00+00:00,1,-1.0000000018997173,SL,False
S2R2-06,daily_expansion,GBPJPY,2013-04-21 12:15:00+00:00,2013-04-21 12:30:00+00:00,2013-04-21 12:30:00+00:00,1,-0.9999999939578605,SL,False
S2R2-06,daily_expansion,GBPJPY,2013-04-21 12:30:00+00:00,2013-04-21 12:45:00+00:00,2013-04-21 12:45:00+00:00,1,-1.000000000372437,SL,False
S2R2-06,daily_expansion,GBPJPY,2013-04-21 12:45:00+00:00,2013-04-21 13:00:00+00:00,2013-04-21 13:00:00+00:00,1,-0.9999999992211027,SL,False
S2R2-06,daily_expansion,GBPJPY,2013-04-22 10:00:00+00:00,2013-04-22 10:15:00+00:00,2013-04-22 11:15:00+00:00,1,-1.000000000000047,SL,False
S2R2-06,daily_expansion,GBPJPY,2013-04-22 11:15:00+00:00,2013-04-22 11:30:00+00:00,2013-04-22 12:45:00+00:00,1,-0.9999999999999553,SL,False
S2R2-06,daily_expansion,GBPJPY,2013-04-22 12:45:00+00:00,2013-04-22 13:00:00+00:00,2013-04-22 13:30:00+00:00,1,-0.9999999999999514,SL,False
S2R2-06,daily_expansion,GBPJPY,2013-05-03 12:30:00+00:00,2013-05-03 12:45:00+00:00,2013-05-03 13:15:00+00:00,1,1.4999999999999738,TP,False
S2R2-06,daily_expansion,GBPJPY,2013-05-04 10:00:00+00:00,2013-05-04 10:15:00+00:00,2013-05-04 10:15:00+00:00,1,-0.9999999999979448,SL,False
S2R2-06,daily_expansion,GBPJPY,2013-05-04 10:15:00+00:00,2013-05-04 10:30:00+00:00,2013-05-04 10:30:00+00:00,1,-0.9999999999992029,SL,False
S2R2-06,daily_expansion,GBPJPY,2013-05-04 10:30:00+00:00,2013-05-04 10:45:00+00:00,2013-05-04 10:45:00+00:00,1,-1.0000000000012352,SL,False
S2R2-06,daily_expansion,GBPJPY,2013-05-04 10:45:00+00:00,2013-05-04 11:00:00+00:00,2013-05-04 11:00:00+00:00,1,-0.9999999999997761,SL,False
S2R2-06,daily_expansion,GBPJPY,2013-05-04 11:00:00+00:00,2013-05-04 11:15:00+00:00,2013-05-04 11:15:00+00:00,1,-0.9999999999982044,SL,False
S2R2-06,daily_expansion,GBPJPY,2013-05-04 11:15:00+00:00,2013-05-04 11:30:00+00:00,2013-05-04 11:30:00+00:00,1,-1.000000000000743,SL,False
S2R2-06,daily_expansion,GBPJPY,2013-05-04 11:30:00+00:00,2013-05-04 11:45:00+00:00,2013-05-04 11:45:00+00:00,1,-1.0000000000025655,SL,False
S2R2-06,daily_expansion,GBPJPY,2013-05-04 11:45:00+00:00,2013-05-04 12:00:00+00:00,2013-05-04 12:00:00+00:00,1,-1.0000000000035467,SL,False
S2R2-06,daily_expansion,GBPJPY,2013-05-04 12:00:00+00:00,2013-05-04 12:15:00+00:00,2013-05-04 12:15:00+00:00,1,-1.0000000000024898,SL,False
S2R2-06,daily_expansion,GBPJPY,2013-05-04 12:15:00+00:00,2013-05-04 12:30:00+00:00,2013-05-04 12:30:00+00:00,1,-0.9999999999945232,SL,False
S2R2-06,daily_expansion,GBPJPY,2013-05-04 12:30:00+00:00,2013-05-04 12:45:00+00:00,2013-05-04 12:45:00+00:00,1,-1.0000000000043283,SL,False
S2R2-06,daily_expansion,GBPJPY,2013-05-04 12:45:00+00:00,2013-05-04 13:00:00+00:00,2013-05-04 13:00:00+00:00,1,-0.9999999999977285,SL,False
S2R2-06,daily_expansion,GBPJPY,2013-05-05 10:00:00+00:00,2013-05-05 10:15:00+00:00,2013-05-05 10:15:00+00:00,1,-1.000000001063043,SL,False
S2R2-06,daily_expansion,GBPJPY,2013-05-05 10:15:00+00:00,2013-05-05 10:30:00+00:00,2013-05-05 10:30:00+00:00,1,-0.9999999979692331,SL,False
S2R2-06,daily_expansion,GBPJPY,2013-05-05 10:30:00+00:00,2013-05-05 10:45:00+00:00,2013-05-05 10:45:00+00:00,1,-1.0000000029669258,SL,False
S2R2-06,daily_expansion,GBPJPY,2013-05-05 10:45:00+00:00,2013-05-05 11:00:00+00:00,2013-05-05 11:00:00+00:00,1,-0.9999999957907517,SL,False
S2R2-06,daily_expansion,GBPJPY,2013-05-05 11:00:00+00:00,2013-05-05 11:15:00+00:00,2013-05-05 11:15:00+00:00,1,-1.0000000054509863,SL,False
S2R2-06,daily_expansion,GBPJPY,2013-05-05 11:15:00+00:00,2013-05-05 11:30:00+00:00,2013-05-05 11:30:00+00:00,1,-0.9999999981686557,SL,False
S2R2-06,daily_expansion,GBPJPY,2013-05-05 11:30:00+00:00,2013-05-05 11:45:00+00:00,2013-05-05 11:45:00+00:00,1,-1.0000000037704484,SL,False
S2R2-06,daily_expansion,GBPJPY,2013-05-05 11:45:00+00:00,2013-05-05 12:00:00+00:00,2013-05-05 12:00:00+00:00,1,-0.9999999977377482,SL,False
S2R2-06,daily_expansion,GBPJPY,2013-05-05 12:00:00+00:00,2013-05-05 12:15:00+00:00,2013-05-05 12:15:00+00:00,1,-1.0000000068332036,SL,False
S2R2-06,daily_expansion,GBPJPY,2013-05-05 12:15:00+00:00,2013-05-05 12:30:00+00:00,2013-05-05 12:30:00+00:00,1,-1.000000002635301,SL,False
S2R2-06,daily_expansion,GBPJPY,2013-05-05 12:30:00+00:00,2013-05-05 12:45:00+00:00,2013-05-05 12:45:00+00:00,1,-0.9999999981144829,SL,False
S2R2-06,daily_expansion,GBPJPY,2013-05-05 12:45:00+00:00,2013-05-05 13:00:00+00:00,2013-05-05 13:00:00+00:00,1,-1.0000000094744872,SL,False
S2R2-06,daily_expansion,GBPJPY,2013-05-06 10:00:00+00:00,2013-05-06 10:15:00+00:00,2013-05-06 10:30:00+00:00,1,-1.000000000000031,SL,False
S2R2-06,daily_expansion,GBPJPY,2013-05-06 10:30:00+00:00,2013-05-06 10:45:00+00:00,2013-05-06 12:45:00+00:00,1,-0.9999999999999153,SL,False
S2R2-06,daily_expansion,GBPJPY,2013-05-06 12:45:00+00:00,2013-05-06 13:00:00+00:00,2013-05-06 15:30:00+00:00,1,1.5000000000000877,TP,False
S2R2-06,daily_expansion,GBPJPY,2013-05-10 10:00:00+00:00,2013-05-10 10:15:00+00:00,2013-05-10 10:45:00+00:00,1,1.499999999999962,TP,False
S2R2-06,daily_expansion,GBPJPY,2013-05-10 10:45:00+00:00,2013-05-10 11:00:00+00:00,2013-05-10 11:30:00+00:00,1,-0.9999999999999951,SL,False
S2R2-06,daily_expansion,GBPJPY,2013-05-11 10:00:00+00:00,2013-05-11 10:15:00+00:00,2013-05-11 10:15:00+00:00,1,-1.0000000000022184,SL,False
S2R2-06,daily_expansion,GBPJPY,2013-05-11 10:15:00+00:00,2013-05-11 10:30:00+00:00,2013-05-11 10:30:00+00:00,1,-1.0000000000028089,SL,False
S2R2-06,daily_expansion,GBPJPY,2013-05-11 10:30:00+00:00,2013-05-11 10:45:00+00:00,2013-05-11 10:45:00+00:00,1,-0.9999999999983572,SL,False
S2R2-06,daily_expansion,GBPJPY,2013-05-11 10:45:00+00:00,2013-05-11 11:00:00+00:00,2013-05-11 11:00:00+00:00,1,-0.9999999999990421,SL,False
S2R2-06,daily_expansion,GBPJPY,2013-05-11 11:00:00+00:00,2013-05-11 11:15:00+00:00,2013-05-11 11:15:00+00:00,1,-1.000000000004205,SL,False
S2R2-06,daily_expansion,GBPJPY,2013-05-11 11:15:00+00:00,2013-05-11 11:30:00+00:00,2013-05-11 11:30:00+00:00,1,-0.9999999999954676,SL,False
S2R2-06,daily_expansion,GBPJPY,2013-05-11 11:30:00+00:00,2013-05-11 11:45:00+00:00,2013-05-11 11:45:00+00:00,1,-1.0000000000023108,SL,False
S2R2-06,daily_expansion,GBPJPY,2013-05-11 11:45:00+00:00,2013-05-11 12:00:00+00:00,2013-05-11 12:00:00+00:00,1,-1.0000000000050744,SL,False
S2R2-06,daily_expansion,GBPJPY,2013-05-11 12:00:00+00:00,2013-05-11 12:15:00+00:00,2013-05-11 12:15:00+00:00,1,-1.0000000000020983,SL,False
S2R2-06,daily_expansion,GBPJPY,2013-05-11 12:15:00+00:00,2013-05-11 12:30:00+00:00,2013-05-11 12:30:00+00:00,1,-1.0000000000053033,SL,False
S2R2-06,daily_expansion,GBPJPY,2013-05-11 12:30:00+00:00,2013-05-11 12:45:00+00:00,2013-05-11 12:45:00+00:00,1,-1.0000000000030023,SL,False
S2R2-06,daily_expansion,GBPJPY,2013-05-11 12:45:00+00:00,2013-05-11 13:00:00+00:00,2013-05-11 13:00:00+00:00,1,-1.0000000000067193,SL,False
S2R2-06,daily_expansion,GBPJPY,2013-05-12 10:00:00+00:00,2013-05-12 10:15:00+00:00,2013-05-12 10:15:00+00:00,1,-1.0000000010450538,SL,False
S2R2-06,daily_expansion,GBPJPY,2013-05-12 10:15:00+00:00,2013-05-12 10:30:00+00:00,2013-05-12 10:30:00+00:00,1,-0.9999999952365052,SL,False
S2R2-06,daily_expansion,GBPJPY,2013-05-12 10:30:00+00:00,2013-05-12 10:45:00+00:00,2013-05-12 10:45:00+00:00,1,-1.0000000007099454,SL,False
S2R2-06,daily_expansion,GBPJPY,2013-05-12 10:45:00+00:00,2013-05-12 11:00:00+00:00,2013-05-12 11:00:00+00:00,1,-1.0000000032361482,SL,False
S2R2-06,daily_expansion,GBPJPY,2013-05-12 11:00:00+00:00,2013-05-12 11:15:00+00:00,2013-05-12 11:15:00+00:00,1,-0.9999999987019375,SL,False
S2R2-06,daily_expansion,GBPJPY,2013-05-12 11:15:00+00:00,2013-05-12 11:30:00+00:00,2013-05-12 11:30:00+00:00,1,-0.9999999977253383,SL,False
S2R2-06,daily_expansion,GBPJPY,2013-05-12 11:30:00+00:00,2013-05-12 11:45:00+00:00,2013-05-12 11:45:00+00:00,1,-1.000000000880505,SL,False
S2R2-06,daily_expansion,GBPJPY,2013-05-12 11:45:00+00:00,2013-05-12 12:00:00+00:00,2013-05-12 12:00:00+00:00,1,-1.0000000076762487,SL,False
S2R2-06,daily_expansion,GBPJPY,2013-05-12 12:00:00+00:00,2013-05-12 12:15:00+00:00,2013-05-12 12:15:00+00:00,1,-0.9999999942590109,SL,False
S2R2-06,daily_expansion,GBPJPY,2013-05-12 12:15:00+00:00,2013-05-12 12:30:00+00:00,2013-05-12 12:30:00+00:00,1,-1.0000000047676167,SL,False
S2R2-06,daily_expansion,GBPJPY,2013-05-12 12:30:00+00:00,2013-05-12 12:45:00+00:00,2013-05-12 12:45:00+00:00,1,-1.0000000005237566,SL,False
S2R2-06,daily_expansion,GBPJPY,2013-05-12 12:45:00+00:00,2013-05-12 13:00:00+00:00,2013-05-12 13:00:00+00:00,1,-1.0000000020471935,SL,False
S2R2-06,daily_expansion,GBPJPY,2013-05-13 10:00:00+00:00,2013-05-13 10:15:00+00:00,2013-05-13 10:15:00+00:00,1,-0.9999999999999422,SL,False
S2R2-06,daily_expansion,GBPJPY,2013-05-13 10:15:00+00:00,2013-05-13 10:30:00+00:00,2013-05-13 11:45:00+00:00,1,1.5000000000000167,TP,False
S2R2-06,daily_expansion,GBPJPY,2013-05-13 11:45:00+00:00,2013-05-13 12:00:00+00:00,2013-05-13 13:15:00+00:00,1,-0.9999999999999455,SL,False
S2R2-06,daily_expansion,GBPJPY,2013-05-14 10:00:00+00:00,2013-05-14 10:15:00+00:00,2013-05-14 12:00:00+00:00,-1,-0.9999999999999322,SL,False
S2R2-06,daily_expansion,GBPJPY,2013-05-14 12:00:00+00:00,2013-05-14 12:15:00+00:00,2013-05-14 13:15:00+00:00,-1,1.50000000000007,TP,False
S2R2-06,daily_expansion,GBPJPY,2013-06-28 10:00:00+00:00,2013-06-28 10:15:00+00:00,2013-06-28 13:30:00+00:00,1,-1.000000000000043,SL,False
S2R2-06,daily_expansion,GBPJPY,2013-06-29 10:00:00+00:00,2013-06-29 10:15:00+00:00,2013-06-29 10:15:00+00:00,1,-0.9999999999986992,SL,False
S2R2-06,daily_expansion,GBPJPY,2013-06-29 10:15:00+00:00,2013-06-29 10:30:00+00:00,2013-06-29 10:30:00+00:00,1,-1.0000000000021563,SL,False
S2R2-06,daily_expansion,GBPJPY,2013-06-29 10:30:00+00:00,2013-06-29 10:45:00+00:00,2013-06-29 10:45:00+00:00,1,-0.9999999999996741,SL,False
S2R2-06,daily_expansion,GBPJPY,2013-06-29 10:45:00+00:00,2013-06-29 11:00:00+00:00,2013-06-29 11:00:00+00:00,1,-0.9999999999996743,SL,False
S2R2-06,daily_expansion,GBPJPY,2013-06-29 11:00:00+00:00,2013-06-29 11:15:00+00:00,2013-06-29 11:15:00+00:00,1,-0.9999999999953563,SL,False
S2R2-06,daily_expansion,GBPJPY,2013-06-29 11:15:00+00:00,2013-06-29 11:30:00+00:00,2013-06-29 11:30:00+00:00,1,-1.0000000000000062,SL,False
S2R2-06,daily_expansion,GBPJPY,2013-06-29 11:30:00+00:00,2013-06-29 11:45:00+00:00,2013-06-29 11:45:00+00:00,1,-1.0000000000050142,SL,False
S2R2-06,daily_expansion,GBPJPY,2013-06-29 11:45:00+00:00,2013-06-29 12:00:00+00:00,2013-06-29 12:00:00+00:00,1,-0.9999999999960257,SL,False
S2R2-06,daily_expansion,GBPJPY,2013-06-29 12:00:00+00:00,2013-06-29 12:15:00+00:00,2013-06-29 12:15:00+00:00,1,-0.9999999999960258,SL,False
S2R2-06,daily_expansion,GBPJPY,2013-06-29 12:15:00+00:00,2013-06-29 12:30:00+00:00,2013-06-29 12:30:00+00:00,1,-1.000000000001238,SL,False
S2R2-06,daily_expansion,GBPJPY,2013-06-29 12:30:00+00:00,2013-06-29 12:45:00+00:00,2013-06-29 12:45:00+00:00,1,-0.99999999999787,SL,False
S2R2-06,daily_expansion,GBPJPY,2013-06-29 12:45:00+00:00,2013-06-29 13:00:00+00:00,2013-06-29 13:00:00+00:00,1,-1.000000000002706,SL,False
S2R2-06,daily_expansion,GBPJPY,2013-06-30 10:00:00+00:00,2013-06-30 10:15:00+00:00,2013-06-30 10:15:00+00:00,1,-1.0000000005848908,SL,False
S2R2-06,daily_expansion,GBPJPY,2013-06-30 10:15:00+00:00,2013-06-30 10:30:00+00:00,2013-06-30 10:30:00+00:00,1,-1.0000000041271153,SL,False
S2R2-06,daily_expansion,GBPJPY,2013-06-30 10:30:00+00:00,2013-06-30 10:45:00+00:00,2013-06-30 10:45:00+00:00,1,-1.0000000026012337,SL,False
S2R2-06,daily_expansion,GBPJPY,2013-06-30 10:45:00+00:00,2013-06-30 11:00:00+00:00,2013-06-30 11:00:00+00:00,1,-0.9999999952065781,SL,False
S2R2-06,daily_expansion,GBPJPY,2013-06-30 11:00:00+00:00,2013-06-30 11:15:00+00:00,2013-06-30 11:15:00+00:00,1,-1.0000000005155616,SL,False
S2R2-06,daily_expansion,GBPJPY,2013-06-30 11:15:00+00:00,2013-06-30 11:30:00+00:00,2013-06-30 11:30:00+00:00,1,-0.9999999957510891,SL,False
S2R2-06,daily_expansion,GBPJPY,2013-06-30 11:30:00+00:00,2013-06-30 11:45:00+00:00,2013-06-30 11:45:00+00:00,1,-1.0000000070392239,SL,False
S2R2-06,daily_expansion,GBPJPY,2013-06-30 11:45:00+00:00,2013-06-30 12:00:00+00:00,2013-06-30 12:00:00+00:00,1,-1.0000000070392239,SL,False
S2R2-06,daily_expansion,GBPJPY,2013-06-30 12:00:00+00:00,2013-06-30 12:15:00+00:00,2013-06-30 12:15:00+00:00,1,-1.000000003468797,SL,False
S2R2-06,daily_expansion,GBPJPY,2013-06-30 12:15:00+00:00,2013-06-30 12:30:00+00:00,2013-06-30 12:30:00+00:00,1,-1.0000000021871054,SL,False
S2R2-06,daily_expansion,GBPJPY,2013-06-30 12:30:00+00:00,2013-06-30 12:45:00+00:00,2013-06-30 12:45:00+00:00,1,-0.9999999939054055,SL,False
S2R2-06,daily_expansion,GBPJPY,2013-06-30 12:45:00+00:00,2013-06-30 13:00:00+00:00,2013-06-30 13:00:00+00:00,1,-0.9999999983647823,SL,False
S2R2-06,daily_expansion,GBPJPY,2013-07-15 10:45:00+00:00,2013-07-15 11:00:00+00:00,2013-07-15 12:00:00+00:00,1,1.4999999999999554,TP,False
S2R2-06,daily_expansion,GBPJPY,2013-07-20 10:00:00+00:00,2013-07-20 10:15:00+00:00,2013-07-20 10:15:00+00:00,1,-0.9999999999998664,SL,False
S2R2-06,daily_expansion,GBPJPY,2013-07-20 10:15:00+00:00,2013-07-20 10:30:00+00:00,2013-07-20 10:30:00+00:00,1,-0.9999999999971397,SL,False
S2R2-06,daily_expansion,GBPJPY,2013-07-20 10:30:00+00:00,2013-07-20 10:45:00+00:00,2013-07-20 10:45:00+00:00,1,-0.9999999999971397,SL,False
S2R2-06,daily_expansion,GBPJPY,2013-07-20 10:45:00+00:00,2013-07-20 11:00:00+00:00,2013-07-20 11:00:00+00:00,1,-1.0000000000010925,SL,False
S2R2-06,daily_expansion,GBPJPY,2013-07-20 11:00:00+00:00,2013-07-20 11:15:00+00:00,2013-07-20 11:15:00+00:00,1,-1.0000000000053495,SL,False
S2R2-06,daily_expansion,GBPJPY,2013-07-20 11:15:00+00:00,2013-07-20 11:30:00+00:00,2013-07-20 11:30:00+00:00,1,-0.9999999999961805,SL,False
S2R2-06,daily_expansion,GBPJPY,2013-07-20 11:30:00+00:00,2013-07-20 11:45:00+00:00,2013-07-20 11:45:00+00:00,1,-1.0000000000011176,SL,False
S2R2-06,daily_expansion,GBPJPY,2013-07-20 11:45:00+00:00,2013-07-20 12:00:00+00:00,2013-07-20 12:00:00+00:00,1,-0.9999999999968641,SL,False
S2R2-06,daily_expansion,GBPJPY,2013-07-20 12:00:00+00:00,2013-07-20 12:15:00+00:00,2013-07-20 12:15:00+00:00,1,-1.0000000000071707,SL,False
S2R2-06,daily_expansion,GBPJPY,2013-07-20 12:15:00+00:00,2013-07-20 12:30:00+00:00,2013-07-20 12:30:00+00:00,1,-1.000000000004704,SL,False
S2R2-06,daily_expansion,GBPJPY,2013-07-20 12:30:00+00:00,2013-07-20 12:45:00+00:00,2013-07-20 12:45:00+00:00,1,-1.000000000002048,SL,False
S2R2-06,daily_expansion,GBPJPY,2013-07-20 12:45:00+00:00,2013-07-20 13:00:00+00:00,2013-07-20 13:00:00+00:00,1,-1.000000000003478,SL,False
S2R2-06,daily_expansion,GBPJPY,2013-07-21 10:00:00+00:00,2013-07-21 10:15:00+00:00,2013-07-21 10:15:00+00:00,1,-1.0000000026544766,SL,False
S2R2-06,daily_expansion,GBPJPY,2013-07-21 10:15:00+00:00,2013-07-21 10:30:00+00:00,2013-07-21 10:30:00+00:00,1,-1.0000000034926038,SL,False
S2R2-06,daily_expansion,GBPJPY,2013-07-21 10:30:00+00:00,2013-07-21 10:45:00+00:00,2013-07-21 10:45:00+00:00,1,-0.9999999953692146,SL,False
S2R2-06,daily_expansion,GBPJPY,2013-07-21 10:45:00+00:00,2013-07-21 11:00:00+00:00,2013-07-21 11:00:00+00:00,1,-0.9999999953692146,SL,False
S2R2-06,daily_expansion,GBPJPY,2013-07-21 11:00:00+00:00,2013-07-21 11:15:00+00:00,2013-07-21 11:15:00+00:00,1,-0.9999999953692146,SL,False
S2R2-06,daily_expansion,GBPJPY,2013-07-21 11:15:00+00:00,2013-07-21 11:30:00+00:00,2013-07-21 11:30:00+00:00,1,-0.9999999931145664,SL,False
S2R2-06,daily_expansion,GBPJPY,2013-07-21 11:30:00+00:00,2013-07-21 11:45:00+00:00,2013-07-21 11:45:00+00:00,1,-1.0000000028268974,SL,False
S2R2-06,daily_expansion,GBPJPY,2013-07-21 11:45:00+00:00,2013-07-21 12:00:00+00:00,2013-07-21 12:00:00+00:00,1,-0.9999999910600347,SL,False
S2R2-06,daily_expansion,GBPJPY,2013-07-21 12:00:00+00:00,2013-07-21 12:15:00+00:00,2013-07-21 12:15:00+00:00,1,-1.0000000079560423,SL,False
S2R2-06,daily_expansion,GBPJPY,2013-07-21 12:15:00+00:00,2013-07-21 12:30:00+00:00,2013-07-21 12:30:00+00:00,1,-1.0000000064397339,SL,False
S2R2-06,daily_expansion,GBPJPY,2013-07-21 12:30:00+00:00,2013-07-21 12:45:00+00:00,2013-07-21 12:45:00+00:00,1,-1.000000003173839,SL,False
S2R2-06,daily_expansion,GBPJPY,2013-07-21 12:45:00+00:00,2013-07-21 13:00:00+00:00,2013-07-21 13:00:00+00:00,1,-0.9999999926224861,SL,False
S2R2-06,daily_expansion,GBPJPY,2013-07-27 10:00:00+00:00,2013-07-27 10:15:00+00:00,2013-07-27 10:15:00+00:00,-1,-0.9999999999972995,SL,False
S2R2-06,daily_expansion,GBPJPY,2013-07-27 10:15:00+00:00,2013-07-27 10:30:00+00:00,2013-07-27 10:30:00+00:00,-1,-0.9999999999966573,SL,False
S2R2-06,daily_expansion,GBPJPY,2013-07-27 10:30:00+00:00,2013-07-27 10:45:00+00:00,2013-07-27 10:45:00+00:00,-1,-1.0000000000035725,SL,False
S2R2-06,daily_expansion,GBPJPY,2013-07-27 10:45:00+00:00,2013-07-27 11:00:00+00:00,2013-07-27 11:00:00+00:00,-1,-0.9999999999953807,SL,False
S2R2-06,daily_expansion,GBPJPY,2013-07-27 11:00:00+00:00,2013-07-27 11:15:00+00:00,2013-07-27 11:15:00+00:00,-1,-1.0000000000017968,SL,False
S2R2-06,daily_expansion,GBPJPY,2013-07-27 11:15:00+00:00,2013-07-27 11:30:00+00:00,2013-07-27 11:30:00+00:00,-1,-1.0000000000000693,SL,False
S2R2-06,daily_expansion,GBPJPY,2013-07-27 11:30:00+00:00,2013-07-27 11:45:00+00:00,2013-07-27 11:45:00+00:00,-1,-1.0000000000037896,SL,False
S2R2-06,daily_expansion,GBPJPY,2013-07-27 11:45:00+00:00,2013-07-27 12:00:00+00:00,2013-07-27 12:00:00+00:00,-1,-1.0000000000067948,SL,False
S2R2-06,daily_expansion,GBPJPY,2013-07-27 12:00:00+00:00,2013-07-27 12:15:00+00:00,2013-07-27 12:15:00+00:00,-1,-0.9999999999981649,SL,False
S2R2-06,daily_expansion,GBPJPY,2013-07-27 12:15:00+00:00,2013-07-27 12:30:00+00:00,2013-07-27 12:30:00+00:00,-1,-0.9999999999946797,SL,False
S2R2-06,daily_expansion,GBPJPY,2013-07-27 12:30:00+00:00,2013-07-27 12:45:00+00:00,2013-07-27 12:45:00+00:00,-1,-1.0000000000084412,SL,False
S2R2-06,daily_expansion,GBPJPY,2013-07-27 12:45:00+00:00,2013-07-27 13:00:00+00:00,2013-07-27 13:00:00+00:00,-1,-1.0000000000030522,SL,False
S2R2-06,daily_expansion,GBPJPY,2013-07-28 10:00:00+00:00,2013-07-28 10:15:00+00:00,2013-07-28 10:15:00+00:00,-1,-0.9999999956518878,SL,False
S2R2-06,daily_expansion,GBPJPY,2013-07-28 10:15:00+00:00,2013-07-28 10:30:00+00:00,2013-07-28 10:30:00+00:00,-1,-1.0000000027573002,SL,False
S2R2-06,daily_expansion,GBPJPY,2013-07-28 10:30:00+00:00,2013-07-28 10:45:00+00:00,2013-07-28 10:45:00+00:00,-1,-1.0000000053079612,SL,False
S2R2-06,daily_expansion,GBPJPY,2013-07-28 10:45:00+00:00,2013-07-28 11:00:00+00:00,2013-07-28 11:00:00+00:00,-1,-1.0000000016454738,SL,False
S2R2-06,daily_expansion,GBPJPY,2013-07-28 11:00:00+00:00,2013-07-28 11:15:00+00:00,2013-07-28 11:15:00+00:00,-1,-0.9999999996733652,SL,False
S2R2-06,daily_expansion,GBPJPY,2013-07-28 11:15:00+00:00,2013-07-28 11:30:00+00:00,2013-07-28 11:30:00+00:00,-1,-0.9999999933019372,SL,False
S2R2-06,daily_expansion,GBPJPY,2013-07-28 11:30:00+00:00,2013-07-28 11:45:00+00:00,2013-07-28 11:45:00+00:00,-1,-0.9999999921583476,SL,False
S2R2-06,daily_expansion,GBPJPY,2013-07-28 11:45:00+00:00,2013-07-28 12:00:00+00:00,2013-07-28 12:00:00+00:00,-1,-0.9999999970845797,SL,False
S2R2-06,daily_expansion,GBPJPY,2013-07-28 12:00:00+00:00,2013-07-28 12:15:00+00:00,2013-07-28 12:15:00+00:00,-1,-0.9999999970845797,SL,False
S2R2-06,daily_expansion,GBPJPY,2013-07-28 12:15:00+00:00,2013-07-28 12:30:00+00:00,2013-07-28 12:30:00+00:00,-1,-0.9999999985128956,SL,False
S2R2-06,daily_expansion,GBPJPY,2013-07-28 12:30:00+00:00,2013-07-28 12:45:00+00:00,2013-07-28 12:45:00+00:00,-1,-0.9999999908219639,SL,False
S2R2-06,daily_expansion,GBPJPY,2013-07-28 12:45:00+00:00,2013-07-28 13:00:00+00:00,2013-07-28 13:00:00+00:00,-1,-0.9999999891654554,SL,False
S2R2-06,daily_expansion,GBPJPY,2013-07-29 10:00:00+00:00,2013-07-29 10:15:00+00:00,2013-07-29 16:00:00+00:00,-1,1.4999999999999885,TP,False
S2R2-06,daily_expansion,GBPJPY,2013-08-03 10:00:00+00:00,2013-08-03 10:15:00+00:00,2013-08-03 10:15:00+00:00,1,-0.9999999999998793,SL,False
S2R2-06,daily_expansion,GBPJPY,2013-08-03 10:15:00+00:00,2013-08-03 10:30:00+00:00,2013-08-03 10:30:00+00:00,1,-1.0000000000024933,SL,False
S2R2-06,daily_expansion,GBPJPY,2013-08-03 10:30:00+00:00,2013-08-03 10:45:00+00:00,2013-08-03 10:45:00+00:00,1,-0.999999999996863,SL,False
S2R2-06,daily_expansion,GBPJPY,2013-08-03 10:45:00+00:00,2013-08-03 11:00:00+00:00,2013-08-03 11:00:00+00:00,1,-1.0000000000052003,SL,False
S2R2-06,daily_expansion,GBPJPY,2013-08-03 11:00:00+00:00,2013-08-03 11:15:00+00:00,2013-08-03 11:15:00+00:00,1,-1.000000000004384,SL,False
S2R2-06,daily_expansion,GBPJPY,2013-08-03 11:15:00+00:00,2013-08-03 11:30:00+00:00,2013-08-03 11:30:00+00:00,1,-1.000000000001747,SL,False
S2R2-06,daily_expansion,GBPJPY,2013-08-03 11:30:00+00:00,2013-08-03 11:45:00+00:00,2013-08-03 11:45:00+00:00,1,-1.0000000000008002,SL,False
S2R2-06,daily_expansion,GBPJPY,2013-08-03 11:45:00+00:00,2013-08-03 12:00:00+00:00,2013-08-03 12:00:00+00:00,1,-0.9999999999957029,SL,False
S2R2-06,daily_expansion,GBPJPY,2013-08-03 12:00:00+00:00,2013-08-03 12:15:00+00:00,2013-08-03 12:15:00+00:00,1,-0.9999999999968009,SL,False
S2R2-06,daily_expansion,GBPJPY,2013-08-03 12:15:00+00:00,2013-08-03 12:30:00+00:00,2013-08-03 12:30:00+00:00,1,-1.0000000000015303,SL,False
S2R2-06,daily_expansion,GBPJPY,2013-08-03 12:30:00+00:00,2013-08-03 12:45:00+00:00,2013-08-03 12:45:00+00:00,1,-1.0000000000028035,SL,False
S2R2-06,daily_expansion,GBPJPY,2013-08-03 12:45:00+00:00,2013-08-03 13:00:00+00:00,2013-08-03 13:00:00+00:00,1,-1.0000000000041747,SL,False
S2R2-06,daily_expansion,GBPJPY,2013-08-04 10:00:00+00:00,2013-08-04 10:15:00+00:00,2013-08-04 10:15:00+00:00,1,-1.0000000032549157,SL,False
S2R2-06,daily_expansion,GBPJPY,2013-08-04 10:15:00+00:00,2013-08-04 10:30:00+00:00,2013-08-04 10:30:00+00:00,1,-0.9999999984338013,SL,False
S2R2-06,daily_expansion,GBPJPY,2013-08-04 10:30:00+00:00,2013-08-04 10:45:00+00:00,2013-08-04 10:45:00+00:00,1,-1.0000000010297858,SL,False
S2R2-06,daily_expansion,GBPJPY,2013-08-04 10:45:00+00:00,2013-08-04 11:00:00+00:00,2013-08-04 11:00:00+00:00,1,-1.000000000097894,SL,False
S2R2-06,daily_expansion,GBPJPY,2013-08-04 11:00:00+00:00,2013-08-04 11:15:00+00:00,2013-08-04 11:15:00+00:00,1,-0.9999999950800144,SL,False
S2R2-06,daily_expansion,GBPJPY,2013-08-04 11:15:00+00:00,2013-08-04 11:30:00+00:00,2013-08-04 11:30:00+00:00,1,-1.0000000004838845,SL,False
S2R2-06,daily_expansion,GBPJPY,2013-08-04 11:30:00+00:00,2013-08-04 11:45:00+00:00,2013-08-04 11:45:00+00:00,1,-1.0000000074673476,SL,False
S2R2-06,daily_expansion,GBPJPY,2013-08-04 11:45:00+00:00,2013-08-04 12:00:00+00:00,2013-08-04 12:00:00+00:00,1,-0.9999999999466951,SL,False
S2R2-06,daily_expansion,GBPJPY,2013-08-04 12:00:00+00:00,2013-08-04 12:15:00+00:00,2013-08-04 12:15:00+00:00,1,-0.999999999946695,SL,False
S2R2-06,daily_expansion,GBPJPY,2013-08-04 12:15:00+00:00,2013-08-04 12:30:00+00:00,2013-08-04 12:30:00+00:00,1,-1.0000000086688718,SL,False
S2R2-06,daily_expansion,GBPJPY,2013-08-04 12:30:00+00:00,2013-08-04 12:45:00+00:00,2013-08-04 12:45:00+00:00,1,-0.9999999945792013,SL,False
S2R2-06,daily_expansion,GBPJPY,2013-08-04 12:45:00+00:00,2013-08-04 13:00:00+00:00,2013-08-04 13:00:00+00:00,1,-1.000000001322975,SL,False
S2R2-06,daily_expansion,GBPJPY,2013-08-23 10:00:00+00:00,2013-08-23 10:15:00+00:00,2013-08-23 11:00:00+00:00,1,-0.9999999999999631,SL,False
S2R2-06,daily_expansion,GBPJPY,2013-09-04 10:00:00+00:00,2013-09-04 10:15:00+00:00,2013-09-04 10:45:00+00:00,1,-0.9999999999999214,SL,False
S2R2-06,daily_expansion,GBPJPY,2013-09-05 10:00:00+00:00,2013-09-05 10:15:00+00:00,2013-09-05 11:00:00+00:00,1,1.500000000000006,TP,False
S2R2-06,daily_expansion,GBPJPY,2013-09-05 11:00:00+00:00,2013-09-05 11:15:00+00:00,2013-09-05 12:00:00+00:00,1,-0.9999999999999506,SL,False
S2R2-06,daily_expansion,GBPJPY,2013-09-07 10:00:00+00:00,2013-09-07 10:15:00+00:00,2013-09-07 10:15:00+00:00,-1,-0.9999999999969019,SL,False
S2R2-06,daily_expansion,GBPJPY,2013-09-07 10:15:00+00:00,2013-09-07 10:30:00+00:00,2013-09-07 10:30:00+00:00,-1,-1.0000000000014413,SL,False
S2R2-06,daily_expansion,GBPJPY,2013-09-07 10:30:00+00:00,2013-09-07 10:45:00+00:00,2013-09-07 10:45:00+00:00,-1,-0.9999999999958542,SL,False
S2R2-06,daily_expansion,GBPJPY,2013-09-07 10:45:00+00:00,2013-09-07 11:00:00+00:00,2013-09-07 11:00:00+00:00,-1,-0.9999999999966063,SL,False
S2R2-06,daily_expansion,GBPJPY,2013-09-07 11:00:00+00:00,2013-09-07 11:15:00+00:00,2013-09-07 11:15:00+00:00,-1,-0.9999999999990361,SL,False
S2R2-06,daily_expansion,GBPJPY,2013-09-07 11:15:00+00:00,2013-09-07 11:30:00+00:00,2013-09-07 11:30:00+00:00,-1,-1.000000000006014,SL,False
S2R2-06,daily_expansion,GBPJPY,2013-09-07 11:30:00+00:00,2013-09-07 11:45:00+00:00,2013-09-07 11:45:00+00:00,-1,-1.0000000000060139,SL,False
S2R2-06,daily_expansion,GBPJPY,2013-09-07 11:45:00+00:00,2013-09-07 12:00:00+00:00,2013-09-07 12:00:00+00:00,-1,-1.000000000000956,SL,False
S2R2-06,daily_expansion,GBPJPY,2013-09-07 12:00:00+00:00,2013-09-07 12:15:00+00:00,2013-09-07 12:15:00+00:00,-1,-1.0000000000053133,SL,False
S2R2-06,daily_expansion,GBPJPY,2013-09-07 12:15:00+00:00,2013-09-07 12:30:00+00:00,2013-09-07 12:30:00+00:00,-1,-1.000000000001794,SL,False
S2R2-06,daily_expansion,GBPJPY,2013-09-07 12:30:00+00:00,2013-09-07 12:45:00+00:00,2013-09-07 12:45:00+00:00,-1,-1.0000000000068476,SL,False
S2R2-06,daily_expansion,GBPJPY,2013-09-07 12:45:00+00:00,2013-09-07 13:00:00+00:00,2013-09-07 13:00:00+00:00,-1,-0.9999999999986838,SL,False
S2R2-06,daily_expansion,GBPJPY,2013-09-08 10:00:00+00:00,2013-09-08 10:15:00+00:00,2013-09-08 10:15:00+00:00,-1,-1.0000000046151578,SL,False
S2R2-06,daily_expansion,GBPJPY,2013-09-08 10:15:00+00:00,2013-09-08 10:30:00+00:00,2013-09-08 10:30:00+00:00,-1,-0.9999999950474422,SL,False
S2R2-06,daily_expansion,GBPJPY,2013-09-08 10:30:00+00:00,2013-09-08 10:45:00+00:00,2013-09-08 10:45:00+00:00,-1,-1.0000000053511358,SL,False
S2R2-06,daily_expansion,GBPJPY,2013-09-08 10:45:00+00:00,2013-09-08 11:00:00+00:00,2013-09-08 11:00:00+00:00,-1,-0.9999999979536124,SL,False
S2R2-06,daily_expansion,GBPJPY,2013-09-08 11:00:00+00:00,2013-09-08 11:15:00+00:00,2013-09-08 11:15:00+00:00,-1,-1.0000000009410737,SL,False
S2R2-06,daily_expansion,GBPJPY,2013-09-08 11:15:00+00:00,2013-09-08 11:30:00+00:00,2013-09-08 11:30:00+00:00,-1,-1.000000006303184,SL,False
S2R2-06,daily_expansion,GBPJPY,2013-09-08 11:30:00+00:00,2013-09-08 11:45:00+00:00,2013-09-08 11:45:00+00:00,-1,-0.9999999959089393,SL,False
S2R2-06,daily_expansion,GBPJPY,2013-09-08 11:45:00+00:00,2013-09-08 12:00:00+00:00,2013-09-08 12:00:00+00:00,-1,-1.0000000021277182,SL,False
S2R2-06,daily_expansion,GBPJPY,2013-09-08 12:00:00+00:00,2013-09-08 12:15:00+00:00,2013-09-08 12:15:00+00:00,-1,-1.0000000088248646,SL,False
S2R2-06,daily_expansion,GBPJPY,2013-09-08 12:15:00+00:00,2013-09-08 12:30:00+00:00,2013-09-08 12:30:00+00:00,-1,-0.9999999987276285,SL,False
S2R2-06,daily_expansion,GBPJPY,2013-09-08 12:30:00+00:00,2013-09-08 12:45:00+00:00,2013-09-08 12:45:00+00:00,-1,-0.9999999940673655,SL,False
S2R2-06,daily_expansion,GBPJPY,2013-09-08 12:45:00+00:00,2013-09-08 13:00:00+00:00,2013-09-08 13:00:00+00:00,-1,-1.0000000024319398,SL,False
S2R2-06,daily_expansion,GBPJPY,2013-10-05 10:00:00+00:00,2013-10-05 10:15:00+00:00,2013-10-05 10:15:00+00:00,-1,-0.999999999999647,SL,False
S2R2-06,daily_expansion,GBPJPY,2013-10-05 10:15:00+00:00,2013-10-05 10:30:00+00:00,2013-10-05 10:30:00+00:00,-1,-0.9999999999980808,SL,False
S2R2-06,daily_expansion,GBPJPY,2013-10-05 10:30:00+00:00,2013-10-05 10:45:00+00:00,2013-10-05 10:45:00+00:00,-1,-1.000000000003984,SL,False
S2R2-06,daily_expansion,GBPJPY,2013-10-05 10:45:00+00:00,2013-10-05 11:00:00+00:00,2013-10-05 11:00:00+00:00,-1,-1.000000000000351,SL,False
S2R2-06,daily_expansion,GBPJPY,2013-10-05 11:00:00+00:00,2013-10-05 11:15:00+00:00,2013-10-05 11:15:00+00:00,-1,-0.9999999999935048,SL,False
S2R2-06,daily_expansion,GBPJPY,2013-10-05 11:15:00+00:00,2013-10-05 11:30:00+00:00,2013-10-05 11:30:00+00:00,-1,-0.9999999999935048,SL,False
S2R2-06,daily_expansion,GBPJPY,2013-10-05 11:30:00+00:00,2013-10-05 11:45:00+00:00,2013-10-05 11:45:00+00:00,-1,-0.9999999999935048,SL,False
S2R2-06,daily_expansion,GBPJPY,2013-10-05 11:45:00+00:00,2013-10-05 12:00:00+00:00,2013-10-05 12:00:00+00:00,-1,-0.9999999999996125,SL,False
S2R2-06,daily_expansion,GBPJPY,2013-10-05 12:00:00+00:00,2013-10-05 12:15:00+00:00,2013-10-05 12:15:00+00:00,-1,-0.9999999999996124,SL,False
S2R2-06,daily_expansion,GBPJPY,2013-10-05 12:15:00+00:00,2013-10-05 12:30:00+00:00,2013-10-05 12:30:00+00:00,-1,-1.0000000000024458,SL,False
S2R2-06,daily_expansion,GBPJPY,2013-10-05 12:30:00+00:00,2013-10-05 12:45:00+00:00,2013-10-05 12:45:00+00:00,-1,-1.0000000000009202,SL,False
S2R2-06,daily_expansion,GBPJPY,2013-10-05 12:45:00+00:00,2013-10-05 13:00:00+00:00,2013-10-05 13:00:00+00:00,-1,-0.999999999991062,SL,False
S2R2-06,daily_expansion,GBPJPY,2013-10-06 10:00:00+00:00,2013-10-06 10:15:00+00:00,2013-10-06 10:15:00+00:00,-1,-1.0000000054611842,SL,False
S2R2-06,daily_expansion,GBPJPY,2013-10-06 10:15:00+00:00,2013-10-06 10:30:00+00:00,2013-10-06 10:30:00+00:00,-1,-0.9999999948705619,SL,False
S2R2-06,daily_expansion,GBPJPY,2013-10-06 10:30:00+00:00,2013-10-06 10:45:00+00:00,2013-10-06 10:45:00+00:00,-1,-0.9999999927968736,SL,False
S2R2-06,daily_expansion,GBPJPY,2013-10-06 10:45:00+00:00,2013-10-06 11:00:00+00:00,2013-10-06 11:00:00+00:00,-1,-0.9999999983798804,SL,False
S2R2-06,daily_expansion,GBPJPY,2013-10-06 11:00:00+00:00,2013-10-06 11:15:00+00:00,2013-10-06 11:15:00+00:00,-1,-0.9999999971773866,SL,False
S2R2-06,daily_expansion,GBPJPY,2013-10-06 11:15:00+00:00,2013-10-06 11:30:00+00:00,2013-10-06 11:30:00+00:00,-1,-1.0000000023573599,SL,False
S2R2-06,daily_expansion,GBPJPY,2013-10-06 11:30:00+00:00,2013-10-06 11:45:00+00:00,2013-10-06 11:45:00+00:00,-1,-1.0000000065411845,SL,False
S2R2-06,daily_expansion,GBPJPY,2013-10-06 11:45:00+00:00,2013-10-06 12:00:00+00:00,2013-10-06 12:00:00+00:00,-1,-0.9999999960279842,SL,False
S2R2-06,daily_expansion,GBPJPY,2013-10-06 12:00:00+00:00,2013-10-06 12:15:00+00:00,2013-10-06 12:15:00+00:00,-1,-0.9999999927931532,SL,False
S2R2-06,daily_expansion,GBPJPY,2013-10-06 12:15:00+00:00,2013-10-06 12:30:00+00:00,2013-10-06 12:30:00+00:00,-1,-1.000000006727809,SL,False
S2R2-06,daily_expansion,GBPJPY,2013-10-06 12:30:00+00:00,2013-10-06 12:45:00+00:00,2013-10-06 12:45:00+00:00,-1,-0.9999999917212565,SL,False
S2R2-06,daily_expansion,GBPJPY,2013-10-06 12:45:00+00:00,2013-10-06 13:00:00+00:00,2013-10-06 13:00:00+00:00,-1,-0.9999999998017078,SL,False
S2R2-06,daily_expansion,GBPJPY,2013-10-07 10:00:00+00:00,2013-10-07 10:15:00+00:00,2013-10-07 10:45:00+00:00,-1,-0.9999999999999897,SL,False
S2R2-06,daily_expansion,GBPJPY,2013-10-07 10:45:00+00:00,2013-10-07 11:00:00+00:00,2013-10-07 12:30:00+00:00,-1,-1.000000000000044,SL,False
S2R2-06,daily_expansion,GBPJPY,2013-10-07 12:30:00+00:00,2013-10-07 12:45:00+00:00,2013-10-07 14:15:00+00:00,-1,-1.0000000000000013,SL,False
S2R2-06,daily_expansion,GBPJPY,2013-10-11 10:00:00+00:00,2013-10-11 10:15:00+00:00,2013-10-11 10:45:00+00:00,1,-0.9999999999999891,SL,False
S2R2-06,daily_expansion,GBPJPY,2013-10-12 10:00:00+00:00,2013-10-12 10:15:00+00:00,2013-10-12 10:15:00+00:00,1,-1.000000000000471,SL,False
S2R2-06,daily_expansion,GBPJPY,2013-10-12 10:15:00+00:00,2013-10-12 10:30:00+00:00,2013-10-12 10:30:00+00:00,1,-0.9999999999944952,SL,False
S2R2-06,daily_expansion,GBPJPY,2013-10-12 10:30:00+00:00,2013-10-12 10:45:00+00:00,2013-10-12 10:45:00+00:00,1,-0.9999999999944951,SL,False
S2R2-06,daily_expansion,GBPJPY,2013-10-12 10:45:00+00:00,2013-10-12 11:00:00+00:00,2013-10-12 11:00:00+00:00,1,-1.0000000000043958,SL,False
S2R2-06,daily_expansion,GBPJPY,2013-10-12 11:00:00+00:00,2013-10-12 11:15:00+00:00,2013-10-12 11:15:00+00:00,1,-1.0000000000065281,SL,False
S2R2-06,daily_expansion,GBPJPY,2013-10-12 11:15:00+00:00,2013-10-12 11:30:00+00:00,2013-10-12 11:30:00+00:00,1,-0.9999999999973422,SL,False
S2R2-06,daily_expansion,GBPJPY,2013-10-12 11:30:00+00:00,2013-10-12 11:45:00+00:00,2013-10-12 11:45:00+00:00,1,-1.0000000000022884,SL,False
S2R2-06,daily_expansion,GBPJPY,2013-10-12 11:45:00+00:00,2013-10-12 12:00:00+00:00,2013-10-12 12:00:00+00:00,1,-0.9999999999942982,SL,False
S2R2-06,daily_expansion,GBPJPY,2013-10-12 12:00:00+00:00,2013-10-12 12:15:00+00:00,2013-10-12 12:15:00+00:00,1,-0.9999999999986006,SL,False
S2R2-06,daily_expansion,GBPJPY,2013-10-12 12:15:00+00:00,2013-10-12 12:30:00+00:00,2013-10-12 12:30:00+00:00,1,-0.9999999999986005,SL,False
S2R2-06,daily_expansion,GBPJPY,2013-10-12 12:30:00+00:00,2013-10-12 12:45:00+00:00,2013-10-12 12:45:00+00:00,1,-0.9999999999969372,SL,False
S2R2-06,daily_expansion,GBPJPY,2013-10-12 12:45:00+00:00,2013-10-12 13:00:00+00:00,2013-10-12 13:00:00+00:00,1,-0.9999999999897725,SL,False
S2R2-06,daily_expansion,GBPJPY,2013-10-13 10:00:00+00:00,2013-10-13 10:15:00+00:00,2013-10-13 10:15:00+00:00,1,-0.9999999959662909,SL,False
S2R2-06,daily_expansion,GBPJPY,2013-10-13 10:15:00+00:00,2013-10-13 10:30:00+00:00,2013-10-13 10:30:00+00:00,1,-0.9999999991150851,SL,False
S2R2-06,daily_expansion,GBPJPY,2013-10-13 10:30:00+00:00,2013-10-13 10:45:00+00:00,2013-10-13 10:45:00+00:00,1,-1.0000000025060942,SL,False
S2R2-06,daily_expansion,GBPJPY,2013-10-13 10:45:00+00:00,2013-10-13 11:00:00+00:00,2013-10-13 11:00:00+00:00,1,-0.9999999976369528,SL,False
S2R2-06,daily_expansion,GBPJPY,2013-10-13 11:00:00+00:00,2013-10-13 11:15:00+00:00,2013-10-13 11:15:00+00:00,1,-0.9999999963260302,SL,False
S2R2-06,daily_expansion,GBPJPY,2013-10-13 11:15:00+00:00,2013-10-13 11:30:00+00:00,2013-10-13 11:30:00+00:00,1,-1.0000000047966073,SL,False
S2R2-06,daily_expansion,GBPJPY,2013-10-13 11:30:00+00:00,2013-10-13 11:45:00+00:00,2013-10-13 11:45:00+00:00,1,-0.9999999895930072,SL,False
S2R2-06,daily_expansion,GBPJPY,2013-10-13 11:45:00+00:00,2013-10-13 12:00:00+00:00,2013-10-13 12:00:00+00:00,1,-1.0000000108780476,SL,False
S2R2-06,daily_expansion,GBPJPY,2013-10-13 12:00:00+00:00,2013-10-13 12:15:00+00:00,2013-10-13 12:15:00+00:00,1,-0.9999999914822117,SL,False
S2R2-06,daily_expansion,GBPJPY,2013-10-13 12:15:00+00:00,2013-10-13 12:30:00+00:00,2013-10-13 12:30:00+00:00,1,-0.9999999876844258,SL,False
S2R2-06,daily_expansion,GBPJPY,2013-10-13 12:30:00+00:00,2013-10-13 12:45:00+00:00,2013-10-13 12:45:00+00:00,1,-0.9999999897293875,SL,False
S2R2-06,daily_expansion,GBPJPY,2013-10-13 12:45:00+00:00,2013-10-13 13:00:00+00:00,2013-10-13 13:00:00+00:00,1,-0.9999999963361867,SL,False
S2R2-06,daily_expansion,GBPJPY,2013-10-21 10:00:00+00:00,2013-10-21 10:15:00+00:00,2013-10-21 16:00:00+00:00,1,-0.39282311219883126,TIME,False
S2R2-06,daily_expansion,GBPJPY,2013-10-22 12:45:00+00:00,2013-10-22 13:00:00+00:00,2013-10-22 13:00:00+00:00,1,1.4999999999999105,TP,False
S2R2-06,daily_expansion,GBPJPY,2013-10-28 10:00:00+00:00,2013-10-28 10:15:00+00:00,2013-10-28 11:15:00+00:00,1,-1.0000000000000278,SL,False
S2R2-06,daily_expansion,GBPJPY,2013-10-30 11:00:00+00:00,2013-10-30 11:15:00+00:00,2013-10-30 11:30:00+00:00,1,-0.9999999999999019,SL,False
S2R2-06,daily_expansion,GBPJPY,2013-10-30 11:30:00+00:00,2013-10-30 11:45:00+00:00,2013-10-30 12:15:00+00:00,1,-1.0000000000000693,SL,False
S2R2-06,daily_expansion,GBPJPY,2013-10-30 12:15:00+00:00,2013-10-30 12:30:00+00:00,2013-10-30 17:45:00+00:00,1,-0.9999999999999752,SL,False
S2R2-06,daily_expansion,GBPJPY,2013-11-02 10:00:00+00:00,2013-11-02 10:15:00+00:00,2013-11-02 10:15:00+00:00,-1,-0.9999999999995575,SL,False
S2R2-06,daily_expansion,GBPJPY,2013-11-02 10:15:00+00:00,2013-11-02 10:30:00+00:00,2013-11-02 10:30:00+00:00,-1,-0.9999999999969666,SL,False
S2R2-06,daily_expansion,GBPJPY,2013-11-02 10:30:00+00:00,2013-11-02 10:45:00+00:00,2013-11-02 10:45:00+00:00,-1,-0.9999999999951065,SL,False
S2R2-06,daily_expansion,GBPJPY,2013-11-02 10:45:00+00:00,2013-11-02 11:00:00+00:00,2013-11-02 11:00:00+00:00,-1,-1.000000000003119,SL,False
S2R2-06,daily_expansion,GBPJPY,2013-11-02 11:00:00+00:00,2013-11-02 11:15:00+00:00,2013-11-02 11:15:00+00:00,-1,-1.000000000003119,SL,False
S2R2-06,daily_expansion,GBPJPY,2013-11-02 11:15:00+00:00,2013-11-02 11:30:00+00:00,2013-11-02 11:30:00+00:00,-1,-0.9999999999973109,SL,False
S2R2-06,daily_expansion,GBPJPY,2013-11-02 11:30:00+00:00,2013-11-02 11:45:00+00:00,2013-11-02 11:45:00+00:00,-1,-0.9999999999998128,SL,False
S2R2-06,daily_expansion,GBPJPY,2013-11-02 11:45:00+00:00,2013-11-02 12:00:00+00:00,2013-11-02 12:00:00+00:00,-1,-0.9999999999930768,SL,False
S2R2-06,daily_expansion,GBPJPY,2013-11-02 12:00:00+00:00,2013-11-02 12:15:00+00:00,2013-11-02 12:15:00+00:00,-1,-1.0000000000061342,SL,False
S2R2-06,daily_expansion,GBPJPY,2013-11-02 12:15:00+00:00,2013-11-02 12:30:00+00:00,2013-11-02 12:30:00+00:00,-1,-1.0000000000045717,SL,False
S2R2-06,daily_expansion,GBPJPY,2013-11-02 12:30:00+00:00,2013-11-02 12:45:00+00:00,2013-11-02 12:45:00+00:00,-1,-1.000000000011302,SL,False
S2R2-06,daily_expansion,GBPJPY,2013-11-02 12:45:00+00:00,2013-11-02 13:00:00+00:00,2013-11-02 13:00:00+00:00,-1,-0.9999999999931816,SL,False
S2R2-06,daily_expansion,GBPJPY,2013-11-03 10:00:00+00:00,2013-11-03 10:15:00+00:00,2013-11-03 10:15:00+00:00,-1,-0.9999999965594666,SL,False
S2R2-06,daily_expansion,GBPJPY,2013-11-03 10:15:00+00:00,2013-11-03 10:30:00+00:00,2013-11-03 10:30:00+00:00,-1,-0.9999999984556425,SL,False
S2R2-06,daily_expansion,GBPJPY,2013-11-03 10:30:00+00:00,2013-11-03 10:45:00+00:00,2013-11-03 10:45:00+00:00,-1,-1.0000000025397138,SL,False
S2R2-06,daily_expansion,GBPJPY,2013-11-03 10:45:00+00:00,2013-11-03 11:00:00+00:00,2013-11-03 11:00:00+00:00,-1,-1.000000001073637,SL,False
S2R2-06,daily_expansion,GBPJPY,2013-11-03 11:00:00+00:00,2013-11-03 11:15:00+00:00,2013-11-03 11:15:00+00:00,-1,-0.9999999947582291,SL,False
S2R2-06,daily_expansion,GBPJPY,2013-11-03 11:15:00+00:00,2013-11-03 11:30:00+00:00,2013-11-03 11:30:00+00:00,-1,-0.9999999998591353,SL,False
S2R2-06,daily_expansion,GBPJPY,2013-11-03 11:30:00+00:00,2013-11-03 11:45:00+00:00,2013-11-03 11:45:00+00:00,-1,-1.0000000044368718,SL,False
S2R2-06,daily_expansion,GBPJPY,2013-11-03 11:45:00+00:00,2013-11-03 12:00:00+00:00,2013-11-03 12:00:00+00:00,-1,-0.9999999995070017,SL,False
S2R2-06,daily_expansion,GBPJPY,2013-11-03 12:00:00+00:00,2013-11-03 12:15:00+00:00,2013-11-03 12:15:00+00:00,-1,-0.9999999984451834,SL,False
S2R2-06,daily_expansion,GBPJPY,2013-11-03 12:15:00+00:00,2013-11-03 12:30:00+00:00,2013-11-03 12:30:00+00:00,-1,-1.000000001875673,SL,False
S2R2-06,daily_expansion,GBPJPY,2013-11-03 12:30:00+00:00,2013-11-03 12:45:00+00:00,2013-11-03 12:45:00+00:00,-1,-0.999999995718384,SL,False
S2R2-06,daily_expansion,GBPJPY,2013-11-03 12:45:00+00:00,2013-11-03 13:00:00+00:00,2013-11-03 13:00:00+00:00,-1,-1.0000000023493103,SL,False
S2R2-06,daily_expansion,GBPJPY,2013-11-16 10:00:00+00:00,2013-11-16 10:15:00+00:00,2013-11-16 10:15:00+00:00,1,-0.9999999999955258,SL,False
S2R2-06,daily_expansion,GBPJPY,2013-11-16 10:15:00+00:00,2013-11-16 10:30:00+00:00,2013-11-16 10:30:00+00:00,1,-1.000000000001827,SL,False
S2R2-06,daily_expansion,GBPJPY,2013-11-16 10:30:00+00:00,2013-11-16 10:45:00+00:00,2013-11-16 10:45:00+00:00,1,-1.0000000000048428,SL,False
S2R2-06,daily_expansion,GBPJPY,2013-11-16 10:45:00+00:00,2013-11-16 11:00:00+00:00,2013-11-16 11:00:00+00:00,1,-0.9999999999959108,SL,False
S2R2-06,daily_expansion,GBPJPY,2013-11-16 11:00:00+00:00,2013-11-16 11:15:00+00:00,2013-11-16 11:15:00+00:00,1,-1.0000000000020322,SL,False
S2R2-06,daily_expansion,GBPJPY,2013-11-16 11:15:00+00:00,2013-11-16 11:30:00+00:00,2013-11-16 11:30:00+00:00,1,-1.0000000000001485,SL,False
S2R2-06,daily_expansion,GBPJPY,2013-11-16 11:30:00+00:00,2013-11-16 11:45:00+00:00,2013-11-16 11:45:00+00:00,1,-0.9999999999930494,SL,False
S2R2-06,daily_expansion,GBPJPY,2013-11-16 11:45:00+00:00,2013-11-16 12:00:00+00:00,2013-11-16 12:00:00+00:00,1,-0.9999999999974181,SL,False
S2R2-06,daily_expansion,GBPJPY,2013-11-16 12:00:00+00:00,2013-11-16 12:15:00+00:00,2013-11-16 12:15:00+00:00,1,-0.9999999999985942,SL,False
S2R2-06,daily_expansion,GBPJPY,2013-11-16 12:15:00+00:00,2013-11-16 12:30:00+00:00,2013-11-16 12:30:00+00:00,1,-0.9999999999922609,SL,False
S2R2-06,daily_expansion,GBPJPY,2013-11-16 12:30:00+00:00,2013-11-16 12:45:00+00:00,2013-11-16 12:45:00+00:00,1,-1.0000000000031737,SL,False
S2R2-06,daily_expansion,GBPJPY,2013-11-16 12:45:00+00:00,2013-11-16 13:00:00+00:00,2013-11-16 13:00:00+00:00,1,-0.9999999999987665,SL,False
S2R2-06,daily_expansion,GBPJPY,2013-11-17 10:00:00+00:00,2013-11-17 10:15:00+00:00,2013-11-17 10:15:00+00:00,1,-1.0000000050002655,SL,False
S2R2-06,daily_expansion,GBPJPY,2013-11-17 10:15:00+00:00,2013-11-17 10:30:00+00:00,2013-11-17 10:30:00+00:00,1,-1.0000000050002655,SL,False
S2R2-06,daily_expansion,GBPJPY,2013-11-17 10:30:00+00:00,2013-11-17 10:45:00+00:00,2013-11-17 10:45:00+00:00,1,-1.0000000024177893,SL,False
S2R2-06,daily_expansion,GBPJPY,2013-11-17 10:45:00+00:00,2013-11-17 11:00:00+00:00,2013-11-17 11:00:00+00:00,1,-1.000000003344832,SL,False
S2R2-06,daily_expansion,GBPJPY,2013-11-17 11:00:00+00:00,2013-11-17 11:15:00+00:00,2013-11-17 11:15:00+00:00,1,-1.0000000013481245,SL,False
S2R2-06,daily_expansion,GBPJPY,2013-11-17 11:15:00+00:00,2013-11-17 11:30:00+00:00,2013-11-17 11:30:00+00:00,1,-1.0000000013481245,SL,False
S2R2-06,daily_expansion,GBPJPY,2013-11-17 11:30:00+00:00,2013-11-17 11:45:00+00:00,2013-11-17 11:45:00+00:00,1,-0.9999999944010003,SL,False
S2R2-06,daily_expansion,GBPJPY,2013-11-17 11:45:00+00:00,2013-11-17 12:00:00+00:00,2013-11-17 12:00:00+00:00,1,-0.9999999919071607,SL,False
S2R2-06,daily_expansion,GBPJPY,2013-11-17 12:00:00+00:00,2013-11-17 12:15:00+00:00,2013-11-17 12:15:00+00:00,1,-1.000000001307017,SL,False
S2R2-06,daily_expansion,GBPJPY,2013-11-17 12:15:00+00:00,2013-11-17 12:30:00+00:00,2013-11-17 12:30:00+00:00,1,-1.0000000041992805,SL,False
S2R2-06,daily_expansion,GBPJPY,2013-11-17 12:30:00+00:00,2013-11-17 12:45:00+00:00,2013-11-17 12:45:00+00:00,1,-1.0000000010845354,SL,False
S2R2-06,daily_expansion,GBPJPY,2013-11-17 12:45:00+00:00,2013-11-17 13:00:00+00:00,2013-11-17 13:00:00+00:00,1,-0.9999999893443413,SL,False
S2R2-06,daily_expansion,GBPJPY,2013-11-22 12:15:00+00:00,2013-11-22 12:30:00+00:00,2013-11-22 13:00:00+00:00,1,-1.000000000000052,SL,False
S2R2-06,daily_expansion,GBPJPY,2013-11-23 10:00:00+00:00,2013-11-23 10:15:00+00:00,2013-11-23 10:15:00+00:00,1,-0.9999999999995276,SL,False
S2R2-06,daily_expansion,GBPJPY,2013-11-23 10:15:00+00:00,2013-11-23 10:30:00+00:00,2013-11-23 10:30:00+00:00,1,-1.000000000003018,SL,False
S2R2-06,daily_expansion,GBPJPY,2013-11-23 10:30:00+00:00,2013-11-23 10:45:00+00:00,2013-11-23 10:45:00+00:00,1,-1.0000000000000109,SL,False
S2R2-06,daily_expansion,GBPJPY,2013-11-23 10:45:00+00:00,2013-11-23 11:00:00+00:00,2013-11-23 11:00:00+00:00,1,-1.0000000000040594,SL,False
S2R2-06,daily_expansion,GBPJPY,2013-11-23 11:00:00+00:00,2013-11-23 11:15:00+00:00,2013-11-23 11:15:00+00:00,1,-0.9999999999962118,SL,False
S2R2-06,daily_expansion,GBPJPY,2013-11-23 11:15:00+00:00,2013-11-23 11:30:00+00:00,2013-11-23 11:30:00+00:00,1,-1.0000000000037237,SL,False
S2R2-06,daily_expansion,GBPJPY,2013-11-23 11:30:00+00:00,2013-11-23 11:45:00+00:00,2013-11-23 11:45:00+00:00,1,-1.0000000000047349,SL,False
S2R2-06,daily_expansion,GBPJPY,2013-11-23 11:45:00+00:00,2013-11-23 12:00:00+00:00,2013-11-23 12:00:00+00:00,1,-1.000000000001468,SL,False
S2R2-06,daily_expansion,GBPJPY,2013-11-23 12:00:00+00:00,2013-11-23 12:15:00+00:00,2013-11-23 12:15:00+00:00,1,-0.9999999999979496,SL,False
S2R2-06,daily_expansion,GBPJPY,2013-11-23 12:15:00+00:00,2013-11-23 12:30:00+00:00,2013-11-23 12:30:00+00:00,1,-1.0000000000030014,SL,False
S2R2-06,daily_expansion,GBPJPY,2013-11-23 12:30:00+00:00,2013-11-23 12:45:00+00:00,2013-11-23 12:45:00+00:00,1,-0.9999999999975607,SL,False
S2R2-06,daily_expansion,GBPJPY,2013-11-23 12:45:00+00:00,2013-11-23 13:00:00+00:00,2013-11-23 13:00:00+00:00,1,-0.9999999999931666,SL,False
S2R2-06,daily_expansion,GBPJPY,2013-11-24 10:00:00+00:00,2013-11-24 10:15:00+00:00,2013-11-24 10:15:00+00:00,1,-1.0000000039895374,SL,False
S2R2-06,daily_expansion,GBPJPY,2013-11-24 10:15:00+00:00,2013-11-24 10:30:00+00:00,2013-11-24 10:30:00+00:00,1,-0.999999998839574,SL,False
S2R2-06,daily_expansion,GBPJPY,2013-11-24 10:30:00+00:00,2013-11-24 10:45:00+00:00,2013-11-24 10:45:00+00:00,1,-0.9999999969908694,SL,False
S2R2-06,daily_expansion,GBPJPY,2013-11-24 10:45:00+00:00,2013-11-24 11:00:00+00:00,2013-11-24 11:00:00+00:00,1,-1.0000000029636076,SL,False
S2R2-06,daily_expansion,GBPJPY,2013-11-24 11:00:00+00:00,2013-11-24 11:15:00+00:00,2013-11-24 11:15:00+00:00,1,-0.9999999943873681,SL,False
S2R2-06,daily_expansion,GBPJPY,2013-11-24 11:15:00+00:00,2013-11-24 11:30:00+00:00,2013-11-24 11:30:00+00:00,1,-1.0000000024688247,SL,False
S2R2-06,daily_expansion,GBPJPY,2013-11-24 11:30:00+00:00,2013-11-24 11:45:00+00:00,2013-11-24 11:45:00+00:00,1,-1.0000000074420285,SL,False
S2R2-06,daily_expansion,GBPJPY,2013-11-24 11:45:00+00:00,2013-11-24 12:00:00+00:00,2013-11-24 12:00:00+00:00,1,-1.0000000047641493,SL,False
S2R2-06,daily_expansion,GBPJPY,2013-11-24 12:00:00+00:00,2013-11-24 12:15:00+00:00,2013-11-24 12:15:00+00:00,1,-1.0000000004383445,SL,False
S2R2-06,daily_expansion,GBPJPY,2013-11-24 12:15:00+00:00,2013-11-24 12:30:00+00:00,2013-11-24 12:30:00+00:00,1,-0.999999991121227,SL,False
S2R2-06,daily_expansion,GBPJPY,2013-11-24 12:30:00+00:00,2013-11-24 12:45:00+00:00,2013-11-24 12:45:00+00:00,1,-1.0000000078442586,SL,False
S2R2-06,daily_expansion,GBPJPY,2013-11-24 12:45:00+00:00,2013-11-24 13:00:00+00:00,2013-11-24 13:00:00+00:00,1,-0.9999999988395492,SL,False
S2R2-06,daily_expansion,GBPJPY,2013-11-30 10:00:00+00:00,2013-11-30 10:15:00+00:00,2013-11-30 10:15:00+00:00,1,-0.9999999999970154,SL,False
S2R2-06,daily_expansion,GBPJPY,2013-11-30 10:15:00+00:00,2013-11-30 10:30:00+00:00,2013-11-30 10:30:00+00:00,1,-1.0000000000002567,SL,False
S2R2-06,daily_expansion,GBPJPY,2013-11-30 10:30:00+00:00,2013-11-30 10:45:00+00:00,2013-11-30 10:45:00+00:00,1,-1.000000000003166,SL,False
S2R2-06,daily_expansion,GBPJPY,2013-11-30 10:45:00+00:00,2013-11-30 11:00:00+00:00,2013-11-30 11:00:00+00:00,1,-1.0000000000025393,SL,False
S2R2-06,daily_expansion,GBPJPY,2013-11-30 11:00:00+00:00,2013-11-30 11:15:00+00:00,2013-11-30 11:15:00+00:00,1,-0.9999999999984907,SL,False
S2R2-06,daily_expansion,GBPJPY,2013-11-30 11:15:00+00:00,2013-11-30 11:30:00+00:00,2013-11-30 11:30:00+00:00,1,-1.0000000000028508,SL,False
S2R2-06,daily_expansion,GBPJPY,2013-11-30 11:30:00+00:00,2013-11-30 11:45:00+00:00,2013-11-30 11:45:00+00:00,1,-1.0000000000012856,SL,False
S2R2-06,daily_expansion,GBPJPY,2013-11-30 11:45:00+00:00,2013-11-30 12:00:00+00:00,2013-11-30 12:00:00+00:00,1,-1.0000000000046565,SL,False
S2R2-06,daily_expansion,GBPJPY,2013-11-30 12:00:00+00:00,2013-11-30 12:15:00+00:00,2013-11-30 12:15:00+00:00,1,-1.0000000000037488,SL,False
S2R2-06,daily_expansion,GBPJPY,2013-11-30 12:15:00+00:00,2013-11-30 12:30:00+00:00,2013-11-30 12:30:00+00:00,1,-0.9999999999959294,SL,False
S2R2-06,daily_expansion,GBPJPY,2013-11-30 12:30:00+00:00,2013-11-30 12:45:00+00:00,2013-11-30 12:45:00+00:00,1,-1.000000000002245,SL,False
S2R2-06,daily_expansion,GBPJPY,2013-11-30 12:45:00+00:00,2013-11-30 13:00:00+00:00,2013-11-30 13:00:00+00:00,1,-1.000000000005646,SL,False
S2R2-06,daily_expansion,GBPJPY,2013-12-01 10:00:00+00:00,2013-12-01 10:15:00+00:00,2013-12-01 10:15:00+00:00,1,-1.0000000005958756,SL,False
S2R2-06,daily_expansion,GBPJPY,2013-12-01 10:15:00+00:00,2013-12-01 10:30:00+00:00,2013-12-01 10:30:00+00:00,1,-1.000000001741382,SL,False
S2R2-06,daily_expansion,GBPJPY,2013-12-01 10:30:00+00:00,2013-12-01 10:45:00+00:00,2013-12-01 10:45:00+00:00,1,-0.9999999961900818,SL,False
S2R2-06,daily_expansion,GBPJPY,2013-12-01 10:45:00+00:00,2013-12-01 11:00:00+00:00,2013-12-01 11:00:00+00:00,1,-0.9999999975185981,SL,False
S2R2-06,daily_expansion,GBPJPY,2013-12-01 11:00:00+00:00,2013-12-01 11:15:00+00:00,2013-12-01 11:15:00+00:00,1,-1.0000000032414371,SL,False
S2R2-06,daily_expansion,GBPJPY,2013-12-01 11:15:00+00:00,2013-12-01 11:30:00+00:00,2013-12-01 11:30:00+00:00,1,-0.9999999955376152,SL,False
S2R2-06,daily_expansion,GBPJPY,2013-12-01 11:30:00+00:00,2013-12-01 11:45:00+00:00,2013-12-01 11:45:00+00:00,1,-1.0000000038340389,SL,False
S2R2-06,daily_expansion,GBPJPY,2013-12-01 11:45:00+00:00,2013-12-01 12:00:00+00:00,2013-12-01 12:00:00+00:00,1,-1.0000000029405778,SL,False
S2R2-06,daily_expansion,GBPJPY,2013-12-01 12:00:00+00:00,2013-12-01 12:15:00+00:00,2013-12-01 12:15:00+00:00,1,-0.9999999971674449,SL,False
S2R2-06,daily_expansion,GBPJPY,2013-12-01 12:15:00+00:00,2013-12-01 12:30:00+00:00,2013-12-01 12:30:00+00:00,1,-0.9999999992398517,SL,False
S2R2-06,daily_expansion,GBPJPY,2013-12-01 12:30:00+00:00,2013-12-01 12:45:00+00:00,2013-12-01 12:45:00+00:00,1,-0.9999999925443841,SL,False
S2R2-06,daily_expansion,GBPJPY,2013-12-01 12:45:00+00:00,2013-12-01 13:00:00+00:00,2013-12-01 13:00:00+00:00,1,-1.00000000456189,SL,False
S2R2-06,daily_expansion,GBPJPY,2013-12-07 10:00:00+00:00,2013-12-07 10:15:00+00:00,2013-12-07 10:15:00+00:00,1,-0.9999999999967556,SL,False
S2R2-06,daily_expansion,GBPJPY,2013-12-07 10:15:00+00:00,2013-12-07 10:30:00+00:00,2013-12-07 10:30:00+00:00,1,-0.9999999999967556,SL,False
S2R2-06,daily_expansion,GBPJPY,2013-12-07 10:30:00+00:00,2013-12-07 10:45:00+00:00,2013-12-07 10:45:00+00:00,1,-1.0000000000031215,SL,False
S2R2-06,daily_expansion,GBPJPY,2013-12-07 10:45:00+00:00,2013-12-07 11:00:00+00:00,2013-12-07 11:00:00+00:00,1,-0.9999999999981355,SL,False
S2R2-06,daily_expansion,GBPJPY,2013-12-07 11:00:00+00:00,2013-12-07 11:15:00+00:00,2013-12-07 11:15:00+00:00,1,-1.000000000002834,SL,False
S2R2-06,daily_expansion,GBPJPY,2013-12-07 11:15:00+00:00,2013-12-07 11:30:00+00:00,2013-12-07 11:30:00+00:00,1,-1.0000000000042795,SL,False
S2R2-06,daily_expansion,GBPJPY,2013-12-07 11:30:00+00:00,2013-12-07 11:45:00+00:00,2013-12-07 11:45:00+00:00,1,-0.9999999999996089,SL,False
S2R2-06,daily_expansion,GBPJPY,2013-12-07 11:45:00+00:00,2013-12-07 12:00:00+00:00,2013-12-07 12:00:00+00:00,1,-1.000000000005477,SL,False
S2R2-06,daily_expansion,GBPJPY,2013-12-07 12:00:00+00:00,2013-12-07 12:15:00+00:00,2013-12-07 12:15:00+00:00,1,-0.9999999999946437,SL,False
S2R2-06,daily_expansion,GBPJPY,2013-12-07 12:15:00+00:00,2013-12-07 12:30:00+00:00,2013-12-07 12:30:00+00:00,1,-1.0000000000033937,SL,False
S2R2-06,daily_expansion,GBPJPY,2013-12-07 12:30:00+00:00,2013-12-07 12:45:00+00:00,2013-12-07 12:45:00+00:00,1,-1.0000000000002525,SL,False
S2R2-06,daily_expansion,GBPJPY,2013-12-07 12:45:00+00:00,2013-12-07 13:00:00+00:00,2013-12-07 13:00:00+00:00,1,-0.9999999999979974,SL,False
S2R2-06,daily_expansion,GBPJPY,2013-12-08 10:00:00+00:00,2013-12-08 10:15:00+00:00,2013-12-08 10:15:00+00:00,1,-0.9999999963686982,SL,False
S2R2-06,daily_expansion,GBPJPY,2013-12-08 10:15:00+00:00,2013-12-08 10:30:00+00:00,2013-12-08 10:30:00+00:00,1,-0.9999999963686982,SL,False
S2R2-06,daily_expansion,GBPJPY,2013-12-08 10:30:00+00:00,2013-12-08 10:45:00+00:00,2013-12-08 10:45:00+00:00,1,-1.0000000013494934,SL,False
S2R2-06,daily_expansion,GBPJPY,2013-12-08 10:45:00+00:00,2013-12-08 11:00:00+00:00,2013-12-08 11:00:00+00:00,1,-0.999999995219284,SL,False
S2R2-06,daily_expansion,GBPJPY,2013-12-08 11:00:00+00:00,2013-12-08 11:15:00+00:00,2013-12-08 11:15:00+00:00,1,-0.9999999960445043,SL,False
S2R2-06,daily_expansion,GBPJPY,2013-12-08 11:15:00+00:00,2013-12-08 11:30:00+00:00,2013-12-08 11:30:00+00:00,1,-1.0000000013766983,SL,False
S2R2-06,daily_expansion,GBPJPY,2013-12-08 11:30:00+00:00,2013-12-08 11:45:00+00:00,2013-12-08 11:45:00+00:00,1,-1.0000000061620007,SL,False
S2R2-06,daily_expansion,GBPJPY,2013-12-08 11:45:00+00:00,2013-12-08 12:00:00+00:00,2013-12-08 12:00:00+00:00,1,-0.999999996885876,SL,False
S2R2-06,daily_expansion,GBPJPY,2013-12-08 12:00:00+00:00,2013-12-08 12:15:00+00:00,2013-12-08 12:15:00+00:00,1,-1.000000000215767,SL,False
S2R2-06,daily_expansion,GBPJPY,2013-12-08 12:15:00+00:00,2013-12-08 12:30:00+00:00,2013-12-08 12:30:00+00:00,1,-0.9999999978250761,SL,False
S2R2-06,daily_expansion,GBPJPY,2013-12-08 12:30:00+00:00,2013-12-08 12:45:00+00:00,2013-12-08 12:45:00+00:00,1,-1.0000000055488467,SL,False
S2R2-06,daily_expansion,GBPJPY,2013-12-08 12:45:00+00:00,2013-12-08 13:00:00+00:00,2013-12-08 13:00:00+00:00,1,-1.0000000055488465,SL,False
S2R2-06,daily_expansion,GBPJPY,2013-12-20 12:45:00+00:00,2013-12-20 13:00:00+00:00,2013-12-20 13:45:00+00:00,1,-1.0000000000000273,SL,False
S2R2-06,daily_expansion,GBPJPY,2013-12-24 10:00:00+00:00,2013-12-24 10:15:00+00:00,2013-12-24 11:15:00+00:00,1,1.4999999999999127,TP,False
S2R2-06,daily_expansion,GBPJPY,2013-12-24 11:15:00+00:00,2013-12-24 11:30:00+00:00,2013-12-24 17:15:00+00:00,1,0.29118047310595657,TIME,False
S2R2-06,daily_expansion,GBPJPY,2013-12-28 10:00:00+00:00,2013-12-28 10:15:00+00:00,2013-12-28 10:15:00+00:00,1,-0.9999999999972903,SL,False
S2R2-06,daily_expansion,GBPJPY,2013-12-28 10:15:00+00:00,2013-12-28 10:30:00+00:00,2013-12-28 10:30:00+00:00,1,-0.9999999999990153,SL,False
S2R2-06,daily_expansion,GBPJPY,2013-12-28 10:30:00+00:00,2013-12-28 10:45:00+00:00,2013-12-28 10:45:00+00:00,1,-0.9999999999990153,SL,False
S2R2-06,daily_expansion,GBPJPY,2013-12-28 10:45:00+00:00,2013-12-28 11:00:00+00:00,2013-12-28 11:00:00+00:00,1,-1.00000000000435,SL,False
S2R2-06,daily_expansion,GBPJPY,2013-12-28 11:00:00+00:00,2013-12-28 11:15:00+00:00,2013-12-28 11:15:00+00:00,1,-0.9999999999964503,SL,False
S2R2-06,daily_expansion,GBPJPY,2013-12-28 11:15:00+00:00,2013-12-28 11:30:00+00:00,2013-12-28 11:30:00+00:00,1,-0.9999999999987704,SL,False
S2R2-06,daily_expansion,GBPJPY,2013-12-28 11:30:00+00:00,2013-12-28 11:45:00+00:00,2013-12-28 11:45:00+00:00,1,-1.0000000000004363,SL,False
S2R2-06,daily_expansion,GBPJPY,2013-12-28 11:45:00+00:00,2013-12-28 12:00:00+00:00,2013-12-28 12:00:00+00:00,1,-1.00000000000223,SL,False
S2R2-06,daily_expansion,GBPJPY,2013-12-28 12:00:00+00:00,2013-12-28 12:15:00+00:00,2013-12-28 12:15:00+00:00,1,-0.9999999999964342,SL,False
S2R2-06,daily_expansion,GBPJPY,2013-12-28 12:15:00+00:00,2013-12-28 12:30:00+00:00,2013-12-28 12:30:00+00:00,1,-1.0000000000026756,SL,False
S2R2-06,daily_expansion,GBPJPY,2013-12-28 12:30:00+00:00,2013-12-28 12:45:00+00:00,2013-12-28 12:45:00+00:00,1,-1.0000000000060365,SL,False
S2R2-06,daily_expansion,GBPJPY,2013-12-28 12:45:00+00:00,2013-12-28 13:00:00+00:00,2013-12-28 13:00:00+00:00,1,-1.0000000000024172,SL,False
S2R2-06,daily_expansion,GBPJPY,2013-12-29 10:00:00+00:00,2013-12-29 10:15:00+00:00,2013-12-29 10:15:00+00:00,1,-1.0000000016291843,SL,False
S2R2-06,daily_expansion,GBPJPY,2013-12-29 10:15:00+00:00,2013-12-29 10:30:00+00:00,2013-12-29 10:30:00+00:00,1,-0.9999999988013216,SL,False
S2R2-06,daily_expansion,GBPJPY,2013-12-29 10:30:00+00:00,2013-12-29 10:45:00+00:00,2013-12-29 10:45:00+00:00,1,-0.9999999995626693,SL,False
S2R2-06,daily_expansion,GBPJPY,2013-12-29 10:45:00+00:00,2013-12-29 11:00:00+00:00,2013-12-29 11:00:00+00:00,1,-1.0000000028423208,SL,False
S2R2-06,daily_expansion,GBPJPY,2013-12-29 11:00:00+00:00,2013-12-29 11:15:00+00:00,2013-12-29 11:15:00+00:00,1,-1.000000002842321,SL,False
S2R2-06,daily_expansion,GBPJPY,2013-12-29 11:15:00+00:00,2013-12-29 11:30:00+00:00,2013-12-29 11:30:00+00:00,1,-1.0000000047441309,SL,False
S2R2-06,daily_expansion,GBPJPY,2013-12-29 11:30:00+00:00,2013-12-29 11:45:00+00:00,2013-12-29 11:45:00+00:00,1,-0.999999998599822,SL,False
S2R2-06,daily_expansion,GBPJPY,2013-12-29 11:45:00+00:00,2013-12-29 12:00:00+00:00,2013-12-29 12:00:00+00:00,1,-1.0000000063195944,SL,False
S2R2-06,daily_expansion,GBPJPY,2013-12-29 12:00:00+00:00,2013-12-29 12:15:00+00:00,2013-12-29 12:15:00+00:00,1,-0.9999999944430215,SL,False
S2R2-06,daily_expansion,GBPJPY,2013-12-29 12:15:00+00:00,2013-12-29 12:30:00+00:00,2013-12-29 12:30:00+00:00,1,-1.0000000021171147,SL,False
S2R2-06,daily_expansion,GBPJPY,2013-12-29 12:30:00+00:00,2013-12-29 12:45:00+00:00,2013-12-29 12:45:00+00:00,1,-0.9999999910979039,SL,False
S2R2-06,daily_expansion,GBPJPY,2013-12-29 12:45:00+00:00,2013-12-29 13:00:00+00:00,2013-12-29 13:00:00+00:00,1,-0.9999999940646145,SL,False
S2R2-06,daily_expansion,GBPJPY,2013-12-30 10:00:00+00:00,2013-12-30 10:15:00+00:00,2013-12-30 10:30:00+00:00,1,-0.999999999999956,SL,False
S2R2-06,daily_expansion,GBPJPY,2013-12-30 10:30:00+00:00,2013-12-30 10:45:00+00:00,2013-12-30 11:00:00+00:00,1,-0.9999999999999142,SL,False
S2R2-06,daily_expansion,GBPJPY,2013-12-30 11:00:00+00:00,2013-12-30 11:15:00+00:00,2013-12-30 11:30:00+00:00,1,-1.0000000000000475,SL,False
S2R2-06,daily_expansion,GBPJPY,2013-12-30 11:30:00+00:00,2013-12-30 11:45:00+00:00,2013-12-30 13:00:00+00:00,1,1.4999999999999254,TP,False
S2R2-06,daily_expansion,GBPJPY,2014-01-09 12:45:00+00:00,2014-01-09 13:00:00+00:00,2014-01-09 13:15:00+00:00,1,1.499999999999974,TP,False
S2R2-06,daily_expansion,GBPJPY,2014-01-11 10:00:00+00:00,2014-01-11 10:15:00+00:00,2014-01-11 10:15:00+00:00,-1,-0.9999999999989624,SL,False
S2R2-06,daily_expansion,GBPJPY,2014-01-11 10:15:00+00:00,2014-01-11 10:30:00+00:00,2014-01-11 10:30:00+00:00,-1,-0.9999999999980594,SL,False
S2R2-06,daily_expansion,GBPJPY,2014-01-11 10:30:00+00:00,2014-01-11 10:45:00+00:00,2014-01-11 10:45:00+00:00,-1,-0.9999999999985457,SL,False
S2R2-06,daily_expansion,GBPJPY,2014-01-11 10:45:00+00:00,2014-01-11 11:00:00+00:00,2014-01-11 11:00:00+00:00,-1,-0.9999999999969745,SL,False
S2R2-06,daily_expansion,GBPJPY,2014-01-11 11:00:00+00:00,2014-01-11 11:15:00+00:00,2014-01-11 11:15:00+00:00,-1,-1.0000000000026141,SL,False
S2R2-06,daily_expansion,GBPJPY,2014-01-11 11:15:00+00:00,2014-01-11 11:30:00+00:00,2014-01-11 11:30:00+00:00,-1,-1.0000000000026141,SL,False
S2R2-06,daily_expansion,GBPJPY,2014-01-11 11:30:00+00:00,2014-01-11 11:45:00+00:00,2014-01-11 11:45:00+00:00,-1,-0.9999999999999979,SL,False
S2R2-06,daily_expansion,GBPJPY,2014-01-11 11:45:00+00:00,2014-01-11 12:00:00+00:00,2014-01-11 12:00:00+00:00,-1,-1.0000000000014067,SL,False
S2R2-06,daily_expansion,GBPJPY,2014-01-11 12:00:00+00:00,2014-01-11 12:15:00+00:00,2014-01-11 12:15:00+00:00,-1,-1.0000000000036824,SL,False
S2R2-06,daily_expansion,GBPJPY,2014-01-11 12:15:00+00:00,2014-01-11 12:30:00+00:00,2014-01-11 12:30:00+00:00,-1,-0.999999999997147,SL,False
S2R2-06,daily_expansion,GBPJPY,2014-01-11 12:30:00+00:00,2014-01-11 12:45:00+00:00,2014-01-11 12:45:00+00:00,-1,-0.9999999999953874,SL,False
S2R2-06,daily_expansion,GBPJPY,2014-01-11 12:45:00+00:00,2014-01-11 13:00:00+00:00,2014-01-11 13:00:00+00:00,-1,-1.0000000000058091,SL,False
S2R2-06,daily_expansion,GBPJPY,2014-01-12 10:00:00+00:00,2014-01-12 10:15:00+00:00,2014-01-12 10:15:00+00:00,-1,-0.9999999970884761,SL,False
S2R2-06,daily_expansion,GBPJPY,2014-01-12 10:15:00+00:00,2014-01-12 10:30:00+00:00,2014-01-12 10:30:00+00:00,-1,-1.0000000009746686,SL,False
S2R2-06,daily_expansion,GBPJPY,2014-01-12 10:30:00+00:00,2014-01-12 10:45:00+00:00,2014-01-12 10:45:00+00:00,-1,-1.0000000009746686,SL,False
S2R2-06,daily_expansion,GBPJPY,2014-01-12 10:45:00+00:00,2014-01-12 11:00:00+00:00,2014-01-12 11:00:00+00:00,-1,-1.0000000029062674,SL,False
S2R2-06,daily_expansion,GBPJPY,2014-01-12 11:00:00+00:00,2014-01-12 11:15:00+00:00,2014-01-12 11:15:00+00:00,-1,-0.999999997359112,SL,False
S2R2-06,daily_expansion,GBPJPY,2014-01-12 11:15:00+00:00,2014-01-12 11:30:00+00:00,2014-01-12 11:30:00+00:00,-1,-1.0000000018395065,SL,False
S2R2-06,daily_expansion,GBPJPY,2014-01-12 11:30:00+00:00,2014-01-12 11:45:00+00:00,2014-01-12 11:45:00+00:00,-1,-0.9999999954061194,SL,False
S2R2-06,daily_expansion,GBPJPY,2014-01-12 11:45:00+00:00,2014-01-12 12:00:00+00:00,2014-01-12 12:00:00+00:00,-1,-1.0000000014683499,SL,False
S2R2-06,daily_expansion,GBPJPY,2014-01-12 12:00:00+00:00,2014-01-12 12:15:00+00:00,2014-01-12 12:15:00+00:00,-1,-1.0000000051989528,SL,False
S2R2-06,daily_expansion,GBPJPY,2014-01-12 12:15:00+00:00,2014-01-12 12:30:00+00:00,2014-01-12 12:30:00+00:00,-1,-1.00000000118138,SL,False
S2R2-06,daily_expansion,GBPJPY,2014-01-12 12:30:00+00:00,2014-01-12 12:45:00+00:00,2014-01-12 12:45:00+00:00,-1,-0.9999999957731092,SL,False
S2R2-06,daily_expansion,GBPJPY,2014-01-12 12:45:00+00:00,2014-01-12 13:00:00+00:00,2014-01-12 13:00:00+00:00,-1,-0.9999999981028259,SL,False
S2R2-06,daily_expansion,GBPJPY,2014-01-25 10:00:00+00:00,2014-01-25 10:15:00+00:00,2014-01-25 10:15:00+00:00,-1,-0.9999999999991126,SL,False
S2R2-06,daily_expansion,GBPJPY,2014-01-25 10:15:00+00:00,2014-01-25 10:30:00+00:00,2014-01-25 10:30:00+00:00,-1,-1.0000000000016278,SL,False
S2R2-06,daily_expansion,GBPJPY,2014-01-25 10:30:00+00:00,2014-01-25 10:45:00+00:00,2014-01-25 10:45:00+00:00,-1,-0.9999999999992577,SL,False
S2R2-06,daily_expansion,GBPJPY,2014-01-25 10:45:00+00:00,2014-01-25 11:00:00+00:00,2014-01-25 11:00:00+00:00,-1,-0.9999999999988931,SL,False
S2R2-06,daily_expansion,GBPJPY,2014-01-25 11:00:00+00:00,2014-01-25 11:15:00+00:00,2014-01-25 11:15:00+00:00,-1,-1.000000000000071,SL,False
S2R2-06,daily_expansion,GBPJPY,2014-01-25 11:15:00+00:00,2014-01-25 11:30:00+00:00,2014-01-25 11:30:00+00:00,-1,-0.9999999999975338,SL,False
S2R2-06,daily_expansion,GBPJPY,2014-01-25 11:30:00+00:00,2014-01-25 11:45:00+00:00,2014-01-25 11:45:00+00:00,-1,-1.0000000000016327,SL,False
S2R2-06,daily_expansion,GBPJPY,2014-01-25 11:45:00+00:00,2014-01-25 12:00:00+00:00,2014-01-25 12:00:00+00:00,-1,-1.000000000003104,SL,False
S2R2-06,daily_expansion,GBPJPY,2014-01-25 12:00:00+00:00,2014-01-25 12:15:00+00:00,2014-01-25 12:15:00+00:00,-1,-0.9999999999988786,SL,False
S2R2-06,daily_expansion,GBPJPY,2014-01-25 12:15:00+00:00,2014-01-25 12:30:00+00:00,2014-01-25 12:30:00+00:00,-1,-0.9999999999988785,SL,False
S2R2-06,daily_expansion,GBPJPY,2014-01-25 12:30:00+00:00,2014-01-25 12:45:00+00:00,2014-01-25 12:45:00+00:00,-1,-1.0000000000025537,SL,False
S2R2-06,daily_expansion,GBPJPY,2014-01-25 12:45:00+00:00,2014-01-25 13:00:00+00:00,2014-01-25 13:00:00+00:00,-1,-0.999999999997936,SL,False
S2R2-06,daily_expansion,GBPJPY,2014-01-26 10:00:00+00:00,2014-01-26 10:15:00+00:00,2014-01-26 10:15:00+00:00,-1,-0.999999998833281,SL,False
S2R2-06,daily_expansion,GBPJPY,2014-01-26 10:15:00+00:00,2014-01-26 10:30:00+00:00,2014-01-26 10:30:00+00:00,-1,-0.9999999984467166,SL,False
S2R2-06,daily_expansion,GBPJPY,2014-01-26 10:30:00+00:00,2014-01-26 10:45:00+00:00,2014-01-26 10:45:00+00:00,-1,-0.999999997614117,SL,False
S2R2-06,daily_expansion,GBPJPY,2014-01-26 10:45:00+00:00,2014-01-26 11:00:00+00:00,2014-01-26 11:00:00+00:00,-1,-1.000000001649023,SL,False
S2R2-06,daily_expansion,GBPJPY,2014-01-26 11:00:00+00:00,2014-01-26 11:15:00+00:00,2014-01-26 11:15:00+00:00,-1,-0.9999999977865488,SL,False
S2R2-06,daily_expansion,GBPJPY,2014-01-26 11:15:00+00:00,2014-01-26 11:30:00+00:00,2014-01-26 11:30:00+00:00,-1,-0.9999999988264455,SL,False
S2R2-06,daily_expansion,GBPJPY,2014-01-26 11:30:00+00:00,2014-01-26 11:45:00+00:00,2014-01-26 11:45:00+00:00,-1,-1.0000000033060015,SL,False
S2R2-06,daily_expansion,GBPJPY,2014-01-26 11:45:00+00:00,2014-01-26 12:00:00+00:00,2014-01-26 12:00:00+00:00,-1,-0.9999999978788472,SL,False
S2R2-06,daily_expansion,GBPJPY,2014-01-26 12:00:00+00:00,2014-01-26 12:15:00+00:00,2014-01-26 12:15:00+00:00,-1,-1.0000000004764593,SL,False
S2R2-06,daily_expansion,GBPJPY,2014-01-26 12:15:00+00:00,2014-01-26 12:30:00+00:00,2014-01-26 12:30:00+00:00,-1,-0.9999999955809592,SL,False
S2R2-06,daily_expansion,GBPJPY,2014-01-26 12:30:00+00:00,2014-01-26 12:45:00+00:00,2014-01-26 12:45:00+00:00,-1,-0.9999999985935746,SL,False
S2R2-06,daily_expansion,GBPJPY,2014-01-26 12:45:00+00:00,2014-01-26 13:00:00+00:00,2014-01-26 13:00:00+00:00,-1,-1.0000000026490186,SL,False
S2R2-06,daily_expansion,GBPJPY,2014-02-01 10:00:00+00:00,2014-02-01 10:15:00+00:00,2014-02-01 10:15:00+00:00,-1,-0.9999999999987715,SL,False
S2R2-06,daily_expansion,GBPJPY,2014-02-01 10:15:00+00:00,2014-02-01 10:30:00+00:00,2014-02-01 10:30:00+00:00,-1,-1.0000000000014373,SL,False
S2R2-06,daily_expansion,GBPJPY,2014-02-01 10:30:00+00:00,2014-02-01 10:45:00+00:00,2014-02-01 10:45:00+00:00,-1,-1.0000000000022575,SL,False
S2R2-06,daily_expansion,GBPJPY,2014-02-01 10:45:00+00:00,2014-02-01 11:00:00+00:00,2014-02-01 11:00:00+00:00,-1,-0.9999999999969573,SL,False
S2R2-06,daily_expansion,GBPJPY,2014-02-01 11:00:00+00:00,2014-02-01 11:15:00+00:00,2014-02-01 11:15:00+00:00,-1,-0.9999999999998113,SL,False
S2R2-06,daily_expansion,GBPJPY,2014-02-01 11:15:00+00:00,2014-02-01 11:30:00+00:00,2014-02-01 11:30:00+00:00,-1,-1.000000000003397,SL,False
S2R2-06,daily_expansion,GBPJPY,2014-02-01 11:30:00+00:00,2014-02-01 11:45:00+00:00,2014-02-01 11:45:00+00:00,-1,-1.000000000001742,SL,False
S2R2-06,daily_expansion,GBPJPY,2014-02-01 11:45:00+00:00,2014-02-01 12:00:00+00:00,2014-02-01 12:00:00+00:00,-1,-1.0000000000011477,SL,False
S2R2-06,daily_expansion,GBPJPY,2014-02-01 12:00:00+00:00,2014-02-01 12:15:00+00:00,2014-02-01 12:15:00+00:00,-1,-1.0000000000024272,SL,False
S2R2-06,daily_expansion,GBPJPY,2014-02-01 12:15:00+00:00,2014-02-01 12:30:00+00:00,2014-02-01 12:30:00+00:00,-1,-0.9999999999976044,SL,False
S2R2-06,daily_expansion,GBPJPY,2014-02-01 12:30:00+00:00,2014-02-01 12:45:00+00:00,2014-02-01 12:45:00+00:00,-1,-1.00000000000354,SL,False
S2R2-06,daily_expansion,GBPJPY,2014-02-01 12:45:00+00:00,2014-02-01 13:00:00+00:00,2014-02-01 13:00:00+00:00,-1,-1.000000000002741,SL,False
S2R2-06,daily_expansion,GBPJPY,2014-02-02 10:00:00+00:00,2014-02-02 10:15:00+00:00,2014-02-02 10:15:00+00:00,-1,-0.9999999998071722,SL,False
S2R2-06,daily_expansion,GBPJPY,2014-02-02 10:15:00+00:00,2014-02-02 10:30:00+00:00,2014-02-02 10:30:00+00:00,-1,-0.9999999995344517,SL,False
S2R2-06,daily_expansion,GBPJPY,2014-02-02 10:30:00+00:00,2014-02-02 10:45:00+00:00,2014-02-02 10:45:00+00:00,-1,-1.0000000004155483,SL,False
S2R2-06,daily_expansion,GBPJPY,2014-02-02 10:45:00+00:00,2014-02-02 11:00:00+00:00,2014-02-02 11:00:00+00:00,-1,-1.0000000003364753,SL,False
S2R2-06,daily_expansion,GBPJPY,2014-02-02 11:00:00+00:00,2014-02-02 11:15:00+00:00,2014-02-02 11:15:00+00:00,-1,-1.00000000025132,SL,False
S2R2-06,daily_expansion,GBPJPY,2014-02-02 11:15:00+00:00,2014-02-02 11:30:00+00:00,2014-02-02 11:30:00+00:00,-1,-1.0000000000679086,SL,False
S2R2-06,daily_expansion,GBPJPY,2014-02-02 11:30:00+00:00,2014-02-02 11:45:00+00:00,2014-02-02 11:45:00+00:00,-1,-0.9999999994753486,SL,False
S2R2-06,daily_expansion,GBPJPY,2014-02-02 11:45:00+00:00,2014-02-02 12:00:00+00:00,2014-02-02 12:00:00+00:00,-1,-1.0000000005389178,SL,False
S2R2-06,daily_expansion,GBPJPY,2014-02-02 12:00:00+00:00,2014-02-02 12:15:00+00:00,2014-02-02 12:15:00+00:00,-1,-0.9999999999662267,SL,False
S2R2-06,daily_expansion,GBPJPY,2014-02-02 12:15:00+00:00,2014-02-02 12:30:00+00:00,2014-02-02 12:30:00+00:00,-1,-1.0000000000895755,SL,False
S2R2-06,daily_expansion,GBPJPY,2014-02-02 12:30:00+00:00,2014-02-02 12:45:00+00:00,2014-02-02 12:45:00+00:00,-1,-1.0000000004880873,SL,False
S2R2-06,daily_expansion,GBPJPY,2014-02-02 12:45:00+00:00,2014-02-02 13:00:00+00:00,2014-02-02 13:00:00+00:00,-1,-1.0000000003450318,SL,False
S2R2-06,daily_expansion,GBPJPY,2014-02-07 10:00:00+00:00,2014-02-07 10:15:00+00:00,2014-02-07 13:15:00+00:00,1,1.4999999999999516,TP,False
S2R2-06,daily_expansion,GBPJPY,2014-02-08 10:00:00+00:00,2014-02-08 10:15:00+00:00,2014-02-08 10:15:00+00:00,1,-0.9999999999996119,SL,False
S2R2-06,daily_expansion,GBPJPY,2014-02-08 10:15:00+00:00,2014-02-08 10:30:00+00:00,2014-02-08 10:30:00+00:00,1,-1.0000000000004154,SL,False
S2R2-06,daily_expansion,GBPJPY,2014-02-08 10:30:00+00:00,2014-02-08 10:45:00+00:00,2014-02-08 10:45:00+00:00,1,-1.0000000000008482,SL,False
S2R2-06,daily_expansion,GBPJPY,2014-02-08 10:45:00+00:00,2014-02-08 11:00:00+00:00,2014-02-08 11:00:00+00:00,1,-0.9999999999985181,SL,False
S2R2-06,daily_expansion,GBPJPY,2014-02-08 11:00:00+00:00,2014-02-08 11:15:00+00:00,2014-02-08 11:15:00+00:00,1,-1.000000000002031,SL,False
S2R2-06,daily_expansion,GBPJPY,2014-02-08 11:15:00+00:00,2014-02-08 11:30:00+00:00,2014-02-08 11:30:00+00:00,1,-0.9999999999977073,SL,False
S2R2-06,daily_expansion,GBPJPY,2014-02-08 11:30:00+00:00,2014-02-08 11:45:00+00:00,2014-02-08 11:45:00+00:00,1,-1.0000000000029456,SL,False
S2R2-06,daily_expansion,GBPJPY,2014-02-08 11:45:00+00:00,2014-02-08 12:00:00+00:00,2014-02-08 12:00:00+00:00,1,-1.0000000000029456,SL,False
S2R2-06,daily_expansion,GBPJPY,2014-02-08 12:00:00+00:00,2014-02-08 12:15:00+00:00,2014-02-08 12:15:00+00:00,1,-0.9999999999968702,SL,False
S2R2-06,daily_expansion,GBPJPY,2014-02-08 12:15:00+00:00,2014-02-08 12:30:00+00:00,2014-02-08 12:30:00+00:00,1,-0.9999999999954162,SL,False
S2R2-06,daily_expansion,GBPJPY,2014-02-08 12:30:00+00:00,2014-02-08 12:45:00+00:00,2014-02-08 12:45:00+00:00,1,-1.0000000000032452,SL,False
S2R2-06,daily_expansion,GBPJPY,2014-02-08 12:45:00+00:00,2014-02-08 13:00:00+00:00,2014-02-08 13:00:00+00:00,1,-1.0000000000040883,SL,False
S2R2-06,daily_expansion,GBPJPY,2014-02-09 10:00:00+00:00,2014-02-09 10:15:00+00:00,2014-02-09 10:15:00+00:00,1,-1.0000000023563032,SL,False
S2R2-06,daily_expansion,GBPJPY,2014-02-09 10:15:00+00:00,2014-02-09 10:30:00+00:00,2014-02-09 10:30:00+00:00,1,-1.000000000874163,SL,False
S2R2-06,daily_expansion,GBPJPY,2014-02-09 10:30:00+00:00,2014-02-09 10:45:00+00:00,2014-02-09 10:45:00+00:00,1,-1.000000000874163,SL,False
S2R2-06,daily_expansion,GBPJPY,2014-02-09 10:45:00+00:00,2014-02-09 11:00:00+00:00,2014-02-09 11:00:00+00:00,1,-1.0000000025930948,SL,False
S2R2-06,daily_expansion,GBPJPY,2014-02-09 11:00:00+00:00,2014-02-09 11:15:00+00:00,2014-02-09 11:15:00+00:00,1,-0.9999999976566751,SL,False
S2R2-06,daily_expansion,GBPJPY,2014-02-09 11:15:00+00:00,2014-02-09 11:30:00+00:00,2014-02-09 11:30:00+00:00,1,-0.9999999983211931,SL,False
S2R2-06,daily_expansion,GBPJPY,2014-02-09 11:30:00+00:00,2014-02-09 11:45:00+00:00,2014-02-09 11:45:00+00:00,1,-1.0000000040462715,SL,False
S2R2-06,daily_expansion,GBPJPY,2014-02-09 11:45:00+00:00,2014-02-09 12:00:00+00:00,2014-02-09 12:00:00+00:00,1,-1.0000000025049043,SL,False
S2R2-06,daily_expansion,GBPJPY,2014-02-09 12:00:00+00:00,2014-02-09 12:15:00+00:00,2014-02-09 12:15:00+00:00,1,-0.9999999975251024,SL,False
S2R2-06,daily_expansion,GBPJPY,2014-02-09 12:15:00+00:00,2014-02-09 12:30:00+00:00,2014-02-09 12:30:00+00:00,1,-0.99999999394986,SL,False
S2R2-06,daily_expansion,GBPJPY,2014-02-09 12:30:00+00:00,2014-02-09 12:45:00+00:00,2014-02-09 12:45:00+00:00,1,-0.9999999958749906,SL,False
S2R2-06,daily_expansion,GBPJPY,2014-02-09 12:45:00+00:00,2014-02-09 13:00:00+00:00,2014-02-09 13:00:00+00:00,1,-1.0000000000214255,SL,False
S2R2-06,daily_expansion,GBPJPY,2014-02-10 10:00:00+00:00,2014-02-10 10:15:00+00:00,2014-02-10 13:45:00+00:00,1,1.4999999999999274,TP,False
S2R2-06,daily_expansion,GBPJPY,2014-02-15 10:00:00+00:00,2014-02-15 10:15:00+00:00,2014-02-15 10:15:00+00:00,1,-1.000000000002562,SL,False
S2R2-06,daily_expansion,GBPJPY,2014-02-15 10:15:00+00:00,2014-02-15 10:30:00+00:00,2014-02-15 10:30:00+00:00,1,-1.0000000000012559,SL,False
S2R2-06,daily_expansion,GBPJPY,2014-02-15 10:30:00+00:00,2014-02-15 10:45:00+00:00,2014-02-15 10:45:00+00:00,1,-0.9999999999998491,SL,False
S2R2-06,daily_expansion,GBPJPY,2014-02-15 10:45:00+00:00,2014-02-15 11:00:00+00:00,2014-02-15 11:00:00+00:00,1,-1.0000000000043936,SL,False
S2R2-06,daily_expansion,GBPJPY,2014-02-15 11:00:00+00:00,2014-02-15 11:15:00+00:00,2014-02-15 11:15:00+00:00,1,-1.0000000000052092,SL,False
S2R2-06,daily_expansion,GBPJPY,2014-02-15 11:15:00+00:00,2014-02-15 11:30:00+00:00,2014-02-15 11:30:00+00:00,1,-1.000000000002574,SL,False
S2R2-06,daily_expansion,GBPJPY,2014-02-15 11:30:00+00:00,2014-02-15 11:45:00+00:00,2014-02-15 11:45:00+00:00,1,-1.000000000001628,SL,False
S2R2-06,daily_expansion,GBPJPY,2014-02-15 11:45:00+00:00,2014-02-15 12:00:00+00:00,2014-02-15 12:00:00+00:00,1,-1.000000000004684,SL,False
S2R2-06,daily_expansion,GBPJPY,2014-02-15 12:00:00+00:00,2014-02-15 12:15:00+00:00,2014-02-15 12:15:00+00:00,1,-0.9999999999937128,SL,False
S2R2-06,daily_expansion,GBPJPY,2014-02-15 12:15:00+00:00,2014-02-15 12:30:00+00:00,2014-02-15 12:30:00+00:00,1,-1.0000000000055278,SL,False
S2R2-06,daily_expansion,GBPJPY,2014-02-15 12:30:00+00:00,2014-02-15 12:45:00+00:00,2014-02-15 12:45:00+00:00,1,-1.0000000000068001,SL,False
S2R2-06,daily_expansion,GBPJPY,2014-02-15 12:45:00+00:00,2014-02-15 13:00:00+00:00,2014-02-15 13:00:00+00:00,1,-1.0000000000026892,SL,False
S2R2-06,daily_expansion,GBPJPY,2014-02-16 10:00:00+00:00,2014-02-16 10:15:00+00:00,2014-02-16 10:15:00+00:00,1,-1.0000000017686914,SL,False
S2R2-06,daily_expansion,GBPJPY,2014-02-16 10:15:00+00:00,2014-02-16 10:30:00+00:00,2014-02-16 10:30:00+00:00,1,-1.0000000041775434,SL,False
S2R2-06,daily_expansion,GBPJPY,2014-02-16 10:30:00+00:00,2014-02-16 10:45:00+00:00,2014-02-16 10:45:00+00:00,1,-1.0000000059069754,SL,False
S2R2-06,daily_expansion,GBPJPY,2014-02-16 10:45:00+00:00,2014-02-16 11:00:00+00:00,2014-02-16 11:00:00+00:00,1,-1.0000000031132774,SL,False
S2R2-06,daily_expansion,GBPJPY,2014-02-16 11:00:00+00:00,2014-02-16 11:15:00+00:00,2014-02-16 11:15:00+00:00,1,-0.9999999940874835,SL,False
S2R2-06,daily_expansion,GBPJPY,2014-02-16 11:15:00+00:00,2014-02-16 11:30:00+00:00,2014-02-16 11:30:00+00:00,1,-0.9999999973275121,SL,False
S2R2-06,daily_expansion,GBPJPY,2014-02-16 11:30:00+00:00,2014-02-16 11:45:00+00:00,2014-02-16 11:45:00+00:00,1,-1.0000000008167735,SL,False
S2R2-06,daily_expansion,GBPJPY,2014-02-16 11:45:00+00:00,2014-02-16 12:00:00+00:00,2014-02-16 12:00:00+00:00,1,-0.9999999945539964,SL,False
S2R2-06,daily_expansion,GBPJPY,2014-02-16 12:00:00+00:00,2014-02-16 12:15:00+00:00,2014-02-16 12:15:00+00:00,1,-1.0000000026474314,SL,False
S2R2-06,daily_expansion,GBPJPY,2014-02-16 12:15:00+00:00,2014-02-16 12:30:00+00:00,2014-02-16 12:30:00+00:00,1,-1.0000000041000991,SL,False
S2R2-06,daily_expansion,GBPJPY,2014-02-16 12:30:00+00:00,2014-02-16 12:45:00+00:00,2014-02-16 12:45:00+00:00,1,-1.0000000009712762,SL,False
S2R2-06,daily_expansion,GBPJPY,2014-02-16 12:45:00+00:00,2014-02-16 13:00:00+00:00,2014-02-16 13:00:00+00:00,1,-1.0000000093950303,SL,False
S2R2-06,daily_expansion,GBPJPY,2014-02-21 11:00:00+00:00,2014-02-21 11:15:00+00:00,2014-02-21 12:00:00+00:00,1,-0.999999999999951,SL,False
S2R2-06,daily_expansion,GBPJPY,2014-02-21 12:15:00+00:00,2014-02-21 12:30:00+00:00,2014-02-21 12:45:00+00:00,1,1.4999999999999352,TP,False
S2R2-06,daily_expansion,GBPJPY,2014-02-25 10:00:00+00:00,2014-02-25 10:15:00+00:00,2014-02-25 11:00:00+00:00,1,-1.0000000000000735,SL,False
S2R2-06,daily_expansion,GBPJPY,2014-02-25 11:15:00+00:00,2014-02-25 11:30:00+00:00,2014-02-25 11:30:00+00:00,1,-0.9999999999999255,SL,False
S2R2-06,daily_expansion,GBPJPY,2014-03-05 10:00:00+00:00,2014-03-05 10:15:00+00:00,2014-03-05 12:00:00+00:00,1,1.499999999999982,TP,False
S2R2-06,daily_expansion,GBPJPY,2014-03-05 12:00:00+00:00,2014-03-05 12:15:00+00:00,2014-03-05 13:15:00+00:00,1,1.4999999999999658,TP,False
S2R2-06,daily_expansion,GBPJPY,2014-03-06 10:00:00+00:00,2014-03-06 10:15:00+00:00,2014-03-06 12:00:00+00:00,1,1.500000000000011,TP,False
S2R2-06,daily_expansion,GBPJPY,2014-03-06 12:00:00+00:00,2014-03-06 12:15:00+00:00,2014-03-06 13:00:00+00:00,1,-1.000000000000032,SL,False
S2R2-06,daily_expansion,GBPJPY,2014-03-11 11:00:00+00:00,2014-03-11 11:15:00+00:00,2014-03-11 11:15:00+00:00,-1,-1.0000000000000424,SL,False
S2R2-06,daily_expansion,GBPJPY,2014-03-11 11:15:00+00:00,2014-03-11 11:30:00+00:00,2014-03-11 13:15:00+00:00,-1,-1.0000000000000269,SL,False
S2R2-06,daily_expansion,GBPJPY,2014-03-14 11:00:00+00:00,2014-03-14 11:15:00+00:00,2014-03-14 12:00:00+00:00,-1,1.5000000000000564,TP,False
S2R2-06,daily_expansion,GBPJPY,2014-03-15 10:00:00+00:00,2014-03-15 10:15:00+00:00,2014-03-15 10:15:00+00:00,-1,-0.9999999999969685,SL,False
S2R2-06,daily_expansion,GBPJPY,2014-03-15 10:15:00+00:00,2014-03-15 10:30:00+00:00,2014-03-15 10:30:00+00:00,-1,-1.0000000000000253,SL,False
S2R2-06,daily_expansion,GBPJPY,2014-03-15 10:30:00+00:00,2014-03-15 10:45:00+00:00,2014-03-15 10:45:00+00:00,-1,-1.0000000000011227,SL,False
S2R2-06,daily_expansion,GBPJPY,2014-03-15 10:45:00+00:00,2014-03-15 11:00:00+00:00,2014-03-15 11:00:00+00:00,-1,-1.0000000000011224,SL,False
S2R2-06,daily_expansion,GBPJPY,2014-03-15 11:00:00+00:00,2014-03-15 11:15:00+00:00,2014-03-15 11:15:00+00:00,-1,-0.9999999999966683,SL,False
S2R2-06,daily_expansion,GBPJPY,2014-03-15 11:15:00+00:00,2014-03-15 11:30:00+00:00,2014-03-15 11:30:00+00:00,-1,-1.0000000000000946,SL,False
S2R2-06,daily_expansion,GBPJPY,2014-03-15 11:30:00+00:00,2014-03-15 11:45:00+00:00,2014-03-15 11:45:00+00:00,-1,-1.0000000000023084,SL,False
S2R2-06,daily_expansion,GBPJPY,2014-03-15 11:45:00+00:00,2014-03-15 12:00:00+00:00,2014-03-15 12:00:00+00:00,-1,-1.0000000000054872,SL,False
S2R2-06,daily_expansion,GBPJPY,2014-03-15 12:00:00+00:00,2014-03-15 12:15:00+00:00,2014-03-15 12:15:00+00:00,-1,-1.000000000001208,SL,False
S2R2-06,daily_expansion,GBPJPY,2014-03-15 12:15:00+00:00,2014-03-15 12:30:00+00:00,2014-03-15 12:30:00+00:00,-1,-1.0000000000030511,SL,False
S2R2-06,daily_expansion,GBPJPY,2014-03-15 12:30:00+00:00,2014-03-15 12:45:00+00:00,2014-03-15 12:45:00+00:00,-1,-0.9999999999970958,SL,False
S2R2-06,daily_expansion,GBPJPY,2014-03-15 12:45:00+00:00,2014-03-15 13:00:00+00:00,2014-03-15 13:00:00+00:00,-1,-1.0000000000003026,SL,False
S2R2-06,daily_expansion,GBPJPY,2014-03-16 10:00:00+00:00,2014-03-16 10:15:00+00:00,2014-03-16 10:15:00+00:00,-1,-1.0000000019368431,SL,False
S2R2-06,daily_expansion,GBPJPY,2014-03-16 10:15:00+00:00,2014-03-16 10:30:00+00:00,2014-03-16 10:30:00+00:00,-1,-0.9999999994313742,SL,False
S2R2-06,daily_expansion,GBPJPY,2014-03-16 10:30:00+00:00,2014-03-16 10:45:00+00:00,2014-03-16 10:45:00+00:00,-1,-0.9999999980822757,SL,False
S2R2-06,daily_expansion,GBPJPY,2014-03-16 10:45:00+00:00,2014-03-16 11:00:00+00:00,2014-03-16 11:00:00+00:00,-1,-1.0000000002615888,SL,False
S2R2-06,daily_expansion,GBPJPY,2014-03-16 11:00:00+00:00,2014-03-16 11:15:00+00:00,2014-03-16 11:15:00+00:00,-1,-1.0000000002615888,SL,False
S2R2-06,daily_expansion,GBPJPY,2014-03-16 11:15:00+00:00,2014-03-16 11:30:00+00:00,2014-03-16 11:30:00+00:00,-1,-0.9999999968916055,SL,False
S2R2-06,daily_expansion,GBPJPY,2014-03-16 11:30:00+00:00,2014-03-16 11:45:00+00:00,2014-03-16 11:45:00+00:00,-1,-0.9999999959843022,SL,False
S2R2-06,daily_expansion,GBPJPY,2014-03-16 11:45:00+00:00,2014-03-16 12:00:00+00:00,2014-03-16 12:00:00+00:00,-1,-0.9999999979384936,SL,False
S2R2-06,daily_expansion,GBPJPY,2014-03-16 12:00:00+00:00,2014-03-16 12:15:00+00:00,2014-03-16 12:15:00+00:00,-1,-0.999999992677209,SL,False
S2R2-06,daily_expansion,GBPJPY,2014-03-16 12:15:00+00:00,2014-03-16 12:30:00+00:00,2014-03-16 12:30:00+00:00,-1,-0.9999999994764077,SL,False
S2R2-06,daily_expansion,GBPJPY,2014-03-16 12:30:00+00:00,2014-03-16 12:45:00+00:00,2014-03-16 12:45:00+00:00,-1,-1.0000000043578834,SL,False
S2R2-06,daily_expansion,GBPJPY,2014-03-16 12:45:00+00:00,2014-03-16 13:00:00+00:00,2014-03-16 13:00:00+00:00,-1,-1.000000008300614,SL,False
S2R2-06,daily_expansion,GBPJPY,2014-03-22 10:00:00+00:00,2014-03-22 10:15:00+00:00,2014-03-22 10:15:00+00:00,-1,-0.9999999999995572,SL,False
S2R2-06,daily_expansion,GBPJPY,2014-03-22 10:15:00+00:00,2014-03-22 10:30:00+00:00,2014-03-22 10:30:00+00:00,-1,-1.0000000000032623,SL,False
S2R2-06,daily_expansion,GBPJPY,2014-03-22 10:30:00+00:00,2014-03-22 10:45:00+00:00,2014-03-22 10:45:00+00:00,-1,-0.9999999999976762,SL,False
S2R2-06,daily_expansion,GBPJPY,2014-03-22 10:45:00+00:00,2014-03-22 11:00:00+00:00,2014-03-22 11:00:00+00:00,-1,-1.000000000001973,SL,False
S2R2-06,daily_expansion,GBPJPY,2014-03-22 11:00:00+00:00,2014-03-22 11:15:00+00:00,2014-03-22 11:15:00+00:00,-1,-0.999999999998271,SL,False
S2R2-06,daily_expansion,GBPJPY,2014-03-22 11:15:00+00:00,2014-03-22 11:30:00+00:00,2014-03-22 11:30:00+00:00,-1,-1.0000000000062443,SL,False
S2R2-06,daily_expansion,GBPJPY,2014-03-22 11:30:00+00:00,2014-03-22 11:45:00+00:00,2014-03-22 11:45:00+00:00,-1,-0.9999999999976577,SL,False
S2R2-06,daily_expansion,GBPJPY,2014-03-22 11:45:00+00:00,2014-03-22 12:00:00+00:00,2014-03-22 12:00:00+00:00,-1,-1.000000000004593,SL,False
S2R2-06,daily_expansion,GBPJPY,2014-03-22 12:00:00+00:00,2014-03-22 12:15:00+00:00,2014-03-22 12:15:00+00:00,-1,-1.0000000000045932,SL,False
S2R2-06,daily_expansion,GBPJPY,2014-03-22 12:15:00+00:00,2014-03-22 12:30:00+00:00,2014-03-22 12:30:00+00:00,-1,-0.999999999995209,SL,False
S2R2-06,daily_expansion,GBPJPY,2014-03-22 12:30:00+00:00,2014-03-22 12:45:00+00:00,2014-03-22 12:45:00+00:00,-1,-1.0000000000009839,SL,False
S2R2-06,daily_expansion,GBPJPY,2014-03-22 12:45:00+00:00,2014-03-22 13:00:00+00:00,2014-03-22 13:00:00+00:00,-1,-0.9999999999916552,SL,False
S2R2-06,daily_expansion,GBPJPY,2014-03-23 10:00:00+00:00,2014-03-23 10:15:00+00:00,2014-03-23 10:15:00+00:00,-1,-1.0000000057346916,SL,False
S2R2-06,daily_expansion,GBPJPY,2014-03-23 10:15:00+00:00,2014-03-23 10:30:00+00:00,2014-03-23 10:30:00+00:00,-1,-1.0000000057346916,SL,False
S2R2-06,daily_expansion,GBPJPY,2014-03-23 10:30:00+00:00,2014-03-23 10:45:00+00:00,2014-03-23 10:45:00+00:00,-1,-1.0000000018101636,SL,False
S2R2-06,daily_expansion,GBPJPY,2014-03-23 10:45:00+00:00,2014-03-23 11:00:00+00:00,2014-03-23 11:00:00+00:00,-1,-0.9999999954705415,SL,False
S2R2-06,daily_expansion,GBPJPY,2014-03-23 11:00:00+00:00,2014-03-23 11:15:00+00:00,2014-03-23 11:15:00+00:00,-1,-1.0000000068493502,SL,False
S2R2-06,daily_expansion,GBPJPY,2014-03-23 11:15:00+00:00,2014-03-23 11:30:00+00:00,2014-03-23 11:30:00+00:00,-1,-0.9999999958206588,SL,False
S2R2-06,daily_expansion,GBPJPY,2014-03-23 11:30:00+00:00,2014-03-23 11:45:00+00:00,2014-03-23 11:45:00+00:00,-1,-0.9999999997796762,SL,False
S2R2-06,daily_expansion,GBPJPY,2014-03-23 11:45:00+00:00,2014-03-23 12:00:00+00:00,2014-03-23 12:00:00+00:00,-1,-0.9999999940949331,SL,False
S2R2-06,daily_expansion,GBPJPY,2014-03-23 12:00:00+00:00,2014-03-23 12:15:00+00:00,2014-03-23 12:15:00+00:00,-1,-1.00000000940001,SL,False
S2R2-06,daily_expansion,GBPJPY,2014-03-23 12:15:00+00:00,2014-03-23 12:30:00+00:00,2014-03-23 12:30:00+00:00,-1,-1.0000000094000103,SL,False
S2R2-06,daily_expansion,GBPJPY,2014-03-23 12:30:00+00:00,2014-03-23 12:45:00+00:00,2014-03-23 12:45:00+00:00,-1,-0.9999999969748232,SL,False
S2R2-06,daily_expansion,GBPJPY,2014-03-23 12:45:00+00:00,2014-03-23 13:00:00+00:00,2014-03-23 13:00:00+00:00,-1,-0.9999999950632561,SL,False
S2R2-06,daily_expansion,GBPJPY,2014-03-26 11:00:00+00:00,2014-03-26 11:15:00+00:00,2014-03-26 14:15:00+00:00,1,1.500000000000065,TP,False
S2R2-06,daily_expansion,GBPJPY,2014-03-29 10:00:00+00:00,2014-03-29 10:15:00+00:00,2014-03-29 10:15:00+00:00,1,-1.0000000000049716,SL,False
S2R2-06,daily_expansion,GBPJPY,2014-03-29 10:15:00+00:00,2014-03-29 10:30:00+00:00,2014-03-29 10:30:00+00:00,1,-0.9999999999979373,SL,False
S2R2-06,daily_expansion,GBPJPY,2014-03-29 10:30:00+00:00,2014-03-29 10:45:00+00:00,2014-03-29 10:45:00+00:00,1,-1.0000000000055127,SL,False
S2R2-06,daily_expansion,GBPJPY,2014-03-29 10:45:00+00:00,2014-03-29 11:00:00+00:00,2014-03-29 11:00:00+00:00,1,-1.0000000000024534,SL,False
S2R2-06,daily_expansion,GBPJPY,2014-03-29 11:00:00+00:00,2014-03-29 11:15:00+00:00,2014-03-29 11:15:00+00:00,1,-0.9999999999980604,SL,False
S2R2-06,daily_expansion,GBPJPY,2014-03-29 11:15:00+00:00,2014-03-29 11:30:00+00:00,2014-03-29 11:30:00+00:00,1,-0.9999999999956951,SL,False
S2R2-06,daily_expansion,GBPJPY,2014-03-29 11:30:00+00:00,2014-03-29 11:45:00+00:00,2014-03-29 11:45:00+00:00,1,-1.0000000000084317,SL,False
S2R2-06,daily_expansion,GBPJPY,2014-03-29 11:45:00+00:00,2014-03-29 12:00:00+00:00,2014-03-29 12:00:00+00:00,1,-0.999999999991972,SL,False
S2R2-06,daily_expansion,GBPJPY,2014-03-29 12:00:00+00:00,2014-03-29 12:15:00+00:00,2014-03-29 12:15:00+00:00,1,-0.999999999991972,SL,False
S2R2-06,daily_expansion,GBPJPY,2014-03-29 12:15:00+00:00,2014-03-29 12:30:00+00:00,2014-03-29 12:30:00+00:00,1,-0.9999999999967442,SL,False
S2R2-06,daily_expansion,GBPJPY,2014-03-29 12:30:00+00:00,2014-03-29 12:45:00+00:00,2014-03-29 12:45:00+00:00,1,-1.0000000000001703,SL,False
S2R2-06,daily_expansion,GBPJPY,2014-03-29 12:45:00+00:00,2014-03-29 13:00:00+00:00,2014-03-29 13:00:00+00:00,1,-0.9999999999946356,SL,False
S2R2-06,daily_expansion,GBPJPY,2014-03-30 10:00:00+00:00,2014-03-30 10:15:00+00:00,2014-03-30 10:15:00+00:00,1,-1.0000000001557514,SL,False
S2R2-06,daily_expansion,GBPJPY,2014-03-30 10:15:00+00:00,2014-03-30 10:30:00+00:00,2014-03-30 10:30:00+00:00,1,-0.9999999969124684,SL,False
S2R2-06,daily_expansion,GBPJPY,2014-03-30 10:30:00+00:00,2014-03-30 10:45:00+00:00,2014-03-30 10:45:00+00:00,1,-1.000000002733745,SL,False
S2R2-06,daily_expansion,GBPJPY,2014-03-30 10:45:00+00:00,2014-03-30 11:00:00+00:00,2014-03-30 11:00:00+00:00,1,-0.9999999914494242,SL,False
S2R2-06,daily_expansion,GBPJPY,2014-03-30 11:00:00+00:00,2014-03-30 11:15:00+00:00,2014-03-30 11:15:00+00:00,1,-1.0000000009012486,SL,False
S2R2-06,daily_expansion,GBPJPY,2014-03-30 11:15:00+00:00,2014-03-30 11:30:00+00:00,2014-03-30 11:30:00+00:00,1,-1.0000000023553752,SL,False
S2R2-06,daily_expansion,GBPJPY,2014-03-30 11:30:00+00:00,2014-03-30 11:45:00+00:00,2014-03-30 11:45:00+00:00,1,-1.0000000007893926,SL,False
S2R2-06,daily_expansion,GBPJPY,2014-03-30 11:45:00+00:00,2014-03-30 12:00:00+00:00,2014-03-30 12:00:00+00:00,1,-1.0000000041622783,SL,False
S2R2-06,daily_expansion,GBPJPY,2014-03-30 12:00:00+00:00,2014-03-30 12:15:00+00:00,2014-03-30 12:15:00+00:00,1,-0.9999999968976011,SL,False
S2R2-06,daily_expansion,GBPJPY,2014-03-30 12:15:00+00:00,2014-03-30 12:30:00+00:00,2014-03-30 12:30:00+00:00,1,-0.9999999949417264,SL,False
S2R2-06,daily_expansion,GBPJPY,2014-03-30 12:30:00+00:00,2014-03-30 12:45:00+00:00,2014-03-30 12:45:00+00:00,1,-1.000000009686012,SL,False
S2R2-06,daily_expansion,GBPJPY,2014-03-30 12:45:00+00:00,2014-03-30 13:00:00+00:00,2014-03-30 13:00:00+00:00,1,-1.0000000074176603,SL,False
S2R2-06,daily_expansion,GBPJPY,2014-04-02 10:00:00+00:00,2014-04-02 10:15:00+00:00,2014-04-02 10:15:00+00:00,1,-0.9999999999999333,SL,False
S2R2-06,daily_expansion,GBPJPY,2014-04-02 10:15:00+00:00,2014-04-02 10:30:00+00:00,2014-04-02 12:15:00+00:00,1,1.500000000000099,TP,False
S2R2-06,daily_expansion,GBPJPY,2014-04-02 12:15:00+00:00,2014-04-02 12:30:00+00:00,2014-04-02 12:30:00+00:00,1,-1.0000000000000648,SL,False
S2R2-06,daily_expansion,GBPJPY,2014-04-04 10:30:00+00:00,2014-04-04 10:45:00+00:00,2014-04-04 10:45:00+00:00,-1,-0.9999999999999565,SL,False
S2R2-06,daily_expansion,GBPJPY,2014-04-05 10:00:00+00:00,2014-04-05 10:15:00+00:00,2014-04-05 10:15:00+00:00,-1,-1.0000000000025429,SL,False
S2R2-06,daily_expansion,GBPJPY,2014-04-05 10:15:00+00:00,2014-04-05 10:30:00+00:00,2014-04-05 10:30:00+00:00,-1,-0.9999999999955613,SL,False
S2R2-06,daily_expansion,GBPJPY,2014-04-05 10:30:00+00:00,2014-04-05 10:45:00+00:00,2014-04-05 10:45:00+00:00,-1,-0.9999999999978167,SL,False
S2R2-06,daily_expansion,GBPJPY,2014-04-05 10:45:00+00:00,2014-04-05 11:00:00+00:00,2014-04-05 11:00:00+00:00,-1,-0.9999999999953877,SL,False
S2R2-06,daily_expansion,GBPJPY,2014-04-05 11:00:00+00:00,2014-04-05 11:15:00+00:00,2014-04-05 11:15:00+00:00,-1,-0.9999999999971316,SL,False
S2R2-06,daily_expansion,GBPJPY,2014-04-05 11:15:00+00:00,2014-04-05 11:30:00+00:00,2014-04-05 11:30:00+00:00,-1,-0.9999999999999486,SL,False
S2R2-06,daily_expansion,GBPJPY,2014-04-05 11:30:00+00:00,2014-04-05 11:45:00+00:00,2014-04-05 11:45:00+00:00,-1,-1.000000000001971,SL,False
S2R2-06,daily_expansion,GBPJPY,2014-04-05 11:45:00+00:00,2014-04-05 12:00:00+00:00,2014-04-05 12:00:00+00:00,-1,-1.0000000000063274,SL,False
S2R2-06,daily_expansion,GBPJPY,2014-04-05 12:00:00+00:00,2014-04-05 12:15:00+00:00,2014-04-05 12:15:00+00:00,-1,-1.000000000001636,SL,False
S2R2-06,daily_expansion,GBPJPY,2014-04-05 12:15:00+00:00,2014-04-05 12:30:00+00:00,2014-04-05 12:30:00+00:00,-1,-0.9999999999991098,SL,False
S2R2-06,daily_expansion,GBPJPY,2014-04-05 12:30:00+00:00,2014-04-05 12:45:00+00:00,2014-04-05 12:45:00+00:00,-1,-1.0000000000045506,SL,False
S2R2-06,daily_expansion,GBPJPY,2014-04-05 12:45:00+00:00,2014-04-05 13:00:00+00:00,2014-04-05 13:00:00+00:00,-1,-0.9999999999899021,SL,False
S2R2-06,daily_expansion,GBPJPY,2014-04-06 10:00:00+00:00,2014-04-06 10:15:00+00:00,2014-04-06 10:15:00+00:00,-1,-1.0000000033097312,SL,False
S2R2-06,daily_expansion,GBPJPY,2014-04-06 10:15:00+00:00,2014-04-06 10:30:00+00:00,2014-04-06 10:30:00+00:00,-1,-0.9999999955843952,SL,False
S2R2-06,daily_expansion,GBPJPY,2014-04-06 10:30:00+00:00,2014-04-06 10:45:00+00:00,2014-04-06 10:45:00+00:00,-1,-1.000000005752786,SL,False
S2R2-06,daily_expansion,GBPJPY,2014-04-06 10:45:00+00:00,2014-04-06 11:00:00+00:00,2014-04-06 11:00:00+00:00,-1,-1.0000000047572792,SL,False
S2R2-06,daily_expansion,GBPJPY,2014-04-06 11:00:00+00:00,2014-04-06 11:15:00+00:00,2014-04-06 11:15:00+00:00,-1,-1.0000000026131106,SL,False
S2R2-06,daily_expansion,GBPJPY,2014-04-06 11:15:00+00:00,2014-04-06 11:30:00+00:00,2014-04-06 11:30:00+00:00,-1,-0.999999994531245,SL,False
S2R2-06,daily_expansion,GBPJPY,2014-04-06 11:30:00+00:00,2014-04-06 11:45:00+00:00,2014-04-06 11:45:00+00:00,-1,-1.0000000019914288,SL,False
S2R2-06,daily_expansion,GBPJPY,2014-04-06 11:45:00+00:00,2014-04-06 12:00:00+00:00,2014-04-06 12:00:00+00:00,-1,-1.0000000019914288,SL,False
S2R2-06,daily_expansion,GBPJPY,2014-04-06 12:00:00+00:00,2014-04-06 12:15:00+00:00,2014-04-06 12:15:00+00:00,-1,-0.999999997665405,SL,False
S2R2-06,daily_expansion,GBPJPY,2014-04-06 12:15:00+00:00,2014-04-06 12:30:00+00:00,2014-04-06 12:30:00+00:00,-1,-1.000000005430063,SL,False
S2R2-06,daily_expansion,GBPJPY,2014-04-06 12:30:00+00:00,2014-04-06 12:45:00+00:00,2014-04-06 12:45:00+00:00,-1,-0.9999999903785722,SL,False
S2R2-06,daily_expansion,GBPJPY,2014-04-06 12:45:00+00:00,2014-04-06 13:00:00+00:00,2014-04-06 13:00:00+00:00,-1,-0.9999999921796052,SL,False
S2R2-06,daily_expansion,GBPJPY,2014-04-07 10:00:00+00:00,2014-04-07 10:15:00+00:00,2014-04-07 13:00:00+00:00,-1,1.4999999999999387,TP,False
S2R2-06,daily_expansion,GBPJPY,2014-04-12 10:00:00+00:00,2014-04-12 10:15:00+00:00,2014-04-12 10:15:00+00:00,-1,-0.9999999999999466,SL,False
S2R2-06,daily_expansion,GBPJPY,2014-04-12 10:15:00+00:00,2014-04-12 10:30:00+00:00,2014-04-12 10:30:00+00:00,-1,-0.9999999999984438,SL,False
S2R2-06,daily_expansion,GBPJPY,2014-04-12 10:30:00+00:00,2014-04-12 10:45:00+00:00,2014-04-12 10:45:00+00:00,-1,-0.9999999999992529,SL,False
S2R2-06,daily_expansion,GBPJPY,2014-04-12 10:45:00+00:00,2014-04-12 11:00:00+00:00,2014-04-12 11:00:00+00:00,-1,-1.0000000000009956,SL,False
S2R2-06,daily_expansion,GBPJPY,2014-04-12 11:00:00+00:00,2014-04-12 11:15:00+00:00,2014-04-12 11:15:00+00:00,-1,-1.0000000000028724,SL,False
S2R2-06,daily_expansion,GBPJPY,2014-04-12 11:15:00+00:00,2014-04-12 11:30:00+00:00,2014-04-12 11:30:00+00:00,-1,-1.0000000000008513,SL,False
S2R2-06,daily_expansion,GBPJPY,2014-04-12 11:30:00+00:00,2014-04-12 11:45:00+00:00,2014-04-12 11:45:00+00:00,-1,-1.0000000000073812,SL,False
S2R2-06,daily_expansion,GBPJPY,2014-04-12 11:45:00+00:00,2014-04-12 12:00:00+00:00,2014-04-12 12:00:00+00:00,-1,-0.9999999999968328,SL,False
S2R2-06,daily_expansion,GBPJPY,2014-04-12 12:00:00+00:00,2014-04-12 12:15:00+00:00,2014-04-12 12:15:00+00:00,-1,-0.9999999999968328,SL,False
S2R2-06,daily_expansion,GBPJPY,2014-04-12 12:15:00+00:00,2014-04-12 12:30:00+00:00,2014-04-12 12:30:00+00:00,-1,-1.0000000000009104,SL,False
S2R2-06,daily_expansion,GBPJPY,2014-04-12 12:30:00+00:00,2014-04-12 12:45:00+00:00,2014-04-12 12:45:00+00:00,-1,-0.9999999999965189,SL,False
S2R2-06,daily_expansion,GBPJPY,2014-04-12 12:45:00+00:00,2014-04-12 13:00:00+00:00,2014-04-12 13:00:00+00:00,-1,-1.000000000007554,SL,False
S2R2-06,daily_expansion,GBPJPY,2014-04-13 10:00:00+00:00,2014-04-13 10:15:00+00:00,2014-04-13 10:15:00+00:00,-1,-1.0000000008815573,SL,False
S2R2-06,daily_expansion,GBPJPY,2014-04-13 10:15:00+00:00,2014-04-13 10:30:00+00:00,2014-04-13 10:30:00+00:00,-1,-1.000000005500411,SL,False
S2R2-06,daily_expansion,GBPJPY,2014-04-13 10:30:00+00:00,2014-04-13 10:45:00+00:00,2014-04-13 10:45:00+00:00,-1,-1.0000000005262608,SL,False
S2R2-06,daily_expansion,GBPJPY,2014-04-13 10:45:00+00:00,2014-04-13 11:00:00+00:00,2014-04-13 11:00:00+00:00,-1,-1.000000005883038,SL,False
S2R2-06,daily_expansion,GBPJPY,2014-04-13 11:00:00+00:00,2014-04-13 11:15:00+00:00,2014-04-13 11:15:00+00:00,-1,-1.0000000058830378,SL,False
S2R2-06,daily_expansion,GBPJPY,2014-04-13 11:15:00+00:00,2014-04-13 11:30:00+00:00,2014-04-13 11:30:00+00:00,-1,-1.0000000009129633,SL,False
S2R2-06,daily_expansion,GBPJPY,2014-04-13 11:30:00+00:00,2014-04-13 11:45:00+00:00,2014-04-13 11:45:00+00:00,-1,-0.9999999915462837,SL,False
S2R2-06,daily_expansion,GBPJPY,2014-04-13 11:45:00+00:00,2014-04-13 12:00:00+00:00,2014-04-13 12:00:00+00:00,-1,-1.000000008838615,SL,False
S2R2-06,daily_expansion,GBPJPY,2014-04-13 12:00:00+00:00,2014-04-13 12:15:00+00:00,2014-04-13 12:15:00+00:00,-1,-0.999999994871732,SL,False
S2R2-06,daily_expansion,GBPJPY,2014-04-13 12:15:00+00:00,2014-04-13 12:30:00+00:00,2014-04-13 12:30:00+00:00,-1,-1.0000000032279868,SL,False
S2R2-06,daily_expansion,GBPJPY,2014-04-13 12:30:00+00:00,2014-04-13 12:45:00+00:00,2014-04-13 12:45:00+00:00,-1,-0.9999999906293257,SL,False
S2R2-06,daily_expansion,GBPJPY,2014-04-13 12:45:00+00:00,2014-04-13 13:00:00+00:00,2014-04-13 13:00:00+00:00,-1,-1.0000000003206033,SL,False
S2R2-06,daily_expansion,GBPJPY,2014-04-21 10:00:00+00:00,2014-04-21 10:15:00+00:00,2014-04-21 10:45:00+00:00,1,1.499999999999902,TP,False
S2R2-06,daily_expansion,GBPJPY,2014-04-21 10:45:00+00:00,2014-04-21 11:00:00+00:00,2014-04-21 11:00:00+00:00,1,-0.9999999999999009,SL,False
S2R2-06,daily_expansion,GBPJPY,2014-04-21 11:00:00+00:00,2014-04-21 11:15:00+00:00,2014-04-21 13:45:00+00:00,1,-0.999999999999882,SL,False
S2R2-06,daily_expansion,GBPJPY,2014-04-22 10:00:00+00:00,2014-04-22 10:15:00+00:00,2014-04-22 12:45:00+00:00,1,-1.0000000000001172,SL,False
S2R2-06,daily_expansion,GBPJPY,2014-05-01 10:00:00+00:00,2014-05-01 10:15:00+00:00,2014-05-01 11:30:00+00:00,1,-1.0000000000000704,SL,False
S2R2-06,daily_expansion,GBPJPY,2014-05-01 11:30:00+00:00,2014-05-01 11:45:00+00:00,2014-05-01 12:30:00+00:00,1,-0.9999999999998935,SL,False
S2R2-06,daily_expansion,GBPJPY,2014-05-02 10:00:00+00:00,2014-05-02 10:15:00+00:00,2014-05-02 10:45:00+00:00,1,-0.999999999999965,SL,False
S2R2-06,daily_expansion,GBPJPY,2014-05-02 12:00:00+00:00,2014-05-02 12:15:00+00:00,2014-05-02 12:15:00+00:00,1,-0.9999999999998784,SL,False
S2R2-06,daily_expansion,GBPJPY,2014-05-02 12:30:00+00:00,2014-05-02 12:45:00+00:00,2014-05-02 12:45:00+00:00,1,-1.0000000000000757,SL,False
S2R2-06,daily_expansion,GBPJPY,2014-05-03 10:00:00+00:00,2014-05-03 10:15:00+00:00,2014-05-03 10:15:00+00:00,-1,-1.0000000000033975,SL,False
S2R2-06,daily_expansion,GBPJPY,2014-05-03 10:15:00+00:00,2014-05-03 10:30:00+00:00,2014-05-03 10:30:00+00:00,-1,-0.9999999999958488,SL,False
S2R2-06,daily_expansion,GBPJPY,2014-05-03 10:30:00+00:00,2014-05-03 10:45:00+00:00,2014-05-03 10:45:00+00:00,-1,-1.000000000002962,SL,False
S2R2-06,daily_expansion,GBPJPY,2014-05-03 10:45:00+00:00,2014-05-03 11:00:00+00:00,2014-05-03 11:00:00+00:00,-1,-0.9999999999985847,SL,False
S2R2-06,daily_expansion,GBPJPY,2014-05-03 11:00:00+00:00,2014-05-03 11:15:00+00:00,2014-05-03 11:15:00+00:00,-1,-1.0000000000056557,SL,False
S2R2-06,daily_expansion,GBPJPY,2014-05-03 11:15:00+00:00,2014-05-03 11:30:00+00:00,2014-05-03 11:30:00+00:00,-1,-0.9999999999967715,SL,False
S2R2-06,daily_expansion,GBPJPY,2014-05-03 11:30:00+00:00,2014-05-03 11:45:00+00:00,2014-05-03 11:45:00+00:00,-1,-0.9999999999954048,SL,False
S2R2-06,daily_expansion,GBPJPY,2014-05-03 11:45:00+00:00,2014-05-03 12:00:00+00:00,2014-05-03 12:00:00+00:00,-1,-0.9999999999909887,SL,False
S2R2-06,daily_expansion,GBPJPY,2014-05-03 12:00:00+00:00,2014-05-03 12:15:00+00:00,2014-05-03 12:15:00+00:00,-1,-1.0000000000004998,SL,False
S2R2-06,daily_expansion,GBPJPY,2014-05-03 12:15:00+00:00,2014-05-03 12:30:00+00:00,2014-05-03 12:30:00+00:00,-1,-1.000000000003914,SL,False
S2R2-06,daily_expansion,GBPJPY,2014-05-03 12:30:00+00:00,2014-05-03 12:45:00+00:00,2014-05-03 12:45:00+00:00,-1,-0.9999999999910449,SL,False
S2R2-06,daily_expansion,GBPJPY,2014-05-03 12:45:00+00:00,2014-05-03 13:00:00+00:00,2014-05-03 13:00:00+00:00,-1,-0.9999999999930247,SL,False
S2R2-06,daily_expansion,GBPJPY,2014-05-04 10:00:00+00:00,2014-05-04 10:15:00+00:00,2014-05-04 10:15:00+00:00,-1,-0.9999999991582923,SL,False
S2R2-06,daily_expansion,GBPJPY,2014-05-04 10:15:00+00:00,2014-05-04 10:30:00+00:00,2014-05-04 10:30:00+00:00,-1,-0.9999999968379882,SL,False
S2R2-06,daily_expansion,GBPJPY,2014-05-04 10:30:00+00:00,2014-05-04 10:45:00+00:00,2014-05-04 10:45:00+00:00,-1,-1.0000000068331443,SL,False
S2R2-06,daily_expansion,GBPJPY,2014-05-04 10:45:00+00:00,2014-05-04 11:00:00+00:00,2014-05-04 11:00:00+00:00,-1,-1.000000001451137,SL,False
S2R2-06,daily_expansion,GBPJPY,2014-05-04 11:00:00+00:00,2014-05-04 11:15:00+00:00,2014-05-04 11:15:00+00:00,-1,-1.0000000057981429,SL,False
S2R2-06,daily_expansion,GBPJPY,2014-05-04 11:15:00+00:00,2014-05-04 11:30:00+00:00,2014-05-04 11:30:00+00:00,-1,-0.9999999948748974,SL,False
S2R2-06,daily_expansion,GBPJPY,2014-05-04 11:30:00+00:00,2014-05-04 11:45:00+00:00,2014-05-04 11:45:00+00:00,-1,-1.0000000015968946,SL,False
S2R2-06,daily_expansion,GBPJPY,2014-05-04 11:45:00+00:00,2014-05-04 12:00:00+00:00,2014-05-04 12:00:00+00:00,-1,-0.9999999961675891,SL,False
S2R2-06,daily_expansion,GBPJPY,2014-05-04 12:00:00+00:00,2014-05-04 12:15:00+00:00,2014-05-04 12:15:00+00:00,-1,-0.9999999883716634,SL,False
S2R2-06,daily_expansion,GBPJPY,2014-05-04 12:15:00+00:00,2014-05-04 12:30:00+00:00,2014-05-04 12:30:00+00:00,-1,-1.000000005162888,SL,False
S2R2-06,daily_expansion,GBPJPY,2014-05-04 12:30:00+00:00,2014-05-04 12:45:00+00:00,2014-05-04 12:45:00+00:00,-1,-1.000000005162888,SL,False
S2R2-06,daily_expansion,GBPJPY,2014-05-04 12:45:00+00:00,2014-05-04 13:00:00+00:00,2014-05-04 13:00:00+00:00,-1,-0.9999999881232724,SL,False
S2R2-06,daily_expansion,GBPJPY,2014-05-09 10:45:00+00:00,2014-05-09 11:00:00+00:00,2014-05-09 11:00:00+00:00,-1,1.4999999999999591,TP,False
S2R2-06,daily_expansion,GBPJPY,2014-05-09 11:00:00+00:00,2014-05-09 11:15:00+00:00,2014-05-09 11:45:00+00:00,-1,1.500000000000105,TP,False
S2R2-06,daily_expansion,GBPJPY,2014-06-02 10:00:00+00:00,2014-06-02 10:15:00+00:00,2014-06-02 12:30:00+00:00,1,1.5000000000000275,TP,False
S2R2-06,daily_expansion,GBPJPY,2014-06-25 11:15:00+00:00,2014-06-25 11:30:00+00:00,2014-06-25 17:15:00+00:00,-1,0.19502840533270646,TIME,False
S2R2-06,daily_expansion,GBPJPY,2014-07-02 12:15:00+00:00,2014-07-02 12:30:00+00:00,2014-07-02 13:30:00+00:00,1,1.4999999999999682,TP,False
S2R2-06,daily_expansion,GBPJPY,2014-07-03 10:30:00+00:00,2014-07-03 10:45:00+00:00,2014-07-03 10:45:00+00:00,1,-1.0000000000000764,SL,False
S2R2-06,daily_expansion,GBPJPY,2014-07-30 10:30:00+00:00,2014-07-30 10:45:00+00:00,2014-07-30 10:45:00+00:00,1,-0.9999999999998574,SL,False
S2R2-06,daily_expansion,GBPJPY,2014-07-30 12:30:00+00:00,2014-07-30 12:45:00+00:00,2014-07-30 13:00:00+00:00,1,1.5000000000000806,TP,False
S2R2-06,daily_expansion,GBPJPY,2014-08-11 10:00:00+00:00,2014-08-11 10:15:00+00:00,2014-08-11 10:45:00+00:00,-1,-0.9999999999998992,SL,False
S2R2-06,daily_expansion,GBPJPY,2014-08-11 10:45:00+00:00,2014-08-11 11:00:00+00:00,2014-08-11 12:00:00+00:00,-1,-0.9999999999999818,SL,False
S2R2-06,daily_expansion,GBPJPY,2014-08-11 12:00:00+00:00,2014-08-11 12:15:00+00:00,2014-08-11 16:30:00+00:00,-1,-1.0000000000000893,SL,False
S2R2-06,daily_expansion,GBPJPY,2014-09-04 12:15:00+00:00,2014-09-04 12:30:00+00:00,2014-09-04 12:30:00+00:00,-1,-1.000000000000037,SL,False
S2R2-06,daily_expansion,GBPJPY,2014-10-06 10:00:00+00:00,2014-10-06 10:15:00+00:00,2014-10-06 13:00:00+00:00,-1,-0.9999999999999413,SL,False
S2R2-06,daily_expansion,GBPJPY,2014-10-13 11:30:00+00:00,2014-10-13 11:45:00+00:00,2014-10-13 13:00:00+00:00,-1,1.4999999999999962,TP,False
S2R2-06,daily_expansion,GBPJPY,2014-10-20 10:00:00+00:00,2014-10-20 10:15:00+00:00,2014-10-20 10:45:00+00:00,1,-0.9999999999999387,SL,False
S2R2-06,daily_expansion,GBPJPY,2014-10-20 10:45:00+00:00,2014-10-20 11:00:00+00:00,2014-10-20 11:00:00+00:00,1,-1.0000000000000304,SL,False
S2R2-06,daily_expansion,GBPJPY,2014-10-20 11:00:00+00:00,2014-10-20 11:15:00+00:00,2014-10-20 12:15:00+00:00,1,1.4999999999999925,TP,False
S2R2-06,daily_expansion,GBPJPY,2014-10-20 12:15:00+00:00,2014-10-20 12:30:00+00:00,2014-10-20 13:15:00+00:00,1,-1.0000000000000364,SL,False
S2R2-06,daily_expansion,GBPJPY,2014-10-28 10:00:00+00:00,2014-10-28 10:15:00+00:00,2014-10-28 11:00:00+00:00,1,1.5000000000000673,TP,False
S2R2-06,daily_expansion,GBPJPY,2014-10-28 11:00:00+00:00,2014-10-28 11:15:00+00:00,2014-10-28 11:30:00+00:00,1,-0.9999999999999749,SL,False
S2R2-06,daily_expansion,GBPJPY,2014-10-28 11:30:00+00:00,2014-10-28 11:45:00+00:00,2014-10-28 12:30:00+00:00,1,-1.0000000000000104,SL,False
S2R2-06,daily_expansion,GBPJPY,2014-10-28 12:30:00+00:00,2014-10-28 12:45:00+00:00,2014-10-28 13:30:00+00:00,1,1.4999999999999454,TP,False
S2R2-06,daily_expansion,GBPJPY,2014-11-13 10:00:00+00:00,2014-11-13 10:15:00+00:00,2014-11-13 10:15:00+00:00,-1,-0.999999999999979,SL,False
S2R2-06,daily_expansion,GBPJPY,2014-11-13 12:15:00+00:00,2014-11-13 12:30:00+00:00,2014-11-13 14:45:00+00:00,-1,-1.0000000000000506,SL,False
S2R2-06,daily_expansion,GBPJPY,2014-12-04 10:00:00+00:00,2014-12-04 10:15:00+00:00,2014-12-04 10:30:00+00:00,1,-0.9999999999999357,SL,False
S2R2-06,daily_expansion,GBPJPY,2014-12-04 10:45:00+00:00,2014-12-04 11:00:00+00:00,2014-12-04 11:00:00+00:00,1,-1.0000000000000246,SL,False
S2R2-06,daily_expansion,GBPJPY,2014-12-22 10:00:00+00:00,2014-12-22 10:15:00+00:00,2014-12-22 10:45:00+00:00,1,-1.0000000000000067,SL,False
S2R2-06,daily_expansion,GBPJPY,2014-12-22 10:45:00+00:00,2014-12-22 11:00:00+00:00,2014-12-22 11:30:00+00:00,1,-0.9999999999999788,SL,False
S2R2-06,daily_expansion,GBPJPY,2014-12-22 11:30:00+00:00,2014-12-22 11:45:00+00:00,2014-12-22 12:15:00+00:00,1,1.5000000000000624,TP,False
S2R2-06,daily_expansion,GBPJPY,2014-12-22 12:15:00+00:00,2014-12-22 12:30:00+00:00,2014-12-22 17:45:00+00:00,1,-0.9999999999999628,SL,False
S2R2-06,daily_expansion,GBPJPY,2014-12-29 10:15:00+00:00,2014-12-29 10:30:00+00:00,2014-12-29 10:45:00+00:00,1,-1.0000000000000298,SL,False
S2R2-06,daily_expansion,GBPJPY,2015-01-05 10:00:00+00:00,2015-01-05 10:15:00+00:00,2015-01-05 11:15:00+00:00,-1,1.4999999999999416,TP,False
S2R2-06,daily_expansion,GBPJPY,2015-03-03 10:00:00+00:00,2015-03-03 10:15:00+00:00,2015-03-03 10:30:00+00:00,-1,-1.0000000000000433,SL,False
S2R2-06,daily_expansion,GBPJPY,2015-03-03 11:15:00+00:00,2015-03-03 11:30:00+00:00,2015-03-03 12:45:00+00:00,-1,1.4999999999999378,TP,False
S2R2-06,daily_expansion,GBPJPY,2015-03-03 12:45:00+00:00,2015-03-03 13:00:00+00:00,2015-03-03 14:30:00+00:00,-1,-1.000000000000071,SL,False
S2R2-06,daily_expansion,GBPJPY,2015-03-04 10:00:00+00:00,2015-03-04 10:15:00+00:00,2015-03-04 10:30:00+00:00,-1,-1.0000000000000184,SL,False
S2R2-06,daily_expansion,GBPJPY,2015-03-04 10:30:00+00:00,2015-03-04 10:45:00+00:00,2015-03-04 11:45:00+00:00,-1,-0.9999999999999615,SL,False
S2R2-06,daily_expansion,GBPJPY,2015-03-04 11:45:00+00:00,2015-03-04 12:00:00+00:00,2015-03-04 13:45:00+00:00,-1,1.5000000000000127,TP,False
S2R2-06,daily_expansion,GBPJPY,2015-03-06 10:30:00+00:00,2015-03-06 10:45:00+00:00,2015-03-06 13:15:00+00:00,-1,-1.0000000000000875,SL,False
S2R2-06,daily_expansion,GBPJPY,2015-03-13 10:00:00+00:00,2015-03-13 10:15:00+00:00,2015-03-13 12:00:00+00:00,-1,1.500000000000022,TP,False
S2R2-06,daily_expansion,GBPJPY,2015-04-06 10:15:00+00:00,2015-04-06 10:30:00+00:00,2015-04-06 12:15:00+00:00,1,-1.000000000000035,SL,False
S2R2-06,daily_expansion,GBPJPY,2015-04-06 12:15:00+00:00,2015-04-06 12:30:00+00:00,2015-04-06 12:30:00+00:00,1,-1.0000000000000215,SL,False
S2R2-06,daily_expansion,GBPJPY,2015-04-16 10:00:00+00:00,2015-04-16 10:15:00+00:00,2015-04-16 11:15:00+00:00,1,1.4999999999999936,TP,False
S2R2-06,daily_expansion,GBPJPY,2015-04-27 10:15:00+00:00,2015-04-27 10:30:00+00:00,2015-04-27 11:30:00+00:00,1,-0.9999999999999487,SL,False
S2R2-06,daily_expansion,GBPJPY,2015-04-27 11:45:00+00:00,2015-04-27 12:00:00+00:00,2015-04-27 13:30:00+00:00,1,1.499999999999982,TP,False
S2R2-06,daily_expansion,GBPJPY,2015-05-04 10:00:00+00:00,2015-05-04 10:15:00+00:00,2015-05-04 10:45:00+00:00,-1,-1.0000000000000278,SL,False
S2R2-06,daily_expansion,GBPJPY,2015-05-04 10:45:00+00:00,2015-05-04 11:00:00+00:00,2015-05-04 11:00:00+00:00,-1,-1.0000000000000036,SL,False
S2R2-06,daily_expansion,GBPJPY,2015-05-04 11:00:00+00:00,2015-05-04 11:15:00+00:00,2015-05-04 12:30:00+00:00,-1,-1.000000000000025,SL,False
S2R2-06,daily_expansion,GBPJPY,2015-05-15 10:30:00+00:00,2015-05-15 10:45:00+00:00,2015-05-15 10:45:00+00:00,1,-0.999999999999949,SL,False
S2R2-06,daily_expansion,GBPJPY,2015-05-25 12:00:00+00:00,2015-05-25 12:15:00+00:00,2015-05-25 12:30:00+00:00,-1,-1.0000000000000069,SL,False
S2R2-06,daily_expansion,GBPJPY,2015-05-25 12:45:00+00:00,2015-05-25 13:00:00+00:00,2015-05-25 18:45:00+00:00,-1,-0.9454689045087313,TIME,False
S2R2-06,daily_expansion,GBPJPY,2015-05-27 10:00:00+00:00,2015-05-27 10:15:00+00:00,2015-05-27 10:30:00+00:00,1,-0.999999999999979,SL,False
S2R2-06,daily_expansion,GBPJPY,2015-07-03 12:15:00+00:00,2015-07-03 12:30:00+00:00,2015-07-03 12:45:00+00:00,-1,1.5000000000000795,TP,False
S2R2-06,daily_expansion,GBPJPY,2015-07-24 10:00:00+00:00,2015-07-24 10:15:00+00:00,2015-07-24 10:45:00+00:00,-1,-1.0000000000000129,SL,False
S2R2-06,daily_expansion,GBPJPY,2015-07-24 12:00:00+00:00,2015-07-24 12:15:00+00:00,2015-07-24 14:00:00+00:00,-1,-0.9999999999999908,SL,False
S2R2-06,daily_expansion,GBPJPY,2015-07-29 10:30:00+00:00,2015-07-29 10:45:00+00:00,2015-07-29 12:30:00+00:00,1,1.4999999999999392,TP,False
S2R2-06,daily_expansion,GBPJPY,2015-07-30 10:45:00+00:00,2015-07-30 11:00:00+00:00,2015-07-30 11:15:00+00:00,1,1.4999999999999887,TP,False
S2R2-06,daily_expansion,GBPJPY,2015-08-17 10:00:00+00:00,2015-08-17 10:15:00+00:00,2015-08-17 10:15:00+00:00,1,-0.9999999999999772,SL,False
S2R2-06,daily_expansion,GBPJPY,2015-08-17 10:15:00+00:00,2015-08-17 10:30:00+00:00,2015-08-17 12:15:00+00:00,1,-1.0000000000000342,SL,False
S2R2-06,daily_expansion,GBPJPY,2015-09-09 10:00:00+00:00,2015-09-09 10:15:00+00:00,2015-09-09 11:30:00+00:00,1,1.5000000000000504,TP,False
S2R2-06,daily_expansion,GBPJPY,2015-09-09 11:30:00+00:00,2015-09-09 11:45:00+00:00,2015-09-09 13:00:00+00:00,1,1.5000000000000409,TP,False
S2R2-06,daily_expansion,GBPJPY,2015-09-17 10:00:00+00:00,2015-09-17 10:15:00+00:00,2015-09-17 10:30:00+00:00,1,1.500000000000035,TP,False
S2R2-06,daily_expansion,GBPJPY,2015-09-17 10:30:00+00:00,2015-09-17 10:45:00+00:00,2015-09-17 10:45:00+00:00,1,1.4999999999999585,TP,False
S2R2-06,daily_expansion,GBPJPY,2015-09-17 10:45:00+00:00,2015-09-17 11:00:00+00:00,2015-09-17 11:30:00+00:00,1,-0.9999999999999938,SL,False
S2R2-06,daily_expansion,GBPJPY,2015-09-24 10:30:00+00:00,2015-09-24 10:45:00+00:00,2015-09-24 11:00:00+00:00,-1,1.499999999999992,TP,False
S2R2-06,daily_expansion,GBPJPY,2015-09-24 11:00:00+00:00,2015-09-24 11:15:00+00:00,2015-09-24 11:45:00+00:00,-1,1.4999999999999853,TP,False
S2R2-06,daily_expansion,GBPJPY,2015-09-28 10:30:00+00:00,2015-09-28 10:45:00+00:00,2015-09-28 12:30:00+00:00,-1,-0.9999999999999674,SL,False
S2R2-06,daily_expansion,GBPJPY,2015-10-02 12:00:00+00:00,2015-10-02 12:15:00+00:00,2015-10-02 12:30:00+00:00,1,-0.9999999999999426,SL,False
S2R2-06,daily_expansion,GBPJPY,2015-10-05 10:00:00+00:00,2015-10-05 10:15:00+00:00,2015-10-05 11:30:00+00:00,1,-1.0000000000000435,SL,False
S2R2-06,daily_expansion,GBPJPY,2015-10-08 10:15:00+00:00,2015-10-08 10:30:00+00:00,2015-10-08 10:45:00+00:00,1,-1.0000000000000175,SL,False
S2R2-06,daily_expansion,GBPJPY,2015-10-09 10:00:00+00:00,2015-10-09 10:15:00+00:00,2015-10-09 10:45:00+00:00,1,-1.0000000000000173,SL,False
S2R2-06,daily_expansion,GBPJPY,2015-10-09 10:45:00+00:00,2015-10-09 11:00:00+00:00,2015-10-09 13:30:00+00:00,1,-1.000000000000031,SL,False
S2R2-06,daily_expansion,GBPJPY,2015-10-20 10:00:00+00:00,2015-10-20 10:15:00+00:00,2015-10-20 16:00:00+00:00,1,0.5598273711327588,TIME,False
S2R2-06,daily_expansion,GBPJPY,2015-11-04 10:00:00+00:00,2015-11-04 10:15:00+00:00,2015-11-04 10:30:00+00:00,1,-1.000000000000052,SL,False
S2R2-06,daily_expansion,GBPJPY,2015-11-04 11:15:00+00:00,2015-11-04 11:30:00+00:00,2015-11-04 12:30:00+00:00,1,-1.000000000000019,SL,False
S2R2-06,daily_expansion,GBPJPY,2015-11-06 10:00:00+00:00,2015-11-06 10:15:00+00:00,2015-11-06 10:45:00+00:00,-1,-0.9999999999999449,SL,False
S2R2-06,daily_expansion,GBPJPY,2015-11-23 10:00:00+00:00,2015-11-23 10:15:00+00:00,2015-11-23 10:45:00+00:00,-1,-1.0000000000000686,SL,False
S2R2-06,daily_expansion,GBPJPY,2015-11-23 10:45:00+00:00,2015-11-23 11:00:00+00:00,2015-11-23 11:30:00+00:00,-1,1.4999999999999565,TP,False
S2R2-06,daily_expansion,GBPJPY,2015-11-23 11:30:00+00:00,2015-11-23 11:45:00+00:00,2015-11-23 11:45:00+00:00,-1,-1.0000000000000075,SL,False
S2R2-06,daily_expansion,GBPJPY,2015-11-30 10:00:00+00:00,2015-11-30 10:15:00+00:00,2015-11-30 10:30:00+00:00,-1,-1.0000000000000024,SL,False
S2R2-06,daily_expansion,GBPJPY,2015-11-30 11:45:00+00:00,2015-11-30 12:00:00+00:00,2015-11-30 12:45:00+00:00,-1,-0.999999999999983,SL,False
S2R2-06,daily_expansion,GBPJPY,2015-12-07 10:00:00+00:00,2015-12-07 10:15:00+00:00,2015-12-07 11:00:00+00:00,1,1.5000000000000135,TP,False
S2R2-06,daily_expansion,GBPJPY,2015-12-07 11:00:00+00:00,2015-12-07 11:15:00+00:00,2015-12-07 11:30:00+00:00,1,-0.9999999999999563,SL,False
S2R2-06,daily_expansion,GBPJPY,2015-12-07 11:30:00+00:00,2015-12-07 11:45:00+00:00,2015-12-07 13:00:00+00:00,1,-0.9999999999999135,SL,False
S2R2-06,daily_expansion,GBPJPY,2015-12-21 10:00:00+00:00,2015-12-21 10:15:00+00:00,2015-12-21 15:45:00+00:00,-1,1.5000000000000628,TP,False
S2R2-06,daily_expansion,GBPJPY,2015-12-22 11:45:00+00:00,2015-12-22 12:00:00+00:00,2015-12-22 14:15:00+00:00,-1,1.5000000000000504,TP,False
S2R2-06,daily_expansion,GBPJPY,2015-12-29 10:15:00+00:00,2015-12-29 10:30:00+00:00,2015-12-29 10:45:00+00:00,-1,1.499999999999938,TP,False
S2R2-06,daily_expansion,GBPJPY,2016-02-01 10:00:00+00:00,2016-02-01 10:15:00+00:00,2016-02-01 13:30:00+00:00,1,1.4999999999999725,TP,False
S2R2-06,daily_expansion,GBPJPY,2016-02-05 10:00:00+00:00,2016-02-05 10:15:00+00:00,2016-02-05 13:30:00+00:00,-1,-1.0000000000000036,SL,True
S2R2-06,daily_expansion,GBPJPY,2016-02-15 10:00:00+00:00,2016-02-15 10:15:00+00:00,2016-02-15 12:00:00+00:00,1,-0.9999999999999792,SL,False
S2R2-06,daily_expansion,GBPJPY,2016-02-15 12:00:00+00:00,2016-02-15 12:15:00+00:00,2016-02-15 14:30:00+00:00,1,1.5000000000000009,TP,False
S2R2-06,daily_expansion,GBPJPY,2016-02-19 10:00:00+00:00,2016-02-19 10:15:00+00:00,2016-02-19 12:00:00+00:00,-1,1.499999999999983,TP,False
S2R2-06,daily_expansion,GBPJPY,2016-02-19 12:00:00+00:00,2016-02-19 12:15:00+00:00,2016-02-19 13:30:00+00:00,-1,-0.9999999999999607,SL,False
S2R2-06,daily_expansion,GBPJPY,2016-02-26 10:00:00+00:00,2016-02-26 10:15:00+00:00,2016-02-26 10:30:00+00:00,1,-0.9999999999999877,SL,False
S2R2-06,daily_expansion,GBPJPY,2016-02-26 10:30:00+00:00,2016-02-26 10:45:00+00:00,2016-02-26 11:15:00+00:00,1,-1.000000000000035,SL,False
S2R2-06,daily_expansion,GBPJPY,2016-03-02 10:45:00+00:00,2016-03-02 11:00:00+00:00,2016-03-02 11:30:00+00:00,1,1.5000000000000218,TP,False
S2R2-06,daily_expansion,GBPJPY,2016-03-02 11:30:00+00:00,2016-03-02 11:45:00+00:00,2016-03-02 14:30:00+00:00,1,-0.9999999999999796,SL,False
S2R2-06,daily_expansion,GBPJPY,2016-03-10 10:15:00+00:00,2016-03-10 10:30:00+00:00,2016-03-10 12:45:00+00:00,1,-1.0000000000000275,SL,False
S2R2-06,daily_expansion,GBPJPY,2016-03-10 12:45:00+00:00,2016-03-10 13:00:00+00:00,2016-03-10 14:45:00+00:00,1,1.4999999999999778,TP,False
S2R2-06,daily_expansion,GBPJPY,2016-03-14 10:00:00+00:00,2016-03-14 10:15:00+00:00,2016-03-14 13:30:00+00:00,1,-1.000000000000006,SL,False
S2R2-06,daily_expansion,GBPJPY,2016-03-25 11:45:00+00:00,2016-03-25 12:00:00+00:00,2016-03-25 12:15:00+00:00,1,-0.9999999999999847,SL,False
S2R2-06,daily_expansion,GBPJPY,2016-03-25 12:45:00+00:00,2016-03-25 13:00:00+00:00,2016-03-25 14:00:00+00:00,1,-1.0000000000000162,SL,False
S2R2-06,daily_expansion,GBPJPY,2016-03-28 10:00:00+00:00,2016-03-28 10:15:00+00:00,2016-03-28 11:30:00+00:00,1,-0.9999999999999132,SL,False
S2R2-06,daily_expansion,GBPJPY,2016-03-28 11:30:00+00:00,2016-03-28 11:45:00+00:00,2016-03-28 12:45:00+00:00,1,1.5000000000000193,TP,False
S2R2-06,daily_expansion,GBPJPY,2016-03-28 12:45:00+00:00,2016-03-28 13:00:00+00:00,2016-03-28 13:30:00+00:00,1,1.4999999999999316,TP,False
S2R2-06,daily_expansion,GBPJPY,2016-05-03 11:30:00+00:00,2016-05-03 11:45:00+00:00,2016-05-03 14:00:00+00:00,-1,1.5000000000000397,TP,False
S2R2-06,daily_expansion,GBPJPY,2016-06-02 10:00:00+00:00,2016-06-02 10:15:00+00:00,2016-06-02 11:30:00+00:00,-1,-0.9999999999999667,SL,False
S2R2-06,daily_expansion,GBPJPY,2016-06-02 12:45:00+00:00,2016-06-02 13:00:00+00:00,2016-06-02 13:30:00+00:00,-1,1.500000000000036,TP,False
S2R2-06,daily_expansion,GBPJPY,2016-06-03 12:30:00+00:00,2016-06-03 12:45:00+00:00,2016-06-03 13:30:00+00:00,-1,1.499999999999995,TP,False
S2R2-06,daily_expansion,GBPJPY,2016-08-04 11:00:00+00:00,2016-08-04 11:15:00+00:00,2016-08-04 11:45:00+00:00,-1,1.5000000000000193,TP,False
S2R2-06,daily_expansion,GBPJPY,2016-08-05 12:45:00+00:00,2016-08-05 13:00:00+00:00,2016-08-05 13:30:00+00:00,-1,-1.000000000000003,SL,False
S2R2-06,daily_expansion,GBPJPY,2016-08-09 10:00:00+00:00,2016-08-09 10:15:00+00:00,2016-08-09 13:15:00+00:00,-1,1.5000000000000078,TP,False
S2R2-06,daily_expansion,GBPJPY,2016-08-10 12:30:00+00:00,2016-08-10 12:45:00+00:00,2016-08-10 13:45:00+00:00,-1,1.4999999999999272,TP,False
S2R2-06,daily_expansion,GBPJPY,2016-08-11 12:00:00+00:00,2016-08-11 12:15:00+00:00,2016-08-11 13:45:00+00:00,-1,-1.0000000000000433,SL,False
S2R2-06,daily_expansion,GBPJPY,2016-08-15 11:15:00+00:00,2016-08-15 11:30:00+00:00,2016-08-15 14:45:00+00:00,-1,1.499999999999959,TP,False
S2R2-06,daily_expansion,GBPJPY,2016-08-23 11:00:00+00:00,2016-08-23 11:15:00+00:00,2016-08-23 11:15:00+00:00,1,-1.0000000000000815,SL,False
S2R2-06,daily_expansion,GBPJPY,2016-08-24 10:00:00+00:00,2016-08-24 10:15:00+00:00,2016-08-24 12:45:00+00:00,1,1.499999999999923,TP,False
S2R2-06,daily_expansion,GBPJPY,2016-08-24 12:45:00+00:00,2016-08-24 13:00:00+00:00,2016-08-24 13:30:00+00:00,1,1.5000000000000204,TP,False
S2R2-06,daily_expansion,GBPJPY,2016-09-07 10:00:00+00:00,2016-09-07 10:15:00+00:00,2016-09-07 10:30:00+00:00,-1,-0.9999999999999918,SL,False
S2R2-06,daily_expansion,GBPJPY,2016-09-07 11:00:00+00:00,2016-09-07 11:15:00+00:00,2016-09-07 12:00:00+00:00,-1,-1.0000000000000255,SL,False
S2R2-06,daily_expansion,GBPJPY,2016-09-07 12:30:00+00:00,2016-09-07 12:45:00+00:00,2016-09-07 13:00:00+00:00,-1,1.4999999999999571,TP,False
S2R2-06,daily_expansion,GBPJPY,2016-09-16 10:00:00+00:00,2016-09-16 10:15:00+00:00,2016-09-16 10:15:00+00:00,-1,1.5000000000000244,TP,False
S2R2-06,daily_expansion,GBPJPY,2016-09-16 10:15:00+00:00,2016-09-16 10:30:00+00:00,2016-09-16 12:30:00+00:00,-1,-1.000000000000034,SL,False
S2R2-06,daily_expansion,GBPJPY,2016-09-19 10:30:00+00:00,2016-09-19 10:45:00+00:00,2016-09-19 12:45:00+00:00,-1,-0.9999999999999876,SL,False
S2R2-06,daily_expansion,GBPJPY,2016-10-17 10:15:00+00:00,2016-10-17 10:30:00+00:00,2016-10-17 11:15:00+00:00,-1,1.5000000000000346,TP,False
S2R2-06,daily_expansion,GBPJPY,2016-10-17 11:15:00+00:00,2016-10-17 11:30:00+00:00,2016-10-17 15:30:00+00:00,-1,-1.0000000000000162,SL,False
S2R2-06,daily_expansion,GBPJPY,2016-10-25 10:00:00+00:00,2016-10-25 10:15:00+00:00,2016-10-25 12:15:00+00:00,1,-1.000000000000025,SL,False
S2R2-06,daily_expansion,GBPJPY,2016-10-25 12:15:00+00:00,2016-10-25 12:30:00+00:00,2016-10-25 13:00:00+00:00,1,-1.0000000000000224,SL,False
S2R2-06,daily_expansion,GBPJPY,2016-11-02 10:00:00+00:00,2016-11-02 10:15:00+00:00,2016-11-02 11:15:00+00:00,-1,-1.0000000000000013,SL,False
S2R2-06,daily_expansion,GBPJPY,2016-11-02 11:15:00+00:00,2016-11-02 11:30:00+00:00,2016-11-02 12:15:00+00:00,-1,-0.999999999999995,SL,False
S2R2-06,daily_expansion,GBPJPY,2016-12-01 10:30:00+00:00,2016-12-01 10:45:00+00:00,2016-12-01 11:00:00+00:00,1,1.4999999999999718,TP,False
S2R2-06,daily_expansion,GBPJPY,2016-12-13 10:00:00+00:00,2016-12-13 10:15:00+00:00,2016-12-13 13:15:00+00:00,1,-0.9999999999999659,SL,False
S2R2-06,daily_expansion,GBPJPY,2016-12-15 10:00:00+00:00,2016-12-15 10:15:00+00:00,2016-12-15 11:00:00+00:00,1,1.4999999999999607,TP,False
S2R2-06,daily_expansion,GBPJPY,2016-12-19 11:00:00+00:00,2016-12-19 11:15:00+00:00,2016-12-19 11:30:00+00:00,-1,1.5000000000000506,TP,False
S2R2-06,daily_expansion,GBPJPY,2016-12-23 10:00:00+00:00,2016-12-23 10:15:00+00:00,2016-12-23 13:15:00+00:00,-1,1.5000000000000142,TP,False
S2R2-06,daily_expansion,GBPJPY,2016-12-26 10:00:00+00:00,2016-12-26 10:15:00+00:00,2016-12-26 11:00:00+00:00,-1,-0.9999999999998929,SL,False
S2R2-06,daily_expansion,GBPJPY,2016-12-26 11:00:00+00:00,2016-12-26 11:15:00+00:00,2016-12-26 11:15:00+00:00,-1,-1.0000000000000453,SL,False
S2R2-06,daily_expansion,GBPJPY,2016-12-26 11:15:00+00:00,2016-12-26 11:30:00+00:00,2016-12-26 11:30:00+00:00,-1,-1.0000000000000067,SL,False
S2R2-06,daily_expansion,GBPJPY,2016-12-26 11:30:00+00:00,2016-12-26 11:45:00+00:00,2016-12-26 11:45:00+00:00,-1,-1.0000000000000238,SL,False
S2R2-06,daily_expansion,GBPJPY,2016-12-26 11:45:00+00:00,2016-12-26 12:00:00+00:00,2016-12-26 12:00:00+00:00,-1,-1.000000000000098,SL,False
S2R2-06,daily_expansion,GBPJPY,2016-12-26 12:00:00+00:00,2016-12-26 12:15:00+00:00,2016-12-26 12:15:00+00:00,-1,-0.9999999999999197,SL,False
S2R2-06,daily_expansion,GBPJPY,2016-12-26 12:15:00+00:00,2016-12-26 12:30:00+00:00,2016-12-26 12:30:00+00:00,-1,-0.9999999999998878,SL,False
S2R2-06,daily_expansion,GBPJPY,2016-12-26 12:30:00+00:00,2016-12-26 12:45:00+00:00,2016-12-26 12:45:00+00:00,-1,-0.9999999999999821,SL,False
S2R2-06,daily_expansion,GBPJPY,2016-12-26 12:45:00+00:00,2016-12-26 13:00:00+00:00,2016-12-26 13:00:00+00:00,-1,-1.0000000000000466,SL,False
S2R2-06,daily_expansion,GBPJPY,2016-12-29 10:00:00+00:00,2016-12-29 10:15:00+00:00,2016-12-29 10:30:00+00:00,-1,-0.999999999999995,SL,False
S2R2-06,daily_expansion,GBPJPY,2016-12-29 10:30:00+00:00,2016-12-29 10:45:00+00:00,2016-12-29 11:15:00+00:00,-1,-1.0000000000000346,SL,False
S2R2-06,daily_expansion,GBPJPY,2017-01-02 10:00:00+00:00,2017-01-02 10:15:00+00:00,2017-01-02 10:15:00+00:00,1,-1.000000000000016,SL,False
S2R2-06,daily_expansion,GBPJPY,2017-01-02 10:15:00+00:00,2017-01-02 10:30:00+00:00,2017-01-02 11:00:00+00:00,1,-0.9999999999999815,SL,False
S2R2-06,daily_expansion,GBPJPY,2017-01-02 11:00:00+00:00,2017-01-02 11:15:00+00:00,2017-01-02 13:45:00+00:00,1,-0.999999999999948,SL,False
S2R2-06,daily_expansion,GBPJPY,2017-02-06 10:00:00+00:00,2017-02-06 10:15:00+00:00,2017-02-06 10:15:00+00:00,-1,-1.0000000000000198,SL,False
S2R2-06,daily_expansion,GBPJPY,2017-02-06 10:15:00+00:00,2017-02-06 10:30:00+00:00,2017-02-06 11:15:00+00:00,-1,1.4999999999999596,TP,False
S2R2-06,daily_expansion,GBPJPY,2017-02-06 11:15:00+00:00,2017-02-06 11:30:00+00:00,2017-02-06 11:45:00+00:00,-1,-0.9999999999999775,SL,False
S2R2-06,daily_expansion,GBPJPY,2017-02-06 11:45:00+00:00,2017-02-06 12:00:00+00:00,2017-02-06 13:00:00+00:00,-1,1.5000000000000226,TP,False
S2R2-06,daily_expansion,GBPJPY,2017-02-10 10:00:00+00:00,2017-02-10 10:15:00+00:00,2017-02-10 10:45:00+00:00,1,-0.9999999999999618,SL,False
S2R2-06,daily_expansion,GBPJPY,2017-02-10 10:45:00+00:00,2017-02-10 11:00:00+00:00,2017-02-10 11:00:00+00:00,1,-0.9999999999999343,SL,False
S2R2-06,daily_expansion,GBPJPY,2017-02-13 10:00:00+00:00,2017-02-13 10:15:00+00:00,2017-02-13 14:00:00+00:00,1,-1.0000000000000335,SL,False
S2R2-06,daily_expansion,GBPJPY,2017-02-27 10:00:00+00:00,2017-02-27 10:15:00+00:00,2017-02-27 13:30:00+00:00,-1,-1.0000000000000218,SL,False
S2R2-06,daily_expansion,GBPJPY,2017-03-06 10:00:00+00:00,2017-03-06 10:15:00+00:00,2017-03-06 11:15:00+00:00,-1,-0.9999999999999212,SL,False
S2R2-06,daily_expansion,GBPJPY,2017-03-06 11:15:00+00:00,2017-03-06 11:30:00+00:00,2017-03-06 13:00:00+00:00,-1,-1.0000000000000764,SL,False
S2R2-06,daily_expansion,GBPJPY,2017-03-07 10:00:00+00:00,2017-03-07 10:15:00+00:00,2017-03-07 13:30:00+00:00,-1,-0.9999999999999192,SL,False
S2R2-06,daily_expansion,GBPJPY,2017-03-08 10:00:00+00:00,2017-03-08 10:15:00+00:00,2017-03-08 11:30:00+00:00,-1,1.500000000000066,TP,False
S2R2-06,daily_expansion,GBPJPY,2017-03-08 11:30:00+00:00,2017-03-08 11:45:00+00:00,2017-03-08 12:00:00+00:00,-1,-0.9999999999999474,SL,False
S2R2-06,daily_expansion,GBPJPY,2017-03-08 12:00:00+00:00,2017-03-08 12:15:00+00:00,2017-03-08 12:30:00+00:00,-1,-0.9999999999999047,SL,False
S2R2-06,daily_expansion,GBPJPY,2017-03-10 10:00:00+00:00,2017-03-10 10:15:00+00:00,2017-03-10 10:45:00+00:00,1,-1.0000000000000853,SL,False
S2R2-06,daily_expansion,GBPJPY,2017-03-10 10:45:00+00:00,2017-03-10 11:00:00+00:00,2017-03-10 11:45:00+00:00,1,-1.0000000000000377,SL,False
S2R2-06,daily_expansion,GBPJPY,2017-03-10 11:45:00+00:00,2017-03-10 12:00:00+00:00,2017-03-10 13:00:00+00:00,1,1.4999999999999707,TP,False
S2R2-06,daily_expansion,GBPJPY,2017-04-11 10:00:00+00:00,2017-04-11 10:15:00+00:00,2017-04-11 11:45:00+00:00,-1,-1.0000000000000693,SL,False
S2R2-06,daily_expansion,GBPJPY,2017-04-11 12:30:00+00:00,2017-04-11 12:45:00+00:00,2017-04-11 13:15:00+00:00,-1,1.5000000000000018,TP,False
S2R2-06,daily_expansion,GBPJPY,2017-04-14 10:00:00+00:00,2017-04-14 10:15:00+00:00,2017-04-14 12:30:00+00:00,-1,-0.9999999999999247,SL,False
S2R2-06,daily_expansion,GBPJPY,2017-04-14 12:30:00+00:00,2017-04-14 12:45:00+00:00,2017-04-14 16:00:00+00:00,-1,0.5351051024825543,FRIDAY,False
S2R2-06,daily_expansion,GBPJPY,2017-04-17 10:00:00+00:00,2017-04-17 10:15:00+00:00,2017-04-17 11:30:00+00:00,-1,-0.9999999999998878,SL,False
S2R2-06,daily_expansion,GBPJPY,2017-04-26 11:30:00+00:00,2017-04-26 11:45:00+00:00,2017-04-26 12:30:00+00:00,1,1.4999999999999827,TP,False
S2R2-06,daily_expansion,GBPJPY,2017-04-26 12:30:00+00:00,2017-04-26 12:45:00+00:00,2017-04-26 12:45:00+00:00,1,-1.0000000000000322,SL,False
S2R2-06,daily_expansion,GBPJPY,2017-05-02 10:00:00+00:00,2017-05-02 10:15:00+00:00,2017-05-02 13:15:00+00:00,1,-0.9999999999999831,SL,False
S2R2-06,daily_expansion,GBPJPY,2017-06-01 11:15:00+00:00,2017-06-01 11:30:00+00:00,2017-06-01 12:15:00+00:00,1,-1.0000000000000364,SL,True
S2R2-06,daily_expansion,GBPJPY,2017-06-01 12:15:00+00:00,2017-06-01 12:30:00+00:00,2017-06-01 13:45:00+00:00,1,1.4999999999999396,TP,False
S2R2-06,daily_expansion,GBPJPY,2017-06-14 10:00:00+00:00,2017-06-14 10:15:00+00:00,2017-06-14 10:45:00+00:00,1,-1.0000000000000129,SL,False
S2R2-06,daily_expansion,GBPJPY,2017-06-14 11:00:00+00:00,2017-06-14 11:15:00+00:00,2017-06-14 12:30:00+00:00,1,-1.0000000000000764,SL,False
S2R2-06,daily_expansion,GBPJPY,2017-06-16 10:00:00+00:00,2017-06-16 10:15:00+00:00,2017-06-16 13:00:00+00:00,1,-1.0000000000000293,SL,False
S2R2-06,daily_expansion,GBPJPY,2017-06-23 10:00:00+00:00,2017-06-23 10:15:00+00:00,2017-06-23 13:30:00+00:00,1,-1.0000000000000047,SL,False
S2R2-06,daily_expansion,GBPJPY,2017-06-26 10:00:00+00:00,2017-06-26 10:15:00+00:00,2017-06-26 12:30:00+00:00,1,-1.000000000000037,SL,False
S2R2-06,daily_expansion,GBPJPY,2017-06-26 12:30:00+00:00,2017-06-26 12:45:00+00:00,2017-06-26 12:45:00+00:00,1,-0.9999999999999646,SL,False
S2R2-06,daily_expansion,GBPJPY,2017-06-26 12:45:00+00:00,2017-06-26 13:00:00+00:00,2017-06-26 18:15:00+00:00,1,1.4999999999999707,TP,False
S2R2-06,daily_expansion,GBPJPY,2017-06-27 10:00:00+00:00,2017-06-27 10:15:00+00:00,2017-06-27 11:15:00+00:00,1,1.5000000000000038,TP,False
S2R2-06,daily_expansion,GBPJPY,2017-06-27 11:15:00+00:00,2017-06-27 11:30:00+00:00,2017-06-27 12:15:00+00:00,1,1.499999999999947,TP,False
S2R2-06,daily_expansion,GBPJPY,2017-07-14 11:00:00+00:00,2017-07-14 11:15:00+00:00,2017-07-14 11:15:00+00:00,1,-0.9999999999999799,SL,False
S2R2-06,daily_expansion,GBPJPY,2017-07-21 12:45:00+00:00,2017-07-21 13:00:00+00:00,2017-07-21 13:45:00+00:00,-1,1.499999999999967,TP,False
S2R2-06,daily_expansion,GBPJPY,2017-07-31 10:00:00+00:00,2017-07-31 10:15:00+00:00,2017-07-31 10:45:00+00:00,-1,-0.999999999999969,SL,False
S2R2-06,daily_expansion,GBPJPY,2017-07-31 12:45:00+00:00,2017-07-31 13:00:00+00:00,2017-07-31 13:00:00+00:00,-1,-0.9999999999999111,SL,False
S2R2-06,daily_expansion,GBPJPY,2017-08-08 10:00:00+00:00,2017-08-08 10:15:00+00:00,2017-08-08 10:45:00+00:00,-1,1.4999999999999332,TP,False
S2R2-06,daily_expansion,GBPJPY,2017-08-08 10:45:00+00:00,2017-08-08 11:00:00+00:00,2017-08-08 11:00:00+00:00,-1,1.4999999999999543,TP,False
S2R2-06,daily_expansion,GBPJPY,2017-08-17 10:00:00+00:00,2017-08-17 10:15:00+00:00,2017-08-17 11:30:00+00:00,-1,-0.9999999999999154,SL,False
S2R2-06,daily_expansion,GBPJPY,2017-08-17 12:00:00+00:00,2017-08-17 12:15:00+00:00,2017-08-17 12:30:00+00:00,-1,-1.0000000000000295,SL,False
S2R2-06,daily_expansion,GBPJPY,2017-08-25 10:00:00+00:00,2017-08-25 10:15:00+00:00,2017-08-25 11:00:00+00:00,1,1.4999999999999118,TP,False
S2R2-06,daily_expansion,GBPJPY,2017-08-30 10:00:00+00:00,2017-08-30 10:15:00+00:00,2017-08-30 11:45:00+00:00,1,1.4999999999999725,TP,False
S2R2-06,daily_expansion,GBPJPY,2017-08-30 11:45:00+00:00,2017-08-30 12:00:00+00:00,2017-08-30 14:00:00+00:00,1,1.4999999999999563,TP,False
S2R2-06,daily_expansion,GBPJPY,2017-09-11 10:00:00+00:00,2017-09-11 10:15:00+00:00,2017-09-11 11:15:00+00:00,1,1.5000000000000129,TP,False
S2R2-06,daily_expansion,GBPJPY,2017-09-14 11:00:00+00:00,2017-09-14 11:15:00+00:00,2017-09-14 11:15:00+00:00,1,1.499999999999997,TP,False
S2R2-06,daily_expansion,GBPJPY,2017-10-04 10:45:00+00:00,2017-10-04 11:00:00+00:00,2017-10-04 13:00:00+00:00,-1,-1.0000000000000198,SL,False
S2R2-06,daily_expansion,GBPJPY,2017-10-06 10:00:00+00:00,2017-10-06 10:15:00+00:00,2017-10-06 11:15:00+00:00,-1,-0.9999999999999964,SL,False
S2R2-06,daily_expansion,GBPJPY,2017-10-06 12:00:00+00:00,2017-10-06 12:15:00+00:00,2017-10-06 12:30:00+00:00,-1,-0.9999999999999831,SL,False
S2R2-06,daily_expansion,GBPJPY,2017-11-03 10:00:00+00:00,2017-11-03 10:15:00+00:00,2017-11-03 11:15:00+00:00,-1,-1.000000000000055,SL,False
S2R2-06,daily_expansion,GBPJPY,2017-11-03 11:15:00+00:00,2017-11-03 11:30:00+00:00,2017-11-03 11:30:00+00:00,-1,-1.0000000000000728,SL,False
S2R2-06,daily_expansion,GBPJPY,2017-11-03 11:30:00+00:00,2017-11-03 11:45:00+00:00,2017-11-03 12:30:00+00:00,-1,1.5000000000000244,TP,False
S2R2-06,daily_expansion,GBPJPY,2017-11-07 10:00:00+00:00,2017-11-07 10:15:00+00:00,2017-11-07 11:00:00+00:00,1,-0.99999999999997,SL,False
S2R2-06,daily_expansion,GBPJPY,2017-11-07 11:00:00+00:00,2017-11-07 11:15:00+00:00,2017-11-07 11:30:00+00:00,1,-0.9999999999999221,SL,False
S2R2-06,daily_expansion,GBPJPY,2017-11-07 12:30:00+00:00,2017-11-07 12:45:00+00:00,2017-11-07 13:15:00+00:00,1,-1.0000000000000187,SL,False
S2R2-06,daily_expansion,GBPJPY,2017-12-12 10:00:00+00:00,2017-12-12 10:15:00+00:00,2017-12-12 11:00:00+00:00,-1,-1.0000000000000697,SL,False
S2R2-06,daily_expansion,GBPJPY,2017-12-15 10:00:00+00:00,2017-12-15 10:15:00+00:00,2017-12-15 12:00:00+00:00,-1,1.4999999999999143,TP,False
S2R2-06,daily_expansion,GBPJPY,2017-12-18 10:00:00+00:00,2017-12-18 10:15:00+00:00,2017-12-18 10:30:00+00:00,-1,1.5000000000000686,TP,False
S2R2-06,daily_expansion,GBPJPY,2017-12-18 10:30:00+00:00,2017-12-18 10:45:00+00:00,2017-12-18 10:45:00+00:00,-1,-1.0000000000000253,SL,False
S2R2-06,daily_expansion,GBPJPY,2017-12-18 10:45:00+00:00,2017-12-18 11:00:00+00:00,2017-12-18 11:45:00+00:00,-1,-1.0000000000001013,SL,False
S2R2-06,daily_expansion,GBPJPY,2017-12-18 11:45:00+00:00,2017-12-18 12:00:00+00:00,2017-12-18 13:30:00+00:00,-1,-1.000000000000041,SL,False
S2R2-06,daily_expansion,GBPJPY,2017-12-20 10:00:00+00:00,2017-12-20 10:15:00+00:00,2017-12-20 11:30:00+00:00,1,-0.9999999999999755,SL,False
S2R2-06,daily_expansion,GBPJPY,2017-12-20 11:30:00+00:00,2017-12-20 11:45:00+00:00,2017-12-20 12:45:00+00:00,1,1.5000000000000808,TP,False
S2R2-06,daily_expansion,GBPJPY,2017-12-20 12:45:00+00:00,2017-12-20 13:00:00+00:00,2017-12-20 13:45:00+00:00,1,1.5000000000000444,TP,False
S2R2-06,daily_expansion,GBPJPY,2018-01-02 10:00:00+00:00,2018-01-02 10:15:00+00:00,2018-01-02 10:30:00+00:00,1,-0.9999999999999191,SL,False
S2R2-06,daily_expansion,GBPJPY,2018-02-05 11:15:00+00:00,2018-02-05 11:30:00+00:00,2018-02-05 11:30:00+00:00,-1,1.4999999999999292,TP,False
S2R2-06,daily_expansion,GBPJPY,2018-02-05 11:30:00+00:00,2018-02-05 11:45:00+00:00,2018-02-05 11:45:00+00:00,-1,1.499999999999962,TP,False
S2R2-06,daily_expansion,GBPJPY,2018-02-12 10:00:00+00:00,2018-02-12 10:15:00+00:00,2018-02-12 10:45:00+00:00,-1,-0.9999999999999535,SL,False
S2R2-06,daily_expansion,GBPJPY,2018-02-12 10:45:00+00:00,2018-02-12 11:00:00+00:00,2018-02-12 12:45:00+00:00,-1,1.500000000000014,TP,False
S2R2-06,daily_expansion,GBPJPY,2018-02-12 12:45:00+00:00,2018-02-12 13:00:00+00:00,2018-02-12 14:00:00+00:00,-1,1.5000000000000575,TP,False
S2R2-06,daily_expansion,GBPJPY,2018-02-26 11:00:00+00:00,2018-02-26 11:15:00+00:00,2018-02-26 12:15:00+00:00,1,-0.9999999999999669,SL,False
S2R2-06,daily_expansion,GBPJPY,2018-02-28 10:00:00+00:00,2018-02-28 10:15:00+00:00,2018-02-28 11:30:00+00:00,-1,1.5000000000000553,TP,False
S2R2-06,daily_expansion,GBPJPY,2018-03-12 10:15:00+00:00,2018-03-12 10:30:00+00:00,2018-03-12 11:15:00+00:00,1,-1.0000000000000693,SL,False
S2R2-06,daily_expansion,GBPJPY,2018-03-12 11:45:00+00:00,2018-03-12 12:00:00+00:00,2018-03-12 12:30:00+00:00,1,1.5000000000000218,TP,False
S2R2-06,daily_expansion,GBPJPY,2018-03-12 12:30:00+00:00,2018-03-12 12:45:00+00:00,2018-03-12 14:45:00+00:00,1,-0.9999999999999736,SL,False
S2R2-06,daily_expansion,GBPJPY,2018-04-05 10:00:00+00:00,2018-04-05 10:15:00+00:00,2018-04-05 10:30:00+00:00,1,-0.9999999999999887,SL,False
S2R2-06,daily_expansion,GBPJPY,2018-04-05 10:45:00+00:00,2018-04-05 11:00:00+00:00,2018-04-05 11:15:00+00:00,1,-0.9999999999999737,SL,False
S2R2-06,daily_expansion,GBPJPY,2018-04-09 12:45:00+00:00,2018-04-09 13:00:00+00:00,2018-04-09 15:00:00+00:00,1,-1.0000000000000864,SL,False
S2R2-06,daily_expansion,GBPJPY,2018-04-20 12:30:00+00:00,2018-04-20 12:45:00+00:00,2018-04-20 12:45:00+00:00,-1,-1.0000000000000404,SL,False
S2R2-06,daily_expansion,GBPJPY,2018-04-24 10:00:00+00:00,2018-04-24 10:15:00+00:00,2018-04-24 12:30:00+00:00,1,1.4999999999999951,TP,False
S2R2-06,daily_expansion,GBPJPY,2018-04-24 12:30:00+00:00,2018-04-24 12:45:00+00:00,2018-04-24 13:15:00+00:00,1,1.50000000000002,TP,False
S2R2-06,daily_expansion,GBPJPY,2018-04-26 12:30:00+00:00,2018-04-26 12:45:00+00:00,2018-04-26 13:00:00+00:00,1,-1.0000000000000138,SL,False
S2R2-06,daily_expansion,GBPJPY,2018-04-30 10:00:00+00:00,2018-04-30 10:15:00+00:00,2018-04-30 11:45:00+00:00,-1,-0.9999999999999241,SL,False
S2R2-06,daily_expansion,GBPJPY,2018-06-28 10:00:00+00:00,2018-06-28 10:15:00+00:00,2018-06-28 12:00:00+00:00,-1,1.5000000000000413,TP,False
S2R2-06,daily_expansion,GBPJPY,2018-06-28 12:00:00+00:00,2018-06-28 12:15:00+00:00,2018-06-28 12:30:00+00:00,-1,1.499999999999935,TP,False
S2R2-06,daily_expansion,GBPJPY,2018-06-28 12:30:00+00:00,2018-06-28 12:45:00+00:00,2018-06-28 13:30:00+00:00,-1,-0.9999999999999808,SL,False
S2R2-06,daily_expansion,GBPJPY,2018-07-16 10:00:00+00:00,2018-07-16 10:15:00+00:00,2018-07-16 10:15:00+00:00,1,-0.9999999999999034,SL,False
S2R2-06,daily_expansion,GBPJPY,2018-07-16 10:15:00+00:00,2018-07-16 10:30:00+00:00,2018-07-16 11:00:00+00:00,1,1.4999999999999567,TP,False
S2R2-06,daily_expansion,GBPJPY,2018-07-16 11:00:00+00:00,2018-07-16 11:15:00+00:00,2018-07-16 11:45:00+00:00,1,-1.0000000000000335,SL,False
S2R2-06,daily_expansion,GBPJPY,2018-07-23 10:00:00+00:00,2018-07-23 10:15:00+00:00,2018-07-23 10:30:00+00:00,-1,-1.000000000000041,SL,False
S2R2-06,daily_expansion,GBPJPY,2018-07-23 11:30:00+00:00,2018-07-23 11:45:00+00:00,2018-07-23 12:15:00+00:00,-1,-0.9999999999999023,SL,False
S2R2-06,daily_expansion,GBPJPY,2018-07-25 10:00:00+00:00,2018-07-25 10:15:00+00:00,2018-07-25 10:15:00+00:00,1,-1.0000000000000968,SL,False
S2R2-06,daily_expansion,GBPJPY,2018-07-27 10:00:00+00:00,2018-07-27 10:15:00+00:00,2018-07-27 11:00:00+00:00,-1,-0.9999999999999788,SL,False
S2R2-06,daily_expansion,GBPJPY,2018-07-27 11:00:00+00:00,2018-07-27 11:15:00+00:00,2018-07-27 12:30:00+00:00,-1,1.4999999999999192,TP,False
S2R2-06,daily_expansion,GBPJPY,2018-07-27 12:30:00+00:00,2018-07-27 12:45:00+00:00,2018-07-27 13:00:00+00:00,-1,-1.0000000000000704,SL,False
S2R2-06,daily_expansion,GBPJPY,2018-08-07 11:15:00+00:00,2018-08-07 11:30:00+00:00,2018-08-07 12:15:00+00:00,-1,1.4999999999999805,TP,False
S2R2-06,daily_expansion,GBPJPY,2018-08-07 12:15:00+00:00,2018-08-07 12:30:00+00:00,2018-08-07 14:30:00+00:00,-1,-1.0000000000000453,SL,False
S2R2-06,daily_expansion,GBPJPY,2018-08-23 10:45:00+00:00,2018-08-23 11:00:00+00:00,2018-08-23 11:00:00+00:00,1,-0.9999999999999523,SL,False
S2R2-06,daily_expansion,GBPJPY,2018-08-24 10:00:00+00:00,2018-08-24 10:15:00+00:00,2018-08-24 11:45:00+00:00,1,-0.9999999999999126,SL,False
S2R2-06,daily_expansion,GBPJPY,2018-08-28 11:30:00+00:00,2018-08-28 11:45:00+00:00,2018-08-28 12:45:00+00:00,1,1.499999999999903,TP,False
S2R2-06,daily_expansion,GBPJPY,2018-08-28 12:45:00+00:00,2018-08-28 13:00:00+00:00,2018-08-28 13:30:00+00:00,1,-0.9999999999999415,SL,False
S2R2-06,daily_expansion,GBPJPY,2018-09-04 10:15:00+00:00,2018-09-04 10:30:00+00:00,2018-09-04 12:45:00+00:00,-1,-1.0000000000000842,SL,False
S2R2-06,daily_expansion,GBPJPY,2018-09-25 10:00:00+00:00,2018-09-25 10:15:00+00:00,2018-09-25 14:30:00+00:00,1,1.5000000000000517,TP,False
S2R2-06,daily_expansion,GBPJPY,2018-10-01 10:00:00+00:00,2018-10-01 10:15:00+00:00,2018-10-01 10:45:00+00:00,1,-1.0000000000000806,SL,False
S2R2-06,daily_expansion,GBPJPY,2018-10-01 11:00:00+00:00,2018-10-01 11:15:00+00:00,2018-10-01 11:30:00+00:00,1,-0.9999999999999094,SL,False
S2R2-06,daily_expansion,GBPJPY,2018-10-01 12:30:00+00:00,2018-10-01 12:45:00+00:00,2018-10-01 14:45:00+00:00,1,-0.9999999999999682,SL,False
S2R2-06,daily_expansion,GBPJPY,2018-10-05 11:45:00+00:00,2018-10-05 12:00:00+00:00,2018-10-05 12:45:00+00:00,1,1.5000000000000098,TP,False
S2R2-06,daily_expansion,GBPJPY,2018-10-10 10:00:00+00:00,2018-10-10 10:15:00+00:00,2018-10-10 11:15:00+00:00,1,1.5000000000000315,TP,False
S2R2-06,daily_expansion,GBPJPY,2018-10-10 11:15:00+00:00,2018-10-10 11:30:00+00:00,2018-10-10 11:30:00+00:00,1,-0.9999999999999688,SL,False
S2R2-06,daily_expansion,GBPJPY,2018-10-15 10:00:00+00:00,2018-10-15 10:15:00+00:00,2018-10-15 10:45:00+00:00,-1,-0.9999999999999768,SL,False
S2R2-06,daily_expansion,GBPJPY,2018-11-05 10:00:00+00:00,2018-11-05 10:15:00+00:00,2018-11-05 12:00:00+00:00,1,-1.0000000000000324,SL,False
S2R2-06,daily_expansion,GBPJPY,2018-11-07 10:00:00+00:00,2018-11-07 10:15:00+00:00,2018-11-07 14:15:00+00:00,1,1.4999999999999234,TP,False
S2R2-06,daily_expansion,GBPJPY,2018-11-08 10:15:00+00:00,2018-11-08 10:30:00+00:00,2018-11-08 10:30:00+00:00,1,-1.000000000000019,SL,False
S2R2-06,daily_expansion,GBPJPY,2018-12-17 10:00:00+00:00,2018-12-17 10:15:00+00:00,2018-12-17 11:00:00+00:00,-1,-0.9999999999999646,SL,False
S2R2-06,daily_expansion,GBPJPY,2018-12-17 12:00:00+00:00,2018-12-17 12:15:00+00:00,2018-12-17 14:00:00+00:00,-1,1.5000000000000537,TP,False
S2R2-06,daily_expansion,GBPJPY,2018-12-18 10:00:00+00:00,2018-12-18 10:15:00+00:00,2018-12-18 11:00:00+00:00,-1,-1.0000000000000788,SL,False
S2R2-06,daily_expansion,GBPJPY,2018-12-24 10:30:00+00:00,2018-12-24 10:45:00+00:00,2018-12-24 10:45:00+00:00,-1,-1.0000000000000024,SL,False
S2R2-06,daily_expansion,GBPJPY,2018-12-24 10:45:00+00:00,2018-12-24 11:00:00+00:00,2018-12-24 14:15:00+00:00,-1,-1.000000000000028,SL,False
S2R2-06,daily_expansion,GBPJPY,2018-12-26 10:00:00+00:00,2018-12-26 10:15:00+00:00,2018-12-26 11:45:00+00:00,-1,-1.0000000000001066,SL,False
S2R2-06,daily_expansion,GBPJPY,2018-12-26 11:45:00+00:00,2018-12-26 12:00:00+00:00,2018-12-26 13:00:00+00:00,-1,1.5000000000000853,TP,False
S2R2-06,daily_expansion,GBPJPY,2019-01-28 10:00:00+00:00,2019-01-28 10:15:00+00:00,2019-01-28 10:45:00+00:00,1,1.4999999999999136,TP,False
S2R2-06,daily_expansion,GBPJPY,2019-01-28 10:45:00+00:00,2019-01-28 11:00:00+00:00,2019-01-28 11:30:00+00:00,1,-0.9999999999999014,SL,False
S2R2-06,daily_expansion,GBPJPY,2019-01-28 11:30:00+00:00,2019-01-28 11:45:00+00:00,2019-01-28 13:00:00+00:00,1,-1.0000000000000813,SL,False
S2R2-06,daily_expansion,GBPJPY,2019-01-31 10:00:00+00:00,2019-01-31 10:15:00+00:00,2019-01-31 10:15:00+00:00,-1,-0.9999999999999586,SL,False
S2R2-06,daily_expansion,GBPJPY,2019-01-31 10:15:00+00:00,2019-01-31 10:30:00+00:00,2019-01-31 12:15:00+00:00,-1,-0.99999999999995,SL,False
S2R2-06,daily_expansion,GBPJPY,2019-01-31 12:15:00+00:00,2019-01-31 12:30:00+00:00,2019-01-31 13:15:00+00:00,-1,1.4999999999999234,TP,False
S2R2-06,daily_expansion,GBPJPY,2019-02-07 10:15:00+00:00,2019-02-07 10:30:00+00:00,2019-02-07 11:00:00+00:00,-1,-1.000000000000047,SL,False
S2R2-06,daily_expansion,GBPJPY,2019-02-07 11:15:00+00:00,2019-02-07 11:30:00+00:00,2019-02-07 12:00:00+00:00,-1,1.4999999999999647,TP,False
S2R2-06,daily_expansion,GBPJPY,2019-02-13 10:00:00+00:00,2019-02-13 10:15:00+00:00,2019-02-13 10:30:00+00:00,1,-0.9999999999999215,SL,False
S2R2-06,daily_expansion,GBPJPY,2019-02-13 10:30:00+00:00,2019-02-13 10:45:00+00:00,2019-02-13 11:00:00+00:00,1,-0.9999999999999855,SL,False
S2R2-06,daily_expansion,GBPJPY,2019-02-13 11:45:00+00:00,2019-02-13 12:00:00+00:00,2019-02-13 12:15:00+00:00,1,-1.000000000000016,SL,False
S2R2-06,daily_expansion,GBPJPY,2019-02-25 12:45:00+00:00,2019-02-25 13:00:00+00:00,2019-02-25 13:15:00+00:00,1,-1.0000000000000218,SL,False
S2R2-06,daily_expansion,GBPJPY,2019-04-12 10:00:00+00:00,2019-04-12 10:15:00+00:00,2019-04-12 11:45:00+00:00,1,1.500000000000035,TP,False
S2R2-06,daily_expansion,GBPJPY,2019-04-18 10:00:00+00:00,2019-04-18 10:15:00+00:00,2019-04-18 16:00:00+00:00,-1,0.5460056093821922,TIME,False
S2R2-06,daily_expansion,GBPJPY,2019-04-22 12:45:00+00:00,2019-04-22 13:00:00+00:00,2019-04-22 13:00:00+00:00,-1,-0.9999999999999067,SL,False
S2R2-06,daily_expansion,GBPJPY,2019-04-23 12:45:00+00:00,2019-04-23 13:00:00+00:00,2019-04-23 14:30:00+00:00,-1,1.49999999999999,TP,False
S2R2-06,daily_expansion,GBPJPY,2019-05-01 10:00:00+00:00,2019-05-01 10:15:00+00:00,2019-05-01 12:15:00+00:00,1,1.5000000000000653,TP,False
S2R2-06,daily_expansion,GBPJPY,2019-05-01 12:15:00+00:00,2019-05-01 12:30:00+00:00,2019-05-01 14:00:00+00:00,1,-1.0000000000000129,SL,False
S2R2-06,daily_expansion,GBPJPY,2019-05-13 12:15:00+00:00,2019-05-13 12:30:00+00:00,2019-05-13 13:45:00+00:00,-1,1.499999999999956,TP,False
S2R2-06,daily_expansion,GBPJPY,2019-06-28 10:00:00+00:00,2019-06-28 10:15:00+00:00,2019-06-28 10:45:00+00:00,-1,-0.9999999999999943,SL,False
S2R2-06,daily_expansion,GBPJPY,2019-07-15 10:00:00+00:00,2019-07-15 10:15:00+00:00,2019-07-15 11:00:00+00:00,-1,1.5000000000000797,TP,False
S2R2-06,daily_expansion,GBPJPY,2019-07-15 11:00:00+00:00,2019-07-15 11:15:00+00:00,2019-07-15 12:45:00+00:00,-1,1.4999999999999758,TP,False
S2R2-06,daily_expansion,GBPJPY,2019-07-19 10:00:00+00:00,2019-07-19 10:15:00+00:00,2019-07-19 12:45:00+00:00,1,-0.9999999999999946,SL,False
S2R2-06,daily_expansion,GBPJPY,2019-09-11 10:00:00+00:00,2019-09-11 10:15:00+00:00,2019-09-11 10:45:00+00:00,1,-0.9999999999999993,SL,False
S2R2-06,daily_expansion,GBPJPY,2019-09-11 11:00:00+00:00,2019-09-11 11:15:00+00:00,2019-09-11 11:30:00+00:00,1,-0.9999999999999859,SL,False
S2R2-06,daily_expansion,GBPJPY,2019-09-25 10:00:00+00:00,2019-09-25 10:15:00+00:00,2019-09-25 11:00:00+00:00,-1,1.5000000000000124,TP,False
S2R2-06,daily_expansion,GBPJPY,2019-10-04 11:00:00+00:00,2019-10-04 11:15:00+00:00,2019-10-04 11:15:00+00:00,-1,-0.9999999999999712,SL,False
S2R2-06,daily_expansion,GBPJPY,2019-10-23 10:00:00+00:00,2019-10-23 10:15:00+00:00,2019-10-23 10:15:00+00:00,-1,-0.9999999999999666,SL,False
S2R2-06,daily_expansion,GBPJPY,2019-10-23 10:45:00+00:00,2019-10-23 11:00:00+00:00,2019-10-23 12:30:00+00:00,-1,-1.0000000000000464,SL,False
S2R2-06,daily_expansion,GBPJPY,2019-11-05 10:00:00+00:00,2019-11-05 10:15:00+00:00,2019-11-05 11:45:00+00:00,1,1.5000000000000338,TP,False
S2R2-06,daily_expansion,GBPJPY,2019-11-05 11:45:00+00:00,2019-11-05 12:00:00+00:00,2019-11-05 12:30:00+00:00,1,-0.9999999999999145,SL,False
S2R2-06,daily_expansion,GBPJPY,2019-11-05 12:30:00+00:00,2019-11-05 12:45:00+00:00,2019-11-05 18:00:00+00:00,1,1.5000000000000897,TP,False
S2R2-06,daily_expansion,GBPJPY,2019-12-12 10:45:00+00:00,2019-12-12 11:00:00+00:00,2019-12-12 11:00:00+00:00,1,-1.0000000000000917,SL,False
S2R2-06,daily_expansion,GBPJPY,2019-12-23 10:45:00+00:00,2019-12-23 11:00:00+00:00,2019-12-23 12:15:00+00:00,-1,1.4999999999999039,TP,False
S2R2-06,daily_expansion,GBPJPY,2020-01-13 11:45:00+00:00,2020-01-13 12:00:00+00:00,2020-01-13 12:30:00+00:00,-1,-1.0000000000000269,SL,False
S2R2-06,daily_expansion,GBPJPY,2020-01-16 10:00:00+00:00,2020-01-16 10:15:00+00:00,2020-01-16 15:15:00+00:00,1,-1.000000000000036,SL,False
S2R2-06,daily_expansion,GBPJPY,2020-01-20 10:00:00+00:00,2020-01-20 10:15:00+00:00,2020-01-20 10:30:00+00:00,-1,-0.9999999999999285,SL,False
S2R2-06,daily_expansion,GBPJPY,2020-01-20 10:30:00+00:00,2020-01-20 10:45:00+00:00,2020-01-20 11:00:00+00:00,-1,-1.000000000000092,SL,False
S2R2-06,daily_expansion,GBPJPY,2020-01-20 11:00:00+00:00,2020-01-20 11:15:00+00:00,2020-01-20 13:30:00+00:00,-1,-1.0000000000000164,SL,False
S2R2-06,daily_expansion,GBPJPY,2020-02-07 10:00:00+00:00,2020-02-07 10:15:00+00:00,2020-02-07 10:15:00+00:00,-1,-1.0000000000000444,SL,False
S2R2-06,daily_expansion,GBPJPY,2020-02-07 10:15:00+00:00,2020-02-07 10:30:00+00:00,2020-02-07 11:15:00+00:00,-1,-1.0000000000000533,SL,False
S2R2-06,daily_expansion,GBPJPY,2020-02-07 11:15:00+00:00,2020-02-07 11:30:00+00:00,2020-02-07 12:45:00+00:00,-1,-1.000000000000105,SL,False
S2R2-06,daily_expansion,GBPJPY,2020-02-10 10:00:00+00:00,2020-02-10 10:15:00+00:00,2020-02-10 10:30:00+00:00,-1,-0.9999999999999791,SL,False
S2R2-06,daily_expansion,GBPJPY,2020-02-10 10:30:00+00:00,2020-02-10 10:45:00+00:00,2020-02-10 13:30:00+00:00,-1,-0.9999999999999633,SL,False
S2R2-06,daily_expansion,GBPJPY,2020-04-01 10:00:00+00:00,2020-04-01 10:15:00+00:00,2020-04-01 10:45:00+00:00,-1,-1.0000000000000335,SL,False
S2R2-06,daily_expansion,GBPJPY,2020-04-01 12:00:00+00:00,2020-04-01 12:15:00+00:00,2020-04-01 13:00:00+00:00,-1,-0.9999999999999789,SL,False
S2R2-06,daily_expansion,GBPJPY,2020-04-07 11:45:00+00:00,2020-04-07 12:00:00+00:00,2020-04-07 12:45:00+00:00,1,1.4999999999999971,TP,False
S2R2-06,daily_expansion,GBPJPY,2020-04-09 10:00:00+00:00,2020-04-09 10:15:00+00:00,2020-04-09 11:15:00+00:00,1,-1.0000000000000433,SL,False
S2R2-06,daily_expansion,GBPJPY,2020-04-09 11:15:00+00:00,2020-04-09 11:30:00+00:00,2020-04-09 12:45:00+00:00,1,1.4999999999999403,TP,False
S2R2-06,daily_expansion,GBPJPY,2020-04-09 12:45:00+00:00,2020-04-09 13:00:00+00:00,2020-04-09 13:15:00+00:00,1,1.4999999999999825,TP,False
S2R2-06,daily_expansion,GBPJPY,2020-04-27 10:00:00+00:00,2020-04-27 10:15:00+00:00,2020-04-27 11:45:00+00:00,1,-0.9999999999999178,SL,False
S2R2-06,daily_expansion,GBPJPY,2020-04-27 11:45:00+00:00,2020-04-27 12:00:00+00:00,2020-04-27 12:30:00+00:00,1,-0.9999999999999364,SL,False
S2R2-06,daily_expansion,GBPJPY,2020-06-17 10:00:00+00:00,2020-06-17 10:15:00+00:00,2020-06-17 10:30:00+00:00,-1,-1.0000000000000073,SL,False
S2R2-06,daily_expansion,GBPJPY,2020-06-17 12:15:00+00:00,2020-06-17 12:30:00+00:00,2020-06-17 14:15:00+00:00,-1,1.5000000000000027,TP,False
S2R2-06,daily_expansion,GBPJPY,2020-06-18 10:00:00+00:00,2020-06-18 10:15:00+00:00,2020-06-18 10:30:00+00:00,-1,-0.9999999999999674,SL,False
S2R2-06,daily_expansion,GBPJPY,2020-06-18 10:30:00+00:00,2020-06-18 10:45:00+00:00,2020-06-18 11:00:00+00:00,-1,-1.0000000000000522,SL,False
S2R2-06,daily_expansion,GBPJPY,2020-06-18 11:00:00+00:00,2020-06-18 11:15:00+00:00,2020-06-18 11:45:00+00:00,-1,1.5000000000000102,TP,False
S2R2-06,daily_expansion,GBPJPY,2020-06-18 11:45:00+00:00,2020-06-18 12:00:00+00:00,2020-06-18 12:45:00+00:00,-1,1.4999999999999627,TP,False
S2R2-06,daily_expansion,GBPJPY,2020-06-26 10:00:00+00:00,2020-06-26 10:15:00+00:00,2020-06-26 14:00:00+00:00,-1,1.4999999999999152,TP,False
S2R2-06,daily_expansion,GBPJPY,2020-06-29 11:15:00+00:00,2020-06-29 11:30:00+00:00,2020-06-29 11:45:00+00:00,-1,-1.00000000000001,SL,False
S2R2-06,daily_expansion,GBPJPY,2020-07-02 10:00:00+00:00,2020-07-02 10:15:00+00:00,2020-07-02 10:30:00+00:00,1,1.5000000000000535,TP,False
S2R2-06,daily_expansion,GBPJPY,2020-07-02 10:30:00+00:00,2020-07-02 10:45:00+00:00,2020-07-02 11:00:00+00:00,1,-0.9999999999999657,SL,False
S2R2-06,daily_expansion,GBPJPY,2020-07-02 11:00:00+00:00,2020-07-02 11:15:00+00:00,2020-07-02 12:30:00+00:00,1,1.4999999999999545,TP,False
S2R2-06,daily_expansion,GBPJPY,2020-07-02 12:30:00+00:00,2020-07-02 12:45:00+00:00,2020-07-02 13:00:00+00:00,1,-0.9999999999999359,SL,False
S2R2-06,daily_expansion,GBPJPY,2020-07-06 10:00:00+00:00,2020-07-06 10:15:00+00:00,2020-07-06 14:30:00+00:00,1,-0.9999999999999105,SL,False
S2R2-06,daily_expansion,GBPJPY,2020-07-07 11:15:00+00:00,2020-07-07 11:30:00+00:00,2020-07-07 13:15:00+00:00,1,1.5000000000000562,TP,False
S2R2-06,daily_expansion,GBPJPY,2020-07-09 10:00:00+00:00,2020-07-09 10:15:00+00:00,2020-07-09 11:00:00+00:00,1,-0.9999999999999609,SL,False
S2R2-06,daily_expansion,GBPJPY,2020-07-09 11:00:00+00:00,2020-07-09 11:15:00+00:00,2020-07-09 13:45:00+00:00,1,-1.00000000000002,SL,False
S2R2-06,daily_expansion,GBPJPY,2020-07-29 10:00:00+00:00,2020-07-29 10:15:00+00:00,2020-07-29 12:00:00+00:00,1,1.4999999999999576,TP,False
S2R2-06,daily_expansion,GBPJPY,2020-08-11 10:00:00+00:00,2020-08-11 10:15:00+00:00,2020-08-11 11:00:00+00:00,1,-0.9999999999999254,SL,False
S2R2-06,daily_expansion,GBPJPY,2020-09-17 11:00:00+00:00,2020-09-17 11:15:00+00:00,2020-09-17 12:00:00+00:00,-1,1.4999999999999694,TP,False
S2R2-06,daily_expansion,GBPJPY,2020-10-16 10:45:00+00:00,2020-10-16 11:00:00+00:00,2020-10-16 11:00:00+00:00,-1,-1.000000000000021,SL,False
S2R2-06,daily_expansion,GBPJPY,2020-10-23 10:00:00+00:00,2020-10-23 10:15:00+00:00,2020-10-23 12:15:00+00:00,-1,-1.0000000000000253,SL,False
S2R2-06,daily_expansion,GBPJPY,2020-10-27 10:15:00+00:00,2020-10-27 10:30:00+00:00,2020-10-27 10:45:00+00:00,-1,-0.9999999999999383,SL,False
S2R2-06,daily_expansion,GBPJPY,2020-11-09 10:30:00+00:00,2020-11-09 10:45:00+00:00,2020-11-09 11:45:00+00:00,1,1.4999999999999953,TP,False
S2R2-06,daily_expansion,GBPJPY,2020-11-09 11:45:00+00:00,2020-11-09 12:00:00+00:00,2020-11-09 12:15:00+00:00,1,1.4999999999999816,TP,False
S2R2-06,daily_expansion,GBPJPY,2020-11-19 10:00:00+00:00,2020-11-19 10:15:00+00:00,2020-11-19 10:15:00+00:00,-1,-0.9999999999999345,SL,False
S2R2-06,daily_expansion,GBPJPY,2020-11-24 11:00:00+00:00,2020-11-24 11:15:00+00:00,2020-11-24 11:30:00+00:00,1,-0.9999999999999105,SL,False
S2R2-06,daily_expansion,GBPJPY,2020-11-24 11:30:00+00:00,2020-11-24 11:45:00+00:00,2020-11-24 12:00:00+00:00,1,-0.9999999999999322,SL,False
S2R2-06,daily_expansion,GBPJPY,2020-11-24 12:30:00+00:00,2020-11-24 12:45:00+00:00,2020-11-24 12:45:00+00:00,1,-0.9999999999999155,SL,False
S2R2-06,daily_expansion,GBPJPY,2020-11-27 10:15:00+00:00,2020-11-27 10:30:00+00:00,2020-11-27 11:00:00+00:00,-1,-0.9999999999999298,SL,False
S2R2-06,daily_expansion,GBPJPY,2020-11-27 11:00:00+00:00,2020-11-27 11:15:00+00:00,2020-11-27 11:15:00+00:00,-1,-0.9999999999999684,SL,False
S2R2-06,daily_expansion,GBPJPY,2020-11-27 11:15:00+00:00,2020-11-27 11:30:00+00:00,2020-11-27 13:30:00+00:00,-1,-1.0000000000000495,SL,False
S2R2-06,daily_expansion,GBPJPY,2020-11-30 10:00:00+00:00,2020-11-30 10:15:00+00:00,2020-11-30 11:00:00+00:00,-1,-1.0000000000000009,SL,False
S2R2-06,daily_expansion,GBPJPY,2020-11-30 11:00:00+00:00,2020-11-30 11:15:00+00:00,2020-11-30 11:30:00+00:00,-1,-1.0000000000000127,SL,False
S2R2-06,daily_expansion,GBPJPY,2020-11-30 11:30:00+00:00,2020-11-30 11:45:00+00:00,2020-11-30 12:00:00+00:00,-1,-0.9999999999999992,SL,False
S2R2-06,daily_expansion,GBPJPY,2020-11-30 12:15:00+00:00,2020-11-30 12:30:00+00:00,2020-11-30 12:30:00+00:00,-1,1.499999999999996,TP,False
S2R2-06,daily_expansion,GBPJPY,2020-11-30 12:30:00+00:00,2020-11-30 12:45:00+00:00,2020-11-30 13:15:00+00:00,-1,-0.9999999999999724,SL,False
S2R2-06,daily_expansion,GBPJPY,2020-12-17 10:45:00+00:00,2020-12-17 11:00:00+00:00,2020-12-17 11:30:00+00:00,1,1.5000000000000013,TP,False
S2R2-06,daily_expansion,GBPJPY,2020-12-31 10:00:00+00:00,2020-12-31 10:15:00+00:00,2020-12-31 11:15:00+00:00,1,-0.9999999999999482,SL,False
S2R2-06,daily_expansion,GBPJPY,2020-12-31 11:15:00+00:00,2020-12-31 11:30:00+00:00,2020-12-31 13:15:00+00:00,1,-0.9999999999999762,SL,False
