hypothesis,family,pair,signal_dt,entry_dt,exit_dt,side,r,reason,ambiguous_stop_first
S2-19,ema_reclaim_microbreak,NZDUSD,2013-01-08 08:00:00+00:00,2013-01-08 08:15:00+00:00,2013-01-08 08:15:00+00:00,1,-0.9999999999999172,SL,True
S2-19,ema_reclaim_microbreak,NZDUSD,2013-01-08 11:15:00+00:00,2013-01-08 11:30:00+00:00,2013-01-08 13:00:00+00:00,1,-1.0000000000000495,SL,False
S2-19,ema_reclaim_microbreak,NZDUSD,2013-01-14 07:00:00+00:00,2013-01-14 07:15:00+00:00,2013-01-14 08:00:00+00:00,1,1.2500000000000406,TP,False
S2-19,ema_reclaim_microbreak,NZDUSD,2013-01-22 09:15:00+00:00,2013-01-22 09:30:00+00:00,2013-01-22 12:30:00+00:00,1,-0.9999999999999327,SL,False
S2-19,ema_reclaim_microbreak,NZDUSD,2013-01-28 07:30:00+00:00,2013-01-28 07:45:00+00:00,2013-01-28 08:00:00+00:00,-1,1.2500000000000313,TP,False
S2-19,ema_reclaim_microbreak,NZDUSD,2013-01-29 11:45:00+00:00,2013-01-29 12:00:00+00:00,2013-01-29 12:00:00+00:00,1,-1.0000000000000262,SL,False
S2-19,ema_reclaim_microbreak,NZDUSD,2013-01-31 07:30:00+00:00,2013-01-31 07:45:00+00:00,2013-01-31 07:45:00+00:00,-1,-1.0000000000000502,SL,False
S2-19,ema_reclaim_microbreak,NZDUSD,2013-02-01 11:15:00+00:00,2013-02-01 11:30:00+00:00,2013-02-01 11:30:00+00:00,1,-0.9999999999999434,SL,False
S2-19,ema_reclaim_microbreak,NZDUSD,2013-02-01 11:45:00+00:00,2013-02-01 12:00:00+00:00,2013-02-01 12:15:00+00:00,1,1.2500000000000362,TP,False
S2-19,ema_reclaim_microbreak,NZDUSD,2013-02-07 07:15:00+00:00,2013-02-07 07:30:00+00:00,2013-02-07 07:30:00+00:00,-1,-1.0000000000000602,SL,False
S2-19,ema_reclaim_microbreak,NZDUSD,2013-02-07 07:45:00+00:00,2013-02-07 08:00:00+00:00,2013-02-07 08:45:00+00:00,-1,1.2499999999999714,TP,False
S2-19,ema_reclaim_microbreak,NZDUSD,2013-02-07 11:15:00+00:00,2013-02-07 11:30:00+00:00,2013-02-07 13:00:00+00:00,-1,1.2500000000000213,TP,False
S2-19,ema_reclaim_microbreak,NZDUSD,2013-02-13 07:00:00+00:00,2013-02-13 07:15:00+00:00,2013-02-13 07:45:00+00:00,1,-0.9999999999999213,SL,False
S2-19,ema_reclaim_microbreak,NZDUSD,2013-02-15 07:15:00+00:00,2013-02-15 07:30:00+00:00,2013-02-15 08:15:00+00:00,1,-1.0000000000001004,SL,False
S2-19,ema_reclaim_microbreak,NZDUSD,2013-02-15 08:45:00+00:00,2013-02-15 09:00:00+00:00,2013-02-15 09:00:00+00:00,1,-1.0000000000000557,SL,False
S2-19,ema_reclaim_microbreak,NZDUSD,2013-02-18 07:15:00+00:00,2013-02-18 07:30:00+00:00,2013-02-18 08:00:00+00:00,-1,1.2500000000000784,TP,False
S2-19,ema_reclaim_microbreak,NZDUSD,2013-02-18 09:30:00+00:00,2013-02-18 09:45:00+00:00,2013-02-18 09:45:00+00:00,-1,-0.9999999999999463,SL,False
S2-19,ema_reclaim_microbreak,NZDUSD,2013-02-21 08:00:00+00:00,2013-02-21 08:15:00+00:00,2013-02-21 08:30:00+00:00,-1,1.249999999999937,TP,False
S2-19,ema_reclaim_microbreak,NZDUSD,2013-02-21 09:30:00+00:00,2013-02-21 09:45:00+00:00,2013-02-21 11:30:00+00:00,-1,-0.999999999999984,SL,False
S2-19,ema_reclaim_microbreak,NZDUSD,2013-02-27 08:15:00+00:00,2013-02-27 08:30:00+00:00,2013-02-27 12:30:00+00:00,-1,0.8575446421963121,TIME,False
S2-19,ema_reclaim_microbreak,NZDUSD,2013-02-28 10:15:00+00:00,2013-02-28 10:30:00+00:00,2013-02-28 12:30:00+00:00,1,1.249999999999938,TP,False
S2-19,ema_reclaim_microbreak,NZDUSD,2013-03-04 08:15:00+00:00,2013-03-04 08:30:00+00:00,2013-03-04 08:30:00+00:00,-1,-1.000000000000051,SL,False
S2-19,ema_reclaim_microbreak,NZDUSD,2013-03-04 09:30:00+00:00,2013-03-04 09:45:00+00:00,2013-03-04 09:45:00+00:00,-1,-1.0000000000000242,SL,False
S2-19,ema_reclaim_microbreak,NZDUSD,2013-03-05 09:00:00+00:00,2013-03-05 09:15:00+00:00,2013-03-05 09:15:00+00:00,1,-0.9999999999999665,SL,False
S2-19,ema_reclaim_microbreak,NZDUSD,2013-03-06 11:15:00+00:00,2013-03-06 11:30:00+00:00,2013-03-06 11:45:00+00:00,1,-1.000000000000032,SL,False
S2-19,ema_reclaim_microbreak,NZDUSD,2013-03-11 08:15:00+00:00,2013-03-11 08:30:00+00:00,2013-03-11 08:45:00+00:00,-1,-1.000000000000053,SL,False
S2-19,ema_reclaim_microbreak,NZDUSD,2013-03-11 09:45:00+00:00,2013-03-11 10:00:00+00:00,2013-03-11 10:00:00+00:00,-1,-0.9999999999999502,SL,False
S2-19,ema_reclaim_microbreak,NZDUSD,2013-03-14 08:15:00+00:00,2013-03-14 08:30:00+00:00,2013-03-14 08:30:00+00:00,-1,-1.0,SL,False
S2-19,ema_reclaim_microbreak,NZDUSD,2013-03-14 09:00:00+00:00,2013-03-14 09:15:00+00:00,2013-03-14 09:45:00+00:00,-1,-1.0000000000000433,SL,False
S2-19,ema_reclaim_microbreak,NZDUSD,2013-03-19 07:30:00+00:00,2013-03-19 07:45:00+00:00,2013-03-19 08:15:00+00:00,-1,-0.9999999999999641,SL,False
S2-19,ema_reclaim_microbreak,NZDUSD,2013-03-20 07:45:00+00:00,2013-03-20 08:00:00+00:00,2013-03-20 08:00:00+00:00,-1,-0.999999999999937,SL,False
S2-19,ema_reclaim_microbreak,NZDUSD,2013-03-20 09:00:00+00:00,2013-03-20 09:15:00+00:00,2013-03-20 09:30:00+00:00,-1,-1.0000000000000842,SL,False
S2-19,ema_reclaim_microbreak,NZDUSD,2013-03-20 09:45:00+00:00,2013-03-20 10:00:00+00:00,2013-03-20 10:00:00+00:00,-1,-1.0000000000000706,SL,False
S2-19,ema_reclaim_microbreak,NZDUSD,2013-03-20 11:15:00+00:00,2013-03-20 11:30:00+00:00,2013-03-20 12:00:00+00:00,-1,-1.0,SL,False
S2-19,ema_reclaim_microbreak,NZDUSD,2013-03-21 07:30:00+00:00,2013-03-21 07:45:00+00:00,2013-03-21 07:45:00+00:00,1,-0.9999999999998951,SL,False
S2-19,ema_reclaim_microbreak,NZDUSD,2013-03-22 07:30:00+00:00,2013-03-22 07:45:00+00:00,2013-03-22 07:45:00+00:00,1,-0.9999999999999238,SL,False
S2-19,ema_reclaim_microbreak,NZDUSD,2013-03-29 11:00:00+00:00,2013-03-29 11:15:00+00:00,2013-03-29 11:15:00+00:00,-1,-0.9999999999997816,SL,False
S2-19,ema_reclaim_microbreak,NZDUSD,2013-04-09 08:15:00+00:00,2013-04-09 08:30:00+00:00,2013-04-09 09:30:00+00:00,1,-0.9999999999999745,SL,False
S2-19,ema_reclaim_microbreak,NZDUSD,2013-04-09 11:15:00+00:00,2013-04-09 11:30:00+00:00,2013-04-09 11:30:00+00:00,1,1.249999999999979,TP,False
S2-19,ema_reclaim_microbreak,NZDUSD,2013-04-17 07:45:00+00:00,2013-04-17 08:00:00+00:00,2013-04-17 08:15:00+00:00,-1,-0.9999999999999568,SL,False
S2-19,ema_reclaim_microbreak,NZDUSD,2013-04-17 09:15:00+00:00,2013-04-17 09:30:00+00:00,2013-04-17 09:45:00+00:00,-1,1.2500000000000309,TP,False
S2-19,ema_reclaim_microbreak,NZDUSD,2013-04-22 07:15:00+00:00,2013-04-22 07:30:00+00:00,2013-04-22 07:30:00+00:00,1,-1.0000000000000537,SL,False
S2-19,ema_reclaim_microbreak,NZDUSD,2013-04-24 11:00:00+00:00,2013-04-24 11:15:00+00:00,2013-04-24 11:30:00+00:00,1,-0.9999999999999506,SL,False
S2-19,ema_reclaim_microbreak,NZDUSD,2013-04-25 08:30:00+00:00,2013-04-25 08:45:00+00:00,2013-04-25 09:00:00+00:00,1,1.2500000000000207,TP,False
S2-19,ema_reclaim_microbreak,NZDUSD,2013-05-08 09:00:00+00:00,2013-05-08 09:15:00+00:00,2013-05-08 11:45:00+00:00,-1,-1.0000000000000306,SL,False
S2-19,ema_reclaim_microbreak,NZDUSD,2013-05-13 11:15:00+00:00,2013-05-13 11:30:00+00:00,2013-05-13 12:15:00+00:00,-1,1.2500000000000175,TP,False
S2-19,ema_reclaim_microbreak,NZDUSD,2013-05-15 10:30:00+00:00,2013-05-15 10:45:00+00:00,2013-05-15 11:00:00+00:00,-1,1.2500000000000495,TP,False
S2-19,ema_reclaim_microbreak,NZDUSD,2013-05-17 10:15:00+00:00,2013-05-17 10:30:00+00:00,2013-05-17 10:30:00+00:00,-1,-0.9999999999999736,SL,False
S2-19,ema_reclaim_microbreak,NZDUSD,2013-05-20 07:00:00+00:00,2013-05-20 07:15:00+00:00,2013-05-20 07:15:00+00:00,1,1.2500000000000784,TP,False
S2-19,ema_reclaim_microbreak,NZDUSD,2013-05-20 10:15:00+00:00,2013-05-20 10:30:00+00:00,2013-05-20 11:15:00+00:00,1,1.250000000000016,TP,False
S2-19,ema_reclaim_microbreak,NZDUSD,2013-05-28 10:15:00+00:00,2013-05-28 10:30:00+00:00,2013-05-28 11:15:00+00:00,1,1.2499999999999638,TP,False
S2-19,ema_reclaim_microbreak,NZDUSD,2013-05-29 08:00:00+00:00,2013-05-29 08:15:00+00:00,2013-05-29 08:30:00+00:00,-1,-1.0000000000000158,SL,False
S2-19,ema_reclaim_microbreak,NZDUSD,2013-05-29 09:00:00+00:00,2013-05-29 09:15:00+00:00,2013-05-29 09:30:00+00:00,-1,-0.9999999999999524,SL,False
S2-19,ema_reclaim_microbreak,NZDUSD,2013-06-07 08:00:00+00:00,2013-06-07 08:15:00+00:00,2013-06-07 11:30:00+00:00,-1,-0.9999999999999603,SL,False
S2-19,ema_reclaim_microbreak,NZDUSD,2013-06-14 08:15:00+00:00,2013-06-14 08:30:00+00:00,2013-06-14 08:30:00+00:00,1,-1.0,SL,False
S2-19,ema_reclaim_microbreak,NZDUSD,2013-06-14 09:00:00+00:00,2013-06-14 09:15:00+00:00,2013-06-14 09:45:00+00:00,1,-1.0000000000000226,SL,False
S2-19,ema_reclaim_microbreak,NZDUSD,2013-06-17 10:45:00+00:00,2013-06-17 11:00:00+00:00,2013-06-17 11:15:00+00:00,1,-0.9999999999999447,SL,False
S2-19,ema_reclaim_microbreak,NZDUSD,2013-06-18 09:00:00+00:00,2013-06-18 09:15:00+00:00,2013-06-18 09:30:00+00:00,-1,1.2500000000000364,TP,False
S2-19,ema_reclaim_microbreak,NZDUSD,2013-06-21 09:15:00+00:00,2013-06-21 09:30:00+00:00,2013-06-21 09:30:00+00:00,-1,-1.0,SL,False
S2-19,ema_reclaim_microbreak,NZDUSD,2013-06-27 11:15:00+00:00,2013-06-27 11:30:00+00:00,2013-06-27 12:15:00+00:00,1,1.2500000000000273,TP,False
S2-19,ema_reclaim_microbreak,NZDUSD,2013-06-28 07:45:00+00:00,2013-06-28 08:00:00+00:00,2013-06-28 08:15:00+00:00,1,-1.0,SL,False
S2-19,ema_reclaim_microbreak,NZDUSD,2013-06-28 09:45:00+00:00,2013-06-28 10:00:00+00:00,2013-06-28 11:00:00+00:00,1,-1.0000000000000129,SL,False
S2-19,ema_reclaim_microbreak,NZDUSD,2013-07-04 08:00:00+00:00,2013-07-04 08:15:00+00:00,2013-07-04 08:30:00+00:00,1,1.2499999999999667,TP,False
S2-19,ema_reclaim_microbreak,NZDUSD,2013-07-09 10:30:00+00:00,2013-07-09 10:45:00+00:00,2013-07-09 11:30:00+00:00,1,1.2500000000000264,TP,False
S2-19,ema_reclaim_microbreak,NZDUSD,2013-07-10 09:45:00+00:00,2013-07-10 10:00:00+00:00,2013-07-10 12:45:00+00:00,1,-1.0000000000000124,SL,False
S2-19,ema_reclaim_microbreak,NZDUSD,2013-07-12 08:00:00+00:00,2013-07-12 08:15:00+00:00,2013-07-12 08:45:00+00:00,1,-0.9999999999999817,SL,False
S2-19,ema_reclaim_microbreak,NZDUSD,2013-07-15 07:00:00+00:00,2013-07-15 07:15:00+00:00,2013-07-15 07:15:00+00:00,1,-1.00000000000004,SL,False
S2-19,ema_reclaim_microbreak,NZDUSD,2013-07-16 08:15:00+00:00,2013-07-16 08:30:00+00:00,2013-07-16 08:30:00+00:00,1,1.249999999999961,TP,False
S2-19,ema_reclaim_microbreak,NZDUSD,2013-07-26 07:45:00+00:00,2013-07-26 08:00:00+00:00,2013-07-26 08:30:00+00:00,1,-0.9999999999999608,SL,False
S2-19,ema_reclaim_microbreak,NZDUSD,2013-08-01 07:15:00+00:00,2013-08-01 07:30:00+00:00,2013-08-01 07:45:00+00:00,-1,1.2500000000000215,TP,False
S2-19,ema_reclaim_microbreak,NZDUSD,2013-08-07 09:45:00+00:00,2013-08-07 10:00:00+00:00,2013-08-07 10:00:00+00:00,1,-1.0000000000000149,SL,False
S2-19,ema_reclaim_microbreak,NZDUSD,2013-08-08 08:15:00+00:00,2013-08-08 08:30:00+00:00,2013-08-08 10:00:00+00:00,1,1.2500000000000153,TP,False
S2-19,ema_reclaim_microbreak,NZDUSD,2013-08-12 11:30:00+00:00,2013-08-12 11:45:00+00:00,2013-08-12 12:30:00+00:00,-1,-1.0,SL,False
S2-19,ema_reclaim_microbreak,NZDUSD,2013-08-13 07:15:00+00:00,2013-08-13 07:30:00+00:00,2013-08-13 07:30:00+00:00,-1,-1.0000000000000209,SL,False
S2-19,ema_reclaim_microbreak,NZDUSD,2013-08-13 08:00:00+00:00,2013-08-13 08:15:00+00:00,2013-08-13 08:15:00+00:00,-1,-1.0000000000000335,SL,False
S2-19,ema_reclaim_microbreak,NZDUSD,2013-08-13 11:15:00+00:00,2013-08-13 11:30:00+00:00,2013-08-13 11:30:00+00:00,-1,-0.9999999999999838,SL,False
S2-19,ema_reclaim_microbreak,NZDUSD,2013-08-16 08:45:00+00:00,2013-08-16 09:00:00+00:00,2013-08-16 09:00:00+00:00,1,-1.0000000000000158,SL,False
S2-19,ema_reclaim_microbreak,NZDUSD,2013-08-16 10:00:00+00:00,2013-08-16 10:15:00+00:00,2013-08-16 12:30:00+00:00,1,1.250000000000013,TP,False
S2-19,ema_reclaim_microbreak,NZDUSD,2013-08-20 10:00:00+00:00,2013-08-20 10:15:00+00:00,2013-08-20 13:30:00+00:00,-1,-1.000000000000011,SL,False
S2-19,ema_reclaim_microbreak,NZDUSD,2013-08-21 11:45:00+00:00,2013-08-21 12:00:00+00:00,2013-08-21 12:45:00+00:00,-1,1.2500000000000482,TP,False
S2-19,ema_reclaim_microbreak,NZDUSD,2013-08-22 08:45:00+00:00,2013-08-22 09:00:00+00:00,2013-08-22 09:00:00+00:00,-1,1.2500000000000129,TP,False
S2-19,ema_reclaim_microbreak,NZDUSD,2013-08-26 07:45:00+00:00,2013-08-26 08:00:00+00:00,2013-08-26 08:00:00+00:00,1,-1.0000000000000724,SL,True
S2-19,ema_reclaim_microbreak,NZDUSD,2013-09-16 10:15:00+00:00,2013-09-16 10:30:00+00:00,2013-09-16 12:30:00+00:00,1,1.2499999999999787,TP,False
S2-19,ema_reclaim_microbreak,NZDUSD,2013-09-18 07:15:00+00:00,2013-09-18 07:30:00+00:00,2013-09-18 07:45:00+00:00,1,1.2499999999999023,TP,False
S2-19,ema_reclaim_microbreak,NZDUSD,2013-09-20 09:15:00+00:00,2013-09-20 09:30:00+00:00,2013-09-20 10:00:00+00:00,1,-0.9999999999999286,SL,False
S2-19,ema_reclaim_microbreak,NZDUSD,2013-09-23 07:00:00+00:00,2013-09-23 07:15:00+00:00,2013-09-23 07:15:00+00:00,1,-1.0,SL,False
S2-19,ema_reclaim_microbreak,NZDUSD,2013-09-25 10:00:00+00:00,2013-09-25 10:15:00+00:00,2013-09-25 10:30:00+00:00,-1,1.2500000000000175,TP,False
S2-19,ema_reclaim_microbreak,NZDUSD,2013-10-02 09:45:00+00:00,2013-10-02 10:00:00+00:00,2013-10-02 10:00:00+00:00,-1,-0.999999999999983,SL,False
S2-19,ema_reclaim_microbreak,NZDUSD,2013-10-07 11:30:00+00:00,2013-10-07 11:45:00+00:00,2013-10-07 11:45:00+00:00,-1,-0.9999999999999748,SL,False
S2-19,ema_reclaim_microbreak,NZDUSD,2013-10-10 09:15:00+00:00,2013-10-10 09:30:00+00:00,2013-10-10 09:30:00+00:00,-1,-0.999999999999977,SL,False
S2-19,ema_reclaim_microbreak,NZDUSD,2013-10-18 07:30:00+00:00,2013-10-18 07:45:00+00:00,2013-10-18 08:15:00+00:00,1,1.2500000000000207,TP,False
S2-19,ema_reclaim_microbreak,NZDUSD,2013-10-28 07:30:00+00:00,2013-10-28 07:45:00+00:00,2013-10-28 08:00:00+00:00,1,1.2499999999999687,TP,False
S2-19,ema_reclaim_microbreak,NZDUSD,2013-10-29 07:00:00+00:00,2013-10-29 07:15:00+00:00,2013-10-29 07:15:00+00:00,-1,-0.9999999999999796,SL,False
S2-19,ema_reclaim_microbreak,NZDUSD,2013-10-29 07:30:00+00:00,2013-10-29 07:45:00+00:00,2013-10-29 08:45:00+00:00,-1,1.2500000000000375,TP,False
S2-19,ema_reclaim_microbreak,NZDUSD,2013-10-29 10:15:00+00:00,2013-10-29 10:30:00+00:00,2013-10-29 11:30:00+00:00,-1,1.2499999999999487,TP,False
S2-19,ema_reclaim_microbreak,NZDUSD,2013-11-06 08:15:00+00:00,2013-11-06 08:30:00+00:00,2013-11-06 08:30:00+00:00,1,1.2500000000000444,TP,False
S2-19,ema_reclaim_microbreak,NZDUSD,2013-11-07 11:30:00+00:00,2013-11-07 11:45:00+00:00,2013-11-07 12:45:00+00:00,1,-1.0000000000000708,SL,True
S2-19,ema_reclaim_microbreak,NZDUSD,2013-11-11 07:45:00+00:00,2013-11-11 08:00:00+00:00,2013-11-11 08:30:00+00:00,1,-1.0000000000000762,SL,False
S2-19,ema_reclaim_microbreak,NZDUSD,2013-11-12 08:00:00+00:00,2013-11-12 08:15:00+00:00,2013-11-12 08:30:00+00:00,-1,-1.000000000000064,SL,False
S2-19,ema_reclaim_microbreak,NZDUSD,2013-11-12 09:00:00+00:00,2013-11-12 09:15:00+00:00,2013-11-12 09:15:00+00:00,-1,-1.0000000000000648,SL,False
S2-19,ema_reclaim_microbreak,NZDUSD,2013-11-12 09:30:00+00:00,2013-11-12 09:45:00+00:00,2013-11-12 10:00:00+00:00,-1,-0.9999999999999483,SL,False
S2-19,ema_reclaim_microbreak,NZDUSD,2013-11-12 10:30:00+00:00,2013-11-12 10:45:00+00:00,2013-11-12 12:00:00+00:00,-1,1.2500000000000449,TP,False
S2-19,ema_reclaim_microbreak,NZDUSD,2013-11-13 10:45:00+00:00,2013-11-13 11:00:00+00:00,2013-11-13 11:00:00+00:00,-1,-1.0000000000000537,SL,False
S2-19,ema_reclaim_microbreak,NZDUSD,2013-11-15 08:30:00+00:00,2013-11-15 08:45:00+00:00,2013-11-15 08:45:00+00:00,1,-0.999999999999961,SL,False
S2-19,ema_reclaim_microbreak,NZDUSD,2013-11-15 10:15:00+00:00,2013-11-15 10:30:00+00:00,2013-11-15 11:00:00+00:00,1,1.2499999999999178,TP,False
S2-19,ema_reclaim_microbreak,NZDUSD,2013-11-20 11:00:00+00:00,2013-11-20 11:15:00+00:00,2013-11-20 11:15:00+00:00,-1,1.25,TP,False
S2-19,ema_reclaim_microbreak,NZDUSD,2013-11-21 07:45:00+00:00,2013-11-21 08:00:00+00:00,2013-11-21 09:00:00+00:00,-1,1.249999999999933,TP,False
S2-19,ema_reclaim_microbreak,NZDUSD,2013-11-25 08:00:00+00:00,2013-11-25 08:15:00+00:00,2013-11-25 08:15:00+00:00,1,1.2500000000000644,TP,False
S2-19,ema_reclaim_microbreak,NZDUSD,2013-11-25 11:00:00+00:00,2013-11-25 11:15:00+00:00,2013-11-25 13:30:00+00:00,1,-1.0,SL,False
S2-19,ema_reclaim_microbreak,NZDUSD,2013-11-27 07:30:00+00:00,2013-11-27 07:45:00+00:00,2013-11-27 07:45:00+00:00,-1,1.2499999999999722,TP,False
S2-19,ema_reclaim_microbreak,NZDUSD,2013-11-27 09:45:00+00:00,2013-11-27 10:00:00+00:00,2013-11-27 10:00:00+00:00,-1,-0.9999999999999795,SL,False
S2-19,ema_reclaim_microbreak,NZDUSD,2013-11-28 08:15:00+00:00,2013-11-28 08:30:00+00:00,2013-11-28 10:00:00+00:00,-1,-0.9999999999999792,SL,False
S2-19,ema_reclaim_microbreak,NZDUSD,2013-11-28 10:45:00+00:00,2013-11-28 11:00:00+00:00,2013-11-28 11:30:00+00:00,-1,-0.9999999999999625,SL,False
S2-19,ema_reclaim_microbreak,NZDUSD,2013-11-29 11:00:00+00:00,2013-11-29 11:15:00+00:00,2013-11-29 11:30:00+00:00,-1,-1.0,SL,False
S2-19,ema_reclaim_microbreak,NZDUSD,2013-12-02 11:30:00+00:00,2013-12-02 11:45:00+00:00,2013-12-02 13:00:00+00:00,1,1.2499999999999658,TP,False
S2-19,ema_reclaim_microbreak,NZDUSD,2013-12-09 08:30:00+00:00,2013-12-09 08:45:00+00:00,2013-12-09 08:45:00+00:00,1,-1.00000000000005,SL,False
S2-19,ema_reclaim_microbreak,NZDUSD,2013-12-11 10:15:00+00:00,2013-12-11 10:30:00+00:00,2013-12-11 10:45:00+00:00,-1,1.250000000000019,TP,False
S2-19,ema_reclaim_microbreak,NZDUSD,2013-12-18 07:45:00+00:00,2013-12-18 08:00:00+00:00,2013-12-18 08:00:00+00:00,-1,-0.9999999999999423,SL,False
S2-19,ema_reclaim_microbreak,NZDUSD,2013-12-18 08:45:00+00:00,2013-12-18 09:00:00+00:00,2013-12-18 09:00:00+00:00,-1,-1.0,SL,False
S2-19,ema_reclaim_microbreak,NZDUSD,2013-12-19 07:30:00+00:00,2013-12-19 07:45:00+00:00,2013-12-19 08:00:00+00:00,-1,-1.0000000000000837,SL,False
S2-19,ema_reclaim_microbreak,NZDUSD,2013-12-19 08:30:00+00:00,2013-12-19 08:45:00+00:00,2013-12-19 08:45:00+00:00,-1,-1.0000000000000462,SL,False
S2-19,ema_reclaim_microbreak,NZDUSD,2013-12-24 08:30:00+00:00,2013-12-24 08:45:00+00:00,2013-12-24 08:45:00+00:00,-1,-1.0000000000000713,SL,False
S2-19,ema_reclaim_microbreak,NZDUSD,2013-12-26 09:30:00+00:00,2013-12-26 09:45:00+00:00,2013-12-26 10:00:00+00:00,-1,-1.000000000000071,SL,False
S2-19,ema_reclaim_microbreak,NZDUSD,2013-12-27 11:45:00+00:00,2013-12-27 12:00:00+00:00,2013-12-27 13:15:00+00:00,1,-1.0000000000000624,SL,False
S2-19,ema_reclaim_microbreak,NZDUSD,2013-12-31 07:15:00+00:00,2013-12-31 07:30:00+00:00,2013-12-31 07:45:00+00:00,1,-1.0000000000000835,SL,False
S2-19,ema_reclaim_microbreak,NZDUSD,2013-12-31 08:30:00+00:00,2013-12-31 08:45:00+00:00,2013-12-31 08:45:00+00:00,1,-0.9999999999999267,SL,False
S2-19,ema_reclaim_microbreak,NZDUSD,2013-12-31 10:30:00+00:00,2013-12-31 10:45:00+00:00,2013-12-31 14:30:00+00:00,1,1.25,TP,False
S2-19,ema_reclaim_microbreak,NZDUSD,2014-01-09 11:30:00+00:00,2014-01-09 11:45:00+00:00,2014-01-09 13:15:00+00:00,-1,-0.9999999999999517,SL,False
S2-19,ema_reclaim_microbreak,NZDUSD,2014-01-10 09:00:00+00:00,2014-01-10 09:15:00+00:00,2014-01-10 09:30:00+00:00,-1,1.2499999999999114,TP,False
S2-19,ema_reclaim_microbreak,NZDUSD,2014-01-13 08:00:00+00:00,2014-01-13 08:15:00+00:00,2014-01-13 08:30:00+00:00,1,-0.9999999999999778,SL,False
S2-19,ema_reclaim_microbreak,NZDUSD,2014-01-13 09:45:00+00:00,2014-01-13 10:00:00+00:00,2014-01-13 10:45:00+00:00,1,1.2500000000000195,TP,False
S2-19,ema_reclaim_microbreak,NZDUSD,2014-01-22 09:00:00+00:00,2014-01-22 09:15:00+00:00,2014-01-22 09:30:00+00:00,1,-1.0,SL,False
S2-19,ema_reclaim_microbreak,NZDUSD,2014-01-22 11:15:00+00:00,2014-01-22 11:30:00+00:00,2014-01-22 12:30:00+00:00,1,1.250000000000031,TP,False
S2-19,ema_reclaim_microbreak,NZDUSD,2014-01-24 10:00:00+00:00,2014-01-24 10:15:00+00:00,2014-01-24 10:15:00+00:00,-1,1.2500000000000455,TP,False
S2-19,ema_reclaim_microbreak,NZDUSD,2014-01-27 08:45:00+00:00,2014-01-27 09:00:00+00:00,2014-01-27 09:15:00+00:00,1,-0.9999999999999426,SL,False
S2-19,ema_reclaim_microbreak,NZDUSD,2014-01-30 09:15:00+00:00,2014-01-30 09:30:00+00:00,2014-01-30 09:45:00+00:00,-1,1.2500000000000338,TP,False
S2-19,ema_reclaim_microbreak,NZDUSD,2014-01-30 11:15:00+00:00,2014-01-30 11:30:00+00:00,2014-01-30 11:30:00+00:00,-1,-0.9999999999999855,SL,False
S2-19,ema_reclaim_microbreak,NZDUSD,2014-01-31 08:00:00+00:00,2014-01-31 08:15:00+00:00,2014-01-31 08:15:00+00:00,-1,-1.0000000000000464,SL,False
S2-19,ema_reclaim_microbreak,NZDUSD,2014-01-31 10:15:00+00:00,2014-01-31 10:30:00+00:00,2014-01-31 11:15:00+00:00,-1,1.2500000000000173,TP,False
S2-19,ema_reclaim_microbreak,NZDUSD,2014-02-03 07:15:00+00:00,2014-02-03 07:30:00+00:00,2014-02-03 07:30:00+00:00,1,-0.999999999999941,SL,False
S2-19,ema_reclaim_microbreak,NZDUSD,2014-02-03 08:45:00+00:00,2014-02-03 09:00:00+00:00,2014-02-03 09:30:00+00:00,1,1.25000000000002,TP,False
S2-19,ema_reclaim_microbreak,NZDUSD,2014-02-05 09:00:00+00:00,2014-02-05 09:15:00+00:00,2014-02-05 09:30:00+00:00,1,1.2499999999999787,TP,False
S2-19,ema_reclaim_microbreak,NZDUSD,2014-02-06 10:45:00+00:00,2014-02-06 11:00:00+00:00,2014-02-06 11:30:00+00:00,1,1.25,TP,False
S2-19,ema_reclaim_microbreak,NZDUSD,2014-02-10 09:15:00+00:00,2014-02-10 09:30:00+00:00,2014-02-10 09:45:00+00:00,-1,-0.9999999999999774,SL,False
S2-19,ema_reclaim_microbreak,NZDUSD,2014-02-10 10:15:00+00:00,2014-02-10 10:30:00+00:00,2014-02-10 13:00:00+00:00,-1,-1.0000000000000606,SL,False
S2-19,ema_reclaim_microbreak,NZDUSD,2014-02-24 11:00:00+00:00,2014-02-24 11:15:00+00:00,2014-02-24 12:00:00+00:00,1,1.250000000000054,TP,False
S2-19,ema_reclaim_microbreak,NZDUSD,2014-02-25 10:15:00+00:00,2014-02-25 10:30:00+00:00,2014-02-25 13:30:00+00:00,1,1.2499999999999303,TP,False
S2-19,ema_reclaim_microbreak,NZDUSD,2014-02-26 08:30:00+00:00,2014-02-26 08:45:00+00:00,2014-02-26 08:45:00+00:00,1,1.2500000000000384,TP,False
S2-19,ema_reclaim_microbreak,NZDUSD,2014-02-26 11:45:00+00:00,2014-02-26 12:00:00+00:00,2014-02-26 12:15:00+00:00,1,-0.9999999999999325,SL,False
S2-19,ema_reclaim_microbreak,NZDUSD,2014-02-27 07:15:00+00:00,2014-02-27 07:30:00+00:00,2014-02-27 08:00:00+00:00,1,1.2499999999999705,TP,False
S2-19,ema_reclaim_microbreak,NZDUSD,2014-02-27 10:45:00+00:00,2014-02-27 11:00:00+00:00,2014-02-27 11:15:00+00:00,1,1.25,TP,False
S2-19,ema_reclaim_microbreak,NZDUSD,2014-03-05 07:00:00+00:00,2014-03-05 07:15:00+00:00,2014-03-05 08:15:00+00:00,1,1.25,TP,False
S2-19,ema_reclaim_microbreak,NZDUSD,2014-03-10 07:45:00+00:00,2014-03-10 08:00:00+00:00,2014-03-10 08:00:00+00:00,-1,-1.0,SL,False
S2-19,ema_reclaim_microbreak,NZDUSD,2014-03-12 08:30:00+00:00,2014-03-12 08:45:00+00:00,2014-03-12 08:45:00+00:00,1,-0.9999999999999444,SL,False
S2-19,ema_reclaim_microbreak,NZDUSD,2014-03-13 11:45:00+00:00,2014-03-13 12:00:00+00:00,2014-03-13 12:30:00+00:00,1,1.2499999999999245,TP,False
S2-19,ema_reclaim_microbreak,NZDUSD,2014-03-14 09:45:00+00:00,2014-03-14 10:00:00+00:00,2014-03-14 10:15:00+00:00,1,-1.0000000000000187,SL,False
S2-19,ema_reclaim_microbreak,NZDUSD,2014-03-20 10:15:00+00:00,2014-03-20 10:30:00+00:00,2014-03-20 10:45:00+00:00,-1,1.2500000000000768,TP,False
S2-19,ema_reclaim_microbreak,NZDUSD,2014-03-25 07:00:00+00:00,2014-03-25 07:15:00+00:00,2014-03-25 07:30:00+00:00,1,-0.9999999999999307,SL,False
S2-19,ema_reclaim_microbreak,NZDUSD,2014-03-25 07:45:00+00:00,2014-03-25 08:00:00+00:00,2014-03-25 08:00:00+00:00,1,1.2499999999999702,TP,False
S2-19,ema_reclaim_microbreak,NZDUSD,2014-03-25 10:30:00+00:00,2014-03-25 10:45:00+00:00,2014-03-25 11:15:00+00:00,1,-0.999999999999976,SL,False
S2-19,ema_reclaim_microbreak,NZDUSD,2014-03-27 10:30:00+00:00,2014-03-27 10:45:00+00:00,2014-03-27 12:15:00+00:00,1,-0.9999999999999588,SL,False
S2-19,ema_reclaim_microbreak,NZDUSD,2014-03-28 11:45:00+00:00,2014-03-28 12:00:00+00:00,2014-03-28 12:00:00+00:00,1,-1.0000000000000604,SL,False
S2-19,ema_reclaim_microbreak,NZDUSD,2014-04-02 07:30:00+00:00,2014-04-02 07:45:00+00:00,2014-04-02 08:15:00+00:00,-1,1.25,TP,False
S2-19,ema_reclaim_microbreak,NZDUSD,2014-04-03 11:45:00+00:00,2014-04-03 12:00:00+00:00,2014-04-03 12:15:00+00:00,-1,1.2500000000000486,TP,False
S2-19,ema_reclaim_microbreak,NZDUSD,2014-04-07 08:30:00+00:00,2014-04-07 08:45:00+00:00,2014-04-07 08:45:00+00:00,1,-0.9999999999999551,SL,False
S2-19,ema_reclaim_microbreak,NZDUSD,2014-04-09 07:30:00+00:00,2014-04-09 07:45:00+00:00,2014-04-09 08:15:00+00:00,1,-0.9999999999999658,SL,False
S2-19,ema_reclaim_microbreak,NZDUSD,2014-04-15 10:00:00+00:00,2014-04-15 10:15:00+00:00,2014-04-15 11:15:00+00:00,-1,-0.9999999999999459,SL,False
S2-19,ema_reclaim_microbreak,NZDUSD,2014-04-21 10:00:00+00:00,2014-04-21 10:15:00+00:00,2014-04-21 10:15:00+00:00,1,-1.000000000000112,SL,False
S2-19,ema_reclaim_microbreak,NZDUSD,2014-04-22 08:30:00+00:00,2014-04-22 08:45:00+00:00,2014-04-22 10:15:00+00:00,1,1.2500000000001006,TP,False
S2-19,ema_reclaim_microbreak,NZDUSD,2014-04-28 08:45:00+00:00,2014-04-28 09:00:00+00:00,2014-04-28 09:30:00+00:00,-1,1.2499999999999285,TP,False
S2-19,ema_reclaim_microbreak,NZDUSD,2014-04-29 08:30:00+00:00,2014-04-29 08:45:00+00:00,2014-04-29 09:00:00+00:00,-1,-1.0000000000000655,SL,False
S2-19,ema_reclaim_microbreak,NZDUSD,2014-04-30 08:00:00+00:00,2014-04-30 08:15:00+00:00,2014-04-30 09:00:00+00:00,1,-0.9999999999999689,SL,False
S2-19,ema_reclaim_microbreak,NZDUSD,2014-04-30 09:45:00+00:00,2014-04-30 10:00:00+00:00,2014-04-30 10:15:00+00:00,1,-0.9999999999999729,SL,False
S2-19,ema_reclaim_microbreak,NZDUSD,2014-05-08 09:45:00+00:00,2014-05-08 10:00:00+00:00,2014-05-08 11:30:00+00:00,-1,1.2500000000000568,TP,False
S2-19,ema_reclaim_microbreak,NZDUSD,2014-05-09 11:00:00+00:00,2014-05-09 11:15:00+00:00,2014-05-09 11:15:00+00:00,-1,-0.9999999999998871,SL,False
S2-19,ema_reclaim_microbreak,NZDUSD,2014-05-09 11:45:00+00:00,2014-05-09 12:00:00+00:00,2014-05-09 12:45:00+00:00,-1,1.25,TP,False
S2-19,ema_reclaim_microbreak,NZDUSD,2014-05-14 07:30:00+00:00,2014-05-14 07:45:00+00:00,2014-05-14 07:45:00+00:00,1,-0.9999999999999104,SL,False
S2-19,ema_reclaim_microbreak,NZDUSD,2014-05-14 08:45:00+00:00,2014-05-14 09:00:00+00:00,2014-05-14 09:30:00+00:00,1,1.25,TP,False
S2-19,ema_reclaim_microbreak,NZDUSD,2014-05-16 09:15:00+00:00,2014-05-16 09:30:00+00:00,2014-05-16 10:15:00+00:00,-1,1.2500000000000289,TP,False
S2-19,ema_reclaim_microbreak,NZDUSD,2014-05-16 11:15:00+00:00,2014-05-16 11:30:00+00:00,2014-05-16 11:45:00+00:00,-1,1.2500000000000882,TP,False
S2-19,ema_reclaim_microbreak,NZDUSD,2014-05-27 07:15:00+00:00,2014-05-27 07:30:00+00:00,2014-05-27 08:00:00+00:00,1,-1.0000000000000309,SL,False
S2-19,ema_reclaim_microbreak,NZDUSD,2014-06-02 11:00:00+00:00,2014-06-02 11:15:00+00:00,2014-06-02 12:15:00+00:00,-1,-0.9999999999999035,SL,False
S2-19,ema_reclaim_microbreak,NZDUSD,2014-06-04 08:15:00+00:00,2014-06-04 08:30:00+00:00,2014-06-04 08:30:00+00:00,-1,-0.9999999999999165,SL,False
S2-19,ema_reclaim_microbreak,NZDUSD,2014-06-10 10:30:00+00:00,2014-06-10 10:45:00+00:00,2014-06-10 12:15:00+00:00,1,1.25,TP,False
S2-19,ema_reclaim_microbreak,NZDUSD,2014-06-11 11:00:00+00:00,2014-06-11 11:15:00+00:00,2014-06-11 12:00:00+00:00,1,-1.0,SL,False
S2-19,ema_reclaim_microbreak,NZDUSD,2014-06-13 08:30:00+00:00,2014-06-13 08:45:00+00:00,2014-06-13 09:15:00+00:00,1,-0.9999999999999281,SL,False
S2-19,ema_reclaim_microbreak,NZDUSD,2014-06-23 09:15:00+00:00,2014-06-23 09:30:00+00:00,2014-06-23 09:45:00+00:00,1,-1.0000000000000295,SL,False
S2-19,ema_reclaim_microbreak,NZDUSD,2014-06-23 10:15:00+00:00,2014-06-23 10:30:00+00:00,2014-06-23 10:30:00+00:00,1,-1.0,SL,False
S2-19,ema_reclaim_microbreak,NZDUSD,2014-06-25 07:15:00+00:00,2014-06-25 07:30:00+00:00,2014-06-25 07:30:00+00:00,-1,-0.9999999999999629,SL,False
S2-19,ema_reclaim_microbreak,NZDUSD,2014-06-26 10:00:00+00:00,2014-06-26 10:15:00+00:00,2014-06-26 11:15:00+00:00,1,-1.0,SL,False
S2-19,ema_reclaim_microbreak,NZDUSD,2014-07-04 11:45:00+00:00,2014-07-04 12:00:00+00:00,2014-07-04 12:30:00+00:00,-1,-0.9999999999998237,SL,False
S2-19,ema_reclaim_microbreak,NZDUSD,2014-07-22 07:15:00+00:00,2014-07-22 07:30:00+00:00,2014-07-22 07:45:00+00:00,-1,1.2499999999999674,TP,False
S2-19,ema_reclaim_microbreak,NZDUSD,2014-07-25 07:00:00+00:00,2014-07-25 07:15:00+00:00,2014-07-25 07:15:00+00:00,-1,1.250000000000082,TP,False
S2-19,ema_reclaim_microbreak,NZDUSD,2014-07-30 10:15:00+00:00,2014-07-30 10:30:00+00:00,2014-07-30 11:30:00+00:00,-1,-1.0,SL,False
S2-19,ema_reclaim_microbreak,NZDUSD,2014-08-05 08:00:00+00:00,2014-08-05 08:15:00+00:00,2014-08-05 09:45:00+00:00,1,-0.9999999999999647,SL,False
S2-19,ema_reclaim_microbreak,NZDUSD,2014-08-06 08:45:00+00:00,2014-08-06 09:00:00+00:00,2014-08-06 09:30:00+00:00,-1,-0.999999999999931,SL,False
S2-19,ema_reclaim_microbreak,NZDUSD,2014-08-06 10:00:00+00:00,2014-08-06 10:15:00+00:00,2014-08-06 10:45:00+00:00,-1,-0.9999999999999677,SL,False
S2-19,ema_reclaim_microbreak,NZDUSD,2014-08-11 11:15:00+00:00,2014-08-11 11:30:00+00:00,2014-08-11 11:30:00+00:00,-1,-0.9999999999998668,SL,False
S2-19,ema_reclaim_microbreak,NZDUSD,2014-08-12 09:45:00+00:00,2014-08-12 10:00:00+00:00,2014-08-12 10:15:00+00:00,-1,-1.000000000000068,SL,False
S2-19,ema_reclaim_microbreak,NZDUSD,2014-08-20 07:30:00+00:00,2014-08-20 07:45:00+00:00,2014-08-20 08:00:00+00:00,-1,-1.0,SL,False
S2-19,ema_reclaim_microbreak,NZDUSD,2014-08-20 08:30:00+00:00,2014-08-20 08:45:00+00:00,2014-08-20 09:30:00+00:00,-1,1.249999999999937,TP,False
S2-19,ema_reclaim_microbreak,NZDUSD,2014-08-22 07:45:00+00:00,2014-08-22 08:00:00+00:00,2014-08-22 09:00:00+00:00,1,-1.0000000000000624,SL,False
S2-19,ema_reclaim_microbreak,NZDUSD,2014-08-22 10:00:00+00:00,2014-08-22 10:15:00+00:00,2014-08-22 10:15:00+00:00,1,-1.0000000000000366,SL,False
S2-19,ema_reclaim_microbreak,NZDUSD,2014-08-22 11:15:00+00:00,2014-08-22 11:30:00+00:00,2014-08-22 12:00:00+00:00,1,-0.9999999999999352,SL,False
S2-19,ema_reclaim_microbreak,NZDUSD,2014-08-25 11:30:00+00:00,2014-08-25 11:45:00+00:00,2014-08-25 12:15:00+00:00,-1,-1.0000000000001399,SL,False
S2-19,ema_reclaim_microbreak,NZDUSD,2014-08-27 09:45:00+00:00,2014-08-27 10:00:00+00:00,2014-08-27 10:00:00+00:00,1,1.2500000000000913,TP,False
S2-19,ema_reclaim_microbreak,NZDUSD,2014-09-09 07:00:00+00:00,2014-09-09 07:15:00+00:00,2014-09-09 07:15:00+00:00,-1,1.2499999999999711,TP,False
S2-19,ema_reclaim_microbreak,NZDUSD,2014-09-10 11:15:00+00:00,2014-09-10 11:30:00+00:00,2014-09-10 13:45:00+00:00,-1,-1.0,SL,False
S2-19,ema_reclaim_microbreak,NZDUSD,2014-09-15 09:30:00+00:00,2014-09-15 09:45:00+00:00,2014-09-15 10:00:00+00:00,-1,-1.0000000000000386,SL,False
S2-19,ema_reclaim_microbreak,NZDUSD,2014-09-16 10:45:00+00:00,2014-09-16 11:00:00+00:00,2014-09-16 11:30:00+00:00,-1,-1.0000000000000682,SL,False
S2-19,ema_reclaim_microbreak,NZDUSD,2014-09-17 08:15:00+00:00,2014-09-17 08:30:00+00:00,2014-09-17 09:15:00+00:00,1,-0.9999999999999779,SL,False
S2-19,ema_reclaim_microbreak,NZDUSD,2014-09-18 07:00:00+00:00,2014-09-18 07:15:00+00:00,2014-09-18 07:30:00+00:00,-1,-0.9999999999999551,SL,False
S2-19,ema_reclaim_microbreak,NZDUSD,2014-09-19 07:45:00+00:00,2014-09-19 08:00:00+00:00,2014-09-19 08:00:00+00:00,-1,1.249999999999977,TP,False
S2-19,ema_reclaim_microbreak,NZDUSD,2014-09-23 07:45:00+00:00,2014-09-23 08:00:00+00:00,2014-09-23 08:00:00+00:00,-1,-1.0000000000000229,SL,False
S2-19,ema_reclaim_microbreak,NZDUSD,2014-09-26 11:15:00+00:00,2014-09-26 11:30:00+00:00,2014-09-26 12:30:00+00:00,-1,1.250000000000059,TP,False
S2-19,ema_reclaim_microbreak,NZDUSD,2014-09-29 07:45:00+00:00,2014-09-29 08:00:00+00:00,2014-09-29 08:30:00+00:00,-1,1.2500000000000238,TP,False
S2-19,ema_reclaim_microbreak,NZDUSD,2014-09-29 10:15:00+00:00,2014-09-29 10:30:00+00:00,2014-09-29 10:45:00+00:00,-1,-0.9999999999999706,SL,False
S2-19,ema_reclaim_microbreak,NZDUSD,2014-10-02 10:15:00+00:00,2014-10-02 10:30:00+00:00,2014-10-02 13:00:00+00:00,1,1.25,TP,False
S2-19,ema_reclaim_microbreak,NZDUSD,2014-10-08 07:15:00+00:00,2014-10-08 07:30:00+00:00,2014-10-08 07:30:00+00:00,-1,-0.999999999999979,SL,False
S2-19,ema_reclaim_microbreak,NZDUSD,2014-10-08 10:00:00+00:00,2014-10-08 10:15:00+00:00,2014-10-08 12:00:00+00:00,-1,1.249999999999986,TP,False
S2-19,ema_reclaim_microbreak,NZDUSD,2014-10-09 10:00:00+00:00,2014-10-09 10:15:00+00:00,2014-10-09 12:15:00+00:00,1,-1.0000000000000362,SL,False
S2-19,ema_reclaim_microbreak,NZDUSD,2014-10-15 07:00:00+00:00,2014-10-15 07:15:00+00:00,2014-10-15 09:45:00+00:00,-1,1.250000000000045,TP,False
S2-19,ema_reclaim_microbreak,NZDUSD,2014-10-15 10:30:00+00:00,2014-10-15 10:45:00+00:00,2014-10-15 11:15:00+00:00,-1,-0.999999999999983,SL,False
S2-19,ema_reclaim_microbreak,NZDUSD,2014-10-17 08:45:00+00:00,2014-10-17 09:00:00+00:00,2014-10-17 09:15:00+00:00,1,-1.0000000000000278,SL,False
S2-19,ema_reclaim_microbreak,NZDUSD,2014-10-17 11:15:00+00:00,2014-10-17 11:30:00+00:00,2014-10-17 12:15:00+00:00,1,1.25,TP,False
S2-19,ema_reclaim_microbreak,NZDUSD,2014-10-20 08:00:00+00:00,2014-10-20 08:15:00+00:00,2014-10-20 09:15:00+00:00,1,1.250000000000019,TP,False
S2-19,ema_reclaim_microbreak,NZDUSD,2014-10-20 11:45:00+00:00,2014-10-20 12:00:00+00:00,2014-10-20 13:30:00+00:00,1,1.25,TP,False
S2-19,ema_reclaim_microbreak,NZDUSD,2014-10-21 09:00:00+00:00,2014-10-21 09:15:00+00:00,2014-10-21 09:30:00+00:00,1,-0.999999999999984,SL,False
S2-19,ema_reclaim_microbreak,NZDUSD,2014-10-21 11:00:00+00:00,2014-10-21 11:15:00+00:00,2014-10-21 12:30:00+00:00,1,1.2499999999999651,TP,False
S2-19,ema_reclaim_microbreak,NZDUSD,2014-10-23 08:00:00+00:00,2014-10-23 08:15:00+00:00,2014-10-23 11:15:00+00:00,-1,-0.9999999999999649,SL,False
S2-19,ema_reclaim_microbreak,NZDUSD,2014-10-28 10:30:00+00:00,2014-10-28 10:45:00+00:00,2014-10-28 12:30:00+00:00,1,1.2500000000000238,TP,False
S2-19,ema_reclaim_microbreak,NZDUSD,2014-10-30 11:00:00+00:00,2014-10-30 11:15:00+00:00,2014-10-30 12:00:00+00:00,-1,1.25,TP,False
S2-19,ema_reclaim_microbreak,NZDUSD,2014-11-03 08:45:00+00:00,2014-11-03 09:00:00+00:00,2014-11-03 09:00:00+00:00,-1,-1.0,SL,False
S2-19,ema_reclaim_microbreak,NZDUSD,2014-11-03 09:30:00+00:00,2014-11-03 09:45:00+00:00,2014-11-03 10:15:00+00:00,-1,1.249999999999962,TP,False
S2-19,ema_reclaim_microbreak,NZDUSD,2014-11-03 10:15:00+00:00,2014-11-03 10:30:00+00:00,2014-11-03 11:45:00+00:00,-1,1.25,TP,False
S2-19,ema_reclaim_microbreak,NZDUSD,2014-11-10 07:15:00+00:00,2014-11-10 07:30:00+00:00,2014-11-10 07:30:00+00:00,1,1.2499999999999147,TP,False
S2-19,ema_reclaim_microbreak,NZDUSD,2014-11-11 09:45:00+00:00,2014-11-11 10:00:00+00:00,2014-11-11 10:15:00+00:00,-1,-0.9999999999999853,SL,False
S2-19,ema_reclaim_microbreak,NZDUSD,2014-11-13 07:15:00+00:00,2014-11-13 07:30:00+00:00,2014-11-13 08:00:00+00:00,1,1.2499999999999372,TP,False
S2-19,ema_reclaim_microbreak,NZDUSD,2014-11-18 07:00:00+00:00,2014-11-18 07:15:00+00:00,2014-11-18 07:30:00+00:00,1,1.2500000000000406,TP,False
S2-19,ema_reclaim_microbreak,NZDUSD,2014-11-19 07:00:00+00:00,2014-11-19 07:15:00+00:00,2014-11-19 07:30:00+00:00,-1,1.249999999999931,TP,False
S2-19,ema_reclaim_microbreak,NZDUSD,2014-11-19 11:15:00+00:00,2014-11-19 11:30:00+00:00,2014-11-19 13:30:00+00:00,-1,-1.0000000000000462,SL,False
S2-19,ema_reclaim_microbreak,NZDUSD,2014-11-20 09:00:00+00:00,2014-11-20 09:15:00+00:00,2014-11-20 10:00:00+00:00,-1,-0.9999999999999739,SL,False
S2-19,ema_reclaim_microbreak,NZDUSD,2014-11-28 07:45:00+00:00,2014-11-28 08:00:00+00:00,2014-11-28 08:00:00+00:00,-1,-0.9999999999999796,SL,False
S2-19,ema_reclaim_microbreak,NZDUSD,2014-12-01 07:00:00+00:00,2014-12-01 07:15:00+00:00,2014-12-01 07:15:00+00:00,-1,-1.0,SL,False
S2-19,ema_reclaim_microbreak,NZDUSD,2014-12-04 09:15:00+00:00,2014-12-04 09:30:00+00:00,2014-12-04 10:00:00+00:00,-1,-1.0,SL,False
S2-19,ema_reclaim_microbreak,NZDUSD,2014-12-05 09:30:00+00:00,2014-12-05 09:45:00+00:00,2014-12-05 13:15:00+00:00,-1,-0.9999999999999327,SL,False
S2-19,ema_reclaim_microbreak,NZDUSD,2014-12-08 11:45:00+00:00,2014-12-08 12:00:00+00:00,2014-12-08 12:00:00+00:00,-1,-1.0000000000000608,SL,False
S2-19,ema_reclaim_microbreak,NZDUSD,2014-12-10 08:45:00+00:00,2014-12-10 09:00:00+00:00,2014-12-10 12:30:00+00:00,1,1.2500000000000282,TP,False
S2-19,ema_reclaim_microbreak,NZDUSD,2014-12-11 10:30:00+00:00,2014-12-11 10:45:00+00:00,2014-12-11 11:45:00+00:00,1,1.2500000000000286,TP,False
S2-19,ema_reclaim_microbreak,NZDUSD,2014-12-15 07:30:00+00:00,2014-12-15 07:45:00+00:00,2014-12-15 07:45:00+00:00,-1,-0.9999999999999595,SL,False
S2-19,ema_reclaim_microbreak,NZDUSD,2014-12-15 10:00:00+00:00,2014-12-15 10:15:00+00:00,2014-12-15 11:45:00+00:00,-1,1.2499999999999554,TP,False
S2-19,ema_reclaim_microbreak,NZDUSD,2014-12-17 10:45:00+00:00,2014-12-17 11:00:00+00:00,2014-12-17 11:15:00+00:00,-1,-1.000000000000038,SL,False
S2-19,ema_reclaim_microbreak,NZDUSD,2014-12-18 07:00:00+00:00,2014-12-18 07:15:00+00:00,2014-12-18 07:15:00+00:00,-1,-1.0000000000000684,SL,False
S2-19,ema_reclaim_microbreak,NZDUSD,2014-12-23 07:45:00+00:00,2014-12-23 08:00:00+00:00,2014-12-23 08:15:00+00:00,-1,-1.0,SL,False
S2-19,ema_reclaim_microbreak,NZDUSD,2014-12-29 11:45:00+00:00,2014-12-29 12:00:00+00:00,2014-12-29 12:30:00+00:00,1,1.250000000000058,TP,False
S2-19,ema_reclaim_microbreak,NZDUSD,2014-12-31 11:45:00+00:00,2014-12-31 12:00:00+00:00,2014-12-31 12:15:00+00:00,1,-0.9999999999999691,SL,False
S2-19,ema_reclaim_microbreak,NZDUSD,2015-01-06 10:45:00+00:00,2015-01-06 11:00:00+00:00,2015-01-06 11:45:00+00:00,1,-1.000000000000018,SL,False
S2-19,ema_reclaim_microbreak,NZDUSD,2015-01-08 07:30:00+00:00,2015-01-08 07:45:00+00:00,2015-01-08 07:45:00+00:00,1,1.249999999999969,TP,False
S2-19,ema_reclaim_microbreak,NZDUSD,2015-01-20 10:00:00+00:00,2015-01-20 10:15:00+00:00,2015-01-20 10:15:00+00:00,-1,-1.000000000000037,SL,False
S2-19,ema_reclaim_microbreak,NZDUSD,2015-01-20 11:00:00+00:00,2015-01-20 11:15:00+00:00,2015-01-20 12:00:00+00:00,-1,1.2499999999999498,TP,False
S2-19,ema_reclaim_microbreak,NZDUSD,2015-01-21 08:00:00+00:00,2015-01-21 08:15:00+00:00,2015-01-21 08:45:00+00:00,-1,1.2500000000000546,TP,False
S2-19,ema_reclaim_microbreak,NZDUSD,2015-01-22 08:00:00+00:00,2015-01-22 08:15:00+00:00,2015-01-22 08:15:00+00:00,-1,-1.0000000000000158,SL,False
S2-19,ema_reclaim_microbreak,NZDUSD,2015-01-23 09:00:00+00:00,2015-01-23 09:15:00+00:00,2015-01-23 09:30:00+00:00,-1,-1.0,SL,False
S2-19,ema_reclaim_microbreak,NZDUSD,2015-01-26 07:15:00+00:00,2015-01-26 07:30:00+00:00,2015-01-26 07:30:00+00:00,-1,-1.0000000000000326,SL,False
S2-19,ema_reclaim_microbreak,NZDUSD,2015-01-26 08:15:00+00:00,2015-01-26 08:30:00+00:00,2015-01-26 09:15:00+00:00,-1,-0.9999999999999868,SL,False
S2-19,ema_reclaim_microbreak,NZDUSD,2015-02-02 11:30:00+00:00,2015-02-02 11:45:00+00:00,2015-02-02 11:45:00+00:00,-1,-1.000000000000046,SL,False
S2-19,ema_reclaim_microbreak,NZDUSD,2015-02-03 11:00:00+00:00,2015-02-03 11:15:00+00:00,2015-02-03 11:15:00+00:00,-1,-1.0000000000000255,SL,False
S2-19,ema_reclaim_microbreak,NZDUSD,2015-02-03 11:45:00+00:00,2015-02-03 12:00:00+00:00,2015-02-03 12:45:00+00:00,-1,-1.0,SL,False
S2-19,ema_reclaim_microbreak,NZDUSD,2015-02-04 10:15:00+00:00,2015-02-04 10:30:00+00:00,2015-02-04 10:30:00+00:00,1,-0.9999999999999812,SL,False
S2-19,ema_reclaim_microbreak,NZDUSD,2015-02-05 09:45:00+00:00,2015-02-05 10:00:00+00:00,2015-02-05 11:00:00+00:00,1,-1.0000000000000278,SL,False
S2-19,ema_reclaim_microbreak,NZDUSD,2015-02-06 09:00:00+00:00,2015-02-06 09:15:00+00:00,2015-02-06 09:15:00+00:00,1,-1.0000000000000706,SL,False
S2-19,ema_reclaim_microbreak,NZDUSD,2015-02-16 07:45:00+00:00,2015-02-16 08:00:00+00:00,2015-02-16 08:00:00+00:00,1,-1.0,SL,False
S2-19,ema_reclaim_microbreak,NZDUSD,2015-02-17 09:00:00+00:00,2015-02-17 09:15:00+00:00,2015-02-17 09:30:00+00:00,1,1.2500000000000417,TP,False
S2-19,ema_reclaim_microbreak,NZDUSD,2015-02-18 08:00:00+00:00,2015-02-18 08:15:00+00:00,2015-02-18 08:15:00+00:00,1,-0.9999999999999348,SL,False
S2-19,ema_reclaim_microbreak,NZDUSD,2015-02-18 09:45:00+00:00,2015-02-18 10:00:00+00:00,2015-02-18 10:15:00+00:00,1,-1.0000000000000244,SL,False
S2-19,ema_reclaim_microbreak,NZDUSD,2015-02-20 11:00:00+00:00,2015-02-20 11:15:00+00:00,2015-02-20 11:45:00+00:00,1,1.25,TP,False
S2-19,ema_reclaim_microbreak,NZDUSD,2015-02-26 07:45:00+00:00,2015-02-26 08:00:00+00:00,2015-02-26 08:00:00+00:00,1,1.2499999999999156,TP,False
S2-19,ema_reclaim_microbreak,NZDUSD,2015-03-02 10:15:00+00:00,2015-03-02 10:30:00+00:00,2015-03-02 11:00:00+00:00,-1,-1.0000000000000444,SL,False
S2-19,ema_reclaim_microbreak,NZDUSD,2015-03-04 08:45:00+00:00,2015-03-04 09:00:00+00:00,2015-03-04 09:00:00+00:00,1,-0.9999999999999737,SL,False
S2-19,ema_reclaim_microbreak,NZDUSD,2015-03-06 11:45:00+00:00,2015-03-06 12:00:00+00:00,2015-03-06 12:15:00+00:00,-1,-0.9999999999999474,SL,False
S2-19,ema_reclaim_microbreak,NZDUSD,2015-03-10 07:00:00+00:00,2015-03-10 07:15:00+00:00,2015-03-10 08:15:00+00:00,-1,1.2499999999999631,TP,False
S2-19,ema_reclaim_microbreak,NZDUSD,2015-03-11 07:00:00+00:00,2015-03-11 07:15:00+00:00,2015-03-11 07:15:00+00:00,-1,-0.9999999999999444,SL,False
S2-19,ema_reclaim_microbreak,NZDUSD,2015-03-11 08:00:00+00:00,2015-03-11 08:15:00+00:00,2015-03-11 08:15:00+00:00,-1,-0.9999999999999843,SL,False
S2-19,ema_reclaim_microbreak,NZDUSD,2015-03-11 08:45:00+00:00,2015-03-11 09:00:00+00:00,2015-03-11 09:15:00+00:00,-1,-0.9999999999999868,SL,False
S2-19,ema_reclaim_microbreak,NZDUSD,2015-03-16 10:45:00+00:00,2015-03-16 11:00:00+00:00,2015-03-16 11:15:00+00:00,1,-0.9999999999999428,SL,False
S2-19,ema_reclaim_microbreak,NZDUSD,2015-03-20 07:15:00+00:00,2015-03-20 07:30:00+00:00,2015-03-20 07:30:00+00:00,1,1.2500000000000628,TP,False
S2-19,ema_reclaim_microbreak,NZDUSD,2015-03-20 10:15:00+00:00,2015-03-20 10:30:00+00:00,2015-03-20 11:30:00+00:00,1,1.2500000000000164,TP,False
S2-19,ema_reclaim_microbreak,NZDUSD,2015-03-23 11:15:00+00:00,2015-03-23 11:30:00+00:00,2015-03-23 13:15:00+00:00,1,1.2499999999999694,TP,False
S2-19,ema_reclaim_microbreak,NZDUSD,2015-03-24 07:45:00+00:00,2015-03-24 08:00:00+00:00,2015-03-24 08:30:00+00:00,1,-0.9999999999999872,SL,False
S2-19,ema_reclaim_microbreak,NZDUSD,2015-03-27 07:00:00+00:00,2015-03-27 07:15:00+00:00,2015-03-27 07:15:00+00:00,-1,-1.0,SL,False
S2-19,ema_reclaim_microbreak,NZDUSD,2015-03-30 09:30:00+00:00,2015-03-30 09:45:00+00:00,2015-03-30 10:30:00+00:00,-1,-0.9999999999999671,SL,False
S2-19,ema_reclaim_microbreak,NZDUSD,2015-03-30 10:45:00+00:00,2015-03-30 11:00:00+00:00,2015-03-30 11:30:00+00:00,-1,1.25,TP,False
S2-19,ema_reclaim_microbreak,NZDUSD,2015-03-31 10:15:00+00:00,2015-03-31 10:30:00+00:00,2015-03-31 10:45:00+00:00,-1,-0.9999999999999668,SL,False
S2-19,ema_reclaim_microbreak,NZDUSD,2015-03-31 11:45:00+00:00,2015-03-31 12:00:00+00:00,2015-03-31 12:00:00+00:00,-1,-1.0000000000000562,SL,False
S2-19,ema_reclaim_microbreak,NZDUSD,2015-04-03 07:15:00+00:00,2015-04-03 07:30:00+00:00,2015-04-03 08:00:00+00:00,1,-1.000000000000082,SL,False
S2-19,ema_reclaim_microbreak,NZDUSD,2015-04-03 10:00:00+00:00,2015-04-03 10:15:00+00:00,2015-04-03 11:15:00+00:00,1,1.2499999999999107,TP,False
S2-19,ema_reclaim_microbreak,NZDUSD,2015-04-06 11:15:00+00:00,2015-04-06 11:30:00+00:00,2015-04-06 11:30:00+00:00,1,-1.0000000000000353,SL,False
S2-19,ema_reclaim_microbreak,NZDUSD,2015-04-07 07:45:00+00:00,2015-04-07 08:00:00+00:00,2015-04-07 09:45:00+00:00,-1,-1.0,SL,False
S2-19,ema_reclaim_microbreak,NZDUSD,2015-04-07 11:45:00+00:00,2015-04-07 12:00:00+00:00,2015-04-07 12:00:00+00:00,-1,1.2500000000000353,TP,False
S2-19,ema_reclaim_microbreak,NZDUSD,2015-04-13 07:15:00+00:00,2015-04-13 07:30:00+00:00,2015-04-13 07:45:00+00:00,-1,1.2499999999999587,TP,False
S2-19,ema_reclaim_microbreak,NZDUSD,2015-04-20 07:30:00+00:00,2015-04-20 07:45:00+00:00,2015-04-20 08:00:00+00:00,1,-1.0000000000000193,SL,False
S2-19,ema_reclaim_microbreak,NZDUSD,2015-04-23 09:00:00+00:00,2015-04-23 09:15:00+00:00,2015-04-23 10:00:00+00:00,-1,1.25,TP,False
S2-19,ema_reclaim_microbreak,NZDUSD,2015-04-24 08:30:00+00:00,2015-04-24 08:45:00+00:00,2015-04-24 12:15:00+00:00,-1,-0.9999999999999875,SL,False
S2-19,ema_reclaim_microbreak,NZDUSD,2015-04-30 11:00:00+00:00,2015-04-30 11:15:00+00:00,2015-04-30 12:30:00+00:00,-1,1.25,TP,False
S2-19,ema_reclaim_microbreak,NZDUSD,2015-05-01 09:45:00+00:00,2015-05-01 10:00:00+00:00,2015-05-01 10:45:00+00:00,-1,-1.0000000000000149,SL,False
S2-19,ema_reclaim_microbreak,NZDUSD,2015-05-01 11:15:00+00:00,2015-05-01 11:30:00+00:00,2015-05-01 12:00:00+00:00,-1,1.25,TP,False
S2-19,ema_reclaim_microbreak,NZDUSD,2015-05-06 08:45:00+00:00,2015-05-06 09:00:00+00:00,2015-05-06 11:00:00+00:00,-1,-1.0,SL,False
S2-19,ema_reclaim_microbreak,NZDUSD,2015-05-11 07:15:00+00:00,2015-05-11 07:30:00+00:00,2015-05-11 11:15:00+00:00,-1,0.24426224318591916,TIME,False
S2-19,ema_reclaim_microbreak,NZDUSD,2015-05-11 11:15:00+00:00,2015-05-11 11:30:00+00:00,2015-05-11 11:30:00+00:00,-1,-0.999999999999934,SL,False
S2-19,ema_reclaim_microbreak,NZDUSD,2015-05-25 09:15:00+00:00,2015-05-25 09:30:00+00:00,2015-05-25 09:30:00+00:00,-1,-1.0000000000000533,SL,False
S2-19,ema_reclaim_microbreak,NZDUSD,2015-05-27 09:30:00+00:00,2015-05-27 09:45:00+00:00,2015-05-27 10:30:00+00:00,-1,1.2499999999999567,TP,False
S2-19,ema_reclaim_microbreak,NZDUSD,2015-05-29 10:00:00+00:00,2015-05-29 10:15:00+00:00,2015-05-29 12:30:00+00:00,-1,1.250000000000016,TP,False
S2-19,ema_reclaim_microbreak,NZDUSD,2015-06-10 11:45:00+00:00,2015-06-10 12:00:00+00:00,2015-06-10 13:15:00+00:00,1,1.250000000000024,TP,False
S2-19,ema_reclaim_microbreak,NZDUSD,2015-06-11 08:30:00+00:00,2015-06-11 08:45:00+00:00,2015-06-11 09:15:00+00:00,-1,1.2499999999999538,TP,False
S2-19,ema_reclaim_microbreak,NZDUSD,2015-06-12 10:30:00+00:00,2015-06-12 10:45:00+00:00,2015-06-12 12:30:00+00:00,-1,-1.000000000000017,SL,False
S2-19,ema_reclaim_microbreak,NZDUSD,2015-06-16 10:30:00+00:00,2015-06-16 10:45:00+00:00,2015-06-16 11:15:00+00:00,-1,-1.0000000000000553,SL,False
S2-19,ema_reclaim_microbreak,NZDUSD,2015-06-23 07:45:00+00:00,2015-06-23 08:00:00+00:00,2015-06-23 10:00:00+00:00,-1,1.25,TP,False
S2-19,ema_reclaim_microbreak,NZDUSD,2015-06-25 09:15:00+00:00,2015-06-25 09:30:00+00:00,2015-06-25 10:15:00+00:00,1,-0.9999999999999677,SL,False
S2-19,ema_reclaim_microbreak,NZDUSD,2015-06-29 09:30:00+00:00,2015-06-29 09:45:00+00:00,2015-06-29 11:30:00+00:00,-1,-1.0000000000000169,SL,False
S2-19,ema_reclaim_microbreak,NZDUSD,2015-07-03 11:30:00+00:00,2015-07-03 11:45:00+00:00,2015-07-03 13:00:00+00:00,-1,1.2499999999999665,TP,False
S2-19,ema_reclaim_microbreak,NZDUSD,2015-07-06 11:30:00+00:00,2015-07-06 11:45:00+00:00,2015-07-06 12:00:00+00:00,-1,-1.0000000000000475,SL,False
S2-19,ema_reclaim_microbreak,NZDUSD,2015-07-09 08:00:00+00:00,2015-07-09 08:15:00+00:00,2015-07-09 08:45:00+00:00,1,-1.0000000000000433,SL,False
S2-19,ema_reclaim_microbreak,NZDUSD,2015-07-10 09:15:00+00:00,2015-07-10 09:30:00+00:00,2015-07-10 09:45:00+00:00,1,-1.0000000000000187,SL,False
S2-19,ema_reclaim_microbreak,NZDUSD,2015-07-10 11:00:00+00:00,2015-07-10 11:15:00+00:00,2015-07-10 11:30:00+00:00,1,-1.0000000000000353,SL,False
S2-19,ema_reclaim_microbreak,NZDUSD,2015-07-13 10:15:00+00:00,2015-07-13 10:30:00+00:00,2015-07-13 11:15:00+00:00,-1,1.2500000000000127,TP,False
S2-19,ema_reclaim_microbreak,NZDUSD,2015-07-14 09:45:00+00:00,2015-07-14 10:00:00+00:00,2015-07-14 10:00:00+00:00,-1,-1.000000000000036,SL,False
S2-19,ema_reclaim_microbreak,NZDUSD,2015-07-17 08:45:00+00:00,2015-07-17 09:00:00+00:00,2015-07-17 09:00:00+00:00,-1,-0.9999999999999786,SL,False
S2-19,ema_reclaim_microbreak,NZDUSD,2015-07-17 09:30:00+00:00,2015-07-17 09:45:00+00:00,2015-07-17 10:00:00+00:00,-1,-1.0000000000000235,SL,False
S2-19,ema_reclaim_microbreak,NZDUSD,2015-07-22 07:15:00+00:00,2015-07-22 07:30:00+00:00,2015-07-22 08:00:00+00:00,1,-0.9999999999999826,SL,False
S2-19,ema_reclaim_microbreak,NZDUSD,2015-07-24 07:00:00+00:00,2015-07-24 07:15:00+00:00,2015-07-24 09:15:00+00:00,-1,1.2500000000000517,TP,False
S2-19,ema_reclaim_microbreak,NZDUSD,2015-07-30 09:00:00+00:00,2015-07-30 09:15:00+00:00,2015-07-30 09:30:00+00:00,-1,1.2500000000000395,TP,False
S2-19,ema_reclaim_microbreak,NZDUSD,2015-08-03 08:00:00+00:00,2015-08-03 08:15:00+00:00,2015-08-03 08:15:00+00:00,-1,-0.9999999999999416,SL,False
S2-19,ema_reclaim_microbreak,NZDUSD,2015-08-05 09:45:00+00:00,2015-08-05 10:00:00+00:00,2015-08-05 11:00:00+00:00,-1,-1.0000000000000466,SL,False
S2-19,ema_reclaim_microbreak,NZDUSD,2015-08-05 11:15:00+00:00,2015-08-05 11:30:00+00:00,2015-08-05 11:30:00+00:00,-1,-1.000000000000053,SL,False
S2-19,ema_reclaim_microbreak,NZDUSD,2015-08-07 08:15:00+00:00,2015-08-07 08:30:00+00:00,2015-08-07 11:00:00+00:00,1,1.25,TP,False
S2-19,ema_reclaim_microbreak,NZDUSD,2015-08-14 09:00:00+00:00,2015-08-14 09:15:00+00:00,2015-08-14 09:30:00+00:00,-1,-0.9999999999999829,SL,False
S2-19,ema_reclaim_microbreak,NZDUSD,2015-08-18 10:45:00+00:00,2015-08-18 11:00:00+00:00,2015-08-18 11:00:00+00:00,1,-0.9999999999999755,SL,False
S2-19,ema_reclaim_microbreak,NZDUSD,2015-08-19 09:45:00+00:00,2015-08-19 10:00:00+00:00,2015-08-19 10:30:00+00:00,1,-0.9999999999999748,SL,False
S2-19,ema_reclaim_microbreak,NZDUSD,2015-08-21 07:30:00+00:00,2015-08-21 07:45:00+00:00,2015-08-21 08:45:00+00:00,1,1.2500000000000608,TP,False
S2-19,ema_reclaim_microbreak,NZDUSD,2015-08-26 07:15:00+00:00,2015-08-26 07:30:00+00:00,2015-08-26 09:45:00+00:00,-1,-1.0000000000000344,SL,False
S2-19,ema_reclaim_microbreak,NZDUSD,2015-09-01 11:45:00+00:00,2015-09-01 12:00:00+00:00,2015-09-01 12:30:00+00:00,-1,-1.000000000000013,SL,False
S2-19,ema_reclaim_microbreak,NZDUSD,2015-09-02 07:45:00+00:00,2015-09-02 08:00:00+00:00,2015-09-02 08:15:00+00:00,-1,1.249999999999979,TP,False
S2-19,ema_reclaim_microbreak,NZDUSD,2015-09-03 10:30:00+00:00,2015-09-03 10:45:00+00:00,2015-09-03 12:15:00+00:00,-1,-0.999999999999911,SL,False
S2-19,ema_reclaim_microbreak,NZDUSD,2015-09-07 07:00:00+00:00,2015-09-07 07:15:00+00:00,2015-09-07 07:45:00+00:00,-1,-1.00000000000004,SL,False
S2-19,ema_reclaim_microbreak,NZDUSD,2015-09-07 08:30:00+00:00,2015-09-07 08:45:00+00:00,2015-09-07 11:45:00+00:00,-1,1.2500000000000164,TP,False
S2-19,ema_reclaim_microbreak,NZDUSD,2015-09-09 10:00:00+00:00,2015-09-09 10:15:00+00:00,2015-09-09 11:45:00+00:00,1,1.250000000000034,TP,False
S2-19,ema_reclaim_microbreak,NZDUSD,2015-09-10 10:00:00+00:00,2015-09-10 10:15:00+00:00,2015-09-10 14:00:00+00:00,-1,1.0693785233289355,TIME,False
S2-19,ema_reclaim_microbreak,NZDUSD,2015-09-22 09:45:00+00:00,2015-09-22 10:00:00+00:00,2015-09-22 10:30:00+00:00,-1,1.2499999999999591,TP,False
S2-19,ema_reclaim_microbreak,NZDUSD,2015-09-30 07:00:00+00:00,2015-09-30 07:15:00+00:00,2015-09-30 07:30:00+00:00,1,1.2500000000000648,TP,False
S2-19,ema_reclaim_microbreak,NZDUSD,2015-10-01 07:30:00+00:00,2015-10-01 07:45:00+00:00,2015-10-01 08:00:00+00:00,1,1.2500000000000384,TP,False
S2-19,ema_reclaim_microbreak,NZDUSD,2015-10-01 08:30:00+00:00,2015-10-01 08:45:00+00:00,2015-10-01 08:45:00+00:00,1,-1.0,SL,False
S2-19,ema_reclaim_microbreak,NZDUSD,2015-10-02 11:30:00+00:00,2015-10-02 11:45:00+00:00,2015-10-02 12:00:00+00:00,1,-0.9999999999999154,SL,False
S2-19,ema_reclaim_microbreak,NZDUSD,2015-10-06 07:00:00+00:00,2015-10-06 07:15:00+00:00,2015-10-06 07:30:00+00:00,1,-1.0000000000000215,SL,False
S2-19,ema_reclaim_microbreak,NZDUSD,2015-10-07 10:00:00+00:00,2015-10-07 10:15:00+00:00,2015-10-07 11:15:00+00:00,1,1.2500000000000164,TP,False
S2-19,ema_reclaim_microbreak,NZDUSD,2015-10-08 11:00:00+00:00,2015-10-08 11:15:00+00:00,2015-10-08 11:15:00+00:00,1,1.2500000000000404,TP,False
S2-19,ema_reclaim_microbreak,NZDUSD,2015-10-12 10:30:00+00:00,2015-10-12 10:45:00+00:00,2015-10-12 12:00:00+00:00,1,1.249999999999982,TP,False
S2-19,ema_reclaim_microbreak,NZDUSD,2015-10-13 11:45:00+00:00,2015-10-13 12:00:00+00:00,2015-10-13 13:00:00+00:00,1,-1.0,SL,False
S2-19,ema_reclaim_microbreak,NZDUSD,2015-10-27 10:15:00+00:00,2015-10-27 10:30:00+00:00,2015-10-27 11:00:00+00:00,1,1.25,TP,False
S2-19,ema_reclaim_microbreak,NZDUSD,2015-10-28 08:30:00+00:00,2015-10-28 08:45:00+00:00,2015-10-28 10:15:00+00:00,-1,1.2499999999999216,TP,False
S2-19,ema_reclaim_microbreak,NZDUSD,2015-10-30 10:30:00+00:00,2015-10-30 10:45:00+00:00,2015-10-30 12:00:00+00:00,1,-1.0,SL,False
S2-19,ema_reclaim_microbreak,NZDUSD,2015-11-04 08:15:00+00:00,2015-11-04 08:30:00+00:00,2015-11-04 08:45:00+00:00,-1,1.249999999999933,TP,False
S2-19,ema_reclaim_microbreak,NZDUSD,2015-11-05 07:30:00+00:00,2015-11-05 07:45:00+00:00,2015-11-05 07:45:00+00:00,-1,-0.9999999999999699,SL,False
S2-19,ema_reclaim_microbreak,NZDUSD,2015-11-06 09:45:00+00:00,2015-11-06 10:00:00+00:00,2015-11-06 12:00:00+00:00,-1,-1.0,SL,False
S2-19,ema_reclaim_microbreak,NZDUSD,2015-11-13 08:00:00+00:00,2015-11-13 08:15:00+00:00,2015-11-13 08:30:00+00:00,-1,1.2499999999998885,TP,False
S2-19,ema_reclaim_microbreak,NZDUSD,2015-11-17 07:00:00+00:00,2015-11-17 07:15:00+00:00,2015-11-17 07:15:00+00:00,-1,-0.9999999999999103,SL,False
S2-19,ema_reclaim_microbreak,NZDUSD,2015-11-19 11:00:00+00:00,2015-11-19 11:15:00+00:00,2015-11-19 12:30:00+00:00,1,-1.0000000000000548,SL,False
S2-19,ema_reclaim_microbreak,NZDUSD,2015-11-23 08:30:00+00:00,2015-11-23 08:45:00+00:00,2015-11-23 10:00:00+00:00,-1,1.249999999999916,TP,False
S2-19,ema_reclaim_microbreak,NZDUSD,2015-11-25 11:30:00+00:00,2015-11-25 11:45:00+00:00,2015-11-25 12:30:00+00:00,1,-1.0,SL,False
S2-19,ema_reclaim_microbreak,NZDUSD,2015-11-26 08:30:00+00:00,2015-11-26 08:45:00+00:00,2015-11-26 09:00:00+00:00,1,-0.9999999999999464,SL,False
S2-19,ema_reclaim_microbreak,NZDUSD,2015-12-03 11:15:00+00:00,2015-12-03 11:30:00+00:00,2015-12-03 11:45:00+00:00,1,1.2500000000000546,TP,False
S2-19,ema_reclaim_microbreak,NZDUSD,2015-12-10 09:15:00+00:00,2015-12-10 09:30:00+00:00,2015-12-10 09:30:00+00:00,1,-0.9999999999999628,SL,False
S2-19,ema_reclaim_microbreak,NZDUSD,2015-12-10 10:45:00+00:00,2015-12-10 11:00:00+00:00,2015-12-10 11:45:00+00:00,1,1.25,TP,False
S2-19,ema_reclaim_microbreak,NZDUSD,2015-12-15 10:30:00+00:00,2015-12-15 10:45:00+00:00,2015-12-15 11:45:00+00:00,1,-1.0,SL,False
S2-19,ema_reclaim_microbreak,NZDUSD,2015-12-22 11:15:00+00:00,2015-12-22 11:30:00+00:00,2015-12-22 12:00:00+00:00,1,-1.0000000000000284,SL,False
S2-19,ema_reclaim_microbreak,NZDUSD,2015-12-28 09:30:00+00:00,2015-12-28 09:45:00+00:00,2015-12-28 11:30:00+00:00,1,-1.0000000000001286,SL,False
S2-19,ema_reclaim_microbreak,NZDUSD,2016-01-04 08:45:00+00:00,2016-01-04 09:00:00+00:00,2016-01-04 10:00:00+00:00,-1,-1.000000000000048,SL,False
S2-19,ema_reclaim_microbreak,NZDUSD,2016-01-04 11:30:00+00:00,2016-01-04 11:45:00+00:00,2016-01-04 12:00:00+00:00,-1,1.2500000000000402,TP,False
S2-19,ema_reclaim_microbreak,NZDUSD,2016-01-06 08:00:00+00:00,2016-01-06 08:15:00+00:00,2016-01-06 08:15:00+00:00,-1,1.2499999999999603,TP,False
S2-19,ema_reclaim_microbreak,NZDUSD,2016-01-11 08:30:00+00:00,2016-01-11 08:45:00+00:00,2016-01-11 08:45:00+00:00,-1,-1.0000000000000187,SL,False
S2-19,ema_reclaim_microbreak,NZDUSD,2016-01-12 11:00:00+00:00,2016-01-12 11:15:00+00:00,2016-01-12 12:45:00+00:00,-1,-0.9999999999999661,SL,False
S2-19,ema_reclaim_microbreak,NZDUSD,2016-01-14 08:00:00+00:00,2016-01-14 08:15:00+00:00,2016-01-14 08:45:00+00:00,-1,1.2500000000000415,TP,False
S2-19,ema_reclaim_microbreak,NZDUSD,2016-01-20 10:15:00+00:00,2016-01-20 10:30:00+00:00,2016-01-20 13:45:00+00:00,-1,-1.0000000000000393,SL,False
S2-19,ema_reclaim_microbreak,NZDUSD,2016-01-21 08:00:00+00:00,2016-01-21 08:15:00+00:00,2016-01-21 08:15:00+00:00,1,-0.999999999999963,SL,False
S2-19,ema_reclaim_microbreak,NZDUSD,2016-01-26 09:30:00+00:00,2016-01-26 09:45:00+00:00,2016-01-26 09:45:00+00:00,-1,-1.0000000000000244,SL,False
S2-19,ema_reclaim_microbreak,NZDUSD,2016-02-01 09:45:00+00:00,2016-02-01 10:00:00+00:00,2016-02-01 13:00:00+00:00,-1,-1.0,SL,False
S2-19,ema_reclaim_microbreak,NZDUSD,2016-02-04 07:00:00+00:00,2016-02-04 07:15:00+00:00,2016-02-04 07:45:00+00:00,1,-0.9999999999999751,SL,False
S2-19,ema_reclaim_microbreak,NZDUSD,2016-02-04 08:00:00+00:00,2016-02-04 08:15:00+00:00,2016-02-04 08:30:00+00:00,1,1.2500000000000222,TP,False
S2-19,ema_reclaim_microbreak,NZDUSD,2016-02-18 07:15:00+00:00,2016-02-18 07:30:00+00:00,2016-02-18 07:45:00+00:00,1,-0.9999999999999308,SL,False
S2-19,ema_reclaim_microbreak,NZDUSD,2016-02-22 10:15:00+00:00,2016-02-22 10:30:00+00:00,2016-02-22 13:15:00+00:00,1,1.2500000000000533,TP,False
S2-19,ema_reclaim_microbreak,NZDUSD,2016-02-24 07:30:00+00:00,2016-02-24 07:45:00+00:00,2016-02-24 08:15:00+00:00,-1,-0.9999999999999586,SL,False
S2-19,ema_reclaim_microbreak,NZDUSD,2016-02-24 08:45:00+00:00,2016-02-24 09:00:00+00:00,2016-02-24 09:15:00+00:00,-1,1.250000000000059,TP,False
S2-19,ema_reclaim_microbreak,NZDUSD,2016-02-25 09:15:00+00:00,2016-02-25 09:30:00+00:00,2016-02-25 11:45:00+00:00,1,1.25,TP,False
S2-19,ema_reclaim_microbreak,NZDUSD,2016-02-26 07:45:00+00:00,2016-02-26 08:00:00+00:00,2016-02-26 08:00:00+00:00,1,-1.0000000000000377,SL,False
S2-19,ema_reclaim_microbreak,NZDUSD,2016-02-26 09:00:00+00:00,2016-02-26 09:15:00+00:00,2016-02-26 10:30:00+00:00,1,-1.000000000000018,SL,False
S2-19,ema_reclaim_microbreak,NZDUSD,2016-02-29 11:45:00+00:00,2016-02-29 12:00:00+00:00,2016-02-29 12:30:00+00:00,-1,1.2499999999999514,TP,False
S2-19,ema_reclaim_microbreak,NZDUSD,2016-03-03 08:45:00+00:00,2016-03-03 09:00:00+00:00,2016-03-03 10:00:00+00:00,1,1.2500000000000662,TP,False
S2-19,ema_reclaim_microbreak,NZDUSD,2016-03-04 07:45:00+00:00,2016-03-04 08:00:00+00:00,2016-03-04 09:00:00+00:00,1,1.250000000000052,TP,False
S2-19,ema_reclaim_microbreak,NZDUSD,2016-03-04 10:45:00+00:00,2016-03-04 11:00:00+00:00,2016-03-04 12:00:00+00:00,1,1.25,TP,False
S2-19,ema_reclaim_microbreak,NZDUSD,2016-03-10 07:00:00+00:00,2016-03-10 07:15:00+00:00,2016-03-10 07:30:00+00:00,-1,-1.0,SL,False
S2-19,ema_reclaim_microbreak,NZDUSD,2016-03-10 11:30:00+00:00,2016-03-10 11:45:00+00:00,2016-03-10 11:45:00+00:00,-1,-1.0000000000000526,SL,False
S2-19,ema_reclaim_microbreak,NZDUSD,2016-03-15 09:45:00+00:00,2016-03-15 10:00:00+00:00,2016-03-15 13:00:00+00:00,-1,-0.9999999999999521,SL,False
S2-19,ema_reclaim_microbreak,NZDUSD,2016-03-16 07:15:00+00:00,2016-03-16 07:30:00+00:00,2016-03-16 08:00:00+00:00,-1,-0.9999999999999609,SL,False
S2-19,ema_reclaim_microbreak,NZDUSD,2016-03-29 11:00:00+00:00,2016-03-29 11:15:00+00:00,2016-03-29 11:15:00+00:00,1,1.2499999999999336,TP,False
S2-19,ema_reclaim_microbreak,NZDUSD,2016-04-11 07:45:00+00:00,2016-04-11 08:00:00+00:00,2016-04-11 09:15:00+00:00,1,1.2499999999999756,TP,False
S2-19,ema_reclaim_microbreak,NZDUSD,2016-04-12 11:30:00+00:00,2016-04-12 11:45:00+00:00,2016-04-12 12:00:00+00:00,1,-1.0000000000000497,SL,False
S2-19,ema_reclaim_microbreak,NZDUSD,2016-04-13 10:15:00+00:00,2016-04-13 10:30:00+00:00,2016-04-13 10:30:00+00:00,1,-0.9999999999999833,SL,False
S2-19,ema_reclaim_microbreak,NZDUSD,2016-04-14 11:00:00+00:00,2016-04-14 11:15:00+00:00,2016-04-14 11:15:00+00:00,-1,-1.0,SL,False
S2-19,ema_reclaim_microbreak,NZDUSD,2016-04-19 09:30:00+00:00,2016-04-19 09:45:00+00:00,2016-04-19 10:00:00+00:00,1,1.25,TP,False
S2-19,ema_reclaim_microbreak,NZDUSD,2016-04-21 07:45:00+00:00,2016-04-21 08:00:00+00:00,2016-04-21 08:00:00+00:00,-1,-1.0000000000000613,SL,False
S2-19,ema_reclaim_microbreak,NZDUSD,2016-04-21 11:00:00+00:00,2016-04-21 11:15:00+00:00,2016-04-21 12:00:00+00:00,-1,-1.0,SL,False
S2-19,ema_reclaim_microbreak,NZDUSD,2016-04-28 11:45:00+00:00,2016-04-28 12:00:00+00:00,2016-04-28 12:00:00+00:00,1,1.249999999999983,TP,False
S2-19,ema_reclaim_microbreak,NZDUSD,2016-05-02 07:15:00+00:00,2016-05-02 07:30:00+00:00,2016-05-02 07:30:00+00:00,1,1.25,TP,False
S2-19,ema_reclaim_microbreak,NZDUSD,2016-05-03 07:15:00+00:00,2016-05-03 07:30:00+00:00,2016-05-03 09:00:00+00:00,1,-0.9999999999999898,SL,False
S2-19,ema_reclaim_microbreak,NZDUSD,2016-05-04 07:45:00+00:00,2016-05-04 08:00:00+00:00,2016-05-04 08:00:00+00:00,-1,1.2499999999999467,TP,False
S2-19,ema_reclaim_microbreak,NZDUSD,2016-05-09 10:00:00+00:00,2016-05-09 10:15:00+00:00,2016-05-09 11:15:00+00:00,-1,1.2500000000000488,TP,False
S2-19,ema_reclaim_microbreak,NZDUSD,2016-05-10 07:30:00+00:00,2016-05-10 07:45:00+00:00,2016-05-10 08:45:00+00:00,-1,-1.0000000000000209,SL,False
S2-19,ema_reclaim_microbreak,NZDUSD,2016-05-12 07:45:00+00:00,2016-05-12 08:00:00+00:00,2016-05-12 08:00:00+00:00,1,-1.0,SL,False
S2-19,ema_reclaim_microbreak,NZDUSD,2016-05-12 10:30:00+00:00,2016-05-12 10:45:00+00:00,2016-05-12 10:45:00+00:00,1,-1.0000000000000653,SL,False
S2-19,ema_reclaim_microbreak,NZDUSD,2016-05-13 09:00:00+00:00,2016-05-13 09:15:00+00:00,2016-05-13 12:30:00+00:00,-1,1.2500000000000537,TP,False
S2-19,ema_reclaim_microbreak,NZDUSD,2016-05-18 10:15:00+00:00,2016-05-18 10:30:00+00:00,2016-05-18 10:30:00+00:00,-1,-1.0,SL,False
S2-19,ema_reclaim_microbreak,NZDUSD,2016-05-24 11:15:00+00:00,2016-05-24 11:30:00+00:00,2016-05-24 11:30:00+00:00,-1,-0.9999999999999606,SL,False
S2-19,ema_reclaim_microbreak,NZDUSD,2016-05-30 08:30:00+00:00,2016-05-30 08:45:00+00:00,2016-05-30 08:45:00+00:00,-1,-1.000000000000031,SL,False
S2-19,ema_reclaim_microbreak,NZDUSD,2016-05-31 09:30:00+00:00,2016-05-31 09:45:00+00:00,2016-05-31 10:00:00+00:00,1,1.250000000000025,TP,False
S2-19,ema_reclaim_microbreak,NZDUSD,2016-06-01 07:15:00+00:00,2016-06-01 07:30:00+00:00,2016-06-01 07:30:00+00:00,1,1.249999999999955,TP,False
S2-19,ema_reclaim_microbreak,NZDUSD,2016-06-03 10:00:00+00:00,2016-06-03 10:15:00+00:00,2016-06-03 10:30:00+00:00,1,1.2499999999999782,TP,False
S2-19,ema_reclaim_microbreak,NZDUSD,2016-06-06 07:00:00+00:00,2016-06-06 07:15:00+00:00,2016-06-06 07:15:00+00:00,1,-1.0000000000000573,SL,False
S2-19,ema_reclaim_microbreak,NZDUSD,2016-06-06 10:45:00+00:00,2016-06-06 11:00:00+00:00,2016-06-06 12:15:00+00:00,1,1.2500000000000402,TP,False
S2-19,ema_reclaim_microbreak,NZDUSD,2016-06-08 07:30:00+00:00,2016-06-08 07:45:00+00:00,2016-06-08 09:30:00+00:00,1,-1.0000000000000226,SL,False
S2-19,ema_reclaim_microbreak,NZDUSD,2016-06-14 07:00:00+00:00,2016-06-14 07:15:00+00:00,2016-06-14 07:30:00+00:00,-1,-1.0000000000000213,SL,False
S2-19,ema_reclaim_microbreak,NZDUSD,2016-06-17 07:00:00+00:00,2016-06-17 07:15:00+00:00,2016-06-17 09:45:00+00:00,1,-1.0000000000000455,SL,False
S2-19,ema_reclaim_microbreak,NZDUSD,2016-06-24 08:00:00+00:00,2016-06-24 08:15:00+00:00,2016-06-24 09:00:00+00:00,-1,-0.9999999999999938,SL,False
S2-19,ema_reclaim_microbreak,NZDUSD,2016-07-04 08:00:00+00:00,2016-07-04 08:15:00+00:00,2016-07-04 08:30:00+00:00,1,-0.99999999999993,SL,False
S2-19,ema_reclaim_microbreak,NZDUSD,2016-07-04 09:00:00+00:00,2016-07-04 09:15:00+00:00,2016-07-04 09:30:00+00:00,1,1.2500000000000202,TP,False
S2-19,ema_reclaim_microbreak,NZDUSD,2016-07-05 10:15:00+00:00,2016-07-05 10:30:00+00:00,2016-07-05 11:00:00+00:00,1,-0.9999999999999837,SL,False
S2-19,ema_reclaim_microbreak,NZDUSD,2016-07-06 07:45:00+00:00,2016-07-06 08:00:00+00:00,2016-07-06 08:00:00+00:00,-1,-1.0000000000000178,SL,False
S2-19,ema_reclaim_microbreak,NZDUSD,2016-07-06 08:30:00+00:00,2016-07-06 08:45:00+00:00,2016-07-06 08:45:00+00:00,-1,-1.0,SL,False
S2-19,ema_reclaim_microbreak,NZDUSD,2016-07-08 08:00:00+00:00,2016-07-08 08:15:00+00:00,2016-07-08 08:45:00+00:00,1,-1.0000000000000453,SL,False
S2-19,ema_reclaim_microbreak,NZDUSD,2016-07-08 09:30:00+00:00,2016-07-08 09:45:00+00:00,2016-07-08 10:15:00+00:00,1,1.25,TP,False
S2-19,ema_reclaim_microbreak,NZDUSD,2016-07-25 08:30:00+00:00,2016-07-25 08:45:00+00:00,2016-07-25 09:00:00+00:00,-1,-0.9999999999999463,SL,False
S2-19,ema_reclaim_microbreak,NZDUSD,2016-07-25 09:30:00+00:00,2016-07-25 09:45:00+00:00,2016-07-25 10:00:00+00:00,-1,-1.000000000000025,SL,False
S2-19,ema_reclaim_microbreak,NZDUSD,2016-07-25 10:30:00+00:00,2016-07-25 10:45:00+00:00,2016-07-25 10:45:00+00:00,-1,-1.0000000000000533,SL,False
S2-19,ema_reclaim_microbreak,NZDUSD,2016-07-28 07:00:00+00:00,2016-07-28 07:15:00+00:00,2016-07-28 07:15:00+00:00,1,-0.9999999999999779,SL,False
S2-19,ema_reclaim_microbreak,NZDUSD,2016-08-02 11:45:00+00:00,2016-08-02 12:00:00+00:00,2016-08-02 12:15:00+00:00,1,1.2500000000000495,TP,False
S2-19,ema_reclaim_microbreak,NZDUSD,2016-08-04 08:45:00+00:00,2016-08-04 09:00:00+00:00,2016-08-04 09:00:00+00:00,-1,-0.999999999999977,SL,False
S2-19,ema_reclaim_microbreak,NZDUSD,2016-08-08 10:00:00+00:00,2016-08-08 10:15:00+00:00,2016-08-08 10:15:00+00:00,-1,-0.9999999999999499,SL,False
S2-19,ema_reclaim_microbreak,NZDUSD,2016-08-08 10:45:00+00:00,2016-08-08 11:00:00+00:00,2016-08-08 11:00:00+00:00,-1,-0.9999999999999725,SL,False
S2-19,ema_reclaim_microbreak,NZDUSD,2016-08-10 07:30:00+00:00,2016-08-10 07:45:00+00:00,2016-08-10 08:00:00+00:00,1,1.24999999999998,TP,False
S2-19,ema_reclaim_microbreak,NZDUSD,2016-08-11 07:00:00+00:00,2016-08-11 07:15:00+00:00,2016-08-11 07:15:00+00:00,1,-1.0,SL,False
S2-19,ema_reclaim_microbreak,NZDUSD,2016-08-12 07:00:00+00:00,2016-08-12 07:15:00+00:00,2016-08-12 07:30:00+00:00,-1,-1.0,SL,False
S2-19,ema_reclaim_microbreak,NZDUSD,2016-08-12 09:00:00+00:00,2016-08-12 09:15:00+00:00,2016-08-12 12:00:00+00:00,-1,-1.000000000000042,SL,False
S2-19,ema_reclaim_microbreak,NZDUSD,2016-08-18 08:30:00+00:00,2016-08-18 08:45:00+00:00,2016-08-18 09:00:00+00:00,1,-1.0,SL,False
S2-19,ema_reclaim_microbreak,NZDUSD,2016-08-18 11:00:00+00:00,2016-08-18 11:15:00+00:00,2016-08-18 11:45:00+00:00,1,-1.0,SL,False
S2-19,ema_reclaim_microbreak,NZDUSD,2016-08-23 10:30:00+00:00,2016-08-23 10:45:00+00:00,2016-08-23 11:30:00+00:00,1,1.2499999999999758,TP,False
S2-19,ema_reclaim_microbreak,NZDUSD,2016-08-26 11:00:00+00:00,2016-08-26 11:15:00+00:00,2016-08-26 11:15:00+00:00,1,-0.9999999999999666,SL,False
S2-19,ema_reclaim_microbreak,NZDUSD,2016-08-29 11:00:00+00:00,2016-08-29 11:15:00+00:00,2016-08-29 12:30:00+00:00,-1,1.25,TP,False
S2-19,ema_reclaim_microbreak,NZDUSD,2016-08-30 11:45:00+00:00,2016-08-30 12:00:00+00:00,2016-08-30 12:30:00+00:00,-1,1.2499999999999565,TP,False
S2-19,ema_reclaim_microbreak,NZDUSD,2016-08-31 07:45:00+00:00,2016-08-31 08:00:00+00:00,2016-08-31 08:00:00+00:00,-1,-1.0000000000000664,SL,False
S2-19,ema_reclaim_microbreak,NZDUSD,2016-09-01 10:45:00+00:00,2016-09-01 11:00:00+00:00,2016-09-01 11:30:00+00:00,1,-0.9999999999999585,SL,False
S2-19,ema_reclaim_microbreak,NZDUSD,2016-09-02 10:15:00+00:00,2016-09-02 10:30:00+00:00,2016-09-02 10:30:00+00:00,1,-1.0000000000000273,SL,False
S2-19,ema_reclaim_microbreak,NZDUSD,2016-09-05 07:45:00+00:00,2016-09-05 08:00:00+00:00,2016-09-05 09:00:00+00:00,1,-1.0000000000000682,SL,False
S2-19,ema_reclaim_microbreak,NZDUSD,2016-09-07 07:15:00+00:00,2016-09-07 07:30:00+00:00,2016-09-07 07:30:00+00:00,1,-1.0000000000000162,SL,False
S2-19,ema_reclaim_microbreak,NZDUSD,2016-09-08 10:15:00+00:00,2016-09-08 10:30:00+00:00,2016-09-08 10:30:00+00:00,1,-0.999999999999953,SL,False
S2-19,ema_reclaim_microbreak,NZDUSD,2016-09-13 10:30:00+00:00,2016-09-13 10:45:00+00:00,2016-09-13 10:45:00+00:00,-1,-0.9999999999999828,SL,False
S2-19,ema_reclaim_microbreak,NZDUSD,2016-09-15 11:30:00+00:00,2016-09-15 11:45:00+00:00,2016-09-15 11:45:00+00:00,-1,-0.9999999999999479,SL,False
S2-19,ema_reclaim_microbreak,NZDUSD,2016-09-16 08:15:00+00:00,2016-09-16 08:30:00+00:00,2016-09-16 09:15:00+00:00,1,-1.0000000000000255,SL,False
S2-19,ema_reclaim_microbreak,NZDUSD,2016-09-16 11:15:00+00:00,2016-09-16 11:30:00+00:00,2016-09-16 11:30:00+00:00,1,-1.000000000000069,SL,False
S2-19,ema_reclaim_microbreak,NZDUSD,2016-09-23 11:00:00+00:00,2016-09-23 11:15:00+00:00,2016-09-23 12:30:00+00:00,-1,1.2499999999999818,TP,False
S2-19,ema_reclaim_microbreak,NZDUSD,2016-09-30 09:15:00+00:00,2016-09-30 09:30:00+00:00,2016-09-30 10:15:00+00:00,-1,-0.999999999999952,SL,False
S2-19,ema_reclaim_microbreak,NZDUSD,2016-09-30 10:45:00+00:00,2016-09-30 11:00:00+00:00,2016-09-30 11:15:00+00:00,-1,-1.0000000000000193,SL,False
S2-19,ema_reclaim_microbreak,NZDUSD,2016-10-05 09:00:00+00:00,2016-10-05 09:15:00+00:00,2016-10-05 12:15:00+00:00,-1,-0.9999999999999447,SL,False
S2-19,ema_reclaim_microbreak,NZDUSD,2016-10-06 08:30:00+00:00,2016-10-06 08:45:00+00:00,2016-10-06 09:00:00+00:00,-1,-1.0000000000000402,SL,False
S2-19,ema_reclaim_microbreak,NZDUSD,2016-10-06 09:15:00+00:00,2016-10-06 09:30:00+00:00,2016-10-06 10:30:00+00:00,-1,-0.9999999999999645,SL,False
S2-19,ema_reclaim_microbreak,NZDUSD,2016-10-06 11:00:00+00:00,2016-10-06 11:15:00+00:00,2016-10-06 12:15:00+00:00,-1,1.2500000000000178,TP,False
S2-19,ema_reclaim_microbreak,NZDUSD,2016-10-14 08:00:00+00:00,2016-10-14 08:15:00+00:00,2016-10-14 08:45:00+00:00,1,-1.0,SL,False
S2-19,ema_reclaim_microbreak,NZDUSD,2016-10-17 07:30:00+00:00,2016-10-17 07:45:00+00:00,2016-10-17 08:00:00+00:00,1,-1.0000000000000475,SL,False
S2-19,ema_reclaim_microbreak,NZDUSD,2016-10-19 07:45:00+00:00,2016-10-19 08:00:00+00:00,2016-10-19 08:30:00+00:00,1,1.2499999999999265,TP,False
S2-19,ema_reclaim_microbreak,NZDUSD,2016-10-25 11:45:00+00:00,2016-10-25 12:00:00+00:00,2016-10-25 12:15:00+00:00,-1,-0.9999999999999156,SL,False
S2-19,ema_reclaim_microbreak,NZDUSD,2016-10-31 08:15:00+00:00,2016-10-31 08:30:00+00:00,2016-10-31 08:30:00+00:00,1,-0.9999999999998681,SL,False
S2-19,ema_reclaim_microbreak,NZDUSD,2016-11-03 10:15:00+00:00,2016-11-03 10:30:00+00:00,2016-11-03 11:00:00+00:00,1,-0.9999999999999619,SL,False
S2-19,ema_reclaim_microbreak,NZDUSD,2016-11-03 11:30:00+00:00,2016-11-03 11:45:00+00:00,2016-11-03 12:15:00+00:00,1,1.250000000000024,TP,False
S2-19,ema_reclaim_microbreak,NZDUSD,2016-11-04 11:45:00+00:00,2016-11-04 12:00:00+00:00,2016-11-04 12:00:00+00:00,1,-1.0,SL,False
S2-19,ema_reclaim_microbreak,NZDUSD,2016-11-08 07:15:00+00:00,2016-11-08 07:30:00+00:00,2016-11-08 07:45:00+00:00,1,-0.9999999999999247,SL,False
S2-19,ema_reclaim_microbreak,NZDUSD,2016-11-10 10:45:00+00:00,2016-11-10 11:00:00+00:00,2016-11-10 12:00:00+00:00,-1,1.2500000000000242,TP,False
S2-19,ema_reclaim_microbreak,NZDUSD,2016-11-14 10:30:00+00:00,2016-11-14 10:45:00+00:00,2016-11-14 10:45:00+00:00,-1,-1.000000000000017,SL,False
S2-19,ema_reclaim_microbreak,NZDUSD,2016-11-16 07:15:00+00:00,2016-11-16 07:30:00+00:00,2016-11-16 07:30:00+00:00,-1,-1.0,SL,False
S2-19,ema_reclaim_microbreak,NZDUSD,2016-11-16 09:45:00+00:00,2016-11-16 10:00:00+00:00,2016-11-16 10:15:00+00:00,-1,1.2499999999999825,TP,False
S2-19,ema_reclaim_microbreak,NZDUSD,2016-11-22 08:00:00+00:00,2016-11-22 08:15:00+00:00,2016-11-22 09:00:00+00:00,1,1.250000000000023,TP,False
S2-19,ema_reclaim_microbreak,NZDUSD,2016-11-24 07:30:00+00:00,2016-11-24 07:45:00+00:00,2016-11-24 08:00:00+00:00,-1,1.2499999999999352,TP,False
S2-19,ema_reclaim_microbreak,NZDUSD,2016-11-29 09:30:00+00:00,2016-11-29 09:45:00+00:00,2016-11-29 10:00:00+00:00,1,-0.9999999999999535,SL,False
S2-19,ema_reclaim_microbreak,NZDUSD,2016-12-08 07:15:00+00:00,2016-12-08 07:30:00+00:00,2016-12-08 07:30:00+00:00,1,1.2499999999999658,TP,False
S2-19,ema_reclaim_microbreak,NZDUSD,2016-12-08 09:45:00+00:00,2016-12-08 10:00:00+00:00,2016-12-08 10:00:00+00:00,1,-0.9999999999999528,SL,False
S2-19,ema_reclaim_microbreak,NZDUSD,2016-12-09 07:15:00+00:00,2016-12-09 07:30:00+00:00,2016-12-09 07:45:00+00:00,1,-1.0000000000000624,SL,False
S2-19,ema_reclaim_microbreak,NZDUSD,2016-12-13 07:15:00+00:00,2016-12-13 07:30:00+00:00,2016-12-13 07:30:00+00:00,1,-0.9999999999999235,SL,False
S2-19,ema_reclaim_microbreak,NZDUSD,2016-12-13 08:15:00+00:00,2016-12-13 08:30:00+00:00,2016-12-13 08:30:00+00:00,1,-0.9999999999999263,SL,False
S2-19,ema_reclaim_microbreak,NZDUSD,2016-12-13 11:00:00+00:00,2016-12-13 11:15:00+00:00,2016-12-13 12:00:00+00:00,1,1.2499999999999312,TP,False
S2-19,ema_reclaim_microbreak,NZDUSD,2016-12-14 08:45:00+00:00,2016-12-14 09:00:00+00:00,2016-12-14 09:00:00+00:00,1,-0.9999999999999174,SL,False
S2-19,ema_reclaim_microbreak,NZDUSD,2016-12-16 07:45:00+00:00,2016-12-16 08:00:00+00:00,2016-12-16 08:00:00+00:00,-1,1.25,TP,False
S2-19,ema_reclaim_microbreak,NZDUSD,2016-12-16 11:15:00+00:00,2016-12-16 11:30:00+00:00,2016-12-16 12:30:00+00:00,-1,1.249999999999933,TP,False
S2-19,ema_reclaim_microbreak,NZDUSD,2016-12-19 07:15:00+00:00,2016-12-19 07:30:00+00:00,2016-12-19 09:15:00+00:00,-1,1.2499999999999705,TP,False
S2-19,ema_reclaim_microbreak,NZDUSD,2017-01-09 07:30:00+00:00,2017-01-09 07:45:00+00:00,2017-01-09 07:45:00+00:00,-1,-0.9999999999999241,SL,False
S2-19,ema_reclaim_microbreak,NZDUSD,2017-01-13 09:15:00+00:00,2017-01-13 09:30:00+00:00,2017-01-13 13:15:00+00:00,1,1.2500000000000464,TP,False
S2-19,ema_reclaim_microbreak,NZDUSD,2017-01-18 08:00:00+00:00,2017-01-18 08:15:00+00:00,2017-01-18 08:45:00+00:00,1,-1.0000000000000224,SL,False
S2-19,ema_reclaim_microbreak,NZDUSD,2017-01-18 09:45:00+00:00,2017-01-18 10:00:00+00:00,2017-01-18 11:30:00+00:00,1,-1.0,SL,False
S2-19,ema_reclaim_microbreak,NZDUSD,2017-01-19 07:00:00+00:00,2017-01-19 07:15:00+00:00,2017-01-19 07:30:00+00:00,-1,1.2499999999999727,TP,False
S2-19,ema_reclaim_microbreak,NZDUSD,2017-01-20 07:15:00+00:00,2017-01-20 07:30:00+00:00,2017-01-20 07:30:00+00:00,1,-1.0000000000000209,SL,False
S2-19,ema_reclaim_microbreak,NZDUSD,2017-01-23 11:45:00+00:00,2017-01-23 12:00:00+00:00,2017-01-23 12:30:00+00:00,1,1.2499999999999503,TP,False
S2-19,ema_reclaim_microbreak,NZDUSD,2017-01-24 09:45:00+00:00,2017-01-24 10:00:00+00:00,2017-01-24 10:45:00+00:00,1,-1.0000000000000207,SL,False
S2-19,ema_reclaim_microbreak,NZDUSD,2017-01-31 07:45:00+00:00,2017-01-31 08:00:00+00:00,2017-01-31 08:00:00+00:00,1,-0.9999999999999022,SL,False
S2-19,ema_reclaim_microbreak,NZDUSD,2017-02-02 08:00:00+00:00,2017-02-02 08:15:00+00:00,2017-02-02 08:30:00+00:00,1,1.2499999999999287,TP,False
S2-19,ema_reclaim_microbreak,NZDUSD,2017-02-06 08:45:00+00:00,2017-02-06 09:00:00+00:00,2017-02-06 09:15:00+00:00,1,1.2500000000000544,TP,False
S2-19,ema_reclaim_microbreak,NZDUSD,2017-02-08 10:45:00+00:00,2017-02-08 11:00:00+00:00,2017-02-08 12:00:00+00:00,-1,-0.9999999999999548,SL,False
S2-19,ema_reclaim_microbreak,NZDUSD,2017-02-09 11:15:00+00:00,2017-02-09 11:30:00+00:00,2017-02-09 11:45:00+00:00,-1,-0.9999999999999809,SL,False
S2-19,ema_reclaim_microbreak,NZDUSD,2017-02-10 07:15:00+00:00,2017-02-10 07:30:00+00:00,2017-02-10 07:45:00+00:00,-1,1.2499999999999307,TP,False
S2-19,ema_reclaim_microbreak,NZDUSD,2017-02-10 09:00:00+00:00,2017-02-10 09:15:00+00:00,2017-02-10 13:00:00+00:00,-1,0.7831388425815671,TIME,False
S2-19,ema_reclaim_microbreak,NZDUSD,2017-02-16 07:45:00+00:00,2017-02-16 08:00:00+00:00,2017-02-16 08:00:00+00:00,1,1.2500000000000993,TP,False
S2-19,ema_reclaim_microbreak,NZDUSD,2017-02-16 11:45:00+00:00,2017-02-16 12:00:00+00:00,2017-02-16 12:45:00+00:00,1,-1.0,SL,False
S2-19,ema_reclaim_microbreak,NZDUSD,2017-02-21 07:00:00+00:00,2017-02-21 07:15:00+00:00,2017-02-21 07:15:00+00:00,-1,1.2499999999999551,TP,False
S2-19,ema_reclaim_microbreak,NZDUSD,2017-02-23 09:45:00+00:00,2017-02-23 10:00:00+00:00,2017-02-23 10:15:00+00:00,1,-1.0,SL,False
S2-19,ema_reclaim_microbreak,NZDUSD,2017-02-23 11:15:00+00:00,2017-02-23 11:30:00+00:00,2017-02-23 12:15:00+00:00,1,1.250000000000024,TP,False
S2-19,ema_reclaim_microbreak,NZDUSD,2017-02-24 10:15:00+00:00,2017-02-24 10:30:00+00:00,2017-02-24 10:45:00+00:00,1,-1.0000000000000657,SL,False
S2-19,ema_reclaim_microbreak,NZDUSD,2017-02-28 09:45:00+00:00,2017-02-28 10:00:00+00:00,2017-02-28 10:30:00+00:00,-1,-1.0000000000000602,SL,False
S2-19,ema_reclaim_microbreak,NZDUSD,2017-03-01 11:00:00+00:00,2017-03-01 11:15:00+00:00,2017-03-01 11:45:00+00:00,-1,-0.9999999999999629,SL,False
S2-19,ema_reclaim_microbreak,NZDUSD,2017-03-02 08:00:00+00:00,2017-03-02 08:15:00+00:00,2017-03-02 08:15:00+00:00,-1,1.2500000000000788,TP,False
S2-19,ema_reclaim_microbreak,NZDUSD,2017-03-03 07:15:00+00:00,2017-03-03 07:30:00+00:00,2017-03-03 07:45:00+00:00,-1,1.2500000000000775,TP,False
S2-19,ema_reclaim_microbreak,NZDUSD,2017-03-03 09:15:00+00:00,2017-03-03 09:30:00+00:00,2017-03-03 11:15:00+00:00,-1,1.2499999999999762,TP,False
S2-19,ema_reclaim_microbreak,NZDUSD,2017-03-07 07:45:00+00:00,2017-03-07 08:00:00+00:00,2017-03-07 08:30:00+00:00,-1,1.2500000000000615,TP,False
S2-19,ema_reclaim_microbreak,NZDUSD,2017-03-07 11:45:00+00:00,2017-03-07 12:00:00+00:00,2017-03-07 13:30:00+00:00,-1,1.2500000000000648,TP,False
S2-19,ema_reclaim_microbreak,NZDUSD,2017-03-08 07:30:00+00:00,2017-03-08 07:45:00+00:00,2017-03-08 08:00:00+00:00,-1,1.249999999999972,TP,False
S2-19,ema_reclaim_microbreak,NZDUSD,2017-03-09 07:15:00+00:00,2017-03-09 07:30:00+00:00,2017-03-09 07:30:00+00:00,-1,-0.9999999999999417,SL,False
S2-19,ema_reclaim_microbreak,NZDUSD,2017-03-09 09:30:00+00:00,2017-03-09 09:45:00+00:00,2017-03-09 10:00:00+00:00,-1,-1.000000000000022,SL,False
S2-19,ema_reclaim_microbreak,NZDUSD,2017-03-09 10:45:00+00:00,2017-03-09 11:00:00+00:00,2017-03-09 12:15:00+00:00,-1,-1.000000000000025,SL,False
S2-19,ema_reclaim_microbreak,NZDUSD,2017-03-13 10:45:00+00:00,2017-03-13 11:00:00+00:00,2017-03-13 11:30:00+00:00,1,-0.9999999999999437,SL,False
S2-19,ema_reclaim_microbreak,NZDUSD,2017-03-14 11:45:00+00:00,2017-03-14 12:00:00+00:00,2017-03-14 12:00:00+00:00,-1,-0.9999999999999679,SL,False
S2-19,ema_reclaim_microbreak,NZDUSD,2017-03-15 10:45:00+00:00,2017-03-15 11:00:00+00:00,2017-03-15 11:30:00+00:00,1,-1.0,SL,False
S2-19,ema_reclaim_microbreak,NZDUSD,2017-03-16 07:00:00+00:00,2017-03-16 07:15:00+00:00,2017-03-16 07:15:00+00:00,1,1.2499999999999736,TP,False
S2-19,ema_reclaim_microbreak,NZDUSD,2017-03-16 09:15:00+00:00,2017-03-16 09:30:00+00:00,2017-03-16 09:45:00+00:00,1,-1.0000000000000502,SL,False
S2-19,ema_reclaim_microbreak,NZDUSD,2017-03-20 10:45:00+00:00,2017-03-20 11:00:00+00:00,2017-03-20 11:45:00+00:00,1,-0.9999999999999177,SL,False
S2-19,ema_reclaim_microbreak,NZDUSD,2017-03-31 07:30:00+00:00,2017-03-31 07:45:00+00:00,2017-03-31 08:15:00+00:00,-1,-1.000000000000087,SL,False
S2-19,ema_reclaim_microbreak,NZDUSD,2017-04-03 10:30:00+00:00,2017-04-03 10:45:00+00:00,2017-04-03 10:45:00+00:00,-1,-1.0000000000000355,SL,False
S2-19,ema_reclaim_microbreak,NZDUSD,2017-04-03 11:30:00+00:00,2017-04-03 11:45:00+00:00,2017-04-03 11:45:00+00:00,-1,-1.0000000000000795,SL,False
S2-19,ema_reclaim_microbreak,NZDUSD,2017-04-10 11:00:00+00:00,2017-04-10 11:15:00+00:00,2017-04-10 12:00:00+00:00,-1,-1.0000000000000435,SL,False
S2-19,ema_reclaim_microbreak,NZDUSD,2017-04-17 09:00:00+00:00,2017-04-17 09:15:00+00:00,2017-04-17 10:45:00+00:00,1,1.2500000000000737,TP,False
S2-19,ema_reclaim_microbreak,NZDUSD,2017-04-28 09:15:00+00:00,2017-04-28 09:30:00+00:00,2017-04-28 10:00:00+00:00,-1,-1.0,SL,False
S2-19,ema_reclaim_microbreak,NZDUSD,2017-05-02 07:30:00+00:00,2017-05-02 07:45:00+00:00,2017-05-02 08:30:00+00:00,1,-1.000000000000027,SL,False
S2-19,ema_reclaim_microbreak,NZDUSD,2017-05-02 09:00:00+00:00,2017-05-02 09:15:00+00:00,2017-05-02 10:15:00+00:00,1,-1.0000000000000295,SL,False
S2-19,ema_reclaim_microbreak,NZDUSD,2017-05-02 11:00:00+00:00,2017-05-02 11:15:00+00:00,2017-05-02 11:30:00+00:00,1,-1.000000000000072,SL,False
S2-19,ema_reclaim_microbreak,NZDUSD,2017-05-04 10:30:00+00:00,2017-05-04 10:45:00+00:00,2017-05-04 11:30:00+00:00,-1,1.250000000000089,TP,False
S2-19,ema_reclaim_microbreak,NZDUSD,2017-05-11 11:00:00+00:00,2017-05-11 11:15:00+00:00,2017-05-11 12:30:00+00:00,-1,1.25,TP,False
S2-19,ema_reclaim_microbreak,NZDUSD,2017-05-18 07:00:00+00:00,2017-05-18 07:15:00+00:00,2017-05-18 07:45:00+00:00,1,-0.9999999999999706,SL,False
S2-19,ema_reclaim_microbreak,NZDUSD,2017-05-18 08:45:00+00:00,2017-05-18 09:00:00+00:00,2017-05-18 09:30:00+00:00,1,-0.9999999999999214,SL,False
S2-19,ema_reclaim_microbreak,NZDUSD,2017-05-18 11:00:00+00:00,2017-05-18 11:15:00+00:00,2017-05-18 12:30:00+00:00,1,-1.0000000000000446,SL,False
S2-19,ema_reclaim_microbreak,NZDUSD,2017-05-19 08:45:00+00:00,2017-05-19 09:00:00+00:00,2017-05-19 09:00:00+00:00,-1,-1.0,SL,False
S2-19,ema_reclaim_microbreak,NZDUSD,2017-05-19 10:30:00+00:00,2017-05-19 10:45:00+00:00,2017-05-19 12:45:00+00:00,-1,-1.0000000000000842,SL,False
S2-19,ema_reclaim_microbreak,NZDUSD,2017-05-29 07:45:00+00:00,2017-05-29 08:00:00+00:00,2017-05-29 09:45:00+00:00,1,1.2499999999999272,TP,False
S2-19,ema_reclaim_microbreak,NZDUSD,2017-05-31 08:15:00+00:00,2017-05-31 08:30:00+00:00,2017-05-31 09:30:00+00:00,1,1.2500000000000882,TP,False
S2-19,ema_reclaim_microbreak,NZDUSD,2017-06-08 10:15:00+00:00,2017-06-08 10:30:00+00:00,2017-06-08 11:45:00+00:00,1,1.2500000000000326,TP,False
S2-19,ema_reclaim_microbreak,NZDUSD,2017-06-12 10:30:00+00:00,2017-06-12 10:45:00+00:00,2017-06-12 11:00:00+00:00,-1,-0.9999999999999691,SL,False
S2-19,ema_reclaim_microbreak,NZDUSD,2017-06-13 08:15:00+00:00,2017-06-13 08:30:00+00:00,2017-06-13 09:00:00+00:00,1,-0.999999999999963,SL,False
S2-19,ema_reclaim_microbreak,NZDUSD,2017-06-13 11:30:00+00:00,2017-06-13 11:45:00+00:00,2017-06-13 12:30:00+00:00,1,-1.0000000000001394,SL,False
S2-19,ema_reclaim_microbreak,NZDUSD,2017-06-19 09:00:00+00:00,2017-06-19 09:15:00+00:00,2017-06-19 11:15:00+00:00,1,-0.9999999999999761,SL,False
S2-19,ema_reclaim_microbreak,NZDUSD,2017-06-21 07:15:00+00:00,2017-06-21 07:30:00+00:00,2017-06-21 07:30:00+00:00,-1,-1.0000000000000304,SL,False
S2-19,ema_reclaim_microbreak,NZDUSD,2017-06-23 11:00:00+00:00,2017-06-23 11:15:00+00:00,2017-06-23 12:00:00+00:00,1,-0.9999999999999601,SL,False
S2-19,ema_reclaim_microbreak,NZDUSD,2017-06-28 09:00:00+00:00,2017-06-28 09:15:00+00:00,2017-06-28 09:15:00+00:00,-1,1.2499999999999623,TP,False
S2-19,ema_reclaim_microbreak,NZDUSD,2017-06-29 07:00:00+00:00,2017-06-29 07:15:00+00:00,2017-06-29 07:15:00+00:00,1,1.2500000000000928,TP,False
S2-19,ema_reclaim_microbreak,NZDUSD,2017-06-30 07:45:00+00:00,2017-06-30 08:00:00+00:00,2017-06-30 11:00:00+00:00,1,1.25,TP,False
S2-19,ema_reclaim_microbreak,NZDUSD,2017-07-04 08:00:00+00:00,2017-07-04 08:15:00+00:00,2017-07-04 08:15:00+00:00,-1,-0.9999999999999316,SL,False
S2-19,ema_reclaim_microbreak,NZDUSD,2017-07-04 08:30:00+00:00,2017-07-04 08:45:00+00:00,2017-07-04 10:45:00+00:00,-1,-1.0000000000000446,SL,False
S2-19,ema_reclaim_microbreak,NZDUSD,2017-07-10 11:45:00+00:00,2017-07-10 12:00:00+00:00,2017-07-10 12:00:00+00:00,-1,-1.0000000000001013,SL,False
S2-19,ema_reclaim_microbreak,NZDUSD,2017-07-18 08:30:00+00:00,2017-07-18 08:45:00+00:00,2017-07-18 09:30:00+00:00,1,1.249999999999982,TP,False
S2-19,ema_reclaim_microbreak,NZDUSD,2017-07-26 09:45:00+00:00,2017-07-26 10:00:00+00:00,2017-07-26 10:00:00+00:00,-1,-1.0000000000000322,SL,False
S2-19,ema_reclaim_microbreak,NZDUSD,2017-07-27 10:45:00+00:00,2017-07-27 11:00:00+00:00,2017-07-27 11:45:00+00:00,1,-0.9999999999999718,SL,False
S2-19,ema_reclaim_microbreak,NZDUSD,2017-08-02 07:30:00+00:00,2017-08-02 07:45:00+00:00,2017-08-02 08:15:00+00:00,-1,1.25,TP,False
S2-19,ema_reclaim_microbreak,NZDUSD,2017-08-03 07:15:00+00:00,2017-08-03 07:30:00+00:00,2017-08-03 07:30:00+00:00,-1,-0.9999999999998769,SL,False
S2-19,ema_reclaim_microbreak,NZDUSD,2017-08-08 07:45:00+00:00,2017-08-08 08:00:00+00:00,2017-08-08 08:00:00+00:00,-1,-1.0000000000000373,SL,False
S2-19,ema_reclaim_microbreak,NZDUSD,2017-08-09 10:45:00+00:00,2017-08-09 11:00:00+00:00,2017-08-09 11:15:00+00:00,-1,-0.9999999999999682,SL,False
S2-19,ema_reclaim_microbreak,NZDUSD,2017-08-23 11:30:00+00:00,2017-08-23 11:45:00+00:00,2017-08-23 12:45:00+00:00,-1,1.2500000000000484,TP,False
S2-19,ema_reclaim_microbreak,NZDUSD,2017-09-06 09:30:00+00:00,2017-09-06 09:45:00+00:00,2017-09-06 10:00:00+00:00,1,-0.9999999999999739,SL,False
S2-19,ema_reclaim_microbreak,NZDUSD,2017-09-08 10:00:00+00:00,2017-09-08 10:15:00+00:00,2017-09-08 10:45:00+00:00,1,1.250000000000036,TP,False
S2-19,ema_reclaim_microbreak,NZDUSD,2017-09-14 08:00:00+00:00,2017-09-14 08:15:00+00:00,2017-09-14 11:15:00+00:00,-1,1.2499999999999591,TP,False
S2-19,ema_reclaim_microbreak,NZDUSD,2017-09-25 09:30:00+00:00,2017-09-25 09:45:00+00:00,2017-09-25 13:30:00+00:00,-1,1.250000000000034,TP,False
S2-19,ema_reclaim_microbreak,NZDUSD,2017-09-27 08:15:00+00:00,2017-09-27 08:30:00+00:00,2017-09-27 10:00:00+00:00,-1,-0.9999999999999776,SL,False
S2-19,ema_reclaim_microbreak,NZDUSD,2017-09-28 08:30:00+00:00,2017-09-28 08:45:00+00:00,2017-09-28 10:45:00+00:00,-1,-0.9999999999999875,SL,False
S2-19,ema_reclaim_microbreak,NZDUSD,2017-10-03 08:15:00+00:00,2017-10-03 08:30:00+00:00,2017-10-03 10:30:00+00:00,-1,-1.0,SL,False
S2-19,ema_reclaim_microbreak,NZDUSD,2017-10-05 09:00:00+00:00,2017-10-05 09:15:00+00:00,2017-10-05 09:15:00+00:00,-1,-1.0,SL,False
S2-19,ema_reclaim_microbreak,NZDUSD,2017-10-05 09:45:00+00:00,2017-10-05 10:00:00+00:00,2017-10-05 11:45:00+00:00,-1,1.2500000000000238,TP,False
S2-19,ema_reclaim_microbreak,NZDUSD,2017-10-09 09:00:00+00:00,2017-10-09 09:15:00+00:00,2017-10-09 09:15:00+00:00,-1,-1.0,SL,False
S2-19,ema_reclaim_microbreak,NZDUSD,2017-10-17 10:30:00+00:00,2017-10-17 10:45:00+00:00,2017-10-17 12:30:00+00:00,1,-0.9999999999999727,SL,False
S2-19,ema_reclaim_microbreak,NZDUSD,2017-10-23 11:15:00+00:00,2017-10-23 11:30:00+00:00,2017-10-23 11:45:00+00:00,-1,-1.0000000000000804,SL,False
S2-19,ema_reclaim_microbreak,NZDUSD,2017-10-25 07:15:00+00:00,2017-10-25 07:30:00+00:00,2017-10-25 08:00:00+00:00,-1,1.2500000000000224,TP,False
S2-19,ema_reclaim_microbreak,NZDUSD,2017-11-02 07:00:00+00:00,2017-11-02 07:15:00+00:00,2017-11-02 07:30:00+00:00,1,-1.0,SL,False
S2-19,ema_reclaim_microbreak,NZDUSD,2017-11-06 09:45:00+00:00,2017-11-06 10:00:00+00:00,2017-11-06 10:30:00+00:00,-1,-1.0000000000000284,SL,False
S2-19,ema_reclaim_microbreak,NZDUSD,2017-11-16 07:00:00+00:00,2017-11-16 07:15:00+00:00,2017-11-16 07:15:00+00:00,-1,-0.9999999999999062,SL,False
S2-19,ema_reclaim_microbreak,NZDUSD,2017-11-16 09:00:00+00:00,2017-11-16 09:15:00+00:00,2017-11-16 10:30:00+00:00,-1,1.2500000000000675,TP,False
S2-19,ema_reclaim_microbreak,NZDUSD,2017-11-21 07:45:00+00:00,2017-11-21 08:00:00+00:00,2017-11-21 08:15:00+00:00,-1,-0.9999999999999643,SL,True
S2-19,ema_reclaim_microbreak,NZDUSD,2017-11-28 08:15:00+00:00,2017-11-28 08:30:00+00:00,2017-11-28 08:30:00+00:00,1,-1.0000000000000728,SL,False
S2-19,ema_reclaim_microbreak,NZDUSD,2017-11-28 10:30:00+00:00,2017-11-28 10:45:00+00:00,2017-11-28 13:30:00+00:00,1,1.25,TP,False
S2-19,ema_reclaim_microbreak,NZDUSD,2017-11-29 11:15:00+00:00,2017-11-29 11:30:00+00:00,2017-11-29 11:30:00+00:00,1,-1.0,SL,False
S2-19,ema_reclaim_microbreak,NZDUSD,2017-12-01 07:00:00+00:00,2017-12-01 07:15:00+00:00,2017-12-01 07:30:00+00:00,-1,-0.9999999999999268,SL,False
S2-19,ema_reclaim_microbreak,NZDUSD,2017-12-06 09:15:00+00:00,2017-12-06 09:30:00+00:00,2017-12-06 09:30:00+00:00,1,-0.9999999999999748,SL,False
S2-19,ema_reclaim_microbreak,NZDUSD,2017-12-06 10:00:00+00:00,2017-12-06 10:15:00+00:00,2017-12-06 10:45:00+00:00,1,-1.0000000000000449,SL,False
S2-19,ema_reclaim_microbreak,NZDUSD,2017-12-11 11:45:00+00:00,2017-12-11 12:00:00+00:00,2017-12-11 13:15:00+00:00,1,-1.0,SL,False
S2-19,ema_reclaim_microbreak,NZDUSD,2017-12-12 10:45:00+00:00,2017-12-12 11:00:00+00:00,2017-12-12 12:00:00+00:00,1,-0.9999999999999165,SL,False
S2-19,ema_reclaim_microbreak,NZDUSD,2017-12-13 08:00:00+00:00,2017-12-13 08:15:00+00:00,2017-12-13 09:15:00+00:00,1,-1.0,SL,False
S2-19,ema_reclaim_microbreak,NZDUSD,2017-12-13 11:15:00+00:00,2017-12-13 11:30:00+00:00,2017-12-13 13:00:00+00:00,1,1.25,TP,False
S2-19,ema_reclaim_microbreak,NZDUSD,2017-12-14 08:00:00+00:00,2017-12-14 08:15:00+00:00,2017-12-14 08:30:00+00:00,1,-0.9999999999999142,SL,False
S2-19,ema_reclaim_microbreak,NZDUSD,2017-12-15 10:15:00+00:00,2017-12-15 10:30:00+00:00,2017-12-15 10:45:00+00:00,1,1.250000000000054,TP,False
S2-19,ema_reclaim_microbreak,NZDUSD,2017-12-21 09:15:00+00:00,2017-12-21 09:30:00+00:00,2017-12-21 11:00:00+00:00,1,-1.0000000000001044,SL,False
S2-19,ema_reclaim_microbreak,NZDUSD,2017-12-22 08:00:00+00:00,2017-12-22 08:15:00+00:00,2017-12-22 08:30:00+00:00,1,1.2499999999998894,TP,False
S2-19,ema_reclaim_microbreak,NZDUSD,2018-01-02 10:30:00+00:00,2018-01-02 10:45:00+00:00,2018-01-02 11:00:00+00:00,1,-0.9999999999999056,SL,False
S2-19,ema_reclaim_microbreak,NZDUSD,2018-01-03 07:00:00+00:00,2018-01-03 07:15:00+00:00,2018-01-03 07:15:00+00:00,-1,-1.000000000000093,SL,False
S2-19,ema_reclaim_microbreak,NZDUSD,2018-01-05 07:15:00+00:00,2018-01-05 07:30:00+00:00,2018-01-05 07:30:00+00:00,1,-1.0000000000001212,SL,False
S2-19,ema_reclaim_microbreak,NZDUSD,2018-01-05 08:00:00+00:00,2018-01-05 08:15:00+00:00,2018-01-05 08:30:00+00:00,1,-1.0,SL,False
S2-19,ema_reclaim_microbreak,NZDUSD,2018-01-05 10:00:00+00:00,2018-01-05 10:15:00+00:00,2018-01-05 10:30:00+00:00,1,-1.0000000000000333,SL,False
S2-19,ema_reclaim_microbreak,NZDUSD,2018-01-05 11:30:00+00:00,2018-01-05 11:45:00+00:00,2018-01-05 12:45:00+00:00,1,-0.999999999999891,SL,False
S2-19,ema_reclaim_microbreak,NZDUSD,2018-01-10 10:30:00+00:00,2018-01-10 10:45:00+00:00,2018-01-10 10:45:00+00:00,1,-1.0000000000000138,SL,False
S2-19,ema_reclaim_microbreak,NZDUSD,2018-01-11 07:45:00+00:00,2018-01-11 08:00:00+00:00,2018-01-11 08:30:00+00:00,1,1.250000000000027,TP,False
S2-19,ema_reclaim_microbreak,NZDUSD,2018-01-12 07:00:00+00:00,2018-01-12 07:15:00+00:00,2018-01-12 07:15:00+00:00,1,-0.9999999999999677,SL,False
S2-19,ema_reclaim_microbreak,NZDUSD,2018-01-12 08:30:00+00:00,2018-01-12 08:45:00+00:00,2018-01-12 09:00:00+00:00,1,1.2500000000000233,TP,False
S2-19,ema_reclaim_microbreak,NZDUSD,2018-01-18 07:30:00+00:00,2018-01-18 07:45:00+00:00,2018-01-18 08:00:00+00:00,1,1.2500000000000595,TP,False
S2-19,ema_reclaim_microbreak,NZDUSD,2018-01-18 10:15:00+00:00,2018-01-18 10:30:00+00:00,2018-01-18 12:00:00+00:00,1,1.2499999999999791,TP,False
S2-19,ema_reclaim_microbreak,NZDUSD,2018-01-23 09:00:00+00:00,2018-01-23 09:15:00+00:00,2018-01-23 11:45:00+00:00,1,-1.00000000000004,SL,False
S2-19,ema_reclaim_microbreak,NZDUSD,2018-01-24 07:15:00+00:00,2018-01-24 07:30:00+00:00,2018-01-24 08:30:00+00:00,1,1.25,TP,False
S2-19,ema_reclaim_microbreak,NZDUSD,2018-01-29 10:45:00+00:00,2018-01-29 11:00:00+00:00,2018-01-29 11:45:00+00:00,-1,-0.999999999999961,SL,False
S2-19,ema_reclaim_microbreak,NZDUSD,2018-02-07 08:15:00+00:00,2018-02-07 08:30:00+00:00,2018-02-07 09:00:00+00:00,1,-1.0000000000000364,SL,False
S2-19,ema_reclaim_microbreak,NZDUSD,2018-02-08 08:15:00+00:00,2018-02-08 08:30:00+00:00,2018-02-08 09:15:00+00:00,-1,-1.0000000000000155,SL,False
S2-19,ema_reclaim_microbreak,NZDUSD,2018-02-08 09:30:00+00:00,2018-02-08 09:45:00+00:00,2018-02-08 10:15:00+00:00,-1,-0.9999999999999853,SL,False
S2-19,ema_reclaim_microbreak,NZDUSD,2018-02-08 11:30:00+00:00,2018-02-08 11:45:00+00:00,2018-02-08 12:00:00+00:00,-1,-1.0000000000000282,SL,False
S2-19,ema_reclaim_microbreak,NZDUSD,2018-02-14 09:45:00+00:00,2018-02-14 10:00:00+00:00,2018-02-14 10:30:00+00:00,1,1.2500000000000269,TP,False
S2-19,ema_reclaim_microbreak,NZDUSD,2018-02-16 08:00:00+00:00,2018-02-16 08:15:00+00:00,2018-02-16 09:00:00+00:00,1,1.25,TP,False
S2-19,ema_reclaim_microbreak,NZDUSD,2018-02-20 07:30:00+00:00,2018-02-20 07:45:00+00:00,2018-02-20 08:15:00+00:00,-1,1.250000000000026,TP,False
S2-19,ema_reclaim_microbreak,NZDUSD,2018-02-23 09:15:00+00:00,2018-02-23 09:30:00+00:00,2018-02-23 10:45:00+00:00,-1,1.2500000000000433,TP,False
S2-19,ema_reclaim_microbreak,NZDUSD,2018-02-27 08:30:00+00:00,2018-02-27 08:45:00+00:00,2018-02-27 08:45:00+00:00,-1,-1.0000000000000306,SL,False
S2-19,ema_reclaim_microbreak,NZDUSD,2018-02-27 10:45:00+00:00,2018-02-27 11:00:00+00:00,2018-02-27 13:00:00+00:00,-1,1.2500000000000844,TP,False
S2-19,ema_reclaim_microbreak,NZDUSD,2018-02-28 09:00:00+00:00,2018-02-28 09:15:00+00:00,2018-02-28 09:30:00+00:00,-1,1.2499999999999463,TP,False
S2-19,ema_reclaim_microbreak,NZDUSD,2018-03-07 08:00:00+00:00,2018-03-07 08:15:00+00:00,2018-03-07 08:15:00+00:00,1,-1.0,SL,False
S2-19,ema_reclaim_microbreak,NZDUSD,2018-03-12 07:15:00+00:00,2018-03-12 07:30:00+00:00,2018-03-12 08:15:00+00:00,1,-0.9999999999998812,SL,False
S2-19,ema_reclaim_microbreak,NZDUSD,2018-03-12 09:15:00+00:00,2018-03-12 09:30:00+00:00,2018-03-12 09:30:00+00:00,1,-1.0,SL,False
S2-19,ema_reclaim_microbreak,NZDUSD,2018-03-13 11:45:00+00:00,2018-03-13 12:00:00+00:00,2018-03-13 12:00:00+00:00,1,1.250000000000059,TP,False
S2-19,ema_reclaim_microbreak,NZDUSD,2018-03-14 07:15:00+00:00,2018-03-14 07:30:00+00:00,2018-03-14 07:30:00+00:00,1,-0.9999999999999625,SL,False
S2-19,ema_reclaim_microbreak,NZDUSD,2018-03-16 08:15:00+00:00,2018-03-16 08:30:00+00:00,2018-03-16 09:15:00+00:00,-1,-0.9999999999999709,SL,False
S2-19,ema_reclaim_microbreak,NZDUSD,2018-03-16 09:45:00+00:00,2018-03-16 10:00:00+00:00,2018-03-16 11:15:00+00:00,-1,1.250000000000078,TP,False
S2-19,ema_reclaim_microbreak,NZDUSD,2018-03-21 07:45:00+00:00,2018-03-21 08:00:00+00:00,2018-03-21 08:15:00+00:00,-1,1.2499999999998825,TP,False
S2-19,ema_reclaim_microbreak,NZDUSD,2018-03-22 07:00:00+00:00,2018-03-22 07:15:00+00:00,2018-03-22 07:30:00+00:00,1,1.2500000000001155,TP,False
S2-19,ema_reclaim_microbreak,NZDUSD,2018-03-22 10:30:00+00:00,2018-03-22 10:45:00+00:00,2018-03-22 11:30:00+00:00,1,-1.0000000000000568,SL,False
S2-19,ema_reclaim_microbreak,NZDUSD,2018-03-29 08:45:00+00:00,2018-03-29 09:00:00+00:00,2018-03-29 11:15:00+00:00,-1,-1.0000000000000462,SL,False
S2-19,ema_reclaim_microbreak,NZDUSD,2018-03-30 11:00:00+00:00,2018-03-30 11:15:00+00:00,2018-03-30 11:45:00+00:00,1,-0.9999999999999112,SL,False
S2-19,ema_reclaim_microbreak,NZDUSD,2018-04-04 08:15:00+00:00,2018-04-04 08:30:00+00:00,2018-04-04 08:30:00+00:00,1,-0.9999999999999544,SL,False
S2-19,ema_reclaim_microbreak,NZDUSD,2018-04-11 07:15:00+00:00,2018-04-11 07:30:00+00:00,2018-04-11 10:15:00+00:00,1,1.2500000000000366,TP,False
S2-19,ema_reclaim_microbreak,NZDUSD,2018-04-12 09:45:00+00:00,2018-04-12 10:00:00+00:00,2018-04-12 12:15:00+00:00,1,-1.000000000000078,SL,False
S2-19,ema_reclaim_microbreak,NZDUSD,2018-04-17 07:45:00+00:00,2018-04-17 08:00:00+00:00,2018-04-17 08:45:00+00:00,-1,-1.0000000000000744,SL,False
S2-19,ema_reclaim_microbreak,NZDUSD,2018-04-20 11:30:00+00:00,2018-04-20 11:45:00+00:00,2018-04-20 12:00:00+00:00,-1,-1.0000000000001035,SL,False
S2-19,ema_reclaim_microbreak,NZDUSD,2018-04-25 10:15:00+00:00,2018-04-25 10:30:00+00:00,2018-04-25 11:15:00+00:00,-1,1.25,TP,False
S2-19,ema_reclaim_microbreak,NZDUSD,2018-04-27 11:00:00+00:00,2018-04-27 11:15:00+00:00,2018-04-27 11:30:00+00:00,-1,-0.999999999999918,SL,False
S2-19,ema_reclaim_microbreak,NZDUSD,2018-04-27 11:45:00+00:00,2018-04-27 12:00:00+00:00,2018-04-27 12:30:00+00:00,-1,1.249999999999943,TP,False
S2-19,ema_reclaim_microbreak,NZDUSD,2018-05-10 10:00:00+00:00,2018-05-10 10:15:00+00:00,2018-05-10 10:30:00+00:00,-1,-1.0000000000000493,SL,False
S2-19,ema_reclaim_microbreak,NZDUSD,2018-05-10 11:00:00+00:00,2018-05-10 11:15:00+00:00,2018-05-10 11:15:00+00:00,-1,-1.000000000000075,SL,False
S2-19,ema_reclaim_microbreak,NZDUSD,2018-05-14 09:45:00+00:00,2018-05-14 10:00:00+00:00,2018-05-14 10:30:00+00:00,-1,1.250000000000062,TP,False
S2-19,ema_reclaim_microbreak,NZDUSD,2018-05-22 11:30:00+00:00,2018-05-22 11:45:00+00:00,2018-05-22 11:45:00+00:00,1,-1.0,SL,False
S2-19,ema_reclaim_microbreak,NZDUSD,2018-05-23 09:30:00+00:00,2018-05-23 09:45:00+00:00,2018-05-23 09:45:00+00:00,-1,-0.9999999999999544,SL,False
S2-19,ema_reclaim_microbreak,NZDUSD,2018-05-23 11:00:00+00:00,2018-05-23 11:15:00+00:00,2018-05-23 12:45:00+00:00,-1,1.249999999999977,TP,False
S2-19,ema_reclaim_microbreak,NZDUSD,2018-05-28 09:30:00+00:00,2018-05-28 09:45:00+00:00,2018-05-28 10:00:00+00:00,1,-1.0000000000000329,SL,False
S2-19,ema_reclaim_microbreak,NZDUSD,2018-05-28 10:30:00+00:00,2018-05-28 10:45:00+00:00,2018-05-28 11:45:00+00:00,1,-1.0,SL,False
S2-19,ema_reclaim_microbreak,NZDUSD,2018-06-06 11:00:00+00:00,2018-06-06 11:15:00+00:00,2018-06-06 12:30:00+00:00,1,1.2500000000000617,TP,False
S2-19,ema_reclaim_microbreak,NZDUSD,2018-06-07 09:00:00+00:00,2018-06-07 09:15:00+00:00,2018-06-07 11:00:00+00:00,1,-1.0000000000000293,SL,False
S2-19,ema_reclaim_microbreak,NZDUSD,2018-06-13 07:30:00+00:00,2018-06-13 07:45:00+00:00,2018-06-13 08:30:00+00:00,-1,-1.0000000000001152,SL,False
S2-19,ema_reclaim_microbreak,NZDUSD,2018-06-14 10:00:00+00:00,2018-06-14 10:15:00+00:00,2018-06-14 11:30:00+00:00,1,-1.0000000000000686,SL,False
S2-19,ema_reclaim_microbreak,NZDUSD,2018-06-15 08:30:00+00:00,2018-06-15 08:45:00+00:00,2018-06-15 09:00:00+00:00,-1,-0.9999999999999345,SL,False
S2-19,ema_reclaim_microbreak,NZDUSD,2018-06-15 10:00:00+00:00,2018-06-15 10:15:00+00:00,2018-06-15 10:45:00+00:00,-1,-0.9999999999999362,SL,False
S2-19,ema_reclaim_microbreak,NZDUSD,2018-06-21 08:00:00+00:00,2018-06-21 08:15:00+00:00,2018-06-21 10:00:00+00:00,-1,-0.9999999999999609,SL,False
S2-19,ema_reclaim_microbreak,NZDUSD,2018-06-27 07:45:00+00:00,2018-06-27 08:00:00+00:00,2018-06-27 08:30:00+00:00,-1,1.2500000000000686,TP,False
S2-19,ema_reclaim_microbreak,NZDUSD,2018-06-27 10:30:00+00:00,2018-06-27 10:45:00+00:00,2018-06-27 11:30:00+00:00,-1,1.249999999999923,TP,False
S2-19,ema_reclaim_microbreak,NZDUSD,2018-06-28 11:00:00+00:00,2018-06-28 11:15:00+00:00,2018-06-28 12:30:00+00:00,-1,1.2499999999999372,TP,False
S2-19,ema_reclaim_microbreak,NZDUSD,2018-07-04 09:30:00+00:00,2018-07-04 09:45:00+00:00,2018-07-04 09:45:00+00:00,1,-1.0000000000000515,SL,False
S2-19,ema_reclaim_microbreak,NZDUSD,2018-07-09 07:45:00+00:00,2018-07-09 08:00:00+00:00,2018-07-09 09:00:00+00:00,1,-1.0000000000000322,SL,False
S2-19,ema_reclaim_microbreak,NZDUSD,2018-07-09 09:15:00+00:00,2018-07-09 09:30:00+00:00,2018-07-09 10:45:00+00:00,1,1.2499999999999711,TP,False
S2-19,ema_reclaim_microbreak,NZDUSD,2018-07-11 07:00:00+00:00,2018-07-11 07:15:00+00:00,2018-07-11 07:15:00+00:00,-1,-1.0000000000000353,SL,False
S2-19,ema_reclaim_microbreak,NZDUSD,2018-07-12 09:30:00+00:00,2018-07-12 09:45:00+00:00,2018-07-12 11:00:00+00:00,-1,1.250000000000084,TP,False
S2-19,ema_reclaim_microbreak,NZDUSD,2018-07-18 09:30:00+00:00,2018-07-18 09:45:00+00:00,2018-07-18 10:00:00+00:00,-1,-1.0000000000000637,SL,False
S2-19,ema_reclaim_microbreak,NZDUSD,2018-07-18 11:30:00+00:00,2018-07-18 11:45:00+00:00,2018-07-18 12:30:00+00:00,-1,-1.000000000000025,SL,False
S2-19,ema_reclaim_microbreak,NZDUSD,2018-07-23 07:15:00+00:00,2018-07-23 07:30:00+00:00,2018-07-23 08:30:00+00:00,1,-0.9999999999999681,SL,False
S2-19,ema_reclaim_microbreak,NZDUSD,2018-07-23 11:30:00+00:00,2018-07-23 11:45:00+00:00,2018-07-23 12:15:00+00:00,1,-1.000000000000035,SL,False
S2-19,ema_reclaim_microbreak,NZDUSD,2018-07-27 07:45:00+00:00,2018-07-27 08:00:00+00:00,2018-07-27 08:15:00+00:00,-1,1.2499999999999074,TP,False
S2-19,ema_reclaim_microbreak,NZDUSD,2018-07-30 09:00:00+00:00,2018-07-30 09:15:00+00:00,2018-07-30 10:15:00+00:00,1,1.2499999999999336,TP,False
S2-19,ema_reclaim_microbreak,NZDUSD,2018-08-01 07:45:00+00:00,2018-08-01 08:00:00+00:00,2018-08-01 08:15:00+00:00,-1,-0.9999999999998876,SL,False
S2-19,ema_reclaim_microbreak,NZDUSD,2018-08-01 08:45:00+00:00,2018-08-01 09:00:00+00:00,2018-08-01 09:45:00+00:00,-1,-1.0,SL,False
S2-19,ema_reclaim_microbreak,NZDUSD,2018-08-06 08:00:00+00:00,2018-08-06 08:15:00+00:00,2018-08-06 08:30:00+00:00,-1,-1.0000000000000686,SL,False
S2-19,ema_reclaim_microbreak,NZDUSD,2018-08-06 10:00:00+00:00,2018-08-06 10:15:00+00:00,2018-08-06 11:15:00+00:00,-1,1.25,TP,False
S2-19,ema_reclaim_microbreak,NZDUSD,2018-08-13 07:30:00+00:00,2018-08-13 07:45:00+00:00,2018-08-13 07:45:00+00:00,-1,-1.0000000000000449,SL,False
S2-19,ema_reclaim_microbreak,NZDUSD,2018-08-13 09:00:00+00:00,2018-08-13 09:15:00+00:00,2018-08-13 09:30:00+00:00,-1,-1.0000000000000708,SL,False
S2-19,ema_reclaim_microbreak,NZDUSD,2018-08-15 07:45:00+00:00,2018-08-15 08:00:00+00:00,2018-08-15 08:15:00+00:00,-1,-1.000000000000088,SL,False
S2-19,ema_reclaim_microbreak,NZDUSD,2018-08-15 10:00:00+00:00,2018-08-15 10:15:00+00:00,2018-08-15 12:00:00+00:00,-1,-1.0,SL,False
S2-19,ema_reclaim_microbreak,NZDUSD,2018-08-16 11:15:00+00:00,2018-08-16 11:30:00+00:00,2018-08-16 11:30:00+00:00,1,-1.0000000000000602,SL,False
S2-19,ema_reclaim_microbreak,NZDUSD,2018-08-17 07:30:00+00:00,2018-08-17 07:45:00+00:00,2018-08-17 08:00:00+00:00,1,1.2499999999999596,TP,False
S2-19,ema_reclaim_microbreak,NZDUSD,2018-08-17 10:15:00+00:00,2018-08-17 10:30:00+00:00,2018-08-17 12:00:00+00:00,1,-0.9999999999999413,SL,False
S2-19,ema_reclaim_microbreak,NZDUSD,2018-08-24 08:45:00+00:00,2018-08-24 09:00:00+00:00,2018-08-24 09:45:00+00:00,-1,-0.9999999999999032,SL,False
S2-19,ema_reclaim_microbreak,NZDUSD,2018-08-30 08:15:00+00:00,2018-08-30 08:30:00+00:00,2018-08-30 09:00:00+00:00,-1,-0.9999999999999271,SL,False
S2-19,ema_reclaim_microbreak,NZDUSD,2018-08-30 10:45:00+00:00,2018-08-30 11:00:00+00:00,2018-08-30 11:45:00+00:00,-1,-0.9999999999999136,SL,False
S2-19,ema_reclaim_microbreak,NZDUSD,2018-09-03 07:15:00+00:00,2018-09-03 07:30:00+00:00,2018-09-03 07:30:00+00:00,-1,-1.000000000000039,SL,False
S2-19,ema_reclaim_microbreak,NZDUSD,2018-09-03 09:30:00+00:00,2018-09-03 09:45:00+00:00,2018-09-03 12:30:00+00:00,-1,-1.0000000000000835,SL,False
S2-19,ema_reclaim_microbreak,NZDUSD,2018-09-06 10:00:00+00:00,2018-09-06 10:15:00+00:00,2018-09-06 12:15:00+00:00,1,1.2500000000000733,TP,False
S2-19,ema_reclaim_microbreak,NZDUSD,2018-09-07 09:30:00+00:00,2018-09-07 09:45:00+00:00,2018-09-07 10:45:00+00:00,-1,-0.9999999999999039,SL,False
S2-19,ema_reclaim_microbreak,NZDUSD,2018-09-13 08:15:00+00:00,2018-09-13 08:30:00+00:00,2018-09-13 08:45:00+00:00,1,-0.9999999999999545,SL,False
S2-19,ema_reclaim_microbreak,NZDUSD,2018-09-18 11:30:00+00:00,2018-09-18 11:45:00+00:00,2018-09-18 12:00:00+00:00,1,-1.0000000000000353,SL,False
S2-19,ema_reclaim_microbreak,NZDUSD,2018-09-25 07:45:00+00:00,2018-09-25 08:00:00+00:00,2018-09-25 08:45:00+00:00,-1,-1.0000000000000728,SL,False
S2-19,ema_reclaim_microbreak,NZDUSD,2018-09-28 09:00:00+00:00,2018-09-28 09:15:00+00:00,2018-09-28 10:00:00+00:00,-1,-1.0000000000000793,SL,False
S2-19,ema_reclaim_microbreak,NZDUSD,2018-09-28 10:45:00+00:00,2018-09-28 11:00:00+00:00,2018-09-28 11:00:00+00:00,-1,-0.9999999999998773,SL,False
S2-19,ema_reclaim_microbreak,NZDUSD,2018-10-01 10:00:00+00:00,2018-10-01 10:15:00+00:00,2018-10-01 11:00:00+00:00,-1,1.2500000000000402,TP,False
S2-19,ema_reclaim_microbreak,NZDUSD,2018-10-04 08:00:00+00:00,2018-10-04 08:15:00+00:00,2018-10-04 08:30:00+00:00,-1,1.2500000000000777,TP,False
S2-19,ema_reclaim_microbreak,NZDUSD,2018-10-04 10:15:00+00:00,2018-10-04 10:30:00+00:00,2018-10-04 11:45:00+00:00,-1,-0.9999999999999682,SL,False
S2-19,ema_reclaim_microbreak,NZDUSD,2018-10-12 09:45:00+00:00,2018-10-12 10:00:00+00:00,2018-10-12 10:00:00+00:00,1,-0.999999999999963,SL,False
S2-19,ema_reclaim_microbreak,NZDUSD,2018-10-16 07:15:00+00:00,2018-10-16 07:30:00+00:00,2018-10-16 08:00:00+00:00,1,1.2500000000000384,TP,False
S2-19,ema_reclaim_microbreak,NZDUSD,2018-10-30 08:15:00+00:00,2018-10-30 08:30:00+00:00,2018-10-30 08:45:00+00:00,1,-0.9999999999999695,SL,False
S2-19,ema_reclaim_microbreak,NZDUSD,2018-10-30 10:30:00+00:00,2018-10-30 10:45:00+00:00,2018-10-30 10:45:00+00:00,1,-1.000000000000109,SL,False
S2-19,ema_reclaim_microbreak,NZDUSD,2018-11-02 09:15:00+00:00,2018-11-02 09:30:00+00:00,2018-11-02 10:15:00+00:00,1,1.250000000000026,TP,False
S2-19,ema_reclaim_microbreak,NZDUSD,2018-11-07 07:15:00+00:00,2018-11-07 07:30:00+00:00,2018-11-07 07:45:00+00:00,1,-0.9999999999999439,SL,False
S2-19,ema_reclaim_microbreak,NZDUSD,2018-11-07 08:00:00+00:00,2018-11-07 08:15:00+00:00,2018-11-07 08:45:00+00:00,1,1.249999999999981,TP,False
S2-19,ema_reclaim_microbreak,NZDUSD,2018-11-08 07:45:00+00:00,2018-11-08 08:00:00+00:00,2018-11-08 08:15:00+00:00,1,-1.0000000000000777,SL,False
S2-19,ema_reclaim_microbreak,NZDUSD,2018-11-08 08:30:00+00:00,2018-11-08 08:45:00+00:00,2018-11-08 08:45:00+00:00,1,-0.9999999999999502,SL,False
S2-19,ema_reclaim_microbreak,NZDUSD,2018-11-09 09:45:00+00:00,2018-11-09 10:00:00+00:00,2018-11-09 10:00:00+00:00,-1,-1.0,SL,False
S2-19,ema_reclaim_microbreak,NZDUSD,2018-11-14 11:30:00+00:00,2018-11-14 11:45:00+00:00,2018-11-14 12:45:00+00:00,1,1.2500000000000333,TP,False
S2-19,ema_reclaim_microbreak,NZDUSD,2018-11-20 11:15:00+00:00,2018-11-20 11:30:00+00:00,2018-11-20 12:30:00+00:00,1,-0.9999999999999304,SL,False
S2-19,ema_reclaim_microbreak,NZDUSD,2018-11-28 07:30:00+00:00,2018-11-28 07:45:00+00:00,2018-11-28 07:45:00+00:00,1,-0.9999999999999565,SL,False
S2-19,ema_reclaim_microbreak,NZDUSD,2018-11-30 11:00:00+00:00,2018-11-30 11:15:00+00:00,2018-11-30 12:00:00+00:00,1,-0.9999999999999283,SL,False
S2-19,ema_reclaim_microbreak,NZDUSD,2018-12-06 09:45:00+00:00,2018-12-06 10:00:00+00:00,2018-12-06 10:45:00+00:00,-1,1.2499999999999538,TP,False
S2-19,ema_reclaim_microbreak,NZDUSD,2018-12-19 09:30:00+00:00,2018-12-19 09:45:00+00:00,2018-12-19 10:00:00+00:00,1,-1.0000000000001155,SL,False
S2-19,ema_reclaim_microbreak,NZDUSD,2018-12-24 07:45:00+00:00,2018-12-24 08:00:00+00:00,2018-12-24 08:00:00+00:00,-1,-0.9999999999998916,SL,False
S2-19,ema_reclaim_microbreak,NZDUSD,2018-12-24 08:30:00+00:00,2018-12-24 08:45:00+00:00,2018-12-24 09:00:00+00:00,-1,-1.0000000000000917,SL,False
S2-19,ema_reclaim_microbreak,NZDUSD,2018-12-27 09:00:00+00:00,2018-12-27 09:15:00+00:00,2018-12-27 11:15:00+00:00,-1,-1.0000000000000662,SL,False
S2-19,ema_reclaim_microbreak,NZDUSD,2019-01-03 10:00:00+00:00,2019-01-03 10:15:00+00:00,2019-01-03 13:00:00+00:00,-1,-0.9999999999999303,SL,False
S2-19,ema_reclaim_microbreak,NZDUSD,2019-01-04 07:00:00+00:00,2019-01-04 07:15:00+00:00,2019-01-04 07:30:00+00:00,1,-0.9999999999999678,SL,False
S2-19,ema_reclaim_microbreak,NZDUSD,2019-01-04 08:00:00+00:00,2019-01-04 08:15:00+00:00,2019-01-04 08:30:00+00:00,1,-1.0,SL,False
S2-19,ema_reclaim_microbreak,NZDUSD,2019-01-07 07:00:00+00:00,2019-01-07 07:15:00+00:00,2019-01-07 07:15:00+00:00,1,-0.9999999999999302,SL,False
S2-19,ema_reclaim_microbreak,NZDUSD,2019-01-07 07:45:00+00:00,2019-01-07 08:00:00+00:00,2019-01-07 08:15:00+00:00,1,1.2500000000001066,TP,False
S2-19,ema_reclaim_microbreak,NZDUSD,2019-01-07 11:15:00+00:00,2019-01-07 11:30:00+00:00,2019-01-07 11:30:00+00:00,1,-0.999999999999931,SL,False
S2-19,ema_reclaim_microbreak,NZDUSD,2019-01-09 10:00:00+00:00,2019-01-09 10:15:00+00:00,2019-01-09 10:30:00+00:00,1,-1.0000000000000941,SL,False
S2-19,ema_reclaim_microbreak,NZDUSD,2019-01-17 09:45:00+00:00,2019-01-17 10:00:00+00:00,2019-01-17 12:15:00+00:00,-1,-1.0,SL,False
S2-19,ema_reclaim_microbreak,NZDUSD,2019-01-21 08:45:00+00:00,2019-01-21 09:00:00+00:00,2019-01-21 09:15:00+00:00,-1,1.2499999999999356,TP,False
S2-19,ema_reclaim_microbreak,NZDUSD,2019-01-25 09:45:00+00:00,2019-01-25 10:00:00+00:00,2019-01-25 11:45:00+00:00,1,1.25,TP,False
S2-19,ema_reclaim_microbreak,NZDUSD,2019-01-28 10:00:00+00:00,2019-01-28 10:15:00+00:00,2019-01-28 11:15:00+00:00,1,-1.0000000000000915,SL,False
S2-19,ema_reclaim_microbreak,NZDUSD,2019-01-31 07:15:00+00:00,2019-01-31 07:30:00+00:00,2019-01-31 07:45:00+00:00,1,-0.9999999999999707,SL,False
S2-19,ema_reclaim_microbreak,NZDUSD,2019-01-31 11:00:00+00:00,2019-01-31 11:15:00+00:00,2019-01-31 12:15:00+00:00,1,1.2499999999999756,TP,False
S2-19,ema_reclaim_microbreak,NZDUSD,2019-02-01 07:45:00+00:00,2019-02-01 08:00:00+00:00,2019-02-01 08:00:00+00:00,1,-1.0000000000000806,SL,False
S2-19,ema_reclaim_microbreak,NZDUSD,2019-02-04 10:45:00+00:00,2019-02-04 11:00:00+00:00,2019-02-04 11:00:00+00:00,-1,-1.0000000000001386,SL,False
S2-19,ema_reclaim_microbreak,NZDUSD,2019-02-07 09:30:00+00:00,2019-02-07 09:45:00+00:00,2019-02-07 10:00:00+00:00,-1,-0.9999999999999298,SL,False
S2-19,ema_reclaim_microbreak,NZDUSD,2019-02-07 11:15:00+00:00,2019-02-07 11:30:00+00:00,2019-02-07 12:00:00+00:00,-1,-1.0000000000000724,SL,False
S2-19,ema_reclaim_microbreak,NZDUSD,2019-02-12 07:30:00+00:00,2019-02-12 07:45:00+00:00,2019-02-12 07:45:00+00:00,-1,-1.0000000000000857,SL,False
S2-19,ema_reclaim_microbreak,NZDUSD,2019-02-12 08:30:00+00:00,2019-02-12 08:45:00+00:00,2019-02-12 08:45:00+00:00,-1,-1.0,SL,False
S2-19,ema_reclaim_microbreak,NZDUSD,2019-02-14 10:00:00+00:00,2019-02-14 10:15:00+00:00,2019-02-14 13:30:00+00:00,1,1.250000000000024,TP,False
S2-19,ema_reclaim_microbreak,NZDUSD,2019-02-18 11:00:00+00:00,2019-02-18 11:15:00+00:00,2019-02-18 14:45:00+00:00,1,-1.0000000000000389,SL,False
S2-19,ema_reclaim_microbreak,NZDUSD,2019-02-19 07:30:00+00:00,2019-02-19 07:45:00+00:00,2019-02-19 07:45:00+00:00,-1,1.249999999999958,TP,False
S2-19,ema_reclaim_microbreak,NZDUSD,2019-02-22 09:15:00+00:00,2019-02-22 09:30:00+00:00,2019-02-22 10:00:00+00:00,-1,-1.0,SL,False
S2-19,ema_reclaim_microbreak,NZDUSD,2019-02-25 07:00:00+00:00,2019-02-25 07:15:00+00:00,2019-02-25 07:15:00+00:00,1,-1.000000000000079,SL,False
S2-19,ema_reclaim_microbreak,NZDUSD,2019-02-25 07:30:00+00:00,2019-02-25 07:45:00+00:00,2019-02-25 09:15:00+00:00,1,1.25,TP,False
S2-19,ema_reclaim_microbreak,NZDUSD,2019-02-26 08:15:00+00:00,2019-02-26 08:30:00+00:00,2019-02-26 08:30:00+00:00,1,-1.0000000000000713,SL,False
S2-19,ema_reclaim_microbreak,NZDUSD,2019-02-28 08:30:00+00:00,2019-02-28 08:45:00+00:00,2019-02-28 10:45:00+00:00,-1,1.2500000000000888,TP,False
S2-19,ema_reclaim_microbreak,NZDUSD,2019-03-01 09:45:00+00:00,2019-03-01 10:00:00+00:00,2019-03-01 10:15:00+00:00,-1,-0.9999999999999678,SL,False
S2-19,ema_reclaim_microbreak,NZDUSD,2019-03-04 11:45:00+00:00,2019-03-04 12:00:00+00:00,2019-03-04 12:15:00+00:00,-1,-1.0000000000000793,SL,False
S2-19,ema_reclaim_microbreak,NZDUSD,2019-03-05 10:15:00+00:00,2019-03-05 10:30:00+00:00,2019-03-05 13:00:00+00:00,-1,1.25,TP,False
S2-19,ema_reclaim_microbreak,NZDUSD,2019-03-06 11:30:00+00:00,2019-03-06 11:45:00+00:00,2019-03-06 12:30:00+00:00,-1,-1.000000000000072,SL,False
S2-19,ema_reclaim_microbreak,NZDUSD,2019-03-12 08:15:00+00:00,2019-03-12 08:30:00+00:00,2019-03-12 08:30:00+00:00,1,-1.0000000000001825,SL,False
S2-19,ema_reclaim_microbreak,NZDUSD,2019-03-18 10:45:00+00:00,2019-03-18 11:00:00+00:00,2019-03-18 12:45:00+00:00,1,-0.9999999999999556,SL,False
S2-19,ema_reclaim_microbreak,NZDUSD,2019-03-27 10:15:00+00:00,2019-03-27 10:30:00+00:00,2019-03-27 10:30:00+00:00,-1,-1.0000000000000513,SL,False
S2-19,ema_reclaim_microbreak,NZDUSD,2019-03-27 11:45:00+00:00,2019-03-27 12:00:00+00:00,2019-03-27 12:15:00+00:00,-1,1.25,TP,False
S2-19,ema_reclaim_microbreak,NZDUSD,2019-04-01 07:30:00+00:00,2019-04-01 07:45:00+00:00,2019-04-01 09:45:00+00:00,1,-0.9999999999998925,SL,False
S2-19,ema_reclaim_microbreak,NZDUSD,2019-04-08 09:15:00+00:00,2019-04-08 09:30:00+00:00,2019-04-08 09:30:00+00:00,-1,-1.0,SL,False
S2-19,ema_reclaim_microbreak,NZDUSD,2019-04-15 07:15:00+00:00,2019-04-15 07:30:00+00:00,2019-04-15 07:30:00+00:00,1,-0.999999999999902,SL,False
S2-19,ema_reclaim_microbreak,NZDUSD,2019-04-17 08:30:00+00:00,2019-04-17 08:45:00+00:00,2019-04-17 08:45:00+00:00,-1,-1.000000000000062,SL,False
S2-19,ema_reclaim_microbreak,NZDUSD,2019-04-18 07:00:00+00:00,2019-04-18 07:15:00+00:00,2019-04-18 07:15:00+00:00,-1,-0.9999999999999486,SL,False
S2-19,ema_reclaim_microbreak,NZDUSD,2019-04-22 09:15:00+00:00,2019-04-22 09:30:00+00:00,2019-04-22 09:45:00+00:00,-1,-1.0,SL,False
S2-19,ema_reclaim_microbreak,NZDUSD,2019-04-22 10:45:00+00:00,2019-04-22 11:00:00+00:00,2019-04-22 12:15:00+00:00,-1,1.2499999999997675,TP,False
S2-19,ema_reclaim_microbreak,NZDUSD,2019-04-24 08:15:00+00:00,2019-04-24 08:30:00+00:00,2019-04-24 08:30:00+00:00,-1,-1.0000000000000757,SL,False
S2-19,ema_reclaim_microbreak,NZDUSD,2019-04-24 09:30:00+00:00,2019-04-24 09:45:00+00:00,2019-04-24 10:45:00+00:00,-1,1.25,TP,False
S2-19,ema_reclaim_microbreak,NZDUSD,2019-04-25 09:00:00+00:00,2019-04-25 09:15:00+00:00,2019-04-25 12:30:00+00:00,-1,-1.0000000000000326,SL,False
S2-19,ema_reclaim_microbreak,NZDUSD,2019-05-02 09:45:00+00:00,2019-05-02 10:00:00+00:00,2019-05-02 10:30:00+00:00,-1,1.2500000000000495,TP,False
S2-19,ema_reclaim_microbreak,NZDUSD,2019-05-06 08:30:00+00:00,2019-05-06 08:45:00+00:00,2019-05-06 11:00:00+00:00,-1,1.2499999999999607,TP,False
S2-19,ema_reclaim_microbreak,NZDUSD,2019-05-09 08:00:00+00:00,2019-05-09 08:15:00+00:00,2019-05-09 08:30:00+00:00,-1,-1.0000000000000386,SL,False
S2-19,ema_reclaim_microbreak,NZDUSD,2019-05-09 09:00:00+00:00,2019-05-09 09:15:00+00:00,2019-05-09 12:30:00+00:00,-1,-1.0000000000000755,SL,False
S2-19,ema_reclaim_microbreak,NZDUSD,2019-05-10 07:00:00+00:00,2019-05-10 07:15:00+00:00,2019-05-10 11:00:00+00:00,1,0.558994753597604,TIME,False
S2-19,ema_reclaim_microbreak,NZDUSD,2019-05-17 08:00:00+00:00,2019-05-17 08:15:00+00:00,2019-05-17 08:45:00+00:00,-1,1.2499999999999554,TP,False
S2-19,ema_reclaim_microbreak,NZDUSD,2019-05-23 08:15:00+00:00,2019-05-23 08:30:00+00:00,2019-05-23 08:30:00+00:00,-1,-1.0000000000000493,SL,False
S2-19,ema_reclaim_microbreak,NZDUSD,2019-05-23 09:00:00+00:00,2019-05-23 09:15:00+00:00,2019-05-23 09:30:00+00:00,-1,1.2499999999998748,TP,False
S2-19,ema_reclaim_microbreak,NZDUSD,2019-05-28 09:00:00+00:00,2019-05-28 09:15:00+00:00,2019-05-28 09:45:00+00:00,1,-0.999999999999956,SL,False
S2-19,ema_reclaim_microbreak,NZDUSD,2019-06-03 07:00:00+00:00,2019-06-03 07:15:00+00:00,2019-06-03 08:15:00+00:00,1,1.2500000000000506,TP,False
S2-19,ema_reclaim_microbreak,NZDUSD,2019-06-04 09:45:00+00:00,2019-06-04 10:00:00+00:00,2019-06-04 10:00:00+00:00,1,-0.9999999999999687,SL,False
S2-19,ema_reclaim_microbreak,NZDUSD,2019-06-12 10:00:00+00:00,2019-06-12 10:15:00+00:00,2019-06-12 10:45:00+00:00,-1,1.25000000000004,TP,False
S2-19,ema_reclaim_microbreak,NZDUSD,2019-06-14 08:15:00+00:00,2019-06-14 08:30:00+00:00,2019-06-14 11:00:00+00:00,-1,1.249999999999893,TP,False
S2-19,ema_reclaim_microbreak,NZDUSD,2019-06-18 07:45:00+00:00,2019-06-18 08:00:00+00:00,2019-06-18 08:00:00+00:00,-1,-0.999999999999879,SL,False
S2-19,ema_reclaim_microbreak,NZDUSD,2019-06-19 10:00:00+00:00,2019-06-19 10:15:00+00:00,2019-06-19 10:30:00+00:00,1,-0.9999999999998395,SL,False
S2-19,ema_reclaim_microbreak,NZDUSD,2019-06-19 11:15:00+00:00,2019-06-19 11:30:00+00:00,2019-06-19 12:15:00+00:00,1,-0.9999999999998873,SL,False
S2-19,ema_reclaim_microbreak,NZDUSD,2019-06-24 11:00:00+00:00,2019-06-24 11:15:00+00:00,2019-06-24 11:45:00+00:00,1,-1.0,SL,False
S2-19,ema_reclaim_microbreak,NZDUSD,2019-06-25 08:00:00+00:00,2019-06-25 08:15:00+00:00,2019-06-25 08:30:00+00:00,1,-0.9999999999999026,SL,False
S2-19,ema_reclaim_microbreak,NZDUSD,2019-06-25 10:00:00+00:00,2019-06-25 10:15:00+00:00,2019-06-25 11:30:00+00:00,1,-1.0,SL,False
S2-19,ema_reclaim_microbreak,NZDUSD,2019-06-28 11:00:00+00:00,2019-06-28 11:15:00+00:00,2019-06-28 11:15:00+00:00,1,-1.0000000000001295,SL,False
S2-19,ema_reclaim_microbreak,NZDUSD,2019-07-02 10:30:00+00:00,2019-07-02 10:45:00+00:00,2019-07-02 12:45:00+00:00,-1,-1.0000000000000724,SL,False
S2-19,ema_reclaim_microbreak,NZDUSD,2019-07-10 07:30:00+00:00,2019-07-10 07:45:00+00:00,2019-07-10 08:00:00+00:00,-1,-1.0,SL,False
S2-19,ema_reclaim_microbreak,NZDUSD,2019-07-18 07:15:00+00:00,2019-07-18 07:30:00+00:00,2019-07-18 09:00:00+00:00,1,-0.9999999999998342,SL,False
S2-19,ema_reclaim_microbreak,NZDUSD,2019-07-18 10:00:00+00:00,2019-07-18 10:15:00+00:00,2019-07-18 10:30:00+00:00,1,-1.000000000000161,SL,False
S2-19,ema_reclaim_microbreak,NZDUSD,2019-07-18 10:45:00+00:00,2019-07-18 11:00:00+00:00,2019-07-18 11:00:00+00:00,1,-0.9999999999998362,SL,False
S2-19,ema_reclaim_microbreak,NZDUSD,2019-07-19 07:00:00+00:00,2019-07-19 07:15:00+00:00,2019-07-19 07:15:00+00:00,1,-1.0,SL,False
S2-19,ema_reclaim_microbreak,NZDUSD,2019-07-23 11:45:00+00:00,2019-07-23 12:00:00+00:00,2019-07-23 13:15:00+00:00,-1,1.25,TP,False
S2-19,ema_reclaim_microbreak,NZDUSD,2019-07-24 08:30:00+00:00,2019-07-24 08:45:00+00:00,2019-07-24 10:15:00+00:00,-1,-0.9999999999998838,SL,False
S2-19,ema_reclaim_microbreak,NZDUSD,2019-07-26 07:00:00+00:00,2019-07-26 07:15:00+00:00,2019-07-26 08:00:00+00:00,-1,1.25,TP,False
S2-19,ema_reclaim_microbreak,NZDUSD,2019-07-29 07:00:00+00:00,2019-07-29 07:15:00+00:00,2019-07-29 07:15:00+00:00,-1,1.2500000000002494,TP,False
S2-19,ema_reclaim_microbreak,NZDUSD,2019-08-01 07:30:00+00:00,2019-08-01 07:45:00+00:00,2019-08-01 08:15:00+00:00,-1,-0.9999999999998486,SL,False
S2-19,ema_reclaim_microbreak,NZDUSD,2019-08-01 11:00:00+00:00,2019-08-01 11:15:00+00:00,2019-08-01 11:30:00+00:00,-1,-1.0000000000000742,SL,False
S2-19,ema_reclaim_microbreak,NZDUSD,2019-08-02 07:00:00+00:00,2019-08-02 07:15:00+00:00,2019-08-02 07:15:00+00:00,-1,-0.9999999999999077,SL,False
S2-19,ema_reclaim_microbreak,NZDUSD,2019-08-05 07:00:00+00:00,2019-08-05 07:15:00+00:00,2019-08-05 09:15:00+00:00,-1,1.2500000000000873,TP,False
S2-19,ema_reclaim_microbreak,NZDUSD,2019-08-06 08:15:00+00:00,2019-08-06 08:30:00+00:00,2019-08-06 09:00:00+00:00,1,-0.9999999999999467,SL,False
S2-19,ema_reclaim_microbreak,NZDUSD,2019-08-08 11:30:00+00:00,2019-08-08 11:45:00+00:00,2019-08-08 12:00:00+00:00,-1,-0.9999999999999658,SL,False
S2-19,ema_reclaim_microbreak,NZDUSD,2019-08-09 09:00:00+00:00,2019-08-09 09:15:00+00:00,2019-08-09 09:45:00+00:00,1,1.2499999999999623,TP,False
S2-19,ema_reclaim_microbreak,NZDUSD,2019-08-09 10:45:00+00:00,2019-08-09 11:00:00+00:00,2019-08-09 11:00:00+00:00,1,-1.0000000000000804,SL,False
S2-19,ema_reclaim_microbreak,NZDUSD,2019-08-09 11:30:00+00:00,2019-08-09 11:45:00+00:00,2019-08-09 11:45:00+00:00,1,-1.0,SL,False
S2-19,ema_reclaim_microbreak,NZDUSD,2019-08-13 09:15:00+00:00,2019-08-13 09:30:00+00:00,2019-08-13 09:30:00+00:00,-1,-1.0000000000000913,SL,False
S2-19,ema_reclaim_microbreak,NZDUSD,2019-08-15 11:30:00+00:00,2019-08-15 11:45:00+00:00,2019-08-15 11:45:00+00:00,-1,-0.9999999999999342,SL,False
S2-19,ema_reclaim_microbreak,NZDUSD,2019-08-19 07:45:00+00:00,2019-08-19 08:00:00+00:00,2019-08-19 08:00:00+00:00,-1,1.2500000000001745,TP,False
S2-19,ema_reclaim_microbreak,NZDUSD,2019-08-21 08:45:00+00:00,2019-08-21 09:00:00+00:00,2019-08-21 09:45:00+00:00,-1,-1.0,SL,False
S2-19,ema_reclaim_microbreak,NZDUSD,2019-08-22 11:30:00+00:00,2019-08-22 11:45:00+00:00,2019-08-22 11:45:00+00:00,-1,-0.9999999999999591,SL,False
S2-19,ema_reclaim_microbreak,NZDUSD,2019-08-27 08:30:00+00:00,2019-08-27 08:45:00+00:00,2019-08-27 09:00:00+00:00,-1,-0.9999999999998754,SL,False
S2-19,ema_reclaim_microbreak,NZDUSD,2019-08-27 10:45:00+00:00,2019-08-27 11:00:00+00:00,2019-08-27 11:30:00+00:00,-1,-0.9999999999999588,SL,False
S2-19,ema_reclaim_microbreak,NZDUSD,2019-08-28 09:00:00+00:00,2019-08-28 09:15:00+00:00,2019-08-28 10:00:00+00:00,-1,-0.9999999999999606,SL,False
S2-19,ema_reclaim_microbreak,NZDUSD,2019-08-30 08:45:00+00:00,2019-08-30 09:00:00+00:00,2019-08-30 09:00:00+00:00,-1,-1.0000000000000442,SL,False
S2-19,ema_reclaim_microbreak,NZDUSD,2019-09-03 07:00:00+00:00,2019-09-03 07:15:00+00:00,2019-09-03 07:30:00+00:00,-1,-0.9999999999999707,SL,False
S2-19,ema_reclaim_microbreak,NZDUSD,2019-09-03 08:30:00+00:00,2019-09-03 08:45:00+00:00,2019-09-03 09:00:00+00:00,-1,-1.0,SL,False
S2-19,ema_reclaim_microbreak,NZDUSD,2019-09-03 09:15:00+00:00,2019-09-03 09:30:00+00:00,2019-09-03 12:45:00+00:00,-1,1.25,TP,False
S2-19,ema_reclaim_microbreak,NZDUSD,2019-09-04 07:15:00+00:00,2019-09-04 07:30:00+00:00,2019-09-04 08:00:00+00:00,1,1.2499999999999625,TP,False
S2-19,ema_reclaim_microbreak,NZDUSD,2019-09-19 10:00:00+00:00,2019-09-19 10:15:00+00:00,2019-09-19 13:30:00+00:00,-1,-1.0000000000000855,SL,False
S2-19,ema_reclaim_microbreak,NZDUSD,2019-09-20 07:00:00+00:00,2019-09-20 07:15:00+00:00,2019-09-20 07:15:00+00:00,-1,-1.0000000000000902,SL,False
S2-19,ema_reclaim_microbreak,NZDUSD,2019-09-24 09:00:00+00:00,2019-09-24 09:15:00+00:00,2019-09-24 10:00:00+00:00,1,1.2499999999998865,TP,False
S2-19,ema_reclaim_microbreak,NZDUSD,2019-09-25 07:45:00+00:00,2019-09-25 08:00:00+00:00,2019-09-25 08:30:00+00:00,1,-1.0000000000000837,SL,False
S2-19,ema_reclaim_microbreak,NZDUSD,2019-09-27 09:30:00+00:00,2019-09-27 09:45:00+00:00,2019-09-27 10:00:00+00:00,-1,1.25,TP,False
S2-19,ema_reclaim_microbreak,NZDUSD,2019-09-30 10:45:00+00:00,2019-09-30 11:00:00+00:00,2019-09-30 11:00:00+00:00,-1,-1.0,SL,False
S2-19,ema_reclaim_microbreak,NZDUSD,2019-10-04 07:45:00+00:00,2019-10-04 08:00:00+00:00,2019-10-04 08:15:00+00:00,1,1.249999999999873,TP,False
S2-19,ema_reclaim_microbreak,NZDUSD,2019-10-08 08:00:00+00:00,2019-10-08 08:15:00+00:00,2019-10-08 08:30:00+00:00,1,1.2500000000000366,TP,False
S2-19,ema_reclaim_microbreak,NZDUSD,2019-10-08 11:30:00+00:00,2019-10-08 11:45:00+00:00,2019-10-08 12:30:00+00:00,1,1.2500000000000353,TP,False
S2-19,ema_reclaim_microbreak,NZDUSD,2019-10-09 07:00:00+00:00,2019-10-09 07:15:00+00:00,2019-10-09 07:15:00+00:00,1,1.249999999999868,TP,False
S2-19,ema_reclaim_microbreak,NZDUSD,2019-10-09 11:00:00+00:00,2019-10-09 11:15:00+00:00,2019-10-09 11:15:00+00:00,1,-0.9999999999999373,SL,False
S2-19,ema_reclaim_microbreak,NZDUSD,2019-10-11 07:00:00+00:00,2019-10-11 07:15:00+00:00,2019-10-11 07:30:00+00:00,1,1.2500000000000908,TP,False
S2-19,ema_reclaim_microbreak,NZDUSD,2019-10-14 07:15:00+00:00,2019-10-14 07:30:00+00:00,2019-10-14 07:30:00+00:00,-1,-1.000000000000042,SL,False
S2-19,ema_reclaim_microbreak,NZDUSD,2019-10-16 07:30:00+00:00,2019-10-16 07:45:00+00:00,2019-10-16 08:00:00+00:00,-1,1.25,TP,False
S2-19,ema_reclaim_microbreak,NZDUSD,2019-10-17 07:00:00+00:00,2019-10-17 07:15:00+00:00,2019-10-17 07:30:00+00:00,1,1.25,TP,False
S2-19,ema_reclaim_microbreak,NZDUSD,2019-10-18 07:45:00+00:00,2019-10-18 08:00:00+00:00,2019-10-18 08:15:00+00:00,1,-0.9999999999998729,SL,False
S2-19,ema_reclaim_microbreak,NZDUSD,2019-10-21 08:00:00+00:00,2019-10-21 08:15:00+00:00,2019-10-21 08:30:00+00:00,1,1.2500000000000344,TP,False
S2-19,ema_reclaim_microbreak,NZDUSD,2019-10-25 07:00:00+00:00,2019-10-25 07:15:00+00:00,2019-10-25 08:30:00+00:00,-1,1.25,TP,False
S2-19,ema_reclaim_microbreak,NZDUSD,2019-10-30 07:45:00+00:00,2019-10-30 08:00:00+00:00,2019-10-30 08:15:00+00:00,-1,-1.0,SL,False
S2-19,ema_reclaim_microbreak,NZDUSD,2019-10-31 11:15:00+00:00,2019-10-31 11:30:00+00:00,2019-10-31 12:00:00+00:00,1,1.2500000000000226,TP,False
S2-19,ema_reclaim_microbreak,NZDUSD,2019-11-01 11:30:00+00:00,2019-11-01 11:45:00+00:00,2019-11-01 12:00:00+00:00,1,1.2499999999999356,TP,False
S2-19,ema_reclaim_microbreak,NZDUSD,2019-11-06 11:15:00+00:00,2019-11-06 11:30:00+00:00,2019-11-06 12:45:00+00:00,-1,-1.0000000000000941,SL,False
S2-19,ema_reclaim_microbreak,NZDUSD,2019-11-12 08:00:00+00:00,2019-11-12 08:15:00+00:00,2019-11-12 08:45:00+00:00,-1,-0.9999999999998849,SL,False
S2-19,ema_reclaim_microbreak,NZDUSD,2019-11-12 09:30:00+00:00,2019-11-12 09:45:00+00:00,2019-11-12 10:00:00+00:00,-1,-1.0000000000000975,SL,False
S2-19,ema_reclaim_microbreak,NZDUSD,2019-11-15 08:00:00+00:00,2019-11-15 08:15:00+00:00,2019-11-15 08:30:00+00:00,1,-0.99999999999995,SL,False
S2-19,ema_reclaim_microbreak,NZDUSD,2019-11-18 11:30:00+00:00,2019-11-18 11:45:00+00:00,2019-11-18 12:00:00+00:00,1,-1.0,SL,False
S2-19,ema_reclaim_microbreak,NZDUSD,2019-11-20 11:15:00+00:00,2019-11-20 11:30:00+00:00,2019-11-20 13:15:00+00:00,1,-0.9999999999999678,SL,False
S2-19,ema_reclaim_microbreak,NZDUSD,2019-11-22 07:00:00+00:00,2019-11-22 07:15:00+00:00,2019-11-22 07:15:00+00:00,-1,-1.0,SL,False
S2-19,ema_reclaim_microbreak,NZDUSD,2019-11-26 08:15:00+00:00,2019-11-26 08:30:00+00:00,2019-11-26 08:30:00+00:00,1,-0.9999999999999466,SL,False
S2-19,ema_reclaim_microbreak,NZDUSD,2019-11-27 08:00:00+00:00,2019-11-27 08:15:00+00:00,2019-11-27 08:30:00+00:00,1,-0.9999999999999425,SL,False
S2-19,ema_reclaim_microbreak,NZDUSD,2019-11-27 11:45:00+00:00,2019-11-27 12:00:00+00:00,2019-11-27 13:30:00+00:00,1,-1.0000000000001006,SL,False
S2-19,ema_reclaim_microbreak,NZDUSD,2019-11-28 07:45:00+00:00,2019-11-28 08:00:00+00:00,2019-11-28 08:15:00+00:00,1,-1.0000000000001474,SL,False
S2-19,ema_reclaim_microbreak,NZDUSD,2019-11-28 08:30:00+00:00,2019-11-28 08:45:00+00:00,2019-11-28 08:45:00+00:00,1,-1.0000000000001876,SL,False
S2-19,ema_reclaim_microbreak,NZDUSD,2019-12-03 10:45:00+00:00,2019-12-03 11:00:00+00:00,2019-12-03 12:30:00+00:00,1,-1.0,SL,False
S2-19,ema_reclaim_microbreak,NZDUSD,2019-12-05 08:00:00+00:00,2019-12-05 08:15:00+00:00,2019-12-05 08:15:00+00:00,1,-0.9999999999999535,SL,False
S2-19,ema_reclaim_microbreak,NZDUSD,2019-12-12 07:30:00+00:00,2019-12-12 07:45:00+00:00,2019-12-12 08:00:00+00:00,1,-0.9999999999999327,SL,False
S2-19,ema_reclaim_microbreak,NZDUSD,2019-12-12 08:30:00+00:00,2019-12-12 08:45:00+00:00,2019-12-12 09:00:00+00:00,1,-1.0000000000000568,SL,False
S2-19,ema_reclaim_microbreak,NZDUSD,2019-12-12 10:00:00+00:00,2019-12-12 10:15:00+00:00,2019-12-12 11:30:00+00:00,1,1.25,TP,False
S2-19,ema_reclaim_microbreak,NZDUSD,2019-12-13 08:30:00+00:00,2019-12-13 08:45:00+00:00,2019-12-13 08:45:00+00:00,1,-1.0000000000000953,SL,False
S2-19,ema_reclaim_microbreak,NZDUSD,2019-12-13 09:45:00+00:00,2019-12-13 10:00:00+00:00,2019-12-13 11:00:00+00:00,1,-1.0000000000000553,SL,False
S2-19,ema_reclaim_microbreak,NZDUSD,2019-12-24 07:15:00+00:00,2019-12-24 07:30:00+00:00,2019-12-24 07:30:00+00:00,1,-0.9999999999998862,SL,False
S2-19,ema_reclaim_microbreak,NZDUSD,2019-12-24 11:30:00+00:00,2019-12-24 11:45:00+00:00,2019-12-24 11:45:00+00:00,1,-1.0,SL,False
S2-19,ema_reclaim_microbreak,NZDUSD,2019-12-26 09:00:00+00:00,2019-12-26 09:15:00+00:00,2019-12-26 09:30:00+00:00,1,-1.0000000000001104,SL,False
S2-19,ema_reclaim_microbreak,NZDUSD,2019-12-27 08:00:00+00:00,2019-12-27 08:15:00+00:00,2019-12-27 08:30:00+00:00,1,1.25,TP,False
S2-19,ema_reclaim_microbreak,NZDUSD,2019-12-30 09:15:00+00:00,2019-12-30 09:30:00+00:00,2019-12-30 09:45:00+00:00,1,1.25,TP,False
S2-19,ema_reclaim_microbreak,NZDUSD,2020-01-07 09:00:00+00:00,2020-01-07 09:15:00+00:00,2020-01-07 09:30:00+00:00,-1,1.2499999999999745,TP,False
S2-19,ema_reclaim_microbreak,NZDUSD,2020-01-13 07:30:00+00:00,2020-01-13 07:45:00+00:00,2020-01-13 07:45:00+00:00,1,-1.0000000000001015,SL,False
S2-19,ema_reclaim_microbreak,NZDUSD,2020-01-16 07:30:00+00:00,2020-01-16 07:45:00+00:00,2020-01-16 08:15:00+00:00,1,1.25,TP,False
S2-19,ema_reclaim_microbreak,NZDUSD,2020-01-22 07:00:00+00:00,2020-01-22 07:15:00+00:00,2020-01-22 07:45:00+00:00,-1,-0.9999999999999427,SL,False
S2-19,ema_reclaim_microbreak,NZDUSD,2020-01-24 11:45:00+00:00,2020-01-24 12:00:00+00:00,2020-01-24 12:00:00+00:00,1,-1.0,SL,False
S2-19,ema_reclaim_microbreak,NZDUSD,2020-01-28 07:00:00+00:00,2020-01-28 07:15:00+00:00,2020-01-28 07:30:00+00:00,-1,1.2500000000001128,TP,False
S2-19,ema_reclaim_microbreak,NZDUSD,2020-01-29 09:45:00+00:00,2020-01-29 10:00:00+00:00,2020-01-29 10:15:00+00:00,-1,1.2499999999999594,TP,False
S2-19,ema_reclaim_microbreak,NZDUSD,2020-02-05 07:30:00+00:00,2020-02-05 07:45:00+00:00,2020-02-05 08:00:00+00:00,1,-1.0000000000001397,SL,False
S2-19,ema_reclaim_microbreak,NZDUSD,2020-02-05 11:15:00+00:00,2020-02-05 11:30:00+00:00,2020-02-05 11:30:00+00:00,1,-0.9999999999999714,SL,False
S2-19,ema_reclaim_microbreak,NZDUSD,2020-02-06 10:45:00+00:00,2020-02-06 11:00:00+00:00,2020-02-06 11:15:00+00:00,-1,-0.9999999999999362,SL,False
S2-19,ema_reclaim_microbreak,NZDUSD,2020-02-10 07:00:00+00:00,2020-02-10 07:15:00+00:00,2020-02-10 07:15:00+00:00,-1,-1.0000000000000897,SL,False
S2-19,ema_reclaim_microbreak,NZDUSD,2020-02-10 10:45:00+00:00,2020-02-10 11:00:00+00:00,2020-02-10 11:15:00+00:00,-1,-1.0000000000000604,SL,False
S2-19,ema_reclaim_microbreak,NZDUSD,2020-02-10 11:45:00+00:00,2020-02-10 12:00:00+00:00,2020-02-10 12:45:00+00:00,-1,1.2499999999999072,TP,False
S2-19,ema_reclaim_microbreak,NZDUSD,2020-02-13 10:15:00+00:00,2020-02-13 10:30:00+00:00,2020-02-13 10:45:00+00:00,1,-1.0,SL,False
S2-19,ema_reclaim_microbreak,NZDUSD,2020-02-14 08:00:00+00:00,2020-02-14 08:15:00+00:00,2020-02-14 08:15:00+00:00,-1,-1.0000000000001268,SL,False
S2-19,ema_reclaim_microbreak,NZDUSD,2020-02-17 08:00:00+00:00,2020-02-17 08:15:00+00:00,2020-02-17 08:30:00+00:00,-1,-0.9999999999998977,SL,False
S2-19,ema_reclaim_microbreak,NZDUSD,2020-02-24 09:30:00+00:00,2020-02-24 09:45:00+00:00,2020-02-24 11:00:00+00:00,-1,-0.9999999999999534,SL,False
S2-19,ema_reclaim_microbreak,NZDUSD,2020-02-28 09:00:00+00:00,2020-02-28 09:15:00+00:00,2020-02-28 09:15:00+00:00,-1,-1.0000000000000706,SL,False
S2-19,ema_reclaim_microbreak,NZDUSD,2020-02-28 09:45:00+00:00,2020-02-28 10:00:00+00:00,2020-02-28 10:45:00+00:00,-1,1.2500000000000213,TP,False
S2-19,ema_reclaim_microbreak,NZDUSD,2020-03-03 11:30:00+00:00,2020-03-03 11:45:00+00:00,2020-03-03 12:30:00+00:00,1,1.2499999999999727,TP,False
S2-19,ema_reclaim_microbreak,NZDUSD,2020-03-04 08:00:00+00:00,2020-03-04 08:15:00+00:00,2020-03-04 08:15:00+00:00,1,1.250000000000105,TP,False
S2-19,ema_reclaim_microbreak,NZDUSD,2020-03-09 07:45:00+00:00,2020-03-09 08:00:00+00:00,2020-03-09 08:30:00+00:00,-1,-1.0000000000000253,SL,False
S2-19,ema_reclaim_microbreak,NZDUSD,2020-03-12 08:45:00+00:00,2020-03-12 09:00:00+00:00,2020-03-12 09:45:00+00:00,-1,1.25,TP,False
S2-19,ema_reclaim_microbreak,NZDUSD,2020-03-16 09:30:00+00:00,2020-03-16 09:45:00+00:00,2020-03-16 10:30:00+00:00,-1,-1.0,SL,False
S2-19,ema_reclaim_microbreak,NZDUSD,2020-03-16 10:45:00+00:00,2020-03-16 11:00:00+00:00,2020-03-16 11:30:00+00:00,-1,-0.9999999999999868,SL,False
S2-19,ema_reclaim_microbreak,NZDUSD,2020-03-23 07:15:00+00:00,2020-03-23 07:30:00+00:00,2020-03-23 08:00:00+00:00,-1,-0.9999999999999911,SL,False
S2-19,ema_reclaim_microbreak,NZDUSD,2020-03-23 08:30:00+00:00,2020-03-23 08:45:00+00:00,2020-03-23 08:45:00+00:00,-1,-1.0,SL,False
S2-19,ema_reclaim_microbreak,NZDUSD,2020-03-27 08:00:00+00:00,2020-03-27 08:15:00+00:00,2020-03-27 08:15:00+00:00,1,-0.9999999999999912,SL,False
S2-19,ema_reclaim_microbreak,NZDUSD,2020-03-27 10:30:00+00:00,2020-03-27 10:45:00+00:00,2020-03-27 11:15:00+00:00,1,-1.000000000000018,SL,False
S2-19,ema_reclaim_microbreak,NZDUSD,2020-04-07 10:00:00+00:00,2020-04-07 10:15:00+00:00,2020-04-07 11:00:00+00:00,1,-0.9999999999999508,SL,False
S2-19,ema_reclaim_microbreak,NZDUSD,2020-04-07 11:30:00+00:00,2020-04-07 11:45:00+00:00,2020-04-07 12:15:00+00:00,1,1.25000000000005,TP,False
S2-19,ema_reclaim_microbreak,NZDUSD,2020-04-09 09:15:00+00:00,2020-04-09 09:30:00+00:00,2020-04-09 10:30:00+00:00,1,-0.9999999999999508,SL,False
S2-19,ema_reclaim_microbreak,NZDUSD,2020-04-10 11:15:00+00:00,2020-04-10 11:30:00+00:00,2020-04-10 12:30:00+00:00,1,1.25,TP,False
S2-19,ema_reclaim_microbreak,NZDUSD,2020-04-14 07:45:00+00:00,2020-04-14 08:00:00+00:00,2020-04-14 08:30:00+00:00,1,-1.0000000000000653,SL,False
S2-19,ema_reclaim_microbreak,NZDUSD,2020-04-16 07:45:00+00:00,2020-04-16 08:00:00+00:00,2020-04-16 08:30:00+00:00,-1,-0.999999999999984,SL,False
S2-19,ema_reclaim_microbreak,NZDUSD,2020-04-16 09:15:00+00:00,2020-04-16 09:30:00+00:00,2020-04-16 09:30:00+00:00,-1,-1.0000000000000155,SL,False
S2-19,ema_reclaim_microbreak,NZDUSD,2020-04-16 10:00:00+00:00,2020-04-16 10:15:00+00:00,2020-04-16 10:15:00+00:00,-1,-1.0000000000000475,SL,False
S2-19,ema_reclaim_microbreak,NZDUSD,2020-04-27 08:45:00+00:00,2020-04-27 09:00:00+00:00,2020-04-27 10:30:00+00:00,1,1.2499999999999505,TP,False
S2-19,ema_reclaim_microbreak,NZDUSD,2020-04-30 11:15:00+00:00,2020-04-30 11:30:00+00:00,2020-04-30 11:30:00+00:00,1,1.2499999999999267,TP,False
S2-19,ema_reclaim_microbreak,NZDUSD,2020-05-04 10:45:00+00:00,2020-05-04 11:00:00+00:00,2020-05-04 11:30:00+00:00,-1,-1.000000000000061,SL,False
S2-19,ema_reclaim_microbreak,NZDUSD,2020-05-08 08:30:00+00:00,2020-05-08 08:45:00+00:00,2020-05-08 09:45:00+00:00,1,1.2499999999999725,TP,False
S2-19,ema_reclaim_microbreak,NZDUSD,2020-05-08 11:30:00+00:00,2020-05-08 11:45:00+00:00,2020-05-08 12:00:00+00:00,1,1.2499999999999323,TP,False
S2-19,ema_reclaim_microbreak,NZDUSD,2020-05-13 08:45:00+00:00,2020-05-13 09:00:00+00:00,2020-05-13 09:30:00+00:00,-1,-0.999999999999956,SL,False
S2-19,ema_reclaim_microbreak,NZDUSD,2020-05-14 07:45:00+00:00,2020-05-14 08:00:00+00:00,2020-05-14 08:30:00+00:00,-1,-0.9999999999999808,SL,False
S2-19,ema_reclaim_microbreak,NZDUSD,2020-05-14 10:00:00+00:00,2020-05-14 10:15:00+00:00,2020-05-14 10:45:00+00:00,-1,1.2500000000000535,TP,False
S2-19,ema_reclaim_microbreak,NZDUSD,2020-06-03 09:45:00+00:00,2020-06-03 10:00:00+00:00,2020-06-03 10:45:00+00:00,1,-1.000000000000041,SL,False
S2-19,ema_reclaim_microbreak,NZDUSD,2020-06-04 09:45:00+00:00,2020-06-04 10:00:00+00:00,2020-06-04 10:15:00+00:00,1,1.2499999999999785,TP,False
S2-19,ema_reclaim_microbreak,NZDUSD,2020-06-04 11:00:00+00:00,2020-06-04 11:15:00+00:00,2020-06-04 11:45:00+00:00,1,1.25,TP,False
S2-19,ema_reclaim_microbreak,NZDUSD,2020-06-05 09:45:00+00:00,2020-06-05 10:00:00+00:00,2020-06-05 10:00:00+00:00,1,-1.0000000000000462,SL,False
S2-19,ema_reclaim_microbreak,NZDUSD,2020-06-05 10:30:00+00:00,2020-06-05 10:45:00+00:00,2020-06-05 11:45:00+00:00,1,1.2499999999999838,TP,False
S2-19,ema_reclaim_microbreak,NZDUSD,2020-06-08 07:15:00+00:00,2020-06-08 07:30:00+00:00,2020-06-08 08:15:00+00:00,1,1.2500000000000269,TP,False
S2-19,ema_reclaim_microbreak,NZDUSD,2020-06-08 11:15:00+00:00,2020-06-08 11:30:00+00:00,2020-06-08 12:45:00+00:00,1,1.25,TP,False
S2-19,ema_reclaim_microbreak,NZDUSD,2020-06-10 10:30:00+00:00,2020-06-10 10:45:00+00:00,2020-06-10 11:15:00+00:00,1,1.250000000000042,TP,False
S2-19,ema_reclaim_microbreak,NZDUSD,2020-06-11 10:00:00+00:00,2020-06-11 10:15:00+00:00,2020-06-11 10:30:00+00:00,-1,-0.9999999999999611,SL,False
S2-19,ema_reclaim_microbreak,NZDUSD,2020-06-11 10:45:00+00:00,2020-06-11 11:00:00+00:00,2020-06-11 11:15:00+00:00,-1,1.25,TP,False
S2-19,ema_reclaim_microbreak,NZDUSD,2020-06-18 07:00:00+00:00,2020-06-18 07:15:00+00:00,2020-06-18 08:00:00+00:00,-1,-0.9999999999999326,SL,False
S2-19,ema_reclaim_microbreak,NZDUSD,2020-06-19 08:00:00+00:00,2020-06-19 08:15:00+00:00,2020-06-19 08:15:00+00:00,-1,-0.9999999999999468,SL,False
S2-19,ema_reclaim_microbreak,NZDUSD,2020-06-25 07:00:00+00:00,2020-06-25 07:15:00+00:00,2020-06-25 07:15:00+00:00,-1,-0.9999999999999755,SL,False
S2-19,ema_reclaim_microbreak,NZDUSD,2020-07-01 10:00:00+00:00,2020-07-01 10:15:00+00:00,2020-07-01 10:30:00+00:00,1,-1.0000000000000262,SL,False
S2-19,ema_reclaim_microbreak,NZDUSD,2020-07-03 10:30:00+00:00,2020-07-03 10:45:00+00:00,2020-07-03 13:45:00+00:00,1,1.2500000000000893,TP,False
S2-19,ema_reclaim_microbreak,NZDUSD,2020-07-09 11:15:00+00:00,2020-07-09 11:30:00+00:00,2020-07-09 12:15:00+00:00,1,1.25,TP,False
S2-19,ema_reclaim_microbreak,NZDUSD,2020-07-22 09:15:00+00:00,2020-07-22 09:30:00+00:00,2020-07-22 10:15:00+00:00,1,1.2499999999999516,TP,False
S2-19,ema_reclaim_microbreak,NZDUSD,2020-07-24 07:00:00+00:00,2020-07-24 07:15:00+00:00,2020-07-24 07:45:00+00:00,-1,-1.0,SL,False
S2-19,ema_reclaim_microbreak,NZDUSD,2020-07-24 09:30:00+00:00,2020-07-24 09:45:00+00:00,2020-07-24 10:30:00+00:00,-1,1.2500000000000429,TP,False
S2-19,ema_reclaim_microbreak,NZDUSD,2020-07-27 09:30:00+00:00,2020-07-27 09:45:00+00:00,2020-07-27 10:15:00+00:00,1,1.2499999999999492,TP,False
S2-19,ema_reclaim_microbreak,NZDUSD,2020-07-30 10:15:00+00:00,2020-07-30 10:30:00+00:00,2020-07-30 13:00:00+00:00,-1,-1.0000000000000628,SL,False
S2-19,ema_reclaim_microbreak,NZDUSD,2020-08-03 09:00:00+00:00,2020-08-03 09:15:00+00:00,2020-08-03 12:30:00+00:00,-1,1.2500000000000426,TP,False
S2-19,ema_reclaim_microbreak,NZDUSD,2020-08-04 09:45:00+00:00,2020-08-04 10:00:00+00:00,2020-08-04 11:45:00+00:00,-1,1.2499999999999396,TP,False
S2-19,ema_reclaim_microbreak,NZDUSD,2020-08-05 08:30:00+00:00,2020-08-05 08:45:00+00:00,2020-08-05 09:30:00+00:00,1,1.2500000000000626,TP,False
S2-19,ema_reclaim_microbreak,NZDUSD,2020-08-05 11:30:00+00:00,2020-08-05 11:45:00+00:00,2020-08-05 12:15:00+00:00,1,1.2500000000000404,TP,False
S2-19,ema_reclaim_microbreak,NZDUSD,2020-08-10 09:15:00+00:00,2020-08-10 09:30:00+00:00,2020-08-10 09:45:00+00:00,-1,1.2499999999999452,TP,False
S2-19,ema_reclaim_microbreak,NZDUSD,2020-08-12 11:15:00+00:00,2020-08-12 11:30:00+00:00,2020-08-12 12:30:00+00:00,-1,-0.9999999999999504,SL,False
S2-19,ema_reclaim_microbreak,NZDUSD,2020-08-13 11:00:00+00:00,2020-08-13 11:15:00+00:00,2020-08-13 11:15:00+00:00,-1,1.2500000000000884,TP,False
S2-19,ema_reclaim_microbreak,NZDUSD,2020-08-17 07:30:00+00:00,2020-08-17 07:45:00+00:00,2020-08-17 07:45:00+00:00,-1,-0.999999999999961,SL,False
S2-19,ema_reclaim_microbreak,NZDUSD,2020-08-17 08:00:00+00:00,2020-08-17 08:15:00+00:00,2020-08-17 08:15:00+00:00,-1,1.2500000000000633,TP,False
S2-19,ema_reclaim_microbreak,NZDUSD,2020-08-17 10:00:00+00:00,2020-08-17 10:15:00+00:00,2020-08-17 11:00:00+00:00,-1,1.2500000000000269,TP,False
S2-19,ema_reclaim_microbreak,NZDUSD,2020-08-25 08:00:00+00:00,2020-08-25 08:15:00+00:00,2020-08-25 08:45:00+00:00,-1,-0.9999999999999241,SL,False
S2-19,ema_reclaim_microbreak,NZDUSD,2020-08-27 07:15:00+00:00,2020-08-27 07:30:00+00:00,2020-08-27 07:30:00+00:00,1,-0.9999999999998681,SL,True
S2-19,ema_reclaim_microbreak,NZDUSD,2020-08-27 11:30:00+00:00,2020-08-27 11:45:00+00:00,2020-08-27 11:45:00+00:00,1,-0.999999999999969,SL,False
S2-19,ema_reclaim_microbreak,NZDUSD,2020-08-31 08:30:00+00:00,2020-08-31 08:45:00+00:00,2020-08-31 10:00:00+00:00,1,-1.0,SL,False
S2-19,ema_reclaim_microbreak,NZDUSD,2020-08-31 10:15:00+00:00,2020-08-31 10:30:00+00:00,2020-08-31 11:45:00+00:00,1,1.2500000000000957,TP,False
S2-19,ema_reclaim_microbreak,NZDUSD,2020-09-07 09:00:00+00:00,2020-09-07 09:15:00+00:00,2020-09-07 09:15:00+00:00,-1,-0.9999999999999257,SL,False
S2-19,ema_reclaim_microbreak,NZDUSD,2020-09-07 10:00:00+00:00,2020-09-07 10:15:00+00:00,2020-09-07 14:00:00+00:00,-1,0.5257590597453476,TIME,False
S2-19,ema_reclaim_microbreak,NZDUSD,2020-09-08 07:15:00+00:00,2020-09-08 07:30:00+00:00,2020-09-08 07:45:00+00:00,-1,-1.0000000000000668,SL,False
S2-19,ema_reclaim_microbreak,NZDUSD,2020-09-10 09:00:00+00:00,2020-09-10 09:15:00+00:00,2020-09-10 09:15:00+00:00,1,-1.0,SL,False
S2-19,ema_reclaim_microbreak,NZDUSD,2020-09-14 07:45:00+00:00,2020-09-14 08:00:00+00:00,2020-09-14 08:00:00+00:00,1,1.250000000000083,TP,False
S2-19,ema_reclaim_microbreak,NZDUSD,2020-09-14 10:00:00+00:00,2020-09-14 10:15:00+00:00,2020-09-14 10:15:00+00:00,1,-1.0,SL,False
S2-19,ema_reclaim_microbreak,NZDUSD,2020-09-14 10:45:00+00:00,2020-09-14 11:00:00+00:00,2020-09-14 11:00:00+00:00,1,-1.0,SL,False
S2-19,ema_reclaim_microbreak,NZDUSD,2020-09-18 08:15:00+00:00,2020-09-18 08:30:00+00:00,2020-09-18 08:45:00+00:00,1,-0.9999999999999112,SL,False
S2-19,ema_reclaim_microbreak,NZDUSD,2020-09-24 08:00:00+00:00,2020-09-24 08:15:00+00:00,2020-09-24 08:45:00+00:00,-1,-1.0000000000000657,SL,False
S2-19,ema_reclaim_microbreak,NZDUSD,2020-09-29 07:30:00+00:00,2020-09-29 07:45:00+00:00,2020-09-29 08:30:00+00:00,1,1.2500000000000844,TP,False
S2-19,ema_reclaim_microbreak,NZDUSD,2020-10-01 08:15:00+00:00,2020-10-01 08:30:00+00:00,2020-10-01 08:45:00+00:00,1,-0.9999999999999756,SL,False
S2-19,ema_reclaim_microbreak,NZDUSD,2020-10-05 10:30:00+00:00,2020-10-05 10:45:00+00:00,2020-10-05 11:30:00+00:00,1,-1.0000000000000682,SL,False
S2-19,ema_reclaim_microbreak,NZDUSD,2020-10-07 08:30:00+00:00,2020-10-07 08:45:00+00:00,2020-10-07 08:45:00+00:00,-1,-0.9999999999999559,SL,False
S2-19,ema_reclaim_microbreak,NZDUSD,2020-10-07 09:00:00+00:00,2020-10-07 09:15:00+00:00,2020-10-07 09:15:00+00:00,-1,1.2500000000001315,TP,False
S2-19,ema_reclaim_microbreak,NZDUSD,2020-10-12 07:45:00+00:00,2020-10-12 08:00:00+00:00,2020-10-12 08:30:00+00:00,1,-1.0000000000001152,SL,False
S2-19,ema_reclaim_microbreak,NZDUSD,2020-10-13 11:15:00+00:00,2020-10-13 11:30:00+00:00,2020-10-13 11:45:00+00:00,1,-1.0000000000000613,SL,False
S2-19,ema_reclaim_microbreak,NZDUSD,2020-10-20 10:30:00+00:00,2020-10-20 10:45:00+00:00,2020-10-20 11:30:00+00:00,-1,1.25,TP,False
S2-19,ema_reclaim_microbreak,NZDUSD,2020-10-22 09:15:00+00:00,2020-10-22 09:30:00+00:00,2020-10-22 09:30:00+00:00,1,-1.0000000000000497,SL,False
S2-19,ema_reclaim_microbreak,NZDUSD,2020-10-22 11:15:00+00:00,2020-10-22 11:30:00+00:00,2020-10-22 12:30:00+00:00,1,-1.0000000000000515,SL,False
S2-19,ema_reclaim_microbreak,NZDUSD,2020-10-27 09:15:00+00:00,2020-10-27 09:30:00+00:00,2020-10-27 09:45:00+00:00,1,-0.9999999999999074,SL,False
S2-19,ema_reclaim_microbreak,NZDUSD,2020-10-27 10:30:00+00:00,2020-10-27 10:45:00+00:00,2020-10-27 10:45:00+00:00,1,-1.0000000000000304,SL,False
S2-19,ema_reclaim_microbreak,NZDUSD,2020-10-29 08:00:00+00:00,2020-10-29 08:15:00+00:00,2020-10-29 09:00:00+00:00,-1,-0.9999999999999648,SL,False
S2-19,ema_reclaim_microbreak,NZDUSD,2020-10-29 09:15:00+00:00,2020-10-29 09:30:00+00:00,2020-10-29 09:45:00+00:00,-1,1.25,TP,False
S2-19,ema_reclaim_microbreak,NZDUSD,2020-11-02 07:30:00+00:00,2020-11-02 07:45:00+00:00,2020-11-02 07:45:00+00:00,-1,-0.9999999999999394,SL,False
S2-19,ema_reclaim_microbreak,NZDUSD,2020-11-05 07:15:00+00:00,2020-11-05 07:30:00+00:00,2020-11-05 07:30:00+00:00,1,-1.000000000000073,SL,False
S2-19,ema_reclaim_microbreak,NZDUSD,2020-11-06 09:30:00+00:00,2020-11-06 09:45:00+00:00,2020-11-06 11:00:00+00:00,1,1.2500000000000573,TP,False
S2-19,ema_reclaim_microbreak,NZDUSD,2020-11-09 09:00:00+00:00,2020-11-09 09:15:00+00:00,2020-11-09 09:45:00+00:00,1,-1.0000000000000209,SL,False
S2-19,ema_reclaim_microbreak,NZDUSD,2020-11-09 10:15:00+00:00,2020-11-09 10:30:00+00:00,2020-11-09 11:30:00+00:00,1,-0.9999999999999399,SL,False
S2-19,ema_reclaim_microbreak,NZDUSD,2020-11-09 11:45:00+00:00,2020-11-09 12:00:00+00:00,2020-11-09 12:00:00+00:00,1,-0.9999999999999653,SL,False
S2-19,ema_reclaim_microbreak,NZDUSD,2020-11-10 09:00:00+00:00,2020-11-10 09:15:00+00:00,2020-11-10 10:00:00+00:00,1,-0.9999999999999303,SL,False
S2-19,ema_reclaim_microbreak,NZDUSD,2020-11-11 09:00:00+00:00,2020-11-11 09:15:00+00:00,2020-11-11 10:45:00+00:00,1,-1.0,SL,False
S2-19,ema_reclaim_microbreak,NZDUSD,2020-11-13 08:30:00+00:00,2020-11-13 08:45:00+00:00,2020-11-13 09:00:00+00:00,-1,1.2500000000000298,TP,False
S2-19,ema_reclaim_microbreak,NZDUSD,2020-11-16 07:00:00+00:00,2020-11-16 07:15:00+00:00,2020-11-16 07:30:00+00:00,1,-0.9999999999998967,SL,False
S2-19,ema_reclaim_microbreak,NZDUSD,2020-11-16 07:45:00+00:00,2020-11-16 08:00:00+00:00,2020-11-16 08:00:00+00:00,1,1.2499999999998603,TP,False
S2-19,ema_reclaim_microbreak,NZDUSD,2020-11-17 09:00:00+00:00,2020-11-17 09:15:00+00:00,2020-11-17 09:15:00+00:00,1,-0.9999999999999253,SL,False
S2-19,ema_reclaim_microbreak,NZDUSD,2020-11-17 10:30:00+00:00,2020-11-17 10:45:00+00:00,2020-11-17 12:15:00+00:00,1,-0.9999999999999797,SL,False
S2-19,ema_reclaim_microbreak,NZDUSD,2020-11-20 08:15:00+00:00,2020-11-20 08:30:00+00:00,2020-11-20 10:30:00+00:00,1,1.2499999999999085,TP,False
S2-19,ema_reclaim_microbreak,NZDUSD,2020-11-23 08:00:00+00:00,2020-11-23 08:15:00+00:00,2020-11-23 08:30:00+00:00,1,1.2499999999999643,TP,False
S2-19,ema_reclaim_microbreak,NZDUSD,2020-11-24 11:30:00+00:00,2020-11-24 11:45:00+00:00,2020-11-24 11:45:00+00:00,1,-1.0,SL,False
S2-19,ema_reclaim_microbreak,NZDUSD,2020-11-25 11:30:00+00:00,2020-11-25 11:45:00+00:00,2020-11-25 13:00:00+00:00,1,1.2500000000000488,TP,False
S2-19,ema_reclaim_microbreak,NZDUSD,2020-11-27 10:30:00+00:00,2020-11-27 10:45:00+00:00,2020-11-27 10:45:00+00:00,1,-0.999999999999941,SL,False
S2-19,ema_reclaim_microbreak,NZDUSD,2020-11-30 08:15:00+00:00,2020-11-30 08:30:00+00:00,2020-11-30 09:00:00+00:00,1,-0.9999999999999631,SL,False
S2-19,ema_reclaim_microbreak,NZDUSD,2020-11-30 09:30:00+00:00,2020-11-30 09:45:00+00:00,2020-11-30 09:45:00+00:00,1,1.2499999999999447,TP,False
S2-19,ema_reclaim_microbreak,NZDUSD,2020-12-01 07:00:00+00:00,2020-12-01 07:15:00+00:00,2020-12-01 08:00:00+00:00,1,1.2500000000000426,TP,False
S2-19,ema_reclaim_microbreak,NZDUSD,2020-12-07 07:00:00+00:00,2020-12-07 07:15:00+00:00,2020-12-07 07:30:00+00:00,-1,-1.000000000000184,SL,False
S2-19,ema_reclaim_microbreak,NZDUSD,2020-12-07 08:00:00+00:00,2020-12-07 08:15:00+00:00,2020-12-07 08:15:00+00:00,-1,1.2500000000001226,TP,False
S2-19,ema_reclaim_microbreak,NZDUSD,2020-12-08 08:00:00+00:00,2020-12-08 08:15:00+00:00,2020-12-08 08:15:00+00:00,-1,-1.000000000000066,SL,False
S2-19,ema_reclaim_microbreak,NZDUSD,2020-12-15 07:15:00+00:00,2020-12-15 07:30:00+00:00,2020-12-15 07:30:00+00:00,-1,-1.0,SL,False
S2-19,ema_reclaim_microbreak,NZDUSD,2020-12-15 07:45:00+00:00,2020-12-15 08:00:00+00:00,2020-12-15 08:15:00+00:00,-1,1.2500000000001006,TP,False
S2-19,ema_reclaim_microbreak,NZDUSD,2020-12-15 11:30:00+00:00,2020-12-15 11:45:00+00:00,2020-12-15 13:00:00+00:00,-1,1.2500000000000284,TP,False
S2-19,ema_reclaim_microbreak,NZDUSD,2020-12-22 09:15:00+00:00,2020-12-22 09:30:00+00:00,2020-12-22 09:45:00+00:00,-1,1.249999999999955,TP,False
S2-19,ema_reclaim_microbreak,NZDUSD,2020-12-24 08:00:00+00:00,2020-12-24 08:15:00+00:00,2020-12-24 09:45:00+00:00,1,-1.000000000000035,SL,False
S2-19,ema_reclaim_microbreak,NZDUSD,2020-12-24 11:45:00+00:00,2020-12-24 12:00:00+00:00,2020-12-24 12:00:00+00:00,1,-1.000000000000084,SL,False
S2-19,ema_reclaim_microbreak,NZDUSD,2020-12-30 10:00:00+00:00,2020-12-30 10:15:00+00:00,2020-12-30 10:30:00+00:00,1,1.2500000000000535,TP,False
S2-19,ema_reclaim_microbreak,NZDUSD,2020-12-31 10:00:00+00:00,2020-12-31 10:15:00+00:00,2020-12-31 10:45:00+00:00,1,1.2499999999999716,TP,False
