hypothesis,family,pair,signal_dt,entry_dt,exit_dt,side,r,reason,ambiguous_stop_first
S2-08,asia_reclaim,EURUSD,2013-01-02 01:00:00+00:00,2013-01-02 01:15:00+00:00,2013-01-02 01:30:00+00:00,-1,-1.0,SL,False
S2-08,asia_reclaim,EURUSD,2013-01-02 02:15:00+00:00,2013-01-02 02:30:00+00:00,2013-01-02 02:30:00+00:00,-1,-1.0000000000000238,SL,False
S2-08,asia_reclaim,EURUSD,2013-01-03 03:00:00+00:00,2013-01-03 03:15:00+00:00,2013-01-03 06:15:00+00:00,1,1.0000000000000686,TP,False
S2-08,asia_reclaim,EURUSD,2013-01-04 06:30:00+00:00,2013-01-04 06:45:00+00:00,2013-01-04 06:45:00+00:00,-1,0.9999999999998763,TP,False
S2-08,asia_reclaim,EURUSD,2013-01-07 05:00:00+00:00,2013-01-07 05:15:00+00:00,2013-01-07 07:00:00+00:00,1,1.0000000000000389,TP,False
S2-08,asia_reclaim,EURUSD,2013-01-08 02:15:00+00:00,2013-01-08 02:30:00+00:00,2013-01-08 02:30:00+00:00,1,1.0,TP,False
S2-08,asia_reclaim,EURUSD,2013-01-08 02:30:00+00:00,2013-01-08 02:45:00+00:00,2013-01-08 03:45:00+00:00,-1,1.0000000000000746,TP,False
S2-08,asia_reclaim,EURUSD,2013-01-09 06:00:00+00:00,2013-01-09 06:15:00+00:00,2013-01-09 07:00:00+00:00,-1,1.0000000000001714,TP,False
S2-08,asia_reclaim,EURUSD,2013-01-10 06:45:00+00:00,2013-01-10 07:00:00+00:00,2013-01-10 07:15:00+00:00,-1,-1.0000000000000653,SL,False
S2-08,asia_reclaim,EURUSD,2013-01-11 06:30:00+00:00,2013-01-11 06:45:00+00:00,2013-01-11 07:00:00+00:00,1,0.9999999999998342,TP,False
S2-08,asia_reclaim,EURUSD,2013-01-15 01:00:00+00:00,2013-01-15 01:15:00+00:00,2013-01-15 01:45:00+00:00,-1,-0.9999999999998649,SL,False
S2-08,asia_reclaim,EURUSD,2013-01-15 02:30:00+00:00,2013-01-15 02:45:00+00:00,2013-01-15 03:00:00+00:00,1,-0.9999999999998733,SL,False
S2-08,asia_reclaim,EURUSD,2013-01-15 04:00:00+00:00,2013-01-15 04:15:00+00:00,2013-01-15 04:15:00+00:00,1,-1.0000000000000715,SL,False
S2-08,asia_reclaim,EURUSD,2013-01-15 06:45:00+00:00,2013-01-15 07:00:00+00:00,2013-01-15 07:00:00+00:00,1,-1.0000000000000357,SL,False
S2-08,asia_reclaim,EURUSD,2013-01-17 01:30:00+00:00,2013-01-17 01:45:00+00:00,2013-01-17 02:00:00+00:00,-1,1.0000000000000449,TP,False
S2-08,asia_reclaim,EURUSD,2013-01-17 04:30:00+00:00,2013-01-17 04:45:00+00:00,2013-01-17 05:00:00+00:00,1,1.0,TP,False
S2-08,asia_reclaim,EURUSD,2013-01-18 02:00:00+00:00,2013-01-18 02:15:00+00:00,2013-01-18 03:00:00+00:00,-1,-0.9999999999999232,SL,False
S2-08,asia_reclaim,EURUSD,2013-01-18 04:00:00+00:00,2013-01-18 04:15:00+00:00,2013-01-18 04:30:00+00:00,-1,-1.0000000000000393,SL,False
S2-08,asia_reclaim,EURUSD,2013-01-18 04:45:00+00:00,2013-01-18 05:00:00+00:00,2013-01-18 07:00:00+00:00,-1,1.0000000000000808,TP,False
S2-08,asia_reclaim,EURUSD,2013-01-21 01:15:00+00:00,2013-01-21 01:30:00+00:00,2013-01-21 01:45:00+00:00,-1,-1.0000000000000804,SL,False
S2-08,asia_reclaim,EURUSD,2013-01-21 02:00:00+00:00,2013-01-21 02:15:00+00:00,2013-01-21 05:30:00+00:00,-1,1.0000000000001308,TP,False
S2-08,asia_reclaim,EURUSD,2013-01-22 02:00:00+00:00,2013-01-22 02:15:00+00:00,2013-01-22 03:15:00+00:00,-1,-0.9999999999998214,SL,False
S2-08,asia_reclaim,EURUSD,2013-01-23 04:30:00+00:00,2013-01-23 04:45:00+00:00,2013-01-23 04:45:00+00:00,1,-0.9999999999998638,SL,False
S2-08,asia_reclaim,EURUSD,2013-01-23 04:45:00+00:00,2013-01-23 05:00:00+00:00,2013-01-23 05:00:00+00:00,1,-1.0000000000000642,SL,False
S2-08,asia_reclaim,EURUSD,2013-01-23 05:00:00+00:00,2013-01-23 05:15:00+00:00,2013-01-23 05:30:00+00:00,1,1.0,TP,False
S2-08,asia_reclaim,EURUSD,2013-01-24 01:15:00+00:00,2013-01-24 01:30:00+00:00,2013-01-24 01:45:00+00:00,1,1.0,TP,False
S2-08,asia_reclaim,EURUSD,2013-01-24 01:45:00+00:00,2013-01-24 02:00:00+00:00,2013-01-24 02:15:00+00:00,-1,-0.9999999999999029,SL,False
S2-08,asia_reclaim,EURUSD,2013-01-24 02:15:00+00:00,2013-01-24 02:30:00+00:00,2013-01-24 02:45:00+00:00,-1,-1.0000000000000946,SL,False
S2-08,asia_reclaim,EURUSD,2013-01-24 02:45:00+00:00,2013-01-24 03:00:00+00:00,2013-01-24 05:00:00+00:00,-1,1.0,TP,False
S2-08,asia_reclaim,EURUSD,2013-01-25 01:00:00+00:00,2013-01-25 01:15:00+00:00,2013-01-25 01:45:00+00:00,1,-1.000000000000119,SL,False
S2-08,asia_reclaim,EURUSD,2013-01-25 02:00:00+00:00,2013-01-25 02:15:00+00:00,2013-01-25 02:15:00+00:00,1,-1.0,SL,False
S2-08,asia_reclaim,EURUSD,2013-01-25 02:15:00+00:00,2013-01-25 02:30:00+00:00,2013-01-25 03:45:00+00:00,1,-1.000000000000102,SL,False
S2-08,asia_reclaim,EURUSD,2013-01-28 01:45:00+00:00,2013-01-28 02:00:00+00:00,2013-01-28 04:45:00+00:00,1,1.0000000000001037,TP,False
S2-08,asia_reclaim,EURUSD,2013-01-28 06:45:00+00:00,2013-01-28 07:00:00+00:00,2013-01-28 07:00:00+00:00,1,-1.0000000000001086,SL,False
S2-08,asia_reclaim,EURUSD,2013-01-29 01:45:00+00:00,2013-01-29 02:00:00+00:00,2013-01-29 02:00:00+00:00,1,0.999999999999871,TP,False
S2-08,asia_reclaim,EURUSD,2013-01-29 02:00:00+00:00,2013-01-29 02:15:00+00:00,2013-01-29 03:15:00+00:00,-1,-0.9999999999998821,SL,False
S2-08,asia_reclaim,EURUSD,2013-01-29 03:15:00+00:00,2013-01-29 03:30:00+00:00,2013-01-29 04:15:00+00:00,-1,-1.0000000000001124,SL,False
S2-08,asia_reclaim,EURUSD,2013-01-29 04:15:00+00:00,2013-01-29 04:30:00+00:00,2013-01-29 05:15:00+00:00,-1,0.9999999999998773,TP,False
S2-08,asia_reclaim,EURUSD,2013-01-30 01:00:00+00:00,2013-01-30 01:15:00+00:00,2013-01-30 02:00:00+00:00,-1,-0.999999999999766,SL,False
S2-08,asia_reclaim,EURUSD,2013-01-30 02:00:00+00:00,2013-01-30 02:15:00+00:00,2013-01-30 02:30:00+00:00,-1,-1.0,SL,False
S2-08,asia_reclaim,EURUSD,2013-01-30 02:30:00+00:00,2013-01-30 02:45:00+00:00,2013-01-30 03:00:00+00:00,-1,-1.0,SL,False
S2-08,asia_reclaim,EURUSD,2013-01-30 06:00:00+00:00,2013-01-30 06:15:00+00:00,2013-01-30 06:15:00+00:00,1,-0.9999999999998098,SL,False
S2-08,asia_reclaim,EURUSD,2013-01-30 06:15:00+00:00,2013-01-30 06:30:00+00:00,2013-01-30 06:45:00+00:00,1,1.0,TP,False
S2-08,asia_reclaim,EURUSD,2013-01-31 01:30:00+00:00,2013-01-31 01:45:00+00:00,2013-01-31 03:15:00+00:00,1,1.0000000000002045,TP,False
S2-08,asia_reclaim,EURUSD,2013-01-31 04:00:00+00:00,2013-01-31 04:15:00+00:00,2013-01-31 05:30:00+00:00,-1,-1.0000000000000753,SL,False
S2-08,asia_reclaim,EURUSD,2013-01-31 06:15:00+00:00,2013-01-31 06:30:00+00:00,2013-01-31 06:30:00+00:00,1,-0.9999999999999465,SL,False
S2-08,asia_reclaim,EURUSD,2013-02-05 02:30:00+00:00,2013-02-05 02:45:00+00:00,2013-02-05 03:15:00+00:00,1,-1.0,SL,False
S2-08,asia_reclaim,EURUSD,2013-02-05 03:15:00+00:00,2013-02-05 03:30:00+00:00,2013-02-05 03:30:00+00:00,1,-0.9999999999999535,SL,False
S2-08,asia_reclaim,EURUSD,2013-02-05 03:30:00+00:00,2013-02-05 03:45:00+00:00,2013-02-05 03:45:00+00:00,1,-0.9999999999999561,SL,False
S2-08,asia_reclaim,EURUSD,2013-02-05 04:15:00+00:00,2013-02-05 04:30:00+00:00,2013-02-05 05:00:00+00:00,1,-1.0,SL,False
S2-08,asia_reclaim,EURUSD,2013-02-06 02:00:00+00:00,2013-02-06 02:15:00+00:00,2013-02-06 02:45:00+00:00,-1,1.000000000000043,TP,False
S2-08,asia_reclaim,EURUSD,2013-02-06 03:15:00+00:00,2013-02-06 03:30:00+00:00,2013-02-06 03:45:00+00:00,1,1.0,TP,False
S2-08,asia_reclaim,EURUSD,2013-02-06 06:00:00+00:00,2013-02-06 06:15:00+00:00,2013-02-06 06:15:00+00:00,1,-0.9999999999999529,SL,False
S2-08,asia_reclaim,EURUSD,2013-02-07 01:00:00+00:00,2013-02-07 01:15:00+00:00,2013-02-07 01:15:00+00:00,1,-0.9999999999999425,SL,False
S2-08,asia_reclaim,EURUSD,2013-02-07 01:15:00+00:00,2013-02-07 01:30:00+00:00,2013-02-07 03:00:00+00:00,1,-0.9999999999999427,SL,False
S2-08,asia_reclaim,EURUSD,2013-02-08 04:00:00+00:00,2013-02-08 04:15:00+00:00,2013-02-08 05:15:00+00:00,-1,0.9999999999999621,TP,False
S2-08,asia_reclaim,EURUSD,2013-02-11 01:15:00+00:00,2013-02-11 01:30:00+00:00,2013-02-11 02:00:00+00:00,-1,1.0,TP,False
S2-08,asia_reclaim,EURUSD,2013-02-11 03:30:00+00:00,2013-02-11 03:45:00+00:00,2013-02-11 03:45:00+00:00,-1,1.000000000000215,TP,False
S2-08,asia_reclaim,EURUSD,2013-02-11 06:15:00+00:00,2013-02-11 06:30:00+00:00,2013-02-11 07:00:00+00:00,-1,-0.999999999999935,SL,False
S2-08,asia_reclaim,EURUSD,2013-02-12 01:00:00+00:00,2013-02-12 01:15:00+00:00,2013-02-12 03:00:00+00:00,-1,0.9999999999998822,TP,False
S2-08,asia_reclaim,EURUSD,2013-02-12 03:15:00+00:00,2013-02-12 03:30:00+00:00,2013-02-12 03:30:00+00:00,1,-0.9999999999998757,SL,False
S2-08,asia_reclaim,EURUSD,2013-02-12 03:45:00+00:00,2013-02-12 04:00:00+00:00,2013-02-12 04:00:00+00:00,1,-1.000000000000064,SL,False
S2-08,asia_reclaim,EURUSD,2013-02-12 04:00:00+00:00,2013-02-12 04:15:00+00:00,2013-02-12 04:15:00+00:00,1,-1.0000000000001898,SL,False
S2-08,asia_reclaim,EURUSD,2013-02-12 05:45:00+00:00,2013-02-12 06:00:00+00:00,2013-02-12 06:30:00+00:00,1,1.000000000000149,TP,False
S2-08,asia_reclaim,EURUSD,2013-02-13 03:15:00+00:00,2013-02-13 03:30:00+00:00,2013-02-13 03:30:00+00:00,1,-0.9999999999997928,SL,False
S2-08,asia_reclaim,EURUSD,2013-02-13 03:30:00+00:00,2013-02-13 03:45:00+00:00,2013-02-13 03:45:00+00:00,1,-0.9999999999998551,SL,False
S2-08,asia_reclaim,EURUSD,2013-02-13 03:45:00+00:00,2013-02-13 04:00:00+00:00,2013-02-13 04:00:00+00:00,1,-0.9999999999999316,SL,False
S2-08,asia_reclaim,EURUSD,2013-02-14 01:00:00+00:00,2013-02-14 01:15:00+00:00,2013-02-14 01:30:00+00:00,1,1.0000000000001157,TP,False
S2-08,asia_reclaim,EURUSD,2013-02-14 05:45:00+00:00,2013-02-14 06:00:00+00:00,2013-02-14 06:45:00+00:00,1,-1.0000000000001836,SL,True
S2-08,asia_reclaim,EURUSD,2013-02-15 01:15:00+00:00,2013-02-15 01:30:00+00:00,2013-02-15 02:30:00+00:00,1,0.9999999999998624,TP,False
S2-08,asia_reclaim,EURUSD,2013-02-15 02:30:00+00:00,2013-02-15 02:45:00+00:00,2013-02-15 02:45:00+00:00,-1,-0.9999999999998486,SL,False
S2-08,asia_reclaim,EURUSD,2013-02-15 03:00:00+00:00,2013-02-15 03:15:00+00:00,2013-02-15 03:15:00+00:00,-1,-1.0000000000000495,SL,False
S2-08,asia_reclaim,EURUSD,2013-02-15 03:15:00+00:00,2013-02-15 03:30:00+00:00,2013-02-15 04:00:00+00:00,-1,-0.9999999999999032,SL,False
S2-08,asia_reclaim,EURUSD,2013-02-18 01:00:00+00:00,2013-02-18 01:15:00+00:00,2013-02-18 03:15:00+00:00,1,-1.0000000000001237,SL,False
S2-08,asia_reclaim,EURUSD,2013-02-18 03:30:00+00:00,2013-02-18 03:45:00+00:00,2013-02-18 04:15:00+00:00,1,1.0,TP,False
S2-08,asia_reclaim,EURUSD,2013-02-19 04:30:00+00:00,2013-02-19 04:45:00+00:00,2013-02-19 04:45:00+00:00,-1,-1.000000000000227,SL,False
S2-08,asia_reclaim,EURUSD,2013-02-19 05:00:00+00:00,2013-02-19 05:15:00+00:00,2013-02-19 06:00:00+00:00,-1,-1.000000000000221,SL,False
S2-08,asia_reclaim,EURUSD,2013-02-21 01:15:00+00:00,2013-02-21 01:30:00+00:00,2013-02-21 01:45:00+00:00,-1,1.0000000000000988,TP,False
S2-08,asia_reclaim,EURUSD,2013-02-21 04:15:00+00:00,2013-02-21 04:30:00+00:00,2013-02-21 04:45:00+00:00,1,0.9999999999998467,TP,False
S2-08,asia_reclaim,EURUSD,2013-02-22 03:45:00+00:00,2013-02-22 04:00:00+00:00,2013-02-22 04:00:00+00:00,-1,-0.9999999999999473,SL,False
S2-08,asia_reclaim,EURUSD,2013-02-25 01:15:00+00:00,2013-02-25 01:30:00+00:00,2013-02-25 05:15:00+00:00,-1,-0.12203969446131227,TIME,False
S2-08,asia_reclaim,EURUSD,2013-02-25 05:15:00+00:00,2013-02-25 05:30:00+00:00,2013-02-25 05:30:00+00:00,-1,-0.999999999999922,SL,False
S2-08,asia_reclaim,EURUSD,2013-02-25 06:15:00+00:00,2013-02-25 06:30:00+00:00,2013-02-25 06:30:00+00:00,-1,-1.0000000000001745,SL,False
S2-08,asia_reclaim,EURUSD,2013-02-25 06:45:00+00:00,2013-02-25 07:00:00+00:00,2013-02-25 07:15:00+00:00,-1,-1.0000000000001037,SL,False
S2-08,asia_reclaim,EURUSD,2013-02-26 04:15:00+00:00,2013-02-26 04:30:00+00:00,2013-02-26 04:30:00+00:00,1,-1.0,SL,False
S2-08,asia_reclaim,EURUSD,2013-02-27 01:30:00+00:00,2013-02-27 01:45:00+00:00,2013-02-27 02:15:00+00:00,1,1.0000000000000524,TP,False
S2-08,asia_reclaim,EURUSD,2013-02-27 03:15:00+00:00,2013-02-27 03:30:00+00:00,2013-02-27 03:30:00+00:00,-1,-1.0000000000000426,SL,False
S2-08,asia_reclaim,EURUSD,2013-02-27 03:30:00+00:00,2013-02-27 03:45:00+00:00,2013-02-27 05:00:00+00:00,-1,0.9999999999998765,TP,False
S2-08,asia_reclaim,EURUSD,2013-02-27 06:15:00+00:00,2013-02-27 06:30:00+00:00,2013-02-27 07:00:00+00:00,-1,-1.0000000000000757,SL,False
S2-08,asia_reclaim,EURUSD,2013-02-28 01:00:00+00:00,2013-02-28 01:15:00+00:00,2013-02-28 01:45:00+00:00,1,1.0,TP,False
S2-08,asia_reclaim,EURUSD,2013-02-28 01:45:00+00:00,2013-02-28 02:00:00+00:00,2013-02-28 02:00:00+00:00,-1,1.0,TP,False
S2-08,asia_reclaim,EURUSD,2013-02-28 02:00:00+00:00,2013-02-28 02:15:00+00:00,2013-02-28 05:00:00+00:00,1,1.0,TP,False
S2-08,asia_reclaim,EURUSD,2013-02-28 06:45:00+00:00,2013-02-28 07:00:00+00:00,2013-02-28 07:00:00+00:00,1,-1.0000000000001432,SL,True
S2-08,asia_reclaim,EURUSD,2013-03-01 01:30:00+00:00,2013-03-01 01:45:00+00:00,2013-03-01 02:15:00+00:00,-1,-1.0000000000001026,SL,False
S2-08,asia_reclaim,EURUSD,2013-03-01 02:30:00+00:00,2013-03-01 02:45:00+00:00,2013-03-01 05:00:00+00:00,-1,-1.0000000000000584,SL,False
S2-08,asia_reclaim,EURUSD,2013-03-01 05:45:00+00:00,2013-03-01 06:00:00+00:00,2013-03-01 06:00:00+00:00,-1,1.0,TP,False
S2-08,asia_reclaim,EURUSD,2013-03-05 01:15:00+00:00,2013-03-05 01:30:00+00:00,2013-03-05 01:45:00+00:00,-1,0.99999999999995,TP,False
S2-08,asia_reclaim,EURUSD,2013-03-05 02:15:00+00:00,2013-03-05 02:30:00+00:00,2013-03-05 03:15:00+00:00,1,0.9999999999998983,TP,False
S2-08,asia_reclaim,EURUSD,2013-03-06 02:45:00+00:00,2013-03-06 03:00:00+00:00,2013-03-06 04:45:00+00:00,-1,0.9999999999998782,TP,False
S2-08,asia_reclaim,EURUSD,2013-03-06 06:00:00+00:00,2013-03-06 06:15:00+00:00,2013-03-06 06:30:00+00:00,-1,1.0000000000002232,TP,False
S2-08,asia_reclaim,EURUSD,2013-03-07 04:00:00+00:00,2013-03-07 04:15:00+00:00,2013-03-07 05:30:00+00:00,-1,-1.000000000000058,SL,False
S2-08,asia_reclaim,EURUSD,2013-03-07 05:30:00+00:00,2013-03-07 05:45:00+00:00,2013-03-07 07:15:00+00:00,-1,0.9999999999999349,TP,False
S2-08,asia_reclaim,EURUSD,2013-03-08 01:15:00+00:00,2013-03-08 01:30:00+00:00,2013-03-08 02:00:00+00:00,1,-0.9999999999998724,SL,False
S2-08,asia_reclaim,EURUSD,2013-03-08 02:00:00+00:00,2013-03-08 02:15:00+00:00,2013-03-08 02:30:00+00:00,1,-0.9999999999999389,SL,False
S2-08,asia_reclaim,EURUSD,2013-03-08 02:45:00+00:00,2013-03-08 03:00:00+00:00,2013-03-08 03:15:00+00:00,1,1.0000000000001807,TP,False
S2-08,asia_reclaim,EURUSD,2013-03-08 06:45:00+00:00,2013-03-08 07:00:00+00:00,2013-03-08 07:00:00+00:00,1,0.9999999999999352,TP,False
S2-08,asia_reclaim,EURUSD,2013-03-11 03:00:00+00:00,2013-03-11 03:15:00+00:00,2013-03-11 04:45:00+00:00,-1,0.9999999999999349,TP,False
S2-08,asia_reclaim,EURUSD,2013-03-11 06:30:00+00:00,2013-03-11 06:45:00+00:00,2013-03-11 07:00:00+00:00,-1,-0.9999999999999325,SL,False
S2-08,asia_reclaim,EURUSD,2013-03-12 01:45:00+00:00,2013-03-12 02:00:00+00:00,2013-03-12 02:45:00+00:00,-1,0.9999999999998204,TP,False
S2-08,asia_reclaim,EURUSD,2013-03-12 04:00:00+00:00,2013-03-12 04:15:00+00:00,2013-03-12 04:45:00+00:00,1,1.0000000000000742,TP,False
S2-08,asia_reclaim,EURUSD,2013-03-12 06:15:00+00:00,2013-03-12 06:30:00+00:00,2013-03-12 06:45:00+00:00,1,-0.9999999999998068,SL,False
S2-08,asia_reclaim,EURUSD,2013-03-12 06:45:00+00:00,2013-03-12 07:00:00+00:00,2013-03-12 07:15:00+00:00,1,1.0000000000000624,TP,False
S2-08,asia_reclaim,EURUSD,2013-03-13 01:45:00+00:00,2013-03-13 02:00:00+00:00,2013-03-13 02:00:00+00:00,-1,-0.9999999999999262,SL,False
S2-08,asia_reclaim,EURUSD,2013-03-13 03:45:00+00:00,2013-03-13 04:00:00+00:00,2013-03-13 05:30:00+00:00,-1,-1.0,SL,False
S2-08,asia_reclaim,EURUSD,2013-03-13 05:30:00+00:00,2013-03-13 05:45:00+00:00,2013-03-13 05:45:00+00:00,-1,1.0000000000000937,TP,False
S2-08,asia_reclaim,EURUSD,2013-03-14 01:00:00+00:00,2013-03-14 01:15:00+00:00,2013-03-14 01:30:00+00:00,-1,0.9999999999998382,TP,False
S2-08,asia_reclaim,EURUSD,2013-03-14 04:45:00+00:00,2013-03-14 05:00:00+00:00,2013-03-14 05:45:00+00:00,1,1.0,TP,False
S2-08,asia_reclaim,EURUSD,2013-03-15 01:30:00+00:00,2013-03-15 01:45:00+00:00,2013-03-15 01:45:00+00:00,-1,1.0,TP,False
S2-08,asia_reclaim,EURUSD,2013-03-15 04:00:00+00:00,2013-03-15 04:15:00+00:00,2013-03-15 04:15:00+00:00,-1,-1.0000000000001563,SL,False
S2-08,asia_reclaim,EURUSD,2013-03-18 01:30:00+00:00,2013-03-18 01:45:00+00:00,2013-03-18 03:45:00+00:00,1,0.9999999999999512,TP,False
S2-08,asia_reclaim,EURUSD,2013-03-18 05:45:00+00:00,2013-03-18 06:00:00+00:00,2013-03-18 06:00:00+00:00,1,1.0000000000000444,TP,False
S2-08,asia_reclaim,EURUSD,2013-03-19 01:00:00+00:00,2013-03-19 01:15:00+00:00,2013-03-19 03:30:00+00:00,-1,1.0000000000001457,TP,False
S2-08,asia_reclaim,EURUSD,2013-03-19 05:45:00+00:00,2013-03-19 06:00:00+00:00,2013-03-19 06:00:00+00:00,-1,1.00000000000011,TP,False
S2-08,asia_reclaim,EURUSD,2013-03-20 01:00:00+00:00,2013-03-20 01:15:00+00:00,2013-03-20 01:15:00+00:00,-1,-1.0,SL,False
S2-08,asia_reclaim,EURUSD,2013-03-20 02:00:00+00:00,2013-03-20 02:15:00+00:00,2013-03-20 02:45:00+00:00,-1,-1.000000000000119,SL,False
S2-08,asia_reclaim,EURUSD,2013-03-20 03:15:00+00:00,2013-03-20 03:30:00+00:00,2013-03-20 04:45:00+00:00,-1,0.9999999999999325,TP,False
S2-08,asia_reclaim,EURUSD,2013-03-20 06:30:00+00:00,2013-03-20 06:45:00+00:00,2013-03-20 06:45:00+00:00,-1,-0.9999999999998057,SL,False
S2-08,asia_reclaim,EURUSD,2013-03-20 06:45:00+00:00,2013-03-20 07:00:00+00:00,2013-03-20 07:00:00+00:00,-1,-1.0000000000001201,SL,True
S2-08,asia_reclaim,EURUSD,2013-03-21 02:00:00+00:00,2013-03-21 02:15:00+00:00,2013-03-21 02:15:00+00:00,-1,-1.0000000000001699,SL,False
S2-08,asia_reclaim,EURUSD,2013-03-21 02:15:00+00:00,2013-03-21 02:30:00+00:00,2013-03-21 03:00:00+00:00,-1,-1.0,SL,False
S2-08,asia_reclaim,EURUSD,2013-03-21 03:00:00+00:00,2013-03-21 03:15:00+00:00,2013-03-21 03:45:00+00:00,-1,1.0000000000001172,TP,False
S2-08,asia_reclaim,EURUSD,2013-03-21 06:45:00+00:00,2013-03-21 07:00:00+00:00,2013-03-21 07:00:00+00:00,1,1.0,TP,False
S2-08,asia_reclaim,EURUSD,2013-03-22 01:15:00+00:00,2013-03-22 01:30:00+00:00,2013-03-22 04:30:00+00:00,-1,-0.9999999999998241,SL,False
S2-08,asia_reclaim,EURUSD,2013-03-22 04:30:00+00:00,2013-03-22 04:45:00+00:00,2013-03-22 04:45:00+00:00,-1,-1.0000000000002804,SL,False
S2-08,asia_reclaim,EURUSD,2013-03-22 05:15:00+00:00,2013-03-22 05:30:00+00:00,2013-03-22 05:30:00+00:00,-1,0.9999999999997925,TP,False
S2-08,asia_reclaim,EURUSD,2013-03-22 06:00:00+00:00,2013-03-22 06:15:00+00:00,2013-03-22 07:00:00+00:00,1,1.000000000000049,TP,False
S2-08,asia_reclaim,EURUSD,2013-03-25 01:15:00+00:00,2013-03-25 01:30:00+00:00,2013-03-25 02:30:00+00:00,-1,1.0,TP,False
S2-08,asia_reclaim,EURUSD,2013-03-25 06:00:00+00:00,2013-03-25 06:15:00+00:00,2013-03-25 06:15:00+00:00,-1,1.0,TP,False
S2-08,asia_reclaim,EURUSD,2013-03-26 01:45:00+00:00,2013-03-26 02:00:00+00:00,2013-03-26 04:30:00+00:00,-1,1.0000000000001485,TP,False
S2-08,asia_reclaim,EURUSD,2013-03-26 05:45:00+00:00,2013-03-26 06:00:00+00:00,2013-03-26 06:00:00+00:00,-1,-1.0,SL,False
S2-08,asia_reclaim,EURUSD,2013-03-27 01:00:00+00:00,2013-03-27 01:15:00+00:00,2013-03-27 01:30:00+00:00,1,-1.0,SL,False
S2-08,asia_reclaim,EURUSD,2013-03-27 02:00:00+00:00,2013-03-27 02:15:00+00:00,2013-03-27 02:45:00+00:00,1,-1.0000000000000766,SL,False
S2-08,asia_reclaim,EURUSD,2013-03-27 02:45:00+00:00,2013-03-27 03:00:00+00:00,2013-03-27 03:30:00+00:00,1,-1.0000000000000766,SL,False
S2-08,asia_reclaim,EURUSD,2013-03-28 01:00:00+00:00,2013-03-28 01:15:00+00:00,2013-03-28 01:30:00+00:00,-1,1.000000000000205,TP,False
S2-08,asia_reclaim,EURUSD,2013-03-28 02:45:00+00:00,2013-03-28 03:00:00+00:00,2013-03-28 03:30:00+00:00,-1,1.000000000000058,TP,False
S2-08,asia_reclaim,EURUSD,2013-03-28 06:45:00+00:00,2013-03-28 07:00:00+00:00,2013-03-28 07:00:00+00:00,-1,-1.0,SL,False
S2-08,asia_reclaim,EURUSD,2013-03-29 06:00:00+00:00,2013-03-29 06:15:00+00:00,2013-03-29 07:00:00+00:00,1,0.99999999999986,TP,False
S2-08,asia_reclaim,EURUSD,2013-04-01 01:45:00+00:00,2013-04-01 02:00:00+00:00,2013-04-01 02:15:00+00:00,1,0.9999999999999427,TP,False
S2-08,asia_reclaim,EURUSD,2013-04-02 01:30:00+00:00,2013-04-02 01:45:00+00:00,2013-04-02 02:15:00+00:00,-1,0.9999999999999382,TP,False
S2-08,asia_reclaim,EURUSD,2013-04-02 03:45:00+00:00,2013-04-02 04:00:00+00:00,2013-04-02 04:30:00+00:00,-1,0.9999999999999495,TP,False
S2-08,asia_reclaim,EURUSD,2013-04-03 06:00:00+00:00,2013-04-03 06:15:00+00:00,2013-04-03 06:15:00+00:00,1,-0.9999999999997429,SL,False
S2-08,asia_reclaim,EURUSD,2013-04-03 06:30:00+00:00,2013-04-03 06:45:00+00:00,2013-04-03 06:45:00+00:00,1,1.0,TP,False
S2-08,asia_reclaim,EURUSD,2013-04-04 06:45:00+00:00,2013-04-04 07:00:00+00:00,2013-04-04 07:00:00+00:00,1,0.9999999999999215,TP,False
S2-08,asia_reclaim,EURUSD,2013-04-05 02:30:00+00:00,2013-04-05 02:45:00+00:00,2013-04-05 03:30:00+00:00,1,0.9999999999998223,TP,False
S2-08,asia_reclaim,EURUSD,2013-04-05 04:30:00+00:00,2013-04-05 04:45:00+00:00,2013-04-05 04:45:00+00:00,-1,1.0000000000001228,TP,False
S2-08,asia_reclaim,EURUSD,2013-04-08 01:00:00+00:00,2013-04-08 01:15:00+00:00,2013-04-08 04:45:00+00:00,1,-1.0000000000000389,SL,False
S2-08,asia_reclaim,EURUSD,2013-04-08 04:45:00+00:00,2013-04-08 05:00:00+00:00,2013-04-08 05:00:00+00:00,1,-0.999999999999853,SL,False
S2-08,asia_reclaim,EURUSD,2013-04-08 05:00:00+00:00,2013-04-08 05:15:00+00:00,2013-04-08 05:30:00+00:00,1,-1.0000000000001426,SL,False
S2-08,asia_reclaim,EURUSD,2013-04-08 05:45:00+00:00,2013-04-08 06:00:00+00:00,2013-04-08 06:00:00+00:00,1,-1.0000000000001883,SL,False
S2-08,asia_reclaim,EURUSD,2013-04-08 06:15:00+00:00,2013-04-08 06:30:00+00:00,2013-04-08 06:30:00+00:00,1,-0.9999999999999012,SL,False
S2-08,asia_reclaim,EURUSD,2013-04-10 01:00:00+00:00,2013-04-10 01:15:00+00:00,2013-04-10 01:15:00+00:00,-1,-1.0000000000000677,SL,False
S2-08,asia_reclaim,EURUSD,2013-04-10 01:15:00+00:00,2013-04-10 01:30:00+00:00,2013-04-10 02:30:00+00:00,-1,-1.0,SL,False
S2-08,asia_reclaim,EURUSD,2013-04-10 02:30:00+00:00,2013-04-10 02:45:00+00:00,2013-04-10 05:15:00+00:00,-1,1.0000000000001192,TP,False
S2-08,asia_reclaim,EURUSD,2013-04-11 04:30:00+00:00,2013-04-11 04:45:00+00:00,2013-04-11 05:00:00+00:00,-1,-1.0000000000001883,SL,False
S2-08,asia_reclaim,EURUSD,2013-04-11 06:00:00+00:00,2013-04-11 06:15:00+00:00,2013-04-11 06:15:00+00:00,-1,-0.9999999999998525,SL,False
S2-08,asia_reclaim,EURUSD,2013-04-11 06:30:00+00:00,2013-04-11 06:45:00+00:00,2013-04-11 07:00:00+00:00,-1,-0.9999999999998687,SL,True
S2-08,asia_reclaim,EURUSD,2013-04-12 01:15:00+00:00,2013-04-12 01:30:00+00:00,2013-04-12 03:00:00+00:00,-1,-1.0,SL,False
S2-08,asia_reclaim,EURUSD,2013-04-12 03:15:00+00:00,2013-04-12 03:30:00+00:00,2013-04-12 03:30:00+00:00,-1,0.9999999999998228,TP,False
S2-08,asia_reclaim,EURUSD,2013-04-12 06:15:00+00:00,2013-04-12 06:30:00+00:00,2013-04-12 06:30:00+00:00,1,-0.9999999999999504,SL,False
S2-08,asia_reclaim,EURUSD,2013-04-12 06:45:00+00:00,2013-04-12 07:00:00+00:00,2013-04-12 07:00:00+00:00,1,-0.9999999999998674,SL,False
S2-08,asia_reclaim,EURUSD,2013-04-15 01:15:00+00:00,2013-04-15 01:30:00+00:00,2013-04-15 01:45:00+00:00,-1,1.0000000000001092,TP,False
S2-08,asia_reclaim,EURUSD,2013-04-15 02:00:00+00:00,2013-04-15 02:15:00+00:00,2013-04-15 02:30:00+00:00,1,-1.0,SL,False
S2-08,asia_reclaim,EURUSD,2013-04-15 02:45:00+00:00,2013-04-15 03:00:00+00:00,2013-04-15 03:30:00+00:00,1,-0.9999999999998828,SL,False
S2-08,asia_reclaim,EURUSD,2013-04-15 06:00:00+00:00,2013-04-15 06:15:00+00:00,2013-04-15 06:30:00+00:00,1,1.0000000000000933,TP,False
S2-08,asia_reclaim,EURUSD,2013-04-16 01:00:00+00:00,2013-04-16 01:15:00+00:00,2013-04-16 01:45:00+00:00,1,-0.9999999999999182,SL,False
S2-08,asia_reclaim,EURUSD,2013-04-16 04:15:00+00:00,2013-04-16 04:30:00+00:00,2013-04-16 06:15:00+00:00,-1,-0.9999999999999272,SL,False
S2-08,asia_reclaim,EURUSD,2013-04-17 01:30:00+00:00,2013-04-17 01:45:00+00:00,2013-04-17 02:30:00+00:00,-1,1.000000000000156,TP,False
S2-08,asia_reclaim,EURUSD,2013-04-17 03:00:00+00:00,2013-04-17 03:15:00+00:00,2013-04-17 04:45:00+00:00,1,1.000000000000062,TP,False
S2-08,asia_reclaim,EURUSD,2013-04-18 01:00:00+00:00,2013-04-18 01:15:00+00:00,2013-04-18 02:00:00+00:00,1,0.9999999999998905,TP,False
S2-08,asia_reclaim,EURUSD,2013-04-18 04:30:00+00:00,2013-04-18 04:45:00+00:00,2013-04-18 05:00:00+00:00,-1,0.999999999999903,TP,False
S2-08,asia_reclaim,EURUSD,2013-04-19 02:15:00+00:00,2013-04-19 02:30:00+00:00,2013-04-19 02:30:00+00:00,-1,1.0000000000001472,TP,False
S2-08,asia_reclaim,EURUSD,2013-04-22 01:45:00+00:00,2013-04-22 02:00:00+00:00,2013-04-22 02:15:00+00:00,-1,-1.0000000000001465,SL,False
S2-08,asia_reclaim,EURUSD,2013-04-22 02:15:00+00:00,2013-04-22 02:30:00+00:00,2013-04-22 04:00:00+00:00,-1,1.0,TP,False
S2-08,asia_reclaim,EURUSD,2013-04-22 06:15:00+00:00,2013-04-22 06:30:00+00:00,2013-04-22 06:30:00+00:00,1,-0.9999999999999366,SL,False
S2-08,asia_reclaim,EURUSD,2013-04-22 06:30:00+00:00,2013-04-22 06:45:00+00:00,2013-04-22 06:45:00+00:00,1,0.9999999999999422,TP,False
S2-08,asia_reclaim,EURUSD,2013-04-23 02:00:00+00:00,2013-04-23 02:15:00+00:00,2013-04-23 02:15:00+00:00,1,1.0000000000002087,TP,False
S2-08,asia_reclaim,EURUSD,2013-04-23 02:15:00+00:00,2013-04-23 02:30:00+00:00,2013-04-23 02:45:00+00:00,1,-0.9999999999998199,SL,False
S2-08,asia_reclaim,EURUSD,2013-04-23 03:30:00+00:00,2013-04-23 03:45:00+00:00,2013-04-23 03:45:00+00:00,1,-0.9999999999998508,SL,False
S2-08,asia_reclaim,EURUSD,2013-04-24 01:30:00+00:00,2013-04-24 01:45:00+00:00,2013-04-24 02:30:00+00:00,1,-1.0000000000001847,SL,False
S2-08,asia_reclaim,EURUSD,2013-04-24 02:30:00+00:00,2013-04-24 02:45:00+00:00,2013-04-24 03:15:00+00:00,1,0.9999999999999427,TP,False
S2-08,asia_reclaim,EURUSD,2013-04-24 05:30:00+00:00,2013-04-24 05:45:00+00:00,2013-04-24 06:30:00+00:00,-1,0.9999999999998102,TP,False
S2-08,asia_reclaim,EURUSD,2013-04-25 01:45:00+00:00,2013-04-25 02:00:00+00:00,2013-04-25 04:15:00+00:00,-1,1.0000000000000886,TP,False
S2-08,asia_reclaim,EURUSD,2013-04-29 02:30:00+00:00,2013-04-29 02:45:00+00:00,2013-04-29 03:00:00+00:00,-1,1.0000000000001397,TP,False
S2-08,asia_reclaim,EURUSD,2013-04-30 06:15:00+00:00,2013-04-30 06:30:00+00:00,2013-04-30 06:30:00+00:00,1,-1.0000000000000437,SL,False
S2-08,asia_reclaim,EURUSD,2013-05-02 01:15:00+00:00,2013-05-02 01:30:00+00:00,2013-05-02 01:30:00+00:00,-1,1.000000000000119,TP,False
S2-08,asia_reclaim,EURUSD,2013-05-03 01:00:00+00:00,2013-05-03 01:15:00+00:00,2013-05-03 02:00:00+00:00,-1,-1.000000000000141,SL,False
S2-08,asia_reclaim,EURUSD,2013-05-06 01:00:00+00:00,2013-05-06 01:15:00+00:00,2013-05-06 01:45:00+00:00,-1,1.0000000000000917,TP,False
S2-08,asia_reclaim,EURUSD,2013-05-06 06:45:00+00:00,2013-05-06 07:00:00+00:00,2013-05-06 07:00:00+00:00,1,-1.0000000000002234,SL,False
S2-08,asia_reclaim,EURUSD,2013-05-07 01:15:00+00:00,2013-05-07 01:30:00+00:00,2013-05-07 01:45:00+00:00,-1,0.9999999999998512,TP,False
S2-08,asia_reclaim,EURUSD,2013-05-07 04:30:00+00:00,2013-05-07 04:45:00+00:00,2013-05-07 04:45:00+00:00,-1,-1.0000000000001468,SL,False
S2-08,asia_reclaim,EURUSD,2013-05-07 05:30:00+00:00,2013-05-07 05:45:00+00:00,2013-05-07 06:00:00+00:00,-1,0.9999999999998657,TP,False
S2-08,asia_reclaim,EURUSD,2013-05-08 01:30:00+00:00,2013-05-08 01:45:00+00:00,2013-05-08 01:45:00+00:00,-1,-0.9999999999999292,SL,False
S2-08,asia_reclaim,EURUSD,2013-05-08 06:15:00+00:00,2013-05-08 06:30:00+00:00,2013-05-08 06:30:00+00:00,-1,-0.9999999999999305,SL,False
S2-08,asia_reclaim,EURUSD,2013-05-08 06:30:00+00:00,2013-05-08 06:45:00+00:00,2013-05-08 06:45:00+00:00,-1,-1.0000000000001303,SL,False
S2-08,asia_reclaim,EURUSD,2013-05-09 01:30:00+00:00,2013-05-09 01:45:00+00:00,2013-05-09 02:00:00+00:00,-1,1.000000000000245,TP,False
S2-08,asia_reclaim,EURUSD,2013-05-09 03:45:00+00:00,2013-05-09 04:00:00+00:00,2013-05-09 04:00:00+00:00,-1,1.000000000000141,TP,False
S2-08,asia_reclaim,EURUSD,2013-05-09 05:45:00+00:00,2013-05-09 06:00:00+00:00,2013-05-09 06:00:00+00:00,1,0.9999999999999315,TP,False
S2-08,asia_reclaim,EURUSD,2013-05-09 06:15:00+00:00,2013-05-09 06:30:00+00:00,2013-05-09 07:00:00+00:00,1,-1.0,SL,False
S2-08,asia_reclaim,EURUSD,2013-05-10 01:30:00+00:00,2013-05-10 01:45:00+00:00,2013-05-10 02:00:00+00:00,-1,-0.9999999999999564,SL,False
S2-08,asia_reclaim,EURUSD,2013-05-10 04:00:00+00:00,2013-05-10 04:15:00+00:00,2013-05-10 05:30:00+00:00,-1,-1.0000000000001,SL,False
S2-08,asia_reclaim,EURUSD,2013-05-10 06:15:00+00:00,2013-05-10 06:30:00+00:00,2013-05-10 06:45:00+00:00,1,-0.9999999999999035,SL,True
S2-08,asia_reclaim,EURUSD,2013-05-13 01:00:00+00:00,2013-05-13 01:15:00+00:00,2013-05-13 01:15:00+00:00,1,-1.0,SL,False
S2-08,asia_reclaim,EURUSD,2013-05-13 05:00:00+00:00,2013-05-13 05:15:00+00:00,2013-05-13 05:15:00+00:00,-1,-1.0000000000000577,SL,False
S2-08,asia_reclaim,EURUSD,2013-05-13 06:30:00+00:00,2013-05-13 06:45:00+00:00,2013-05-13 07:00:00+00:00,-1,-0.9999999999999041,SL,True
S2-08,asia_reclaim,EURUSD,2013-05-15 01:00:00+00:00,2013-05-15 01:15:00+00:00,2013-05-15 01:30:00+00:00,-1,1.0000000000001898,TP,False
S2-08,asia_reclaim,EURUSD,2013-05-15 05:45:00+00:00,2013-05-15 06:00:00+00:00,2013-05-15 06:00:00+00:00,-1,1.0,TP,False
S2-08,asia_reclaim,EURUSD,2013-05-15 06:30:00+00:00,2013-05-15 06:45:00+00:00,2013-05-15 06:45:00+00:00,1,0.9999999999999237,TP,False
S2-08,asia_reclaim,EURUSD,2013-05-15 06:45:00+00:00,2013-05-15 07:00:00+00:00,2013-05-15 07:15:00+00:00,1,-1.0000000000001092,SL,False
S2-08,asia_reclaim,EURUSD,2013-05-16 01:30:00+00:00,2013-05-16 01:45:00+00:00,2013-05-16 03:15:00+00:00,1,-1.0000000000000955,SL,False
S2-08,asia_reclaim,EURUSD,2013-05-16 03:15:00+00:00,2013-05-16 03:30:00+00:00,2013-05-16 05:30:00+00:00,1,0.9999999999998563,TP,False
S2-08,asia_reclaim,EURUSD,2013-05-16 06:00:00+00:00,2013-05-16 06:15:00+00:00,2013-05-16 06:15:00+00:00,1,-0.9999999999998197,SL,False
S2-08,asia_reclaim,EURUSD,2013-05-17 01:15:00+00:00,2013-05-17 01:30:00+00:00,2013-05-17 02:00:00+00:00,1,-1.000000000000174,SL,False
S2-08,asia_reclaim,EURUSD,2013-05-17 02:45:00+00:00,2013-05-17 03:00:00+00:00,2013-05-17 04:00:00+00:00,1,-1.0000000000001554,SL,False
S2-08,asia_reclaim,EURUSD,2013-05-17 04:00:00+00:00,2013-05-17 04:15:00+00:00,2013-05-17 04:15:00+00:00,1,1.0,TP,False
S2-08,asia_reclaim,EURUSD,2013-05-17 04:15:00+00:00,2013-05-17 04:30:00+00:00,2013-05-17 06:00:00+00:00,1,-0.9999999999998382,SL,False
S2-08,asia_reclaim,EURUSD,2013-05-20 02:00:00+00:00,2013-05-20 02:15:00+00:00,2013-05-20 03:00:00+00:00,-1,-1.000000000000123,SL,False
S2-08,asia_reclaim,EURUSD,2013-05-20 04:00:00+00:00,2013-05-20 04:15:00+00:00,2013-05-20 04:45:00+00:00,-1,-0.9999999999998889,SL,False
S2-08,asia_reclaim,EURUSD,2013-05-20 05:15:00+00:00,2013-05-20 05:30:00+00:00,2013-05-20 05:45:00+00:00,-1,0.9999999999999456,TP,False
S2-08,asia_reclaim,EURUSD,2013-05-21 01:00:00+00:00,2013-05-21 01:15:00+00:00,2013-05-21 02:30:00+00:00,1,1.0000000000000395,TP,False
S2-08,asia_reclaim,EURUSD,2013-05-21 02:45:00+00:00,2013-05-21 03:00:00+00:00,2013-05-21 04:00:00+00:00,-1,1.0000000000001317,TP,False
S2-08,asia_reclaim,EURUSD,2013-05-21 06:00:00+00:00,2013-05-21 06:15:00+00:00,2013-05-21 06:15:00+00:00,-1,1.0000000000001172,TP,False
S2-08,asia_reclaim,EURUSD,2013-05-22 03:30:00+00:00,2013-05-22 03:45:00+00:00,2013-05-22 04:00:00+00:00,1,-1.0000000000000528,SL,False
S2-08,asia_reclaim,EURUSD,2013-05-22 04:00:00+00:00,2013-05-22 04:15:00+00:00,2013-05-22 05:00:00+00:00,1,-1.0,SL,False
S2-08,asia_reclaim,EURUSD,2013-05-22 05:00:00+00:00,2013-05-22 05:15:00+00:00,2013-05-22 05:30:00+00:00,1,-1.0000000000000606,SL,False
S2-08,asia_reclaim,EURUSD,2013-05-22 06:00:00+00:00,2013-05-22 06:15:00+00:00,2013-05-22 06:30:00+00:00,1,-0.9999999999998267,SL,False
S2-08,asia_reclaim,EURUSD,2013-05-22 06:30:00+00:00,2013-05-22 06:45:00+00:00,2013-05-22 06:45:00+00:00,1,1.0000000000000528,TP,False
S2-08,asia_reclaim,EURUSD,2013-05-23 01:15:00+00:00,2013-05-23 01:30:00+00:00,2013-05-23 02:15:00+00:00,1,1.000000000000043,TP,False
S2-08,asia_reclaim,EURUSD,2013-05-23 06:15:00+00:00,2013-05-23 06:30:00+00:00,2013-05-23 06:30:00+00:00,1,1.0000000000000346,TP,False
S2-08,asia_reclaim,EURUSD,2013-05-24 05:45:00+00:00,2013-05-24 06:00:00+00:00,2013-05-24 06:00:00+00:00,-1,-0.9999999999999646,SL,False
S2-08,asia_reclaim,EURUSD,2013-05-24 06:15:00+00:00,2013-05-24 06:30:00+00:00,2013-05-24 07:30:00+00:00,-1,0.999999999999968,TP,False
S2-08,asia_reclaim,EURUSD,2013-05-27 06:30:00+00:00,2013-05-27 06:45:00+00:00,2013-05-27 07:15:00+00:00,-1,-1.0000000000001459,SL,False
S2-08,asia_reclaim,EURUSD,2013-05-28 01:00:00+00:00,2013-05-28 01:15:00+00:00,2013-05-28 01:30:00+00:00,1,0.9999999999998752,TP,False
S2-08,asia_reclaim,EURUSD,2013-05-29 01:00:00+00:00,2013-05-29 01:15:00+00:00,2013-05-29 02:15:00+00:00,-1,-1.0000000000001024,SL,False
S2-08,asia_reclaim,EURUSD,2013-05-29 02:15:00+00:00,2013-05-29 02:30:00+00:00,2013-05-29 03:00:00+00:00,-1,-0.9999999999999535,SL,False
S2-08,asia_reclaim,EURUSD,2013-05-29 03:00:00+00:00,2013-05-29 03:15:00+00:00,2013-05-29 03:45:00+00:00,-1,1.0000000000000522,TP,False
S2-08,asia_reclaim,EURUSD,2013-05-29 06:30:00+00:00,2013-05-29 06:45:00+00:00,2013-05-29 07:00:00+00:00,-1,-1.0,SL,False
S2-08,asia_reclaim,EURUSD,2013-05-30 01:45:00+00:00,2013-05-30 02:00:00+00:00,2013-05-30 03:15:00+00:00,-1,0.9999999999999615,TP,False
S2-08,asia_reclaim,EURUSD,2013-05-30 03:45:00+00:00,2013-05-30 04:00:00+00:00,2013-05-30 05:00:00+00:00,-1,-0.9999999999999187,SL,False
S2-08,asia_reclaim,EURUSD,2013-05-30 05:15:00+00:00,2013-05-30 05:30:00+00:00,2013-05-30 05:30:00+00:00,-1,-1.0000000000000504,SL,False
S2-08,asia_reclaim,EURUSD,2013-05-31 03:15:00+00:00,2013-05-31 03:30:00+00:00,2013-05-31 06:00:00+00:00,1,0.9999999999999492,TP,False
S2-08,asia_reclaim,EURUSD,2013-06-03 02:45:00+00:00,2013-06-03 03:00:00+00:00,2013-06-03 03:30:00+00:00,-1,-1.0000000000001283,SL,False
S2-08,asia_reclaim,EURUSD,2013-06-03 05:45:00+00:00,2013-06-03 06:00:00+00:00,2013-06-03 06:00:00+00:00,-1,-0.9999999999999462,SL,False
S2-08,asia_reclaim,EURUSD,2013-06-03 06:00:00+00:00,2013-06-03 06:15:00+00:00,2013-06-03 06:30:00+00:00,-1,-1.0000000000001563,SL,False
S2-08,asia_reclaim,EURUSD,2013-06-04 01:15:00+00:00,2013-06-04 01:30:00+00:00,2013-06-04 03:45:00+00:00,1,-1.0000000000001046,SL,False
S2-08,asia_reclaim,EURUSD,2013-06-04 06:15:00+00:00,2013-06-04 06:30:00+00:00,2013-06-04 06:30:00+00:00,1,-0.9999999999998187,SL,False
S2-08,asia_reclaim,EURUSD,2013-06-04 06:30:00+00:00,2013-06-04 06:45:00+00:00,2013-06-04 07:00:00+00:00,1,1.000000000000161,TP,False
S2-08,asia_reclaim,EURUSD,2013-06-05 03:45:00+00:00,2013-06-05 04:00:00+00:00,2013-06-05 04:00:00+00:00,-1,-1.0000000000000893,SL,False
S2-08,asia_reclaim,EURUSD,2013-06-05 04:00:00+00:00,2013-06-05 04:15:00+00:00,2013-06-05 06:00:00+00:00,-1,-1.000000000000129,SL,False
S2-08,asia_reclaim,EURUSD,2013-06-05 06:00:00+00:00,2013-06-05 06:15:00+00:00,2013-06-05 06:30:00+00:00,-1,-1.0,SL,False
S2-08,asia_reclaim,EURUSD,2013-06-05 06:30:00+00:00,2013-06-05 06:45:00+00:00,2013-06-05 06:45:00+00:00,-1,1.0,TP,False
S2-08,asia_reclaim,EURUSD,2013-06-06 01:30:00+00:00,2013-06-06 01:45:00+00:00,2013-06-06 01:45:00+00:00,-1,-1.0000000000001572,SL,False
S2-08,asia_reclaim,EURUSD,2013-06-06 01:45:00+00:00,2013-06-06 02:00:00+00:00,2013-06-06 04:00:00+00:00,-1,-0.9999999999999023,SL,False
S2-08,asia_reclaim,EURUSD,2013-06-06 04:30:00+00:00,2013-06-06 04:45:00+00:00,2013-06-06 06:15:00+00:00,-1,-0.9999999999999019,SL,False
S2-08,asia_reclaim,EURUSD,2013-06-07 01:15:00+00:00,2013-06-07 01:30:00+00:00,2013-06-07 01:45:00+00:00,-1,0.9999999999998506,TP,False
S2-08,asia_reclaim,EURUSD,2013-06-07 02:15:00+00:00,2013-06-07 02:30:00+00:00,2013-06-07 03:30:00+00:00,-1,-0.9999999999998681,SL,False
S2-08,asia_reclaim,EURUSD,2013-06-07 03:30:00+00:00,2013-06-07 03:45:00+00:00,2013-06-07 04:15:00+00:00,-1,-0.9999999999998758,SL,False
S2-08,asia_reclaim,EURUSD,2013-06-07 04:15:00+00:00,2013-06-07 04:30:00+00:00,2013-06-07 05:15:00+00:00,-1,0.9999999999999241,TP,False
S2-08,asia_reclaim,EURUSD,2013-06-10 03:45:00+00:00,2013-06-10 04:00:00+00:00,2013-06-10 04:00:00+00:00,1,-0.9999999999998579,SL,False
S2-08,asia_reclaim,EURUSD,2013-06-10 04:15:00+00:00,2013-06-10 04:30:00+00:00,2013-06-10 06:00:00+00:00,1,1.0000000000001021,TP,False
S2-08,asia_reclaim,EURUSD,2013-06-11 01:00:00+00:00,2013-06-11 01:15:00+00:00,2013-06-11 01:15:00+00:00,-1,0.9999999999999297,TP,False
S2-08,asia_reclaim,EURUSD,2013-06-11 01:45:00+00:00,2013-06-11 02:00:00+00:00,2013-06-11 02:30:00+00:00,1,1.0000000000001734,TP,False
S2-08,asia_reclaim,EURUSD,2013-06-12 01:00:00+00:00,2013-06-12 01:15:00+00:00,2013-06-12 01:45:00+00:00,-1,1.0000000000001206,TP,False
S2-08,asia_reclaim,EURUSD,2013-06-12 01:45:00+00:00,2013-06-12 02:00:00+00:00,2013-06-12 04:30:00+00:00,1,-0.9999999999999365,SL,False
S2-08,asia_reclaim,EURUSD,2013-06-12 05:00:00+00:00,2013-06-12 05:15:00+00:00,2013-06-12 05:15:00+00:00,1,-1.0000000000000768,SL,False
S2-08,asia_reclaim,EURUSD,2013-06-12 05:45:00+00:00,2013-06-12 06:00:00+00:00,2013-06-12 06:00:00+00:00,1,0.9999999999999349,TP,False
S2-08,asia_reclaim,EURUSD,2013-06-13 01:45:00+00:00,2013-06-13 02:00:00+00:00,2013-06-13 02:00:00+00:00,-1,-0.9999999999998929,SL,False
S2-08,asia_reclaim,EURUSD,2013-06-13 06:30:00+00:00,2013-06-13 06:45:00+00:00,2013-06-13 06:45:00+00:00,-1,0.9999999999998939,TP,False
S2-08,asia_reclaim,EURUSD,2013-06-14 02:15:00+00:00,2013-06-14 02:30:00+00:00,2013-06-14 03:15:00+00:00,1,-1.0,SL,False
S2-08,asia_reclaim,EURUSD,2013-06-14 03:15:00+00:00,2013-06-14 03:30:00+00:00,2013-06-14 04:00:00+00:00,1,-1.000000000000053,SL,False
S2-08,asia_reclaim,EURUSD,2013-06-14 04:45:00+00:00,2013-06-14 05:00:00+00:00,2013-06-14 05:15:00+00:00,1,0.9999999999998052,TP,False
S2-08,asia_reclaim,EURUSD,2013-06-14 06:00:00+00:00,2013-06-14 06:15:00+00:00,2013-06-14 06:15:00+00:00,1,1.0000000000001705,TP,False
S2-08,asia_reclaim,EURUSD,2013-06-17 01:00:00+00:00,2013-06-17 01:15:00+00:00,2013-06-17 01:15:00+00:00,1,1.0,TP,False
S2-08,asia_reclaim,EURUSD,2013-06-17 05:00:00+00:00,2013-06-17 05:15:00+00:00,2013-06-17 05:15:00+00:00,1,0.9999999999997259,TP,False
S2-08,asia_reclaim,EURUSD,2013-06-17 05:15:00+00:00,2013-06-17 05:30:00+00:00,2013-06-17 05:45:00+00:00,1,1.000000000000186,TP,False
S2-08,asia_reclaim,EURUSD,2013-06-18 03:15:00+00:00,2013-06-18 03:30:00+00:00,2013-06-18 04:15:00+00:00,1,-0.9999999999999233,SL,False
S2-08,asia_reclaim,EURUSD,2013-06-18 04:15:00+00:00,2013-06-18 04:30:00+00:00,2013-06-18 04:30:00+00:00,1,-0.9999999999998561,SL,False
S2-08,asia_reclaim,EURUSD,2013-06-18 04:45:00+00:00,2013-06-18 05:00:00+00:00,2013-06-18 05:30:00+00:00,1,0.9999999999997896,TP,False
S2-08,asia_reclaim,EURUSD,2013-06-19 02:00:00+00:00,2013-06-19 02:15:00+00:00,2013-06-19 02:30:00+00:00,1,-1.0000000000002072,SL,False
S2-08,asia_reclaim,EURUSD,2013-06-19 06:45:00+00:00,2013-06-19 07:00:00+00:00,2013-06-19 07:00:00+00:00,-1,0.9999999999998721,TP,False
S2-08,asia_reclaim,EURUSD,2013-06-20 01:15:00+00:00,2013-06-20 01:30:00+00:00,2013-06-20 01:45:00+00:00,1,-1.0000000000000355,SL,False
S2-08,asia_reclaim,EURUSD,2013-06-20 01:45:00+00:00,2013-06-20 02:00:00+00:00,2013-06-20 03:30:00+00:00,1,-0.9999999999999303,SL,False
S2-08,asia_reclaim,EURUSD,2013-06-20 04:00:00+00:00,2013-06-20 04:15:00+00:00,2013-06-20 05:30:00+00:00,1,-1.000000000000111,SL,False
S2-08,asia_reclaim,EURUSD,2013-06-20 05:30:00+00:00,2013-06-20 05:45:00+00:00,2013-06-20 06:00:00+00:00,1,0.9999999999998629,TP,False
S2-08,asia_reclaim,EURUSD,2013-06-20 06:30:00+00:00,2013-06-20 06:45:00+00:00,2013-06-20 06:45:00+00:00,1,-0.9999999999999263,SL,True
S2-08,asia_reclaim,EURUSD,2013-06-20 06:45:00+00:00,2013-06-20 07:00:00+00:00,2013-06-20 07:00:00+00:00,1,0.9999999999999388,TP,False
S2-08,asia_reclaim,EURUSD,2013-06-21 02:30:00+00:00,2013-06-21 02:45:00+00:00,2013-06-21 03:45:00+00:00,-1,1.0000000000000984,TP,False
S2-08,asia_reclaim,EURUSD,2013-06-24 01:00:00+00:00,2013-06-24 01:15:00+00:00,2013-06-24 01:30:00+00:00,-1,0.9999999999998218,TP,False
S2-08,asia_reclaim,EURUSD,2013-06-24 01:45:00+00:00,2013-06-24 02:00:00+00:00,2013-06-24 02:00:00+00:00,1,-1.0000000000001188,SL,False
S2-08,asia_reclaim,EURUSD,2013-06-24 03:00:00+00:00,2013-06-24 03:15:00+00:00,2013-06-24 03:30:00+00:00,1,0.9999999999999507,TP,False
S2-08,asia_reclaim,EURUSD,2013-06-25 01:00:00+00:00,2013-06-25 01:15:00+00:00,2013-06-25 03:15:00+00:00,1,-1.0,SL,False
S2-08,asia_reclaim,EURUSD,2013-06-25 03:30:00+00:00,2013-06-25 03:45:00+00:00,2013-06-25 05:30:00+00:00,1,-1.0000000000000633,SL,False
S2-08,asia_reclaim,EURUSD,2013-06-25 05:30:00+00:00,2013-06-25 05:45:00+00:00,2013-06-25 05:45:00+00:00,1,0.9999999999999345,TP,False
S2-08,asia_reclaim,EURUSD,2013-06-25 06:15:00+00:00,2013-06-25 06:30:00+00:00,2013-06-25 06:30:00+00:00,-1,-0.9999999999998532,SL,False
S2-08,asia_reclaim,EURUSD,2013-06-25 06:45:00+00:00,2013-06-25 07:00:00+00:00,2013-06-25 07:00:00+00:00,-1,1.0000000000000804,TP,False
S2-08,asia_reclaim,EURUSD,2013-06-26 03:00:00+00:00,2013-06-26 03:15:00+00:00,2013-06-26 05:30:00+00:00,1,1.0000000000000941,TP,False
S2-08,asia_reclaim,EURUSD,2013-06-26 06:45:00+00:00,2013-06-26 07:00:00+00:00,2013-06-26 07:00:00+00:00,1,-0.9999999999999046,SL,False
S2-08,asia_reclaim,EURUSD,2013-06-27 01:15:00+00:00,2013-06-27 01:30:00+00:00,2013-06-27 01:30:00+00:00,-1,1.0000000000001434,TP,False
S2-08,asia_reclaim,EURUSD,2013-06-27 01:30:00+00:00,2013-06-27 01:45:00+00:00,2013-06-27 01:45:00+00:00,-1,-1.0000000000002034,SL,False
S2-08,asia_reclaim,EURUSD,2013-06-27 01:45:00+00:00,2013-06-27 02:00:00+00:00,2013-06-27 02:00:00+00:00,-1,-1.0000000000001312,SL,False
S2-08,asia_reclaim,EURUSD,2013-06-27 02:30:00+00:00,2013-06-27 02:45:00+00:00,2013-06-27 04:15:00+00:00,-1,-0.9999999999999373,SL,False
S2-08,asia_reclaim,EURUSD,2013-06-27 04:15:00+00:00,2013-06-27 04:30:00+00:00,2013-06-27 05:45:00+00:00,-1,-0.9999999999997922,SL,False
S2-08,asia_reclaim,EURUSD,2013-06-27 05:45:00+00:00,2013-06-27 06:00:00+00:00,2013-06-27 06:00:00+00:00,-1,0.9999999999998386,TP,False
S2-08,asia_reclaim,EURUSD,2013-06-28 01:30:00+00:00,2013-06-28 01:45:00+00:00,2013-06-28 01:45:00+00:00,-1,-0.9999999999997942,SL,False
S2-08,asia_reclaim,EURUSD,2013-06-28 02:30:00+00:00,2013-06-28 02:45:00+00:00,2013-06-28 03:15:00+00:00,-1,1.0000000000000884,TP,False
S2-08,asia_reclaim,EURUSD,2013-06-28 06:00:00+00:00,2013-06-28 06:15:00+00:00,2013-06-28 06:15:00+00:00,-1,1.0000000000000628,TP,False
S2-08,asia_reclaim,EURUSD,2013-07-01 01:15:00+00:00,2013-07-01 01:30:00+00:00,2013-07-01 01:45:00+00:00,-1,-0.9999999999999378,SL,True
S2-08,asia_reclaim,EURUSD,2013-07-01 01:45:00+00:00,2013-07-01 02:00:00+00:00,2013-07-01 03:30:00+00:00,-1,-1.000000000000167,SL,False
S2-08,asia_reclaim,EURUSD,2013-07-01 03:45:00+00:00,2013-07-01 04:00:00+00:00,2013-07-01 04:30:00+00:00,-1,-0.9999999999998099,SL,False
S2-08,asia_reclaim,EURUSD,2013-07-01 06:15:00+00:00,2013-07-01 06:30:00+00:00,2013-07-01 06:30:00+00:00,-1,0.9999999999999343,TP,False
S2-08,asia_reclaim,EURUSD,2013-07-02 02:00:00+00:00,2013-07-02 02:15:00+00:00,2013-07-02 02:45:00+00:00,1,1.000000000000197,TP,False
S2-08,asia_reclaim,EURUSD,2013-07-02 06:00:00+00:00,2013-07-02 06:15:00+00:00,2013-07-02 06:30:00+00:00,-1,-1.0000000000001392,SL,False
S2-08,asia_reclaim,EURUSD,2013-07-03 01:15:00+00:00,2013-07-03 01:30:00+00:00,2013-07-03 01:30:00+00:00,-1,-1.000000000000074,SL,False
S2-08,asia_reclaim,EURUSD,2013-07-03 01:30:00+00:00,2013-07-03 01:45:00+00:00,2013-07-03 02:00:00+00:00,-1,1.00000000000014,TP,False
S2-08,asia_reclaim,EURUSD,2013-07-04 01:45:00+00:00,2013-07-04 02:00:00+00:00,2013-07-04 02:00:00+00:00,1,-1.0000000000001281,SL,False
S2-08,asia_reclaim,EURUSD,2013-07-04 02:15:00+00:00,2013-07-04 02:30:00+00:00,2013-07-04 03:00:00+00:00,1,1.0000000000001823,TP,False
S2-08,asia_reclaim,EURUSD,2013-07-04 04:15:00+00:00,2013-07-04 04:30:00+00:00,2013-07-04 05:30:00+00:00,1,1.0,TP,False
S2-08,asia_reclaim,EURUSD,2013-07-05 01:30:00+00:00,2013-07-05 01:45:00+00:00,2013-07-05 02:45:00+00:00,-1,0.9999999999998588,TP,False
S2-08,asia_reclaim,EURUSD,2013-07-08 05:00:00+00:00,2013-07-08 05:15:00+00:00,2013-07-08 05:15:00+00:00,1,0.9999999999999143,TP,False
S2-08,asia_reclaim,EURUSD,2013-07-09 06:15:00+00:00,2013-07-09 06:30:00+00:00,2013-07-09 06:30:00+00:00,-1,-1.0000000000000488,SL,False
S2-08,asia_reclaim,EURUSD,2013-07-10 01:15:00+00:00,2013-07-10 01:30:00+00:00,2013-07-10 01:45:00+00:00,1,1.000000000000071,TP,False
S2-08,asia_reclaim,EURUSD,2013-07-10 06:30:00+00:00,2013-07-10 06:45:00+00:00,2013-07-10 06:45:00+00:00,-1,0.9999999999999478,TP,False
S2-08,asia_reclaim,EURUSD,2013-07-11 01:15:00+00:00,2013-07-11 01:30:00+00:00,2013-07-11 03:00:00+00:00,1,0.99999999999999,TP,False
S2-08,asia_reclaim,EURUSD,2013-07-11 03:00:00+00:00,2013-07-11 03:15:00+00:00,2013-07-11 03:30:00+00:00,-1,-1.0000000000000535,SL,False
S2-08,asia_reclaim,EURUSD,2013-07-12 01:00:00+00:00,2013-07-12 01:15:00+00:00,2013-07-12 01:15:00+00:00,1,-0.9999999999999447,SL,False
S2-08,asia_reclaim,EURUSD,2013-07-12 05:15:00+00:00,2013-07-12 05:30:00+00:00,2013-07-12 06:30:00+00:00,1,-1.0000000000001776,SL,False
S2-08,asia_reclaim,EURUSD,2013-07-12 06:45:00+00:00,2013-07-12 07:00:00+00:00,2013-07-12 07:15:00+00:00,1,0.9999999999998965,TP,False
S2-08,asia_reclaim,EURUSD,2013-07-15 05:00:00+00:00,2013-07-15 05:15:00+00:00,2013-07-15 05:30:00+00:00,-1,1.0000000000001983,TP,False
S2-08,asia_reclaim,EURUSD,2013-07-16 02:15:00+00:00,2013-07-16 02:30:00+00:00,2013-07-16 03:00:00+00:00,-1,1.0000000000001015,TP,False
S2-08,asia_reclaim,EURUSD,2013-07-16 05:30:00+00:00,2013-07-16 05:45:00+00:00,2013-07-16 05:45:00+00:00,-1,-1.0000000000001807,SL,False
S2-08,asia_reclaim,EURUSD,2013-07-16 06:00:00+00:00,2013-07-16 06:15:00+00:00,2013-07-16 06:30:00+00:00,-1,1.0,TP,False
S2-08,asia_reclaim,EURUSD,2013-07-17 01:15:00+00:00,2013-07-17 01:30:00+00:00,2013-07-17 01:45:00+00:00,1,-1.0000000000000762,SL,False
S2-08,asia_reclaim,EURUSD,2013-07-17 01:45:00+00:00,2013-07-17 02:00:00+00:00,2013-07-17 05:30:00+00:00,1,-0.9999999999999308,SL,False
S2-08,asia_reclaim,EURUSD,2013-07-18 02:45:00+00:00,2013-07-18 03:00:00+00:00,2013-07-18 03:45:00+00:00,1,-0.9999999999998832,SL,False
S2-08,asia_reclaim,EURUSD,2013-07-18 05:15:00+00:00,2013-07-18 05:30:00+00:00,2013-07-18 05:30:00+00:00,1,1.0000000000001212,TP,False
S2-08,asia_reclaim,EURUSD,2013-07-19 01:30:00+00:00,2013-07-19 01:45:00+00:00,2013-07-19 02:15:00+00:00,-1,-1.0000000000001716,SL,False
S2-08,asia_reclaim,EURUSD,2013-07-19 02:15:00+00:00,2013-07-19 02:30:00+00:00,2013-07-19 02:30:00+00:00,-1,-1.0000000000000526,SL,False
S2-08,asia_reclaim,EURUSD,2013-07-19 03:00:00+00:00,2013-07-19 03:15:00+00:00,2013-07-19 03:30:00+00:00,-1,-1.0000000000001084,SL,False
S2-08,asia_reclaim,EURUSD,2013-07-22 01:00:00+00:00,2013-07-22 01:15:00+00:00,2013-07-22 05:00:00+00:00,1,-0.31373215499660095,TIME,False
S2-08,asia_reclaim,EURUSD,2013-07-22 06:15:00+00:00,2013-07-22 06:30:00+00:00,2013-07-22 06:30:00+00:00,1,-0.9999999999998359,SL,False
S2-08,asia_reclaim,EURUSD,2013-07-23 01:45:00+00:00,2013-07-23 02:00:00+00:00,2013-07-23 02:00:00+00:00,-1,-0.9999999999998563,SL,False
S2-08,asia_reclaim,EURUSD,2013-07-23 02:30:00+00:00,2013-07-23 02:45:00+00:00,2013-07-23 03:15:00+00:00,-1,1.0000000000001183,TP,False
S2-08,asia_reclaim,EURUSD,2013-07-23 05:45:00+00:00,2013-07-23 06:00:00+00:00,2013-07-23 06:30:00+00:00,1,-1.0000000000000682,SL,False
S2-08,asia_reclaim,EURUSD,2013-07-23 06:30:00+00:00,2013-07-23 06:45:00+00:00,2013-07-23 07:00:00+00:00,1,1.0000000000001836,TP,False
S2-08,asia_reclaim,EURUSD,2013-07-24 01:00:00+00:00,2013-07-24 01:15:00+00:00,2013-07-24 01:45:00+00:00,1,-0.9999999999999208,SL,False
S2-08,asia_reclaim,EURUSD,2013-07-25 01:30:00+00:00,2013-07-25 01:45:00+00:00,2013-07-25 03:00:00+00:00,-1,-1.0,SL,False
S2-08,asia_reclaim,EURUSD,2013-07-26 02:00:00+00:00,2013-07-26 02:15:00+00:00,2013-07-26 02:15:00+00:00,-1,-1.0,SL,False
S2-08,asia_reclaim,EURUSD,2013-07-29 04:15:00+00:00,2013-07-29 04:30:00+00:00,2013-07-29 04:30:00+00:00,1,-1.0000000000002462,SL,False
S2-08,asia_reclaim,EURUSD,2013-07-30 03:00:00+00:00,2013-07-30 03:15:00+00:00,2013-07-30 04:00:00+00:00,1,1.0000000000001308,TP,False
S2-08,asia_reclaim,EURUSD,2013-07-30 05:00:00+00:00,2013-07-30 05:15:00+00:00,2013-07-30 05:45:00+00:00,-1,1.0000000000000675,TP,False
S2-08,asia_reclaim,EURUSD,2013-07-31 03:45:00+00:00,2013-07-31 04:00:00+00:00,2013-07-31 04:45:00+00:00,1,0.9999999999998397,TP,False
S2-08,asia_reclaim,EURUSD,2013-07-31 06:30:00+00:00,2013-07-31 06:45:00+00:00,2013-07-31 07:00:00+00:00,1,1.000000000000203,TP,False
S2-08,asia_reclaim,EURUSD,2013-08-01 01:00:00+00:00,2013-08-01 01:15:00+00:00,2013-08-01 01:45:00+00:00,1,-1.0,SL,False
S2-08,asia_reclaim,EURUSD,2013-08-01 05:30:00+00:00,2013-08-01 05:45:00+00:00,2013-08-01 06:45:00+00:00,1,-0.9999999999998083,SL,False
S2-08,asia_reclaim,EURUSD,2013-08-02 01:15:00+00:00,2013-08-02 01:30:00+00:00,2013-08-02 01:30:00+00:00,1,1.0000000000000537,TP,False
S2-08,asia_reclaim,EURUSD,2013-08-02 02:15:00+00:00,2013-08-02 02:30:00+00:00,2013-08-02 03:00:00+00:00,-1,-1.0,SL,False
S2-08,asia_reclaim,EURUSD,2013-08-02 03:15:00+00:00,2013-08-02 03:30:00+00:00,2013-08-02 03:45:00+00:00,-1,-0.9999999999998679,SL,False
S2-08,asia_reclaim,EURUSD,2013-08-02 06:30:00+00:00,2013-08-02 06:45:00+00:00,2013-08-02 07:00:00+00:00,-1,1.0,TP,False
S2-08,asia_reclaim,EURUSD,2013-08-05 01:00:00+00:00,2013-08-05 01:15:00+00:00,2013-08-05 01:30:00+00:00,1,1.0000000000000677,TP,False
S2-08,asia_reclaim,EURUSD,2013-08-06 05:15:00+00:00,2013-08-06 05:30:00+00:00,2013-08-06 05:45:00+00:00,1,-1.000000000000227,SL,False
S2-08,asia_reclaim,EURUSD,2013-08-06 05:45:00+00:00,2013-08-06 06:00:00+00:00,2013-08-06 06:00:00+00:00,1,0.9999999999999281,TP,False
S2-08,asia_reclaim,EURUSD,2013-08-06 06:30:00+00:00,2013-08-06 06:45:00+00:00,2013-08-06 06:45:00+00:00,1,1.0000000000001918,TP,False
S2-08,asia_reclaim,EURUSD,2013-08-07 02:45:00+00:00,2013-08-07 03:00:00+00:00,2013-08-07 04:30:00+00:00,1,0.9999999999999416,TP,False
S2-08,asia_reclaim,EURUSD,2013-08-07 06:15:00+00:00,2013-08-07 06:30:00+00:00,2013-08-07 06:30:00+00:00,-1,0.9999999999998542,TP,False
S2-08,asia_reclaim,EURUSD,2013-08-08 01:00:00+00:00,2013-08-08 01:15:00+00:00,2013-08-08 03:00:00+00:00,1,-0.9999999999998772,SL,False
S2-08,asia_reclaim,EURUSD,2013-08-08 03:00:00+00:00,2013-08-08 03:15:00+00:00,2013-08-08 03:15:00+00:00,1,0.9999999999999403,TP,False
S2-08,asia_reclaim,EURUSD,2013-08-09 01:15:00+00:00,2013-08-09 01:30:00+00:00,2013-08-09 02:15:00+00:00,-1,1.000000000000177,TP,False
S2-08,asia_reclaim,EURUSD,2013-08-09 06:15:00+00:00,2013-08-09 06:30:00+00:00,2013-08-09 06:30:00+00:00,-1,-0.9999999999998352,SL,False
S2-08,asia_reclaim,EURUSD,2013-08-12 01:00:00+00:00,2013-08-12 01:15:00+00:00,2013-08-12 01:45:00+00:00,1,1.0000000000000742,TP,False
S2-08,asia_reclaim,EURUSD,2013-08-12 06:45:00+00:00,2013-08-12 07:00:00+00:00,2013-08-12 07:00:00+00:00,1,0.9999999999997916,TP,False
S2-08,asia_reclaim,EURUSD,2013-08-13 01:00:00+00:00,2013-08-13 01:15:00+00:00,2013-08-13 02:15:00+00:00,-1,-1.0000000000002505,SL,False
S2-08,asia_reclaim,EURUSD,2013-08-13 03:30:00+00:00,2013-08-13 03:45:00+00:00,2013-08-13 05:00:00+00:00,-1,1.0,TP,False
S2-08,asia_reclaim,EURUSD,2013-08-13 06:15:00+00:00,2013-08-13 06:30:00+00:00,2013-08-13 06:45:00+00:00,-1,0.9999999999998201,TP,False
S2-08,asia_reclaim,EURUSD,2013-08-14 06:00:00+00:00,2013-08-14 06:15:00+00:00,2013-08-14 06:15:00+00:00,-1,1.0000000000000662,TP,False
S2-08,asia_reclaim,EURUSD,2013-08-15 01:30:00+00:00,2013-08-15 01:45:00+00:00,2013-08-15 01:45:00+00:00,1,1.0000000000000833,TP,False
S2-08,asia_reclaim,EURUSD,2013-08-15 01:45:00+00:00,2013-08-15 02:00:00+00:00,2013-08-15 02:00:00+00:00,-1,-0.9999999999997731,SL,False
S2-08,asia_reclaim,EURUSD,2013-08-16 03:00:00+00:00,2013-08-16 03:15:00+00:00,2013-08-16 03:15:00+00:00,1,-0.9999999999998349,SL,False
S2-08,asia_reclaim,EURUSD,2013-08-16 03:15:00+00:00,2013-08-16 03:30:00+00:00,2013-08-16 03:45:00+00:00,1,-1.0000000000002498,SL,False
S2-08,asia_reclaim,EURUSD,2013-08-16 03:45:00+00:00,2013-08-16 04:00:00+00:00,2013-08-16 04:00:00+00:00,1,-1.0,SL,False
S2-08,asia_reclaim,EURUSD,2013-08-16 05:45:00+00:00,2013-08-16 06:00:00+00:00,2013-08-16 06:15:00+00:00,1,-1.0000000000002427,SL,False
S2-08,asia_reclaim,EURUSD,2013-08-19 01:15:00+00:00,2013-08-19 01:30:00+00:00,2013-08-19 02:30:00+00:00,-1,0.9999999999998551,TP,False
S2-08,asia_reclaim,EURUSD,2013-08-19 03:30:00+00:00,2013-08-19 03:45:00+00:00,2013-08-19 04:00:00+00:00,1,-1.000000000000078,SL,False
S2-08,asia_reclaim,EURUSD,2013-08-19 05:30:00+00:00,2013-08-19 05:45:00+00:00,2013-08-19 06:15:00+00:00,1,-1.0000000000002023,SL,False
S2-08,asia_reclaim,EURUSD,2013-08-19 06:15:00+00:00,2013-08-19 06:30:00+00:00,2013-08-19 06:30:00+00:00,1,-1.000000000000273,SL,False
S2-08,asia_reclaim,EURUSD,2013-08-20 05:15:00+00:00,2013-08-20 05:30:00+00:00,2013-08-20 05:45:00+00:00,-1,0.9999999999999368,TP,False
S2-08,asia_reclaim,EURUSD,2013-08-21 01:45:00+00:00,2013-08-21 02:00:00+00:00,2013-08-21 02:30:00+00:00,-1,-0.9999999999997027,SL,False
S2-08,asia_reclaim,EURUSD,2013-08-22 05:15:00+00:00,2013-08-22 05:30:00+00:00,2013-08-22 06:00:00+00:00,-1,0.9999999999999031,TP,False
S2-08,asia_reclaim,EURUSD,2013-08-22 06:30:00+00:00,2013-08-22 06:45:00+00:00,2013-08-22 06:45:00+00:00,-1,-0.999999999999931,SL,True
S2-08,asia_reclaim,EURUSD,2013-08-22 06:45:00+00:00,2013-08-22 07:00:00+00:00,2013-08-22 07:00:00+00:00,-1,0.9999999999998888,TP,False
S2-08,asia_reclaim,EURUSD,2013-08-23 01:30:00+00:00,2013-08-23 01:45:00+00:00,2013-08-23 02:30:00+00:00,-1,1.0000000000000804,TP,False
S2-08,asia_reclaim,EURUSD,2013-08-23 06:00:00+00:00,2013-08-23 06:15:00+00:00,2013-08-23 06:15:00+00:00,1,0.9999999999997552,TP,False
S2-08,asia_reclaim,EURUSD,2013-08-23 06:15:00+00:00,2013-08-23 06:30:00+00:00,2013-08-23 06:45:00+00:00,1,1.0000000000001483,TP,False
S2-08,asia_reclaim,EURUSD,2013-08-26 01:30:00+00:00,2013-08-26 01:45:00+00:00,2013-08-26 02:00:00+00:00,1,-1.0,SL,False
S2-08,asia_reclaim,EURUSD,2013-08-27 01:00:00+00:00,2013-08-27 01:15:00+00:00,2013-08-27 01:30:00+00:00,1,-1.0,SL,False
S2-08,asia_reclaim,EURUSD,2013-08-27 06:15:00+00:00,2013-08-27 06:30:00+00:00,2013-08-27 06:30:00+00:00,1,1.0000000000000882,TP,False
S2-08,asia_reclaim,EURUSD,2013-08-28 05:00:00+00:00,2013-08-28 05:15:00+00:00,2013-08-28 05:15:00+00:00,1,-1.0000000000000748,SL,False
S2-08,asia_reclaim,EURUSD,2013-08-28 05:15:00+00:00,2013-08-28 05:30:00+00:00,2013-08-28 06:00:00+00:00,1,1.0000000000002194,TP,False
S2-08,asia_reclaim,EURUSD,2013-08-29 01:00:00+00:00,2013-08-29 01:15:00+00:00,2013-08-29 01:30:00+00:00,1,-0.9999999999998361,SL,False
S2-08,asia_reclaim,EURUSD,2013-08-29 04:45:00+00:00,2013-08-29 05:00:00+00:00,2013-08-29 05:15:00+00:00,1,-0.9999999999998864,SL,False
S2-08,asia_reclaim,EURUSD,2013-08-29 05:30:00+00:00,2013-08-29 05:45:00+00:00,2013-08-29 05:45:00+00:00,1,-1.0000000000000535,SL,False
S2-08,asia_reclaim,EURUSD,2013-08-29 06:00:00+00:00,2013-08-29 06:15:00+00:00,2013-08-29 06:15:00+00:00,1,-0.9999999999999089,SL,False
S2-08,asia_reclaim,EURUSD,2013-09-02 04:15:00+00:00,2013-09-02 04:30:00+00:00,2013-09-02 04:30:00+00:00,-1,1.0000000000000693,TP,False
S2-08,asia_reclaim,EURUSD,2013-09-02 06:15:00+00:00,2013-09-02 06:30:00+00:00,2013-09-02 06:30:00+00:00,-1,-1.0,SL,False
S2-08,asia_reclaim,EURUSD,2013-09-02 06:45:00+00:00,2013-09-02 07:00:00+00:00,2013-09-02 07:00:00+00:00,-1,-0.9999999999999503,SL,False
S2-08,asia_reclaim,EURUSD,2013-09-03 04:15:00+00:00,2013-09-03 04:30:00+00:00,2013-09-03 04:30:00+00:00,-1,-1.0000000000003202,SL,False
S2-08,asia_reclaim,EURUSD,2013-09-03 05:30:00+00:00,2013-09-03 05:45:00+00:00,2013-09-03 05:45:00+00:00,1,-0.9999999999998395,SL,False
S2-08,asia_reclaim,EURUSD,2013-09-04 04:30:00+00:00,2013-09-04 04:45:00+00:00,2013-09-04 05:00:00+00:00,1,-0.9999999999998817,SL,False
S2-08,asia_reclaim,EURUSD,2013-09-04 05:00:00+00:00,2013-09-04 05:15:00+00:00,2013-09-04 05:30:00+00:00,1,-0.9999999999998868,SL,True
S2-08,asia_reclaim,EURUSD,2013-09-04 05:30:00+00:00,2013-09-04 05:45:00+00:00,2013-09-04 06:00:00+00:00,1,-1.000000000000109,SL,False
S2-08,asia_reclaim,EURUSD,2013-09-04 06:00:00+00:00,2013-09-04 06:15:00+00:00,2013-09-04 06:15:00+00:00,1,0.9999999999998103,TP,False
S2-08,asia_reclaim,EURUSD,2013-09-04 06:45:00+00:00,2013-09-04 07:00:00+00:00,2013-09-04 07:00:00+00:00,-1,0.9999999999998505,TP,False
S2-08,asia_reclaim,EURUSD,2013-09-05 03:00:00+00:00,2013-09-05 03:15:00+00:00,2013-09-05 03:30:00+00:00,1,1.0000000000002829,TP,False
S2-08,asia_reclaim,EURUSD,2013-09-05 05:45:00+00:00,2013-09-05 06:00:00+00:00,2013-09-05 07:00:00+00:00,1,-1.0000000000001175,SL,False
S2-08,asia_reclaim,EURUSD,2013-09-06 01:00:00+00:00,2013-09-06 01:15:00+00:00,2013-09-06 01:15:00+00:00,-1,-1.0000000000002447,SL,False
S2-08,asia_reclaim,EURUSD,2013-09-09 04:15:00+00:00,2013-09-09 04:30:00+00:00,2013-09-09 05:00:00+00:00,1,1.000000000000309,TP,False
S2-08,asia_reclaim,EURUSD,2013-09-09 06:15:00+00:00,2013-09-09 06:30:00+00:00,2013-09-09 06:30:00+00:00,1,-1.000000000000284,SL,False
S2-08,asia_reclaim,EURUSD,2013-09-09 06:45:00+00:00,2013-09-09 07:00:00+00:00,2013-09-09 07:00:00+00:00,-1,-0.9999999999997655,SL,False
S2-08,asia_reclaim,EURUSD,2013-09-10 01:00:00+00:00,2013-09-10 01:15:00+00:00,2013-09-10 01:30:00+00:00,1,1.00000000000018,TP,False
S2-08,asia_reclaim,EURUSD,2013-09-10 02:45:00+00:00,2013-09-10 03:00:00+00:00,2013-09-10 04:00:00+00:00,-1,-0.999999999999922,SL,False
S2-08,asia_reclaim,EURUSD,2013-09-10 04:00:00+00:00,2013-09-10 04:15:00+00:00,2013-09-10 04:15:00+00:00,-1,-0.9999999999997675,SL,False
S2-08,asia_reclaim,EURUSD,2013-09-10 04:30:00+00:00,2013-09-10 04:45:00+00:00,2013-09-10 05:00:00+00:00,-1,-0.9999999999997855,SL,False
S2-08,asia_reclaim,EURUSD,2013-09-10 05:30:00+00:00,2013-09-10 05:45:00+00:00,2013-09-10 06:00:00+00:00,-1,-1.0000000000002216,SL,False
S2-08,asia_reclaim,EURUSD,2013-09-11 04:30:00+00:00,2013-09-11 04:45:00+00:00,2013-09-11 05:45:00+00:00,1,-1.0,SL,False
S2-08,asia_reclaim,EURUSD,2013-09-11 06:00:00+00:00,2013-09-11 06:15:00+00:00,2013-09-11 06:15:00+00:00,1,-1.0000000000001985,SL,False
S2-08,asia_reclaim,EURUSD,2013-09-12 01:00:00+00:00,2013-09-12 01:15:00+00:00,2013-09-12 01:30:00+00:00,-1,1.000000000000156,TP,False
S2-08,asia_reclaim,EURUSD,2013-09-12 03:45:00+00:00,2013-09-12 04:00:00+00:00,2013-09-12 04:30:00+00:00,-1,0.9999999999998936,TP,False
S2-08,asia_reclaim,EURUSD,2013-09-12 06:15:00+00:00,2013-09-12 06:30:00+00:00,2013-09-12 06:30:00+00:00,1,1.0000000000000682,TP,False
S2-08,asia_reclaim,EURUSD,2013-09-13 01:45:00+00:00,2013-09-13 02:00:00+00:00,2013-09-13 03:30:00+00:00,1,1.000000000000227,TP,False
S2-08,asia_reclaim,EURUSD,2013-09-13 05:00:00+00:00,2013-09-13 05:15:00+00:00,2013-09-13 05:15:00+00:00,1,-1.000000000000096,SL,False
S2-08,asia_reclaim,EURUSD,2013-09-13 05:30:00+00:00,2013-09-13 05:45:00+00:00,2013-09-13 05:45:00+00:00,1,1.0000000000001594,TP,False
S2-08,asia_reclaim,EURUSD,2013-09-16 01:15:00+00:00,2013-09-16 01:30:00+00:00,2013-09-16 05:15:00+00:00,-1,0.5291656474889607,TIME,False
S2-08,asia_reclaim,EURUSD,2013-09-16 05:45:00+00:00,2013-09-16 06:00:00+00:00,2013-09-16 06:00:00+00:00,1,1.0000000000002622,TP,False
S2-08,asia_reclaim,EURUSD,2013-09-16 06:45:00+00:00,2013-09-16 07:00:00+00:00,2013-09-16 07:00:00+00:00,-1,-1.0000000000000773,SL,False
S2-08,asia_reclaim,EURUSD,2013-09-17 02:00:00+00:00,2013-09-17 02:15:00+00:00,2013-09-17 02:15:00+00:00,1,0.9999999999996654,TP,False
S2-08,asia_reclaim,EURUSD,2013-09-17 03:30:00+00:00,2013-09-17 03:45:00+00:00,2013-09-17 04:15:00+00:00,-1,1.000000000000222,TP,False
S2-08,asia_reclaim,EURUSD,2013-09-17 05:00:00+00:00,2013-09-17 05:15:00+00:00,2013-09-17 05:15:00+00:00,-1,-1.0000000000001454,SL,False
S2-08,asia_reclaim,EURUSD,2013-09-17 06:00:00+00:00,2013-09-17 06:15:00+00:00,2013-09-17 06:15:00+00:00,-1,-0.999999999999929,SL,False
S2-08,asia_reclaim,EURUSD,2013-09-17 06:30:00+00:00,2013-09-17 06:45:00+00:00,2013-09-17 06:45:00+00:00,-1,-1.0,SL,False
S2-08,asia_reclaim,EURUSD,2013-09-19 01:00:00+00:00,2013-09-19 01:15:00+00:00,2013-09-19 02:00:00+00:00,1,0.9999999999999201,TP,False
S2-08,asia_reclaim,EURUSD,2013-09-19 05:00:00+00:00,2013-09-19 05:15:00+00:00,2013-09-19 06:00:00+00:00,-1,1.0000000000001144,TP,False
S2-08,asia_reclaim,EURUSD,2013-09-19 06:30:00+00:00,2013-09-19 06:45:00+00:00,2013-09-19 06:45:00+00:00,-1,-0.9999999999999007,SL,False
S2-08,asia_reclaim,EURUSD,2013-09-20 01:00:00+00:00,2013-09-20 01:15:00+00:00,2013-09-20 02:00:00+00:00,1,1.0000000000001776,TP,False
S2-08,asia_reclaim,EURUSD,2013-09-20 05:15:00+00:00,2013-09-20 05:30:00+00:00,2013-09-20 06:00:00+00:00,1,1.000000000000129,TP,False
S2-08,asia_reclaim,EURUSD,2013-09-20 06:15:00+00:00,2013-09-20 06:30:00+00:00,2013-09-20 06:30:00+00:00,-1,0.9999999999996987,TP,False
S2-08,asia_reclaim,EURUSD,2013-09-20 06:45:00+00:00,2013-09-20 07:00:00+00:00,2013-09-20 07:15:00+00:00,1,-0.9999999999997591,SL,False
S2-08,asia_reclaim,EURUSD,2013-09-23 01:00:00+00:00,2013-09-23 01:15:00+00:00,2013-09-23 01:30:00+00:00,-1,0.9999999999997399,TP,False
S2-08,asia_reclaim,EURUSD,2013-09-23 01:30:00+00:00,2013-09-23 01:45:00+00:00,2013-09-23 01:45:00+00:00,1,-1.0000000000002804,SL,False
S2-08,asia_reclaim,EURUSD,2013-09-24 02:00:00+00:00,2013-09-24 02:15:00+00:00,2013-09-24 02:45:00+00:00,1,1.0000000000001914,TP,False
S2-08,asia_reclaim,EURUSD,2013-09-24 05:45:00+00:00,2013-09-24 06:00:00+00:00,2013-09-24 06:00:00+00:00,-1,-1.0000000000001734,SL,False
S2-08,asia_reclaim,EURUSD,2013-09-25 01:45:00+00:00,2013-09-25 02:00:00+00:00,2013-09-25 02:15:00+00:00,-1,1.000000000000242,TP,False
S2-08,asia_reclaim,EURUSD,2013-09-25 03:30:00+00:00,2013-09-25 03:45:00+00:00,2013-09-25 05:00:00+00:00,1,1.0,TP,False
S2-08,asia_reclaim,EURUSD,2013-09-26 01:45:00+00:00,2013-09-26 02:00:00+00:00,2013-09-26 02:15:00+00:00,1,-1.000000000000084,SL,False
S2-08,asia_reclaim,EURUSD,2013-09-26 04:30:00+00:00,2013-09-26 04:45:00+00:00,2013-09-26 05:00:00+00:00,-1,0.999999999999837,TP,False
S2-08,asia_reclaim,EURUSD,2013-09-30 02:45:00+00:00,2013-09-30 03:00:00+00:00,2013-09-30 03:30:00+00:00,-1,-1.000000000000074,SL,False
S2-08,asia_reclaim,EURUSD,2013-09-30 04:15:00+00:00,2013-09-30 04:30:00+00:00,2013-09-30 05:00:00+00:00,-1,1.0,TP,False
S2-08,asia_reclaim,EURUSD,2013-09-30 06:30:00+00:00,2013-09-30 06:45:00+00:00,2013-09-30 06:45:00+00:00,1,-1.0000000000001985,SL,False
S2-08,asia_reclaim,EURUSD,2013-10-01 02:45:00+00:00,2013-10-01 03:00:00+00:00,2013-10-01 03:00:00+00:00,-1,-1.0000000000002316,SL,False
S2-08,asia_reclaim,EURUSD,2013-10-01 04:00:00+00:00,2013-10-01 04:15:00+00:00,2013-10-01 04:30:00+00:00,-1,-1.0000000000001543,SL,False
S2-08,asia_reclaim,EURUSD,2013-10-01 04:45:00+00:00,2013-10-01 05:00:00+00:00,2013-10-01 06:30:00+00:00,-1,-1.0000000000000877,SL,False
S2-08,asia_reclaim,EURUSD,2013-10-02 05:15:00+00:00,2013-10-02 05:30:00+00:00,2013-10-02 06:15:00+00:00,-1,1.0000000000002853,TP,False
S2-08,asia_reclaim,EURUSD,2013-10-03 01:30:00+00:00,2013-10-03 01:45:00+00:00,2013-10-03 01:45:00+00:00,-1,-0.9999999999998667,SL,False
S2-08,asia_reclaim,EURUSD,2013-10-04 01:00:00+00:00,2013-10-04 01:15:00+00:00,2013-10-04 02:15:00+00:00,-1,-1.0000000000000726,SL,False
S2-08,asia_reclaim,EURUSD,2013-10-04 02:45:00+00:00,2013-10-04 03:00:00+00:00,2013-10-04 03:15:00+00:00,-1,1.0000000000000815,TP,False
S2-08,asia_reclaim,EURUSD,2013-10-07 01:00:00+00:00,2013-10-07 01:15:00+00:00,2013-10-07 01:15:00+00:00,-1,0.9999999999999188,TP,False
S2-08,asia_reclaim,EURUSD,2013-10-07 01:15:00+00:00,2013-10-07 01:30:00+00:00,2013-10-07 01:45:00+00:00,1,1.0,TP,False
S2-08,asia_reclaim,EURUSD,2013-10-08 01:30:00+00:00,2013-10-08 01:45:00+00:00,2013-10-08 02:00:00+00:00,1,-1.0,SL,False
S2-08,asia_reclaim,EURUSD,2013-10-08 02:00:00+00:00,2013-10-08 02:15:00+00:00,2013-10-08 03:00:00+00:00,1,-1.0000000000001896,SL,False
S2-08,asia_reclaim,EURUSD,2013-10-08 04:30:00+00:00,2013-10-08 04:45:00+00:00,2013-10-08 04:45:00+00:00,1,1.0000000000002776,TP,False
S2-08,asia_reclaim,EURUSD,2013-10-09 02:00:00+00:00,2013-10-09 02:15:00+00:00,2013-10-09 06:00:00+00:00,1,-0.9999999999998923,SL,False
S2-08,asia_reclaim,EURUSD,2013-10-09 06:45:00+00:00,2013-10-09 07:00:00+00:00,2013-10-09 07:00:00+00:00,1,-1.0000000000001719,SL,False
S2-08,asia_reclaim,EURUSD,2013-10-10 05:00:00+00:00,2013-10-10 05:15:00+00:00,2013-10-10 05:30:00+00:00,1,1.0000000000000533,TP,False
S2-08,asia_reclaim,EURUSD,2013-10-11 01:15:00+00:00,2013-10-11 01:30:00+00:00,2013-10-11 01:45:00+00:00,1,1.0000000000000628,TP,False
S2-08,asia_reclaim,EURUSD,2013-10-11 02:30:00+00:00,2013-10-11 02:45:00+00:00,2013-10-11 03:30:00+00:00,-1,-1.0000000000001188,SL,False
S2-08,asia_reclaim,EURUSD,2013-10-11 03:30:00+00:00,2013-10-11 03:45:00+00:00,2013-10-11 04:00:00+00:00,-1,0.9999999999998814,TP,False
S2-08,asia_reclaim,EURUSD,2013-10-14 01:00:00+00:00,2013-10-14 01:15:00+00:00,2013-10-14 01:30:00+00:00,1,1.0,TP,False
S2-08,asia_reclaim,EURUSD,2013-10-14 02:15:00+00:00,2013-10-14 02:30:00+00:00,2013-10-14 02:45:00+00:00,-1,-0.9999999999997007,SL,False
S2-08,asia_reclaim,EURUSD,2013-10-14 04:45:00+00:00,2013-10-14 05:00:00+00:00,2013-10-14 05:45:00+00:00,-1,-0.9999999999996371,SL,False
S2-08,asia_reclaim,EURUSD,2013-10-16 01:30:00+00:00,2013-10-16 01:45:00+00:00,2013-10-16 02:15:00+00:00,-1,-0.9999999999999187,SL,False
S2-08,asia_reclaim,EURUSD,2013-10-17 01:00:00+00:00,2013-10-17 01:15:00+00:00,2013-10-17 01:15:00+00:00,-1,-1.0000000000000626,SL,False
S2-08,asia_reclaim,EURUSD,2013-10-17 01:15:00+00:00,2013-10-17 01:30:00+00:00,2013-10-17 01:30:00+00:00,-1,-1.0000000000000635,SL,False
S2-08,asia_reclaim,EURUSD,2013-10-17 01:30:00+00:00,2013-10-17 01:45:00+00:00,2013-10-17 01:45:00+00:00,-1,-0.999999999999834,SL,False
S2-08,asia_reclaim,EURUSD,2013-10-17 05:30:00+00:00,2013-10-17 05:45:00+00:00,2013-10-17 06:00:00+00:00,-1,-0.9999999999998559,SL,False
S2-08,asia_reclaim,EURUSD,2013-10-17 06:30:00+00:00,2013-10-17 06:45:00+00:00,2013-10-17 06:45:00+00:00,-1,0.999999999999932,TP,False
S2-08,asia_reclaim,EURUSD,2013-10-18 01:00:00+00:00,2013-10-18 01:15:00+00:00,2013-10-18 01:30:00+00:00,1,-1.0,SL,False
S2-08,asia_reclaim,EURUSD,2013-10-18 01:30:00+00:00,2013-10-18 01:45:00+00:00,2013-10-18 05:30:00+00:00,1,0.0748233828380502,TIME,False
S2-08,asia_reclaim,EURUSD,2013-10-18 06:45:00+00:00,2013-10-18 07:00:00+00:00,2013-10-18 07:00:00+00:00,-1,1.0,TP,False
S2-08,asia_reclaim,EURUSD,2013-10-21 01:30:00+00:00,2013-10-21 01:45:00+00:00,2013-10-21 05:30:00+00:00,1,0.2925364211545168,TIME,False
S2-08,asia_reclaim,EURUSD,2013-10-21 05:45:00+00:00,2013-10-21 06:00:00+00:00,2013-10-21 06:30:00+00:00,-1,-0.9999999999999057,SL,False
S2-08,asia_reclaim,EURUSD,2013-10-21 06:30:00+00:00,2013-10-21 06:45:00+00:00,2013-10-21 07:00:00+00:00,-1,1.0,TP,False
S2-08,asia_reclaim,EURUSD,2013-10-22 01:30:00+00:00,2013-10-22 01:45:00+00:00,2013-10-22 05:30:00+00:00,1,-0.03459281375476166,TIME,False
S2-08,asia_reclaim,EURUSD,2013-10-22 06:30:00+00:00,2013-10-22 06:45:00+00:00,2013-10-22 06:45:00+00:00,-1,1.000000000000109,TP,False
S2-08,asia_reclaim,EURUSD,2013-10-23 01:30:00+00:00,2013-10-23 01:45:00+00:00,2013-10-23 05:30:00+00:00,1,-0.4903597173427375,TIME,False
S2-08,asia_reclaim,EURUSD,2013-10-24 01:15:00+00:00,2013-10-24 01:30:00+00:00,2013-10-24 01:30:00+00:00,1,-0.9999999999998107,SL,False
S2-08,asia_reclaim,EURUSD,2013-10-24 01:30:00+00:00,2013-10-24 01:45:00+00:00,2013-10-24 05:30:00+00:00,1,0.6359106926862498,TIME,False
S2-08,asia_reclaim,EURUSD,2013-10-24 06:30:00+00:00,2013-10-24 06:45:00+00:00,2013-10-24 06:45:00+00:00,-1,1.0000000000000673,TP,False
S2-08,asia_reclaim,EURUSD,2013-10-25 01:30:00+00:00,2013-10-25 01:45:00+00:00,2013-10-25 04:00:00+00:00,1,1.00000000000003,TP,False
S2-08,asia_reclaim,EURUSD,2013-10-25 04:15:00+00:00,2013-10-25 04:30:00+00:00,2013-10-25 08:15:00+00:00,-1,0.2814744916595641,TIME,False
S2-08,asia_reclaim,EURUSD,2013-10-30 01:15:00+00:00,2013-10-30 01:30:00+00:00,2013-10-30 02:00:00+00:00,1,0.9999999999999385,TP,False
S2-08,asia_reclaim,EURUSD,2013-10-30 06:15:00+00:00,2013-10-30 06:30:00+00:00,2013-10-30 07:00:00+00:00,-1,-1.000000000000076,SL,False
S2-08,asia_reclaim,EURUSD,2013-10-31 01:00:00+00:00,2013-10-31 01:15:00+00:00,2013-10-31 03:00:00+00:00,-1,0.9999999999999459,TP,False
S2-08,asia_reclaim,EURUSD,2013-10-31 04:00:00+00:00,2013-10-31 04:15:00+00:00,2013-10-31 05:15:00+00:00,1,-0.9999999999999442,SL,False
S2-08,asia_reclaim,EURUSD,2013-11-04 03:15:00+00:00,2013-11-04 03:30:00+00:00,2013-11-04 05:15:00+00:00,1,0.9999999999999034,TP,False
S2-08,asia_reclaim,EURUSD,2013-11-05 03:30:00+00:00,2013-11-05 03:45:00+00:00,2013-11-05 04:30:00+00:00,1,-0.9999999999998892,SL,False
S2-08,asia_reclaim,EURUSD,2013-11-05 04:30:00+00:00,2013-11-05 04:45:00+00:00,2013-11-05 06:30:00+00:00,1,-0.9999999999998949,SL,False
S2-08,asia_reclaim,EURUSD,2013-11-05 06:30:00+00:00,2013-11-05 06:45:00+00:00,2013-11-05 07:15:00+00:00,1,0.9999999999998088,TP,False
S2-08,asia_reclaim,EURUSD,2013-11-06 01:00:00+00:00,2013-11-06 01:15:00+00:00,2013-11-06 02:15:00+00:00,1,0.9999999999997945,TP,False
S2-08,asia_reclaim,EURUSD,2013-11-06 04:00:00+00:00,2013-11-06 04:15:00+00:00,2013-11-06 05:00:00+00:00,-1,0.9999999999999528,TP,False
S2-08,asia_reclaim,EURUSD,2013-11-07 03:15:00+00:00,2013-11-07 03:30:00+00:00,2013-11-07 04:00:00+00:00,-1,-1.0000000000001292,SL,False
S2-08,asia_reclaim,EURUSD,2013-11-07 04:15:00+00:00,2013-11-07 04:30:00+00:00,2013-11-07 04:45:00+00:00,-1,0.9999999999997707,TP,False
S2-08,asia_reclaim,EURUSD,2013-11-07 06:00:00+00:00,2013-11-07 06:15:00+00:00,2013-11-07 06:15:00+00:00,-1,0.9999999999999121,TP,False
S2-08,asia_reclaim,EURUSD,2013-11-08 05:45:00+00:00,2013-11-08 06:00:00+00:00,2013-11-08 06:00:00+00:00,1,-1.0,SL,False
S2-08,asia_reclaim,EURUSD,2013-11-11 06:30:00+00:00,2013-11-11 06:45:00+00:00,2013-11-11 06:45:00+00:00,-1,-0.9999999999998199,SL,False
S2-08,asia_reclaim,EURUSD,2013-11-11 06:45:00+00:00,2013-11-11 07:00:00+00:00,2013-11-11 07:00:00+00:00,-1,-1.0000000000002758,SL,False
S2-08,asia_reclaim,EURUSD,2013-11-12 02:00:00+00:00,2013-11-12 02:15:00+00:00,2013-11-12 03:45:00+00:00,1,1.0000000000001699,TP,False
S2-08,asia_reclaim,EURUSD,2013-11-12 05:30:00+00:00,2013-11-12 05:45:00+00:00,2013-11-12 06:00:00+00:00,1,-1.0,SL,False
S2-08,asia_reclaim,EURUSD,2013-11-12 06:00:00+00:00,2013-11-12 06:15:00+00:00,2013-11-12 06:15:00+00:00,1,0.9999999999997883,TP,False
S2-08,asia_reclaim,EURUSD,2013-11-12 06:45:00+00:00,2013-11-12 07:00:00+00:00,2013-11-12 07:00:00+00:00,1,-0.9999999999998102,SL,False
S2-08,asia_reclaim,EURUSD,2013-11-13 02:45:00+00:00,2013-11-13 03:00:00+00:00,2013-11-13 03:45:00+00:00,-1,0.9999999999998802,TP,False
S2-08,asia_reclaim,EURUSD,2013-11-13 04:30:00+00:00,2013-11-13 04:45:00+00:00,2013-11-13 05:00:00+00:00,-1,1.0000000000000684,TP,False
S2-08,asia_reclaim,EURUSD,2013-11-14 01:30:00+00:00,2013-11-14 01:45:00+00:00,2013-11-14 02:15:00+00:00,1,-0.9999999999998819,SL,False
S2-08,asia_reclaim,EURUSD,2013-11-15 01:00:00+00:00,2013-11-15 01:15:00+00:00,2013-11-15 01:30:00+00:00,-1,-0.9999999999998795,SL,False
S2-08,asia_reclaim,EURUSD,2013-11-18 01:45:00+00:00,2013-11-18 02:00:00+00:00,2013-11-18 03:00:00+00:00,-1,-1.0,SL,False
S2-08,asia_reclaim,EURUSD,2013-11-18 03:45:00+00:00,2013-11-18 04:00:00+00:00,2013-11-18 05:15:00+00:00,-1,0.9999999999999251,TP,False
S2-08,asia_reclaim,EURUSD,2013-11-18 05:30:00+00:00,2013-11-18 05:45:00+00:00,2013-11-18 06:00:00+00:00,-1,-1.0,SL,False
S2-08,asia_reclaim,EURUSD,2013-11-18 06:15:00+00:00,2013-11-18 06:30:00+00:00,2013-11-18 06:45:00+00:00,-1,1.0000000000001956,TP,False
S2-08,asia_reclaim,EURUSD,2013-11-19 01:30:00+00:00,2013-11-19 01:45:00+00:00,2013-11-19 02:45:00+00:00,-1,1.0,TP,False
S2-08,asia_reclaim,EURUSD,2013-11-20 03:30:00+00:00,2013-11-20 03:45:00+00:00,2013-11-20 04:45:00+00:00,-1,1.0,TP,False
S2-08,asia_reclaim,EURUSD,2013-11-20 06:30:00+00:00,2013-11-20 06:45:00+00:00,2013-11-20 06:45:00+00:00,1,-0.999999999999937,SL,False
S2-08,asia_reclaim,EURUSD,2013-11-21 01:45:00+00:00,2013-11-21 02:00:00+00:00,2013-11-21 03:30:00+00:00,1,0.9999999999999423,TP,False
S2-08,asia_reclaim,EURUSD,2013-11-21 04:15:00+00:00,2013-11-21 04:30:00+00:00,2013-11-21 04:30:00+00:00,1,-1.0000000000002476,SL,False
S2-08,asia_reclaim,EURUSD,2013-11-25 01:30:00+00:00,2013-11-25 01:45:00+00:00,2013-11-25 01:45:00+00:00,1,-1.000000000000191,SL,False
S2-08,asia_reclaim,EURUSD,2013-11-25 01:45:00+00:00,2013-11-25 02:00:00+00:00,2013-11-25 02:45:00+00:00,1,1.000000000000112,TP,False
S2-08,asia_reclaim,EURUSD,2013-11-25 05:30:00+00:00,2013-11-25 05:45:00+00:00,2013-11-25 06:00:00+00:00,1,-1.0,SL,False
S2-08,asia_reclaim,EURUSD,2013-11-25 06:15:00+00:00,2013-11-25 06:30:00+00:00,2013-11-25 06:45:00+00:00,1,0.999999999999922,TP,False
S2-08,asia_reclaim,EURUSD,2013-11-27 01:45:00+00:00,2013-11-27 02:00:00+00:00,2013-11-27 02:45:00+00:00,1,1.000000000000197,TP,False
S2-08,asia_reclaim,EURUSD,2013-11-27 03:15:00+00:00,2013-11-27 03:30:00+00:00,2013-11-27 03:30:00+00:00,-1,-1.0000000000000677,SL,False
S2-08,asia_reclaim,EURUSD,2013-11-28 02:30:00+00:00,2013-11-28 02:45:00+00:00,2013-11-28 03:45:00+00:00,-1,-1.0000000000002431,SL,False
S2-08,asia_reclaim,EURUSD,2013-11-28 04:00:00+00:00,2013-11-28 04:15:00+00:00,2013-11-28 04:30:00+00:00,-1,-1.0000000000001925,SL,False
S2-08,asia_reclaim,EURUSD,2013-11-28 05:00:00+00:00,2013-11-28 05:15:00+00:00,2013-11-28 06:45:00+00:00,-1,1.0000000000000924,TP,False
S2-08,asia_reclaim,EURUSD,2013-11-29 02:45:00+00:00,2013-11-29 03:00:00+00:00,2013-11-29 04:15:00+00:00,-1,0.999999999999789,TP,False
S2-08,asia_reclaim,EURUSD,2013-12-03 01:15:00+00:00,2013-12-03 01:30:00+00:00,2013-12-03 03:30:00+00:00,1,-1.0000000000001277,SL,False
S2-08,asia_reclaim,EURUSD,2013-12-03 06:00:00+00:00,2013-12-03 06:15:00+00:00,2013-12-03 06:15:00+00:00,-1,-1.0000000000002445,SL,False
S2-08,asia_reclaim,EURUSD,2013-12-04 01:00:00+00:00,2013-12-04 01:15:00+00:00,2013-12-04 01:30:00+00:00,1,1.0000000000000742,TP,False
S2-08,asia_reclaim,EURUSD,2013-12-04 01:30:00+00:00,2013-12-04 01:45:00+00:00,2013-12-04 01:45:00+00:00,-1,-0.9999999999999325,SL,False
S2-08,asia_reclaim,EURUSD,2013-12-04 02:00:00+00:00,2013-12-04 02:15:00+00:00,2013-12-04 02:30:00+00:00,-1,0.9999999999998689,TP,False
S2-08,asia_reclaim,EURUSD,2013-12-04 06:15:00+00:00,2013-12-04 06:30:00+00:00,2013-12-04 06:45:00+00:00,1,-0.9999999999998107,SL,False
S2-08,asia_reclaim,EURUSD,2013-12-05 03:15:00+00:00,2013-12-05 03:30:00+00:00,2013-12-05 04:15:00+00:00,-1,-1.0000000000002145,SL,False
S2-08,asia_reclaim,EURUSD,2013-12-06 02:30:00+00:00,2013-12-06 02:45:00+00:00,2013-12-06 03:15:00+00:00,-1,-1.0000000000002793,SL,False
S2-08,asia_reclaim,EURUSD,2013-12-06 03:15:00+00:00,2013-12-06 03:30:00+00:00,2013-12-06 04:30:00+00:00,-1,1.000000000000281,TP,False
S2-08,asia_reclaim,EURUSD,2013-12-06 05:15:00+00:00,2013-12-06 05:30:00+00:00,2013-12-06 05:30:00+00:00,1,1.0000000000001006,TP,False
S2-08,asia_reclaim,EURUSD,2013-12-09 04:00:00+00:00,2013-12-09 04:15:00+00:00,2013-12-09 04:45:00+00:00,1,1.000000000000277,TP,False
S2-08,asia_reclaim,EURUSD,2013-12-09 05:30:00+00:00,2013-12-09 05:45:00+00:00,2013-12-09 05:45:00+00:00,1,1.0000000000001048,TP,False
S2-08,asia_reclaim,EURUSD,2013-12-09 06:15:00+00:00,2013-12-09 06:30:00+00:00,2013-12-09 06:45:00+00:00,1,-0.9999999999999053,SL,False
S2-08,asia_reclaim,EURUSD,2013-12-11 02:30:00+00:00,2013-12-11 02:45:00+00:00,2013-12-11 02:45:00+00:00,1,-1.0000000000001752,SL,False
S2-08,asia_reclaim,EURUSD,2013-12-12 02:30:00+00:00,2013-12-12 02:45:00+00:00,2013-12-12 04:15:00+00:00,-1,-1.0000000000000633,SL,False
S2-08,asia_reclaim,EURUSD,2013-12-12 06:00:00+00:00,2013-12-12 06:15:00+00:00,2013-12-12 06:15:00+00:00,-1,1.0000000000002,TP,False
S2-08,asia_reclaim,EURUSD,2013-12-13 01:15:00+00:00,2013-12-13 01:30:00+00:00,2013-12-13 02:15:00+00:00,-1,1.0000000000001437,TP,False
S2-08,asia_reclaim,EURUSD,2013-12-13 03:00:00+00:00,2013-12-13 03:15:00+00:00,2013-12-13 03:30:00+00:00,-1,-0.9999999999997463,SL,False
S2-08,asia_reclaim,EURUSD,2013-12-13 03:45:00+00:00,2013-12-13 04:00:00+00:00,2013-12-13 04:15:00+00:00,-1,0.9999999999997735,TP,False
S2-08,asia_reclaim,EURUSD,2013-12-16 02:30:00+00:00,2013-12-16 02:45:00+00:00,2013-12-16 04:45:00+00:00,-1,0.999999999999854,TP,False
S2-08,asia_reclaim,EURUSD,2013-12-17 06:00:00+00:00,2013-12-17 06:15:00+00:00,2013-12-17 07:00:00+00:00,-1,-1.0000000000003069,SL,False
S2-08,asia_reclaim,EURUSD,2013-12-18 01:15:00+00:00,2013-12-18 01:30:00+00:00,2013-12-18 02:00:00+00:00,1,1.000000000000284,TP,False
S2-08,asia_reclaim,EURUSD,2013-12-18 04:00:00+00:00,2013-12-18 04:15:00+00:00,2013-12-18 07:00:00+00:00,-1,-1.0000000000002105,SL,False
S2-08,asia_reclaim,EURUSD,2013-12-19 01:00:00+00:00,2013-12-19 01:15:00+00:00,2013-12-19 02:00:00+00:00,1,-1.0,SL,False
S2-08,asia_reclaim,EURUSD,2013-12-19 02:00:00+00:00,2013-12-19 02:15:00+00:00,2013-12-19 02:15:00+00:00,1,-1.000000000000096,SL,False
S2-08,asia_reclaim,EURUSD,2013-12-19 03:00:00+00:00,2013-12-19 03:15:00+00:00,2013-12-19 04:15:00+00:00,1,0.9999999999998818,TP,False
S2-08,asia_reclaim,EURUSD,2013-12-20 05:30:00+00:00,2013-12-20 05:45:00+00:00,2013-12-20 06:30:00+00:00,1,0.9999999999998644,TP,False
S2-08,asia_reclaim,EURUSD,2013-12-23 02:45:00+00:00,2013-12-23 03:00:00+00:00,2013-12-23 04:00:00+00:00,1,-1.0000000000002247,SL,False
S2-08,asia_reclaim,EURUSD,2013-12-23 04:15:00+00:00,2013-12-23 04:30:00+00:00,2013-12-23 04:45:00+00:00,1,0.9999999999999043,TP,False
S2-08,asia_reclaim,EURUSD,2013-12-24 02:45:00+00:00,2013-12-24 03:00:00+00:00,2013-12-24 03:00:00+00:00,1,-1.0000000000001992,SL,False
S2-08,asia_reclaim,EURUSD,2013-12-25 02:45:00+00:00,2013-12-25 03:00:00+00:00,2013-12-25 03:45:00+00:00,1,0.9999999999999023,TP,False
S2-08,asia_reclaim,EURUSD,2013-12-26 01:00:00+00:00,2013-12-26 01:15:00+00:00,2013-12-26 02:00:00+00:00,-1,-1.0000000000001958,SL,False
S2-08,asia_reclaim,EURUSD,2013-12-27 02:30:00+00:00,2013-12-27 02:45:00+00:00,2013-12-27 02:45:00+00:00,-1,-0.999999999999869,SL,False
S2-08,asia_reclaim,EURUSD,2013-12-31 03:00:00+00:00,2013-12-31 03:15:00+00:00,2013-12-31 05:15:00+00:00,1,-0.999999999999932,SL,False
S2-08,asia_reclaim,EURUSD,2013-12-31 05:15:00+00:00,2013-12-31 05:30:00+00:00,2013-12-31 06:00:00+00:00,1,-0.9999999999997368,SL,False
S2-08,asia_reclaim,EURUSD,2013-12-31 06:45:00+00:00,2013-12-31 07:00:00+00:00,2013-12-31 07:15:00+00:00,1,1.0000000000002787,TP,False
S2-08,asia_reclaim,EURUSD,2014-01-02 01:30:00+00:00,2014-01-02 01:45:00+00:00,2014-01-02 03:00:00+00:00,1,0.9999999999998841,TP,False
S2-08,asia_reclaim,EURUSD,2014-01-02 04:30:00+00:00,2014-01-02 04:45:00+00:00,2014-01-02 04:45:00+00:00,1,-0.9999999999998367,SL,False
S2-08,asia_reclaim,EURUSD,2014-01-03 01:15:00+00:00,2014-01-03 01:30:00+00:00,2014-01-03 01:30:00+00:00,1,1.0,TP,False
S2-08,asia_reclaim,EURUSD,2014-01-03 01:45:00+00:00,2014-01-03 02:00:00+00:00,2014-01-03 02:00:00+00:00,1,0.9999999999998099,TP,False
S2-08,asia_reclaim,EURUSD,2014-01-03 02:45:00+00:00,2014-01-03 03:00:00+00:00,2014-01-03 03:15:00+00:00,1,0.9999999999998954,TP,False
S2-08,asia_reclaim,EURUSD,2014-01-06 02:00:00+00:00,2014-01-06 02:15:00+00:00,2014-01-06 05:45:00+00:00,1,-0.9999999999998594,SL,False
S2-08,asia_reclaim,EURUSD,2014-01-06 05:45:00+00:00,2014-01-06 06:00:00+00:00,2014-01-06 06:00:00+00:00,1,-1.0,SL,False
S2-08,asia_reclaim,EURUSD,2014-01-07 06:00:00+00:00,2014-01-07 06:15:00+00:00,2014-01-07 06:15:00+00:00,1,-0.9999999999997482,SL,False
S2-08,asia_reclaim,EURUSD,2014-01-08 01:15:00+00:00,2014-01-08 01:30:00+00:00,2014-01-08 01:30:00+00:00,-1,-0.9999999999998047,SL,False
S2-08,asia_reclaim,EURUSD,2014-01-08 01:45:00+00:00,2014-01-08 02:00:00+00:00,2014-01-08 03:00:00+00:00,-1,1.0000000000001128,TP,False
S2-08,asia_reclaim,EURUSD,2014-01-08 04:45:00+00:00,2014-01-08 05:00:00+00:00,2014-01-08 05:30:00+00:00,-1,1.0000000000002018,TP,False
S2-08,asia_reclaim,EURUSD,2014-01-09 01:15:00+00:00,2014-01-09 01:30:00+00:00,2014-01-09 01:45:00+00:00,-1,-1.0000000000000708,SL,False
S2-08,asia_reclaim,EURUSD,2014-01-09 06:45:00+00:00,2014-01-09 07:00:00+00:00,2014-01-09 07:00:00+00:00,-1,-0.99999999999977,SL,False
S2-08,asia_reclaim,EURUSD,2014-01-10 01:30:00+00:00,2014-01-10 01:45:00+00:00,2014-01-10 01:45:00+00:00,-1,-1.000000000000287,SL,False
S2-08,asia_reclaim,EURUSD,2014-01-10 01:45:00+00:00,2014-01-10 02:00:00+00:00,2014-01-10 02:15:00+00:00,-1,0.9999999999998135,TP,False
S2-08,asia_reclaim,EURUSD,2014-01-10 03:00:00+00:00,2014-01-10 03:15:00+00:00,2014-01-10 04:15:00+00:00,-1,1.0000000000002522,TP,False
S2-08,asia_reclaim,EURUSD,2014-01-10 04:45:00+00:00,2014-01-10 05:00:00+00:00,2014-01-10 06:00:00+00:00,-1,-1.0,SL,False
S2-08,asia_reclaim,EURUSD,2014-01-13 01:30:00+00:00,2014-01-13 01:45:00+00:00,2014-01-13 02:00:00+00:00,-1,-1.000000000000188,SL,False
S2-08,asia_reclaim,EURUSD,2014-01-14 05:30:00+00:00,2014-01-14 05:45:00+00:00,2014-01-14 06:00:00+00:00,-1,1.0,TP,False
S2-08,asia_reclaim,EURUSD,2014-01-15 01:00:00+00:00,2014-01-15 01:15:00+00:00,2014-01-15 01:15:00+00:00,-1,0.9999999999999305,TP,False
S2-08,asia_reclaim,EURUSD,2014-01-15 02:00:00+00:00,2014-01-15 02:15:00+00:00,2014-01-15 03:15:00+00:00,1,-1.0000000000001397,SL,False
S2-08,asia_reclaim,EURUSD,2014-01-16 01:30:00+00:00,2014-01-16 01:45:00+00:00,2014-01-16 03:30:00+00:00,-1,-1.0000000000001095,SL,False
S2-08,asia_reclaim,EURUSD,2014-01-16 03:30:00+00:00,2014-01-16 03:45:00+00:00,2014-01-16 06:15:00+00:00,-1,-0.9999999999998954,SL,False
S2-08,asia_reclaim,EURUSD,2014-01-17 01:00:00+00:00,2014-01-17 01:15:00+00:00,2014-01-17 01:15:00+00:00,-1,-0.9999999999999089,SL,False
S2-08,asia_reclaim,EURUSD,2014-01-17 01:15:00+00:00,2014-01-17 01:30:00+00:00,2014-01-17 01:30:00+00:00,-1,1.0000000000000897,TP,False
S2-08,asia_reclaim,EURUSD,2014-01-20 02:00:00+00:00,2014-01-20 02:15:00+00:00,2014-01-20 06:00:00+00:00,-1,-0.868285979031536,TIME,False
S2-08,asia_reclaim,EURUSD,2014-01-21 02:00:00+00:00,2014-01-21 02:15:00+00:00,2014-01-21 02:15:00+00:00,-1,-1.0,SL,False
S2-08,asia_reclaim,EURUSD,2014-01-22 05:45:00+00:00,2014-01-22 06:00:00+00:00,2014-01-22 07:30:00+00:00,1,1.0000000000001443,TP,False
S2-08,asia_reclaim,EURUSD,2014-01-23 03:15:00+00:00,2014-01-23 03:30:00+00:00,2014-01-23 03:45:00+00:00,-1,0.999999999999908,TP,False
S2-08,asia_reclaim,EURUSD,2014-01-24 01:45:00+00:00,2014-01-24 02:00:00+00:00,2014-01-24 04:45:00+00:00,1,0.9999999999998669,TP,False
S2-08,asia_reclaim,EURUSD,2014-01-24 06:15:00+00:00,2014-01-24 06:30:00+00:00,2014-01-24 06:45:00+00:00,-1,1.0,TP,False
S2-08,asia_reclaim,EURUSD,2014-01-28 05:00:00+00:00,2014-01-28 05:15:00+00:00,2014-01-28 06:00:00+00:00,-1,-1.0,SL,False
S2-08,asia_reclaim,EURUSD,2014-01-28 06:00:00+00:00,2014-01-28 06:15:00+00:00,2014-01-28 06:45:00+00:00,-1,-0.9999999999999283,SL,False
S2-08,asia_reclaim,EURUSD,2014-01-29 02:30:00+00:00,2014-01-29 02:45:00+00:00,2014-01-29 02:45:00+00:00,-1,0.9999999999998553,TP,False
S2-08,asia_reclaim,EURUSD,2014-01-29 03:30:00+00:00,2014-01-29 03:45:00+00:00,2014-01-29 05:00:00+00:00,1,1.0000000000001839,TP,False
S2-08,asia_reclaim,EURUSD,2014-01-30 01:00:00+00:00,2014-01-30 01:15:00+00:00,2014-01-30 01:30:00+00:00,1,-1.000000000000066,SL,False
S2-08,asia_reclaim,EURUSD,2014-01-30 01:30:00+00:00,2014-01-30 01:45:00+00:00,2014-01-30 01:45:00+00:00,1,-0.9999999999998167,SL,False
S2-08,asia_reclaim,EURUSD,2014-01-30 05:00:00+00:00,2014-01-30 05:15:00+00:00,2014-01-30 05:45:00+00:00,1,-0.9999999999998516,SL,False
S2-08,asia_reclaim,EURUSD,2014-01-30 05:45:00+00:00,2014-01-30 06:00:00+00:00,2014-01-30 06:30:00+00:00,1,1.000000000000227,TP,False
S2-08,asia_reclaim,EURUSD,2014-01-31 01:15:00+00:00,2014-01-31 01:30:00+00:00,2014-01-31 01:30:00+00:00,1,1.0,TP,False
S2-08,asia_reclaim,EURUSD,2014-01-31 04:30:00+00:00,2014-01-31 04:45:00+00:00,2014-01-31 05:00:00+00:00,1,0.9999999999998315,TP,False
S2-08,asia_reclaim,EURUSD,2014-01-31 06:15:00+00:00,2014-01-31 06:30:00+00:00,2014-01-31 06:45:00+00:00,1,-1.0000000000002265,SL,False
S2-08,asia_reclaim,EURUSD,2014-02-03 02:00:00+00:00,2014-02-03 02:15:00+00:00,2014-02-03 03:15:00+00:00,1,0.9999999999998795,TP,False
S2-08,asia_reclaim,EURUSD,2014-02-03 03:15:00+00:00,2014-02-03 03:30:00+00:00,2014-02-03 03:30:00+00:00,-1,-0.9999999999999308,SL,False
S2-08,asia_reclaim,EURUSD,2014-02-04 01:30:00+00:00,2014-02-04 01:45:00+00:00,2014-02-04 02:00:00+00:00,1,-0.9999999999998659,SL,False
S2-08,asia_reclaim,EURUSD,2014-02-04 02:15:00+00:00,2014-02-04 02:30:00+00:00,2014-02-04 02:30:00+00:00,1,-1.0,SL,False
S2-08,asia_reclaim,EURUSD,2014-02-04 03:15:00+00:00,2014-02-04 03:30:00+00:00,2014-02-04 03:30:00+00:00,1,-0.9999999999999349,SL,False
S2-08,asia_reclaim,EURUSD,2014-02-04 03:30:00+00:00,2014-02-04 03:45:00+00:00,2014-02-04 03:45:00+00:00,1,-0.9999999999998749,SL,False
S2-08,asia_reclaim,EURUSD,2014-02-04 04:00:00+00:00,2014-02-04 04:15:00+00:00,2014-02-04 05:00:00+00:00,1,0.9999999999998171,TP,False
S2-08,asia_reclaim,EURUSD,2014-02-05 01:15:00+00:00,2014-02-05 01:30:00+00:00,2014-02-05 02:30:00+00:00,-1,1.000000000000131,TP,False
S2-08,asia_reclaim,EURUSD,2014-02-05 04:00:00+00:00,2014-02-05 04:15:00+00:00,2014-02-05 06:15:00+00:00,1,-1.0000000000001188,SL,False
S2-08,asia_reclaim,EURUSD,2014-02-06 03:15:00+00:00,2014-02-06 03:30:00+00:00,2014-02-06 03:45:00+00:00,1,-1.0000000000001277,SL,False
S2-08,asia_reclaim,EURUSD,2014-02-06 04:00:00+00:00,2014-02-06 04:15:00+00:00,2014-02-06 05:45:00+00:00,1,-1.0000000000001412,SL,False
S2-08,asia_reclaim,EURUSD,2014-02-06 06:00:00+00:00,2014-02-06 06:15:00+00:00,2014-02-06 07:15:00+00:00,1,1.0000000000002576,TP,False
S2-08,asia_reclaim,EURUSD,2014-02-07 01:00:00+00:00,2014-02-07 01:15:00+00:00,2014-02-07 01:15:00+00:00,-1,-1.0,SL,False
S2-08,asia_reclaim,EURUSD,2014-02-07 01:15:00+00:00,2014-02-07 01:30:00+00:00,2014-02-07 02:30:00+00:00,-1,1.000000000000179,TP,False
S2-08,asia_reclaim,EURUSD,2014-02-07 06:00:00+00:00,2014-02-07 06:15:00+00:00,2014-02-07 06:15:00+00:00,1,-0.9999999999996194,SL,False
S2-08,asia_reclaim,EURUSD,2014-02-07 06:45:00+00:00,2014-02-07 07:00:00+00:00,2014-02-07 07:00:00+00:00,1,-0.9999999999996361,SL,False
S2-08,asia_reclaim,EURUSD,2014-02-11 01:00:00+00:00,2014-02-11 01:15:00+00:00,2014-02-11 01:45:00+00:00,-1,0.9999999999998367,TP,False
S2-08,asia_reclaim,EURUSD,2014-02-12 04:00:00+00:00,2014-02-12 04:15:00+00:00,2014-02-12 05:15:00+00:00,1,0.9999999999998328,TP,False
S2-08,asia_reclaim,EURUSD,2014-02-12 06:00:00+00:00,2014-02-12 06:15:00+00:00,2014-02-12 06:15:00+00:00,-1,-0.9999999999999101,SL,False
S2-08,asia_reclaim,EURUSD,2014-02-13 01:00:00+00:00,2014-02-13 01:15:00+00:00,2014-02-13 01:30:00+00:00,-1,-1.000000000000147,SL,False
S2-08,asia_reclaim,EURUSD,2014-02-13 03:30:00+00:00,2014-02-13 03:45:00+00:00,2014-02-13 03:45:00+00:00,-1,-1.000000000000234,SL,False
S2-08,asia_reclaim,EURUSD,2014-02-13 03:45:00+00:00,2014-02-13 04:00:00+00:00,2014-02-13 05:00:00+00:00,-1,1.0,TP,False
S2-08,asia_reclaim,EURUSD,2014-02-14 01:00:00+00:00,2014-02-14 01:15:00+00:00,2014-02-14 01:15:00+00:00,-1,-1.000000000000204,SL,False
S2-08,asia_reclaim,EURUSD,2014-02-17 01:15:00+00:00,2014-02-17 01:30:00+00:00,2014-02-17 01:45:00+00:00,-1,-0.999999999999839,SL,False
S2-08,asia_reclaim,EURUSD,2014-02-18 01:30:00+00:00,2014-02-18 01:45:00+00:00,2014-02-18 02:15:00+00:00,1,1.0,TP,False
S2-08,asia_reclaim,EURUSD,2014-02-18 03:30:00+00:00,2014-02-18 03:45:00+00:00,2014-02-18 03:45:00+00:00,-1,-0.9999999999998789,SL,False
S2-08,asia_reclaim,EURUSD,2014-02-18 03:45:00+00:00,2014-02-18 04:00:00+00:00,2014-02-18 04:30:00+00:00,-1,-1.0000000000001714,SL,False
S2-08,asia_reclaim,EURUSD,2014-02-18 04:30:00+00:00,2014-02-18 04:45:00+00:00,2014-02-18 05:15:00+00:00,-1,1.0000000000001203,TP,False
S2-08,asia_reclaim,EURUSD,2014-02-19 01:30:00+00:00,2014-02-19 01:45:00+00:00,2014-02-19 02:15:00+00:00,-1,0.9999999999999156,TP,False
S2-08,asia_reclaim,EURUSD,2014-02-20 02:15:00+00:00,2014-02-20 02:30:00+00:00,2014-02-20 02:45:00+00:00,-1,-1.0,SL,False
S2-08,asia_reclaim,EURUSD,2014-02-20 03:15:00+00:00,2014-02-20 03:30:00+00:00,2014-02-20 06:15:00+00:00,-1,-0.9999999999998367,SL,False
S2-08,asia_reclaim,EURUSD,2014-02-21 05:45:00+00:00,2014-02-21 06:00:00+00:00,2014-02-21 06:00:00+00:00,1,1.0000000000004061,TP,False
S2-08,asia_reclaim,EURUSD,2014-02-24 01:15:00+00:00,2014-02-24 01:30:00+00:00,2014-02-24 01:30:00+00:00,1,-1.0000000000002032,SL,False
S2-08,asia_reclaim,EURUSD,2014-02-24 06:45:00+00:00,2014-02-24 07:00:00+00:00,2014-02-24 07:00:00+00:00,-1,-0.9999999999998103,SL,False
S2-08,asia_reclaim,EURUSD,2014-02-25 01:00:00+00:00,2014-02-25 01:15:00+00:00,2014-02-25 01:45:00+00:00,-1,1.0000000000002751,TP,False
S2-08,asia_reclaim,EURUSD,2014-02-25 02:15:00+00:00,2014-02-25 02:30:00+00:00,2014-02-25 02:45:00+00:00,1,1.0000000000000926,TP,False
S2-08,asia_reclaim,EURUSD,2014-02-25 03:15:00+00:00,2014-02-25 03:30:00+00:00,2014-02-25 03:45:00+00:00,-1,1.0000000000000948,TP,False
S2-08,asia_reclaim,EURUSD,2014-02-25 06:30:00+00:00,2014-02-25 06:45:00+00:00,2014-02-25 06:45:00+00:00,-1,-1.000000000000112,SL,False
S2-08,asia_reclaim,EURUSD,2014-02-26 02:15:00+00:00,2014-02-26 02:30:00+00:00,2014-02-26 03:30:00+00:00,1,-0.9999999999998286,SL,False
S2-08,asia_reclaim,EURUSD,2014-02-26 03:45:00+00:00,2014-02-26 04:00:00+00:00,2014-02-26 04:30:00+00:00,1,0.9999999999999004,TP,False
S2-08,asia_reclaim,EURUSD,2014-02-27 01:00:00+00:00,2014-02-27 01:15:00+00:00,2014-02-27 01:15:00+00:00,-1,-0.9999999999997414,SL,False
S2-08,asia_reclaim,EURUSD,2014-02-28 01:15:00+00:00,2014-02-28 01:30:00+00:00,2014-02-28 01:30:00+00:00,-1,-1.0000000000001854,SL,False
S2-08,asia_reclaim,EURUSD,2014-02-28 01:45:00+00:00,2014-02-28 02:00:00+00:00,2014-02-28 02:00:00+00:00,-1,1.0,TP,False
S2-08,asia_reclaim,EURUSD,2014-02-28 03:00:00+00:00,2014-02-28 03:15:00+00:00,2014-02-28 03:45:00+00:00,1,-0.9999999999998306,SL,False
S2-08,asia_reclaim,EURUSD,2014-02-28 04:00:00+00:00,2014-02-28 04:15:00+00:00,2014-02-28 04:45:00+00:00,1,-0.9999999999998475,SL,False
S2-08,asia_reclaim,EURUSD,2014-02-28 04:45:00+00:00,2014-02-28 05:00:00+00:00,2014-02-28 05:30:00+00:00,1,-0.9999999999998337,SL,False
S2-08,asia_reclaim,EURUSD,2014-03-03 01:00:00+00:00,2014-03-03 01:15:00+00:00,2014-03-03 05:00:00+00:00,1,0.486369803873196,TIME,False
S2-08,asia_reclaim,EURUSD,2014-03-05 03:15:00+00:00,2014-03-05 03:30:00+00:00,2014-03-05 05:45:00+00:00,1,-0.9999999999999237,SL,False
S2-08,asia_reclaim,EURUSD,2014-03-05 06:30:00+00:00,2014-03-05 06:45:00+00:00,2014-03-05 06:45:00+00:00,1,1.0,TP,False
S2-08,asia_reclaim,EURUSD,2014-03-06 03:00:00+00:00,2014-03-06 03:15:00+00:00,2014-03-06 03:30:00+00:00,1,-1.0000000000000964,SL,False
S2-08,asia_reclaim,EURUSD,2014-03-06 03:45:00+00:00,2014-03-06 04:00:00+00:00,2014-03-06 06:15:00+00:00,1,0.9999999999999022,TP,False
S2-08,asia_reclaim,EURUSD,2014-03-07 01:30:00+00:00,2014-03-07 01:45:00+00:00,2014-03-07 03:30:00+00:00,1,-0.9999999999997533,SL,False
S2-08,asia_reclaim,EURUSD,2014-03-10 01:15:00+00:00,2014-03-10 01:30:00+00:00,2014-03-10 03:00:00+00:00,-1,-0.9999999999998537,SL,False
S2-08,asia_reclaim,EURUSD,2014-03-10 05:45:00+00:00,2014-03-10 06:00:00+00:00,2014-03-10 06:15:00+00:00,1,-1.0000000000001015,SL,False
S2-08,asia_reclaim,EURUSD,2014-03-11 02:30:00+00:00,2014-03-11 02:45:00+00:00,2014-03-11 02:45:00+00:00,1,1.0000000000001128,TP,False
S2-08,asia_reclaim,EURUSD,2014-03-12 01:00:00+00:00,2014-03-12 01:15:00+00:00,2014-03-12 01:15:00+00:00,-1,1.0,TP,False
S2-08,asia_reclaim,EURUSD,2014-03-12 01:15:00+00:00,2014-03-12 01:30:00+00:00,2014-03-12 01:30:00+00:00,1,1.0000000000002505,TP,False
S2-08,asia_reclaim,EURUSD,2014-03-12 01:30:00+00:00,2014-03-12 01:45:00+00:00,2014-03-12 01:45:00+00:00,-1,-1.0000000000001588,SL,False
S2-08,asia_reclaim,EURUSD,2014-03-12 03:30:00+00:00,2014-03-12 03:45:00+00:00,2014-03-12 06:15:00+00:00,1,1.0,TP,False
S2-08,asia_reclaim,EURUSD,2014-03-13 01:30:00+00:00,2014-03-13 01:45:00+00:00,2014-03-13 01:45:00+00:00,1,1.0000000000002238,TP,False
S2-08,asia_reclaim,EURUSD,2014-03-13 02:30:00+00:00,2014-03-13 02:45:00+00:00,2014-03-13 04:15:00+00:00,-1,-0.9999999999998537,SL,False
S2-08,asia_reclaim,EURUSD,2014-03-13 04:45:00+00:00,2014-03-13 05:00:00+00:00,2014-03-13 05:45:00+00:00,-1,1.0000000000000453,TP,False
S2-08,asia_reclaim,EURUSD,2014-03-14 02:00:00+00:00,2014-03-14 02:15:00+00:00,2014-03-14 02:45:00+00:00,-1,0.9999999999999349,TP,False
S2-08,asia_reclaim,EURUSD,2014-03-14 03:15:00+00:00,2014-03-14 03:30:00+00:00,2014-03-14 05:15:00+00:00,1,-1.0,SL,False
S2-08,asia_reclaim,EURUSD,2014-03-17 01:15:00+00:00,2014-03-17 01:30:00+00:00,2014-03-17 03:30:00+00:00,-1,-1.000000000000142,SL,False
S2-08,asia_reclaim,EURUSD,2014-03-17 03:30:00+00:00,2014-03-17 03:45:00+00:00,2014-03-17 04:00:00+00:00,-1,0.9999999999999047,TP,False
S2-08,asia_reclaim,EURUSD,2014-03-17 05:00:00+00:00,2014-03-17 05:15:00+00:00,2014-03-17 06:00:00+00:00,1,-1.0000000000003306,SL,False
S2-08,asia_reclaim,EURUSD,2014-03-19 03:30:00+00:00,2014-03-19 03:45:00+00:00,2014-03-19 04:15:00+00:00,1,-1.0,SL,False
S2-08,asia_reclaim,EURUSD,2014-03-19 04:15:00+00:00,2014-03-19 04:30:00+00:00,2014-03-19 04:45:00+00:00,1,-1.0000000000003193,SL,False
S2-08,asia_reclaim,EURUSD,2014-03-19 05:45:00+00:00,2014-03-19 06:00:00+00:00,2014-03-19 06:00:00+00:00,1,-0.9999999999999,SL,False
S2-08,asia_reclaim,EURUSD,2014-03-19 06:00:00+00:00,2014-03-19 06:15:00+00:00,2014-03-19 06:30:00+00:00,1,1.0000000000002915,TP,False
S2-08,asia_reclaim,EURUSD,2014-03-20 01:15:00+00:00,2014-03-20 01:30:00+00:00,2014-03-20 02:45:00+00:00,-1,-0.999999999999796,SL,False
S2-08,asia_reclaim,EURUSD,2014-03-20 03:15:00+00:00,2014-03-20 03:30:00+00:00,2014-03-20 05:15:00+00:00,-1,-0.9999999999998508,SL,False
S2-08,asia_reclaim,EURUSD,2014-03-20 05:15:00+00:00,2014-03-20 05:30:00+00:00,2014-03-20 05:45:00+00:00,-1,-0.9999999999996972,SL,False
S2-08,asia_reclaim,EURUSD,2014-03-21 01:30:00+00:00,2014-03-21 01:45:00+00:00,2014-03-21 01:45:00+00:00,-1,1.0000000000001268,TP,False
S2-08,asia_reclaim,EURUSD,2014-03-21 05:00:00+00:00,2014-03-21 05:15:00+00:00,2014-03-21 06:00:00+00:00,1,1.0,TP,False
S2-08,asia_reclaim,EURUSD,2014-03-24 01:00:00+00:00,2014-03-24 01:15:00+00:00,2014-03-24 01:30:00+00:00,1,1.000000000000202,TP,False
S2-08,asia_reclaim,EURUSD,2014-03-24 02:45:00+00:00,2014-03-24 03:00:00+00:00,2014-03-24 03:45:00+00:00,-1,-1.0000000000001366,SL,False
S2-08,asia_reclaim,EURUSD,2014-03-24 04:00:00+00:00,2014-03-24 04:15:00+00:00,2014-03-24 05:45:00+00:00,-1,-0.9999999999999235,SL,False
S2-08,asia_reclaim,EURUSD,2014-03-24 06:00:00+00:00,2014-03-24 06:15:00+00:00,2014-03-24 06:15:00+00:00,-1,-0.9999999999998161,SL,False
S2-08,asia_reclaim,EURUSD,2014-03-24 06:15:00+00:00,2014-03-24 06:30:00+00:00,2014-03-24 06:45:00+00:00,-1,0.9999999999997373,TP,False
S2-08,asia_reclaim,EURUSD,2014-03-25 01:45:00+00:00,2014-03-25 02:00:00+00:00,2014-03-25 02:30:00+00:00,1,1.0000000000000848,TP,False
S2-08,asia_reclaim,EURUSD,2014-03-25 04:45:00+00:00,2014-03-25 05:00:00+00:00,2014-03-25 05:00:00+00:00,1,-1.0000000000002647,SL,False
S2-08,asia_reclaim,EURUSD,2014-03-25 05:00:00+00:00,2014-03-25 05:15:00+00:00,2014-03-25 05:30:00+00:00,1,-1.0000000000002685,SL,False
S2-08,asia_reclaim,EURUSD,2014-03-26 01:30:00+00:00,2014-03-26 01:45:00+00:00,2014-03-26 01:45:00+00:00,1,-1.0000000000002986,SL,False
S2-08,asia_reclaim,EURUSD,2014-03-26 01:45:00+00:00,2014-03-26 02:00:00+00:00,2014-03-26 03:00:00+00:00,1,-0.9999999999998057,SL,False
S2-08,asia_reclaim,EURUSD,2014-03-26 03:15:00+00:00,2014-03-26 03:30:00+00:00,2014-03-26 03:30:00+00:00,1,1.0000000000002065,TP,False
S2-08,asia_reclaim,EURUSD,2014-03-26 03:45:00+00:00,2014-03-26 04:00:00+00:00,2014-03-26 04:45:00+00:00,1,-1.0000000000002798,SL,False
S2-08,asia_reclaim,EURUSD,2014-03-26 04:45:00+00:00,2014-03-26 05:00:00+00:00,2014-03-26 05:30:00+00:00,1,-1.0000000000000902,SL,False
S2-08,asia_reclaim,EURUSD,2014-03-26 05:45:00+00:00,2014-03-26 06:00:00+00:00,2014-03-26 06:00:00+00:00,1,0.9999999999997478,TP,False
S2-08,asia_reclaim,EURUSD,2014-03-27 03:30:00+00:00,2014-03-27 03:45:00+00:00,2014-03-27 05:00:00+00:00,1,1.0000000000000844,TP,False
S2-08,asia_reclaim,EURUSD,2014-03-27 06:30:00+00:00,2014-03-27 06:45:00+00:00,2014-03-27 07:00:00+00:00,1,-0.999999999999922,SL,False
S2-08,asia_reclaim,EURUSD,2014-03-28 01:30:00+00:00,2014-03-28 01:45:00+00:00,2014-03-28 03:00:00+00:00,-1,-0.9999999999999029,SL,False
S2-08,asia_reclaim,EURUSD,2014-03-28 04:30:00+00:00,2014-03-28 04:45:00+00:00,2014-03-28 04:45:00+00:00,-1,-0.9999999999998679,SL,False
S2-08,asia_reclaim,EURUSD,2014-03-31 02:00:00+00:00,2014-03-31 02:15:00+00:00,2014-03-31 02:30:00+00:00,1,1.000000000000228,TP,False
S2-08,asia_reclaim,EURUSD,2014-03-31 03:00:00+00:00,2014-03-31 03:15:00+00:00,2014-03-31 05:00:00+00:00,1,1.0000000000002254,TP,False
S2-08,asia_reclaim,EURUSD,2014-04-01 01:00:00+00:00,2014-04-01 01:15:00+00:00,2014-04-01 01:15:00+00:00,-1,1.0000000000001101,TP,False
S2-08,asia_reclaim,EURUSD,2014-04-01 01:15:00+00:00,2014-04-01 01:30:00+00:00,2014-04-01 02:15:00+00:00,1,-1.0,SL,False
S2-08,asia_reclaim,EURUSD,2014-04-01 05:00:00+00:00,2014-04-01 05:15:00+00:00,2014-04-01 06:00:00+00:00,-1,1.000000000000185,TP,False
S2-08,asia_reclaim,EURUSD,2014-04-01 06:15:00+00:00,2014-04-01 06:30:00+00:00,2014-04-01 07:00:00+00:00,-1,-0.9999999999996972,SL,False
S2-08,asia_reclaim,EURUSD,2014-04-02 02:45:00+00:00,2014-04-02 03:00:00+00:00,2014-04-02 04:30:00+00:00,-1,-1.000000000000287,SL,False
S2-08,asia_reclaim,EURUSD,2014-04-02 04:30:00+00:00,2014-04-02 04:45:00+00:00,2014-04-02 05:00:00+00:00,-1,-1.000000000000206,SL,False
S2-08,asia_reclaim,EURUSD,2014-04-02 05:45:00+00:00,2014-04-02 06:00:00+00:00,2014-04-02 06:00:00+00:00,-1,0.9999999999997802,TP,False
S2-08,asia_reclaim,EURUSD,2014-04-02 06:30:00+00:00,2014-04-02 06:45:00+00:00,2014-04-02 06:45:00+00:00,-1,-0.9999999999999134,SL,False
S2-08,asia_reclaim,EURUSD,2014-04-03 02:00:00+00:00,2014-04-03 02:15:00+00:00,2014-04-03 02:30:00+00:00,1,-0.9999999999996909,SL,False
S2-08,asia_reclaim,EURUSD,2014-04-03 03:15:00+00:00,2014-04-03 03:30:00+00:00,2014-04-03 04:00:00+00:00,1,-0.9999999999997253,SL,False
S2-08,asia_reclaim,EURUSD,2014-04-03 04:15:00+00:00,2014-04-03 04:30:00+00:00,2014-04-03 05:30:00+00:00,1,0.9999999999998115,TP,False
S2-08,asia_reclaim,EURUSD,2014-04-04 01:30:00+00:00,2014-04-04 01:45:00+00:00,2014-04-04 02:00:00+00:00,1,-1.000000000000208,SL,False
S2-08,asia_reclaim,EURUSD,2014-04-04 02:00:00+00:00,2014-04-04 02:15:00+00:00,2014-04-04 02:45:00+00:00,1,-1.0000000000002993,SL,False
S2-08,asia_reclaim,EURUSD,2014-04-04 05:45:00+00:00,2014-04-04 06:00:00+00:00,2014-04-04 06:00:00+00:00,1,-1.0000000000002311,SL,False
S2-08,asia_reclaim,EURUSD,2014-04-07 03:30:00+00:00,2014-04-07 03:45:00+00:00,2014-04-07 05:00:00+00:00,1,1.000000000000154,TP,False
S2-08,asia_reclaim,EURUSD,2014-04-07 06:00:00+00:00,2014-04-07 06:15:00+00:00,2014-04-07 06:15:00+00:00,-1,-0.9999999999995066,SL,False
S2-08,asia_reclaim,EURUSD,2014-04-08 02:30:00+00:00,2014-04-08 02:45:00+00:00,2014-04-08 02:45:00+00:00,1,0.9999999999996968,TP,False
S2-08,asia_reclaim,EURUSD,2014-04-08 03:30:00+00:00,2014-04-08 03:45:00+00:00,2014-04-08 05:15:00+00:00,1,-0.9999999999997039,SL,False
S2-08,asia_reclaim,EURUSD,2014-04-08 05:15:00+00:00,2014-04-08 05:30:00+00:00,2014-04-08 05:30:00+00:00,1,1.0000000000006084,TP,False
S2-08,asia_reclaim,EURUSD,2014-04-08 06:30:00+00:00,2014-04-08 06:45:00+00:00,2014-04-08 06:45:00+00:00,1,1.0000000000002387,TP,False
S2-08,asia_reclaim,EURUSD,2014-04-09 01:30:00+00:00,2014-04-09 01:45:00+00:00,2014-04-09 01:45:00+00:00,-1,0.9999999999996438,TP,False
S2-08,asia_reclaim,EURUSD,2014-04-09 05:30:00+00:00,2014-04-09 05:45:00+00:00,2014-04-09 06:15:00+00:00,-1,1.0000000000001075,TP,False
S2-08,asia_reclaim,EURUSD,2014-04-09 06:15:00+00:00,2014-04-09 06:30:00+00:00,2014-04-09 06:30:00+00:00,1,-1.0000000000002787,SL,False
S2-08,asia_reclaim,EURUSD,2014-04-09 06:30:00+00:00,2014-04-09 06:45:00+00:00,2014-04-09 06:45:00+00:00,1,0.9999999999999131,TP,False
S2-08,asia_reclaim,EURUSD,2014-04-10 01:45:00+00:00,2014-04-10 02:00:00+00:00,2014-04-10 02:00:00+00:00,1,-0.9999999999997964,SL,False
S2-08,asia_reclaim,EURUSD,2014-04-10 05:00:00+00:00,2014-04-10 05:15:00+00:00,2014-04-10 06:00:00+00:00,1,-1.0000000000001799,SL,False
S2-08,asia_reclaim,EURUSD,2014-04-10 06:00:00+00:00,2014-04-10 06:15:00+00:00,2014-04-10 06:15:00+00:00,1,-0.9999999999998995,SL,False
S2-08,asia_reclaim,EURUSD,2014-04-11 03:00:00+00:00,2014-04-11 03:15:00+00:00,2014-04-11 03:45:00+00:00,-1,1.0000000000001807,TP,False
S2-08,asia_reclaim,EURUSD,2014-04-11 06:00:00+00:00,2014-04-11 06:15:00+00:00,2014-04-11 06:15:00+00:00,-1,1.0000000000002356,TP,False
S2-08,asia_reclaim,EURUSD,2014-04-14 01:30:00+00:00,2014-04-14 01:45:00+00:00,2014-04-14 04:00:00+00:00,-1,-1.000000000000069,SL,False
S2-08,asia_reclaim,EURUSD,2014-04-14 04:00:00+00:00,2014-04-14 04:15:00+00:00,2014-04-14 04:45:00+00:00,-1,-0.9999999999996888,SL,False
S2-08,asia_reclaim,EURUSD,2014-04-14 05:00:00+00:00,2014-04-14 05:15:00+00:00,2014-04-14 05:15:00+00:00,-1,-1.00000000000024,SL,False
S2-08,asia_reclaim,EURUSD,2014-04-14 06:15:00+00:00,2014-04-14 06:30:00+00:00,2014-04-14 06:30:00+00:00,1,-0.999999999999915,SL,False
S2-08,asia_reclaim,EURUSD,2014-04-14 06:30:00+00:00,2014-04-14 06:45:00+00:00,2014-04-14 07:00:00+00:00,1,0.9999999999999237,TP,False
S2-08,asia_reclaim,EURUSD,2014-04-15 02:00:00+00:00,2014-04-15 02:15:00+00:00,2014-04-15 04:00:00+00:00,1,0.9999999999996549,TP,False
S2-08,asia_reclaim,EURUSD,2014-04-15 06:15:00+00:00,2014-04-15 06:30:00+00:00,2014-04-15 06:45:00+00:00,-1,-1.0000000000001423,SL,True
S2-08,asia_reclaim,EURUSD,2014-04-16 02:45:00+00:00,2014-04-16 03:00:00+00:00,2014-04-16 05:30:00+00:00,-1,-1.0000000000001816,SL,False
S2-08,asia_reclaim,EURUSD,2014-04-17 05:45:00+00:00,2014-04-17 06:00:00+00:00,2014-04-17 06:00:00+00:00,-1,-1.0000000000002867,SL,False
S2-08,asia_reclaim,EURUSD,2014-04-17 06:15:00+00:00,2014-04-17 06:30:00+00:00,2014-04-17 06:30:00+00:00,-1,-0.9999999999998841,SL,False
S2-08,asia_reclaim,EURUSD,2014-04-18 01:00:00+00:00,2014-04-18 01:15:00+00:00,2014-04-18 01:30:00+00:00,1,1.0000000000001614,TP,False
S2-08,asia_reclaim,EURUSD,2014-04-18 01:45:00+00:00,2014-04-18 02:00:00+00:00,2014-04-18 02:00:00+00:00,-1,-1.0,SL,False
S2-08,asia_reclaim,EURUSD,2014-04-21 05:45:00+00:00,2014-04-21 06:00:00+00:00,2014-04-21 06:15:00+00:00,-1,-0.9999999999998279,SL,False
S2-08,asia_reclaim,EURUSD,2014-04-22 01:45:00+00:00,2014-04-22 02:00:00+00:00,2014-04-22 02:00:00+00:00,-1,-1.0,SL,False
S2-08,asia_reclaim,EURUSD,2014-04-22 02:00:00+00:00,2014-04-22 02:15:00+00:00,2014-04-22 03:00:00+00:00,-1,-1.0000000000002802,SL,False
S2-08,asia_reclaim,EURUSD,2014-04-22 03:00:00+00:00,2014-04-22 03:15:00+00:00,2014-04-22 05:15:00+00:00,-1,1.0,TP,False
S2-08,asia_reclaim,EURUSD,2014-04-23 01:30:00+00:00,2014-04-23 01:45:00+00:00,2014-04-23 01:45:00+00:00,1,1.0000000000003095,TP,False
S2-08,asia_reclaim,EURUSD,2014-04-23 02:30:00+00:00,2014-04-23 02:45:00+00:00,2014-04-23 03:15:00+00:00,-1,1.0000000000002864,TP,False
S2-08,asia_reclaim,EURUSD,2014-04-23 04:15:00+00:00,2014-04-23 04:30:00+00:00,2014-04-23 05:00:00+00:00,-1,0.9999999999997117,TP,False
S2-08,asia_reclaim,EURUSD,2014-04-23 06:15:00+00:00,2014-04-23 06:30:00+00:00,2014-04-23 06:30:00+00:00,-1,1.0000000000001745,TP,False
S2-08,asia_reclaim,EURUSD,2014-04-24 01:45:00+00:00,2014-04-24 02:00:00+00:00,2014-04-24 02:15:00+00:00,-1,-0.9999999999995913,SL,False
S2-08,asia_reclaim,EURUSD,2014-04-24 03:15:00+00:00,2014-04-24 03:30:00+00:00,2014-04-24 06:00:00+00:00,-1,1.0000000000002065,TP,False
S2-08,asia_reclaim,EURUSD,2014-04-25 01:45:00+00:00,2014-04-25 02:00:00+00:00,2014-04-25 02:15:00+00:00,-1,-0.9999999999997059,SL,False
S2-08,asia_reclaim,EURUSD,2014-04-29 05:30:00+00:00,2014-04-29 05:45:00+00:00,2014-04-29 05:45:00+00:00,-1,-1.000000000000535,SL,False
S2-08,asia_reclaim,EURUSD,2014-04-29 06:30:00+00:00,2014-04-29 06:45:00+00:00,2014-04-29 06:45:00+00:00,-1,1.0,TP,False
S2-08,asia_reclaim,EURUSD,2014-04-30 02:15:00+00:00,2014-04-30 02:30:00+00:00,2014-04-30 02:30:00+00:00,1,-1.0,SL,False
S2-08,asia_reclaim,EURUSD,2014-04-30 06:00:00+00:00,2014-04-30 06:15:00+00:00,2014-04-30 06:15:00+00:00,1,1.0000000000003288,TP,False
S2-08,asia_reclaim,EURUSD,2014-05-01 02:15:00+00:00,2014-05-01 02:30:00+00:00,2014-05-01 05:15:00+00:00,-1,-0.9999999999998742,SL,False
S2-08,asia_reclaim,EURUSD,2014-05-01 06:15:00+00:00,2014-05-01 06:30:00+00:00,2014-05-01 09:15:00+00:00,-1,1.0000000000002005,TP,False
S2-08,asia_reclaim,EURUSD,2014-05-02 01:00:00+00:00,2014-05-02 01:15:00+00:00,2014-05-02 02:00:00+00:00,1,-0.9999999999998674,SL,False
S2-08,asia_reclaim,EURUSD,2014-05-02 02:15:00+00:00,2014-05-02 02:30:00+00:00,2014-05-02 04:00:00+00:00,1,0.9999999999995913,TP,False
S2-08,asia_reclaim,EURUSD,2014-05-05 01:15:00+00:00,2014-05-05 01:30:00+00:00,2014-05-05 01:45:00+00:00,1,0.9999999999998608,TP,False
S2-08,asia_reclaim,EURUSD,2014-05-05 02:15:00+00:00,2014-05-05 02:30:00+00:00,2014-05-05 04:30:00+00:00,-1,-1.000000000000112,SL,False
S2-08,asia_reclaim,EURUSD,2014-05-05 04:30:00+00:00,2014-05-05 04:45:00+00:00,2014-05-05 05:30:00+00:00,-1,0.9999999999998694,TP,False
S2-08,asia_reclaim,EURUSD,2014-05-05 06:15:00+00:00,2014-05-05 06:30:00+00:00,2014-05-05 06:30:00+00:00,-1,-1.000000000000282,SL,True
S2-08,asia_reclaim,EURUSD,2014-05-06 01:15:00+00:00,2014-05-06 01:30:00+00:00,2014-05-06 01:45:00+00:00,-1,0.9999999999997419,TP,False
S2-08,asia_reclaim,EURUSD,2014-05-06 02:45:00+00:00,2014-05-06 03:00:00+00:00,2014-05-06 03:30:00+00:00,-1,-1.0,SL,False
S2-08,asia_reclaim,EURUSD,2014-05-07 05:30:00+00:00,2014-05-07 05:45:00+00:00,2014-05-07 05:45:00+00:00,1,-0.999999999999512,SL,False
S2-08,asia_reclaim,EURUSD,2014-05-07 06:00:00+00:00,2014-05-07 06:15:00+00:00,2014-05-07 06:15:00+00:00,1,-0.9999999999998667,SL,True
S2-08,asia_reclaim,EURUSD,2014-05-08 02:00:00+00:00,2014-05-08 02:15:00+00:00,2014-05-08 02:15:00+00:00,-1,-0.9999999999998667,SL,False
S2-08,asia_reclaim,EURUSD,2014-05-09 01:30:00+00:00,2014-05-09 01:45:00+00:00,2014-05-09 01:45:00+00:00,1,1.0000000000002094,TP,False
S2-08,asia_reclaim,EURUSD,2014-05-09 06:15:00+00:00,2014-05-09 06:30:00+00:00,2014-05-09 06:30:00+00:00,1,-1.0,SL,False
S2-08,asia_reclaim,EURUSD,2014-05-12 01:30:00+00:00,2014-05-12 01:45:00+00:00,2014-05-12 01:45:00+00:00,1,0.9999999999996637,TP,False
S2-08,asia_reclaim,EURUSD,2014-05-12 04:00:00+00:00,2014-05-12 04:15:00+00:00,2014-05-12 04:15:00+00:00,-1,0.9999999999996645,TP,False
S2-08,asia_reclaim,EURUSD,2014-05-12 05:45:00+00:00,2014-05-12 06:00:00+00:00,2014-05-12 06:00:00+00:00,-1,-1.0000000000002318,SL,False
S2-08,asia_reclaim,EURUSD,2014-05-12 06:30:00+00:00,2014-05-12 06:45:00+00:00,2014-05-12 06:45:00+00:00,-1,-1.0,SL,False
S2-08,asia_reclaim,EURUSD,2014-05-14 01:45:00+00:00,2014-05-14 02:00:00+00:00,2014-05-14 02:45:00+00:00,-1,-1.0000000000002804,SL,False
S2-08,asia_reclaim,EURUSD,2014-05-14 03:15:00+00:00,2014-05-14 03:30:00+00:00,2014-05-14 04:00:00+00:00,-1,-0.9999999999998365,SL,False
S2-08,asia_reclaim,EURUSD,2014-05-14 04:00:00+00:00,2014-05-14 04:15:00+00:00,2014-05-14 04:15:00+00:00,-1,-1.000000000000208,SL,False
S2-08,asia_reclaim,EURUSD,2014-05-14 04:15:00+00:00,2014-05-14 04:30:00+00:00,2014-05-14 04:45:00+00:00,-1,0.999999999999784,TP,False
S2-08,asia_reclaim,EURUSD,2014-05-14 05:00:00+00:00,2014-05-14 05:15:00+00:00,2014-05-14 05:30:00+00:00,-1,1.000000000000209,TP,False
S2-08,asia_reclaim,EURUSD,2014-05-15 01:15:00+00:00,2014-05-15 01:30:00+00:00,2014-05-15 01:30:00+00:00,-1,-1.0,SL,False
S2-08,asia_reclaim,EURUSD,2014-05-15 02:45:00+00:00,2014-05-15 03:00:00+00:00,2014-05-15 04:15:00+00:00,-1,0.9999999999997651,TP,False
S2-08,asia_reclaim,EURUSD,2014-05-15 05:00:00+00:00,2014-05-15 05:15:00+00:00,2014-05-15 05:30:00+00:00,1,-1.0000000000003828,SL,False
S2-08,asia_reclaim,EURUSD,2014-05-15 05:30:00+00:00,2014-05-15 05:45:00+00:00,2014-05-15 06:00:00+00:00,1,-0.999999999999863,SL,True
S2-08,asia_reclaim,EURUSD,2014-05-15 06:00:00+00:00,2014-05-15 06:15:00+00:00,2014-05-15 06:15:00+00:00,1,-0.9999999999998901,SL,False
S2-08,asia_reclaim,EURUSD,2014-05-15 06:30:00+00:00,2014-05-15 06:45:00+00:00,2014-05-15 07:00:00+00:00,1,-1.0000000000002833,SL,False
S2-08,asia_reclaim,EURUSD,2014-05-16 01:45:00+00:00,2014-05-16 02:00:00+00:00,2014-05-16 02:15:00+00:00,-1,-1.0,SL,False
S2-08,asia_reclaim,EURUSD,2014-05-16 02:15:00+00:00,2014-05-16 02:30:00+00:00,2014-05-16 03:30:00+00:00,-1,0.9999999999995783,TP,False
S2-08,asia_reclaim,EURUSD,2014-05-16 03:30:00+00:00,2014-05-16 03:45:00+00:00,2014-05-16 04:00:00+00:00,-1,-0.9999999999998671,SL,False
S2-08,asia_reclaim,EURUSD,2014-05-16 05:30:00+00:00,2014-05-16 05:45:00+00:00,2014-05-16 05:45:00+00:00,1,1.0000000000001197,TP,False
S2-08,asia_reclaim,EURUSD,2014-05-19 01:30:00+00:00,2014-05-19 01:45:00+00:00,2014-05-19 02:15:00+00:00,-1,-0.999999999999566,SL,False
S2-08,asia_reclaim,EURUSD,2014-05-19 06:00:00+00:00,2014-05-19 06:15:00+00:00,2014-05-19 06:15:00+00:00,-1,-1.0,SL,False
S2-08,asia_reclaim,EURUSD,2014-05-19 06:30:00+00:00,2014-05-19 06:45:00+00:00,2014-05-19 06:45:00+00:00,-1,0.9999999999998231,TP,False
S2-08,asia_reclaim,EURUSD,2014-05-19 06:45:00+00:00,2014-05-19 07:00:00+00:00,2014-05-19 07:00:00+00:00,-1,-1.0000000000000806,SL,False
S2-08,asia_reclaim,EURUSD,2014-05-20 02:45:00+00:00,2014-05-20 03:00:00+00:00,2014-05-20 05:00:00+00:00,-1,1.0000000000001141,TP,False
S2-08,asia_reclaim,EURUSD,2014-05-21 01:30:00+00:00,2014-05-21 01:45:00+00:00,2014-05-21 02:15:00+00:00,1,1.0000000000001437,TP,False
S2-08,asia_reclaim,EURUSD,2014-05-21 04:00:00+00:00,2014-05-21 04:15:00+00:00,2014-05-21 04:45:00+00:00,1,0.9999999999996195,TP,False
S2-08,asia_reclaim,EURUSD,2014-05-21 05:15:00+00:00,2014-05-21 05:30:00+00:00,2014-05-21 05:30:00+00:00,-1,-1.0000000000004177,SL,False
S2-08,asia_reclaim,EURUSD,2014-05-21 06:00:00+00:00,2014-05-21 06:15:00+00:00,2014-05-21 06:15:00+00:00,-1,1.0000000000001268,TP,False
S2-08,asia_reclaim,EURUSD,2014-05-21 06:30:00+00:00,2014-05-21 06:45:00+00:00,2014-05-21 06:45:00+00:00,-1,-0.9999999999999043,SL,False
S2-08,asia_reclaim,EURUSD,2014-05-22 01:00:00+00:00,2014-05-22 01:15:00+00:00,2014-05-22 01:45:00+00:00,1,-0.99999999999973,SL,True
S2-08,asia_reclaim,EURUSD,2014-05-22 01:45:00+00:00,2014-05-22 02:00:00+00:00,2014-05-22 02:15:00+00:00,1,-1.0000000000002214,SL,False
S2-08,asia_reclaim,EURUSD,2014-05-22 02:45:00+00:00,2014-05-22 03:00:00+00:00,2014-05-22 03:15:00+00:00,1,0.9999999999999089,TP,False
S2-08,asia_reclaim,EURUSD,2014-05-22 03:45:00+00:00,2014-05-22 04:00:00+00:00,2014-05-22 05:45:00+00:00,1,-0.9999999999999083,SL,False
S2-08,asia_reclaim,EURUSD,2014-05-22 06:00:00+00:00,2014-05-22 06:15:00+00:00,2014-05-22 06:15:00+00:00,1,-0.9999999999999154,SL,False
S2-08,asia_reclaim,EURUSD,2014-05-23 01:00:00+00:00,2014-05-23 01:15:00+00:00,2014-05-23 02:00:00+00:00,1,0.9999999999998516,TP,False
S2-08,asia_reclaim,EURUSD,2014-05-26 01:00:00+00:00,2014-05-26 01:15:00+00:00,2014-05-26 01:15:00+00:00,1,0.9999999999997513,TP,False
S2-08,asia_reclaim,EURUSD,2014-05-26 03:45:00+00:00,2014-05-26 04:00:00+00:00,2014-05-26 05:00:00+00:00,1,-1.000000000000131,SL,False
S2-08,asia_reclaim,EURUSD,2014-05-27 06:30:00+00:00,2014-05-27 06:45:00+00:00,2014-05-27 07:00:00+00:00,1,-0.9999999999997687,SL,False
S2-08,asia_reclaim,EURUSD,2014-05-28 02:00:00+00:00,2014-05-28 02:15:00+00:00,2014-05-28 02:45:00+00:00,-1,-0.9999999999998838,SL,False
S2-08,asia_reclaim,EURUSD,2014-05-28 02:45:00+00:00,2014-05-28 03:00:00+00:00,2014-05-28 04:15:00+00:00,-1,0.9999999999996895,TP,False
S2-08,asia_reclaim,EURUSD,2014-05-28 06:45:00+00:00,2014-05-28 07:00:00+00:00,2014-05-28 07:00:00+00:00,1,-0.9999999999999147,SL,True
S2-08,asia_reclaim,EURUSD,2014-05-29 02:30:00+00:00,2014-05-29 02:45:00+00:00,2014-05-29 02:45:00+00:00,-1,-1.0000000000000966,SL,False
S2-08,asia_reclaim,EURUSD,2014-05-29 03:00:00+00:00,2014-05-29 03:15:00+00:00,2014-05-29 03:15:00+00:00,-1,-1.0000000000002804,SL,False
S2-08,asia_reclaim,EURUSD,2014-05-29 05:15:00+00:00,2014-05-29 05:30:00+00:00,2014-05-29 05:30:00+00:00,-1,0.9999999999996476,TP,False
S2-08,asia_reclaim,EURUSD,2014-05-30 01:30:00+00:00,2014-05-30 01:45:00+00:00,2014-05-30 02:00:00+00:00,-1,1.0000000000001088,TP,False
S2-08,asia_reclaim,EURUSD,2014-06-02 06:30:00+00:00,2014-06-02 06:45:00+00:00,2014-06-02 07:00:00+00:00,-1,1.0,TP,False
S2-08,asia_reclaim,EURUSD,2014-06-03 04:30:00+00:00,2014-06-03 04:45:00+00:00,2014-06-03 05:30:00+00:00,-1,-0.9999999999995998,SL,False
S2-08,asia_reclaim,EURUSD,2014-06-03 05:30:00+00:00,2014-06-03 05:45:00+00:00,2014-06-03 05:45:00+00:00,-1,-0.9999999999997954,SL,False
S2-08,asia_reclaim,EURUSD,2014-06-03 05:45:00+00:00,2014-06-03 06:00:00+00:00,2014-06-03 06:00:00+00:00,-1,-1.0000000000005793,SL,True
S2-08,asia_reclaim,EURUSD,2014-06-03 06:15:00+00:00,2014-06-03 06:30:00+00:00,2014-06-03 06:30:00+00:00,-1,1.0000000000004547,TP,False
S2-08,asia_reclaim,EURUSD,2014-06-04 03:00:00+00:00,2014-06-04 03:15:00+00:00,2014-06-04 03:30:00+00:00,1,-1.0,SL,False
S2-08,asia_reclaim,EURUSD,2014-06-04 03:30:00+00:00,2014-06-04 03:45:00+00:00,2014-06-04 03:45:00+00:00,1,1.0000000000003741,TP,False
S2-08,asia_reclaim,EURUSD,2014-06-04 04:15:00+00:00,2014-06-04 04:30:00+00:00,2014-06-04 05:00:00+00:00,1,0.9999999999996448,TP,False
S2-08,asia_reclaim,EURUSD,2014-06-05 01:15:00+00:00,2014-06-05 01:30:00+00:00,2014-06-05 01:45:00+00:00,1,1.000000000000138,TP,False
S2-08,asia_reclaim,EURUSD,2014-06-06 01:30:00+00:00,2014-06-06 01:45:00+00:00,2014-06-06 03:00:00+00:00,-1,0.9999999999997891,TP,False
S2-08,asia_reclaim,EURUSD,2014-06-06 06:15:00+00:00,2014-06-06 06:30:00+00:00,2014-06-06 06:30:00+00:00,1,-0.9999999999997419,SL,False
S2-08,asia_reclaim,EURUSD,2014-06-06 06:30:00+00:00,2014-06-06 06:45:00+00:00,2014-06-06 06:45:00+00:00,1,-1.0,SL,False
S2-08,asia_reclaim,EURUSD,2014-06-09 01:00:00+00:00,2014-06-09 01:15:00+00:00,2014-06-09 01:30:00+00:00,1,-0.9999999999998272,SL,False
S2-08,asia_reclaim,EURUSD,2014-06-09 02:45:00+00:00,2014-06-09 03:00:00+00:00,2014-06-09 03:30:00+00:00,1,1.0000000000004516,TP,False
S2-08,asia_reclaim,EURUSD,2014-06-10 01:15:00+00:00,2014-06-10 01:30:00+00:00,2014-06-10 01:30:00+00:00,1,1.000000000000282,TP,False
S2-08,asia_reclaim,EURUSD,2014-06-10 01:30:00+00:00,2014-06-10 01:45:00+00:00,2014-06-10 01:45:00+00:00,-1,0.9999999999997533,TP,False
S2-08,asia_reclaim,EURUSD,2014-06-10 01:45:00+00:00,2014-06-10 02:00:00+00:00,2014-06-10 04:45:00+00:00,-1,0.9999999999996576,TP,False
S2-08,asia_reclaim,EURUSD,2014-06-10 05:00:00+00:00,2014-06-10 05:15:00+00:00,2014-06-10 06:00:00+00:00,1,0.999999999999595,TP,False
S2-08,asia_reclaim,EURUSD,2014-06-10 06:15:00+00:00,2014-06-10 06:30:00+00:00,2014-06-10 06:30:00+00:00,-1,-1.000000000000206,SL,False
S2-08,asia_reclaim,EURUSD,2014-06-10 06:30:00+00:00,2014-06-10 06:45:00+00:00,2014-06-10 06:45:00+00:00,-1,-1.0,SL,False
S2-08,asia_reclaim,EURUSD,2014-06-11 01:15:00+00:00,2014-06-11 01:30:00+00:00,2014-06-11 01:30:00+00:00,1,-1.0000000000000837,SL,False
S2-08,asia_reclaim,EURUSD,2014-06-11 01:30:00+00:00,2014-06-11 01:45:00+00:00,2014-06-11 01:45:00+00:00,1,-1.0,SL,False
S2-08,asia_reclaim,EURUSD,2014-06-11 05:15:00+00:00,2014-06-11 05:30:00+00:00,2014-06-11 05:45:00+00:00,-1,-0.9999999999998146,SL,False
S2-08,asia_reclaim,EURUSD,2014-06-11 06:00:00+00:00,2014-06-11 06:15:00+00:00,2014-06-11 06:15:00+00:00,-1,-1.0000000000000855,SL,False
S2-08,asia_reclaim,EURUSD,2014-06-12 01:15:00+00:00,2014-06-12 01:30:00+00:00,2014-06-12 01:30:00+00:00,-1,-1.0000000000001277,SL,False
S2-08,asia_reclaim,EURUSD,2014-06-12 01:30:00+00:00,2014-06-12 01:45:00+00:00,2014-06-12 02:00:00+00:00,-1,1.0,TP,False
S2-08,asia_reclaim,EURUSD,2014-06-12 06:00:00+00:00,2014-06-12 06:15:00+00:00,2014-06-12 06:45:00+00:00,1,0.9999999999998893,TP,False
S2-08,asia_reclaim,EURUSD,2014-06-12 06:45:00+00:00,2014-06-12 07:00:00+00:00,2014-06-12 07:00:00+00:00,-1,0.9999999999998374,TP,False
S2-08,asia_reclaim,EURUSD,2014-06-13 06:45:00+00:00,2014-06-13 07:00:00+00:00,2014-06-13 07:30:00+00:00,-1,-1.0000000000001124,SL,False
S2-08,asia_reclaim,EURUSD,2014-06-16 01:45:00+00:00,2014-06-16 02:00:00+00:00,2014-06-16 03:15:00+00:00,1,0.9999999999997945,TP,False
S2-08,asia_reclaim,EURUSD,2014-06-16 05:00:00+00:00,2014-06-16 05:15:00+00:00,2014-06-16 05:15:00+00:00,-1,0.999999999999686,TP,False
S2-08,asia_reclaim,EURUSD,2014-06-17 04:45:00+00:00,2014-06-17 05:00:00+00:00,2014-06-17 06:00:00+00:00,1,1.000000000000228,TP,False
S2-08,asia_reclaim,EURUSD,2014-06-18 03:00:00+00:00,2014-06-18 03:15:00+00:00,2014-06-18 03:45:00+00:00,1,-0.9999999999996187,SL,False
S2-08,asia_reclaim,EURUSD,2014-06-18 05:00:00+00:00,2014-06-18 05:15:00+00:00,2014-06-18 05:45:00+00:00,1,-1.0000000000005949,SL,False
S2-08,asia_reclaim,EURUSD,2014-06-19 02:00:00+00:00,2014-06-19 02:15:00+00:00,2014-06-19 02:45:00+00:00,1,0.9999999999996938,TP,False
S2-08,asia_reclaim,EURUSD,2014-06-20 01:30:00+00:00,2014-06-20 01:45:00+00:00,2014-06-20 02:00:00+00:00,-1,-0.9999999999997492,SL,False
S2-08,asia_reclaim,EURUSD,2014-06-20 02:00:00+00:00,2014-06-20 02:15:00+00:00,2014-06-20 02:45:00+00:00,-1,1.0000000000003753,TP,False
S2-08,asia_reclaim,EURUSD,2014-06-20 03:45:00+00:00,2014-06-20 04:00:00+00:00,2014-06-20 04:00:00+00:00,-1,-1.0000000000003795,SL,False
S2-08,asia_reclaim,EURUSD,2014-06-23 01:45:00+00:00,2014-06-23 02:00:00+00:00,2014-06-23 02:15:00+00:00,-1,-1.0,SL,False
S2-08,asia_reclaim,EURUSD,2014-06-23 04:45:00+00:00,2014-06-23 05:00:00+00:00,2014-06-23 05:15:00+00:00,-1,-1.0000000000002471,SL,False
S2-08,asia_reclaim,EURUSD,2014-06-23 05:15:00+00:00,2014-06-23 05:30:00+00:00,2014-06-23 06:00:00+00:00,-1,-1.0000000000000842,SL,False
S2-08,asia_reclaim,EURUSD,2014-06-23 06:00:00+00:00,2014-06-23 06:15:00+00:00,2014-06-23 06:15:00+00:00,-1,1.0,TP,False
S2-08,asia_reclaim,EURUSD,2014-06-25 01:15:00+00:00,2014-06-25 01:30:00+00:00,2014-06-25 01:45:00+00:00,1,0.9999999999994713,TP,False
S2-08,asia_reclaim,EURUSD,2014-06-25 01:45:00+00:00,2014-06-25 02:00:00+00:00,2014-06-25 03:00:00+00:00,-1,-1.0000000000004625,SL,False
S2-08,asia_reclaim,EURUSD,2014-06-25 05:00:00+00:00,2014-06-25 05:15:00+00:00,2014-06-25 05:30:00+00:00,-1,-1.0,SL,False
S2-08,asia_reclaim,EURUSD,2014-06-25 05:30:00+00:00,2014-06-25 05:45:00+00:00,2014-06-25 05:45:00+00:00,-1,0.9999999999996999,TP,False
S2-08,asia_reclaim,EURUSD,2014-06-26 01:30:00+00:00,2014-06-26 01:45:00+00:00,2014-06-26 01:45:00+00:00,-1,0.9999999999995913,TP,False
S2-08,asia_reclaim,EURUSD,2014-06-26 03:30:00+00:00,2014-06-26 03:45:00+00:00,2014-06-26 04:15:00+00:00,-1,1.000000000000242,TP,False
S2-08,asia_reclaim,EURUSD,2014-06-26 06:00:00+00:00,2014-06-26 06:15:00+00:00,2014-06-26 06:15:00+00:00,-1,-0.9999999999995925,SL,True
S2-08,asia_reclaim,EURUSD,2014-06-26 06:30:00+00:00,2014-06-26 06:45:00+00:00,2014-06-26 07:00:00+00:00,-1,1.0000000000001088,TP,False
S2-08,asia_reclaim,EURUSD,2014-06-27 01:15:00+00:00,2014-06-27 01:30:00+00:00,2014-06-27 02:30:00+00:00,-1,-1.0,SL,False
S2-08,asia_reclaim,EURUSD,2014-06-27 03:00:00+00:00,2014-06-27 03:15:00+00:00,2014-06-27 03:30:00+00:00,-1,-1.0,SL,False
S2-08,asia_reclaim,EURUSD,2014-06-27 03:45:00+00:00,2014-06-27 04:00:00+00:00,2014-06-27 06:30:00+00:00,-1,-0.999999999999661,SL,False
S2-08,asia_reclaim,EURUSD,2014-06-30 01:45:00+00:00,2014-06-30 02:00:00+00:00,2014-06-30 03:15:00+00:00,-1,1.0000000000004532,TP,False
S2-08,asia_reclaim,EURUSD,2014-06-30 06:00:00+00:00,2014-06-30 06:15:00+00:00,2014-06-30 06:15:00+00:00,1,-0.9999999999996523,SL,False
S2-08,asia_reclaim,EURUSD,2014-07-01 02:00:00+00:00,2014-07-01 02:15:00+00:00,2014-07-01 02:30:00+00:00,1,-1.00000000000037,SL,False
S2-08,asia_reclaim,EURUSD,2014-07-01 03:15:00+00:00,2014-07-01 03:30:00+00:00,2014-07-01 04:00:00+00:00,1,0.9999999999996567,TP,False
S2-08,asia_reclaim,EURUSD,2014-07-01 04:45:00+00:00,2014-07-01 05:00:00+00:00,2014-07-01 05:15:00+00:00,1,-1.0000000000001346,SL,False
S2-08,asia_reclaim,EURUSD,2014-07-01 05:15:00+00:00,2014-07-01 05:30:00+00:00,2014-07-01 06:15:00+00:00,1,-1.0000000000001326,SL,False
S2-08,asia_reclaim,EURUSD,2014-07-01 06:30:00+00:00,2014-07-01 06:45:00+00:00,2014-07-01 06:45:00+00:00,1,0.9999999999998682,TP,False
S2-08,asia_reclaim,EURUSD,2014-07-02 01:15:00+00:00,2014-07-02 01:30:00+00:00,2014-07-02 01:30:00+00:00,1,-1.0000000000005949,SL,False
S2-08,asia_reclaim,EURUSD,2014-07-02 04:45:00+00:00,2014-07-02 05:00:00+00:00,2014-07-02 05:15:00+00:00,1,-1.0000000000004954,SL,False
S2-08,asia_reclaim,EURUSD,2014-07-02 05:45:00+00:00,2014-07-02 06:00:00+00:00,2014-07-02 06:00:00+00:00,1,0.9999999999998549,TP,False
S2-08,asia_reclaim,EURUSD,2014-07-02 06:45:00+00:00,2014-07-02 07:00:00+00:00,2014-07-02 07:00:00+00:00,-1,0.999999999999809,TP,False
S2-08,asia_reclaim,EURUSD,2014-07-03 01:15:00+00:00,2014-07-03 01:30:00+00:00,2014-07-03 01:30:00+00:00,1,0.9999999999997499,TP,False
S2-08,asia_reclaim,EURUSD,2014-07-03 02:45:00+00:00,2014-07-03 03:00:00+00:00,2014-07-03 03:15:00+00:00,1,-1.0,SL,False
S2-08,asia_reclaim,EURUSD,2014-07-03 03:45:00+00:00,2014-07-03 04:00:00+00:00,2014-07-03 05:15:00+00:00,1,1.0,TP,False
S2-08,asia_reclaim,EURUSD,2014-07-03 06:00:00+00:00,2014-07-03 06:15:00+00:00,2014-07-03 06:15:00+00:00,1,1.0000000000002367,TP,False
S2-08,asia_reclaim,EURUSD,2014-07-03 06:45:00+00:00,2014-07-03 07:00:00+00:00,2014-07-03 07:00:00+00:00,-1,-1.000000000000108,SL,False
S2-08,asia_reclaim,EURUSD,2014-07-04 01:30:00+00:00,2014-07-04 01:45:00+00:00,2014-07-04 02:15:00+00:00,1,0.9999999999995515,TP,False
S2-08,asia_reclaim,EURUSD,2014-07-04 03:00:00+00:00,2014-07-04 03:15:00+00:00,2014-07-04 03:15:00+00:00,-1,-1.0000000000001266,SL,False
S2-08,asia_reclaim,EURUSD,2014-07-04 03:30:00+00:00,2014-07-04 03:45:00+00:00,2014-07-04 04:00:00+00:00,-1,0.9999999999995963,TP,False
S2-08,asia_reclaim,EURUSD,2014-07-07 01:15:00+00:00,2014-07-07 01:30:00+00:00,2014-07-07 02:00:00+00:00,1,0.99999999999976,TP,False
S2-08,asia_reclaim,EURUSD,2014-07-08 01:45:00+00:00,2014-07-08 02:00:00+00:00,2014-07-08 02:00:00+00:00,1,-1.000000000000153,SL,False
S2-08,asia_reclaim,EURUSD,2014-07-08 02:30:00+00:00,2014-07-08 02:45:00+00:00,2014-07-08 03:45:00+00:00,1,-0.9999999999996937,SL,False
S2-08,asia_reclaim,EURUSD,2014-07-08 04:00:00+00:00,2014-07-08 04:15:00+00:00,2014-07-08 05:45:00+00:00,1,-1.000000000000488,SL,False
S2-08,asia_reclaim,EURUSD,2014-07-08 06:00:00+00:00,2014-07-08 06:15:00+00:00,2014-07-08 06:15:00+00:00,1,-1.0000000000005287,SL,False
S2-08,asia_reclaim,EURUSD,2014-07-08 06:30:00+00:00,2014-07-08 06:45:00+00:00,2014-07-08 06:45:00+00:00,1,-1.0,SL,True
S2-08,asia_reclaim,EURUSD,2014-07-09 01:00:00+00:00,2014-07-09 01:15:00+00:00,2014-07-09 01:30:00+00:00,1,-1.0000000000004354,SL,False
S2-08,asia_reclaim,EURUSD,2014-07-09 01:45:00+00:00,2014-07-09 02:00:00+00:00,2014-07-09 02:45:00+00:00,1,-0.9999999999997241,SL,False
S2-08,asia_reclaim,EURUSD,2014-07-10 01:30:00+00:00,2014-07-10 01:45:00+00:00,2014-07-10 02:00:00+00:00,-1,1.0000000000002793,TP,False
S2-08,asia_reclaim,EURUSD,2014-07-10 02:00:00+00:00,2014-07-10 02:15:00+00:00,2014-07-10 02:45:00+00:00,1,1.0,TP,False
S2-08,asia_reclaim,EURUSD,2014-07-10 06:15:00+00:00,2014-07-10 06:30:00+00:00,2014-07-10 06:30:00+00:00,-1,1.0,TP,False
S2-08,asia_reclaim,EURUSD,2014-07-10 06:30:00+00:00,2014-07-10 06:45:00+00:00,2014-07-10 06:45:00+00:00,1,-1.000000000000137,SL,False
S2-08,asia_reclaim,EURUSD,2014-07-11 01:00:00+00:00,2014-07-11 01:15:00+00:00,2014-07-11 01:45:00+00:00,1,-1.000000000000226,SL,False
S2-08,asia_reclaim,EURUSD,2014-07-11 01:45:00+00:00,2014-07-11 02:00:00+00:00,2014-07-11 02:15:00+00:00,1,1.0000000000003264,TP,False
S2-08,asia_reclaim,EURUSD,2014-07-11 03:00:00+00:00,2014-07-11 03:15:00+00:00,2014-07-11 04:45:00+00:00,-1,0.9999999999998143,TP,False
S2-08,asia_reclaim,EURUSD,2014-07-11 06:15:00+00:00,2014-07-11 06:30:00+00:00,2014-07-11 07:15:00+00:00,-1,-0.9999999999996467,SL,False
S2-08,asia_reclaim,EURUSD,2014-07-14 01:15:00+00:00,2014-07-14 01:30:00+00:00,2014-07-14 01:30:00+00:00,1,0.9999999999995276,TP,False
S2-08,asia_reclaim,EURUSD,2014-07-14 02:00:00+00:00,2014-07-14 02:15:00+00:00,2014-07-14 02:15:00+00:00,-1,-0.9999999999995293,SL,False
S2-08,asia_reclaim,EURUSD,2014-07-14 03:30:00+00:00,2014-07-14 03:45:00+00:00,2014-07-14 04:30:00+00:00,-1,-1.0000000000003568,SL,False
S2-08,asia_reclaim,EURUSD,2014-07-14 04:30:00+00:00,2014-07-14 04:45:00+00:00,2014-07-14 04:45:00+00:00,-1,-0.9999999999997916,SL,False
S2-08,asia_reclaim,EURUSD,2014-07-14 04:45:00+00:00,2014-07-14 05:00:00+00:00,2014-07-14 05:45:00+00:00,-1,0.9999999999997935,TP,False
S2-08,asia_reclaim,EURUSD,2014-07-14 06:15:00+00:00,2014-07-14 06:30:00+00:00,2014-07-14 06:45:00+00:00,1,0.9999999999996544,TP,False
S2-08,asia_reclaim,EURUSD,2014-07-15 01:15:00+00:00,2014-07-15 01:30:00+00:00,2014-07-15 01:30:00+00:00,-1,-1.0000000000006286,SL,False
S2-08,asia_reclaim,EURUSD,2014-07-15 01:30:00+00:00,2014-07-15 01:45:00+00:00,2014-07-15 01:45:00+00:00,-1,-0.9999999999996017,SL,False
S2-08,asia_reclaim,EURUSD,2014-07-15 06:00:00+00:00,2014-07-15 06:15:00+00:00,2014-07-15 06:15:00+00:00,1,-0.9999999999998674,SL,False
S2-08,asia_reclaim,EURUSD,2014-07-15 06:30:00+00:00,2014-07-15 06:45:00+00:00,2014-07-15 07:00:00+00:00,1,-0.9999999999996576,SL,False
S2-08,asia_reclaim,EURUSD,2014-07-16 02:15:00+00:00,2014-07-16 02:30:00+00:00,2014-07-16 04:30:00+00:00,1,-0.9999999999997105,SL,False
S2-08,asia_reclaim,EURUSD,2014-07-16 05:45:00+00:00,2014-07-16 06:00:00+00:00,2014-07-16 06:00:00+00:00,1,1.0000000000004383,TP,False
S2-08,asia_reclaim,EURUSD,2014-07-17 01:45:00+00:00,2014-07-17 02:00:00+00:00,2014-07-17 02:00:00+00:00,-1,-1.0000000000001361,SL,False
S2-08,asia_reclaim,EURUSD,2014-07-17 06:00:00+00:00,2014-07-17 06:15:00+00:00,2014-07-17 06:15:00+00:00,1,-1.0,SL,False
S2-08,asia_reclaim,EURUSD,2014-07-18 03:30:00+00:00,2014-07-18 03:45:00+00:00,2014-07-18 05:00:00+00:00,-1,0.9999999999997,TP,False
S2-08,asia_reclaim,EURUSD,2014-07-22 01:00:00+00:00,2014-07-22 01:15:00+00:00,2014-07-22 01:15:00+00:00,-1,0.9999999999996827,TP,False
S2-08,asia_reclaim,EURUSD,2014-07-22 06:30:00+00:00,2014-07-22 06:45:00+00:00,2014-07-22 06:45:00+00:00,1,-1.0000000000003277,SL,False
S2-08,asia_reclaim,EURUSD,2014-07-22 06:45:00+00:00,2014-07-22 07:00:00+00:00,2014-07-22 07:00:00+00:00,1,-0.9999999999998463,SL,False
S2-08,asia_reclaim,EURUSD,2014-07-23 01:00:00+00:00,2014-07-23 01:15:00+00:00,2014-07-23 01:15:00+00:00,1,1.000000000000347,TP,False
S2-08,asia_reclaim,EURUSD,2014-07-23 01:15:00+00:00,2014-07-23 01:30:00+00:00,2014-07-23 01:30:00+00:00,-1,0.9999999999995102,TP,False
S2-08,asia_reclaim,EURUSD,2014-07-23 01:30:00+00:00,2014-07-23 01:45:00+00:00,2014-07-23 03:45:00+00:00,-1,-0.9999999999996549,SL,False
S2-08,asia_reclaim,EURUSD,2014-07-24 01:00:00+00:00,2014-07-24 01:15:00+00:00,2014-07-24 01:30:00+00:00,1,1.0000000000003484,TP,False
S2-08,asia_reclaim,EURUSD,2014-07-24 01:45:00+00:00,2014-07-24 02:00:00+00:00,2014-07-24 02:15:00+00:00,-1,1.0000000000004758,TP,False
S2-08,asia_reclaim,EURUSD,2014-07-25 01:00:00+00:00,2014-07-25 01:15:00+00:00,2014-07-25 01:15:00+00:00,1,0.9999999999997954,TP,False
S2-08,asia_reclaim,EURUSD,2014-07-25 01:15:00+00:00,2014-07-25 01:30:00+00:00,2014-07-25 01:30:00+00:00,-1,0.9999999999996204,TP,False
S2-08,asia_reclaim,EURUSD,2014-07-25 01:30:00+00:00,2014-07-25 01:45:00+00:00,2014-07-25 02:45:00+00:00,1,0.9999999999998311,TP,False
S2-08,asia_reclaim,EURUSD,2014-07-25 04:45:00+00:00,2014-07-25 05:00:00+00:00,2014-07-25 05:15:00+00:00,-1,-0.9999999999996404,SL,False
S2-08,asia_reclaim,EURUSD,2014-07-25 06:45:00+00:00,2014-07-25 07:00:00+00:00,2014-07-25 07:00:00+00:00,-1,1.0000000000002716,TP,False
S2-08,asia_reclaim,EURUSD,2014-07-28 01:00:00+00:00,2014-07-28 01:15:00+00:00,2014-07-28 01:45:00+00:00,1,1.000000000000129,TP,False
S2-08,asia_reclaim,EURUSD,2014-07-28 06:15:00+00:00,2014-07-28 06:30:00+00:00,2014-07-28 06:45:00+00:00,-1,-1.0000000000005225,SL,False
S2-08,asia_reclaim,EURUSD,2014-07-29 01:00:00+00:00,2014-07-29 01:15:00+00:00,2014-07-29 02:00:00+00:00,-1,0.9999999999997675,TP,False
S2-08,asia_reclaim,EURUSD,2014-07-29 04:15:00+00:00,2014-07-29 04:30:00+00:00,2014-07-29 04:45:00+00:00,1,-0.9999999999995084,SL,False
S2-08,asia_reclaim,EURUSD,2014-07-29 04:45:00+00:00,2014-07-29 05:00:00+00:00,2014-07-29 05:00:00+00:00,1,-0.9999999999998386,SL,False
S2-08,asia_reclaim,EURUSD,2014-07-29 05:00:00+00:00,2014-07-29 05:15:00+00:00,2014-07-29 05:30:00+00:00,1,-1.0000000000004563,SL,False
S2-08,asia_reclaim,EURUSD,2014-07-29 05:30:00+00:00,2014-07-29 05:45:00+00:00,2014-07-29 06:00:00+00:00,1,1.0000000000004674,TP,False
S2-08,asia_reclaim,EURUSD,2014-07-29 06:45:00+00:00,2014-07-29 07:00:00+00:00,2014-07-29 07:00:00+00:00,1,1.0000000000003415,TP,False
S2-08,asia_reclaim,EURUSD,2014-07-30 01:00:00+00:00,2014-07-30 01:15:00+00:00,2014-07-30 01:15:00+00:00,-1,-1.000000000000189,SL,False
S2-08,asia_reclaim,EURUSD,2014-07-30 06:15:00+00:00,2014-07-30 06:30:00+00:00,2014-07-30 06:45:00+00:00,1,1.0,TP,False
S2-08,asia_reclaim,EURUSD,2014-07-31 01:00:00+00:00,2014-07-31 01:15:00+00:00,2014-07-31 01:15:00+00:00,-1,0.999999999999842,TP,False
S2-08,asia_reclaim,EURUSD,2014-07-31 02:15:00+00:00,2014-07-31 02:30:00+00:00,2014-07-31 03:45:00+00:00,-1,1.000000000000162,TP,False
S2-08,asia_reclaim,EURUSD,2014-07-31 04:45:00+00:00,2014-07-31 05:00:00+00:00,2014-07-31 05:00:00+00:00,1,1.0000000000002,TP,False
S2-08,asia_reclaim,EURUSD,2014-08-01 01:30:00+00:00,2014-08-01 01:45:00+00:00,2014-08-01 03:15:00+00:00,1,1.0000000000001397,TP,False
S2-08,asia_reclaim,EURUSD,2014-08-01 04:30:00+00:00,2014-08-01 04:45:00+00:00,2014-08-01 05:45:00+00:00,1,-1.000000000000474,SL,False
S2-08,asia_reclaim,EURUSD,2014-08-01 06:45:00+00:00,2014-08-01 07:00:00+00:00,2014-08-01 07:00:00+00:00,1,0.9999999999997657,TP,False
S2-08,asia_reclaim,EURUSD,2014-08-04 06:45:00+00:00,2014-08-04 07:00:00+00:00,2014-08-04 07:00:00+00:00,1,1.0000000000000973,TP,False
S2-08,asia_reclaim,EURUSD,2014-08-05 01:45:00+00:00,2014-08-05 02:00:00+00:00,2014-08-05 02:15:00+00:00,1,0.999999999999639,TP,False
S2-08,asia_reclaim,EURUSD,2014-08-05 04:45:00+00:00,2014-08-05 05:00:00+00:00,2014-08-05 05:30:00+00:00,-1,-1.0000000000004792,SL,False
S2-08,asia_reclaim,EURUSD,2014-08-07 06:15:00+00:00,2014-08-07 06:30:00+00:00,2014-08-07 06:30:00+00:00,1,-1.0000000000000828,SL,False
S2-08,asia_reclaim,EURUSD,2014-08-11 01:00:00+00:00,2014-08-11 01:15:00+00:00,2014-08-11 01:15:00+00:00,1,-1.0000000000002311,SL,False
S2-08,asia_reclaim,EURUSD,2014-08-11 01:45:00+00:00,2014-08-11 02:00:00+00:00,2014-08-11 02:15:00+00:00,1,-1.0000000000001097,SL,False
S2-08,asia_reclaim,EURUSD,2014-08-11 02:15:00+00:00,2014-08-11 02:30:00+00:00,2014-08-11 06:00:00+00:00,1,-0.9999999999997802,SL,False
S2-08,asia_reclaim,EURUSD,2014-08-11 06:00:00+00:00,2014-08-11 06:15:00+00:00,2014-08-11 06:15:00+00:00,1,-1.0000000000004845,SL,False
S2-08,asia_reclaim,EURUSD,2014-08-11 06:30:00+00:00,2014-08-11 06:45:00+00:00,2014-08-11 06:45:00+00:00,1,-1.0000000000001295,SL,True
S2-08,asia_reclaim,EURUSD,2014-08-12 01:15:00+00:00,2014-08-12 01:30:00+00:00,2014-08-12 02:00:00+00:00,1,0.9999999999997968,TP,False
S2-08,asia_reclaim,EURUSD,2014-08-12 06:15:00+00:00,2014-08-12 06:30:00+00:00,2014-08-12 06:30:00+00:00,1,-0.9999999999996952,SL,False
S2-08,asia_reclaim,EURUSD,2014-08-13 01:00:00+00:00,2014-08-13 01:15:00+00:00,2014-08-13 01:15:00+00:00,-1,1.0,TP,False
S2-08,asia_reclaim,EURUSD,2014-08-13 01:30:00+00:00,2014-08-13 01:45:00+00:00,2014-08-13 02:00:00+00:00,1,-1.0000000000001645,SL,False
S2-08,asia_reclaim,EURUSD,2014-08-13 02:30:00+00:00,2014-08-13 02:45:00+00:00,2014-08-13 03:45:00+00:00,1,1.0000000000002494,TP,False
S2-08,asia_reclaim,EURUSD,2014-08-14 01:30:00+00:00,2014-08-14 01:45:00+00:00,2014-08-14 03:30:00+00:00,1,1.000000000000114,TP,False
S2-08,asia_reclaim,EURUSD,2014-08-15 01:00:00+00:00,2014-08-15 01:15:00+00:00,2014-08-15 02:00:00+00:00,1,-0.9999999999996023,SL,False
S2-08,asia_reclaim,EURUSD,2014-08-15 02:00:00+00:00,2014-08-15 02:15:00+00:00,2014-08-15 03:00:00+00:00,1,0.9999999999995988,TP,False
S2-08,asia_reclaim,EURUSD,2014-08-15 06:00:00+00:00,2014-08-15 06:15:00+00:00,2014-08-15 06:15:00+00:00,-1,0.9999999999997682,TP,False
S2-08,asia_reclaim,EURUSD,2014-08-18 01:00:00+00:00,2014-08-18 01:15:00+00:00,2014-08-18 01:30:00+00:00,-1,-0.9999999999996695,SL,False
S2-08,asia_reclaim,EURUSD,2014-08-18 01:30:00+00:00,2014-08-18 01:45:00+00:00,2014-08-18 02:15:00+00:00,-1,-0.9999999999998948,SL,False
S2-08,asia_reclaim,EURUSD,2014-08-18 02:15:00+00:00,2014-08-18 02:30:00+00:00,2014-08-18 03:30:00+00:00,-1,-1.0000000000003006,SL,False
S2-08,asia_reclaim,EURUSD,2014-08-18 03:30:00+00:00,2014-08-18 03:45:00+00:00,2014-08-18 05:00:00+00:00,-1,0.99999999999977,TP,False
S2-08,asia_reclaim,EURUSD,2014-08-18 06:30:00+00:00,2014-08-18 06:45:00+00:00,2014-08-18 06:45:00+00:00,1,-0.9999999999996994,SL,False
S2-08,asia_reclaim,EURUSD,2014-08-20 02:00:00+00:00,2014-08-20 02:15:00+00:00,2014-08-20 02:45:00+00:00,1,-0.9999999999996645,SL,False
S2-08,asia_reclaim,EURUSD,2014-08-20 05:15:00+00:00,2014-08-20 05:30:00+00:00,2014-08-20 05:45:00+00:00,1,-1.0,SL,False
S2-08,asia_reclaim,EURUSD,2014-08-21 01:00:00+00:00,2014-08-21 01:15:00+00:00,2014-08-21 01:15:00+00:00,1,-1.0000000000001983,SL,False
S2-08,asia_reclaim,EURUSD,2014-08-21 06:15:00+00:00,2014-08-21 06:30:00+00:00,2014-08-21 06:30:00+00:00,-1,-0.9999999999998359,SL,False
S2-08,asia_reclaim,EURUSD,2014-08-21 06:30:00+00:00,2014-08-21 06:45:00+00:00,2014-08-21 06:45:00+00:00,-1,-0.9999999999999223,SL,False
S2-08,asia_reclaim,EURUSD,2014-08-22 02:30:00+00:00,2014-08-22 02:45:00+00:00,2014-08-22 02:45:00+00:00,-1,-1.0,SL,False
S2-08,asia_reclaim,EURUSD,2014-08-22 03:15:00+00:00,2014-08-22 03:30:00+00:00,2014-08-22 03:30:00+00:00,-1,-1.0000000000001317,SL,False
S2-08,asia_reclaim,EURUSD,2014-08-22 04:00:00+00:00,2014-08-22 04:15:00+00:00,2014-08-22 04:15:00+00:00,-1,-1.0000000000001366,SL,False
S2-08,asia_reclaim,EURUSD,2014-08-22 05:00:00+00:00,2014-08-22 05:15:00+00:00,2014-08-22 05:15:00+00:00,-1,-1.0000000000002434,SL,False
S2-08,asia_reclaim,EURUSD,2014-08-22 05:45:00+00:00,2014-08-22 06:00:00+00:00,2014-08-22 06:00:00+00:00,-1,-0.999999999999784,SL,False
S2-08,asia_reclaim,EURUSD,2014-08-25 01:15:00+00:00,2014-08-25 01:30:00+00:00,2014-08-25 04:30:00+00:00,1,0.9999999999998235,TP,False
S2-08,asia_reclaim,EURUSD,2014-08-25 05:15:00+00:00,2014-08-25 05:30:00+00:00,2014-08-25 05:30:00+00:00,-1,0.9999999999997626,TP,False
S2-08,asia_reclaim,EURUSD,2014-08-26 01:30:00+00:00,2014-08-26 01:45:00+00:00,2014-08-26 01:45:00+00:00,-1,-1.0000000000002551,SL,False
S2-08,asia_reclaim,EURUSD,2014-08-26 01:45:00+00:00,2014-08-26 02:00:00+00:00,2014-08-26 02:45:00+00:00,-1,-0.9999999999998331,SL,False
S2-08,asia_reclaim,EURUSD,2014-08-26 03:00:00+00:00,2014-08-26 03:15:00+00:00,2014-08-26 03:45:00+00:00,-1,-0.9999999999997352,SL,False
S2-08,asia_reclaim,EURUSD,2014-08-26 06:00:00+00:00,2014-08-26 06:15:00+00:00,2014-08-26 06:15:00+00:00,-1,-1.0,SL,False
S2-08,asia_reclaim,EURUSD,2014-08-26 06:30:00+00:00,2014-08-26 06:45:00+00:00,2014-08-26 06:45:00+00:00,-1,-1.0,SL,False
S2-08,asia_reclaim,EURUSD,2014-08-27 06:30:00+00:00,2014-08-27 06:45:00+00:00,2014-08-27 06:45:00+00:00,-1,-0.9999999999998276,SL,False
S2-08,asia_reclaim,EURUSD,2014-08-28 01:30:00+00:00,2014-08-28 01:45:00+00:00,2014-08-28 01:45:00+00:00,-1,-0.9999999999998409,SL,False
S2-08,asia_reclaim,EURUSD,2014-08-28 02:00:00+00:00,2014-08-28 02:15:00+00:00,2014-08-28 02:30:00+00:00,-1,1.000000000000202,TP,False
S2-08,asia_reclaim,EURUSD,2014-08-28 03:30:00+00:00,2014-08-28 03:45:00+00:00,2014-08-28 05:45:00+00:00,-1,1.000000000000191,TP,False
S2-08,asia_reclaim,EURUSD,2014-08-29 01:15:00+00:00,2014-08-29 01:30:00+00:00,2014-08-29 01:45:00+00:00,1,0.9999999999995208,TP,False
S2-08,asia_reclaim,EURUSD,2014-08-29 04:00:00+00:00,2014-08-29 04:15:00+00:00,2014-08-29 04:15:00+00:00,1,-0.9999999999997259,SL,False
S2-08,asia_reclaim,EURUSD,2014-08-29 04:45:00+00:00,2014-08-29 05:00:00+00:00,2014-08-29 05:30:00+00:00,1,0.9999999999996151,TP,False
S2-08,asia_reclaim,EURUSD,2014-08-29 06:30:00+00:00,2014-08-29 06:45:00+00:00,2014-08-29 06:45:00+00:00,1,-1.0000000000000822,SL,False
S2-08,asia_reclaim,EURUSD,2014-09-01 01:45:00+00:00,2014-09-01 02:00:00+00:00,2014-09-01 02:00:00+00:00,1,-0.9999999999997865,SL,False
S2-08,asia_reclaim,EURUSD,2014-09-01 06:45:00+00:00,2014-09-01 07:00:00+00:00,2014-09-01 07:45:00+00:00,-1,-1.0,SL,True
S2-08,asia_reclaim,EURUSD,2014-09-02 01:45:00+00:00,2014-09-02 02:00:00+00:00,2014-09-02 02:00:00+00:00,1,1.0,TP,False
S2-08,asia_reclaim,EURUSD,2014-09-02 03:45:00+00:00,2014-09-02 04:00:00+00:00,2014-09-02 04:15:00+00:00,1,0.9999999999998386,TP,False
S2-08,asia_reclaim,EURUSD,2014-09-03 01:30:00+00:00,2014-09-03 01:45:00+00:00,2014-09-03 02:00:00+00:00,1,1.000000000000129,TP,False
S2-08,asia_reclaim,EURUSD,2014-09-03 02:15:00+00:00,2014-09-03 02:30:00+00:00,2014-09-03 03:15:00+00:00,-1,0.9999999999996523,TP,False
S2-08,asia_reclaim,EURUSD,2014-09-03 06:30:00+00:00,2014-09-03 06:45:00+00:00,2014-09-03 07:00:00+00:00,-1,0.9999999999998698,TP,False
S2-08,asia_reclaim,EURUSD,2014-09-04 01:00:00+00:00,2014-09-04 01:15:00+00:00,2014-09-04 01:30:00+00:00,1,-1.0000000000001354,SL,False
S2-08,asia_reclaim,EURUSD,2014-09-04 05:30:00+00:00,2014-09-04 05:45:00+00:00,2014-09-04 06:00:00+00:00,1,1.0000000000003377,TP,False
S2-08,asia_reclaim,EURUSD,2014-09-04 06:15:00+00:00,2014-09-04 06:30:00+00:00,2014-09-04 06:30:00+00:00,-1,0.9999999999998713,TP,False
S2-08,asia_reclaim,EURUSD,2014-09-04 06:45:00+00:00,2014-09-04 07:00:00+00:00,2014-09-04 07:15:00+00:00,1,-1.0,SL,False
S2-08,asia_reclaim,EURUSD,2014-09-05 01:00:00+00:00,2014-09-05 01:15:00+00:00,2014-09-05 02:15:00+00:00,-1,-1.0,SL,False
S2-08,asia_reclaim,EURUSD,2014-09-05 02:15:00+00:00,2014-09-05 02:30:00+00:00,2014-09-05 05:00:00+00:00,-1,1.0000000000001108,TP,False
S2-08,asia_reclaim,EURUSD,2014-09-05 06:30:00+00:00,2014-09-05 06:45:00+00:00,2014-09-05 06:45:00+00:00,-1,1.0,TP,False
S2-08,asia_reclaim,EURUSD,2014-09-08 01:00:00+00:00,2014-09-08 01:15:00+00:00,2014-09-08 01:30:00+00:00,-1,-1.000000000000221,SL,False
S2-08,asia_reclaim,EURUSD,2014-09-08 03:00:00+00:00,2014-09-08 03:15:00+00:00,2014-09-08 03:45:00+00:00,1,-1.0000000000000853,SL,False
S2-08,asia_reclaim,EURUSD,2014-09-08 05:45:00+00:00,2014-09-08 06:00:00+00:00,2014-09-08 06:00:00+00:00,1,-1.0000000000001787,SL,False
S2-08,asia_reclaim,EURUSD,2014-09-08 06:15:00+00:00,2014-09-08 06:30:00+00:00,2014-09-08 06:30:00+00:00,1,0.9999999999997646,TP,False
S2-08,asia_reclaim,EURUSD,2014-09-09 01:00:00+00:00,2014-09-09 01:15:00+00:00,2014-09-09 01:15:00+00:00,-1,-1.0,SL,False
S2-08,asia_reclaim,EURUSD,2014-09-10 02:00:00+00:00,2014-09-10 02:15:00+00:00,2014-09-10 02:15:00+00:00,1,-1.0000000000000586,SL,False
S2-08,asia_reclaim,EURUSD,2014-09-10 02:30:00+00:00,2014-09-10 02:45:00+00:00,2014-09-10 04:00:00+00:00,1,-1.0,SL,False
S2-08,asia_reclaim,EURUSD,2014-09-10 04:00:00+00:00,2014-09-10 04:15:00+00:00,2014-09-10 04:30:00+00:00,1,-1.0000000000001217,SL,False
S2-08,asia_reclaim,EURUSD,2014-09-11 01:15:00+00:00,2014-09-11 01:30:00+00:00,2014-09-11 01:30:00+00:00,1,-0.999999999999838,SL,False
S2-08,asia_reclaim,EURUSD,2014-09-11 02:15:00+00:00,2014-09-11 02:30:00+00:00,2014-09-11 03:00:00+00:00,1,1.000000000000156,TP,False
S2-08,asia_reclaim,EURUSD,2014-09-11 04:30:00+00:00,2014-09-11 04:45:00+00:00,2014-09-11 05:00:00+00:00,1,-1.0000000000000773,SL,False
S2-08,asia_reclaim,EURUSD,2014-09-11 05:00:00+00:00,2014-09-11 05:15:00+00:00,2014-09-11 05:30:00+00:00,1,0.9999999999997591,TP,False
S2-08,asia_reclaim,EURUSD,2014-09-12 01:00:00+00:00,2014-09-12 01:15:00+00:00,2014-09-12 01:15:00+00:00,-1,0.9999999999998279,TP,False
S2-08,asia_reclaim,EURUSD,2014-09-12 01:30:00+00:00,2014-09-12 01:45:00+00:00,2014-09-12 01:45:00+00:00,1,1.0000000000002647,TP,False
S2-08,asia_reclaim,EURUSD,2014-09-12 05:30:00+00:00,2014-09-12 05:45:00+00:00,2014-09-12 06:00:00+00:00,-1,-1.0000000000001537,SL,False
S2-08,asia_reclaim,EURUSD,2014-09-12 06:30:00+00:00,2014-09-12 06:45:00+00:00,2014-09-12 06:45:00+00:00,-1,1.0000000000000668,TP,False
S2-08,asia_reclaim,EURUSD,2014-09-15 01:45:00+00:00,2014-09-15 02:00:00+00:00,2014-09-15 02:00:00+00:00,-1,-1.0,SL,False
S2-08,asia_reclaim,EURUSD,2014-09-15 06:00:00+00:00,2014-09-15 06:15:00+00:00,2014-09-15 06:30:00+00:00,1,1.0,TP,False
S2-08,asia_reclaim,EURUSD,2014-09-16 01:00:00+00:00,2014-09-16 01:15:00+00:00,2014-09-16 01:15:00+00:00,-1,-1.000000000000296,SL,False
S2-08,asia_reclaim,EURUSD,2014-09-16 04:30:00+00:00,2014-09-16 04:45:00+00:00,2014-09-16 06:00:00+00:00,1,-0.999999999999936,SL,False
S2-08,asia_reclaim,EURUSD,2014-09-16 06:15:00+00:00,2014-09-16 06:30:00+00:00,2014-09-16 06:30:00+00:00,1,-1.0000000000001472,SL,False
S2-08,asia_reclaim,EURUSD,2014-09-16 06:45:00+00:00,2014-09-16 07:00:00+00:00,2014-09-16 07:00:00+00:00,1,1.0000000000001894,TP,False
S2-08,asia_reclaim,EURUSD,2014-09-17 05:00:00+00:00,2014-09-17 05:15:00+00:00,2014-09-17 06:00:00+00:00,1,-0.9999999999996485,SL,False
S2-08,asia_reclaim,EURUSD,2014-09-18 01:00:00+00:00,2014-09-18 01:15:00+00:00,2014-09-18 01:30:00+00:00,-1,-0.999999999999847,SL,False
S2-08,asia_reclaim,EURUSD,2014-09-18 02:45:00+00:00,2014-09-18 03:00:00+00:00,2014-09-18 04:00:00+00:00,-1,1.0,TP,False
S2-08,asia_reclaim,EURUSD,2014-09-18 06:45:00+00:00,2014-09-18 07:00:00+00:00,2014-09-18 07:00:00+00:00,-1,1.00000000000016,TP,False
S2-08,asia_reclaim,EURUSD,2014-09-19 01:30:00+00:00,2014-09-19 01:45:00+00:00,2014-09-19 01:45:00+00:00,1,0.9999999999998561,TP,False
S2-08,asia_reclaim,EURUSD,2014-09-19 03:00:00+00:00,2014-09-19 03:15:00+00:00,2014-09-19 04:00:00+00:00,-1,-1.0000000000001101,SL,False
S2-08,asia_reclaim,EURUSD,2014-09-19 04:00:00+00:00,2014-09-19 04:15:00+00:00,2014-09-19 05:00:00+00:00,-1,1.0,TP,False
S2-08,asia_reclaim,EURUSD,2014-09-22 01:00:00+00:00,2014-09-22 01:15:00+00:00,2014-09-22 01:45:00+00:00,-1,-1.0000000000000726,SL,False
S2-08,asia_reclaim,EURUSD,2014-09-22 02:15:00+00:00,2014-09-22 02:30:00+00:00,2014-09-22 03:00:00+00:00,-1,-0.9999999999998099,SL,False
S2-08,asia_reclaim,EURUSD,2014-09-23 01:30:00+00:00,2014-09-23 01:45:00+00:00,2014-09-23 01:45:00+00:00,-1,1.0,TP,False
S2-08,asia_reclaim,EURUSD,2014-09-23 06:15:00+00:00,2014-09-23 06:30:00+00:00,2014-09-23 06:30:00+00:00,1,-0.999999999999809,SL,False
S2-08,asia_reclaim,EURUSD,2014-09-23 06:30:00+00:00,2014-09-23 06:45:00+00:00,2014-09-23 06:45:00+00:00,1,0.9999999999999108,TP,False
S2-08,asia_reclaim,EURUSD,2014-09-24 01:00:00+00:00,2014-09-24 01:15:00+00:00,2014-09-24 01:45:00+00:00,1,1.0000000000000726,TP,False
S2-08,asia_reclaim,EURUSD,2014-09-24 02:45:00+00:00,2014-09-24 03:00:00+00:00,2014-09-24 05:15:00+00:00,-1,1.0000000000001354,TP,False
S2-08,asia_reclaim,EURUSD,2014-09-24 05:45:00+00:00,2014-09-24 06:00:00+00:00,2014-09-24 06:00:00+00:00,1,-0.9999999999998078,SL,False
S2-08,asia_reclaim,EURUSD,2014-09-24 06:00:00+00:00,2014-09-24 06:15:00+00:00,2014-09-24 06:30:00+00:00,1,-1.0,SL,False
S2-08,asia_reclaim,EURUSD,2014-09-25 01:45:00+00:00,2014-09-25 02:00:00+00:00,2014-09-25 02:00:00+00:00,-1,0.9999999999997142,TP,False
S2-08,asia_reclaim,EURUSD,2014-09-25 05:30:00+00:00,2014-09-25 05:45:00+00:00,2014-09-25 05:45:00+00:00,1,-1.0000000000002378,SL,False
S2-08,asia_reclaim,EURUSD,2014-09-26 01:15:00+00:00,2014-09-26 01:30:00+00:00,2014-09-26 02:00:00+00:00,1,-1.0000000000000975,SL,False
S2-08,asia_reclaim,EURUSD,2014-09-26 02:45:00+00:00,2014-09-26 03:00:00+00:00,2014-09-26 05:30:00+00:00,1,-0.999999999999854,SL,False
S2-08,asia_reclaim,EURUSD,2014-09-26 05:45:00+00:00,2014-09-26 06:00:00+00:00,2014-09-26 06:30:00+00:00,1,-1.0,SL,False
S2-08,asia_reclaim,EURUSD,2014-09-29 01:45:00+00:00,2014-09-29 02:00:00+00:00,2014-09-29 02:15:00+00:00,1,-1.0000000000001457,SL,False
S2-08,asia_reclaim,EURUSD,2014-09-29 05:15:00+00:00,2014-09-29 05:30:00+00:00,2014-09-29 05:45:00+00:00,1,-1.00000000000016,SL,False
S2-08,asia_reclaim,EURUSD,2014-09-29 05:45:00+00:00,2014-09-29 06:00:00+00:00,2014-09-29 06:00:00+00:00,1,1.0000000000002514,TP,False
S2-08,asia_reclaim,EURUSD,2014-09-30 03:00:00+00:00,2014-09-30 03:15:00+00:00,2014-09-30 03:15:00+00:00,-1,-1.0,SL,False
S2-08,asia_reclaim,EURUSD,2014-10-01 01:15:00+00:00,2014-10-01 01:30:00+00:00,2014-10-01 01:45:00+00:00,1,1.000000000000075,TP,False
S2-08,asia_reclaim,EURUSD,2014-10-01 01:45:00+00:00,2014-10-01 02:00:00+00:00,2014-10-01 02:00:00+00:00,1,-1.0000000000002005,SL,False
S2-08,asia_reclaim,EURUSD,2014-10-01 02:15:00+00:00,2014-10-01 02:30:00+00:00,2014-10-01 04:00:00+00:00,1,1.0,TP,False
S2-08,asia_reclaim,EURUSD,2014-10-02 01:00:00+00:00,2014-10-02 01:15:00+00:00,2014-10-02 01:45:00+00:00,-1,1.0000000000002238,TP,False
S2-08,asia_reclaim,EURUSD,2014-10-03 01:15:00+00:00,2014-10-03 01:30:00+00:00,2014-10-03 02:00:00+00:00,1,-1.0,SL,False
S2-08,asia_reclaim,EURUSD,2014-10-03 02:00:00+00:00,2014-10-03 02:15:00+00:00,2014-10-03 02:15:00+00:00,1,-1.0,SL,False
S2-08,asia_reclaim,EURUSD,2014-10-03 02:15:00+00:00,2014-10-03 02:30:00+00:00,2014-10-03 03:45:00+00:00,1,-1.0000000000001996,SL,False
S2-08,asia_reclaim,EURUSD,2014-10-03 03:45:00+00:00,2014-10-03 04:00:00+00:00,2014-10-03 05:30:00+00:00,1,-0.9999999999999319,SL,False
S2-08,asia_reclaim,EURUSD,2014-10-03 06:15:00+00:00,2014-10-03 06:30:00+00:00,2014-10-03 06:45:00+00:00,1,-1.000000000000244,SL,False
S2-08,asia_reclaim,EURUSD,2014-10-03 06:45:00+00:00,2014-10-03 07:00:00+00:00,2014-10-03 07:15:00+00:00,1,0.9999999999997723,TP,False
S2-08,asia_reclaim,EURUSD,2014-10-06 01:15:00+00:00,2014-10-06 01:30:00+00:00,2014-10-06 02:15:00+00:00,-1,0.999999999999902,TP,False
S2-08,asia_reclaim,EURUSD,2014-10-06 05:45:00+00:00,2014-10-06 06:00:00+00:00,2014-10-06 06:00:00+00:00,-1,-1.0,SL,True
S2-08,asia_reclaim,EURUSD,2014-10-06 06:15:00+00:00,2014-10-06 06:30:00+00:00,2014-10-06 06:30:00+00:00,-1,-0.9999999999999063,SL,False
S2-08,asia_reclaim,EURUSD,2014-10-07 02:30:00+00:00,2014-10-07 02:45:00+00:00,2014-10-07 03:15:00+00:00,1,0.9999999999998743,TP,False
S2-08,asia_reclaim,EURUSD,2014-10-08 01:15:00+00:00,2014-10-08 01:30:00+00:00,2014-10-08 02:30:00+00:00,1,-1.0000000000001166,SL,False
S2-08,asia_reclaim,EURUSD,2014-10-08 03:00:00+00:00,2014-10-08 03:15:00+00:00,2014-10-08 07:00:00+00:00,1,0.9999999999999273,TP,False
S2-08,asia_reclaim,EURUSD,2014-10-09 01:00:00+00:00,2014-10-09 01:15:00+00:00,2014-10-09 01:15:00+00:00,-1,0.999999999999961,TP,False
S2-08,asia_reclaim,EURUSD,2014-10-09 03:15:00+00:00,2014-10-09 03:30:00+00:00,2014-10-09 04:00:00+00:00,-1,-1.0,SL,False
S2-08,asia_reclaim,EURUSD,2014-10-09 04:00:00+00:00,2014-10-09 04:15:00+00:00,2014-10-09 05:45:00+00:00,-1,0.9999999999999337,TP,False
S2-08,asia_reclaim,EURUSD,2014-10-10 01:15:00+00:00,2014-10-10 01:30:00+00:00,2014-10-10 01:45:00+00:00,-1,1.0000000000000995,TP,False
S2-08,asia_reclaim,EURUSD,2014-10-10 06:45:00+00:00,2014-10-10 07:00:00+00:00,2014-10-10 07:00:00+00:00,1,-1.0000000000000964,SL,False
S2-08,asia_reclaim,EURUSD,2014-10-13 02:30:00+00:00,2014-10-13 02:45:00+00:00,2014-10-13 05:15:00+00:00,-1,1.0000000000000326,TP,False
S2-08,asia_reclaim,EURUSD,2014-10-14 01:45:00+00:00,2014-10-14 02:00:00+00:00,2014-10-14 03:30:00+00:00,-1,0.9999999999998734,TP,False
S2-08,asia_reclaim,EURUSD,2014-10-14 06:30:00+00:00,2014-10-14 06:45:00+00:00,2014-10-14 06:45:00+00:00,1,-0.999999999999949,SL,False
S2-08,asia_reclaim,EURUSD,2014-10-15 01:00:00+00:00,2014-10-15 01:15:00+00:00,2014-10-15 01:15:00+00:00,1,-0.9999999999998908,SL,False
S2-08,asia_reclaim,EURUSD,2014-10-15 01:30:00+00:00,2014-10-15 01:45:00+00:00,2014-10-15 01:45:00+00:00,1,0.999999999999898,TP,False
S2-08,asia_reclaim,EURUSD,2014-10-15 06:45:00+00:00,2014-10-15 07:00:00+00:00,2014-10-15 07:00:00+00:00,-1,-0.9999999999999031,SL,False
S2-08,asia_reclaim,EURUSD,2014-10-16 05:45:00+00:00,2014-10-16 06:00:00+00:00,2014-10-16 06:00:00+00:00,1,-0.9999999999999087,SL,False
S2-08,asia_reclaim,EURUSD,2014-10-17 01:00:00+00:00,2014-10-17 01:15:00+00:00,2014-10-17 01:15:00+00:00,-1,-1.0000000000000953,SL,False
S2-08,asia_reclaim,EURUSD,2014-10-17 01:15:00+00:00,2014-10-17 01:30:00+00:00,2014-10-17 02:00:00+00:00,-1,0.9999999999999096,TP,False
S2-08,asia_reclaim,EURUSD,2014-10-17 03:00:00+00:00,2014-10-17 03:15:00+00:00,2014-10-17 03:30:00+00:00,1,-1.0,SL,False
S2-08,asia_reclaim,EURUSD,2014-10-17 03:30:00+00:00,2014-10-17 03:45:00+00:00,2014-10-17 05:30:00+00:00,1,1.000000000000155,TP,False
S2-08,asia_reclaim,EURUSD,2014-10-20 01:45:00+00:00,2014-10-20 02:00:00+00:00,2014-10-20 02:00:00+00:00,-1,-0.9999999999999039,SL,False
S2-08,asia_reclaim,EURUSD,2014-10-21 01:30:00+00:00,2014-10-21 01:45:00+00:00,2014-10-21 02:00:00+00:00,1,0.9999999999997948,TP,False
S2-08,asia_reclaim,EURUSD,2014-10-21 02:45:00+00:00,2014-10-21 03:00:00+00:00,2014-10-21 03:15:00+00:00,-1,-0.9999999999998254,SL,False
S2-08,asia_reclaim,EURUSD,2014-10-21 03:15:00+00:00,2014-10-21 03:30:00+00:00,2014-10-21 03:30:00+00:00,-1,-0.9999999999998218,SL,False
S2-08,asia_reclaim,EURUSD,2014-10-21 04:00:00+00:00,2014-10-21 04:15:00+00:00,2014-10-21 04:15:00+00:00,-1,-0.9999999999999415,SL,False
S2-08,asia_reclaim,EURUSD,2014-10-21 05:00:00+00:00,2014-10-21 05:15:00+00:00,2014-10-21 06:00:00+00:00,-1,-1.000000000000051,SL,False
S2-08,asia_reclaim,EURUSD,2014-10-22 01:00:00+00:00,2014-10-22 01:15:00+00:00,2014-10-22 01:15:00+00:00,-1,-1.0000000000000688,SL,False
S2-08,asia_reclaim,EURUSD,2014-10-22 01:30:00+00:00,2014-10-22 01:45:00+00:00,2014-10-22 02:00:00+00:00,-1,-1.0,SL,False
S2-08,asia_reclaim,EURUSD,2014-10-22 02:00:00+00:00,2014-10-22 02:15:00+00:00,2014-10-22 03:15:00+00:00,-1,-1.0,SL,False
S2-08,asia_reclaim,EURUSD,2014-10-22 06:15:00+00:00,2014-10-22 06:30:00+00:00,2014-10-22 06:30:00+00:00,-1,0.9999999999998247,TP,False
S2-08,asia_reclaim,EURUSD,2014-10-23 01:00:00+00:00,2014-10-23 01:15:00+00:00,2014-10-23 01:30:00+00:00,1,-1.0,SL,False
S2-08,asia_reclaim,EURUSD,2014-10-23 01:30:00+00:00,2014-10-23 01:45:00+00:00,2014-10-23 01:45:00+00:00,1,-1.0000000000001428,SL,False
S2-08,asia_reclaim,EURUSD,2014-10-23 02:45:00+00:00,2014-10-23 03:00:00+00:00,2014-10-23 03:30:00+00:00,1,1.0,TP,False
S2-08,asia_reclaim,EURUSD,2014-10-23 06:30:00+00:00,2014-10-23 06:45:00+00:00,2014-10-23 06:45:00+00:00,1,1.0000000000000688,TP,False
S2-08,asia_reclaim,EURUSD,2014-10-23 06:45:00+00:00,2014-10-23 07:00:00+00:00,2014-10-23 07:00:00+00:00,1,-1.0000000000001856,SL,False
S2-08,asia_reclaim,EURUSD,2014-10-24 06:15:00+00:00,2014-10-24 06:30:00+00:00,2014-10-24 06:30:00+00:00,-1,1.000000000000083,TP,False
S2-08,asia_reclaim,EURUSD,2014-10-27 01:00:00+00:00,2014-10-27 01:15:00+00:00,2014-10-27 01:45:00+00:00,-1,-0.9999999999998765,SL,False
S2-08,asia_reclaim,EURUSD,2014-10-27 02:00:00+00:00,2014-10-27 02:15:00+00:00,2014-10-27 02:45:00+00:00,-1,-0.9999999999999444,SL,False
S2-08,asia_reclaim,EURUSD,2014-10-28 01:30:00+00:00,2014-10-28 01:45:00+00:00,2014-10-28 01:45:00+00:00,-1,-0.9999999999999314,SL,False
S2-08,asia_reclaim,EURUSD,2014-10-28 03:00:00+00:00,2014-10-28 03:15:00+00:00,2014-10-28 04:00:00+00:00,-1,1.0000000000001976,TP,False
S2-08,asia_reclaim,EURUSD,2014-10-29 01:15:00+00:00,2014-10-29 01:30:00+00:00,2014-10-29 01:30:00+00:00,1,0.9999999999995975,TP,False
S2-08,asia_reclaim,EURUSD,2014-10-29 03:00:00+00:00,2014-10-29 03:15:00+00:00,2014-10-29 03:30:00+00:00,-1,0.9999999999997053,TP,False
S2-08,asia_reclaim,EURUSD,2014-10-30 01:00:00+00:00,2014-10-30 01:15:00+00:00,2014-10-30 01:45:00+00:00,1,0.9999999999998574,TP,False
S2-08,asia_reclaim,EURUSD,2014-10-30 04:00:00+00:00,2014-10-30 04:15:00+00:00,2014-10-30 04:45:00+00:00,1,-0.9999999999997916,SL,False
S2-08,asia_reclaim,EURUSD,2014-10-30 05:30:00+00:00,2014-10-30 05:45:00+00:00,2014-10-30 06:00:00+00:00,1,1.000000000000108,TP,False
S2-08,asia_reclaim,EURUSD,2014-10-31 06:00:00+00:00,2014-10-31 06:15:00+00:00,2014-10-31 06:45:00+00:00,1,-1.0000000000001164,SL,False
S2-08,asia_reclaim,EURUSD,2014-11-04 01:00:00+00:00,2014-11-04 01:15:00+00:00,2014-11-04 01:30:00+00:00,-1,1.0,TP,False
S2-08,asia_reclaim,EURUSD,2014-11-04 02:45:00+00:00,2014-11-04 03:00:00+00:00,2014-11-04 03:15:00+00:00,-1,-1.0000000000000433,SL,False
S2-08,asia_reclaim,EURUSD,2014-11-05 03:45:00+00:00,2014-11-05 04:00:00+00:00,2014-11-05 04:15:00+00:00,-1,0.9999999999998549,TP,False
S2-08,asia_reclaim,EURUSD,2014-11-06 01:15:00+00:00,2014-11-06 01:30:00+00:00,2014-11-06 02:00:00+00:00,-1,-0.9999999999999528,SL,False
S2-08,asia_reclaim,EURUSD,2014-11-06 02:00:00+00:00,2014-11-06 02:15:00+00:00,2014-11-06 02:45:00+00:00,-1,1.0,TP,False
S2-08,asia_reclaim,EURUSD,2014-11-07 01:00:00+00:00,2014-11-07 01:15:00+00:00,2014-11-07 02:15:00+00:00,1,1.0000000000000533,TP,False
S2-08,asia_reclaim,EURUSD,2014-11-07 04:30:00+00:00,2014-11-07 04:45:00+00:00,2014-11-07 04:45:00+00:00,1,-1.0000000000000746,SL,False
S2-08,asia_reclaim,EURUSD,2014-11-07 06:45:00+00:00,2014-11-07 07:00:00+00:00,2014-11-07 07:00:00+00:00,-1,-0.999999999999936,SL,False
S2-08,asia_reclaim,EURUSD,2014-11-10 02:15:00+00:00,2014-11-10 02:30:00+00:00,2014-11-10 02:30:00+00:00,-1,1.000000000000111,TP,False
S2-08,asia_reclaim,EURUSD,2014-11-11 01:30:00+00:00,2014-11-11 01:45:00+00:00,2014-11-11 03:30:00+00:00,-1,0.9999999999998079,TP,False
S2-08,asia_reclaim,EURUSD,2014-11-11 05:00:00+00:00,2014-11-11 05:15:00+00:00,2014-11-11 05:15:00+00:00,1,-0.9999999999998263,SL,False
S2-08,asia_reclaim,EURUSD,2014-11-12 01:00:00+00:00,2014-11-12 01:15:00+00:00,2014-11-12 01:15:00+00:00,1,1.0,TP,False
S2-08,asia_reclaim,EURUSD,2014-11-12 01:30:00+00:00,2014-11-12 01:45:00+00:00,2014-11-12 01:45:00+00:00,1,0.9999999999998765,TP,False
S2-08,asia_reclaim,EURUSD,2014-11-14 05:00:00+00:00,2014-11-14 05:15:00+00:00,2014-11-14 05:15:00+00:00,1,-1.0,SL,False
S2-08,asia_reclaim,EURUSD,2014-11-14 05:45:00+00:00,2014-11-14 06:00:00+00:00,2014-11-14 06:45:00+00:00,1,1.0000000000001836,TP,False
S2-08,asia_reclaim,EURUSD,2014-11-17 01:45:00+00:00,2014-11-17 02:00:00+00:00,2014-11-17 02:15:00+00:00,-1,-0.9999999999999394,SL,False
S2-08,asia_reclaim,EURUSD,2014-11-18 01:00:00+00:00,2014-11-18 01:15:00+00:00,2014-11-18 01:30:00+00:00,-1,-1.0000000000000748,SL,False
S2-08,asia_reclaim,EURUSD,2014-11-18 01:45:00+00:00,2014-11-18 02:00:00+00:00,2014-11-18 02:00:00+00:00,-1,-1.0,SL,False
S2-08,asia_reclaim,EURUSD,2014-11-18 02:45:00+00:00,2014-11-18 03:00:00+00:00,2014-11-18 05:00:00+00:00,-1,0.9999999999999372,TP,False
S2-08,asia_reclaim,EURUSD,2014-11-19 03:00:00+00:00,2014-11-19 03:15:00+00:00,2014-11-19 05:45:00+00:00,1,1.0000000000000568,TP,False
S2-08,asia_reclaim,EURUSD,2014-11-20 03:15:00+00:00,2014-11-20 03:30:00+00:00,2014-11-20 03:45:00+00:00,-1,1.0000000000000546,TP,False
S2-08,asia_reclaim,EURUSD,2014-11-20 04:45:00+00:00,2014-11-20 05:00:00+00:00,2014-11-20 06:45:00+00:00,-1,0.9999999999998258,TP,False
S2-08,asia_reclaim,EURUSD,2014-11-21 01:00:00+00:00,2014-11-21 01:15:00+00:00,2014-11-21 01:30:00+00:00,-1,1.000000000000189,TP,False
S2-08,asia_reclaim,EURUSD,2014-11-21 01:30:00+00:00,2014-11-21 01:45:00+00:00,2014-11-21 01:45:00+00:00,-1,-0.9999999999998853,SL,False
S2-08,asia_reclaim,EURUSD,2014-11-21 02:00:00+00:00,2014-11-21 02:15:00+00:00,2014-11-21 02:30:00+00:00,-1,1.0000000000001514,TP,False
S2-08,asia_reclaim,EURUSD,2014-11-21 06:00:00+00:00,2014-11-21 06:15:00+00:00,2014-11-21 07:00:00+00:00,1,0.999999999999954,TP,False
S2-08,asia_reclaim,EURUSD,2014-11-24 01:30:00+00:00,2014-11-24 01:45:00+00:00,2014-11-24 02:45:00+00:00,-1,-1.0,SL,False
S2-08,asia_reclaim,EURUSD,2014-11-24 02:45:00+00:00,2014-11-24 03:00:00+00:00,2014-11-24 03:15:00+00:00,-1,-1.0000000000000548,SL,False
S2-08,asia_reclaim,EURUSD,2014-11-24 03:30:00+00:00,2014-11-24 03:45:00+00:00,2014-11-24 04:00:00+00:00,-1,-1.0,SL,False
S2-08,asia_reclaim,EURUSD,2014-11-24 04:00:00+00:00,2014-11-24 04:15:00+00:00,2014-11-24 07:00:00+00:00,-1,0.9999999999998819,TP,False
S2-08,asia_reclaim,EURUSD,2014-11-25 01:00:00+00:00,2014-11-25 01:15:00+00:00,2014-11-25 01:15:00+00:00,-1,-1.0000000000000686,SL,False
S2-08,asia_reclaim,EURUSD,2014-11-25 02:15:00+00:00,2014-11-25 02:30:00+00:00,2014-11-25 02:45:00+00:00,1,-0.9999999999998338,SL,False
S2-08,asia_reclaim,EURUSD,2014-11-25 03:30:00+00:00,2014-11-25 03:45:00+00:00,2014-11-25 06:15:00+00:00,1,1.0000000000000573,TP,False
S2-08,asia_reclaim,EURUSD,2014-11-26 01:15:00+00:00,2014-11-26 01:30:00+00:00,2014-11-26 01:30:00+00:00,-1,0.9999999999997424,TP,False
S2-08,asia_reclaim,EURUSD,2014-11-26 02:30:00+00:00,2014-11-26 02:45:00+00:00,2014-11-26 03:00:00+00:00,1,1.0000000000001312,TP,False
S2-08,asia_reclaim,EURUSD,2014-11-27 01:45:00+00:00,2014-11-27 02:00:00+00:00,2014-11-27 02:00:00+00:00,1,1.0000000000001583,TP,False
S2-08,asia_reclaim,EURUSD,2014-11-27 03:45:00+00:00,2014-11-27 04:00:00+00:00,2014-11-27 07:00:00+00:00,-1,-0.9999999999998703,SL,False
S2-08,asia_reclaim,EURUSD,2014-11-28 02:15:00+00:00,2014-11-28 02:30:00+00:00,2014-11-28 02:45:00+00:00,-1,0.999999999999863,TP,False
S2-08,asia_reclaim,EURUSD,2014-11-28 04:15:00+00:00,2014-11-28 04:30:00+00:00,2014-11-28 06:30:00+00:00,1,1.000000000000067,TP,False
S2-08,asia_reclaim,EURUSD,2014-12-01 01:30:00+00:00,2014-12-01 01:45:00+00:00,2014-12-01 01:45:00+00:00,-1,-1.0000000000000568,SL,False
S2-08,asia_reclaim,EURUSD,2014-12-01 01:45:00+00:00,2014-12-01 02:00:00+00:00,2014-12-01 03:00:00+00:00,-1,-0.9999999999998375,SL,False
S2-08,asia_reclaim,EURUSD,2014-12-01 03:00:00+00:00,2014-12-01 03:15:00+00:00,2014-12-01 04:00:00+00:00,-1,-0.9999999999998853,SL,False
S2-08,asia_reclaim,EURUSD,2014-12-01 04:15:00+00:00,2014-12-01 04:30:00+00:00,2014-12-01 05:15:00+00:00,-1,0.9999999999998626,TP,False
S2-08,asia_reclaim,EURUSD,2014-12-02 05:45:00+00:00,2014-12-02 06:00:00+00:00,2014-12-02 07:00:00+00:00,1,-0.9999999999998933,SL,False
S2-08,asia_reclaim,EURUSD,2014-12-03 01:00:00+00:00,2014-12-03 01:15:00+00:00,2014-12-03 01:45:00+00:00,1,1.0,TP,False
S2-08,asia_reclaim,EURUSD,2014-12-03 01:45:00+00:00,2014-12-03 02:00:00+00:00,2014-12-03 03:00:00+00:00,-1,0.9999999999999146,TP,False
S2-08,asia_reclaim,EURUSD,2014-12-03 04:00:00+00:00,2014-12-03 04:15:00+00:00,2014-12-03 04:45:00+00:00,1,-1.0000000000002414,SL,False
S2-08,asia_reclaim,EURUSD,2014-12-03 05:30:00+00:00,2014-12-03 05:45:00+00:00,2014-12-03 05:45:00+00:00,1,-0.9999999999998235,SL,False
S2-08,asia_reclaim,EURUSD,2014-12-03 06:15:00+00:00,2014-12-03 06:30:00+00:00,2014-12-03 07:00:00+00:00,1,1.0000000000001419,TP,False
S2-08,asia_reclaim,EURUSD,2014-12-04 03:30:00+00:00,2014-12-04 03:45:00+00:00,2014-12-04 04:00:00+00:00,1,-0.9999999999999134,SL,False
S2-08,asia_reclaim,EURUSD,2014-12-05 02:00:00+00:00,2014-12-05 02:15:00+00:00,2014-12-05 02:45:00+00:00,1,1.0000000000001181,TP,False
S2-08,asia_reclaim,EURUSD,2014-12-05 04:15:00+00:00,2014-12-05 04:30:00+00:00,2014-12-05 05:45:00+00:00,1,0.9999999999997409,TP,False
S2-08,asia_reclaim,EURUSD,2014-12-08 04:00:00+00:00,2014-12-08 04:15:00+00:00,2014-12-08 05:30:00+00:00,1,0.9999999999998638,TP,False
S2-08,asia_reclaim,EURUSD,2014-12-08 06:30:00+00:00,2014-12-08 06:45:00+00:00,2014-12-08 07:00:00+00:00,1,-1.0000000000002423,SL,False
S2-08,asia_reclaim,EURUSD,2014-12-09 01:15:00+00:00,2014-12-09 01:30:00+00:00,2014-12-09 02:00:00+00:00,1,-1.0000000000001288,SL,False
S2-08,asia_reclaim,EURUSD,2014-12-09 04:30:00+00:00,2014-12-09 04:45:00+00:00,2014-12-09 05:30:00+00:00,-1,-0.9999999999999507,SL,False
S2-08,asia_reclaim,EURUSD,2014-12-10 01:45:00+00:00,2014-12-10 02:00:00+00:00,2014-12-10 02:30:00+00:00,1,0.9999999999999033,TP,False
S2-08,asia_reclaim,EURUSD,2014-12-10 04:15:00+00:00,2014-12-10 04:30:00+00:00,2014-12-10 04:30:00+00:00,-1,-0.9999999999998878,SL,False
S2-08,asia_reclaim,EURUSD,2014-12-10 04:45:00+00:00,2014-12-10 05:00:00+00:00,2014-12-10 06:45:00+00:00,-1,0.9999999999999455,TP,False
S2-08,asia_reclaim,EURUSD,2014-12-11 01:00:00+00:00,2014-12-11 01:15:00+00:00,2014-12-11 01:15:00+00:00,1,-0.999999999999937,SL,False
S2-08,asia_reclaim,EURUSD,2014-12-11 05:00:00+00:00,2014-12-11 05:15:00+00:00,2014-12-11 05:45:00+00:00,1,-0.9999999999999031,SL,False
S2-08,asia_reclaim,EURUSD,2014-12-12 02:30:00+00:00,2014-12-12 02:45:00+00:00,2014-12-12 02:45:00+00:00,-1,0.9999999999999503,TP,False
S2-08,asia_reclaim,EURUSD,2014-12-15 01:15:00+00:00,2014-12-15 01:30:00+00:00,2014-12-15 03:30:00+00:00,1,-0.999999999999959,SL,False
S2-08,asia_reclaim,EURUSD,2014-12-15 04:00:00+00:00,2014-12-15 04:15:00+00:00,2014-12-15 06:15:00+00:00,1,0.9999999999999033,TP,False
S2-08,asia_reclaim,EURUSD,2014-12-16 01:00:00+00:00,2014-12-16 01:15:00+00:00,2014-12-16 02:00:00+00:00,1,0.9999999999997903,TP,False
S2-08,asia_reclaim,EURUSD,2014-12-16 03:00:00+00:00,2014-12-16 03:15:00+00:00,2014-12-16 03:15:00+00:00,-1,-1.0000000000001275,SL,False
S2-08,asia_reclaim,EURUSD,2014-12-16 05:45:00+00:00,2014-12-16 06:00:00+00:00,2014-12-16 06:15:00+00:00,-1,1.0000000000001203,TP,False
S2-08,asia_reclaim,EURUSD,2014-12-17 02:00:00+00:00,2014-12-17 02:15:00+00:00,2014-12-17 02:45:00+00:00,-1,0.9999999999999466,TP,False
S2-08,asia_reclaim,EURUSD,2014-12-17 03:15:00+00:00,2014-12-17 03:30:00+00:00,2014-12-17 04:15:00+00:00,1,-1.0000000000000464,SL,False
S2-08,asia_reclaim,EURUSD,2014-12-17 04:30:00+00:00,2014-12-17 04:45:00+00:00,2014-12-17 05:30:00+00:00,1,-0.9999999999998468,SL,False
S2-08,asia_reclaim,EURUSD,2014-12-17 06:00:00+00:00,2014-12-17 06:15:00+00:00,2014-12-17 06:45:00+00:00,1,-1.0000000000000593,SL,False
S2-08,asia_reclaim,EURUSD,2014-12-18 02:30:00+00:00,2014-12-18 02:45:00+00:00,2014-12-18 03:15:00+00:00,-1,-0.9999999999998618,SL,False
S2-08,asia_reclaim,EURUSD,2014-12-18 03:30:00+00:00,2014-12-18 03:45:00+00:00,2014-12-18 06:00:00+00:00,-1,0.9999999999999475,TP,False
S2-08,asia_reclaim,EURUSD,2014-12-19 03:45:00+00:00,2014-12-19 04:00:00+00:00,2014-12-19 05:15:00+00:00,1,1.0000000000001257,TP,False
S2-08,asia_reclaim,EURUSD,2014-12-19 06:45:00+00:00,2014-12-19 07:00:00+00:00,2014-12-19 07:00:00+00:00,-1,-0.9999999999999385,SL,False
S2-08,asia_reclaim,EURUSD,2014-12-22 01:00:00+00:00,2014-12-22 01:15:00+00:00,2014-12-22 01:30:00+00:00,-1,-0.999999999999914,SL,False
S2-08,asia_reclaim,EURUSD,2014-12-22 03:00:00+00:00,2014-12-22 03:15:00+00:00,2014-12-22 04:15:00+00:00,-1,1.0000000000000642,TP,False
S2-08,asia_reclaim,EURUSD,2014-12-22 06:15:00+00:00,2014-12-22 06:30:00+00:00,2014-12-22 06:45:00+00:00,-1,-0.9999999999997667,SL,False
S2-08,asia_reclaim,EURUSD,2014-12-22 06:45:00+00:00,2014-12-22 07:00:00+00:00,2014-12-22 07:00:00+00:00,-1,-1.0000000000000762,SL,False
S2-08,asia_reclaim,EURUSD,2014-12-23 06:15:00+00:00,2014-12-23 06:30:00+00:00,2014-12-23 07:00:00+00:00,-1,-1.0,SL,False
S2-08,asia_reclaim,EURUSD,2014-12-25 05:00:00+00:00,2014-12-25 05:15:00+00:00,2014-12-25 07:15:00+00:00,-1,-0.9999999999999503,SL,False
S2-08,asia_reclaim,EURUSD,2014-12-26 01:00:00+00:00,2014-12-26 01:15:00+00:00,2014-12-26 01:45:00+00:00,-1,-1.000000000000159,SL,False
S2-08,asia_reclaim,EURUSD,2014-12-29 01:30:00+00:00,2014-12-29 01:45:00+00:00,2014-12-29 02:15:00+00:00,-1,-0.9999999999998072,SL,False
S2-08,asia_reclaim,EURUSD,2014-12-29 04:30:00+00:00,2014-12-29 04:45:00+00:00,2014-12-29 04:45:00+00:00,-1,-1.0000000000000777,SL,False
S2-08,asia_reclaim,EURUSD,2014-12-29 05:00:00+00:00,2014-12-29 05:15:00+00:00,2014-12-29 05:45:00+00:00,-1,1.0000000000002296,TP,False
S2-08,asia_reclaim,EURUSD,2014-12-30 03:15:00+00:00,2014-12-30 03:30:00+00:00,2014-12-30 06:00:00+00:00,1,-0.999999999999823,SL,False
S2-08,asia_reclaim,EURUSD,2014-12-31 01:00:00+00:00,2014-12-31 01:15:00+00:00,2014-12-31 01:30:00+00:00,1,1.0,TP,False
S2-08,asia_reclaim,EURUSD,2014-12-31 01:30:00+00:00,2014-12-31 01:45:00+00:00,2014-12-31 01:45:00+00:00,-1,-1.0,SL,False
S2-08,asia_reclaim,EURUSD,2014-12-31 02:00:00+00:00,2014-12-31 02:15:00+00:00,2014-12-31 03:00:00+00:00,-1,0.9999999999997373,TP,False
S2-08,asia_reclaim,EURUSD,2014-12-31 05:15:00+00:00,2014-12-31 05:30:00+00:00,2014-12-31 05:45:00+00:00,1,-1.0000000000000964,SL,False
S2-08,asia_reclaim,EURUSD,2014-12-31 05:45:00+00:00,2014-12-31 06:00:00+00:00,2014-12-31 06:00:00+00:00,1,0.9999999999999033,TP,False
S2-08,asia_reclaim,EURUSD,2015-01-02 01:00:00+00:00,2015-01-02 01:15:00+00:00,2015-01-02 01:15:00+00:00,1,-1.0000000000000855,SL,False
S2-08,asia_reclaim,EURUSD,2015-01-02 01:30:00+00:00,2015-01-02 01:45:00+00:00,2015-01-02 02:15:00+00:00,1,-1.0000000000000355,SL,False
S2-08,asia_reclaim,EURUSD,2015-01-02 02:15:00+00:00,2015-01-02 02:30:00+00:00,2015-01-02 04:30:00+00:00,1,-1.0000000000000961,SL,False
S2-08,asia_reclaim,EURUSD,2015-01-02 05:00:00+00:00,2015-01-02 05:15:00+00:00,2015-01-02 06:30:00+00:00,1,0.9999999999999507,TP,False
S2-08,asia_reclaim,EURUSD,2015-01-05 03:30:00+00:00,2015-01-05 03:45:00+00:00,2015-01-05 04:00:00+00:00,1,-1.0,SL,False
S2-08,asia_reclaim,EURUSD,2015-01-05 04:30:00+00:00,2015-01-05 04:45:00+00:00,2015-01-05 05:30:00+00:00,1,-1.0,SL,False
S2-08,asia_reclaim,EURUSD,2015-01-05 05:45:00+00:00,2015-01-05 06:00:00+00:00,2015-01-05 06:45:00+00:00,1,0.9999999999999577,TP,False
S2-08,asia_reclaim,EURUSD,2015-01-06 01:00:00+00:00,2015-01-06 01:15:00+00:00,2015-01-06 01:45:00+00:00,-1,1.000000000000143,TP,False
S2-08,asia_reclaim,EURUSD,2015-01-06 02:15:00+00:00,2015-01-06 02:30:00+00:00,2015-01-06 02:30:00+00:00,-1,-1.0000000000000675,SL,False
S2-08,asia_reclaim,EURUSD,2015-01-06 05:30:00+00:00,2015-01-06 05:45:00+00:00,2015-01-06 06:30:00+00:00,-1,-0.9999999999998657,SL,False
S2-08,asia_reclaim,EURUSD,2015-01-06 06:45:00+00:00,2015-01-06 07:00:00+00:00,2015-01-06 07:15:00+00:00,-1,0.9999999999998169,TP,False
S2-08,asia_reclaim,EURUSD,2015-01-08 02:00:00+00:00,2015-01-08 02:15:00+00:00,2015-01-08 02:30:00+00:00,1,-1.0000000000001248,SL,False
S2-08,asia_reclaim,EURUSD,2015-01-08 03:00:00+00:00,2015-01-08 03:15:00+00:00,2015-01-08 03:30:00+00:00,1,0.9999999999998265,TP,False
S2-08,asia_reclaim,EURUSD,2015-01-08 05:15:00+00:00,2015-01-08 05:30:00+00:00,2015-01-08 06:45:00+00:00,1,0.9999999999997883,TP,False
S2-08,asia_reclaim,EURUSD,2015-01-09 01:30:00+00:00,2015-01-09 01:45:00+00:00,2015-01-09 01:45:00+00:00,-1,1.000000000000188,TP,False
S2-08,asia_reclaim,EURUSD,2015-01-09 04:30:00+00:00,2015-01-09 04:45:00+00:00,2015-01-09 05:00:00+00:00,-1,-0.9999999999999368,SL,False
S2-08,asia_reclaim,EURUSD,2015-01-09 05:00:00+00:00,2015-01-09 05:15:00+00:00,2015-01-09 06:15:00+00:00,-1,0.9999999999998063,TP,False
S2-08,asia_reclaim,EURUSD,2015-01-12 02:30:00+00:00,2015-01-12 02:45:00+00:00,2015-01-12 02:45:00+00:00,1,-0.9999999999998932,SL,False
S2-08,asia_reclaim,EURUSD,2015-01-12 03:00:00+00:00,2015-01-12 03:15:00+00:00,2015-01-12 03:30:00+00:00,1,0.9999999999999004,TP,False
S2-08,asia_reclaim,EURUSD,2015-01-12 06:00:00+00:00,2015-01-12 06:15:00+00:00,2015-01-12 06:30:00+00:00,-1,0.9999999999998951,TP,False
S2-08,asia_reclaim,EURUSD,2015-01-13 01:15:00+00:00,2015-01-13 01:30:00+00:00,2015-01-13 01:30:00+00:00,-1,1.0000000000000624,TP,False
S2-08,asia_reclaim,EURUSD,2015-01-13 06:00:00+00:00,2015-01-13 06:15:00+00:00,2015-01-13 06:15:00+00:00,1,0.9999999999998659,TP,False
S2-08,asia_reclaim,EURUSD,2015-01-14 05:15:00+00:00,2015-01-14 05:30:00+00:00,2015-01-14 06:15:00+00:00,-1,-1.0000000000001723,SL,False
S2-08,asia_reclaim,EURUSD,2015-01-14 06:15:00+00:00,2015-01-14 06:30:00+00:00,2015-01-14 06:45:00+00:00,-1,0.9999999999999354,TP,False
S2-08,asia_reclaim,EURUSD,2015-01-15 01:30:00+00:00,2015-01-15 01:45:00+00:00,2015-01-15 01:45:00+00:00,1,-0.9999999999998068,SL,False
S2-08,asia_reclaim,EURUSD,2015-01-15 05:00:00+00:00,2015-01-15 05:15:00+00:00,2015-01-15 05:15:00+00:00,1,-0.9999999999997938,SL,False
S2-08,asia_reclaim,EURUSD,2015-01-15 06:15:00+00:00,2015-01-15 06:30:00+00:00,2015-01-15 06:45:00+00:00,1,1.000000000000203,TP,False
S2-08,asia_reclaim,EURUSD,2015-01-16 01:00:00+00:00,2015-01-16 01:15:00+00:00,2015-01-16 01:30:00+00:00,1,1.0,TP,False
S2-08,asia_reclaim,EURUSD,2015-01-16 02:30:00+00:00,2015-01-16 02:45:00+00:00,2015-01-16 03:00:00+00:00,-1,-1.0000000000000915,SL,False
S2-08,asia_reclaim,EURUSD,2015-01-16 03:15:00+00:00,2015-01-16 03:30:00+00:00,2015-01-16 05:15:00+00:00,-1,1.000000000000084,TP,False
S2-08,asia_reclaim,EURUSD,2015-01-19 01:00:00+00:00,2015-01-19 01:15:00+00:00,2015-01-19 01:30:00+00:00,-1,-1.0000000000000353,SL,False
S2-08,asia_reclaim,EURUSD,2015-01-19 01:30:00+00:00,2015-01-19 01:45:00+00:00,2015-01-19 02:15:00+00:00,-1,0.9999999999998883,TP,False
S2-08,asia_reclaim,EURUSD,2015-01-19 06:15:00+00:00,2015-01-19 06:30:00+00:00,2015-01-19 06:30:00+00:00,1,-1.0000000000000664,SL,False
S2-08,asia_reclaim,EURUSD,2015-01-20 01:30:00+00:00,2015-01-20 01:45:00+00:00,2015-01-20 01:45:00+00:00,1,0.9999999999998882,TP,False
S2-08,asia_reclaim,EURUSD,2015-01-20 06:15:00+00:00,2015-01-20 06:30:00+00:00,2015-01-20 06:45:00+00:00,1,-0.9999999999998883,SL,False
S2-08,asia_reclaim,EURUSD,2015-01-21 01:30:00+00:00,2015-01-21 01:45:00+00:00,2015-01-21 02:00:00+00:00,-1,-1.0000000000000584,SL,False
S2-08,asia_reclaim,EURUSD,2015-01-21 02:45:00+00:00,2015-01-21 03:00:00+00:00,2015-01-21 03:15:00+00:00,-1,-1.0,SL,False
S2-08,asia_reclaim,EURUSD,2015-01-21 04:00:00+00:00,2015-01-21 04:15:00+00:00,2015-01-21 04:45:00+00:00,-1,1.0,TP,False
S2-08,asia_reclaim,EURUSD,2015-01-21 05:45:00+00:00,2015-01-21 06:00:00+00:00,2015-01-21 06:00:00+00:00,-1,-1.000000000000147,SL,False
S2-08,asia_reclaim,EURUSD,2015-01-22 01:15:00+00:00,2015-01-22 01:30:00+00:00,2015-01-22 01:45:00+00:00,-1,1.000000000000032,TP,False
S2-08,asia_reclaim,EURUSD,2015-01-22 05:15:00+00:00,2015-01-22 05:30:00+00:00,2015-01-22 06:15:00+00:00,1,-1.0000000000001692,SL,False
S2-08,asia_reclaim,EURUSD,2015-01-23 01:30:00+00:00,2015-01-23 01:45:00+00:00,2015-01-23 04:30:00+00:00,-1,0.9999999999999738,TP,False
S2-08,asia_reclaim,EURUSD,2015-01-23 05:15:00+00:00,2015-01-23 05:30:00+00:00,2015-01-23 05:30:00+00:00,1,0.9999999999999254,TP,False
S2-08,asia_reclaim,EURUSD,2015-01-27 01:45:00+00:00,2015-01-27 02:00:00+00:00,2015-01-27 02:45:00+00:00,-1,0.9999999999999204,TP,False
S2-08,asia_reclaim,EURUSD,2015-01-27 06:30:00+00:00,2015-01-27 06:45:00+00:00,2015-01-27 06:45:00+00:00,1,1.0,TP,False
S2-08,asia_reclaim,EURUSD,2015-01-28 01:15:00+00:00,2015-01-28 01:30:00+00:00,2015-01-28 05:15:00+00:00,1,-0.399437965937872,TIME,False
S2-08,asia_reclaim,EURUSD,2015-01-28 06:15:00+00:00,2015-01-28 06:30:00+00:00,2015-01-28 06:30:00+00:00,-1,-1.0,SL,False
S2-08,asia_reclaim,EURUSD,2015-01-29 03:30:00+00:00,2015-01-29 03:45:00+00:00,2015-01-29 04:15:00+00:00,1,-1.0000000000000473,SL,False
S2-08,asia_reclaim,EURUSD,2015-01-29 04:30:00+00:00,2015-01-29 04:45:00+00:00,2015-01-29 05:00:00+00:00,1,-0.9999999999998324,SL,False
S2-08,asia_reclaim,EURUSD,2015-01-29 05:00:00+00:00,2015-01-29 05:15:00+00:00,2015-01-29 05:30:00+00:00,1,0.9999999999998211,TP,False
S2-08,asia_reclaim,EURUSD,2015-01-30 05:15:00+00:00,2015-01-30 05:30:00+00:00,2015-01-30 06:00:00+00:00,-1,-1.0000000000000628,SL,False
S2-08,asia_reclaim,EURUSD,2015-02-02 01:00:00+00:00,2015-02-02 01:15:00+00:00,2015-02-02 02:00:00+00:00,-1,-1.0000000000000673,SL,False
S2-08,asia_reclaim,EURUSD,2015-02-02 06:15:00+00:00,2015-02-02 06:30:00+00:00,2015-02-02 06:30:00+00:00,1,1.000000000000064,TP,False
S2-08,asia_reclaim,EURUSD,2015-02-03 01:00:00+00:00,2015-02-03 01:15:00+00:00,2015-02-03 01:30:00+00:00,-1,-0.9999999999999419,SL,False
S2-08,asia_reclaim,EURUSD,2015-02-03 03:30:00+00:00,2015-02-03 03:45:00+00:00,2015-02-03 03:45:00+00:00,1,-1.0000000000000615,SL,False
S2-08,asia_reclaim,EURUSD,2015-02-03 04:00:00+00:00,2015-02-03 04:15:00+00:00,2015-02-03 05:15:00+00:00,1,-0.9999999999998899,SL,False
S2-08,asia_reclaim,EURUSD,2015-02-03 05:30:00+00:00,2015-02-03 05:45:00+00:00,2015-02-03 06:45:00+00:00,1,0.9999999999998977,TP,False
S2-08,asia_reclaim,EURUSD,2015-02-04 01:00:00+00:00,2015-02-04 01:15:00+00:00,2015-02-04 02:00:00+00:00,-1,1.000000000000115,TP,False
S2-08,asia_reclaim,EURUSD,2015-02-04 02:00:00+00:00,2015-02-04 02:15:00+00:00,2015-02-04 03:30:00+00:00,1,0.9999999999999628,TP,False
S2-08,asia_reclaim,EURUSD,2015-02-04 05:45:00+00:00,2015-02-04 06:00:00+00:00,2015-02-04 06:15:00+00:00,-1,1.0000000000001554,TP,False
S2-08,asia_reclaim,EURUSD,2015-02-04 06:30:00+00:00,2015-02-04 06:45:00+00:00,2015-02-04 06:45:00+00:00,-1,1.0000000000000882,TP,False
S2-08,asia_reclaim,EURUSD,2015-02-05 01:30:00+00:00,2015-02-05 01:45:00+00:00,2015-02-05 02:15:00+00:00,-1,-0.9999999999999478,SL,False
S2-08,asia_reclaim,EURUSD,2015-02-05 02:30:00+00:00,2015-02-05 02:45:00+00:00,2015-02-05 05:30:00+00:00,-1,0.9999999999999478,TP,False
S2-08,asia_reclaim,EURUSD,2015-02-06 01:30:00+00:00,2015-02-06 01:45:00+00:00,2015-02-06 02:15:00+00:00,1,1.0000000000001108,TP,False
S2-08,asia_reclaim,EURUSD,2015-02-06 04:15:00+00:00,2015-02-06 04:30:00+00:00,2015-02-06 06:00:00+00:00,-1,-0.9999999999999263,SL,False
S2-08,asia_reclaim,EURUSD,2015-02-06 06:00:00+00:00,2015-02-06 06:15:00+00:00,2015-02-06 06:45:00+00:00,-1,1.0000000000002702,TP,False
S2-08,asia_reclaim,EURUSD,2015-02-09 01:30:00+00:00,2015-02-09 01:45:00+00:00,2015-02-09 01:45:00+00:00,-1,-1.0,SL,False
S2-08,asia_reclaim,EURUSD,2015-02-09 02:15:00+00:00,2015-02-09 02:30:00+00:00,2015-02-09 06:15:00+00:00,-1,0.23105411786491367,TIME,False
S2-08,asia_reclaim,EURUSD,2015-02-10 02:30:00+00:00,2015-02-10 02:45:00+00:00,2015-02-10 03:15:00+00:00,-1,-0.9999999999999456,SL,False
S2-08,asia_reclaim,EURUSD,2015-02-11 01:15:00+00:00,2015-02-11 01:30:00+00:00,2015-02-11 02:30:00+00:00,-1,0.9999999999997617,TP,False
S2-08,asia_reclaim,EURUSD,2015-02-11 05:15:00+00:00,2015-02-11 05:30:00+00:00,2015-02-11 05:30:00+00:00,1,0.9999999999999307,TP,False
S2-08,asia_reclaim,EURUSD,2015-02-11 06:45:00+00:00,2015-02-11 07:00:00+00:00,2015-02-11 07:00:00+00:00,1,-1.0,SL,False
S2-08,asia_reclaim,EURUSD,2015-02-13 01:15:00+00:00,2015-02-13 01:30:00+00:00,2015-02-13 03:30:00+00:00,1,1.0000000000001579,TP,False
S2-08,asia_reclaim,EURUSD,2015-02-13 04:45:00+00:00,2015-02-13 05:00:00+00:00,2015-02-13 05:30:00+00:00,-1,-1.0,SL,False
S2-08,asia_reclaim,EURUSD,2015-02-16 03:00:00+00:00,2015-02-16 03:15:00+00:00,2015-02-16 05:45:00+00:00,-1,0.999999999999859,TP,False
S2-08,asia_reclaim,EURUSD,2015-02-16 06:45:00+00:00,2015-02-16 07:00:00+00:00,2015-02-16 07:30:00+00:00,-1,1.0,TP,False
S2-08,asia_reclaim,EURUSD,2015-02-17 02:15:00+00:00,2015-02-17 02:30:00+00:00,2015-02-17 02:45:00+00:00,-1,-0.9999999999999587,SL,False
S2-08,asia_reclaim,EURUSD,2015-02-17 04:00:00+00:00,2015-02-17 04:15:00+00:00,2015-02-17 06:30:00+00:00,-1,1.0000000000000484,TP,False
S2-08,asia_reclaim,EURUSD,2015-02-18 01:45:00+00:00,2015-02-18 02:00:00+00:00,2015-02-18 02:15:00+00:00,1,1.0000000000002085,TP,False
S2-08,asia_reclaim,EURUSD,2015-02-18 02:45:00+00:00,2015-02-18 03:00:00+00:00,2015-02-18 04:00:00+00:00,-1,0.9999999999999409,TP,False
S2-08,asia_reclaim,EURUSD,2015-02-19 02:30:00+00:00,2015-02-19 02:45:00+00:00,2015-02-19 04:00:00+00:00,-1,1.0,TP,False
S2-08,asia_reclaim,EURUSD,2015-02-20 01:00:00+00:00,2015-02-20 01:15:00+00:00,2015-02-20 01:15:00+00:00,-1,1.0000000000002787,TP,False
S2-08,asia_reclaim,EURUSD,2015-02-20 01:30:00+00:00,2015-02-20 01:45:00+00:00,2015-02-20 01:45:00+00:00,1,-0.9999999999999245,SL,False
S2-08,asia_reclaim,EURUSD,2015-02-20 01:45:00+00:00,2015-02-20 02:00:00+00:00,2015-02-20 04:45:00+00:00,-1,0.9999999999998557,TP,False
S2-08,asia_reclaim,EURUSD,2015-02-20 06:30:00+00:00,2015-02-20 06:45:00+00:00,2015-02-20 06:45:00+00:00,1,-0.9999999999997996,SL,False
S2-08,asia_reclaim,EURUSD,2015-02-23 02:45:00+00:00,2015-02-23 03:00:00+00:00,2015-02-23 05:15:00+00:00,-1,1.0000000000000506,TP,False
S2-08,asia_reclaim,EURUSD,2015-02-24 01:30:00+00:00,2015-02-24 01:45:00+00:00,2015-02-24 01:45:00+00:00,-1,1.000000000000267,TP,False
S2-08,asia_reclaim,EURUSD,2015-02-24 02:00:00+00:00,2015-02-24 02:15:00+00:00,2015-02-24 02:45:00+00:00,-1,1.0000000000001525,TP,False
S2-08,asia_reclaim,EURUSD,2015-02-24 06:00:00+00:00,2015-02-24 06:15:00+00:00,2015-02-24 06:30:00+00:00,1,0.9999999999998684,TP,False
S2-08,asia_reclaim,EURUSD,2015-02-24 06:45:00+00:00,2015-02-24 07:00:00+00:00,2015-02-24 07:00:00+00:00,-1,1.0,TP,False
S2-08,asia_reclaim,EURUSD,2015-02-25 06:15:00+00:00,2015-02-25 06:30:00+00:00,2015-02-25 07:00:00+00:00,-1,-0.9999999999997292,SL,False
S2-08,asia_reclaim,EURUSD,2015-02-27 01:30:00+00:00,2015-02-27 01:45:00+00:00,2015-02-27 03:00:00+00:00,1,1.0000000000000582,TP,False
S2-08,asia_reclaim,EURUSD,2015-02-27 03:15:00+00:00,2015-02-27 03:30:00+00:00,2015-02-27 06:45:00+00:00,-1,0.9999999999998126,TP,False
S2-08,asia_reclaim,EURUSD,2015-03-02 01:15:00+00:00,2015-03-02 01:30:00+00:00,2015-03-02 02:00:00+00:00,-1,-1.000000000000042,SL,False
S2-08,asia_reclaim,EURUSD,2015-03-02 03:30:00+00:00,2015-03-02 03:45:00+00:00,2015-03-02 05:30:00+00:00,-1,-1.000000000000059,SL,False
S2-08,asia_reclaim,EURUSD,2015-03-02 06:00:00+00:00,2015-03-02 06:15:00+00:00,2015-03-02 06:15:00+00:00,-1,1.0000000000000984,TP,False
S2-08,asia_reclaim,EURUSD,2015-03-03 02:00:00+00:00,2015-03-03 02:15:00+00:00,2015-03-03 04:00:00+00:00,-1,-1.00000000000007,SL,False
S2-08,asia_reclaim,EURUSD,2015-03-03 04:30:00+00:00,2015-03-03 04:45:00+00:00,2015-03-03 06:45:00+00:00,-1,0.9999999999998783,TP,False
S2-08,asia_reclaim,EURUSD,2015-03-04 03:00:00+00:00,2015-03-04 03:15:00+00:00,2015-03-04 04:00:00+00:00,1,-0.9999999999999185,SL,False
S2-08,asia_reclaim,EURUSD,2015-03-04 04:30:00+00:00,2015-03-04 04:45:00+00:00,2015-03-04 05:15:00+00:00,1,-1.0000000000002236,SL,False
S2-08,asia_reclaim,EURUSD,2015-03-05 01:00:00+00:00,2015-03-05 01:15:00+00:00,2015-03-05 01:30:00+00:00,-1,0.9999999999999147,TP,False
S2-08,asia_reclaim,EURUSD,2015-03-05 02:00:00+00:00,2015-03-05 02:15:00+00:00,2015-03-05 02:15:00+00:00,1,-0.999999999999923,SL,False
S2-08,asia_reclaim,EURUSD,2015-03-05 03:30:00+00:00,2015-03-05 03:45:00+00:00,2015-03-05 03:45:00+00:00,1,-1.0,SL,False
S2-08,asia_reclaim,EURUSD,2015-03-05 04:00:00+00:00,2015-03-05 04:15:00+00:00,2015-03-05 04:45:00+00:00,1,-1.000000000000068,SL,False
S2-08,asia_reclaim,EURUSD,2015-03-05 05:00:00+00:00,2015-03-05 05:15:00+00:00,2015-03-05 06:00:00+00:00,1,-1.0000000000001856,SL,False
S2-08,asia_reclaim,EURUSD,2015-03-05 06:15:00+00:00,2015-03-05 06:30:00+00:00,2015-03-05 06:30:00+00:00,1,-0.9999999999999031,SL,False
S2-08,asia_reclaim,EURUSD,2015-03-05 06:30:00+00:00,2015-03-05 06:45:00+00:00,2015-03-05 06:45:00+00:00,1,0.9999999999999559,TP,False
S2-08,asia_reclaim,EURUSD,2015-03-06 06:45:00+00:00,2015-03-06 07:00:00+00:00,2015-03-06 07:00:00+00:00,1,1.0000000000001623,TP,False
S2-08,asia_reclaim,EURUSD,2015-03-09 01:00:00+00:00,2015-03-09 01:15:00+00:00,2015-03-09 02:00:00+00:00,1,-0.9999999999998563,SL,False
S2-08,asia_reclaim,EURUSD,2015-03-09 02:00:00+00:00,2015-03-09 02:15:00+00:00,2015-03-09 06:00:00+00:00,1,1.0000000000001026,TP,False
S2-08,asia_reclaim,EURUSD,2015-03-09 06:30:00+00:00,2015-03-09 06:45:00+00:00,2015-03-09 06:45:00+00:00,-1,-1.0000000000000708,SL,False
S2-08,asia_reclaim,EURUSD,2015-03-10 02:30:00+00:00,2015-03-10 02:45:00+00:00,2015-03-10 03:00:00+00:00,1,-0.9999999999998522,SL,False
S2-08,asia_reclaim,EURUSD,2015-03-10 03:30:00+00:00,2015-03-10 03:45:00+00:00,2015-03-10 04:00:00+00:00,1,1.0000000000000742,TP,False
S2-08,asia_reclaim,EURUSD,2015-03-11 04:15:00+00:00,2015-03-11 04:30:00+00:00,2015-03-11 04:45:00+00:00,1,0.9999999999999192,TP,False
S2-08,asia_reclaim,EURUSD,2015-03-12 01:00:00+00:00,2015-03-12 01:15:00+00:00,2015-03-12 01:30:00+00:00,-1,0.9999999999999144,TP,False
S2-08,asia_reclaim,EURUSD,2015-03-12 01:45:00+00:00,2015-03-12 02:00:00+00:00,2015-03-12 02:00:00+00:00,1,-0.9999999999998805,SL,False
S2-08,asia_reclaim,EURUSD,2015-03-12 02:45:00+00:00,2015-03-12 03:00:00+00:00,2015-03-12 03:00:00+00:00,1,1.0,TP,False
S2-08,asia_reclaim,EURUSD,2015-03-12 03:15:00+00:00,2015-03-12 03:30:00+00:00,2015-03-12 03:45:00+00:00,1,-1.000000000000056,SL,False
S2-08,asia_reclaim,EURUSD,2015-03-13 01:00:00+00:00,2015-03-13 01:15:00+00:00,2015-03-13 03:30:00+00:00,1,0.9999999999999472,TP,False
S2-08,asia_reclaim,EURUSD,2015-03-13 06:30:00+00:00,2015-03-13 06:45:00+00:00,2015-03-13 06:45:00+00:00,1,0.9999999999999091,TP,False
S2-08,asia_reclaim,EURUSD,2015-03-16 01:30:00+00:00,2015-03-16 01:45:00+00:00,2015-03-16 03:00:00+00:00,-1,1.0000000000000582,TP,False
S2-08,asia_reclaim,EURUSD,2015-03-17 03:00:00+00:00,2015-03-17 03:15:00+00:00,2015-03-17 03:45:00+00:00,-1,1.0000000000001465,TP,False
S2-08,asia_reclaim,EURUSD,2015-03-19 01:45:00+00:00,2015-03-19 02:00:00+00:00,2015-03-19 02:30:00+00:00,1,-1.0,SL,False
S2-08,asia_reclaim,EURUSD,2015-03-23 01:15:00+00:00,2015-03-23 01:30:00+00:00,2015-03-23 02:00:00+00:00,1,-1.0000000000000668,SL,False
S2-08,asia_reclaim,EURUSD,2015-03-23 04:00:00+00:00,2015-03-23 04:15:00+00:00,2015-03-23 05:15:00+00:00,-1,1.0000000000000246,TP,False
S2-08,asia_reclaim,EURUSD,2015-03-24 01:00:00+00:00,2015-03-24 01:15:00+00:00,2015-03-24 01:15:00+00:00,1,-0.9999999999998698,SL,False
S2-08,asia_reclaim,EURUSD,2015-03-24 02:30:00+00:00,2015-03-24 02:45:00+00:00,2015-03-24 03:45:00+00:00,1,-1.000000000000035,SL,False
S2-08,asia_reclaim,EURUSD,2015-03-24 06:00:00+00:00,2015-03-24 06:15:00+00:00,2015-03-24 06:30:00+00:00,-1,1.0000000000001075,TP,False
S2-08,asia_reclaim,EURUSD,2015-03-25 01:45:00+00:00,2015-03-25 02:00:00+00:00,2015-03-25 02:45:00+00:00,-1,-0.9999999999999535,SL,False
S2-08,asia_reclaim,EURUSD,2015-03-25 02:45:00+00:00,2015-03-25 03:00:00+00:00,2015-03-25 04:15:00+00:00,-1,1.0000000000001208,TP,False
S2-08,asia_reclaim,EURUSD,2015-03-26 05:00:00+00:00,2015-03-26 05:15:00+00:00,2015-03-26 06:00:00+00:00,-1,1.0,TP,False
S2-08,asia_reclaim,EURUSD,2015-03-26 06:45:00+00:00,2015-03-26 07:00:00+00:00,2015-03-26 07:00:00+00:00,-1,-0.9999999999999039,SL,False
S2-08,asia_reclaim,EURUSD,2015-03-27 06:30:00+00:00,2015-03-27 06:45:00+00:00,2015-03-27 07:00:00+00:00,1,-1.000000000000081,SL,False
S2-08,asia_reclaim,EURUSD,2015-03-30 02:00:00+00:00,2015-03-30 02:15:00+00:00,2015-03-30 03:15:00+00:00,-1,1.0000000000000722,TP,False
S2-08,asia_reclaim,EURUSD,2015-03-31 06:00:00+00:00,2015-03-31 06:15:00+00:00,2015-03-31 06:15:00+00:00,1,-1.0,SL,False
S2-08,asia_reclaim,EURUSD,2015-03-31 06:45:00+00:00,2015-03-31 07:00:00+00:00,2015-03-31 07:00:00+00:00,1,-1.0000000000000888,SL,False
S2-08,asia_reclaim,EURUSD,2015-04-01 02:45:00+00:00,2015-04-01 03:00:00+00:00,2015-04-01 04:00:00+00:00,-1,-0.9999999999999444,SL,False
S2-08,asia_reclaim,EURUSD,2015-04-01 04:15:00+00:00,2015-04-01 04:30:00+00:00,2015-04-01 05:15:00+00:00,-1,1.0,TP,False
S2-08,asia_reclaim,EURUSD,2015-04-02 03:00:00+00:00,2015-04-02 03:15:00+00:00,2015-04-02 03:30:00+00:00,-1,-1.0,SL,False
S2-08,asia_reclaim,EURUSD,2015-04-02 03:30:00+00:00,2015-04-02 03:45:00+00:00,2015-04-02 04:15:00+00:00,-1,0.9999999999998647,TP,False
S2-08,asia_reclaim,EURUSD,2015-04-02 04:30:00+00:00,2015-04-02 04:45:00+00:00,2015-04-02 05:15:00+00:00,-1,-1.0,SL,False
S2-08,asia_reclaim,EURUSD,2015-04-02 05:45:00+00:00,2015-04-02 06:00:00+00:00,2015-04-02 06:00:00+00:00,-1,-1.0000000000000955,SL,False
S2-08,asia_reclaim,EURUSD,2015-04-02 06:00:00+00:00,2015-04-02 06:15:00+00:00,2015-04-02 06:15:00+00:00,-1,-0.999999999999956,SL,False
S2-08,asia_reclaim,EURUSD,2015-04-03 04:00:00+00:00,2015-04-03 04:15:00+00:00,2015-04-03 04:15:00+00:00,-1,-1.0000000000000766,SL,False
S2-08,asia_reclaim,EURUSD,2015-04-03 04:30:00+00:00,2015-04-03 04:45:00+00:00,2015-04-03 04:45:00+00:00,-1,-0.9999999999997704,SL,False
S2-08,asia_reclaim,EURUSD,2015-04-03 04:45:00+00:00,2015-04-03 05:00:00+00:00,2015-04-03 06:15:00+00:00,-1,-1.0,SL,False
S2-08,asia_reclaim,EURUSD,2015-04-03 06:15:00+00:00,2015-04-03 06:30:00+00:00,2015-04-03 06:30:00+00:00,-1,-0.9999999999997459,SL,False
S2-08,asia_reclaim,EURUSD,2015-04-03 06:30:00+00:00,2015-04-03 06:45:00+00:00,2015-04-03 06:45:00+00:00,-1,-1.0,SL,False
S2-08,asia_reclaim,EURUSD,2015-04-06 01:15:00+00:00,2015-04-06 01:30:00+00:00,2015-04-06 05:15:00+00:00,1,-0.5820372585882755,TIME,False
S2-08,asia_reclaim,EURUSD,2015-04-08 04:45:00+00:00,2015-04-08 05:00:00+00:00,2015-04-08 05:30:00+00:00,-1,-1.0,SL,False
S2-08,asia_reclaim,EURUSD,2015-04-08 05:30:00+00:00,2015-04-08 05:45:00+00:00,2015-04-08 06:00:00+00:00,-1,1.0,TP,False
S2-08,asia_reclaim,EURUSD,2015-04-10 01:00:00+00:00,2015-04-10 01:15:00+00:00,2015-04-10 01:15:00+00:00,-1,0.9999999999997868,TP,False
S2-08,asia_reclaim,EURUSD,2015-04-10 02:00:00+00:00,2015-04-10 02:15:00+00:00,2015-04-10 02:45:00+00:00,-1,1.0,TP,False
S2-08,asia_reclaim,EURUSD,2015-04-10 06:00:00+00:00,2015-04-10 06:15:00+00:00,2015-04-10 06:15:00+00:00,1,-1.0,SL,False
S2-08,asia_reclaim,EURUSD,2015-04-10 06:15:00+00:00,2015-04-10 06:30:00+00:00,2015-04-10 06:30:00+00:00,1,1.0,TP,False
S2-08,asia_reclaim,EURUSD,2015-04-13 02:30:00+00:00,2015-04-13 02:45:00+00:00,2015-04-13 05:30:00+00:00,1,-1.0000000000001164,SL,False
S2-08,asia_reclaim,EURUSD,2015-04-13 05:30:00+00:00,2015-04-13 05:45:00+00:00,2015-04-13 06:00:00+00:00,1,1.0,TP,False
S2-08,asia_reclaim,EURUSD,2015-04-14 01:45:00+00:00,2015-04-14 02:00:00+00:00,2015-04-14 02:30:00+00:00,1,1.0000000000001223,TP,False
S2-08,asia_reclaim,EURUSD,2015-04-14 04:45:00+00:00,2015-04-14 05:00:00+00:00,2015-04-14 05:00:00+00:00,1,-0.9999999999999646,SL,False
S2-08,asia_reclaim,EURUSD,2015-04-14 05:00:00+00:00,2015-04-14 05:15:00+00:00,2015-04-14 05:15:00+00:00,1,-1.0000000000000369,SL,False
S2-08,asia_reclaim,EURUSD,2015-04-14 05:30:00+00:00,2015-04-14 05:45:00+00:00,2015-04-14 05:45:00+00:00,1,-1.0000000000000753,SL,False
S2-08,asia_reclaim,EURUSD,2015-04-14 06:15:00+00:00,2015-04-14 06:30:00+00:00,2015-04-14 06:45:00+00:00,1,1.0000000000001001,TP,False
S2-08,asia_reclaim,EURUSD,2015-04-15 01:30:00+00:00,2015-04-15 01:45:00+00:00,2015-04-15 02:00:00+00:00,1,0.9999999999999418,TP,False
S2-08,asia_reclaim,EURUSD,2015-04-15 02:00:00+00:00,2015-04-15 02:15:00+00:00,2015-04-15 02:15:00+00:00,1,1.0000000000001599,TP,False
S2-08,asia_reclaim,EURUSD,2015-04-15 04:00:00+00:00,2015-04-15 04:15:00+00:00,2015-04-15 04:15:00+00:00,1,-1.0,SL,False
S2-08,asia_reclaim,EURUSD,2015-04-15 06:15:00+00:00,2015-04-15 06:30:00+00:00,2015-04-15 06:30:00+00:00,-1,-1.0000000000000964,SL,False
S2-08,asia_reclaim,EURUSD,2015-04-16 06:30:00+00:00,2015-04-16 06:45:00+00:00,2015-04-16 07:00:00+00:00,1,1.0000000000000544,TP,False
S2-08,asia_reclaim,EURUSD,2015-04-17 01:00:00+00:00,2015-04-17 01:15:00+00:00,2015-04-17 01:15:00+00:00,-1,1.0000000000000375,TP,False
S2-08,asia_reclaim,EURUSD,2015-04-17 06:00:00+00:00,2015-04-17 06:15:00+00:00,2015-04-17 06:15:00+00:00,1,1.0000000000000817,TP,False
S2-08,asia_reclaim,EURUSD,2015-04-17 06:15:00+00:00,2015-04-17 06:30:00+00:00,2015-04-17 06:30:00+00:00,-1,1.0000000000000702,TP,False
S2-08,asia_reclaim,EURUSD,2015-04-20 01:00:00+00:00,2015-04-20 01:15:00+00:00,2015-04-20 01:30:00+00:00,-1,1.0,TP,False
S2-08,asia_reclaim,EURUSD,2015-04-20 04:00:00+00:00,2015-04-20 04:15:00+00:00,2015-04-20 04:30:00+00:00,1,-0.9999999999998788,SL,False
S2-08,asia_reclaim,EURUSD,2015-04-20 05:00:00+00:00,2015-04-20 05:15:00+00:00,2015-04-20 05:30:00+00:00,1,0.9999999999998846,TP,False
S2-08,asia_reclaim,EURUSD,2015-04-21 05:15:00+00:00,2015-04-21 05:30:00+00:00,2015-04-21 05:45:00+00:00,1,-1.0000000000000528,SL,False
S2-08,asia_reclaim,EURUSD,2015-04-21 05:45:00+00:00,2015-04-21 06:00:00+00:00,2015-04-21 06:00:00+00:00,1,-1.000000000000158,SL,False
S2-08,asia_reclaim,EURUSD,2015-04-21 06:15:00+00:00,2015-04-21 06:30:00+00:00,2015-04-21 06:30:00+00:00,1,-1.000000000000041,SL,True
S2-08,asia_reclaim,EURUSD,2015-04-23 01:30:00+00:00,2015-04-23 01:45:00+00:00,2015-04-23 02:00:00+00:00,1,1.000000000000092,TP,False
S2-08,asia_reclaim,EURUSD,2015-04-23 02:30:00+00:00,2015-04-23 02:45:00+00:00,2015-04-23 03:15:00+00:00,1,1.0,TP,False
S2-08,asia_reclaim,EURUSD,2015-04-24 03:30:00+00:00,2015-04-24 03:45:00+00:00,2015-04-24 04:45:00+00:00,1,1.0000000000001157,TP,False
S2-08,asia_reclaim,EURUSD,2015-04-24 06:30:00+00:00,2015-04-24 06:45:00+00:00,2015-04-24 06:45:00+00:00,-1,-1.000000000000051,SL,False
S2-08,asia_reclaim,EURUSD,2015-04-27 01:00:00+00:00,2015-04-27 01:15:00+00:00,2015-04-27 02:15:00+00:00,1,-1.000000000000101,SL,False
S2-08,asia_reclaim,EURUSD,2015-04-27 02:15:00+00:00,2015-04-27 02:30:00+00:00,2015-04-27 03:00:00+00:00,1,-1.0,SL,False
S2-08,asia_reclaim,EURUSD,2015-04-27 06:15:00+00:00,2015-04-27 06:30:00+00:00,2015-04-27 06:45:00+00:00,-1,1.000000000000074,TP,False
S2-08,asia_reclaim,EURUSD,2015-04-28 03:30:00+00:00,2015-04-28 03:45:00+00:00,2015-04-28 04:45:00+00:00,-1,1.0000000000001705,TP,False
S2-08,asia_reclaim,EURUSD,2015-04-28 05:00:00+00:00,2015-04-28 05:15:00+00:00,2015-04-28 05:30:00+00:00,1,0.9999999999999425,TP,False
S2-08,asia_reclaim,EURUSD,2015-04-28 05:45:00+00:00,2015-04-28 06:00:00+00:00,2015-04-28 06:00:00+00:00,-1,-1.0000000000001683,SL,False
S2-08,asia_reclaim,EURUSD,2015-04-28 06:00:00+00:00,2015-04-28 06:15:00+00:00,2015-04-28 06:15:00+00:00,-1,-1.0000000000000526,SL,False
S2-08,asia_reclaim,EURUSD,2015-04-28 06:15:00+00:00,2015-04-28 06:30:00+00:00,2015-04-28 06:30:00+00:00,-1,-1.0000000000000888,SL,False
S2-08,asia_reclaim,EURUSD,2015-04-29 02:45:00+00:00,2015-04-29 03:00:00+00:00,2015-04-29 04:00:00+00:00,1,-0.9999999999999342,SL,False
S2-08,asia_reclaim,EURUSD,2015-04-29 04:30:00+00:00,2015-04-29 04:45:00+00:00,2015-04-29 05:00:00+00:00,1,0.9999999999999198,TP,False
S2-08,asia_reclaim,EURUSD,2015-04-29 06:45:00+00:00,2015-04-29 07:00:00+00:00,2015-04-29 07:00:00+00:00,-1,-0.9999999999998544,SL,True
S2-08,asia_reclaim,EURUSD,2015-04-30 01:30:00+00:00,2015-04-30 01:45:00+00:00,2015-04-30 02:15:00+00:00,-1,1.000000000000064,TP,False
S2-08,asia_reclaim,EURUSD,2015-04-30 03:45:00+00:00,2015-04-30 04:00:00+00:00,2015-04-30 04:00:00+00:00,1,0.9999999999998105,TP,False
S2-08,asia_reclaim,EURUSD,2015-04-30 04:15:00+00:00,2015-04-30 04:30:00+00:00,2015-04-30 04:45:00+00:00,1,0.9999999999998372,TP,False
S2-08,asia_reclaim,EURUSD,2015-04-30 05:00:00+00:00,2015-04-30 05:15:00+00:00,2015-04-30 05:30:00+00:00,1,-1.000000000000102,SL,False
S2-08,asia_reclaim,EURUSD,2015-05-01 02:15:00+00:00,2015-05-01 02:30:00+00:00,2015-05-01 05:30:00+00:00,1,1.000000000000058,TP,False
S2-08,asia_reclaim,EURUSD,2015-05-01 05:45:00+00:00,2015-05-01 06:00:00+00:00,2015-05-01 06:00:00+00:00,-1,-1.0000000000000757,SL,True
S2-08,asia_reclaim,EURUSD,2015-05-01 06:00:00+00:00,2015-05-01 06:15:00+00:00,2015-05-01 06:15:00+00:00,1,1.0,TP,False
S2-08,asia_reclaim,EURUSD,2015-05-01 06:15:00+00:00,2015-05-01 06:30:00+00:00,2015-05-01 06:30:00+00:00,-1,-1.0000000000001383,SL,False
S2-08,asia_reclaim,EURUSD,2015-05-04 01:00:00+00:00,2015-05-04 01:15:00+00:00,2015-05-04 02:15:00+00:00,-1,0.999999999999958,TP,False
S2-08,asia_reclaim,EURUSD,2015-05-04 06:15:00+00:00,2015-05-04 06:30:00+00:00,2015-05-04 06:30:00+00:00,-1,1.0,TP,False
S2-08,asia_reclaim,EURUSD,2015-05-05 01:00:00+00:00,2015-05-05 01:15:00+00:00,2015-05-05 01:30:00+00:00,-1,0.9999999999999029,TP,False
S2-08,asia_reclaim,EURUSD,2015-05-05 01:30:00+00:00,2015-05-05 01:45:00+00:00,2015-05-05 01:45:00+00:00,1,-1.0000000000000964,SL,False
S2-08,asia_reclaim,EURUSD,2015-05-05 02:15:00+00:00,2015-05-05 02:30:00+00:00,2015-05-05 03:15:00+00:00,1,-1.0,SL,False
S2-08,asia_reclaim,EURUSD,2015-05-05 03:30:00+00:00,2015-05-05 03:45:00+00:00,2015-05-05 04:15:00+00:00,1,-1.0000000000001543,SL,False
S2-08,asia_reclaim,EURUSD,2015-05-05 04:15:00+00:00,2015-05-05 04:30:00+00:00,2015-05-05 04:30:00+00:00,1,-0.9999999999997704,SL,False
S2-08,asia_reclaim,EURUSD,2015-05-05 04:45:00+00:00,2015-05-05 05:00:00+00:00,2015-05-05 05:00:00+00:00,1,0.9999999999999322,TP,False
S2-08,asia_reclaim,EURUSD,2015-05-05 06:30:00+00:00,2015-05-05 06:45:00+00:00,2015-05-05 06:45:00+00:00,1,-1.0000000000000315,SL,False
S2-08,asia_reclaim,EURUSD,2015-05-06 01:15:00+00:00,2015-05-06 01:30:00+00:00,2015-05-06 01:30:00+00:00,1,1.000000000000066,TP,False
S2-08,asia_reclaim,EURUSD,2015-05-06 03:00:00+00:00,2015-05-06 03:15:00+00:00,2015-05-06 03:15:00+00:00,-1,-1.0,SL,False
S2-08,asia_reclaim,EURUSD,2015-05-07 03:15:00+00:00,2015-05-07 03:30:00+00:00,2015-05-07 05:15:00+00:00,-1,-1.0000000000000842,SL,False
S2-08,asia_reclaim,EURUSD,2015-05-08 01:00:00+00:00,2015-05-08 01:15:00+00:00,2015-05-08 01:30:00+00:00,1,1.0000000000000386,TP,False
S2-08,asia_reclaim,EURUSD,2015-05-08 01:45:00+00:00,2015-05-08 02:00:00+00:00,2015-05-08 02:15:00+00:00,1,-1.0000000000000753,SL,False
S2-08,asia_reclaim,EURUSD,2015-05-08 03:45:00+00:00,2015-05-08 04:00:00+00:00,2015-05-08 04:15:00+00:00,1,1.0,TP,False
S2-08,asia_reclaim,EURUSD,2015-05-11 01:45:00+00:00,2015-05-11 02:00:00+00:00,2015-05-11 03:15:00+00:00,1,-1.0000000000001064,SL,False
S2-08,asia_reclaim,EURUSD,2015-05-11 03:30:00+00:00,2015-05-11 03:45:00+00:00,2015-05-11 05:00:00+00:00,1,1.0000000000000553,TP,False
S2-08,asia_reclaim,EURUSD,2015-05-12 02:45:00+00:00,2015-05-12 03:00:00+00:00,2015-05-12 03:30:00+00:00,-1,1.000000000000044,TP,False
S2-08,asia_reclaim,EURUSD,2015-05-12 06:00:00+00:00,2015-05-12 06:15:00+00:00,2015-05-12 06:30:00+00:00,-1,-0.9999999999999647,SL,False
S2-08,asia_reclaim,EURUSD,2015-05-12 06:30:00+00:00,2015-05-12 06:45:00+00:00,2015-05-12 06:45:00+00:00,-1,-1.0000000000000626,SL,False
S2-08,asia_reclaim,EURUSD,2015-05-13 01:45:00+00:00,2015-05-13 02:00:00+00:00,2015-05-13 02:00:00+00:00,1,0.9999999999998914,TP,False
S2-08,asia_reclaim,EURUSD,2015-05-13 03:15:00+00:00,2015-05-13 03:30:00+00:00,2015-05-13 04:00:00+00:00,-1,-1.0000000000001217,SL,False
S2-08,asia_reclaim,EURUSD,2015-05-13 04:15:00+00:00,2015-05-13 04:30:00+00:00,2015-05-13 05:45:00+00:00,-1,1.000000000000084,TP,False
S2-08,asia_reclaim,EURUSD,2015-05-13 06:30:00+00:00,2015-05-13 06:45:00+00:00,2015-05-13 07:00:00+00:00,-1,0.999999999999935,TP,False
S2-08,asia_reclaim,EURUSD,2015-05-14 01:15:00+00:00,2015-05-14 01:30:00+00:00,2015-05-14 01:45:00+00:00,-1,-0.9999999999998502,SL,False
S2-08,asia_reclaim,EURUSD,2015-05-14 02:00:00+00:00,2015-05-14 02:15:00+00:00,2015-05-14 02:30:00+00:00,-1,1.0,TP,False
S2-08,asia_reclaim,EURUSD,2015-05-14 06:00:00+00:00,2015-05-14 06:15:00+00:00,2015-05-14 06:15:00+00:00,-1,-1.0,SL,False
S2-08,asia_reclaim,EURUSD,2015-05-14 06:15:00+00:00,2015-05-14 06:30:00+00:00,2015-05-14 06:30:00+00:00,-1,-1.00000000000006,SL,False
S2-08,asia_reclaim,EURUSD,2015-05-15 01:00:00+00:00,2015-05-15 01:15:00+00:00,2015-05-15 01:30:00+00:00,1,-1.0000000000001201,SL,False
S2-08,asia_reclaim,EURUSD,2015-05-15 01:45:00+00:00,2015-05-15 02:00:00+00:00,2015-05-15 02:00:00+00:00,-1,-0.999999999999949,SL,False
S2-08,asia_reclaim,EURUSD,2015-05-15 06:00:00+00:00,2015-05-15 06:15:00+00:00,2015-05-15 06:15:00+00:00,1,-1.000000000000043,SL,True
S2-08,asia_reclaim,EURUSD,2015-05-15 06:15:00+00:00,2015-05-15 06:30:00+00:00,2015-05-15 06:30:00+00:00,1,0.9999999999999276,TP,False
S2-08,asia_reclaim,EURUSD,2015-05-18 01:45:00+00:00,2015-05-18 02:00:00+00:00,2015-05-18 02:00:00+00:00,1,0.9999999999998492,TP,False
S2-08,asia_reclaim,EURUSD,2015-05-18 05:30:00+00:00,2015-05-18 05:45:00+00:00,2015-05-18 05:45:00+00:00,1,1.000000000000052,TP,False
S2-08,asia_reclaim,EURUSD,2015-05-18 06:15:00+00:00,2015-05-18 06:30:00+00:00,2015-05-18 06:30:00+00:00,-1,1.0000000000001346,TP,False
S2-08,asia_reclaim,EURUSD,2015-05-19 02:30:00+00:00,2015-05-19 02:45:00+00:00,2015-05-19 03:00:00+00:00,1,0.9999999999999561,TP,False
S2-08,asia_reclaim,EURUSD,2015-05-19 06:15:00+00:00,2015-05-19 06:30:00+00:00,2015-05-19 06:45:00+00:00,1,1.0000000000001026,TP,False
S2-08,asia_reclaim,EURUSD,2015-05-20 02:15:00+00:00,2015-05-20 02:30:00+00:00,2015-05-20 04:30:00+00:00,-1,0.9999999999999624,TP,False
S2-08,asia_reclaim,EURUSD,2015-05-20 06:00:00+00:00,2015-05-20 06:15:00+00:00,2015-05-20 06:15:00+00:00,1,-1.0000000000000941,SL,False
S2-08,asia_reclaim,EURUSD,2015-05-20 06:45:00+00:00,2015-05-20 07:00:00+00:00,2015-05-20 07:00:00+00:00,1,-0.9999999999999535,SL,False
S2-08,asia_reclaim,EURUSD,2015-05-21 02:30:00+00:00,2015-05-21 02:45:00+00:00,2015-05-21 03:00:00+00:00,-1,1.0000000000000846,TP,False
S2-08,asia_reclaim,EURUSD,2015-05-21 04:15:00+00:00,2015-05-21 04:30:00+00:00,2015-05-21 06:00:00+00:00,-1,0.9999999999998744,TP,False
S2-08,asia_reclaim,EURUSD,2015-05-21 06:00:00+00:00,2015-05-21 06:15:00+00:00,2015-05-21 06:15:00+00:00,1,-1.000000000000039,SL,True
S2-08,asia_reclaim,EURUSD,2015-05-21 06:30:00+00:00,2015-05-21 06:45:00+00:00,2015-05-21 06:45:00+00:00,1,1.0000000000000953,TP,False
S2-08,asia_reclaim,EURUSD,2015-05-22 01:00:00+00:00,2015-05-22 01:15:00+00:00,2015-05-22 01:15:00+00:00,-1,-1.000000000000069,SL,False
S2-08,asia_reclaim,EURUSD,2015-05-25 06:00:00+00:00,2015-05-25 06:15:00+00:00,2015-05-25 06:30:00+00:00,-1,-1.0,SL,False
S2-08,asia_reclaim,EURUSD,2015-05-26 01:15:00+00:00,2015-05-26 01:30:00+00:00,2015-05-26 02:00:00+00:00,1,1.0,TP,False
S2-08,asia_reclaim,EURUSD,2015-05-26 06:30:00+00:00,2015-05-26 06:45:00+00:00,2015-05-26 06:45:00+00:00,1,-0.999999999999926,SL,False
S2-08,asia_reclaim,EURUSD,2015-05-27 01:15:00+00:00,2015-05-27 01:30:00+00:00,2015-05-27 01:30:00+00:00,1,1.0000000000000495,TP,False
S2-08,asia_reclaim,EURUSD,2015-05-27 04:45:00+00:00,2015-05-27 05:00:00+00:00,2015-05-27 05:00:00+00:00,-1,-1.0000000000001232,SL,False
S2-08,asia_reclaim,EURUSD,2015-05-27 05:15:00+00:00,2015-05-27 05:30:00+00:00,2015-05-27 05:30:00+00:00,-1,-0.9999999999999226,SL,False
S2-08,asia_reclaim,EURUSD,2015-05-27 05:45:00+00:00,2015-05-27 06:00:00+00:00,2015-05-27 06:00:00+00:00,-1,-1.0000000000001057,SL,False
S2-08,asia_reclaim,EURUSD,2015-05-27 06:00:00+00:00,2015-05-27 06:15:00+00:00,2015-05-27 06:15:00+00:00,-1,-1.0000000000000324,SL,False
S2-08,asia_reclaim,EURUSD,2015-05-27 06:30:00+00:00,2015-05-27 06:45:00+00:00,2015-05-27 06:45:00+00:00,-1,-1.0000000000000286,SL,False
S2-08,asia_reclaim,EURUSD,2015-05-27 06:45:00+00:00,2015-05-27 07:00:00+00:00,2015-05-27 07:00:00+00:00,-1,1.0000000000000275,TP,False
S2-08,asia_reclaim,EURUSD,2015-05-28 01:15:00+00:00,2015-05-28 01:30:00+00:00,2015-05-28 01:30:00+00:00,-1,0.9999999999999498,TP,False
S2-08,asia_reclaim,EURUSD,2015-05-28 04:45:00+00:00,2015-05-28 05:00:00+00:00,2015-05-28 06:00:00+00:00,-1,0.9999999999999364,TP,False
S2-08,asia_reclaim,EURUSD,2015-05-28 06:30:00+00:00,2015-05-28 06:45:00+00:00,2015-05-28 07:00:00+00:00,-1,0.9999999999999135,TP,False
S2-08,asia_reclaim,EURUSD,2015-05-29 01:00:00+00:00,2015-05-29 01:15:00+00:00,2015-05-29 02:30:00+00:00,1,-0.9999999999999555,SL,False
S2-08,asia_reclaim,EURUSD,2015-05-29 02:45:00+00:00,2015-05-29 03:00:00+00:00,2015-05-29 03:30:00+00:00,1,0.9999999999999005,TP,False
S2-08,asia_reclaim,EURUSD,2015-05-29 04:00:00+00:00,2015-05-29 04:15:00+00:00,2015-05-29 04:30:00+00:00,-1,0.9999999999999494,TP,False
S2-08,asia_reclaim,EURUSD,2015-05-29 05:15:00+00:00,2015-05-29 05:30:00+00:00,2015-05-29 05:45:00+00:00,1,0.9999999999998952,TP,False
S2-08,asia_reclaim,EURUSD,2015-05-29 06:00:00+00:00,2015-05-29 06:15:00+00:00,2015-05-29 06:15:00+00:00,-1,0.999999999999909,TP,False
S2-08,asia_reclaim,EURUSD,2015-05-29 06:30:00+00:00,2015-05-29 06:45:00+00:00,2015-05-29 06:45:00+00:00,1,-0.9999999999999641,SL,False
S2-08,asia_reclaim,EURUSD,2015-06-01 01:30:00+00:00,2015-06-01 01:45:00+00:00,2015-06-01 02:15:00+00:00,1,1.0000000000001095,TP,False
S2-08,asia_reclaim,EURUSD,2015-06-01 04:15:00+00:00,2015-06-01 04:30:00+00:00,2015-06-01 05:15:00+00:00,-1,-0.9999999999999529,SL,False
S2-08,asia_reclaim,EURUSD,2015-06-01 05:15:00+00:00,2015-06-01 05:30:00+00:00,2015-06-01 05:30:00+00:00,-1,0.9999999999998969,TP,False
S2-08,asia_reclaim,EURUSD,2015-06-02 02:15:00+00:00,2015-06-02 02:30:00+00:00,2015-06-02 03:30:00+00:00,1,1.0,TP,False
S2-08,asia_reclaim,EURUSD,2015-06-02 04:30:00+00:00,2015-06-02 04:45:00+00:00,2015-06-02 04:45:00+00:00,-1,-1.0,SL,False
S2-08,asia_reclaim,EURUSD,2015-06-02 05:30:00+00:00,2015-06-02 05:45:00+00:00,2015-06-02 05:45:00+00:00,-1,1.00000000000013,TP,False
S2-08,asia_reclaim,EURUSD,2015-06-02 06:15:00+00:00,2015-06-02 06:30:00+00:00,2015-06-02 06:30:00+00:00,-1,-0.9999999999999309,SL,False
S2-08,asia_reclaim,EURUSD,2015-06-02 06:30:00+00:00,2015-06-02 06:45:00+00:00,2015-06-02 06:45:00+00:00,-1,-0.9999999999999031,SL,False
S2-08,asia_reclaim,EURUSD,2015-06-03 01:00:00+00:00,2015-06-03 01:15:00+00:00,2015-06-03 01:30:00+00:00,-1,-1.0000000000000557,SL,False
S2-08,asia_reclaim,EURUSD,2015-06-03 05:15:00+00:00,2015-06-03 05:30:00+00:00,2015-06-03 05:45:00+00:00,-1,1.0,TP,False
S2-08,asia_reclaim,EURUSD,2015-06-03 06:30:00+00:00,2015-06-03 06:45:00+00:00,2015-06-03 06:45:00+00:00,-1,1.0000000000000258,TP,False
S2-08,asia_reclaim,EURUSD,2015-06-04 01:15:00+00:00,2015-06-04 01:30:00+00:00,2015-06-04 02:15:00+00:00,-1,-1.0000000000000893,SL,False
S2-08,asia_reclaim,EURUSD,2015-06-04 02:15:00+00:00,2015-06-04 02:30:00+00:00,2015-06-04 03:00:00+00:00,-1,-0.999999999999953,SL,False
S2-08,asia_reclaim,EURUSD,2015-06-04 03:15:00+00:00,2015-06-04 03:30:00+00:00,2015-06-04 04:00:00+00:00,-1,1.0000000000001588,TP,False
S2-08,asia_reclaim,EURUSD,2015-06-05 01:30:00+00:00,2015-06-05 01:45:00+00:00,2015-06-05 04:00:00+00:00,1,0.9999999999999729,TP,False
S2-08,asia_reclaim,EURUSD,2015-06-05 04:00:00+00:00,2015-06-05 04:15:00+00:00,2015-06-05 05:30:00+00:00,-1,0.9999999999998743,TP,False
S2-08,asia_reclaim,EURUSD,2015-06-05 06:45:00+00:00,2015-06-05 07:00:00+00:00,2015-06-05 07:00:00+00:00,-1,-0.9999999999999418,SL,False
S2-08,asia_reclaim,EURUSD,2015-06-08 06:00:00+00:00,2015-06-08 06:15:00+00:00,2015-06-08 06:15:00+00:00,-1,0.9999999999999237,TP,False
S2-08,asia_reclaim,EURUSD,2015-06-10 02:00:00+00:00,2015-06-10 02:15:00+00:00,2015-06-10 02:45:00+00:00,1,-0.9999999999999559,SL,False
S2-08,asia_reclaim,EURUSD,2015-06-11 01:15:00+00:00,2015-06-11 01:30:00+00:00,2015-06-11 01:30:00+00:00,1,0.9999999999999496,TP,False
S2-08,asia_reclaim,EURUSD,2015-06-11 04:30:00+00:00,2015-06-11 04:45:00+00:00,2015-06-11 05:15:00+00:00,-1,1.0000000000000842,TP,False
S2-08,asia_reclaim,EURUSD,2015-06-12 01:00:00+00:00,2015-06-12 01:15:00+00:00,2015-06-12 01:45:00+00:00,-1,1.0000000000000855,TP,False
S2-08,asia_reclaim,EURUSD,2015-06-12 03:00:00+00:00,2015-06-12 03:15:00+00:00,2015-06-12 03:15:00+00:00,-1,-0.9999999999998747,SL,False
S2-08,asia_reclaim,EURUSD,2015-06-12 03:30:00+00:00,2015-06-12 03:45:00+00:00,2015-06-12 03:45:00+00:00,-1,1.0000000000000897,TP,False
S2-08,asia_reclaim,EURUSD,2015-06-12 03:45:00+00:00,2015-06-12 04:00:00+00:00,2015-06-12 04:00:00+00:00,-1,-1.0000000000000895,SL,False
S2-08,asia_reclaim,EURUSD,2015-06-12 05:00:00+00:00,2015-06-12 05:15:00+00:00,2015-06-12 05:30:00+00:00,1,1.0,TP,False
S2-08,asia_reclaim,EURUSD,2015-06-12 06:15:00+00:00,2015-06-12 06:30:00+00:00,2015-06-12 06:30:00+00:00,1,-1.0000000000000253,SL,False
S2-08,asia_reclaim,EURUSD,2015-06-12 06:30:00+00:00,2015-06-12 06:45:00+00:00,2015-06-12 07:00:00+00:00,1,0.9999999999999764,TP,False
S2-08,asia_reclaim,EURUSD,2015-06-15 01:15:00+00:00,2015-06-15 01:30:00+00:00,2015-06-15 01:30:00+00:00,1,-1.0000000000000409,SL,False
S2-08,asia_reclaim,EURUSD,2015-06-15 01:45:00+00:00,2015-06-15 02:00:00+00:00,2015-06-15 03:00:00+00:00,1,0.9999999999999645,TP,False
S2-08,asia_reclaim,EURUSD,2015-06-15 05:15:00+00:00,2015-06-15 05:30:00+00:00,2015-06-15 05:45:00+00:00,1,-1.0000000000000417,SL,False
S2-08,asia_reclaim,EURUSD,2015-06-15 06:45:00+00:00,2015-06-15 07:00:00+00:00,2015-06-15 07:00:00+00:00,-1,-1.0000000000000784,SL,False
S2-08,asia_reclaim,EURUSD,2015-06-16 01:00:00+00:00,2015-06-16 01:15:00+00:00,2015-06-16 01:15:00+00:00,-1,-0.9999999999998512,SL,False
S2-08,asia_reclaim,EURUSD,2015-06-16 01:45:00+00:00,2015-06-16 02:00:00+00:00,2015-06-16 02:30:00+00:00,1,-1.000000000000171,SL,False
S2-08,asia_reclaim,EURUSD,2015-06-16 03:45:00+00:00,2015-06-16 04:00:00+00:00,2015-06-16 05:15:00+00:00,-1,0.9999999999999504,TP,False
S2-08,asia_reclaim,EURUSD,2015-06-16 06:00:00+00:00,2015-06-16 06:15:00+00:00,2015-06-16 06:15:00+00:00,1,1.000000000000095,TP,False
S2-08,asia_reclaim,EURUSD,2015-06-18 01:45:00+00:00,2015-06-18 02:00:00+00:00,2015-06-18 03:00:00+00:00,1,0.9999999999999661,TP,False
S2-08,asia_reclaim,EURUSD,2015-06-18 04:30:00+00:00,2015-06-18 04:45:00+00:00,2015-06-18 04:45:00+00:00,-1,0.9999999999998402,TP,False
S2-08,asia_reclaim,EURUSD,2015-06-18 06:00:00+00:00,2015-06-18 06:15:00+00:00,2015-06-18 06:15:00+00:00,1,-1.0000000000000366,SL,False
S2-08,asia_reclaim,EURUSD,2015-06-19 01:00:00+00:00,2015-06-19 01:15:00+00:00,2015-06-19 02:30:00+00:00,-1,0.9999999999999589,TP,False
S2-08,asia_reclaim,EURUSD,2015-06-19 04:00:00+00:00,2015-06-19 04:15:00+00:00,2015-06-19 04:15:00+00:00,1,-0.9999999999998096,SL,False
S2-08,asia_reclaim,EURUSD,2015-06-19 05:00:00+00:00,2015-06-19 05:15:00+00:00,2015-06-19 05:15:00+00:00,1,-0.999999999999806,SL,False
S2-08,asia_reclaim,EURUSD,2015-06-19 05:30:00+00:00,2015-06-19 05:45:00+00:00,2015-06-19 06:00:00+00:00,1,-1.0000000000001594,SL,True
S2-08,asia_reclaim,EURUSD,2015-06-19 06:00:00+00:00,2015-06-19 06:15:00+00:00,2015-06-19 06:15:00+00:00,1,-0.9999999999999153,SL,False
S2-08,asia_reclaim,EURUSD,2015-06-19 06:15:00+00:00,2015-06-19 06:30:00+00:00,2015-06-19 06:45:00+00:00,1,0.9999999999998896,TP,False
S2-08,asia_reclaim,EURUSD,2015-06-22 06:00:00+00:00,2015-06-22 06:15:00+00:00,2015-06-22 06:30:00+00:00,-1,-0.9999999999998699,SL,False
S2-08,asia_reclaim,EURUSD,2015-06-23 01:30:00+00:00,2015-06-23 01:45:00+00:00,2015-06-23 01:45:00+00:00,1,-1.000000000000187,SL,False
S2-08,asia_reclaim,EURUSD,2015-06-24 01:00:00+00:00,2015-06-24 01:15:00+00:00,2015-06-24 01:15:00+00:00,1,1.000000000000172,TP,False
S2-08,asia_reclaim,EURUSD,2015-06-24 03:00:00+00:00,2015-06-24 03:15:00+00:00,2015-06-24 04:30:00+00:00,-1,0.9999999999998551,TP,False
S2-08,asia_reclaim,EURUSD,2015-06-24 05:45:00+00:00,2015-06-24 06:00:00+00:00,2015-06-24 06:00:00+00:00,-1,-1.0000000000000753,SL,False
S2-08,asia_reclaim,EURUSD,2015-06-24 06:00:00+00:00,2015-06-24 06:15:00+00:00,2015-06-24 06:30:00+00:00,-1,1.0000000000001046,TP,False
S2-08,asia_reclaim,EURUSD,2015-06-24 06:30:00+00:00,2015-06-24 06:45:00+00:00,2015-06-24 06:45:00+00:00,-1,-1.0000000000000282,SL,False
S2-08,asia_reclaim,EURUSD,2015-06-25 01:45:00+00:00,2015-06-25 02:00:00+00:00,2015-06-25 02:30:00+00:00,1,0.9999999999999438,TP,False
S2-08,asia_reclaim,EURUSD,2015-06-25 04:00:00+00:00,2015-06-25 04:15:00+00:00,2015-06-25 04:30:00+00:00,-1,0.9999999999998872,TP,False
S2-08,asia_reclaim,EURUSD,2015-06-25 05:30:00+00:00,2015-06-25 05:45:00+00:00,2015-06-25 06:00:00+00:00,1,1.0000000000000533,TP,False
S2-08,asia_reclaim,EURUSD,2015-06-25 06:45:00+00:00,2015-06-25 07:00:00+00:00,2015-06-25 07:00:00+00:00,1,0.9999999999998945,TP,False
S2-08,asia_reclaim,EURUSD,2015-06-26 01:30:00+00:00,2015-06-26 01:45:00+00:00,2015-06-26 02:45:00+00:00,1,1.000000000000069,TP,False
S2-08,asia_reclaim,EURUSD,2015-06-26 06:00:00+00:00,2015-06-26 06:15:00+00:00,2015-06-26 06:15:00+00:00,-1,1.0000000000001577,TP,False
S2-08,asia_reclaim,EURUSD,2015-06-29 06:00:00+00:00,2015-06-29 06:15:00+00:00,2015-06-29 06:15:00+00:00,-1,-1.0,SL,False
S2-08,asia_reclaim,EURUSD,2015-06-29 06:30:00+00:00,2015-06-29 06:45:00+00:00,2015-06-29 06:45:00+00:00,-1,-1.0,SL,False
S2-08,asia_reclaim,EURUSD,2015-06-30 05:45:00+00:00,2015-06-30 06:00:00+00:00,2015-06-30 06:00:00+00:00,1,1.0000000000001223,TP,False
S2-08,asia_reclaim,EURUSD,2015-07-01 02:00:00+00:00,2015-07-01 02:15:00+00:00,2015-07-01 05:45:00+00:00,-1,1.0000000000001024,TP,False
S2-08,asia_reclaim,EURUSD,2015-07-02 03:00:00+00:00,2015-07-02 03:15:00+00:00,2015-07-02 05:00:00+00:00,-1,0.9999999999998762,TP,False
S2-08,asia_reclaim,EURUSD,2015-07-02 06:45:00+00:00,2015-07-02 07:00:00+00:00,2015-07-02 07:15:00+00:00,-1,1.0,TP,False
S2-08,asia_reclaim,EURUSD,2015-07-03 05:00:00+00:00,2015-07-03 05:15:00+00:00,2015-07-03 06:30:00+00:00,-1,-1.0,SL,False
S2-08,asia_reclaim,EURUSD,2015-07-03 06:30:00+00:00,2015-07-03 06:45:00+00:00,2015-07-03 06:45:00+00:00,-1,-0.9999999999999349,SL,False
S2-08,asia_reclaim,EURUSD,2015-07-03 06:45:00+00:00,2015-07-03 07:00:00+00:00,2015-07-03 07:00:00+00:00,-1,-0.9999999999998767,SL,False
S2-08,asia_reclaim,EURUSD,2015-07-07 01:30:00+00:00,2015-07-07 01:45:00+00:00,2015-07-07 01:45:00+00:00,1,-0.9999999999999379,SL,False
S2-08,asia_reclaim,EURUSD,2015-07-07 01:45:00+00:00,2015-07-07 02:00:00+00:00,2015-07-07 02:45:00+00:00,1,-0.9999999999999429,SL,False
S2-08,asia_reclaim,EURUSD,2015-07-07 06:30:00+00:00,2015-07-07 06:45:00+00:00,2015-07-07 06:45:00+00:00,1,0.9999999999998723,TP,False
S2-08,asia_reclaim,EURUSD,2015-07-08 01:30:00+00:00,2015-07-08 01:45:00+00:00,2015-07-08 02:00:00+00:00,1,0.99999999999989,TP,False
S2-08,asia_reclaim,EURUSD,2015-07-09 01:30:00+00:00,2015-07-09 01:45:00+00:00,2015-07-09 02:00:00+00:00,-1,-1.0000000000001685,SL,False
S2-08,asia_reclaim,EURUSD,2015-07-09 04:00:00+00:00,2015-07-09 04:15:00+00:00,2015-07-09 05:15:00+00:00,-1,-1.0000000000000986,SL,False
S2-08,asia_reclaim,EURUSD,2015-07-09 06:00:00+00:00,2015-07-09 06:15:00+00:00,2015-07-09 06:30:00+00:00,-1,0.9999999999999689,TP,False
S2-08,asia_reclaim,EURUSD,2015-07-10 03:00:00+00:00,2015-07-10 03:15:00+00:00,2015-07-10 04:00:00+00:00,-1,-1.0000000000000369,SL,False
S2-08,asia_reclaim,EURUSD,2015-07-10 05:00:00+00:00,2015-07-10 05:15:00+00:00,2015-07-10 05:45:00+00:00,-1,-0.9999999999999066,SL,False
S2-08,asia_reclaim,EURUSD,2015-07-13 01:00:00+00:00,2015-07-13 01:15:00+00:00,2015-07-13 01:30:00+00:00,1,-0.9999999999999112,SL,False
S2-08,asia_reclaim,EURUSD,2015-07-14 01:15:00+00:00,2015-07-14 01:30:00+00:00,2015-07-14 01:30:00+00:00,-1,-1.0000000000000746,SL,False
S2-08,asia_reclaim,EURUSD,2015-07-14 02:30:00+00:00,2015-07-14 02:45:00+00:00,2015-07-14 05:00:00+00:00,-1,0.999999999999963,TP,False
S2-08,asia_reclaim,EURUSD,2015-07-14 05:30:00+00:00,2015-07-14 05:45:00+00:00,2015-07-14 05:45:00+00:00,-1,1.0000000000001243,TP,False
S2-08,asia_reclaim,EURUSD,2015-07-14 06:00:00+00:00,2015-07-14 06:15:00+00:00,2015-07-14 06:15:00+00:00,1,-1.0000000000000606,SL,False
S2-08,asia_reclaim,EURUSD,2015-07-16 05:30:00+00:00,2015-07-16 05:45:00+00:00,2015-07-16 05:45:00+00:00,1,0.9999999999999503,TP,False
S2-08,asia_reclaim,EURUSD,2015-07-16 06:30:00+00:00,2015-07-16 06:45:00+00:00,2015-07-16 06:45:00+00:00,-1,0.9999999999999232,TP,False
S2-08,asia_reclaim,EURUSD,2015-07-17 01:30:00+00:00,2015-07-17 01:45:00+00:00,2015-07-17 01:45:00+00:00,-1,-0.9999999999998035,SL,False
S2-08,asia_reclaim,EURUSD,2015-07-17 02:00:00+00:00,2015-07-17 02:15:00+00:00,2015-07-17 02:45:00+00:00,-1,-1.000000000000058,SL,False
S2-08,asia_reclaim,EURUSD,2015-07-20 01:00:00+00:00,2015-07-20 01:15:00+00:00,2015-07-20 01:30:00+00:00,-1,0.9999999999998049,TP,False
S2-08,asia_reclaim,EURUSD,2015-07-20 02:00:00+00:00,2015-07-20 02:15:00+00:00,2015-07-20 02:45:00+00:00,1,-0.9999999999998085,SL,False
S2-08,asia_reclaim,EURUSD,2015-07-20 03:00:00+00:00,2015-07-20 03:15:00+00:00,2015-07-20 04:45:00+00:00,1,0.9999999999998256,TP,False
S2-08,asia_reclaim,EURUSD,2015-07-20 06:15:00+00:00,2015-07-20 06:30:00+00:00,2015-07-20 06:30:00+00:00,-1,-0.9999999999999366,SL,False
S2-08,asia_reclaim,EURUSD,2015-07-21 03:00:00+00:00,2015-07-21 03:15:00+00:00,2015-07-21 04:30:00+00:00,-1,0.9999999999998072,TP,False
S2-08,asia_reclaim,EURUSD,2015-07-21 05:00:00+00:00,2015-07-21 05:15:00+00:00,2015-07-21 05:30:00+00:00,1,-0.9999999999999377,SL,False
S2-08,asia_reclaim,EURUSD,2015-07-22 01:30:00+00:00,2015-07-22 01:45:00+00:00,2015-07-22 01:45:00+00:00,-1,1.0000000000001183,TP,False
S2-08,asia_reclaim,EURUSD,2015-07-22 03:00:00+00:00,2015-07-22 03:15:00+00:00,2015-07-22 04:45:00+00:00,1,1.0000000000000386,TP,False
S2-08,asia_reclaim,EURUSD,2015-07-22 06:15:00+00:00,2015-07-22 06:30:00+00:00,2015-07-22 06:30:00+00:00,-1,-0.9999999999998826,SL,False
S2-08,asia_reclaim,EURUSD,2015-07-22 06:30:00+00:00,2015-07-22 06:45:00+00:00,2015-07-22 07:00:00+00:00,-1,0.9999999999999631,TP,False
S2-08,asia_reclaim,EURUSD,2015-07-23 01:45:00+00:00,2015-07-23 02:00:00+00:00,2015-07-23 02:15:00+00:00,-1,-0.9999999999998943,SL,False
S2-08,asia_reclaim,EURUSD,2015-07-23 02:30:00+00:00,2015-07-23 02:45:00+00:00,2015-07-23 03:45:00+00:00,-1,0.9999999999998543,TP,False
S2-08,asia_reclaim,EURUSD,2015-07-24 02:00:00+00:00,2015-07-24 02:15:00+00:00,2015-07-24 02:30:00+00:00,1,-0.999999999999888,SL,False
S2-08,asia_reclaim,EURUSD,2015-07-24 02:45:00+00:00,2015-07-24 03:00:00+00:00,2015-07-24 03:00:00+00:00,1,-1.0000000000001028,SL,False
S2-08,asia_reclaim,EURUSD,2015-07-24 03:00:00+00:00,2015-07-24 03:15:00+00:00,2015-07-24 06:00:00+00:00,1,-1.0000000000001465,SL,False
S2-08,asia_reclaim,EURUSD,2015-07-24 06:00:00+00:00,2015-07-24 06:15:00+00:00,2015-07-24 06:15:00+00:00,1,1.0000000000001092,TP,False
S2-08,asia_reclaim,EURUSD,2015-07-24 06:30:00+00:00,2015-07-24 06:45:00+00:00,2015-07-24 06:45:00+00:00,-1,1.000000000000129,TP,False
S2-08,asia_reclaim,EURUSD,2015-07-24 06:45:00+00:00,2015-07-24 07:00:00+00:00,2015-07-24 07:00:00+00:00,-1,1.0000000000000409,TP,False
S2-08,asia_reclaim,EURUSD,2015-07-27 01:15:00+00:00,2015-07-27 01:30:00+00:00,2015-07-27 01:45:00+00:00,-1,-1.0000000000000573,SL,False
S2-08,asia_reclaim,EURUSD,2015-07-27 03:00:00+00:00,2015-07-27 03:15:00+00:00,2015-07-27 06:15:00+00:00,-1,-1.0000000000000808,SL,False
S2-08,asia_reclaim,EURUSD,2015-07-28 01:00:00+00:00,2015-07-28 01:15:00+00:00,2015-07-28 01:15:00+00:00,-1,0.9999999999997331,TP,False
S2-08,asia_reclaim,EURUSD,2015-07-28 01:15:00+00:00,2015-07-28 01:30:00+00:00,2015-07-28 01:30:00+00:00,1,-1.0,SL,False
S2-08,asia_reclaim,EURUSD,2015-07-28 01:30:00+00:00,2015-07-28 01:45:00+00:00,2015-07-28 01:45:00+00:00,1,1.0000000000000695,TP,False
S2-08,asia_reclaim,EURUSD,2015-07-28 03:45:00+00:00,2015-07-28 04:00:00+00:00,2015-07-28 05:00:00+00:00,1,1.0,TP,False
S2-08,asia_reclaim,EURUSD,2015-07-28 06:00:00+00:00,2015-07-28 06:15:00+00:00,2015-07-28 06:15:00+00:00,1,-1.0,SL,False
S2-08,asia_reclaim,EURUSD,2015-07-28 06:15:00+00:00,2015-07-28 06:30:00+00:00,2015-07-28 06:30:00+00:00,1,-1.0,SL,False
S2-08,asia_reclaim,EURUSD,2015-07-28 06:30:00+00:00,2015-07-28 06:45:00+00:00,2015-07-28 06:45:00+00:00,1,-1.0000000000000886,SL,False
S2-08,asia_reclaim,EURUSD,2015-07-29 04:15:00+00:00,2015-07-29 04:30:00+00:00,2015-07-29 04:30:00+00:00,1,-0.999999999999937,SL,False
S2-08,asia_reclaim,EURUSD,2015-07-29 06:15:00+00:00,2015-07-29 06:30:00+00:00,2015-07-29 07:00:00+00:00,1,-1.0000000000000895,SL,True
S2-08,asia_reclaim,EURUSD,2015-07-30 06:00:00+00:00,2015-07-30 06:15:00+00:00,2015-07-30 06:15:00+00:00,1,-1.0000000000001894,SL,False
S2-08,asia_reclaim,EURUSD,2015-07-30 06:30:00+00:00,2015-07-30 06:45:00+00:00,2015-07-30 06:45:00+00:00,1,0.9999999999998468,TP,False
S2-08,asia_reclaim,EURUSD,2015-07-31 01:00:00+00:00,2015-07-31 01:15:00+00:00,2015-07-31 02:00:00+00:00,1,0.9999999999998141,TP,False
S2-08,asia_reclaim,EURUSD,2015-07-31 06:00:00+00:00,2015-07-31 06:15:00+00:00,2015-07-31 06:15:00+00:00,1,-1.0000000000000946,SL,False
S2-08,asia_reclaim,EURUSD,2015-07-31 06:30:00+00:00,2015-07-31 06:45:00+00:00,2015-07-31 07:00:00+00:00,-1,0.9999999999999246,TP,False
S2-08,asia_reclaim,EURUSD,2015-08-03 01:00:00+00:00,2015-08-03 01:15:00+00:00,2015-08-03 01:45:00+00:00,-1,0.9999999999998118,TP,False
S2-08,asia_reclaim,EURUSD,2015-08-04 05:30:00+00:00,2015-08-04 05:45:00+00:00,2015-08-04 05:45:00+00:00,-1,-1.0000000000000595,SL,False
S2-08,asia_reclaim,EURUSD,2015-08-04 06:00:00+00:00,2015-08-04 06:15:00+00:00,2015-08-04 06:15:00+00:00,-1,-0.999999999999845,SL,False
S2-08,asia_reclaim,EURUSD,2015-08-06 06:00:00+00:00,2015-08-06 06:15:00+00:00,2015-08-06 06:30:00+00:00,-1,0.9999999999999537,TP,False
S2-08,asia_reclaim,EURUSD,2015-08-07 06:00:00+00:00,2015-08-07 06:15:00+00:00,2015-08-07 06:15:00+00:00,1,-1.0000000000001705,SL,False
S2-08,asia_reclaim,EURUSD,2015-08-07 06:15:00+00:00,2015-08-07 06:30:00+00:00,2015-08-07 06:30:00+00:00,1,1.0000000000000537,TP,False
S2-08,asia_reclaim,EURUSD,2015-08-10 01:00:00+00:00,2015-08-10 01:15:00+00:00,2015-08-10 01:15:00+00:00,1,0.9999999999998325,TP,False
S2-08,asia_reclaim,EURUSD,2015-08-11 02:00:00+00:00,2015-08-11 02:15:00+00:00,2015-08-11 02:15:00+00:00,1,-0.9999999999999043,SL,False
S2-08,asia_reclaim,EURUSD,2015-08-11 02:15:00+00:00,2015-08-11 02:30:00+00:00,2015-08-11 02:45:00+00:00,1,-0.9999999999999399,SL,False
S2-08,asia_reclaim,EURUSD,2015-08-11 02:45:00+00:00,2015-08-11 03:00:00+00:00,2015-08-11 03:00:00+00:00,1,1.0,TP,False
S2-08,asia_reclaim,EURUSD,2015-08-11 05:00:00+00:00,2015-08-11 05:15:00+00:00,2015-08-11 05:45:00+00:00,1,-0.9999999999998996,SL,False
S2-08,asia_reclaim,EURUSD,2015-08-11 05:45:00+00:00,2015-08-11 06:00:00+00:00,2015-08-11 06:00:00+00:00,1,0.9999999999998824,TP,False
S2-08,asia_reclaim,EURUSD,2015-08-12 01:45:00+00:00,2015-08-12 02:00:00+00:00,2015-08-12 02:15:00+00:00,-1,0.9999999999999241,TP,False
S2-08,asia_reclaim,EURUSD,2015-08-12 03:45:00+00:00,2015-08-12 04:00:00+00:00,2015-08-12 04:30:00+00:00,-1,-0.9999999999999074,SL,False
S2-08,asia_reclaim,EURUSD,2015-08-12 05:15:00+00:00,2015-08-12 05:30:00+00:00,2015-08-12 05:45:00+00:00,-1,-1.0000000000000409,SL,False
S2-08,asia_reclaim,EURUSD,2015-08-12 06:00:00+00:00,2015-08-12 06:15:00+00:00,2015-08-12 06:15:00+00:00,-1,-1.0000000000000409,SL,False
S2-08,asia_reclaim,EURUSD,2015-08-12 06:30:00+00:00,2015-08-12 06:45:00+00:00,2015-08-12 06:45:00+00:00,-1,1.0000000000000717,TP,False
S2-08,asia_reclaim,EURUSD,2015-08-13 01:00:00+00:00,2015-08-13 01:15:00+00:00,2015-08-13 01:15:00+00:00,-1,-0.9999999999998628,SL,False
S2-08,asia_reclaim,EURUSD,2015-08-13 01:15:00+00:00,2015-08-13 01:30:00+00:00,2015-08-13 01:30:00+00:00,1,-1.0,SL,False
S2-08,asia_reclaim,EURUSD,2015-08-13 01:30:00+00:00,2015-08-13 01:45:00+00:00,2015-08-13 01:45:00+00:00,-1,1.0000000000001124,TP,False
S2-08,asia_reclaim,EURUSD,2015-08-13 02:00:00+00:00,2015-08-13 02:15:00+00:00,2015-08-13 02:30:00+00:00,1,-1.0000000000000298,SL,False
S2-08,asia_reclaim,EURUSD,2015-08-13 02:45:00+00:00,2015-08-13 03:00:00+00:00,2015-08-13 06:00:00+00:00,1,1.000000000000076,TP,False
S2-08,asia_reclaim,EURUSD,2015-08-14 01:45:00+00:00,2015-08-14 02:00:00+00:00,2015-08-14 03:00:00+00:00,1,1.0000000000000555,TP,False
S2-08,asia_reclaim,EURUSD,2015-08-17 01:15:00+00:00,2015-08-17 01:30:00+00:00,2015-08-17 03:30:00+00:00,-1,0.99999999999989,TP,False
S2-08,asia_reclaim,EURUSD,2015-08-17 04:00:00+00:00,2015-08-17 04:15:00+00:00,2015-08-17 04:15:00+00:00,1,-0.9999999999998044,SL,False
S2-08,asia_reclaim,EURUSD,2015-08-17 04:15:00+00:00,2015-08-17 04:30:00+00:00,2015-08-17 05:00:00+00:00,1,1.000000000000064,TP,False
S2-08,asia_reclaim,EURUSD,2015-08-18 01:00:00+00:00,2015-08-18 01:15:00+00:00,2015-08-18 01:15:00+00:00,-1,-1.0000000000003504,SL,False
S2-08,asia_reclaim,EURUSD,2015-08-18 01:45:00+00:00,2015-08-18 02:00:00+00:00,2015-08-18 02:00:00+00:00,-1,1.0000000000003186,TP,False
S2-08,asia_reclaim,EURUSD,2015-08-18 02:00:00+00:00,2015-08-18 02:15:00+00:00,2015-08-18 02:30:00+00:00,1,0.9999999999997053,TP,False
S2-08,asia_reclaim,EURUSD,2015-08-18 04:45:00+00:00,2015-08-18 05:00:00+00:00,2015-08-18 06:00:00+00:00,1,0.9999999999998789,TP,False
S2-08,asia_reclaim,EURUSD,2015-08-19 01:30:00+00:00,2015-08-19 01:45:00+00:00,2015-08-19 02:00:00+00:00,-1,0.9999999999997242,TP,False
S2-08,asia_reclaim,EURUSD,2015-08-19 02:30:00+00:00,2015-08-19 02:45:00+00:00,2015-08-19 03:45:00+00:00,-1,0.9999999999997868,TP,False
S2-08,asia_reclaim,EURUSD,2015-08-19 05:15:00+00:00,2015-08-19 05:30:00+00:00,2015-08-19 05:45:00+00:00,-1,-1.0,SL,False
S2-08,asia_reclaim,EURUSD,2015-08-19 06:30:00+00:00,2015-08-19 06:45:00+00:00,2015-08-19 07:00:00+00:00,-1,1.0000000000001568,TP,False
S2-08,asia_reclaim,EURUSD,2015-08-21 01:30:00+00:00,2015-08-21 01:45:00+00:00,2015-08-21 01:45:00+00:00,-1,-1.0000000000000617,SL,False
S2-08,asia_reclaim,EURUSD,2015-08-21 01:45:00+00:00,2015-08-21 02:00:00+00:00,2015-08-21 02:00:00+00:00,-1,-0.999999999999826,SL,False
S2-08,asia_reclaim,EURUSD,2015-08-21 02:45:00+00:00,2015-08-21 03:00:00+00:00,2015-08-21 03:00:00+00:00,-1,-1.0000000000000797,SL,False
S2-08,asia_reclaim,EURUSD,2015-08-21 04:45:00+00:00,2015-08-21 05:00:00+00:00,2015-08-21 06:30:00+00:00,-1,1.0000000000000309,TP,False
S2-08,asia_reclaim,EURUSD,2015-08-24 01:30:00+00:00,2015-08-24 01:45:00+00:00,2015-08-24 02:15:00+00:00,-1,-0.9999999999999747,SL,False
S2-08,asia_reclaim,EURUSD,2015-08-24 02:45:00+00:00,2015-08-24 03:00:00+00:00,2015-08-24 03:00:00+00:00,-1,-1.0,SL,False
S2-08,asia_reclaim,EURUSD,2015-08-24 03:00:00+00:00,2015-08-24 03:15:00+00:00,2015-08-24 03:30:00+00:00,-1,1.0000000000000344,TP,False
S2-08,asia_reclaim,EURUSD,2015-08-25 02:15:00+00:00,2015-08-25 02:30:00+00:00,2015-08-25 04:30:00+00:00,1,0.9999999999999512,TP,False
S2-08,asia_reclaim,EURUSD,2015-08-26 03:15:00+00:00,2015-08-26 03:30:00+00:00,2015-08-26 04:45:00+00:00,1,-1.000000000000035,SL,False
S2-08,asia_reclaim,EURUSD,2015-08-26 05:15:00+00:00,2015-08-26 05:30:00+00:00,2015-08-26 06:00:00+00:00,1,-1.000000000000028,SL,False
S2-08,asia_reclaim,EURUSD,2015-08-26 06:00:00+00:00,2015-08-26 06:15:00+00:00,2015-08-26 06:15:00+00:00,1,1.0000000000000777,TP,False
S2-08,asia_reclaim,EURUSD,2015-08-27 04:15:00+00:00,2015-08-27 04:30:00+00:00,2015-08-27 05:15:00+00:00,-1,1.0,TP,False
S2-08,asia_reclaim,EURUSD,2015-08-27 06:00:00+00:00,2015-08-27 06:15:00+00:00,2015-08-27 06:15:00+00:00,-1,0.999999999999963,TP,False
S2-08,asia_reclaim,EURUSD,2015-08-28 02:00:00+00:00,2015-08-28 02:15:00+00:00,2015-08-28 02:15:00+00:00,-1,-1.0,SL,False
S2-08,asia_reclaim,EURUSD,2015-08-28 02:45:00+00:00,2015-08-28 03:00:00+00:00,2015-08-28 04:45:00+00:00,-1,1.0000000000000755,TP,False
S2-08,asia_reclaim,EURUSD,2015-08-28 06:00:00+00:00,2015-08-28 06:15:00+00:00,2015-08-28 06:15:00+00:00,-1,0.9999999999999136,TP,False
S2-08,asia_reclaim,EURUSD,2015-08-28 06:45:00+00:00,2015-08-28 07:00:00+00:00,2015-08-28 07:00:00+00:00,-1,-0.9999999999999643,SL,False
S2-08,asia_reclaim,EURUSD,2015-08-31 05:00:00+00:00,2015-08-31 05:15:00+00:00,2015-08-31 05:15:00+00:00,-1,0.9999999999998874,TP,False
S2-08,asia_reclaim,EURUSD,2015-09-01 02:15:00+00:00,2015-09-01 02:30:00+00:00,2015-09-01 05:45:00+00:00,-1,-1.0000000000001046,SL,False
S2-08,asia_reclaim,EURUSD,2015-09-02 01:00:00+00:00,2015-09-02 01:15:00+00:00,2015-09-02 01:30:00+00:00,1,0.9999999999999412,TP,False
S2-08,asia_reclaim,EURUSD,2015-09-03 01:15:00+00:00,2015-09-03 01:30:00+00:00,2015-09-03 03:15:00+00:00,-1,1.0000000000000537,TP,False
S2-08,asia_reclaim,EURUSD,2015-09-03 05:15:00+00:00,2015-09-03 05:30:00+00:00,2015-09-03 05:45:00+00:00,-1,-1.0000000000000628,SL,False
S2-08,asia_reclaim,EURUSD,2015-09-03 06:00:00+00:00,2015-09-03 06:15:00+00:00,2015-09-03 06:15:00+00:00,-1,1.0000000000000573,TP,False
S2-08,asia_reclaim,EURUSD,2015-09-07 04:00:00+00:00,2015-09-07 04:15:00+00:00,2015-09-07 06:00:00+00:00,1,-1.00000000000009,SL,False
S2-08,asia_reclaim,EURUSD,2015-09-07 06:15:00+00:00,2015-09-07 06:30:00+00:00,2015-09-07 06:30:00+00:00,1,1.0000000000000469,TP,False
S2-08,asia_reclaim,EURUSD,2015-09-08 01:30:00+00:00,2015-09-08 01:45:00+00:00,2015-09-08 02:15:00+00:00,-1,1.0000000000002052,TP,False
S2-08,asia_reclaim,EURUSD,2015-09-08 04:15:00+00:00,2015-09-08 04:30:00+00:00,2015-09-08 05:45:00+00:00,-1,0.9999999999999277,TP,False
S2-08,asia_reclaim,EURUSD,2015-09-08 06:15:00+00:00,2015-09-08 06:30:00+00:00,2015-09-08 06:45:00+00:00,-1,1.0000000000000577,TP,False
S2-08,asia_reclaim,EURUSD,2015-09-09 02:30:00+00:00,2015-09-09 02:45:00+00:00,2015-09-09 03:00:00+00:00,1,-0.9999999999998813,SL,False
S2-08,asia_reclaim,EURUSD,2015-09-09 03:00:00+00:00,2015-09-09 03:15:00+00:00,2015-09-09 04:00:00+00:00,1,-1.0000000000000393,SL,False
S2-08,asia_reclaim,EURUSD,2015-09-09 04:45:00+00:00,2015-09-09 05:00:00+00:00,2015-09-09 05:30:00+00:00,1,-0.9999999999998638,SL,False
S2-08,asia_reclaim,EURUSD,2015-09-09 06:00:00+00:00,2015-09-09 06:15:00+00:00,2015-09-09 06:15:00+00:00,1,-1.00000000000005,SL,False
S2-08,asia_reclaim,EURUSD,2015-09-09 06:45:00+00:00,2015-09-09 07:00:00+00:00,2015-09-09 07:00:00+00:00,1,1.0000000000000897,TP,False
S2-08,asia_reclaim,EURUSD,2015-09-10 01:15:00+00:00,2015-09-10 01:30:00+00:00,2015-09-10 01:30:00+00:00,1,-0.9999999999999386,SL,False
S2-08,asia_reclaim,EURUSD,2015-09-10 03:45:00+00:00,2015-09-10 04:00:00+00:00,2015-09-10 04:45:00+00:00,1,-1.0000000000000993,SL,True
S2-08,asia_reclaim,EURUSD,2015-09-10 04:45:00+00:00,2015-09-10 05:00:00+00:00,2015-09-10 05:30:00+00:00,1,-1.0000000000000795,SL,False
S2-08,asia_reclaim,EURUSD,2015-09-11 03:15:00+00:00,2015-09-11 03:30:00+00:00,2015-09-11 05:00:00+00:00,-1,-0.9999999999998825,SL,False
S2-08,asia_reclaim,EURUSD,2015-09-11 05:45:00+00:00,2015-09-11 06:00:00+00:00,2015-09-11 06:00:00+00:00,-1,-1.0,SL,False
S2-08,asia_reclaim,EURUSD,2015-09-11 06:15:00+00:00,2015-09-11 06:30:00+00:00,2015-09-11 06:30:00+00:00,-1,0.9999999999999413,TP,False
S2-08,asia_reclaim,EURUSD,2015-09-14 03:45:00+00:00,2015-09-14 04:00:00+00:00,2015-09-14 04:00:00+00:00,-1,1.0000000000002285,TP,False
S2-08,asia_reclaim,EURUSD,2015-09-16 01:45:00+00:00,2015-09-16 02:00:00+00:00,2015-09-16 02:45:00+00:00,-1,-0.99999999999985,SL,False
S2-08,asia_reclaim,EURUSD,2015-09-16 03:15:00+00:00,2015-09-16 03:30:00+00:00,2015-09-16 03:45:00+00:00,-1,0.9999999999998767,TP,False
S2-08,asia_reclaim,EURUSD,2015-09-16 06:30:00+00:00,2015-09-16 06:45:00+00:00,2015-09-16 07:00:00+00:00,1,-0.9999999999998977,SL,True
S2-08,asia_reclaim,EURUSD,2015-09-17 01:30:00+00:00,2015-09-17 01:45:00+00:00,2015-09-17 02:00:00+00:00,-1,-1.0000000000001774,SL,False
S2-08,asia_reclaim,EURUSD,2015-09-17 06:00:00+00:00,2015-09-17 06:15:00+00:00,2015-09-17 06:15:00+00:00,1,-0.9999999999999558,SL,False
S2-08,asia_reclaim,EURUSD,2015-09-18 01:15:00+00:00,2015-09-18 01:30:00+00:00,2015-09-18 03:30:00+00:00,1,-0.9999999999999666,SL,False
S2-08,asia_reclaim,EURUSD,2015-09-21 01:30:00+00:00,2015-09-21 01:45:00+00:00,2015-09-21 03:30:00+00:00,-1,-1.0000000000001286,SL,False
S2-08,asia_reclaim,EURUSD,2015-09-21 03:30:00+00:00,2015-09-21 03:45:00+00:00,2015-09-21 04:00:00+00:00,-1,-1.0,SL,False
S2-08,asia_reclaim,EURUSD,2015-09-21 04:00:00+00:00,2015-09-21 04:15:00+00:00,2015-09-21 05:00:00+00:00,-1,1.0000000000000564,TP,False
S2-08,asia_reclaim,EURUSD,2015-09-22 02:15:00+00:00,2015-09-22 02:30:00+00:00,2015-09-22 03:30:00+00:00,-1,0.9999999999998374,TP,False
S2-08,asia_reclaim,EURUSD,2015-09-22 06:30:00+00:00,2015-09-22 06:45:00+00:00,2015-09-22 07:00:00+00:00,1,1.0000000000001223,TP,False
S2-08,asia_reclaim,EURUSD,2015-09-23 02:15:00+00:00,2015-09-23 02:30:00+00:00,2015-09-23 02:30:00+00:00,-1,-1.0,SL,False
S2-08,asia_reclaim,EURUSD,2015-09-23 03:15:00+00:00,2015-09-23 03:30:00+00:00,2015-09-23 05:15:00+00:00,-1,1.0000000000001277,TP,False
S2-08,asia_reclaim,EURUSD,2015-09-24 01:30:00+00:00,2015-09-24 01:45:00+00:00,2015-09-24 02:00:00+00:00,1,1.0,TP,False
S2-08,asia_reclaim,EURUSD,2015-09-24 04:00:00+00:00,2015-09-24 04:15:00+00:00,2015-09-24 04:30:00+00:00,-1,0.999999999999957,TP,False
S2-08,asia_reclaim,EURUSD,2015-09-24 04:45:00+00:00,2015-09-24 05:00:00+00:00,2015-09-24 06:00:00+00:00,-1,0.9999999999998689,TP,False
S2-08,asia_reclaim,EURUSD,2015-09-25 05:00:00+00:00,2015-09-25 05:15:00+00:00,2015-09-25 06:00:00+00:00,1,0.9999999999998753,TP,False
S2-08,asia_reclaim,EURUSD,2015-09-28 01:00:00+00:00,2015-09-28 01:15:00+00:00,2015-09-28 01:30:00+00:00,1,-1.0000000000000462,SL,False
S2-08,asia_reclaim,EURUSD,2015-09-28 02:00:00+00:00,2015-09-28 02:15:00+00:00,2015-09-28 02:30:00+00:00,1,0.999999999999953,TP,False
S2-08,asia_reclaim,EURUSD,2015-09-28 04:00:00+00:00,2015-09-28 04:15:00+00:00,2015-09-28 05:00:00+00:00,1,-1.000000000000169,SL,False
S2-08,asia_reclaim,EURUSD,2015-09-28 05:15:00+00:00,2015-09-28 05:30:00+00:00,2015-09-28 05:45:00+00:00,1,1.0000000000001197,TP,False
S2-08,asia_reclaim,EURUSD,2015-09-28 06:15:00+00:00,2015-09-28 06:30:00+00:00,2015-09-28 06:30:00+00:00,1,0.9999999999999085,TP,False
S2-08,asia_reclaim,EURUSD,2015-09-29 01:15:00+00:00,2015-09-29 01:30:00+00:00,2015-09-29 01:30:00+00:00,-1,-0.9999999999998725,SL,False
S2-08,asia_reclaim,EURUSD,2015-09-29 05:00:00+00:00,2015-09-29 05:15:00+00:00,2015-09-29 06:00:00+00:00,-1,-1.0,SL,False
S2-08,asia_reclaim,EURUSD,2015-09-29 06:00:00+00:00,2015-09-29 06:15:00+00:00,2015-09-29 06:15:00+00:00,-1,-1.0,SL,False
S2-08,asia_reclaim,EURUSD,2015-09-29 06:30:00+00:00,2015-09-29 06:45:00+00:00,2015-09-29 07:00:00+00:00,-1,-0.9999999999999156,SL,False
S2-08,asia_reclaim,EURUSD,2015-09-30 05:15:00+00:00,2015-09-30 05:30:00+00:00,2015-09-30 05:30:00+00:00,1,-1.0000000000001197,SL,False
S2-08,asia_reclaim,EURUSD,2015-09-30 05:45:00+00:00,2015-09-30 06:00:00+00:00,2015-09-30 06:00:00+00:00,1,-0.9999999999999414,SL,False
S2-08,asia_reclaim,EURUSD,2015-09-30 06:15:00+00:00,2015-09-30 06:30:00+00:00,2015-09-30 06:30:00+00:00,1,-1.000000000000147,SL,False
S2-08,asia_reclaim,EURUSD,2015-10-01 01:15:00+00:00,2015-10-01 01:30:00+00:00,2015-10-01 01:45:00+00:00,1,-1.0000000000000848,SL,False
S2-08,asia_reclaim,EURUSD,2015-10-01 03:15:00+00:00,2015-10-01 03:30:00+00:00,2015-10-01 03:30:00+00:00,1,-1.0,SL,False
S2-08,asia_reclaim,EURUSD,2015-10-01 04:00:00+00:00,2015-10-01 04:15:00+00:00,2015-10-01 05:30:00+00:00,1,-1.0,SL,False
S2-08,asia_reclaim,EURUSD,2015-10-01 05:45:00+00:00,2015-10-01 06:00:00+00:00,2015-10-01 06:45:00+00:00,1,-1.0,SL,False
S2-08,asia_reclaim,EURUSD,2015-10-01 06:45:00+00:00,2015-10-01 07:00:00+00:00,2015-10-01 07:00:00+00:00,1,-1.0000000000001728,SL,False
S2-08,asia_reclaim,EURUSD,2015-10-02 02:00:00+00:00,2015-10-02 02:15:00+00:00,2015-10-02 02:15:00+00:00,-1,0.9999999999998657,TP,False
S2-08,asia_reclaim,EURUSD,2015-10-02 03:15:00+00:00,2015-10-02 03:30:00+00:00,2015-10-02 04:00:00+00:00,1,-0.9999999999998862,SL,False
S2-08,asia_reclaim,EURUSD,2015-10-02 04:00:00+00:00,2015-10-02 04:15:00+00:00,2015-10-02 05:00:00+00:00,1,-1.0000000000000628,SL,False
S2-08,asia_reclaim,EURUSD,2015-10-05 01:00:00+00:00,2015-10-05 01:15:00+00:00,2015-10-05 01:45:00+00:00,-1,-1.0000000000001465,SL,False
S2-08,asia_reclaim,EURUSD,2015-10-07 06:00:00+00:00,2015-10-07 06:15:00+00:00,2015-10-07 06:30:00+00:00,1,-0.9999999999998613,SL,False
S2-08,asia_reclaim,EURUSD,2015-10-07 06:30:00+00:00,2015-10-07 06:45:00+00:00,2015-10-07 06:45:00+00:00,1,-1.0,SL,False
S2-08,asia_reclaim,EURUSD,2015-10-08 01:30:00+00:00,2015-10-08 01:45:00+00:00,2015-10-08 02:00:00+00:00,-1,-1.0000000000000653,SL,False
S2-08,asia_reclaim,EURUSD,2015-10-08 02:00:00+00:00,2015-10-08 02:15:00+00:00,2015-10-08 02:15:00+00:00,-1,-1.0,SL,False
S2-08,asia_reclaim,EURUSD,2015-10-08 04:45:00+00:00,2015-10-08 05:00:00+00:00,2015-10-08 05:30:00+00:00,-1,-1.000000000000229,SL,False
S2-08,asia_reclaim,EURUSD,2015-10-08 06:45:00+00:00,2015-10-08 07:00:00+00:00,2015-10-08 07:00:00+00:00,-1,-1.0000000000000577,SL,False
S2-08,asia_reclaim,EURUSD,2015-10-09 01:30:00+00:00,2015-10-09 01:45:00+00:00,2015-10-09 01:45:00+00:00,1,0.9999999999999369,TP,False
S2-08,asia_reclaim,EURUSD,2015-10-09 05:45:00+00:00,2015-10-09 06:00:00+00:00,2015-10-09 06:00:00+00:00,-1,1.000000000000155,TP,False
S2-08,asia_reclaim,EURUSD,2015-10-13 04:45:00+00:00,2015-10-13 05:00:00+00:00,2015-10-13 05:30:00+00:00,-1,-1.000000000000076,SL,False
S2-08,asia_reclaim,EURUSD,2015-10-13 06:00:00+00:00,2015-10-13 06:15:00+00:00,2015-10-13 06:15:00+00:00,-1,1.0,TP,False
S2-08,asia_reclaim,EURUSD,2015-10-14 04:00:00+00:00,2015-10-14 04:15:00+00:00,2015-10-14 05:00:00+00:00,1,0.999999999999946,TP,False
S2-08,asia_reclaim,EURUSD,2015-10-14 06:15:00+00:00,2015-10-14 06:30:00+00:00,2015-10-14 06:30:00+00:00,-1,-0.9999999999999365,SL,False
S2-08,asia_reclaim,EURUSD,2015-10-14 06:45:00+00:00,2015-10-14 07:00:00+00:00,2015-10-14 07:00:00+00:00,-1,-0.9999999999998866,SL,False
S2-08,asia_reclaim,EURUSD,2015-10-15 01:00:00+00:00,2015-10-15 01:15:00+00:00,2015-10-15 02:15:00+00:00,1,1.0,TP,False
S2-08,asia_reclaim,EURUSD,2015-10-15 03:00:00+00:00,2015-10-15 03:15:00+00:00,2015-10-15 03:30:00+00:00,-1,1.0000000000001084,TP,False
S2-08,asia_reclaim,EURUSD,2015-10-15 06:30:00+00:00,2015-10-15 06:45:00+00:00,2015-10-15 06:45:00+00:00,-1,0.9999999999998874,TP,False
S2-08,asia_reclaim,EURUSD,2015-10-16 02:30:00+00:00,2015-10-16 02:45:00+00:00,2015-10-16 03:00:00+00:00,-1,-0.9999999999998216,SL,False
S2-08,asia_reclaim,EURUSD,2015-10-16 03:45:00+00:00,2015-10-16 04:00:00+00:00,2015-10-16 04:15:00+00:00,-1,0.999999999999789,TP,False
S2-08,asia_reclaim,EURUSD,2015-10-16 06:00:00+00:00,2015-10-16 06:15:00+00:00,2015-10-16 06:30:00+00:00,-1,-0.9999999999998586,SL,False
S2-08,asia_reclaim,EURUSD,2015-10-16 06:45:00+00:00,2015-10-16 07:00:00+00:00,2015-10-16 07:00:00+00:00,-1,-1.0000000000001825,SL,True
S2-08,asia_reclaim,EURUSD,2015-10-19 01:15:00+00:00,2015-10-19 01:30:00+00:00,2015-10-19 02:00:00+00:00,-1,-0.9999999999998792,SL,True
S2-08,asia_reclaim,EURUSD,2015-10-19 02:00:00+00:00,2015-10-19 02:15:00+00:00,2015-10-19 03:00:00+00:00,-1,0.9999999999998963,TP,False
S2-08,asia_reclaim,EURUSD,2015-10-19 06:15:00+00:00,2015-10-19 06:30:00+00:00,2015-10-19 06:30:00+00:00,-1,-1.0000000000001223,SL,False
S2-08,asia_reclaim,EURUSD,2015-10-20 01:00:00+00:00,2015-10-20 01:15:00+00:00,2015-10-20 01:15:00+00:00,-1,-0.9999999999996902,SL,False
S2-08,asia_reclaim,EURUSD,2015-10-20 06:30:00+00:00,2015-10-20 06:45:00+00:00,2015-10-20 06:45:00+00:00,1,-0.9999999999999202,SL,False
S2-08,asia_reclaim,EURUSD,2015-10-21 05:45:00+00:00,2015-10-21 06:00:00+00:00,2015-10-21 06:00:00+00:00,1,-1.0000000000000768,SL,False
S2-08,asia_reclaim,EURUSD,2015-10-21 06:00:00+00:00,2015-10-21 06:15:00+00:00,2015-10-21 06:15:00+00:00,1,0.9999999999997862,TP,False
S2-08,asia_reclaim,EURUSD,2015-10-21 06:45:00+00:00,2015-10-21 07:00:00+00:00,2015-10-21 07:00:00+00:00,1,1.0000000000001572,TP,False
S2-08,asia_reclaim,EURUSD,2015-10-22 01:45:00+00:00,2015-10-22 02:00:00+00:00,2015-10-22 03:00:00+00:00,-1,-1.0000000000000633,SL,False
S2-08,asia_reclaim,EURUSD,2015-10-23 04:00:00+00:00,2015-10-23 04:15:00+00:00,2015-10-23 04:45:00+00:00,-1,0.9999999999998747,TP,False
S2-08,asia_reclaim,EURUSD,2015-10-26 01:00:00+00:00,2015-10-26 01:15:00+00:00,2015-10-26 02:00:00+00:00,1,0.9999999999999198,TP,False
S2-08,asia_reclaim,EURUSD,2015-10-26 02:15:00+00:00,2015-10-26 02:30:00+00:00,2015-10-26 06:00:00+00:00,-1,-0.9999999999999559,SL,False
S2-08,asia_reclaim,EURUSD,2015-10-26 06:00:00+00:00,2015-10-26 06:15:00+00:00,2015-10-26 06:45:00+00:00,-1,0.9999999999998382,TP,False
S2-08,asia_reclaim,EURUSD,2015-10-27 01:00:00+00:00,2015-10-27 01:15:00+00:00,2015-10-27 02:15:00+00:00,1,1.0000000000001268,TP,False
S2-08,asia_reclaim,EURUSD,2015-10-27 02:15:00+00:00,2015-10-27 02:30:00+00:00,2015-10-27 02:30:00+00:00,-1,-0.9999999999999478,SL,False
S2-08,asia_reclaim,EURUSD,2015-10-27 02:45:00+00:00,2015-10-27 03:00:00+00:00,2015-10-27 06:15:00+00:00,-1,1.000000000000049,TP,False
S2-08,asia_reclaim,EURUSD,2015-10-28 01:30:00+00:00,2015-10-28 01:45:00+00:00,2015-10-28 01:45:00+00:00,-1,1.0000000000000582,TP,False
S2-08,asia_reclaim,EURUSD,2015-10-28 02:00:00+00:00,2015-10-28 02:15:00+00:00,2015-10-28 02:30:00+00:00,1,0.9999999999999456,TP,False
S2-08,asia_reclaim,EURUSD,2015-10-28 02:45:00+00:00,2015-10-28 03:00:00+00:00,2015-10-28 03:30:00+00:00,-1,-0.9999999999999462,SL,False
S2-08,asia_reclaim,EURUSD,2015-10-29 06:15:00+00:00,2015-10-29 06:30:00+00:00,2015-10-29 06:30:00+00:00,-1,-1.000000000000155,SL,False
S2-08,asia_reclaim,EURUSD,2015-10-30 01:15:00+00:00,2015-10-30 01:30:00+00:00,2015-10-30 01:45:00+00:00,1,-0.9999999999999395,SL,False
S2-08,asia_reclaim,EURUSD,2015-10-30 01:45:00+00:00,2015-10-30 02:00:00+00:00,2015-10-30 02:45:00+00:00,1,1.000000000000054,TP,False
S2-08,asia_reclaim,EURUSD,2015-10-30 03:15:00+00:00,2015-10-30 03:30:00+00:00,2015-10-30 03:30:00+00:00,-1,1.0000000000001377,TP,False
S2-08,asia_reclaim,EURUSD,2015-10-30 03:30:00+00:00,2015-10-30 03:45:00+00:00,2015-10-30 03:45:00+00:00,1,-1.0000000000000437,SL,False
S2-08,asia_reclaim,EURUSD,2015-10-30 04:00:00+00:00,2015-10-30 04:15:00+00:00,2015-10-30 04:30:00+00:00,1,0.9999999999999609,TP,False
S2-08,asia_reclaim,EURUSD,2015-10-30 06:45:00+00:00,2015-10-30 07:00:00+00:00,2015-10-30 07:45:00+00:00,-1,-0.9999999999999479,SL,False
S2-08,asia_reclaim,EURUSD,2015-11-02 01:15:00+00:00,2015-11-02 01:30:00+00:00,2015-11-02 01:30:00+00:00,-1,-0.9999999999999206,SL,False
S2-08,asia_reclaim,EURUSD,2015-11-02 01:45:00+00:00,2015-11-02 02:00:00+00:00,2015-11-02 03:00:00+00:00,-1,1.0000000000000484,TP,False
S2-08,asia_reclaim,EURUSD,2015-11-02 06:15:00+00:00,2015-11-02 06:30:00+00:00,2015-11-02 06:45:00+00:00,-1,1.0,TP,False
S2-08,asia_reclaim,EURUSD,2015-11-03 01:00:00+00:00,2015-11-03 01:15:00+00:00,2015-11-03 02:15:00+00:00,1,1.0,TP,False
S2-08,asia_reclaim,EURUSD,2015-11-03 04:15:00+00:00,2015-11-03 04:30:00+00:00,2015-11-03 04:30:00+00:00,-1,-1.0000000000000944,SL,False
S2-08,asia_reclaim,EURUSD,2015-11-03 04:45:00+00:00,2015-11-03 05:00:00+00:00,2015-11-03 06:30:00+00:00,-1,-1.0000000000001965,SL,False
S2-08,asia_reclaim,EURUSD,2015-11-04 01:45:00+00:00,2015-11-04 02:00:00+00:00,2015-11-04 02:30:00+00:00,1,-0.999999999999878,SL,False
S2-08,asia_reclaim,EURUSD,2015-11-04 02:45:00+00:00,2015-11-04 03:00:00+00:00,2015-11-04 03:00:00+00:00,1,1.0,TP,False
S2-08,asia_reclaim,EURUSD,2015-11-05 03:15:00+00:00,2015-11-05 03:30:00+00:00,2015-11-05 03:45:00+00:00,-1,-1.0000000000001752,SL,False
S2-08,asia_reclaim,EURUSD,2015-11-06 01:45:00+00:00,2015-11-06 02:00:00+00:00,2015-11-06 02:15:00+00:00,-1,-1.0000000000000961,SL,False
S2-08,asia_reclaim,EURUSD,2015-11-06 02:45:00+00:00,2015-11-06 03:00:00+00:00,2015-11-06 03:00:00+00:00,-1,-1.0000000000001747,SL,False
S2-08,asia_reclaim,EURUSD,2015-11-06 03:00:00+00:00,2015-11-06 03:15:00+00:00,2015-11-06 04:30:00+00:00,-1,1.000000000000083,TP,False
S2-08,asia_reclaim,EURUSD,2015-11-06 04:45:00+00:00,2015-11-06 05:00:00+00:00,2015-11-06 05:00:00+00:00,1,-1.0,SL,False
S2-08,asia_reclaim,EURUSD,2015-11-09 01:30:00+00:00,2015-11-09 01:45:00+00:00,2015-11-09 01:45:00+00:00,-1,-1.0000000000000473,SL,False
S2-08,asia_reclaim,EURUSD,2015-11-09 02:00:00+00:00,2015-11-09 02:15:00+00:00,2015-11-09 02:30:00+00:00,-1,-1.0000000000000906,SL,False
S2-08,asia_reclaim,EURUSD,2015-11-09 04:45:00+00:00,2015-11-09 05:00:00+00:00,2015-11-09 05:45:00+00:00,-1,1.0000000000000533,TP,False
S2-08,asia_reclaim,EURUSD,2015-11-09 06:15:00+00:00,2015-11-09 06:30:00+00:00,2015-11-09 06:45:00+00:00,-1,1.0000000000001315,TP,False
S2-08,asia_reclaim,EURUSD,2015-11-10 01:30:00+00:00,2015-11-10 01:45:00+00:00,2015-11-10 02:00:00+00:00,1,-1.0000000000002034,SL,False
S2-08,asia_reclaim,EURUSD,2015-11-10 03:15:00+00:00,2015-11-10 03:30:00+00:00,2015-11-10 04:45:00+00:00,1,-1.0000000000001201,SL,False
S2-08,asia_reclaim,EURUSD,2015-11-10 05:00:00+00:00,2015-11-10 05:15:00+00:00,2015-11-10 05:15:00+00:00,1,-0.9999999999997886,SL,False
S2-08,asia_reclaim,EURUSD,2015-11-10 05:15:00+00:00,2015-11-10 05:30:00+00:00,2015-11-10 05:45:00+00:00,1,1.0000000000000688,TP,False
S2-08,asia_reclaim,EURUSD,2015-11-11 03:15:00+00:00,2015-11-11 03:30:00+00:00,2015-11-11 03:45:00+00:00,-1,-1.0000000000000422,SL,False
S2-08,asia_reclaim,EURUSD,2015-11-12 01:00:00+00:00,2015-11-12 01:15:00+00:00,2015-11-12 01:15:00+00:00,-1,-1.000000000000138,SL,False
S2-08,asia_reclaim,EURUSD,2015-11-12 05:15:00+00:00,2015-11-12 05:30:00+00:00,2015-11-12 07:00:00+00:00,1,-0.9999999999998763,SL,False
S2-08,asia_reclaim,EURUSD,2015-11-13 03:00:00+00:00,2015-11-13 03:15:00+00:00,2015-11-13 03:30:00+00:00,1,0.9999999999998751,TP,False
S2-08,asia_reclaim,EURUSD,2015-11-13 05:45:00+00:00,2015-11-13 06:00:00+00:00,2015-11-13 06:00:00+00:00,1,-0.9999999999999366,SL,False
S2-08,asia_reclaim,EURUSD,2015-11-16 01:00:00+00:00,2015-11-16 01:15:00+00:00,2015-11-16 05:00:00+00:00,-1,0.2506499690751556,TIME,False
S2-08,asia_reclaim,EURUSD,2015-11-16 06:45:00+00:00,2015-11-16 07:00:00+00:00,2015-11-16 07:00:00+00:00,-1,-1.0,SL,False
S2-08,asia_reclaim,EURUSD,2015-11-17 02:15:00+00:00,2015-11-17 02:30:00+00:00,2015-11-17 06:15:00+00:00,1,-0.05877942720047983,TIME,False
S2-08,asia_reclaim,EURUSD,2015-11-18 01:15:00+00:00,2015-11-18 01:30:00+00:00,2015-11-18 02:00:00+00:00,1,-0.9999999999997459,SL,False
S2-08,asia_reclaim,EURUSD,2015-11-18 02:00:00+00:00,2015-11-18 02:15:00+00:00,2015-11-18 03:15:00+00:00,1,-1.0000000000000813,SL,False
S2-08,asia_reclaim,EURUSD,2015-11-18 03:30:00+00:00,2015-11-18 03:45:00+00:00,2015-11-18 04:00:00+00:00,1,1.0000000000000826,TP,False
S2-08,asia_reclaim,EURUSD,2015-11-19 01:15:00+00:00,2015-11-19 01:30:00+00:00,2015-11-19 01:30:00+00:00,-1,-0.9999999999999434,SL,False
S2-08,asia_reclaim,EURUSD,2015-11-20 06:00:00+00:00,2015-11-20 06:15:00+00:00,2015-11-20 06:45:00+00:00,-1,0.9999999999998878,TP,False
S2-08,asia_reclaim,EURUSD,2015-11-23 02:15:00+00:00,2015-11-23 02:30:00+00:00,2015-11-23 02:30:00+00:00,1,-1.0000000000001366,SL,False
S2-08,asia_reclaim,EURUSD,2015-11-24 01:45:00+00:00,2015-11-24 02:00:00+00:00,2015-11-24 03:00:00+00:00,-1,0.999999999999836,TP,False
S2-08,asia_reclaim,EURUSD,2015-11-24 04:15:00+00:00,2015-11-24 04:30:00+00:00,2015-11-24 04:30:00+00:00,1,-0.9999999999998308,SL,False
S2-08,asia_reclaim,EURUSD,2015-11-24 05:15:00+00:00,2015-11-24 05:30:00+00:00,2015-11-24 05:45:00+00:00,1,0.9999999999997687,TP,False
S2-08,asia_reclaim,EURUSD,2015-11-25 02:15:00+00:00,2015-11-25 02:30:00+00:00,2015-11-25 03:00:00+00:00,-1,-1.0000000000001585,SL,False
S2-08,asia_reclaim,EURUSD,2015-11-25 03:00:00+00:00,2015-11-25 03:15:00+00:00,2015-11-25 04:30:00+00:00,-1,1.0000000000000466,TP,False
S2-08,asia_reclaim,EURUSD,2015-11-27 03:45:00+00:00,2015-11-27 04:00:00+00:00,2015-11-27 04:00:00+00:00,-1,-1.0000000000002576,SL,False
S2-08,asia_reclaim,EURUSD,2015-11-27 05:15:00+00:00,2015-11-27 05:30:00+00:00,2015-11-27 06:00:00+00:00,-1,-0.9999999999999204,SL,False
S2-08,asia_reclaim,EURUSD,2015-11-27 06:30:00+00:00,2015-11-27 06:45:00+00:00,2015-11-27 06:45:00+00:00,-1,-1.000000000000071,SL,False
S2-08,asia_reclaim,EURUSD,2015-11-30 01:30:00+00:00,2015-11-30 01:45:00+00:00,2015-11-30 02:00:00+00:00,1,0.9999999999998789,TP,False
S2-08,asia_reclaim,EURUSD,2015-11-30 04:30:00+00:00,2015-11-30 04:45:00+00:00,2015-11-30 06:00:00+00:00,-1,1.0000000000002065,TP,False
S2-08,asia_reclaim,EURUSD,2015-12-01 01:45:00+00:00,2015-12-01 02:00:00+00:00,2015-12-01 02:00:00+00:00,-1,-0.9999999999997945,SL,False
S2-08,asia_reclaim,EURUSD,2015-12-01 02:15:00+00:00,2015-12-01 02:30:00+00:00,2015-12-01 02:45:00+00:00,-1,1.0000000000001563,TP,False
S2-08,asia_reclaim,EURUSD,2015-12-02 01:15:00+00:00,2015-12-02 01:30:00+00:00,2015-12-02 02:00:00+00:00,1,-1.0000000000002445,SL,False
S2-08,asia_reclaim,EURUSD,2015-12-02 03:15:00+00:00,2015-12-02 03:30:00+00:00,2015-12-02 04:15:00+00:00,1,-1.0000000000000848,SL,False
S2-08,asia_reclaim,EURUSD,2015-12-02 05:00:00+00:00,2015-12-02 05:15:00+00:00,2015-12-02 06:00:00+00:00,1,-0.9999999999998123,SL,False
S2-08,asia_reclaim,EURUSD,2015-12-02 06:00:00+00:00,2015-12-02 06:15:00+00:00,2015-12-02 06:15:00+00:00,1,-0.9999999999997818,SL,False
S2-08,asia_reclaim,EURUSD,2015-12-02 06:30:00+00:00,2015-12-02 06:45:00+00:00,2015-12-02 07:00:00+00:00,1,0.9999999999997845,TP,False
S2-08,asia_reclaim,EURUSD,2015-12-03 01:45:00+00:00,2015-12-03 02:00:00+00:00,2015-12-03 02:00:00+00:00,1,-1.0000000000000844,SL,False
S2-08,asia_reclaim,EURUSD,2015-12-03 02:45:00+00:00,2015-12-03 03:00:00+00:00,2015-12-03 05:00:00+00:00,1,-0.9999999999999221,SL,False
S2-08,asia_reclaim,EURUSD,2015-12-03 05:00:00+00:00,2015-12-03 05:15:00+00:00,2015-12-03 05:45:00+00:00,1,-1.0,SL,False
S2-08,asia_reclaim,EURUSD,2015-12-03 06:00:00+00:00,2015-12-03 06:15:00+00:00,2015-12-03 06:45:00+00:00,1,0.9999999999997827,TP,False
S2-08,asia_reclaim,EURUSD,2015-12-07 01:00:00+00:00,2015-12-07 01:15:00+00:00,2015-12-07 02:15:00+00:00,1,-1.0,SL,False
S2-08,asia_reclaim,EURUSD,2015-12-07 02:30:00+00:00,2015-12-07 02:45:00+00:00,2015-12-07 06:00:00+00:00,1,1.0000000000000968,TP,False
S2-08,asia_reclaim,EURUSD,2015-12-08 01:00:00+00:00,2015-12-08 01:15:00+00:00,2015-12-08 01:30:00+00:00,1,0.9999999999999315,TP,False
S2-08,asia_reclaim,EURUSD,2015-12-08 01:30:00+00:00,2015-12-08 01:45:00+00:00,2015-12-08 01:45:00+00:00,-1,-0.9999999999998566,SL,False
S2-08,asia_reclaim,EURUSD,2015-12-08 02:00:00+00:00,2015-12-08 02:15:00+00:00,2015-12-08 02:15:00+00:00,-1,-0.9999999999999379,SL,False
S2-08,asia_reclaim,EURUSD,2015-12-08 03:15:00+00:00,2015-12-08 03:30:00+00:00,2015-12-08 03:45:00+00:00,-1,1.0000000000000526,TP,False
S2-08,asia_reclaim,EURUSD,2015-12-08 06:00:00+00:00,2015-12-08 06:15:00+00:00,2015-12-08 07:00:00+00:00,-1,-0.9999999999999366,SL,False
S2-08,asia_reclaim,EURUSD,2015-12-09 01:00:00+00:00,2015-12-09 01:15:00+00:00,2015-12-09 01:15:00+00:00,1,0.9999999999998158,TP,False
S2-08,asia_reclaim,EURUSD,2015-12-09 06:30:00+00:00,2015-12-09 06:45:00+00:00,2015-12-09 07:00:00+00:00,-1,-1.0000000000001674,SL,False
S2-08,asia_reclaim,EURUSD,2015-12-10 02:00:00+00:00,2015-12-10 02:15:00+00:00,2015-12-10 05:15:00+00:00,1,-1.0,SL,False
S2-08,asia_reclaim,EURUSD,2015-12-10 05:30:00+00:00,2015-12-10 05:45:00+00:00,2015-12-10 05:45:00+00:00,1,-0.9999999999999022,SL,False
S2-08,asia_reclaim,EURUSD,2015-12-10 06:45:00+00:00,2015-12-10 07:00:00+00:00,2015-12-10 07:00:00+00:00,1,-0.9999999999999214,SL,False
S2-08,asia_reclaim,EURUSD,2015-12-11 01:45:00+00:00,2015-12-11 02:00:00+00:00,2015-12-11 05:15:00+00:00,1,0.9999999999998201,TP,False
S2-08,asia_reclaim,EURUSD,2015-12-14 02:15:00+00:00,2015-12-14 02:30:00+00:00,2015-12-14 03:15:00+00:00,1,-1.0000000000000386,SL,False
S2-08,asia_reclaim,EURUSD,2015-12-14 03:30:00+00:00,2015-12-14 03:45:00+00:00,2015-12-14 05:15:00+00:00,1,1.0,TP,False
S2-08,asia_reclaim,EURUSD,2015-12-15 02:00:00+00:00,2015-12-15 02:15:00+00:00,2015-12-15 03:00:00+00:00,-1,1.0000000000001015,TP,False
S2-08,asia_reclaim,EURUSD,2015-12-15 06:15:00+00:00,2015-12-15 06:30:00+00:00,2015-12-15 06:30:00+00:00,-1,1.0,TP,False
S2-08,asia_reclaim,EURUSD,2015-12-16 01:30:00+00:00,2015-12-16 01:45:00+00:00,2015-12-16 01:45:00+00:00,-1,-0.9999999999999255,SL,False
S2-08,asia_reclaim,EURUSD,2015-12-16 01:45:00+00:00,2015-12-16 02:00:00+00:00,2015-12-16 02:00:00+00:00,-1,-1.0,SL,False
S2-08,asia_reclaim,EURUSD,2015-12-16 02:00:00+00:00,2015-12-16 02:15:00+00:00,2015-12-16 02:15:00+00:00,-1,0.9999999999999326,TP,False
S2-08,asia_reclaim,EURUSD,2015-12-17 03:00:00+00:00,2015-12-17 03:15:00+00:00,2015-12-17 03:30:00+00:00,1,-1.0000000000000386,SL,False
S2-08,asia_reclaim,EURUSD,2015-12-17 03:45:00+00:00,2015-12-17 04:00:00+00:00,2015-12-17 04:15:00+00:00,1,0.9999999999999236,TP,False
S2-08,asia_reclaim,EURUSD,2015-12-18 02:45:00+00:00,2015-12-18 03:00:00+00:00,2015-12-18 03:15:00+00:00,-1,-1.0000000000000502,SL,False
S2-08,asia_reclaim,EURUSD,2015-12-18 03:45:00+00:00,2015-12-18 04:00:00+00:00,2015-12-18 04:15:00+00:00,1,0.9999999999998666,TP,False
S2-08,asia_reclaim,EURUSD,2015-12-18 05:15:00+00:00,2015-12-18 05:30:00+00:00,2015-12-18 06:15:00+00:00,-1,-1.0,SL,False
S2-08,asia_reclaim,EURUSD,2015-12-21 01:00:00+00:00,2015-12-21 01:15:00+00:00,2015-12-21 01:15:00+00:00,-1,-1.0,SL,False
S2-08,asia_reclaim,EURUSD,2015-12-22 01:00:00+00:00,2015-12-22 01:15:00+00:00,2015-12-22 01:15:00+00:00,1,1.0,TP,False
S2-08,asia_reclaim,EURUSD,2015-12-22 01:15:00+00:00,2015-12-22 01:30:00+00:00,2015-12-22 01:30:00+00:00,-1,-1.0,SL,False
S2-08,asia_reclaim,EURUSD,2015-12-22 02:00:00+00:00,2015-12-22 02:15:00+00:00,2015-12-22 03:00:00+00:00,-1,-1.000000000000061,SL,False
S2-08,asia_reclaim,EURUSD,2015-12-22 03:00:00+00:00,2015-12-22 03:15:00+00:00,2015-12-22 03:30:00+00:00,-1,1.0000000000001161,TP,False
S2-08,asia_reclaim,EURUSD,2015-12-23 01:15:00+00:00,2015-12-23 01:30:00+00:00,2015-12-23 01:30:00+00:00,-1,1.0,TP,False
S2-08,asia_reclaim,EURUSD,2015-12-24 02:00:00+00:00,2015-12-24 02:15:00+00:00,2015-12-24 02:45:00+00:00,-1,-0.9999999999998623,SL,False
S2-08,asia_reclaim,EURUSD,2015-12-25 02:00:00+00:00,2015-12-25 02:15:00+00:00,2015-12-25 02:30:00+00:00,1,0.9999999999999504,TP,False
S2-08,asia_reclaim,EURUSD,2015-12-25 05:00:00+00:00,2015-12-25 05:15:00+00:00,2015-12-25 07:00:00+00:00,-1,1.0000000000001983,TP,False
S2-08,asia_reclaim,EURUSD,2015-12-28 03:00:00+00:00,2015-12-28 03:15:00+00:00,2015-12-28 03:30:00+00:00,-1,-0.9999999999997942,SL,False
S2-08,asia_reclaim,EURUSD,2015-12-29 05:00:00+00:00,2015-12-29 05:15:00+00:00,2015-12-29 05:30:00+00:00,1,-1.0,SL,False
S2-08,asia_reclaim,EURUSD,2015-12-29 05:45:00+00:00,2015-12-29 06:00:00+00:00,2015-12-29 06:15:00+00:00,1,0.9999999999997871,TP,False
S2-08,asia_reclaim,EURUSD,2015-12-30 01:45:00+00:00,2015-12-30 02:00:00+00:00,2015-12-30 02:00:00+00:00,1,0.9999999999998682,TP,False
S2-08,asia_reclaim,EURUSD,2015-12-30 05:45:00+00:00,2015-12-30 06:00:00+00:00,2015-12-30 06:00:00+00:00,-1,-1.000000000000281,SL,False
S2-08,asia_reclaim,EURUSD,2015-12-31 02:30:00+00:00,2015-12-31 02:45:00+00:00,2015-12-31 03:30:00+00:00,1,0.999999999999837,TP,False
S2-08,asia_reclaim,EURUSD,2016-01-04 01:15:00+00:00,2016-01-04 01:30:00+00:00,2016-01-04 01:30:00+00:00,1,0.9999999999998876,TP,False
S2-08,asia_reclaim,EURUSD,2016-01-04 02:30:00+00:00,2016-01-04 02:45:00+00:00,2016-01-04 02:45:00+00:00,-1,-1.0000000000000682,SL,False
S2-08,asia_reclaim,EURUSD,2016-01-04 04:30:00+00:00,2016-01-04 04:45:00+00:00,2016-01-04 05:30:00+00:00,-1,-0.9999999999999188,SL,False
S2-08,asia_reclaim,EURUSD,2016-01-04 05:45:00+00:00,2016-01-04 06:00:00+00:00,2016-01-04 06:30:00+00:00,-1,0.9999999999999556,TP,False
S2-08,asia_reclaim,EURUSD,2016-01-05 01:15:00+00:00,2016-01-05 01:30:00+00:00,2016-01-05 01:30:00+00:00,-1,0.9999999999998139,TP,False
S2-08,asia_reclaim,EURUSD,2016-01-05 02:45:00+00:00,2016-01-05 03:00:00+00:00,2016-01-05 04:15:00+00:00,1,0.9999999999998982,TP,False
S2-08,asia_reclaim,EURUSD,2016-01-07 01:45:00+00:00,2016-01-07 02:00:00+00:00,2016-01-07 02:30:00+00:00,-1,-1.0000000000001215,SL,False
S2-08,asia_reclaim,EURUSD,2016-01-07 02:45:00+00:00,2016-01-07 03:00:00+00:00,2016-01-07 03:15:00+00:00,-1,-1.0,SL,False
S2-08,asia_reclaim,EURUSD,2016-01-07 03:15:00+00:00,2016-01-07 03:30:00+00:00,2016-01-07 05:45:00+00:00,-1,-0.9999999999999344,SL,False
S2-08,asia_reclaim,EURUSD,2016-01-08 01:30:00+00:00,2016-01-08 01:45:00+00:00,2016-01-08 01:45:00+00:00,1,-0.9999999999999364,SL,False
S2-08,asia_reclaim,EURUSD,2016-01-11 01:15:00+00:00,2016-01-11 01:30:00+00:00,2016-01-11 02:00:00+00:00,1,-0.999999999999953,SL,False
S2-08,asia_reclaim,EURUSD,2016-01-11 02:30:00+00:00,2016-01-11 02:45:00+00:00,2016-01-11 03:45:00+00:00,1,-1.0000000000000577,SL,False
S2-08,asia_reclaim,EURUSD,2016-01-11 04:15:00+00:00,2016-01-11 04:30:00+00:00,2016-01-11 06:00:00+00:00,1,1.000000000000117,TP,False
S2-08,asia_reclaim,EURUSD,2016-01-12 01:15:00+00:00,2016-01-12 01:30:00+00:00,2016-01-12 01:30:00+00:00,1,1.0000000000001583,TP,False
S2-08,asia_reclaim,EURUSD,2016-01-12 02:45:00+00:00,2016-01-12 03:00:00+00:00,2016-01-12 06:00:00+00:00,-1,-1.0,SL,False
S2-08,asia_reclaim,EURUSD,2016-01-12 06:00:00+00:00,2016-01-12 06:15:00+00:00,2016-01-12 06:15:00+00:00,-1,-1.0000000000001217,SL,False
S2-08,asia_reclaim,EURUSD,2016-01-12 06:45:00+00:00,2016-01-12 07:00:00+00:00,2016-01-12 07:00:00+00:00,-1,-1.0000000000000975,SL,False
S2-08,asia_reclaim,EURUSD,2016-01-13 01:00:00+00:00,2016-01-13 01:15:00+00:00,2016-01-13 01:15:00+00:00,1,-1.0,SL,False
S2-08,asia_reclaim,EURUSD,2016-01-14 01:00:00+00:00,2016-01-14 01:15:00+00:00,2016-01-14 01:45:00+00:00,-1,0.9999999999998456,TP,False
S2-08,asia_reclaim,EURUSD,2016-01-14 04:30:00+00:00,2016-01-14 04:45:00+00:00,2016-01-14 05:15:00+00:00,-1,1.0,TP,False
S2-08,asia_reclaim,EURUSD,2016-01-14 06:15:00+00:00,2016-01-14 06:30:00+00:00,2016-01-14 06:30:00+00:00,1,-0.9999999999999487,SL,False
S2-08,asia_reclaim,EURUSD,2016-01-15 01:45:00+00:00,2016-01-15 02:00:00+00:00,2016-01-15 02:00:00+00:00,-1,-0.9999999999998256,SL,False
S2-08,asia_reclaim,EURUSD,2016-01-15 02:30:00+00:00,2016-01-15 02:45:00+00:00,2016-01-15 04:00:00+00:00,-1,-0.9999999999998461,SL,False
S2-08,asia_reclaim,EURUSD,2016-01-15 04:15:00+00:00,2016-01-15 04:30:00+00:00,2016-01-15 04:45:00+00:00,-1,1.0000000000000902,TP,False
S2-08,asia_reclaim,EURUSD,2016-01-18 01:15:00+00:00,2016-01-18 01:30:00+00:00,2016-01-18 01:45:00+00:00,1,-0.9999999999998858,SL,False
S2-08,asia_reclaim,EURUSD,2016-01-18 03:00:00+00:00,2016-01-18 03:15:00+00:00,2016-01-18 03:30:00+00:00,1,-1.0000000000001388,SL,False
S2-08,asia_reclaim,EURUSD,2016-01-18 03:45:00+00:00,2016-01-18 04:00:00+00:00,2016-01-18 06:00:00+00:00,1,1.0000000000001301,TP,False
S2-08,asia_reclaim,EURUSD,2016-01-19 02:00:00+00:00,2016-01-19 02:15:00+00:00,2016-01-19 02:15:00+00:00,-1,-0.9999999999999482,SL,False
S2-08,asia_reclaim,EURUSD,2016-01-19 03:15:00+00:00,2016-01-19 03:30:00+00:00,2016-01-19 04:15:00+00:00,-1,0.9999999999999198,TP,False
S2-08,asia_reclaim,EURUSD,2016-01-19 05:30:00+00:00,2016-01-19 05:45:00+00:00,2016-01-19 06:00:00+00:00,1,-1.0,SL,False
S2-08,asia_reclaim,EURUSD,2016-01-19 06:00:00+00:00,2016-01-19 06:15:00+00:00,2016-01-19 06:45:00+00:00,1,-1.0000000000001092,SL,False
S2-08,asia_reclaim,EURUSD,2016-01-20 01:00:00+00:00,2016-01-20 01:15:00+00:00,2016-01-20 01:15:00+00:00,-1,-1.0000000000001108,SL,False
S2-08,asia_reclaim,EURUSD,2016-01-20 01:15:00+00:00,2016-01-20 01:30:00+00:00,2016-01-20 01:45:00+00:00,-1,1.0,TP,False
S2-08,asia_reclaim,EURUSD,2016-01-20 01:45:00+00:00,2016-01-20 02:00:00+00:00,2016-01-20 02:30:00+00:00,-1,-0.9999999999999561,SL,False
S2-08,asia_reclaim,EURUSD,2016-01-20 02:45:00+00:00,2016-01-20 03:00:00+00:00,2016-01-20 03:00:00+00:00,-1,-1.0,SL,False
S2-08,asia_reclaim,EURUSD,2016-01-20 04:15:00+00:00,2016-01-20 04:30:00+00:00,2016-01-20 05:30:00+00:00,-1,-0.9999999999999627,SL,False
S2-08,asia_reclaim,EURUSD,2016-01-20 06:00:00+00:00,2016-01-20 06:15:00+00:00,2016-01-20 06:30:00+00:00,-1,1.0000000000000837,TP,False
S2-08,asia_reclaim,EURUSD,2016-01-21 01:30:00+00:00,2016-01-21 01:45:00+00:00,2016-01-21 02:00:00+00:00,-1,1.0000000000000409,TP,False
S2-08,asia_reclaim,EURUSD,2016-01-21 03:30:00+00:00,2016-01-21 03:45:00+00:00,2016-01-21 04:45:00+00:00,-1,-1.0000000000000897,SL,False
S2-08,asia_reclaim,EURUSD,2016-01-21 05:00:00+00:00,2016-01-21 05:15:00+00:00,2016-01-21 05:45:00+00:00,-1,-0.9999999999999416,SL,False
S2-08,asia_reclaim,EURUSD,2016-01-22 01:15:00+00:00,2016-01-22 01:30:00+00:00,2016-01-22 01:45:00+00:00,1,1.0,TP,False
S2-08,asia_reclaim,EURUSD,2016-01-22 05:30:00+00:00,2016-01-22 05:45:00+00:00,2016-01-22 06:30:00+00:00,1,1.00000000000005,TP,False
S2-08,asia_reclaim,EURUSD,2016-01-25 01:45:00+00:00,2016-01-25 02:00:00+00:00,2016-01-25 02:30:00+00:00,-1,-0.9999999999999457,SL,False
S2-08,asia_reclaim,EURUSD,2016-01-25 03:45:00+00:00,2016-01-25 04:00:00+00:00,2016-01-25 05:45:00+00:00,-1,-0.9999999999998486,SL,False
S2-08,asia_reclaim,EURUSD,2016-01-25 05:45:00+00:00,2016-01-25 06:00:00+00:00,2016-01-25 06:15:00+00:00,-1,1.0000000000000742,TP,False
S2-08,asia_reclaim,EURUSD,2016-01-26 01:00:00+00:00,2016-01-26 01:15:00+00:00,2016-01-26 01:15:00+00:00,-1,-0.9999999999999306,SL,False
S2-08,asia_reclaim,EURUSD,2016-01-26 03:00:00+00:00,2016-01-26 03:15:00+00:00,2016-01-26 03:30:00+00:00,1,0.9999999999999494,TP,False
S2-08,asia_reclaim,EURUSD,2016-01-26 04:00:00+00:00,2016-01-26 04:15:00+00:00,2016-01-26 05:45:00+00:00,1,-1.0000000000001503,SL,False
S2-08,asia_reclaim,EURUSD,2016-01-26 05:45:00+00:00,2016-01-26 06:00:00+00:00,2016-01-26 06:15:00+00:00,1,1.0000000000001144,TP,False
S2-08,asia_reclaim,EURUSD,2016-01-26 06:30:00+00:00,2016-01-26 06:45:00+00:00,2016-01-26 06:45:00+00:00,-1,1.0,TP,False
S2-08,asia_reclaim,EURUSD,2016-01-27 01:00:00+00:00,2016-01-27 01:15:00+00:00,2016-01-27 01:15:00+00:00,1,0.9999999999998811,TP,False
S2-08,asia_reclaim,EURUSD,2016-01-28 01:15:00+00:00,2016-01-28 01:30:00+00:00,2016-01-28 01:30:00+00:00,1,-0.9999999999998805,SL,False
S2-08,asia_reclaim,EURUSD,2016-01-28 01:30:00+00:00,2016-01-28 01:45:00+00:00,2016-01-28 02:45:00+00:00,1,1.000000000000168,TP,False
S2-08,asia_reclaim,EURUSD,2016-01-28 04:45:00+00:00,2016-01-28 05:00:00+00:00,2016-01-28 06:00:00+00:00,1,-1.0,SL,False
S2-08,asia_reclaim,EURUSD,2016-01-29 01:00:00+00:00,2016-01-29 01:15:00+00:00,2016-01-29 01:45:00+00:00,1,1.0000000000002187,TP,False
S2-08,asia_reclaim,EURUSD,2016-01-29 01:45:00+00:00,2016-01-29 02:00:00+00:00,2016-01-29 02:45:00+00:00,-1,1.0000000000001283,TP,False
S2-08,asia_reclaim,EURUSD,2016-01-29 04:15:00+00:00,2016-01-29 04:30:00+00:00,2016-01-29 04:45:00+00:00,-1,0.9999999999999762,TP,False
S2-08,asia_reclaim,EURUSD,2016-02-01 01:30:00+00:00,2016-02-01 01:45:00+00:00,2016-02-01 02:00:00+00:00,-1,-1.0,SL,False
S2-08,asia_reclaim,EURUSD,2016-02-01 03:45:00+00:00,2016-02-01 04:00:00+00:00,2016-02-01 05:15:00+00:00,-1,1.0000000000000564,TP,False
S2-08,asia_reclaim,EURUSD,2016-02-01 06:45:00+00:00,2016-02-01 07:00:00+00:00,2016-02-01 07:00:00+00:00,-1,-0.9999999999997393,SL,False
S2-08,asia_reclaim,EURUSD,2016-02-02 01:30:00+00:00,2016-02-02 01:45:00+00:00,2016-02-02 01:45:00+00:00,-1,1.0000000000001454,TP,False
S2-08,asia_reclaim,EURUSD,2016-02-02 03:45:00+00:00,2016-02-02 04:00:00+00:00,2016-02-02 04:30:00+00:00,-1,-0.9999999999999463,SL,False
S2-08,asia_reclaim,EURUSD,2016-02-03 04:00:00+00:00,2016-02-03 04:15:00+00:00,2016-02-03 06:00:00+00:00,1,0.9999999999998883,TP,False
S2-08,asia_reclaim,EURUSD,2016-02-04 01:30:00+00:00,2016-02-04 01:45:00+00:00,2016-02-04 02:30:00+00:00,1,-1.0000000000000913,SL,False
S2-08,asia_reclaim,EURUSD,2016-02-04 06:45:00+00:00,2016-02-04 07:00:00+00:00,2016-02-04 07:00:00+00:00,1,0.9999999999999394,TP,False
S2-08,asia_reclaim,EURUSD,2016-02-05 01:15:00+00:00,2016-02-05 01:30:00+00:00,2016-02-05 01:30:00+00:00,-1,0.9999999999998958,TP,False
S2-08,asia_reclaim,EURUSD,2016-02-05 02:00:00+00:00,2016-02-05 02:15:00+00:00,2016-02-05 02:45:00+00:00,1,-0.9999999999999141,SL,False
S2-08,asia_reclaim,EURUSD,2016-02-05 03:00:00+00:00,2016-02-05 03:15:00+00:00,2016-02-05 04:00:00+00:00,1,1.000000000000039,TP,False
S2-08,asia_reclaim,EURUSD,2016-02-05 05:45:00+00:00,2016-02-05 06:00:00+00:00,2016-02-05 06:00:00+00:00,1,0.9999999999998258,TP,False
S2-08,asia_reclaim,EURUSD,2016-02-08 02:30:00+00:00,2016-02-08 02:45:00+00:00,2016-02-08 03:30:00+00:00,1,1.0,TP,False
S2-08,asia_reclaim,EURUSD,2016-02-08 04:00:00+00:00,2016-02-08 04:15:00+00:00,2016-02-08 04:15:00+00:00,1,-1.0000000000001872,SL,False
S2-08,asia_reclaim,EURUSD,2016-02-08 04:30:00+00:00,2016-02-08 04:45:00+00:00,2016-02-08 05:30:00+00:00,1,1.0,TP,False
S2-08,asia_reclaim,EURUSD,2016-02-09 01:00:00+00:00,2016-02-09 01:15:00+00:00,2016-02-09 01:15:00+00:00,-1,-0.9999999999999032,SL,False
S2-08,asia_reclaim,EURUSD,2016-02-09 01:15:00+00:00,2016-02-09 01:30:00+00:00,2016-02-09 02:30:00+00:00,-1,-1.000000000000138,SL,False
S2-08,asia_reclaim,EURUSD,2016-02-10 01:30:00+00:00,2016-02-10 01:45:00+00:00,2016-02-10 02:00:00+00:00,-1,0.9999999999999577,TP,False
S2-08,asia_reclaim,EURUSD,2016-02-11 01:15:00+00:00,2016-02-11 01:30:00+00:00,2016-02-11 01:45:00+00:00,-1,1.000000000000068,TP,False
S2-08,asia_reclaim,EURUSD,2016-02-15 01:30:00+00:00,2016-02-15 01:45:00+00:00,2016-02-15 02:00:00+00:00,-1,1.0000000000000673,TP,False
S2-08,asia_reclaim,EURUSD,2016-02-15 02:00:00+00:00,2016-02-15 02:15:00+00:00,2016-02-15 04:15:00+00:00,1,-1.0000000000000948,SL,False
S2-08,asia_reclaim,EURUSD,2016-02-16 01:15:00+00:00,2016-02-16 01:30:00+00:00,2016-02-16 02:30:00+00:00,-1,0.9999999999999183,TP,False
S2-08,asia_reclaim,EURUSD,2016-02-16 04:00:00+00:00,2016-02-16 04:15:00+00:00,2016-02-16 06:45:00+00:00,1,1.000000000000085,TP,False
S2-08,asia_reclaim,EURUSD,2016-02-17 01:30:00+00:00,2016-02-17 01:45:00+00:00,2016-02-17 01:45:00+00:00,-1,1.0,TP,False
S2-08,asia_reclaim,EURUSD,2016-02-17 03:30:00+00:00,2016-02-17 03:45:00+00:00,2016-02-17 03:45:00+00:00,-1,-1.000000000000046,SL,False
S2-08,asia_reclaim,EURUSD,2016-02-17 06:15:00+00:00,2016-02-17 06:30:00+00:00,2016-02-17 06:30:00+00:00,-1,0.999999999999902,TP,False
S2-08,asia_reclaim,EURUSD,2016-02-18 02:15:00+00:00,2016-02-18 02:30:00+00:00,2016-02-18 05:15:00+00:00,-1,1.0000000000000449,TP,False
S2-08,asia_reclaim,EURUSD,2016-02-18 06:00:00+00:00,2016-02-18 06:15:00+00:00,2016-02-18 06:30:00+00:00,-1,-0.9999999999997646,SL,False
S2-08,asia_reclaim,EURUSD,2016-02-19 02:00:00+00:00,2016-02-19 02:15:00+00:00,2016-02-19 06:00:00+00:00,-1,-0.1289747907362667,TIME,False
S2-08,asia_reclaim,EURUSD,2016-02-22 01:15:00+00:00,2016-02-22 01:30:00+00:00,2016-02-22 01:45:00+00:00,1,0.999999999999862,TP,False
S2-08,asia_reclaim,EURUSD,2016-02-23 01:15:00+00:00,2016-02-23 01:30:00+00:00,2016-02-23 01:30:00+00:00,-1,-0.9999999999998763,SL,False
S2-08,asia_reclaim,EURUSD,2016-02-23 01:30:00+00:00,2016-02-23 01:45:00+00:00,2016-02-23 01:45:00+00:00,-1,-1.0000000000001203,SL,False
S2-08,asia_reclaim,EURUSD,2016-02-23 03:30:00+00:00,2016-02-23 03:45:00+00:00,2016-02-23 04:00:00+00:00,-1,1.0000000000001086,TP,False
S2-08,asia_reclaim,EURUSD,2016-02-24 01:45:00+00:00,2016-02-24 02:00:00+00:00,2016-02-24 02:15:00+00:00,1,0.9999999999998458,TP,False
S2-08,asia_reclaim,EURUSD,2016-02-24 03:15:00+00:00,2016-02-24 03:30:00+00:00,2016-02-24 04:45:00+00:00,-1,1.0,TP,False
S2-08,asia_reclaim,EURUSD,2016-02-25 02:00:00+00:00,2016-02-25 02:15:00+00:00,2016-02-25 03:30:00+00:00,-1,-1.0000000000000544,SL,False
S2-08,asia_reclaim,EURUSD,2016-02-25 05:00:00+00:00,2016-02-25 05:15:00+00:00,2016-02-25 06:00:00+00:00,-1,-1.0,SL,False
S2-08,asia_reclaim,EURUSD,2016-02-25 06:00:00+00:00,2016-02-25 06:15:00+00:00,2016-02-25 06:15:00+00:00,-1,-0.9999999999998516,SL,False
S2-08,asia_reclaim,EURUSD,2016-02-25 06:15:00+00:00,2016-02-25 06:30:00+00:00,2016-02-25 07:00:00+00:00,-1,1.0,TP,False
S2-08,asia_reclaim,EURUSD,2016-02-26 04:00:00+00:00,2016-02-26 04:15:00+00:00,2016-02-26 06:15:00+00:00,-1,0.999999999999954,TP,False
S2-08,asia_reclaim,EURUSD,2016-02-29 04:45:00+00:00,2016-02-29 05:00:00+00:00,2016-02-29 05:15:00+00:00,-1,-1.0,SL,False
S2-08,asia_reclaim,EURUSD,2016-02-29 05:15:00+00:00,2016-02-29 05:30:00+00:00,2016-02-29 05:45:00+00:00,-1,-1.0000000000002052,SL,False
S2-08,asia_reclaim,EURUSD,2016-02-29 06:00:00+00:00,2016-02-29 06:15:00+00:00,2016-02-29 06:30:00+00:00,-1,-1.0,SL,False
S2-08,asia_reclaim,EURUSD,2016-02-29 06:30:00+00:00,2016-02-29 06:45:00+00:00,2016-02-29 07:00:00+00:00,-1,-0.9999999999999322,SL,False
S2-08,asia_reclaim,EURUSD,2016-03-01 01:00:00+00:00,2016-03-01 01:15:00+00:00,2016-03-01 02:15:00+00:00,1,0.9999999999999034,TP,False
S2-08,asia_reclaim,EURUSD,2016-03-01 02:15:00+00:00,2016-03-01 02:30:00+00:00,2016-03-01 04:00:00+00:00,-1,1.0000000000000522,TP,False
S2-08,asia_reclaim,EURUSD,2016-03-01 06:15:00+00:00,2016-03-01 06:30:00+00:00,2016-03-01 06:45:00+00:00,-1,-0.9999999999998099,SL,False
S2-08,asia_reclaim,EURUSD,2016-03-01 06:45:00+00:00,2016-03-01 07:00:00+00:00,2016-03-01 07:00:00+00:00,-1,0.9999999999998244,TP,False
S2-08,asia_reclaim,EURUSD,2016-03-02 01:00:00+00:00,2016-03-02 01:15:00+00:00,2016-03-02 01:30:00+00:00,1,-0.9999999999999354,SL,False
S2-08,asia_reclaim,EURUSD,2016-03-02 03:30:00+00:00,2016-03-02 03:45:00+00:00,2016-03-02 03:45:00+00:00,1,-1.0000000000001914,SL,False
S2-08,asia_reclaim,EURUSD,2016-03-02 04:45:00+00:00,2016-03-02 05:00:00+00:00,2016-03-02 05:30:00+00:00,1,0.9999999999999237,TP,False
S2-08,asia_reclaim,EURUSD,2016-03-03 01:15:00+00:00,2016-03-03 01:30:00+00:00,2016-03-03 02:30:00+00:00,-1,1.0,TP,False
S2-08,asia_reclaim,EURUSD,2016-03-03 02:30:00+00:00,2016-03-03 02:45:00+00:00,2016-03-03 03:15:00+00:00,1,-0.9999999999998758,SL,False
S2-08,asia_reclaim,EURUSD,2016-03-03 03:30:00+00:00,2016-03-03 03:45:00+00:00,2016-03-03 05:00:00+00:00,1,-1.0000000000001181,SL,False
S2-08,asia_reclaim,EURUSD,2016-03-03 05:00:00+00:00,2016-03-03 05:15:00+00:00,2016-03-03 06:00:00+00:00,1,0.9999999999997916,TP,False
S2-08,asia_reclaim,EURUSD,2016-03-04 01:00:00+00:00,2016-03-04 01:15:00+00:00,2016-03-04 01:30:00+00:00,-1,1.0,TP,False
S2-08,asia_reclaim,EURUSD,2016-03-04 01:30:00+00:00,2016-03-04 01:45:00+00:00,2016-03-04 02:30:00+00:00,1,-1.000000000000161,SL,False
S2-08,asia_reclaim,EURUSD,2016-03-04 03:00:00+00:00,2016-03-04 03:15:00+00:00,2016-03-04 05:30:00+00:00,1,1.0000000000001101,TP,False
S2-08,asia_reclaim,EURUSD,2016-03-04 06:00:00+00:00,2016-03-04 06:15:00+00:00,2016-03-04 06:45:00+00:00,-1,1.0000000000001859,TP,False
S2-08,asia_reclaim,EURUSD,2016-03-07 01:00:00+00:00,2016-03-07 01:15:00+00:00,2016-03-07 01:30:00+00:00,-1,0.999999999999881,TP,False
S2-08,asia_reclaim,EURUSD,2016-03-07 01:45:00+00:00,2016-03-07 02:00:00+00:00,2016-03-07 02:30:00+00:00,1,0.9999999999998589,TP,False
S2-08,asia_reclaim,EURUSD,2016-03-08 01:30:00+00:00,2016-03-08 01:45:00+00:00,2016-03-08 01:45:00+00:00,1,0.9999999999997639,TP,False
S2-08,asia_reclaim,EURUSD,2016-03-08 01:45:00+00:00,2016-03-08 02:00:00+00:00,2016-03-08 02:00:00+00:00,-1,-0.9999999999999301,SL,False
S2-08,asia_reclaim,EURUSD,2016-03-08 02:45:00+00:00,2016-03-08 03:00:00+00:00,2016-03-08 03:30:00+00:00,-1,1.0000000000000588,TP,False
S2-08,asia_reclaim,EURUSD,2016-03-09 01:00:00+00:00,2016-03-09 01:15:00+00:00,2016-03-09 01:15:00+00:00,1,-1.0000000000001352,SL,False
S2-08,asia_reclaim,EURUSD,2016-03-09 02:15:00+00:00,2016-03-09 02:30:00+00:00,2016-03-09 03:30:00+00:00,1,-1.00000000000005,SL,False
S2-08,asia_reclaim,EURUSD,2016-03-09 03:45:00+00:00,2016-03-09 04:00:00+00:00,2016-03-09 06:15:00+00:00,1,0.9999999999998362,TP,False
S2-08,asia_reclaim,EURUSD,2016-03-10 01:30:00+00:00,2016-03-10 01:45:00+00:00,2016-03-10 03:30:00+00:00,1,-0.999999999999947,SL,False
S2-08,asia_reclaim,EURUSD,2016-03-11 01:15:00+00:00,2016-03-11 01:30:00+00:00,2016-03-11 01:45:00+00:00,-1,1.0000000000001101,TP,False
S2-08,asia_reclaim,EURUSD,2016-03-11 03:00:00+00:00,2016-03-11 03:15:00+00:00,2016-03-11 04:15:00+00:00,1,-1.0000000000000338,SL,False
S2-08,asia_reclaim,EURUSD,2016-03-14 01:00:00+00:00,2016-03-14 01:15:00+00:00,2016-03-14 04:30:00+00:00,1,0.9999999999999233,TP,False
S2-08,asia_reclaim,EURUSD,2016-03-14 05:15:00+00:00,2016-03-14 05:30:00+00:00,2016-03-14 05:30:00+00:00,-1,-0.9999999999997309,SL,False
S2-08,asia_reclaim,EURUSD,2016-03-14 05:30:00+00:00,2016-03-14 05:45:00+00:00,2016-03-14 05:45:00+00:00,-1,0.999999999999732,TP,False
S2-08,asia_reclaim,EURUSD,2016-03-15 01:15:00+00:00,2016-03-15 01:30:00+00:00,2016-03-15 01:45:00+00:00,-1,-1.0000000000001381,SL,False
S2-08,asia_reclaim,EURUSD,2016-03-15 02:00:00+00:00,2016-03-15 02:15:00+00:00,2016-03-15 02:45:00+00:00,-1,-1.0,SL,False
S2-08,asia_reclaim,EURUSD,2016-03-16 05:45:00+00:00,2016-03-16 06:00:00+00:00,2016-03-16 06:00:00+00:00,1,0.9999999999998914,TP,False
S2-08,asia_reclaim,EURUSD,2016-03-17 06:30:00+00:00,2016-03-17 06:45:00+00:00,2016-03-17 06:45:00+00:00,-1,-1.0000000000001599,SL,True
S2-08,asia_reclaim,EURUSD,2016-03-18 06:15:00+00:00,2016-03-18 06:30:00+00:00,2016-03-18 06:30:00+00:00,1,-1.0,SL,False
S2-08,asia_reclaim,EURUSD,2016-03-18 06:30:00+00:00,2016-03-18 06:45:00+00:00,2016-03-18 06:45:00+00:00,1,-0.9999999999998367,SL,False
S2-08,asia_reclaim,EURUSD,2016-03-21 02:15:00+00:00,2016-03-21 02:30:00+00:00,2016-03-21 03:15:00+00:00,-1,1.0,TP,False
S2-08,asia_reclaim,EURUSD,2016-03-21 03:30:00+00:00,2016-03-21 03:45:00+00:00,2016-03-21 04:15:00+00:00,1,-1.0,SL,False
S2-08,asia_reclaim,EURUSD,2016-03-21 05:15:00+00:00,2016-03-21 05:30:00+00:00,2016-03-21 06:00:00+00:00,1,-1.0,SL,False
S2-08,asia_reclaim,EURUSD,2016-03-22 04:00:00+00:00,2016-03-22 04:15:00+00:00,2016-03-22 05:00:00+00:00,-1,1.000000000000058,TP,False
S2-08,asia_reclaim,EURUSD,2016-03-22 05:45:00+00:00,2016-03-22 06:00:00+00:00,2016-03-22 06:15:00+00:00,-1,-1.0,SL,False
S2-08,asia_reclaim,EURUSD,2016-03-23 04:00:00+00:00,2016-03-23 04:15:00+00:00,2016-03-23 04:15:00+00:00,1,-0.9999999999997276,SL,False
S2-08,asia_reclaim,EURUSD,2016-03-23 04:30:00+00:00,2016-03-23 04:45:00+00:00,2016-03-23 06:30:00+00:00,1,-0.9999999999997281,SL,False
S2-08,asia_reclaim,EURUSD,2016-03-24 01:15:00+00:00,2016-03-24 01:30:00+00:00,2016-03-24 01:45:00+00:00,1,-0.9999999999998147,SL,False
S2-08,asia_reclaim,EURUSD,2016-03-25 01:45:00+00:00,2016-03-25 02:00:00+00:00,2016-03-25 05:00:00+00:00,1,1.0000000000001121,TP,False
S2-08,asia_reclaim,EURUSD,2016-03-25 06:45:00+00:00,2016-03-25 07:00:00+00:00,2016-03-25 07:15:00+00:00,-1,1.0,TP,False
S2-08,asia_reclaim,EURUSD,2016-03-28 03:45:00+00:00,2016-03-28 04:00:00+00:00,2016-03-28 05:45:00+00:00,-1,-0.9999999999997886,SL,False
S2-08,asia_reclaim,EURUSD,2016-03-29 01:00:00+00:00,2016-03-29 01:15:00+00:00,2016-03-29 01:15:00+00:00,1,-1.0000000000001772,SL,False
S2-08,asia_reclaim,EURUSD,2016-03-29 01:30:00+00:00,2016-03-29 01:45:00+00:00,2016-03-29 02:30:00+00:00,1,-1.000000000000143,SL,False
S2-08,asia_reclaim,EURUSD,2016-03-29 05:30:00+00:00,2016-03-29 05:45:00+00:00,2016-03-29 06:15:00+00:00,1,1.0,TP,False
S2-08,asia_reclaim,EURUSD,2016-03-30 06:30:00+00:00,2016-03-30 06:45:00+00:00,2016-03-30 06:45:00+00:00,-1,0.999999999999876,TP,False
S2-08,asia_reclaim,EURUSD,2016-03-31 01:00:00+00:00,2016-03-31 01:15:00+00:00,2016-03-31 01:15:00+00:00,1,-0.999999999999936,SL,False
S2-08,asia_reclaim,EURUSD,2016-03-31 01:30:00+00:00,2016-03-31 01:45:00+00:00,2016-03-31 02:30:00+00:00,1,-1.0,SL,False
S2-08,asia_reclaim,EURUSD,2016-03-31 03:00:00+00:00,2016-03-31 03:15:00+00:00,2016-03-31 04:45:00+00:00,1,1.0000000000001044,TP,False
S2-08,asia_reclaim,EURUSD,2016-03-31 06:00:00+00:00,2016-03-31 06:15:00+00:00,2016-03-31 06:15:00+00:00,1,1.0000000000000662,TP,False
S2-08,asia_reclaim,EURUSD,2016-03-31 06:15:00+00:00,2016-03-31 06:30:00+00:00,2016-03-31 06:30:00+00:00,1,1.0000000000001807,TP,False
S2-08,asia_reclaim,EURUSD,2016-04-01 01:15:00+00:00,2016-04-01 01:30:00+00:00,2016-04-01 01:30:00+00:00,1,-0.9999999999999364,SL,False
S2-08,asia_reclaim,EURUSD,2016-04-01 02:00:00+00:00,2016-04-01 02:15:00+00:00,2016-04-01 02:15:00+00:00,1,-0.9999999999999418,SL,False
S2-08,asia_reclaim,EURUSD,2016-04-01 06:45:00+00:00,2016-04-01 07:00:00+00:00,2016-04-01 07:00:00+00:00,-1,1.0000000000001674,TP,False
S2-08,asia_reclaim,EURUSD,2016-04-04 01:00:00+00:00,2016-04-04 01:15:00+00:00,2016-04-04 01:30:00+00:00,-1,-1.0000000000001206,SL,False
S2-08,asia_reclaim,EURUSD,2016-04-04 01:30:00+00:00,2016-04-04 01:45:00+00:00,2016-04-04 02:15:00+00:00,-1,0.9999999999999406,TP,False
S2-08,asia_reclaim,EURUSD,2016-04-04 04:30:00+00:00,2016-04-04 04:45:00+00:00,2016-04-04 04:45:00+00:00,1,-1.000000000000217,SL,False
S2-08,asia_reclaim,EURUSD,2016-04-04 05:00:00+00:00,2016-04-04 05:15:00+00:00,2016-04-04 05:45:00+00:00,1,0.9999999999999255,TP,False
S2-08,asia_reclaim,EURUSD,2016-04-04 06:15:00+00:00,2016-04-04 06:30:00+00:00,2016-04-04 06:30:00+00:00,1,-0.9999999999998824,SL,False
S2-08,asia_reclaim,EURUSD,2016-04-04 06:30:00+00:00,2016-04-04 06:45:00+00:00,2016-04-04 06:45:00+00:00,1,-1.0,SL,False
S2-08,asia_reclaim,EURUSD,2016-04-05 01:00:00+00:00,2016-04-05 01:15:00+00:00,2016-04-05 01:15:00+00:00,-1,-0.9999999999998352,SL,False
S2-08,asia_reclaim,EURUSD,2016-04-05 04:15:00+00:00,2016-04-05 04:30:00+00:00,2016-04-05 05:00:00+00:00,1,-0.9999999999998077,SL,False
S2-08,asia_reclaim,EURUSD,2016-04-05 06:15:00+00:00,2016-04-05 06:30:00+00:00,2016-04-05 06:30:00+00:00,1,-0.9999999999998958,SL,False
S2-08,asia_reclaim,EURUSD,2016-04-05 06:30:00+00:00,2016-04-05 06:45:00+00:00,2016-04-05 06:45:00+00:00,1,0.9999999999998582,TP,False
S2-08,asia_reclaim,EURUSD,2016-04-05 06:45:00+00:00,2016-04-05 07:00:00+00:00,2016-04-05 07:00:00+00:00,1,-0.9999999999998751,SL,False
S2-08,asia_reclaim,EURUSD,2016-04-06 02:00:00+00:00,2016-04-06 02:15:00+00:00,2016-04-06 02:15:00+00:00,1,-1.0,SL,False
S2-08,asia_reclaim,EURUSD,2016-04-06 02:15:00+00:00,2016-04-06 02:30:00+00:00,2016-04-06 02:45:00+00:00,1,1.0000000000000688,TP,False
S2-08,asia_reclaim,EURUSD,2016-04-06 04:00:00+00:00,2016-04-06 04:15:00+00:00,2016-04-06 06:00:00+00:00,1,-1.0000000000001852,SL,False
S2-08,asia_reclaim,EURUSD,2016-04-06 06:30:00+00:00,2016-04-06 06:45:00+00:00,2016-04-06 07:00:00+00:00,1,1.0000000000000664,TP,False
S2-08,asia_reclaim,EURUSD,2016-04-07 01:45:00+00:00,2016-04-07 02:00:00+00:00,2016-04-07 02:15:00+00:00,1,1.0,TP,False
S2-08,asia_reclaim,EURUSD,2016-04-07 06:00:00+00:00,2016-04-07 06:15:00+00:00,2016-04-07 06:15:00+00:00,-1,-1.0000000000001712,SL,True
S2-08,asia_reclaim,EURUSD,2016-04-08 05:15:00+00:00,2016-04-08 05:30:00+00:00,2016-04-08 05:30:00+00:00,1,0.9999999999999126,TP,False
S2-08,asia_reclaim,EURUSD,2016-04-11 01:15:00+00:00,2016-04-11 01:30:00+00:00,2016-04-11 01:30:00+00:00,-1,-0.9999999999999379,SL,False
S2-08,asia_reclaim,EURUSD,2016-04-11 01:45:00+00:00,2016-04-11 02:00:00+00:00,2016-04-11 02:00:00+00:00,-1,1.0,TP,False
S2-08,asia_reclaim,EURUSD,2016-04-11 06:30:00+00:00,2016-04-11 06:45:00+00:00,2016-04-11 06:45:00+00:00,-1,1.0000000000001714,TP,False
S2-08,asia_reclaim,EURUSD,2016-04-12 01:00:00+00:00,2016-04-12 01:15:00+00:00,2016-04-12 01:15:00+00:00,-1,-0.9999999999999308,SL,False
S2-08,asia_reclaim,EURUSD,2016-04-12 01:30:00+00:00,2016-04-12 01:45:00+00:00,2016-04-12 01:45:00+00:00,-1,1.0000000000000622,TP,False
S2-08,asia_reclaim,EURUSD,2016-04-12 06:00:00+00:00,2016-04-12 06:15:00+00:00,2016-04-12 06:15:00+00:00,-1,1.0000000000001523,TP,False
S2-08,asia_reclaim,EURUSD,2016-04-12 06:30:00+00:00,2016-04-12 06:45:00+00:00,2016-04-12 06:45:00+00:00,-1,-1.0000000000001945,SL,False
S2-08,asia_reclaim,EURUSD,2016-04-13 01:00:00+00:00,2016-04-13 01:15:00+00:00,2016-04-13 01:30:00+00:00,1,-0.9999999999998661,SL,False
S2-08,asia_reclaim,EURUSD,2016-04-13 02:00:00+00:00,2016-04-13 02:15:00+00:00,2016-04-13 04:45:00+00:00,1,-0.9999999999999414,SL,False
S2-08,asia_reclaim,EURUSD,2016-04-13 04:45:00+00:00,2016-04-13 05:00:00+00:00,2016-04-13 05:00:00+00:00,1,-1.0000000000001426,SL,False
S2-08,asia_reclaim,EURUSD,2016-04-13 06:00:00+00:00,2016-04-13 06:15:00+00:00,2016-04-13 06:15:00+00:00,1,0.9999999999999134,TP,False
S2-08,asia_reclaim,EURUSD,2016-04-13 06:30:00+00:00,2016-04-13 06:45:00+00:00,2016-04-13 06:45:00+00:00,1,-1.0000000000000633,SL,False
S2-08,asia_reclaim,EURUSD,2016-04-14 01:30:00+00:00,2016-04-14 01:45:00+00:00,2016-04-14 02:00:00+00:00,1,0.9999999999998949,TP,False
S2-08,asia_reclaim,EURUSD,2016-04-14 06:30:00+00:00,2016-04-14 06:45:00+00:00,2016-04-14 06:45:00+00:00,1,0.9999999999998068,TP,False
S2-08,asia_reclaim,EURUSD,2016-04-18 01:00:00+00:00,2016-04-18 01:15:00+00:00,2016-04-18 01:15:00+00:00,1,-1.000000000000106,SL,False
S2-08,asia_reclaim,EURUSD,2016-04-18 01:15:00+00:00,2016-04-18 01:30:00+00:00,2016-04-18 02:00:00+00:00,1,-0.9999999999998997,SL,False
S2-08,asia_reclaim,EURUSD,2016-04-18 06:30:00+00:00,2016-04-18 06:45:00+00:00,2016-04-18 06:45:00+00:00,1,1.0,TP,False
S2-08,asia_reclaim,EURUSD,2016-04-19 01:15:00+00:00,2016-04-19 01:30:00+00:00,2016-04-19 01:30:00+00:00,-1,-0.9999999999999184,SL,False
S2-08,asia_reclaim,EURUSD,2016-04-19 01:30:00+00:00,2016-04-19 01:45:00+00:00,2016-04-19 01:45:00+00:00,-1,-1.0000000000002396,SL,False
S2-08,asia_reclaim,EURUSD,2016-04-19 03:00:00+00:00,2016-04-19 03:15:00+00:00,2016-04-19 03:45:00+00:00,-1,-0.9999999999999307,SL,False
S2-08,asia_reclaim,EURUSD,2016-04-19 03:45:00+00:00,2016-04-19 04:00:00+00:00,2016-04-19 06:00:00+00:00,-1,-0.9999999999999292,SL,False
S2-08,asia_reclaim,EURUSD,2016-04-20 01:00:00+00:00,2016-04-20 01:15:00+00:00,2016-04-20 01:15:00+00:00,-1,-1.0,SL,False
S2-08,asia_reclaim,EURUSD,2016-04-20 01:30:00+00:00,2016-04-20 01:45:00+00:00,2016-04-20 01:45:00+00:00,-1,-1.0000000000002547,SL,False
S2-08,asia_reclaim,EURUSD,2016-04-20 01:45:00+00:00,2016-04-20 02:00:00+00:00,2016-04-20 03:00:00+00:00,-1,-0.9999999999998347,SL,False
S2-08,asia_reclaim,EURUSD,2016-04-20 03:15:00+00:00,2016-04-20 03:30:00+00:00,2016-04-20 03:45:00+00:00,-1,1.0000000000002305,TP,False
S2-08,asia_reclaim,EURUSD,2016-04-20 03:45:00+00:00,2016-04-20 04:00:00+00:00,2016-04-20 05:00:00+00:00,1,-0.9999999999998652,SL,False
S2-08,asia_reclaim,EURUSD,2016-04-21 01:15:00+00:00,2016-04-21 01:30:00+00:00,2016-04-21 01:30:00+00:00,-1,0.9999999999997468,TP,False
S2-08,asia_reclaim,EURUSD,2016-04-21 01:30:00+00:00,2016-04-21 01:45:00+00:00,2016-04-21 01:45:00+00:00,1,-1.0000000000002436,SL,False
S2-08,asia_reclaim,EURUSD,2016-04-21 01:45:00+00:00,2016-04-21 02:00:00+00:00,2016-04-21 04:00:00+00:00,1,-1.000000000000142,SL,False
S2-08,asia_reclaim,EURUSD,2016-04-22 01:30:00+00:00,2016-04-22 01:45:00+00:00,2016-04-22 02:00:00+00:00,-1,-0.9999999999998997,SL,False
S2-08,asia_reclaim,EURUSD,2016-04-22 02:30:00+00:00,2016-04-22 02:45:00+00:00,2016-04-22 04:30:00+00:00,-1,0.9999999999997331,TP,False
S2-08,asia_reclaim,EURUSD,2016-04-22 06:45:00+00:00,2016-04-22 07:00:00+00:00,2016-04-22 07:00:00+00:00,1,-0.9999999999998305,SL,False
S2-08,asia_reclaim,EURUSD,2016-04-25 01:45:00+00:00,2016-04-25 02:00:00+00:00,2016-04-25 02:15:00+00:00,-1,-1.0,SL,False
S2-08,asia_reclaim,EURUSD,2016-04-25 02:30:00+00:00,2016-04-25 02:45:00+00:00,2016-04-25 05:45:00+00:00,-1,-1.0000000000001166,SL,False
S2-08,asia_reclaim,EURUSD,2016-04-25 05:45:00+00:00,2016-04-25 06:00:00+00:00,2016-04-25 06:00:00+00:00,-1,-1.0000000000001548,SL,False
S2-08,asia_reclaim,EURUSD,2016-04-27 01:15:00+00:00,2016-04-27 01:30:00+00:00,2016-04-27 01:30:00+00:00,-1,0.9999999999999015,TP,False
S2-08,asia_reclaim,EURUSD,2016-04-27 02:00:00+00:00,2016-04-27 02:15:00+00:00,2016-04-27 02:45:00+00:00,-1,1.0000000000002254,TP,False
S2-08,asia_reclaim,EURUSD,2016-04-27 04:15:00+00:00,2016-04-27 04:30:00+00:00,2016-04-27 05:00:00+00:00,1,0.9999999999998547,TP,False
S2-08,asia_reclaim,EURUSD,2016-04-27 05:45:00+00:00,2016-04-27 06:00:00+00:00,2016-04-27 06:00:00+00:00,1,-1.0,SL,False
S2-08,asia_reclaim,EURUSD,2016-04-27 06:00:00+00:00,2016-04-27 06:15:00+00:00,2016-04-27 06:15:00+00:00,1,1.0000000000001565,TP,False
S2-08,asia_reclaim,EURUSD,2016-04-28 01:15:00+00:00,2016-04-28 01:30:00+00:00,2016-04-28 02:30:00+00:00,1,-1.0000000000000766,SL,False
S2-08,asia_reclaim,EURUSD,2016-04-28 02:30:00+00:00,2016-04-28 02:45:00+00:00,2016-04-28 02:45:00+00:00,1,-1.0,SL,False
S2-08,asia_reclaim,EURUSD,2016-04-28 02:45:00+00:00,2016-04-28 03:00:00+00:00,2016-04-28 03:00:00+00:00,1,0.9999999999998793,TP,False
S2-08,asia_reclaim,EURUSD,2016-04-28 03:00:00+00:00,2016-04-28 03:15:00+00:00,2016-04-28 03:15:00+00:00,-1,-1.0000000000000895,SL,False
S2-08,asia_reclaim,EURUSD,2016-04-28 03:30:00+00:00,2016-04-28 03:45:00+00:00,2016-04-28 06:00:00+00:00,-1,-1.000000000000109,SL,False
S2-08,asia_reclaim,EURUSD,2016-04-28 06:15:00+00:00,2016-04-28 06:30:00+00:00,2016-04-28 06:30:00+00:00,-1,-1.0000000000000306,SL,False
S2-08,asia_reclaim,EURUSD,2016-04-29 01:00:00+00:00,2016-04-29 01:15:00+00:00,2016-04-29 01:15:00+00:00,-1,-1.0,SL,False
S2-08,asia_reclaim,EURUSD,2016-04-29 01:45:00+00:00,2016-04-29 02:00:00+00:00,2016-04-29 03:15:00+00:00,-1,-1.0,SL,False
S2-08,asia_reclaim,EURUSD,2016-04-29 03:30:00+00:00,2016-04-29 03:45:00+00:00,2016-04-29 04:30:00+00:00,-1,-0.9999999999998745,SL,False
S2-08,asia_reclaim,EURUSD,2016-05-02 01:45:00+00:00,2016-05-02 02:00:00+00:00,2016-05-02 02:45:00+00:00,-1,0.9999999999999036,TP,False
S2-08,asia_reclaim,EURUSD,2016-05-02 06:45:00+00:00,2016-05-02 07:00:00+00:00,2016-05-02 07:00:00+00:00,1,-1.0000000000001592,SL,False
S2-08,asia_reclaim,EURUSD,2016-05-03 04:30:00+00:00,2016-05-03 04:45:00+00:00,2016-05-03 04:45:00+00:00,1,-0.9999999999999306,SL,False
S2-08,asia_reclaim,EURUSD,2016-05-03 06:15:00+00:00,2016-05-03 06:30:00+00:00,2016-05-03 07:00:00+00:00,-1,-0.9999999999999591,SL,False
S2-08,asia_reclaim,EURUSD,2016-05-04 01:15:00+00:00,2016-05-04 01:30:00+00:00,2016-05-04 01:30:00+00:00,-1,0.9999999999999379,TP,False
S2-08,asia_reclaim,EURUSD,2016-05-04 02:15:00+00:00,2016-05-04 02:30:00+00:00,2016-05-04 02:45:00+00:00,1,-1.0000000000001443,SL,False
S2-08,asia_reclaim,EURUSD,2016-05-04 02:45:00+00:00,2016-05-04 03:00:00+00:00,2016-05-04 03:15:00+00:00,1,1.000000000000145,TP,False
S2-08,asia_reclaim,EURUSD,2016-05-05 01:30:00+00:00,2016-05-05 01:45:00+00:00,2016-05-05 02:45:00+00:00,-1,-0.9999999999997463,SL,False
S2-08,asia_reclaim,EURUSD,2016-05-05 04:00:00+00:00,2016-05-05 04:15:00+00:00,2016-05-05 05:00:00+00:00,1,1.0000000000001745,TP,False
S2-08,asia_reclaim,EURUSD,2016-05-05 05:30:00+00:00,2016-05-05 05:45:00+00:00,2016-05-05 05:45:00+00:00,-1,1.0000000000002225,TP,False
S2-08,asia_reclaim,EURUSD,2016-05-06 02:00:00+00:00,2016-05-06 02:15:00+00:00,2016-05-06 04:00:00+00:00,-1,-1.000000000000138,SL,False
S2-08,asia_reclaim,EURUSD,2016-05-06 06:30:00+00:00,2016-05-06 06:45:00+00:00,2016-05-06 07:00:00+00:00,-1,-0.9999999999998779,SL,False
S2-08,asia_reclaim,EURUSD,2016-05-09 05:00:00+00:00,2016-05-09 05:15:00+00:00,2016-05-09 05:30:00+00:00,-1,1.000000000000066,TP,False
S2-08,asia_reclaim,EURUSD,2016-05-10 02:00:00+00:00,2016-05-10 02:15:00+00:00,2016-05-10 02:30:00+00:00,1,-1.0,SL,False
S2-08,asia_reclaim,EURUSD,2016-05-10 05:30:00+00:00,2016-05-10 05:45:00+00:00,2016-05-10 05:45:00+00:00,1,0.9999999999998894,TP,False
S2-08,asia_reclaim,EURUSD,2016-05-10 06:30:00+00:00,2016-05-10 06:45:00+00:00,2016-05-10 07:00:00+00:00,-1,0.9999999999999042,TP,False
S2-08,asia_reclaim,EURUSD,2016-05-11 01:45:00+00:00,2016-05-11 02:00:00+00:00,2016-05-11 02:15:00+00:00,-1,-1.000000000000157,SL,False
S2-08,asia_reclaim,EURUSD,2016-05-11 02:15:00+00:00,2016-05-11 02:30:00+00:00,2016-05-11 03:30:00+00:00,-1,0.9999999999998528,TP,False
S2-08,asia_reclaim,EURUSD,2016-05-11 06:00:00+00:00,2016-05-11 06:15:00+00:00,2016-05-11 06:30:00+00:00,-1,-1.000000000000281,SL,False
S2-08,asia_reclaim,EURUSD,2016-05-11 06:45:00+00:00,2016-05-11 07:00:00+00:00,2016-05-11 07:00:00+00:00,-1,1.0000000000000828,TP,False
S2-08,asia_reclaim,EURUSD,2016-05-12 01:00:00+00:00,2016-05-12 01:15:00+00:00,2016-05-12 01:15:00+00:00,-1,0.9999999999996645,TP,False
S2-08,asia_reclaim,EURUSD,2016-05-12 01:15:00+00:00,2016-05-12 01:30:00+00:00,2016-05-12 02:00:00+00:00,1,-1.000000000000318,SL,False
S2-08,asia_reclaim,EURUSD,2016-05-12 02:45:00+00:00,2016-05-12 03:00:00+00:00,2016-05-12 03:00:00+00:00,1,1.0000000000002829,TP,False
S2-08,asia_reclaim,EURUSD,2016-05-12 06:00:00+00:00,2016-05-12 06:15:00+00:00,2016-05-12 06:15:00+00:00,1,-0.9999999999999157,SL,False
S2-08,asia_reclaim,EURUSD,2016-05-13 01:00:00+00:00,2016-05-13 01:15:00+00:00,2016-05-13 01:30:00+00:00,1,-1.0000000000000933,SL,False
S2-08,asia_reclaim,EURUSD,2016-05-13 01:30:00+00:00,2016-05-13 01:45:00+00:00,2016-05-13 01:45:00+00:00,1,-0.999999999999916,SL,False
S2-08,asia_reclaim,EURUSD,2016-05-16 01:00:00+00:00,2016-05-16 01:15:00+00:00,2016-05-16 02:00:00+00:00,1,0.9999999999997938,TP,False
S2-08,asia_reclaim,EURUSD,2016-05-16 06:15:00+00:00,2016-05-16 06:30:00+00:00,2016-05-16 06:30:00+00:00,-1,-1.0000000000000946,SL,False
S2-08,asia_reclaim,EURUSD,2016-05-16 06:45:00+00:00,2016-05-16 07:00:00+00:00,2016-05-16 07:00:00+00:00,-1,-0.9999999999999243,SL,False
S2-08,asia_reclaim,EURUSD,2016-05-17 01:30:00+00:00,2016-05-17 01:45:00+00:00,2016-05-17 01:45:00+00:00,-1,1.0000000000000833,TP,False
S2-08,asia_reclaim,EURUSD,2016-05-17 01:45:00+00:00,2016-05-17 02:00:00+00:00,2016-05-17 02:15:00+00:00,1,1.000000000000075,TP,False
S2-08,asia_reclaim,EURUSD,2016-05-17 02:30:00+00:00,2016-05-17 02:45:00+00:00,2016-05-17 02:45:00+00:00,-1,-1.0000000000002043,SL,False
S2-08,asia_reclaim,EURUSD,2016-05-17 03:00:00+00:00,2016-05-17 03:15:00+00:00,2016-05-17 06:15:00+00:00,1,1.0000000000000584,TP,False
S2-08,asia_reclaim,EURUSD,2016-05-17 06:45:00+00:00,2016-05-17 07:00:00+00:00,2016-05-17 07:00:00+00:00,-1,0.9999999999998619,TP,False
S2-08,asia_reclaim,EURUSD,2016-05-18 01:00:00+00:00,2016-05-18 01:15:00+00:00,2016-05-18 01:15:00+00:00,1,-1.000000000000092,SL,False
S2-08,asia_reclaim,EURUSD,2016-05-18 02:45:00+00:00,2016-05-18 03:00:00+00:00,2016-05-18 05:15:00+00:00,1,-1.0,SL,False
S2-08,asia_reclaim,EURUSD,2016-05-19 01:00:00+00:00,2016-05-19 01:15:00+00:00,2016-05-19 01:30:00+00:00,-1,0.9999999999997352,TP,False
S2-08,asia_reclaim,EURUSD,2016-05-19 04:45:00+00:00,2016-05-19 05:00:00+00:00,2016-05-19 05:00:00+00:00,1,-1.0000000000001632,SL,False
S2-08,asia_reclaim,EURUSD,2016-05-20 01:00:00+00:00,2016-05-20 01:15:00+00:00,2016-05-20 01:30:00+00:00,1,0.999999999999809,TP,False
S2-08,asia_reclaim,EURUSD,2016-05-20 06:00:00+00:00,2016-05-20 06:15:00+00:00,2016-05-20 06:15:00+00:00,-1,1.0000000000000993,TP,False
S2-08,asia_reclaim,EURUSD,2016-05-20 06:15:00+00:00,2016-05-20 06:30:00+00:00,2016-05-20 06:30:00+00:00,-1,-0.9999999999998118,SL,False
S2-08,asia_reclaim,EURUSD,2016-05-20 06:30:00+00:00,2016-05-20 06:45:00+00:00,2016-05-20 06:45:00+00:00,-1,-1.0000000000002542,SL,False
S2-08,asia_reclaim,EURUSD,2016-05-23 01:15:00+00:00,2016-05-23 01:30:00+00:00,2016-05-23 02:30:00+00:00,-1,-1.0,SL,False
S2-08,asia_reclaim,EURUSD,2016-05-25 02:15:00+00:00,2016-05-25 02:30:00+00:00,2016-05-25 03:00:00+00:00,-1,-0.9999999999999303,SL,False
S2-08,asia_reclaim,EURUSD,2016-05-25 03:45:00+00:00,2016-05-25 04:00:00+00:00,2016-05-25 04:15:00+00:00,-1,1.0,TP,False
S2-08,asia_reclaim,EURUSD,2016-05-26 02:00:00+00:00,2016-05-26 02:15:00+00:00,2016-05-26 03:15:00+00:00,-1,-0.9999999999999499,SL,False
S2-08,asia_reclaim,EURUSD,2016-05-27 01:00:00+00:00,2016-05-27 01:15:00+00:00,2016-05-27 02:30:00+00:00,1,-1.0000000000001603,SL,False
S2-08,asia_reclaim,EURUSD,2016-05-27 06:00:00+00:00,2016-05-27 06:15:00+00:00,2016-05-27 06:15:00+00:00,-1,1.0,TP,False
S2-08,asia_reclaim,EURUSD,2016-05-30 01:30:00+00:00,2016-05-30 01:45:00+00:00,2016-05-30 04:15:00+00:00,1,0.9999999999999248,TP,False
S2-08,asia_reclaim,EURUSD,2016-05-31 01:15:00+00:00,2016-05-31 01:30:00+00:00,2016-05-31 01:30:00+00:00,-1,-0.99999999999993,SL,False
S2-08,asia_reclaim,EURUSD,2016-05-31 01:45:00+00:00,2016-05-31 02:00:00+00:00,2016-05-31 02:00:00+00:00,1,1.0000000000000642,TP,False
S2-08,asia_reclaim,EURUSD,2016-05-31 04:15:00+00:00,2016-05-31 04:30:00+00:00,2016-05-31 04:30:00+00:00,1,-1.0000000000001037,SL,False
S2-08,asia_reclaim,EURUSD,2016-05-31 05:00:00+00:00,2016-05-31 05:15:00+00:00,2016-05-31 06:00:00+00:00,1,-1.0000000000001665,SL,False
S2-08,asia_reclaim,EURUSD,2016-05-31 06:15:00+00:00,2016-05-31 06:30:00+00:00,2016-05-31 07:00:00+00:00,1,-1.0,SL,False
S2-08,asia_reclaim,EURUSD,2016-06-02 01:45:00+00:00,2016-06-02 02:00:00+00:00,2016-06-02 02:00:00+00:00,-1,-1.0,SL,False
S2-08,asia_reclaim,EURUSD,2016-06-02 03:00:00+00:00,2016-06-02 03:15:00+00:00,2016-06-02 04:45:00+00:00,-1,1.0000000000000433,TP,False
S2-08,asia_reclaim,EURUSD,2016-06-03 04:00:00+00:00,2016-06-03 04:15:00+00:00,2016-06-03 05:30:00+00:00,-1,1.0000000000000753,TP,False
S2-08,asia_reclaim,EURUSD,2016-06-06 02:15:00+00:00,2016-06-06 02:30:00+00:00,2016-06-06 03:15:00+00:00,1,-0.9999999999998237,SL,False
S2-08,asia_reclaim,EURUSD,2016-06-06 03:30:00+00:00,2016-06-06 03:45:00+00:00,2016-06-06 05:45:00+00:00,1,0.9999999999997922,TP,False
S2-08,asia_reclaim,EURUSD,2016-06-07 01:45:00+00:00,2016-06-07 02:00:00+00:00,2016-06-07 04:00:00+00:00,1,0.9999999999999127,TP,False
S2-08,asia_reclaim,EURUSD,2016-06-07 04:00:00+00:00,2016-06-07 04:15:00+00:00,2016-06-07 04:15:00+00:00,-1,0.9999999999998359,TP,False
S2-08,asia_reclaim,EURUSD,2016-06-08 01:15:00+00:00,2016-06-08 01:30:00+00:00,2016-06-08 01:30:00+00:00,-1,-0.999999999999766,SL,False
S2-08,asia_reclaim,EURUSD,2016-06-08 02:30:00+00:00,2016-06-08 02:45:00+00:00,2016-06-08 03:30:00+00:00,-1,1.0000000000001432,TP,False
S2-08,asia_reclaim,EURUSD,2016-06-08 05:00:00+00:00,2016-06-08 05:15:00+00:00,2016-06-08 05:15:00+00:00,-1,-0.9999999999997529,SL,False
S2-08,asia_reclaim,EURUSD,2016-06-08 05:15:00+00:00,2016-06-08 05:30:00+00:00,2016-06-08 05:45:00+00:00,-1,0.9999999999999187,TP,False
S2-08,asia_reclaim,EURUSD,2016-06-09 01:00:00+00:00,2016-06-09 01:15:00+00:00,2016-06-09 01:45:00+00:00,1,1.0000000000001736,TP,False
S2-08,asia_reclaim,EURUSD,2016-06-09 02:45:00+00:00,2016-06-09 03:00:00+00:00,2016-06-09 03:45:00+00:00,-1,0.9999999999998872,TP,False
S2-08,asia_reclaim,EURUSD,2016-06-09 06:00:00+00:00,2016-06-09 06:15:00+00:00,2016-06-09 06:30:00+00:00,1,-1.0,SL,False
S2-08,asia_reclaim,EURUSD,2016-06-10 04:45:00+00:00,2016-06-10 05:00:00+00:00,2016-06-10 05:00:00+00:00,1,1.0,TP,False
S2-08,asia_reclaim,EURUSD,2016-06-13 05:15:00+00:00,2016-06-13 05:30:00+00:00,2016-06-13 05:45:00+00:00,-1,0.9999999999999245,TP,False
S2-08,asia_reclaim,EURUSD,2016-06-13 06:15:00+00:00,2016-06-13 06:30:00+00:00,2016-06-13 06:30:00+00:00,-1,-0.9999999999998792,SL,False
S2-08,asia_reclaim,EURUSD,2016-06-14 01:15:00+00:00,2016-06-14 01:30:00+00:00,2016-06-14 02:45:00+00:00,-1,1.0000000000001794,TP,False
S2-08,asia_reclaim,EURUSD,2016-06-14 05:45:00+00:00,2016-06-14 06:00:00+00:00,2016-06-14 06:00:00+00:00,1,-0.999999999999732,SL,True
S2-08,asia_reclaim,EURUSD,2016-06-14 06:15:00+00:00,2016-06-14 06:30:00+00:00,2016-06-14 06:30:00+00:00,1,-1.0000000000000764,SL,False
S2-08,asia_reclaim,EURUSD,2016-06-15 01:30:00+00:00,2016-06-15 01:45:00+00:00,2016-06-15 01:45:00+00:00,1,1.0000000000001437,TP,False
S2-08,asia_reclaim,EURUSD,2016-06-15 06:45:00+00:00,2016-06-15 07:00:00+00:00,2016-06-15 07:00:00+00:00,-1,1.0000000000000469,TP,False
S2-08,asia_reclaim,EURUSD,2016-06-16 02:00:00+00:00,2016-06-16 02:15:00+00:00,2016-06-16 02:30:00+00:00,1,0.9999999999998715,TP,False
S2-08,asia_reclaim,EURUSD,2016-06-16 02:45:00+00:00,2016-06-16 03:00:00+00:00,2016-06-16 04:30:00+00:00,-1,-1.0000000000000455,SL,False
S2-08,asia_reclaim,EURUSD,2016-06-16 06:15:00+00:00,2016-06-16 06:30:00+00:00,2016-06-16 06:30:00+00:00,-1,-0.999999999999876,SL,False
S2-08,asia_reclaim,EURUSD,2016-06-16 06:45:00+00:00,2016-06-16 07:00:00+00:00,2016-06-16 07:00:00+00:00,-1,0.999999999999889,TP,False
S2-08,asia_reclaim,EURUSD,2016-06-17 04:00:00+00:00,2016-06-17 04:15:00+00:00,2016-06-17 04:45:00+00:00,1,-0.9999999999999559,SL,False
S2-08,asia_reclaim,EURUSD,2016-06-17 05:00:00+00:00,2016-06-17 05:15:00+00:00,2016-06-17 06:15:00+00:00,1,-1.000000000000157,SL,False
S2-08,asia_reclaim,EURUSD,2016-06-20 02:15:00+00:00,2016-06-20 02:30:00+00:00,2016-06-20 03:00:00+00:00,-1,-1.0000000000000853,SL,False
S2-08,asia_reclaim,EURUSD,2016-06-20 06:30:00+00:00,2016-06-20 06:45:00+00:00,2016-06-20 07:15:00+00:00,1,0.9999999999998713,TP,False
S2-08,asia_reclaim,EURUSD,2016-06-21 01:30:00+00:00,2016-06-21 01:45:00+00:00,2016-06-21 02:00:00+00:00,-1,-0.9999999999998038,SL,False
S2-08,asia_reclaim,EURUSD,2016-06-23 01:45:00+00:00,2016-06-23 02:00:00+00:00,2016-06-23 02:00:00+00:00,-1,-0.9999999999999531,SL,False
S2-08,asia_reclaim,EURUSD,2016-06-23 02:30:00+00:00,2016-06-23 02:45:00+00:00,2016-06-23 03:30:00+00:00,-1,-1.000000000000043,SL,False
S2-08,asia_reclaim,EURUSD,2016-06-23 03:45:00+00:00,2016-06-23 04:00:00+00:00,2016-06-23 04:30:00+00:00,-1,1.0,TP,False
S2-08,asia_reclaim,EURUSD,2016-06-24 03:00:00+00:00,2016-06-24 03:15:00+00:00,2016-06-24 03:30:00+00:00,1,-1.0,SL,False
S2-08,asia_reclaim,EURUSD,2016-06-24 03:45:00+00:00,2016-06-24 04:00:00+00:00,2016-06-24 06:15:00+00:00,1,1.000000000000004,TP,False
S2-08,asia_reclaim,EURUSD,2016-06-27 01:00:00+00:00,2016-06-27 01:15:00+00:00,2016-06-27 02:15:00+00:00,1,-1.0000000000000537,SL,False
S2-08,asia_reclaim,EURUSD,2016-06-27 06:15:00+00:00,2016-06-27 06:30:00+00:00,2016-06-27 07:00:00+00:00,-1,-0.9999999999999548,SL,False
S2-08,asia_reclaim,EURUSD,2016-06-28 02:30:00+00:00,2016-06-28 02:45:00+00:00,2016-06-28 03:00:00+00:00,-1,0.9999999999999235,TP,False
S2-08,asia_reclaim,EURUSD,2016-06-29 06:45:00+00:00,2016-06-29 07:00:00+00:00,2016-06-29 07:00:00+00:00,-1,-1.0000000000001348,SL,True
S2-08,asia_reclaim,EURUSD,2016-06-30 03:00:00+00:00,2016-06-30 03:15:00+00:00,2016-06-30 03:30:00+00:00,1,-1.0000000000001583,SL,False
S2-08,asia_reclaim,EURUSD,2016-06-30 05:00:00+00:00,2016-06-30 05:15:00+00:00,2016-06-30 05:15:00+00:00,1,-1.0,SL,False
S2-08,asia_reclaim,EURUSD,2016-06-30 05:30:00+00:00,2016-06-30 05:45:00+00:00,2016-06-30 05:45:00+00:00,1,-1.0,SL,False
S2-08,asia_reclaim,EURUSD,2016-06-30 06:00:00+00:00,2016-06-30 06:15:00+00:00,2016-06-30 06:30:00+00:00,1,0.9999999999999005,TP,False
S2-08,asia_reclaim,EURUSD,2016-07-01 01:00:00+00:00,2016-07-01 01:15:00+00:00,2016-07-01 01:45:00+00:00,-1,1.0,TP,False
S2-08,asia_reclaim,EURUSD,2016-07-01 02:45:00+00:00,2016-07-01 03:00:00+00:00,2016-07-01 03:15:00+00:00,1,-0.9999999999998739,SL,False
S2-08,asia_reclaim,EURUSD,2016-07-01 06:00:00+00:00,2016-07-01 06:15:00+00:00,2016-07-01 06:15:00+00:00,1,-1.0000000000001126,SL,False
S2-08,asia_reclaim,EURUSD,2016-07-01 06:15:00+00:00,2016-07-01 06:30:00+00:00,2016-07-01 06:30:00+00:00,1,1.0000000000001514,TP,False
S2-08,asia_reclaim,EURUSD,2016-07-04 01:15:00+00:00,2016-07-04 01:30:00+00:00,2016-07-04 01:45:00+00:00,-1,-1.0,SL,False
S2-08,asia_reclaim,EURUSD,2016-07-04 02:15:00+00:00,2016-07-04 02:30:00+00:00,2016-07-04 04:30:00+00:00,-1,0.9999999999998697,TP,False
S2-08,asia_reclaim,EURUSD,2016-07-05 01:30:00+00:00,2016-07-05 01:45:00+00:00,2016-07-05 01:45:00+00:00,1,-1.0,SL,False
S2-08,asia_reclaim,EURUSD,2016-07-05 02:00:00+00:00,2016-07-05 02:15:00+00:00,2016-07-05 02:15:00+00:00,1,1.0000000000001403,TP,False
S2-08,asia_reclaim,EURUSD,2016-07-05 05:00:00+00:00,2016-07-05 05:15:00+00:00,2016-07-05 05:30:00+00:00,1,1.0000000000002018,TP,False
S2-08,asia_reclaim,EURUSD,2016-07-05 06:00:00+00:00,2016-07-05 06:15:00+00:00,2016-07-05 06:30:00+00:00,1,1.0000000000001192,TP,False
S2-08,asia_reclaim,EURUSD,2016-07-06 01:00:00+00:00,2016-07-06 01:15:00+00:00,2016-07-06 01:45:00+00:00,1,-1.0000000000000433,SL,False
S2-08,asia_reclaim,EURUSD,2016-07-06 01:45:00+00:00,2016-07-06 02:00:00+00:00,2016-07-06 02:30:00+00:00,1,1.0000000000000353,TP,False
S2-08,asia_reclaim,EURUSD,2016-07-07 04:45:00+00:00,2016-07-07 05:00:00+00:00,2016-07-07 05:00:00+00:00,-1,1.0000000000001412,TP,False
S2-08,asia_reclaim,EURUSD,2016-07-08 01:00:00+00:00,2016-07-08 01:15:00+00:00,2016-07-08 01:45:00+00:00,-1,-0.9999999999998088,SL,False
S2-08,asia_reclaim,EURUSD,2016-07-08 01:45:00+00:00,2016-07-08 02:00:00+00:00,2016-07-08 03:45:00+00:00,-1,-0.9999999999999419,SL,False
S2-08,asia_reclaim,EURUSD,2016-07-08 04:15:00+00:00,2016-07-08 04:30:00+00:00,2016-07-08 05:30:00+00:00,-1,-1.0000000000001272,SL,False
S2-08,asia_reclaim,EURUSD,2016-07-08 05:45:00+00:00,2016-07-08 06:00:00+00:00,2016-07-08 06:15:00+00:00,-1,0.9999999999999419,TP,False
S2-08,asia_reclaim,EURUSD,2016-07-11 01:45:00+00:00,2016-07-11 02:00:00+00:00,2016-07-11 02:00:00+00:00,-1,-0.999999999999848,SL,False
S2-08,asia_reclaim,EURUSD,2016-07-11 03:00:00+00:00,2016-07-11 03:15:00+00:00,2016-07-11 03:30:00+00:00,-1,1.0000000000000573,TP,False
S2-08,asia_reclaim,EURUSD,2016-07-11 03:45:00+00:00,2016-07-11 04:00:00+00:00,2016-07-11 04:00:00+00:00,-1,0.9999999999999369,TP,False
S2-08,asia_reclaim,EURUSD,2016-07-11 06:30:00+00:00,2016-07-11 06:45:00+00:00,2016-07-11 06:45:00+00:00,1,-1.0,SL,False
S2-08,asia_reclaim,EURUSD,2016-07-11 06:45:00+00:00,2016-07-11 07:00:00+00:00,2016-07-11 07:00:00+00:00,1,-1.0000000000001574,SL,False
S2-08,asia_reclaim,EURUSD,2016-07-12 01:15:00+00:00,2016-07-12 01:30:00+00:00,2016-07-12 01:30:00+00:00,1,0.9999999999999357,TP,False
S2-08,asia_reclaim,EURUSD,2016-07-12 02:30:00+00:00,2016-07-12 02:45:00+00:00,2016-07-12 03:15:00+00:00,-1,1.0000000000000435,TP,False
S2-08,asia_reclaim,EURUSD,2016-07-13 01:00:00+00:00,2016-07-13 01:15:00+00:00,2016-07-13 01:15:00+00:00,-1,-1.000000000000157,SL,False
S2-08,asia_reclaim,EURUSD,2016-07-13 05:45:00+00:00,2016-07-13 06:00:00+00:00,2016-07-13 06:00:00+00:00,-1,1.0,TP,False
S2-08,asia_reclaim,EURUSD,2016-07-14 01:15:00+00:00,2016-07-14 01:30:00+00:00,2016-07-14 01:45:00+00:00,-1,-1.0,SL,False
S2-08,asia_reclaim,EURUSD,2016-07-14 02:00:00+00:00,2016-07-14 02:15:00+00:00,2016-07-14 02:30:00+00:00,-1,-1.000000000000168,SL,False
S2-08,asia_reclaim,EURUSD,2016-07-14 02:45:00+00:00,2016-07-14 03:00:00+00:00,2016-07-14 03:15:00+00:00,-1,1.0000000000001161,TP,False
S2-08,asia_reclaim,EURUSD,2016-07-14 05:45:00+00:00,2016-07-14 06:00:00+00:00,2016-07-14 06:00:00+00:00,-1,-0.9999999999998905,SL,False
S2-08,asia_reclaim,EURUSD,2016-07-14 06:00:00+00:00,2016-07-14 06:15:00+00:00,2016-07-14 06:15:00+00:00,-1,-0.9999999999999052,SL,False
S2-08,asia_reclaim,EURUSD,2016-07-14 06:15:00+00:00,2016-07-14 06:30:00+00:00,2016-07-14 06:30:00+00:00,-1,1.0000000000001206,TP,False
S2-08,asia_reclaim,EURUSD,2016-07-15 02:00:00+00:00,2016-07-15 02:15:00+00:00,2016-07-15 02:15:00+00:00,1,1.0000000000000977,TP,False
S2-08,asia_reclaim,EURUSD,2016-07-18 01:30:00+00:00,2016-07-18 01:45:00+00:00,2016-07-18 02:45:00+00:00,-1,1.0,TP,False
S2-08,asia_reclaim,EURUSD,2016-07-18 06:00:00+00:00,2016-07-18 06:15:00+00:00,2016-07-18 06:30:00+00:00,-1,1.000000000000225,TP,False
S2-08,asia_reclaim,EURUSD,2016-07-18 06:30:00+00:00,2016-07-18 06:45:00+00:00,2016-07-18 06:45:00+00:00,1,0.999999999999857,TP,False
S2-08,asia_reclaim,EURUSD,2016-07-19 01:30:00+00:00,2016-07-19 01:45:00+00:00,2016-07-19 02:00:00+00:00,1,1.0,TP,False
S2-08,asia_reclaim,EURUSD,2016-07-19 02:30:00+00:00,2016-07-19 02:45:00+00:00,2016-07-19 03:45:00+00:00,-1,-1.0,SL,False
S2-08,asia_reclaim,EURUSD,2016-07-19 03:45:00+00:00,2016-07-19 04:00:00+00:00,2016-07-19 04:30:00+00:00,-1,0.999999999999936,TP,False
S2-08,asia_reclaim,EURUSD,2016-07-20 01:30:00+00:00,2016-07-20 01:45:00+00:00,2016-07-20 01:45:00+00:00,1,0.9999999999997712,TP,False
S2-08,asia_reclaim,EURUSD,2016-07-20 02:30:00+00:00,2016-07-20 02:45:00+00:00,2016-07-20 02:45:00+00:00,1,-0.9999999999998799,SL,False
S2-08,asia_reclaim,EURUSD,2016-07-20 02:45:00+00:00,2016-07-20 03:00:00+00:00,2016-07-20 03:00:00+00:00,1,1.0000000000001097,TP,False
S2-08,asia_reclaim,EURUSD,2016-07-20 05:45:00+00:00,2016-07-20 06:00:00+00:00,2016-07-20 06:15:00+00:00,-1,1.0,TP,False
S2-08,asia_reclaim,EURUSD,2016-07-21 06:30:00+00:00,2016-07-21 06:45:00+00:00,2016-07-21 07:00:00+00:00,-1,0.9999999999999101,TP,False
S2-08,asia_reclaim,EURUSD,2016-07-22 01:15:00+00:00,2016-07-22 01:30:00+00:00,2016-07-22 01:30:00+00:00,1,1.00000000000023,TP,False
S2-08,asia_reclaim,EURUSD,2016-07-22 01:30:00+00:00,2016-07-22 01:45:00+00:00,2016-07-22 01:45:00+00:00,1,-1.0,SL,False
S2-08,asia_reclaim,EURUSD,2016-07-22 01:45:00+00:00,2016-07-22 02:00:00+00:00,2016-07-22 03:15:00+00:00,1,-1.000000000000071,SL,False
S2-08,asia_reclaim,EURUSD,2016-07-22 03:30:00+00:00,2016-07-22 03:45:00+00:00,2016-07-22 04:00:00+00:00,1,0.9999999999998647,TP,False
S2-08,asia_reclaim,EURUSD,2016-07-22 06:00:00+00:00,2016-07-22 06:15:00+00:00,2016-07-22 06:15:00+00:00,-1,0.9999999999998681,TP,False
S2-08,asia_reclaim,EURUSD,2016-07-25 01:15:00+00:00,2016-07-25 01:30:00+00:00,2016-07-25 01:45:00+00:00,1,0.9999999999999364,TP,False
S2-08,asia_reclaim,EURUSD,2016-07-25 03:00:00+00:00,2016-07-25 03:15:00+00:00,2016-07-25 03:45:00+00:00,-1,-0.9999999999998677,SL,False
S2-08,asia_reclaim,EURUSD,2016-07-25 03:45:00+00:00,2016-07-25 04:00:00+00:00,2016-07-25 04:45:00+00:00,-1,-1.0000000000000693,SL,False
S2-08,asia_reclaim,EURUSD,2016-07-25 05:00:00+00:00,2016-07-25 05:15:00+00:00,2016-07-25 06:15:00+00:00,-1,0.9999999999998318,TP,False
S2-08,asia_reclaim,EURUSD,2016-07-26 01:00:00+00:00,2016-07-26 01:15:00+00:00,2016-07-26 02:45:00+00:00,1,-0.9999999999999253,SL,False
S2-08,asia_reclaim,EURUSD,2016-07-26 04:15:00+00:00,2016-07-26 04:30:00+00:00,2016-07-26 04:30:00+00:00,-1,0.9999999999999136,TP,False
S2-08,asia_reclaim,EURUSD,2016-07-27 01:15:00+00:00,2016-07-27 01:30:00+00:00,2016-07-27 01:30:00+00:00,-1,0.9999999999998154,TP,False
S2-08,asia_reclaim,EURUSD,2016-07-27 02:00:00+00:00,2016-07-27 02:15:00+00:00,2016-07-27 03:00:00+00:00,-1,0.999999999999931,TP,False
S2-08,asia_reclaim,EURUSD,2016-07-27 03:00:00+00:00,2016-07-27 03:15:00+00:00,2016-07-27 03:30:00+00:00,-1,-1.0000000000001716,SL,False
S2-08,asia_reclaim,EURUSD,2016-07-27 03:30:00+00:00,2016-07-27 03:45:00+00:00,2016-07-27 04:30:00+00:00,-1,-0.9999999999999454,SL,False
S2-08,asia_reclaim,EURUSD,2016-07-27 04:30:00+00:00,2016-07-27 04:45:00+00:00,2016-07-27 05:00:00+00:00,-1,1.000000000000172,TP,False
S2-08,asia_reclaim,EURUSD,2016-07-28 01:45:00+00:00,2016-07-28 02:00:00+00:00,2016-07-28 02:30:00+00:00,1,0.9999999999998256,TP,False
S2-08,asia_reclaim,EURUSD,2016-07-28 03:00:00+00:00,2016-07-28 03:15:00+00:00,2016-07-28 04:45:00+00:00,-1,0.999999999999936,TP,False
S2-08,asia_reclaim,EURUSD,2016-07-29 01:15:00+00:00,2016-07-29 01:30:00+00:00,2016-07-29 02:00:00+00:00,-1,1.0000000000002012,TP,False
S2-08,asia_reclaim,EURUSD,2016-07-29 02:30:00+00:00,2016-07-29 02:45:00+00:00,2016-07-29 03:30:00+00:00,-1,-1.000000000000186,SL,True
S2-08,asia_reclaim,EURUSD,2016-07-29 03:30:00+00:00,2016-07-29 03:45:00+00:00,2016-07-29 03:45:00+00:00,1,-1.0000000000001572,SL,True
S2-08,asia_reclaim,EURUSD,2016-08-01 01:00:00+00:00,2016-08-01 01:15:00+00:00,2016-08-01 03:15:00+00:00,-1,1.000000000000112,TP,False
S2-08,asia_reclaim,EURUSD,2016-08-01 04:00:00+00:00,2016-08-01 04:15:00+00:00,2016-08-01 05:30:00+00:00,-1,0.9999999999997868,TP,False
S2-08,asia_reclaim,EURUSD,2016-08-01 06:15:00+00:00,2016-08-01 06:30:00+00:00,2016-08-01 06:45:00+00:00,1,-1.0000000000001437,SL,False
S2-08,asia_reclaim,EURUSD,2016-08-01 06:45:00+00:00,2016-08-01 07:00:00+00:00,2016-08-01 07:45:00+00:00,1,1.0000000000001408,TP,False
S2-08,asia_reclaim,EURUSD,2016-08-02 01:30:00+00:00,2016-08-02 01:45:00+00:00,2016-08-02 01:45:00+00:00,1,-0.9999999999997341,SL,False
S2-08,asia_reclaim,EURUSD,2016-08-02 01:45:00+00:00,2016-08-02 02:00:00+00:00,2016-08-02 02:15:00+00:00,1,1.000000000000086,TP,False
S2-08,asia_reclaim,EURUSD,2016-08-02 04:15:00+00:00,2016-08-02 04:30:00+00:00,2016-08-02 04:30:00+00:00,-1,-1.0000000000001799,SL,False
S2-08,asia_reclaim,EURUSD,2016-08-02 04:45:00+00:00,2016-08-02 05:00:00+00:00,2016-08-02 05:30:00+00:00,-1,-1.0000000000001783,SL,False
S2-08,asia_reclaim,EURUSD,2016-08-02 05:30:00+00:00,2016-08-02 05:45:00+00:00,2016-08-02 05:45:00+00:00,-1,-1.0000000000001765,SL,False
S2-08,asia_reclaim,EURUSD,2016-08-02 05:45:00+00:00,2016-08-02 06:00:00+00:00,2016-08-02 06:00:00+00:00,-1,-0.9999999999998347,SL,False
S2-08,asia_reclaim,EURUSD,2016-08-02 06:45:00+00:00,2016-08-02 07:00:00+00:00,2016-08-02 07:00:00+00:00,-1,-1.000000000000058,SL,False
S2-08,asia_reclaim,EURUSD,2016-08-03 01:00:00+00:00,2016-08-03 01:15:00+00:00,2016-08-03 01:15:00+00:00,1,-1.0,SL,False
S2-08,asia_reclaim,EURUSD,2016-08-03 01:30:00+00:00,2016-08-03 01:45:00+00:00,2016-08-03 02:00:00+00:00,1,1.0000000000002567,TP,False
S2-08,asia_reclaim,EURUSD,2016-08-03 05:45:00+00:00,2016-08-03 06:00:00+00:00,2016-08-03 06:15:00+00:00,1,-0.9999999999999022,SL,False
S2-08,asia_reclaim,EURUSD,2016-08-04 01:15:00+00:00,2016-08-04 01:30:00+00:00,2016-08-04 01:30:00+00:00,1,0.9999999999998166,TP,False
S2-08,asia_reclaim,EURUSD,2016-08-04 01:45:00+00:00,2016-08-04 02:00:00+00:00,2016-08-04 02:30:00+00:00,-1,1.0,TP,False
S2-08,asia_reclaim,EURUSD,2016-08-04 06:00:00+00:00,2016-08-04 06:15:00+00:00,2016-08-04 06:30:00+00:00,1,-0.9999999999999235,SL,False
S2-08,asia_reclaim,EURUSD,2016-08-05 01:30:00+00:00,2016-08-05 01:45:00+00:00,2016-08-05 02:15:00+00:00,1,-0.9999999999996476,SL,False
S2-08,asia_reclaim,EURUSD,2016-08-05 03:15:00+00:00,2016-08-05 03:30:00+00:00,2016-08-05 05:15:00+00:00,-1,-1.0000000000002367,SL,False
S2-08,asia_reclaim,EURUSD,2016-08-05 05:45:00+00:00,2016-08-05 06:00:00+00:00,2016-08-05 06:00:00+00:00,-1,-1.000000000000297,SL,False
S2-08,asia_reclaim,EURUSD,2016-08-08 01:15:00+00:00,2016-08-08 01:30:00+00:00,2016-08-08 01:45:00+00:00,-1,-0.9999999999998397,SL,False
S2-08,asia_reclaim,EURUSD,2016-08-08 05:00:00+00:00,2016-08-08 05:15:00+00:00,2016-08-08 05:30:00+00:00,-1,0.9999999999997813,TP,False
S2-08,asia_reclaim,EURUSD,2016-08-09 01:15:00+00:00,2016-08-09 01:30:00+00:00,2016-08-09 01:30:00+00:00,1,-0.999999999999679,SL,False
S2-08,asia_reclaim,EURUSD,2016-08-10 01:00:00+00:00,2016-08-10 01:15:00+00:00,2016-08-10 01:15:00+00:00,-1,-0.9999999999999384,SL,False
S2-08,asia_reclaim,EURUSD,2016-08-10 01:45:00+00:00,2016-08-10 02:00:00+00:00,2016-08-10 02:00:00+00:00,-1,-0.9999999999998372,SL,False
S2-08,asia_reclaim,EURUSD,2016-08-11 01:00:00+00:00,2016-08-11 01:15:00+00:00,2016-08-11 01:15:00+00:00,1,-0.9999999999997651,SL,False
S2-08,asia_reclaim,EURUSD,2016-08-11 04:45:00+00:00,2016-08-11 05:00:00+00:00,2016-08-11 05:15:00+00:00,1,-1.000000000000085,SL,False
S2-08,asia_reclaim,EURUSD,2016-08-12 06:15:00+00:00,2016-08-12 06:30:00+00:00,2016-08-12 06:30:00+00:00,-1,-1.0000000000000984,SL,False
S2-08,asia_reclaim,EURUSD,2016-08-15 06:30:00+00:00,2016-08-15 06:45:00+00:00,2016-08-15 06:45:00+00:00,-1,-0.9999999999997581,SL,True
S2-08,asia_reclaim,EURUSD,2016-08-16 01:00:00+00:00,2016-08-16 01:15:00+00:00,2016-08-16 01:45:00+00:00,-1,0.9999999999998713,TP,False
S2-08,asia_reclaim,EURUSD,2016-08-16 03:00:00+00:00,2016-08-16 03:15:00+00:00,2016-08-16 03:15:00+00:00,-1,-0.9999999999997939,SL,False
S2-08,asia_reclaim,EURUSD,2016-08-16 03:30:00+00:00,2016-08-16 03:45:00+00:00,2016-08-16 04:45:00+00:00,-1,-0.9999999999998228,SL,False
S2-08,asia_reclaim,EURUSD,2016-08-16 05:30:00+00:00,2016-08-16 05:45:00+00:00,2016-08-16 05:45:00+00:00,-1,-0.999999999999789,SL,False
S2-08,asia_reclaim,EURUSD,2016-08-17 02:45:00+00:00,2016-08-17 03:00:00+00:00,2016-08-17 04:45:00+00:00,1,-0.9999999999999368,SL,False
S2-08,asia_reclaim,EURUSD,2016-08-17 05:30:00+00:00,2016-08-17 05:45:00+00:00,2016-08-17 06:00:00+00:00,1,1.0000000000001563,TP,False
S2-08,asia_reclaim,EURUSD,2016-08-17 06:45:00+00:00,2016-08-17 07:00:00+00:00,2016-08-17 07:00:00+00:00,1,-1.000000000000057,SL,False
S2-08,asia_reclaim,EURUSD,2016-08-18 01:15:00+00:00,2016-08-18 01:30:00+00:00,2016-08-18 01:30:00+00:00,1,0.9999999999999073,TP,False
S2-08,asia_reclaim,EURUSD,2016-08-22 01:30:00+00:00,2016-08-22 01:45:00+00:00,2016-08-22 03:00:00+00:00,1,-1.0000000000000848,SL,False
S2-08,asia_reclaim,EURUSD,2016-08-22 03:15:00+00:00,2016-08-22 03:30:00+00:00,2016-08-22 03:30:00+00:00,1,-1.0,SL,False
S2-08,asia_reclaim,EURUSD,2016-08-23 02:45:00+00:00,2016-08-23 03:00:00+00:00,2016-08-23 04:45:00+00:00,-1,-1.0000000000000504,SL,False
S2-08,asia_reclaim,EURUSD,2016-08-23 05:00:00+00:00,2016-08-23 05:15:00+00:00,2016-08-23 06:15:00+00:00,-1,1.0000000000000742,TP,False
S2-08,asia_reclaim,EURUSD,2016-08-24 02:15:00+00:00,2016-08-24 02:30:00+00:00,2016-08-24 05:15:00+00:00,1,-0.999999999999889,SL,False
S2-08,asia_reclaim,EURUSD,2016-08-24 06:30:00+00:00,2016-08-24 06:45:00+00:00,2016-08-24 07:00:00+00:00,1,-0.999999999999913,SL,False
S2-08,asia_reclaim,EURUSD,2016-08-25 03:15:00+00:00,2016-08-25 03:30:00+00:00,2016-08-25 05:30:00+00:00,-1,-1.0,SL,False
S2-08,asia_reclaim,EURUSD,2016-08-25 05:30:00+00:00,2016-08-25 05:45:00+00:00,2016-08-25 06:00:00+00:00,-1,-1.0,SL,False
S2-08,asia_reclaim,EURUSD,2016-08-25 06:00:00+00:00,2016-08-25 06:15:00+00:00,2016-08-25 06:15:00+00:00,-1,1.0000000000002776,TP,False
S2-08,asia_reclaim,EURUSD,2016-08-26 05:45:00+00:00,2016-08-26 06:00:00+00:00,2016-08-26 06:00:00+00:00,-1,-0.9999999999997189,SL,False
S2-08,asia_reclaim,EURUSD,2016-08-29 01:30:00+00:00,2016-08-29 01:45:00+00:00,2016-08-29 03:00:00+00:00,-1,-1.0,SL,False
S2-08,asia_reclaim,EURUSD,2016-08-29 03:15:00+00:00,2016-08-29 03:30:00+00:00,2016-08-29 05:15:00+00:00,-1,-1.0000000000001867,SL,False
S2-08,asia_reclaim,EURUSD,2016-08-29 05:30:00+00:00,2016-08-29 05:45:00+00:00,2016-08-29 06:00:00+00:00,-1,0.9999999999997347,TP,False
S2-08,asia_reclaim,EURUSD,2016-08-30 01:30:00+00:00,2016-08-30 01:45:00+00:00,2016-08-30 01:45:00+00:00,1,-1.0000000000001508,SL,False
S2-08,asia_reclaim,EURUSD,2016-08-30 02:00:00+00:00,2016-08-30 02:15:00+00:00,2016-08-30 02:30:00+00:00,1,-1.000000000000064,SL,False
S2-08,asia_reclaim,EURUSD,2016-08-30 05:30:00+00:00,2016-08-30 05:45:00+00:00,2016-08-30 05:45:00+00:00,1,-0.9999999999996917,SL,False
S2-08,asia_reclaim,EURUSD,2016-08-30 06:00:00+00:00,2016-08-30 06:15:00+00:00,2016-08-30 06:30:00+00:00,1,0.9999999999996931,TP,False
S2-08,asia_reclaim,EURUSD,2016-08-30 06:30:00+00:00,2016-08-30 06:45:00+00:00,2016-08-30 06:45:00+00:00,1,-0.999999999999912,SL,False
S2-08,asia_reclaim,EURUSD,2016-08-31 04:30:00+00:00,2016-08-31 04:45:00+00:00,2016-08-31 05:00:00+00:00,-1,1.0,TP,False
S2-08,asia_reclaim,EURUSD,2016-08-31 06:45:00+00:00,2016-08-31 07:00:00+00:00,2016-08-31 07:15:00+00:00,1,0.9999999999999398,TP,False
S2-08,asia_reclaim,EURUSD,2016-09-01 02:15:00+00:00,2016-09-01 02:30:00+00:00,2016-09-01 02:45:00+00:00,-1,0.9999999999999326,TP,False
S2-08,asia_reclaim,EURUSD,2016-09-01 06:15:00+00:00,2016-09-01 06:30:00+00:00,2016-09-01 06:45:00+00:00,1,-1.0000000000000973,SL,True
S2-08,asia_reclaim,EURUSD,2016-09-01 06:45:00+00:00,2016-09-01 07:00:00+00:00,2016-09-01 07:00:00+00:00,1,-1.0000000000002822,SL,False
S2-08,asia_reclaim,EURUSD,2016-09-02 01:15:00+00:00,2016-09-02 01:30:00+00:00,2016-09-02 02:45:00+00:00,1,-0.9999999999996775,SL,False
S2-08,asia_reclaim,EURUSD,2016-09-02 02:45:00+00:00,2016-09-02 03:00:00+00:00,2016-09-02 04:00:00+00:00,1,1.0000000000000837,TP,False
S2-08,asia_reclaim,EURUSD,2016-09-02 06:45:00+00:00,2016-09-02 07:00:00+00:00,2016-09-02 07:00:00+00:00,1,1.0000000000001437,TP,False
S2-08,asia_reclaim,EURUSD,2016-09-05 01:00:00+00:00,2016-09-05 01:15:00+00:00,2016-09-05 01:15:00+00:00,1,-0.9999999999997986,SL,False
S2-08,asia_reclaim,EURUSD,2016-09-05 01:15:00+00:00,2016-09-05 01:30:00+00:00,2016-09-05 02:00:00+00:00,1,-1.0000000000000926,SL,False
S2-08,asia_reclaim,EURUSD,2016-09-05 02:00:00+00:00,2016-09-05 02:15:00+00:00,2016-09-05 02:30:00+00:00,1,0.9999999999997352,TP,False
S2-08,asia_reclaim,EURUSD,2016-09-05 02:30:00+00:00,2016-09-05 02:45:00+00:00,2016-09-05 02:45:00+00:00,-1,-1.0000000000001656,SL,False
S2-08,asia_reclaim,EURUSD,2016-09-05 02:45:00+00:00,2016-09-05 03:00:00+00:00,2016-09-05 04:00:00+00:00,-1,-0.9999999999998479,SL,False
S2-08,asia_reclaim,EURUSD,2016-09-05 05:00:00+00:00,2016-09-05 05:15:00+00:00,2016-09-05 05:15:00+00:00,-1,-0.9999999999999347,SL,False
S2-08,asia_reclaim,EURUSD,2016-09-05 05:45:00+00:00,2016-09-05 06:00:00+00:00,2016-09-05 07:00:00+00:00,-1,0.9999999999998793,TP,False
S2-08,asia_reclaim,EURUSD,2016-09-06 01:00:00+00:00,2016-09-06 01:15:00+00:00,2016-09-06 01:30:00+00:00,1,0.999999999999704,TP,False
S2-08,asia_reclaim,EURUSD,2016-09-06 01:30:00+00:00,2016-09-06 01:45:00+00:00,2016-09-06 01:45:00+00:00,-1,1.0000000000002032,TP,False
S2-08,asia_reclaim,EURUSD,2016-09-06 02:00:00+00:00,2016-09-06 02:15:00+00:00,2016-09-06 02:30:00+00:00,1,0.9999999999999144,TP,False
S2-08,asia_reclaim,EURUSD,2016-09-06 02:45:00+00:00,2016-09-06 03:00:00+00:00,2016-09-06 03:15:00+00:00,-1,1.0000000000000744,TP,False
S2-08,asia_reclaim,EURUSD,2016-09-07 01:00:00+00:00,2016-09-07 01:15:00+00:00,2016-09-07 01:15:00+00:00,1,-1.0000000000001725,SL,False
S2-08,asia_reclaim,EURUSD,2016-09-07 02:30:00+00:00,2016-09-07 02:45:00+00:00,2016-09-07 06:00:00+00:00,-1,-0.9999999999999533,SL,False
S2-08,asia_reclaim,EURUSD,2016-09-08 02:45:00+00:00,2016-09-08 03:00:00+00:00,2016-09-08 03:45:00+00:00,-1,1.0000000000001354,TP,False
S2-08,asia_reclaim,EURUSD,2016-09-09 01:45:00+00:00,2016-09-09 02:00:00+00:00,2016-09-09 02:30:00+00:00,-1,-0.9999999999998561,SL,False
S2-08,asia_reclaim,EURUSD,2016-09-09 04:15:00+00:00,2016-09-09 04:30:00+00:00,2016-09-09 05:45:00+00:00,-1,-1.0000000000001559,SL,False
S2-08,asia_reclaim,EURUSD,2016-09-09 05:45:00+00:00,2016-09-09 06:00:00+00:00,2016-09-09 06:15:00+00:00,-1,1.0000000000002198,TP,False
S2-08,asia_reclaim,EURUSD,2016-09-12 01:00:00+00:00,2016-09-12 01:15:00+00:00,2016-09-12 01:45:00+00:00,-1,1.0000000000000684,TP,False
S2-08,asia_reclaim,EURUSD,2016-09-12 06:00:00+00:00,2016-09-12 06:15:00+00:00,2016-09-12 06:15:00+00:00,-1,1.0000000000002787,TP,False
S2-08,asia_reclaim,EURUSD,2016-09-12 06:45:00+00:00,2016-09-12 07:00:00+00:00,2016-09-12 07:00:00+00:00,-1,-1.000000000000218,SL,False
S2-08,asia_reclaim,EURUSD,2016-09-13 06:45:00+00:00,2016-09-13 07:00:00+00:00,2016-09-13 07:00:00+00:00,1,-1.0000000000000648,SL,False
S2-08,asia_reclaim,EURUSD,2016-09-14 01:15:00+00:00,2016-09-14 01:30:00+00:00,2016-09-14 01:30:00+00:00,1,-0.9999999999998166,SL,False
S2-08,asia_reclaim,EURUSD,2016-09-14 01:30:00+00:00,2016-09-14 01:45:00+00:00,2016-09-14 02:15:00+00:00,1,0.999999999999818,TP,False
S2-08,asia_reclaim,EURUSD,2016-09-14 02:15:00+00:00,2016-09-14 02:30:00+00:00,2016-09-14 03:30:00+00:00,-1,-1.0000000000002494,SL,False
S2-08,asia_reclaim,EURUSD,2016-09-14 04:15:00+00:00,2016-09-14 04:30:00+00:00,2016-09-14 06:00:00+00:00,-1,-1.0000000000002505,SL,False
S2-08,asia_reclaim,EURUSD,2016-09-14 06:00:00+00:00,2016-09-14 06:15:00+00:00,2016-09-14 06:15:00+00:00,-1,1.000000000000096,TP,False
S2-08,asia_reclaim,EURUSD,2016-09-14 06:45:00+00:00,2016-09-14 07:00:00+00:00,2016-09-14 07:15:00+00:00,-1,1.0000000000000695,TP,False
S2-08,asia_reclaim,EURUSD,2016-09-15 01:30:00+00:00,2016-09-15 01:45:00+00:00,2016-09-15 02:00:00+00:00,1,-1.0000000000002436,SL,False
S2-08,asia_reclaim,EURUSD,2016-09-15 02:00:00+00:00,2016-09-15 02:15:00+00:00,2016-09-15 02:45:00+00:00,1,0.9999999999997738,TP,False
S2-08,asia_reclaim,EURUSD,2016-09-15 02:45:00+00:00,2016-09-15 03:00:00+00:00,2016-09-15 03:45:00+00:00,-1,0.9999999999998579,TP,False
S2-08,asia_reclaim,EURUSD,2016-09-15 06:45:00+00:00,2016-09-15 07:00:00+00:00,2016-09-15 07:00:00+00:00,1,-1.0000000000000642,SL,False
S2-08,asia_reclaim,EURUSD,2016-09-16 01:30:00+00:00,2016-09-16 01:45:00+00:00,2016-09-16 02:00:00+00:00,1,-1.0,SL,False
S2-08,asia_reclaim,EURUSD,2016-09-16 02:00:00+00:00,2016-09-16 02:15:00+00:00,2016-09-16 03:00:00+00:00,1,-1.0,SL,False
S2-08,asia_reclaim,EURUSD,2016-09-16 03:00:00+00:00,2016-09-16 03:15:00+00:00,2016-09-16 06:00:00+00:00,1,-1.0000000000000824,SL,False
S2-08,asia_reclaim,EURUSD,2016-09-16 06:00:00+00:00,2016-09-16 06:15:00+00:00,2016-09-16 06:30:00+00:00,1,1.0,TP,False
S2-08,asia_reclaim,EURUSD,2016-09-19 01:30:00+00:00,2016-09-19 01:45:00+00:00,2016-09-19 01:45:00+00:00,-1,-1.0000000000000926,SL,False
S2-08,asia_reclaim,EURUSD,2016-09-19 02:00:00+00:00,2016-09-19 02:15:00+00:00,2016-09-19 02:30:00+00:00,-1,-1.0000000000001779,SL,False
S2-08,asia_reclaim,EURUSD,2016-09-19 03:00:00+00:00,2016-09-19 03:15:00+00:00,2016-09-19 03:30:00+00:00,-1,0.9999999999999127,TP,False
S2-08,asia_reclaim,EURUSD,2016-09-19 06:00:00+00:00,2016-09-19 06:15:00+00:00,2016-09-19 06:15:00+00:00,-1,1.0000000000000933,TP,False
S2-08,asia_reclaim,EURUSD,2016-09-20 02:00:00+00:00,2016-09-20 02:15:00+00:00,2016-09-20 04:45:00+00:00,1,1.000000000000095,TP,False
S2-08,asia_reclaim,EURUSD,2016-09-21 01:15:00+00:00,2016-09-21 01:30:00+00:00,2016-09-21 02:30:00+00:00,1,-0.9999999999999045,SL,False
S2-08,asia_reclaim,EURUSD,2016-09-21 02:45:00+00:00,2016-09-21 03:00:00+00:00,2016-09-21 03:00:00+00:00,-1,0.9999999999997453,TP,False
S2-08,asia_reclaim,EURUSD,2016-09-21 03:15:00+00:00,2016-09-21 03:30:00+00:00,2016-09-21 04:00:00+00:00,1,-1.000000000000156,SL,False
S2-08,asia_reclaim,EURUSD,2016-09-21 05:15:00+00:00,2016-09-21 05:30:00+00:00,2016-09-21 05:45:00+00:00,1,1.0000000000000902,TP,False
S2-08,asia_reclaim,EURUSD,2016-09-22 02:00:00+00:00,2016-09-22 02:15:00+00:00,2016-09-22 02:30:00+00:00,1,-0.9999999999999212,SL,False
S2-08,asia_reclaim,EURUSD,2016-09-22 02:30:00+00:00,2016-09-22 02:45:00+00:00,2016-09-22 03:45:00+00:00,1,0.999999999999851,TP,False
S2-08,asia_reclaim,EURUSD,2016-09-22 05:15:00+00:00,2016-09-22 05:30:00+00:00,2016-09-22 06:00:00+00:00,-1,-1.00000000000018,SL,False
S2-08,asia_reclaim,EURUSD,2016-09-22 06:15:00+00:00,2016-09-22 06:30:00+00:00,2016-09-22 07:00:00+00:00,-1,-1.0000000000000535,SL,False
S2-08,asia_reclaim,EURUSD,2016-09-23 01:30:00+00:00,2016-09-23 01:45:00+00:00,2016-09-23 01:45:00+00:00,1,-0.9999999999999212,SL,False
S2-08,asia_reclaim,EURUSD,2016-09-23 02:00:00+00:00,2016-09-23 02:15:00+00:00,2016-09-23 03:15:00+00:00,1,-1.0000000000000695,SL,False
S2-08,asia_reclaim,EURUSD,2016-09-23 03:15:00+00:00,2016-09-23 03:30:00+00:00,2016-09-23 06:15:00+00:00,1,0.9999999999998832,TP,False
S2-08,asia_reclaim,EURUSD,2016-09-26 03:00:00+00:00,2016-09-26 03:15:00+00:00,2016-09-26 03:15:00+00:00,1,-1.0000000000002847,SL,False
S2-08,asia_reclaim,EURUSD,2016-09-26 03:15:00+00:00,2016-09-26 03:30:00+00:00,2016-09-26 04:15:00+00:00,1,-1.0000000000001765,SL,False
S2-08,asia_reclaim,EURUSD,2016-09-26 04:30:00+00:00,2016-09-26 04:45:00+00:00,2016-09-26 05:30:00+00:00,1,-1.0000000000002747,SL,False
S2-08,asia_reclaim,EURUSD,2016-09-26 05:30:00+00:00,2016-09-26 05:45:00+00:00,2016-09-26 06:00:00+00:00,1,-1.0,SL,False
S2-08,asia_reclaim,EURUSD,2016-09-26 06:00:00+00:00,2016-09-26 06:15:00+00:00,2016-09-26 06:30:00+00:00,1,-0.9999999999998417,SL,False
S2-08,asia_reclaim,EURUSD,2016-09-28 01:00:00+00:00,2016-09-28 01:15:00+00:00,2016-09-28 02:15:00+00:00,1,-0.9999999999999184,SL,False
S2-08,asia_reclaim,EURUSD,2016-09-30 02:00:00+00:00,2016-09-30 02:15:00+00:00,2016-09-30 03:00:00+00:00,-1,0.9999999999997848,TP,False
S2-08,asia_reclaim,EURUSD,2016-09-30 06:45:00+00:00,2016-09-30 07:00:00+00:00,2016-09-30 07:00:00+00:00,1,-1.0000000000001177,SL,False
S2-08,asia_reclaim,EURUSD,2016-10-03 01:00:00+00:00,2016-10-03 01:15:00+00:00,2016-10-03 01:45:00+00:00,1,1.0,TP,False
S2-08,asia_reclaim,EURUSD,2016-10-04 04:00:00+00:00,2016-10-04 04:15:00+00:00,2016-10-04 04:15:00+00:00,1,1.0000000000000928,TP,False
S2-08,asia_reclaim,EURUSD,2016-10-04 04:45:00+00:00,2016-10-04 05:00:00+00:00,2016-10-04 05:30:00+00:00,1,-0.9999999999997309,SL,False
S2-08,asia_reclaim,EURUSD,2016-10-04 06:15:00+00:00,2016-10-04 06:30:00+00:00,2016-10-04 06:30:00+00:00,1,-1.0000000000001625,SL,False
S2-08,asia_reclaim,EURUSD,2016-10-05 02:15:00+00:00,2016-10-05 02:30:00+00:00,2016-10-05 03:15:00+00:00,-1,1.0000000000000686,TP,False
S2-08,asia_reclaim,EURUSD,2016-10-06 01:00:00+00:00,2016-10-06 01:15:00+00:00,2016-10-06 01:15:00+00:00,1,-0.9999999999998361,SL,False
S2-08,asia_reclaim,EURUSD,2016-10-06 04:00:00+00:00,2016-10-06 04:15:00+00:00,2016-10-06 05:00:00+00:00,1,-0.9999999999998053,SL,False
S2-08,asia_reclaim,EURUSD,2016-10-06 05:00:00+00:00,2016-10-06 05:15:00+00:00,2016-10-06 06:00:00+00:00,1,-0.9999999999998086,SL,False
S2-08,asia_reclaim,EURUSD,2016-10-06 06:15:00+00:00,2016-10-06 06:30:00+00:00,2016-10-06 07:00:00+00:00,1,1.0000000000001612,TP,False
S2-08,asia_reclaim,EURUSD,2016-10-07 01:00:00+00:00,2016-10-07 01:15:00+00:00,2016-10-07 01:15:00+00:00,1,-0.9999999999999265,SL,False
S2-08,asia_reclaim,EURUSD,2016-10-07 03:30:00+00:00,2016-10-07 03:45:00+00:00,2016-10-07 06:00:00+00:00,1,1.0000000000000808,TP,False
S2-08,asia_reclaim,EURUSD,2016-10-07 06:45:00+00:00,2016-10-07 07:00:00+00:00,2016-10-07 07:00:00+00:00,1,-1.000000000000169,SL,False
S2-08,asia_reclaim,EURUSD,2016-10-10 05:00:00+00:00,2016-10-10 05:15:00+00:00,2016-10-10 05:15:00+00:00,1,-1.0000000000000915,SL,False
S2-08,asia_reclaim,EURUSD,2016-10-11 01:00:00+00:00,2016-10-11 01:15:00+00:00,2016-10-11 01:30:00+00:00,1,-1.0000000000001894,SL,False
S2-08,asia_reclaim,EURUSD,2016-10-11 02:00:00+00:00,2016-10-11 02:15:00+00:00,2016-10-11 02:15:00+00:00,1,-1.0000000000000804,SL,False
S2-08,asia_reclaim,EURUSD,2016-10-11 02:15:00+00:00,2016-10-11 02:30:00+00:00,2016-10-11 03:00:00+00:00,1,0.9999999999997776,TP,False
S2-08,asia_reclaim,EURUSD,2016-10-11 06:00:00+00:00,2016-10-11 06:15:00+00:00,2016-10-11 06:15:00+00:00,1,1.0000000000001308,TP,False
S2-08,asia_reclaim,EURUSD,2016-10-13 01:00:00+00:00,2016-10-13 01:15:00+00:00,2016-10-13 01:45:00+00:00,1,0.9999999999997852,TP,False
S2-08,asia_reclaim,EURUSD,2016-10-13 01:45:00+00:00,2016-10-13 02:00:00+00:00,2016-10-13 02:00:00+00:00,-1,-1.0000000000001303,SL,False
S2-08,asia_reclaim,EURUSD,2016-10-13 02:30:00+00:00,2016-10-13 02:45:00+00:00,2016-10-13 03:00:00+00:00,-1,-1.0000000000001397,SL,False
S2-08,asia_reclaim,EURUSD,2016-10-13 03:00:00+00:00,2016-10-13 03:15:00+00:00,2016-10-13 03:30:00+00:00,-1,0.9999999999999578,TP,False
S2-08,asia_reclaim,EURUSD,2016-10-14 05:00:00+00:00,2016-10-14 05:15:00+00:00,2016-10-14 06:30:00+00:00,1,-1.0000000000000628,SL,False
S2-08,asia_reclaim,EURUSD,2016-10-14 06:30:00+00:00,2016-10-14 06:45:00+00:00,2016-10-14 06:45:00+00:00,1,-0.9999999999998669,SL,False
S2-08,asia_reclaim,EURUSD,2016-10-17 01:15:00+00:00,2016-10-17 01:30:00+00:00,2016-10-17 01:30:00+00:00,-1,-1.0,SL,False
S2-08,asia_reclaim,EURUSD,2016-10-17 01:45:00+00:00,2016-10-17 02:00:00+00:00,2016-10-17 02:30:00+00:00,-1,-1.0000000000001794,SL,False
S2-08,asia_reclaim,EURUSD,2016-10-17 04:30:00+00:00,2016-10-17 04:45:00+00:00,2016-10-17 04:45:00+00:00,-1,-1.0000000000001614,SL,False
S2-08,asia_reclaim,EURUSD,2016-10-17 06:30:00+00:00,2016-10-17 06:45:00+00:00,2016-10-17 06:45:00+00:00,-1,-0.9999999999999362,SL,False
S2-08,asia_reclaim,EURUSD,2016-10-18 06:00:00+00:00,2016-10-18 06:15:00+00:00,2016-10-18 06:30:00+00:00,1,1.0,TP,False
S2-08,asia_reclaim,EURUSD,2016-10-19 01:00:00+00:00,2016-10-19 01:15:00+00:00,2016-10-19 01:30:00+00:00,-1,-0.9999999999999041,SL,False
S2-08,asia_reclaim,EURUSD,2016-10-20 03:15:00+00:00,2016-10-20 03:30:00+00:00,2016-10-20 03:45:00+00:00,-1,0.9999999999998593,TP,False
S2-08,asia_reclaim,EURUSD,2016-10-20 04:15:00+00:00,2016-10-20 04:30:00+00:00,2016-10-20 05:00:00+00:00,1,-1.0,SL,False
S2-08,asia_reclaim,EURUSD,2016-10-20 05:45:00+00:00,2016-10-20 06:00:00+00:00,2016-10-20 06:00:00+00:00,1,-1.0,SL,False
S2-08,asia_reclaim,EURUSD,2016-10-21 01:00:00+00:00,2016-10-21 01:15:00+00:00,2016-10-21 01:30:00+00:00,1,-1.0,SL,False
S2-08,asia_reclaim,EURUSD,2016-10-21 02:15:00+00:00,2016-10-21 02:30:00+00:00,2016-10-21 02:30:00+00:00,1,-0.999999999999863,SL,False
S2-08,asia_reclaim,EURUSD,2016-10-21 02:30:00+00:00,2016-10-21 02:45:00+00:00,2016-10-21 02:45:00+00:00,1,1.000000000000188,TP,False
S2-08,asia_reclaim,EURUSD,2016-10-24 06:45:00+00:00,2016-10-24 07:00:00+00:00,2016-10-24 07:00:00+00:00,-1,0.9999999999998139,TP,False
S2-08,asia_reclaim,EURUSD,2016-10-25 01:30:00+00:00,2016-10-25 01:45:00+00:00,2016-10-25 02:30:00+00:00,-1,-1.000000000000086,SL,False
S2-08,asia_reclaim,EURUSD,2016-10-25 02:30:00+00:00,2016-10-25 02:45:00+00:00,2016-10-25 04:30:00+00:00,-1,-1.0000000000002518,SL,False
S2-08,asia_reclaim,EURUSD,2016-10-25 04:30:00+00:00,2016-10-25 04:45:00+00:00,2016-10-25 04:45:00+00:00,-1,-1.000000000000094,SL,False
S2-08,asia_reclaim,EURUSD,2016-10-25 05:00:00+00:00,2016-10-25 05:15:00+00:00,2016-10-25 05:30:00+00:00,-1,0.999999999999905,TP,False
S2-08,asia_reclaim,EURUSD,2016-10-25 05:45:00+00:00,2016-10-25 06:00:00+00:00,2016-10-25 06:00:00+00:00,-1,-1.0,SL,False
S2-08,asia_reclaim,EURUSD,2016-10-25 06:00:00+00:00,2016-10-25 06:15:00+00:00,2016-10-25 06:15:00+00:00,-1,1.0,TP,False
S2-08,asia_reclaim,EURUSD,2016-10-26 01:00:00+00:00,2016-10-26 01:15:00+00:00,2016-10-26 01:15:00+00:00,1,0.9999999999999146,TP,False
S2-08,asia_reclaim,EURUSD,2016-10-26 06:15:00+00:00,2016-10-26 06:30:00+00:00,2016-10-26 06:30:00+00:00,-1,-0.9999999999998065,SL,False
S2-08,asia_reclaim,EURUSD,2016-10-26 06:45:00+00:00,2016-10-26 07:00:00+00:00,2016-10-26 07:15:00+00:00,-1,-0.9999999999999355,SL,False
S2-08,asia_reclaim,EURUSD,2016-10-27 06:00:00+00:00,2016-10-27 06:15:00+00:00,2016-10-27 06:30:00+00:00,-1,0.9999999999999193,TP,False
S2-08,asia_reclaim,EURUSD,2016-10-31 01:15:00+00:00,2016-10-31 01:30:00+00:00,2016-10-31 02:15:00+00:00,1,-1.0000000000000566,SL,False
S2-08,asia_reclaim,EURUSD,2016-10-31 02:30:00+00:00,2016-10-31 02:45:00+00:00,2016-10-31 03:45:00+00:00,1,1.0000000000001108,TP,False
S2-08,asia_reclaim,EURUSD,2016-11-01 01:15:00+00:00,2016-11-01 01:30:00+00:00,2016-11-01 01:30:00+00:00,-1,0.9999999999999035,TP,False
S2-08,asia_reclaim,EURUSD,2016-11-01 03:00:00+00:00,2016-11-01 03:15:00+00:00,2016-11-01 03:45:00+00:00,1,-0.9999999999997331,SL,False
S2-08,asia_reclaim,EURUSD,2016-11-01 03:45:00+00:00,2016-11-01 04:00:00+00:00,2016-11-01 04:15:00+00:00,1,0.9999999999997341,TP,False
S2-08,asia_reclaim,EURUSD,2016-11-02 01:45:00+00:00,2016-11-02 02:00:00+00:00,2016-11-02 02:00:00+00:00,-1,-0.9999999999997453,SL,False
S2-08,asia_reclaim,EURUSD,2016-11-02 03:15:00+00:00,2016-11-02 03:30:00+00:00,2016-11-02 04:45:00+00:00,-1,-0.9999999999998549,SL,False
S2-08,asia_reclaim,EURUSD,2016-11-02 05:15:00+00:00,2016-11-02 05:30:00+00:00,2016-11-02 05:30:00+00:00,-1,0.9999999999997111,TP,False
S2-08,asia_reclaim,EURUSD,2016-11-03 01:00:00+00:00,2016-11-03 01:15:00+00:00,2016-11-03 01:30:00+00:00,-1,-1.0000000000001956,SL,True
S2-08,asia_reclaim,EURUSD,2016-11-03 02:00:00+00:00,2016-11-03 02:15:00+00:00,2016-11-03 02:15:00+00:00,-1,-0.9999999999997903,SL,False
S2-08,asia_reclaim,EURUSD,2016-11-04 01:15:00+00:00,2016-11-04 01:30:00+00:00,2016-11-04 01:30:00+00:00,-1,1.000000000000251,TP,False
S2-08,asia_reclaim,EURUSD,2016-11-04 02:15:00+00:00,2016-11-04 02:30:00+00:00,2016-11-04 05:45:00+00:00,1,-1.0000000000001292,SL,False
S2-08,asia_reclaim,EURUSD,2016-11-07 01:45:00+00:00,2016-11-07 02:00:00+00:00,2016-11-07 02:15:00+00:00,1,-0.9999999999998868,SL,False
S2-08,asia_reclaim,EURUSD,2016-11-07 02:45:00+00:00,2016-11-07 03:00:00+00:00,2016-11-07 05:15:00+00:00,1,-0.9999999999998926,SL,False
S2-08,asia_reclaim,EURUSD,2016-11-07 05:30:00+00:00,2016-11-07 05:45:00+00:00,2016-11-07 06:15:00+00:00,1,-1.0000000000000622,SL,False
S2-08,asia_reclaim,EURUSD,2016-11-07 06:30:00+00:00,2016-11-07 06:45:00+00:00,2016-11-07 07:00:00+00:00,1,-1.0000000000000688,SL,False
S2-08,asia_reclaim,EURUSD,2016-11-09 01:00:00+00:00,2016-11-09 01:15:00+00:00,2016-11-09 01:15:00+00:00,1,-0.9999999999999827,SL,False
S2-08,asia_reclaim,EURUSD,2016-11-09 03:30:00+00:00,2016-11-09 03:45:00+00:00,2016-11-09 04:00:00+00:00,-1,-0.9999999999999853,SL,False
S2-08,asia_reclaim,EURUSD,2016-11-10 01:00:00+00:00,2016-11-10 01:15:00+00:00,2016-11-10 01:30:00+00:00,1,0.9999999999999557,TP,False
S2-08,asia_reclaim,EURUSD,2016-11-10 01:30:00+00:00,2016-11-10 01:45:00+00:00,2016-11-10 02:00:00+00:00,-1,-1.0,SL,False
S2-08,asia_reclaim,EURUSD,2016-11-10 02:30:00+00:00,2016-11-10 02:45:00+00:00,2016-11-10 03:00:00+00:00,-1,0.999999999999879,TP,False
S2-08,asia_reclaim,EURUSD,2016-11-11 01:30:00+00:00,2016-11-11 01:45:00+00:00,2016-11-11 02:00:00+00:00,1,1.0,TP,False
S2-08,asia_reclaim,EURUSD,2016-11-11 02:00:00+00:00,2016-11-11 02:15:00+00:00,2016-11-11 02:15:00+00:00,-1,-1.0000000000001545,SL,False
S2-08,asia_reclaim,EURUSD,2016-11-11 02:30:00+00:00,2016-11-11 02:45:00+00:00,2016-11-11 03:15:00+00:00,-1,0.9999999999999241,TP,False
S2-08,asia_reclaim,EURUSD,2016-11-14 01:15:00+00:00,2016-11-14 01:30:00+00:00,2016-11-14 01:45:00+00:00,1,0.9999999999999389,TP,False
S2-08,asia_reclaim,EURUSD,2016-11-16 03:00:00+00:00,2016-11-16 03:15:00+00:00,2016-11-16 04:00:00+00:00,-1,1.000000000000087,TP,False
S2-08,asia_reclaim,EURUSD,2016-11-17 01:00:00+00:00,2016-11-17 01:15:00+00:00,2016-11-17 01:15:00+00:00,-1,-0.9999999999999091,SL,True
S2-08,asia_reclaim,EURUSD,2016-11-17 01:15:00+00:00,2016-11-17 01:30:00+00:00,2016-11-17 02:00:00+00:00,1,-0.9999999999999235,SL,False
S2-08,asia_reclaim,EURUSD,2016-11-18 01:30:00+00:00,2016-11-18 01:45:00+00:00,2016-11-18 02:00:00+00:00,1,0.999999999999919,TP,False
S2-08,asia_reclaim,EURUSD,2016-11-22 01:45:00+00:00,2016-11-22 02:00:00+00:00,2016-11-22 02:45:00+00:00,1,-0.9999999999998661,SL,False
S2-08,asia_reclaim,EURUSD,2016-11-22 02:45:00+00:00,2016-11-22 03:00:00+00:00,2016-11-22 06:30:00+00:00,1,-1.0000000000000442,SL,False
S2-08,asia_reclaim,EURUSD,2016-11-23 01:00:00+00:00,2016-11-23 01:15:00+00:00,2016-11-23 01:45:00+00:00,1,-0.9999999999998769,SL,False
S2-08,asia_reclaim,EURUSD,2016-11-24 01:00:00+00:00,2016-11-24 01:15:00+00:00,2016-11-24 01:15:00+00:00,1,0.99999999999986,TP,False
S2-08,asia_reclaim,EURUSD,2016-11-24 01:15:00+00:00,2016-11-24 01:30:00+00:00,2016-11-24 01:45:00+00:00,1,-1.000000000000089,SL,False
S2-08,asia_reclaim,EURUSD,2016-11-24 03:00:00+00:00,2016-11-24 03:15:00+00:00,2016-11-24 04:15:00+00:00,1,1.0,TP,False
S2-08,asia_reclaim,EURUSD,2016-11-24 05:00:00+00:00,2016-11-24 05:15:00+00:00,2016-11-24 05:30:00+00:00,-1,-1.0000000000001856,SL,False
S2-08,asia_reclaim,EURUSD,2016-11-24 05:45:00+00:00,2016-11-24 06:00:00+00:00,2016-11-24 06:15:00+00:00,-1,1.0000000000000624,TP,False
S2-08,asia_reclaim,EURUSD,2016-11-25 01:00:00+00:00,2016-11-25 01:15:00+00:00,2016-11-25 01:30:00+00:00,1,0.9999999999999173,TP,False
S2-08,asia_reclaim,EURUSD,2016-11-25 03:15:00+00:00,2016-11-25 03:30:00+00:00,2016-11-25 04:00:00+00:00,-1,-0.9999999999999672,SL,False
S2-08,asia_reclaim,EURUSD,2016-11-25 04:00:00+00:00,2016-11-25 04:15:00+00:00,2016-11-25 06:45:00+00:00,-1,-0.9999999999999625,SL,False
S2-08,asia_reclaim,EURUSD,2016-11-28 01:00:00+00:00,2016-11-28 01:15:00+00:00,2016-11-28 01:45:00+00:00,-1,-0.9999999999999032,SL,False
S2-08,asia_reclaim,EURUSD,2016-11-28 02:30:00+00:00,2016-11-28 02:45:00+00:00,2016-11-28 03:00:00+00:00,-1,1.0,TP,False
S2-08,asia_reclaim,EURUSD,2016-11-29 02:30:00+00:00,2016-11-29 02:45:00+00:00,2016-11-29 02:45:00+00:00,1,-1.0000000000001346,SL,False
S2-08,asia_reclaim,EURUSD,2016-11-29 02:45:00+00:00,2016-11-29 03:00:00+00:00,2016-11-29 03:30:00+00:00,1,-0.9999999999999569,SL,False
S2-08,asia_reclaim,EURUSD,2016-11-29 03:30:00+00:00,2016-11-29 03:45:00+00:00,2016-11-29 05:30:00+00:00,1,1.0000000000001275,TP,False
S2-08,asia_reclaim,EURUSD,2016-11-30 04:15:00+00:00,2016-11-30 04:30:00+00:00,2016-11-30 05:15:00+00:00,1,1.0000000000000535,TP,False
S2-08,asia_reclaim,EURUSD,2016-12-01 01:00:00+00:00,2016-12-01 01:15:00+00:00,2016-12-01 01:15:00+00:00,-1,0.9999999999998608,TP,False
S2-08,asia_reclaim,EURUSD,2016-12-01 03:15:00+00:00,2016-12-01 03:30:00+00:00,2016-12-01 05:15:00+00:00,-1,-0.999999999999877,SL,False
S2-08,asia_reclaim,EURUSD,2016-12-01 05:30:00+00:00,2016-12-01 05:45:00+00:00,2016-12-01 05:45:00+00:00,-1,-0.9999999999998896,SL,False
S2-08,asia_reclaim,EURUSD,2016-12-01 05:45:00+00:00,2016-12-01 06:00:00+00:00,2016-12-01 06:00:00+00:00,-1,-0.999999999999947,SL,False
S2-08,asia_reclaim,EURUSD,2016-12-02 01:15:00+00:00,2016-12-02 01:30:00+00:00,2016-12-02 01:45:00+00:00,-1,-0.999999999999947,SL,False
S2-08,asia_reclaim,EURUSD,2016-12-02 01:45:00+00:00,2016-12-02 02:00:00+00:00,2016-12-02 03:30:00+00:00,-1,-0.999999999999898,SL,False
S2-08,asia_reclaim,EURUSD,2016-12-02 04:00:00+00:00,2016-12-02 04:15:00+00:00,2016-12-02 04:15:00+00:00,-1,-0.9999999999999026,SL,False
S2-08,asia_reclaim,EURUSD,2016-12-05 01:00:00+00:00,2016-12-05 01:15:00+00:00,2016-12-05 05:00:00+00:00,1,-0.23336542821190773,TIME,False
S2-08,asia_reclaim,EURUSD,2016-12-06 02:00:00+00:00,2016-12-06 02:15:00+00:00,2016-12-06 02:30:00+00:00,-1,-1.0000000000001574,SL,False
S2-08,asia_reclaim,EURUSD,2016-12-06 06:00:00+00:00,2016-12-06 06:15:00+00:00,2016-12-06 06:15:00+00:00,1,-0.99999999999979,SL,False
S2-08,asia_reclaim,EURUSD,2016-12-06 06:15:00+00:00,2016-12-06 06:30:00+00:00,2016-12-06 06:30:00+00:00,1,-1.0000000000001283,SL,False
S2-08,asia_reclaim,EURUSD,2016-12-06 06:30:00+00:00,2016-12-06 06:45:00+00:00,2016-12-06 07:00:00+00:00,1,-1.0,SL,False
S2-08,asia_reclaim,EURUSD,2016-12-07 01:45:00+00:00,2016-12-07 02:00:00+00:00,2016-12-07 04:30:00+00:00,-1,-1.0000000000001446,SL,False
S2-08,asia_reclaim,EURUSD,2016-12-07 06:15:00+00:00,2016-12-07 06:30:00+00:00,2016-12-07 06:30:00+00:00,-1,1.000000000000086,TP,False
S2-08,asia_reclaim,EURUSD,2016-12-08 01:15:00+00:00,2016-12-08 01:30:00+00:00,2016-12-08 01:30:00+00:00,1,0.9999999999999366,TP,False
S2-08,asia_reclaim,EURUSD,2016-12-08 01:30:00+00:00,2016-12-08 01:45:00+00:00,2016-12-08 02:00:00+00:00,1,0.9999999999999463,TP,False
S2-08,asia_reclaim,EURUSD,2016-12-08 02:00:00+00:00,2016-12-08 02:15:00+00:00,2016-12-08 02:45:00+00:00,-1,-0.9999999999999467,SL,False
S2-08,asia_reclaim,EURUSD,2016-12-08 02:45:00+00:00,2016-12-08 03:00:00+00:00,2016-12-08 03:00:00+00:00,-1,-0.9999999999998601,SL,False
S2-08,asia_reclaim,EURUSD,2016-12-08 03:30:00+00:00,2016-12-08 03:45:00+00:00,2016-12-08 04:15:00+00:00,-1,0.999999999999862,TP,False
S2-08,asia_reclaim,EURUSD,2016-12-09 01:30:00+00:00,2016-12-09 01:45:00+00:00,2016-12-09 01:45:00+00:00,1,-0.9999999999999444,SL,False
S2-08,asia_reclaim,EURUSD,2016-12-09 02:00:00+00:00,2016-12-09 02:15:00+00:00,2016-12-09 02:15:00+00:00,1,-1.0000000000000921,SL,False
S2-08,asia_reclaim,EURUSD,2016-12-09 02:15:00+00:00,2016-12-09 02:30:00+00:00,2016-12-09 02:30:00+00:00,1,1.0000000000000917,TP,False
S2-08,asia_reclaim,EURUSD,2016-12-12 01:00:00+00:00,2016-12-12 01:15:00+00:00,2016-12-12 01:30:00+00:00,-1,-1.0000000000001164,SL,False
S2-08,asia_reclaim,EURUSD,2016-12-12 01:45:00+00:00,2016-12-12 02:00:00+00:00,2016-12-12 02:45:00+00:00,-1,-0.9999999999999147,SL,False
S2-08,asia_reclaim,EURUSD,2016-12-12 03:15:00+00:00,2016-12-12 03:30:00+00:00,2016-12-12 07:15:00+00:00,-1,-0.4539693841224635,TIME,False
S2-08,asia_reclaim,EURUSD,2016-12-13 01:00:00+00:00,2016-12-13 01:15:00+00:00,2016-12-13 01:30:00+00:00,1,-0.9999999999998883,SL,False
S2-08,asia_reclaim,EURUSD,2016-12-13 02:30:00+00:00,2016-12-13 02:45:00+00:00,2016-12-13 06:30:00+00:00,1,0.5423083029052231,TIME,False
S2-08,asia_reclaim,EURUSD,2016-12-14 01:45:00+00:00,2016-12-14 02:00:00+00:00,2016-12-14 02:15:00+00:00,-1,-1.0,SL,False
S2-08,asia_reclaim,EURUSD,2016-12-14 02:15:00+00:00,2016-12-14 02:30:00+00:00,2016-12-14 05:45:00+00:00,-1,-0.9999999999998408,SL,False
S2-08,asia_reclaim,EURUSD,2016-12-14 06:00:00+00:00,2016-12-14 06:15:00+00:00,2016-12-14 06:15:00+00:00,-1,-1.0,SL,False
S2-08,asia_reclaim,EURUSD,2016-12-14 06:30:00+00:00,2016-12-14 06:45:00+00:00,2016-12-14 07:00:00+00:00,-1,-0.9999999999999161,SL,False
S2-08,asia_reclaim,EURUSD,2016-12-15 02:00:00+00:00,2016-12-15 02:15:00+00:00,2016-12-15 06:00:00+00:00,-1,-0.19266523276584885,TIME,False
S2-08,asia_reclaim,EURUSD,2016-12-16 02:45:00+00:00,2016-12-16 03:00:00+00:00,2016-12-16 05:30:00+00:00,-1,-1.0000000000000464,SL,False
S2-08,asia_reclaim,EURUSD,2016-12-16 05:45:00+00:00,2016-12-16 06:00:00+00:00,2016-12-16 06:00:00+00:00,-1,-1.0000000000002036,SL,False
S2-08,asia_reclaim,EURUSD,2016-12-16 06:30:00+00:00,2016-12-16 06:45:00+00:00,2016-12-16 07:00:00+00:00,-1,1.0,TP,False
S2-08,asia_reclaim,EURUSD,2016-12-19 01:30:00+00:00,2016-12-19 01:45:00+00:00,2016-12-19 02:30:00+00:00,-1,1.0,TP,False
S2-08,asia_reclaim,EURUSD,2016-12-20 02:00:00+00:00,2016-12-20 02:15:00+00:00,2016-12-20 02:30:00+00:00,-1,-0.9999999999999487,SL,False
S2-08,asia_reclaim,EURUSD,2016-12-20 06:15:00+00:00,2016-12-20 06:30:00+00:00,2016-12-20 06:45:00+00:00,1,-1.0000000000001468,SL,False
S2-08,asia_reclaim,EURUSD,2016-12-20 06:45:00+00:00,2016-12-20 07:00:00+00:00,2016-12-20 07:15:00+00:00,1,1.000000000000147,TP,False
S2-08,asia_reclaim,EURUSD,2016-12-22 01:00:00+00:00,2016-12-22 01:15:00+00:00,2016-12-22 01:15:00+00:00,-1,-0.999999999999809,SL,False
S2-08,asia_reclaim,EURUSD,2016-12-22 01:45:00+00:00,2016-12-22 02:00:00+00:00,2016-12-22 02:15:00+00:00,-1,0.9999999999998894,TP,False
S2-08,asia_reclaim,EURUSD,2016-12-23 01:00:00+00:00,2016-12-23 01:15:00+00:00,2016-12-23 01:45:00+00:00,-1,-0.9999999999997529,SL,False
S2-08,asia_reclaim,EURUSD,2016-12-23 02:00:00+00:00,2016-12-23 02:15:00+00:00,2016-12-23 04:45:00+00:00,-1,-0.9999999999997595,SL,False
S2-08,asia_reclaim,EURUSD,2016-12-23 06:00:00+00:00,2016-12-23 06:15:00+00:00,2016-12-23 06:15:00+00:00,-1,-1.000000000000109,SL,True
S2-08,asia_reclaim,EURUSD,2016-12-26 04:30:00+00:00,2016-12-26 04:45:00+00:00,2016-12-26 04:45:00+00:00,-1,-1.0,SL,False
S2-08,asia_reclaim,EURUSD,2016-12-26 04:45:00+00:00,2016-12-26 05:00:00+00:00,2016-12-26 05:30:00+00:00,-1,-0.9999999999997314,SL,False
S2-08,asia_reclaim,EURUSD,2016-12-26 05:30:00+00:00,2016-12-26 05:45:00+00:00,2016-12-26 06:00:00+00:00,-1,0.9999999999997242,TP,False
S2-08,asia_reclaim,EURUSD,2016-12-26 06:45:00+00:00,2016-12-26 07:00:00+00:00,2016-12-26 07:45:00+00:00,-1,0.9999999999999202,TP,False
S2-08,asia_reclaim,EURUSD,2016-12-27 01:30:00+00:00,2016-12-27 01:45:00+00:00,2016-12-27 01:45:00+00:00,1,-0.9999999999999424,SL,False
S2-08,asia_reclaim,EURUSD,2016-12-28 01:45:00+00:00,2016-12-28 02:00:00+00:00,2016-12-28 05:15:00+00:00,-1,-0.9999999999998544,SL,False
S2-08,asia_reclaim,EURUSD,2016-12-28 05:45:00+00:00,2016-12-28 06:00:00+00:00,2016-12-28 06:15:00+00:00,-1,0.9999999999997409,TP,False
S2-08,asia_reclaim,EURUSD,2016-12-29 01:45:00+00:00,2016-12-29 02:00:00+00:00,2016-12-29 03:30:00+00:00,-1,-0.9999999999999535,SL,False
S2-08,asia_reclaim,EURUSD,2016-12-29 04:45:00+00:00,2016-12-29 05:00:00+00:00,2016-12-29 05:00:00+00:00,-1,-1.0000000000000537,SL,False
S2-08,asia_reclaim,EURUSD,2016-12-29 05:15:00+00:00,2016-12-29 05:30:00+00:00,2016-12-29 06:15:00+00:00,-1,1.0000000000001026,TP,False
S2-08,asia_reclaim,EURUSD,2016-12-30 02:15:00+00:00,2016-12-30 02:30:00+00:00,2016-12-30 06:15:00+00:00,1,0.05464626688303428,TIME,False
S2-08,asia_reclaim,EURUSD,2017-01-02 03:30:00+00:00,2017-01-02 03:45:00+00:00,2017-01-02 03:45:00+00:00,1,-1.0,SL,False
S2-08,asia_reclaim,EURUSD,2017-01-02 04:15:00+00:00,2017-01-02 04:30:00+00:00,2017-01-02 04:30:00+00:00,1,-1.0000000000003753,SL,False
S2-08,asia_reclaim,EURUSD,2017-01-02 06:00:00+00:00,2017-01-02 06:15:00+00:00,2017-01-02 06:30:00+00:00,1,0.9999999999998721,TP,False
S2-08,asia_reclaim,EURUSD,2017-01-03 04:00:00+00:00,2017-01-03 04:15:00+00:00,2017-01-03 04:45:00+00:00,-1,-0.9999999999998765,SL,False
S2-08,asia_reclaim,EURUSD,2017-01-03 05:00:00+00:00,2017-01-03 05:15:00+00:00,2017-01-03 06:00:00+00:00,-1,0.9999999999999226,TP,False
S2-08,asia_reclaim,EURUSD,2017-01-04 01:00:00+00:00,2017-01-04 01:15:00+00:00,2017-01-04 02:00:00+00:00,1,1.0,TP,False
S2-08,asia_reclaim,EURUSD,2017-01-05 01:00:00+00:00,2017-01-05 01:15:00+00:00,2017-01-05 01:15:00+00:00,-1,0.9999999999999486,TP,False
S2-08,asia_reclaim,EURUSD,2017-01-06 01:00:00+00:00,2017-01-06 01:15:00+00:00,2017-01-06 01:15:00+00:00,1,-0.999999999999923,SL,False
S2-08,asia_reclaim,EURUSD,2017-01-06 01:30:00+00:00,2017-01-06 01:45:00+00:00,2017-01-06 02:15:00+00:00,1,0.9999999999998977,TP,False
S2-08,asia_reclaim,EURUSD,2017-01-06 06:45:00+00:00,2017-01-06 07:00:00+00:00,2017-01-06 07:15:00+00:00,1,1.0,TP,False
S2-08,asia_reclaim,EURUSD,2017-01-09 01:45:00+00:00,2017-01-09 02:00:00+00:00,2017-01-09 02:30:00+00:00,-1,1.0000000000001008,TP,False
S2-08,asia_reclaim,EURUSD,2017-01-09 05:45:00+00:00,2017-01-09 06:00:00+00:00,2017-01-09 06:15:00+00:00,1,-0.9999999999999315,SL,False
S2-08,asia_reclaim,EURUSD,2017-01-10 03:00:00+00:00,2017-01-10 03:15:00+00:00,2017-01-10 03:30:00+00:00,-1,-1.0000000000001052,SL,False
S2-08,asia_reclaim,EURUSD,2017-01-11 01:00:00+00:00,2017-01-11 01:15:00+00:00,2017-01-11 01:15:00+00:00,1,0.9999999999998772,TP,False
S2-08,asia_reclaim,EURUSD,2017-01-11 01:45:00+00:00,2017-01-11 02:00:00+00:00,2017-01-11 02:15:00+00:00,-1,1.0,TP,False
S2-08,asia_reclaim,EURUSD,2017-01-11 06:45:00+00:00,2017-01-11 07:00:00+00:00,2017-01-11 07:00:00+00:00,-1,0.9999999999999498,TP,False
S2-08,asia_reclaim,EURUSD,2017-01-12 02:15:00+00:00,2017-01-12 02:30:00+00:00,2017-01-12 02:30:00+00:00,-1,-1.0000000000000329,SL,False
S2-08,asia_reclaim,EURUSD,2017-01-12 02:45:00+00:00,2017-01-12 03:00:00+00:00,2017-01-12 03:45:00+00:00,-1,-1.0,SL,False
S2-08,asia_reclaim,EURUSD,2017-01-12 06:00:00+00:00,2017-01-12 06:15:00+00:00,2017-01-12 06:15:00+00:00,-1,-1.000000000000041,SL,False
S2-08,asia_reclaim,EURUSD,2017-01-12 06:15:00+00:00,2017-01-12 06:30:00+00:00,2017-01-12 06:30:00+00:00,-1,-1.0,SL,False
S2-08,asia_reclaim,EURUSD,2017-01-13 01:30:00+00:00,2017-01-13 01:45:00+00:00,2017-01-13 02:30:00+00:00,-1,0.9999999999999515,TP,False
S2-08,asia_reclaim,EURUSD,2017-01-13 02:45:00+00:00,2017-01-13 03:00:00+00:00,2017-01-13 04:30:00+00:00,1,1.0,TP,False
S2-08,asia_reclaim,EURUSD,2017-01-16 01:15:00+00:00,2017-01-16 01:30:00+00:00,2017-01-16 01:30:00+00:00,1,-1.000000000000068,SL,False
S2-08,asia_reclaim,EURUSD,2017-01-16 01:45:00+00:00,2017-01-16 02:00:00+00:00,2017-01-16 02:00:00+00:00,1,-1.000000000000094,SL,False
S2-08,asia_reclaim,EURUSD,2017-01-16 04:00:00+00:00,2017-01-16 04:15:00+00:00,2017-01-16 04:45:00+00:00,1,0.9999999999999561,TP,False
S2-08,asia_reclaim,EURUSD,2017-01-17 01:45:00+00:00,2017-01-17 02:00:00+00:00,2017-01-17 02:15:00+00:00,1,0.9999999999999504,TP,False
S2-08,asia_reclaim,EURUSD,2017-01-17 04:15:00+00:00,2017-01-17 04:30:00+00:00,2017-01-17 04:30:00+00:00,-1,-1.0000000000000893,SL,False
S2-08,asia_reclaim,EURUSD,2017-01-17 04:45:00+00:00,2017-01-17 05:00:00+00:00,2017-01-17 05:00:00+00:00,-1,-1.0,SL,False
S2-08,asia_reclaim,EURUSD,2017-01-17 05:15:00+00:00,2017-01-17 05:30:00+00:00,2017-01-17 05:45:00+00:00,-1,-1.000000000000044,SL,False
S2-08,asia_reclaim,EURUSD,2017-01-17 06:00:00+00:00,2017-01-17 06:15:00+00:00,2017-01-17 06:45:00+00:00,-1,0.999999999999887,TP,False
S2-08,asia_reclaim,EURUSD,2017-01-18 01:00:00+00:00,2017-01-18 01:15:00+00:00,2017-01-18 01:15:00+00:00,-1,1.0000000000001554,TP,False
S2-08,asia_reclaim,EURUSD,2017-01-18 01:15:00+00:00,2017-01-18 01:30:00+00:00,2017-01-18 02:15:00+00:00,1,-1.0000000000000484,SL,False
S2-08,asia_reclaim,EURUSD,2017-01-18 05:45:00+00:00,2017-01-18 06:00:00+00:00,2017-01-18 06:30:00+00:00,1,0.9999999999998123,TP,False
S2-08,asia_reclaim,EURUSD,2017-01-19 03:30:00+00:00,2017-01-19 03:45:00+00:00,2017-01-19 05:15:00+00:00,-1,1.0,TP,False
S2-08,asia_reclaim,EURUSD,2017-01-20 01:15:00+00:00,2017-01-20 01:30:00+00:00,2017-01-20 01:30:00+00:00,-1,-0.9999999999998479,SL,False
S2-08,asia_reclaim,EURUSD,2017-01-20 03:30:00+00:00,2017-01-20 03:45:00+00:00,2017-01-20 04:30:00+00:00,-1,1.0000000000001283,TP,False
S2-08,asia_reclaim,EURUSD,2017-01-23 02:00:00+00:00,2017-01-23 02:15:00+00:00,2017-01-23 05:30:00+00:00,-1,1.000000000000073,TP,False
S2-08,asia_reclaim,EURUSD,2017-01-23 06:15:00+00:00,2017-01-23 06:30:00+00:00,2017-01-23 06:45:00+00:00,-1,1.0,TP,False
S2-08,asia_reclaim,EURUSD,2017-01-24 01:00:00+00:00,2017-01-24 01:15:00+00:00,2017-01-24 01:15:00+00:00,1,-1.000000000000137,SL,False
S2-08,asia_reclaim,EURUSD,2017-01-24 03:30:00+00:00,2017-01-24 03:45:00+00:00,2017-01-24 04:00:00+00:00,-1,1.0,TP,False
S2-08,asia_reclaim,EURUSD,2017-01-25 01:00:00+00:00,2017-01-25 01:15:00+00:00,2017-01-25 01:15:00+00:00,1,0.9999999999998754,TP,False
S2-08,asia_reclaim,EURUSD,2017-01-25 01:15:00+00:00,2017-01-25 01:30:00+00:00,2017-01-25 02:15:00+00:00,1,1.0000000000001115,TP,False
S2-08,asia_reclaim,EURUSD,2017-01-25 02:15:00+00:00,2017-01-25 02:30:00+00:00,2017-01-25 05:30:00+00:00,-1,1.0000000000001477,TP,False
S2-08,asia_reclaim,EURUSD,2017-01-25 06:30:00+00:00,2017-01-25 06:45:00+00:00,2017-01-25 07:00:00+00:00,1,-1.0,SL,False
S2-08,asia_reclaim,EURUSD,2017-01-26 01:30:00+00:00,2017-01-26 01:45:00+00:00,2017-01-26 02:00:00+00:00,-1,0.999999999999822,TP,False
S2-08,asia_reclaim,EURUSD,2017-01-26 06:45:00+00:00,2017-01-26 07:00:00+00:00,2017-01-26 07:00:00+00:00,1,-1.0000000000002147,SL,True
S2-08,asia_reclaim,EURUSD,2017-01-27 01:15:00+00:00,2017-01-27 01:30:00+00:00,2017-01-27 02:00:00+00:00,1,1.0000000000000526,TP,False
S2-08,asia_reclaim,EURUSD,2017-01-27 02:00:00+00:00,2017-01-27 02:15:00+00:00,2017-01-27 03:15:00+00:00,-1,0.9999999999998372,TP,False
S2-08,asia_reclaim,EURUSD,2017-01-27 04:00:00+00:00,2017-01-27 04:15:00+00:00,2017-01-27 06:00:00+00:00,1,-1.0000000000001696,SL,False
S2-08,asia_reclaim,EURUSD,2017-01-27 06:45:00+00:00,2017-01-27 07:00:00+00:00,2017-01-27 07:15:00+00:00,1,1.0000000000001281,TP,False
S2-08,asia_reclaim,EURUSD,2017-01-30 01:00:00+00:00,2017-01-30 01:15:00+00:00,2017-01-30 01:15:00+00:00,-1,-0.9999999999999093,SL,False
S2-08,asia_reclaim,EURUSD,2017-01-30 01:45:00+00:00,2017-01-30 02:00:00+00:00,2017-01-30 02:45:00+00:00,-1,1.0000000000001588,TP,False
S2-08,asia_reclaim,EURUSD,2017-01-31 02:15:00+00:00,2017-01-31 02:30:00+00:00,2017-01-31 02:45:00+00:00,1,0.9999999999999427,TP,False
S2-08,asia_reclaim,EURUSD,2017-02-01 01:00:00+00:00,2017-02-01 01:15:00+00:00,2017-02-01 02:45:00+00:00,1,0.9999999999998289,TP,False
S2-08,asia_reclaim,EURUSD,2017-02-01 04:15:00+00:00,2017-02-01 04:30:00+00:00,2017-02-01 06:00:00+00:00,1,-0.9999999999998403,SL,False
S2-08,asia_reclaim,EURUSD,2017-02-02 01:00:00+00:00,2017-02-02 01:15:00+00:00,2017-02-02 03:00:00+00:00,-1,-1.000000000000167,SL,False
S2-08,asia_reclaim,EURUSD,2017-02-02 03:00:00+00:00,2017-02-02 03:15:00+00:00,2017-02-02 03:45:00+00:00,-1,-0.9999999999998983,SL,False
S2-08,asia_reclaim,EURUSD,2017-02-02 03:45:00+00:00,2017-02-02 04:00:00+00:00,2017-02-02 04:45:00+00:00,-1,0.9999999999998278,TP,False
S2-08,asia_reclaim,EURUSD,2017-02-02 05:45:00+00:00,2017-02-02 06:00:00+00:00,2017-02-02 06:45:00+00:00,-1,0.9999999999998602,TP,False
S2-08,asia_reclaim,EURUSD,2017-02-03 01:00:00+00:00,2017-02-03 01:15:00+00:00,2017-02-03 01:15:00+00:00,1,0.9999999999998757,TP,False
S2-08,asia_reclaim,EURUSD,2017-02-06 04:45:00+00:00,2017-02-06 05:00:00+00:00,2017-02-06 06:15:00+00:00,1,-1.0,SL,False
S2-08,asia_reclaim,EURUSD,2017-02-06 06:15:00+00:00,2017-02-06 06:30:00+00:00,2017-02-06 06:30:00+00:00,1,-1.000000000000083,SL,False
S2-08,asia_reclaim,EURUSD,2017-02-07 01:00:00+00:00,2017-02-07 01:15:00+00:00,2017-02-07 01:30:00+00:00,1,1.0000000000000608,TP,False
S2-08,asia_reclaim,EURUSD,2017-02-07 06:45:00+00:00,2017-02-07 07:00:00+00:00,2017-02-07 07:15:00+00:00,1,-1.0000000000001574,SL,False
S2-08,asia_reclaim,EURUSD,2017-02-08 01:30:00+00:00,2017-02-08 01:45:00+00:00,2017-02-08 04:30:00+00:00,-1,1.000000000000159,TP,False
S2-08,asia_reclaim,EURUSD,2017-02-09 01:00:00+00:00,2017-02-09 01:15:00+00:00,2017-02-09 01:15:00+00:00,1,-1.0000000000001987,SL,False
S2-08,asia_reclaim,EURUSD,2017-02-09 01:15:00+00:00,2017-02-09 01:30:00+00:00,2017-02-09 02:15:00+00:00,1,-1.0,SL,False
S2-08,asia_reclaim,EURUSD,2017-02-09 02:15:00+00:00,2017-02-09 02:30:00+00:00,2017-02-09 02:45:00+00:00,1,0.9999999999999316,TP,False
S2-08,asia_reclaim,EURUSD,2017-02-09 05:30:00+00:00,2017-02-09 05:45:00+00:00,2017-02-09 05:45:00+00:00,1,1.0000000000001612,TP,False
S2-08,asia_reclaim,EURUSD,2017-02-09 06:30:00+00:00,2017-02-09 06:45:00+00:00,2017-02-09 06:45:00+00:00,1,-0.9999999999999214,SL,False
S2-08,asia_reclaim,EURUSD,2017-02-10 01:00:00+00:00,2017-02-10 01:15:00+00:00,2017-02-10 01:15:00+00:00,-1,-1.0000000000001856,SL,False
S2-08,asia_reclaim,EURUSD,2017-02-10 01:15:00+00:00,2017-02-10 01:30:00+00:00,2017-02-10 03:15:00+00:00,-1,-0.9999999999998239,SL,False
S2-08,asia_reclaim,EURUSD,2017-02-10 03:15:00+00:00,2017-02-10 03:30:00+00:00,2017-02-10 04:00:00+00:00,-1,0.9999999999999417,TP,False
S2-08,asia_reclaim,EURUSD,2017-02-13 06:00:00+00:00,2017-02-13 06:15:00+00:00,2017-02-13 06:15:00+00:00,-1,-1.0,SL,False
S2-08,asia_reclaim,EURUSD,2017-02-13 06:15:00+00:00,2017-02-13 06:30:00+00:00,2017-02-13 06:30:00+00:00,-1,-1.0,SL,False
S2-08,asia_reclaim,EURUSD,2017-02-14 02:15:00+00:00,2017-02-14 02:30:00+00:00,2017-02-14 03:00:00+00:00,1,1.0000000000000657,TP,False
S2-08,asia_reclaim,EURUSD,2017-02-14 04:15:00+00:00,2017-02-14 04:30:00+00:00,2017-02-14 04:45:00+00:00,-1,-0.999999999999919,SL,False
S2-08,asia_reclaim,EURUSD,2017-02-14 04:45:00+00:00,2017-02-14 05:00:00+00:00,2017-02-14 05:30:00+00:00,-1,-0.9999999999998253,SL,False
S2-08,asia_reclaim,EURUSD,2017-02-14 05:45:00+00:00,2017-02-14 06:00:00+00:00,2017-02-14 06:00:00+00:00,-1,1.0,TP,False
S2-08,asia_reclaim,EURUSD,2017-02-14 06:45:00+00:00,2017-02-14 07:00:00+00:00,2017-02-14 07:00:00+00:00,-1,0.9999999999997865,TP,False
S2-08,asia_reclaim,EURUSD,2017-02-15 01:00:00+00:00,2017-02-15 01:15:00+00:00,2017-02-15 01:30:00+00:00,1,1.0000000000002187,TP,False
S2-08,asia_reclaim,EURUSD,2017-02-15 03:30:00+00:00,2017-02-15 03:45:00+00:00,2017-02-15 04:45:00+00:00,-1,0.99999999999979,TP,False
S2-08,asia_reclaim,EURUSD,2017-02-16 01:00:00+00:00,2017-02-16 01:15:00+00:00,2017-02-16 01:30:00+00:00,-1,1.0000000000000955,TP,False
S2-08,asia_reclaim,EURUSD,2017-02-16 05:30:00+00:00,2017-02-16 05:45:00+00:00,2017-02-16 06:15:00+00:00,-1,1.0000000000000835,TP,False
S2-08,asia_reclaim,EURUSD,2017-02-17 02:30:00+00:00,2017-02-17 02:45:00+00:00,2017-02-17 03:00:00+00:00,-1,-1.000000000000228,SL,False
S2-08,asia_reclaim,EURUSD,2017-02-20 01:00:00+00:00,2017-02-20 01:15:00+00:00,2017-02-20 01:15:00+00:00,1,-1.0000000000001399,SL,False
S2-08,asia_reclaim,EURUSD,2017-02-20 01:45:00+00:00,2017-02-20 02:00:00+00:00,2017-02-20 04:30:00+00:00,1,0.9999999999998587,TP,False
S2-08,asia_reclaim,EURUSD,2017-02-21 01:15:00+00:00,2017-02-21 01:30:00+00:00,2017-02-21 02:30:00+00:00,1,-1.0000000000001164,SL,False
S2-08,asia_reclaim,EURUSD,2017-02-21 02:30:00+00:00,2017-02-21 02:45:00+00:00,2017-02-21 06:00:00+00:00,1,0.9999999999999426,TP,False
S2-08,asia_reclaim,EURUSD,2017-02-22 01:45:00+00:00,2017-02-22 02:00:00+00:00,2017-02-22 04:00:00+00:00,-1,1.0000000000000666,TP,False
S2-08,asia_reclaim,EURUSD,2017-02-22 06:45:00+00:00,2017-02-22 07:00:00+00:00,2017-02-22 07:00:00+00:00,1,-1.0,SL,False
S2-08,asia_reclaim,EURUSD,2017-02-23 03:15:00+00:00,2017-02-23 03:30:00+00:00,2017-02-23 03:30:00+00:00,-1,-1.0,SL,False
S2-08,asia_reclaim,EURUSD,2017-02-23 04:00:00+00:00,2017-02-23 04:15:00+00:00,2017-02-23 05:15:00+00:00,-1,-1.0000000000000706,SL,False
S2-08,asia_reclaim,EURUSD,2017-02-24 01:00:00+00:00,2017-02-24 01:15:00+00:00,2017-02-24 02:15:00+00:00,1,-0.9999999999999243,SL,False
S2-08,asia_reclaim,EURUSD,2017-02-24 02:15:00+00:00,2017-02-24 02:30:00+00:00,2017-02-24 03:15:00+00:00,1,1.0000000000002514,TP,False
S2-08,asia_reclaim,EURUSD,2017-02-24 06:15:00+00:00,2017-02-24 06:30:00+00:00,2017-02-24 06:30:00+00:00,-1,0.9999999999997264,TP,False
S2-08,asia_reclaim,EURUSD,2017-02-27 01:30:00+00:00,2017-02-27 01:45:00+00:00,2017-02-27 02:30:00+00:00,-1,1.0000000000001756,TP,False
S2-08,asia_reclaim,EURUSD,2017-02-28 01:45:00+00:00,2017-02-28 02:00:00+00:00,2017-02-28 03:30:00+00:00,-1,-1.0000000000001439,SL,False
S2-08,asia_reclaim,EURUSD,2017-02-28 06:15:00+00:00,2017-02-28 06:30:00+00:00,2017-02-28 06:45:00+00:00,-1,-1.0000000000001603,SL,False
S2-08,asia_reclaim,EURUSD,2017-02-28 06:45:00+00:00,2017-02-28 07:00:00+00:00,2017-02-28 07:00:00+00:00,-1,1.0,TP,False
S2-08,asia_reclaim,EURUSD,2017-03-01 01:15:00+00:00,2017-03-01 01:30:00+00:00,2017-03-01 01:30:00+00:00,1,1.0000000000001439,TP,False
S2-08,asia_reclaim,EURUSD,2017-03-01 02:00:00+00:00,2017-03-01 02:15:00+00:00,2017-03-01 02:15:00+00:00,-1,-1.0000000000001035,SL,False
S2-08,asia_reclaim,EURUSD,2017-03-01 03:45:00+00:00,2017-03-01 04:00:00+00:00,2017-03-01 07:00:00+00:00,1,-1.0000000000000306,SL,False
S2-08,asia_reclaim,EURUSD,2017-03-02 01:00:00+00:00,2017-03-02 01:15:00+00:00,2017-03-02 01:15:00+00:00,-1,-1.0,SL,False
S2-08,asia_reclaim,EURUSD,2017-03-02 02:00:00+00:00,2017-03-02 02:15:00+00:00,2017-03-02 06:00:00+00:00,1,0.5046924476666714,TIME,False
S2-08,asia_reclaim,EURUSD,2017-03-03 02:00:00+00:00,2017-03-03 02:15:00+00:00,2017-03-03 02:45:00+00:00,-1,-1.0,SL,False
S2-08,asia_reclaim,EURUSD,2017-03-03 03:45:00+00:00,2017-03-03 04:00:00+00:00,2017-03-03 05:30:00+00:00,-1,0.9999999999997868,TP,False
S2-08,asia_reclaim,EURUSD,2017-03-06 03:45:00+00:00,2017-03-06 04:00:00+00:00,2017-03-06 04:45:00+00:00,1,-1.0,SL,False
S2-08,asia_reclaim,EURUSD,2017-03-06 05:15:00+00:00,2017-03-06 05:30:00+00:00,2017-03-06 06:30:00+00:00,1,-1.0000000000002056,SL,False
S2-08,asia_reclaim,EURUSD,2017-03-06 06:45:00+00:00,2017-03-06 07:00:00+00:00,2017-03-06 07:00:00+00:00,1,1.0,TP,False
S2-08,asia_reclaim,EURUSD,2017-03-07 01:45:00+00:00,2017-03-07 02:00:00+00:00,2017-03-07 02:45:00+00:00,-1,-1.000000000000155,SL,False
S2-08,asia_reclaim,EURUSD,2017-03-08 01:00:00+00:00,2017-03-08 01:15:00+00:00,2017-03-08 01:30:00+00:00,-1,0.9999999999999033,TP,False
S2-08,asia_reclaim,EURUSD,2017-03-08 01:45:00+00:00,2017-03-08 02:00:00+00:00,2017-03-08 02:15:00+00:00,1,-0.9999999999999002,SL,False
S2-08,asia_reclaim,EURUSD,2017-03-08 05:00:00+00:00,2017-03-08 05:15:00+00:00,2017-03-08 06:00:00+00:00,1,1.0000000000001001,TP,False
S2-08,asia_reclaim,EURUSD,2017-03-09 03:00:00+00:00,2017-03-09 03:15:00+00:00,2017-03-09 03:30:00+00:00,1,-1.0000000000002311,SL,False
S2-08,asia_reclaim,EURUSD,2017-03-09 04:00:00+00:00,2017-03-09 04:15:00+00:00,2017-03-09 06:30:00+00:00,1,0.9999999999997538,TP,False
S2-08,asia_reclaim,EURUSD,2017-03-10 02:45:00+00:00,2017-03-10 03:00:00+00:00,2017-03-10 03:30:00+00:00,-1,-0.9999999999998649,SL,False
S2-08,asia_reclaim,EURUSD,2017-03-10 03:30:00+00:00,2017-03-10 03:45:00+00:00,2017-03-10 05:00:00+00:00,-1,-1.0000000000002254,SL,False
S2-08,asia_reclaim,EURUSD,2017-03-10 05:00:00+00:00,2017-03-10 05:15:00+00:00,2017-03-10 05:15:00+00:00,-1,-1.0,SL,False
S2-08,asia_reclaim,EURUSD,2017-03-13 01:00:00+00:00,2017-03-13 01:15:00+00:00,2017-03-13 02:00:00+00:00,1,1.0000000000000697,TP,False
S2-08,asia_reclaim,EURUSD,2017-03-13 02:45:00+00:00,2017-03-13 03:00:00+00:00,2017-03-13 03:00:00+00:00,-1,-0.9999999999998751,SL,False
S2-08,asia_reclaim,EURUSD,2017-03-13 03:15:00+00:00,2017-03-13 03:30:00+00:00,2017-03-13 03:45:00+00:00,-1,-0.9999999999998638,SL,False
S2-08,asia_reclaim,EURUSD,2017-03-14 01:45:00+00:00,2017-03-14 02:00:00+00:00,2017-03-14 03:00:00+00:00,-1,1.0,TP,False
S2-08,asia_reclaim,EURUSD,2017-03-14 06:00:00+00:00,2017-03-14 06:15:00+00:00,2017-03-14 06:30:00+00:00,-1,1.0000000000001779,TP,False
S2-08,asia_reclaim,EURUSD,2017-03-15 01:15:00+00:00,2017-03-15 01:30:00+00:00,2017-03-15 01:30:00+00:00,-1,0.9999999999998895,TP,False
S2-08,asia_reclaim,EURUSD,2017-03-16 01:15:00+00:00,2017-03-16 01:30:00+00:00,2017-03-16 01:45:00+00:00,1,-0.9999999999998813,SL,False
S2-08,asia_reclaim,EURUSD,2017-03-16 02:30:00+00:00,2017-03-16 02:45:00+00:00,2017-03-16 05:30:00+00:00,1,0.999999999999828,TP,False
S2-08,asia_reclaim,EURUSD,2017-03-17 03:00:00+00:00,2017-03-17 03:15:00+00:00,2017-03-17 05:00:00+00:00,-1,1.0000000000002023,TP,False
S2-08,asia_reclaim,EURUSD,2017-03-17 06:30:00+00:00,2017-03-17 06:45:00+00:00,2017-03-17 06:45:00+00:00,-1,-1.0000000000003397,SL,False
S2-08,asia_reclaim,EURUSD,2017-03-20 02:00:00+00:00,2017-03-20 02:15:00+00:00,2017-03-20 02:30:00+00:00,-1,-1.0,SL,False
S2-08,asia_reclaim,EURUSD,2017-03-20 04:30:00+00:00,2017-03-20 04:45:00+00:00,2017-03-20 06:00:00+00:00,-1,1.000000000000317,TP,False
S2-08,asia_reclaim,EURUSD,2017-03-21 01:00:00+00:00,2017-03-21 01:15:00+00:00,2017-03-21 02:45:00+00:00,-1,0.99999999999991,TP,False
S2-08,asia_reclaim,EURUSD,2017-03-21 06:30:00+00:00,2017-03-21 06:45:00+00:00,2017-03-21 06:45:00+00:00,-1,-0.999999999999763,SL,False
S2-08,asia_reclaim,EURUSD,2017-03-22 02:15:00+00:00,2017-03-22 02:30:00+00:00,2017-03-22 04:30:00+00:00,1,0.9999999999999292,TP,False
S2-08,asia_reclaim,EURUSD,2017-03-23 01:00:00+00:00,2017-03-23 01:15:00+00:00,2017-03-23 01:30:00+00:00,1,-1.0,SL,False
S2-08,asia_reclaim,EURUSD,2017-03-24 02:00:00+00:00,2017-03-24 02:15:00+00:00,2017-03-24 02:15:00+00:00,1,-1.000000000000068,SL,False
S2-08,asia_reclaim,EURUSD,2017-03-24 02:15:00+00:00,2017-03-24 02:30:00+00:00,2017-03-24 03:00:00+00:00,1,0.9999999999999367,TP,False
S2-08,asia_reclaim,EURUSD,2017-03-27 01:00:00+00:00,2017-03-27 01:15:00+00:00,2017-03-27 02:00:00+00:00,-1,0.9999999999998899,TP,False
S2-08,asia_reclaim,EURUSD,2017-03-27 03:30:00+00:00,2017-03-27 03:45:00+00:00,2017-03-27 04:30:00+00:00,-1,1.000000000000083,TP,False
S2-08,asia_reclaim,EURUSD,2017-03-27 05:45:00+00:00,2017-03-27 06:00:00+00:00,2017-03-27 06:00:00+00:00,-1,-0.999999999999754,SL,True
S2-08,asia_reclaim,EURUSD,2017-03-27 06:45:00+00:00,2017-03-27 07:00:00+00:00,2017-03-27 07:00:00+00:00,-1,-1.00000000000014,SL,True
S2-08,asia_reclaim,EURUSD,2017-03-28 05:30:00+00:00,2017-03-28 05:45:00+00:00,2017-03-28 06:00:00+00:00,-1,1.0,TP,False
S2-08,asia_reclaim,EURUSD,2017-03-28 06:00:00+00:00,2017-03-28 06:15:00+00:00,2017-03-28 06:45:00+00:00,1,-0.9999999999998525,SL,False
S2-08,asia_reclaim,EURUSD,2017-03-28 06:45:00+00:00,2017-03-28 07:00:00+00:00,2017-03-28 07:00:00+00:00,1,1.0000000000000682,TP,False
S2-08,asia_reclaim,EURUSD,2017-03-30 02:45:00+00:00,2017-03-30 03:00:00+00:00,2017-03-30 03:15:00+00:00,1,1.000000000000227,TP,False
S2-08,asia_reclaim,EURUSD,2017-03-30 06:00:00+00:00,2017-03-30 06:15:00+00:00,2017-03-30 06:15:00+00:00,-1,-0.9999999999999004,SL,False
S2-08,asia_reclaim,EURUSD,2017-03-30 06:45:00+00:00,2017-03-30 07:00:00+00:00,2017-03-30 07:00:00+00:00,-1,0.9999999999998337,TP,False
S2-08,asia_reclaim,EURUSD,2017-03-31 02:30:00+00:00,2017-03-31 02:45:00+00:00,2017-03-31 03:30:00+00:00,1,-1.000000000000067,SL,False
S2-08,asia_reclaim,EURUSD,2017-04-03 05:00:00+00:00,2017-04-03 05:15:00+00:00,2017-04-03 06:00:00+00:00,-1,1.0000000000004547,TP,False
S2-08,asia_reclaim,EURUSD,2017-04-03 06:45:00+00:00,2017-04-03 07:00:00+00:00,2017-04-03 07:00:00+00:00,1,1.0000000000002485,TP,False
S2-08,asia_reclaim,EURUSD,2017-04-04 01:00:00+00:00,2017-04-04 01:15:00+00:00,2017-04-04 01:15:00+00:00,1,-0.9999999999997901,SL,False
S2-08,asia_reclaim,EURUSD,2017-04-04 01:15:00+00:00,2017-04-04 01:30:00+00:00,2017-04-04 01:30:00+00:00,1,1.0000000000001965,TP,False
S2-08,asia_reclaim,EURUSD,2017-04-04 03:00:00+00:00,2017-04-04 03:15:00+00:00,2017-04-04 03:30:00+00:00,1,0.9999999999997393,TP,False
S2-08,asia_reclaim,EURUSD,2017-04-04 05:00:00+00:00,2017-04-04 05:15:00+00:00,2017-04-04 05:15:00+00:00,-1,-1.000000000000226,SL,True
S2-08,asia_reclaim,EURUSD,2017-04-04 05:15:00+00:00,2017-04-04 05:30:00+00:00,2017-04-04 05:30:00+00:00,-1,-1.0,SL,False
S2-08,asia_reclaim,EURUSD,2017-04-04 06:15:00+00:00,2017-04-04 06:30:00+00:00,2017-04-04 06:30:00+00:00,1,-1.0000000000002187,SL,False
S2-08,asia_reclaim,EURUSD,2017-04-04 06:45:00+00:00,2017-04-04 07:00:00+00:00,2017-04-04 07:15:00+00:00,1,-0.9999999999998136,SL,False
S2-08,asia_reclaim,EURUSD,2017-04-05 04:00:00+00:00,2017-04-05 04:15:00+00:00,2017-04-05 04:30:00+00:00,1,-1.0000000000001525,SL,False
S2-08,asia_reclaim,EURUSD,2017-04-05 04:45:00+00:00,2017-04-05 05:00:00+00:00,2017-04-05 05:45:00+00:00,1,-1.0000000000002884,SL,False
S2-08,asia_reclaim,EURUSD,2017-04-05 06:15:00+00:00,2017-04-05 06:30:00+00:00,2017-04-05 06:30:00+00:00,1,-0.9999999999997554,SL,True
S2-08,asia_reclaim,EURUSD,2017-04-06 06:00:00+00:00,2017-04-06 06:15:00+00:00,2017-04-06 06:15:00+00:00,1,-0.9999999999999035,SL,False
S2-08,asia_reclaim,EURUSD,2017-04-07 01:00:00+00:00,2017-04-07 01:15:00+00:00,2017-04-07 01:15:00+00:00,1,-0.999999999999654,SL,True
S2-08,asia_reclaim,EURUSD,2017-04-07 01:15:00+00:00,2017-04-07 01:30:00+00:00,2017-04-07 01:30:00+00:00,1,-1.000000000000179,SL,True
S2-08,asia_reclaim,EURUSD,2017-04-07 01:45:00+00:00,2017-04-07 02:00:00+00:00,2017-04-07 02:00:00+00:00,-1,-1.0000000000002247,SL,False
S2-08,asia_reclaim,EURUSD,2017-04-10 01:00:00+00:00,2017-04-10 01:15:00+00:00,2017-04-10 01:30:00+00:00,1,1.0000000000000842,TP,False
S2-08,asia_reclaim,EURUSD,2017-04-10 01:45:00+00:00,2017-04-10 02:00:00+00:00,2017-04-10 02:00:00+00:00,-1,1.0,TP,False
S2-08,asia_reclaim,EURUSD,2017-04-10 06:00:00+00:00,2017-04-10 06:15:00+00:00,2017-04-10 06:15:00+00:00,-1,-0.999999999999815,SL,False
S2-08,asia_reclaim,EURUSD,2017-04-11 01:00:00+00:00,2017-04-11 01:15:00+00:00,2017-04-11 01:45:00+00:00,1,-1.0,SL,False
S2-08,asia_reclaim,EURUSD,2017-04-11 02:30:00+00:00,2017-04-11 02:45:00+00:00,2017-04-11 03:15:00+00:00,1,1.0000000000002909,TP,False
S2-08,asia_reclaim,EURUSD,2017-04-12 03:00:00+00:00,2017-04-12 03:15:00+00:00,2017-04-12 04:00:00+00:00,1,1.0000000000002027,TP,False
S2-08,asia_reclaim,EURUSD,2017-04-12 06:00:00+00:00,2017-04-12 06:15:00+00:00,2017-04-12 06:30:00+00:00,-1,-1.0000000000000857,SL,False
S2-08,asia_reclaim,EURUSD,2017-04-12 06:30:00+00:00,2017-04-12 06:45:00+00:00,2017-04-12 06:45:00+00:00,-1,-0.9999999999998086,SL,False
S2-08,asia_reclaim,EURUSD,2017-04-12 06:45:00+00:00,2017-04-12 07:00:00+00:00,2017-04-12 07:15:00+00:00,-1,-1.0000000000001874,SL,False
S2-08,asia_reclaim,EURUSD,2017-04-13 01:45:00+00:00,2017-04-13 02:00:00+00:00,2017-04-13 02:30:00+00:00,1,0.999999999999942,TP,False
S2-08,asia_reclaim,EURUSD,2017-04-13 06:00:00+00:00,2017-04-13 06:15:00+00:00,2017-04-13 06:15:00+00:00,-1,0.999999999999837,TP,False
S2-08,asia_reclaim,EURUSD,2017-04-14 02:15:00+00:00,2017-04-14 02:30:00+00:00,2017-04-14 02:45:00+00:00,-1,0.9999999999998138,TP,False
S2-08,asia_reclaim,EURUSD,2017-04-14 05:45:00+00:00,2017-04-14 06:00:00+00:00,2017-04-14 06:00:00+00:00,1,-1.0,SL,False
S2-08,asia_reclaim,EURUSD,2017-04-17 01:00:00+00:00,2017-04-17 01:15:00+00:00,2017-04-17 02:00:00+00:00,-1,-0.9999999999998662,SL,False
S2-08,asia_reclaim,EURUSD,2017-04-17 06:45:00+00:00,2017-04-17 07:00:00+00:00,2017-04-17 07:00:00+00:00,-1,-0.9999999999998682,SL,False
S2-08,asia_reclaim,EURUSD,2017-04-18 01:15:00+00:00,2017-04-18 01:30:00+00:00,2017-04-18 01:45:00+00:00,-1,-1.0,SL,False
S2-08,asia_reclaim,EURUSD,2017-04-18 02:00:00+00:00,2017-04-18 02:15:00+00:00,2017-04-18 04:00:00+00:00,-1,1.0000000000001537,TP,False
S2-08,asia_reclaim,EURUSD,2017-04-19 01:15:00+00:00,2017-04-19 01:30:00+00:00,2017-04-19 02:00:00+00:00,1,-0.9999999999996952,SL,False
S2-08,asia_reclaim,EURUSD,2017-04-19 02:00:00+00:00,2017-04-19 02:15:00+00:00,2017-04-19 02:15:00+00:00,1,-1.0000000000002909,SL,False
S2-08,asia_reclaim,EURUSD,2017-04-19 04:45:00+00:00,2017-04-19 05:00:00+00:00,2017-04-19 05:15:00+00:00,1,1.0,TP,False
S2-08,asia_reclaim,EURUSD,2017-04-19 05:45:00+00:00,2017-04-19 06:00:00+00:00,2017-04-19 06:00:00+00:00,1,-1.0000000000002318,SL,False
S2-08,asia_reclaim,EURUSD,2017-04-19 06:15:00+00:00,2017-04-19 06:30:00+00:00,2017-04-19 06:30:00+00:00,1,1.0000000000003164,TP,False
S2-08,asia_reclaim,EURUSD,2017-04-20 01:15:00+00:00,2017-04-20 01:30:00+00:00,2017-04-20 01:30:00+00:00,1,-0.9999999999996704,SL,False
S2-08,asia_reclaim,EURUSD,2017-04-20 01:30:00+00:00,2017-04-20 01:45:00+00:00,2017-04-20 01:45:00+00:00,1,-1.0,SL,False
S2-08,asia_reclaim,EURUSD,2017-04-20 05:45:00+00:00,2017-04-20 06:00:00+00:00,2017-04-20 06:15:00+00:00,-1,-0.9999999999998914,SL,False
S2-08,asia_reclaim,EURUSD,2017-04-20 06:15:00+00:00,2017-04-20 06:30:00+00:00,2017-04-20 06:30:00+00:00,-1,0.9999999999997949,TP,False
S2-08,asia_reclaim,EURUSD,2017-04-24 01:30:00+00:00,2017-04-24 01:45:00+00:00,2017-04-24 02:15:00+00:00,1,-1.0000000000000522,SL,False
S2-08,asia_reclaim,EURUSD,2017-04-24 05:45:00+00:00,2017-04-24 06:00:00+00:00,2017-04-24 06:15:00+00:00,-1,1.0000000000000353,TP,False
S2-08,asia_reclaim,EURUSD,2017-04-25 01:15:00+00:00,2017-04-25 01:30:00+00:00,2017-04-25 01:30:00+00:00,1,1.0000000000002005,TP,False
S2-08,asia_reclaim,EURUSD,2017-04-25 02:15:00+00:00,2017-04-25 02:30:00+00:00,2017-04-25 02:45:00+00:00,1,0.9999999999999248,TP,False
S2-08,asia_reclaim,EURUSD,2017-04-25 05:30:00+00:00,2017-04-25 05:45:00+00:00,2017-04-25 05:45:00+00:00,-1,1.0,TP,False
S2-08,asia_reclaim,EURUSD,2017-04-26 04:30:00+00:00,2017-04-26 04:45:00+00:00,2017-04-26 05:00:00+00:00,-1,-1.0000000000001612,SL,False
S2-08,asia_reclaim,EURUSD,2017-04-26 05:15:00+00:00,2017-04-26 05:30:00+00:00,2017-04-26 06:15:00+00:00,-1,-0.9999999999998349,SL,True
S2-08,asia_reclaim,EURUSD,2017-04-26 06:15:00+00:00,2017-04-26 06:30:00+00:00,2017-04-26 06:30:00+00:00,-1,1.0,TP,False
S2-08,asia_reclaim,EURUSD,2017-04-27 02:15:00+00:00,2017-04-27 02:30:00+00:00,2017-04-27 02:30:00+00:00,-1,-0.9999999999997281,SL,False
S2-08,asia_reclaim,EURUSD,2017-04-27 02:30:00+00:00,2017-04-27 02:45:00+00:00,2017-04-27 03:45:00+00:00,-1,0.9999999999997604,TP,False
S2-08,asia_reclaim,EURUSD,2017-04-27 04:30:00+00:00,2017-04-27 04:45:00+00:00,2017-04-27 05:45:00+00:00,1,-0.9999999999999248,SL,False
S2-08,asia_reclaim,EURUSD,2017-04-27 06:15:00+00:00,2017-04-27 06:30:00+00:00,2017-04-27 06:30:00+00:00,1,0.9999999999998359,TP,False
S2-08,asia_reclaim,EURUSD,2017-04-28 01:00:00+00:00,2017-04-28 01:15:00+00:00,2017-04-28 01:15:00+00:00,1,0.9999999999999313,TP,False
S2-08,asia_reclaim,EURUSD,2017-04-28 02:15:00+00:00,2017-04-28 02:30:00+00:00,2017-04-28 04:30:00+00:00,-1,1.0000000000001994,TP,False
S2-08,asia_reclaim,EURUSD,2017-04-28 05:30:00+00:00,2017-04-28 05:45:00+00:00,2017-04-28 05:45:00+00:00,1,-0.9999999999997587,SL,False
S2-08,asia_reclaim,EURUSD,2017-04-28 06:45:00+00:00,2017-04-28 07:00:00+00:00,2017-04-28 07:00:00+00:00,-1,-1.0000000000001419,SL,False
S2-08,asia_reclaim,EURUSD,2017-05-01 01:45:00+00:00,2017-05-01 02:00:00+00:00,2017-05-01 05:30:00+00:00,1,-0.9999999999997865,SL,False
S2-08,asia_reclaim,EURUSD,2017-05-01 06:15:00+00:00,2017-05-01 06:30:00+00:00,2017-05-01 06:30:00+00:00,1,-1.0000000000001315,SL,False
S2-08,asia_reclaim,EURUSD,2017-05-03 01:30:00+00:00,2017-05-03 01:45:00+00:00,2017-05-03 03:45:00+00:00,-1,1.0000000000003397,TP,False
S2-08,asia_reclaim,EURUSD,2017-05-03 04:00:00+00:00,2017-05-03 04:15:00+00:00,2017-05-03 04:30:00+00:00,1,-1.0000000000002447,SL,False
S2-08,asia_reclaim,EURUSD,2017-05-03 06:15:00+00:00,2017-05-03 06:30:00+00:00,2017-05-03 06:30:00+00:00,1,-1.0000000000002023,SL,False
S2-08,asia_reclaim,EURUSD,2017-05-04 01:00:00+00:00,2017-05-04 01:15:00+00:00,2017-05-04 01:15:00+00:00,1,1.000000000000172,TP,False
S2-08,asia_reclaim,EURUSD,2017-05-04 01:30:00+00:00,2017-05-04 01:45:00+00:00,2017-05-04 03:45:00+00:00,-1,-0.9999999999999164,SL,False
S2-08,asia_reclaim,EURUSD,2017-05-04 04:45:00+00:00,2017-05-04 05:00:00+00:00,2017-05-04 05:45:00+00:00,-1,0.9999999999998888,TP,False
S2-08,asia_reclaim,EURUSD,2017-05-04 06:00:00+00:00,2017-05-04 06:15:00+00:00,2017-05-04 06:15:00+00:00,-1,0.999999999999641,TP,False
S2-08,asia_reclaim,EURUSD,2017-05-05 01:00:00+00:00,2017-05-05 01:15:00+00:00,2017-05-05 01:30:00+00:00,1,-1.0,SL,False
S2-08,asia_reclaim,EURUSD,2017-05-05 01:30:00+00:00,2017-05-05 01:45:00+00:00,2017-05-05 02:45:00+00:00,1,1.0000000000003193,TP,False
S2-08,asia_reclaim,EURUSD,2017-05-05 03:30:00+00:00,2017-05-05 03:45:00+00:00,2017-05-05 04:00:00+00:00,-1,-1.0,SL,False
S2-08,asia_reclaim,EURUSD,2017-05-05 04:00:00+00:00,2017-05-05 04:15:00+00:00,2017-05-05 04:15:00+00:00,-1,-0.999999999999837,SL,False
S2-08,asia_reclaim,EURUSD,2017-05-08 02:00:00+00:00,2017-05-08 02:15:00+00:00,2017-05-08 03:30:00+00:00,-1,0.999999999999963,TP,False
S2-08,asia_reclaim,EURUSD,2017-05-08 05:45:00+00:00,2017-05-08 06:00:00+00:00,2017-05-08 06:00:00+00:00,-1,1.0000000000000488,TP,False
S2-08,asia_reclaim,EURUSD,2017-05-08 06:00:00+00:00,2017-05-08 06:15:00+00:00,2017-05-08 06:15:00+00:00,-1,0.9999999999999533,TP,False
S2-08,asia_reclaim,EURUSD,2017-05-09 01:15:00+00:00,2017-05-09 01:30:00+00:00,2017-05-09 01:30:00+00:00,1,-1.0000000000001412,SL,False
S2-08,asia_reclaim,EURUSD,2017-05-09 01:30:00+00:00,2017-05-09 01:45:00+00:00,2017-05-09 01:45:00+00:00,1,1.0000000000001412,TP,False
S2-08,asia_reclaim,EURUSD,2017-05-09 03:15:00+00:00,2017-05-09 03:30:00+00:00,2017-05-09 05:15:00+00:00,-1,0.9999999999999309,TP,False
S2-08,asia_reclaim,EURUSD,2017-05-09 06:30:00+00:00,2017-05-09 06:45:00+00:00,2017-05-09 06:45:00+00:00,1,-1.0000000000001332,SL,False
S2-08,asia_reclaim,EURUSD,2017-05-09 06:45:00+00:00,2017-05-09 07:00:00+00:00,2017-05-09 07:00:00+00:00,1,0.9999999999999399,TP,False
S2-08,asia_reclaim,EURUSD,2017-05-10 01:00:00+00:00,2017-05-10 01:15:00+00:00,2017-05-10 05:00:00+00:00,-1,0.5044563279857398,TIME,False
S2-08,asia_reclaim,EURUSD,2017-05-11 02:30:00+00:00,2017-05-11 02:45:00+00:00,2017-05-11 03:45:00+00:00,-1,0.9999999999999162,TP,False
S2-08,asia_reclaim,EURUSD,2017-05-11 06:30:00+00:00,2017-05-11 06:45:00+00:00,2017-05-11 06:45:00+00:00,-1,-1.0000000000001597,SL,False
S2-08,asia_reclaim,EURUSD,2017-05-11 06:45:00+00:00,2017-05-11 07:00:00+00:00,2017-05-11 07:00:00+00:00,-1,0.999999999999851,TP,False
S2-08,asia_reclaim,EURUSD,2017-05-12 01:15:00+00:00,2017-05-12 01:30:00+00:00,2017-05-12 01:30:00+00:00,-1,-1.0000000000000941,SL,False
S2-08,asia_reclaim,EURUSD,2017-05-12 01:45:00+00:00,2017-05-12 02:00:00+00:00,2017-05-12 02:00:00+00:00,-1,-0.9999999999997117,SL,False
S2-08,asia_reclaim,EURUSD,2017-05-15 01:00:00+00:00,2017-05-15 01:15:00+00:00,2017-05-15 02:15:00+00:00,1,1.0,TP,False
S2-08,asia_reclaim,EURUSD,2017-05-15 06:00:00+00:00,2017-05-15 06:15:00+00:00,2017-05-15 06:15:00+00:00,-1,-1.0000000000003288,SL,False
S2-08,asia_reclaim,EURUSD,2017-05-16 05:15:00+00:00,2017-05-16 05:30:00+00:00,2017-05-16 05:30:00+00:00,-1,-0.9999999999997449,SL,False
S2-08,asia_reclaim,EURUSD,2017-05-16 06:00:00+00:00,2017-05-16 06:15:00+00:00,2017-05-16 06:15:00+00:00,-1,-1.0,SL,False
S2-08,asia_reclaim,EURUSD,2017-05-16 06:30:00+00:00,2017-05-16 06:45:00+00:00,2017-05-16 06:45:00+00:00,-1,-1.0,SL,False
S2-08,asia_reclaim,EURUSD,2017-05-17 01:45:00+00:00,2017-05-17 02:00:00+00:00,2017-05-17 02:30:00+00:00,-1,-0.9999999999999256,SL,False
S2-08,asia_reclaim,EURUSD,2017-05-17 06:30:00+00:00,2017-05-17 06:45:00+00:00,2017-05-17 06:45:00+00:00,-1,1.0,TP,False
S2-08,asia_reclaim,EURUSD,2017-05-18 05:15:00+00:00,2017-05-18 05:30:00+00:00,2017-05-18 06:15:00+00:00,1,-0.9999999999998782,SL,False
S2-08,asia_reclaim,EURUSD,2017-05-19 01:45:00+00:00,2017-05-19 02:00:00+00:00,2017-05-19 02:00:00+00:00,1,-1.0000000000001448,SL,False
S2-08,asia_reclaim,EURUSD,2017-05-19 05:45:00+00:00,2017-05-19 06:00:00+00:00,2017-05-19 06:00:00+00:00,-1,-0.999999999999905,SL,True
S2-08,asia_reclaim,EURUSD,2017-05-19 06:45:00+00:00,2017-05-19 07:00:00+00:00,2017-05-19 07:00:00+00:00,-1,-1.0000000000002254,SL,False
S2-08,asia_reclaim,EURUSD,2017-05-22 06:45:00+00:00,2017-05-22 07:00:00+00:00,2017-05-22 07:15:00+00:00,1,1.0000000000001674,TP,False
S2-08,asia_reclaim,EURUSD,2017-05-23 01:30:00+00:00,2017-05-23 01:45:00+00:00,2017-05-23 01:45:00+00:00,-1,-0.9999999999998263,SL,False
S2-08,asia_reclaim,EURUSD,2017-05-23 06:15:00+00:00,2017-05-23 06:30:00+00:00,2017-05-23 06:30:00+00:00,1,-0.999999999999939,SL,False
S2-08,asia_reclaim,EURUSD,2017-05-23 06:30:00+00:00,2017-05-23 06:45:00+00:00,2017-05-23 06:45:00+00:00,1,-0.9999999999998913,SL,False
S2-08,asia_reclaim,EURUSD,2017-05-24 03:00:00+00:00,2017-05-24 03:15:00+00:00,2017-05-24 05:30:00+00:00,1,-0.9999999999998185,SL,False
S2-08,asia_reclaim,EURUSD,2017-05-24 06:00:00+00:00,2017-05-24 06:15:00+00:00,2017-05-24 06:15:00+00:00,1,-1.0000000000001732,SL,False
S2-08,asia_reclaim,EURUSD,2017-05-24 06:15:00+00:00,2017-05-24 06:30:00+00:00,2017-05-24 06:30:00+00:00,1,1.0,TP,False
S2-08,asia_reclaim,EURUSD,2017-05-25 01:00:00+00:00,2017-05-25 01:15:00+00:00,2017-05-25 01:45:00+00:00,-1,1.000000000000188,TP,False
S2-08,asia_reclaim,EURUSD,2017-05-25 01:45:00+00:00,2017-05-25 02:00:00+00:00,2017-05-25 02:15:00+00:00,1,1.000000000000187,TP,False
S2-08,asia_reclaim,EURUSD,2017-05-25 05:45:00+00:00,2017-05-25 06:00:00+00:00,2017-05-25 06:00:00+00:00,-1,1.00000000000012,TP,False
S2-08,asia_reclaim,EURUSD,2017-05-26 02:00:00+00:00,2017-05-26 02:15:00+00:00,2017-05-26 02:30:00+00:00,1,0.9999999999998934,TP,False
S2-08,asia_reclaim,EURUSD,2017-05-26 06:45:00+00:00,2017-05-26 07:00:00+00:00,2017-05-26 07:15:00+00:00,-1,-1.000000000000054,SL,False
S2-08,asia_reclaim,EURUSD,2017-05-29 06:30:00+00:00,2017-05-29 06:45:00+00:00,2017-05-29 06:45:00+00:00,-1,0.999999999999813,TP,False
S2-08,asia_reclaim,EURUSD,2017-06-01 02:00:00+00:00,2017-06-01 02:15:00+00:00,2017-06-01 02:30:00+00:00,-1,0.9999999999998876,TP,False
S2-08,asia_reclaim,EURUSD,2017-06-01 06:00:00+00:00,2017-06-01 06:15:00+00:00,2017-06-01 06:15:00+00:00,1,-0.9999999999997873,SL,False
S2-08,asia_reclaim,EURUSD,2017-06-01 06:30:00+00:00,2017-06-01 06:45:00+00:00,2017-06-01 06:45:00+00:00,1,1.0,TP,False
S2-08,asia_reclaim,EURUSD,2017-06-02 01:15:00+00:00,2017-06-02 01:30:00+00:00,2017-06-02 05:15:00+00:00,-1,0.4554199420769549,TIME,False
S2-08,asia_reclaim,EURUSD,2017-06-05 01:45:00+00:00,2017-06-05 02:00:00+00:00,2017-06-05 02:45:00+00:00,1,-0.9999999999998561,SL,False
S2-08,asia_reclaim,EURUSD,2017-06-05 02:45:00+00:00,2017-06-05 03:00:00+00:00,2017-06-05 03:15:00+00:00,1,-0.9999999999997938,SL,False
S2-08,asia_reclaim,EURUSD,2017-06-05 04:30:00+00:00,2017-06-05 04:45:00+00:00,2017-06-05 05:00:00+00:00,1,-1.0000000000001583,SL,False
S2-08,asia_reclaim,EURUSD,2017-06-05 05:00:00+00:00,2017-06-05 05:15:00+00:00,2017-06-05 06:15:00+00:00,1,0.9999999999998382,TP,False
S2-08,asia_reclaim,EURUSD,2017-06-06 01:30:00+00:00,2017-06-06 01:45:00+00:00,2017-06-06 01:45:00+00:00,-1,-1.0000000000002331,SL,False
S2-08,asia_reclaim,EURUSD,2017-06-06 02:00:00+00:00,2017-06-06 02:15:00+00:00,2017-06-06 03:45:00+00:00,-1,0.9999999999997896,TP,False
S2-08,asia_reclaim,EURUSD,2017-06-06 05:45:00+00:00,2017-06-06 06:00:00+00:00,2017-06-06 06:15:00+00:00,-1,-0.9999999999997958,SL,True
S2-08,asia_reclaim,EURUSD,2017-06-07 01:15:00+00:00,2017-06-07 01:30:00+00:00,2017-06-07 01:45:00+00:00,1,1.0000000000002747,TP,False
S2-08,asia_reclaim,EURUSD,2017-06-07 02:45:00+00:00,2017-06-07 03:00:00+00:00,2017-06-07 04:15:00+00:00,1,-1.0000000000002462,SL,False
S2-08,asia_reclaim,EURUSD,2017-06-07 04:15:00+00:00,2017-06-07 04:30:00+00:00,2017-06-07 05:15:00+00:00,1,0.9999999999997896,TP,False
S2-08,asia_reclaim,EURUSD,2017-06-07 06:45:00+00:00,2017-06-07 07:00:00+00:00,2017-06-07 07:00:00+00:00,-1,1.000000000000277,TP,False
S2-08,asia_reclaim,EURUSD,2017-06-08 01:00:00+00:00,2017-06-08 01:15:00+00:00,2017-06-08 01:45:00+00:00,1,0.999999999999834,TP,False
S2-08,asia_reclaim,EURUSD,2017-06-08 02:00:00+00:00,2017-06-08 02:15:00+00:00,2017-06-08 02:45:00+00:00,-1,-0.9999999999999228,SL,False
S2-08,asia_reclaim,EURUSD,2017-06-08 05:15:00+00:00,2017-06-08 05:30:00+00:00,2017-06-08 05:45:00+00:00,-1,-1.0000000000002265,SL,False
S2-08,asia_reclaim,EURUSD,2017-06-08 06:00:00+00:00,2017-06-08 06:15:00+00:00,2017-06-08 06:45:00+00:00,-1,1.000000000000131,TP,False
S2-08,asia_reclaim,EURUSD,2017-06-09 04:45:00+00:00,2017-06-09 05:00:00+00:00,2017-06-09 05:15:00+00:00,-1,-0.9999999999998582,SL,False
S2-08,asia_reclaim,EURUSD,2017-06-09 06:00:00+00:00,2017-06-09 06:15:00+00:00,2017-06-09 06:15:00+00:00,-1,0.9999999999998922,TP,False
S2-08,asia_reclaim,EURUSD,2017-06-12 02:00:00+00:00,2017-06-12 02:15:00+00:00,2017-06-12 02:15:00+00:00,1,1.0000000000000746,TP,False
S2-08,asia_reclaim,EURUSD,2017-06-13 03:15:00+00:00,2017-06-13 03:30:00+00:00,2017-06-13 05:30:00+00:00,1,-1.0000000000000784,SL,False
S2-08,asia_reclaim,EURUSD,2017-06-14 02:15:00+00:00,2017-06-14 02:30:00+00:00,2017-06-14 02:45:00+00:00,-1,0.9999999999998943,TP,False
S2-08,asia_reclaim,EURUSD,2017-06-14 06:30:00+00:00,2017-06-14 06:45:00+00:00,2017-06-14 06:45:00+00:00,-1,1.0,TP,False
S2-08,asia_reclaim,EURUSD,2017-06-15 01:30:00+00:00,2017-06-15 01:45:00+00:00,2017-06-15 03:00:00+00:00,-1,0.9999999999999426,TP,False
S2-08,asia_reclaim,EURUSD,2017-06-15 06:15:00+00:00,2017-06-15 06:30:00+00:00,2017-06-15 06:30:00+00:00,1,1.0,TP,False
S2-08,asia_reclaim,EURUSD,2017-06-16 05:30:00+00:00,2017-06-16 05:45:00+00:00,2017-06-16 06:00:00+00:00,1,1.000000000000097,TP,False
S2-08,asia_reclaim,EURUSD,2017-06-20 01:15:00+00:00,2017-06-20 01:30:00+00:00,2017-06-20 01:45:00+00:00,-1,-1.000000000000143,SL,False
S2-08,asia_reclaim,EURUSD,2017-06-20 02:00:00+00:00,2017-06-20 02:15:00+00:00,2017-06-20 05:30:00+00:00,-1,-0.9999999999997687,SL,False
S2-08,asia_reclaim,EURUSD,2017-06-21 03:30:00+00:00,2017-06-21 03:45:00+00:00,2017-06-21 04:15:00+00:00,-1,0.9999999999995047,TP,False
S2-08,asia_reclaim,EURUSD,2017-06-21 04:45:00+00:00,2017-06-21 05:00:00+00:00,2017-06-21 05:00:00+00:00,1,-0.9999999999994953,SL,False
S2-08,asia_reclaim,EURUSD,2017-06-21 05:15:00+00:00,2017-06-21 05:30:00+00:00,2017-06-21 05:30:00+00:00,1,-0.9999999999997029,SL,False
S2-08,asia_reclaim,EURUSD,2017-06-22 02:15:00+00:00,2017-06-22 02:30:00+00:00,2017-06-22 04:15:00+00:00,-1,-0.9999999999997067,SL,False
S2-08,asia_reclaim,EURUSD,2017-06-22 05:30:00+00:00,2017-06-22 05:45:00+00:00,2017-06-22 05:45:00+00:00,-1,-1.0000000000003355,SL,False
S2-08,asia_reclaim,EURUSD,2017-06-22 06:00:00+00:00,2017-06-22 06:15:00+00:00,2017-06-22 06:15:00+00:00,-1,0.9999999999996836,TP,False
S2-08,asia_reclaim,EURUSD,2017-06-23 03:30:00+00:00,2017-06-23 03:45:00+00:00,2017-06-23 03:45:00+00:00,-1,-0.9999999999997027,SL,False
S2-08,asia_reclaim,EURUSD,2017-06-23 04:00:00+00:00,2017-06-23 04:15:00+00:00,2017-06-23 05:30:00+00:00,-1,-0.9999999999997007,SL,False
S2-08,asia_reclaim,EURUSD,2017-06-23 05:45:00+00:00,2017-06-23 06:00:00+00:00,2017-06-23 06:00:00+00:00,-1,-0.9999999999998702,SL,False
S2-08,asia_reclaim,EURUSD,2017-06-23 06:00:00+00:00,2017-06-23 06:15:00+00:00,2017-06-23 06:30:00+00:00,-1,-0.9999999999997606,SL,False
S2-08,asia_reclaim,EURUSD,2017-06-23 06:45:00+00:00,2017-06-23 07:00:00+00:00,2017-06-23 07:00:00+00:00,-1,-0.9999999999997,SL,False
S2-08,asia_reclaim,EURUSD,2017-06-26 01:15:00+00:00,2017-06-26 01:30:00+00:00,2017-06-26 01:45:00+00:00,1,-1.0,SL,False
S2-08,asia_reclaim,EURUSD,2017-06-26 06:30:00+00:00,2017-06-26 06:45:00+00:00,2017-06-26 07:00:00+00:00,1,1.0000000000001716,TP,False
S2-08,asia_reclaim,EURUSD,2017-06-27 01:15:00+00:00,2017-06-27 01:30:00+00:00,2017-06-27 01:45:00+00:00,-1,0.9999999999998638,TP,False
S2-08,asia_reclaim,EURUSD,2017-06-27 02:15:00+00:00,2017-06-27 02:30:00+00:00,2017-06-27 02:45:00+00:00,-1,-1.0000000000002374,SL,False
S2-08,asia_reclaim,EURUSD,2017-06-27 02:45:00+00:00,2017-06-27 03:00:00+00:00,2017-06-27 03:00:00+00:00,-1,-0.9999999999996576,SL,False
S2-08,asia_reclaim,EURUSD,2017-06-27 03:15:00+00:00,2017-06-27 03:30:00+00:00,2017-06-27 05:30:00+00:00,-1,-1.000000000000109,SL,False
S2-08,asia_reclaim,EURUSD,2017-06-28 06:15:00+00:00,2017-06-28 06:30:00+00:00,2017-06-28 06:45:00+00:00,-1,1.0000000000001665,TP,False
S2-08,asia_reclaim,EURUSD,2017-06-30 01:45:00+00:00,2017-06-30 02:00:00+00:00,2017-06-30 02:45:00+00:00,-1,1.000000000000065,TP,False
S2-08,asia_reclaim,EURUSD,2017-06-30 06:15:00+00:00,2017-06-30 06:30:00+00:00,2017-06-30 06:30:00+00:00,1,0.9999999999997896,TP,False
S2-08,asia_reclaim,EURUSD,2017-07-03 01:00:00+00:00,2017-07-03 01:15:00+00:00,2017-07-03 02:15:00+00:00,1,-0.999999999999719,SL,False
S2-08,asia_reclaim,EURUSD,2017-07-03 04:00:00+00:00,2017-07-03 04:15:00+00:00,2017-07-03 04:30:00+00:00,1,1.0,TP,False
S2-08,asia_reclaim,EURUSD,2017-07-04 01:15:00+00:00,2017-07-04 01:30:00+00:00,2017-07-04 01:45:00+00:00,1,-1.00000000000009,SL,False
S2-08,asia_reclaim,EURUSD,2017-07-04 02:00:00+00:00,2017-07-04 02:15:00+00:00,2017-07-04 02:15:00+00:00,1,-1.000000000000274,SL,False
S2-08,asia_reclaim,EURUSD,2017-07-04 02:15:00+00:00,2017-07-04 02:30:00+00:00,2017-07-04 03:30:00+00:00,1,1.0000000000002751,TP,False
S2-08,asia_reclaim,EURUSD,2017-07-04 05:45:00+00:00,2017-07-04 06:00:00+00:00,2017-07-04 06:15:00+00:00,1,1.0,TP,False
S2-08,asia_reclaim,EURUSD,2017-07-05 02:00:00+00:00,2017-07-05 02:15:00+00:00,2017-07-05 03:00:00+00:00,-1,1.0,TP,False
S2-08,asia_reclaim,EURUSD,2017-07-06 02:00:00+00:00,2017-07-06 02:15:00+00:00,2017-07-06 02:15:00+00:00,1,0.9999999999997918,TP,False
S2-08,asia_reclaim,EURUSD,2017-07-07 01:15:00+00:00,2017-07-07 01:30:00+00:00,2017-07-07 01:30:00+00:00,-1,-1.0000000000001446,SL,False
S2-08,asia_reclaim,EURUSD,2017-07-07 01:45:00+00:00,2017-07-07 02:00:00+00:00,2017-07-07 04:00:00+00:00,-1,-1.000000000000063,SL,False
S2-08,asia_reclaim,EURUSD,2017-07-07 06:00:00+00:00,2017-07-07 06:15:00+00:00,2017-07-07 06:15:00+00:00,1,0.9999999999999302,TP,False
S2-08,asia_reclaim,EURUSD,2017-07-10 02:00:00+00:00,2017-07-10 02:15:00+00:00,2017-07-10 03:00:00+00:00,-1,1.00000000000011,TP,False
S2-08,asia_reclaim,EURUSD,2017-07-10 06:00:00+00:00,2017-07-10 06:15:00+00:00,2017-07-10 06:30:00+00:00,-1,1.0000000000002094,TP,False
S2-08,asia_reclaim,EURUSD,2017-07-10 06:30:00+00:00,2017-07-10 06:45:00+00:00,2017-07-10 07:00:00+00:00,1,1.0000000000000884,TP,False
S2-08,asia_reclaim,EURUSD,2017-07-11 01:45:00+00:00,2017-07-11 02:00:00+00:00,2017-07-11 02:30:00+00:00,1,0.9999999999998777,TP,False
S2-08,asia_reclaim,EURUSD,2017-07-11 04:00:00+00:00,2017-07-11 04:15:00+00:00,2017-07-11 04:45:00+00:00,1,-0.9999999999998698,SL,False
S2-08,asia_reclaim,EURUSD,2017-07-11 05:00:00+00:00,2017-07-11 05:15:00+00:00,2017-07-11 05:15:00+00:00,1,-0.9999999999996011,SL,False
S2-08,asia_reclaim,EURUSD,2017-07-11 05:30:00+00:00,2017-07-11 05:45:00+00:00,2017-07-11 05:45:00+00:00,1,-1.0000000000001288,SL,False
S2-08,asia_reclaim,EURUSD,2017-07-11 06:00:00+00:00,2017-07-11 06:15:00+00:00,2017-07-11 06:30:00+00:00,1,-1.0000000000002311,SL,True
S2-08,asia_reclaim,EURUSD,2017-07-12 01:00:00+00:00,2017-07-12 01:15:00+00:00,2017-07-12 01:15:00+00:00,-1,-1.0000000000001448,SL,False
S2-08,asia_reclaim,EURUSD,2017-07-12 01:15:00+00:00,2017-07-12 01:30:00+00:00,2017-07-12 02:15:00+00:00,1,1.0000000000000697,TP,False
S2-08,asia_reclaim,EURUSD,2017-07-12 04:45:00+00:00,2017-07-12 05:00:00+00:00,2017-07-12 05:30:00+00:00,-1,1.0000000000001752,TP,False
S2-08,asia_reclaim,EURUSD,2017-07-12 05:45:00+00:00,2017-07-12 06:00:00+00:00,2017-07-12 06:00:00+00:00,1,-1.0000000000000537,SL,False
S2-08,asia_reclaim,EURUSD,2017-07-12 06:15:00+00:00,2017-07-12 06:30:00+00:00,2017-07-12 06:45:00+00:00,1,-1.0,SL,False
S2-08,asia_reclaim,EURUSD,2017-07-13 02:45:00+00:00,2017-07-13 03:00:00+00:00,2017-07-13 05:15:00+00:00,-1,-0.9999999999999197,SL,False
S2-08,asia_reclaim,EURUSD,2017-07-13 06:00:00+00:00,2017-07-13 06:15:00+00:00,2017-07-13 06:30:00+00:00,-1,-1.0000000000001543,SL,False
S2-08,asia_reclaim,EURUSD,2017-07-13 06:30:00+00:00,2017-07-13 06:45:00+00:00,2017-07-13 06:45:00+00:00,-1,0.9999999999998581,TP,False
S2-08,asia_reclaim,EURUSD,2017-07-14 02:15:00+00:00,2017-07-14 02:30:00+00:00,2017-07-14 03:15:00+00:00,-1,-1.0000000000000697,SL,False
S2-08,asia_reclaim,EURUSD,2017-07-14 04:00:00+00:00,2017-07-14 04:15:00+00:00,2017-07-14 04:45:00+00:00,-1,0.9999999999997409,TP,False
S2-08,asia_reclaim,EURUSD,2017-07-14 05:45:00+00:00,2017-07-14 06:00:00+00:00,2017-07-14 06:00:00+00:00,-1,1.0000000000001708,TP,False
S2-08,asia_reclaim,EURUSD,2017-07-17 01:15:00+00:00,2017-07-17 01:30:00+00:00,2017-07-17 01:45:00+00:00,1,-0.999999999999914,SL,False
S2-08,asia_reclaim,EURUSD,2017-07-17 02:45:00+00:00,2017-07-17 03:00:00+00:00,2017-07-17 03:15:00+00:00,1,1.0,TP,False
S2-08,asia_reclaim,EURUSD,2017-07-18 01:15:00+00:00,2017-07-18 01:30:00+00:00,2017-07-18 02:00:00+00:00,-1,-1.0,SL,False
S2-08,asia_reclaim,EURUSD,2017-07-18 02:00:00+00:00,2017-07-18 02:15:00+00:00,2017-07-18 05:15:00+00:00,-1,0.9999999999999227,TP,False
S2-08,asia_reclaim,EURUSD,2017-07-19 02:00:00+00:00,2017-07-19 02:15:00+00:00,2017-07-19 02:45:00+00:00,1,-1.0,SL,False
S2-08,asia_reclaim,EURUSD,2017-07-19 05:45:00+00:00,2017-07-19 06:00:00+00:00,2017-07-19 06:00:00+00:00,1,0.9999999999998724,TP,False
S2-08,asia_reclaim,EURUSD,2017-07-19 06:30:00+00:00,2017-07-19 06:45:00+00:00,2017-07-19 06:45:00+00:00,1,-0.9999999999997876,SL,False
S2-08,asia_reclaim,EURUSD,2017-07-20 05:45:00+00:00,2017-07-20 06:00:00+00:00,2017-07-20 06:15:00+00:00,1,0.9999999999998179,TP,False
S2-08,asia_reclaim,EURUSD,2017-07-21 01:15:00+00:00,2017-07-21 01:30:00+00:00,2017-07-21 01:45:00+00:00,-1,0.9999999999998522,TP,False
S2-08,asia_reclaim,EURUSD,2017-07-25 01:00:00+00:00,2017-07-25 01:15:00+00:00,2017-07-25 01:45:00+00:00,-1,-1.0,SL,False
S2-08,asia_reclaim,EURUSD,2017-07-25 02:30:00+00:00,2017-07-25 02:45:00+00:00,2017-07-25 04:00:00+00:00,-1,-0.9999999999998694,SL,False
S2-08,asia_reclaim,EURUSD,2017-07-25 06:30:00+00:00,2017-07-25 06:45:00+00:00,2017-07-25 07:00:00+00:00,-1,0.9999999999998876,TP,False
S2-08,asia_reclaim,EURUSD,2017-07-26 01:30:00+00:00,2017-07-26 01:45:00+00:00,2017-07-26 01:45:00+00:00,-1,-1.0000000000000966,SL,False
S2-08,asia_reclaim,EURUSD,2017-07-26 05:00:00+00:00,2017-07-26 05:15:00+00:00,2017-07-26 05:30:00+00:00,1,-0.9999999999997784,SL,False
S2-08,asia_reclaim,EURUSD,2017-07-26 06:15:00+00:00,2017-07-26 06:30:00+00:00,2017-07-26 06:30:00+00:00,1,-1.0000000000001337,SL,False
S2-08,asia_reclaim,EURUSD,2017-07-27 01:15:00+00:00,2017-07-27 01:30:00+00:00,2017-07-27 01:45:00+00:00,1,0.9999999999998385,TP,False
S2-08,asia_reclaim,EURUSD,2017-07-27 02:00:00+00:00,2017-07-27 02:15:00+00:00,2017-07-27 02:45:00+00:00,-1,-1.000000000000094,SL,False
S2-08,asia_reclaim,EURUSD,2017-07-27 03:00:00+00:00,2017-07-27 03:15:00+00:00,2017-07-27 03:30:00+00:00,-1,-1.0000000000000937,SL,False
S2-08,asia_reclaim,EURUSD,2017-07-28 01:15:00+00:00,2017-07-28 01:30:00+00:00,2017-07-28 01:45:00+00:00,1,0.999999999999897,TP,False
S2-08,asia_reclaim,EURUSD,2017-07-28 03:00:00+00:00,2017-07-28 03:15:00+00:00,2017-07-28 05:30:00+00:00,-1,-1.0,SL,False
S2-08,asia_reclaim,EURUSD,2017-07-31 03:45:00+00:00,2017-07-31 04:00:00+00:00,2017-07-31 05:00:00+00:00,1,1.0000000000001894,TP,False
S2-08,asia_reclaim,EURUSD,2017-07-31 06:30:00+00:00,2017-07-31 06:45:00+00:00,2017-07-31 07:30:00+00:00,1,-1.000000000000113,SL,False
S2-08,asia_reclaim,EURUSD,2017-08-01 01:45:00+00:00,2017-08-01 02:00:00+00:00,2017-08-01 03:15:00+00:00,-1,0.9999999999998487,TP,False
S2-08,asia_reclaim,EURUSD,2017-08-01 05:45:00+00:00,2017-08-01 06:00:00+00:00,2017-08-01 06:00:00+00:00,1,-1.0,SL,False
S2-08,asia_reclaim,EURUSD,2017-08-02 01:45:00+00:00,2017-08-02 02:00:00+00:00,2017-08-02 02:45:00+00:00,1,0.999999999999949,TP,False
S2-08,asia_reclaim,EURUSD,2017-08-02 05:00:00+00:00,2017-08-02 05:15:00+00:00,2017-08-02 06:00:00+00:00,-1,1.0000000000000906,TP,False
S2-08,asia_reclaim,EURUSD,2017-08-03 01:00:00+00:00,2017-08-03 01:15:00+00:00,2017-08-03 01:30:00+00:00,1,-1.0000000000001712,SL,False
S2-08,asia_reclaim,EURUSD,2017-08-03 02:00:00+00:00,2017-08-03 02:15:00+00:00,2017-08-03 02:15:00+00:00,1,1.0000000000000615,TP,False
S2-08,asia_reclaim,EURUSD,2017-08-03 05:00:00+00:00,2017-08-03 05:15:00+00:00,2017-08-03 05:30:00+00:00,-1,-1.0,SL,False
S2-08,asia_reclaim,EURUSD,2017-08-07 03:45:00+00:00,2017-08-07 04:00:00+00:00,2017-08-07 05:15:00+00:00,-1,1.000000000000204,TP,False
S2-08,asia_reclaim,EURUSD,2017-08-08 01:45:00+00:00,2017-08-08 02:00:00+00:00,2017-08-08 02:30:00+00:00,-1,1.0,TP,False
S2-08,asia_reclaim,EURUSD,2017-08-09 01:45:00+00:00,2017-08-09 02:00:00+00:00,2017-08-09 02:00:00+00:00,1,-1.0000000000001315,SL,False
S2-08,asia_reclaim,EURUSD,2017-08-09 02:15:00+00:00,2017-08-09 02:30:00+00:00,2017-08-09 02:45:00+00:00,1,0.9999999999998865,TP,False
S2-08,asia_reclaim,EURUSD,2017-08-10 01:45:00+00:00,2017-08-10 02:00:00+00:00,2017-08-10 02:30:00+00:00,1,-1.0,SL,False
S2-08,asia_reclaim,EURUSD,2017-08-10 03:15:00+00:00,2017-08-10 03:30:00+00:00,2017-08-10 03:45:00+00:00,1,-1.0,SL,False
S2-08,asia_reclaim,EURUSD,2017-08-10 03:45:00+00:00,2017-08-10 04:00:00+00:00,2017-08-10 04:00:00+00:00,1,-1.0,SL,False
S2-08,asia_reclaim,EURUSD,2017-08-10 04:00:00+00:00,2017-08-10 04:15:00+00:00,2017-08-10 05:15:00+00:00,1,-0.9999999999999476,SL,False
S2-08,asia_reclaim,EURUSD,2017-08-11 01:15:00+00:00,2017-08-11 01:30:00+00:00,2017-08-11 01:30:00+00:00,1,-0.9999999999998544,SL,False
S2-08,asia_reclaim,EURUSD,2017-08-11 02:30:00+00:00,2017-08-11 02:45:00+00:00,2017-08-11 03:15:00+00:00,1,0.9999999999998681,TP,False
S2-08,asia_reclaim,EURUSD,2017-08-11 05:00:00+00:00,2017-08-11 05:15:00+00:00,2017-08-11 05:15:00+00:00,-1,1.0000000000001448,TP,False
S2-08,asia_reclaim,EURUSD,2017-08-11 06:00:00+00:00,2017-08-11 06:15:00+00:00,2017-08-11 06:15:00+00:00,1,0.9999999999998647,TP,False
S2-08,asia_reclaim,EURUSD,2017-08-11 06:45:00+00:00,2017-08-11 07:00:00+00:00,2017-08-11 07:00:00+00:00,1,-0.9999999999998157,SL,False
S2-08,asia_reclaim,EURUSD,2017-08-14 01:00:00+00:00,2017-08-14 01:15:00+00:00,2017-08-14 01:15:00+00:00,1,1.0000000000000626,TP,False
S2-08,asia_reclaim,EURUSD,2017-08-14 05:45:00+00:00,2017-08-14 06:00:00+00:00,2017-08-14 06:00:00+00:00,1,-1.000000000000062,SL,False
S2-08,asia_reclaim,EURUSD,2017-08-15 01:15:00+00:00,2017-08-15 01:30:00+00:00,2017-08-15 01:30:00+00:00,-1,-0.9999999999998063,SL,False
S2-08,asia_reclaim,EURUSD,2017-08-15 01:30:00+00:00,2017-08-15 01:45:00+00:00,2017-08-15 02:00:00+00:00,-1,0.999999999999878,TP,False
S2-08,asia_reclaim,EURUSD,2017-08-15 05:00:00+00:00,2017-08-15 05:15:00+00:00,2017-08-15 05:30:00+00:00,1,-1.0000000000000973,SL,False
S2-08,asia_reclaim,EURUSD,2017-08-15 06:15:00+00:00,2017-08-15 06:30:00+00:00,2017-08-15 06:30:00+00:00,1,0.9999999999998083,TP,False
S2-08,asia_reclaim,EURUSD,2017-08-16 01:15:00+00:00,2017-08-16 01:30:00+00:00,2017-08-16 04:45:00+00:00,1,1.0,TP,False
S2-08,asia_reclaim,EURUSD,2017-08-16 05:00:00+00:00,2017-08-16 05:15:00+00:00,2017-08-16 05:15:00+00:00,-1,0.9999999999998904,TP,False
S2-08,asia_reclaim,EURUSD,2017-08-16 05:15:00+00:00,2017-08-16 05:30:00+00:00,2017-08-16 05:30:00+00:00,-1,1.0,TP,False
S2-08,asia_reclaim,EURUSD,2017-08-17 02:00:00+00:00,2017-08-17 02:15:00+00:00,2017-08-17 02:30:00+00:00,-1,1.0,TP,False
S2-08,asia_reclaim,EURUSD,2017-08-18 01:00:00+00:00,2017-08-18 01:15:00+00:00,2017-08-18 01:30:00+00:00,-1,-1.000000000000147,SL,False
S2-08,asia_reclaim,EURUSD,2017-08-18 01:45:00+00:00,2017-08-18 02:00:00+00:00,2017-08-18 04:45:00+00:00,-1,-0.9999999999999527,SL,False
S2-08,asia_reclaim,EURUSD,2017-08-18 04:45:00+00:00,2017-08-18 05:00:00+00:00,2017-08-18 06:00:00+00:00,-1,1.0,TP,False
S2-08,asia_reclaim,EURUSD,2017-08-18 06:30:00+00:00,2017-08-18 06:45:00+00:00,2017-08-18 07:00:00+00:00,-1,-0.9999999999999466,SL,False
S2-08,asia_reclaim,EURUSD,2017-08-21 01:30:00+00:00,2017-08-21 01:45:00+00:00,2017-08-21 02:00:00+00:00,-1,-0.9999999999997617,SL,False
S2-08,asia_reclaim,EURUSD,2017-08-21 02:45:00+00:00,2017-08-21 03:00:00+00:00,2017-08-21 03:15:00+00:00,-1,0.9999999999999226,TP,False
S2-08,asia_reclaim,EURUSD,2017-08-22 02:15:00+00:00,2017-08-22 02:30:00+00:00,2017-08-22 02:45:00+00:00,1,-1.0000000000001419,SL,False
S2-08,asia_reclaim,EURUSD,2017-08-22 03:00:00+00:00,2017-08-22 03:15:00+00:00,2017-08-22 04:00:00+00:00,1,1.000000000000069,TP,False
S2-08,asia_reclaim,EURUSD,2017-08-22 05:30:00+00:00,2017-08-22 05:45:00+00:00,2017-08-22 06:00:00+00:00,1,1.0000000000001754,TP,False
S2-08,asia_reclaim,EURUSD,2017-08-22 06:30:00+00:00,2017-08-22 06:45:00+00:00,2017-08-22 06:45:00+00:00,1,-0.9999999999998772,SL,False
S2-08,asia_reclaim,EURUSD,2017-08-23 01:00:00+00:00,2017-08-23 01:15:00+00:00,2017-08-23 01:30:00+00:00,1,1.000000000000249,TP,False
S2-08,asia_reclaim,EURUSD,2017-08-23 03:00:00+00:00,2017-08-23 03:15:00+00:00,2017-08-23 04:45:00+00:00,-1,1.000000000000068,TP,False
S2-08,asia_reclaim,EURUSD,2017-08-24 01:00:00+00:00,2017-08-24 01:15:00+00:00,2017-08-24 01:15:00+00:00,1,-0.9999999999997896,SL,False
S2-08,asia_reclaim,EURUSD,2017-08-24 06:00:00+00:00,2017-08-24 06:15:00+00:00,2017-08-24 06:15:00+00:00,1,1.0000000000000693,TP,False
S2-08,asia_reclaim,EURUSD,2017-08-25 03:00:00+00:00,2017-08-25 03:15:00+00:00,2017-08-25 03:15:00+00:00,-1,1.0000000000001648,TP,False
S2-08,asia_reclaim,EURUSD,2017-08-25 05:00:00+00:00,2017-08-25 05:15:00+00:00,2017-08-25 06:00:00+00:00,-1,0.9999999999999017,TP,False
S2-08,asia_reclaim,EURUSD,2017-08-28 01:00:00+00:00,2017-08-28 01:15:00+00:00,2017-08-28 05:00:00+00:00,1,-0.42250905376543785,TIME,False
S2-08,asia_reclaim,EURUSD,2017-08-28 05:00:00+00:00,2017-08-28 05:15:00+00:00,2017-08-28 05:15:00+00:00,1,1.0000000000003075,TP,False
S2-08,asia_reclaim,EURUSD,2017-08-29 01:15:00+00:00,2017-08-29 01:30:00+00:00,2017-08-29 05:00:00+00:00,-1,-1.000000000000084,SL,False
S2-08,asia_reclaim,EURUSD,2017-08-29 05:00:00+00:00,2017-08-29 05:15:00+00:00,2017-08-29 05:15:00+00:00,-1,1.0000000000002014,TP,False
S2-08,asia_reclaim,EURUSD,2017-08-29 06:00:00+00:00,2017-08-29 06:15:00+00:00,2017-08-29 06:15:00+00:00,-1,-0.9999999999998549,SL,False
S2-08,asia_reclaim,EURUSD,2017-08-30 01:15:00+00:00,2017-08-30 01:30:00+00:00,2017-08-30 03:15:00+00:00,1,0.999999999999946,TP,False
S2-08,asia_reclaim,EURUSD,2017-08-30 03:45:00+00:00,2017-08-30 04:00:00+00:00,2017-08-30 04:45:00+00:00,-1,0.9999999999998589,TP,False
S2-08,asia_reclaim,EURUSD,2017-08-30 06:30:00+00:00,2017-08-30 06:45:00+00:00,2017-08-30 07:00:00+00:00,1,1.0000000000000502,TP,False
S2-08,asia_reclaim,EURUSD,2017-08-31 01:00:00+00:00,2017-08-31 01:15:00+00:00,2017-08-31 01:30:00+00:00,-1,1.000000000000075,TP,False
S2-08,asia_reclaim,EURUSD,2017-08-31 05:15:00+00:00,2017-08-31 05:30:00+00:00,2017-08-31 06:15:00+00:00,1,-1.0000000000000684,SL,False
S2-08,asia_reclaim,EURUSD,2017-08-31 06:15:00+00:00,2017-08-31 06:30:00+00:00,2017-08-31 06:30:00+00:00,1,1.0,TP,False
S2-08,asia_reclaim,EURUSD,2017-09-01 01:00:00+00:00,2017-09-01 01:15:00+00:00,2017-09-01 03:30:00+00:00,-1,1.0,TP,False
S2-08,asia_reclaim,EURUSD,2017-09-01 04:45:00+00:00,2017-09-01 05:00:00+00:00,2017-09-01 05:00:00+00:00,1,-0.9999999999998311,SL,False
S2-08,asia_reclaim,EURUSD,2017-09-01 05:00:00+00:00,2017-09-01 05:15:00+00:00,2017-09-01 05:30:00+00:00,1,-0.9999999999999206,SL,False
S2-08,asia_reclaim,EURUSD,2017-09-01 06:45:00+00:00,2017-09-01 07:00:00+00:00,2017-09-01 07:45:00+00:00,1,-1.0000000000001052,SL,False
S2-08,asia_reclaim,EURUSD,2017-09-04 01:00:00+00:00,2017-09-04 01:15:00+00:00,2017-09-04 02:00:00+00:00,1,-1.0000000000001723,SL,False
S2-08,asia_reclaim,EURUSD,2017-09-05 01:00:00+00:00,2017-09-05 01:15:00+00:00,2017-09-05 01:15:00+00:00,-1,0.9999999999997687,TP,False
S2-08,asia_reclaim,EURUSD,2017-09-05 02:15:00+00:00,2017-09-05 02:30:00+00:00,2017-09-05 02:30:00+00:00,-1,-1.0,SL,False
S2-08,asia_reclaim,EURUSD,2017-09-05 02:30:00+00:00,2017-09-05 02:45:00+00:00,2017-09-05 02:45:00+00:00,-1,-1.0000000000001004,SL,False
S2-08,asia_reclaim,EURUSD,2017-09-05 02:45:00+00:00,2017-09-05 03:00:00+00:00,2017-09-05 06:00:00+00:00,-1,0.9999999999999043,TP,False
S2-08,asia_reclaim,EURUSD,2017-09-05 06:15:00+00:00,2017-09-05 06:30:00+00:00,2017-09-05 06:30:00+00:00,1,-0.9999999999998109,SL,True
S2-08,asia_reclaim,EURUSD,2017-09-06 01:45:00+00:00,2017-09-06 02:00:00+00:00,2017-09-06 03:00:00+00:00,1,1.0,TP,False
S2-08,asia_reclaim,EURUSD,2017-09-07 01:30:00+00:00,2017-09-07 01:45:00+00:00,2017-09-07 02:15:00+00:00,1,0.9999999999999303,TP,False
S2-08,asia_reclaim,EURUSD,2017-09-08 01:00:00+00:00,2017-09-08 01:15:00+00:00,2017-09-08 01:15:00+00:00,-1,1.000000000000065,TP,False
S2-08,asia_reclaim,EURUSD,2017-09-08 01:30:00+00:00,2017-09-08 01:45:00+00:00,2017-09-08 02:15:00+00:00,1,0.9999999999999399,TP,False
S2-08,asia_reclaim,EURUSD,2017-09-12 03:00:00+00:00,2017-09-12 03:15:00+00:00,2017-09-12 03:45:00+00:00,-1,1.0000000000000617,TP,False
S2-08,asia_reclaim,EURUSD,2017-09-14 05:45:00+00:00,2017-09-14 06:00:00+00:00,2017-09-14 06:00:00+00:00,1,-0.9999999999999257,SL,True
S2-08,asia_reclaim,EURUSD,2017-09-15 01:15:00+00:00,2017-09-15 01:30:00+00:00,2017-09-15 02:15:00+00:00,1,1.0000000000000895,TP,False
S2-08,asia_reclaim,EURUSD,2017-09-15 06:30:00+00:00,2017-09-15 06:45:00+00:00,2017-09-15 06:45:00+00:00,-1,-0.9999999999998981,SL,False
S2-08,asia_reclaim,EURUSD,2017-09-15 06:45:00+00:00,2017-09-15 07:00:00+00:00,2017-09-15 07:15:00+00:00,-1,1.0000000000000944,TP,False
S2-08,asia_reclaim,EURUSD,2017-09-18 01:00:00+00:00,2017-09-18 01:15:00+00:00,2017-09-18 02:00:00+00:00,-1,-1.0000000000001588,SL,False
S2-08,asia_reclaim,EURUSD,2017-09-18 02:15:00+00:00,2017-09-18 02:30:00+00:00,2017-09-18 03:00:00+00:00,-1,1.00000000000012,TP,False
S2-08,asia_reclaim,EURUSD,2017-09-18 06:30:00+00:00,2017-09-18 06:45:00+00:00,2017-09-18 06:45:00+00:00,-1,-1.0,SL,False
S2-08,asia_reclaim,EURUSD,2017-09-19 06:30:00+00:00,2017-09-19 06:45:00+00:00,2017-09-19 07:00:00+00:00,-1,-0.9999999999999183,SL,True
S2-08,asia_reclaim,EURUSD,2017-09-20 01:00:00+00:00,2017-09-20 01:15:00+00:00,2017-09-20 01:30:00+00:00,-1,-1.0,SL,False
S2-08,asia_reclaim,EURUSD,2017-09-20 01:45:00+00:00,2017-09-20 02:00:00+00:00,2017-09-20 02:45:00+00:00,-1,1.00000000000005,TP,False
S2-08,asia_reclaim,EURUSD,2017-09-21 01:00:00+00:00,2017-09-21 01:15:00+00:00,2017-09-21 01:30:00+00:00,-1,1.000000000000039,TP,False
S2-08,asia_reclaim,EURUSD,2017-09-21 06:00:00+00:00,2017-09-21 06:15:00+00:00,2017-09-21 06:15:00+00:00,-1,-0.9999999999999457,SL,False
S2-08,asia_reclaim,EURUSD,2017-09-21 06:45:00+00:00,2017-09-21 07:00:00+00:00,2017-09-21 07:00:00+00:00,-1,1.000000000000047,TP,False
S2-08,asia_reclaim,EURUSD,2017-09-22 02:45:00+00:00,2017-09-22 03:00:00+00:00,2017-09-22 04:45:00+00:00,-1,-1.000000000000057,SL,False
S2-08,asia_reclaim,EURUSD,2017-09-22 05:15:00+00:00,2017-09-22 05:30:00+00:00,2017-09-22 05:45:00+00:00,-1,-1.0,SL,False
S2-08,asia_reclaim,EURUSD,2017-09-22 06:00:00+00:00,2017-09-22 06:15:00+00:00,2017-09-22 06:15:00+00:00,-1,1.0,TP,False
S2-08,asia_reclaim,EURUSD,2017-09-25 06:15:00+00:00,2017-09-25 06:30:00+00:00,2017-09-25 06:30:00+00:00,1,-0.9999999999998505,SL,False
S2-08,asia_reclaim,EURUSD,2017-09-26 01:45:00+00:00,2017-09-26 02:00:00+00:00,2017-09-26 04:45:00+00:00,-1,0.9999999999997903,TP,False
S2-08,asia_reclaim,EURUSD,2017-09-26 05:45:00+00:00,2017-09-26 06:00:00+00:00,2017-09-26 06:00:00+00:00,1,1.0000000000002431,TP,False
S2-08,asia_reclaim,EURUSD,2017-09-27 01:00:00+00:00,2017-09-27 01:15:00+00:00,2017-09-27 01:15:00+00:00,-1,-1.0000000000002567,SL,False
S2-08,asia_reclaim,EURUSD,2017-09-27 01:30:00+00:00,2017-09-27 01:45:00+00:00,2017-09-27 03:00:00+00:00,-1,1.0,TP,False
S2-08,asia_reclaim,EURUSD,2017-09-27 05:45:00+00:00,2017-09-27 06:00:00+00:00,2017-09-27 06:15:00+00:00,1,-1.0000000000001206,SL,False
S2-08,asia_reclaim,EURUSD,2017-09-28 01:00:00+00:00,2017-09-28 01:15:00+00:00,2017-09-28 01:30:00+00:00,1,-0.9999999999998528,SL,False
S2-08,asia_reclaim,EURUSD,2017-09-28 01:45:00+00:00,2017-09-28 02:00:00+00:00,2017-09-28 03:00:00+00:00,1,-1.000000000000187,SL,False
S2-08,asia_reclaim,EURUSD,2017-09-28 03:15:00+00:00,2017-09-28 03:30:00+00:00,2017-09-28 03:45:00+00:00,1,-0.9999999999999393,SL,False
S2-08,asia_reclaim,EURUSD,2017-09-28 05:45:00+00:00,2017-09-28 06:00:00+00:00,2017-09-28 06:00:00+00:00,1,0.9999999999998204,TP,False
S2-08,asia_reclaim,EURUSD,2017-09-29 01:00:00+00:00,2017-09-29 01:15:00+00:00,2017-09-29 01:30:00+00:00,-1,0.99999999999984,TP,False
S2-08,asia_reclaim,EURUSD,2017-09-29 05:15:00+00:00,2017-09-29 05:30:00+00:00,2017-09-29 05:30:00+00:00,1,-1.0,SL,False
S2-08,asia_reclaim,EURUSD,2017-09-29 05:30:00+00:00,2017-09-29 05:45:00+00:00,2017-09-29 05:45:00+00:00,1,-0.9999999999997433,SL,False
S2-08,asia_reclaim,EURUSD,2017-09-29 05:45:00+00:00,2017-09-29 06:00:00+00:00,2017-09-29 06:15:00+00:00,1,1.0000000000002462,TP,False
S2-08,asia_reclaim,EURUSD,2017-10-02 01:30:00+00:00,2017-10-02 01:45:00+00:00,2017-10-02 01:45:00+00:00,1,-1.0000000000000588,SL,False
S2-08,asia_reclaim,EURUSD,2017-10-02 05:30:00+00:00,2017-10-02 05:45:00+00:00,2017-10-02 06:15:00+00:00,1,0.9999999999997842,TP,False
S2-08,asia_reclaim,EURUSD,2017-10-02 06:30:00+00:00,2017-10-02 06:45:00+00:00,2017-10-02 06:45:00+00:00,1,-1.0000000000000682,SL,False
S2-08,asia_reclaim,EURUSD,2017-10-02 06:45:00+00:00,2017-10-02 07:00:00+00:00,2017-10-02 07:00:00+00:00,1,-1.0000000000000624,SL,False
S2-08,asia_reclaim,EURUSD,2017-10-03 01:30:00+00:00,2017-10-03 01:45:00+00:00,2017-10-03 01:45:00+00:00,1,-1.0,SL,False
S2-08,asia_reclaim,EURUSD,2017-10-03 02:00:00+00:00,2017-10-03 02:15:00+00:00,2017-10-03 03:00:00+00:00,1,0.9999999999998956,TP,False
S2-08,asia_reclaim,EURUSD,2017-10-04 02:00:00+00:00,2017-10-04 02:15:00+00:00,2017-10-04 02:15:00+00:00,-1,1.0000000000001383,TP,False
S2-08,asia_reclaim,EURUSD,2017-10-05 01:15:00+00:00,2017-10-05 01:30:00+00:00,2017-10-05 02:00:00+00:00,1,0.9999999999998253,TP,False
S2-08,asia_reclaim,EURUSD,2017-10-05 02:00:00+00:00,2017-10-05 02:15:00+00:00,2017-10-05 04:00:00+00:00,-1,1.0,TP,False
S2-08,asia_reclaim,EURUSD,2017-10-05 06:45:00+00:00,2017-10-05 07:00:00+00:00,2017-10-05 07:00:00+00:00,-1,-1.0000000000001572,SL,False
S2-08,asia_reclaim,EURUSD,2017-10-06 01:30:00+00:00,2017-10-06 01:45:00+00:00,2017-10-06 01:45:00+00:00,-1,0.9999999999999308,TP,False
S2-08,asia_reclaim,EURUSD,2017-10-09 01:45:00+00:00,2017-10-09 02:00:00+00:00,2017-10-09 02:00:00+00:00,1,0.9999999999999141,TP,False
S2-08,asia_reclaim,EURUSD,2017-10-09 02:30:00+00:00,2017-10-09 02:45:00+00:00,2017-10-09 04:45:00+00:00,-1,0.9999999999998495,TP,False
S2-08,asia_reclaim,EURUSD,2017-10-09 06:15:00+00:00,2017-10-09 06:30:00+00:00,2017-10-09 06:45:00+00:00,1,-1.000000000000241,SL,False
S2-08,asia_reclaim,EURUSD,2017-10-09 06:45:00+00:00,2017-10-09 07:00:00+00:00,2017-10-09 07:00:00+00:00,1,-1.000000000000075,SL,False
S2-08,asia_reclaim,EURUSD,2017-10-10 01:45:00+00:00,2017-10-10 02:00:00+00:00,2017-10-10 03:00:00+00:00,-1,0.9999999999999456,TP,False
S2-08,asia_reclaim,EURUSD,2017-10-10 06:15:00+00:00,2017-10-10 06:30:00+00:00,2017-10-10 06:45:00+00:00,-1,0.99999999999988,TP,False
S2-08,asia_reclaim,EURUSD,2017-10-11 02:30:00+00:00,2017-10-11 02:45:00+00:00,2017-10-11 03:30:00+00:00,1,1.0,TP,False
S2-08,asia_reclaim,EURUSD,2017-10-12 01:30:00+00:00,2017-10-12 01:45:00+00:00,2017-10-12 03:15:00+00:00,-1,-1.00000000000013,SL,False
S2-08,asia_reclaim,EURUSD,2017-10-12 03:15:00+00:00,2017-10-12 03:30:00+00:00,2017-10-12 05:45:00+00:00,-1,-0.9999999999998216,SL,False
S2-08,asia_reclaim,EURUSD,2017-10-12 05:45:00+00:00,2017-10-12 06:00:00+00:00,2017-10-12 06:00:00+00:00,-1,1.0000000000001807,TP,False
S2-08,asia_reclaim,EURUSD,2017-10-13 01:00:00+00:00,2017-10-13 01:15:00+00:00,2017-10-13 01:45:00+00:00,-1,-0.9999999999999315,SL,False
S2-08,asia_reclaim,EURUSD,2017-10-13 01:45:00+00:00,2017-10-13 02:00:00+00:00,2017-10-13 02:15:00+00:00,-1,-1.000000000000062,SL,False
S2-08,asia_reclaim,EURUSD,2017-10-13 02:45:00+00:00,2017-10-13 03:00:00+00:00,2017-10-13 04:45:00+00:00,-1,1.000000000000067,TP,False
S2-08,asia_reclaim,EURUSD,2017-10-16 01:00:00+00:00,2017-10-16 01:15:00+00:00,2017-10-16 01:15:00+00:00,1,-0.9999999999998667,SL,False
S2-08,asia_reclaim,EURUSD,2017-10-16 01:30:00+00:00,2017-10-16 01:45:00+00:00,2017-10-16 01:45:00+00:00,1,-0.9999999999999304,SL,False
S2-08,asia_reclaim,EURUSD,2017-10-16 02:00:00+00:00,2017-10-16 02:15:00+00:00,2017-10-16 02:45:00+00:00,1,0.9999999999998769,TP,False
S2-08,asia_reclaim,EURUSD,2017-10-16 06:00:00+00:00,2017-10-16 06:15:00+00:00,2017-10-16 06:15:00+00:00,1,-0.9999999999997886,SL,False
S2-08,asia_reclaim,EURUSD,2017-10-17 01:15:00+00:00,2017-10-17 01:30:00+00:00,2017-10-17 01:30:00+00:00,1,-1.0000000000002556,SL,False
S2-08,asia_reclaim,EURUSD,2017-10-17 06:45:00+00:00,2017-10-17 07:00:00+00:00,2017-10-17 07:00:00+00:00,1,0.9999999999999325,TP,False
S2-08,asia_reclaim,EURUSD,2017-10-20 01:00:00+00:00,2017-10-20 01:15:00+00:00,2017-10-20 01:30:00+00:00,-1,0.9999999999997873,TP,False
S2-08,asia_reclaim,EURUSD,2017-10-20 05:30:00+00:00,2017-10-20 05:45:00+00:00,2017-10-20 06:15:00+00:00,1,0.999999999999941,TP,False
S2-08,asia_reclaim,EURUSD,2017-10-23 01:15:00+00:00,2017-10-23 01:30:00+00:00,2017-10-23 02:00:00+00:00,-1,-0.9999999999998367,SL,False
S2-08,asia_reclaim,EURUSD,2017-10-23 06:00:00+00:00,2017-10-23 06:15:00+00:00,2017-10-23 06:30:00+00:00,-1,0.9999999999997939,TP,False
S2-08,asia_reclaim,EURUSD,2017-10-24 01:00:00+00:00,2017-10-24 01:15:00+00:00,2017-10-24 02:00:00+00:00,-1,-1.0000000000001144,SL,False
S2-08,asia_reclaim,EURUSD,2017-10-24 03:30:00+00:00,2017-10-24 03:45:00+00:00,2017-10-24 04:00:00+00:00,-1,1.0,TP,False
S2-08,asia_reclaim,EURUSD,2017-10-24 05:45:00+00:00,2017-10-24 06:00:00+00:00,2017-10-24 06:15:00+00:00,1,1.0000000000002816,TP,False
S2-08,asia_reclaim,EURUSD,2017-10-25 01:45:00+00:00,2017-10-25 02:00:00+00:00,2017-10-25 02:00:00+00:00,-1,1.0000000000002216,TP,False
S2-08,asia_reclaim,EURUSD,2017-10-25 06:15:00+00:00,2017-10-25 06:30:00+00:00,2017-10-25 06:30:00+00:00,-1,0.9999999999999134,TP,False
S2-08,asia_reclaim,EURUSD,2017-10-26 01:30:00+00:00,2017-10-26 01:45:00+00:00,2017-10-26 01:45:00+00:00,-1,-1.0000000000002454,SL,False
S2-08,asia_reclaim,EURUSD,2017-10-26 02:15:00+00:00,2017-10-26 02:30:00+00:00,2017-10-26 02:45:00+00:00,-1,1.0000000000000744,TP,False
S2-08,asia_reclaim,EURUSD,2017-10-27 06:45:00+00:00,2017-10-27 07:00:00+00:00,2017-10-27 07:15:00+00:00,1,-1.0000000000001728,SL,False
S2-08,asia_reclaim,EURUSD,2017-10-30 01:00:00+00:00,2017-10-30 01:15:00+00:00,2017-10-30 01:15:00+00:00,-1,-1.0000000000001552,SL,False
S2-08,asia_reclaim,EURUSD,2017-10-30 01:30:00+00:00,2017-10-30 01:45:00+00:00,2017-10-30 01:45:00+00:00,-1,-1.0000000000001,SL,False
S2-08,asia_reclaim,EURUSD,2017-10-30 01:45:00+00:00,2017-10-30 02:00:00+00:00,2017-10-30 04:30:00+00:00,-1,-1.0000000000000484,SL,False
S2-08,asia_reclaim,EURUSD,2017-10-30 04:30:00+00:00,2017-10-30 04:45:00+00:00,2017-10-30 07:00:00+00:00,-1,0.9999999999999306,TP,False
S2-08,asia_reclaim,EURUSD,2017-10-31 02:00:00+00:00,2017-10-31 02:15:00+00:00,2017-10-31 04:30:00+00:00,1,-1.000000000000193,SL,False
S2-08,asia_reclaim,EURUSD,2017-10-31 05:00:00+00:00,2017-10-31 05:15:00+00:00,2017-10-31 05:30:00+00:00,1,1.0000000000000813,TP,False
S2-08,asia_reclaim,EURUSD,2017-11-01 02:15:00+00:00,2017-11-01 02:30:00+00:00,2017-11-01 03:00:00+00:00,1,-0.999999999999871,SL,False
S2-08,asia_reclaim,EURUSD,2017-11-01 04:30:00+00:00,2017-11-01 04:45:00+00:00,2017-11-01 05:30:00+00:00,1,-0.9999999999998374,SL,False
S2-08,asia_reclaim,EURUSD,2017-11-02 01:45:00+00:00,2017-11-02 02:00:00+00:00,2017-11-02 03:00:00+00:00,-1,1.0000000000000793,TP,False
S2-08,asia_reclaim,EURUSD,2017-11-03 01:30:00+00:00,2017-11-03 01:45:00+00:00,2017-11-03 02:00:00+00:00,-1,1.0000000000000862,TP,False
S2-08,asia_reclaim,EURUSD,2017-11-03 06:00:00+00:00,2017-11-03 06:15:00+00:00,2017-11-03 06:30:00+00:00,-1,1.0000000000002325,TP,False
S2-08,asia_reclaim,EURUSD,2017-11-06 01:00:00+00:00,2017-11-06 01:15:00+00:00,2017-11-06 01:30:00+00:00,1,1.0,TP,False
S2-08,asia_reclaim,EURUSD,2017-11-06 02:30:00+00:00,2017-11-06 02:45:00+00:00,2017-11-06 04:15:00+00:00,-1,1.0,TP,False
S2-08,asia_reclaim,EURUSD,2017-11-07 01:00:00+00:00,2017-11-07 01:15:00+00:00,2017-11-07 01:15:00+00:00,-1,0.9999999999998095,TP,False
S2-08,asia_reclaim,EURUSD,2017-11-07 01:45:00+00:00,2017-11-07 02:00:00+00:00,2017-11-07 02:45:00+00:00,1,1.0000000000002591,TP,False
S2-08,asia_reclaim,EURUSD,2017-11-07 06:45:00+00:00,2017-11-07 07:00:00+00:00,2017-11-07 07:00:00+00:00,1,-1.0,SL,False
S2-08,asia_reclaim,EURUSD,2017-11-08 01:00:00+00:00,2017-11-08 01:15:00+00:00,2017-11-08 02:15:00+00:00,1,0.999999999999934,TP,False
S2-08,asia_reclaim,EURUSD,2017-11-09 01:00:00+00:00,2017-11-09 01:15:00+00:00,2017-11-09 01:15:00+00:00,1,-0.9999999999999009,SL,False
S2-08,asia_reclaim,EURUSD,2017-11-09 01:30:00+00:00,2017-11-09 01:45:00+00:00,2017-11-09 01:45:00+00:00,1,1.0000000000000975,TP,False
S2-08,asia_reclaim,EURUSD,2017-11-09 02:15:00+00:00,2017-11-09 02:30:00+00:00,2017-11-09 02:45:00+00:00,-1,-0.9999999999999143,SL,False
S2-08,asia_reclaim,EURUSD,2017-11-09 02:45:00+00:00,2017-11-09 03:00:00+00:00,2017-11-09 03:45:00+00:00,-1,0.9999999999999233,TP,False
S2-08,asia_reclaim,EURUSD,2017-11-09 05:30:00+00:00,2017-11-09 05:45:00+00:00,2017-11-09 06:15:00+00:00,-1,-1.0000000000000786,SL,False
S2-08,asia_reclaim,EURUSD,2017-11-09 06:15:00+00:00,2017-11-09 06:30:00+00:00,2017-11-09 06:45:00+00:00,-1,-0.9999999999997565,SL,False
S2-08,asia_reclaim,EURUSD,2017-11-10 01:00:00+00:00,2017-11-10 01:15:00+00:00,2017-11-10 01:45:00+00:00,-1,0.9999999999999206,TP,False
S2-08,asia_reclaim,EURUSD,2017-11-10 04:45:00+00:00,2017-11-10 05:00:00+00:00,2017-11-10 06:00:00+00:00,1,0.9999999999998135,TP,False
S2-08,asia_reclaim,EURUSD,2017-11-13 01:00:00+00:00,2017-11-13 01:15:00+00:00,2017-11-13 03:15:00+00:00,1,1.0,TP,False
S2-08,asia_reclaim,EURUSD,2017-11-14 05:15:00+00:00,2017-11-14 05:30:00+00:00,2017-11-14 06:00:00+00:00,-1,0.9999999999995975,TP,False
S2-08,asia_reclaim,EURUSD,2017-11-15 01:15:00+00:00,2017-11-15 01:30:00+00:00,2017-11-15 03:45:00+00:00,-1,-1.000000000000141,SL,False
S2-08,asia_reclaim,EURUSD,2017-11-15 03:45:00+00:00,2017-11-15 04:00:00+00:00,2017-11-15 05:00:00+00:00,-1,0.9999999999998581,TP,False
S2-08,asia_reclaim,EURUSD,2017-11-15 06:00:00+00:00,2017-11-15 06:15:00+00:00,2017-11-15 06:15:00+00:00,1,0.9999999999999053,TP,False
S2-08,asia_reclaim,EURUSD,2017-11-16 01:15:00+00:00,2017-11-16 01:30:00+00:00,2017-11-16 02:15:00+00:00,-1,1.0000000000000524,TP,False
S2-08,asia_reclaim,EURUSD,2017-11-16 03:45:00+00:00,2017-11-16 04:00:00+00:00,2017-11-16 06:00:00+00:00,1,1.000000000000248,TP,False
S2-08,asia_reclaim,EURUSD,2017-11-17 02:00:00+00:00,2017-11-17 02:15:00+00:00,2017-11-17 02:15:00+00:00,-1,-0.9999999999999103,SL,False
S2-08,asia_reclaim,EURUSD,2017-11-21 02:00:00+00:00,2017-11-21 02:15:00+00:00,2017-11-21 03:00:00+00:00,1,1.0000000000000793,TP,False
S2-08,asia_reclaim,EURUSD,2017-11-22 01:00:00+00:00,2017-11-22 01:15:00+00:00,2017-11-22 04:30:00+00:00,1,1.0000000000001195,TP,False
S2-08,asia_reclaim,EURUSD,2017-11-23 01:15:00+00:00,2017-11-23 01:30:00+00:00,2017-11-23 01:30:00+00:00,-1,-0.9999999999999231,SL,False
S2-08,asia_reclaim,EURUSD,2017-11-23 02:15:00+00:00,2017-11-23 02:30:00+00:00,2017-11-23 02:30:00+00:00,-1,1.0,TP,False
S2-08,asia_reclaim,EURUSD,2017-11-24 01:00:00+00:00,2017-11-24 01:15:00+00:00,2017-11-24 01:15:00+00:00,1,0.999999999999928,TP,False
S2-08,asia_reclaim,EURUSD,2017-11-24 04:30:00+00:00,2017-11-24 04:45:00+00:00,2017-11-24 05:30:00+00:00,-1,1.0,TP,False
S2-08,asia_reclaim,EURUSD,2017-11-27 01:00:00+00:00,2017-11-27 01:15:00+00:00,2017-11-27 03:00:00+00:00,1,0.9999999999998888,TP,False
S2-08,asia_reclaim,EURUSD,2017-11-28 05:30:00+00:00,2017-11-28 05:45:00+00:00,2017-11-28 05:45:00+00:00,-1,0.9999999999996798,TP,False
S2-08,asia_reclaim,EURUSD,2017-11-29 03:15:00+00:00,2017-11-29 03:30:00+00:00,2017-11-29 04:00:00+00:00,-1,-1.0000000000001585,SL,False
S2-08,asia_reclaim,EURUSD,2017-11-29 04:00:00+00:00,2017-11-29 04:15:00+00:00,2017-11-29 06:15:00+00:00,-1,-0.9999999999999235,SL,False
S2-08,asia_reclaim,EURUSD,2017-11-29 06:45:00+00:00,2017-11-29 07:00:00+00:00,2017-11-29 07:00:00+00:00,-1,-1.0000000000001443,SL,False
S2-08,asia_reclaim,EURUSD,2017-11-30 01:45:00+00:00,2017-11-30 02:00:00+00:00,2017-11-30 02:15:00+00:00,-1,-1.0000000000001277,SL,False
S2-08,asia_reclaim,EURUSD,2017-11-30 02:15:00+00:00,2017-11-30 02:30:00+00:00,2017-11-30 04:45:00+00:00,-1,1.0000000000001827,TP,False
S2-08,asia_reclaim,EURUSD,2017-11-30 06:45:00+00:00,2017-11-30 07:00:00+00:00,2017-11-30 07:00:00+00:00,-1,-1.00000000000008,SL,False
S2-08,asia_reclaim,EURUSD,2017-12-01 06:00:00+00:00,2017-12-01 06:15:00+00:00,2017-12-01 06:30:00+00:00,-1,1.0000000000001599,TP,False
S2-08,asia_reclaim,EURUSD,2017-12-04 01:15:00+00:00,2017-12-04 01:30:00+00:00,2017-12-04 05:15:00+00:00,-1,0.09620859875873088,TIME,False
S2-08,asia_reclaim,EURUSD,2017-12-05 01:15:00+00:00,2017-12-05 01:30:00+00:00,2017-12-05 01:30:00+00:00,-1,1.000000000000227,TP,False
S2-08,asia_reclaim,EURUSD,2017-12-05 02:15:00+00:00,2017-12-05 02:30:00+00:00,2017-12-05 04:45:00+00:00,-1,0.9999999999997617,TP,False
S2-08,asia_reclaim,EURUSD,2017-12-05 06:45:00+00:00,2017-12-05 07:00:00+00:00,2017-12-05 07:00:00+00:00,1,0.9999999999997958,TP,False
S2-08,asia_reclaim,EURUSD,2017-12-06 03:15:00+00:00,2017-12-06 03:30:00+00:00,2017-12-06 03:45:00+00:00,-1,-1.0000000000000646,SL,False
S2-08,asia_reclaim,EURUSD,2017-12-07 01:15:00+00:00,2017-12-07 01:30:00+00:00,2017-12-07 01:45:00+00:00,1,0.9999999999998547,TP,False
S2-08,asia_reclaim,EURUSD,2017-12-07 04:00:00+00:00,2017-12-07 04:15:00+00:00,2017-12-07 04:15:00+00:00,-1,0.9999999999997478,TP,False
S2-08,asia_reclaim,EURUSD,2017-12-08 01:00:00+00:00,2017-12-08 01:15:00+00:00,2017-12-08 01:30:00+00:00,1,-1.0,SL,False
S2-08,asia_reclaim,EURUSD,2017-12-08 01:45:00+00:00,2017-12-08 02:00:00+00:00,2017-12-08 02:00:00+00:00,1,1.0,TP,False
S2-08,asia_reclaim,EURUSD,2017-12-08 04:45:00+00:00,2017-12-08 05:00:00+00:00,2017-12-08 05:45:00+00:00,1,1.000000000000196,TP,False
S2-08,asia_reclaim,EURUSD,2017-12-11 01:15:00+00:00,2017-12-11 01:30:00+00:00,2017-12-11 03:00:00+00:00,-1,-0.9999999999997524,SL,False
S2-08,asia_reclaim,EURUSD,2017-12-11 05:30:00+00:00,2017-12-11 05:45:00+00:00,2017-12-11 05:45:00+00:00,-1,0.9999999999997802,TP,False
S2-08,asia_reclaim,EURUSD,2017-12-12 01:00:00+00:00,2017-12-12 01:15:00+00:00,2017-12-12 01:30:00+00:00,-1,0.999999999999815,TP,False
S2-08,asia_reclaim,EURUSD,2017-12-13 02:45:00+00:00,2017-12-13 03:00:00+00:00,2017-12-13 03:15:00+00:00,-1,-1.0000000000001135,SL,False
S2-08,asia_reclaim,EURUSD,2017-12-13 06:30:00+00:00,2017-12-13 06:45:00+00:00,2017-12-13 06:45:00+00:00,-1,0.9999999999998941,TP,False
S2-08,asia_reclaim,EURUSD,2017-12-14 01:00:00+00:00,2017-12-14 01:15:00+00:00,2017-12-14 03:00:00+00:00,-1,0.9999999999998597,TP,False
S2-08,asia_reclaim,EURUSD,2017-12-14 05:30:00+00:00,2017-12-14 05:45:00+00:00,2017-12-14 06:00:00+00:00,1,-1.0000000000001925,SL,False
S2-08,asia_reclaim,EURUSD,2017-12-14 06:30:00+00:00,2017-12-14 06:45:00+00:00,2017-12-14 07:00:00+00:00,1,-0.9999999999997092,SL,False
S2-08,asia_reclaim,EURUSD,2017-12-15 02:30:00+00:00,2017-12-15 02:45:00+00:00,2017-12-15 02:45:00+00:00,-1,0.9999999999998532,TP,False
S2-08,asia_reclaim,EURUSD,2017-12-18 01:15:00+00:00,2017-12-18 01:30:00+00:00,2017-12-18 02:00:00+00:00,-1,-1.0,SL,False
S2-08,asia_reclaim,EURUSD,2017-12-18 02:15:00+00:00,2017-12-18 02:30:00+00:00,2017-12-18 02:30:00+00:00,-1,-1.0000000000001434,SL,False
S2-08,asia_reclaim,EURUSD,2017-12-18 03:00:00+00:00,2017-12-18 03:15:00+00:00,2017-12-18 03:30:00+00:00,-1,-0.9999999999999309,SL,False
S2-08,asia_reclaim,EURUSD,2017-12-18 03:45:00+00:00,2017-12-18 04:00:00+00:00,2017-12-18 06:00:00+00:00,-1,-1.0000000000000677,SL,False
S2-08,asia_reclaim,EURUSD,2017-12-18 06:15:00+00:00,2017-12-18 06:30:00+00:00,2017-12-18 07:00:00+00:00,-1,0.9999999999998352,TP,False
S2-08,asia_reclaim,EURUSD,2017-12-19 01:15:00+00:00,2017-12-19 01:30:00+00:00,2017-12-19 01:45:00+00:00,1,1.0000000000000957,TP,False
S2-08,asia_reclaim,EURUSD,2017-12-19 02:45:00+00:00,2017-12-19 03:00:00+00:00,2017-12-19 03:30:00+00:00,-1,-0.9999999999999041,SL,False
S2-08,asia_reclaim,EURUSD,2017-12-19 05:45:00+00:00,2017-12-19 06:00:00+00:00,2017-12-19 06:15:00+00:00,-1,-1.0000000000002254,SL,False
S2-08,asia_reclaim,EURUSD,2017-12-19 06:45:00+00:00,2017-12-19 07:00:00+00:00,2017-12-19 07:00:00+00:00,-1,-0.9999999999999041,SL,False
S2-08,asia_reclaim,EURUSD,2017-12-20 01:00:00+00:00,2017-12-20 01:15:00+00:00,2017-12-20 05:00:00+00:00,-1,0.4624635664207126,TIME,False
S2-08,asia_reclaim,EURUSD,2017-12-20 06:00:00+00:00,2017-12-20 06:15:00+00:00,2017-12-20 06:30:00+00:00,-1,0.9999999999997901,TP,False
S2-08,asia_reclaim,EURUSD,2017-12-21 01:15:00+00:00,2017-12-21 01:30:00+00:00,2017-12-21 03:30:00+00:00,1,-1.0,SL,False
S2-08,asia_reclaim,EURUSD,2017-12-21 04:00:00+00:00,2017-12-21 04:15:00+00:00,2017-12-21 05:15:00+00:00,1,-1.0,SL,False
S2-08,asia_reclaim,EURUSD,2017-12-21 05:15:00+00:00,2017-12-21 05:30:00+00:00,2017-12-21 05:30:00+00:00,1,1.0000000000003288,TP,False
S2-08,asia_reclaim,EURUSD,2017-12-25 02:15:00+00:00,2017-12-25 02:30:00+00:00,2017-12-25 02:30:00+00:00,-1,-0.9999999999997373,SL,False
S2-08,asia_reclaim,EURUSD,2017-12-25 03:45:00+00:00,2017-12-25 04:00:00+00:00,2017-12-25 04:00:00+00:00,-1,-0.9999999999997581,SL,False
S2-08,asia_reclaim,EURUSD,2017-12-25 04:15:00+00:00,2017-12-25 04:30:00+00:00,2017-12-25 04:30:00+00:00,-1,-0.9999999999997198,SL,False
S2-08,asia_reclaim,EURUSD,2017-12-26 01:15:00+00:00,2017-12-26 01:30:00+00:00,2017-12-26 02:45:00+00:00,1,0.9999999999997942,TP,False
S2-08,asia_reclaim,EURUSD,2017-12-26 02:45:00+00:00,2017-12-26 03:00:00+00:00,2017-12-26 04:15:00+00:00,-1,1.0000000000001033,TP,False
S2-08,asia_reclaim,EURUSD,2017-12-27 03:00:00+00:00,2017-12-27 03:15:00+00:00,2017-12-27 04:30:00+00:00,-1,-1.0,SL,False
S2-08,asia_reclaim,EURUSD,2017-12-27 04:45:00+00:00,2017-12-27 05:00:00+00:00,2017-12-27 05:30:00+00:00,-1,-1.0000000000001072,SL,False
S2-08,asia_reclaim,EURUSD,2017-12-27 06:30:00+00:00,2017-12-27 06:45:00+00:00,2017-12-27 07:15:00+00:00,-1,0.9999999999998169,TP,False
S2-08,asia_reclaim,EURUSD,2017-12-28 01:00:00+00:00,2017-12-28 01:15:00+00:00,2017-12-28 02:00:00+00:00,-1,-1.0000000000000675,SL,False
S2-08,asia_reclaim,EURUSD,2017-12-28 02:45:00+00:00,2017-12-28 03:00:00+00:00,2017-12-28 04:15:00+00:00,-1,-0.9999999999997383,SL,False
S2-08,asia_reclaim,EURUSD,2017-12-28 06:45:00+00:00,2017-12-28 07:00:00+00:00,2017-12-28 07:45:00+00:00,-1,-1.0000000000002527,SL,False
S2-08,asia_reclaim,EURUSD,2017-12-29 01:15:00+00:00,2017-12-29 01:30:00+00:00,2017-12-29 02:00:00+00:00,1,0.999999999999732,TP,False
S2-08,asia_reclaim,EURUSD,2017-12-29 05:45:00+00:00,2017-12-29 06:00:00+00:00,2017-12-29 06:00:00+00:00,-1,-0.9999999999999026,SL,False
S2-08,asia_reclaim,EURUSD,2018-01-02 01:15:00+00:00,2018-01-02 01:30:00+00:00,2018-01-02 01:45:00+00:00,-1,1.0,TP,False
S2-08,asia_reclaim,EURUSD,2018-01-02 02:30:00+00:00,2018-01-02 02:45:00+00:00,2018-01-02 03:00:00+00:00,1,1.0,TP,False
S2-08,asia_reclaim,EURUSD,2018-01-02 06:45:00+00:00,2018-01-02 07:00:00+00:00,2018-01-02 07:15:00+00:00,-1,0.9999999999997731,TP,False
S2-08,asia_reclaim,EURUSD,2018-01-03 01:45:00+00:00,2018-01-03 02:00:00+00:00,2018-01-03 02:00:00+00:00,1,-1.000000000000055,SL,False
S2-08,asia_reclaim,EURUSD,2018-01-03 02:30:00+00:00,2018-01-03 02:45:00+00:00,2018-01-03 04:30:00+00:00,1,1.0000000000001488,TP,False
S2-08,asia_reclaim,EURUSD,2018-01-04 05:45:00+00:00,2018-01-04 06:00:00+00:00,2018-01-04 06:00:00+00:00,-1,-0.9999999999997358,SL,False
S2-08,asia_reclaim,EURUSD,2018-01-05 06:30:00+00:00,2018-01-05 06:45:00+00:00,2018-01-05 06:45:00+00:00,1,-0.9999999999997482,SL,False
S2-08,asia_reclaim,EURUSD,2018-01-08 01:15:00+00:00,2018-01-08 01:30:00+00:00,2018-01-08 02:15:00+00:00,-1,1.0000000000001295,TP,False
S2-08,asia_reclaim,EURUSD,2018-01-08 02:45:00+00:00,2018-01-08 03:00:00+00:00,2018-01-08 03:30:00+00:00,1,-0.9999999999998107,SL,False
S2-08,asia_reclaim,EURUSD,2018-01-08 03:45:00+00:00,2018-01-08 04:00:00+00:00,2018-01-08 04:00:00+00:00,1,-1.0,SL,False
S2-08,asia_reclaim,EURUSD,2018-01-08 04:30:00+00:00,2018-01-08 04:45:00+00:00,2018-01-08 05:30:00+00:00,1,-0.999999999999823,SL,False
S2-08,asia_reclaim,EURUSD,2018-01-09 02:00:00+00:00,2018-01-09 02:15:00+00:00,2018-01-09 02:15:00+00:00,-1,-1.0000000000002156,SL,False
S2-08,asia_reclaim,EURUSD,2018-01-10 01:15:00+00:00,2018-01-10 01:30:00+00:00,2018-01-10 01:30:00+00:00,-1,-0.9999999999997916,SL,False
S2-08,asia_reclaim,EURUSD,2018-01-10 02:15:00+00:00,2018-01-10 02:30:00+00:00,2018-01-10 04:30:00+00:00,-1,1.0000000000000573,TP,False
S2-08,asia_reclaim,EURUSD,2018-01-10 06:45:00+00:00,2018-01-10 07:00:00+00:00,2018-01-10 07:00:00+00:00,1,0.9999999999997906,TP,False
S2-08,asia_reclaim,EURUSD,2018-01-11 01:00:00+00:00,2018-01-11 01:15:00+00:00,2018-01-11 01:30:00+00:00,-1,-1.0000000000000637,SL,False
S2-08,asia_reclaim,EURUSD,2018-01-11 01:30:00+00:00,2018-01-11 01:45:00+00:00,2018-01-11 02:15:00+00:00,-1,-1.0000000000001226,SL,False
S2-08,asia_reclaim,EURUSD,2018-01-11 02:45:00+00:00,2018-01-11 03:00:00+00:00,2018-01-11 03:15:00+00:00,-1,1.000000000000169,TP,False
S2-08,asia_reclaim,EURUSD,2018-01-11 03:30:00+00:00,2018-01-11 03:45:00+00:00,2018-01-11 04:30:00+00:00,1,-1.0000000000001368,SL,False
S2-08,asia_reclaim,EURUSD,2018-01-11 06:45:00+00:00,2018-01-11 07:00:00+00:00,2018-01-11 07:00:00+00:00,1,0.9999999999998594,TP,False
S2-08,asia_reclaim,EURUSD,2018-01-12 05:45:00+00:00,2018-01-12 06:00:00+00:00,2018-01-12 06:30:00+00:00,1,1.0000000000000628,TP,False
S2-08,asia_reclaim,EURUSD,2018-01-15 01:15:00+00:00,2018-01-15 01:30:00+00:00,2018-01-15 01:30:00+00:00,-1,0.9999999999998932,TP,False
S2-08,asia_reclaim,EURUSD,2018-01-15 04:45:00+00:00,2018-01-15 05:00:00+00:00,2018-01-15 05:15:00+00:00,-1,-1.000000000000124,SL,False
S2-08,asia_reclaim,EURUSD,2018-01-16 01:15:00+00:00,2018-01-16 01:30:00+00:00,2018-01-16 01:45:00+00:00,1,0.9999999999999444,TP,False
S2-08,asia_reclaim,EURUSD,2018-01-16 02:15:00+00:00,2018-01-16 02:30:00+00:00,2018-01-16 02:30:00+00:00,-1,-1.0000000000000906,SL,False
S2-08,asia_reclaim,EURUSD,2018-01-16 06:30:00+00:00,2018-01-16 06:45:00+00:00,2018-01-16 06:45:00+00:00,-1,0.9999999999999496,TP,False
S2-08,asia_reclaim,EURUSD,2018-01-17 03:00:00+00:00,2018-01-17 03:15:00+00:00,2018-01-17 04:45:00+00:00,1,-1.0000000000000477,SL,False
S2-08,asia_reclaim,EURUSD,2018-01-17 05:00:00+00:00,2018-01-17 05:15:00+00:00,2018-01-17 05:15:00+00:00,1,-1.0000000000000682,SL,False
S2-08,asia_reclaim,EURUSD,2018-01-17 05:30:00+00:00,2018-01-17 05:45:00+00:00,2018-01-17 05:45:00+00:00,1,-0.9999999999999662,SL,False
S2-08,asia_reclaim,EURUSD,2018-01-17 05:45:00+00:00,2018-01-17 06:00:00+00:00,2018-01-17 06:45:00+00:00,1,-0.9999999999999665,SL,False
S2-08,asia_reclaim,EURUSD,2018-01-18 03:45:00+00:00,2018-01-18 04:00:00+00:00,2018-01-18 04:15:00+00:00,1,1.0000000000000355,TP,False
S2-08,asia_reclaim,EURUSD,2018-01-18 05:15:00+00:00,2018-01-18 05:30:00+00:00,2018-01-18 05:45:00+00:00,-1,-0.9999999999998668,SL,False
S2-08,asia_reclaim,EURUSD,2018-01-18 05:45:00+00:00,2018-01-18 06:00:00+00:00,2018-01-18 06:15:00+00:00,-1,0.9999999999998678,TP,False
S2-08,asia_reclaim,EURUSD,2018-01-18 06:45:00+00:00,2018-01-18 07:00:00+00:00,2018-01-18 07:00:00+00:00,-1,1.0000000000000384,TP,False
S2-08,asia_reclaim,EURUSD,2018-01-19 02:00:00+00:00,2018-01-19 02:15:00+00:00,2018-01-19 03:15:00+00:00,-1,-1.000000000000035,SL,False
S2-08,asia_reclaim,EURUSD,2018-01-19 03:30:00+00:00,2018-01-19 03:45:00+00:00,2018-01-19 05:15:00+00:00,-1,0.9999999999999696,TP,False
S2-08,asia_reclaim,EURUSD,2018-01-22 01:30:00+00:00,2018-01-22 01:45:00+00:00,2018-01-22 04:00:00+00:00,1,-1.0000000000000333,SL,False
S2-08,asia_reclaim,EURUSD,2018-01-22 04:15:00+00:00,2018-01-22 04:30:00+00:00,2018-01-22 05:30:00+00:00,1,0.999999999999923,TP,False
S2-08,asia_reclaim,EURUSD,2018-01-23 01:30:00+00:00,2018-01-23 01:45:00+00:00,2018-01-23 01:45:00+00:00,-1,0.9999999999998118,TP,False
S2-08,asia_reclaim,EURUSD,2018-01-23 03:15:00+00:00,2018-01-23 03:30:00+00:00,2018-01-23 03:30:00+00:00,-1,-1.0000000000001243,SL,False
S2-08,asia_reclaim,EURUSD,2018-01-25 01:00:00+00:00,2018-01-25 01:15:00+00:00,2018-01-25 01:30:00+00:00,-1,-1.0000000000000913,SL,False
S2-08,asia_reclaim,EURUSD,2018-01-25 01:30:00+00:00,2018-01-25 01:45:00+00:00,2018-01-25 01:45:00+00:00,-1,-1.000000000000091,SL,False
S2-08,asia_reclaim,EURUSD,2018-01-25 03:45:00+00:00,2018-01-25 04:00:00+00:00,2018-01-25 05:45:00+00:00,-1,-0.9999999999998902,SL,False
S2-08,asia_reclaim,EURUSD,2018-01-25 06:00:00+00:00,2018-01-25 06:15:00+00:00,2018-01-25 06:15:00+00:00,-1,-1.0,SL,False
S2-08,asia_reclaim,EURUSD,2018-01-25 06:30:00+00:00,2018-01-25 06:45:00+00:00,2018-01-25 06:45:00+00:00,-1,1.0000000000000717,TP,False
S2-08,asia_reclaim,EURUSD,2018-01-26 06:45:00+00:00,2018-01-26 07:00:00+00:00,2018-01-26 07:00:00+00:00,-1,-0.9999999999998757,SL,False
S2-08,asia_reclaim,EURUSD,2018-01-29 02:15:00+00:00,2018-01-29 02:30:00+00:00,2018-01-29 02:45:00+00:00,1,1.0000000000000657,TP,False
S2-08,asia_reclaim,EURUSD,2018-01-30 01:45:00+00:00,2018-01-30 02:00:00+00:00,2018-01-30 02:15:00+00:00,-1,0.9999999999998508,TP,False
S2-08,asia_reclaim,EURUSD,2018-01-30 02:15:00+00:00,2018-01-30 02:30:00+00:00,2018-01-30 02:30:00+00:00,1,-0.9999999999998678,SL,False
S2-08,asia_reclaim,EURUSD,2018-01-30 02:45:00+00:00,2018-01-30 03:00:00+00:00,2018-01-30 03:30:00+00:00,1,0.99999999999992,TP,False
S2-08,asia_reclaim,EURUSD,2018-01-30 05:45:00+00:00,2018-01-30 06:00:00+00:00,2018-01-30 06:15:00+00:00,1,-0.9999999999999605,SL,False
S2-08,asia_reclaim,EURUSD,2018-01-30 06:30:00+00:00,2018-01-30 06:45:00+00:00,2018-01-30 06:45:00+00:00,1,-1.0000000000001237,SL,False
S2-08,asia_reclaim,EURUSD,2018-01-31 01:00:00+00:00,2018-01-31 01:15:00+00:00,2018-01-31 01:15:00+00:00,1,0.9999999999998586,TP,False
S2-08,asia_reclaim,EURUSD,2018-01-31 02:30:00+00:00,2018-01-31 02:45:00+00:00,2018-01-31 03:00:00+00:00,1,1.0000000000000713,TP,False
S2-08,asia_reclaim,EURUSD,2018-01-31 03:15:00+00:00,2018-01-31 03:30:00+00:00,2018-01-31 03:30:00+00:00,-1,-0.9999999999999335,SL,False
S2-08,asia_reclaim,EURUSD,2018-01-31 03:30:00+00:00,2018-01-31 03:45:00+00:00,2018-01-31 04:00:00+00:00,-1,0.9999999999999367,TP,False
S2-08,asia_reclaim,EURUSD,2018-01-31 06:15:00+00:00,2018-01-31 06:30:00+00:00,2018-01-31 06:30:00+00:00,-1,-0.9999999999998869,SL,False
S2-08,asia_reclaim,EURUSD,2018-01-31 06:45:00+00:00,2018-01-31 07:00:00+00:00,2018-01-31 07:00:00+00:00,-1,1.0,TP,False
S2-08,asia_reclaim,EURUSD,2018-02-01 06:30:00+00:00,2018-02-01 06:45:00+00:00,2018-02-01 06:45:00+00:00,1,-1.0000000000000462,SL,False
S2-08,asia_reclaim,EURUSD,2018-02-02 01:00:00+00:00,2018-02-02 01:15:00+00:00,2018-02-02 01:15:00+00:00,1,0.9999999999998459,TP,False
S2-08,asia_reclaim,EURUSD,2018-02-02 01:30:00+00:00,2018-02-02 01:45:00+00:00,2018-02-02 05:30:00+00:00,-1,0.13778469674997867,TIME,False
S2-08,asia_reclaim,EURUSD,2018-02-02 06:45:00+00:00,2018-02-02 07:00:00+00:00,2018-02-02 07:00:00+00:00,1,1.0000000000000506,TP,False
S2-08,asia_reclaim,EURUSD,2018-02-05 01:45:00+00:00,2018-02-05 02:00:00+00:00,2018-02-05 02:15:00+00:00,-1,1.0000000000001192,TP,False
S2-08,asia_reclaim,EURUSD,2018-02-05 02:30:00+00:00,2018-02-05 02:45:00+00:00,2018-02-05 03:00:00+00:00,-1,-1.0,SL,False
S2-08,asia_reclaim,EURUSD,2018-02-05 03:15:00+00:00,2018-02-05 03:30:00+00:00,2018-02-05 03:45:00+00:00,-1,1.0000000000001263,TP,False
S2-08,asia_reclaim,EURUSD,2018-02-06 01:00:00+00:00,2018-02-06 01:15:00+00:00,2018-02-06 01:45:00+00:00,-1,1.0000000000000309,TP,False
S2-08,asia_reclaim,EURUSD,2018-02-06 02:15:00+00:00,2018-02-06 02:30:00+00:00,2018-02-06 02:45:00+00:00,1,1.0000000000000877,TP,False
S2-08,asia_reclaim,EURUSD,2018-02-06 04:45:00+00:00,2018-02-06 05:00:00+00:00,2018-02-06 05:00:00+00:00,1,1.0000000000000886,TP,False
S2-08,asia_reclaim,EURUSD,2018-02-06 06:45:00+00:00,2018-02-06 07:00:00+00:00,2018-02-06 07:00:00+00:00,-1,-1.0,SL,False
S2-08,asia_reclaim,EURUSD,2018-02-08 01:00:00+00:00,2018-02-08 01:15:00+00:00,2018-02-08 01:15:00+00:00,1,0.9999999999998677,TP,False
S2-08,asia_reclaim,EURUSD,2018-02-08 01:30:00+00:00,2018-02-08 01:45:00+00:00,2018-02-08 03:15:00+00:00,-1,-0.9999999999999145,SL,False
S2-08,asia_reclaim,EURUSD,2018-02-08 03:15:00+00:00,2018-02-08 03:30:00+00:00,2018-02-08 04:00:00+00:00,-1,0.9999999999999571,TP,False
S2-08,asia_reclaim,EURUSD,2018-02-08 04:30:00+00:00,2018-02-08 04:45:00+00:00,2018-02-08 05:00:00+00:00,1,1.0000000000000384,TP,False
S2-08,asia_reclaim,EURUSD,2018-02-09 01:15:00+00:00,2018-02-09 01:30:00+00:00,2018-02-09 01:30:00+00:00,-1,-1.0000000000000488,SL,False
S2-08,asia_reclaim,EURUSD,2018-02-09 01:45:00+00:00,2018-02-09 02:00:00+00:00,2018-02-09 02:00:00+00:00,-1,1.000000000000128,TP,False
S2-08,asia_reclaim,EURUSD,2018-02-09 02:15:00+00:00,2018-02-09 02:30:00+00:00,2018-02-09 02:45:00+00:00,1,0.9999999999999611,TP,False
S2-08,asia_reclaim,EURUSD,2018-02-09 06:30:00+00:00,2018-02-09 06:45:00+00:00,2018-02-09 07:00:00+00:00,-1,-0.9999999999998943,SL,False
S2-08,asia_reclaim,EURUSD,2018-02-12 01:30:00+00:00,2018-02-12 01:45:00+00:00,2018-02-12 02:30:00+00:00,-1,-0.9999999999999519,SL,False
S2-08,asia_reclaim,EURUSD,2018-02-12 03:15:00+00:00,2018-02-12 03:30:00+00:00,2018-02-12 03:45:00+00:00,-1,-1.0000000000001328,SL,False
S2-08,asia_reclaim,EURUSD,2018-02-12 04:00:00+00:00,2018-02-12 04:15:00+00:00,2018-02-12 04:45:00+00:00,-1,0.9999999999999549,TP,False
S2-08,asia_reclaim,EURUSD,2018-02-13 01:00:00+00:00,2018-02-13 01:15:00+00:00,2018-02-13 01:45:00+00:00,1,1.0,TP,False
S2-08,asia_reclaim,EURUSD,2018-02-13 02:45:00+00:00,2018-02-13 03:00:00+00:00,2018-02-13 04:15:00+00:00,1,0.9999999999999032,TP,False
S2-08,asia_reclaim,EURUSD,2018-02-13 04:30:00+00:00,2018-02-13 04:45:00+00:00,2018-02-13 05:00:00+00:00,-1,-0.9999999999998389,SL,False
S2-08,asia_reclaim,EURUSD,2018-02-13 05:15:00+00:00,2018-02-13 05:30:00+00:00,2018-02-13 05:30:00+00:00,-1,-1.000000000000053,SL,False
S2-08,asia_reclaim,EURUSD,2018-02-14 01:00:00+00:00,2018-02-14 01:15:00+00:00,2018-02-14 02:00:00+00:00,1,0.999999999999941,TP,False
S2-08,asia_reclaim,EURUSD,2018-02-14 02:30:00+00:00,2018-02-14 02:45:00+00:00,2018-02-14 02:45:00+00:00,-1,-0.9999999999998958,SL,False
S2-08,asia_reclaim,EURUSD,2018-02-14 03:00:00+00:00,2018-02-14 03:15:00+00:00,2018-02-14 03:15:00+00:00,-1,-0.9999999999999561,SL,False
S2-08,asia_reclaim,EURUSD,2018-02-14 03:15:00+00:00,2018-02-14 03:30:00+00:00,2018-02-14 04:45:00+00:00,-1,1.0000000000000409,TP,False
S2-08,asia_reclaim,EURUSD,2018-02-15 01:15:00+00:00,2018-02-15 01:30:00+00:00,2018-02-15 02:00:00+00:00,-1,0.9999999999999237,TP,False
S2-08,asia_reclaim,EURUSD,2018-02-15 06:45:00+00:00,2018-02-15 07:00:00+00:00,2018-02-15 07:00:00+00:00,-1,-1.0000000000000893,SL,False
S2-08,asia_reclaim,EURUSD,2018-02-16 01:00:00+00:00,2018-02-16 01:15:00+00:00,2018-02-16 01:45:00+00:00,-1,-1.0,SL,False
S2-08,asia_reclaim,EURUSD,2018-02-16 04:45:00+00:00,2018-02-16 05:00:00+00:00,2018-02-16 06:45:00+00:00,-1,0.9999999999999681,TP,False
S2-08,asia_reclaim,EURUSD,2018-02-19 01:30:00+00:00,2018-02-19 01:45:00+00:00,2018-02-19 01:45:00+00:00,-1,-1.0000000000001046,SL,False
S2-08,asia_reclaim,EURUSD,2018-02-20 01:30:00+00:00,2018-02-20 01:45:00+00:00,2018-02-20 02:00:00+00:00,1,1.0000000000000968,TP,False
S2-08,asia_reclaim,EURUSD,2018-02-20 02:45:00+00:00,2018-02-20 03:00:00+00:00,2018-02-20 04:15:00+00:00,1,0.9999999999999083,TP,False
S2-08,asia_reclaim,EURUSD,2018-02-20 06:15:00+00:00,2018-02-20 06:30:00+00:00,2018-02-20 06:45:00+00:00,1,-1.0000000000000493,SL,False
S2-08,asia_reclaim,EURUSD,2018-02-21 05:00:00+00:00,2018-02-21 05:15:00+00:00,2018-02-21 05:45:00+00:00,1,-0.9999999999998956,SL,False
S2-08,asia_reclaim,EURUSD,2018-02-22 06:45:00+00:00,2018-02-22 07:00:00+00:00,2018-02-22 07:00:00+00:00,1,-1.0000000000000553,SL,False
S2-08,asia_reclaim,EURUSD,2018-02-23 01:15:00+00:00,2018-02-23 01:30:00+00:00,2018-02-23 01:45:00+00:00,1,1.0,TP,False
S2-08,asia_reclaim,EURUSD,2018-02-23 02:15:00+00:00,2018-02-23 02:30:00+00:00,2018-02-23 03:00:00+00:00,1,-0.9999999999999464,SL,False
S2-08,asia_reclaim,EURUSD,2018-02-23 03:15:00+00:00,2018-02-23 03:30:00+00:00,2018-02-23 04:45:00+00:00,1,-1.00000000000005,SL,False
S2-08,asia_reclaim,EURUSD,2018-02-26 01:45:00+00:00,2018-02-26 02:00:00+00:00,2018-02-26 02:00:00+00:00,-1,-1.000000000000081,SL,False
S2-08,asia_reclaim,EURUSD,2018-02-26 06:00:00+00:00,2018-02-26 06:15:00+00:00,2018-02-26 06:45:00+00:00,-1,-1.000000000000126,SL,False
S2-08,asia_reclaim,EURUSD,2018-02-26 06:45:00+00:00,2018-02-26 07:00:00+00:00,2018-02-26 07:00:00+00:00,-1,0.9999999999998807,TP,False
S2-08,asia_reclaim,EURUSD,2018-02-28 01:00:00+00:00,2018-02-28 01:15:00+00:00,2018-02-28 01:45:00+00:00,-1,0.9999999999999412,TP,False
S2-08,asia_reclaim,EURUSD,2018-02-28 06:45:00+00:00,2018-02-28 07:00:00+00:00,2018-02-28 07:00:00+00:00,-1,0.9999999999999382,TP,False
S2-08,asia_reclaim,EURUSD,2018-03-01 02:45:00+00:00,2018-03-01 03:00:00+00:00,2018-03-01 03:15:00+00:00,-1,-0.9999999999998761,SL,False
S2-08,asia_reclaim,EURUSD,2018-03-02 01:45:00+00:00,2018-03-02 02:00:00+00:00,2018-03-02 03:30:00+00:00,-1,-1.0000000000001037,SL,False
S2-08,asia_reclaim,EURUSD,2018-03-02 03:45:00+00:00,2018-03-02 04:00:00+00:00,2018-03-02 04:00:00+00:00,-1,-0.9999999999998779,SL,False
S2-08,asia_reclaim,EURUSD,2018-03-05 05:45:00+00:00,2018-03-05 06:00:00+00:00,2018-03-05 06:15:00+00:00,1,-1.0000000000000537,SL,False
S2-08,asia_reclaim,EURUSD,2018-03-06 01:00:00+00:00,2018-03-06 01:15:00+00:00,2018-03-06 01:15:00+00:00,-1,-1.000000000000061,SL,False
S2-08,asia_reclaim,EURUSD,2018-03-06 01:15:00+00:00,2018-03-06 01:30:00+00:00,2018-03-06 01:30:00+00:00,-1,-1.0,SL,False
S2-08,asia_reclaim,EURUSD,2018-03-06 01:30:00+00:00,2018-03-06 01:45:00+00:00,2018-03-06 02:30:00+00:00,-1,1.000000000000169,TP,False
S2-08,asia_reclaim,EURUSD,2018-03-06 06:45:00+00:00,2018-03-06 07:00:00+00:00,2018-03-06 07:15:00+00:00,1,1.0000000000001839,TP,False
S2-08,asia_reclaim,EURUSD,2018-03-07 01:15:00+00:00,2018-03-07 01:30:00+00:00,2018-03-07 05:15:00+00:00,1,0.5328950281135166,TIME,False
S2-08,asia_reclaim,EURUSD,2018-03-07 06:15:00+00:00,2018-03-07 06:30:00+00:00,2018-03-07 06:30:00+00:00,-1,-1.0000000000001394,SL,False
S2-08,asia_reclaim,EURUSD,2018-03-08 01:45:00+00:00,2018-03-08 02:00:00+00:00,2018-03-08 02:15:00+00:00,1,0.9999999999997667,TP,False
S2-08,asia_reclaim,EURUSD,2018-03-08 03:15:00+00:00,2018-03-08 03:30:00+00:00,2018-03-08 05:00:00+00:00,1,0.9999999999998228,TP,False
S2-08,asia_reclaim,EURUSD,2018-03-08 06:45:00+00:00,2018-03-08 07:00:00+00:00,2018-03-08 07:15:00+00:00,1,1.0000000000001967,TP,False
S2-08,asia_reclaim,EURUSD,2018-03-09 01:00:00+00:00,2018-03-09 01:15:00+00:00,2018-03-09 01:15:00+00:00,1,-0.9999999999998863,SL,False
S2-08,asia_reclaim,EURUSD,2018-03-09 06:30:00+00:00,2018-03-09 06:45:00+00:00,2018-03-09 06:45:00+00:00,-1,-0.9999999999997816,SL,False
S2-08,asia_reclaim,EURUSD,2018-03-12 01:30:00+00:00,2018-03-12 01:45:00+00:00,2018-03-12 01:45:00+00:00,-1,-1.0000000000001446,SL,False
S2-08,asia_reclaim,EURUSD,2018-03-12 02:45:00+00:00,2018-03-12 03:00:00+00:00,2018-03-12 04:30:00+00:00,-1,-1.0000000000000686,SL,False
S2-08,asia_reclaim,EURUSD,2018-03-12 04:30:00+00:00,2018-03-12 04:45:00+00:00,2018-03-12 05:30:00+00:00,-1,0.9999999999997695,TP,False
S2-08,asia_reclaim,EURUSD,2018-03-13 02:30:00+00:00,2018-03-13 02:45:00+00:00,2018-03-13 03:45:00+00:00,1,-0.9999999999999236,SL,False
S2-08,asia_reclaim,EURUSD,2018-03-13 04:00:00+00:00,2018-03-13 04:15:00+00:00,2018-03-13 04:30:00+00:00,1,-1.0000000000001978,SL,False
S2-08,asia_reclaim,EURUSD,2018-03-13 04:45:00+00:00,2018-03-13 05:00:00+00:00,2018-03-13 06:00:00+00:00,1,0.9999999999998018,TP,False
S2-08,asia_reclaim,EURUSD,2018-03-13 06:45:00+00:00,2018-03-13 07:00:00+00:00,2018-03-13 07:00:00+00:00,1,1.0000000000001505,TP,False
S2-08,asia_reclaim,EURUSD,2018-03-14 02:30:00+00:00,2018-03-14 02:45:00+00:00,2018-03-14 03:45:00+00:00,-1,0.9999999999998079,TP,False
S2-08,asia_reclaim,EURUSD,2018-03-14 05:30:00+00:00,2018-03-14 05:45:00+00:00,2018-03-14 05:45:00+00:00,-1,0.9999999999997468,TP,False
S2-08,asia_reclaim,EURUSD,2018-03-16 01:15:00+00:00,2018-03-16 01:30:00+00:00,2018-03-16 01:45:00+00:00,1,1.0000000000002724,TP,False
S2-08,asia_reclaim,EURUSD,2018-03-16 03:30:00+00:00,2018-03-16 03:45:00+00:00,2018-03-16 04:15:00+00:00,-1,-0.9999999999997925,SL,False
S2-08,asia_reclaim,EURUSD,2018-03-16 04:15:00+00:00,2018-03-16 04:30:00+00:00,2018-03-16 06:15:00+00:00,-1,-1.0,SL,False
S2-08,asia_reclaim,EURUSD,2018-03-16 06:45:00+00:00,2018-03-16 07:00:00+00:00,2018-03-16 07:00:00+00:00,-1,-1.0,SL,True
S2-08,asia_reclaim,EURUSD,2018-03-19 01:15:00+00:00,2018-03-19 01:30:00+00:00,2018-03-19 02:15:00+00:00,1,1.000000000000071,TP,False
S2-08,asia_reclaim,EURUSD,2018-03-19 04:45:00+00:00,2018-03-19 05:00:00+00:00,2018-03-19 05:30:00+00:00,1,-1.0000000000000913,SL,False
S2-08,asia_reclaim,EURUSD,2018-03-19 05:45:00+00:00,2018-03-19 06:00:00+00:00,2018-03-19 06:00:00+00:00,1,1.0,TP,False
S2-08,asia_reclaim,EURUSD,2018-03-20 01:00:00+00:00,2018-03-20 01:15:00+00:00,2018-03-20 01:30:00+00:00,-1,-0.9999999999999233,SL,False
S2-08,asia_reclaim,EURUSD,2018-03-20 01:45:00+00:00,2018-03-20 02:00:00+00:00,2018-03-20 04:15:00+00:00,-1,0.9999999999998698,TP,False
S2-08,asia_reclaim,EURUSD,2018-03-21 01:00:00+00:00,2018-03-21 01:15:00+00:00,2018-03-21 01:15:00+00:00,-1,-1.000000000000177,SL,True
S2-08,asia_reclaim,EURUSD,2018-03-21 01:15:00+00:00,2018-03-21 01:30:00+00:00,2018-03-21 01:30:00+00:00,-1,-0.999999999999768,SL,False
S2-08,asia_reclaim,EURUSD,2018-03-22 01:15:00+00:00,2018-03-22 01:30:00+00:00,2018-03-22 02:00:00+00:00,-1,1.0,TP,False
S2-08,asia_reclaim,EURUSD,2018-03-22 06:00:00+00:00,2018-03-22 06:15:00+00:00,2018-03-22 06:30:00+00:00,1,1.0,TP,False
S2-08,asia_reclaim,EURUSD,2018-03-23 02:30:00+00:00,2018-03-23 02:45:00+00:00,2018-03-23 03:00:00+00:00,-1,1.0000000000000502,TP,False
S2-08,asia_reclaim,EURUSD,2018-03-27 01:30:00+00:00,2018-03-27 01:45:00+00:00,2018-03-27 01:45:00+00:00,1,-0.9999999999999296,SL,False
S2-08,asia_reclaim,EURUSD,2018-03-27 06:15:00+00:00,2018-03-27 06:30:00+00:00,2018-03-27 06:30:00+00:00,-1,-0.9999999999998589,SL,False
S2-08,asia_reclaim,EURUSD,2018-03-27 06:45:00+00:00,2018-03-27 07:00:00+00:00,2018-03-27 07:15:00+00:00,-1,-1.0,SL,False
S2-08,asia_reclaim,EURUSD,2018-03-28 01:30:00+00:00,2018-03-28 01:45:00+00:00,2018-03-28 01:45:00+00:00,-1,-1.0,SL,False
S2-08,asia_reclaim,EURUSD,2018-03-28 01:45:00+00:00,2018-03-28 02:00:00+00:00,2018-03-28 02:00:00+00:00,-1,1.000000000000244,TP,False
S2-08,asia_reclaim,EURUSD,2018-03-28 02:45:00+00:00,2018-03-28 03:00:00+00:00,2018-03-28 04:45:00+00:00,-1,0.9999999999998697,TP,False
S2-08,asia_reclaim,EURUSD,2018-03-28 05:15:00+00:00,2018-03-28 05:30:00+00:00,2018-03-28 06:00:00+00:00,1,-1.0000000000000688,SL,False
S2-08,asia_reclaim,EURUSD,2018-03-29 01:15:00+00:00,2018-03-29 01:30:00+00:00,2018-03-29 02:15:00+00:00,-1,-0.9999999999998807,SL,False
S2-08,asia_reclaim,EURUSD,2018-03-29 04:30:00+00:00,2018-03-29 04:45:00+00:00,2018-03-29 05:30:00+00:00,-1,-1.000000000000154,SL,False
S2-08,asia_reclaim,EURUSD,2018-03-30 01:30:00+00:00,2018-03-30 01:45:00+00:00,2018-03-30 01:45:00+00:00,-1,-1.0,SL,False
S2-08,asia_reclaim,EURUSD,2018-03-30 02:30:00+00:00,2018-03-30 02:45:00+00:00,2018-03-30 05:30:00+00:00,-1,0.9999999999999365,TP,False
S2-08,asia_reclaim,EURUSD,2018-03-30 06:30:00+00:00,2018-03-30 06:45:00+00:00,2018-03-30 06:45:00+00:00,-1,1.000000000000201,TP,False
S2-08,asia_reclaim,EURUSD,2018-04-02 01:15:00+00:00,2018-04-02 01:30:00+00:00,2018-04-02 02:30:00+00:00,-1,0.999999999999763,TP,False
S2-08,asia_reclaim,EURUSD,2018-04-03 01:15:00+00:00,2018-04-03 01:30:00+00:00,2018-04-03 01:30:00+00:00,-1,1.000000000000074,TP,False
S2-08,asia_reclaim,EURUSD,2018-04-03 02:45:00+00:00,2018-04-03 03:00:00+00:00,2018-04-03 06:00:00+00:00,-1,-1.0000000000001956,SL,False
S2-08,asia_reclaim,EURUSD,2018-04-04 05:30:00+00:00,2018-04-04 05:45:00+00:00,2018-04-04 05:45:00+00:00,1,1.0000000000001594,TP,False
S2-08,asia_reclaim,EURUSD,2018-04-04 06:45:00+00:00,2018-04-04 07:00:00+00:00,2018-04-04 07:00:00+00:00,1,-1.0000000000000575,SL,True
S2-08,asia_reclaim,EURUSD,2018-04-05 04:45:00+00:00,2018-04-05 05:00:00+00:00,2018-04-05 05:45:00+00:00,1,-1.0,SL,False
S2-08,asia_reclaim,EURUSD,2018-04-05 05:45:00+00:00,2018-04-05 06:00:00+00:00,2018-04-05 06:00:00+00:00,1,-1.0,SL,False
S2-08,asia_reclaim,EURUSD,2018-04-05 06:00:00+00:00,2018-04-05 06:15:00+00:00,2018-04-05 06:15:00+00:00,1,-0.9999999999997735,SL,False
S2-08,asia_reclaim,EURUSD,2018-04-06 01:00:00+00:00,2018-04-06 01:15:00+00:00,2018-04-06 01:15:00+00:00,-1,-0.9999999999999305,SL,False
S2-08,asia_reclaim,EURUSD,2018-04-06 02:00:00+00:00,2018-04-06 02:15:00+00:00,2018-04-06 03:00:00+00:00,-1,0.9999999999998782,TP,False
S2-08,asia_reclaim,EURUSD,2018-04-06 03:30:00+00:00,2018-04-06 03:45:00+00:00,2018-04-06 04:00:00+00:00,1,-1.0000000000001446,SL,False
S2-08,asia_reclaim,EURUSD,2018-04-06 04:15:00+00:00,2018-04-06 04:30:00+00:00,2018-04-06 04:30:00+00:00,1,-0.9999999999999303,SL,False
S2-08,asia_reclaim,EURUSD,2018-04-06 04:30:00+00:00,2018-04-06 04:45:00+00:00,2018-04-06 05:00:00+00:00,1,-0.9999999999999301,SL,False
S2-08,asia_reclaim,EURUSD,2018-04-09 01:00:00+00:00,2018-04-09 01:15:00+00:00,2018-04-09 01:30:00+00:00,-1,-1.0000000000001332,SL,False
S2-08,asia_reclaim,EURUSD,2018-04-09 01:30:00+00:00,2018-04-09 01:45:00+00:00,2018-04-09 02:15:00+00:00,-1,1.00000000000007,TP,False
S2-08,asia_reclaim,EURUSD,2018-04-09 04:45:00+00:00,2018-04-09 05:00:00+00:00,2018-04-09 05:45:00+00:00,-1,-1.0,SL,False
S2-08,asia_reclaim,EURUSD,2018-04-09 06:00:00+00:00,2018-04-09 06:15:00+00:00,2018-04-09 06:15:00+00:00,-1,0.9999999999999313,TP,False
S2-08,asia_reclaim,EURUSD,2018-04-10 01:15:00+00:00,2018-04-10 01:30:00+00:00,2018-04-10 01:30:00+00:00,1,-1.000000000000168,SL,False
S2-08,asia_reclaim,EURUSD,2018-04-10 01:30:00+00:00,2018-04-10 01:45:00+00:00,2018-04-10 01:45:00+00:00,1,-0.9999999999997524,SL,False
S2-08,asia_reclaim,EURUSD,2018-04-10 02:30:00+00:00,2018-04-10 02:45:00+00:00,2018-04-10 03:15:00+00:00,1,-0.9999999999999388,SL,False
S2-08,asia_reclaim,EURUSD,2018-04-10 06:30:00+00:00,2018-04-10 06:45:00+00:00,2018-04-10 07:00:00+00:00,1,-1.0000000000001794,SL,False
S2-08,asia_reclaim,EURUSD,2018-04-11 01:30:00+00:00,2018-04-11 01:45:00+00:00,2018-04-11 01:45:00+00:00,1,-1.0000000000002833,SL,False
S2-08,asia_reclaim,EURUSD,2018-04-11 05:30:00+00:00,2018-04-11 05:45:00+00:00,2018-04-11 06:00:00+00:00,-1,-1.0000000000001001,SL,False
S2-08,asia_reclaim,EURUSD,2018-04-11 06:00:00+00:00,2018-04-11 06:15:00+00:00,2018-04-11 06:30:00+00:00,-1,-1.0,SL,False
S2-08,asia_reclaim,EURUSD,2018-04-11 06:45:00+00:00,2018-04-11 07:00:00+00:00,2018-04-11 07:15:00+00:00,-1,-1.000000000000075,SL,False
S2-08,asia_reclaim,EURUSD,2018-04-12 01:15:00+00:00,2018-04-12 01:30:00+00:00,2018-04-12 01:45:00+00:00,1,-1.0000000000001807,SL,False
S2-08,asia_reclaim,EURUSD,2018-04-12 02:15:00+00:00,2018-04-12 02:30:00+00:00,2018-04-12 02:45:00+00:00,1,-1.000000000000077,SL,False
S2-08,asia_reclaim,EURUSD,2018-04-12 02:45:00+00:00,2018-04-12 03:00:00+00:00,2018-04-12 04:15:00+00:00,1,-0.9999999999998537,SL,False
S2-08,asia_reclaim,EURUSD,2018-04-12 04:45:00+00:00,2018-04-12 05:00:00+00:00,2018-04-12 06:00:00+00:00,1,-0.9999999999998431,SL,True
S2-08,asia_reclaim,EURUSD,2018-04-12 06:00:00+00:00,2018-04-12 06:15:00+00:00,2018-04-12 06:15:00+00:00,1,1.0,TP,False
S2-08,asia_reclaim,EURUSD,2018-04-13 01:15:00+00:00,2018-04-13 01:30:00+00:00,2018-04-13 01:30:00+00:00,1,1.000000000000109,TP,False
S2-08,asia_reclaim,EURUSD,2018-04-13 01:30:00+00:00,2018-04-13 01:45:00+00:00,2018-04-13 01:45:00+00:00,1,-1.0,SL,False
S2-08,asia_reclaim,EURUSD,2018-04-13 02:00:00+00:00,2018-04-13 02:15:00+00:00,2018-04-13 02:45:00+00:00,1,1.0,TP,False
S2-08,asia_reclaim,EURUSD,2018-04-13 03:00:00+00:00,2018-04-13 03:15:00+00:00,2018-04-13 06:00:00+00:00,-1,1.0000000000001572,TP,False
S2-08,asia_reclaim,EURUSD,2018-04-13 06:45:00+00:00,2018-04-13 07:00:00+00:00,2018-04-13 07:15:00+00:00,1,0.9999999999998559,TP,False
S2-08,asia_reclaim,EURUSD,2018-04-16 01:30:00+00:00,2018-04-16 01:45:00+00:00,2018-04-16 02:15:00+00:00,-1,-0.9999999999997123,SL,False
S2-08,asia_reclaim,EURUSD,2018-04-16 05:45:00+00:00,2018-04-16 06:00:00+00:00,2018-04-16 06:00:00+00:00,1,1.0,TP,False
S2-08,asia_reclaim,EURUSD,2018-04-17 01:00:00+00:00,2018-04-17 01:15:00+00:00,2018-04-17 01:45:00+00:00,-1,1.000000000000207,TP,False
S2-08,asia_reclaim,EURUSD,2018-04-17 02:15:00+00:00,2018-04-17 02:30:00+00:00,2018-04-17 03:00:00+00:00,1,1.0000000000001874,TP,False
S2-08,asia_reclaim,EURUSD,2018-04-17 06:30:00+00:00,2018-04-17 06:45:00+00:00,2018-04-17 06:45:00+00:00,-1,-0.9999999999998249,SL,False
S2-08,asia_reclaim,EURUSD,2018-04-18 03:00:00+00:00,2018-04-18 03:15:00+00:00,2018-04-18 03:30:00+00:00,-1,1.000000000000163,TP,False
S2-08,asia_reclaim,EURUSD,2018-04-19 03:15:00+00:00,2018-04-19 03:30:00+00:00,2018-04-19 05:30:00+00:00,-1,1.0,TP,False
S2-08,asia_reclaim,EURUSD,2018-04-20 01:30:00+00:00,2018-04-20 01:45:00+00:00,2018-04-20 01:45:00+00:00,1,0.9999999999997488,TP,False
S2-08,asia_reclaim,EURUSD,2018-04-20 03:00:00+00:00,2018-04-20 03:15:00+00:00,2018-04-20 05:45:00+00:00,1,1.0000000000001268,TP,False
S2-08,asia_reclaim,EURUSD,2018-04-20 06:15:00+00:00,2018-04-20 06:30:00+00:00,2018-04-20 06:30:00+00:00,1,-0.9999999999998442,SL,True
S2-08,asia_reclaim,EURUSD,2018-04-20 06:30:00+00:00,2018-04-20 06:45:00+00:00,2018-04-20 07:00:00+00:00,-1,-0.9999999999999335,SL,False
S2-08,asia_reclaim,EURUSD,2018-04-23 01:15:00+00:00,2018-04-23 01:30:00+00:00,2018-04-23 01:30:00+00:00,1,0.9999999999998775,TP,False
S2-08,asia_reclaim,EURUSD,2018-04-23 01:45:00+00:00,2018-04-23 02:00:00+00:00,2018-04-23 03:00:00+00:00,-1,1.0,TP,False
S2-08,asia_reclaim,EURUSD,2018-04-23 06:15:00+00:00,2018-04-23 06:30:00+00:00,2018-04-23 06:30:00+00:00,-1,1.0000000000001588,TP,False
S2-08,asia_reclaim,EURUSD,2018-04-24 01:15:00+00:00,2018-04-24 01:30:00+00:00,2018-04-24 01:30:00+00:00,1,1.0,TP,False
S2-08,asia_reclaim,EURUSD,2018-04-24 02:15:00+00:00,2018-04-24 02:30:00+00:00,2018-04-24 05:00:00+00:00,-1,-1.0,SL,False
S2-08,asia_reclaim,EURUSD,2018-04-24 06:30:00+00:00,2018-04-24 06:45:00+00:00,2018-04-24 06:45:00+00:00,-1,0.9999999999998765,TP,False
S2-08,asia_reclaim,EURUSD,2018-04-25 04:15:00+00:00,2018-04-25 04:30:00+00:00,2018-04-25 04:30:00+00:00,1,-1.0,SL,False
S2-08,asia_reclaim,EURUSD,2018-04-25 04:45:00+00:00,2018-04-25 05:00:00+00:00,2018-04-25 05:00:00+00:00,1,-1.000000000000094,SL,False
S2-08,asia_reclaim,EURUSD,2018-04-25 05:00:00+00:00,2018-04-25 05:15:00+00:00,2018-04-25 05:15:00+00:00,1,-0.9999999999998161,SL,False
S2-08,asia_reclaim,EURUSD,2018-04-25 05:30:00+00:00,2018-04-25 05:45:00+00:00,2018-04-25 05:45:00+00:00,1,-0.9999999999997347,SL,False
S2-08,asia_reclaim,EURUSD,2018-04-25 05:45:00+00:00,2018-04-25 06:00:00+00:00,2018-04-25 06:00:00+00:00,1,-1.0000000000002505,SL,False
S2-08,asia_reclaim,EURUSD,2018-04-26 01:45:00+00:00,2018-04-26 02:00:00+00:00,2018-04-26 03:45:00+00:00,-1,-0.9999999999998235,SL,False
S2-08,asia_reclaim,EURUSD,2018-04-26 03:45:00+00:00,2018-04-26 04:00:00+00:00,2018-04-26 06:15:00+00:00,-1,-0.9999999999999318,SL,False
S2-08,asia_reclaim,EURUSD,2018-04-26 06:15:00+00:00,2018-04-26 06:30:00+00:00,2018-04-26 06:30:00+00:00,-1,-1.0,SL,False
S2-08,asia_reclaim,EURUSD,2018-04-27 01:30:00+00:00,2018-04-27 01:45:00+00:00,2018-04-27 01:45:00+00:00,1,1.000000000000157,TP,False
S2-08,asia_reclaim,EURUSD,2018-04-27 01:45:00+00:00,2018-04-27 02:00:00+00:00,2018-04-27 02:15:00+00:00,-1,1.0000000000000742,TP,False
S2-08,asia_reclaim,EURUSD,2018-04-27 02:45:00+00:00,2018-04-27 03:00:00+00:00,2018-04-27 03:45:00+00:00,-1,-1.00000000000013,SL,False
S2-08,asia_reclaim,EURUSD,2018-04-27 06:30:00+00:00,2018-04-27 06:45:00+00:00,2018-04-27 06:45:00+00:00,1,-0.9999999999998211,SL,False
S2-08,asia_reclaim,EURUSD,2018-04-30 01:15:00+00:00,2018-04-30 01:30:00+00:00,2018-04-30 01:30:00+00:00,1,0.9999999999999213,TP,False
S2-08,asia_reclaim,EURUSD,2018-04-30 05:30:00+00:00,2018-04-30 05:45:00+00:00,2018-04-30 05:45:00+00:00,-1,-1.0,SL,False
S2-08,asia_reclaim,EURUSD,2018-04-30 06:45:00+00:00,2018-04-30 07:00:00+00:00,2018-04-30 07:00:00+00:00,-1,0.999999999999941,TP,False
S2-08,asia_reclaim,EURUSD,2018-05-01 05:30:00+00:00,2018-05-01 05:45:00+00:00,2018-05-01 06:00:00+00:00,1,0.999999999999661,TP,False
S2-08,asia_reclaim,EURUSD,2018-05-01 06:30:00+00:00,2018-05-01 06:45:00+00:00,2018-05-01 06:45:00+00:00,1,1.0,TP,False
S2-08,asia_reclaim,EURUSD,2018-05-02 01:15:00+00:00,2018-05-02 01:30:00+00:00,2018-05-02 01:45:00+00:00,-1,-1.0000000000001423,SL,False
S2-08,asia_reclaim,EURUSD,2018-05-02 03:30:00+00:00,2018-05-02 03:45:00+00:00,2018-05-02 04:30:00+00:00,-1,0.9999999999998869,TP,False
S2-08,asia_reclaim,EURUSD,2018-05-02 06:30:00+00:00,2018-05-02 06:45:00+00:00,2018-05-02 06:45:00+00:00,-1,-1.0000000000000508,SL,True
S2-08,asia_reclaim,EURUSD,2018-05-02 06:45:00+00:00,2018-05-02 07:00:00+00:00,2018-05-02 07:00:00+00:00,-1,-1.0000000000000917,SL,False
S2-08,asia_reclaim,EURUSD,2018-05-03 01:45:00+00:00,2018-05-03 02:00:00+00:00,2018-05-03 03:15:00+00:00,-1,-1.0,SL,False
S2-08,asia_reclaim,EURUSD,2018-05-03 03:30:00+00:00,2018-05-03 03:45:00+00:00,2018-05-03 04:45:00+00:00,-1,-0.9999999999998402,SL,False
S2-08,asia_reclaim,EURUSD,2018-05-03 05:30:00+00:00,2018-05-03 05:45:00+00:00,2018-05-03 06:00:00+00:00,-1,0.9999999999999309,TP,False
S2-08,asia_reclaim,EURUSD,2018-05-04 01:15:00+00:00,2018-05-04 01:30:00+00:00,2018-05-04 01:45:00+00:00,-1,-0.9999999999997098,SL,False
S2-08,asia_reclaim,EURUSD,2018-05-04 03:30:00+00:00,2018-05-04 03:45:00+00:00,2018-05-04 04:45:00+00:00,-1,0.9999999999997925,TP,False
S2-08,asia_reclaim,EURUSD,2018-05-04 06:15:00+00:00,2018-05-04 06:30:00+00:00,2018-05-04 06:30:00+00:00,1,-1.0,SL,False
S2-08,asia_reclaim,EURUSD,2018-05-07 03:00:00+00:00,2018-05-07 03:15:00+00:00,2018-05-07 03:45:00+00:00,-1,0.9999999999998896,TP,False
S2-08,asia_reclaim,EURUSD,2018-05-07 05:00:00+00:00,2018-05-07 05:15:00+00:00,2018-05-07 05:15:00+00:00,1,-1.0,SL,False
S2-08,asia_reclaim,EURUSD,2018-05-07 05:30:00+00:00,2018-05-07 05:45:00+00:00,2018-05-07 06:00:00+00:00,1,-1.0000000000000624,SL,False
S2-08,asia_reclaim,EURUSD,2018-05-07 06:00:00+00:00,2018-05-07 06:15:00+00:00,2018-05-07 06:15:00+00:00,1,0.999999999999946,TP,False
S2-08,asia_reclaim,EURUSD,2018-05-07 06:30:00+00:00,2018-05-07 06:45:00+00:00,2018-05-07 07:00:00+00:00,1,-1.0000000000001024,SL,False
S2-08,asia_reclaim,EURUSD,2018-05-08 04:00:00+00:00,2018-05-08 04:15:00+00:00,2018-05-08 05:45:00+00:00,1,0.9999999999999527,TP,False
S2-08,asia_reclaim,EURUSD,2018-05-09 01:30:00+00:00,2018-05-09 01:45:00+00:00,2018-05-09 01:45:00+00:00,1,1.0000000000001816,TP,False
S2-08,asia_reclaim,EURUSD,2018-05-09 06:00:00+00:00,2018-05-09 06:15:00+00:00,2018-05-09 06:15:00+00:00,1,-1.0000000000001816,SL,False
S2-08,asia_reclaim,EURUSD,2018-05-10 06:30:00+00:00,2018-05-10 06:45:00+00:00,2018-05-10 07:00:00+00:00,-1,0.9999999999998566,TP,False
S2-08,asia_reclaim,EURUSD,2018-05-11 01:00:00+00:00,2018-05-11 01:15:00+00:00,2018-05-11 01:30:00+00:00,-1,1.0,TP,False
S2-08,asia_reclaim,EURUSD,2018-05-11 05:45:00+00:00,2018-05-11 06:00:00+00:00,2018-05-11 06:00:00+00:00,1,0.9999999999999214,TP,False
S2-08,asia_reclaim,EURUSD,2018-05-14 01:00:00+00:00,2018-05-14 01:15:00+00:00,2018-05-14 01:15:00+00:00,-1,-0.9999999999997827,SL,False
S2-08,asia_reclaim,EURUSD,2018-05-14 02:00:00+00:00,2018-05-14 02:15:00+00:00,2018-05-14 02:45:00+00:00,-1,-0.9999999999998009,SL,False
S2-08,asia_reclaim,EURUSD,2018-05-14 03:00:00+00:00,2018-05-14 03:15:00+00:00,2018-05-14 04:15:00+00:00,-1,1.0000000000000637,TP,False
S2-08,asia_reclaim,EURUSD,2018-05-15 01:45:00+00:00,2018-05-15 02:00:00+00:00,2018-05-15 02:00:00+00:00,-1,-1.0000000000001918,SL,False
S2-08,asia_reclaim,EURUSD,2018-05-15 05:00:00+00:00,2018-05-15 05:15:00+00:00,2018-05-15 05:15:00+00:00,1,0.9999999999999214,TP,False
S2-08,asia_reclaim,EURUSD,2018-05-15 06:00:00+00:00,2018-05-15 06:15:00+00:00,2018-05-15 06:15:00+00:00,1,1.0000000000000648,TP,False
S2-08,asia_reclaim,EURUSD,2018-05-16 01:45:00+00:00,2018-05-16 02:00:00+00:00,2018-05-16 02:45:00+00:00,1,1.000000000000044,TP,False
S2-08,asia_reclaim,EURUSD,2018-05-16 05:15:00+00:00,2018-05-16 05:30:00+00:00,2018-05-16 05:45:00+00:00,-1,-1.0000000000001386,SL,False
S2-08,asia_reclaim,EURUSD,2018-05-16 06:00:00+00:00,2018-05-16 06:15:00+00:00,2018-05-16 06:15:00+00:00,-1,1.000000000000062,TP,False
S2-08,asia_reclaim,EURUSD,2018-05-16 06:15:00+00:00,2018-05-16 06:30:00+00:00,2018-05-16 06:30:00+00:00,-1,-1.0000000000001574,SL,False
S2-08,asia_reclaim,EURUSD,2018-05-17 01:15:00+00:00,2018-05-17 01:30:00+00:00,2018-05-17 01:30:00+00:00,1,-0.9999999999999313,SL,False
S2-08,asia_reclaim,EURUSD,2018-05-17 01:45:00+00:00,2018-05-17 02:00:00+00:00,2018-05-17 02:00:00+00:00,-1,-1.0,SL,False
S2-08,asia_reclaim,EURUSD,2018-05-17 06:30:00+00:00,2018-05-17 06:45:00+00:00,2018-05-17 06:45:00+00:00,1,-0.9999999999998931,SL,False
S2-08,asia_reclaim,EURUSD,2018-05-18 02:00:00+00:00,2018-05-18 02:15:00+00:00,2018-05-18 03:00:00+00:00,-1,0.9999999999998671,TP,False
S2-08,asia_reclaim,EURUSD,2018-05-18 05:45:00+00:00,2018-05-18 06:00:00+00:00,2018-05-18 06:30:00+00:00,-1,1.0000000000002192,TP,False
S2-08,asia_reclaim,EURUSD,2018-05-22 01:15:00+00:00,2018-05-22 01:30:00+00:00,2018-05-22 01:45:00+00:00,1,-1.0000000000001426,SL,False
S2-08,asia_reclaim,EURUSD,2018-05-22 02:00:00+00:00,2018-05-22 02:15:00+00:00,2018-05-22 03:30:00+00:00,1,0.9999999999997865,TP,False
S2-08,asia_reclaim,EURUSD,2018-05-22 06:00:00+00:00,2018-05-22 06:15:00+00:00,2018-05-22 06:30:00+00:00,1,-1.0,SL,False
S2-08,asia_reclaim,EURUSD,2018-05-23 01:45:00+00:00,2018-05-23 02:00:00+00:00,2018-05-23 02:30:00+00:00,1,-0.9999999999998547,SL,False
S2-08,asia_reclaim,EURUSD,2018-05-24 01:00:00+00:00,2018-05-24 01:15:00+00:00,2018-05-24 01:30:00+00:00,-1,0.9999999999999324,TP,False
S2-08,asia_reclaim,EURUSD,2018-05-24 01:45:00+00:00,2018-05-24 02:00:00+00:00,2018-05-24 02:15:00+00:00,1,1.000000000000056,TP,False
S2-08,asia_reclaim,EURUSD,2018-05-24 02:30:00+00:00,2018-05-24 02:45:00+00:00,2018-05-24 03:15:00+00:00,-1,1.0,TP,False
S2-08,asia_reclaim,EURUSD,2018-05-24 04:00:00+00:00,2018-05-24 04:15:00+00:00,2018-05-24 05:30:00+00:00,-1,0.9999999999999106,TP,False
S2-08,asia_reclaim,EURUSD,2018-05-24 06:15:00+00:00,2018-05-24 06:30:00+00:00,2018-05-24 06:45:00+00:00,-1,-0.9999999999999616,SL,False
S2-08,asia_reclaim,EURUSD,2018-05-25 01:15:00+00:00,2018-05-25 01:30:00+00:00,2018-05-25 05:15:00+00:00,1,0.13967788003808315,TIME,False
S2-08,asia_reclaim,EURUSD,2018-05-25 05:45:00+00:00,2018-05-25 06:00:00+00:00,2018-05-25 06:00:00+00:00,1,-0.9999999999998161,SL,False
S2-08,asia_reclaim,EURUSD,2018-05-25 06:15:00+00:00,2018-05-25 06:30:00+00:00,2018-05-25 06:45:00+00:00,1,1.000000000000249,TP,False
S2-08,asia_reclaim,EURUSD,2018-05-28 01:15:00+00:00,2018-05-28 01:30:00+00:00,2018-05-28 02:00:00+00:00,-1,0.999999999999912,TP,False
S2-08,asia_reclaim,EURUSD,2018-05-28 03:00:00+00:00,2018-05-28 03:15:00+00:00,2018-05-28 03:45:00+00:00,-1,-1.0,SL,False
S2-08,asia_reclaim,EURUSD,2018-05-28 03:45:00+00:00,2018-05-28 04:00:00+00:00,2018-05-28 04:45:00+00:00,-1,-1.0,SL,False
S2-08,asia_reclaim,EURUSD,2018-05-28 05:45:00+00:00,2018-05-28 06:00:00+00:00,2018-05-28 06:00:00+00:00,-1,1.0000000000001428,TP,False
S2-08,asia_reclaim,EURUSD,2018-05-29 01:15:00+00:00,2018-05-29 01:30:00+00:00,2018-05-29 01:45:00+00:00,1,0.9999999999999358,TP,False
S2-08,asia_reclaim,EURUSD,2018-05-29 05:30:00+00:00,2018-05-29 05:45:00+00:00,2018-05-29 06:00:00+00:00,-1,-0.9999999999997922,SL,False
S2-08,asia_reclaim,EURUSD,2018-05-29 06:00:00+00:00,2018-05-29 06:15:00+00:00,2018-05-29 06:15:00+00:00,-1,1.0000000000001845,TP,False
S2-08,asia_reclaim,EURUSD,2018-05-30 01:00:00+00:00,2018-05-30 01:15:00+00:00,2018-05-30 01:30:00+00:00,1,0.9999999999999534,TP,False
S2-08,asia_reclaim,EURUSD,2018-05-30 01:30:00+00:00,2018-05-30 01:45:00+00:00,2018-05-30 02:00:00+00:00,-1,0.9999999999999092,TP,False
S2-08,asia_reclaim,EURUSD,2018-05-30 06:30:00+00:00,2018-05-30 06:45:00+00:00,2018-05-30 06:45:00+00:00,-1,-0.9999999999998986,SL,False
S2-08,asia_reclaim,EURUSD,2018-05-31 01:00:00+00:00,2018-05-31 01:15:00+00:00,2018-05-31 01:30:00+00:00,1,-0.999999999999806,SL,False
S2-08,asia_reclaim,EURUSD,2018-05-31 01:30:00+00:00,2018-05-31 01:45:00+00:00,2018-05-31 02:30:00+00:00,1,0.9999999999998765,TP,False
S2-08,asia_reclaim,EURUSD,2018-05-31 03:00:00+00:00,2018-05-31 03:15:00+00:00,2018-05-31 03:15:00+00:00,-1,-0.9999999999998945,SL,False
S2-08,asia_reclaim,EURUSD,2018-05-31 06:45:00+00:00,2018-05-31 07:00:00+00:00,2018-05-31 07:30:00+00:00,-1,-0.9999999999999659,SL,False
S2-08,asia_reclaim,EURUSD,2018-06-01 02:15:00+00:00,2018-06-01 02:30:00+00:00,2018-06-01 02:45:00+00:00,-1,0.9999999999998767,TP,False
S2-08,asia_reclaim,EURUSD,2018-06-01 04:45:00+00:00,2018-06-01 05:00:00+00:00,2018-06-01 05:00:00+00:00,1,-1.0000000000001932,SL,False
S2-08,asia_reclaim,EURUSD,2018-06-04 05:45:00+00:00,2018-06-04 06:00:00+00:00,2018-06-04 06:00:00+00:00,-1,1.0000000000001605,TP,False
S2-08,asia_reclaim,EURUSD,2018-06-05 01:15:00+00:00,2018-06-05 01:30:00+00:00,2018-06-05 01:30:00+00:00,1,-0.9999999999997383,SL,False
S2-08,asia_reclaim,EURUSD,2018-06-05 02:15:00+00:00,2018-06-05 02:30:00+00:00,2018-06-05 02:30:00+00:00,1,-0.9999999999999308,SL,False
S2-08,asia_reclaim,EURUSD,2018-06-05 04:45:00+00:00,2018-06-05 05:00:00+00:00,2018-06-05 05:45:00+00:00,1,1.0000000000001603,TP,False
S2-08,asia_reclaim,EURUSD,2018-06-06 01:45:00+00:00,2018-06-06 02:00:00+00:00,2018-06-06 02:30:00+00:00,-1,1.0000000000001747,TP,False
S2-08,asia_reclaim,EURUSD,2018-06-06 04:15:00+00:00,2018-06-06 04:30:00+00:00,2018-06-06 05:00:00+00:00,1,-1.0,SL,False
S2-08,asia_reclaim,EURUSD,2018-06-06 05:00:00+00:00,2018-06-06 05:15:00+00:00,2018-06-06 05:15:00+00:00,1,1.00000000000016,TP,False
S2-08,asia_reclaim,EURUSD,2018-06-06 06:00:00+00:00,2018-06-06 06:15:00+00:00,2018-06-06 06:15:00+00:00,-1,-0.9999999999998107,SL,False
S2-08,asia_reclaim,EURUSD,2018-06-06 06:30:00+00:00,2018-06-06 06:45:00+00:00,2018-06-06 06:45:00+00:00,-1,1.0,TP,False
S2-08,asia_reclaim,EURUSD,2018-06-07 05:45:00+00:00,2018-06-07 06:00:00+00:00,2018-06-07 06:00:00+00:00,-1,1.0000000000002223,TP,False
S2-08,asia_reclaim,EURUSD,2018-06-07 06:30:00+00:00,2018-06-07 06:45:00+00:00,2018-06-07 06:45:00+00:00,-1,-1.0000000000001086,SL,False
S2-08,asia_reclaim,EURUSD,2018-06-08 05:45:00+00:00,2018-06-08 06:00:00+00:00,2018-06-08 06:00:00+00:00,-1,-1.000000000000225,SL,True
S2-08,asia_reclaim,EURUSD,2018-06-08 06:45:00+00:00,2018-06-08 07:00:00+00:00,2018-06-08 07:30:00+00:00,1,-1.0000000000001232,SL,False
S2-08,asia_reclaim,EURUSD,2018-06-11 01:00:00+00:00,2018-06-11 01:15:00+00:00,2018-06-11 01:30:00+00:00,-1,-0.999999999999933,SL,False
S2-08,asia_reclaim,EURUSD,2018-06-11 01:30:00+00:00,2018-06-11 01:45:00+00:00,2018-06-11 01:45:00+00:00,-1,-1.0,SL,False
S2-08,asia_reclaim,EURUSD,2018-06-11 06:00:00+00:00,2018-06-11 06:15:00+00:00,2018-06-11 06:15:00+00:00,-1,-1.0,SL,False
S2-08,asia_reclaim,EURUSD,2018-06-11 06:15:00+00:00,2018-06-11 06:30:00+00:00,2018-06-11 06:30:00+00:00,-1,-1.0,SL,False
S2-08,asia_reclaim,EURUSD,2018-06-12 05:15:00+00:00,2018-06-12 05:30:00+00:00,2018-06-12 05:30:00+00:00,-1,-0.9999999999999303,SL,False
S2-08,asia_reclaim,EURUSD,2018-06-13 04:00:00+00:00,2018-06-13 04:15:00+00:00,2018-06-13 05:15:00+00:00,1,0.9999999999999137,TP,False
S2-08,asia_reclaim,EURUSD,2018-06-13 05:45:00+00:00,2018-06-13 06:00:00+00:00,2018-06-13 06:00:00+00:00,-1,0.9999999999999013,TP,False
S2-08,asia_reclaim,EURUSD,2018-06-13 06:00:00+00:00,2018-06-13 06:15:00+00:00,2018-06-13 06:15:00+00:00,1,-1.0000000000001616,SL,False
S2-08,asia_reclaim,EURUSD,2018-06-14 01:30:00+00:00,2018-06-14 01:45:00+00:00,2018-06-14 02:00:00+00:00,1,-0.9999999999998733,SL,False
S2-08,asia_reclaim,EURUSD,2018-06-14 02:15:00+00:00,2018-06-14 02:30:00+00:00,2018-06-14 02:45:00+00:00,1,1.0,TP,False
S2-08,asia_reclaim,EURUSD,2018-06-14 04:15:00+00:00,2018-06-14 04:30:00+00:00,2018-06-14 05:00:00+00:00,-1,-1.0000000000001383,SL,False
S2-08,asia_reclaim,EURUSD,2018-06-15 01:30:00+00:00,2018-06-15 01:45:00+00:00,2018-06-15 05:15:00+00:00,-1,-1.0000000000001514,SL,False
S2-08,asia_reclaim,EURUSD,2018-06-15 05:30:00+00:00,2018-06-15 05:45:00+00:00,2018-06-15 05:45:00+00:00,-1,1.000000000000142,TP,False
S2-08,asia_reclaim,EURUSD,2018-06-15 06:00:00+00:00,2018-06-15 06:15:00+00:00,2018-06-15 06:15:00+00:00,1,1.0000000000001696,TP,False
S2-08,asia_reclaim,EURUSD,2018-06-18 01:00:00+00:00,2018-06-18 01:15:00+00:00,2018-06-18 01:15:00+00:00,1,1.0,TP,False
S2-08,asia_reclaim,EURUSD,2018-06-18 05:30:00+00:00,2018-06-18 05:45:00+00:00,2018-06-18 05:45:00+00:00,-1,0.9999999999999033,TP,False
S2-08,asia_reclaim,EURUSD,2018-06-19 01:45:00+00:00,2018-06-19 02:00:00+00:00,2018-06-19 03:15:00+00:00,-1,-1.0000000000000528,SL,False
S2-08,asia_reclaim,EURUSD,2018-06-19 04:45:00+00:00,2018-06-19 05:00:00+00:00,2018-06-19 05:00:00+00:00,1,1.0000000000001674,TP,False
S2-08,asia_reclaim,EURUSD,2018-06-19 05:30:00+00:00,2018-06-19 05:45:00+00:00,2018-06-19 05:45:00+00:00,1,-0.9999999999999433,SL,False
S2-08,asia_reclaim,EURUSD,2018-06-20 01:00:00+00:00,2018-06-20 01:15:00+00:00,2018-06-20 01:15:00+00:00,1,0.9999999999999262,TP,False
S2-08,asia_reclaim,EURUSD,2018-06-20 03:45:00+00:00,2018-06-20 04:00:00+00:00,2018-06-20 04:00:00+00:00,1,-0.9999999999998785,SL,False
S2-08,asia_reclaim,EURUSD,2018-06-20 05:00:00+00:00,2018-06-20 05:15:00+00:00,2018-06-20 05:15:00+00:00,1,0.9999999999997957,TP,False
S2-08,asia_reclaim,EURUSD,2018-06-21 01:30:00+00:00,2018-06-21 01:45:00+00:00,2018-06-21 02:15:00+00:00,1,0.9999999999998698,TP,False
S2-08,asia_reclaim,EURUSD,2018-06-21 03:15:00+00:00,2018-06-21 03:30:00+00:00,2018-06-21 03:30:00+00:00,1,-1.0000000000000584,SL,False
S2-08,asia_reclaim,EURUSD,2018-06-21 03:30:00+00:00,2018-06-21 03:45:00+00:00,2018-06-21 04:45:00+00:00,1,-0.999999999999885,SL,False
S2-08,asia_reclaim,EURUSD,2018-06-21 04:45:00+00:00,2018-06-21 05:00:00+00:00,2018-06-21 05:15:00+00:00,1,-1.0000000000000653,SL,False
S2-08,asia_reclaim,EURUSD,2018-06-21 05:15:00+00:00,2018-06-21 05:30:00+00:00,2018-06-21 06:00:00+00:00,1,-1.0000000000000646,SL,False
S2-08,asia_reclaim,EURUSD,2018-06-21 06:15:00+00:00,2018-06-21 06:30:00+00:00,2018-06-21 06:30:00+00:00,1,0.999999999999836,TP,False
S2-08,asia_reclaim,EURUSD,2018-06-22 01:15:00+00:00,2018-06-22 01:30:00+00:00,2018-06-22 01:45:00+00:00,1,-1.0,SL,False
S2-08,asia_reclaim,EURUSD,2018-06-22 02:00:00+00:00,2018-06-22 02:15:00+00:00,2018-06-22 03:00:00+00:00,1,0.9999999999998216,TP,False
S2-08,asia_reclaim,EURUSD,2018-06-22 05:30:00+00:00,2018-06-22 05:45:00+00:00,2018-06-22 05:45:00+00:00,-1,-0.9999999999999432,SL,False
S2-08,asia_reclaim,EURUSD,2018-06-22 06:30:00+00:00,2018-06-22 06:45:00+00:00,2018-06-22 07:00:00+00:00,-1,-0.9999999999998977,SL,False
S2-08,asia_reclaim,EURUSD,2018-06-25 01:15:00+00:00,2018-06-25 01:30:00+00:00,2018-06-25 01:45:00+00:00,1,1.0000000000001767,TP,False
S2-08,asia_reclaim,EURUSD,2018-06-25 02:30:00+00:00,2018-06-25 02:45:00+00:00,2018-06-25 05:30:00+00:00,1,-0.9999999999998933,SL,False
S2-08,asia_reclaim,EURUSD,2018-06-25 05:30:00+00:00,2018-06-25 05:45:00+00:00,2018-06-25 05:45:00+00:00,1,-0.9999999999998664,SL,False
S2-08,asia_reclaim,EURUSD,2018-06-25 05:45:00+00:00,2018-06-25 06:00:00+00:00,2018-06-25 06:00:00+00:00,1,-1.000000000000129,SL,False
S2-08,asia_reclaim,EURUSD,2018-06-25 06:00:00+00:00,2018-06-25 06:15:00+00:00,2018-06-25 06:45:00+00:00,1,-0.9999999999999366,SL,True
S2-08,asia_reclaim,EURUSD,2018-06-26 01:15:00+00:00,2018-06-26 01:30:00+00:00,2018-06-26 01:45:00+00:00,-1,-0.9999999999998074,SL,False
S2-08,asia_reclaim,EURUSD,2018-06-26 03:00:00+00:00,2018-06-26 03:15:00+00:00,2018-06-26 03:45:00+00:00,-1,1.0000000000001115,TP,False
S2-08,asia_reclaim,EURUSD,2018-06-27 01:30:00+00:00,2018-06-27 01:45:00+00:00,2018-06-27 01:45:00+00:00,-1,-0.9999999999998388,SL,False
S2-08,asia_reclaim,EURUSD,2018-06-27 06:15:00+00:00,2018-06-27 06:30:00+00:00,2018-06-27 07:00:00+00:00,-1,-1.000000000000042,SL,False
S2-08,asia_reclaim,EURUSD,2018-06-28 01:00:00+00:00,2018-06-28 01:15:00+00:00,2018-06-28 02:00:00+00:00,-1,-1.0000000000002223,SL,False
S2-08,asia_reclaim,EURUSD,2018-06-28 02:15:00+00:00,2018-06-28 02:30:00+00:00,2018-06-28 03:00:00+00:00,-1,-1.0000000000001277,SL,False
S2-08,asia_reclaim,EURUSD,2018-06-28 03:00:00+00:00,2018-06-28 03:15:00+00:00,2018-06-28 04:30:00+00:00,-1,0.9999999999998123,TP,False
S2-08,asia_reclaim,EURUSD,2018-06-28 06:15:00+00:00,2018-06-28 06:30:00+00:00,2018-06-28 06:30:00+00:00,1,-0.9999999999998687,SL,False
S2-08,asia_reclaim,EURUSD,2018-06-29 03:00:00+00:00,2018-06-29 03:15:00+00:00,2018-06-29 04:00:00+00:00,-1,-1.0,SL,False
S2-08,asia_reclaim,EURUSD,2018-07-02 01:45:00+00:00,2018-07-02 02:00:00+00:00,2018-07-02 03:45:00+00:00,1,-0.9999999999999455,SL,False
S2-08,asia_reclaim,EURUSD,2018-07-02 04:00:00+00:00,2018-07-02 04:15:00+00:00,2018-07-02 04:30:00+00:00,1,-0.9999999999999302,SL,False
S2-08,asia_reclaim,EURUSD,2018-07-02 04:30:00+00:00,2018-07-02 04:45:00+00:00,2018-07-02 05:00:00+00:00,1,-1.0,SL,False
S2-08,asia_reclaim,EURUSD,2018-07-02 05:30:00+00:00,2018-07-02 05:45:00+00:00,2018-07-02 05:45:00+00:00,1,-1.0000000000001399,SL,False
S2-08,asia_reclaim,EURUSD,2018-07-02 05:45:00+00:00,2018-07-02 06:00:00+00:00,2018-07-02 06:00:00+00:00,1,1.0000000000000675,TP,False
S2-08,asia_reclaim,EURUSD,2018-07-03 01:45:00+00:00,2018-07-03 02:00:00+00:00,2018-07-03 02:15:00+00:00,1,1.0000000000001819,TP,False
S2-08,asia_reclaim,EURUSD,2018-07-03 05:30:00+00:00,2018-07-03 05:45:00+00:00,2018-07-03 06:00:00+00:00,-1,-1.0000000000001588,SL,False
S2-08,asia_reclaim,EURUSD,2018-07-03 06:15:00+00:00,2018-07-03 06:30:00+00:00,2018-07-03 07:00:00+00:00,-1,-1.0000000000000462,SL,False
S2-08,asia_reclaim,EURUSD,2018-07-04 01:45:00+00:00,2018-07-04 02:00:00+00:00,2018-07-04 02:15:00+00:00,-1,0.9999999999997997,TP,False
S2-08,asia_reclaim,EURUSD,2018-07-05 01:15:00+00:00,2018-07-05 01:30:00+00:00,2018-07-05 01:45:00+00:00,-1,-0.9999999999997816,SL,False
S2-08,asia_reclaim,EURUSD,2018-07-05 06:00:00+00:00,2018-07-05 06:15:00+00:00,2018-07-05 06:30:00+00:00,-1,-1.0000000000000493,SL,False
S2-08,asia_reclaim,EURUSD,2018-07-06 01:45:00+00:00,2018-07-06 02:00:00+00:00,2018-07-06 02:15:00+00:00,1,0.9999999999999251,TP,False
S2-08,asia_reclaim,EURUSD,2018-07-10 02:00:00+00:00,2018-07-10 02:15:00+00:00,2018-07-10 02:30:00+00:00,1,0.9999999999997855,TP,False
S2-08,asia_reclaim,EURUSD,2018-07-10 05:00:00+00:00,2018-07-10 05:15:00+00:00,2018-07-10 05:30:00+00:00,1,-1.000000000000154,SL,False
S2-08,asia_reclaim,EURUSD,2018-07-10 05:30:00+00:00,2018-07-10 05:45:00+00:00,2018-07-10 05:45:00+00:00,1,-0.999999999999842,SL,False
S2-08,asia_reclaim,EURUSD,2018-07-10 06:00:00+00:00,2018-07-10 06:15:00+00:00,2018-07-10 06:15:00+00:00,1,-0.9999999999999251,SL,False
S2-08,asia_reclaim,EURUSD,2018-07-10 06:15:00+00:00,2018-07-10 06:30:00+00:00,2018-07-10 06:30:00+00:00,1,0.9999999999999314,TP,False
S2-08,asia_reclaim,EURUSD,2018-07-11 01:15:00+00:00,2018-07-11 01:30:00+00:00,2018-07-11 02:00:00+00:00,1,1.0000000000001235,TP,False
S2-08,asia_reclaim,EURUSD,2018-07-11 06:15:00+00:00,2018-07-11 06:30:00+00:00,2018-07-11 06:45:00+00:00,-1,1.0000000000000637,TP,False
S2-08,asia_reclaim,EURUSD,2018-07-12 01:15:00+00:00,2018-07-12 01:30:00+00:00,2018-07-12 01:30:00+00:00,-1,-1.0,SL,False
S2-08,asia_reclaim,EURUSD,2018-07-12 01:30:00+00:00,2018-07-12 01:45:00+00:00,2018-07-12 02:00:00+00:00,-1,-1.0,SL,False
S2-08,asia_reclaim,EURUSD,2018-07-12 05:15:00+00:00,2018-07-12 05:30:00+00:00,2018-07-12 05:45:00+00:00,-1,1.0,TP,False
S2-08,asia_reclaim,EURUSD,2018-07-12 06:45:00+00:00,2018-07-12 07:00:00+00:00,2018-07-12 07:00:00+00:00,-1,0.9999999999998792,TP,False
S2-08,asia_reclaim,EURUSD,2018-07-13 01:30:00+00:00,2018-07-13 01:45:00+00:00,2018-07-13 03:00:00+00:00,-1,1.0000000000001312,TP,False
S2-08,asia_reclaim,EURUSD,2018-07-13 03:30:00+00:00,2018-07-13 03:45:00+00:00,2018-07-13 04:30:00+00:00,1,-0.9999999999998787,SL,False
S2-08,asia_reclaim,EURUSD,2018-07-13 05:15:00+00:00,2018-07-13 05:30:00+00:00,2018-07-13 05:30:00+00:00,1,0.9999999999998581,TP,False
S2-08,asia_reclaim,EURUSD,2018-07-13 06:00:00+00:00,2018-07-13 06:15:00+00:00,2018-07-13 06:15:00+00:00,1,-1.0,SL,True
S2-08,asia_reclaim,EURUSD,2018-07-13 06:15:00+00:00,2018-07-13 06:30:00+00:00,2018-07-13 06:45:00+00:00,1,-1.000000000000116,SL,False
S2-08,asia_reclaim,EURUSD,2018-07-16 01:00:00+00:00,2018-07-16 01:15:00+00:00,2018-07-16 01:30:00+00:00,-1,-0.9999999999999165,SL,False
S2-08,asia_reclaim,EURUSD,2018-07-16 01:30:00+00:00,2018-07-16 01:45:00+00:00,2018-07-16 02:00:00+00:00,-1,1.0000000000002374,TP,False
S2-08,asia_reclaim,EURUSD,2018-07-17 01:30:00+00:00,2018-07-17 01:45:00+00:00,2018-07-17 02:00:00+00:00,1,-1.0000000000000844,SL,False
S2-08,asia_reclaim,EURUSD,2018-07-17 03:15:00+00:00,2018-07-17 03:30:00+00:00,2018-07-17 03:45:00+00:00,-1,-0.9999999999999314,SL,False
S2-08,asia_reclaim,EURUSD,2018-07-17 04:00:00+00:00,2018-07-17 04:15:00+00:00,2018-07-17 06:00:00+00:00,-1,1.0000000000001275,TP,False
S2-08,asia_reclaim,EURUSD,2018-07-17 06:00:00+00:00,2018-07-17 06:15:00+00:00,2018-07-17 06:15:00+00:00,-1,-1.000000000000069,SL,False
S2-08,asia_reclaim,EURUSD,2018-07-18 01:15:00+00:00,2018-07-18 01:30:00+00:00,2018-07-18 01:30:00+00:00,-1,-1.0,SL,False
S2-08,asia_reclaim,EURUSD,2018-07-18 01:45:00+00:00,2018-07-18 02:00:00+00:00,2018-07-18 02:15:00+00:00,-1,-1.0000000000000646,SL,False
S2-08,asia_reclaim,EURUSD,2018-07-18 03:00:00+00:00,2018-07-18 03:15:00+00:00,2018-07-18 04:00:00+00:00,1,-1.0,SL,False
S2-08,asia_reclaim,EURUSD,2018-07-18 04:15:00+00:00,2018-07-18 04:30:00+00:00,2018-07-18 04:45:00+00:00,1,-0.9999999999999313,SL,False
S2-08,asia_reclaim,EURUSD,2018-07-18 04:45:00+00:00,2018-07-18 05:00:00+00:00,2018-07-18 05:15:00+00:00,1,-0.99999999999979,SL,False
S2-08,asia_reclaim,EURUSD,2018-07-18 05:30:00+00:00,2018-07-18 05:45:00+00:00,2018-07-18 05:45:00+00:00,1,-1.0000000000002238,SL,False
S2-08,asia_reclaim,EURUSD,2018-07-18 05:45:00+00:00,2018-07-18 06:00:00+00:00,2018-07-18 06:00:00+00:00,1,-0.9999999999997873,SL,False
S2-08,asia_reclaim,EURUSD,2018-07-19 01:00:00+00:00,2018-07-19 01:15:00+00:00,2018-07-19 01:15:00+00:00,-1,0.9999999999998377,TP,False
S2-08,asia_reclaim,EURUSD,2018-07-19 01:15:00+00:00,2018-07-19 01:30:00+00:00,2018-07-19 01:30:00+00:00,1,-1.0000000000002174,SL,True
S2-08,asia_reclaim,EURUSD,2018-07-19 01:30:00+00:00,2018-07-19 01:45:00+00:00,2018-07-19 02:15:00+00:00,1,-1.0,SL,False
S2-08,asia_reclaim,EURUSD,2018-07-19 02:15:00+00:00,2018-07-19 02:30:00+00:00,2018-07-19 03:15:00+00:00,1,0.9999999999998895,TP,False
S2-08,asia_reclaim,EURUSD,2018-07-19 06:45:00+00:00,2018-07-19 07:00:00+00:00,2018-07-19 07:00:00+00:00,1,-0.9999999999998408,SL,False
S2-08,asia_reclaim,EURUSD,2018-07-20 01:45:00+00:00,2018-07-20 02:00:00+00:00,2018-07-20 02:00:00+00:00,1,1.000000000000132,TP,False
S2-08,asia_reclaim,EURUSD,2018-07-20 05:15:00+00:00,2018-07-20 05:30:00+00:00,2018-07-20 05:30:00+00:00,-1,-0.9999999999999084,SL,False
S2-08,asia_reclaim,EURUSD,2018-07-20 05:30:00+00:00,2018-07-20 05:45:00+00:00,2018-07-20 06:00:00+00:00,-1,-0.999999999999902,SL,False
S2-08,asia_reclaim,EURUSD,2018-07-20 06:00:00+00:00,2018-07-20 06:15:00+00:00,2018-07-20 06:15:00+00:00,-1,0.999999999999902,TP,False
S2-08,asia_reclaim,EURUSD,2018-07-23 01:00:00+00:00,2018-07-23 01:15:00+00:00,2018-07-23 01:15:00+00:00,1,1.000000000000103,TP,False
S2-08,asia_reclaim,EURUSD,2018-07-23 03:00:00+00:00,2018-07-23 03:15:00+00:00,2018-07-23 05:30:00+00:00,1,-1.000000000000146,SL,False
S2-08,asia_reclaim,EURUSD,2018-07-23 06:30:00+00:00,2018-07-23 06:45:00+00:00,2018-07-23 06:45:00+00:00,1,-1.0,SL,False
S2-08,asia_reclaim,EURUSD,2018-07-24 01:00:00+00:00,2018-07-24 01:15:00+00:00,2018-07-24 01:15:00+00:00,-1,-0.999999999999906,SL,True
S2-08,asia_reclaim,EURUSD,2018-07-24 01:15:00+00:00,2018-07-24 01:30:00+00:00,2018-07-24 01:45:00+00:00,1,-1.0000000000002423,SL,True
S2-08,asia_reclaim,EURUSD,2018-07-24 01:45:00+00:00,2018-07-24 02:00:00+00:00,2018-07-24 02:00:00+00:00,-1,-1.0000000000001374,SL,True
S2-08,asia_reclaim,EURUSD,2018-07-24 02:00:00+00:00,2018-07-24 02:15:00+00:00,2018-07-24 02:15:00+00:00,-1,0.9999999999998149,TP,False
S2-08,asia_reclaim,EURUSD,2018-07-24 02:30:00+00:00,2018-07-24 02:45:00+00:00,2018-07-24 03:15:00+00:00,1,-0.9999999999999437,SL,False
S2-08,asia_reclaim,EURUSD,2018-07-24 03:15:00+00:00,2018-07-24 03:30:00+00:00,2018-07-24 04:30:00+00:00,1,-0.9999999999999429,SL,False
S2-08,asia_reclaim,EURUSD,2018-07-25 01:15:00+00:00,2018-07-25 01:30:00+00:00,2018-07-25 01:30:00+00:00,-1,-1.0000000000001739,SL,True
S2-08,asia_reclaim,EURUSD,2018-07-25 01:30:00+00:00,2018-07-25 01:45:00+00:00,2018-07-25 02:00:00+00:00,-1,1.0000000000000742,TP,False
S2-08,asia_reclaim,EURUSD,2018-07-25 02:00:00+00:00,2018-07-25 02:15:00+00:00,2018-07-25 03:00:00+00:00,1,-0.9999999999998105,SL,False
S2-08,asia_reclaim,EURUSD,2018-07-25 03:15:00+00:00,2018-07-25 03:30:00+00:00,2018-07-25 05:30:00+00:00,1,0.9999999999998892,TP,False
S2-08,asia_reclaim,EURUSD,2018-07-26 01:15:00+00:00,2018-07-26 01:30:00+00:00,2018-07-26 01:30:00+00:00,1,-0.9999999999998547,SL,False
S2-08,asia_reclaim,EURUSD,2018-07-26 02:45:00+00:00,2018-07-26 03:00:00+00:00,2018-07-26 03:30:00+00:00,1,-0.9999999999999363,SL,False
S2-08,asia_reclaim,EURUSD,2018-07-26 05:15:00+00:00,2018-07-26 05:30:00+00:00,2018-07-26 05:30:00+00:00,1,1.000000000000228,TP,False
S2-08,asia_reclaim,EURUSD,2018-07-26 06:00:00+00:00,2018-07-26 06:15:00+00:00,2018-07-26 06:15:00+00:00,1,1.0,TP,False
S2-08,asia_reclaim,EURUSD,2018-07-27 01:00:00+00:00,2018-07-27 01:15:00+00:00,2018-07-27 01:15:00+00:00,1,1.0,TP,False
S2-08,asia_reclaim,EURUSD,2018-07-27 01:30:00+00:00,2018-07-27 01:45:00+00:00,2018-07-27 02:15:00+00:00,-1,-1.000000000000096,SL,False
S2-08,asia_reclaim,EURUSD,2018-07-27 03:15:00+00:00,2018-07-27 03:30:00+00:00,2018-07-27 04:00:00+00:00,-1,1.00000000000016,TP,False
S2-08,asia_reclaim,EURUSD,2018-07-27 06:30:00+00:00,2018-07-27 06:45:00+00:00,2018-07-27 07:15:00+00:00,1,1.0000000000001206,TP,False
S2-08,asia_reclaim,EURUSD,2018-07-30 02:30:00+00:00,2018-07-30 02:45:00+00:00,2018-07-30 04:45:00+00:00,1,1.0000000000000708,TP,False
S2-08,asia_reclaim,EURUSD,2018-07-31 01:00:00+00:00,2018-07-31 01:15:00+00:00,2018-07-31 01:15:00+00:00,1,-0.9999999999996567,SL,False
S2-08,asia_reclaim,EURUSD,2018-07-31 01:15:00+00:00,2018-07-31 01:30:00+00:00,2018-07-31 01:30:00+00:00,1,0.9999999999998873,TP,False
S2-08,asia_reclaim,EURUSD,2018-07-31 04:00:00+00:00,2018-07-31 04:15:00+00:00,2018-07-31 04:15:00+00:00,1,0.9999999999997795,TP,False
S2-08,asia_reclaim,EURUSD,2018-07-31 04:15:00+00:00,2018-07-31 04:30:00+00:00,2018-07-31 04:30:00+00:00,-1,-1.0,SL,False
S2-08,asia_reclaim,EURUSD,2018-08-01 01:00:00+00:00,2018-08-01 01:15:00+00:00,2018-08-01 01:15:00+00:00,1,-0.9999999999997706,SL,False
S2-08,asia_reclaim,EURUSD,2018-08-01 01:30:00+00:00,2018-08-01 01:45:00+00:00,2018-08-01 01:45:00+00:00,1,1.0000000000003069,TP,False
S2-08,asia_reclaim,EURUSD,2018-08-01 02:15:00+00:00,2018-08-01 02:30:00+00:00,2018-08-01 03:45:00+00:00,1,-1.0,SL,False
S2-08,asia_reclaim,EURUSD,2018-08-01 04:00:00+00:00,2018-08-01 04:15:00+00:00,2018-08-01 04:15:00+00:00,1,-1.0000000000000844,SL,False
S2-08,asia_reclaim,EURUSD,2018-08-01 04:45:00+00:00,2018-08-01 05:00:00+00:00,2018-08-01 05:15:00+00:00,1,1.0000000000000868,TP,False
S2-08,asia_reclaim,EURUSD,2018-08-01 06:00:00+00:00,2018-08-01 06:15:00+00:00,2018-08-01 06:15:00+00:00,1,1.0000000000000804,TP,False
S2-08,asia_reclaim,EURUSD,2018-08-02 01:45:00+00:00,2018-08-02 02:00:00+00:00,2018-08-02 02:15:00+00:00,-1,1.000000000000229,TP,False
S2-08,asia_reclaim,EURUSD,2018-08-02 03:15:00+00:00,2018-08-02 03:30:00+00:00,2018-08-02 03:45:00+00:00,1,-1.0000000000002853,SL,False
S2-08,asia_reclaim,EURUSD,2018-08-02 06:15:00+00:00,2018-08-02 06:30:00+00:00,2018-08-02 06:30:00+00:00,1,-0.9999999999999218,SL,False
S2-08,asia_reclaim,EURUSD,2018-08-03 01:15:00+00:00,2018-08-03 01:30:00+00:00,2018-08-03 01:30:00+00:00,-1,0.999999999999792,TP,False
S2-08,asia_reclaim,EURUSD,2018-08-03 01:30:00+00:00,2018-08-03 01:45:00+00:00,2018-08-03 01:45:00+00:00,-1,-1.000000000000277,SL,False
S2-08,asia_reclaim,EURUSD,2018-08-03 02:00:00+00:00,2018-08-03 02:15:00+00:00,2018-08-03 03:00:00+00:00,1,0.9999999999997309,TP,False
S2-08,asia_reclaim,EURUSD,2018-08-03 05:15:00+00:00,2018-08-03 05:30:00+00:00,2018-08-03 06:00:00+00:00,-1,1.000000000000115,TP,False
S2-08,asia_reclaim,EURUSD,2018-08-06 01:00:00+00:00,2018-08-06 01:15:00+00:00,2018-08-06 01:30:00+00:00,-1,-1.00000000000018,SL,False
S2-08,asia_reclaim,EURUSD,2018-08-06 04:45:00+00:00,2018-08-06 05:00:00+00:00,2018-08-06 05:15:00+00:00,1,-1.0,SL,False
S2-08,asia_reclaim,EURUSD,2018-08-06 05:30:00+00:00,2018-08-06 05:45:00+00:00,2018-08-06 05:45:00+00:00,1,1.0000000000002265,TP,False
S2-08,asia_reclaim,EURUSD,2018-08-06 06:15:00+00:00,2018-08-06 06:30:00+00:00,2018-08-06 06:45:00+00:00,1,0.9999999999997478,TP,False
S2-08,asia_reclaim,EURUSD,2018-08-07 01:00:00+00:00,2018-08-07 01:15:00+00:00,2018-08-07 01:30:00+00:00,-1,0.9999999999997935,TP,False
S2-08,asia_reclaim,EURUSD,2018-08-07 03:15:00+00:00,2018-08-07 03:30:00+00:00,2018-08-07 05:30:00+00:00,1,-1.0,SL,False
S2-08,asia_reclaim,EURUSD,2018-08-07 06:00:00+00:00,2018-08-07 06:15:00+00:00,2018-08-07 06:15:00+00:00,-1,-1.0,SL,False
S2-08,asia_reclaim,EURUSD,2018-08-08 01:30:00+00:00,2018-08-08 01:45:00+00:00,2018-08-08 02:30:00+00:00,-1,-0.9999999999998158,SL,False
S2-08,asia_reclaim,EURUSD,2018-08-08 03:15:00+00:00,2018-08-08 03:30:00+00:00,2018-08-08 04:00:00+00:00,-1,-0.99999999999993,SL,False
S2-08,asia_reclaim,EURUSD,2018-08-08 04:15:00+00:00,2018-08-08 04:30:00+00:00,2018-08-08 06:00:00+00:00,-1,0.999999999999802,TP,False
S2-08,asia_reclaim,EURUSD,2018-08-09 01:15:00+00:00,2018-08-09 01:30:00+00:00,2018-08-09 01:30:00+00:00,1,-1.0000000000002032,SL,False
S2-08,asia_reclaim,EURUSD,2018-08-09 02:45:00+00:00,2018-08-09 03:00:00+00:00,2018-08-09 03:00:00+00:00,-1,-1.0,SL,False
S2-08,asia_reclaim,EURUSD,2018-08-09 03:00:00+00:00,2018-08-09 03:15:00+00:00,2018-08-09 04:15:00+00:00,-1,0.9999999999999236,TP,False
S2-08,asia_reclaim,EURUSD,2018-08-09 06:45:00+00:00,2018-08-09 07:00:00+00:00,2018-08-09 07:00:00+00:00,1,-1.0000000000002025,SL,False
S2-08,asia_reclaim,EURUSD,2018-08-10 02:00:00+00:00,2018-08-10 02:15:00+00:00,2018-08-10 03:00:00+00:00,-1,1.0,TP,False
S2-08,asia_reclaim,EURUSD,2018-08-10 03:15:00+00:00,2018-08-10 03:30:00+00:00,2018-08-10 04:00:00+00:00,-1,0.999999999999936,TP,False
S2-08,asia_reclaim,EURUSD,2018-08-10 06:00:00+00:00,2018-08-10 06:15:00+00:00,2018-08-10 06:15:00+00:00,1,0.9999999999999326,TP,False
S2-08,asia_reclaim,EURUSD,2018-08-10 06:15:00+00:00,2018-08-10 06:30:00+00:00,2018-08-10 08:15:00+00:00,1,-0.9999999999999399,SL,False
S2-08,asia_reclaim,EURUSD,2018-08-13 01:00:00+00:00,2018-08-13 01:15:00+00:00,2018-08-13 01:45:00+00:00,1,-1.0,SL,False
S2-08,asia_reclaim,EURUSD,2018-08-13 01:45:00+00:00,2018-08-13 02:00:00+00:00,2018-08-13 04:45:00+00:00,1,-1.0000000000000318,SL,False
S2-08,asia_reclaim,EURUSD,2018-08-13 06:15:00+00:00,2018-08-13 06:30:00+00:00,2018-08-13 07:15:00+00:00,-1,1.000000000000032,TP,False
S2-08,asia_reclaim,EURUSD,2018-08-14 01:30:00+00:00,2018-08-14 01:45:00+00:00,2018-08-14 02:00:00+00:00,-1,0.9999999999997916,TP,False
S2-08,asia_reclaim,EURUSD,2018-08-14 02:45:00+00:00,2018-08-14 03:00:00+00:00,2018-08-14 03:45:00+00:00,-1,1.0000000000000584,TP,False
S2-08,asia_reclaim,EURUSD,2018-08-14 06:45:00+00:00,2018-08-14 07:00:00+00:00,2018-08-14 07:00:00+00:00,-1,1.0,TP,False
S2-08,asia_reclaim,EURUSD,2018-08-15 01:00:00+00:00,2018-08-15 01:15:00+00:00,2018-08-15 01:15:00+00:00,1,1.0000000000000875,TP,False
S2-08,asia_reclaim,EURUSD,2018-08-15 02:00:00+00:00,2018-08-15 02:15:00+00:00,2018-08-15 02:15:00+00:00,1,-0.9999999999997886,SL,False
S2-08,asia_reclaim,EURUSD,2018-08-15 03:15:00+00:00,2018-08-15 03:30:00+00:00,2018-08-15 03:30:00+00:00,1,-1.0,SL,False
S2-08,asia_reclaim,EURUSD,2018-08-15 03:45:00+00:00,2018-08-15 04:00:00+00:00,2018-08-15 05:15:00+00:00,1,-1.0000000000000533,SL,False
S2-08,asia_reclaim,EURUSD,2018-08-15 05:15:00+00:00,2018-08-15 05:30:00+00:00,2018-08-15 06:00:00+00:00,1,0.9999999999998471,TP,False
S2-08,asia_reclaim,EURUSD,2018-08-16 01:00:00+00:00,2018-08-16 01:15:00+00:00,2018-08-16 01:15:00+00:00,-1,-1.0000000000001523,SL,False
S2-08,asia_reclaim,EURUSD,2018-08-17 06:45:00+00:00,2018-08-17 07:00:00+00:00,2018-08-17 07:15:00+00:00,-1,0.9999999999999412,TP,False
S2-08,asia_reclaim,EURUSD,2018-08-20 01:15:00+00:00,2018-08-20 01:30:00+00:00,2018-08-20 01:30:00+00:00,1,-1.0000000000002045,SL,False
S2-08,asia_reclaim,EURUSD,2018-08-20 01:30:00+00:00,2018-08-20 01:45:00+00:00,2018-08-20 01:45:00+00:00,1,-1.0000000000002816,SL,False
S2-08,asia_reclaim,EURUSD,2018-08-20 05:00:00+00:00,2018-08-20 05:15:00+00:00,2018-08-20 05:45:00+00:00,1,-0.9999999999998203,SL,False
S2-08,asia_reclaim,EURUSD,2018-08-20 05:45:00+00:00,2018-08-20 06:00:00+00:00,2018-08-20 06:00:00+00:00,1,-0.999999999999713,SL,False
S2-08,asia_reclaim,EURUSD,2018-08-22 01:30:00+00:00,2018-08-22 01:45:00+00:00,2018-08-22 01:45:00+00:00,1,-0.9999999999998417,SL,False
S2-08,asia_reclaim,EURUSD,2018-08-22 03:00:00+00:00,2018-08-22 03:15:00+00:00,2018-08-22 05:30:00+00:00,1,0.999999999999932,TP,False
S2-08,asia_reclaim,EURUSD,2018-08-23 01:00:00+00:00,2018-08-23 01:15:00+00:00,2018-08-23 01:30:00+00:00,1,-0.9999999999999427,SL,False
S2-08,asia_reclaim,EURUSD,2018-08-23 01:45:00+00:00,2018-08-23 02:00:00+00:00,2018-08-23 02:15:00+00:00,1,-1.000000000000053,SL,False
S2-08,asia_reclaim,EURUSD,2018-08-23 02:45:00+00:00,2018-08-23 03:00:00+00:00,2018-08-23 04:00:00+00:00,1,-1.0000000000000884,SL,False
S2-08,asia_reclaim,EURUSD,2018-08-27 01:45:00+00:00,2018-08-27 02:00:00+00:00,2018-08-27 02:15:00+00:00,1,0.9999999999999496,TP,False
S2-08,asia_reclaim,EURUSD,2018-08-27 02:45:00+00:00,2018-08-27 03:00:00+00:00,2018-08-27 04:15:00+00:00,1,-0.9999999999999555,SL,False
S2-08,asia_reclaim,EURUSD,2018-08-27 04:15:00+00:00,2018-08-27 04:30:00+00:00,2018-08-27 04:30:00+00:00,1,-1.0000000000001195,SL,False
S2-08,asia_reclaim,EURUSD,2018-08-27 05:00:00+00:00,2018-08-27 05:15:00+00:00,2018-08-27 05:30:00+00:00,1,-1.0000000000001203,SL,False
S2-08,asia_reclaim,EURUSD,2018-08-27 05:30:00+00:00,2018-08-27 05:45:00+00:00,2018-08-27 06:00:00+00:00,1,-1.0000000000000586,SL,True
S2-08,asia_reclaim,EURUSD,2018-08-27 06:00:00+00:00,2018-08-27 06:15:00+00:00,2018-08-27 06:15:00+00:00,1,-1.0000000000001725,SL,False
S2-08,asia_reclaim,EURUSD,2018-08-27 06:30:00+00:00,2018-08-27 06:45:00+00:00,2018-08-27 06:45:00+00:00,1,-1.0000000000001044,SL,False
S2-08,asia_reclaim,EURUSD,2018-08-28 02:15:00+00:00,2018-08-28 02:30:00+00:00,2018-08-28 05:15:00+00:00,1,-1.0,SL,False
S2-08,asia_reclaim,EURUSD,2018-08-29 01:45:00+00:00,2018-08-29 02:00:00+00:00,2018-08-29 02:15:00+00:00,1,0.9999999999997613,TP,False
S2-08,asia_reclaim,EURUSD,2018-08-29 02:15:00+00:00,2018-08-29 02:30:00+00:00,2018-08-29 02:30:00+00:00,-1,1.0000000000002027,TP,False
S2-08,asia_reclaim,EURUSD,2018-08-29 06:00:00+00:00,2018-08-29 06:15:00+00:00,2018-08-29 06:30:00+00:00,1,-0.9999999999998063,SL,False
S2-08,asia_reclaim,EURUSD,2018-08-30 03:30:00+00:00,2018-08-30 03:45:00+00:00,2018-08-30 05:15:00+00:00,1,-1.0000000000001787,SL,False
S2-08,asia_reclaim,EURUSD,2018-08-31 01:15:00+00:00,2018-08-31 01:30:00+00:00,2018-08-31 01:30:00+00:00,-1,-1.0,SL,False
S2-08,asia_reclaim,EURUSD,2018-08-31 03:00:00+00:00,2018-08-31 03:15:00+00:00,2018-08-31 04:45:00+00:00,1,1.000000000000156,TP,False
S2-08,asia_reclaim,EURUSD,2018-09-03 01:30:00+00:00,2018-09-03 01:45:00+00:00,2018-09-03 02:00:00+00:00,1,-0.999999999999878,SL,False
S2-08,asia_reclaim,EURUSD,2018-09-03 04:30:00+00:00,2018-09-03 04:45:00+00:00,2018-09-03 05:00:00+00:00,-1,-1.0000000000002052,SL,False
S2-08,asia_reclaim,EURUSD,2018-09-03 05:30:00+00:00,2018-09-03 05:45:00+00:00,2018-09-03 05:45:00+00:00,-1,-0.9999999999999218,SL,False
S2-08,asia_reclaim,EURUSD,2018-09-03 05:45:00+00:00,2018-09-03 06:00:00+00:00,2018-09-03 06:15:00+00:00,-1,0.99999999999985,TP,False
S2-08,asia_reclaim,EURUSD,2018-09-04 01:15:00+00:00,2018-09-04 01:30:00+00:00,2018-09-04 01:30:00+00:00,1,-1.0000000000002707,SL,True
S2-08,asia_reclaim,EURUSD,2018-09-04 01:30:00+00:00,2018-09-04 01:45:00+00:00,2018-09-04 02:30:00+00:00,1,-0.9999999999998386,SL,False
S2-08,asia_reclaim,EURUSD,2018-09-05 01:30:00+00:00,2018-09-05 01:45:00+00:00,2018-09-05 02:15:00+00:00,-1,-0.9999999999999317,SL,False
S2-08,asia_reclaim,EURUSD,2018-09-05 02:30:00+00:00,2018-09-05 02:45:00+00:00,2018-09-05 03:00:00+00:00,-1,1.000000000000108,TP,False
S2-08,asia_reclaim,EURUSD,2018-09-05 06:30:00+00:00,2018-09-05 06:45:00+00:00,2018-09-05 06:45:00+00:00,1,-1.0,SL,False
S2-08,asia_reclaim,EURUSD,2018-09-06 03:30:00+00:00,2018-09-06 03:45:00+00:00,2018-09-06 04:45:00+00:00,1,-1.0,SL,False
S2-08,asia_reclaim,EURUSD,2018-09-06 04:45:00+00:00,2018-09-06 05:00:00+00:00,2018-09-06 05:00:00+00:00,1,-0.9999999999998083,SL,False
S2-08,asia_reclaim,EURUSD,2018-09-06 05:00:00+00:00,2018-09-06 05:15:00+00:00,2018-09-06 05:30:00+00:00,1,-1.000000000000129,SL,False
S2-08,asia_reclaim,EURUSD,2018-09-06 05:45:00+00:00,2018-09-06 06:00:00+00:00,2018-09-06 06:00:00+00:00,1,-0.9999999999999427,SL,False
S2-08,asia_reclaim,EURUSD,2018-09-06 06:00:00+00:00,2018-09-06 06:15:00+00:00,2018-09-06 06:45:00+00:00,1,-1.0000000000000524,SL,False
S2-08,asia_reclaim,EURUSD,2018-09-07 01:15:00+00:00,2018-09-07 01:30:00+00:00,2018-09-07 01:30:00+00:00,1,0.9999999999997587,TP,False
S2-08,asia_reclaim,EURUSD,2018-09-07 01:30:00+00:00,2018-09-07 01:45:00+00:00,2018-09-07 02:00:00+00:00,-1,1.0000000000001472,TP,False
S2-08,asia_reclaim,EURUSD,2018-09-07 02:00:00+00:00,2018-09-07 02:15:00+00:00,2018-09-07 03:30:00+00:00,-1,0.9999999999998033,TP,False
S2-08,asia_reclaim,EURUSD,2018-09-07 04:00:00+00:00,2018-09-07 04:15:00+00:00,2018-09-07 05:00:00+00:00,-1,-0.9999999999998783,SL,False
S2-08,asia_reclaim,EURUSD,2018-09-07 05:00:00+00:00,2018-09-07 05:15:00+00:00,2018-09-07 05:45:00+00:00,-1,1.0,TP,False
S2-08,asia_reclaim,EURUSD,2018-09-07 06:00:00+00:00,2018-09-07 06:15:00+00:00,2018-09-07 06:30:00+00:00,1,0.9999999999998347,TP,False
S2-08,asia_reclaim,EURUSD,2018-09-07 06:30:00+00:00,2018-09-07 06:45:00+00:00,2018-09-07 06:45:00+00:00,-1,-1.0,SL,False
S2-08,asia_reclaim,EURUSD,2018-09-07 06:45:00+00:00,2018-09-07 07:00:00+00:00,2018-09-07 07:00:00+00:00,-1,-1.0,SL,True
S2-08,asia_reclaim,EURUSD,2018-09-10 02:45:00+00:00,2018-09-10 03:00:00+00:00,2018-09-10 03:30:00+00:00,1,-0.9999999999999347,SL,False
S2-08,asia_reclaim,EURUSD,2018-09-10 04:15:00+00:00,2018-09-10 04:30:00+00:00,2018-09-10 05:45:00+00:00,1,0.9999999999998055,TP,False
S2-08,asia_reclaim,EURUSD,2018-09-11 03:15:00+00:00,2018-09-11 03:30:00+00:00,2018-09-11 04:30:00+00:00,-1,-1.0,SL,False
S2-08,asia_reclaim,EURUSD,2018-09-11 06:00:00+00:00,2018-09-11 06:15:00+00:00,2018-09-11 06:15:00+00:00,-1,-1.0000000000001188,SL,False
S2-08,asia_reclaim,EURUSD,2018-09-12 01:30:00+00:00,2018-09-12 01:45:00+00:00,2018-09-12 01:45:00+00:00,1,-0.9999999999998997,SL,False
S2-08,asia_reclaim,EURUSD,2018-09-12 02:45:00+00:00,2018-09-12 03:00:00+00:00,2018-09-12 03:30:00+00:00,1,-1.0000000000000842,SL,False
S2-08,asia_reclaim,EURUSD,2018-09-12 04:00:00+00:00,2018-09-12 04:15:00+00:00,2018-09-12 04:45:00+00:00,1,-1.0,SL,False
S2-08,asia_reclaim,EURUSD,2018-09-12 04:45:00+00:00,2018-09-12 05:00:00+00:00,2018-09-12 05:30:00+00:00,1,-1.0,SL,False
S2-08,asia_reclaim,EURUSD,2018-09-12 05:30:00+00:00,2018-09-12 05:45:00+00:00,2018-09-12 05:45:00+00:00,1,0.9999999999998259,TP,False
S2-08,asia_reclaim,EURUSD,2018-09-13 01:30:00+00:00,2018-09-13 01:45:00+00:00,2018-09-13 02:00:00+00:00,-1,0.9999999999999228,TP,False
S2-08,asia_reclaim,EURUSD,2018-09-13 06:00:00+00:00,2018-09-13 06:15:00+00:00,2018-09-13 06:15:00+00:00,1,1.000000000000137,TP,False
S2-08,asia_reclaim,EURUSD,2018-09-14 03:15:00+00:00,2018-09-14 03:30:00+00:00,2018-09-14 04:00:00+00:00,-1,1.000000000000091,TP,False
S2-08,asia_reclaim,EURUSD,2018-09-14 05:15:00+00:00,2018-09-14 05:30:00+00:00,2018-09-14 05:30:00+00:00,-1,0.9999999999997403,TP,False
S2-08,asia_reclaim,EURUSD,2018-09-14 06:15:00+00:00,2018-09-14 06:30:00+00:00,2018-09-14 06:30:00+00:00,-1,-1.0,SL,False
S2-08,asia_reclaim,EURUSD,2018-09-14 06:45:00+00:00,2018-09-14 07:00:00+00:00,2018-09-14 07:00:00+00:00,-1,0.9999999999998324,TP,False
S2-08,asia_reclaim,EURUSD,2018-09-17 01:00:00+00:00,2018-09-17 01:15:00+00:00,2018-09-17 01:15:00+00:00,-1,-0.9999999999997079,SL,False
S2-08,asia_reclaim,EURUSD,2018-09-17 01:30:00+00:00,2018-09-17 01:45:00+00:00,2018-09-17 01:45:00+00:00,-1,1.0000000000002032,TP,False
S2-08,asia_reclaim,EURUSD,2018-09-17 03:00:00+00:00,2018-09-17 03:15:00+00:00,2018-09-17 04:00:00+00:00,-1,-1.0,SL,False
S2-08,asia_reclaim,EURUSD,2018-09-17 04:00:00+00:00,2018-09-17 04:15:00+00:00,2018-09-17 05:45:00+00:00,-1,-1.0,SL,False
S2-08,asia_reclaim,EURUSD,2018-09-17 05:45:00+00:00,2018-09-17 06:00:00+00:00,2018-09-17 06:00:00+00:00,-1,1.0,TP,False
S2-08,asia_reclaim,EURUSD,2018-09-17 06:00:00+00:00,2018-09-17 06:15:00+00:00,2018-09-17 06:15:00+00:00,-1,-1.0000000000001583,SL,False
S2-08,asia_reclaim,EURUSD,2018-09-18 02:00:00+00:00,2018-09-18 02:15:00+00:00,2018-09-18 03:00:00+00:00,-1,-1.0,SL,False
S2-08,asia_reclaim,EURUSD,2018-09-18 03:15:00+00:00,2018-09-18 03:30:00+00:00,2018-09-18 03:30:00+00:00,-1,-0.9999999999998468,SL,False
S2-08,asia_reclaim,EURUSD,2018-09-18 03:30:00+00:00,2018-09-18 03:45:00+00:00,2018-09-18 04:15:00+00:00,-1,-1.0000000000001483,SL,False
S2-08,asia_reclaim,EURUSD,2018-09-18 06:15:00+00:00,2018-09-18 06:30:00+00:00,2018-09-18 06:45:00+00:00,-1,0.9999999999999639,TP,False
S2-08,asia_reclaim,EURUSD,2018-09-20 03:00:00+00:00,2018-09-20 03:15:00+00:00,2018-09-20 03:45:00+00:00,-1,1.0,TP,False
S2-08,asia_reclaim,EURUSD,2018-09-20 06:00:00+00:00,2018-09-20 06:15:00+00:00,2018-09-20 06:15:00+00:00,-1,-0.9999999999999162,SL,False
S2-08,asia_reclaim,EURUSD,2018-09-20 06:30:00+00:00,2018-09-20 06:45:00+00:00,2018-09-20 06:45:00+00:00,-1,1.0000000000002018,TP,False
S2-08,asia_reclaim,EURUSD,2018-09-20 06:45:00+00:00,2018-09-20 07:00:00+00:00,2018-09-20 07:00:00+00:00,-1,-1.0000000000001183,SL,False
S2-08,asia_reclaim,EURUSD,2018-09-21 01:00:00+00:00,2018-09-21 01:15:00+00:00,2018-09-21 01:15:00+00:00,-1,-0.9999999999999052,SL,False
S2-08,asia_reclaim,EURUSD,2018-09-21 03:45:00+00:00,2018-09-21 04:00:00+00:00,2018-09-21 04:30:00+00:00,-1,1.0000000000000846,TP,False
S2-08,asia_reclaim,EURUSD,2018-09-21 06:45:00+00:00,2018-09-21 07:00:00+00:00,2018-09-21 07:00:00+00:00,-1,-0.9999999999998889,SL,False
S2-08,asia_reclaim,EURUSD,2018-09-24 01:15:00+00:00,2018-09-24 01:30:00+00:00,2018-09-24 01:45:00+00:00,1,-1.0,SL,False
S2-08,asia_reclaim,EURUSD,2018-09-24 06:30:00+00:00,2018-09-24 06:45:00+00:00,2018-09-24 06:45:00+00:00,1,1.0000000000002085,TP,False
S2-08,asia_reclaim,EURUSD,2018-09-25 01:00:00+00:00,2018-09-25 01:15:00+00:00,2018-09-25 01:15:00+00:00,1,-1.0,SL,False
S2-08,asia_reclaim,EURUSD,2018-09-26 01:00:00+00:00,2018-09-26 01:15:00+00:00,2018-09-26 01:15:00+00:00,1,-1.0,SL,False
S2-08,asia_reclaim,EURUSD,2018-09-26 02:45:00+00:00,2018-09-26 03:00:00+00:00,2018-09-26 04:15:00+00:00,-1,-0.9999999999999167,SL,False
S2-08,asia_reclaim,EURUSD,2018-09-26 04:15:00+00:00,2018-09-26 04:30:00+00:00,2018-09-26 05:00:00+00:00,-1,1.0000000000002804,TP,False
S2-08,asia_reclaim,EURUSD,2018-09-26 06:45:00+00:00,2018-09-26 07:00:00+00:00,2018-09-26 07:00:00+00:00,-1,-1.0,SL,False
S2-08,asia_reclaim,EURUSD,2018-09-27 01:30:00+00:00,2018-09-27 01:45:00+00:00,2018-09-27 02:45:00+00:00,1,1.0,TP,False
S2-08,asia_reclaim,EURUSD,2018-09-27 05:15:00+00:00,2018-09-27 05:30:00+00:00,2018-09-27 05:30:00+00:00,1,-0.9999999999998592,SL,False
S2-08,asia_reclaim,EURUSD,2018-09-27 05:45:00+00:00,2018-09-27 06:00:00+00:00,2018-09-27 06:15:00+00:00,1,-1.0000000000000757,SL,False
S2-08,asia_reclaim,EURUSD,2018-09-28 01:00:00+00:00,2018-09-28 01:15:00+00:00,2018-09-28 01:30:00+00:00,-1,-0.9999999999997325,SL,False
S2-08,asia_reclaim,EURUSD,2018-09-28 01:30:00+00:00,2018-09-28 01:45:00+00:00,2018-09-28 01:45:00+00:00,-1,-1.000000000000251,SL,False
S2-08,asia_reclaim,EURUSD,2018-09-28 02:30:00+00:00,2018-09-28 02:45:00+00:00,2018-09-28 04:30:00+00:00,-1,1.0000000000000857,TP,False
S2-08,asia_reclaim,EURUSD,2018-09-28 05:45:00+00:00,2018-09-28 06:00:00+00:00,2018-09-28 06:00:00+00:00,-1,0.9999999999997687,TP,False
S2-08,asia_reclaim,EURUSD,2018-09-28 06:45:00+00:00,2018-09-28 07:00:00+00:00,2018-09-28 07:00:00+00:00,1,-1.0000000000001468,SL,False
S2-08,asia_reclaim,EURUSD,2018-10-01 03:00:00+00:00,2018-10-01 03:15:00+00:00,2018-10-01 04:30:00+00:00,1,-1.0000000000002514,SL,False
S2-08,asia_reclaim,EURUSD,2018-10-02 01:00:00+00:00,2018-10-02 01:15:00+00:00,2018-10-02 01:15:00+00:00,-1,-1.0000000000001092,SL,False
S2-08,asia_reclaim,EURUSD,2018-10-02 01:45:00+00:00,2018-10-02 02:00:00+00:00,2018-10-02 02:15:00+00:00,1,-0.9999999999999035,SL,False
S2-08,asia_reclaim,EURUSD,2018-10-02 02:15:00+00:00,2018-10-02 02:30:00+00:00,2018-10-02 02:45:00+00:00,1,0.9999999999999041,TP,False
S2-08,asia_reclaim,EURUSD,2018-10-02 06:15:00+00:00,2018-10-02 06:30:00+00:00,2018-10-02 06:30:00+00:00,1,0.999999999999937,TP,False
S2-08,asia_reclaim,EURUSD,2018-10-02 06:45:00+00:00,2018-10-02 07:00:00+00:00,2018-10-02 07:00:00+00:00,1,-1.0000000000001459,SL,False
S2-08,asia_reclaim,EURUSD,2018-10-03 02:15:00+00:00,2018-10-03 02:30:00+00:00,2018-10-03 02:30:00+00:00,-1,0.9999999999999262,TP,False
S2-08,asia_reclaim,EURUSD,2018-10-04 04:30:00+00:00,2018-10-04 04:45:00+00:00,2018-10-04 05:00:00+00:00,1,0.9999999999999456,TP,False
S2-08,asia_reclaim,EURUSD,2018-10-04 06:00:00+00:00,2018-10-04 06:15:00+00:00,2018-10-04 06:30:00+00:00,-1,-1.0000000000000966,SL,False
S2-08,asia_reclaim,EURUSD,2018-10-04 06:45:00+00:00,2018-10-04 07:00:00+00:00,2018-10-04 07:00:00+00:00,-1,-0.9999999999999146,SL,False
S2-08,asia_reclaim,EURUSD,2018-10-05 01:45:00+00:00,2018-10-05 02:00:00+00:00,2018-10-05 02:00:00+00:00,1,-1.0000000000000993,SL,False
S2-08,asia_reclaim,EURUSD,2018-10-05 04:15:00+00:00,2018-10-05 04:30:00+00:00,2018-10-05 04:30:00+00:00,1,1.0000000000002804,TP,False
S2-08,asia_reclaim,EURUSD,2018-10-08 01:00:00+00:00,2018-10-08 01:15:00+00:00,2018-10-08 01:30:00+00:00,1,-0.9999999999997583,SL,False
S2-08,asia_reclaim,EURUSD,2018-10-08 01:30:00+00:00,2018-10-08 01:45:00+00:00,2018-10-08 02:15:00+00:00,1,-1.0000000000000868,SL,False
S2-08,asia_reclaim,EURUSD,2018-10-08 03:45:00+00:00,2018-10-08 04:00:00+00:00,2018-10-08 05:15:00+00:00,1,-1.0000000000001734,SL,False
S2-08,asia_reclaim,EURUSD,2018-10-08 05:45:00+00:00,2018-10-08 06:00:00+00:00,2018-10-08 06:00:00+00:00,1,-1.0,SL,False
S2-08,asia_reclaim,EURUSD,2018-10-08 06:00:00+00:00,2018-10-08 06:15:00+00:00,2018-10-08 06:15:00+00:00,1,-0.9999999999998199,SL,True
S2-08,asia_reclaim,EURUSD,2018-10-09 01:00:00+00:00,2018-10-09 01:15:00+00:00,2018-10-09 01:15:00+00:00,-1,1.0000000000002023,TP,False
S2-08,asia_reclaim,EURUSD,2018-10-09 01:15:00+00:00,2018-10-09 01:30:00+00:00,2018-10-09 01:30:00+00:00,-1,0.9999999999998154,TP,False
S2-08,asia_reclaim,EURUSD,2018-10-09 02:00:00+00:00,2018-10-09 02:15:00+00:00,2018-10-09 04:15:00+00:00,1,1.0000000000001588,TP,False
S2-08,asia_reclaim,EURUSD,2018-10-09 04:45:00+00:00,2018-10-09 05:00:00+00:00,2018-10-09 05:30:00+00:00,-1,0.9999999999997704,TP,False
S2-08,asia_reclaim,EURUSD,2018-10-09 06:30:00+00:00,2018-10-09 06:45:00+00:00,2018-10-09 07:00:00+00:00,1,0.9999999999999455,TP,False
S2-08,asia_reclaim,EURUSD,2018-10-10 02:00:00+00:00,2018-10-10 02:15:00+00:00,2018-10-10 02:30:00+00:00,-1,1.000000000000067,TP,False
S2-08,asia_reclaim,EURUSD,2018-10-11 03:45:00+00:00,2018-10-11 04:00:00+00:00,2018-10-11 04:45:00+00:00,-1,0.9999999999999145,TP,False
S2-08,asia_reclaim,EURUSD,2018-10-12 01:00:00+00:00,2018-10-12 01:15:00+00:00,2018-10-12 01:15:00+00:00,-1,0.9999999999998161,TP,False
S2-08,asia_reclaim,EURUSD,2018-10-12 05:00:00+00:00,2018-10-12 05:15:00+00:00,2018-10-12 05:30:00+00:00,-1,1.0,TP,False
S2-08,asia_reclaim,EURUSD,2018-10-12 06:30:00+00:00,2018-10-12 06:45:00+00:00,2018-10-12 06:45:00+00:00,1,-0.9999999999998214,SL,False
S2-08,asia_reclaim,EURUSD,2018-10-12 06:45:00+00:00,2018-10-12 07:00:00+00:00,2018-10-12 07:00:00+00:00,1,1.0000000000000573,TP,False
S2-08,asia_reclaim,EURUSD,2018-10-15 01:15:00+00:00,2018-10-15 01:30:00+00:00,2018-10-15 01:30:00+00:00,1,-0.9999999999998276,SL,False
S2-08,asia_reclaim,EURUSD,2018-10-15 04:30:00+00:00,2018-10-15 04:45:00+00:00,2018-10-15 05:15:00+00:00,1,0.9999999999999143,TP,False
S2-08,asia_reclaim,EURUSD,2018-10-16 03:15:00+00:00,2018-10-16 03:30:00+00:00,2018-10-16 05:00:00+00:00,1,-1.0,SL,False
S2-08,asia_reclaim,EURUSD,2018-10-17 02:00:00+00:00,2018-10-17 02:15:00+00:00,2018-10-17 02:15:00+00:00,1,-0.9999999999999063,SL,False
S2-08,asia_reclaim,EURUSD,2018-10-17 03:45:00+00:00,2018-10-17 04:00:00+00:00,2018-10-17 04:45:00+00:00,1,-0.9999999999999309,SL,False
S2-08,asia_reclaim,EURUSD,2018-10-17 04:45:00+00:00,2018-10-17 05:00:00+00:00,2018-10-17 05:00:00+00:00,1,-1.0,SL,False
S2-08,asia_reclaim,EURUSD,2018-10-18 01:45:00+00:00,2018-10-18 02:00:00+00:00,2018-10-18 02:45:00+00:00,1,1.000000000000062,TP,False
S2-08,asia_reclaim,EURUSD,2018-10-18 05:45:00+00:00,2018-10-18 06:00:00+00:00,2018-10-18 06:00:00+00:00,1,-1.0000000000001439,SL,False
S2-08,asia_reclaim,EURUSD,2018-10-18 06:45:00+00:00,2018-10-18 07:00:00+00:00,2018-10-18 07:15:00+00:00,1,1.0000000000001876,TP,False
S2-08,asia_reclaim,EURUSD,2018-10-19 01:00:00+00:00,2018-10-19 01:15:00+00:00,2018-10-19 01:30:00+00:00,-1,-1.0000000000001732,SL,False
S2-08,asia_reclaim,EURUSD,2018-10-19 01:30:00+00:00,2018-10-19 01:45:00+00:00,2018-10-19 02:45:00+00:00,-1,-0.9999999999998403,SL,False
S2-08,asia_reclaim,EURUSD,2018-10-19 04:45:00+00:00,2018-10-19 05:00:00+00:00,2018-10-19 05:30:00+00:00,-1,-0.9999999999999143,SL,False
S2-08,asia_reclaim,EURUSD,2018-10-19 05:45:00+00:00,2018-10-19 06:00:00+00:00,2018-10-19 06:00:00+00:00,-1,-1.0,SL,False
S2-08,asia_reclaim,EURUSD,2018-10-19 06:00:00+00:00,2018-10-19 06:15:00+00:00,2018-10-19 06:15:00+00:00,-1,0.9999999999999221,TP,False
S2-08,asia_reclaim,EURUSD,2018-10-19 06:30:00+00:00,2018-10-19 06:45:00+00:00,2018-10-19 06:45:00+00:00,1,-1.0,SL,False
S2-08,asia_reclaim,EURUSD,2018-10-22 03:15:00+00:00,2018-10-22 03:30:00+00:00,2018-10-22 03:30:00+00:00,-1,-1.000000000000202,SL,False
S2-08,asia_reclaim,EURUSD,2018-10-22 03:45:00+00:00,2018-10-22 04:00:00+00:00,2018-10-22 05:45:00+00:00,-1,0.9999999999997903,TP,False
S2-08,asia_reclaim,EURUSD,2018-10-22 06:45:00+00:00,2018-10-22 07:00:00+00:00,2018-10-22 07:15:00+00:00,-1,-1.0,SL,False
S2-08,asia_reclaim,EURUSD,2018-10-23 01:00:00+00:00,2018-10-23 01:15:00+00:00,2018-10-23 01:15:00+00:00,1,1.000000000000369,TP,False
S2-08,asia_reclaim,EURUSD,2018-10-23 01:15:00+00:00,2018-10-23 01:30:00+00:00,2018-10-23 02:45:00+00:00,-1,0.999999999999793,TP,False
S2-08,asia_reclaim,EURUSD,2018-10-23 04:00:00+00:00,2018-10-23 04:15:00+00:00,2018-10-23 05:30:00+00:00,1,1.0000000000002471,TP,False
S2-08,asia_reclaim,EURUSD,2018-10-23 06:45:00+00:00,2018-10-23 07:00:00+00:00,2018-10-23 07:00:00+00:00,-1,0.9999999999998496,TP,False
S2-08,asia_reclaim,EURUSD,2018-10-24 01:00:00+00:00,2018-10-24 01:15:00+00:00,2018-10-24 01:15:00+00:00,1,-0.999999999999704,SL,False
S2-08,asia_reclaim,EURUSD,2018-10-24 02:00:00+00:00,2018-10-24 02:15:00+00:00,2018-10-24 03:00:00+00:00,1,1.000000000000251,TP,False
S2-08,asia_reclaim,EURUSD,2018-10-24 03:30:00+00:00,2018-10-24 03:45:00+00:00,2018-10-24 05:00:00+00:00,-1,1.0000000000001437,TP,False
S2-08,asia_reclaim,EURUSD,2018-10-24 06:15:00+00:00,2018-10-24 06:30:00+00:00,2018-10-24 06:45:00+00:00,1,1.0000000000001286,TP,False
S2-08,asia_reclaim,EURUSD,2018-10-25 01:15:00+00:00,2018-10-25 01:30:00+00:00,2018-10-25 02:00:00+00:00,-1,-1.0,SL,False
S2-08,asia_reclaim,EURUSD,2018-10-25 05:45:00+00:00,2018-10-25 06:00:00+00:00,2018-10-25 06:00:00+00:00,-1,-1.0000000000001772,SL,False
S2-08,asia_reclaim,EURUSD,2018-10-25 06:00:00+00:00,2018-10-25 06:15:00+00:00,2018-10-25 06:30:00+00:00,-1,-1.000000000000076,SL,False
S2-08,asia_reclaim,EURUSD,2018-10-25 06:30:00+00:00,2018-10-25 06:45:00+00:00,2018-10-25 06:45:00+00:00,-1,1.0000000000001315,TP,False
S2-08,asia_reclaim,EURUSD,2018-10-25 06:45:00+00:00,2018-10-25 07:00:00+00:00,2018-10-25 07:00:00+00:00,-1,0.9999999999998853,TP,False
S2-08,asia_reclaim,EURUSD,2018-10-26 01:15:00+00:00,2018-10-26 01:30:00+00:00,2018-10-26 01:30:00+00:00,1,1.0000000000000848,TP,False
S2-08,asia_reclaim,EURUSD,2018-10-26 03:00:00+00:00,2018-10-26 03:15:00+00:00,2018-10-26 03:15:00+00:00,1,1.000000000000131,TP,False
S2-08,asia_reclaim,EURUSD,2018-10-26 03:15:00+00:00,2018-10-26 03:30:00+00:00,2018-10-26 03:45:00+00:00,1,-1.0,SL,False
S2-08,asia_reclaim,EURUSD,2018-10-26 05:15:00+00:00,2018-10-26 05:30:00+00:00,2018-10-26 05:45:00+00:00,1,1.000000000000166,TP,False
S2-08,asia_reclaim,EURUSD,2018-10-29 01:30:00+00:00,2018-10-29 01:45:00+00:00,2018-10-29 02:00:00+00:00,1,1.0,TP,False
S2-08,asia_reclaim,EURUSD,2018-10-29 06:30:00+00:00,2018-10-29 06:45:00+00:00,2018-10-29 06:45:00+00:00,-1,1.0000000000001437,TP,False
S2-08,asia_reclaim,EURUSD,2018-10-30 01:00:00+00:00,2018-10-30 01:15:00+00:00,2018-10-30 01:15:00+00:00,-1,1.0000000000002194,TP,False
S2-08,asia_reclaim,EURUSD,2018-10-30 01:15:00+00:00,2018-10-30 01:30:00+00:00,2018-10-30 02:00:00+00:00,-1,-0.9999999999998018,SL,False
S2-08,asia_reclaim,EURUSD,2018-10-30 02:15:00+00:00,2018-10-30 02:30:00+00:00,2018-10-30 02:30:00+00:00,-1,-0.9999999999997303,SL,False
S2-08,asia_reclaim,EURUSD,2018-10-30 06:45:00+00:00,2018-10-30 07:00:00+00:00,2018-10-30 07:00:00+00:00,1,1.0,TP,False
S2-08,asia_reclaim,EURUSD,2018-10-31 01:00:00+00:00,2018-10-31 01:15:00+00:00,2018-10-31 01:15:00+00:00,1,1.000000000000364,TP,False
S2-08,asia_reclaim,EURUSD,2018-10-31 01:15:00+00:00,2018-10-31 01:30:00+00:00,2018-10-31 03:30:00+00:00,-1,1.0,TP,False
S2-08,asia_reclaim,EURUSD,2018-10-31 03:45:00+00:00,2018-10-31 04:00:00+00:00,2018-10-31 04:15:00+00:00,1,-0.9999999999998195,SL,False
S2-08,asia_reclaim,EURUSD,2018-10-31 04:15:00+00:00,2018-10-31 04:30:00+00:00,2018-10-31 05:00:00+00:00,1,1.0000000000002718,TP,False
S2-08,asia_reclaim,EURUSD,2018-11-01 01:00:00+00:00,2018-11-01 01:15:00+00:00,2018-11-01 01:15:00+00:00,-1,-1.0000000000001423,SL,False
S2-08,asia_reclaim,EURUSD,2018-11-01 01:45:00+00:00,2018-11-01 02:00:00+00:00,2018-11-01 02:45:00+00:00,-1,-0.9999999999998669,SL,False
S2-08,asia_reclaim,EURUSD,2018-11-01 03:00:00+00:00,2018-11-01 03:15:00+00:00,2018-11-01 03:30:00+00:00,-1,-1.0000000000001679,SL,False
S2-08,asia_reclaim,EURUSD,2018-11-02 05:45:00+00:00,2018-11-02 06:00:00+00:00,2018-11-02 06:30:00+00:00,-1,0.9999999999999439,TP,False
S2-08,asia_reclaim,EURUSD,2018-11-02 06:45:00+00:00,2018-11-02 07:00:00+00:00,2018-11-02 07:00:00+00:00,-1,-1.0,SL,False
S2-08,asia_reclaim,EURUSD,2018-11-05 01:15:00+00:00,2018-11-05 01:30:00+00:00,2018-11-05 01:45:00+00:00,1,-1.0,SL,False
S2-08,asia_reclaim,EURUSD,2018-11-05 01:45:00+00:00,2018-11-05 02:00:00+00:00,2018-11-05 02:45:00+00:00,1,-1.0000000000000828,SL,False
S2-08,asia_reclaim,EURUSD,2018-11-06 02:45:00+00:00,2018-11-06 03:00:00+00:00,2018-11-06 03:45:00+00:00,1,-0.9999999999998166,SL,False
S2-08,asia_reclaim,EURUSD,2018-11-06 06:45:00+00:00,2018-11-06 07:00:00+00:00,2018-11-06 07:00:00+00:00,-1,-0.9999999999997459,SL,True
S2-08,asia_reclaim,EURUSD,2018-11-07 01:00:00+00:00,2018-11-07 01:15:00+00:00,2018-11-07 01:15:00+00:00,-1,1.000000000000027,TP,False
S2-08,asia_reclaim,EURUSD,2018-11-07 02:00:00+00:00,2018-11-07 02:15:00+00:00,2018-11-07 02:30:00+00:00,1,0.9999999999999417,TP,False
S2-08,asia_reclaim,EURUSD,2018-11-08 04:15:00+00:00,2018-11-08 04:30:00+00:00,2018-11-08 05:00:00+00:00,1,1.0000000000002702,TP,False
S2-08,asia_reclaim,EURUSD,2018-11-09 01:00:00+00:00,2018-11-09 01:15:00+00:00,2018-11-09 01:15:00+00:00,1,-1.0000000000003049,SL,False
S2-08,asia_reclaim,EURUSD,2018-11-09 01:15:00+00:00,2018-11-09 01:30:00+00:00,2018-11-09 01:30:00+00:00,1,-1.0,SL,False
S2-08,asia_reclaim,EURUSD,2018-11-09 02:00:00+00:00,2018-11-09 02:15:00+00:00,2018-11-09 02:15:00+00:00,1,-1.000000000000171,SL,False
S2-08,asia_reclaim,EURUSD,2018-11-09 03:45:00+00:00,2018-11-09 04:00:00+00:00,2018-11-09 04:30:00+00:00,1,-1.0000000000001423,SL,False
S2-08,asia_reclaim,EURUSD,2018-11-12 01:00:00+00:00,2018-11-12 01:15:00+00:00,2018-11-12 05:00:00+00:00,-1,1.000000000000107,TP,False
S2-08,asia_reclaim,EURUSD,2018-11-12 05:45:00+00:00,2018-11-12 06:00:00+00:00,2018-11-12 06:00:00+00:00,1,-1.0000000000001554,SL,False
S2-08,asia_reclaim,EURUSD,2018-11-12 06:00:00+00:00,2018-11-12 06:15:00+00:00,2018-11-12 06:30:00+00:00,1,-0.9999999999999251,SL,False
S2-08,asia_reclaim,EURUSD,2018-11-13 02:15:00+00:00,2018-11-13 02:30:00+00:00,2018-11-13 03:15:00+00:00,-1,-1.0000000000002176,SL,False
S2-08,asia_reclaim,EURUSD,2018-11-13 03:45:00+00:00,2018-11-13 04:00:00+00:00,2018-11-13 04:00:00+00:00,-1,-1.0000000000000622,SL,False
S2-08,asia_reclaim,EURUSD,2018-11-13 04:00:00+00:00,2018-11-13 04:15:00+00:00,2018-11-13 04:30:00+00:00,-1,1.0000000000001181,TP,False
S2-08,asia_reclaim,EURUSD,2018-11-14 01:00:00+00:00,2018-11-14 01:15:00+00:00,2018-11-14 04:15:00+00:00,1,-0.9999999999998808,SL,False
S2-08,asia_reclaim,EURUSD,2018-11-14 06:00:00+00:00,2018-11-14 06:15:00+00:00,2018-11-14 06:15:00+00:00,1,0.9999999999999286,TP,False
S2-08,asia_reclaim,EURUSD,2018-11-15 01:00:00+00:00,2018-11-15 01:15:00+00:00,2018-11-15 02:15:00+00:00,-1,-1.0,SL,False
S2-08,asia_reclaim,EURUSD,2018-11-15 03:30:00+00:00,2018-11-15 03:45:00+00:00,2018-11-15 04:30:00+00:00,-1,-0.9999999999999459,SL,False
S2-08,asia_reclaim,EURUSD,2018-11-15 04:45:00+00:00,2018-11-15 05:00:00+00:00,2018-11-15 05:45:00+00:00,-1,1.0000000000001192,TP,False
S2-08,asia_reclaim,EURUSD,2018-11-16 01:00:00+00:00,2018-11-16 01:15:00+00:00,2018-11-16 01:15:00+00:00,-1,-0.9999999999999327,SL,False
S2-08,asia_reclaim,EURUSD,2018-11-16 05:45:00+00:00,2018-11-16 06:00:00+00:00,2018-11-16 06:00:00+00:00,-1,-0.9999999999997136,SL,False
S2-08,asia_reclaim,EURUSD,2018-11-19 01:15:00+00:00,2018-11-19 01:30:00+00:00,2018-11-19 03:30:00+00:00,-1,0.9999999999998882,TP,False
S2-08,asia_reclaim,EURUSD,2018-11-19 03:30:00+00:00,2018-11-19 03:45:00+00:00,2018-11-19 04:00:00+00:00,1,-1.0000000000002227,SL,False
S2-08,asia_reclaim,EURUSD,2018-11-19 04:00:00+00:00,2018-11-19 04:15:00+00:00,2018-11-19 04:15:00+00:00,1,-1.000000000000076,SL,False
S2-08,asia_reclaim,EURUSD,2018-11-19 05:00:00+00:00,2018-11-19 05:15:00+00:00,2018-11-19 06:00:00+00:00,1,-0.9999999999997399,SL,False
S2-08,asia_reclaim,EURUSD,2018-11-20 01:30:00+00:00,2018-11-20 01:45:00+00:00,2018-11-20 01:45:00+00:00,1,-1.0,SL,False
S2-08,asia_reclaim,EURUSD,2018-11-20 01:45:00+00:00,2018-11-20 02:00:00+00:00,2018-11-20 02:45:00+00:00,1,1.0,TP,False
S2-08,asia_reclaim,EURUSD,2018-11-21 01:00:00+00:00,2018-11-21 01:15:00+00:00,2018-11-21 02:15:00+00:00,1,0.9999999999998325,TP,False
S2-08,asia_reclaim,EURUSD,2018-11-21 02:30:00+00:00,2018-11-21 02:45:00+00:00,2018-11-21 04:45:00+00:00,-1,-0.999999999999732,SL,False
S2-08,asia_reclaim,EURUSD,2018-11-21 06:30:00+00:00,2018-11-21 06:45:00+00:00,2018-11-21 06:45:00+00:00,-1,-1.0000000000002804,SL,False
S2-08,asia_reclaim,EURUSD,2018-11-22 01:00:00+00:00,2018-11-22 01:15:00+00:00,2018-11-22 02:00:00+00:00,1,1.0000000000000788,TP,False
S2-08,asia_reclaim,EURUSD,2018-11-22 02:30:00+00:00,2018-11-22 02:45:00+00:00,2018-11-22 03:45:00+00:00,-1,1.0000000000001577,TP,False
S2-08,asia_reclaim,EURUSD,2018-11-23 01:00:00+00:00,2018-11-23 01:15:00+00:00,2018-11-23 01:30:00+00:00,-1,-1.0000000000002798,SL,False
S2-08,asia_reclaim,EURUSD,2018-11-23 04:00:00+00:00,2018-11-23 04:15:00+00:00,2018-11-23 06:00:00+00:00,-1,0.9999999999998098,TP,False
S2-08,asia_reclaim,EURUSD,2018-11-26 05:00:00+00:00,2018-11-26 05:15:00+00:00,2018-11-26 05:45:00+00:00,-1,-0.9999999999998512,SL,False
S2-08,asia_reclaim,EURUSD,2018-11-26 06:45:00+00:00,2018-11-26 07:00:00+00:00,2018-11-26 07:00:00+00:00,-1,-1.000000000000142,SL,False
S2-08,asia_reclaim,EURUSD,2018-11-27 02:00:00+00:00,2018-11-27 02:15:00+00:00,2018-11-27 03:15:00+00:00,1,1.0000000000001943,TP,False
S2-08,asia_reclaim,EURUSD,2018-11-27 06:00:00+00:00,2018-11-27 06:15:00+00:00,2018-11-27 06:15:00+00:00,-1,0.9999999999999,TP,False
S2-08,asia_reclaim,EURUSD,2018-11-27 06:45:00+00:00,2018-11-27 07:00:00+00:00,2018-11-27 07:00:00+00:00,1,1.0,TP,False
S2-08,asia_reclaim,EURUSD,2018-11-28 05:30:00+00:00,2018-11-28 05:45:00+00:00,2018-11-28 05:45:00+00:00,-1,1.0,TP,False
S2-08,asia_reclaim,EURUSD,2018-11-28 06:15:00+00:00,2018-11-28 06:30:00+00:00,2018-11-28 07:00:00+00:00,-1,0.9999999999997861,TP,False
S2-08,asia_reclaim,EURUSD,2018-11-29 01:30:00+00:00,2018-11-29 01:45:00+00:00,2018-11-29 02:00:00+00:00,-1,-0.9999999999999017,SL,False
S2-08,asia_reclaim,EURUSD,2018-11-29 02:30:00+00:00,2018-11-29 02:45:00+00:00,2018-11-29 03:15:00+00:00,-1,-1.0000000000002027,SL,False
S2-08,asia_reclaim,EURUSD,2018-11-29 04:30:00+00:00,2018-11-29 04:45:00+00:00,2018-11-29 05:00:00+00:00,-1,-1.0000000000001732,SL,False
S2-08,asia_reclaim,EURUSD,2018-11-29 05:15:00+00:00,2018-11-29 05:30:00+00:00,2018-11-29 06:00:00+00:00,-1,-1.0000000000000813,SL,False
S2-08,asia_reclaim,EURUSD,2018-11-30 01:15:00+00:00,2018-11-30 01:30:00+00:00,2018-11-30 01:45:00+00:00,1,0.9999999999997378,TP,False
S2-08,asia_reclaim,EURUSD,2018-11-30 03:00:00+00:00,2018-11-30 03:15:00+00:00,2018-11-30 04:30:00+00:00,-1,1.0000000000000884,TP,False
S2-08,asia_reclaim,EURUSD,2018-12-03 02:45:00+00:00,2018-12-03 03:00:00+00:00,2018-12-03 03:30:00+00:00,-1,0.9999999999998141,TP,False
S2-08,asia_reclaim,EURUSD,2018-12-03 04:00:00+00:00,2018-12-03 04:15:00+00:00,2018-12-03 05:15:00+00:00,-1,1.0000000000001266,TP,False
S2-08,asia_reclaim,EURUSD,2018-12-04 02:00:00+00:00,2018-12-04 02:15:00+00:00,2018-12-04 02:30:00+00:00,-1,-1.0,SL,False
S2-08,asia_reclaim,EURUSD,2018-12-04 02:45:00+00:00,2018-12-04 03:00:00+00:00,2018-12-04 03:30:00+00:00,-1,-1.0000000000000915,SL,False
S2-08,asia_reclaim,EURUSD,2018-12-04 03:45:00+00:00,2018-12-04 04:00:00+00:00,2018-12-04 04:00:00+00:00,-1,-0.9999999999999171,SL,False
S2-08,asia_reclaim,EURUSD,2018-12-04 04:45:00+00:00,2018-12-04 05:00:00+00:00,2018-12-04 05:30:00+00:00,-1,0.9999999999999319,TP,False
S2-08,asia_reclaim,EURUSD,2018-12-06 01:00:00+00:00,2018-12-06 01:15:00+00:00,2018-12-06 01:30:00+00:00,-1,1.0,TP,False
S2-08,asia_reclaim,EURUSD,2018-12-06 01:30:00+00:00,2018-12-06 01:45:00+00:00,2018-12-06 02:30:00+00:00,1,-1.0000000000000753,SL,False
S2-08,asia_reclaim,EURUSD,2018-12-06 02:45:00+00:00,2018-12-06 03:00:00+00:00,2018-12-06 04:00:00+00:00,1,-1.0,SL,False
S2-08,asia_reclaim,EURUSD,2018-12-06 04:00:00+00:00,2018-12-06 04:15:00+00:00,2018-12-06 04:15:00+00:00,1,0.9999999999999154,TP,False
S2-08,asia_reclaim,EURUSD,2018-12-06 05:15:00+00:00,2018-12-06 05:30:00+00:00,2018-12-06 05:45:00+00:00,-1,0.9999999999998365,TP,False
S2-08,asia_reclaim,EURUSD,2018-12-06 06:15:00+00:00,2018-12-06 06:30:00+00:00,2018-12-06 06:30:00+00:00,1,-1.0000000000001428,SL,False
S2-08,asia_reclaim,EURUSD,2018-12-06 06:45:00+00:00,2018-12-06 07:00:00+00:00,2018-12-06 07:00:00+00:00,1,-0.999999999999936,SL,False
S2-08,asia_reclaim,EURUSD,2018-12-07 01:30:00+00:00,2018-12-07 01:45:00+00:00,2018-12-07 03:30:00+00:00,-1,-1.0000000000000822,SL,False
S2-08,asia_reclaim,EURUSD,2018-12-07 06:00:00+00:00,2018-12-07 06:15:00+00:00,2018-12-07 06:15:00+00:00,1,-1.0,SL,False
S2-08,asia_reclaim,EURUSD,2018-12-07 06:15:00+00:00,2018-12-07 06:30:00+00:00,2018-12-07 06:45:00+00:00,1,0.9999999999997098,TP,False
S2-08,asia_reclaim,EURUSD,2018-12-10 01:45:00+00:00,2018-12-10 02:00:00+00:00,2018-12-10 04:00:00+00:00,-1,1.0000000000000449,TP,False
S2-08,asia_reclaim,EURUSD,2018-12-11 01:30:00+00:00,2018-12-11 01:45:00+00:00,2018-12-11 01:45:00+00:00,-1,-0.9999999999997419,SL,False
S2-08,asia_reclaim,EURUSD,2018-12-11 02:15:00+00:00,2018-12-11 02:30:00+00:00,2018-12-11 03:30:00+00:00,-1,-0.9999999999997393,SL,False
S2-08,asia_reclaim,EURUSD,2018-12-11 03:30:00+00:00,2018-12-11 03:45:00+00:00,2018-12-11 04:45:00+00:00,-1,-1.0000000000002522,SL,False
S2-08,asia_reclaim,EURUSD,2018-12-12 02:00:00+00:00,2018-12-12 02:15:00+00:00,2018-12-12 03:30:00+00:00,-1,1.0000000000002702,TP,False
S2-08,asia_reclaim,EURUSD,2018-12-13 04:15:00+00:00,2018-12-13 04:30:00+00:00,2018-12-13 05:45:00+00:00,1,-1.0000000000002427,SL,False
S2-08,asia_reclaim,EURUSD,2018-12-13 05:45:00+00:00,2018-12-13 06:00:00+00:00,2018-12-13 06:00:00+00:00,1,0.9999999999998882,TP,False
S2-08,asia_reclaim,EURUSD,2018-12-14 01:00:00+00:00,2018-12-14 01:15:00+00:00,2018-12-14 02:15:00+00:00,1,-1.0,SL,False
S2-08,asia_reclaim,EURUSD,2018-12-14 02:15:00+00:00,2018-12-14 02:30:00+00:00,2018-12-14 04:30:00+00:00,1,1.0,TP,False
S2-08,asia_reclaim,EURUSD,2018-12-14 06:00:00+00:00,2018-12-14 06:15:00+00:00,2018-12-14 06:15:00+00:00,1,-0.9999999999997224,SL,False
S2-08,asia_reclaim,EURUSD,2018-12-17 01:45:00+00:00,2018-12-17 02:00:00+00:00,2018-12-17 02:15:00+00:00,-1,-1.000000000000197,SL,False
S2-08,asia_reclaim,EURUSD,2018-12-17 02:30:00+00:00,2018-12-17 02:45:00+00:00,2018-12-17 03:00:00+00:00,-1,-1.0000000000002762,SL,False
S2-08,asia_reclaim,EURUSD,2018-12-18 01:45:00+00:00,2018-12-18 02:00:00+00:00,2018-12-18 02:00:00+00:00,-1,0.9999999999997439,TP,False
S2-08,asia_reclaim,EURUSD,2018-12-19 03:00:00+00:00,2018-12-19 03:15:00+00:00,2018-12-19 04:15:00+00:00,-1,-1.0,SL,False
S2-08,asia_reclaim,EURUSD,2018-12-20 05:00:00+00:00,2018-12-20 05:15:00+00:00,2018-12-20 05:30:00+00:00,-1,1.0000000000000975,TP,False
S2-08,asia_reclaim,EURUSD,2018-12-20 05:45:00+00:00,2018-12-20 06:00:00+00:00,2018-12-20 06:00:00+00:00,-1,0.9999999999997309,TP,False
S2-08,asia_reclaim,EURUSD,2018-12-20 06:00:00+00:00,2018-12-20 06:15:00+00:00,2018-12-20 06:15:00+00:00,-1,-0.9999999999998308,SL,False
S2-08,asia_reclaim,EURUSD,2018-12-21 04:45:00+00:00,2018-12-21 05:00:00+00:00,2018-12-21 05:45:00+00:00,1,1.0000000000000855,TP,False
S2-08,asia_reclaim,EURUSD,2018-12-24 01:00:00+00:00,2018-12-24 01:15:00+00:00,2018-12-24 02:30:00+00:00,-1,-1.0,SL,False
S2-08,asia_reclaim,EURUSD,2018-12-24 02:45:00+00:00,2018-12-24 03:00:00+00:00,2018-12-24 03:15:00+00:00,-1,-1.0000000000001894,SL,False
S2-08,asia_reclaim,EURUSD,2018-12-24 03:15:00+00:00,2018-12-24 03:30:00+00:00,2018-12-24 04:45:00+00:00,-1,-0.9999999999999103,SL,False
S2-08,asia_reclaim,EURUSD,2018-12-24 05:00:00+00:00,2018-12-24 05:15:00+00:00,2018-12-24 06:15:00+00:00,-1,1.0000000000000855,TP,False
S2-08,asia_reclaim,EURUSD,2018-12-25 02:45:00+00:00,2018-12-25 03:00:00+00:00,2018-12-25 05:00:00+00:00,-1,-0.9999999999998542,SL,False
S2-08,asia_reclaim,EURUSD,2018-12-25 06:00:00+00:00,2018-12-25 06:15:00+00:00,2018-12-25 06:15:00+00:00,-1,-0.9999999999997565,SL,False
S2-08,asia_reclaim,EURUSD,2018-12-26 01:15:00+00:00,2018-12-26 01:30:00+00:00,2018-12-26 02:00:00+00:00,1,0.9999999999999237,TP,False
S2-08,asia_reclaim,EURUSD,2018-12-26 03:45:00+00:00,2018-12-26 04:00:00+00:00,2018-12-26 04:15:00+00:00,-1,1.0,TP,False
S2-08,asia_reclaim,EURUSD,2018-12-26 05:30:00+00:00,2018-12-26 05:45:00+00:00,2018-12-26 06:15:00+00:00,1,-0.9999999999997033,SL,True
S2-08,asia_reclaim,EURUSD,2018-12-26 06:15:00+00:00,2018-12-26 06:30:00+00:00,2018-12-26 06:45:00+00:00,1,-1.0000000000000844,SL,False
S2-08,asia_reclaim,EURUSD,2018-12-27 01:45:00+00:00,2018-12-27 02:00:00+00:00,2018-12-27 02:00:00+00:00,-1,-1.0000000000000695,SL,False
S2-08,asia_reclaim,EURUSD,2018-12-27 04:30:00+00:00,2018-12-27 04:45:00+00:00,2018-12-27 05:00:00+00:00,-1,1.000000000000063,TP,False
S2-08,asia_reclaim,EURUSD,2018-12-28 02:15:00+00:00,2018-12-28 02:30:00+00:00,2018-12-28 02:30:00+00:00,-1,-0.9999999999999317,SL,False
S2-08,asia_reclaim,EURUSD,2018-12-28 03:15:00+00:00,2018-12-28 03:30:00+00:00,2018-12-28 04:45:00+00:00,-1,1.0,TP,False
S2-08,asia_reclaim,EURUSD,2018-12-31 01:45:00+00:00,2018-12-31 02:00:00+00:00,2018-12-31 02:15:00+00:00,1,-1.0000000000003202,SL,False
S2-08,asia_reclaim,EURUSD,2018-12-31 02:45:00+00:00,2018-12-31 03:00:00+00:00,2018-12-31 03:30:00+00:00,1,0.9999999999997098,TP,False
S2-08,asia_reclaim,EURUSD,2018-12-31 05:00:00+00:00,2018-12-31 05:15:00+00:00,2018-12-31 05:30:00+00:00,1,-0.9999999999998374,SL,False
S2-08,asia_reclaim,EURUSD,2019-01-02 01:45:00+00:00,2019-01-02 02:00:00+00:00,2019-01-02 02:15:00+00:00,1,-0.9999999999997883,SL,False
S2-08,asia_reclaim,EURUSD,2019-01-02 02:45:00+00:00,2019-01-02 03:00:00+00:00,2019-01-02 05:15:00+00:00,1,0.999999999999782,TP,False
S2-08,asia_reclaim,EURUSD,2019-01-03 01:30:00+00:00,2019-01-03 01:45:00+00:00,2019-01-03 03:15:00+00:00,-1,-1.0,SL,False
S2-08,asia_reclaim,EURUSD,2019-01-03 03:30:00+00:00,2019-01-03 03:45:00+00:00,2019-01-03 04:00:00+00:00,-1,1.0000000000001432,TP,False
S2-08,asia_reclaim,EURUSD,2019-01-04 01:00:00+00:00,2019-01-04 01:15:00+00:00,2019-01-04 01:30:00+00:00,-1,-1.0,SL,False
S2-08,asia_reclaim,EURUSD,2019-01-04 06:15:00+00:00,2019-01-04 06:30:00+00:00,2019-01-04 06:30:00+00:00,1,-0.9999999999999296,SL,False
S2-08,asia_reclaim,EURUSD,2019-01-07 03:45:00+00:00,2019-01-07 04:00:00+00:00,2019-01-07 04:00:00+00:00,-1,-0.9999999999999217,SL,False
S2-08,asia_reclaim,EURUSD,2019-01-08 02:00:00+00:00,2019-01-08 02:15:00+00:00,2019-01-08 03:30:00+00:00,1,-0.999999999999886,SL,False
S2-08,asia_reclaim,EURUSD,2019-01-08 03:45:00+00:00,2019-01-08 04:00:00+00:00,2019-01-08 04:15:00+00:00,1,-1.0000000000001514,SL,False
S2-08,asia_reclaim,EURUSD,2019-01-08 04:15:00+00:00,2019-01-08 04:30:00+00:00,2019-01-08 05:30:00+00:00,1,0.9999999999998922,TP,False
S2-08,asia_reclaim,EURUSD,2019-01-09 01:45:00+00:00,2019-01-09 02:00:00+00:00,2019-01-09 02:15:00+00:00,-1,1.0000000000001206,TP,False
S2-08,asia_reclaim,EURUSD,2019-01-09 02:45:00+00:00,2019-01-09 03:00:00+00:00,2019-01-09 03:15:00+00:00,1,0.9999999999998342,TP,False
S2-08,asia_reclaim,EURUSD,2019-01-10 01:00:00+00:00,2019-01-10 01:15:00+00:00,2019-01-10 01:45:00+00:00,-1,-1.0000000000001106,SL,False
S2-08,asia_reclaim,EURUSD,2019-01-10 03:15:00+00:00,2019-01-10 03:30:00+00:00,2019-01-10 05:00:00+00:00,-1,0.9999999999999494,TP,False
S2-08,asia_reclaim,EURUSD,2019-01-11 01:45:00+00:00,2019-01-11 02:00:00+00:00,2019-01-11 02:30:00+00:00,-1,-1.0,SL,False
S2-08,asia_reclaim,EURUSD,2019-01-11 03:30:00+00:00,2019-01-11 03:45:00+00:00,2019-01-11 05:15:00+00:00,-1,-1.0000000000000535,SL,False
S2-08,asia_reclaim,EURUSD,2019-01-11 05:15:00+00:00,2019-01-11 05:30:00+00:00,2019-01-11 05:45:00+00:00,-1,1.0,TP,False
S2-08,asia_reclaim,EURUSD,2019-01-14 01:00:00+00:00,2019-01-14 01:15:00+00:00,2019-01-14 01:15:00+00:00,-1,-1.0000000000000713,SL,False
S2-08,asia_reclaim,EURUSD,2019-01-14 02:15:00+00:00,2019-01-14 02:30:00+00:00,2019-01-14 02:45:00+00:00,-1,0.9999999999998547,TP,False
S2-08,asia_reclaim,EURUSD,2019-01-14 05:00:00+00:00,2019-01-14 05:15:00+00:00,2019-01-14 05:45:00+00:00,-1,-1.0000000000001583,SL,False
S2-08,asia_reclaim,EURUSD,2019-01-14 05:45:00+00:00,2019-01-14 06:00:00+00:00,2019-01-14 06:15:00+00:00,-1,1.0000000000000855,TP,False
S2-08,asia_reclaim,EURUSD,2019-01-16 01:30:00+00:00,2019-01-16 01:45:00+00:00,2019-01-16 01:45:00+00:00,1,-1.0000000000001996,SL,False
S2-08,asia_reclaim,EURUSD,2019-01-16 02:00:00+00:00,2019-01-16 02:15:00+00:00,2019-01-16 04:00:00+00:00,1,1.0000000000000628,TP,False
S2-08,asia_reclaim,EURUSD,2019-01-16 05:45:00+00:00,2019-01-16 06:00:00+00:00,2019-01-16 06:00:00+00:00,-1,0.9999999999999214,TP,False
S2-08,asia_reclaim,EURUSD,2019-01-17 01:00:00+00:00,2019-01-17 01:15:00+00:00,2019-01-17 01:45:00+00:00,-1,0.9999999999997891,TP,False
S2-08,asia_reclaim,EURUSD,2019-01-17 03:00:00+00:00,2019-01-17 03:15:00+00:00,2019-01-17 03:30:00+00:00,1,-0.9999999999998214,SL,False
S2-08,asia_reclaim,EURUSD,2019-01-17 03:30:00+00:00,2019-01-17 03:45:00+00:00,2019-01-17 04:00:00+00:00,1,-0.999999999999818,SL,False
S2-08,asia_reclaim,EURUSD,2019-01-17 04:00:00+00:00,2019-01-17 04:15:00+00:00,2019-01-17 04:30:00+00:00,1,-1.0,SL,False
S2-08,asia_reclaim,EURUSD,2019-01-17 04:30:00+00:00,2019-01-17 04:45:00+00:00,2019-01-17 05:00:00+00:00,1,-1.0000000000000926,SL,False
S2-08,asia_reclaim,EURUSD,2019-01-18 01:00:00+00:00,2019-01-18 01:15:00+00:00,2019-01-18 01:15:00+00:00,-1,-0.9999999999997861,SL,False
S2-08,asia_reclaim,EURUSD,2019-01-18 01:30:00+00:00,2019-01-18 01:45:00+00:00,2019-01-18 04:00:00+00:00,-1,-1.0,SL,False
S2-08,asia_reclaim,EURUSD,2019-01-18 05:30:00+00:00,2019-01-18 05:45:00+00:00,2019-01-18 06:00:00+00:00,1,1.0000000000003233,TP,False
S2-08,asia_reclaim,EURUSD,2019-01-21 02:00:00+00:00,2019-01-21 02:15:00+00:00,2019-01-21 02:30:00+00:00,-1,-1.0000000000001705,SL,False
S2-08,asia_reclaim,EURUSD,2019-01-21 02:45:00+00:00,2019-01-21 03:00:00+00:00,2019-01-21 06:30:00+00:00,-1,-1.0000000000002391,SL,False
S2-08,asia_reclaim,EURUSD,2019-01-22 01:45:00+00:00,2019-01-22 02:00:00+00:00,2019-01-22 03:30:00+00:00,-1,1.0000000000003282,TP,False
S2-08,asia_reclaim,EURUSD,2019-01-22 03:45:00+00:00,2019-01-22 04:00:00+00:00,2019-01-22 04:00:00+00:00,1,-1.0000000000001965,SL,False
S2-08,asia_reclaim,EURUSD,2019-01-22 04:30:00+00:00,2019-01-22 04:45:00+00:00,2019-01-22 04:45:00+00:00,1,-1.000000000000093,SL,False
S2-08,asia_reclaim,EURUSD,2019-01-22 04:45:00+00:00,2019-01-22 05:00:00+00:00,2019-01-22 06:15:00+00:00,1,-0.9999999999999043,SL,False
S2-08,asia_reclaim,EURUSD,2019-01-22 06:45:00+00:00,2019-01-22 07:00:00+00:00,2019-01-22 07:00:00+00:00,1,-0.9999999999998377,SL,False
S2-08,asia_reclaim,EURUSD,2019-01-23 01:00:00+00:00,2019-01-23 01:15:00+00:00,2019-01-23 01:30:00+00:00,1,1.0000000000003306,TP,False
S2-08,asia_reclaim,EURUSD,2019-01-23 01:45:00+00:00,2019-01-23 02:00:00+00:00,2019-01-23 03:15:00+00:00,-1,-1.0000000000003322,SL,False
S2-08,asia_reclaim,EURUSD,2019-01-24 01:15:00+00:00,2019-01-24 01:30:00+00:00,2019-01-24 02:00:00+00:00,-1,1.0000000000002793,TP,False
S2-08,asia_reclaim,EURUSD,2019-01-24 02:15:00+00:00,2019-01-24 02:30:00+00:00,2019-01-24 03:00:00+00:00,1,1.0000000000002847,TP,False
S2-08,asia_reclaim,EURUSD,2019-01-25 05:45:00+00:00,2019-01-25 06:00:00+00:00,2019-01-25 06:00:00+00:00,-1,0.999999999999924,TP,False
S2-08,asia_reclaim,EURUSD,2019-01-28 01:30:00+00:00,2019-01-28 01:45:00+00:00,2019-01-28 02:00:00+00:00,-1,0.999999999999914,TP,False
S2-08,asia_reclaim,EURUSD,2019-01-28 02:15:00+00:00,2019-01-28 02:30:00+00:00,2019-01-28 03:30:00+00:00,1,0.9999999999999143,TP,False
S2-08,asia_reclaim,EURUSD,2019-01-29 06:15:00+00:00,2019-01-29 06:30:00+00:00,2019-01-29 07:00:00+00:00,-1,-0.999999999999688,SL,True
S2-08,asia_reclaim,EURUSD,2019-01-30 01:15:00+00:00,2019-01-30 01:30:00+00:00,2019-01-30 01:30:00+00:00,1,1.0,TP,False
S2-08,asia_reclaim,EURUSD,2019-01-30 01:30:00+00:00,2019-01-30 01:45:00+00:00,2019-01-30 02:00:00+00:00,-1,-1.0000000000001563,SL,False
S2-08,asia_reclaim,EURUSD,2019-01-30 02:00:00+00:00,2019-01-30 02:15:00+00:00,2019-01-30 04:00:00+00:00,-1,1.0000000000001552,TP,False
S2-08,asia_reclaim,EURUSD,2019-01-30 06:45:00+00:00,2019-01-30 07:00:00+00:00,2019-01-30 07:00:00+00:00,-1,1.000000000000231,TP,False
S2-08,asia_reclaim,EURUSD,2019-01-31 02:15:00+00:00,2019-01-31 02:30:00+00:00,2019-01-31 02:45:00+00:00,-1,-1.0000000000002052,SL,False
S2-08,asia_reclaim,EURUSD,2019-02-04 02:15:00+00:00,2019-02-04 02:30:00+00:00,2019-02-04 02:45:00+00:00,-1,1.0000000000002889,TP,False
S2-08,asia_reclaim,EURUSD,2019-02-04 03:45:00+00:00,2019-02-04 04:00:00+00:00,2019-02-04 04:15:00+00:00,1,-1.000000000000098,SL,False
S2-08,asia_reclaim,EURUSD,2019-02-05 01:30:00+00:00,2019-02-05 01:45:00+00:00,2019-02-05 03:15:00+00:00,-1,1.0000000000001288,TP,False
S2-08,asia_reclaim,EURUSD,2019-02-05 03:45:00+00:00,2019-02-05 04:00:00+00:00,2019-02-05 04:00:00+00:00,1,-1.0,SL,False
S2-08,asia_reclaim,EURUSD,2019-02-05 04:00:00+00:00,2019-02-05 04:15:00+00:00,2019-02-05 05:45:00+00:00,1,1.0,TP,False
S2-08,asia_reclaim,EURUSD,2019-02-05 06:00:00+00:00,2019-02-05 06:15:00+00:00,2019-02-05 07:00:00+00:00,1,-0.9999999999998853,SL,False
S2-08,asia_reclaim,EURUSD,2019-02-06 01:30:00+00:00,2019-02-06 01:45:00+00:00,2019-02-06 01:45:00+00:00,1,-1.00000000000011,SL,False
S2-08,asia_reclaim,EURUSD,2019-02-06 06:30:00+00:00,2019-02-06 06:45:00+00:00,2019-02-06 06:45:00+00:00,1,-0.9999999999997403,SL,False
S2-08,asia_reclaim,EURUSD,2019-02-07 01:45:00+00:00,2019-02-07 02:00:00+00:00,2019-02-07 02:30:00+00:00,1,-1.0,SL,False
S2-08,asia_reclaim,EURUSD,2019-02-07 02:30:00+00:00,2019-02-07 02:45:00+00:00,2019-02-07 04:15:00+00:00,1,-0.9999999999997403,SL,False
S2-08,asia_reclaim,EURUSD,2019-02-07 04:45:00+00:00,2019-02-07 05:00:00+00:00,2019-02-07 05:45:00+00:00,1,-0.9999999999997355,SL,False
S2-08,asia_reclaim,EURUSD,2019-02-08 01:00:00+00:00,2019-02-08 01:15:00+00:00,2019-02-08 02:00:00+00:00,-1,0.9999999999998991,TP,False
S2-08,asia_reclaim,EURUSD,2019-02-08 04:00:00+00:00,2019-02-08 04:15:00+00:00,2019-02-08 04:15:00+00:00,-1,-0.9999999999998654,SL,False
S2-08,asia_reclaim,EURUSD,2019-02-08 04:15:00+00:00,2019-02-08 04:30:00+00:00,2019-02-08 04:30:00+00:00,-1,-1.0,SL,False
S2-08,asia_reclaim,EURUSD,2019-02-08 04:30:00+00:00,2019-02-08 04:45:00+00:00,2019-02-08 06:00:00+00:00,-1,0.999999999999581,TP,False
S2-08,asia_reclaim,EURUSD,2019-02-11 01:15:00+00:00,2019-02-11 01:30:00+00:00,2019-02-11 03:00:00+00:00,-1,0.999999999999905,TP,False
S2-08,asia_reclaim,EURUSD,2019-02-11 04:15:00+00:00,2019-02-11 04:30:00+00:00,2019-02-11 05:45:00+00:00,1,0.9999999999998638,TP,False
S2-08,asia_reclaim,EURUSD,2019-02-11 06:45:00+00:00,2019-02-11 07:00:00+00:00,2019-02-11 07:00:00+00:00,-1,1.0000000000001268,TP,False
S2-08,asia_reclaim,EURUSD,2019-02-12 01:00:00+00:00,2019-02-12 01:15:00+00:00,2019-02-12 01:15:00+00:00,-1,-1.0000000000003322,SL,False
S2-08,asia_reclaim,EURUSD,2019-02-12 02:00:00+00:00,2019-02-12 02:15:00+00:00,2019-02-12 02:30:00+00:00,-1,-0.9999999999999143,SL,False
S2-08,asia_reclaim,EURUSD,2019-02-12 02:30:00+00:00,2019-02-12 02:45:00+00:00,2019-02-12 04:00:00+00:00,-1,1.000000000000158,TP,False
S2-08,asia_reclaim,EURUSD,2019-02-12 06:45:00+00:00,2019-02-12 07:00:00+00:00,2019-02-12 07:15:00+00:00,-1,-0.9999999999996504,SL,False
S2-08,asia_reclaim,EURUSD,2019-02-13 01:00:00+00:00,2019-02-13 01:15:00+00:00,2019-02-13 03:15:00+00:00,-1,-1.0000000000002125,SL,False
S2-08,asia_reclaim,EURUSD,2019-02-13 03:15:00+00:00,2019-02-13 03:30:00+00:00,2019-02-13 03:30:00+00:00,-1,-1.0,SL,False
S2-08,asia_reclaim,EURUSD,2019-02-13 03:30:00+00:00,2019-02-13 03:45:00+00:00,2019-02-13 04:45:00+00:00,-1,1.000000000000226,TP,False
S2-08,asia_reclaim,EURUSD,2019-02-14 02:00:00+00:00,2019-02-14 02:15:00+00:00,2019-02-14 02:45:00+00:00,-1,-0.9999999999999151,SL,False
S2-08,asia_reclaim,EURUSD,2019-02-14 03:15:00+00:00,2019-02-14 03:30:00+00:00,2019-02-14 03:45:00+00:00,-1,-0.9999999999999035,SL,False
S2-08,asia_reclaim,EURUSD,2019-02-15 01:15:00+00:00,2019-02-15 01:30:00+00:00,2019-02-15 01:30:00+00:00,1,-1.000000000000112,SL,False
S2-08,asia_reclaim,EURUSD,2019-02-15 01:30:00+00:00,2019-02-15 01:45:00+00:00,2019-02-15 02:30:00+00:00,1,-0.9999999999997834,SL,False
S2-08,asia_reclaim,EURUSD,2019-02-15 04:00:00+00:00,2019-02-15 04:15:00+00:00,2019-02-15 05:30:00+00:00,1,-0.9999999999996513,SL,False
S2-08,asia_reclaim,EURUSD,2019-02-18 01:30:00+00:00,2019-02-18 01:45:00+00:00,2019-02-18 01:45:00+00:00,-1,-1.0,SL,False
S2-08,asia_reclaim,EURUSD,2019-02-18 02:45:00+00:00,2019-02-18 03:00:00+00:00,2019-02-18 04:45:00+00:00,-1,1.0000000000002045,TP,False
S2-08,asia_reclaim,EURUSD,2019-02-19 01:15:00+00:00,2019-02-19 01:30:00+00:00,2019-02-19 02:30:00+00:00,1,-0.9999999999996619,SL,False
S2-08,asia_reclaim,EURUSD,2019-02-19 02:45:00+00:00,2019-02-19 03:00:00+00:00,2019-02-19 03:45:00+00:00,1,-1.0,SL,False
S2-08,asia_reclaim,EURUSD,2019-02-19 04:15:00+00:00,2019-02-19 04:30:00+00:00,2019-02-19 05:30:00+00:00,1,1.0,TP,False
S2-08,asia_reclaim,EURUSD,2019-02-20 06:00:00+00:00,2019-02-20 06:15:00+00:00,2019-02-20 06:45:00+00:00,1,-0.9999999999996695,SL,False
S2-08,asia_reclaim,EURUSD,2019-02-21 01:30:00+00:00,2019-02-21 01:45:00+00:00,2019-02-21 02:45:00+00:00,1,0.999999999999834,TP,False
S2-08,asia_reclaim,EURUSD,2019-02-21 03:30:00+00:00,2019-02-21 03:45:00+00:00,2019-02-21 05:15:00+00:00,-1,-1.0000000000002292,SL,True
S2-08,asia_reclaim,EURUSD,2019-02-21 05:15:00+00:00,2019-02-21 05:30:00+00:00,2019-02-21 05:30:00+00:00,-1,-0.9999999999998347,SL,False
S2-08,asia_reclaim,EURUSD,2019-02-21 06:00:00+00:00,2019-02-21 06:15:00+00:00,2019-02-21 06:15:00+00:00,1,-1.0000000000002065,SL,False
S2-08,asia_reclaim,EURUSD,2019-02-21 06:15:00+00:00,2019-02-21 06:30:00+00:00,2019-02-21 06:30:00+00:00,1,-0.9999999999998652,SL,False
S2-08,asia_reclaim,EURUSD,2019-02-21 06:30:00+00:00,2019-02-21 06:45:00+00:00,2019-02-21 07:00:00+00:00,1,-1.0,SL,True
S2-08,asia_reclaim,EURUSD,2019-02-22 01:00:00+00:00,2019-02-22 01:15:00+00:00,2019-02-22 01:30:00+00:00,1,-1.0000000000002105,SL,False
S2-08,asia_reclaim,EURUSD,2019-02-22 03:00:00+00:00,2019-02-22 03:15:00+00:00,2019-02-22 04:15:00+00:00,1,-0.999999999999902,SL,False
S2-08,asia_reclaim,EURUSD,2019-02-25 01:15:00+00:00,2019-02-25 01:30:00+00:00,2019-02-25 02:00:00+00:00,-1,1.0000000000001577,TP,False
S2-08,asia_reclaim,EURUSD,2019-02-25 02:30:00+00:00,2019-02-25 02:45:00+00:00,2019-02-25 03:45:00+00:00,1,1.000000000000083,TP,False
S2-08,asia_reclaim,EURUSD,2019-02-25 06:45:00+00:00,2019-02-25 07:00:00+00:00,2019-02-25 07:00:00+00:00,-1,-1.0000000000002236,SL,False
S2-08,asia_reclaim,EURUSD,2019-02-26 01:00:00+00:00,2019-02-26 01:15:00+00:00,2019-02-26 01:15:00+00:00,1,-1.0,SL,False
S2-08,asia_reclaim,EURUSD,2019-02-26 01:30:00+00:00,2019-02-26 01:45:00+00:00,2019-02-26 02:00:00+00:00,1,1.0,TP,False
S2-08,asia_reclaim,EURUSD,2019-02-27 01:45:00+00:00,2019-02-27 02:00:00+00:00,2019-02-27 02:45:00+00:00,1,-1.0,SL,False
S2-08,asia_reclaim,EURUSD,2019-02-27 03:00:00+00:00,2019-02-27 03:15:00+00:00,2019-02-27 03:30:00+00:00,1,-0.9999999999998349,SL,False
S2-08,asia_reclaim,EURUSD,2019-02-27 03:30:00+00:00,2019-02-27 03:45:00+00:00,2019-02-27 06:30:00+00:00,1,-1.0000000000001577,SL,False
S2-08,asia_reclaim,EURUSD,2019-02-28 01:30:00+00:00,2019-02-28 01:45:00+00:00,2019-02-28 01:45:00+00:00,1,1.0,TP,False
S2-08,asia_reclaim,EURUSD,2019-03-01 01:30:00+00:00,2019-03-01 01:45:00+00:00,2019-03-01 02:15:00+00:00,-1,1.0,TP,False
S2-08,asia_reclaim,EURUSD,2019-03-01 04:45:00+00:00,2019-03-01 05:00:00+00:00,2019-03-01 05:45:00+00:00,-1,1.0000000000003186,TP,False
S2-08,asia_reclaim,EURUSD,2019-03-04 01:30:00+00:00,2019-03-04 01:45:00+00:00,2019-03-04 02:45:00+00:00,1,-1.00000000000011,SL,False
S2-08,asia_reclaim,EURUSD,2019-03-04 05:15:00+00:00,2019-03-04 05:30:00+00:00,2019-03-04 06:45:00+00:00,1,1.0,TP,False
S2-08,asia_reclaim,EURUSD,2019-03-05 01:15:00+00:00,2019-03-05 01:30:00+00:00,2019-03-05 03:45:00+00:00,1,-0.9999999999998895,SL,False
S2-08,asia_reclaim,EURUSD,2019-03-05 04:00:00+00:00,2019-03-05 04:15:00+00:00,2019-03-05 04:45:00+00:00,1,1.0000000000003149,TP,False
S2-08,asia_reclaim,EURUSD,2019-03-06 03:45:00+00:00,2019-03-06 04:00:00+00:00,2019-03-06 04:15:00+00:00,1,1.0000000000001987,TP,False
S2-08,asia_reclaim,EURUSD,2019-03-07 02:30:00+00:00,2019-03-07 02:45:00+00:00,2019-03-07 03:15:00+00:00,1,-0.99999999999964,SL,False
S2-08,asia_reclaim,EURUSD,2019-03-08 01:45:00+00:00,2019-03-08 02:00:00+00:00,2019-03-08 02:15:00+00:00,1,0.9999999999998344,TP,False
S2-08,asia_reclaim,EURUSD,2019-03-08 02:45:00+00:00,2019-03-08 03:00:00+00:00,2019-03-08 06:00:00+00:00,-1,-1.0000000000002205,SL,False
S2-08,asia_reclaim,EURUSD,2019-03-08 06:15:00+00:00,2019-03-08 06:30:00+00:00,2019-03-08 06:30:00+00:00,-1,-1.0000000000002027,SL,False
S2-08,asia_reclaim,EURUSD,2019-03-11 02:30:00+00:00,2019-03-11 02:45:00+00:00,2019-03-11 03:15:00+00:00,-1,-0.9999999999996909,SL,False
S2-08,asia_reclaim,EURUSD,2019-03-11 03:15:00+00:00,2019-03-11 03:30:00+00:00,2019-03-11 06:00:00+00:00,-1,-1.0000000000003242,SL,False
S2-08,asia_reclaim,EURUSD,2019-03-11 06:30:00+00:00,2019-03-11 06:45:00+00:00,2019-03-11 06:45:00+00:00,-1,-1.0000000000004692,SL,False
S2-08,asia_reclaim,EURUSD,2019-03-12 02:45:00+00:00,2019-03-12 03:00:00+00:00,2019-03-12 04:15:00+00:00,-1,1.0000000000000926,TP,False
S2-08,asia_reclaim,EURUSD,2019-03-13 01:15:00+00:00,2019-03-13 01:30:00+00:00,2019-03-13 02:15:00+00:00,-1,1.0000000000004707,TP,False
S2-08,asia_reclaim,EURUSD,2019-03-13 02:15:00+00:00,2019-03-13 02:30:00+00:00,2019-03-13 02:45:00+00:00,1,-1.0000000000002793,SL,False
S2-08,asia_reclaim,EURUSD,2019-03-13 03:00:00+00:00,2019-03-13 03:15:00+00:00,2019-03-13 05:30:00+00:00,1,0.999999999999607,TP,False
S2-08,asia_reclaim,EURUSD,2019-03-14 01:45:00+00:00,2019-03-14 02:00:00+00:00,2019-03-14 02:00:00+00:00,1,1.000000000000296,TP,False
S2-08,asia_reclaim,EURUSD,2019-03-14 03:30:00+00:00,2019-03-14 03:45:00+00:00,2019-03-14 03:45:00+00:00,1,-0.9999999999999015,SL,False
S2-08,asia_reclaim,EURUSD,2019-03-14 04:00:00+00:00,2019-03-14 04:15:00+00:00,2019-03-14 04:45:00+00:00,1,-0.9999999999999043,SL,False
S2-08,asia_reclaim,EURUSD,2019-03-14 04:45:00+00:00,2019-03-14 05:00:00+00:00,2019-03-14 05:15:00+00:00,1,0.9999999999998895,TP,False
S2-08,asia_reclaim,EURUSD,2019-03-14 05:30:00+00:00,2019-03-14 05:45:00+00:00,2019-03-14 06:00:00+00:00,1,-1.0,SL,False
S2-08,asia_reclaim,EURUSD,2019-03-15 01:30:00+00:00,2019-03-15 01:45:00+00:00,2019-03-15 01:45:00+00:00,-1,-0.9999999999998844,SL,False
S2-08,asia_reclaim,EURUSD,2019-03-15 02:30:00+00:00,2019-03-15 02:45:00+00:00,2019-03-15 02:45:00+00:00,-1,-1.0000000000002922,SL,False
S2-08,asia_reclaim,EURUSD,2019-03-15 03:00:00+00:00,2019-03-15 03:15:00+00:00,2019-03-15 04:00:00+00:00,-1,0.9999999999997609,TP,False
S2-08,asia_reclaim,EURUSD,2019-03-18 01:15:00+00:00,2019-03-18 01:30:00+00:00,2019-03-18 02:30:00+00:00,-1,-0.999999999999778,SL,False
S2-08,asia_reclaim,EURUSD,2019-03-18 03:30:00+00:00,2019-03-18 03:45:00+00:00,2019-03-18 05:00:00+00:00,-1,0.999999999999887,TP,False
S2-08,asia_reclaim,EURUSD,2019-03-19 03:15:00+00:00,2019-03-19 03:30:00+00:00,2019-03-19 03:30:00+00:00,-1,-1.000000000000384,SL,False
S2-08,asia_reclaim,EURUSD,2019-03-19 06:45:00+00:00,2019-03-19 07:00:00+00:00,2019-03-19 07:00:00+00:00,-1,1.0,TP,False
S2-08,asia_reclaim,EURUSD,2019-03-20 01:15:00+00:00,2019-03-20 01:30:00+00:00,2019-03-20 03:15:00+00:00,1,-0.9999999999996719,SL,False
S2-08,asia_reclaim,EURUSD,2019-03-21 03:15:00+00:00,2019-03-21 03:30:00+00:00,2019-03-21 04:00:00+00:00,1,-1.0000000000001268,SL,False
S2-08,asia_reclaim,EURUSD,2019-03-21 04:00:00+00:00,2019-03-21 04:15:00+00:00,2019-03-21 05:15:00+00:00,1,-1.0000000000001554,SL,False
S2-08,asia_reclaim,EURUSD,2019-03-21 05:30:00+00:00,2019-03-21 05:45:00+00:00,2019-03-21 06:30:00+00:00,1,0.9999999999998177,TP,False
S2-08,asia_reclaim,EURUSD,2019-03-22 02:15:00+00:00,2019-03-22 02:30:00+00:00,2019-03-22 04:00:00+00:00,-1,-1.0,SL,False
S2-08,asia_reclaim,EURUSD,2019-03-22 04:00:00+00:00,2019-03-22 04:15:00+00:00,2019-03-22 05:15:00+00:00,-1,-0.9999999999999055,SL,False
S2-08,asia_reclaim,EURUSD,2019-03-22 05:30:00+00:00,2019-03-22 05:45:00+00:00,2019-03-22 06:15:00+00:00,-1,-0.9999999999998721,SL,False
S2-08,asia_reclaim,EURUSD,2019-03-22 06:15:00+00:00,2019-03-22 06:30:00+00:00,2019-03-22 07:00:00+00:00,-1,-0.9999999999998687,SL,False
S2-08,asia_reclaim,EURUSD,2019-03-25 02:00:00+00:00,2019-03-25 02:15:00+00:00,2019-03-25 02:15:00+00:00,-1,-1.0000000000000975,SL,False
S2-08,asia_reclaim,EURUSD,2019-03-25 02:15:00+00:00,2019-03-25 02:30:00+00:00,2019-03-25 03:45:00+00:00,-1,-1.0000000000000968,SL,False
S2-08,asia_reclaim,EURUSD,2019-03-25 03:45:00+00:00,2019-03-25 04:00:00+00:00,2019-03-25 05:00:00+00:00,-1,-1.0000000000002118,SL,False
S2-08,asia_reclaim,EURUSD,2019-03-25 05:45:00+00:00,2019-03-25 06:00:00+00:00,2019-03-25 06:45:00+00:00,-1,1.0000000000002494,TP,False
S2-08,asia_reclaim,EURUSD,2019-03-26 05:30:00+00:00,2019-03-26 05:45:00+00:00,2019-03-26 05:45:00+00:00,1,-1.0000000000002838,SL,False
S2-08,asia_reclaim,EURUSD,2019-03-27 01:00:00+00:00,2019-03-27 01:15:00+00:00,2019-03-27 01:15:00+00:00,1,-1.0000000000002505,SL,False
S2-08,asia_reclaim,EURUSD,2019-03-27 01:15:00+00:00,2019-03-27 01:30:00+00:00,2019-03-27 01:45:00+00:00,1,-1.0,SL,False
S2-08,asia_reclaim,EURUSD,2019-03-28 01:00:00+00:00,2019-03-28 01:15:00+00:00,2019-03-28 01:15:00+00:00,1,-1.0000000000000941,SL,False
S2-08,asia_reclaim,EURUSD,2019-03-28 02:30:00+00:00,2019-03-28 02:45:00+00:00,2019-03-28 05:30:00+00:00,-1,-1.0000000000002234,SL,False
S2-08,asia_reclaim,EURUSD,2019-03-28 05:45:00+00:00,2019-03-28 06:00:00+00:00,2019-03-28 06:15:00+00:00,-1,-0.9999999999998846,SL,False
S2-08,asia_reclaim,EURUSD,2019-03-28 06:45:00+00:00,2019-03-28 07:00:00+00:00,2019-03-28 07:00:00+00:00,-1,-0.9999999999998853,SL,False
S2-08,asia_reclaim,EURUSD,2019-03-29 02:00:00+00:00,2019-03-29 02:15:00+00:00,2019-03-29 02:15:00+00:00,1,1.0000000000001816,TP,False
S2-08,asia_reclaim,EURUSD,2019-03-29 04:45:00+00:00,2019-03-29 05:00:00+00:00,2019-03-29 05:15:00+00:00,1,1.0000000000000981,TP,False
S2-08,asia_reclaim,EURUSD,2019-03-29 05:30:00+00:00,2019-03-29 05:45:00+00:00,2019-03-29 06:15:00+00:00,-1,1.0000000000002065,TP,False
S2-08,asia_reclaim,EURUSD,2019-04-01 01:00:00+00:00,2019-04-01 01:15:00+00:00,2019-04-01 01:15:00+00:00,-1,-0.9999999999997824,SL,False
S2-08,asia_reclaim,EURUSD,2019-04-01 01:45:00+00:00,2019-04-01 02:00:00+00:00,2019-04-01 02:30:00+00:00,-1,-0.9999999999997791,SL,False
S2-08,asia_reclaim,EURUSD,2019-04-01 03:15:00+00:00,2019-04-01 03:30:00+00:00,2019-04-01 04:45:00+00:00,-1,-0.999999999999792,SL,False
S2-08,asia_reclaim,EURUSD,2019-04-01 04:45:00+00:00,2019-04-01 05:00:00+00:00,2019-04-01 05:00:00+00:00,-1,-0.9999999999998724,SL,False
S2-08,asia_reclaim,EURUSD,2019-04-01 05:15:00+00:00,2019-04-01 05:30:00+00:00,2019-04-01 05:30:00+00:00,-1,-1.0,SL,False
S2-08,asia_reclaim,EURUSD,2019-04-02 01:30:00+00:00,2019-04-02 01:45:00+00:00,2019-04-02 02:15:00+00:00,1,1.000000000000368,TP,False
S2-08,asia_reclaim,EURUSD,2019-04-03 01:30:00+00:00,2019-04-03 01:45:00+00:00,2019-04-03 01:45:00+00:00,-1,-0.9999999999998963,SL,False
S2-08,asia_reclaim,EURUSD,2019-04-03 06:00:00+00:00,2019-04-03 06:15:00+00:00,2019-04-03 06:15:00+00:00,-1,1.0000000000003186,TP,False
S2-08,asia_reclaim,EURUSD,2019-04-04 01:00:00+00:00,2019-04-04 01:15:00+00:00,2019-04-04 02:00:00+00:00,1,-1.0000000000001537,SL,False
S2-08,asia_reclaim,EURUSD,2019-04-04 02:00:00+00:00,2019-04-04 02:15:00+00:00,2019-04-04 02:15:00+00:00,1,-0.9999999999996418,SL,False
S2-08,asia_reclaim,EURUSD,2019-04-04 03:00:00+00:00,2019-04-04 03:15:00+00:00,2019-04-04 03:30:00+00:00,1,1.0000000000004579,TP,False
S2-08,asia_reclaim,EURUSD,2019-04-04 06:00:00+00:00,2019-04-04 06:15:00+00:00,2019-04-04 06:15:00+00:00,1,1.0000000000003098,TP,False
S2-08,asia_reclaim,EURUSD,2019-04-05 05:00:00+00:00,2019-04-05 05:15:00+00:00,2019-04-05 06:00:00+00:00,-1,-1.0000000000005438,SL,False
S2-08,asia_reclaim,EURUSD,2019-04-08 01:00:00+00:00,2019-04-08 01:15:00+00:00,2019-04-08 01:30:00+00:00,1,0.9999999999997505,TP,False
S2-08,asia_reclaim,EURUSD,2019-04-08 02:00:00+00:00,2019-04-08 02:15:00+00:00,2019-04-08 02:15:00+00:00,-1,-1.0,SL,False
S2-08,asia_reclaim,EURUSD,2019-04-09 01:30:00+00:00,2019-04-09 01:45:00+00:00,2019-04-09 02:00:00+00:00,-1,-1.000000000000312,SL,False
S2-08,asia_reclaim,EURUSD,2019-04-09 03:00:00+00:00,2019-04-09 03:15:00+00:00,2019-04-09 03:45:00+00:00,-1,-1.0000000000003249,SL,False
S2-08,asia_reclaim,EURUSD,2019-04-09 03:45:00+00:00,2019-04-09 04:00:00+00:00,2019-04-09 05:15:00+00:00,-1,1.0000000000000988,TP,False
S2-08,asia_reclaim,EURUSD,2019-04-10 01:00:00+00:00,2019-04-10 01:15:00+00:00,2019-04-10 01:30:00+00:00,1,-1.000000000000141,SL,False
S2-08,asia_reclaim,EURUSD,2019-04-10 06:30:00+00:00,2019-04-10 06:45:00+00:00,2019-04-10 06:45:00+00:00,-1,-1.000000000000208,SL,False
S2-08,asia_reclaim,EURUSD,2019-04-11 05:15:00+00:00,2019-04-11 05:30:00+00:00,2019-04-11 05:45:00+00:00,-1,-0.9999999999994856,SL,False
S2-08,asia_reclaim,EURUSD,2019-04-12 03:30:00+00:00,2019-04-12 03:45:00+00:00,2019-04-12 05:30:00+00:00,-1,0.9999999999999406,TP,False
S2-08,asia_reclaim,EURUSD,2019-04-16 06:00:00+00:00,2019-04-16 06:15:00+00:00,2019-04-16 06:15:00+00:00,-1,1.000000000000133,TP,False
S2-08,asia_reclaim,EURUSD,2019-04-16 06:30:00+00:00,2019-04-16 06:45:00+00:00,2019-04-16 07:00:00+00:00,-1,-0.9999999999997796,SL,False
S2-08,asia_reclaim,EURUSD,2019-04-17 04:00:00+00:00,2019-04-17 04:15:00+00:00,2019-04-17 05:15:00+00:00,-1,-1.0,SL,False
S2-08,asia_reclaim,EURUSD,2019-04-18 01:00:00+00:00,2019-04-18 01:15:00+00:00,2019-04-18 01:30:00+00:00,-1,-0.99999999999973,SL,False
S2-08,asia_reclaim,EURUSD,2019-04-18 01:30:00+00:00,2019-04-18 01:45:00+00:00,2019-04-18 02:45:00+00:00,-1,1.000000000000123,TP,False
S2-08,asia_reclaim,EURUSD,2019-04-18 05:45:00+00:00,2019-04-18 06:00:00+00:00,2019-04-18 06:00:00+00:00,-1,1.0000000000004827,TP,False
S2-08,asia_reclaim,EURUSD,2019-04-18 06:30:00+00:00,2019-04-18 06:45:00+00:00,2019-04-18 06:45:00+00:00,-1,-0.9999999999998674,SL,False
S2-08,asia_reclaim,EURUSD,2019-04-19 01:45:00+00:00,2019-04-19 02:00:00+00:00,2019-04-19 02:15:00+00:00,-1,1.0,TP,False
S2-08,asia_reclaim,EURUSD,2019-04-19 02:15:00+00:00,2019-04-19 02:30:00+00:00,2019-04-19 02:30:00+00:00,-1,-1.0,SL,False
S2-08,asia_reclaim,EURUSD,2019-04-19 02:30:00+00:00,2019-04-19 02:45:00+00:00,2019-04-19 05:00:00+00:00,1,0.999999999999863,TP,False
S2-08,asia_reclaim,EURUSD,2019-04-19 05:30:00+00:00,2019-04-19 05:45:00+00:00,2019-04-19 05:45:00+00:00,-1,-1.0000000000001479,SL,False
S2-08,asia_reclaim,EURUSD,2019-04-19 06:00:00+00:00,2019-04-19 06:15:00+00:00,2019-04-19 07:15:00+00:00,-1,-0.9999999999998143,SL,False
S2-08,asia_reclaim,EURUSD,2019-04-22 01:30:00+00:00,2019-04-22 01:45:00+00:00,2019-04-22 01:45:00+00:00,1,-0.999999999999467,SL,False
S2-08,asia_reclaim,EURUSD,2019-04-22 04:00:00+00:00,2019-04-22 04:15:00+00:00,2019-04-22 05:15:00+00:00,1,1.0000000000004547,TP,False
S2-08,asia_reclaim,EURUSD,2019-04-23 01:00:00+00:00,2019-04-23 01:15:00+00:00,2019-04-23 01:30:00+00:00,1,0.9999999999997478,TP,False
S2-08,asia_reclaim,EURUSD,2019-04-23 06:30:00+00:00,2019-04-23 06:45:00+00:00,2019-04-23 06:45:00+00:00,1,0.999999999999754,TP,False
S2-08,asia_reclaim,EURUSD,2019-04-24 01:00:00+00:00,2019-04-24 01:15:00+00:00,2019-04-24 01:15:00+00:00,1,-1.000000000000297,SL,False
S2-08,asia_reclaim,EURUSD,2019-04-24 01:15:00+00:00,2019-04-24 01:30:00+00:00,2019-04-24 01:30:00+00:00,1,-1.00000000000014,SL,True
S2-08,asia_reclaim,EURUSD,2019-04-24 01:30:00+00:00,2019-04-24 01:45:00+00:00,2019-04-24 01:45:00+00:00,1,-1.0,SL,False
S2-08,asia_reclaim,EURUSD,2019-04-24 02:15:00+00:00,2019-04-24 02:30:00+00:00,2019-04-24 03:00:00+00:00,1,-0.999999999999811,SL,False
S2-08,asia_reclaim,EURUSD,2019-04-24 03:00:00+00:00,2019-04-24 03:15:00+00:00,2019-04-24 05:00:00+00:00,1,0.999999999999837,TP,False
S2-08,asia_reclaim,EURUSD,2019-04-25 01:00:00+00:00,2019-04-25 01:15:00+00:00,2019-04-25 01:30:00+00:00,-1,-1.000000000000249,SL,False
S2-08,asia_reclaim,EURUSD,2019-04-25 01:45:00+00:00,2019-04-25 02:00:00+00:00,2019-04-25 02:15:00+00:00,-1,-1.0,SL,False
S2-08,asia_reclaim,EURUSD,2019-04-25 06:00:00+00:00,2019-04-25 06:15:00+00:00,2019-04-25 06:15:00+00:00,-1,1.0000000000001776,TP,False
S2-08,asia_reclaim,EURUSD,2019-04-25 06:45:00+00:00,2019-04-25 07:00:00+00:00,2019-04-25 07:00:00+00:00,-1,1.0000000000000677,TP,False
S2-08,asia_reclaim,EURUSD,2019-04-26 01:30:00+00:00,2019-04-26 01:45:00+00:00,2019-04-26 02:00:00+00:00,-1,-0.9999999999997347,SL,False
S2-08,asia_reclaim,EURUSD,2019-04-26 02:15:00+00:00,2019-04-26 02:30:00+00:00,2019-04-26 02:30:00+00:00,-1,-0.9999999999998512,SL,False
S2-08,asia_reclaim,EURUSD,2019-04-26 02:30:00+00:00,2019-04-26 02:45:00+00:00,2019-04-26 05:00:00+00:00,-1,0.9999999999997862,TP,False
S2-08,asia_reclaim,EURUSD,2019-04-26 06:45:00+00:00,2019-04-26 07:00:00+00:00,2019-04-26 07:00:00+00:00,-1,1.0000000000001947,TP,False
S2-08,asia_reclaim,EURUSD,2019-04-29 01:00:00+00:00,2019-04-29 01:15:00+00:00,2019-04-29 01:15:00+00:00,1,-1.0000000000004674,SL,False
S2-08,asia_reclaim,EURUSD,2019-04-29 01:30:00+00:00,2019-04-29 01:45:00+00:00,2019-04-29 02:00:00+00:00,1,0.9999999999996958,TP,False
S2-08,asia_reclaim,EURUSD,2019-04-29 02:30:00+00:00,2019-04-29 02:45:00+00:00,2019-04-29 02:45:00+00:00,-1,-1.0000000000001257,SL,False
S2-08,asia_reclaim,EURUSD,2019-04-29 03:00:00+00:00,2019-04-29 03:15:00+00:00,2019-04-29 04:30:00+00:00,-1,-1.0,SL,False
S2-08,asia_reclaim,EURUSD,2019-04-29 04:30:00+00:00,2019-04-29 04:45:00+00:00,2019-04-29 06:00:00+00:00,-1,-0.999999999999607,SL,False
S2-08,asia_reclaim,EURUSD,2019-04-30 03:15:00+00:00,2019-04-30 03:30:00+00:00,2019-04-30 04:00:00+00:00,-1,0.9999999999999123,TP,False
S2-08,asia_reclaim,EURUSD,2019-04-30 06:00:00+00:00,2019-04-30 06:15:00+00:00,2019-04-30 06:15:00+00:00,1,0.9999999999998906,TP,False
S2-08,asia_reclaim,EURUSD,2019-05-01 01:00:00+00:00,2019-05-01 01:15:00+00:00,2019-05-01 02:30:00+00:00,-1,0.9999999999997019,TP,False
S2-08,asia_reclaim,EURUSD,2019-05-01 03:15:00+00:00,2019-05-01 03:30:00+00:00,2019-05-01 06:00:00+00:00,-1,-0.9999999999998331,SL,False
S2-08,asia_reclaim,EURUSD,2019-05-01 06:00:00+00:00,2019-05-01 06:15:00+00:00,2019-05-01 06:15:00+00:00,-1,1.0000000000002207,TP,False
S2-08,asia_reclaim,EURUSD,2019-05-02 01:15:00+00:00,2019-05-02 01:30:00+00:00,2019-05-02 02:00:00+00:00,-1,0.9999999999997455,TP,False
S2-08,asia_reclaim,EURUSD,2019-05-02 06:15:00+00:00,2019-05-02 06:30:00+00:00,2019-05-02 06:45:00+00:00,1,-1.0000000000001084,SL,False
S2-08,asia_reclaim,EURUSD,2019-05-03 06:30:00+00:00,2019-05-03 06:45:00+00:00,2019-05-03 06:45:00+00:00,1,-1.0000000000003884,SL,False
S2-08,asia_reclaim,EURUSD,2019-05-06 04:45:00+00:00,2019-05-06 05:00:00+00:00,2019-05-06 05:15:00+00:00,-1,0.9999999999998135,TP,False
S2-08,asia_reclaim,EURUSD,2019-05-07 01:15:00+00:00,2019-05-07 01:30:00+00:00,2019-05-07 01:30:00+00:00,1,0.999999999999869,TP,False
S2-08,asia_reclaim,EURUSD,2019-05-07 03:30:00+00:00,2019-05-07 03:45:00+00:00,2019-05-07 04:15:00+00:00,-1,-0.9999999999996603,SL,False
S2-08,asia_reclaim,EURUSD,2019-05-07 04:15:00+00:00,2019-05-07 04:30:00+00:00,2019-05-07 04:30:00+00:00,-1,-0.9999999999997548,SL,False
S2-08,asia_reclaim,EURUSD,2019-05-07 05:45:00+00:00,2019-05-07 06:00:00+00:00,2019-05-07 06:00:00+00:00,-1,1.0000000000000948,TP,False
S2-08,asia_reclaim,EURUSD,2019-05-08 01:15:00+00:00,2019-05-08 01:30:00+00:00,2019-05-08 01:30:00+00:00,-1,-0.9999999999997143,SL,False
S2-08,asia_reclaim,EURUSD,2019-05-08 02:00:00+00:00,2019-05-08 02:15:00+00:00,2019-05-08 02:15:00+00:00,-1,-1.0,SL,False
S2-08,asia_reclaim,EURUSD,2019-05-08 03:15:00+00:00,2019-05-08 03:30:00+00:00,2019-05-08 06:00:00+00:00,-1,-0.9999999999998169,SL,False
S2-08,asia_reclaim,EURUSD,2019-05-09 02:45:00+00:00,2019-05-09 03:00:00+00:00,2019-05-09 04:45:00+00:00,1,0.9999999999997154,TP,False
S2-08,asia_reclaim,EURUSD,2019-05-09 06:00:00+00:00,2019-05-09 06:15:00+00:00,2019-05-09 06:15:00+00:00,-1,-0.9999999999998961,SL,False
S2-08,asia_reclaim,EURUSD,2019-05-09 06:15:00+00:00,2019-05-09 06:30:00+00:00,2019-05-09 06:30:00+00:00,-1,-1.000000000000104,SL,False
S2-08,asia_reclaim,EURUSD,2019-05-09 06:30:00+00:00,2019-05-09 06:45:00+00:00,2019-05-09 07:00:00+00:00,-1,-1.0000000000001918,SL,True
S2-08,asia_reclaim,EURUSD,2019-05-10 01:00:00+00:00,2019-05-10 01:15:00+00:00,2019-05-10 01:45:00+00:00,-1,-1.0,SL,False
S2-08,asia_reclaim,EURUSD,2019-05-10 01:45:00+00:00,2019-05-10 02:00:00+00:00,2019-05-10 02:30:00+00:00,-1,0.9999999999999137,TP,False
S2-08,asia_reclaim,EURUSD,2019-05-10 06:45:00+00:00,2019-05-10 07:00:00+00:00,2019-05-10 07:00:00+00:00,1,1.0,TP,False
S2-08,asia_reclaim,EURUSD,2019-05-13 02:15:00+00:00,2019-05-13 02:30:00+00:00,2019-05-13 03:45:00+00:00,1,-1.0000000000002363,SL,False
S2-08,asia_reclaim,EURUSD,2019-05-13 04:15:00+00:00,2019-05-13 04:30:00+00:00,2019-05-13 05:00:00+00:00,1,-0.9999999999997019,SL,False
S2-08,asia_reclaim,EURUSD,2019-05-14 01:30:00+00:00,2019-05-14 01:45:00+00:00,2019-05-14 02:30:00+00:00,1,0.9999999999996576,TP,False
S2-08,asia_reclaim,EURUSD,2019-05-14 02:45:00+00:00,2019-05-14 03:00:00+00:00,2019-05-14 03:00:00+00:00,1,0.9999999999998895,TP,False
S2-08,asia_reclaim,EURUSD,2019-05-14 03:30:00+00:00,2019-05-14 03:45:00+00:00,2019-05-14 05:00:00+00:00,-1,-0.9999999999996695,SL,False
S2-08,asia_reclaim,EURUSD,2019-05-14 05:00:00+00:00,2019-05-14 05:15:00+00:00,2019-05-14 06:00:00+00:00,-1,1.0000000000001268,TP,False
S2-08,asia_reclaim,EURUSD,2019-05-14 06:30:00+00:00,2019-05-14 06:45:00+00:00,2019-05-14 06:45:00+00:00,-1,-0.9999999999997554,SL,True
S2-08,asia_reclaim,EURUSD,2019-05-14 06:45:00+00:00,2019-05-14 07:00:00+00:00,2019-05-14 07:00:00+00:00,-1,-1.000000000000318,SL,True
S2-08,asia_reclaim,EURUSD,2019-05-15 01:00:00+00:00,2019-05-15 01:15:00+00:00,2019-05-15 01:15:00+00:00,-1,-0.9999999999996433,SL,False
S2-08,asia_reclaim,EURUSD,2019-05-15 01:30:00+00:00,2019-05-15 01:45:00+00:00,2019-05-15 01:45:00+00:00,-1,-1.0000000000001525,SL,False
S2-08,asia_reclaim,EURUSD,2019-05-15 01:45:00+00:00,2019-05-15 02:00:00+00:00,2019-05-15 02:00:00+00:00,-1,1.0000000000004396,TP,False
S2-08,asia_reclaim,EURUSD,2019-05-15 05:00:00+00:00,2019-05-15 05:15:00+00:00,2019-05-15 05:30:00+00:00,-1,-0.9999999999995602,SL,False
S2-08,asia_reclaim,EURUSD,2019-05-15 05:45:00+00:00,2019-05-15 06:00:00+00:00,2019-05-15 06:00:00+00:00,-1,1.0000000000003002,TP,False
S2-08,asia_reclaim,EURUSD,2019-05-16 01:30:00+00:00,2019-05-16 01:45:00+00:00,2019-05-16 05:30:00+00:00,1,0.34116558741905645,TIME,False
S2-08,asia_reclaim,EURUSD,2019-05-17 01:15:00+00:00,2019-05-17 01:30:00+00:00,2019-05-17 01:45:00+00:00,-1,-1.0000000000001283,SL,False
S2-08,asia_reclaim,EURUSD,2019-05-17 02:15:00+00:00,2019-05-17 02:30:00+00:00,2019-05-17 03:15:00+00:00,-1,-1.0000000000002784,SL,False
S2-08,asia_reclaim,EURUSD,2019-05-17 03:30:00+00:00,2019-05-17 03:45:00+00:00,2019-05-17 03:45:00+00:00,-1,1.0000000000002867,TP,False
S2-08,asia_reclaim,EURUSD,2019-05-17 05:00:00+00:00,2019-05-17 05:15:00+00:00,2019-05-17 05:30:00+00:00,-1,1.0,TP,False
S2-08,asia_reclaim,EURUSD,2019-05-17 06:30:00+00:00,2019-05-17 06:45:00+00:00,2019-05-17 06:45:00+00:00,-1,-1.0000000000002014,SL,False
S2-08,asia_reclaim,EURUSD,2019-05-17 06:45:00+00:00,2019-05-17 07:00:00+00:00,2019-05-17 07:00:00+00:00,-1,-1.000000000000095,SL,False
S2-08,asia_reclaim,EURUSD,2019-05-20 01:00:00+00:00,2019-05-20 01:15:00+00:00,2019-05-20 01:30:00+00:00,-1,0.9999999999999022,TP,False
S2-08,asia_reclaim,EURUSD,2019-05-20 04:00:00+00:00,2019-05-20 04:15:00+00:00,2019-05-20 05:00:00+00:00,1,-0.9999999999998868,SL,False
S2-08,asia_reclaim,EURUSD,2019-05-20 05:30:00+00:00,2019-05-20 05:45:00+00:00,2019-05-20 06:00:00+00:00,1,1.000000000000295,TP,False
S2-08,asia_reclaim,EURUSD,2019-05-20 06:15:00+00:00,2019-05-20 06:30:00+00:00,2019-05-20 06:45:00+00:00,1,1.0,TP,False
S2-08,asia_reclaim,EURUSD,2019-05-21 01:00:00+00:00,2019-05-21 01:15:00+00:00,2019-05-21 04:00:00+00:00,1,-1.0000000000004283,SL,False
S2-08,asia_reclaim,EURUSD,2019-05-21 05:30:00+00:00,2019-05-21 05:45:00+00:00,2019-05-21 05:45:00+00:00,1,-1.0000000000003404,SL,False
S2-08,asia_reclaim,EURUSD,2019-05-22 04:00:00+00:00,2019-05-22 04:15:00+00:00,2019-05-22 04:30:00+00:00,1,-0.9999999999996882,SL,False
S2-08,asia_reclaim,EURUSD,2019-05-22 06:00:00+00:00,2019-05-22 06:15:00+00:00,2019-05-22 06:30:00+00:00,1,-0.9999999999997587,SL,False
S2-08,asia_reclaim,EURUSD,2019-05-23 01:00:00+00:00,2019-05-23 01:15:00+00:00,2019-05-23 01:30:00+00:00,1,-1.0000000000003404,SL,False
S2-08,asia_reclaim,EURUSD,2019-05-23 02:15:00+00:00,2019-05-23 02:30:00+00:00,2019-05-23 02:45:00+00:00,1,0.9999999999997097,TP,False
S2-08,asia_reclaim,EURUSD,2019-05-23 06:00:00+00:00,2019-05-23 06:15:00+00:00,2019-05-23 06:15:00+00:00,1,1.000000000000162,TP,False
S2-08,asia_reclaim,EURUSD,2019-05-24 05:30:00+00:00,2019-05-24 05:45:00+00:00,2019-05-24 06:00:00+00:00,-1,-1.0000000000001597,SL,True
S2-08,asia_reclaim,EURUSD,2019-05-24 06:30:00+00:00,2019-05-24 06:45:00+00:00,2019-05-24 06:45:00+00:00,-1,0.9999999999999127,TP,False
S2-08,asia_reclaim,EURUSD,2019-05-27 01:30:00+00:00,2019-05-27 01:45:00+00:00,2019-05-27 02:00:00+00:00,-1,-1.0000000000002758,SL,False
S2-08,asia_reclaim,EURUSD,2019-05-27 02:15:00+00:00,2019-05-27 02:30:00+00:00,2019-05-27 03:30:00+00:00,-1,-1.0000000000003761,SL,False
S2-08,asia_reclaim,EURUSD,2019-05-27 03:45:00+00:00,2019-05-27 04:00:00+00:00,2019-05-27 04:45:00+00:00,-1,0.9999999999997107,TP,False
S2-08,asia_reclaim,EURUSD,2019-05-27 06:15:00+00:00,2019-05-27 06:30:00+00:00,2019-05-27 06:45:00+00:00,1,-1.000000000000238,SL,False
S2-08,asia_reclaim,EURUSD,2019-05-27 06:45:00+00:00,2019-05-27 07:00:00+00:00,2019-05-27 07:00:00+00:00,1,-0.999999999999784,SL,False
S2-08,asia_reclaim,EURUSD,2019-05-28 01:45:00+00:00,2019-05-28 02:00:00+00:00,2019-05-28 02:15:00+00:00,1,-1.0000000000002427,SL,False
S2-08,asia_reclaim,EURUSD,2019-05-28 06:45:00+00:00,2019-05-28 07:00:00+00:00,2019-05-28 07:00:00+00:00,1,-1.0000000000002074,SL,False
S2-08,asia_reclaim,EURUSD,2019-05-29 01:00:00+00:00,2019-05-29 01:15:00+00:00,2019-05-29 01:30:00+00:00,1,-0.999999999999871,SL,False
S2-08,asia_reclaim,EURUSD,2019-05-29 01:30:00+00:00,2019-05-29 01:45:00+00:00,2019-05-29 01:45:00+00:00,1,-1.0000000000001257,SL,False
S2-08,asia_reclaim,EURUSD,2019-05-29 01:45:00+00:00,2019-05-29 02:00:00+00:00,2019-05-29 02:00:00+00:00,1,-1.0,SL,False
S2-08,asia_reclaim,EURUSD,2019-05-29 02:00:00+00:00,2019-05-29 02:15:00+00:00,2019-05-29 02:15:00+00:00,1,-0.9999999999998901,SL,False
S2-08,asia_reclaim,EURUSD,2019-05-29 02:30:00+00:00,2019-05-29 02:45:00+00:00,2019-05-29 05:30:00+00:00,1,1.000000000000107,TP,False
S2-08,asia_reclaim,EURUSD,2019-05-30 01:30:00+00:00,2019-05-30 01:45:00+00:00,2019-05-30 02:00:00+00:00,-1,1.0000000000001341,TP,False
S2-08,asia_reclaim,EURUSD,2019-05-30 02:30:00+00:00,2019-05-30 02:45:00+00:00,2019-05-30 02:45:00+00:00,1,1.0,TP,False
S2-08,asia_reclaim,EURUSD,2019-05-30 02:45:00+00:00,2019-05-30 03:00:00+00:00,2019-05-30 05:00:00+00:00,1,-1.0000000000001021,SL,False
S2-08,asia_reclaim,EURUSD,2019-05-30 05:45:00+00:00,2019-05-30 06:00:00+00:00,2019-05-30 06:00:00+00:00,1,-1.0000000000004485,SL,False
S2-08,asia_reclaim,EURUSD,2019-05-30 06:15:00+00:00,2019-05-30 06:30:00+00:00,2019-05-30 06:30:00+00:00,1,0.9999999999997078,TP,False
S2-08,asia_reclaim,EURUSD,2019-05-31 04:00:00+00:00,2019-05-31 04:15:00+00:00,2019-05-31 04:30:00+00:00,1,-1.0000000000001135,SL,False
S2-08,asia_reclaim,EURUSD,2019-06-04 01:45:00+00:00,2019-06-04 02:00:00+00:00,2019-06-04 02:45:00+00:00,1,0.9999999999998098,TP,False
S2-08,asia_reclaim,EURUSD,2019-06-04 04:30:00+00:00,2019-06-04 04:45:00+00:00,2019-06-04 04:45:00+00:00,-1,1.000000000000318,TP,False
S2-08,asia_reclaim,EURUSD,2019-06-04 06:15:00+00:00,2019-06-04 06:30:00+00:00,2019-06-04 06:30:00+00:00,-1,-0.9999999999999298,SL,False
S2-08,asia_reclaim,EURUSD,2019-06-05 01:30:00+00:00,2019-06-05 01:45:00+00:00,2019-06-05 02:15:00+00:00,-1,-0.9999999999996959,SL,False
S2-08,asia_reclaim,EURUSD,2019-06-05 05:45:00+00:00,2019-06-05 06:00:00+00:00,2019-06-05 06:00:00+00:00,-1,-1.0000000000001257,SL,False
S2-08,asia_reclaim,EURUSD,2019-06-05 06:15:00+00:00,2019-06-05 06:30:00+00:00,2019-06-05 06:30:00+00:00,-1,0.9999999999998888,TP,False
S2-08,asia_reclaim,EURUSD,2019-06-06 01:15:00+00:00,2019-06-06 01:30:00+00:00,2019-06-06 01:45:00+00:00,1,-0.9999999999997896,SL,False
S2-08,asia_reclaim,EURUSD,2019-06-06 06:00:00+00:00,2019-06-06 06:15:00+00:00,2019-06-06 06:30:00+00:00,-1,1.0,TP,False
S2-08,asia_reclaim,EURUSD,2019-06-06 06:30:00+00:00,2019-06-06 06:45:00+00:00,2019-06-06 06:45:00+00:00,1,-0.9999999999998757,SL,False
S2-08,asia_reclaim,EURUSD,2019-06-07 01:30:00+00:00,2019-06-07 01:45:00+00:00,2019-06-07 01:45:00+00:00,1,0.9999999999996035,TP,False
S2-08,asia_reclaim,EURUSD,2019-06-07 01:45:00+00:00,2019-06-07 02:00:00+00:00,2019-06-07 02:00:00+00:00,1,-1.000000000000362,SL,False
S2-08,asia_reclaim,EURUSD,2019-06-07 02:30:00+00:00,2019-06-07 02:45:00+00:00,2019-06-07 02:45:00+00:00,1,-1.0,SL,False
S2-08,asia_reclaim,EURUSD,2019-06-07 03:00:00+00:00,2019-06-07 03:15:00+00:00,2019-06-07 05:15:00+00:00,1,-0.9999999999996687,SL,False
S2-08,asia_reclaim,EURUSD,2019-06-10 01:15:00+00:00,2019-06-10 01:30:00+00:00,2019-06-10 04:15:00+00:00,1,-1.000000000000228,SL,False
S2-08,asia_reclaim,EURUSD,2019-06-10 05:45:00+00:00,2019-06-10 06:00:00+00:00,2019-06-10 06:00:00+00:00,1,1.0000000000001232,TP,False
S2-08,asia_reclaim,EURUSD,2019-06-11 01:15:00+00:00,2019-06-11 01:30:00+00:00,2019-06-11 01:30:00+00:00,-1,0.9999999999997785,TP,False
S2-08,asia_reclaim,EURUSD,2019-06-11 01:45:00+00:00,2019-06-11 02:00:00+00:00,2019-06-11 02:00:00+00:00,1,-1.0000000000001812,SL,False
S2-08,asia_reclaim,EURUSD,2019-06-11 02:00:00+00:00,2019-06-11 02:15:00+00:00,2019-06-11 02:45:00+00:00,1,0.9999999999999127,TP,False
S2-08,asia_reclaim,EURUSD,2019-06-12 02:30:00+00:00,2019-06-12 02:45:00+00:00,2019-06-12 03:45:00+00:00,1,0.999999999999679,TP,False
S2-08,asia_reclaim,EURUSD,2019-06-12 04:45:00+00:00,2019-06-12 05:00:00+00:00,2019-06-12 05:15:00+00:00,-1,0.9999999999997419,TP,False
S2-08,asia_reclaim,EURUSD,2019-06-12 06:00:00+00:00,2019-06-12 06:15:00+00:00,2019-06-12 06:15:00+00:00,-1,-0.999999999999642,SL,False
S2-08,asia_reclaim,EURUSD,2019-06-12 06:15:00+00:00,2019-06-12 06:30:00+00:00,2019-06-12 06:30:00+00:00,-1,1.000000000000113,TP,False
S2-08,asia_reclaim,EURUSD,2019-06-12 06:30:00+00:00,2019-06-12 06:45:00+00:00,2019-06-12 06:45:00+00:00,-1,1.0,TP,False
S2-08,asia_reclaim,EURUSD,2019-06-13 05:00:00+00:00,2019-06-13 05:15:00+00:00,2019-06-13 05:45:00+00:00,-1,-1.0000000000003337,SL,False
S2-08,asia_reclaim,EURUSD,2019-06-13 05:45:00+00:00,2019-06-13 06:00:00+00:00,2019-06-13 06:00:00+00:00,-1,-0.9999999999997403,SL,False
S2-08,asia_reclaim,EURUSD,2019-06-13 06:30:00+00:00,2019-06-13 06:45:00+00:00,2019-06-13 06:45:00+00:00,1,-1.0,SL,False
S2-08,asia_reclaim,EURUSD,2019-06-14 05:30:00+00:00,2019-06-14 05:45:00+00:00,2019-06-14 06:15:00+00:00,1,1.0,TP,False
S2-08,asia_reclaim,EURUSD,2019-06-14 06:45:00+00:00,2019-06-14 07:00:00+00:00,2019-06-14 07:00:00+00:00,-1,-1.0000000000001064,SL,True
S2-08,asia_reclaim,EURUSD,2019-06-17 02:00:00+00:00,2019-06-17 02:15:00+00:00,2019-06-17 03:00:00+00:00,-1,1.000000000000271,TP,False
S2-08,asia_reclaim,EURUSD,2019-06-17 04:45:00+00:00,2019-06-17 05:00:00+00:00,2019-06-17 05:15:00+00:00,1,-0.9999999999996926,SL,False
S2-08,asia_reclaim,EURUSD,2019-06-17 06:30:00+00:00,2019-06-17 06:45:00+00:00,2019-06-17 06:45:00+00:00,1,-1.000000000000215,SL,False
S2-08,asia_reclaim,EURUSD,2019-06-18 02:30:00+00:00,2019-06-18 02:45:00+00:00,2019-06-18 04:00:00+00:00,-1,1.0000000000003795,TP,False
S2-08,asia_reclaim,EURUSD,2019-06-19 01:45:00+00:00,2019-06-19 02:00:00+00:00,2019-06-19 02:45:00+00:00,1,-1.000000000000128,SL,False
S2-08,asia_reclaim,EURUSD,2019-06-19 03:00:00+00:00,2019-06-19 03:15:00+00:00,2019-06-19 04:45:00+00:00,1,-1.0,SL,False
S2-08,asia_reclaim,EURUSD,2019-06-20 01:15:00+00:00,2019-06-20 01:30:00+00:00,2019-06-20 02:00:00+00:00,-1,1.0000000000000615,TP,False
S2-08,asia_reclaim,EURUSD,2019-06-20 03:00:00+00:00,2019-06-20 03:15:00+00:00,2019-06-20 04:45:00+00:00,-1,1.000000000000096,TP,False
S2-08,asia_reclaim,EURUSD,2019-06-20 06:15:00+00:00,2019-06-20 06:30:00+00:00,2019-06-20 06:30:00+00:00,-1,0.9999999999998748,TP,False
S2-08,asia_reclaim,EURUSD,2019-06-21 01:30:00+00:00,2019-06-21 01:45:00+00:00,2019-06-21 01:45:00+00:00,-1,-1.000000000000098,SL,False
S2-08,asia_reclaim,EURUSD,2019-06-21 02:00:00+00:00,2019-06-21 02:15:00+00:00,2019-06-21 04:45:00+00:00,-1,0.9999999999997651,TP,False
S2-08,asia_reclaim,EURUSD,2019-06-21 05:45:00+00:00,2019-06-21 06:00:00+00:00,2019-06-21 06:00:00+00:00,1,-0.9999999999999146,SL,False
S2-08,asia_reclaim,EURUSD,2019-06-24 02:15:00+00:00,2019-06-24 02:30:00+00:00,2019-06-24 02:45:00+00:00,1,0.9999999999997776,TP,False
S2-08,asia_reclaim,EURUSD,2019-06-24 06:15:00+00:00,2019-06-24 06:30:00+00:00,2019-06-24 06:45:00+00:00,-1,0.9999999999999081,TP,False
S2-08,asia_reclaim,EURUSD,2019-06-25 01:30:00+00:00,2019-06-25 01:45:00+00:00,2019-06-25 02:00:00+00:00,-1,1.0000000000002736,TP,False
S2-08,asia_reclaim,EURUSD,2019-06-26 01:30:00+00:00,2019-06-26 01:45:00+00:00,2019-06-26 05:30:00+00:00,1,0.3560828610958437,TIME,False
S2-08,asia_reclaim,EURUSD,2019-06-27 01:15:00+00:00,2019-06-27 01:30:00+00:00,2019-06-27 01:30:00+00:00,1,-1.0000000000004827,SL,False
S2-08,asia_reclaim,EURUSD,2019-06-27 01:30:00+00:00,2019-06-27 01:45:00+00:00,2019-06-27 02:00:00+00:00,1,-0.9999999999996838,SL,False
S2-08,asia_reclaim,EURUSD,2019-06-27 02:30:00+00:00,2019-06-27 02:45:00+00:00,2019-06-27 03:15:00+00:00,1,-0.9999999999998967,SL,False
S2-08,asia_reclaim,EURUSD,2019-06-27 05:15:00+00:00,2019-06-27 05:30:00+00:00,2019-06-27 05:45:00+00:00,1,1.0000000000002798,TP,False
S2-08,asia_reclaim,EURUSD,2019-06-28 01:45:00+00:00,2019-06-28 02:00:00+00:00,2019-06-28 02:30:00+00:00,1,1.0,TP,False
S2-08,asia_reclaim,EURUSD,2019-06-28 03:30:00+00:00,2019-06-28 03:45:00+00:00,2019-06-28 04:45:00+00:00,1,-1.0,SL,False
S2-08,asia_reclaim,EURUSD,2019-06-28 05:30:00+00:00,2019-06-28 05:45:00+00:00,2019-06-28 06:00:00+00:00,1,1.0000000000003302,TP,False
S2-08,asia_reclaim,EURUSD,2019-07-01 01:00:00+00:00,2019-07-01 01:15:00+00:00,2019-07-01 01:30:00+00:00,1,-0.9999999999999153,SL,False
S2-08,asia_reclaim,EURUSD,2019-07-01 01:45:00+00:00,2019-07-01 02:00:00+00:00,2019-07-01 02:15:00+00:00,1,0.9999999999997429,TP,False
S2-08,asia_reclaim,EURUSD,2019-07-02 05:15:00+00:00,2019-07-02 05:30:00+00:00,2019-07-02 06:00:00+00:00,-1,-1.0000000000002853,SL,False
S2-08,asia_reclaim,EURUSD,2019-07-02 06:15:00+00:00,2019-07-02 06:30:00+00:00,2019-07-02 07:00:00+00:00,-1,-0.999999999999914,SL,False
S2-08,asia_reclaim,EURUSD,2019-07-03 01:00:00+00:00,2019-07-03 01:15:00+00:00,2019-07-03 01:45:00+00:00,-1,1.0000000000003149,TP,False
S2-08,asia_reclaim,EURUSD,2019-07-03 02:00:00+00:00,2019-07-03 02:15:00+00:00,2019-07-03 03:45:00+00:00,1,-1.000000000000196,SL,False
S2-08,asia_reclaim,EURUSD,2019-07-03 06:00:00+00:00,2019-07-03 06:15:00+00:00,2019-07-03 06:30:00+00:00,1,-0.9999999999997492,SL,False
S2-08,asia_reclaim,EURUSD,2019-07-04 02:00:00+00:00,2019-07-04 02:15:00+00:00,2019-07-04 02:15:00+00:00,-1,1.000000000000281,TP,False
S2-08,asia_reclaim,EURUSD,2019-07-04 02:15:00+00:00,2019-07-04 02:30:00+00:00,2019-07-04 02:30:00+00:00,1,-1.0000000000002367,SL,False
S2-08,asia_reclaim,EURUSD,2019-07-05 06:15:00+00:00,2019-07-05 06:30:00+00:00,2019-07-05 06:30:00+00:00,1,-1.000000000000444,SL,False
S2-08,asia_reclaim,EURUSD,2019-07-05 06:30:00+00:00,2019-07-05 06:45:00+00:00,2019-07-05 07:00:00+00:00,1,-1.0000000000002724,SL,False
S2-08,asia_reclaim,EURUSD,2019-07-08 05:00:00+00:00,2019-07-08 05:15:00+00:00,2019-07-08 05:45:00+00:00,-1,-0.9999999999995925,SL,False
S2-08,asia_reclaim,EURUSD,2019-07-08 06:45:00+00:00,2019-07-08 07:00:00+00:00,2019-07-08 07:00:00+00:00,1,1.0000000000002902,TP,False
S2-08,asia_reclaim,EURUSD,2019-07-09 01:30:00+00:00,2019-07-09 01:45:00+00:00,2019-07-09 04:15:00+00:00,1,0.9999999999996999,TP,False
S2-08,asia_reclaim,EURUSD,2019-07-09 06:00:00+00:00,2019-07-09 06:15:00+00:00,2019-07-09 06:15:00+00:00,1,-0.9999999999994875,SL,False
S2-08,asia_reclaim,EURUSD,2019-07-09 06:15:00+00:00,2019-07-09 06:30:00+00:00,2019-07-09 06:45:00+00:00,1,-0.9999999999998662,SL,False
S2-08,asia_reclaim,EURUSD,2019-07-10 02:30:00+00:00,2019-07-10 02:45:00+00:00,2019-07-10 02:45:00+00:00,-1,-1.0000000000005371,SL,False
S2-08,asia_reclaim,EURUSD,2019-07-10 05:45:00+00:00,2019-07-10 06:00:00+00:00,2019-07-10 06:00:00+00:00,-1,1.0,TP,False
S2-08,asia_reclaim,EURUSD,2019-07-10 06:00:00+00:00,2019-07-10 06:15:00+00:00,2019-07-10 06:15:00+00:00,-1,-1.0000000000001625,SL,True
S2-08,asia_reclaim,EURUSD,2019-07-11 01:00:00+00:00,2019-07-11 01:15:00+00:00,2019-07-11 02:00:00+00:00,1,1.000000000000114,TP,False
S2-08,asia_reclaim,EURUSD,2019-07-11 02:15:00+00:00,2019-07-11 02:30:00+00:00,2019-07-11 02:30:00+00:00,-1,-0.9999999999997791,SL,False
S2-08,asia_reclaim,EURUSD,2019-07-11 03:15:00+00:00,2019-07-11 03:30:00+00:00,2019-07-11 04:45:00+00:00,-1,-0.9999999999998318,SL,False
S2-08,asia_reclaim,EURUSD,2019-07-12 01:15:00+00:00,2019-07-12 01:30:00+00:00,2019-07-12 01:30:00+00:00,-1,-0.999999999999688,SL,False
S2-08,asia_reclaim,EURUSD,2019-07-12 02:15:00+00:00,2019-07-12 02:30:00+00:00,2019-07-12 02:45:00+00:00,-1,0.9999999999998078,TP,False
S2-08,asia_reclaim,EURUSD,2019-07-12 03:15:00+00:00,2019-07-12 03:30:00+00:00,2019-07-12 03:45:00+00:00,-1,-0.9999999999998127,SL,False
S2-08,asia_reclaim,EURUSD,2019-07-12 04:15:00+00:00,2019-07-12 04:30:00+00:00,2019-07-12 05:30:00+00:00,-1,-0.9999999999999022,SL,False
S2-08,asia_reclaim,EURUSD,2019-07-15 01:15:00+00:00,2019-07-15 01:30:00+00:00,2019-07-15 01:30:00+00:00,1,-0.9999999999997581,SL,False
S2-08,asia_reclaim,EURUSD,2019-07-15 01:45:00+00:00,2019-07-15 02:00:00+00:00,2019-07-15 02:00:00+00:00,1,-1.0,SL,False
S2-08,asia_reclaim,EURUSD,2019-07-15 02:15:00+00:00,2019-07-15 02:30:00+00:00,2019-07-15 02:45:00+00:00,1,1.0000000000002776,TP,False
S2-08,asia_reclaim,EURUSD,2019-07-15 03:15:00+00:00,2019-07-15 03:30:00+00:00,2019-07-15 04:00:00+00:00,1,1.0000000000002216,TP,False
S2-08,asia_reclaim,EURUSD,2019-07-16 03:15:00+00:00,2019-07-16 03:30:00+00:00,2019-07-16 04:15:00+00:00,-1,0.9999999999996902,TP,False
S2-08,asia_reclaim,EURUSD,2019-07-16 06:45:00+00:00,2019-07-16 07:00:00+00:00,2019-07-16 07:00:00+00:00,1,-1.0000000000002645,SL,False
S2-08,asia_reclaim,EURUSD,2019-07-17 01:15:00+00:00,2019-07-17 01:30:00+00:00,2019-07-17 02:15:00+00:00,-1,0.9999999999997241,TP,False
S2-08,asia_reclaim,EURUSD,2019-07-17 06:30:00+00:00,2019-07-17 06:45:00+00:00,2019-07-17 06:45:00+00:00,1,-1.0000000000001248,SL,False
S2-08,asia_reclaim,EURUSD,2019-07-18 01:00:00+00:00,2019-07-18 01:15:00+00:00,2019-07-18 01:30:00+00:00,-1,1.0000000000002414,TP,False
S2-08,asia_reclaim,EURUSD,2019-07-19 04:45:00+00:00,2019-07-19 05:00:00+00:00,2019-07-19 05:00:00+00:00,1,0.999999999999654,TP,False
S2-08,asia_reclaim,EURUSD,2019-07-19 05:45:00+00:00,2019-07-19 06:00:00+00:00,2019-07-19 06:00:00+00:00,1,1.0000000000003346,TP,False
S2-08,asia_reclaim,EURUSD,2019-07-22 01:00:00+00:00,2019-07-22 01:15:00+00:00,2019-07-22 02:00:00+00:00,1,0.9999999999997964,TP,False
S2-08,asia_reclaim,EURUSD,2019-07-22 04:45:00+00:00,2019-07-22 05:00:00+00:00,2019-07-22 05:00:00+00:00,-1,0.9999999999998834,TP,False
S2-08,asia_reclaim,EURUSD,2019-07-23 03:45:00+00:00,2019-07-23 04:00:00+00:00,2019-07-23 04:30:00+00:00,1,-1.0000000000002798,SL,False
S2-08,asia_reclaim,EURUSD,2019-07-23 05:15:00+00:00,2019-07-23 05:30:00+00:00,2019-07-23 06:15:00+00:00,1,-0.9999999999996532,SL,False
S2-08,asia_reclaim,EURUSD,2019-07-23 06:15:00+00:00,2019-07-23 06:30:00+00:00,2019-07-23 06:30:00+00:00,1,-1.000000000000206,SL,False
S2-08,asia_reclaim,EURUSD,2019-07-23 06:45:00+00:00,2019-07-23 07:00:00+00:00,2019-07-23 07:00:00+00:00,1,-1.0000000000002878,SL,False
S2-08,asia_reclaim,EURUSD,2019-07-24 02:30:00+00:00,2019-07-24 02:45:00+00:00,2019-07-24 05:45:00+00:00,1,0.9999999999997167,TP,False
S2-08,asia_reclaim,EURUSD,2019-07-24 06:15:00+00:00,2019-07-24 06:30:00+00:00,2019-07-24 06:30:00+00:00,-1,-1.0000000000002742,SL,False
S2-08,asia_reclaim,EURUSD,2019-07-24 06:45:00+00:00,2019-07-24 07:00:00+00:00,2019-07-24 07:00:00+00:00,-1,-0.9999999999998728,SL,False
S2-08,asia_reclaim,EURUSD,2019-07-25 01:15:00+00:00,2019-07-25 01:30:00+00:00,2019-07-25 03:00:00+00:00,1,-1.0000000000003355,SL,False
S2-08,asia_reclaim,EURUSD,2019-07-25 05:00:00+00:00,2019-07-25 05:15:00+00:00,2019-07-25 05:45:00+00:00,1,1.0000000000004396,TP,False
S2-08,asia_reclaim,EURUSD,2019-07-25 06:30:00+00:00,2019-07-25 06:45:00+00:00,2019-07-25 06:45:00+00:00,1,-1.000000000000188,SL,False
S2-08,asia_reclaim,EURUSD,2019-07-26 03:30:00+00:00,2019-07-26 03:45:00+00:00,2019-07-26 04:45:00+00:00,-1,1.00000000000013,TP,False
S2-08,asia_reclaim,EURUSD,2019-07-26 06:15:00+00:00,2019-07-26 06:30:00+00:00,2019-07-26 06:30:00+00:00,1,-1.0,SL,False
S2-08,asia_reclaim,EURUSD,2019-07-29 01:15:00+00:00,2019-07-29 01:30:00+00:00,2019-07-29 01:30:00+00:00,-1,1.00000000000045,TP,False
S2-08,asia_reclaim,EURUSD,2019-07-29 03:45:00+00:00,2019-07-29 04:00:00+00:00,2019-07-29 04:30:00+00:00,1,-1.0000000000004563,SL,False
S2-08,asia_reclaim,EURUSD,2019-07-29 05:45:00+00:00,2019-07-29 06:00:00+00:00,2019-07-29 06:00:00+00:00,1,-0.9999999999998,SL,False
S2-08,asia_reclaim,EURUSD,2019-07-29 06:00:00+00:00,2019-07-29 06:15:00+00:00,2019-07-29 06:15:00+00:00,1,-0.9999999999997992,SL,False
S2-08,asia_reclaim,EURUSD,2019-07-29 06:15:00+00:00,2019-07-29 06:30:00+00:00,2019-07-29 06:45:00+00:00,1,-0.9999999999996404,SL,False
S2-08,asia_reclaim,EURUSD,2019-07-30 01:30:00+00:00,2019-07-30 01:45:00+00:00,2019-07-30 01:45:00+00:00,1,-0.9999999999996059,SL,False
S2-08,asia_reclaim,EURUSD,2019-07-30 02:45:00+00:00,2019-07-30 03:00:00+00:00,2019-07-30 04:30:00+00:00,-1,0.9999999999997706,TP,False
S2-08,asia_reclaim,EURUSD,2019-07-31 01:15:00+00:00,2019-07-31 01:30:00+00:00,2019-07-31 01:30:00+00:00,1,0.9999999999998549,TP,False
S2-08,asia_reclaim,EURUSD,2019-07-31 06:15:00+00:00,2019-07-31 06:30:00+00:00,2019-07-31 06:30:00+00:00,-1,-1.0000000000002922,SL,False
S2-08,asia_reclaim,EURUSD,2019-08-06 03:15:00+00:00,2019-08-06 03:30:00+00:00,2019-08-06 03:45:00+00:00,1,-0.9999999999998879,SL,False
S2-08,asia_reclaim,EURUSD,2019-08-07 01:45:00+00:00,2019-08-07 02:00:00+00:00,2019-08-07 02:15:00+00:00,-1,1.0000000000001996,TP,False
S2-08,asia_reclaim,EURUSD,2019-08-07 05:45:00+00:00,2019-08-07 06:00:00+00:00,2019-08-07 06:00:00+00:00,1,-1.0000000000000697,SL,False
S2-08,asia_reclaim,EURUSD,2019-08-07 06:15:00+00:00,2019-08-07 06:30:00+00:00,2019-08-07 06:45:00+00:00,1,-1.0000000000000697,SL,False
S2-08,asia_reclaim,EURUSD,2019-08-08 01:15:00+00:00,2019-08-08 01:30:00+00:00,2019-08-08 02:15:00+00:00,1,0.9999999999997667,TP,False
S2-08,asia_reclaim,EURUSD,2019-08-08 06:00:00+00:00,2019-08-08 06:15:00+00:00,2019-08-08 06:15:00+00:00,-1,0.9999999999996467,TP,False
S2-08,asia_reclaim,EURUSD,2019-08-08 06:45:00+00:00,2019-08-08 07:00:00+00:00,2019-08-08 07:00:00+00:00,1,-1.0000000000002518,SL,True
S2-08,asia_reclaim,EURUSD,2019-08-09 01:45:00+00:00,2019-08-09 02:00:00+00:00,2019-08-09 02:15:00+00:00,-1,-0.9999999999996959,SL,False
S2-08,asia_reclaim,EURUSD,2019-08-09 05:00:00+00:00,2019-08-09 05:15:00+00:00,2019-08-09 06:00:00+00:00,-1,1.0000000000004456,TP,False
S2-08,asia_reclaim,EURUSD,2019-08-09 06:45:00+00:00,2019-08-09 07:00:00+00:00,2019-08-09 07:00:00+00:00,1,1.0000000000001033,TP,False
S2-08,asia_reclaim,EURUSD,2019-08-12 02:45:00+00:00,2019-08-12 03:00:00+00:00,2019-08-12 05:45:00+00:00,-1,-1.0000000000002094,SL,False
S2-08,asia_reclaim,EURUSD,2019-08-13 01:00:00+00:00,2019-08-13 01:15:00+00:00,2019-08-13 01:45:00+00:00,1,0.9999999999997958,TP,False
S2-08,asia_reclaim,EURUSD,2019-08-13 02:45:00+00:00,2019-08-13 03:00:00+00:00,2019-08-13 03:15:00+00:00,1,-0.9999999999998586,SL,False
S2-08,asia_reclaim,EURUSD,2019-08-13 03:15:00+00:00,2019-08-13 03:30:00+00:00,2019-08-13 05:30:00+00:00,1,1.0000000000000602,TP,False
S2-08,asia_reclaim,EURUSD,2019-08-14 01:15:00+00:00,2019-08-14 01:30:00+00:00,2019-08-14 01:30:00+00:00,-1,0.9999999999998918,TP,False
S2-08,asia_reclaim,EURUSD,2019-08-14 01:45:00+00:00,2019-08-14 02:00:00+00:00,2019-08-14 02:00:00+00:00,1,1.0,TP,False
S2-08,asia_reclaim,EURUSD,2019-08-14 02:00:00+00:00,2019-08-14 02:15:00+00:00,2019-08-14 03:15:00+00:00,1,-1.000000000000274,SL,False
S2-08,asia_reclaim,EURUSD,2019-08-14 04:00:00+00:00,2019-08-14 04:15:00+00:00,2019-08-14 05:15:00+00:00,1,-0.999999999999811,SL,False
S2-08,asia_reclaim,EURUSD,2019-08-14 05:45:00+00:00,2019-08-14 06:00:00+00:00,2019-08-14 06:00:00+00:00,1,0.9999999999997911,TP,False
S2-08,asia_reclaim,EURUSD,2019-08-14 06:30:00+00:00,2019-08-14 06:45:00+00:00,2019-08-14 07:00:00+00:00,1,1.0,TP,False
S2-08,asia_reclaim,EURUSD,2019-08-15 02:15:00+00:00,2019-08-15 02:30:00+00:00,2019-08-15 03:30:00+00:00,1,0.9999999999999047,TP,False
S2-08,asia_reclaim,EURUSD,2019-08-15 06:00:00+00:00,2019-08-15 06:15:00+00:00,2019-08-15 06:15:00+00:00,-1,-1.0,SL,False
S2-08,asia_reclaim,EURUSD,2019-08-16 01:00:00+00:00,2019-08-16 01:15:00+00:00,2019-08-16 01:15:00+00:00,1,-0.9999999999997337,SL,False
S2-08,asia_reclaim,EURUSD,2019-08-16 02:15:00+00:00,2019-08-16 02:30:00+00:00,2019-08-16 03:30:00+00:00,1,0.999999999999813,TP,False
S2-08,asia_reclaim,EURUSD,2019-08-19 01:15:00+00:00,2019-08-19 01:30:00+00:00,2019-08-19 01:45:00+00:00,1,0.9999999999999141,TP,False
S2-08,asia_reclaim,EURUSD,2019-08-19 01:45:00+00:00,2019-08-19 02:00:00+00:00,2019-08-19 05:30:00+00:00,-1,1.0000000000002032,TP,False
S2-08,asia_reclaim,EURUSD,2019-08-19 05:30:00+00:00,2019-08-19 05:45:00+00:00,2019-08-19 05:45:00+00:00,1,1.0000000000004456,TP,False
S2-08,asia_reclaim,EURUSD,2019-08-19 06:15:00+00:00,2019-08-19 06:30:00+00:00,2019-08-19 06:30:00+00:00,-1,-1.000000000000124,SL,False
S2-08,asia_reclaim,EURUSD,2019-08-20 03:00:00+00:00,2019-08-20 03:15:00+00:00,2019-08-20 05:00:00+00:00,-1,1.0,TP,False
S2-08,asia_reclaim,EURUSD,2019-08-20 06:45:00+00:00,2019-08-20 07:00:00+00:00,2019-08-20 07:00:00+00:00,1,-0.9999999999997796,SL,False
S2-08,asia_reclaim,EURUSD,2019-08-21 01:00:00+00:00,2019-08-21 01:15:00+00:00,2019-08-21 01:45:00+00:00,1,1.00000000000013,TP,False
S2-08,asia_reclaim,EURUSD,2019-08-21 02:15:00+00:00,2019-08-21 02:30:00+00:00,2019-08-21 02:30:00+00:00,-1,-1.000000000000106,SL,False
S2-08,asia_reclaim,EURUSD,2019-08-21 06:45:00+00:00,2019-08-21 07:00:00+00:00,2019-08-21 07:00:00+00:00,1,-1.0,SL,False
S2-08,asia_reclaim,EURUSD,2019-08-22 05:30:00+00:00,2019-08-22 05:45:00+00:00,2019-08-22 05:45:00+00:00,1,-1.000000000000329,SL,False
S2-08,asia_reclaim,EURUSD,2019-08-22 05:45:00+00:00,2019-08-22 06:00:00+00:00,2019-08-22 06:00:00+00:00,1,-0.9999999999995242,SL,False
S2-08,asia_reclaim,EURUSD,2019-08-22 06:15:00+00:00,2019-08-22 06:30:00+00:00,2019-08-22 06:30:00+00:00,1,-0.9999999999995975,SL,False
S2-08,asia_reclaim,EURUSD,2019-08-23 01:45:00+00:00,2019-08-23 02:00:00+00:00,2019-08-23 02:45:00+00:00,1,-0.9999999999997891,SL,False
S2-08,asia_reclaim,EURUSD,2019-08-23 02:45:00+00:00,2019-08-23 03:00:00+00:00,2019-08-23 03:15:00+00:00,1,-0.9999999999997881,SL,False
S2-08,asia_reclaim,EURUSD,2019-08-26 01:45:00+00:00,2019-08-26 02:00:00+00:00,2019-08-26 02:45:00+00:00,-1,1.0000000000001734,TP,False
S2-08,asia_reclaim,EURUSD,2019-08-26 02:45:00+00:00,2019-08-26 03:00:00+00:00,2019-08-26 04:00:00+00:00,1,1.000000000000172,TP,False
S2-08,asia_reclaim,EURUSD,2019-08-26 06:45:00+00:00,2019-08-26 07:00:00+00:00,2019-08-26 07:00:00+00:00,1,-1.0000000000000573,SL,False
S2-08,asia_reclaim,EURUSD,2019-08-27 01:30:00+00:00,2019-08-27 01:45:00+00:00,2019-08-27 02:15:00+00:00,-1,-1.000000000000128,SL,False
S2-08,asia_reclaim,EURUSD,2019-08-27 02:30:00+00:00,2019-08-27 02:45:00+00:00,2019-08-27 03:30:00+00:00,-1,1.0,TP,False
S2-08,asia_reclaim,EURUSD,2019-08-27 04:15:00+00:00,2019-08-27 04:30:00+00:00,2019-08-27 04:45:00+00:00,1,-0.9999999999998642,SL,False
S2-08,asia_reclaim,EURUSD,2019-08-28 01:45:00+00:00,2019-08-28 02:00:00+00:00,2019-08-28 04:15:00+00:00,1,-1.0,SL,False
S2-08,asia_reclaim,EURUSD,2019-08-29 01:30:00+00:00,2019-08-29 01:45:00+00:00,2019-08-29 01:45:00+00:00,-1,1.0000000000001592,TP,False
S2-08,asia_reclaim,EURUSD,2019-08-29 02:00:00+00:00,2019-08-29 02:15:00+00:00,2019-08-29 02:15:00+00:00,1,-0.9999999999997019,SL,False
S2-08,asia_reclaim,EURUSD,2019-08-29 02:30:00+00:00,2019-08-29 02:45:00+00:00,2019-08-29 03:00:00+00:00,1,0.9999999999996989,TP,False
S2-08,asia_reclaim,EURUSD,2019-08-30 03:30:00+00:00,2019-08-30 03:45:00+00:00,2019-08-30 05:00:00+00:00,1,0.9999999999997945,TP,False
S2-08,asia_reclaim,EURUSD,2019-08-30 06:45:00+00:00,2019-08-30 07:00:00+00:00,2019-08-30 07:15:00+00:00,1,-0.9999999999997368,SL,False
S2-08,asia_reclaim,EURUSD,2019-09-02 01:45:00+00:00,2019-09-02 02:00:00+00:00,2019-09-02 02:15:00+00:00,-1,1.0,TP,False
S2-08,asia_reclaim,EURUSD,2019-09-02 03:00:00+00:00,2019-09-02 03:15:00+00:00,2019-09-02 04:45:00+00:00,-1,0.9999999999998943,TP,False
S2-08,asia_reclaim,EURUSD,2019-09-03 01:30:00+00:00,2019-09-03 01:45:00+00:00,2019-09-03 02:30:00+00:00,1,-1.000000000000128,SL,False
S2-08,asia_reclaim,EURUSD,2019-09-04 01:15:00+00:00,2019-09-04 01:30:00+00:00,2019-09-04 02:00:00+00:00,-1,1.0000000000002005,TP,False
S2-08,asia_reclaim,EURUSD,2019-09-04 06:15:00+00:00,2019-09-04 06:30:00+00:00,2019-09-04 06:30:00+00:00,-1,-1.0000000000001124,SL,False
S2-08,asia_reclaim,EURUSD,2019-09-05 01:30:00+00:00,2019-09-05 01:45:00+00:00,2019-09-05 01:45:00+00:00,-1,0.9999999999998989,TP,False
S2-08,asia_reclaim,EURUSD,2019-09-05 01:45:00+00:00,2019-09-05 02:00:00+00:00,2019-09-05 02:45:00+00:00,1,0.999999999999912,TP,False
S2-08,asia_reclaim,EURUSD,2019-09-05 03:30:00+00:00,2019-09-05 03:45:00+00:00,2019-09-05 06:00:00+00:00,1,-1.0000000000002232,SL,False
S2-08,asia_reclaim,EURUSD,2019-09-06 02:30:00+00:00,2019-09-06 02:45:00+00:00,2019-09-06 04:45:00+00:00,-1,-1.0000000000003941,SL,False
S2-08,asia_reclaim,EURUSD,2019-09-09 01:30:00+00:00,2019-09-09 01:45:00+00:00,2019-09-09 01:45:00+00:00,-1,-0.9999999999996523,SL,False
S2-08,asia_reclaim,EURUSD,2019-09-09 06:45:00+00:00,2019-09-09 07:00:00+00:00,2019-09-09 07:00:00+00:00,-1,0.9999999999996532,TP,False
S2-08,asia_reclaim,EURUSD,2019-09-10 01:00:00+00:00,2019-09-10 01:15:00+00:00,2019-09-10 01:15:00+00:00,1,1.000000000000131,TP,False
S2-08,asia_reclaim,EURUSD,2019-09-11 01:00:00+00:00,2019-09-11 01:15:00+00:00,2019-09-11 01:45:00+00:00,1,-1.0,SL,False
S2-08,asia_reclaim,EURUSD,2019-09-11 01:45:00+00:00,2019-09-11 02:00:00+00:00,2019-09-11 02:30:00+00:00,1,0.9999999999998224,TP,False
S2-08,asia_reclaim,EURUSD,2019-09-11 04:00:00+00:00,2019-09-11 04:15:00+00:00,2019-09-11 05:15:00+00:00,-1,1.0000000000002702,TP,False
S2-08,asia_reclaim,EURUSD,2019-09-11 06:30:00+00:00,2019-09-11 06:45:00+00:00,2019-09-11 07:00:00+00:00,1,0.9999999999997148,TP,False
S2-08,asia_reclaim,EURUSD,2019-09-12 01:00:00+00:00,2019-09-12 01:15:00+00:00,2019-09-12 02:15:00+00:00,-1,0.99999999999976,TP,False
S2-08,asia_reclaim,EURUSD,2019-09-12 06:30:00+00:00,2019-09-12 06:45:00+00:00,2019-09-12 06:45:00+00:00,1,1.0,TP,False
S2-08,asia_reclaim,EURUSD,2019-09-13 01:00:00+00:00,2019-09-13 01:15:00+00:00,2019-09-13 03:00:00+00:00,-1,-1.0000000000003209,SL,False
S2-08,asia_reclaim,EURUSD,2019-09-13 04:15:00+00:00,2019-09-13 04:30:00+00:00,2019-09-13 04:45:00+00:00,-1,-1.0000000000002685,SL,False
S2-08,asia_reclaim,EURUSD,2019-09-16 05:45:00+00:00,2019-09-16 06:00:00+00:00,2019-09-16 06:00:00+00:00,1,1.0000000000004972,TP,False
S2-08,asia_reclaim,EURUSD,2019-09-16 06:45:00+00:00,2019-09-16 07:00:00+00:00,2019-09-16 07:00:00+00:00,1,-1.0000000000002194,SL,False
S2-08,asia_reclaim,EURUSD,2019-09-17 02:15:00+00:00,2019-09-17 02:30:00+00:00,2019-09-17 03:45:00+00:00,-1,1.0,TP,False
S2-08,asia_reclaim,EURUSD,2019-09-17 05:00:00+00:00,2019-09-17 05:15:00+00:00,2019-09-17 05:45:00+00:00,-1,1.0,TP,False
S2-08,asia_reclaim,EURUSD,2019-09-17 06:45:00+00:00,2019-09-17 07:00:00+00:00,2019-09-17 07:00:00+00:00,1,0.9999999999997913,TP,False
S2-08,asia_reclaim,EURUSD,2019-09-18 01:15:00+00:00,2019-09-18 01:30:00+00:00,2019-09-18 02:45:00+00:00,1,-0.9999999999996195,SL,False
S2-08,asia_reclaim,EURUSD,2019-09-18 02:45:00+00:00,2019-09-18 03:00:00+00:00,2019-09-18 04:30:00+00:00,1,-1.000000000000128,SL,False
S2-08,asia_reclaim,EURUSD,2019-09-18 04:30:00+00:00,2019-09-18 04:45:00+00:00,2019-09-18 04:45:00+00:00,1,-1.0000000000006346,SL,False
S2-08,asia_reclaim,EURUSD,2019-09-18 05:30:00+00:00,2019-09-18 05:45:00+00:00,2019-09-18 05:45:00+00:00,1,-1.0000000000006346,SL,False
S2-08,asia_reclaim,EURUSD,2019-09-19 01:15:00+00:00,2019-09-19 01:30:00+00:00,2019-09-19 01:45:00+00:00,-1,-0.9999999999997568,SL,True
S2-08,asia_reclaim,EURUSD,2019-09-19 02:00:00+00:00,2019-09-19 02:15:00+00:00,2019-09-19 02:15:00+00:00,-1,-0.9999999999999037,SL,False
S2-08,asia_reclaim,EURUSD,2019-09-19 02:45:00+00:00,2019-09-19 03:00:00+00:00,2019-09-19 03:15:00+00:00,-1,-0.9999999999998127,SL,False
S2-08,asia_reclaim,EURUSD,2019-09-19 03:30:00+00:00,2019-09-19 03:45:00+00:00,2019-09-19 04:45:00+00:00,-1,-0.999999999999915,SL,False
S2-08,asia_reclaim,EURUSD,2019-09-19 06:15:00+00:00,2019-09-19 06:30:00+00:00,2019-09-19 06:30:00+00:00,-1,-1.0000000000003164,SL,False
S2-08,asia_reclaim,EURUSD,2019-09-20 01:00:00+00:00,2019-09-20 01:15:00+00:00,2019-09-20 01:30:00+00:00,-1,-1.0000000000002356,SL,False
S2-08,asia_reclaim,EURUSD,2019-09-20 01:30:00+00:00,2019-09-20 01:45:00+00:00,2019-09-20 02:30:00+00:00,-1,-1.0000000000002363,SL,False
S2-08,asia_reclaim,EURUSD,2019-09-20 06:30:00+00:00,2019-09-20 06:45:00+00:00,2019-09-20 06:45:00+00:00,-1,-1.000000000000123,SL,False
S2-08,asia_reclaim,EURUSD,2019-09-20 06:45:00+00:00,2019-09-20 07:00:00+00:00,2019-09-20 07:00:00+00:00,-1,-1.0000000000001061,SL,False
S2-08,asia_reclaim,EURUSD,2019-09-23 01:00:00+00:00,2019-09-23 01:15:00+00:00,2019-09-23 01:30:00+00:00,1,0.9999999999998793,TP,False
S2-08,asia_reclaim,EURUSD,2019-09-23 01:30:00+00:00,2019-09-23 01:45:00+00:00,2019-09-23 02:00:00+00:00,-1,-1.000000000000248,SL,False
S2-08,asia_reclaim,EURUSD,2019-09-23 02:15:00+00:00,2019-09-23 02:30:00+00:00,2019-09-23 04:15:00+00:00,-1,1.0000000000003908,TP,False
S2-08,asia_reclaim,EURUSD,2019-09-23 06:00:00+00:00,2019-09-23 06:15:00+00:00,2019-09-23 06:30:00+00:00,-1,1.0000000000001608,TP,False
S2-08,asia_reclaim,EURUSD,2019-09-24 01:45:00+00:00,2019-09-24 02:00:00+00:00,2019-09-24 02:15:00+00:00,1,1.0,TP,False
S2-08,asia_reclaim,EURUSD,2019-09-24 06:15:00+00:00,2019-09-24 06:30:00+00:00,2019-09-24 06:30:00+00:00,1,1.0000000000003884,TP,False
S2-08,asia_reclaim,EURUSD,2019-09-25 01:00:00+00:00,2019-09-25 01:15:00+00:00,2019-09-25 01:30:00+00:00,1,-0.999999999999902,SL,False
S2-08,asia_reclaim,EURUSD,2019-09-25 02:45:00+00:00,2019-09-25 03:00:00+00:00,2019-09-25 03:15:00+00:00,1,-1.0000000000000837,SL,False
S2-08,asia_reclaim,EURUSD,2019-09-25 04:15:00+00:00,2019-09-25 04:30:00+00:00,2019-09-25 04:45:00+00:00,1,-1.0,SL,False
S2-08,asia_reclaim,EURUSD,2019-09-26 01:15:00+00:00,2019-09-26 01:30:00+00:00,2019-09-26 02:00:00+00:00,-1,-1.0000000000002394,SL,False
S2-08,asia_reclaim,EURUSD,2019-09-30 06:30:00+00:00,2019-09-30 06:45:00+00:00,2019-09-30 06:45:00+00:00,-1,-1.0000000000003249,SL,False
S2-08,asia_reclaim,EURUSD,2019-10-01 06:15:00+00:00,2019-10-01 06:30:00+00:00,2019-10-01 06:45:00+00:00,1,-1.0000000000001839,SL,True
S2-08,asia_reclaim,EURUSD,2019-10-02 02:30:00+00:00,2019-10-02 02:45:00+00:00,2019-10-02 04:00:00+00:00,1,-1.0000000000001157,SL,False
S2-08,asia_reclaim,EURUSD,2019-10-02 04:00:00+00:00,2019-10-02 04:15:00+00:00,2019-10-02 05:45:00+00:00,1,0.9999999999997492,TP,False
S2-08,asia_reclaim,EURUSD,2019-10-03 03:45:00+00:00,2019-10-03 04:00:00+00:00,2019-10-03 06:00:00+00:00,1,-0.9999999999997135,SL,False
S2-08,asia_reclaim,EURUSD,2019-10-03 06:30:00+00:00,2019-10-03 06:45:00+00:00,2019-10-03 06:45:00+00:00,1,-1.0000000000001108,SL,False
S2-08,asia_reclaim,EURUSD,2019-10-04 01:00:00+00:00,2019-10-04 01:15:00+00:00,2019-10-04 01:45:00+00:00,-1,-1.0000000000003828,SL,False
S2-08,asia_reclaim,EURUSD,2019-10-04 04:15:00+00:00,2019-10-04 04:30:00+00:00,2019-10-04 04:30:00+00:00,1,-0.9999999999996926,SL,False
S2-08,asia_reclaim,EURUSD,2019-10-07 01:15:00+00:00,2019-10-07 01:30:00+00:00,2019-10-07 02:15:00+00:00,-1,0.9999999999998717,TP,False
S2-08,asia_reclaim,EURUSD,2019-10-07 03:45:00+00:00,2019-10-07 04:00:00+00:00,2019-10-07 05:15:00+00:00,1,-1.0000000000002867,SL,False
S2-08,asia_reclaim,EURUSD,2019-10-07 06:15:00+00:00,2019-10-07 06:30:00+00:00,2019-10-07 06:30:00+00:00,1,0.9999999999996989,TP,False
S2-08,asia_reclaim,EURUSD,2019-10-08 01:15:00+00:00,2019-10-08 01:30:00+00:00,2019-10-08 01:30:00+00:00,-1,-1.0000000000001255,SL,False
S2-08,asia_reclaim,EURUSD,2019-10-08 01:45:00+00:00,2019-10-08 02:00:00+00:00,2019-10-08 02:15:00+00:00,-1,-0.9999999999997594,SL,False
S2-08,asia_reclaim,EURUSD,2019-10-08 05:30:00+00:00,2019-10-08 05:45:00+00:00,2019-10-08 05:45:00+00:00,-1,1.000000000000329,TP,False
S2-08,asia_reclaim,EURUSD,2019-10-08 06:30:00+00:00,2019-10-08 06:45:00+00:00,2019-10-08 06:45:00+00:00,-1,-1.0000000000001217,SL,False
S2-08,asia_reclaim,EURUSD,2019-10-10 01:30:00+00:00,2019-10-10 01:45:00+00:00,2019-10-10 02:15:00+00:00,-1,-1.000000000000068,SL,False
S2-08,asia_reclaim,EURUSD,2019-10-10 06:30:00+00:00,2019-10-10 06:45:00+00:00,2019-10-10 06:45:00+00:00,-1,-0.9999999999996523,SL,False
S2-08,asia_reclaim,EURUSD,2019-10-11 01:15:00+00:00,2019-10-11 01:30:00+00:00,2019-10-11 01:45:00+00:00,-1,-0.9999999999996457,SL,False
S2-08,asia_reclaim,EURUSD,2019-10-11 02:45:00+00:00,2019-10-11 03:00:00+00:00,2019-10-11 06:00:00+00:00,-1,1.0000000000002336,TP,False
S2-08,asia_reclaim,EURUSD,2019-10-11 06:30:00+00:00,2019-10-11 06:45:00+00:00,2019-10-11 06:45:00+00:00,-1,-1.0000000000002356,SL,False
S2-08,asia_reclaim,EURUSD,2019-10-11 06:45:00+00:00,2019-10-11 07:00:00+00:00,2019-10-11 07:15:00+00:00,-1,0.9999999999997906,TP,False
S2-08,asia_reclaim,EURUSD,2019-10-15 01:45:00+00:00,2019-10-15 02:00:00+00:00,2019-10-15 02:15:00+00:00,-1,1.0000000000001301,TP,False
S2-08,asia_reclaim,EURUSD,2019-10-15 06:00:00+00:00,2019-10-15 06:15:00+00:00,2019-10-15 06:15:00+00:00,-1,0.9999999999998717,TP,False
S2-08,asia_reclaim,EURUSD,2019-10-16 01:15:00+00:00,2019-10-16 01:30:00+00:00,2019-10-16 02:15:00+00:00,1,-1.0000000000004312,SL,False
S2-08,asia_reclaim,EURUSD,2019-10-16 06:00:00+00:00,2019-10-16 06:15:00+00:00,2019-10-16 06:15:00+00:00,-1,-1.0000000000001321,SL,False
S2-08,asia_reclaim,EURUSD,2019-10-17 06:15:00+00:00,2019-10-17 06:30:00+00:00,2019-10-17 06:45:00+00:00,1,-1.000000000000135,SL,False
S2-08,asia_reclaim,EURUSD,2019-10-18 01:15:00+00:00,2019-10-18 01:30:00+00:00,2019-10-18 01:45:00+00:00,-1,0.9999999999997324,TP,False
S2-08,asia_reclaim,EURUSD,2019-10-18 04:45:00+00:00,2019-10-18 05:00:00+00:00,2019-10-18 05:15:00+00:00,1,0.9999999999996532,TP,False
S2-08,asia_reclaim,EURUSD,2019-10-21 01:30:00+00:00,2019-10-21 01:45:00+00:00,2019-10-21 04:00:00+00:00,1,1.0,TP,False
S2-08,asia_reclaim,EURUSD,2019-10-21 06:00:00+00:00,2019-10-21 06:15:00+00:00,2019-10-21 06:15:00+00:00,1,0.9999999999997317,TP,False
S2-08,asia_reclaim,EURUSD,2019-10-22 01:15:00+00:00,2019-10-22 01:30:00+00:00,2019-10-22 01:30:00+00:00,-1,0.9999999999996926,TP,False
S2-08,asia_reclaim,EURUSD,2019-10-22 02:00:00+00:00,2019-10-22 02:15:00+00:00,2019-10-22 02:30:00+00:00,1,0.9999999999998581,TP,False
S2-08,asia_reclaim,EURUSD,2019-10-23 01:30:00+00:00,2019-10-23 01:45:00+00:00,2019-10-23 01:45:00+00:00,1,-0.9999999999998745,SL,False
S2-08,asia_reclaim,EURUSD,2019-10-23 02:00:00+00:00,2019-10-23 02:15:00+00:00,2019-10-23 02:30:00+00:00,1,-1.0,SL,False
S2-08,asia_reclaim,EURUSD,2019-10-23 02:45:00+00:00,2019-10-23 03:00:00+00:00,2019-10-23 03:00:00+00:00,1,-1.0000000000002294,SL,False
S2-08,asia_reclaim,EURUSD,2019-10-23 03:45:00+00:00,2019-10-23 04:00:00+00:00,2019-10-23 04:15:00+00:00,1,0.99999999999976,TP,False
S2-08,asia_reclaim,EURUSD,2019-10-25 02:00:00+00:00,2019-10-25 02:15:00+00:00,2019-10-25 03:30:00+00:00,1,-1.0000000000005438,SL,False
S2-08,asia_reclaim,EURUSD,2019-10-25 06:30:00+00:00,2019-10-25 06:45:00+00:00,2019-10-25 06:45:00+00:00,-1,-0.9999999999995617,SL,False
S2-08,asia_reclaim,EURUSD,2019-10-28 01:45:00+00:00,2019-10-28 02:00:00+00:00,2019-10-28 02:15:00+00:00,1,-0.9999999999996283,SL,False
S2-08,asia_reclaim,EURUSD,2019-10-28 02:15:00+00:00,2019-10-28 02:30:00+00:00,2019-10-28 02:30:00+00:00,1,-0.9999999999994733,SL,False
S2-08,asia_reclaim,EURUSD,2019-10-28 02:30:00+00:00,2019-10-28 02:45:00+00:00,2019-10-28 03:15:00+00:00,1,0.9999999999998318,TP,False
S2-08,asia_reclaim,EURUSD,2019-10-28 06:15:00+00:00,2019-10-28 06:30:00+00:00,2019-10-28 06:30:00+00:00,-1,-1.000000000000351,SL,False
S2-08,asia_reclaim,EURUSD,2019-10-28 06:30:00+00:00,2019-10-28 06:45:00+00:00,2019-10-28 06:45:00+00:00,-1,-1.0000000000001632,SL,False
S2-08,asia_reclaim,EURUSD,2019-10-29 02:15:00+00:00,2019-10-29 02:30:00+00:00,2019-10-29 03:00:00+00:00,-1,0.9999999999997332,TP,False
S2-08,asia_reclaim,EURUSD,2019-10-30 01:30:00+00:00,2019-10-30 01:45:00+00:00,2019-10-30 02:00:00+00:00,-1,1.0,TP,False
S2-08,asia_reclaim,EURUSD,2019-10-30 03:15:00+00:00,2019-10-30 03:30:00+00:00,2019-10-30 05:00:00+00:00,1,0.99999999999976,TP,False
S2-08,asia_reclaim,EURUSD,2019-10-30 05:45:00+00:00,2019-10-30 06:00:00+00:00,2019-10-30 06:00:00+00:00,-1,-0.9999999999996597,SL,False
S2-08,asia_reclaim,EURUSD,2019-10-30 06:45:00+00:00,2019-10-30 07:00:00+00:00,2019-10-30 07:00:00+00:00,-1,-1.0,SL,False
S2-08,asia_reclaim,EURUSD,2019-11-04 02:15:00+00:00,2019-11-04 02:30:00+00:00,2019-11-04 02:30:00+00:00,-1,-0.9999999999998581,SL,False
S2-08,asia_reclaim,EURUSD,2019-11-04 02:30:00+00:00,2019-11-04 02:45:00+00:00,2019-11-04 02:45:00+00:00,-1,-1.0000000000001383,SL,False
S2-08,asia_reclaim,EURUSD,2019-11-04 03:15:00+00:00,2019-11-04 03:30:00+00:00,2019-11-04 03:45:00+00:00,-1,0.9999999999997403,TP,False
S2-08,asia_reclaim,EURUSD,2019-11-05 01:00:00+00:00,2019-11-05 01:15:00+00:00,2019-11-05 01:45:00+00:00,1,-0.9999999999996513,SL,False
S2-08,asia_reclaim,EURUSD,2019-11-05 03:15:00+00:00,2019-11-05 03:30:00+00:00,2019-11-05 03:30:00+00:00,1,-1.0000000000001341,SL,False
S2-08,asia_reclaim,EURUSD,2019-11-06 01:30:00+00:00,2019-11-06 01:45:00+00:00,2019-11-06 02:00:00+00:00,-1,-1.0000000000002567,SL,False
S2-08,asia_reclaim,EURUSD,2019-11-06 02:15:00+00:00,2019-11-06 02:30:00+00:00,2019-11-06 03:00:00+00:00,-1,-1.0000000000003524,SL,False
S2-08,asia_reclaim,EURUSD,2019-11-06 03:30:00+00:00,2019-11-06 03:45:00+00:00,2019-11-06 04:00:00+00:00,-1,1.0000000000001306,TP,False
S2-08,asia_reclaim,EURUSD,2019-11-07 01:15:00+00:00,2019-11-07 01:30:00+00:00,2019-11-07 01:45:00+00:00,1,-1.0000000000002311,SL,False
S2-08,asia_reclaim,EURUSD,2019-11-07 02:45:00+00:00,2019-11-07 03:00:00+00:00,2019-11-07 03:00:00+00:00,1,-0.9999999999998873,SL,False
S2-08,asia_reclaim,EURUSD,2019-11-07 03:15:00+00:00,2019-11-07 03:30:00+00:00,2019-11-07 06:00:00+00:00,1,1.0,TP,False
S2-08,asia_reclaim,EURUSD,2019-11-08 01:45:00+00:00,2019-11-08 02:00:00+00:00,2019-11-08 02:45:00+00:00,-1,-1.0000000000004243,SL,False
S2-08,asia_reclaim,EURUSD,2019-11-11 03:15:00+00:00,2019-11-11 03:30:00+00:00,2019-11-11 04:00:00+00:00,-1,-1.0,SL,False
S2-08,asia_reclaim,EURUSD,2019-11-11 04:00:00+00:00,2019-11-11 04:15:00+00:00,2019-11-11 06:00:00+00:00,-1,-1.0,SL,False
S2-08,asia_reclaim,EURUSD,2019-11-11 06:00:00+00:00,2019-11-11 06:15:00+00:00,2019-11-11 06:15:00+00:00,-1,0.9999999999994182,TP,False
S2-08,asia_reclaim,EURUSD,2019-11-11 06:45:00+00:00,2019-11-11 07:00:00+00:00,2019-11-11 07:00:00+00:00,-1,-0.999999999999649,SL,False
S2-08,asia_reclaim,EURUSD,2019-11-12 02:00:00+00:00,2019-11-12 02:15:00+00:00,2019-11-12 02:30:00+00:00,1,-1.0,SL,False
S2-08,asia_reclaim,EURUSD,2019-11-12 02:30:00+00:00,2019-11-12 02:45:00+00:00,2019-11-12 03:15:00+00:00,1,0.9999999999995862,TP,False
S2-08,asia_reclaim,EURUSD,2019-11-12 06:15:00+00:00,2019-11-12 06:30:00+00:00,2019-11-12 06:30:00+00:00,-1,1.0,TP,False
S2-08,asia_reclaim,EURUSD,2019-11-13 02:15:00+00:00,2019-11-13 02:30:00+00:00,2019-11-13 02:45:00+00:00,1,1.0000000000002742,TP,False
S2-08,asia_reclaim,EURUSD,2019-11-13 05:15:00+00:00,2019-11-13 05:30:00+00:00,2019-11-13 05:45:00+00:00,-1,1.000000000000158,TP,False
S2-08,asia_reclaim,EURUSD,2019-11-13 06:30:00+00:00,2019-11-13 06:45:00+00:00,2019-11-13 06:45:00+00:00,-1,1.0000000000003364,TP,False
S2-08,asia_reclaim,EURUSD,2019-11-14 01:15:00+00:00,2019-11-14 01:30:00+00:00,2019-11-14 01:45:00+00:00,1,-0.9999999999998599,SL,False
S2-08,asia_reclaim,EURUSD,2019-11-14 01:45:00+00:00,2019-11-14 02:00:00+00:00,2019-11-14 02:00:00+00:00,1,-1.0,SL,False
S2-08,asia_reclaim,EURUSD,2019-11-14 05:15:00+00:00,2019-11-14 05:30:00+00:00,2019-11-14 05:30:00+00:00,1,1.000000000000399,TP,False
S2-08,asia_reclaim,EURUSD,2019-11-18 01:00:00+00:00,2019-11-18 01:15:00+00:00,2019-11-18 01:45:00+00:00,-1,-0.9999999999994973,SL,False
S2-08,asia_reclaim,EURUSD,2019-11-18 01:45:00+00:00,2019-11-18 02:00:00+00:00,2019-11-18 02:00:00+00:00,-1,-1.0000000000003966,SL,False
S2-08,asia_reclaim,EURUSD,2019-11-18 02:15:00+00:00,2019-11-18 02:30:00+00:00,2019-11-18 02:45:00+00:00,-1,-0.9999999999998095,SL,False
S2-08,asia_reclaim,EURUSD,2019-11-18 03:00:00+00:00,2019-11-18 03:15:00+00:00,2019-11-18 03:15:00+00:00,-1,-1.0,SL,False
S2-08,asia_reclaim,EURUSD,2019-11-18 03:30:00+00:00,2019-11-18 03:45:00+00:00,2019-11-18 03:45:00+00:00,-1,-1.0000000000003568,SL,False
S2-08,asia_reclaim,EURUSD,2019-11-18 04:00:00+00:00,2019-11-18 04:15:00+00:00,2019-11-18 04:15:00+00:00,-1,0.9999999999994992,TP,False
S2-08,asia_reclaim,EURUSD,2019-11-19 03:45:00+00:00,2019-11-19 04:00:00+00:00,2019-11-19 05:45:00+00:00,-1,-0.9999999999995888,SL,False
S2-08,asia_reclaim,EURUSD,2019-11-19 05:45:00+00:00,2019-11-19 06:00:00+00:00,2019-11-19 06:00:00+00:00,-1,-0.9999999999997802,SL,False
S2-08,asia_reclaim,EURUSD,2019-11-19 06:15:00+00:00,2019-11-19 06:30:00+00:00,2019-11-19 06:30:00+00:00,-1,0.9999999999994628,TP,False
S2-08,asia_reclaim,EURUSD,2019-11-20 01:00:00+00:00,2019-11-20 01:15:00+00:00,2019-11-20 01:15:00+00:00,-1,1.000000000000157,TP,False
S2-08,asia_reclaim,EURUSD,2019-11-20 01:30:00+00:00,2019-11-20 01:45:00+00:00,2019-11-20 01:45:00+00:00,1,-1.0000000000002742,SL,False
S2-08,asia_reclaim,EURUSD,2019-11-20 01:45:00+00:00,2019-11-20 02:00:00+00:00,2019-11-20 02:15:00+00:00,1,-1.0000000000002758,SL,False
S2-08,asia_reclaim,EURUSD,2019-11-20 02:15:00+00:00,2019-11-20 02:30:00+00:00,2019-11-20 02:30:00+00:00,1,0.9999999999995862,TP,False
S2-08,asia_reclaim,EURUSD,2019-11-21 02:30:00+00:00,2019-11-21 02:45:00+00:00,2019-11-21 03:30:00+00:00,1,-1.0000000000004707,SL,False
S2-08,asia_reclaim,EURUSD,2019-11-21 03:45:00+00:00,2019-11-21 04:00:00+00:00,2019-11-21 05:45:00+00:00,1,1.0,TP,False
S2-08,asia_reclaim,EURUSD,2019-11-21 06:30:00+00:00,2019-11-21 06:45:00+00:00,2019-11-21 06:45:00+00:00,1,-1.0,SL,False
S2-08,asia_reclaim,EURUSD,2019-11-22 01:15:00+00:00,2019-11-22 01:30:00+00:00,2019-11-22 02:30:00+00:00,1,-0.9999999999994775,SL,False
S2-08,asia_reclaim,EURUSD,2019-11-22 06:15:00+00:00,2019-11-22 06:30:00+00:00,2019-11-22 06:30:00+00:00,-1,-1.0000000000008076,SL,False
S2-08,asia_reclaim,EURUSD,2019-11-25 01:15:00+00:00,2019-11-25 01:30:00+00:00,2019-11-25 01:30:00+00:00,-1,-1.0000000000003417,SL,False
S2-08,asia_reclaim,EURUSD,2019-11-25 02:15:00+00:00,2019-11-25 02:30:00+00:00,2019-11-25 02:45:00+00:00,-1,1.0000000000005393,TP,False
S2-08,asia_reclaim,EURUSD,2019-11-25 02:45:00+00:00,2019-11-25 03:00:00+00:00,2019-11-25 03:00:00+00:00,-1,1.0000000000003195,TP,False
S2-08,asia_reclaim,EURUSD,2019-11-25 03:15:00+00:00,2019-11-25 03:30:00+00:00,2019-11-25 05:00:00+00:00,1,0.999999999999853,TP,False
S2-08,asia_reclaim,EURUSD,2019-11-26 01:00:00+00:00,2019-11-26 01:15:00+00:00,2019-11-26 01:45:00+00:00,1,1.0000000000002318,TP,False
S2-08,asia_reclaim,EURUSD,2019-11-26 06:00:00+00:00,2019-11-26 06:15:00+00:00,2019-11-26 06:15:00+00:00,-1,1.0000000000001603,TP,False
S2-08,asia_reclaim,EURUSD,2019-11-27 01:30:00+00:00,2019-11-27 01:45:00+00:00,2019-11-27 02:00:00+00:00,1,-0.9999999999998286,SL,False
S2-08,asia_reclaim,EURUSD,2019-11-27 02:15:00+00:00,2019-11-27 02:30:00+00:00,2019-11-27 03:15:00+00:00,1,1.000000000000162,TP,False
S2-08,asia_reclaim,EURUSD,2019-11-27 04:15:00+00:00,2019-11-27 04:30:00+00:00,2019-11-27 04:30:00+00:00,1,-1.0000000000001763,SL,False
S2-08,asia_reclaim,EURUSD,2019-11-27 04:45:00+00:00,2019-11-27 05:00:00+00:00,2019-11-27 05:30:00+00:00,1,-1.0000000000001676,SL,False
S2-08,asia_reclaim,EURUSD,2019-11-28 01:00:00+00:00,2019-11-28 01:15:00+00:00,2019-11-28 05:00:00+00:00,-1,-0.6394120849210669,TIME,False
S2-08,asia_reclaim,EURUSD,2019-11-28 05:45:00+00:00,2019-11-28 06:00:00+00:00,2019-11-28 06:00:00+00:00,-1,-0.9999999999997189,SL,False
S2-08,asia_reclaim,EURUSD,2019-11-28 06:15:00+00:00,2019-11-28 06:30:00+00:00,2019-11-28 07:00:00+00:00,-1,-1.0,SL,False
S2-08,asia_reclaim,EURUSD,2019-11-29 02:00:00+00:00,2019-11-29 02:15:00+00:00,2019-11-29 03:00:00+00:00,-1,1.0000000000006002,TP,False
S2-08,asia_reclaim,EURUSD,2019-12-02 01:30:00+00:00,2019-12-02 01:45:00+00:00,2019-12-02 02:15:00+00:00,-1,-0.9999999999996204,SL,False
S2-08,asia_reclaim,EURUSD,2019-12-02 02:15:00+00:00,2019-12-02 02:30:00+00:00,2019-12-02 02:45:00+00:00,-1,1.0000000000001563,TP,False
S2-08,asia_reclaim,EURUSD,2019-12-03 01:00:00+00:00,2019-12-03 01:15:00+00:00,2019-12-03 03:30:00+00:00,1,1.0000000000001188,TP,False
S2-08,asia_reclaim,EURUSD,2019-12-03 04:15:00+00:00,2019-12-03 04:30:00+00:00,2019-12-03 04:45:00+00:00,-1,0.9999999999996314,TP,False
S2-08,asia_reclaim,EURUSD,2019-12-04 01:30:00+00:00,2019-12-04 01:45:00+00:00,2019-12-04 01:45:00+00:00,1,-0.9999999999997049,SL,False
S2-08,asia_reclaim,EURUSD,2019-12-04 05:30:00+00:00,2019-12-04 05:45:00+00:00,2019-12-04 06:15:00+00:00,1,0.9999999999998188,TP,False
S2-08,asia_reclaim,EURUSD,2019-12-06 03:00:00+00:00,2019-12-06 03:15:00+00:00,2019-12-06 04:45:00+00:00,-1,0.9999999999996475,TP,False
S2-08,asia_reclaim,EURUSD,2019-12-09 03:00:00+00:00,2019-12-09 03:15:00+00:00,2019-12-09 04:45:00+00:00,1,0.999999999999848,TP,False
S2-08,asia_reclaim,EURUSD,2019-12-09 06:30:00+00:00,2019-12-09 06:45:00+00:00,2019-12-09 06:45:00+00:00,-1,-1.0000000000002105,SL,False
S2-08,asia_reclaim,EURUSD,2019-12-10 01:15:00+00:00,2019-12-10 01:30:00+00:00,2019-12-10 01:30:00+00:00,-1,-0.9999999999997876,SL,False
S2-08,asia_reclaim,EURUSD,2019-12-11 01:15:00+00:00,2019-12-11 01:30:00+00:00,2019-12-11 01:45:00+00:00,-1,-0.9999999999998862,SL,False
S2-08,asia_reclaim,EURUSD,2019-12-11 04:30:00+00:00,2019-12-11 04:45:00+00:00,2019-12-11 05:15:00+00:00,1,-1.0000000000005742,SL,False
S2-08,asia_reclaim,EURUSD,2019-12-11 05:15:00+00:00,2019-12-11 05:30:00+00:00,2019-12-11 05:45:00+00:00,1,-1.0,SL,False
S2-08,asia_reclaim,EURUSD,2019-12-11 05:45:00+00:00,2019-12-11 06:00:00+00:00,2019-12-11 06:00:00+00:00,1,-1.0000000000004776,SL,False
S2-08,asia_reclaim,EURUSD,2019-12-12 01:00:00+00:00,2019-12-12 01:15:00+00:00,2019-12-12 01:45:00+00:00,-1,-0.9999999999997019,SL,False
S2-08,asia_reclaim,EURUSD,2019-12-12 02:30:00+00:00,2019-12-12 02:45:00+00:00,2019-12-12 02:45:00+00:00,-1,-0.9999999999998463,SL,False
S2-08,asia_reclaim,EURUSD,2019-12-13 01:15:00+00:00,2019-12-13 01:30:00+00:00,2019-12-13 05:15:00+00:00,1,-0.5046544334315564,TIME,False
S2-08,asia_reclaim,EURUSD,2019-12-13 06:30:00+00:00,2019-12-13 06:45:00+00:00,2019-12-13 06:45:00+00:00,1,-1.0000000000000928,SL,False
S2-08,asia_reclaim,EURUSD,2019-12-13 06:45:00+00:00,2019-12-13 07:00:00+00:00,2019-12-13 07:00:00+00:00,1,-1.000000000000092,SL,False
S2-08,asia_reclaim,EURUSD,2019-12-16 01:15:00+00:00,2019-12-16 01:30:00+00:00,2019-12-16 02:00:00+00:00,-1,-1.000000000000179,SL,False
S2-08,asia_reclaim,EURUSD,2019-12-16 04:00:00+00:00,2019-12-16 04:15:00+00:00,2019-12-16 05:00:00+00:00,-1,-1.0000000000001559,SL,False
S2-08,asia_reclaim,EURUSD,2019-12-16 05:45:00+00:00,2019-12-16 06:00:00+00:00,2019-12-16 06:00:00+00:00,-1,-1.0,SL,False
S2-08,asia_reclaim,EURUSD,2019-12-16 06:00:00+00:00,2019-12-16 06:15:00+00:00,2019-12-16 06:30:00+00:00,-1,-0.9999999999998426,SL,False
S2-08,asia_reclaim,EURUSD,2019-12-17 01:15:00+00:00,2019-12-17 01:30:00+00:00,2019-12-17 02:30:00+00:00,-1,-0.9999999999997712,SL,False
S2-08,asia_reclaim,EURUSD,2019-12-17 03:15:00+00:00,2019-12-17 03:30:00+00:00,2019-12-17 03:45:00+00:00,-1,-0.9999999999998459,SL,False
S2-08,asia_reclaim,EURUSD,2019-12-17 03:45:00+00:00,2019-12-17 04:00:00+00:00,2019-12-17 04:30:00+00:00,-1,-1.0000000000003444,SL,False
S2-08,asia_reclaim,EURUSD,2019-12-17 05:15:00+00:00,2019-12-17 05:30:00+00:00,2019-12-17 06:30:00+00:00,-1,1.0000000000001663,TP,False
S2-08,asia_reclaim,EURUSD,2019-12-18 01:45:00+00:00,2019-12-18 02:00:00+00:00,2019-12-18 02:00:00+00:00,1,-0.9999999999995888,SL,False
S2-08,asia_reclaim,EURUSD,2019-12-18 02:30:00+00:00,2019-12-18 02:45:00+00:00,2019-12-18 03:00:00+00:00,1,-1.0000000000001135,SL,False
S2-08,asia_reclaim,EURUSD,2019-12-18 03:30:00+00:00,2019-12-18 03:45:00+00:00,2019-12-18 04:45:00+00:00,1,-0.9999999999997871,SL,False
S2-08,asia_reclaim,EURUSD,2019-12-19 01:15:00+00:00,2019-12-19 01:30:00+00:00,2019-12-19 01:30:00+00:00,-1,-0.9999999999996046,SL,False
S2-08,asia_reclaim,EURUSD,2019-12-19 01:45:00+00:00,2019-12-19 02:00:00+00:00,2019-12-19 02:30:00+00:00,-1,-0.9999999999998694,SL,False
S2-08,asia_reclaim,EURUSD,2019-12-20 03:15:00+00:00,2019-12-20 03:30:00+00:00,2019-12-20 05:30:00+00:00,1,0.9999999999996011,TP,False
S2-08,asia_reclaim,EURUSD,2019-12-23 03:00:00+00:00,2019-12-23 03:15:00+00:00,2019-12-23 03:15:00+00:00,-1,-0.999999999999853,SL,False
S2-08,asia_reclaim,EURUSD,2019-12-23 05:45:00+00:00,2019-12-23 06:00:00+00:00,2019-12-23 06:00:00+00:00,-1,-1.0000000000004658,SL,False
S2-08,asia_reclaim,EURUSD,2019-12-23 06:00:00+00:00,2019-12-23 06:15:00+00:00,2019-12-23 06:15:00+00:00,-1,-1.0,SL,False
S2-08,asia_reclaim,EURUSD,2019-12-23 06:45:00+00:00,2019-12-23 07:00:00+00:00,2019-12-23 07:00:00+00:00,-1,-1.0000000000001559,SL,False
S2-08,asia_reclaim,EURUSD,2019-12-25 01:00:00+00:00,2019-12-25 01:15:00+00:00,2019-12-25 01:15:00+00:00,1,-0.9999999999997029,SL,False
S2-08,asia_reclaim,EURUSD,2019-12-27 01:00:00+00:00,2019-12-27 01:15:00+00:00,2019-12-27 01:15:00+00:00,-1,-0.9999999999997224,SL,False
S2-08,asia_reclaim,EURUSD,2019-12-27 01:15:00+00:00,2019-12-27 01:30:00+00:00,2019-12-27 01:30:00+00:00,-1,-1.0,SL,False
S2-08,asia_reclaim,EURUSD,2019-12-27 04:30:00+00:00,2019-12-27 04:45:00+00:00,2019-12-27 05:00:00+00:00,-1,-0.9999999999997568,SL,False
S2-08,asia_reclaim,EURUSD,2019-12-27 05:45:00+00:00,2019-12-27 06:00:00+00:00,2019-12-27 06:15:00+00:00,-1,0.9999999999997039,TP,False
S2-08,asia_reclaim,EURUSD,2019-12-30 01:15:00+00:00,2019-12-30 01:30:00+00:00,2019-12-30 01:30:00+00:00,-1,-0.9999999999998315,SL,False
S2-08,asia_reclaim,EURUSD,2019-12-30 02:45:00+00:00,2019-12-30 03:00:00+00:00,2019-12-30 03:00:00+00:00,-1,-0.9999999999996917,SL,False
S2-08,asia_reclaim,EURUSD,2019-12-30 03:15:00+00:00,2019-12-30 03:30:00+00:00,2019-12-30 03:30:00+00:00,-1,0.9999999999998146,TP,False
S2-08,asia_reclaim,EURUSD,2019-12-31 03:30:00+00:00,2019-12-31 03:45:00+00:00,2019-12-31 05:45:00+00:00,1,1.0000000000001104,TP,False
S2-08,asia_reclaim,EURUSD,2020-01-02 02:45:00+00:00,2020-01-02 03:00:00+00:00,2020-01-02 03:15:00+00:00,-1,0.9999999999997554,TP,False
S2-08,asia_reclaim,EURUSD,2020-01-02 03:45:00+00:00,2020-01-02 04:00:00+00:00,2020-01-02 04:30:00+00:00,1,-0.9999999999996687,SL,False
S2-08,asia_reclaim,EURUSD,2020-01-03 01:15:00+00:00,2020-01-03 01:30:00+00:00,2020-01-03 01:30:00+00:00,-1,0.9999999999998647,TP,False
S2-08,asia_reclaim,EURUSD,2020-01-03 03:15:00+00:00,2020-01-03 03:30:00+00:00,2020-01-03 04:45:00+00:00,1,-1.0,SL,False
S2-08,asia_reclaim,EURUSD,2020-01-03 04:45:00+00:00,2020-01-03 05:00:00+00:00,2020-01-03 05:00:00+00:00,1,-1.0,SL,False
S2-08,asia_reclaim,EURUSD,2020-01-03 06:00:00+00:00,2020-01-03 06:15:00+00:00,2020-01-03 06:30:00+00:00,1,0.9999999999998989,TP,False
S2-08,asia_reclaim,EURUSD,2020-01-06 03:30:00+00:00,2020-01-06 03:45:00+00:00,2020-01-06 04:15:00+00:00,-1,0.9999999999996902,TP,False
S2-08,asia_reclaim,EURUSD,2020-01-06 06:15:00+00:00,2020-01-06 06:30:00+00:00,2020-01-06 06:30:00+00:00,1,-1.0,SL,False
S2-08,asia_reclaim,EURUSD,2020-01-07 06:00:00+00:00,2020-01-07 06:15:00+00:00,2020-01-07 06:15:00+00:00,1,-0.9999999999997505,SL,False
S2-08,asia_reclaim,EURUSD,2020-01-08 04:45:00+00:00,2020-01-08 05:00:00+00:00,2020-01-08 06:15:00+00:00,1,1.0000000000002702,TP,False
S2-08,asia_reclaim,EURUSD,2020-01-09 01:45:00+00:00,2020-01-09 02:00:00+00:00,2020-01-09 04:00:00+00:00,-1,1.000000000000108,TP,False
S2-08,asia_reclaim,EURUSD,2020-01-10 01:00:00+00:00,2020-01-10 01:15:00+00:00,2020-01-10 01:30:00+00:00,1,-1.000000000000354,SL,False
S2-08,asia_reclaim,EURUSD,2020-01-10 04:30:00+00:00,2020-01-10 04:45:00+00:00,2020-01-10 05:30:00+00:00,-1,-0.9999999999996722,SL,False
S2-08,asia_reclaim,EURUSD,2020-01-13 01:30:00+00:00,2020-01-13 01:45:00+00:00,2020-01-13 02:30:00+00:00,-1,-1.000000000000263,SL,False
S2-08,asia_reclaim,EURUSD,2020-01-13 04:15:00+00:00,2020-01-13 04:30:00+00:00,2020-01-13 05:45:00+00:00,-1,-0.9999999999997009,SL,False
S2-08,asia_reclaim,EURUSD,2020-01-13 05:45:00+00:00,2020-01-13 06:00:00+00:00,2020-01-13 06:00:00+00:00,-1,0.9999999999995963,TP,False
S2-08,asia_reclaim,EURUSD,2020-01-14 01:45:00+00:00,2020-01-14 02:00:00+00:00,2020-01-14 05:45:00+00:00,1,-0.1947725072604066,TIME,False
S2-08,asia_reclaim,EURUSD,2020-01-15 06:15:00+00:00,2020-01-15 06:30:00+00:00,2020-01-15 06:30:00+00:00,-1,1.000000000000367,TP,False
S2-08,asia_reclaim,EURUSD,2020-01-16 02:30:00+00:00,2020-01-16 02:45:00+00:00,2020-01-16 03:15:00+00:00,1,1.0,TP,False
S2-08,asia_reclaim,EURUSD,2020-01-16 06:30:00+00:00,2020-01-16 06:45:00+00:00,2020-01-16 06:45:00+00:00,1,0.9999999999994953,TP,False
S2-08,asia_reclaim,EURUSD,2020-01-17 01:30:00+00:00,2020-01-17 01:45:00+00:00,2020-01-17 02:00:00+00:00,1,1.0000000000001632,TP,False
S2-08,asia_reclaim,EURUSD,2020-01-17 02:30:00+00:00,2020-01-17 02:45:00+00:00,2020-01-17 02:45:00+00:00,-1,1.0000000000004792,TP,False
S2-08,asia_reclaim,EURUSD,2020-01-20 01:00:00+00:00,2020-01-20 01:15:00+00:00,2020-01-20 05:00:00+00:00,1,-0.11067540860181321,TIME,False
S2-08,asia_reclaim,EURUSD,2020-01-20 06:30:00+00:00,2020-01-20 06:45:00+00:00,2020-01-20 07:15:00+00:00,-1,-0.9999999999998325,SL,True
S2-08,asia_reclaim,EURUSD,2020-01-21 01:15:00+00:00,2020-01-21 01:30:00+00:00,2020-01-21 02:00:00+00:00,1,0.9999999999995589,TP,False
S2-08,asia_reclaim,EURUSD,2020-01-21 03:00:00+00:00,2020-01-21 03:15:00+00:00,2020-01-21 04:45:00+00:00,-1,-1.000000000000368,SL,False
S2-08,asia_reclaim,EURUSD,2020-01-22 01:30:00+00:00,2020-01-22 01:45:00+00:00,2020-01-22 02:15:00+00:00,1,-1.0000000000001592,SL,False
S2-08,asia_reclaim,EURUSD,2020-01-22 02:15:00+00:00,2020-01-22 02:30:00+00:00,2020-01-22 03:00:00+00:00,1,1.0000000000002758,TP,False
S2-08,asia_reclaim,EURUSD,2020-01-24 05:15:00+00:00,2020-01-24 05:30:00+00:00,2020-01-24 05:30:00+00:00,1,-1.0000000000001983,SL,False
S2-08,asia_reclaim,EURUSD,2020-01-24 05:45:00+00:00,2020-01-24 06:00:00+00:00,2020-01-24 06:00:00+00:00,1,-0.9999999999998299,SL,False
S2-08,asia_reclaim,EURUSD,2020-01-29 02:00:00+00:00,2020-01-29 02:15:00+00:00,2020-01-29 03:15:00+00:00,1,-0.9999999999995837,SL,False
S2-08,asia_reclaim,EURUSD,2020-01-29 03:30:00+00:00,2020-01-29 03:45:00+00:00,2020-01-29 04:00:00+00:00,1,-1.0,SL,False
S2-08,asia_reclaim,EURUSD,2020-01-29 04:00:00+00:00,2020-01-29 04:15:00+00:00,2020-01-29 05:15:00+00:00,1,-0.9999999999998292,SL,False
S2-08,asia_reclaim,EURUSD,2020-01-30 01:15:00+00:00,2020-01-30 01:30:00+00:00,2020-01-30 01:45:00+00:00,1,-1.0000000000002236,SL,False
S2-08,asia_reclaim,EURUSD,2020-01-30 05:00:00+00:00,2020-01-30 05:15:00+00:00,2020-01-30 05:45:00+00:00,-1,0.9999999999994775,TP,False
S2-08,asia_reclaim,EURUSD,2020-01-31 01:00:00+00:00,2020-01-31 01:15:00+00:00,2020-01-31 01:15:00+00:00,-1,1.0,TP,False
S2-08,asia_reclaim,EURUSD,2020-01-31 01:45:00+00:00,2020-01-31 02:00:00+00:00,2020-01-31 02:00:00+00:00,1,1.00000000000045,TP,False
S2-08,asia_reclaim,EURUSD,2020-01-31 03:30:00+00:00,2020-01-31 03:45:00+00:00,2020-01-31 04:15:00+00:00,1,-1.0000000000001277,SL,False
S2-08,asia_reclaim,EURUSD,2020-01-31 04:15:00+00:00,2020-01-31 04:30:00+00:00,2020-01-31 05:45:00+00:00,1,-1.0,SL,False
S2-08,asia_reclaim,EURUSD,2020-02-04 01:00:00+00:00,2020-02-04 01:15:00+00:00,2020-02-04 01:45:00+00:00,1,1.0000000000003626,TP,False
S2-08,asia_reclaim,EURUSD,2020-02-04 01:45:00+00:00,2020-02-04 02:00:00+00:00,2020-02-04 02:00:00+00:00,-1,1.0000000000003377,TP,False
S2-08,asia_reclaim,EURUSD,2020-02-04 02:15:00+00:00,2020-02-04 02:30:00+00:00,2020-02-04 03:00:00+00:00,1,0.999999999999519,TP,False
S2-08,asia_reclaim,EURUSD,2020-02-04 03:15:00+00:00,2020-02-04 03:30:00+00:00,2020-02-04 03:30:00+00:00,1,1.000000000000145,TP,False
S2-08,asia_reclaim,EURUSD,2020-02-05 01:15:00+00:00,2020-02-05 01:30:00+00:00,2020-02-05 01:30:00+00:00,1,-0.9999999999994875,SL,False
S2-08,asia_reclaim,EURUSD,2020-02-05 03:15:00+00:00,2020-02-05 03:30:00+00:00,2020-02-05 05:30:00+00:00,1,1.0,TP,False
S2-08,asia_reclaim,EURUSD,2020-02-06 01:15:00+00:00,2020-02-06 01:30:00+00:00,2020-02-06 01:45:00+00:00,1,-1.0000000000003364,SL,False
S2-08,asia_reclaim,EURUSD,2020-02-06 01:45:00+00:00,2020-02-06 02:00:00+00:00,2020-02-06 03:30:00+00:00,1,-1.000000000000149,SL,False
S2-08,asia_reclaim,EURUSD,2020-02-06 04:15:00+00:00,2020-02-06 04:30:00+00:00,2020-02-06 05:15:00+00:00,1,0.9999999999997135,TP,False
S2-08,asia_reclaim,EURUSD,2020-02-06 05:15:00+00:00,2020-02-06 05:30:00+00:00,2020-02-06 05:45:00+00:00,1,1.0000000000003417,TP,False
S2-08,asia_reclaim,EURUSD,2020-02-06 06:45:00+00:00,2020-02-06 07:00:00+00:00,2020-02-06 07:00:00+00:00,-1,0.9999999999998599,TP,False
S2-08,asia_reclaim,EURUSD,2020-02-07 01:15:00+00:00,2020-02-07 01:30:00+00:00,2020-02-07 02:30:00+00:00,-1,-0.9999999999996648,SL,False
S2-08,asia_reclaim,EURUSD,2020-02-07 02:30:00+00:00,2020-02-07 02:45:00+00:00,2020-02-07 02:45:00+00:00,-1,-1.000000000000423,SL,False
S2-08,asia_reclaim,EURUSD,2020-02-07 03:15:00+00:00,2020-02-07 03:30:00+00:00,2020-02-07 04:00:00+00:00,-1,0.9999999999996314,TP,False
S2-08,asia_reclaim,EURUSD,2020-02-10 01:00:00+00:00,2020-02-10 01:15:00+00:00,2020-02-10 02:45:00+00:00,-1,-1.0000000000002942,SL,False
S2-08,asia_reclaim,EURUSD,2020-02-10 05:00:00+00:00,2020-02-10 05:15:00+00:00,2020-02-10 05:30:00+00:00,-1,1.0000000000004916,TP,False
S2-08,asia_reclaim,EURUSD,2020-02-11 01:45:00+00:00,2020-02-11 02:00:00+00:00,2020-02-11 02:30:00+00:00,-1,-0.9999999999998659,SL,False
S2-08,asia_reclaim,EURUSD,2020-02-11 02:30:00+00:00,2020-02-11 02:45:00+00:00,2020-02-11 03:15:00+00:00,-1,-1.0,SL,False
S2-08,asia_reclaim,EURUSD,2020-02-11 03:30:00+00:00,2020-02-11 03:45:00+00:00,2020-02-11 04:45:00+00:00,-1,1.0000000000002733,TP,False
S2-08,asia_reclaim,EURUSD,2020-02-12 01:00:00+00:00,2020-02-12 01:15:00+00:00,2020-02-12 01:45:00+00:00,1,0.9999999999998893,TP,False
S2-08,asia_reclaim,EURUSD,2020-02-12 01:45:00+00:00,2020-02-12 02:00:00+00:00,2020-02-12 02:00:00+00:00,-1,1.0,TP,False
S2-08,asia_reclaim,EURUSD,2020-02-12 06:45:00+00:00,2020-02-12 07:00:00+00:00,2020-02-12 07:00:00+00:00,1,-0.9999999999998603,SL,False
S2-08,asia_reclaim,EURUSD,2020-02-13 01:30:00+00:00,2020-02-13 01:45:00+00:00,2020-02-13 02:00:00+00:00,1,-0.999999999999631,SL,False
S2-08,asia_reclaim,EURUSD,2020-02-13 02:00:00+00:00,2020-02-13 02:15:00+00:00,2020-02-13 03:00:00+00:00,1,-0.9999999999998807,SL,False
S2-08,asia_reclaim,EURUSD,2020-02-13 04:30:00+00:00,2020-02-13 04:45:00+00:00,2020-02-13 04:45:00+00:00,1,-1.0,SL,False
S2-08,asia_reclaim,EURUSD,2020-02-13 04:45:00+00:00,2020-02-13 05:00:00+00:00,2020-02-13 05:45:00+00:00,1,1.0000000000003217,TP,False
S2-08,asia_reclaim,EURUSD,2020-02-17 01:00:00+00:00,2020-02-17 01:15:00+00:00,2020-02-17 02:30:00+00:00,1,1.0000000000002847,TP,False
S2-08,asia_reclaim,EURUSD,2020-02-17 05:45:00+00:00,2020-02-17 06:00:00+00:00,2020-02-17 06:30:00+00:00,-1,0.9999999999996475,TP,False
S2-08,asia_reclaim,EURUSD,2020-02-19 01:45:00+00:00,2020-02-19 02:00:00+00:00,2020-02-19 02:30:00+00:00,-1,1.0000000000001354,TP,False
S2-08,asia_reclaim,EURUSD,2020-02-19 06:00:00+00:00,2020-02-19 06:15:00+00:00,2020-02-19 06:30:00+00:00,1,1.0000000000005742,TP,False
S2-08,asia_reclaim,EURUSD,2020-02-20 03:00:00+00:00,2020-02-20 03:15:00+00:00,2020-02-20 06:15:00+00:00,1,-0.9999999999998698,SL,False
S2-08,asia_reclaim,EURUSD,2020-02-21 01:00:00+00:00,2020-02-21 01:15:00+00:00,2020-02-21 02:15:00+00:00,-1,0.9999999999998742,TP,False
S2-08,asia_reclaim,EURUSD,2020-02-24 03:00:00+00:00,2020-02-24 03:15:00+00:00,2020-02-24 05:15:00+00:00,1,-0.9999999999999235,SL,False
S2-08,asia_reclaim,EURUSD,2020-02-25 01:00:00+00:00,2020-02-25 01:15:00+00:00,2020-02-25 01:15:00+00:00,1,1.0000000000001752,TP,False
S2-08,asia_reclaim,EURUSD,2020-02-25 01:30:00+00:00,2020-02-25 01:45:00+00:00,2020-02-25 02:00:00+00:00,-1,-0.9999999999999241,SL,False
S2-08,asia_reclaim,EURUSD,2020-02-25 03:00:00+00:00,2020-02-25 03:15:00+00:00,2020-02-25 03:30:00+00:00,-1,-1.0000000000002423,SL,False
S2-08,asia_reclaim,EURUSD,2020-02-25 03:30:00+00:00,2020-02-25 03:45:00+00:00,2020-02-25 04:00:00+00:00,-1,0.9999999999997473,TP,False
S2-08,asia_reclaim,EURUSD,2020-02-27 02:45:00+00:00,2020-02-27 03:00:00+00:00,2020-02-27 04:00:00+00:00,-1,1.0000000000000493,TP,False
S2-08,asia_reclaim,EURUSD,2020-02-27 06:45:00+00:00,2020-02-27 07:00:00+00:00,2020-02-27 07:00:00+00:00,-1,-0.9999999999999297,SL,False
S2-08,asia_reclaim,EURUSD,2020-02-28 02:00:00+00:00,2020-02-28 02:15:00+00:00,2020-02-28 03:30:00+00:00,1,1.0000000000000675,TP,False
S2-08,asia_reclaim,EURUSD,2020-03-02 01:00:00+00:00,2020-03-02 01:15:00+00:00,2020-03-02 04:00:00+00:00,-1,0.9999999999999719,TP,False
S2-08,asia_reclaim,EURUSD,2020-03-03 01:15:00+00:00,2020-03-03 01:30:00+00:00,2020-03-03 01:30:00+00:00,1,0.9999999999998359,TP,False
S2-08,asia_reclaim,EURUSD,2020-03-03 02:30:00+00:00,2020-03-03 02:45:00+00:00,2020-03-03 03:45:00+00:00,-1,0.9999999999998467,TP,False
S2-08,asia_reclaim,EURUSD,2020-03-04 01:30:00+00:00,2020-03-04 01:45:00+00:00,2020-03-04 02:00:00+00:00,1,-1.0000000000001024,SL,False
S2-08,asia_reclaim,EURUSD,2020-03-04 02:00:00+00:00,2020-03-04 02:15:00+00:00,2020-03-04 02:30:00+00:00,1,1.0000000000001097,TP,False
S2-08,asia_reclaim,EURUSD,2020-03-04 03:15:00+00:00,2020-03-04 03:30:00+00:00,2020-03-04 03:45:00+00:00,1,-0.9999999999998237,SL,False
S2-08,asia_reclaim,EURUSD,2020-03-04 03:45:00+00:00,2020-03-04 04:00:00+00:00,2020-03-04 04:15:00+00:00,1,-0.9999999999999365,SL,False
S2-08,asia_reclaim,EURUSD,2020-03-04 04:30:00+00:00,2020-03-04 04:45:00+00:00,2020-03-04 06:00:00+00:00,1,-0.9999999999998674,SL,False
S2-08,asia_reclaim,EURUSD,2020-03-05 03:00:00+00:00,2020-03-05 03:15:00+00:00,2020-03-05 04:00:00+00:00,-1,1.0000000000002538,TP,False
S2-08,asia_reclaim,EURUSD,2020-03-06 01:30:00+00:00,2020-03-06 01:45:00+00:00,2020-03-06 01:45:00+00:00,-1,-1.0000000000000426,SL,False
S2-08,asia_reclaim,EURUSD,2020-03-06 02:00:00+00:00,2020-03-06 02:15:00+00:00,2020-03-06 02:30:00+00:00,-1,1.0000000000001126,TP,False
S2-08,asia_reclaim,EURUSD,2020-03-09 01:00:00+00:00,2020-03-09 01:15:00+00:00,2020-03-09 01:15:00+00:00,1,0.9999999999999625,TP,False
S2-08,asia_reclaim,EURUSD,2020-03-10 01:00:00+00:00,2020-03-10 01:15:00+00:00,2020-03-10 01:45:00+00:00,1,0.9999999999999598,TP,False
S2-08,asia_reclaim,EURUSD,2020-03-10 05:30:00+00:00,2020-03-10 05:45:00+00:00,2020-03-10 05:45:00+00:00,1,-0.9999999999999204,SL,False
S2-08,asia_reclaim,EURUSD,2020-03-10 05:45:00+00:00,2020-03-10 06:00:00+00:00,2020-03-10 06:00:00+00:00,1,0.999999999999953,TP,False
S2-08,asia_reclaim,EURUSD,2020-03-11 04:45:00+00:00,2020-03-11 05:00:00+00:00,2020-03-11 05:00:00+00:00,-1,-0.9999999999999097,SL,False
S2-08,asia_reclaim,EURUSD,2020-03-11 05:15:00+00:00,2020-03-11 05:30:00+00:00,2020-03-11 05:45:00+00:00,-1,-0.9999999999998687,SL,False
S2-08,asia_reclaim,EURUSD,2020-03-11 06:00:00+00:00,2020-03-11 06:15:00+00:00,2020-03-11 06:15:00+00:00,-1,-1.0000000000000435,SL,False
S2-08,asia_reclaim,EURUSD,2020-03-11 06:15:00+00:00,2020-03-11 06:30:00+00:00,2020-03-11 06:30:00+00:00,-1,-1.000000000000041,SL,False
S2-08,asia_reclaim,EURUSD,2020-03-13 01:30:00+00:00,2020-03-13 01:45:00+00:00,2020-03-13 02:45:00+00:00,-1,-0.9999999999999437,SL,False
S2-08,asia_reclaim,EURUSD,2020-03-13 03:00:00+00:00,2020-03-13 03:15:00+00:00,2020-03-13 03:15:00+00:00,-1,-1.0,SL,False
S2-08,asia_reclaim,EURUSD,2020-03-17 01:00:00+00:00,2020-03-17 01:15:00+00:00,2020-03-17 02:15:00+00:00,-1,-1.000000000000122,SL,False
S2-08,asia_reclaim,EURUSD,2020-03-17 02:45:00+00:00,2020-03-17 03:00:00+00:00,2020-03-17 03:00:00+00:00,-1,-1.0000000000000393,SL,False
S2-08,asia_reclaim,EURUSD,2020-03-17 06:45:00+00:00,2020-03-17 07:00:00+00:00,2020-03-17 07:00:00+00:00,1,-1.0000000000000844,SL,False
S2-08,asia_reclaim,EURUSD,2020-03-18 02:30:00+00:00,2020-03-18 02:45:00+00:00,2020-03-18 03:15:00+00:00,-1,-1.0,SL,False
S2-08,asia_reclaim,EURUSD,2020-03-18 03:15:00+00:00,2020-03-18 03:30:00+00:00,2020-03-18 04:00:00+00:00,-1,-0.9999999999999704,SL,False
S2-08,asia_reclaim,EURUSD,2020-03-18 04:00:00+00:00,2020-03-18 04:15:00+00:00,2020-03-18 05:15:00+00:00,-1,-1.0000000000001001,SL,False
S2-08,asia_reclaim,EURUSD,2020-03-20 05:00:00+00:00,2020-03-20 05:15:00+00:00,2020-03-20 05:15:00+00:00,-1,1.0,TP,False
S2-08,asia_reclaim,EURUSD,2020-03-23 02:15:00+00:00,2020-03-23 02:30:00+00:00,2020-03-23 05:15:00+00:00,-1,-0.9999999999999709,SL,False
S2-08,asia_reclaim,EURUSD,2020-03-23 06:00:00+00:00,2020-03-23 06:15:00+00:00,2020-03-23 06:15:00+00:00,-1,-1.0000000000000286,SL,False
S2-08,asia_reclaim,EURUSD,2020-03-25 02:15:00+00:00,2020-03-25 02:30:00+00:00,2020-03-25 02:45:00+00:00,-1,-0.9999999999999757,SL,False
S2-08,asia_reclaim,EURUSD,2020-03-27 01:15:00+00:00,2020-03-27 01:30:00+00:00,2020-03-27 01:45:00+00:00,-1,1.0000000000000648,TP,False
S2-08,asia_reclaim,EURUSD,2020-03-27 03:30:00+00:00,2020-03-27 03:45:00+00:00,2020-03-27 04:15:00+00:00,-1,1.0000000000000269,TP,False
S2-08,asia_reclaim,EURUSD,2020-03-30 02:00:00+00:00,2020-03-30 02:15:00+00:00,2020-03-30 03:15:00+00:00,1,-0.9999999999999275,SL,False
S2-08,asia_reclaim,EURUSD,2020-03-30 04:30:00+00:00,2020-03-30 04:45:00+00:00,2020-03-30 05:45:00+00:00,1,0.9999999999999011,TP,False
S2-08,asia_reclaim,EURUSD,2020-03-30 06:30:00+00:00,2020-03-30 06:45:00+00:00,2020-03-30 06:45:00+00:00,1,0.9999999999999529,TP,False
S2-08,asia_reclaim,EURUSD,2020-04-01 01:15:00+00:00,2020-04-01 01:30:00+00:00,2020-04-01 01:30:00+00:00,1,-0.9999999999999194,SL,False
S2-08,asia_reclaim,EURUSD,2020-04-01 01:45:00+00:00,2020-04-01 02:00:00+00:00,2020-04-01 02:00:00+00:00,1,-1.0000000000000753,SL,False
S2-08,asia_reclaim,EURUSD,2020-04-01 02:00:00+00:00,2020-04-01 02:15:00+00:00,2020-04-01 02:45:00+00:00,1,0.9999999999999273,TP,False
S2-08,asia_reclaim,EURUSD,2020-04-02 02:00:00+00:00,2020-04-02 02:15:00+00:00,2020-04-02 02:30:00+00:00,1,-1.0000000000000797,SL,False
S2-08,asia_reclaim,EURUSD,2020-04-02 03:00:00+00:00,2020-04-02 03:15:00+00:00,2020-04-02 04:45:00+00:00,1,1.000000000000042,TP,False
S2-08,asia_reclaim,EURUSD,2020-04-03 01:45:00+00:00,2020-04-03 02:00:00+00:00,2020-04-03 03:15:00+00:00,-1,1.0000000000001696,TP,False
S2-08,asia_reclaim,EURUSD,2020-04-03 06:30:00+00:00,2020-04-03 06:45:00+00:00,2020-04-03 06:45:00+00:00,1,-0.9999999999999084,SL,False
S2-08,asia_reclaim,EURUSD,2020-04-03 06:45:00+00:00,2020-04-03 07:00:00+00:00,2020-04-03 07:00:00+00:00,1,-0.999999999999873,SL,False
S2-08,asia_reclaim,EURUSD,2020-04-06 04:15:00+00:00,2020-04-06 04:30:00+00:00,2020-04-06 04:30:00+00:00,-1,1.0000000000000615,TP,False
S2-08,asia_reclaim,EURUSD,2020-04-06 05:45:00+00:00,2020-04-06 06:00:00+00:00,2020-04-06 06:00:00+00:00,-1,1.0000000000001352,TP,False
S2-08,asia_reclaim,EURUSD,2020-04-07 02:15:00+00:00,2020-04-07 02:30:00+00:00,2020-04-07 03:15:00+00:00,-1,-0.999999999999834,SL,False
S2-08,asia_reclaim,EURUSD,2020-04-07 03:30:00+00:00,2020-04-07 03:45:00+00:00,2020-04-07 04:30:00+00:00,-1,-1.0,SL,False
S2-08,asia_reclaim,EURUSD,2020-04-07 05:45:00+00:00,2020-04-07 06:00:00+00:00,2020-04-07 06:15:00+00:00,-1,-1.0000000000001381,SL,False
S2-08,asia_reclaim,EURUSD,2020-04-08 02:15:00+00:00,2020-04-08 02:30:00+00:00,2020-04-08 03:30:00+00:00,1,-0.9999999999999192,SL,False
S2-08,asia_reclaim,EURUSD,2020-04-08 06:15:00+00:00,2020-04-08 06:30:00+00:00,2020-04-08 06:45:00+00:00,1,0.9999999999999027,TP,False
S2-08,asia_reclaim,EURUSD,2020-04-09 01:45:00+00:00,2020-04-09 02:00:00+00:00,2020-04-09 02:45:00+00:00,1,-1.0000000000001736,SL,False
S2-08,asia_reclaim,EURUSD,2020-04-09 02:45:00+00:00,2020-04-09 03:00:00+00:00,2020-04-09 03:45:00+00:00,1,1.0,TP,False
S2-08,asia_reclaim,EURUSD,2020-04-09 06:15:00+00:00,2020-04-09 06:30:00+00:00,2020-04-09 06:45:00+00:00,1,1.0,TP,False
S2-08,asia_reclaim,EURUSD,2020-04-10 01:30:00+00:00,2020-04-10 01:45:00+00:00,2020-04-10 02:45:00+00:00,-1,-1.0000000000000624,SL,False
S2-08,asia_reclaim,EURUSD,2020-04-10 03:45:00+00:00,2020-04-10 04:00:00+00:00,2020-04-10 04:30:00+00:00,-1,1.000000000000069,TP,False
S2-08,asia_reclaim,EURUSD,2020-04-13 01:00:00+00:00,2020-04-13 01:15:00+00:00,2020-04-13 01:15:00+00:00,1,-1.0000000000002036,SL,True
S2-08,asia_reclaim,EURUSD,2020-04-13 01:15:00+00:00,2020-04-13 01:30:00+00:00,2020-04-13 02:15:00+00:00,-1,0.9999999999998235,TP,False
S2-08,asia_reclaim,EURUSD,2020-04-13 02:15:00+00:00,2020-04-13 02:30:00+00:00,2020-04-13 03:30:00+00:00,1,0.9999999999999414,TP,False
S2-08,asia_reclaim,EURUSD,2020-04-13 06:45:00+00:00,2020-04-13 07:00:00+00:00,2020-04-13 07:15:00+00:00,-1,-0.9999999999998951,SL,False
S2-08,asia_reclaim,EURUSD,2020-04-14 03:00:00+00:00,2020-04-14 03:15:00+00:00,2020-04-14 05:00:00+00:00,-1,0.9999999999998626,TP,False
S2-08,asia_reclaim,EURUSD,2020-04-15 02:30:00+00:00,2020-04-15 02:45:00+00:00,2020-04-15 03:30:00+00:00,1,-1.0000000000000875,SL,False
S2-08,asia_reclaim,EURUSD,2020-04-15 04:15:00+00:00,2020-04-15 04:30:00+00:00,2020-04-15 05:30:00+00:00,1,-0.9999999999997368,SL,False
S2-08,asia_reclaim,EURUSD,2020-04-15 06:00:00+00:00,2020-04-15 06:15:00+00:00,2020-04-15 06:15:00+00:00,1,-0.9999999999999162,SL,False
S2-08,asia_reclaim,EURUSD,2020-04-15 06:15:00+00:00,2020-04-15 06:30:00+00:00,2020-04-15 06:30:00+00:00,1,-0.9999999999997738,SL,False
S2-08,asia_reclaim,EURUSD,2020-04-15 06:30:00+00:00,2020-04-15 06:45:00+00:00,2020-04-15 06:45:00+00:00,1,-1.00000000000014,SL,False
S2-08,asia_reclaim,EURUSD,2020-04-15 06:45:00+00:00,2020-04-15 07:00:00+00:00,2020-04-15 07:00:00+00:00,1,1.0,TP,False
S2-08,asia_reclaim,EURUSD,2020-04-16 03:30:00+00:00,2020-04-16 03:45:00+00:00,2020-04-16 04:15:00+00:00,1,-1.0,SL,False
S2-08,asia_reclaim,EURUSD,2020-04-17 01:45:00+00:00,2020-04-17 02:00:00+00:00,2020-04-17 02:00:00+00:00,-1,0.9999999999999555,TP,False
S2-08,asia_reclaim,EURUSD,2020-04-17 06:00:00+00:00,2020-04-17 06:15:00+00:00,2020-04-17 06:15:00+00:00,1,-1.00000000000018,SL,False
S2-08,asia_reclaim,EURUSD,2020-04-17 06:30:00+00:00,2020-04-17 06:45:00+00:00,2020-04-17 06:45:00+00:00,1,-1.0000000000001548,SL,False
S2-08,asia_reclaim,EURUSD,2020-04-20 04:30:00+00:00,2020-04-20 04:45:00+00:00,2020-04-20 05:15:00+00:00,-1,0.9999999999999293,TP,False
S2-08,asia_reclaim,EURUSD,2020-04-20 05:45:00+00:00,2020-04-20 06:00:00+00:00,2020-04-20 06:00:00+00:00,1,-0.9999999999999315,SL,False
S2-08,asia_reclaim,EURUSD,2020-04-20 06:15:00+00:00,2020-04-20 06:30:00+00:00,2020-04-20 06:45:00+00:00,1,1.0000000000000573,TP,False
S2-08,asia_reclaim,EURUSD,2020-04-22 01:15:00+00:00,2020-04-22 01:30:00+00:00,2020-04-22 01:45:00+00:00,-1,1.0,TP,False
S2-08,asia_reclaim,EURUSD,2020-04-22 02:00:00+00:00,2020-04-22 02:15:00+00:00,2020-04-22 03:15:00+00:00,1,-0.999999999999936,SL,False
S2-08,asia_reclaim,EURUSD,2020-04-22 04:15:00+00:00,2020-04-22 04:30:00+00:00,2020-04-22 05:30:00+00:00,1,1.0000000000001448,TP,False
S2-08,asia_reclaim,EURUSD,2020-04-23 05:15:00+00:00,2020-04-23 05:30:00+00:00,2020-04-23 05:45:00+00:00,-1,-1.0000000000000748,SL,False
S2-08,asia_reclaim,EURUSD,2020-04-23 05:45:00+00:00,2020-04-23 06:00:00+00:00,2020-04-23 06:00:00+00:00,-1,-1.000000000000221,SL,False
S2-08,asia_reclaim,EURUSD,2020-04-23 06:00:00+00:00,2020-04-23 06:15:00+00:00,2020-04-23 06:15:00+00:00,-1,-0.9999999999999318,SL,False
S2-08,asia_reclaim,EURUSD,2020-04-24 05:45:00+00:00,2020-04-24 06:00:00+00:00,2020-04-24 06:00:00+00:00,1,-1.0000000000000786,SL,False
S2-08,asia_reclaim,EURUSD,2020-04-27 01:00:00+00:00,2020-04-27 01:15:00+00:00,2020-04-27 01:15:00+00:00,-1,-0.99999999999984,SL,False
S2-08,asia_reclaim,EURUSD,2020-04-27 01:30:00+00:00,2020-04-27 01:45:00+00:00,2020-04-27 03:00:00+00:00,-1,1.0000000000002,TP,False
S2-08,asia_reclaim,EURUSD,2020-04-27 03:45:00+00:00,2020-04-27 04:00:00+00:00,2020-04-27 04:30:00+00:00,-1,-1.0,SL,False
S2-08,asia_reclaim,EURUSD,2020-04-27 05:45:00+00:00,2020-04-27 06:00:00+00:00,2020-04-27 06:00:00+00:00,-1,-0.9999999999999476,SL,False
S2-08,asia_reclaim,EURUSD,2020-04-27 06:00:00+00:00,2020-04-27 06:15:00+00:00,2020-04-27 06:15:00+00:00,-1,-0.9999999999999055,SL,False
S2-08,asia_reclaim,EURUSD,2020-04-27 06:15:00+00:00,2020-04-27 06:30:00+00:00,2020-04-27 06:45:00+00:00,-1,0.9999999999999111,TP,False
S2-08,asia_reclaim,EURUSD,2020-04-28 06:30:00+00:00,2020-04-28 06:45:00+00:00,2020-04-28 06:45:00+00:00,1,-1.000000000000067,SL,False
S2-08,asia_reclaim,EURUSD,2020-04-28 06:45:00+00:00,2020-04-28 07:00:00+00:00,2020-04-28 07:00:00+00:00,1,0.9999999999998102,TP,False
S2-08,asia_reclaim,EURUSD,2020-04-29 05:15:00+00:00,2020-04-29 05:30:00+00:00,2020-04-29 05:45:00+00:00,-1,-0.9999999999999295,SL,False
S2-08,asia_reclaim,EURUSD,2020-04-29 05:45:00+00:00,2020-04-29 06:00:00+00:00,2020-04-29 06:00:00+00:00,-1,1.0,TP,False
S2-08,asia_reclaim,EURUSD,2020-05-01 06:15:00+00:00,2020-05-01 06:30:00+00:00,2020-05-01 06:45:00+00:00,-1,0.9999999999998659,TP,False
S2-08,asia_reclaim,EURUSD,2020-05-04 02:15:00+00:00,2020-05-04 02:30:00+00:00,2020-05-04 03:30:00+00:00,1,-1.000000000000173,SL,False
S2-08,asia_reclaim,EURUSD,2020-05-04 04:45:00+00:00,2020-05-04 05:00:00+00:00,2020-05-04 05:30:00+00:00,1,-1.0000000000002454,SL,False
S2-08,asia_reclaim,EURUSD,2020-05-04 05:30:00+00:00,2020-05-04 05:45:00+00:00,2020-05-04 05:45:00+00:00,1,-1.0,SL,False
S2-08,asia_reclaim,EURUSD,2020-05-04 06:00:00+00:00,2020-05-04 06:15:00+00:00,2020-05-04 06:15:00+00:00,1,1.0,TP,False
S2-08,asia_reclaim,EURUSD,2020-05-05 01:00:00+00:00,2020-05-05 01:15:00+00:00,2020-05-05 01:30:00+00:00,-1,-0.9999999999996576,SL,False
S2-08,asia_reclaim,EURUSD,2020-05-05 01:30:00+00:00,2020-05-05 01:45:00+00:00,2020-05-05 01:45:00+00:00,-1,0.9999999999998912,TP,False
S2-08,asia_reclaim,EURUSD,2020-05-05 03:45:00+00:00,2020-05-05 04:00:00+00:00,2020-05-05 04:30:00+00:00,1,-0.9999999999997515,SL,False
S2-08,asia_reclaim,EURUSD,2020-05-05 04:30:00+00:00,2020-05-05 04:45:00+00:00,2020-05-05 04:45:00+00:00,1,1.0000000000002647,TP,False
S2-08,asia_reclaim,EURUSD,2020-05-06 03:45:00+00:00,2020-05-06 04:00:00+00:00,2020-05-06 04:45:00+00:00,1,1.0,TP,False
S2-08,asia_reclaim,EURUSD,2020-05-07 02:15:00+00:00,2020-05-07 02:30:00+00:00,2020-05-07 04:30:00+00:00,-1,1.0000000000002387,TP,False
S2-08,asia_reclaim,EURUSD,2020-05-07 05:30:00+00:00,2020-05-07 05:45:00+00:00,2020-05-07 05:45:00+00:00,1,-0.999999999999679,SL,False
S2-08,asia_reclaim,EURUSD,2020-05-07 05:45:00+00:00,2020-05-07 06:00:00+00:00,2020-05-07 06:00:00+00:00,1,1.0000000000003062,TP,False
S2-08,asia_reclaim,EURUSD,2020-05-07 06:00:00+00:00,2020-05-07 06:15:00+00:00,2020-05-07 06:15:00+00:00,-1,1.0000000000000815,TP,False
S2-08,asia_reclaim,EURUSD,2020-05-07 06:30:00+00:00,2020-05-07 06:45:00+00:00,2020-05-07 07:00:00+00:00,1,-1.0,SL,True
S2-08,asia_reclaim,EURUSD,2020-05-08 01:00:00+00:00,2020-05-08 01:15:00+00:00,2020-05-08 01:45:00+00:00,-1,-0.9999999999999458,SL,False
S2-08,asia_reclaim,EURUSD,2020-05-08 01:45:00+00:00,2020-05-08 02:00:00+00:00,2020-05-08 03:30:00+00:00,-1,0.9999999999998068,TP,False
S2-08,asia_reclaim,EURUSD,2020-05-12 06:30:00+00:00,2020-05-12 06:45:00+00:00,2020-05-12 06:45:00+00:00,-1,-1.0000000000001033,SL,False
S2-08,asia_reclaim,EURUSD,2020-05-13 04:15:00+00:00,2020-05-13 04:30:00+00:00,2020-05-13 04:30:00+00:00,1,1.0000000000000904,TP,False
S2-08,asia_reclaim,EURUSD,2020-05-13 06:45:00+00:00,2020-05-13 07:00:00+00:00,2020-05-13 07:15:00+00:00,1,0.9999999999998644,TP,False
S2-08,asia_reclaim,EURUSD,2020-05-14 03:30:00+00:00,2020-05-14 03:45:00+00:00,2020-05-14 03:45:00+00:00,1,-1.0,SL,False
S2-08,asia_reclaim,EURUSD,2020-05-14 03:45:00+00:00,2020-05-14 04:00:00+00:00,2020-05-14 04:30:00+00:00,1,-1.0000000000001656,SL,False
S2-08,asia_reclaim,EURUSD,2020-05-14 05:30:00+00:00,2020-05-14 05:45:00+00:00,2020-05-14 05:45:00+00:00,1,1.000000000000333,TP,False
S2-08,asia_reclaim,EURUSD,2020-05-15 02:15:00+00:00,2020-05-15 02:30:00+00:00,2020-05-15 03:00:00+00:00,1,1.0,TP,False
S2-08,asia_reclaim,EURUSD,2020-05-15 05:15:00+00:00,2020-05-15 05:30:00+00:00,2020-05-15 06:00:00+00:00,-1,-1.0,SL,False
S2-08,asia_reclaim,EURUSD,2020-05-15 06:00:00+00:00,2020-05-15 06:15:00+00:00,2020-05-15 06:15:00+00:00,-1,-0.9999999999997906,SL,False
S2-08,asia_reclaim,EURUSD,2020-05-15 06:45:00+00:00,2020-05-15 07:00:00+00:00,2020-05-15 07:00:00+00:00,1,-0.9999999999998368,SL,True
S2-08,asia_reclaim,EURUSD,2020-05-18 01:30:00+00:00,2020-05-18 01:45:00+00:00,2020-05-18 02:00:00+00:00,-1,-1.000000000000274,SL,False
S2-08,asia_reclaim,EURUSD,2020-05-18 02:15:00+00:00,2020-05-18 02:30:00+00:00,2020-05-18 04:30:00+00:00,-1,1.0000000000001752,TP,False
S2-08,asia_reclaim,EURUSD,2020-05-18 06:45:00+00:00,2020-05-18 07:00:00+00:00,2020-05-18 07:00:00+00:00,-1,-1.0000000000001001,SL,False
S2-08,asia_reclaim,EURUSD,2020-05-19 02:15:00+00:00,2020-05-19 02:30:00+00:00,2020-05-19 02:45:00+00:00,1,-1.0000000000001446,SL,False
S2-08,asia_reclaim,EURUSD,2020-05-19 03:15:00+00:00,2020-05-19 03:30:00+00:00,2020-05-19 04:00:00+00:00,1,1.0000000000000677,TP,False
S2-08,asia_reclaim,EURUSD,2020-05-19 06:30:00+00:00,2020-05-19 06:45:00+00:00,2020-05-19 06:45:00+00:00,-1,-1.0000000000001814,SL,False
S2-08,asia_reclaim,EURUSD,2020-05-20 02:00:00+00:00,2020-05-20 02:15:00+00:00,2020-05-20 02:15:00+00:00,-1,1.000000000000094,TP,False
S2-08,asia_reclaim,EURUSD,2020-05-20 03:30:00+00:00,2020-05-20 03:45:00+00:00,2020-05-20 05:45:00+00:00,-1,-1.0000000000001543,SL,False
S2-08,asia_reclaim,EURUSD,2020-05-20 06:00:00+00:00,2020-05-20 06:15:00+00:00,2020-05-20 06:15:00+00:00,-1,0.9999999999998206,TP,False
S2-08,asia_reclaim,EURUSD,2020-05-21 02:00:00+00:00,2020-05-21 02:15:00+00:00,2020-05-21 02:45:00+00:00,1,0.9999999999998334,TP,False
S2-08,asia_reclaim,EURUSD,2020-05-21 05:45:00+00:00,2020-05-21 06:00:00+00:00,2020-05-21 06:00:00+00:00,1,0.9999999999997871,TP,False
S2-08,asia_reclaim,EURUSD,2020-05-22 01:00:00+00:00,2020-05-22 01:15:00+00:00,2020-05-22 01:15:00+00:00,1,1.000000000000312,TP,False
S2-08,asia_reclaim,EURUSD,2020-05-22 04:00:00+00:00,2020-05-22 04:15:00+00:00,2020-05-22 05:00:00+00:00,1,-0.9999999999999367,SL,False
S2-08,asia_reclaim,EURUSD,2020-05-25 01:45:00+00:00,2020-05-25 02:00:00+00:00,2020-05-25 02:45:00+00:00,1,-0.9999999999999144,SL,False
S2-08,asia_reclaim,EURUSD,2020-05-25 05:45:00+00:00,2020-05-25 06:00:00+00:00,2020-05-25 06:00:00+00:00,1,-1.0,SL,False
S2-08,asia_reclaim,EURUSD,2020-05-25 06:45:00+00:00,2020-05-25 07:00:00+00:00,2020-05-25 07:00:00+00:00,1,-1.0000000000002758,SL,False
S2-08,asia_reclaim,EURUSD,2020-05-26 01:45:00+00:00,2020-05-26 02:00:00+00:00,2020-05-26 02:30:00+00:00,-1,1.0000000000001679,TP,False
S2-08,asia_reclaim,EURUSD,2020-05-26 04:45:00+00:00,2020-05-26 05:00:00+00:00,2020-05-26 05:45:00+00:00,-1,-1.0000000000002882,SL,False
S2-08,asia_reclaim,EURUSD,2020-05-26 06:15:00+00:00,2020-05-26 06:30:00+00:00,2020-05-26 06:45:00+00:00,-1,1.0000000000002556,TP,False
S2-08,asia_reclaim,EURUSD,2020-05-27 01:30:00+00:00,2020-05-27 01:45:00+00:00,2020-05-27 01:45:00+00:00,1,-1.0000000000001734,SL,False
S2-08,asia_reclaim,EURUSD,2020-05-27 05:00:00+00:00,2020-05-27 05:15:00+00:00,2020-05-27 06:00:00+00:00,1,1.0000000000000688,TP,False
S2-08,asia_reclaim,EURUSD,2020-05-27 06:30:00+00:00,2020-05-27 06:45:00+00:00,2020-05-27 06:45:00+00:00,1,0.999999999999929,TP,False
S2-08,asia_reclaim,EURUSD,2020-05-28 01:45:00+00:00,2020-05-28 02:00:00+00:00,2020-05-28 02:15:00+00:00,-1,0.9999999999999408,TP,False
S2-08,asia_reclaim,EURUSD,2020-05-28 03:45:00+00:00,2020-05-28 04:00:00+00:00,2020-05-28 04:15:00+00:00,1,-0.999999999999896,SL,False
S2-08,asia_reclaim,EURUSD,2020-05-28 05:00:00+00:00,2020-05-28 05:15:00+00:00,2020-05-28 05:45:00+00:00,1,0.999999999999939,TP,False
S2-08,asia_reclaim,EURUSD,2020-05-29 01:30:00+00:00,2020-05-29 01:45:00+00:00,2020-05-29 01:45:00+00:00,-1,-0.9999999999998667,SL,False
S2-08,asia_reclaim,EURUSD,2020-05-29 02:00:00+00:00,2020-05-29 02:15:00+00:00,2020-05-29 02:45:00+00:00,-1,-1.0000000000001177,SL,False
S2-08,asia_reclaim,EURUSD,2020-05-29 03:00:00+00:00,2020-05-29 03:15:00+00:00,2020-05-29 03:45:00+00:00,-1,-1.0,SL,False
S2-08,asia_reclaim,EURUSD,2020-05-29 03:45:00+00:00,2020-05-29 04:00:00+00:00,2020-05-29 04:15:00+00:00,-1,-0.9999999999998689,SL,False
S2-08,asia_reclaim,EURUSD,2020-05-29 04:30:00+00:00,2020-05-29 04:45:00+00:00,2020-05-29 04:45:00+00:00,-1,-0.9999999999999246,SL,False
S2-08,asia_reclaim,EURUSD,2020-05-29 05:00:00+00:00,2020-05-29 05:15:00+00:00,2020-05-29 05:30:00+00:00,-1,-1.0000000000002192,SL,False
S2-08,asia_reclaim,EURUSD,2020-05-29 05:45:00+00:00,2020-05-29 06:00:00+00:00,2020-05-29 06:00:00+00:00,-1,-1.0000000000001272,SL,False
S2-08,asia_reclaim,EURUSD,2020-06-01 01:30:00+00:00,2020-06-01 01:45:00+00:00,2020-06-01 02:30:00+00:00,-1,-1.000000000000141,SL,False
S2-08,asia_reclaim,EURUSD,2020-06-02 01:45:00+00:00,2020-06-02 02:00:00+00:00,2020-06-02 02:00:00+00:00,1,-1.0000000000000686,SL,False
S2-08,asia_reclaim,EURUSD,2020-06-03 03:15:00+00:00,2020-06-03 03:30:00+00:00,2020-06-03 03:45:00+00:00,-1,-0.9999999999999546,SL,False
S2-08,asia_reclaim,EURUSD,2020-06-03 05:15:00+00:00,2020-06-03 05:30:00+00:00,2020-06-03 06:00:00+00:00,-1,-0.9999999999998278,SL,False
S2-08,asia_reclaim,EURUSD,2020-06-03 06:00:00+00:00,2020-06-03 06:15:00+00:00,2020-06-03 06:30:00+00:00,-1,-0.9999999999998895,SL,False
S2-08,asia_reclaim,EURUSD,2020-06-03 06:30:00+00:00,2020-06-03 06:45:00+00:00,2020-06-03 06:45:00+00:00,-1,-0.9999999999998395,SL,False
S2-08,asia_reclaim,EURUSD,2020-06-04 03:00:00+00:00,2020-06-04 03:15:00+00:00,2020-06-04 06:00:00+00:00,1,1.0000000000001288,TP,False
S2-08,asia_reclaim,EURUSD,2020-06-04 06:30:00+00:00,2020-06-04 06:45:00+00:00,2020-06-04 06:45:00+00:00,1,-1.000000000000066,SL,True
S2-08,asia_reclaim,EURUSD,2020-06-04 06:45:00+00:00,2020-06-04 07:00:00+00:00,2020-06-04 07:00:00+00:00,1,-0.9999999999998276,SL,False
S2-08,asia_reclaim,EURUSD,2020-06-05 01:15:00+00:00,2020-06-05 01:30:00+00:00,2020-06-05 02:00:00+00:00,1,-0.9999999999999399,SL,False
S2-08,asia_reclaim,EURUSD,2020-06-05 06:00:00+00:00,2020-06-05 06:15:00+00:00,2020-06-05 06:15:00+00:00,-1,-0.9999999999998808,SL,False
S2-08,asia_reclaim,EURUSD,2020-06-05 06:15:00+00:00,2020-06-05 06:30:00+00:00,2020-06-05 06:30:00+00:00,-1,-1.0,SL,False
S2-08,asia_reclaim,EURUSD,2020-06-05 06:30:00+00:00,2020-06-05 06:45:00+00:00,2020-06-05 07:00:00+00:00,-1,-0.9999999999998977,SL,False
S2-08,asia_reclaim,EURUSD,2020-06-08 01:15:00+00:00,2020-06-08 01:30:00+00:00,2020-06-08 01:30:00+00:00,1,-1.0000000000001361,SL,False
S2-08,asia_reclaim,EURUSD,2020-06-08 05:30:00+00:00,2020-06-08 05:45:00+00:00,2020-06-08 05:45:00+00:00,1,1.0000000000000822,TP,False
S2-08,asia_reclaim,EURUSD,2020-06-08 06:00:00+00:00,2020-06-08 06:15:00+00:00,2020-06-08 06:30:00+00:00,1,0.9999999999997957,TP,False
S2-08,asia_reclaim,EURUSD,2020-06-09 02:30:00+00:00,2020-06-09 02:45:00+00:00,2020-06-09 05:45:00+00:00,1,1.0000000000001448,TP,False
S2-08,asia_reclaim,EURUSD,2020-06-10 01:15:00+00:00,2020-06-10 01:30:00+00:00,2020-06-10 01:30:00+00:00,-1,0.999999999999838,TP,False
S2-08,asia_reclaim,EURUSD,2020-06-10 05:45:00+00:00,2020-06-10 06:00:00+00:00,2020-06-10 06:00:00+00:00,-1,-0.9999999999999358,SL,False
S2-08,asia_reclaim,EURUSD,2020-06-11 01:00:00+00:00,2020-06-11 01:15:00+00:00,2020-06-11 01:30:00+00:00,-1,-1.0000000000000946,SL,False
S2-08,asia_reclaim,EURUSD,2020-06-11 01:45:00+00:00,2020-06-11 02:00:00+00:00,2020-06-11 03:15:00+00:00,-1,0.9999999999998753,TP,False
S2-08,asia_reclaim,EURUSD,2020-06-11 05:15:00+00:00,2020-06-11 05:30:00+00:00,2020-06-11 05:45:00+00:00,1,0.9999999999999645,TP,False
S2-08,asia_reclaim,EURUSD,2020-06-12 01:00:00+00:00,2020-06-12 01:15:00+00:00,2020-06-12 01:45:00+00:00,1,1.0000000000001283,TP,False
S2-08,asia_reclaim,EURUSD,2020-06-12 02:15:00+00:00,2020-06-12 02:30:00+00:00,2020-06-12 05:30:00+00:00,-1,-0.9999999999998745,SL,False
S2-08,asia_reclaim,EURUSD,2020-06-12 06:00:00+00:00,2020-06-12 06:15:00+00:00,2020-06-12 06:15:00+00:00,-1,0.9999999999998885,TP,False
S2-08,asia_reclaim,EURUSD,2020-06-15 01:00:00+00:00,2020-06-15 01:15:00+00:00,2020-06-15 01:45:00+00:00,1,1.0000000000001144,TP,False
S2-08,asia_reclaim,EURUSD,2020-06-15 04:00:00+00:00,2020-06-15 04:15:00+00:00,2020-06-15 04:30:00+00:00,-1,-1.0000000000001554,SL,False
S2-08,asia_reclaim,EURUSD,2020-06-15 04:30:00+00:00,2020-06-15 04:45:00+00:00,2020-06-15 05:00:00+00:00,-1,1.0000000000001679,TP,False
S2-08,asia_reclaim,EURUSD,2020-06-15 05:45:00+00:00,2020-06-15 06:00:00+00:00,2020-06-15 06:00:00+00:00,1,-0.999999999999951,SL,False
S2-08,asia_reclaim,EURUSD,2020-06-16 01:15:00+00:00,2020-06-16 01:30:00+00:00,2020-06-16 01:30:00+00:00,1,-0.9999999999998868,SL,False
S2-08,asia_reclaim,EURUSD,2020-06-16 02:45:00+00:00,2020-06-16 03:00:00+00:00,2020-06-16 03:45:00+00:00,-1,0.9999999999999041,TP,False
S2-08,asia_reclaim,EURUSD,2020-06-17 02:30:00+00:00,2020-06-17 02:45:00+00:00,2020-06-17 02:45:00+00:00,1,0.9999999999999044,TP,False
S2-08,asia_reclaim,EURUSD,2020-06-17 05:00:00+00:00,2020-06-17 05:15:00+00:00,2020-06-17 05:45:00+00:00,-1,-1.0000000000000597,SL,False
S2-08,asia_reclaim,EURUSD,2020-06-17 06:15:00+00:00,2020-06-17 06:30:00+00:00,2020-06-17 07:00:00+00:00,-1,-1.0000000000001787,SL,False
S2-08,asia_reclaim,EURUSD,2020-06-18 03:30:00+00:00,2020-06-18 03:45:00+00:00,2020-06-18 04:45:00+00:00,-1,-0.9999999999999085,SL,False
S2-08,asia_reclaim,EURUSD,2020-06-19 01:00:00+00:00,2020-06-19 01:15:00+00:00,2020-06-19 01:15:00+00:00,1,0.9999999999997449,TP,False
S2-08,asia_reclaim,EURUSD,2020-06-19 01:30:00+00:00,2020-06-19 01:45:00+00:00,2020-06-19 01:45:00+00:00,-1,-1.000000000000156,SL,False
S2-08,asia_reclaim,EURUSD,2020-06-19 01:45:00+00:00,2020-06-19 02:00:00+00:00,2020-06-19 02:45:00+00:00,-1,-0.999999999999924,SL,False
S2-08,asia_reclaim,EURUSD,2020-06-19 03:15:00+00:00,2020-06-19 03:30:00+00:00,2020-06-19 04:30:00+00:00,-1,-0.9999999999998566,SL,False
S2-08,asia_reclaim,EURUSD,2020-06-19 04:30:00+00:00,2020-06-19 04:45:00+00:00,2020-06-19 06:00:00+00:00,-1,0.999999999999842,TP,False
S2-08,asia_reclaim,EURUSD,2020-06-22 02:30:00+00:00,2020-06-22 02:45:00+00:00,2020-06-22 04:00:00+00:00,-1,-1.0000000000001745,SL,False
S2-08,asia_reclaim,EURUSD,2020-06-22 05:00:00+00:00,2020-06-22 05:15:00+00:00,2020-06-22 05:15:00+00:00,-1,-1.0000000000002216,SL,False
S2-08,asia_reclaim,EURUSD,2020-06-22 05:15:00+00:00,2020-06-22 05:30:00+00:00,2020-06-22 05:45:00+00:00,-1,0.9999999999998553,TP,False
S2-08,asia_reclaim,EURUSD,2020-06-22 06:45:00+00:00,2020-06-22 07:00:00+00:00,2020-06-22 07:00:00+00:00,-1,1.0000000000001679,TP,False
S2-08,asia_reclaim,EURUSD,2020-06-23 01:30:00+00:00,2020-06-23 01:45:00+00:00,2020-06-23 01:45:00+00:00,1,0.999999999999911,TP,False
S2-08,asia_reclaim,EURUSD,2020-06-24 01:30:00+00:00,2020-06-24 01:45:00+00:00,2020-06-24 01:45:00+00:00,-1,0.9999999999998409,TP,False
S2-08,asia_reclaim,EURUSD,2020-06-24 02:00:00+00:00,2020-06-24 02:15:00+00:00,2020-06-24 03:00:00+00:00,1,-1.0000000000001852,SL,False
S2-08,asia_reclaim,EURUSD,2020-06-25 01:00:00+00:00,2020-06-25 01:15:00+00:00,2020-06-25 01:30:00+00:00,-1,1.0,TP,False
S2-08,asia_reclaim,EURUSD,2020-06-25 02:15:00+00:00,2020-06-25 02:30:00+00:00,2020-06-25 03:45:00+00:00,1,-0.9999999999999355,SL,False
S2-08,asia_reclaim,EURUSD,2020-06-25 06:30:00+00:00,2020-06-25 06:45:00+00:00,2020-06-25 06:45:00+00:00,1,-0.9999999999998066,SL,False
S2-08,asia_reclaim,EURUSD,2020-06-25 06:45:00+00:00,2020-06-25 07:00:00+00:00,2020-06-25 07:00:00+00:00,1,-1.0000000000001188,SL,False
S2-08,asia_reclaim,EURUSD,2020-06-26 01:45:00+00:00,2020-06-26 02:00:00+00:00,2020-06-26 04:00:00+00:00,-1,-1.0000000000002232,SL,False
S2-08,asia_reclaim,EURUSD,2020-06-26 04:15:00+00:00,2020-06-26 04:30:00+00:00,2020-06-26 05:30:00+00:00,-1,1.0000000000002718,TP,False
S2-08,asia_reclaim,EURUSD,2020-06-26 06:45:00+00:00,2020-06-26 07:00:00+00:00,2020-06-26 07:00:00+00:00,1,1.0000000000001588,TP,False
S2-08,asia_reclaim,EURUSD,2020-06-29 01:30:00+00:00,2020-06-29 01:45:00+00:00,2020-06-29 02:00:00+00:00,-1,-1.000000000000153,SL,False
S2-08,asia_reclaim,EURUSD,2020-06-30 02:00:00+00:00,2020-06-30 02:15:00+00:00,2020-06-30 02:30:00+00:00,-1,0.9999999999998544,TP,False
S2-08,asia_reclaim,EURUSD,2020-07-01 01:30:00+00:00,2020-07-01 01:45:00+00:00,2020-07-01 03:15:00+00:00,-1,1.000000000000312,TP,False
S2-08,asia_reclaim,EURUSD,2020-07-02 01:45:00+00:00,2020-07-02 02:00:00+00:00,2020-07-02 02:00:00+00:00,-1,-1.0000000000002915,SL,False
S2-08,asia_reclaim,EURUSD,2020-07-02 05:45:00+00:00,2020-07-02 06:00:00+00:00,2020-07-02 06:00:00+00:00,-1,-0.9999999999999013,SL,False
S2-08,asia_reclaim,EURUSD,2020-07-02 06:45:00+00:00,2020-07-02 07:00:00+00:00,2020-07-02 07:00:00+00:00,-1,-0.9999999999998542,SL,True
S2-08,asia_reclaim,EURUSD,2020-07-03 04:30:00+00:00,2020-07-03 04:45:00+00:00,2020-07-03 05:45:00+00:00,1,1.0000000000000677,TP,False
S2-08,asia_reclaim,EURUSD,2020-07-06 01:45:00+00:00,2020-07-06 02:00:00+00:00,2020-07-06 02:30:00+00:00,-1,-1.000000000000125,SL,False
S2-08,asia_reclaim,EURUSD,2020-07-06 02:45:00+00:00,2020-07-06 03:00:00+00:00,2020-07-06 03:45:00+00:00,-1,-1.0000000000001077,SL,False
S2-08,asia_reclaim,EURUSD,2020-07-06 05:45:00+00:00,2020-07-06 06:00:00+00:00,2020-07-06 06:30:00+00:00,-1,0.9999999999998664,TP,False
S2-08,asia_reclaim,EURUSD,2020-07-06 06:45:00+00:00,2020-07-06 07:00:00+00:00,2020-07-06 07:00:00+00:00,-1,-0.9999999999999417,SL,False
S2-08,asia_reclaim,EURUSD,2020-07-07 05:45:00+00:00,2020-07-07 06:00:00+00:00,2020-07-07 06:00:00+00:00,1,-0.9999999999998544,SL,False
S2-08,asia_reclaim,EURUSD,2020-07-08 06:00:00+00:00,2020-07-08 06:15:00+00:00,2020-07-08 06:15:00+00:00,1,1.0000000000002063,TP,False
S2-08,asia_reclaim,EURUSD,2020-07-09 01:30:00+00:00,2020-07-09 01:45:00+00:00,2020-07-09 02:15:00+00:00,1,0.999999999999853,TP,False
S2-08,asia_reclaim,EURUSD,2020-07-09 02:45:00+00:00,2020-07-09 03:00:00+00:00,2020-07-09 03:45:00+00:00,-1,-1.0000000000001725,SL,False
S2-08,asia_reclaim,EURUSD,2020-07-09 04:15:00+00:00,2020-07-09 04:30:00+00:00,2020-07-09 06:15:00+00:00,-1,1.0000000000000506,TP,False
S2-08,asia_reclaim,EURUSD,2020-07-10 02:45:00+00:00,2020-07-10 03:00:00+00:00,2020-07-10 04:15:00+00:00,1,-0.9999999999997942,SL,False
S2-08,asia_reclaim,EURUSD,2020-07-10 04:15:00+00:00,2020-07-10 04:30:00+00:00,2020-07-10 05:30:00+00:00,1,-1.0000000000000855,SL,False
S2-08,asia_reclaim,EURUSD,2020-07-10 05:30:00+00:00,2020-07-10 05:45:00+00:00,2020-07-10 06:00:00+00:00,1,-1.0,SL,False
S2-08,asia_reclaim,EURUSD,2020-07-10 06:15:00+00:00,2020-07-10 06:30:00+00:00,2020-07-10 06:30:00+00:00,1,-1.0000000000000695,SL,False
S2-08,asia_reclaim,EURUSD,2020-07-13 01:30:00+00:00,2020-07-13 01:45:00+00:00,2020-07-13 02:00:00+00:00,-1,-1.0000000000000682,SL,False
S2-08,asia_reclaim,EURUSD,2020-07-13 02:45:00+00:00,2020-07-13 03:00:00+00:00,2020-07-13 03:15:00+00:00,-1,-0.9999999999998579,SL,False
S2-08,asia_reclaim,EURUSD,2020-07-13 05:30:00+00:00,2020-07-13 05:45:00+00:00,2020-07-13 06:00:00+00:00,-1,0.9999999999998382,TP,False
S2-08,asia_reclaim,EURUSD,2020-07-14 01:00:00+00:00,2020-07-14 01:15:00+00:00,2020-07-14 01:15:00+00:00,-1,0.9999999999997672,TP,False
S2-08,asia_reclaim,EURUSD,2020-07-14 01:30:00+00:00,2020-07-14 01:45:00+00:00,2020-07-14 02:15:00+00:00,1,-1.0,SL,False
S2-08,asia_reclaim,EURUSD,2020-07-14 06:15:00+00:00,2020-07-14 06:30:00+00:00,2020-07-14 07:00:00+00:00,-1,0.999999999999834,TP,False
S2-08,asia_reclaim,EURUSD,2020-07-15 02:15:00+00:00,2020-07-15 02:30:00+00:00,2020-07-15 02:30:00+00:00,1,-1.0000000000000528,SL,False
S2-08,asia_reclaim,EURUSD,2020-07-15 02:45:00+00:00,2020-07-15 03:00:00+00:00,2020-07-15 03:30:00+00:00,1,-0.9999999999999039,SL,False
S2-08,asia_reclaim,EURUSD,2020-07-15 04:15:00+00:00,2020-07-15 04:30:00+00:00,2020-07-15 05:00:00+00:00,1,-1.0000000000000615,SL,False
S2-08,asia_reclaim,EURUSD,2020-07-15 05:00:00+00:00,2020-07-15 05:15:00+00:00,2020-07-15 05:45:00+00:00,1,1.00000000000014,TP,False
S2-08,asia_reclaim,EURUSD,2020-07-16 01:30:00+00:00,2020-07-16 01:45:00+00:00,2020-07-16 01:45:00+00:00,1,0.9999999999999136,TP,False
S2-08,asia_reclaim,EURUSD,2020-07-16 05:30:00+00:00,2020-07-16 05:45:00+00:00,2020-07-16 06:00:00+00:00,1,1.0000000000002485,TP,False
S2-08,asia_reclaim,EURUSD,2020-07-17 01:15:00+00:00,2020-07-17 01:30:00+00:00,2020-07-17 02:15:00+00:00,1,0.9999999999997439,TP,False
S2-08,asia_reclaim,EURUSD,2020-07-17 04:00:00+00:00,2020-07-17 04:15:00+00:00,2020-07-17 05:15:00+00:00,-1,0.9999999999998537,TP,False
S2-08,asia_reclaim,EURUSD,2020-07-20 05:00:00+00:00,2020-07-20 05:15:00+00:00,2020-07-20 05:30:00+00:00,-1,-0.9999999999999555,SL,False
S2-08,asia_reclaim,EURUSD,2020-07-21 03:30:00+00:00,2020-07-21 03:45:00+00:00,2020-07-21 03:45:00+00:00,1,-0.9999999999999497,SL,False
S2-08,asia_reclaim,EURUSD,2020-07-21 04:45:00+00:00,2020-07-21 05:00:00+00:00,2020-07-21 05:45:00+00:00,1,0.9999999999999238,TP,False
S2-08,asia_reclaim,EURUSD,2020-07-22 01:00:00+00:00,2020-07-22 01:15:00+00:00,2020-07-22 01:15:00+00:00,1,-1.0000000000002132,SL,False
S2-08,asia_reclaim,EURUSD,2020-07-22 01:15:00+00:00,2020-07-22 01:30:00+00:00,2020-07-22 02:30:00+00:00,-1,-1.0000000000000655,SL,False
S2-08,asia_reclaim,EURUSD,2020-07-22 02:30:00+00:00,2020-07-22 02:45:00+00:00,2020-07-22 02:45:00+00:00,-1,-1.000000000000052,SL,False
S2-08,asia_reclaim,EURUSD,2020-07-22 03:00:00+00:00,2020-07-22 03:15:00+00:00,2020-07-22 04:15:00+00:00,-1,0.9999999999998967,TP,False
S2-08,asia_reclaim,EURUSD,2020-07-23 01:00:00+00:00,2020-07-23 01:15:00+00:00,2020-07-23 02:45:00+00:00,-1,1.0000000000000568,TP,False
S2-08,asia_reclaim,EURUSD,2020-07-23 04:00:00+00:00,2020-07-23 04:15:00+00:00,2020-07-23 04:15:00+00:00,-1,-1.0,SL,False
S2-08,asia_reclaim,EURUSD,2020-07-23 04:30:00+00:00,2020-07-23 04:45:00+00:00,2020-07-23 05:00:00+00:00,-1,-1.000000000000142,SL,False
S2-08,asia_reclaim,EURUSD,2020-07-23 05:45:00+00:00,2020-07-23 06:00:00+00:00,2020-07-23 06:00:00+00:00,-1,-0.999999999999931,SL,False
S2-08,asia_reclaim,EURUSD,2020-07-23 06:15:00+00:00,2020-07-23 06:30:00+00:00,2020-07-23 07:00:00+00:00,-1,-1.000000000000063,SL,True
S2-08,asia_reclaim,EURUSD,2020-07-24 01:00:00+00:00,2020-07-24 01:15:00+00:00,2020-07-24 01:15:00+00:00,-1,-0.9999999999999255,SL,False
S2-08,asia_reclaim,EURUSD,2020-07-24 01:15:00+00:00,2020-07-24 01:30:00+00:00,2020-07-24 01:30:00+00:00,-1,-0.9999999999998705,SL,False
S2-08,asia_reclaim,EURUSD,2020-07-24 05:00:00+00:00,2020-07-24 05:15:00+00:00,2020-07-24 05:15:00+00:00,1,-1.0000000000001483,SL,False
S2-08,asia_reclaim,EURUSD,2020-07-24 05:30:00+00:00,2020-07-24 05:45:00+00:00,2020-07-24 06:00:00+00:00,1,1.0000000000001392,TP,False
S2-08,asia_reclaim,EURUSD,2020-07-27 01:30:00+00:00,2020-07-27 01:45:00+00:00,2020-07-27 02:45:00+00:00,-1,-0.9999999999999305,SL,False
S2-08,asia_reclaim,EURUSD,2020-07-27 03:15:00+00:00,2020-07-27 03:30:00+00:00,2020-07-27 04:00:00+00:00,-1,1.0000000000000306,TP,False
S2-08,asia_reclaim,EURUSD,2020-07-28 01:15:00+00:00,2020-07-28 01:30:00+00:00,2020-07-28 01:30:00+00:00,-1,0.9999999999999037,TP,False
S2-08,asia_reclaim,EURUSD,2020-07-28 01:45:00+00:00,2020-07-28 02:00:00+00:00,2020-07-28 02:45:00+00:00,1,-1.0,SL,False
S2-08,asia_reclaim,EURUSD,2020-07-29 03:15:00+00:00,2020-07-29 03:30:00+00:00,2020-07-29 06:00:00+00:00,-1,-1.0000000000001836,SL,False
S2-08,asia_reclaim,EURUSD,2020-07-29 06:15:00+00:00,2020-07-29 06:30:00+00:00,2020-07-29 06:30:00+00:00,-1,-0.9999999999998244,SL,False
S2-08,asia_reclaim,EURUSD,2020-07-29 06:45:00+00:00,2020-07-29 07:00:00+00:00,2020-07-29 07:00:00+00:00,-1,-0.9999999999998962,SL,False
S2-08,asia_reclaim,EURUSD,2020-07-30 01:15:00+00:00,2020-07-30 01:30:00+00:00,2020-07-30 01:30:00+00:00,1,0.9999999999999297,TP,False
S2-08,asia_reclaim,EURUSD,2020-07-30 01:45:00+00:00,2020-07-30 02:00:00+00:00,2020-07-30 02:30:00+00:00,1,0.9999999999999415,TP,False
S2-08,asia_reclaim,EURUSD,2020-07-30 03:15:00+00:00,2020-07-30 03:30:00+00:00,2020-07-30 03:45:00+00:00,-1,1.000000000000103,TP,False
S2-08,asia_reclaim,EURUSD,2020-07-30 05:00:00+00:00,2020-07-30 05:15:00+00:00,2020-07-30 05:15:00+00:00,1,-0.9999999999998209,SL,False
S2-08,asia_reclaim,EURUSD,2020-07-30 06:30:00+00:00,2020-07-30 06:45:00+00:00,2020-07-30 07:00:00+00:00,1,0.9999999999999472,TP,False
S2-08,asia_reclaim,EURUSD,2020-07-31 01:00:00+00:00,2020-07-31 01:15:00+00:00,2020-07-31 01:30:00+00:00,1,1.0,TP,False
S2-08,asia_reclaim,EURUSD,2020-07-31 02:00:00+00:00,2020-07-31 02:15:00+00:00,2020-07-31 02:30:00+00:00,-1,-1.0000000000000804,SL,False
S2-08,asia_reclaim,EURUSD,2020-07-31 06:45:00+00:00,2020-07-31 07:00:00+00:00,2020-07-31 07:00:00+00:00,-1,1.0000000000000753,TP,False
S2-08,asia_reclaim,EURUSD,2020-08-04 03:00:00+00:00,2020-08-04 03:15:00+00:00,2020-08-04 04:45:00+00:00,-1,-1.0000000000001117,SL,False
S2-08,asia_reclaim,EURUSD,2020-08-04 05:00:00+00:00,2020-08-04 05:15:00+00:00,2020-08-04 05:45:00+00:00,-1,-1.0000000000001301,SL,False
S2-08,asia_reclaim,EURUSD,2020-08-04 06:30:00+00:00,2020-08-04 06:45:00+00:00,2020-08-04 06:45:00+00:00,-1,-1.0000000000000622,SL,True
S2-08,asia_reclaim,EURUSD,2020-08-04 06:45:00+00:00,2020-08-04 07:00:00+00:00,2020-08-04 07:00:00+00:00,-1,-1.0000000000001095,SL,False
S2-08,asia_reclaim,EURUSD,2020-08-05 06:15:00+00:00,2020-08-05 06:30:00+00:00,2020-08-05 06:30:00+00:00,1,1.0000000000001974,TP,False
S2-08,asia_reclaim,EURUSD,2020-08-06 01:45:00+00:00,2020-08-06 02:00:00+00:00,2020-08-06 02:00:00+00:00,1,-1.000000000000058,SL,False
S2-08,asia_reclaim,EURUSD,2020-08-07 01:00:00+00:00,2020-08-07 01:15:00+00:00,2020-08-07 01:15:00+00:00,1,-1.0,SL,False
S2-08,asia_reclaim,EURUSD,2020-08-07 02:30:00+00:00,2020-08-07 02:45:00+00:00,2020-08-07 02:45:00+00:00,1,-0.999999999999848,SL,False
S2-08,asia_reclaim,EURUSD,2020-08-07 03:45:00+00:00,2020-08-07 04:00:00+00:00,2020-08-07 04:30:00+00:00,1,1.0,TP,False
S2-08,asia_reclaim,EURUSD,2020-08-10 01:15:00+00:00,2020-08-10 01:30:00+00:00,2020-08-10 02:15:00+00:00,-1,-1.0,SL,False
S2-08,asia_reclaim,EURUSD,2020-08-10 02:15:00+00:00,2020-08-10 02:30:00+00:00,2020-08-10 03:00:00+00:00,-1,1.0000000000000684,TP,False
S2-08,asia_reclaim,EURUSD,2020-08-10 06:00:00+00:00,2020-08-10 06:15:00+00:00,2020-08-10 06:15:00+00:00,-1,0.9999999999997331,TP,False
S2-08,asia_reclaim,EURUSD,2020-08-11 01:30:00+00:00,2020-08-11 01:45:00+00:00,2020-08-11 01:45:00+00:00,-1,-1.0000000000000573,SL,False
S2-08,asia_reclaim,EURUSD,2020-08-11 04:00:00+00:00,2020-08-11 04:15:00+00:00,2020-08-11 06:00:00+00:00,-1,-0.9999999999998803,SL,True
S2-08,asia_reclaim,EURUSD,2020-08-11 06:00:00+00:00,2020-08-11 06:15:00+00:00,2020-08-11 06:15:00+00:00,-1,1.0000000000001823,TP,False
S2-08,asia_reclaim,EURUSD,2020-08-12 01:45:00+00:00,2020-08-12 02:00:00+00:00,2020-08-12 02:00:00+00:00,1,-1.0,SL,False
S2-08,asia_reclaim,EURUSD,2020-08-12 02:15:00+00:00,2020-08-12 02:30:00+00:00,2020-08-12 03:00:00+00:00,1,-0.999999999999959,SL,False
S2-08,asia_reclaim,EURUSD,2020-08-12 04:30:00+00:00,2020-08-12 04:45:00+00:00,2020-08-12 05:45:00+00:00,1,0.9999999999999182,TP,False
S2-08,asia_reclaim,EURUSD,2020-08-14 01:00:00+00:00,2020-08-14 01:15:00+00:00,2020-08-14 01:15:00+00:00,1,-0.9999999999997443,SL,False
S2-08,asia_reclaim,EURUSD,2020-08-14 05:15:00+00:00,2020-08-14 05:30:00+00:00,2020-08-14 06:00:00+00:00,-1,-1.0,SL,False
S2-08,asia_reclaim,EURUSD,2020-08-14 06:15:00+00:00,2020-08-14 06:30:00+00:00,2020-08-14 06:30:00+00:00,-1,1.0,TP,False
S2-08,asia_reclaim,EURUSD,2020-08-17 02:30:00+00:00,2020-08-17 02:45:00+00:00,2020-08-17 05:30:00+00:00,-1,0.9999999999998878,TP,False
S2-08,asia_reclaim,EURUSD,2020-08-17 06:00:00+00:00,2020-08-17 06:15:00+00:00,2020-08-17 06:15:00+00:00,-1,-1.0000000000002518,SL,False
S2-08,asia_reclaim,EURUSD,2020-08-18 01:15:00+00:00,2020-08-18 01:30:00+00:00,2020-08-18 01:30:00+00:00,-1,1.0000000000000655,TP,False
S2-08,asia_reclaim,EURUSD,2020-08-18 06:00:00+00:00,2020-08-18 06:15:00+00:00,2020-08-18 06:15:00+00:00,-1,-0.99999999999993,SL,False
S2-08,asia_reclaim,EURUSD,2020-08-18 06:30:00+00:00,2020-08-18 06:45:00+00:00,2020-08-18 06:45:00+00:00,-1,0.9999999999998181,TP,False
S2-08,asia_reclaim,EURUSD,2020-08-19 01:00:00+00:00,2020-08-19 01:15:00+00:00,2020-08-19 01:15:00+00:00,-1,1.00000000000018,TP,False
S2-08,asia_reclaim,EURUSD,2020-08-19 01:30:00+00:00,2020-08-19 01:45:00+00:00,2020-08-19 01:45:00+00:00,1,-1.0000000000001663,SL,False
S2-08,asia_reclaim,EURUSD,2020-08-19 01:45:00+00:00,2020-08-19 02:00:00+00:00,2020-08-19 02:00:00+00:00,1,-0.9999999999999476,SL,False
S2-08,asia_reclaim,EURUSD,2020-08-19 02:45:00+00:00,2020-08-19 03:00:00+00:00,2020-08-19 03:45:00+00:00,1,-1.0000000000000977,SL,False
S2-08,asia_reclaim,EURUSD,2020-08-21 04:15:00+00:00,2020-08-21 04:30:00+00:00,2020-08-21 05:00:00+00:00,-1,-1.000000000000068,SL,False
S2-08,asia_reclaim,EURUSD,2020-08-21 05:15:00+00:00,2020-08-21 05:30:00+00:00,2020-08-21 05:45:00+00:00,-1,-1.000000000000085,SL,False
S2-08,asia_reclaim,EURUSD,2020-08-24 02:45:00+00:00,2020-08-24 03:00:00+00:00,2020-08-24 03:30:00+00:00,1,-0.999999999999941,SL,False
S2-08,asia_reclaim,EURUSD,2020-08-24 03:45:00+00:00,2020-08-24 04:00:00+00:00,2020-08-24 04:30:00+00:00,1,1.000000000000121,TP,False
S2-08,asia_reclaim,EURUSD,2020-08-24 06:45:00+00:00,2020-08-24 07:00:00+00:00,2020-08-24 07:00:00+00:00,-1,-0.9999999999998218,SL,False
S2-08,asia_reclaim,EURUSD,2020-08-25 01:00:00+00:00,2020-08-25 01:15:00+00:00,2020-08-25 01:45:00+00:00,-1,-1.0000000000001537,SL,False
S2-08,asia_reclaim,EURUSD,2020-08-25 02:00:00+00:00,2020-08-25 02:15:00+00:00,2020-08-25 02:30:00+00:00,-1,-0.9999999999998782,SL,False
S2-08,asia_reclaim,EURUSD,2020-08-25 04:45:00+00:00,2020-08-25 05:00:00+00:00,2020-08-25 06:00:00+00:00,-1,-1.0000000000001323,SL,False
S2-08,asia_reclaim,EURUSD,2020-08-25 06:00:00+00:00,2020-08-25 06:15:00+00:00,2020-08-25 06:15:00+00:00,-1,-0.9999999999998549,SL,False
S2-08,asia_reclaim,EURUSD,2020-08-26 01:00:00+00:00,2020-08-26 01:15:00+00:00,2020-08-26 01:45:00+00:00,1,1.0000000000001827,TP,False
S2-08,asia_reclaim,EURUSD,2020-08-26 02:15:00+00:00,2020-08-26 02:30:00+00:00,2020-08-26 02:30:00+00:00,1,-1.0000000000001423,SL,False
S2-08,asia_reclaim,EURUSD,2020-08-26 03:00:00+00:00,2020-08-26 03:15:00+00:00,2020-08-26 04:30:00+00:00,1,-0.999999999999796,SL,False
S2-08,asia_reclaim,EURUSD,2020-08-26 05:15:00+00:00,2020-08-26 05:30:00+00:00,2020-08-26 05:30:00+00:00,1,-1.0000000000000815,SL,False
S2-08,asia_reclaim,EURUSD,2020-08-27 01:00:00+00:00,2020-08-27 01:15:00+00:00,2020-08-27 01:15:00+00:00,-1,1.0000000000001552,TP,False
S2-08,asia_reclaim,EURUSD,2020-08-27 02:30:00+00:00,2020-08-27 02:45:00+00:00,2020-08-27 03:00:00+00:00,1,-1.000000000000197,SL,False
S2-08,asia_reclaim,EURUSD,2020-08-27 03:00:00+00:00,2020-08-27 03:15:00+00:00,2020-08-27 03:30:00+00:00,1,1.000000000000126,TP,False
S2-08,asia_reclaim,EURUSD,2020-08-27 05:45:00+00:00,2020-08-27 06:00:00+00:00,2020-08-27 06:00:00+00:00,1,-1.0000000000002462,SL,False
S2-08,asia_reclaim,EURUSD,2020-08-27 06:30:00+00:00,2020-08-27 06:45:00+00:00,2020-08-27 06:45:00+00:00,1,0.9999999999999307,TP,False
S2-08,asia_reclaim,EURUSD,2020-08-28 01:15:00+00:00,2020-08-28 01:30:00+00:00,2020-08-28 01:30:00+00:00,-1,-0.9999999999998789,SL,False
S2-08,asia_reclaim,EURUSD,2020-08-28 02:15:00+00:00,2020-08-28 02:30:00+00:00,2020-08-28 03:00:00+00:00,-1,-0.9999999999998465,SL,False
S2-08,asia_reclaim,EURUSD,2020-08-28 04:00:00+00:00,2020-08-28 04:15:00+00:00,2020-08-28 04:30:00+00:00,-1,-0.999999999999914,SL,False
S2-08,asia_reclaim,EURUSD,2020-08-28 05:00:00+00:00,2020-08-28 05:15:00+00:00,2020-08-28 05:30:00+00:00,-1,1.0000000000001166,TP,False
S2-08,asia_reclaim,EURUSD,2020-08-31 06:15:00+00:00,2020-08-31 06:30:00+00:00,2020-08-31 06:45:00+00:00,1,0.9999999999999362,TP,False
S2-08,asia_reclaim,EURUSD,2020-08-31 06:45:00+00:00,2020-08-31 07:00:00+00:00,2020-08-31 07:00:00+00:00,1,-1.0000000000001108,SL,False
S2-08,asia_reclaim,EURUSD,2020-09-01 01:00:00+00:00,2020-09-01 01:15:00+00:00,2020-09-01 01:15:00+00:00,-1,-1.000000000000203,SL,False
S2-08,asia_reclaim,EURUSD,2020-09-01 02:00:00+00:00,2020-09-01 02:15:00+00:00,2020-09-01 02:30:00+00:00,-1,-1.0000000000000897,SL,False
S2-08,asia_reclaim,EURUSD,2020-09-01 03:15:00+00:00,2020-09-01 03:30:00+00:00,2020-09-01 05:30:00+00:00,-1,1.000000000000032,TP,False
S2-08,asia_reclaim,EURUSD,2020-09-02 06:30:00+00:00,2020-09-02 06:45:00+00:00,2020-09-02 06:45:00+00:00,1,0.999999999999848,TP,False
S2-08,asia_reclaim,EURUSD,2020-09-03 01:15:00+00:00,2020-09-03 01:30:00+00:00,2020-09-03 01:30:00+00:00,1,-1.0,SL,False
S2-08,asia_reclaim,EURUSD,2020-09-03 02:45:00+00:00,2020-09-03 03:00:00+00:00,2020-09-03 03:15:00+00:00,1,-0.9999999999999004,SL,False
S2-08,asia_reclaim,EURUSD,2020-09-03 03:15:00+00:00,2020-09-03 03:30:00+00:00,2020-09-03 04:00:00+00:00,1,-1.0000000000000497,SL,False
S2-08,asia_reclaim,EURUSD,2020-09-03 04:45:00+00:00,2020-09-03 05:00:00+00:00,2020-09-03 05:00:00+00:00,1,-0.9999999999998977,SL,False
S2-08,asia_reclaim,EURUSD,2020-09-03 05:00:00+00:00,2020-09-03 05:15:00+00:00,2020-09-03 05:30:00+00:00,1,-1.000000000000052,SL,False
S2-08,asia_reclaim,EURUSD,2020-09-03 06:00:00+00:00,2020-09-03 06:15:00+00:00,2020-09-03 06:30:00+00:00,1,-0.9999999999999106,SL,False
S2-08,asia_reclaim,EURUSD,2020-09-03 06:45:00+00:00,2020-09-03 07:00:00+00:00,2020-09-03 07:00:00+00:00,1,-1.0000000000000404,SL,True
S2-08,asia_reclaim,EURUSD,2020-09-04 01:00:00+00:00,2020-09-04 01:15:00+00:00,2020-09-04 01:30:00+00:00,-1,1.0000000000001417,TP,False
S2-08,asia_reclaim,EURUSD,2020-09-04 03:00:00+00:00,2020-09-04 03:15:00+00:00,2020-09-04 04:30:00+00:00,1,0.9999999999999464,TP,False
S2-08,asia_reclaim,EURUSD,2020-09-04 06:15:00+00:00,2020-09-04 06:30:00+00:00,2020-09-04 06:30:00+00:00,1,-0.9999999999998057,SL,False
S2-08,asia_reclaim,EURUSD,2020-09-04 06:30:00+00:00,2020-09-04 06:45:00+00:00,2020-09-04 06:45:00+00:00,1,-0.9999999999998063,SL,False
S2-08,asia_reclaim,EURUSD,2020-09-07 02:30:00+00:00,2020-09-07 02:45:00+00:00,2020-09-07 03:45:00+00:00,1,0.999999999999796,TP,False
S2-08,asia_reclaim,EURUSD,2020-09-07 06:30:00+00:00,2020-09-07 06:45:00+00:00,2020-09-07 07:00:00+00:00,1,-0.9999999999999236,SL,False
S2-08,asia_reclaim,EURUSD,2020-09-08 06:00:00+00:00,2020-09-08 06:15:00+00:00,2020-09-08 07:00:00+00:00,-1,1.0,TP,False
S2-08,asia_reclaim,EURUSD,2020-09-09 03:15:00+00:00,2020-09-09 03:30:00+00:00,2020-09-09 04:15:00+00:00,-1,-0.999999999999809,SL,False
S2-08,asia_reclaim,EURUSD,2020-09-09 06:15:00+00:00,2020-09-09 06:30:00+00:00,2020-09-09 06:30:00+00:00,1,-0.9999999999998544,SL,False
S2-08,asia_reclaim,EURUSD,2020-09-09 06:45:00+00:00,2020-09-09 07:00:00+00:00,2020-09-09 07:00:00+00:00,1,1.0000000000001301,TP,False
S2-08,asia_reclaim,EURUSD,2020-09-10 01:30:00+00:00,2020-09-10 01:45:00+00:00,2020-09-10 01:45:00+00:00,-1,-0.9999999999998652,SL,False
S2-08,asia_reclaim,EURUSD,2020-09-10 02:30:00+00:00,2020-09-10 02:45:00+00:00,2020-09-10 05:15:00+00:00,-1,-1.0,SL,False
S2-08,asia_reclaim,EURUSD,2020-09-10 05:45:00+00:00,2020-09-10 06:00:00+00:00,2020-09-10 06:00:00+00:00,-1,-1.0000000000001061,SL,False
S2-08,asia_reclaim,EURUSD,2020-09-11 01:00:00+00:00,2020-09-11 01:15:00+00:00,2020-09-11 05:00:00+00:00,-1,0.18980461883498675,TIME,False
S2-08,asia_reclaim,EURUSD,2020-09-11 05:45:00+00:00,2020-09-11 06:00:00+00:00,2020-09-11 06:00:00+00:00,-1,0.9999999999997378,TP,False
S2-08,asia_reclaim,EURUSD,2020-09-14 01:30:00+00:00,2020-09-14 01:45:00+00:00,2020-09-14 02:00:00+00:00,-1,-0.99999999999984,SL,False
S2-08,asia_reclaim,EURUSD,2020-09-14 03:15:00+00:00,2020-09-14 03:30:00+00:00,2020-09-14 05:45:00+00:00,-1,-0.9999999999997639,SL,False
S2-08,asia_reclaim,EURUSD,2020-09-15 01:15:00+00:00,2020-09-15 01:30:00+00:00,2020-09-15 01:30:00+00:00,-1,-0.9999999999998344,SL,False
S2-08,asia_reclaim,EURUSD,2020-09-15 01:30:00+00:00,2020-09-15 01:45:00+00:00,2020-09-15 01:45:00+00:00,-1,-1.0000000000001614,SL,False
S2-08,asia_reclaim,EURUSD,2020-09-15 02:15:00+00:00,2020-09-15 02:30:00+00:00,2020-09-15 03:00:00+00:00,-1,-0.9999999999998654,SL,False
S2-08,asia_reclaim,EURUSD,2020-09-15 03:45:00+00:00,2020-09-15 04:00:00+00:00,2020-09-15 04:15:00+00:00,-1,-1.0000000000000633,SL,False
S2-08,asia_reclaim,EURUSD,2020-09-15 04:30:00+00:00,2020-09-15 04:45:00+00:00,2020-09-15 05:00:00+00:00,-1,-1.0000000000000677,SL,False
S2-08,asia_reclaim,EURUSD,2020-09-15 06:15:00+00:00,2020-09-15 06:30:00+00:00,2020-09-15 06:45:00+00:00,-1,1.0000000000000635,TP,False
S2-08,asia_reclaim,EURUSD,2020-09-16 01:00:00+00:00,2020-09-16 01:15:00+00:00,2020-09-16 01:15:00+00:00,1,0.9999999999997672,TP,False
S2-08,asia_reclaim,EURUSD,2020-09-16 02:30:00+00:00,2020-09-16 02:45:00+00:00,2020-09-16 05:00:00+00:00,-1,-0.9999999999999422,SL,False
S2-08,asia_reclaim,EURUSD,2020-09-16 05:15:00+00:00,2020-09-16 05:30:00+00:00,2020-09-16 05:30:00+00:00,-1,0.9999999999997891,TP,False
S2-08,asia_reclaim,EURUSD,2020-09-16 06:45:00+00:00,2020-09-16 07:00:00+00:00,2020-09-16 07:00:00+00:00,-1,-1.000000000000225,SL,False
S2-08,asia_reclaim,EURUSD,2020-09-18 01:30:00+00:00,2020-09-18 01:45:00+00:00,2020-09-18 01:45:00+00:00,1,-0.9999999999999456,SL,False
S2-08,asia_reclaim,EURUSD,2020-09-18 02:15:00+00:00,2020-09-18 02:30:00+00:00,2020-09-18 05:15:00+00:00,1,1.0000000000000497,TP,False
S2-08,asia_reclaim,EURUSD,2020-09-18 06:30:00+00:00,2020-09-18 06:45:00+00:00,2020-09-18 06:45:00+00:00,-1,-1.0,SL,False
S2-08,asia_reclaim,EURUSD,2020-09-21 01:00:00+00:00,2020-09-21 01:15:00+00:00,2020-09-21 01:15:00+00:00,-1,-0.9999999999999366,SL,False
S2-08,asia_reclaim,EURUSD,2020-09-21 01:15:00+00:00,2020-09-21 01:30:00+00:00,2020-09-21 03:15:00+00:00,-1,-1.0000000000001301,SL,False
S2-08,asia_reclaim,EURUSD,2020-09-22 01:15:00+00:00,2020-09-22 01:30:00+00:00,2020-09-22 01:30:00+00:00,1,0.9999999999998879,TP,False
S2-08,asia_reclaim,EURUSD,2020-09-22 03:15:00+00:00,2020-09-22 03:30:00+00:00,2020-09-22 05:00:00+00:00,-1,1.0,TP,False
S2-08,asia_reclaim,EURUSD,2020-09-22 06:00:00+00:00,2020-09-22 06:15:00+00:00,2020-09-22 06:15:00+00:00,1,-0.9999999999997932,SL,False
S2-08,asia_reclaim,EURUSD,2020-09-23 01:00:00+00:00,2020-09-23 01:15:00+00:00,2020-09-23 01:15:00+00:00,1,-1.0000000000000575,SL,False
S2-08,asia_reclaim,EURUSD,2020-09-23 01:15:00+00:00,2020-09-23 01:30:00+00:00,2020-09-23 01:45:00+00:00,1,1.0,TP,False
S2-08,asia_reclaim,EURUSD,2020-09-23 04:15:00+00:00,2020-09-23 04:30:00+00:00,2020-09-23 05:15:00+00:00,1,0.9999999999999065,TP,False
S2-08,asia_reclaim,EURUSD,2020-09-23 06:15:00+00:00,2020-09-23 06:30:00+00:00,2020-09-23 06:30:00+00:00,1,1.0000000000001104,TP,False
S2-08,asia_reclaim,EURUSD,2020-09-24 01:00:00+00:00,2020-09-24 01:15:00+00:00,2020-09-24 01:15:00+00:00,-1,-1.0,SL,False
S2-08,asia_reclaim,EURUSD,2020-09-24 01:30:00+00:00,2020-09-24 01:45:00+00:00,2020-09-24 01:45:00+00:00,-1,0.9999999999998808,TP,False
S2-08,asia_reclaim,EURUSD,2020-09-24 04:00:00+00:00,2020-09-24 04:15:00+00:00,2020-09-24 05:00:00+00:00,1,-0.9999999999998387,SL,False
S2-08,asia_reclaim,EURUSD,2020-09-24 05:00:00+00:00,2020-09-24 05:15:00+00:00,2020-09-24 06:00:00+00:00,1,1.0000000000000566,TP,False
S2-08,asia_reclaim,EURUSD,2020-09-25 01:00:00+00:00,2020-09-25 01:15:00+00:00,2020-09-25 01:15:00+00:00,1,1.000000000000077,TP,False
S2-08,asia_reclaim,EURUSD,2020-09-25 04:00:00+00:00,2020-09-25 04:15:00+00:00,2020-09-25 04:45:00+00:00,1,1.0000000000000684,TP,False
S2-08,asia_reclaim,EURUSD,2020-09-25 06:30:00+00:00,2020-09-25 06:45:00+00:00,2020-09-25 06:45:00+00:00,-1,-0.9999999999999277,SL,False
S2-08,asia_reclaim,EURUSD,2020-09-25 06:45:00+00:00,2020-09-25 07:00:00+00:00,2020-09-25 07:00:00+00:00,-1,0.9999999999998626,TP,False
S2-08,asia_reclaim,EURUSD,2020-09-28 02:30:00+00:00,2020-09-28 02:45:00+00:00,2020-09-28 04:15:00+00:00,-1,-0.9999999999999462,SL,False
S2-08,asia_reclaim,EURUSD,2020-09-29 01:15:00+00:00,2020-09-29 01:30:00+00:00,2020-09-29 01:45:00+00:00,1,-1.0,SL,False
S2-08,asia_reclaim,EURUSD,2020-09-29 01:45:00+00:00,2020-09-29 02:00:00+00:00,2020-09-29 02:00:00+00:00,1,1.0000000000001266,TP,False
S2-08,asia_reclaim,EURUSD,2020-09-29 06:15:00+00:00,2020-09-29 06:30:00+00:00,2020-09-29 06:30:00+00:00,1,-0.9999999999997583,SL,False
S2-08,asia_reclaim,EURUSD,2020-09-30 01:15:00+00:00,2020-09-30 01:30:00+00:00,2020-09-30 02:00:00+00:00,-1,1.0,TP,False
S2-08,asia_reclaim,EURUSD,2020-09-30 02:15:00+00:00,2020-09-30 02:30:00+00:00,2020-09-30 02:30:00+00:00,-1,-1.0,SL,False
S2-08,asia_reclaim,EURUSD,2020-09-30 02:30:00+00:00,2020-09-30 02:45:00+00:00,2020-09-30 03:00:00+00:00,-1,0.9999999999998782,TP,False
S2-08,asia_reclaim,EURUSD,2020-09-30 03:30:00+00:00,2020-09-30 03:45:00+00:00,2020-09-30 05:00:00+00:00,1,1.0000000000001388,TP,False
S2-08,asia_reclaim,EURUSD,2020-09-30 06:15:00+00:00,2020-09-30 06:30:00+00:00,2020-09-30 06:45:00+00:00,1,1.0000000000000988,TP,False
S2-08,asia_reclaim,EURUSD,2020-10-01 03:15:00+00:00,2020-10-01 03:30:00+00:00,2020-10-01 04:45:00+00:00,-1,-1.000000000000102,SL,False
S2-08,asia_reclaim,EURUSD,2020-10-01 04:45:00+00:00,2020-10-01 05:00:00+00:00,2020-10-01 06:00:00+00:00,-1,-1.0000000000001172,SL,False
S2-08,asia_reclaim,EURUSD,2020-10-01 06:00:00+00:00,2020-10-01 06:15:00+00:00,2020-10-01 06:15:00+00:00,-1,-1.0000000000000673,SL,False
S2-08,asia_reclaim,EURUSD,2020-10-01 06:45:00+00:00,2020-10-01 07:00:00+00:00,2020-10-01 07:00:00+00:00,-1,1.0000000000000613,TP,False
S2-08,asia_reclaim,EURUSD,2020-10-02 01:00:00+00:00,2020-10-02 01:15:00+00:00,2020-10-02 01:45:00+00:00,1,-0.9999999999999062,SL,False
S2-08,asia_reclaim,EURUSD,2020-10-02 01:45:00+00:00,2020-10-02 02:00:00+00:00,2020-10-02 02:00:00+00:00,1,-0.9999999999999079,SL,False
S2-08,asia_reclaim,EURUSD,2020-10-02 02:30:00+00:00,2020-10-02 02:45:00+00:00,2020-10-02 02:45:00+00:00,1,-1.0000000000002418,SL,False
S2-08,asia_reclaim,EURUSD,2020-10-02 04:00:00+00:00,2020-10-02 04:15:00+00:00,2020-10-02 04:45:00+00:00,1,-1.0000000000001297,SL,False
S2-08,asia_reclaim,EURUSD,2020-10-02 05:00:00+00:00,2020-10-02 05:15:00+00:00,2020-10-02 05:15:00+00:00,1,0.9999999999998955,TP,False
S2-08,asia_reclaim,EURUSD,2020-10-05 01:15:00+00:00,2020-10-05 01:30:00+00:00,2020-10-05 01:30:00+00:00,-1,-0.9999999999999366,SL,False
S2-08,asia_reclaim,EURUSD,2020-10-06 01:45:00+00:00,2020-10-06 02:00:00+00:00,2020-10-06 02:15:00+00:00,1,0.9999999999997196,TP,False
S2-08,asia_reclaim,EURUSD,2020-10-06 03:30:00+00:00,2020-10-06 03:45:00+00:00,2020-10-06 04:45:00+00:00,-1,0.9999999999999085,TP,False
S2-08,asia_reclaim,EURUSD,2020-10-06 06:15:00+00:00,2020-10-06 06:30:00+00:00,2020-10-06 06:30:00+00:00,1,-1.0,SL,False
S2-08,asia_reclaim,EURUSD,2020-10-07 02:00:00+00:00,2020-10-07 02:15:00+00:00,2020-10-07 03:00:00+00:00,1,-1.0000000000001306,SL,False
S2-08,asia_reclaim,EURUSD,2020-10-07 05:45:00+00:00,2020-10-07 06:00:00+00:00,2020-10-07 06:15:00+00:00,-1,-1.0,SL,False
S2-08,asia_reclaim,EURUSD,2020-10-08 01:15:00+00:00,2020-10-08 01:30:00+00:00,2020-10-08 01:30:00+00:00,1,0.999999999999897,TP,False
S2-08,asia_reclaim,EURUSD,2020-10-08 01:30:00+00:00,2020-10-08 01:45:00+00:00,2020-10-08 01:45:00+00:00,1,0.9999999999998967,TP,False
S2-08,asia_reclaim,EURUSD,2020-10-08 01:45:00+00:00,2020-10-08 02:00:00+00:00,2020-10-08 02:00:00+00:00,-1,1.0,TP,False
S2-08,asia_reclaim,EURUSD,2020-10-08 03:00:00+00:00,2020-10-08 03:15:00+00:00,2020-10-08 05:15:00+00:00,-1,-0.9999999999997672,SL,False
S2-08,asia_reclaim,EURUSD,2020-10-08 05:30:00+00:00,2020-10-08 05:45:00+00:00,2020-10-08 06:00:00+00:00,-1,-1.0000000000001072,SL,False
S2-08,asia_reclaim,EURUSD,2020-10-08 06:00:00+00:00,2020-10-08 06:15:00+00:00,2020-10-08 06:15:00+00:00,-1,-1.0000000000000935,SL,False
S2-08,asia_reclaim,EURUSD,2020-10-08 06:45:00+00:00,2020-10-08 07:00:00+00:00,2020-10-08 07:00:00+00:00,-1,1.0000000000002471,TP,False
S2-08,asia_reclaim,EURUSD,2020-10-09 01:45:00+00:00,2020-10-09 02:00:00+00:00,2020-10-09 02:30:00+00:00,-1,-1.0,SL,False
S2-08,asia_reclaim,EURUSD,2020-10-09 03:15:00+00:00,2020-10-09 03:30:00+00:00,2020-10-09 04:30:00+00:00,-1,1.000000000000144,TP,False
S2-08,asia_reclaim,EURUSD,2020-10-12 01:15:00+00:00,2020-10-12 01:30:00+00:00,2020-10-12 05:15:00+00:00,1,1.0000000000001752,TP,False
S2-08,asia_reclaim,EURUSD,2020-10-12 05:15:00+00:00,2020-10-12 05:30:00+00:00,2020-10-12 05:30:00+00:00,-1,-1.0,SL,False
S2-08,asia_reclaim,EURUSD,2020-10-12 05:45:00+00:00,2020-10-12 06:00:00+00:00,2020-10-12 06:00:00+00:00,-1,1.0000000000002878,TP,False
S2-08,asia_reclaim,EURUSD,2020-10-13 02:00:00+00:00,2020-10-13 02:15:00+00:00,2020-10-13 02:15:00+00:00,1,-1.0,SL,False
S2-08,asia_reclaim,EURUSD,2020-10-14 01:15:00+00:00,2020-10-14 01:30:00+00:00,2020-10-14 01:30:00+00:00,1,1.0000000000001783,TP,False
S2-08,asia_reclaim,EURUSD,2020-10-15 01:15:00+00:00,2020-10-15 01:30:00+00:00,2020-10-15 01:30:00+00:00,-1,0.9999999999998549,TP,False
S2-08,asia_reclaim,EURUSD,2020-10-15 05:45:00+00:00,2020-10-15 06:00:00+00:00,2020-10-15 06:00:00+00:00,-1,1.0000000000001759,TP,False
S2-08,asia_reclaim,EURUSD,2020-10-15 06:30:00+00:00,2020-10-15 06:45:00+00:00,2020-10-15 06:45:00+00:00,1,-0.9999999999999052,SL,False
S2-08,asia_reclaim,EURUSD,2020-10-16 01:00:00+00:00,2020-10-16 01:15:00+00:00,2020-10-16 01:15:00+00:00,-1,-1.0000000000002696,SL,False
S2-08,asia_reclaim,EURUSD,2020-10-16 06:45:00+00:00,2020-10-16 07:00:00+00:00,2020-10-16 07:00:00+00:00,1,0.9999999999997738,TP,False
S2-08,asia_reclaim,EURUSD,2020-10-19 01:00:00+00:00,2020-10-19 01:15:00+00:00,2020-10-19 02:00:00+00:00,-1,0.9999999999998426,TP,False
S2-08,asia_reclaim,EURUSD,2020-10-19 03:15:00+00:00,2020-10-19 03:30:00+00:00,2020-10-19 04:30:00+00:00,1,-1.0000000000001386,SL,False
S2-08,asia_reclaim,EURUSD,2020-10-19 04:30:00+00:00,2020-10-19 04:45:00+00:00,2020-10-19 05:30:00+00:00,1,1.0000000000000941,TP,False
S2-08,asia_reclaim,EURUSD,2020-10-19 06:45:00+00:00,2020-10-19 07:00:00+00:00,2020-10-19 07:00:00+00:00,1,0.9999999999996959,TP,False
S2-08,asia_reclaim,EURUSD,2020-10-20 02:00:00+00:00,2020-10-20 02:15:00+00:00,2020-10-20 03:00:00+00:00,1,0.9999999999999151,TP,False
S2-08,asia_reclaim,EURUSD,2020-10-20 04:15:00+00:00,2020-10-20 04:30:00+00:00,2020-10-20 05:00:00+00:00,-1,-1.0,SL,False
S2-08,asia_reclaim,EURUSD,2020-10-21 01:15:00+00:00,2020-10-21 01:30:00+00:00,2020-10-21 01:30:00+00:00,-1,-1.0000000000002736,SL,False
S2-08,asia_reclaim,EURUSD,2020-10-21 01:45:00+00:00,2020-10-21 02:00:00+00:00,2020-10-21 02:00:00+00:00,-1,-1.0,SL,False
S2-08,asia_reclaim,EURUSD,2020-10-21 04:45:00+00:00,2020-10-21 05:00:00+00:00,2020-10-21 06:00:00+00:00,-1,-1.0000000000001394,SL,False
S2-08,asia_reclaim,EURUSD,2020-10-21 06:30:00+00:00,2020-10-21 06:45:00+00:00,2020-10-21 06:45:00+00:00,-1,0.9999999999998703,TP,False
S2-08,asia_reclaim,EURUSD,2020-10-22 02:15:00+00:00,2020-10-22 02:30:00+00:00,2020-10-22 05:15:00+00:00,1,0.999999999999932,TP,False
S2-08,asia_reclaim,EURUSD,2020-10-22 06:30:00+00:00,2020-10-22 06:45:00+00:00,2020-10-22 06:45:00+00:00,-1,0.9999999999997911,TP,False
S2-08,asia_reclaim,EURUSD,2020-10-26 01:45:00+00:00,2020-10-26 02:00:00+00:00,2020-10-26 03:15:00+00:00,1,-0.9999999999998782,SL,False
S2-08,asia_reclaim,EURUSD,2020-10-26 03:45:00+00:00,2020-10-26 04:00:00+00:00,2020-10-26 05:45:00+00:00,1,-1.0000000000000688,SL,False
S2-08,asia_reclaim,EURUSD,2020-10-26 05:45:00+00:00,2020-10-26 06:00:00+00:00,2020-10-26 06:15:00+00:00,1,0.9999999999999057,TP,False
S2-08,asia_reclaim,EURUSD,2020-10-27 02:15:00+00:00,2020-10-27 02:30:00+00:00,2020-10-27 03:00:00+00:00,-1,1.0,TP,False
S2-08,asia_reclaim,EURUSD,2020-10-27 04:30:00+00:00,2020-10-27 04:45:00+00:00,2020-10-27 05:00:00+00:00,-1,-0.9999999999999009,SL,False
S2-08,asia_reclaim,EURUSD,2020-10-27 05:15:00+00:00,2020-10-27 05:30:00+00:00,2020-10-27 05:30:00+00:00,-1,-1.0000000000001121,SL,False
S2-08,asia_reclaim,EURUSD,2020-10-28 01:30:00+00:00,2020-10-28 01:45:00+00:00,2020-10-28 03:00:00+00:00,-1,0.9999999999999514,TP,False
S2-08,asia_reclaim,EURUSD,2020-10-30 03:30:00+00:00,2020-10-30 03:45:00+00:00,2020-10-30 04:30:00+00:00,-1,0.9999999999997957,TP,False
S2-08,asia_reclaim,EURUSD,2020-11-02 01:15:00+00:00,2020-11-02 01:30:00+00:00,2020-11-02 02:45:00+00:00,-1,-0.9999999999998694,SL,False
S2-08,asia_reclaim,EURUSD,2020-11-03 01:00:00+00:00,2020-11-03 01:15:00+00:00,2020-11-03 01:15:00+00:00,-1,-1.0,SL,False
S2-08,asia_reclaim,EURUSD,2020-11-03 01:30:00+00:00,2020-11-03 01:45:00+00:00,2020-11-03 01:45:00+00:00,-1,-1.0000000000001859,SL,False
S2-08,asia_reclaim,EURUSD,2020-11-03 02:00:00+00:00,2020-11-03 02:15:00+00:00,2020-11-03 03:30:00+00:00,-1,-1.0000000000002542,SL,False
S2-08,asia_reclaim,EURUSD,2020-11-03 03:30:00+00:00,2020-11-03 03:45:00+00:00,2020-11-03 05:15:00+00:00,-1,-1.0000000000001465,SL,False
S2-08,asia_reclaim,EURUSD,2020-11-03 05:30:00+00:00,2020-11-03 05:45:00+00:00,2020-11-03 06:45:00+00:00,-1,-0.9999999999998349,SL,False
S2-08,asia_reclaim,EURUSD,2020-11-04 01:00:00+00:00,2020-11-04 01:15:00+00:00,2020-11-04 01:15:00+00:00,1,-0.99999999999995,SL,False
S2-08,asia_reclaim,EURUSD,2020-11-04 01:30:00+00:00,2020-11-04 01:45:00+00:00,2020-11-04 02:15:00+00:00,1,-0.9999999999999859,SL,False
S2-08,asia_reclaim,EURUSD,2020-11-05 02:15:00+00:00,2020-11-05 02:30:00+00:00,2020-11-05 02:30:00+00:00,1,1.0,TP,False
S2-08,asia_reclaim,EURUSD,2020-11-05 03:15:00+00:00,2020-11-05 03:30:00+00:00,2020-11-05 05:45:00+00:00,-1,-1.0,SL,False
S2-08,asia_reclaim,EURUSD,2020-11-05 05:45:00+00:00,2020-11-05 06:00:00+00:00,2020-11-05 06:15:00+00:00,-1,-1.0000000000001557,SL,False
S2-08,asia_reclaim,EURUSD,2020-11-06 03:15:00+00:00,2020-11-06 03:30:00+00:00,2020-11-06 05:30:00+00:00,-1,0.9999999999999687,TP,False
S2-08,asia_reclaim,EURUSD,2020-11-09 01:15:00+00:00,2020-11-09 01:30:00+00:00,2020-11-09 05:15:00+00:00,-1,-0.4296252581882561,TIME,False
S2-08,asia_reclaim,EURUSD,2020-11-09 05:30:00+00:00,2020-11-09 05:45:00+00:00,2020-11-09 05:45:00+00:00,-1,0.9999999999997424,TP,False
S2-08,asia_reclaim,EURUSD,2020-11-10 01:30:00+00:00,2020-11-10 01:45:00+00:00,2020-11-10 02:00:00+00:00,-1,-0.999999999999914,SL,False
S2-08,asia_reclaim,EURUSD,2020-11-11 01:30:00+00:00,2020-11-11 01:45:00+00:00,2020-11-11 02:30:00+00:00,-1,-1.000000000000075,SL,False
S2-08,asia_reclaim,EURUSD,2020-11-11 02:30:00+00:00,2020-11-11 02:45:00+00:00,2020-11-11 03:15:00+00:00,-1,-1.0000000000001437,SL,False
S2-08,asia_reclaim,EURUSD,2020-11-11 06:15:00+00:00,2020-11-11 06:30:00+00:00,2020-11-11 06:30:00+00:00,1,1.0000000000002531,TP,False
S2-08,asia_reclaim,EURUSD,2020-11-12 03:45:00+00:00,2020-11-12 04:00:00+00:00,2020-11-12 05:00:00+00:00,1,-1.0,SL,False
S2-08,asia_reclaim,EURUSD,2020-11-12 05:00:00+00:00,2020-11-12 05:15:00+00:00,2020-11-12 06:15:00+00:00,1,-1.0000000000002391,SL,False
S2-08,asia_reclaim,EURUSD,2020-11-12 06:30:00+00:00,2020-11-12 06:45:00+00:00,2020-11-12 07:00:00+00:00,1,1.0000000000002165,TP,False
S2-08,asia_reclaim,EURUSD,2020-11-13 02:30:00+00:00,2020-11-13 02:45:00+00:00,2020-11-13 04:00:00+00:00,1,-1.0000000000001554,SL,False
S2-08,asia_reclaim,EURUSD,2020-11-16 01:30:00+00:00,2020-11-16 01:45:00+00:00,2020-11-16 03:00:00+00:00,-1,-1.0000000000002005,SL,False
S2-08,asia_reclaim,EURUSD,2020-11-16 03:15:00+00:00,2020-11-16 03:30:00+00:00,2020-11-16 05:30:00+00:00,-1,0.9999999999997667,TP,False
S2-08,asia_reclaim,EURUSD,2020-11-17 01:00:00+00:00,2020-11-17 01:15:00+00:00,2020-11-17 01:45:00+00:00,-1,1.0000000000002018,TP,False
S2-08,asia_reclaim,EURUSD,2020-11-17 02:45:00+00:00,2020-11-17 03:00:00+00:00,2020-11-17 04:00:00+00:00,-1,1.0000000000001807,TP,False
S2-08,asia_reclaim,EURUSD,2020-11-17 04:00:00+00:00,2020-11-17 04:15:00+00:00,2020-11-17 05:15:00+00:00,1,-1.0,SL,False
S2-08,asia_reclaim,EURUSD,2020-11-17 05:45:00+00:00,2020-11-17 06:00:00+00:00,2020-11-17 06:00:00+00:00,1,-0.9999999999997774,SL,False
S2-08,asia_reclaim,EURUSD,2020-11-17 06:00:00+00:00,2020-11-17 06:15:00+00:00,2020-11-17 06:30:00+00:00,1,1.000000000000216,TP,False
S2-08,asia_reclaim,EURUSD,2020-11-18 01:15:00+00:00,2020-11-18 01:30:00+00:00,2020-11-18 01:30:00+00:00,1,-1.0000000000000928,SL,False
S2-08,asia_reclaim,EURUSD,2020-11-18 04:45:00+00:00,2020-11-18 05:00:00+00:00,2020-11-18 05:00:00+00:00,-1,-0.9999999999998841,SL,False
S2-08,asia_reclaim,EURUSD,2020-11-18 05:30:00+00:00,2020-11-18 05:45:00+00:00,2020-11-18 06:15:00+00:00,-1,1.0,TP,False
S2-08,asia_reclaim,EURUSD,2020-11-18 06:45:00+00:00,2020-11-18 07:00:00+00:00,2020-11-18 07:15:00+00:00,-1,-1.0000000000001616,SL,False
S2-08,asia_reclaim,EURUSD,2020-11-19 02:00:00+00:00,2020-11-19 02:15:00+00:00,2020-11-19 02:30:00+00:00,-1,-0.9999999999998681,SL,False
S2-08,asia_reclaim,EURUSD,2020-11-19 02:45:00+00:00,2020-11-19 03:00:00+00:00,2020-11-19 05:45:00+00:00,-1,-0.9999999999998228,SL,False
S2-08,asia_reclaim,EURUSD,2020-11-19 05:45:00+00:00,2020-11-19 06:00:00+00:00,2020-11-19 06:15:00+00:00,-1,1.000000000000265,TP,False
S2-08,asia_reclaim,EURUSD,2020-11-20 01:15:00+00:00,2020-11-20 01:30:00+00:00,2020-11-20 02:15:00+00:00,-1,0.9999999999998214,TP,False
S2-08,asia_reclaim,EURUSD,2020-11-23 01:15:00+00:00,2020-11-23 01:30:00+00:00,2020-11-23 02:30:00+00:00,-1,1.0,TP,False
S2-08,asia_reclaim,EURUSD,2020-11-23 06:00:00+00:00,2020-11-23 06:15:00+00:00,2020-11-23 06:15:00+00:00,-1,-1.0,SL,False
S2-08,asia_reclaim,EURUSD,2020-11-24 02:45:00+00:00,2020-11-24 03:00:00+00:00,2020-11-24 03:45:00+00:00,-1,1.000000000000249,TP,False
S2-08,asia_reclaim,EURUSD,2020-11-25 01:15:00+00:00,2020-11-25 01:30:00+00:00,2020-11-25 02:00:00+00:00,-1,0.9999999999997651,TP,False
S2-08,asia_reclaim,EURUSD,2020-11-25 06:30:00+00:00,2020-11-25 06:45:00+00:00,2020-11-25 07:00:00+00:00,1,1.0000000000002192,TP,False
S2-08,asia_reclaim,EURUSD,2020-11-27 01:00:00+00:00,2020-11-27 01:15:00+00:00,2020-11-27 03:00:00+00:00,-1,-0.999999999999688,SL,False
S2-08,asia_reclaim,EURUSD,2020-11-27 04:15:00+00:00,2020-11-27 04:30:00+00:00,2020-11-27 05:45:00+00:00,-1,-1.0,SL,False
S2-08,asia_reclaim,EURUSD,2020-11-27 06:15:00+00:00,2020-11-27 06:30:00+00:00,2020-11-27 06:30:00+00:00,-1,-1.0,SL,False
S2-08,asia_reclaim,EURUSD,2020-11-30 01:00:00+00:00,2020-11-30 01:15:00+00:00,2020-11-30 02:45:00+00:00,-1,0.9999999999998603,TP,False
S2-08,asia_reclaim,EURUSD,2020-11-30 05:45:00+00:00,2020-11-30 06:00:00+00:00,2020-11-30 06:00:00+00:00,-1,-1.0000000000001978,SL,False
S2-08,asia_reclaim,EURUSD,2020-11-30 06:00:00+00:00,2020-11-30 06:15:00+00:00,2020-11-30 06:30:00+00:00,-1,0.9999999999997111,TP,False
S2-08,asia_reclaim,EURUSD,2020-12-01 01:30:00+00:00,2020-12-01 01:45:00+00:00,2020-12-01 01:45:00+00:00,-1,-0.9999999999997646,SL,False
S2-08,asia_reclaim,EURUSD,2020-12-01 02:00:00+00:00,2020-12-01 02:15:00+00:00,2020-12-01 02:15:00+00:00,-1,-0.9999999999997341,SL,False
S2-08,asia_reclaim,EURUSD,2020-12-01 02:30:00+00:00,2020-12-01 02:45:00+00:00,2020-12-01 02:45:00+00:00,-1,-1.0000000000000837,SL,False
S2-08,asia_reclaim,EURUSD,2020-12-01 03:15:00+00:00,2020-12-01 03:30:00+00:00,2020-12-01 07:00:00+00:00,-1,-1.0000000000001694,SL,True
S2-08,asia_reclaim,EURUSD,2020-12-02 01:15:00+00:00,2020-12-02 01:30:00+00:00,2020-12-02 01:45:00+00:00,1,1.0000000000000808,TP,False
S2-08,asia_reclaim,EURUSD,2020-12-02 02:45:00+00:00,2020-12-02 03:00:00+00:00,2020-12-02 03:00:00+00:00,-1,-1.0000000000000664,SL,False
S2-08,asia_reclaim,EURUSD,2020-12-03 01:45:00+00:00,2020-12-03 02:00:00+00:00,2020-12-03 02:00:00+00:00,-1,-0.9999999999997613,SL,False
S2-08,asia_reclaim,EURUSD,2020-12-03 02:00:00+00:00,2020-12-03 02:15:00+00:00,2020-12-03 02:45:00+00:00,-1,-0.9999999999998487,SL,False
S2-08,asia_reclaim,EURUSD,2020-12-03 03:15:00+00:00,2020-12-03 03:30:00+00:00,2020-12-03 04:15:00+00:00,-1,0.9999999999997848,TP,False
S2-08,asia_reclaim,EURUSD,2020-12-04 06:30:00+00:00,2020-12-04 06:45:00+00:00,2020-12-04 06:45:00+00:00,-1,-0.999999999999768,SL,False
S2-08,asia_reclaim,EURUSD,2020-12-07 02:15:00+00:00,2020-12-07 02:30:00+00:00,2020-12-07 05:15:00+00:00,-1,0.999999999999871,TP,False
S2-08,asia_reclaim,EURUSD,2020-12-08 01:15:00+00:00,2020-12-08 01:30:00+00:00,2020-12-08 01:45:00+00:00,-1,-0.9999999999996994,SL,False
S2-08,asia_reclaim,EURUSD,2020-12-08 04:00:00+00:00,2020-12-08 04:15:00+00:00,2020-12-08 05:30:00+00:00,-1,-0.9999999999999101,SL,False
S2-08,asia_reclaim,EURUSD,2020-12-09 02:15:00+00:00,2020-12-09 02:30:00+00:00,2020-12-09 02:30:00+00:00,-1,-1.0000000000001878,SL,False
S2-08,asia_reclaim,EURUSD,2020-12-09 03:00:00+00:00,2020-12-09 03:15:00+00:00,2020-12-09 03:15:00+00:00,-1,-1.0000000000001874,SL,False
S2-08,asia_reclaim,EURUSD,2020-12-09 04:15:00+00:00,2020-12-09 04:30:00+00:00,2020-12-09 05:45:00+00:00,-1,-1.00000000000009,SL,False
S2-08,asia_reclaim,EURUSD,2020-12-10 02:45:00+00:00,2020-12-10 03:00:00+00:00,2020-12-10 03:30:00+00:00,-1,-1.0000000000002751,SL,False
S2-08,asia_reclaim,EURUSD,2020-12-10 03:45:00+00:00,2020-12-10 04:00:00+00:00,2020-12-10 04:00:00+00:00,-1,-1.000000000000097,SL,False
S2-08,asia_reclaim,EURUSD,2020-12-10 04:45:00+00:00,2020-12-10 05:00:00+00:00,2020-12-10 05:30:00+00:00,-1,0.9999999999998146,TP,False
S2-08,asia_reclaim,EURUSD,2020-12-11 01:45:00+00:00,2020-12-11 02:00:00+00:00,2020-12-11 02:00:00+00:00,-1,0.9999999999999214,TP,False
S2-08,asia_reclaim,EURUSD,2020-12-11 06:30:00+00:00,2020-12-11 06:45:00+00:00,2020-12-11 07:00:00+00:00,-1,0.9999999999999039,TP,False
S2-08,asia_reclaim,EURUSD,2020-12-14 03:15:00+00:00,2020-12-14 03:30:00+00:00,2020-12-14 05:30:00+00:00,-1,-0.9999999999998703,SL,False
S2-08,asia_reclaim,EURUSD,2020-12-14 06:00:00+00:00,2020-12-14 06:15:00+00:00,2020-12-14 06:15:00+00:00,-1,-0.9999999999998841,SL,False
S2-08,asia_reclaim,EURUSD,2020-12-14 06:15:00+00:00,2020-12-14 06:30:00+00:00,2020-12-14 07:00:00+00:00,-1,1.0000000000001121,TP,False
S2-08,asia_reclaim,EURUSD,2020-12-15 01:00:00+00:00,2020-12-15 01:15:00+00:00,2020-12-15 01:45:00+00:00,-1,1.0,TP,False
S2-08,asia_reclaim,EURUSD,2020-12-15 05:15:00+00:00,2020-12-15 05:30:00+00:00,2020-12-15 05:45:00+00:00,1,0.9999999999998352,TP,False
S2-08,asia_reclaim,EURUSD,2020-12-16 01:30:00+00:00,2020-12-16 01:45:00+00:00,2020-12-16 02:45:00+00:00,-1,-1.0000000000001896,SL,False
S2-08,asia_reclaim,EURUSD,2020-12-16 03:00:00+00:00,2020-12-16 03:15:00+00:00,2020-12-16 03:15:00+00:00,-1,-1.000000000000094,SL,False
S2-08,asia_reclaim,EURUSD,2020-12-16 03:45:00+00:00,2020-12-16 04:00:00+00:00,2020-12-16 04:45:00+00:00,-1,-0.9999999999997303,SL,False
S2-08,asia_reclaim,EURUSD,2020-12-16 05:00:00+00:00,2020-12-16 05:15:00+00:00,2020-12-16 06:15:00+00:00,-1,1.0,TP,False
S2-08,asia_reclaim,EURUSD,2020-12-17 02:15:00+00:00,2020-12-17 02:30:00+00:00,2020-12-17 02:45:00+00:00,-1,-1.0000000000001894,SL,False
S2-08,asia_reclaim,EURUSD,2020-12-21 01:15:00+00:00,2020-12-21 01:30:00+00:00,2020-12-21 01:30:00+00:00,-1,1.000000000000105,TP,False
S2-08,asia_reclaim,EURUSD,2020-12-22 01:00:00+00:00,2020-12-22 01:15:00+00:00,2020-12-22 03:15:00+00:00,1,-1.0000000000000466,SL,False
S2-08,asia_reclaim,EURUSD,2020-12-22 05:15:00+00:00,2020-12-22 05:30:00+00:00,2020-12-22 05:45:00+00:00,1,-1.0000000000000842,SL,False
S2-08,asia_reclaim,EURUSD,2020-12-22 05:45:00+00:00,2020-12-22 06:00:00+00:00,2020-12-22 06:15:00+00:00,1,0.9999999999998356,TP,False
S2-08,asia_reclaim,EURUSD,2020-12-23 01:00:00+00:00,2020-12-23 01:15:00+00:00,2020-12-23 01:30:00+00:00,1,0.9999999999999062,TP,False
S2-08,asia_reclaim,EURUSD,2020-12-23 04:00:00+00:00,2020-12-23 04:15:00+00:00,2020-12-23 07:00:00+00:00,-1,0.9999999999999141,TP,False
S2-08,asia_reclaim,EURUSD,2020-12-24 01:45:00+00:00,2020-12-24 02:00:00+00:00,2020-12-24 02:15:00+00:00,-1,-0.9999999999999383,SL,False
S2-08,asia_reclaim,EURUSD,2020-12-25 02:15:00+00:00,2020-12-25 02:30:00+00:00,2020-12-25 02:45:00+00:00,-1,-1.0000000000002505,SL,False
S2-08,asia_reclaim,EURUSD,2020-12-25 06:45:00+00:00,2020-12-25 07:00:00+00:00,2020-12-25 07:00:00+00:00,-1,-1.0000000000001534,SL,False
S2-08,asia_reclaim,EURUSD,2020-12-28 02:15:00+00:00,2020-12-28 02:30:00+00:00,2020-12-28 05:30:00+00:00,-1,-1.0,SL,False
S2-08,asia_reclaim,EURUSD,2020-12-28 06:00:00+00:00,2020-12-28 06:15:00+00:00,2020-12-28 06:45:00+00:00,-1,-1.0000000000002378,SL,False
S2-08,asia_reclaim,EURUSD,2020-12-29 02:00:00+00:00,2020-12-29 02:15:00+00:00,2020-12-29 02:30:00+00:00,-1,-0.9999999999998777,SL,False
S2-08,asia_reclaim,EURUSD,2020-12-29 02:30:00+00:00,2020-12-29 02:45:00+00:00,2020-12-29 03:30:00+00:00,-1,-0.9999999999999367,SL,False
S2-08,asia_reclaim,EURUSD,2020-12-30 01:45:00+00:00,2020-12-30 02:00:00+00:00,2020-12-30 03:45:00+00:00,-1,1.0000000000000437,TP,False
S2-08,asia_reclaim,EURUSD,2020-12-31 01:00:00+00:00,2020-12-31 01:15:00+00:00,2020-12-31 02:00:00+00:00,-1,-0.9999999999999364,SL,False
S2-08,asia_reclaim,EURUSD,2020-12-31 04:45:00+00:00,2020-12-31 05:00:00+00:00,2020-12-31 05:15:00+00:00,1,0.9999999999998684,TP,False
