hypothesis,family,pair,signal_dt,entry_dt,exit_dt,side,r,reason,ambiguous_stop_first
S2-20,weekly_failed_break,EURUSD,2013-01-14 09:15:00+00:00,2013-01-14 09:30:00+00:00,2013-01-14 09:45:00+00:00,-1,-0.9999999999999705,SL,False
S2-20,weekly_failed_break,EURUSD,2013-01-14 11:00:00+00:00,2013-01-14 11:15:00+00:00,2013-01-14 12:45:00+00:00,-1,1.0999999999999648,TP,False
S2-20,weekly_failed_break,EURUSD,2013-01-15 08:30:00+00:00,2013-01-15 08:45:00+00:00,2013-01-15 08:45:00+00:00,-1,-0.9999999999999724,SL,False
S2-20,weekly_failed_break,EURUSD,2013-01-17 10:45:00+00:00,2013-01-17 11:00:00+00:00,2013-01-17 13:45:00+00:00,-1,1.1000000000000336,TP,False
S2-20,weekly_failed_break,EURUSD,2013-01-18 11:00:00+00:00,2013-01-18 11:15:00+00:00,2013-01-18 11:30:00+00:00,-1,1.0999999999999877,TP,False
S2-20,weekly_failed_break,EURUSD,2013-01-18 12:30:00+00:00,2013-01-18 12:45:00+00:00,2013-01-18 12:45:00+00:00,-1,1.0999999999999508,TP,False
S2-20,weekly_failed_break,EURUSD,2013-01-29 15:45:00+00:00,2013-01-29 16:00:00+00:00,2013-01-29 19:15:00+00:00,-1,-1.000000000000066,SL,False
S2-20,weekly_failed_break,EURUSD,2013-02-15 14:15:00+00:00,2013-02-15 14:30:00+00:00,2013-02-15 15:15:00+00:00,1,1.099999999999939,TP,False
S2-20,weekly_failed_break,EURUSD,2013-02-15 17:30:00+00:00,2013-02-15 17:45:00+00:00,2013-02-15 17:45:00+00:00,1,-0.09131252031601114,FRIDAY,False
S2-20,weekly_failed_break,EURUSD,2013-02-15 17:45:00+00:00,2013-02-15 18:00:00+00:00,2013-02-15 18:00:00+00:00,1,0.026362974799876964,FRIDAY,False
S2-20,weekly_failed_break,EURUSD,2013-02-15 18:30:00+00:00,2013-02-15 18:45:00+00:00,2013-02-15 18:45:00+00:00,1,0.3717833916732243,FRIDAY,False
S2-20,weekly_failed_break,EURUSD,2013-02-15 18:45:00+00:00,2013-02-15 19:00:00+00:00,2013-02-15 19:00:00+00:00,1,-0.03720368860703207,FRIDAY,False
S2-20,weekly_failed_break,EURUSD,2013-02-15 19:30:00+00:00,2013-02-15 19:45:00+00:00,2013-02-15 19:45:00+00:00,1,-0.10557011458815066,FRIDAY,False
S2-20,weekly_failed_break,EURUSD,2013-02-27 23:45:00+00:00,2013-02-28 00:00:00+00:00,2013-02-28 00:00:00+00:00,1,-0.9999999999998729,SL,False
S2-20,weekly_failed_break,EURUSD,2013-03-08 14:00:00+00:00,2013-03-08 14:15:00+00:00,2013-03-08 15:00:00+00:00,1,1.1000000000000345,TP,False
S2-20,weekly_failed_break,EURUSD,2013-03-08 17:00:00+00:00,2013-03-08 17:15:00+00:00,2013-03-08 17:15:00+00:00,1,-0.5717180400343853,FRIDAY,False
S2-20,weekly_failed_break,EURUSD,2013-03-08 17:15:00+00:00,2013-03-08 17:30:00+00:00,2013-03-08 17:30:00+00:00,1,0.10243557611978664,FRIDAY,False
S2-20,weekly_failed_break,EURUSD,2013-03-08 17:30:00+00:00,2013-03-08 17:45:00+00:00,2013-03-08 17:45:00+00:00,1,1.1621676766440188,FRIDAY,False
S2-20,weekly_failed_break,EURUSD,2013-03-20 08:45:00+00:00,2013-03-20 09:00:00+00:00,2013-03-20 09:30:00+00:00,1,1.0999999999999686,TP,False
S2-20,weekly_failed_break,EURUSD,2013-03-21 08:30:00+00:00,2013-03-21 08:45:00+00:00,2013-03-21 09:00:00+00:00,1,1.0999999999999568,TP,False
S2-20,weekly_failed_break,EURUSD,2013-03-21 09:00:00+00:00,2013-03-21 09:15:00+00:00,2013-03-21 10:45:00+00:00,1,1.0999999999999348,TP,False
S2-20,weekly_failed_break,EURUSD,2013-04-16 12:00:00+00:00,2013-04-16 12:15:00+00:00,2013-04-16 12:15:00+00:00,-1,-1.0,SL,False
S2-20,weekly_failed_break,EURUSD,2013-04-16 12:45:00+00:00,2013-04-16 13:00:00+00:00,2013-04-16 13:30:00+00:00,-1,1.100000000000045,TP,False
S2-20,weekly_failed_break,EURUSD,2013-04-17 10:45:00+00:00,2013-04-17 11:00:00+00:00,2013-04-17 12:00:00+00:00,-1,1.1000000000000236,TP,False
S2-20,weekly_failed_break,EURUSD,2013-04-17 12:15:00+00:00,2013-04-17 12:30:00+00:00,2013-04-17 13:45:00+00:00,-1,1.1000000000000463,TP,False
S2-20,weekly_failed_break,EURUSD,2013-04-17 13:45:00+00:00,2013-04-17 14:00:00+00:00,2013-04-17 14:00:00+00:00,-1,1.1000000000000574,TP,False
S2-20,weekly_failed_break,EURUSD,2013-04-24 06:00:00+00:00,2013-04-24 06:15:00+00:00,2013-04-24 06:45:00+00:00,1,-0.9999999999998102,SL,False
S2-20,weekly_failed_break,EURUSD,2013-04-24 06:45:00+00:00,2013-04-24 07:00:00+00:00,2013-04-24 07:00:00+00:00,1,-0.999999999999937,SL,False
S2-20,weekly_failed_break,EURUSD,2013-04-24 09:30:00+00:00,2013-04-24 09:45:00+00:00,2013-04-24 10:00:00+00:00,1,1.0999999999999261,TP,False
S2-20,weekly_failed_break,EURUSD,2013-04-25 14:30:00+00:00,2013-04-25 14:45:00+00:00,2013-04-25 18:00:00+00:00,1,1.0999999999999919,TP,False
S2-20,weekly_failed_break,EURUSD,2013-04-25 19:00:00+00:00,2013-04-25 19:15:00+00:00,2013-04-25 19:45:00+00:00,1,-0.9999999999998586,SL,False
S2-20,weekly_failed_break,EURUSD,2013-04-25 19:45:00+00:00,2013-04-25 20:00:00+00:00,2013-04-25 20:45:00+00:00,1,1.0999999999999404,TP,False
S2-20,weekly_failed_break,EURUSD,2013-05-03 07:15:00+00:00,2013-05-03 07:30:00+00:00,2013-05-03 07:30:00+00:00,-1,-1.0000000000001104,SL,False
S2-20,weekly_failed_break,EURUSD,2013-05-03 12:30:00+00:00,2013-05-03 12:45:00+00:00,2013-05-03 13:00:00+00:00,-1,-1.0000000000000293,SL,False
S2-20,weekly_failed_break,EURUSD,2013-05-09 18:30:00+00:00,2013-05-09 18:45:00+00:00,2013-05-09 18:45:00+00:00,1,-0.9999999999999368,SL,False
S2-20,weekly_failed_break,EURUSD,2013-05-31 09:00:00+00:00,2013-05-31 09:15:00+00:00,2013-05-31 09:30:00+00:00,-1,1.100000000000028,TP,False
S2-20,weekly_failed_break,EURUSD,2013-05-31 10:45:00+00:00,2013-05-31 11:00:00+00:00,2013-05-31 11:45:00+00:00,-1,-1.0,SL,False
S2-20,weekly_failed_break,EURUSD,2013-05-31 11:45:00+00:00,2013-05-31 12:00:00+00:00,2013-05-31 12:00:00+00:00,-1,-1.0000000000000617,SL,False
S2-20,weekly_failed_break,EURUSD,2013-05-31 12:45:00+00:00,2013-05-31 13:00:00+00:00,2013-05-31 13:45:00+00:00,-1,1.1000000000000725,TP,False
S2-20,weekly_failed_break,EURUSD,2013-05-31 19:45:00+00:00,2013-05-31 20:00:00+00:00,2013-05-31 20:00:00+00:00,-1,-0.08361335058952042,FRIDAY,False
S2-20,weekly_failed_break,EURUSD,2013-06-02 23:30:00+00:00,2013-06-02 23:45:00+00:00,2013-06-03 00:00:00+00:00,-1,1.1000000000000256,TP,False
S2-20,weekly_failed_break,EURUSD,2013-06-12 06:15:00+00:00,2013-06-12 06:30:00+00:00,2013-06-12 06:45:00+00:00,-1,-0.9999999999998853,SL,False
S2-20,weekly_failed_break,EURUSD,2013-06-12 13:15:00+00:00,2013-06-12 13:30:00+00:00,2013-06-12 13:45:00+00:00,-1,-0.9999999999999678,SL,False
S2-20,weekly_failed_break,EURUSD,2013-06-13 13:00:00+00:00,2013-06-13 13:15:00+00:00,2013-06-13 13:30:00+00:00,-1,-1.0000000000000242,SL,False
S2-20,weekly_failed_break,EURUSD,2013-06-13 13:30:00+00:00,2013-06-13 13:45:00+00:00,2013-06-13 14:15:00+00:00,-1,1.099999999999965,TP,False
S2-20,weekly_failed_break,EURUSD,2013-06-14 12:00:00+00:00,2013-06-14 12:15:00+00:00,2013-06-14 12:15:00+00:00,-1,-0.9999999999999015,SL,False
S2-20,weekly_failed_break,EURUSD,2013-06-14 12:30:00+00:00,2013-06-14 12:45:00+00:00,2013-06-14 12:45:00+00:00,-1,-1.0,SL,False
S2-20,weekly_failed_break,EURUSD,2013-06-18 13:45:00+00:00,2013-06-18 14:00:00+00:00,2013-06-18 15:00:00+00:00,-1,-1.0,SL,False
S2-20,weekly_failed_break,EURUSD,2013-06-19 10:00:00+00:00,2013-06-19 10:15:00+00:00,2013-06-19 11:30:00+00:00,-1,-0.9999999999999674,SL,False
S2-20,weekly_failed_break,EURUSD,2013-06-24 08:30:00+00:00,2013-06-24 08:45:00+00:00,2013-06-24 08:45:00+00:00,1,1.0999999999999945,TP,False
S2-20,weekly_failed_break,EURUSD,2013-06-25 13:00:00+00:00,2013-06-25 13:15:00+00:00,2013-06-25 14:00:00+00:00,1,-1.0,SL,False
S2-20,weekly_failed_break,EURUSD,2013-07-04 07:30:00+00:00,2013-07-04 07:45:00+00:00,2013-07-04 08:30:00+00:00,1,1.0999999999999206,TP,False
S2-20,weekly_failed_break,EURUSD,2013-07-04 11:45:00+00:00,2013-07-04 12:00:00+00:00,2013-07-04 12:30:00+00:00,1,-0.9999999999999386,SL,False
S2-20,weekly_failed_break,EURUSD,2013-07-09 14:15:00+00:00,2013-07-09 14:30:00+00:00,2013-07-09 14:30:00+00:00,1,-1.0000000000000815,SL,False
S2-20,weekly_failed_break,EURUSD,2013-07-10 08:00:00+00:00,2013-07-10 08:15:00+00:00,2013-07-10 08:15:00+00:00,1,-0.9999999999999698,SL,False
S2-20,weekly_failed_break,EURUSD,2013-07-12 16:45:00+00:00,2013-07-12 17:00:00+00:00,2013-07-12 17:00:00+00:00,-1,1.057076192393789,FRIDAY,False
S2-20,weekly_failed_break,EURUSD,2013-07-23 09:00:00+00:00,2013-07-23 09:15:00+00:00,2013-07-23 09:45:00+00:00,-1,1.1000000000000605,TP,False
S2-20,weekly_failed_break,EURUSD,2013-07-23 10:00:00+00:00,2013-07-23 10:15:00+00:00,2013-07-23 12:00:00+00:00,-1,-0.9999999999999678,SL,False
S2-20,weekly_failed_break,EURUSD,2013-07-25 09:30:00+00:00,2013-07-25 09:45:00+00:00,2013-07-25 10:00:00+00:00,-1,-0.999999999999926,SL,False
S2-20,weekly_failed_break,EURUSD,2013-07-30 11:30:00+00:00,2013-07-30 11:45:00+00:00,2013-07-30 12:00:00+00:00,-1,1.0999999999999444,TP,False
S2-20,weekly_failed_break,EURUSD,2013-07-31 08:30:00+00:00,2013-07-31 08:45:00+00:00,2013-07-31 09:00:00+00:00,-1,1.1,TP,False
S2-20,weekly_failed_break,EURUSD,2013-07-31 15:45:00+00:00,2013-07-31 16:00:00+00:00,2013-07-31 16:45:00+00:00,-1,1.0999999999999965,TP,False
S2-20,weekly_failed_break,EURUSD,2013-08-09 15:15:00+00:00,2013-08-09 15:30:00+00:00,2013-08-09 16:00:00+00:00,-1,-0.15099876827504954,FRIDAY,False
S2-20,weekly_failed_break,EURUSD,2013-08-09 16:45:00+00:00,2013-08-09 17:00:00+00:00,2013-08-09 17:00:00+00:00,-1,0.40566189083459825,FRIDAY,False
S2-20,weekly_failed_break,EURUSD,2013-08-09 18:00:00+00:00,2013-08-09 18:15:00+00:00,2013-08-09 18:15:00+00:00,-1,0.32005449591280655,FRIDAY,False
S2-20,weekly_failed_break,EURUSD,2013-08-09 18:30:00+00:00,2013-08-09 18:45:00+00:00,2013-08-09 18:45:00+00:00,-1,0.659314395957211,FRIDAY,False
S2-20,weekly_failed_break,EURUSD,2013-08-09 18:45:00+00:00,2013-08-09 19:00:00+00:00,2013-08-09 19:00:00+00:00,-1,-0.5620840346515542,FRIDAY,False
S2-20,weekly_failed_break,EURUSD,2013-08-09 19:00:00+00:00,2013-08-09 19:15:00+00:00,2013-08-09 19:15:00+00:00,-1,-0.4533856722276742,FRIDAY,False
S2-20,weekly_failed_break,EURUSD,2013-08-09 19:30:00+00:00,2013-08-09 19:45:00+00:00,2013-08-09 19:45:00+00:00,-1,-0.8314754746184118,FRIDAY,False
S2-20,weekly_failed_break,EURUSD,2013-08-09 20:00:00+00:00,2013-08-09 20:15:00+00:00,2013-08-09 20:15:00+00:00,-1,0.019106499827350906,FRIDAY,False
S2-20,weekly_failed_break,EURUSD,2013-08-21 14:45:00+00:00,2013-08-21 15:00:00+00:00,2013-08-21 15:15:00+00:00,-1,1.1000000000000631,TP,False
S2-20,weekly_failed_break,EURUSD,2013-08-21 16:30:00+00:00,2013-08-21 16:45:00+00:00,2013-08-21 18:00:00+00:00,-1,1.099999999999959,TP,False
S2-20,weekly_failed_break,EURUSD,2013-08-21 18:45:00+00:00,2013-08-21 19:00:00+00:00,2013-08-21 19:15:00+00:00,-1,1.1000000000000154,TP,False
S2-20,weekly_failed_break,EURUSD,2013-08-21 19:15:00+00:00,2013-08-21 19:30:00+00:00,2013-08-21 20:00:00+00:00,-1,1.1000000000000452,TP,False
S2-20,weekly_failed_break,EURUSD,2013-08-25 23:00:00+00:00,2013-08-25 23:15:00+00:00,2013-08-25 23:15:00+00:00,-1,-0.999999999999818,SL,False
S2-20,weekly_failed_break,EURUSD,2013-09-04 07:15:00+00:00,2013-09-04 07:30:00+00:00,2013-09-04 07:45:00+00:00,1,-0.9999999999999356,SL,False
S2-20,weekly_failed_break,EURUSD,2013-09-04 09:30:00+00:00,2013-09-04 09:45:00+00:00,2013-09-04 10:30:00+00:00,1,-0.9999999999998801,SL,False
S2-20,weekly_failed_break,EURUSD,2013-09-04 10:30:00+00:00,2013-09-04 10:45:00+00:00,2013-09-04 11:45:00+00:00,1,-1.0000000000000393,SL,False
S2-20,weekly_failed_break,EURUSD,2013-09-04 13:45:00+00:00,2013-09-04 14:00:00+00:00,2013-09-04 14:15:00+00:00,1,-0.9999999999999545,SL,False
S2-20,weekly_failed_break,EURUSD,2013-09-04 14:30:00+00:00,2013-09-04 14:45:00+00:00,2013-09-04 14:45:00+00:00,1,-0.9999999999998612,SL,True
S2-20,weekly_failed_break,EURUSD,2013-09-05 06:15:00+00:00,2013-09-05 06:30:00+00:00,2013-09-05 06:30:00+00:00,1,-1.000000000000056,SL,False
S2-20,weekly_failed_break,EURUSD,2013-09-05 07:30:00+00:00,2013-09-05 07:45:00+00:00,2013-09-05 08:30:00+00:00,1,1.1000000000000267,TP,False
S2-20,weekly_failed_break,EURUSD,2013-09-06 18:30:00+00:00,2013-09-06 18:45:00+00:00,2013-09-06 18:45:00+00:00,1,0.993769582598048,FRIDAY,False
S2-20,weekly_failed_break,EURUSD,2013-09-08 23:00:00+00:00,2013-09-08 23:15:00+00:00,2013-09-08 23:30:00+00:00,1,-1.00000000000014,SL,False
S2-20,weekly_failed_break,EURUSD,2013-10-04 16:15:00+00:00,2013-10-04 16:30:00+00:00,2013-10-04 16:30:00+00:00,-1,0.8266923233366186,FRIDAY,False
S2-20,weekly_failed_break,EURUSD,2013-10-15 10:45:00+00:00,2013-10-15 11:00:00+00:00,2013-10-15 13:30:00+00:00,1,1.099999999999919,TP,False
S2-20,weekly_failed_break,EURUSD,2013-11-18 21:15:00+00:00,2013-11-18 21:30:00+00:00,2013-11-19 00:30:00+00:00,-1,-1.0000000000000966,SL,False
S2-20,weekly_failed_break,EURUSD,2013-11-19 12:15:00+00:00,2013-11-19 12:30:00+00:00,2013-11-19 13:30:00+00:00,-1,-0.9999999999999707,SL,False
S2-20,weekly_failed_break,EURUSD,2013-11-20 15:15:00+00:00,2013-11-20 15:30:00+00:00,2013-11-20 15:30:00+00:00,-1,1.1000000000000683,TP,False
S2-20,weekly_failed_break,EURUSD,2013-11-27 15:45:00+00:00,2013-11-27 16:00:00+00:00,2013-11-27 17:00:00+00:00,-1,1.1000000000000536,TP,False
S2-20,weekly_failed_break,EURUSD,2013-11-27 21:15:00+00:00,2013-11-27 21:30:00+00:00,2013-11-28 00:00:00+00:00,-1,1.100000000000016,TP,False
S2-20,weekly_failed_break,EURUSD,2013-12-05 13:45:00+00:00,2013-12-05 14:00:00+00:00,2013-12-05 14:00:00+00:00,-1,-1.0000000000000562,SL,False
S2-20,weekly_failed_break,EURUSD,2013-12-13 14:45:00+00:00,2013-12-13 15:00:00+00:00,2013-12-13 15:00:00+00:00,-1,-0.9999999999999143,SL,False
S2-20,weekly_failed_break,EURUSD,2013-12-18 20:30:00+00:00,2013-12-18 20:45:00+00:00,2013-12-18 20:45:00+00:00,1,-0.9999999999999861,SL,False
S2-20,weekly_failed_break,EURUSD,2013-12-18 20:45:00+00:00,2013-12-18 21:00:00+00:00,2013-12-18 23:00:00+00:00,1,-1.0000000000000375,SL,False
S2-20,weekly_failed_break,EURUSD,2013-12-20 15:30:00+00:00,2013-12-20 15:45:00+00:00,2013-12-20 15:45:00+00:00,1,-1.0000000000000497,SL,False
S2-20,weekly_failed_break,EURUSD,2014-01-06 01:45:00+00:00,2014-01-06 02:00:00+00:00,2014-01-06 05:45:00+00:00,1,-1.000000000000147,SL,False
S2-20,weekly_failed_break,EURUSD,2014-01-08 10:45:00+00:00,2014-01-08 11:00:00+00:00,2014-01-08 12:30:00+00:00,1,1.099999999999955,TP,False
S2-20,weekly_failed_break,EURUSD,2014-01-09 13:30:00+00:00,2014-01-09 13:45:00+00:00,2014-01-09 13:45:00+00:00,1,-1.0000000000000462,SL,False
S2-20,weekly_failed_break,EURUSD,2014-01-09 17:30:00+00:00,2014-01-09 17:45:00+00:00,2014-01-09 20:15:00+00:00,1,1.1000000000000165,TP,False
S2-20,weekly_failed_break,EURUSD,2014-01-10 13:30:00+00:00,2014-01-10 13:45:00+00:00,2014-01-10 13:45:00+00:00,1,1.1000000000000305,TP,False
S2-20,weekly_failed_break,EURUSD,2014-01-14 08:15:00+00:00,2014-01-14 08:30:00+00:00,2014-01-14 08:30:00+00:00,-1,-1.0,SL,False
S2-20,weekly_failed_break,EURUSD,2014-01-14 08:45:00+00:00,2014-01-14 09:00:00+00:00,2014-01-14 09:45:00+00:00,-1,1.100000000000092,TP,False
S2-20,weekly_failed_break,EURUSD,2014-02-03 07:45:00+00:00,2014-02-03 08:00:00+00:00,2014-02-03 08:00:00+00:00,1,1.100000000000023,TP,False
S2-20,weekly_failed_break,EURUSD,2014-02-10 07:30:00+00:00,2014-02-10 07:45:00+00:00,2014-02-10 07:45:00+00:00,-1,-1.0000000000000686,SL,False
S2-20,weekly_failed_break,EURUSD,2014-02-11 14:00:00+00:00,2014-02-11 14:15:00+00:00,2014-02-11 14:30:00+00:00,-1,-1.0000000000001117,SL,False
S2-20,weekly_failed_break,EURUSD,2014-02-11 14:30:00+00:00,2014-02-11 14:45:00+00:00,2014-02-11 14:45:00+00:00,-1,-1.0000000000000684,SL,False
S2-20,weekly_failed_break,EURUSD,2014-02-11 18:00:00+00:00,2014-02-11 18:15:00+00:00,2014-02-11 22:00:00+00:00,-1,0.21330285645085603,TIME,False
S2-20,weekly_failed_break,EURUSD,2014-02-12 07:15:00+00:00,2014-02-12 07:30:00+00:00,2014-02-12 07:30:00+00:00,-1,-1.0000000000000688,SL,False
S2-20,weekly_failed_break,EURUSD,2014-02-12 10:00:00+00:00,2014-02-12 10:15:00+00:00,2014-02-12 10:15:00+00:00,-1,-0.9999999999999516,SL,False
S2-20,weekly_failed_break,EURUSD,2014-02-12 10:45:00+00:00,2014-02-12 11:00:00+00:00,2014-02-12 11:30:00+00:00,-1,1.0999999999998602,TP,False
S2-20,weekly_failed_break,EURUSD,2014-02-17 09:15:00+00:00,2014-02-17 09:30:00+00:00,2014-02-17 09:45:00+00:00,-1,1.1000000000001307,TP,False
S2-20,weekly_failed_break,EURUSD,2014-02-20 08:00:00+00:00,2014-02-20 08:15:00+00:00,2014-02-20 08:15:00+00:00,-1,1.100000000000023,TP,False
S2-20,weekly_failed_break,EURUSD,2014-02-21 07:15:00+00:00,2014-02-21 07:30:00+00:00,2014-02-21 07:30:00+00:00,-1,1.1000000000001091,TP,False
S2-20,weekly_failed_break,EURUSD,2014-02-21 10:00:00+00:00,2014-02-21 10:15:00+00:00,2014-02-21 14:00:00+00:00,-1,-0.21446141107133287,TIME,False
S2-20,weekly_failed_break,EURUSD,2014-02-21 14:00:00+00:00,2014-02-21 14:15:00+00:00,2014-02-21 14:15:00+00:00,-1,-0.9999999999998619,SL,False
S2-20,weekly_failed_break,EURUSD,2014-02-27 16:00:00+00:00,2014-02-27 16:15:00+00:00,2014-02-27 16:45:00+00:00,1,1.1000000000000432,TP,False
S2-20,weekly_failed_break,EURUSD,2014-03-13 16:30:00+00:00,2014-03-13 16:45:00+00:00,2014-03-13 16:45:00+00:00,-1,1.1000000000001164,TP,False
S2-20,weekly_failed_break,EURUSD,2014-03-13 16:45:00+00:00,2014-03-13 17:00:00+00:00,2014-03-13 17:15:00+00:00,-1,-1.0,SL,False
S2-20,weekly_failed_break,EURUSD,2014-03-14 15:15:00+00:00,2014-03-14 15:30:00+00:00,2014-03-14 15:30:00+00:00,-1,-0.9999999999999518,SL,False
S2-20,weekly_failed_break,EURUSD,2014-03-25 16:15:00+00:00,2014-03-25 16:30:00+00:00,2014-03-25 16:30:00+00:00,1,1.0999999999999845,TP,False
S2-20,weekly_failed_break,EURUSD,2014-03-28 15:00:00+00:00,2014-03-28 15:15:00+00:00,2014-03-28 15:45:00+00:00,1,1.1000000000000982,TP,False
S2-20,weekly_failed_break,EURUSD,2014-03-28 17:00:00+00:00,2014-03-28 17:15:00+00:00,2014-03-28 17:15:00+00:00,1,-0.5942282558286606,FRIDAY,False
S2-20,weekly_failed_break,EURUSD,2014-03-28 17:45:00+00:00,2014-03-28 18:00:00+00:00,2014-03-28 18:00:00+00:00,1,-0.17079375848032566,FRIDAY,False
S2-20,weekly_failed_break,EURUSD,2014-03-28 19:15:00+00:00,2014-03-28 19:30:00+00:00,2014-03-28 19:30:00+00:00,1,-0.15550551592332584,FRIDAY,False
S2-20,weekly_failed_break,EURUSD,2014-03-28 19:30:00+00:00,2014-03-28 19:45:00+00:00,2014-03-28 19:45:00+00:00,1,1.1349979863068869,FRIDAY,False
S2-20,weekly_failed_break,EURUSD,2014-03-30 22:45:00+00:00,2014-03-30 23:00:00+00:00,2014-03-30 23:15:00+00:00,1,-0.9999999999997828,SL,False
S2-20,weekly_failed_break,EURUSD,2014-03-30 23:30:00+00:00,2014-03-30 23:45:00+00:00,2014-03-30 23:45:00+00:00,1,-1.0000000000002571,SL,False
S2-20,weekly_failed_break,EURUSD,2014-04-04 13:00:00+00:00,2014-04-04 13:15:00+00:00,2014-04-04 13:15:00+00:00,1,-1.0000000000000897,SL,False
S2-20,weekly_failed_break,EURUSD,2014-04-21 16:15:00+00:00,2014-04-21 16:30:00+00:00,2014-04-21 20:15:00+00:00,1,0.16236752649470104,TIME,False
S2-20,weekly_failed_break,EURUSD,2014-04-22 14:30:00+00:00,2014-04-22 14:45:00+00:00,2014-04-22 15:45:00+00:00,1,1.0999999999999814,TP,False
S2-20,weekly_failed_break,EURUSD,2014-04-29 12:00:00+00:00,2014-04-29 12:15:00+00:00,2014-04-29 12:15:00+00:00,-1,1.1000000000001255,TP,False
S2-20,weekly_failed_break,EURUSD,2014-04-30 11:30:00+00:00,2014-04-30 11:45:00+00:00,2014-04-30 12:30:00+00:00,-1,-0.9999999999999482,SL,False
S2-20,weekly_failed_break,EURUSD,2014-05-02 07:15:00+00:00,2014-05-02 07:30:00+00:00,2014-05-02 07:45:00+00:00,-1,-0.9999999999997881,SL,False
S2-20,weekly_failed_break,EURUSD,2014-05-02 07:45:00+00:00,2014-05-02 08:00:00+00:00,2014-05-02 08:00:00+00:00,-1,-0.999999999999811,SL,False
S2-20,weekly_failed_break,EURUSD,2014-05-08 13:00:00+00:00,2014-05-08 13:15:00+00:00,2014-05-08 14:00:00+00:00,-1,1.0999999999999805,TP,False
S2-20,weekly_failed_break,EURUSD,2014-05-13 09:15:00+00:00,2014-05-13 09:30:00+00:00,2014-05-13 10:00:00+00:00,1,-1.000000000000088,SL,False
S2-20,weekly_failed_break,EURUSD,2014-05-29 09:15:00+00:00,2014-05-29 09:30:00+00:00,2014-05-29 12:30:00+00:00,1,1.1000000000001238,TP,False
S2-20,weekly_failed_break,EURUSD,2014-05-29 15:00:00+00:00,2014-05-29 15:15:00+00:00,2014-05-29 15:30:00+00:00,1,-1.0000000000000342,SL,False
S2-20,weekly_failed_break,EURUSD,2014-05-30 09:30:00+00:00,2014-05-30 09:45:00+00:00,2014-05-30 10:30:00+00:00,1,-0.9999999999998387,SL,False
S2-20,weekly_failed_break,EURUSD,2014-05-30 12:30:00+00:00,2014-05-30 12:45:00+00:00,2014-05-30 13:00:00+00:00,1,1.0999999999999215,TP,False
S2-20,weekly_failed_break,EURUSD,2014-06-05 17:45:00+00:00,2014-06-05 18:00:00+00:00,2014-06-05 21:45:00+00:00,-1,-0.321789342062745,TIME,False
S2-20,weekly_failed_break,EURUSD,2014-06-06 12:30:00+00:00,2014-06-06 12:45:00+00:00,2014-06-06 12:45:00+00:00,-1,-0.999999999999903,SL,False
S2-20,weekly_failed_break,EURUSD,2014-06-06 12:45:00+00:00,2014-06-06 13:00:00+00:00,2014-06-06 13:00:00+00:00,-1,1.0999999999999468,TP,False
S2-20,weekly_failed_break,EURUSD,2014-07-02 12:15:00+00:00,2014-07-02 12:30:00+00:00,2014-07-02 13:45:00+00:00,-1,-1.0000000000001814,SL,False
S2-20,weekly_failed_break,EURUSD,2014-08-01 14:00:00+00:00,2014-08-01 14:15:00+00:00,2014-08-01 14:45:00+00:00,1,1.100000000000077,TP,False
S2-20,weekly_failed_break,EURUSD,2014-08-27 07:00:00+00:00,2014-08-27 07:15:00+00:00,2014-08-27 08:15:00+00:00,1,-1.0,SL,False
S2-20,weekly_failed_break,EURUSD,2014-08-27 10:15:00+00:00,2014-08-27 10:30:00+00:00,2014-08-27 10:30:00+00:00,1,-0.9999999999999415,SL,False
S2-20,weekly_failed_break,EURUSD,2014-08-27 12:45:00+00:00,2014-08-27 13:00:00+00:00,2014-08-27 13:00:00+00:00,1,-0.9999999999999416,SL,False
S2-20,weekly_failed_break,EURUSD,2014-08-28 10:00:00+00:00,2014-08-28 10:15:00+00:00,2014-08-28 10:15:00+00:00,1,-0.9999999999999034,SL,False
S2-20,weekly_failed_break,EURUSD,2014-08-28 11:15:00+00:00,2014-08-28 11:30:00+00:00,2014-08-28 12:00:00+00:00,1,-0.999999999999968,SL,False
S2-20,weekly_failed_break,EURUSD,2014-08-29 11:30:00+00:00,2014-08-29 11:45:00+00:00,2014-08-29 12:45:00+00:00,1,-0.9999999999999576,SL,False
S2-20,weekly_failed_break,EURUSD,2014-09-02 16:00:00+00:00,2014-09-02 16:15:00+00:00,2014-09-02 17:30:00+00:00,1,1.100000000000153,TP,False
S2-20,weekly_failed_break,EURUSD,2014-09-02 18:45:00+00:00,2014-09-02 19:00:00+00:00,2014-09-02 19:15:00+00:00,1,1.1000000000002477,TP,False
S2-20,weekly_failed_break,EURUSD,2014-09-04 11:00:00+00:00,2014-09-04 11:15:00+00:00,2014-09-04 11:15:00+00:00,1,-0.9999999999999497,SL,False
S2-20,weekly_failed_break,EURUSD,2014-09-04 11:15:00+00:00,2014-09-04 11:30:00+00:00,2014-09-04 11:45:00+00:00,1,-1.0,SL,False
S2-20,weekly_failed_break,EURUSD,2014-09-09 16:30:00+00:00,2014-09-09 16:45:00+00:00,2014-09-09 19:15:00+00:00,1,1.1000000000000498,TP,False
S2-20,weekly_failed_break,EURUSD,2014-09-10 13:45:00+00:00,2014-09-10 14:00:00+00:00,2014-09-10 14:30:00+00:00,1,-0.9999999999999438,SL,False
S2-20,weekly_failed_break,EURUSD,2014-09-11 01:00:00+00:00,2014-09-11 01:15:00+00:00,2014-09-11 01:15:00+00:00,1,-1.0000000000001772,SL,False
S2-20,weekly_failed_break,EURUSD,2014-09-11 10:00:00+00:00,2014-09-11 10:15:00+00:00,2014-09-11 10:45:00+00:00,1,-0.9999999999999634,SL,False
S2-20,weekly_failed_break,EURUSD,2014-09-11 19:15:00+00:00,2014-09-11 19:30:00+00:00,2014-09-11 19:30:00+00:00,1,-1.0000000000001008,SL,False
S2-20,weekly_failed_break,EURUSD,2014-09-11 19:30:00+00:00,2014-09-11 19:45:00+00:00,2014-09-11 21:45:00+00:00,1,1.099999999999829,TP,False
S2-20,weekly_failed_break,EURUSD,2014-09-12 00:45:00+00:00,2014-09-12 01:00:00+00:00,2014-09-12 01:15:00+00:00,1,-0.999999999999752,SL,False
S2-20,weekly_failed_break,EURUSD,2014-09-12 01:45:00+00:00,2014-09-12 02:00:00+00:00,2014-09-12 03:00:00+00:00,1,-1.00000000000024,SL,False
S2-20,weekly_failed_break,EURUSD,2014-09-12 06:00:00+00:00,2014-09-12 06:15:00+00:00,2014-09-12 06:15:00+00:00,1,1.1000000000002388,TP,False
S2-20,weekly_failed_break,EURUSD,2014-09-12 07:00:00+00:00,2014-09-12 07:15:00+00:00,2014-09-12 07:45:00+00:00,1,1.099999999999868,TP,False
S2-20,weekly_failed_break,EURUSD,2014-09-12 08:15:00+00:00,2014-09-12 08:30:00+00:00,2014-09-12 09:00:00+00:00,1,1.0999999999999237,TP,False
S2-20,weekly_failed_break,EURUSD,2014-09-12 10:45:00+00:00,2014-09-12 11:00:00+00:00,2014-09-12 11:15:00+00:00,1,1.1000000000000838,TP,False
S2-20,weekly_failed_break,EURUSD,2014-09-17 19:45:00+00:00,2014-09-17 20:00:00+00:00,2014-09-17 21:30:00+00:00,1,-0.9999999999999865,SL,False
S2-20,weekly_failed_break,EURUSD,2014-10-02 13:00:00+00:00,2014-10-02 13:15:00+00:00,2014-10-02 13:30:00+00:00,1,-1.0000000000000624,SL,False
S2-20,weekly_failed_break,EURUSD,2014-10-09 13:15:00+00:00,2014-10-09 13:30:00+00:00,2014-10-09 13:45:00+00:00,-1,-0.999999999999979,SL,False
S2-20,weekly_failed_break,EURUSD,2014-10-09 14:45:00+00:00,2014-10-09 15:00:00+00:00,2014-10-09 15:00:00+00:00,-1,1.100000000000044,TP,False
S2-20,weekly_failed_break,EURUSD,2014-10-09 15:00:00+00:00,2014-10-09 15:15:00+00:00,2014-10-09 16:00:00+00:00,-1,1.0999999999999455,TP,False
S2-20,weekly_failed_break,EURUSD,2014-10-10 01:15:00+00:00,2014-10-10 01:30:00+00:00,2014-10-10 01:45:00+00:00,-1,1.0999999999998307,TP,False
S2-20,weekly_failed_break,EURUSD,2014-10-15 13:45:00+00:00,2014-10-15 14:00:00+00:00,2014-10-15 16:45:00+00:00,-1,-0.9999999999999896,SL,False
S2-20,weekly_failed_break,EURUSD,2014-10-16 14:45:00+00:00,2014-10-16 15:00:00+00:00,2014-10-16 15:15:00+00:00,-1,-1.0,SL,False
S2-20,weekly_failed_break,EURUSD,2014-10-17 07:15:00+00:00,2014-10-17 07:30:00+00:00,2014-10-17 07:30:00+00:00,-1,-0.9999999999999569,SL,False
S2-20,weekly_failed_break,EURUSD,2014-10-17 07:45:00+00:00,2014-10-17 08:00:00+00:00,2014-10-17 08:00:00+00:00,-1,-0.9999999999998845,SL,False
S2-20,weekly_failed_break,EURUSD,2014-10-17 08:00:00+00:00,2014-10-17 08:15:00+00:00,2014-10-17 08:30:00+00:00,-1,-1.0000000000000362,SL,False
S2-20,weekly_failed_break,EURUSD,2014-10-17 13:00:00+00:00,2014-10-17 13:15:00+00:00,2014-10-17 13:45:00+00:00,-1,1.100000000000009,TP,False
S2-20,weekly_failed_break,EURUSD,2014-10-30 15:45:00+00:00,2014-10-30 16:00:00+00:00,2014-10-30 18:30:00+00:00,1,-1.0000000000000209,SL,False
S2-20,weekly_failed_break,EURUSD,2014-11-05 10:30:00+00:00,2014-11-05 10:45:00+00:00,2014-11-05 11:45:00+00:00,1,-1.000000000000029,SL,False
S2-20,weekly_failed_break,EURUSD,2014-11-20 00:30:00+00:00,2014-11-20 00:45:00+00:00,2014-11-20 01:00:00+00:00,-1,1.0999999999998435,TP,False
S2-20,weekly_failed_break,EURUSD,2014-11-20 08:30:00+00:00,2014-11-20 08:45:00+00:00,2014-11-20 08:45:00+00:00,-1,1.0999999999999235,TP,False
S2-20,weekly_failed_break,EURUSD,2014-11-20 12:30:00+00:00,2014-11-20 12:45:00+00:00,2014-11-20 13:30:00+00:00,-1,1.0999999999999877,TP,False
S2-20,weekly_failed_break,EURUSD,2014-11-20 22:15:00+00:00,2014-11-20 22:30:00+00:00,2014-11-20 23:00:00+00:00,-1,1.099999999999846,TP,False
S2-20,weekly_failed_break,EURUSD,2014-11-21 06:00:00+00:00,2014-11-21 06:15:00+00:00,2014-11-21 06:30:00+00:00,-1,-0.999999999999954,SL,False
S2-20,weekly_failed_break,EURUSD,2014-11-21 06:45:00+00:00,2014-11-21 07:00:00+00:00,2014-11-21 07:00:00+00:00,-1,-1.000000000000046,SL,False
S2-20,weekly_failed_break,EURUSD,2014-11-21 07:00:00+00:00,2014-11-21 07:15:00+00:00,2014-11-21 07:45:00+00:00,-1,-1.0000000000000893,SL,False
S2-20,weekly_failed_break,EURUSD,2014-11-21 07:45:00+00:00,2014-11-21 08:00:00+00:00,2014-11-21 08:00:00+00:00,-1,-0.9999999999998681,SL,False
S2-20,weekly_failed_break,EURUSD,2014-11-21 08:00:00+00:00,2014-11-21 08:15:00+00:00,2014-11-21 08:15:00+00:00,-1,1.0999999999999213,TP,False
S2-20,weekly_failed_break,EURUSD,2014-12-04 14:15:00+00:00,2014-12-04 14:30:00+00:00,2014-12-04 15:30:00+00:00,1,1.1000000000000287,TP,False
S2-20,weekly_failed_break,EURUSD,2014-12-04 17:30:00+00:00,2014-12-04 17:45:00+00:00,2014-12-04 21:30:00+00:00,1,-0.06879121257510803,TIME,False
S2-20,weekly_failed_break,EURUSD,2014-12-05 07:15:00+00:00,2014-12-05 07:30:00+00:00,2014-12-05 07:45:00+00:00,1,1.1000000000000274,TP,False
S2-20,weekly_failed_break,EURUSD,2014-12-17 04:00:00+00:00,2014-12-17 04:15:00+00:00,2014-12-17 06:00:00+00:00,-1,1.1000000000000505,TP,False
S2-20,weekly_failed_break,EURUSD,2014-12-17 07:15:00+00:00,2014-12-17 07:30:00+00:00,2014-12-17 07:45:00+00:00,-1,1.1000000000001677,TP,False
S2-20,weekly_failed_break,EURUSD,2014-12-25 07:15:00+00:00,2014-12-25 07:30:00+00:00,2014-12-25 23:00:00+00:00,1,-1.0000000000001477,SL,False
S2-20,weekly_failed_break,EURUSD,2014-12-30 08:00:00+00:00,2014-12-30 08:15:00+00:00,2014-12-30 09:00:00+00:00,1,-0.9999999999999302,SL,False
S2-20,weekly_failed_break,EURUSD,2014-12-30 09:15:00+00:00,2014-12-30 09:30:00+00:00,2014-12-30 10:00:00+00:00,1,-0.9999999999999125,SL,False
S2-20,weekly_failed_break,EURUSD,2014-12-30 15:30:00+00:00,2014-12-30 15:45:00+00:00,2014-12-30 17:45:00+00:00,1,-1.0,SL,False
S2-20,weekly_failed_break,EURUSD,2014-12-31 02:15:00+00:00,2014-12-31 02:30:00+00:00,2014-12-31 03:00:00+00:00,1,-1.0,SL,False
S2-20,weekly_failed_break,EURUSD,2014-12-31 03:00:00+00:00,2014-12-31 03:15:00+00:00,2014-12-31 04:00:00+00:00,1,-1.0000000000001776,SL,False
S2-20,weekly_failed_break,EURUSD,2015-01-11 23:30:00+00:00,2015-01-11 23:45:00+00:00,2015-01-12 00:00:00+00:00,1,-0.99999999999995,SL,False
S2-20,weekly_failed_break,EURUSD,2015-01-22 14:45:00+00:00,2015-01-22 15:00:00+00:00,2015-01-22 15:45:00+00:00,1,-0.9999999999999865,SL,False
S2-20,weekly_failed_break,EURUSD,2015-02-04 14:30:00+00:00,2015-02-04 14:45:00+00:00,2015-02-04 15:15:00+00:00,-1,-1.0000000000000235,SL,False
S2-20,weekly_failed_break,EURUSD,2015-02-04 15:15:00+00:00,2015-02-04 15:30:00+00:00,2015-02-04 17:15:00+00:00,-1,1.099999999999974,TP,False
S2-20,weekly_failed_break,EURUSD,2015-02-04 18:00:00+00:00,2015-02-04 18:15:00+00:00,2015-02-04 20:30:00+00:00,-1,-0.9999999999999513,SL,True
S2-20,weekly_failed_break,EURUSD,2015-02-04 20:30:00+00:00,2015-02-04 20:45:00+00:00,2015-02-04 20:45:00+00:00,-1,1.100000000000022,TP,False
S2-20,weekly_failed_break,EURUSD,2015-02-05 10:15:00+00:00,2015-02-05 10:30:00+00:00,2015-02-05 10:30:00+00:00,-1,-1.0000000000000522,SL,False
S2-20,weekly_failed_break,EURUSD,2015-02-05 12:30:00+00:00,2015-02-05 12:45:00+00:00,2015-02-05 13:15:00+00:00,-1,1.1000000000000472,TP,False
S2-20,weekly_failed_break,EURUSD,2015-02-05 14:00:00+00:00,2015-02-05 14:15:00+00:00,2015-02-05 15:00:00+00:00,-1,-1.0,SL,False
S2-20,weekly_failed_break,EURUSD,2015-02-17 11:45:00+00:00,2015-02-17 12:00:00+00:00,2015-02-17 13:00:00+00:00,-1,1.0999999999999963,TP,False
S2-20,weekly_failed_break,EURUSD,2015-04-01 01:00:00+00:00,2015-04-01 01:15:00+00:00,2015-04-01 01:15:00+00:00,1,1.0999999999998757,TP,False
S2-20,weekly_failed_break,EURUSD,2015-04-01 01:15:00+00:00,2015-04-01 01:30:00+00:00,2015-04-01 02:15:00+00:00,1,-0.9999999999998944,SL,False
S2-20,weekly_failed_break,EURUSD,2015-04-01 02:15:00+00:00,2015-04-01 02:30:00+00:00,2015-04-01 04:00:00+00:00,1,1.10000000000006,TP,False
S2-20,weekly_failed_break,EURUSD,2015-04-01 06:30:00+00:00,2015-04-01 06:45:00+00:00,2015-04-01 06:45:00+00:00,1,-1.0000000000000657,SL,False
S2-20,weekly_failed_break,EURUSD,2015-04-01 13:15:00+00:00,2015-04-01 13:30:00+00:00,2015-04-01 13:30:00+00:00,1,-1.0000000000000184,SL,False
S2-20,weekly_failed_break,EURUSD,2015-04-01 16:15:00+00:00,2015-04-01 16:30:00+00:00,2015-04-01 20:15:00+00:00,1,-0.9999999999999538,SL,False
S2-20,weekly_failed_break,EURUSD,2015-04-01 22:00:00+00:00,2015-04-01 22:15:00+00:00,2015-04-01 23:00:00+00:00,1,-0.999999999999822,SL,False
S2-20,weekly_failed_break,EURUSD,2015-04-01 23:30:00+00:00,2015-04-01 23:45:00+00:00,2015-04-02 00:00:00+00:00,1,-1.000000000000131,SL,False
S2-20,weekly_failed_break,EURUSD,2015-04-02 03:00:00+00:00,2015-04-02 03:15:00+00:00,2015-04-02 05:15:00+00:00,1,1.0999999999999366,TP,False
S2-20,weekly_failed_break,EURUSD,2015-04-13 14:30:00+00:00,2015-04-13 14:45:00+00:00,2015-04-13 17:45:00+00:00,1,-1.0000000000000444,SL,False
S2-20,weekly_failed_break,EURUSD,2015-04-13 20:15:00+00:00,2015-04-13 20:30:00+00:00,2015-04-13 20:45:00+00:00,1,-1.0,SL,False
S2-20,weekly_failed_break,EURUSD,2015-04-14 01:45:00+00:00,2015-04-14 02:00:00+00:00,2015-04-14 03:30:00+00:00,1,-1.0000000000001223,SL,False
S2-20,weekly_failed_break,EURUSD,2015-04-14 11:15:00+00:00,2015-04-14 11:30:00+00:00,2015-04-14 12:30:00+00:00,1,1.1000000000000723,TP,False
S2-20,weekly_failed_break,EURUSD,2015-04-14 12:30:00+00:00,2015-04-14 12:45:00+00:00,2015-04-14 12:45:00+00:00,1,1.0999999999999959,TP,False
S2-20,weekly_failed_break,EURUSD,2015-05-07 12:15:00+00:00,2015-05-07 12:30:00+00:00,2015-05-07 12:30:00+00:00,-1,1.100000000000003,TP,False
S2-20,weekly_failed_break,EURUSD,2015-05-07 13:00:00+00:00,2015-05-07 13:15:00+00:00,2015-05-07 14:00:00+00:00,-1,1.0999999999999532,TP,False
S2-20,weekly_failed_break,EURUSD,2015-05-15 06:15:00+00:00,2015-05-15 06:30:00+00:00,2015-05-15 06:30:00+00:00,-1,-0.9999999999999276,SL,False
S2-20,weekly_failed_break,EURUSD,2015-05-15 08:00:00+00:00,2015-05-15 08:15:00+00:00,2015-05-15 08:30:00+00:00,-1,1.1000000000000196,TP,False
S2-20,weekly_failed_break,EURUSD,2015-05-21 12:15:00+00:00,2015-05-21 12:30:00+00:00,2015-05-21 12:45:00+00:00,1,-0.9999999999999567,SL,False
S2-20,weekly_failed_break,EURUSD,2015-05-21 16:45:00+00:00,2015-05-21 17:00:00+00:00,2015-05-21 18:00:00+00:00,1,-1.0000000000000226,SL,False
S2-20,weekly_failed_break,EURUSD,2015-05-22 02:15:00+00:00,2015-05-22 02:30:00+00:00,2015-05-22 02:30:00+00:00,1,-1.0000000000001907,SL,False
S2-20,weekly_failed_break,EURUSD,2015-05-22 02:45:00+00:00,2015-05-22 03:00:00+00:00,2015-05-22 03:30:00+00:00,1,1.0999999999998886,TP,False
S2-20,weekly_failed_break,EURUSD,2015-06-18 22:00:00+00:00,2015-06-18 22:15:00+00:00,2015-06-19 00:45:00+00:00,-1,-1.0000000000000944,SL,False
S2-20,weekly_failed_break,EURUSD,2015-06-24 06:30:00+00:00,2015-06-24 06:45:00+00:00,2015-06-24 07:00:00+00:00,1,-1.0000000000000282,SL,False
S2-20,weekly_failed_break,EURUSD,2015-06-24 07:00:00+00:00,2015-06-24 07:15:00+00:00,2015-06-24 07:45:00+00:00,1,1.1,TP,False
S2-20,weekly_failed_break,EURUSD,2015-06-24 09:30:00+00:00,2015-06-24 09:45:00+00:00,2015-06-24 10:15:00+00:00,1,-1.0000000000000575,SL,False
S2-20,weekly_failed_break,EURUSD,2015-06-24 10:30:00+00:00,2015-06-24 10:45:00+00:00,2015-06-24 11:30:00+00:00,1,1.0999999999999652,TP,False
S2-20,weekly_failed_break,EURUSD,2015-06-24 12:30:00+00:00,2015-06-24 12:45:00+00:00,2015-06-24 13:15:00+00:00,1,-1.0000000000000193,SL,False
S2-20,weekly_failed_break,EURUSD,2015-06-26 07:00:00+00:00,2015-06-26 07:15:00+00:00,2015-06-26 07:30:00+00:00,1,1.0999999999999919,TP,False
S2-20,weekly_failed_break,EURUSD,2015-07-20 09:30:00+00:00,2015-07-20 09:45:00+00:00,2015-07-20 11:30:00+00:00,1,1.0999999999999608,TP,False
S2-20,weekly_failed_break,EURUSD,2015-07-29 16:00:00+00:00,2015-07-29 16:15:00+00:00,2015-07-29 16:45:00+00:00,-1,-1.0000000000000782,SL,False
S2-20,weekly_failed_break,EURUSD,2015-08-05 13:00:00+00:00,2015-08-05 13:15:00+00:00,2015-08-05 13:30:00+00:00,1,1.100000000000037,TP,False
S2-20,weekly_failed_break,EURUSD,2015-08-06 11:45:00+00:00,2015-08-06 12:00:00+00:00,2015-08-06 12:00:00+00:00,1,-0.9999999999998977,SL,False
S2-20,weekly_failed_break,EURUSD,2015-08-26 12:15:00+00:00,2015-08-26 12:30:00+00:00,2015-08-26 12:30:00+00:00,-1,1.0999999999999466,TP,False
S2-20,weekly_failed_break,EURUSD,2015-09-04 17:00:00+00:00,2015-09-04 17:15:00+00:00,2015-09-04 17:15:00+00:00,1,-0.6460426921942699,FRIDAY,False
S2-20,weekly_failed_break,EURUSD,2015-09-04 17:30:00+00:00,2015-09-04 17:45:00+00:00,2015-09-04 17:45:00+00:00,1,0.6053029031716731,FRIDAY,False
S2-20,weekly_failed_break,EURUSD,2015-09-04 17:45:00+00:00,2015-09-04 18:00:00+00:00,2015-09-04 18:00:00+00:00,1,-0.8222817754922198,FRIDAY,False
S2-20,weekly_failed_break,EURUSD,2015-09-06 21:30:00+00:00,2015-09-06 21:45:00+00:00,2015-09-06 22:00:00+00:00,1,-1.0,SL,False
S2-20,weekly_failed_break,EURUSD,2015-09-17 17:45:00+00:00,2015-09-17 18:00:00+00:00,2015-09-17 18:00:00+00:00,-1,-1.0000000000000464,SL,True
S2-20,weekly_failed_break,EURUSD,2015-09-18 15:45:00+00:00,2015-09-18 16:00:00+00:00,2015-09-18 16:00:00+00:00,-1,-0.9730457486413858,FRIDAY,False
S2-20,weekly_failed_break,EURUSD,2015-09-18 18:00:00+00:00,2015-09-18 18:15:00+00:00,2015-09-18 18:15:00+00:00,-1,0.4503757044458359,FRIDAY,False
S2-20,weekly_failed_break,EURUSD,2015-10-15 12:30:00+00:00,2015-10-15 12:45:00+00:00,2015-10-15 12:45:00+00:00,-1,-1.0,SL,False
S2-20,weekly_failed_break,EURUSD,2015-10-15 12:45:00+00:00,2015-10-15 13:00:00+00:00,2015-10-15 13:45:00+00:00,-1,1.0999999999999328,TP,False
S2-20,weekly_failed_break,EURUSD,2015-10-15 14:30:00+00:00,2015-10-15 14:45:00+00:00,2015-10-15 15:00:00+00:00,-1,-0.9999999999999653,SL,False
S2-20,weekly_failed_break,EURUSD,2015-10-15 17:45:00+00:00,2015-10-15 18:00:00+00:00,2015-10-15 21:00:00+00:00,-1,-0.9999999999999521,SL,False
S2-20,weekly_failed_break,EURUSD,2015-10-16 17:15:00+00:00,2015-10-16 17:30:00+00:00,2015-10-16 17:30:00+00:00,-1,-0.7355653136069145,FRIDAY,False
S2-20,weekly_failed_break,EURUSD,2015-10-16 18:00:00+00:00,2015-10-16 18:15:00+00:00,2015-10-16 18:15:00+00:00,-1,0.343184421534937,FRIDAY,False
S2-20,weekly_failed_break,EURUSD,2015-10-16 18:15:00+00:00,2015-10-16 18:30:00+00:00,2015-10-16 18:30:00+00:00,-1,0.32440668033987696,FRIDAY,False
S2-20,weekly_failed_break,EURUSD,2015-10-20 01:15:00+00:00,2015-10-20 01:30:00+00:00,2015-10-20 01:45:00+00:00,1,-0.9999999999996924,SL,False
S2-20,weekly_failed_break,EURUSD,2015-10-20 03:15:00+00:00,2015-10-20 03:30:00+00:00,2015-10-20 04:45:00+00:00,1,-0.9999999999998095,SL,False
S2-20,weekly_failed_break,EURUSD,2015-10-20 14:45:00+00:00,2015-10-20 15:00:00+00:00,2015-10-20 15:30:00+00:00,1,1.099999999999959,TP,False
S2-20,weekly_failed_break,EURUSD,2015-10-30 06:30:00+00:00,2015-10-30 06:45:00+00:00,2015-10-30 06:45:00+00:00,1,-1.000000000000082,SL,True
S2-20,weekly_failed_break,EURUSD,2015-10-30 08:15:00+00:00,2015-10-30 08:30:00+00:00,2015-10-30 09:00:00+00:00,1,1.0999999999999506,TP,False
S2-20,weekly_failed_break,EURUSD,2015-10-30 10:00:00+00:00,2015-10-30 10:15:00+00:00,2015-10-30 11:00:00+00:00,1,1.100000000000055,TP,False
S2-20,weekly_failed_break,EURUSD,2015-10-30 19:30:00+00:00,2015-10-30 19:45:00+00:00,2015-10-30 19:45:00+00:00,1,-0.041445299077524915,FRIDAY,False
S2-20,weekly_failed_break,EURUSD,2015-10-30 19:45:00+00:00,2015-10-30 20:00:00+00:00,2015-10-30 20:00:00+00:00,1,-0.5351719777205397,FRIDAY,False
S2-20,weekly_failed_break,EURUSD,2015-10-30 20:15:00+00:00,2015-10-30 20:30:00+00:00,2015-10-30 20:30:00+00:00,1,-0.14051769677760167,FRIDAY,False
S2-20,weekly_failed_break,EURUSD,2015-10-30 20:30:00+00:00,2015-10-30 20:45:00+00:00,2015-10-30 20:45:00+00:00,1,0.6257326437862404,FRIDAY,False
S2-20,weekly_failed_break,EURUSD,2015-10-30 20:45:00+00:00,2015-11-01 22:00:00+00:00,2015-11-01 22:00:00+00:00,1,-1.0000000000000748,SL,False
S2-20,weekly_failed_break,EURUSD,2015-11-12 08:45:00+00:00,2015-11-12 09:00:00+00:00,2015-11-12 09:00:00+00:00,1,1.099999999999923,TP,False
S2-20,weekly_failed_break,EURUSD,2015-11-18 09:00:00+00:00,2015-11-18 09:15:00+00:00,2015-11-18 09:30:00+00:00,1,1.0999999999999828,TP,False
S2-20,weekly_failed_break,EURUSD,2015-11-19 00:00:00+00:00,2015-11-19 00:15:00+00:00,2015-11-19 00:45:00+00:00,1,1.1000000000002295,TP,False
S2-20,weekly_failed_break,EURUSD,2015-11-19 00:45:00+00:00,2015-11-19 01:00:00+00:00,2015-11-19 01:30:00+00:00,1,1.1000000000001204,TP,False
S2-20,weekly_failed_break,EURUSD,2015-11-19 08:00:00+00:00,2015-11-19 08:15:00+00:00,2015-11-19 08:15:00+00:00,1,-1.000000000000042,SL,False
S2-20,weekly_failed_break,EURUSD,2015-11-19 08:30:00+00:00,2015-11-19 08:45:00+00:00,2015-11-19 08:45:00+00:00,1,1.099999999999992,TP,False
S2-20,weekly_failed_break,EURUSD,2015-11-19 08:45:00+00:00,2015-11-19 09:00:00+00:00,2015-11-19 09:00:00+00:00,1,-0.9999999999999297,SL,False
S2-20,weekly_failed_break,EURUSD,2015-11-20 08:45:00+00:00,2015-11-20 09:00:00+00:00,2015-11-20 09:15:00+00:00,1,1.1000000000000134,TP,False
S2-20,weekly_failed_break,EURUSD,2015-11-20 12:00:00+00:00,2015-11-20 12:15:00+00:00,2015-11-20 13:00:00+00:00,1,1.1000000000001084,TP,False
S2-20,weekly_failed_break,EURUSD,2015-11-25 22:45:00+00:00,2015-11-25 23:00:00+00:00,2015-11-26 00:15:00+00:00,1,1.099999999999798,TP,False
S2-20,weekly_failed_break,EURUSD,2015-11-26 01:30:00+00:00,2015-11-26 01:45:00+00:00,2015-11-26 02:15:00+00:00,1,-0.9999999999997704,SL,False
S2-20,weekly_failed_break,EURUSD,2015-11-26 14:15:00+00:00,2015-11-26 14:30:00+00:00,2015-11-26 16:00:00+00:00,1,-0.9999999999999377,SL,False
S2-20,weekly_failed_break,EURUSD,2015-11-27 06:15:00+00:00,2015-11-27 06:30:00+00:00,2015-11-27 06:45:00+00:00,1,1.1000000000002133,TP,False
S2-20,weekly_failed_break,EURUSD,2015-11-27 08:45:00+00:00,2015-11-27 09:00:00+00:00,2015-11-27 09:00:00+00:00,1,-0.999999999999958,SL,False
S2-20,weekly_failed_break,EURUSD,2015-12-02 15:00:00+00:00,2015-12-02 15:15:00+00:00,2015-12-02 17:15:00+00:00,1,-0.9999999999999194,SL,False
S2-20,weekly_failed_break,EURUSD,2015-12-03 13:00:00+00:00,2015-12-03 13:15:00+00:00,2015-12-03 13:30:00+00:00,-1,-1.0000000000000189,SL,False
S2-20,weekly_failed_break,EURUSD,2015-12-10 09:00:00+00:00,2015-12-10 09:15:00+00:00,2015-12-10 10:00:00+00:00,-1,1.0999999999999241,TP,False
S2-20,weekly_failed_break,EURUSD,2015-12-13 23:30:00+00:00,2015-12-13 23:45:00+00:00,2015-12-13 23:45:00+00:00,-1,-1.0000000000000828,SL,False
S2-20,weekly_failed_break,EURUSD,2015-12-13 23:45:00+00:00,2015-12-14 00:00:00+00:00,2015-12-14 00:00:00+00:00,-1,-1.0000000000000406,SL,False
S2-20,weekly_failed_break,EURUSD,2016-01-08 14:00:00+00:00,2016-01-08 14:15:00+00:00,2016-01-08 14:15:00+00:00,1,1.0999999999999783,TP,False
S2-20,weekly_failed_break,EURUSD,2016-01-21 13:30:00+00:00,2016-01-21 13:45:00+00:00,2016-01-21 13:45:00+00:00,1,-1.0000000000000313,SL,False
S2-20,weekly_failed_break,EURUSD,2016-02-10 10:30:00+00:00,2016-02-10 10:45:00+00:00,2016-02-10 10:45:00+00:00,-1,-1.0000000000000788,SL,False
S2-20,weekly_failed_break,EURUSD,2016-02-10 13:30:00+00:00,2016-02-10 13:45:00+00:00,2016-02-10 13:45:00+00:00,-1,1.1,TP,False
S2-20,weekly_failed_break,EURUSD,2016-02-10 14:30:00+00:00,2016-02-10 14:45:00+00:00,2016-02-10 15:00:00+00:00,-1,1.1000000000000432,TP,False
S2-20,weekly_failed_break,EURUSD,2016-02-10 17:15:00+00:00,2016-02-10 17:30:00+00:00,2016-02-10 18:45:00+00:00,-1,-1.000000000000014,SL,False
S2-20,weekly_failed_break,EURUSD,2016-02-12 13:30:00+00:00,2016-02-12 13:45:00+00:00,2016-02-12 14:00:00+00:00,-1,-0.9999999999999724,SL,False
S2-20,weekly_failed_break,EURUSD,2016-02-12 14:00:00+00:00,2016-02-12 14:15:00+00:00,2016-02-12 14:30:00+00:00,-1,-1.0000000000000517,SL,True
S2-20,weekly_failed_break,EURUSD,2016-02-12 15:15:00+00:00,2016-02-12 15:30:00+00:00,2016-02-12 16:00:00+00:00,-1,0.6295507803525754,FRIDAY,False
S2-20,weekly_failed_break,EURUSD,2016-05-06 12:30:00+00:00,2016-05-06 12:45:00+00:00,2016-05-06 12:45:00+00:00,-1,-0.9999999999999281,SL,False
S2-20,weekly_failed_break,EURUSD,2016-05-09 10:45:00+00:00,2016-05-09 11:00:00+00:00,2016-05-09 11:15:00+00:00,1,-0.9999999999999337,SL,False
S2-20,weekly_failed_break,EURUSD,2016-05-10 07:00:00+00:00,2016-05-10 07:15:00+00:00,2016-05-10 07:15:00+00:00,1,1.1000000000001038,TP,False
S2-20,weekly_failed_break,EURUSD,2016-05-10 08:00:00+00:00,2016-05-10 08:15:00+00:00,2016-05-10 08:45:00+00:00,1,1.0999999999999122,TP,False
S2-20,weekly_failed_break,EURUSD,2016-05-10 09:30:00+00:00,2016-05-10 09:45:00+00:00,2016-05-10 10:00:00+00:00,1,-1.0000000000001044,SL,False
S2-20,weekly_failed_break,EURUSD,2016-05-10 14:00:00+00:00,2016-05-10 14:15:00+00:00,2016-05-10 14:15:00+00:00,1,-1.000000000000025,SL,False
S2-20,weekly_failed_break,EURUSD,2016-05-10 14:30:00+00:00,2016-05-10 14:45:00+00:00,2016-05-10 14:45:00+00:00,1,-1.0000000000000728,SL,False
S2-20,weekly_failed_break,EURUSD,2016-05-10 15:30:00+00:00,2016-05-10 15:45:00+00:00,2016-05-10 18:00:00+00:00,1,-0.9999999999999282,SL,False
S2-20,weekly_failed_break,EURUSD,2016-05-11 02:00:00+00:00,2016-05-11 02:15:00+00:00,2016-05-11 03:15:00+00:00,1,-1.0000000000000757,SL,False
S2-20,weekly_failed_break,EURUSD,2016-05-11 03:15:00+00:00,2016-05-11 03:30:00+00:00,2016-05-11 03:30:00+00:00,1,-0.9999999999997858,SL,False
S2-20,weekly_failed_break,EURUSD,2016-05-11 05:30:00+00:00,2016-05-11 05:45:00+00:00,2016-05-11 06:00:00+00:00,1,1.1,TP,False
S2-20,weekly_failed_break,EURUSD,2016-05-11 07:00:00+00:00,2016-05-11 07:15:00+00:00,2016-05-11 07:15:00+00:00,1,1.1000000000001915,TP,False
S2-20,weekly_failed_break,EURUSD,2016-05-12 12:00:00+00:00,2016-05-12 12:15:00+00:00,2016-05-12 12:30:00+00:00,1,1.1000000000000316,TP,False
S2-20,weekly_failed_break,EURUSD,2016-05-12 16:45:00+00:00,2016-05-12 17:00:00+00:00,2016-05-12 17:45:00+00:00,1,-0.9999999999999661,SL,False
S2-20,weekly_failed_break,EURUSD,2016-05-26 03:00:00+00:00,2016-05-26 03:15:00+00:00,2016-05-26 05:15:00+00:00,1,1.0999999999998524,TP,False
S2-20,weekly_failed_break,EURUSD,2016-05-26 09:30:00+00:00,2016-05-26 09:45:00+00:00,2016-05-26 10:15:00+00:00,1,1.0999999999998782,TP,False
S2-20,weekly_failed_break,EURUSD,2016-05-26 17:00:00+00:00,2016-05-26 17:15:00+00:00,2016-05-26 19:00:00+00:00,1,1.0999999999999226,TP,False
S2-20,weekly_failed_break,EURUSD,2016-05-27 08:00:00+00:00,2016-05-27 08:15:00+00:00,2016-05-27 09:00:00+00:00,1,-1.0000000000001548,SL,False
S2-20,weekly_failed_break,EURUSD,2016-05-27 09:30:00+00:00,2016-05-27 09:45:00+00:00,2016-05-27 10:00:00+00:00,1,-0.9999999999999537,SL,False
S2-20,weekly_failed_break,EURUSD,2016-06-09 08:15:00+00:00,2016-06-09 08:30:00+00:00,2016-06-09 10:00:00+00:00,-1,1.0999999999999568,TP,False
S2-20,weekly_failed_break,EURUSD,2016-06-15 12:30:00+00:00,2016-06-15 12:45:00+00:00,2016-06-15 12:45:00+00:00,1,-1.0000000000000848,SL,False
S2-20,weekly_failed_break,EURUSD,2016-06-15 14:15:00+00:00,2016-06-15 14:30:00+00:00,2016-06-15 14:30:00+00:00,1,-1.000000000000101,SL,False
S2-20,weekly_failed_break,EURUSD,2016-06-15 14:45:00+00:00,2016-06-15 15:00:00+00:00,2016-06-15 15:15:00+00:00,1,1.0999999999999752,TP,False
S2-20,weekly_failed_break,EURUSD,2016-06-15 16:45:00+00:00,2016-06-15 17:00:00+00:00,2016-06-15 17:45:00+00:00,1,1.1000000000000483,TP,False
S2-20,weekly_failed_break,EURUSD,2016-06-16 18:00:00+00:00,2016-06-16 18:15:00+00:00,2016-06-16 22:00:00+00:00,1,-0.5702907388168692,TIME,False
S2-20,weekly_failed_break,EURUSD,2016-06-16 23:00:00+00:00,2016-06-16 23:15:00+00:00,2016-06-16 23:45:00+00:00,1,1.100000000000096,TP,False
S2-20,weekly_failed_break,EURUSD,2016-06-17 07:15:00+00:00,2016-06-17 07:30:00+00:00,2016-06-17 07:30:00+00:00,1,1.0999999999999208,TP,False
S2-20,weekly_failed_break,EURUSD,2016-06-24 02:15:00+00:00,2016-06-24 02:30:00+00:00,2016-06-24 02:30:00+00:00,1,-0.9999999999999895,SL,False
S2-20,weekly_failed_break,EURUSD,2016-07-05 07:15:00+00:00,2016-07-05 07:30:00+00:00,2016-07-05 07:30:00+00:00,-1,-0.9999999999999138,SL,False
S2-20,weekly_failed_break,EURUSD,2016-07-05 07:30:00+00:00,2016-07-05 07:45:00+00:00,2016-07-05 08:00:00+00:00,-1,1.100000000000015,TP,False
S2-20,weekly_failed_break,EURUSD,2016-07-20 23:15:00+00:00,2016-07-20 23:30:00+00:00,2016-07-21 00:30:00+00:00,1,-0.9999999999999314,SL,False
S2-20,weekly_failed_break,EURUSD,2016-07-21 13:15:00+00:00,2016-07-21 13:30:00+00:00,2016-07-21 14:00:00+00:00,1,-1.0000000000000406,SL,False
S2-20,weekly_failed_break,EURUSD,2016-08-03 09:00:00+00:00,2016-08-03 09:15:00+00:00,2016-08-03 09:30:00+00:00,-1,1.1000000000001398,TP,False
S2-20,weekly_failed_break,EURUSD,2016-08-03 12:15:00+00:00,2016-08-03 12:30:00+00:00,2016-08-03 13:00:00+00:00,-1,1.0999999999999237,TP,False
S2-20,weekly_failed_break,EURUSD,2016-09-02 09:45:00+00:00,2016-09-02 10:00:00+00:00,2016-09-02 11:00:00+00:00,1,1.100000000000077,TP,False
S2-20,weekly_failed_break,EURUSD,2016-09-06 14:45:00+00:00,2016-09-06 15:00:00+00:00,2016-09-06 17:15:00+00:00,-1,-1.0000000000000733,SL,False
S2-20,weekly_failed_break,EURUSD,2016-09-08 16:15:00+00:00,2016-09-08 16:30:00+00:00,2016-09-08 18:30:00+00:00,-1,-1.0000000000000604,SL,False
S2-20,weekly_failed_break,EURUSD,2016-09-08 19:30:00+00:00,2016-09-08 19:45:00+00:00,2016-09-08 20:15:00+00:00,-1,-0.9999999999998664,SL,False
S2-20,weekly_failed_break,EURUSD,2016-09-09 12:30:00+00:00,2016-09-09 12:45:00+00:00,2016-09-09 12:45:00+00:00,-1,1.1000000000000607,TP,False
S2-20,weekly_failed_break,EURUSD,2016-09-21 17:45:00+00:00,2016-09-21 18:00:00+00:00,2016-09-21 18:00:00+00:00,1,-1.0000000000001183,SL,True
S2-20,weekly_failed_break,EURUSD,2016-09-21 18:00:00+00:00,2016-09-21 18:15:00+00:00,2016-09-21 18:15:00+00:00,1,-1.0000000000000795,SL,False
S2-20,weekly_failed_break,EURUSD,2016-09-21 18:30:00+00:00,2016-09-21 18:45:00+00:00,2016-09-21 18:45:00+00:00,1,-1.0,SL,False
S2-20,weekly_failed_break,EURUSD,2016-09-27 07:30:00+00:00,2016-09-27 07:45:00+00:00,2016-09-27 08:00:00+00:00,-1,1.0999999999999608,TP,False
S2-20,weekly_failed_break,EURUSD,2016-10-07 12:45:00+00:00,2016-10-07 13:00:00+00:00,2016-10-07 13:15:00+00:00,1,1.0999999999999266,TP,False
S2-20,weekly_failed_break,EURUSD,2016-10-07 15:30:00+00:00,2016-10-07 15:45:00+00:00,2016-10-07 16:00:00+00:00,1,0.0826355286413815,FRIDAY,False
S2-20,weekly_failed_break,EURUSD,2016-10-07 16:00:00+00:00,2016-10-07 16:15:00+00:00,2016-10-07 16:15:00+00:00,1,-0.2676136225912011,FRIDAY,False
S2-20,weekly_failed_break,EURUSD,2016-10-07 16:30:00+00:00,2016-10-07 16:45:00+00:00,2016-10-07 16:45:00+00:00,1,0.5618161286554262,FRIDAY,False
S2-20,weekly_failed_break,EURUSD,2016-10-20 09:45:00+00:00,2016-10-20 10:00:00+00:00,2016-10-20 10:30:00+00:00,1,1.1000000000000911,TP,False
S2-20,weekly_failed_break,EURUSD,2016-10-20 12:30:00+00:00,2016-10-20 12:45:00+00:00,2016-10-20 12:45:00+00:00,1,-0.9999999999999092,SL,True
S2-20,weekly_failed_break,EURUSD,2016-11-09 02:15:00+00:00,2016-11-09 02:30:00+00:00,2016-11-09 02:30:00+00:00,-1,-1.0,SL,False
S2-20,weekly_failed_break,EURUSD,2016-11-09 02:45:00+00:00,2016-11-09 03:00:00+00:00,2016-11-09 03:00:00+00:00,-1,-0.9999999999999726,SL,False
S2-20,weekly_failed_break,EURUSD,2016-11-09 15:30:00+00:00,2016-11-09 15:45:00+00:00,2016-11-09 19:00:00+00:00,1,-1.0000000000000278,SL,False
S2-20,weekly_failed_break,EURUSD,2016-11-24 11:15:00+00:00,2016-11-24 11:30:00+00:00,2016-11-24 11:45:00+00:00,1,-0.9999999999999801,SL,False
S2-20,weekly_failed_break,EURUSD,2016-11-24 12:00:00+00:00,2016-11-24 12:15:00+00:00,2016-11-24 12:45:00+00:00,1,-1.0000000000000686,SL,False
S2-20,weekly_failed_break,EURUSD,2016-11-24 14:30:00+00:00,2016-11-24 14:45:00+00:00,2016-11-24 16:45:00+00:00,1,-1.0,SL,False
S2-20,weekly_failed_break,EURUSD,2016-11-25 03:30:00+00:00,2016-11-25 03:45:00+00:00,2016-11-25 06:45:00+00:00,1,1.100000000000076,TP,False
S2-20,weekly_failed_break,EURUSD,2016-11-30 08:45:00+00:00,2016-11-30 09:00:00+00:00,2016-11-30 09:15:00+00:00,-1,1.099999999999952,TP,False
S2-20,weekly_failed_break,EURUSD,2016-12-02 13:30:00+00:00,2016-12-02 13:45:00+00:00,2016-12-02 13:45:00+00:00,-1,1.0999999999999877,TP,False
S2-20,weekly_failed_break,EURUSD,2016-12-02 14:00:00+00:00,2016-12-02 14:15:00+00:00,2016-12-02 14:30:00+00:00,-1,1.099999999999995,TP,False
S2-20,weekly_failed_break,EURUSD,2016-12-04 23:15:00+00:00,2016-12-04 23:30:00+00:00,2016-12-04 23:30:00+00:00,1,1.1000000000000452,TP,False
S2-20,weekly_failed_break,EURUSD,2016-12-05 13:30:00+00:00,2016-12-05 13:45:00+00:00,2016-12-05 14:00:00+00:00,-1,-1.0000000000000535,SL,False
S2-20,weekly_failed_break,EURUSD,2016-12-08 13:30:00+00:00,2016-12-08 13:45:00+00:00,2016-12-08 14:15:00+00:00,-1,1.0999999999999854,TP,False
S2-20,weekly_failed_break,EURUSD,2016-12-14 20:45:00+00:00,2016-12-14 21:00:00+00:00,2016-12-14 23:15:00+00:00,1,-0.9999999999999752,SL,False
S2-20,weekly_failed_break,EURUSD,2017-01-11 18:30:00+00:00,2017-01-11 18:45:00+00:00,2017-01-11 22:30:00+00:00,-1,0.3018179968571222,TIME,False
S2-20,weekly_failed_break,EURUSD,2017-01-12 20:00:00+00:00,2017-01-12 20:15:00+00:00,2017-01-13 00:00:00+00:00,-1,0.563759777237778,TIME,False
S2-20,weekly_failed_break,EURUSD,2017-01-13 06:15:00+00:00,2017-01-13 06:30:00+00:00,2017-01-13 06:30:00+00:00,-1,-1.0000000000001346,SL,False
S2-20,weekly_failed_break,EURUSD,2017-01-13 16:15:00+00:00,2017-01-13 16:30:00+00:00,2017-01-13 16:30:00+00:00,-1,-0.7236479628824126,FRIDAY,False
S2-20,weekly_failed_break,EURUSD,2017-01-18 06:00:00+00:00,2017-01-18 06:15:00+00:00,2017-01-18 06:30:00+00:00,-1,-0.9999999999998109,SL,False
S2-20,weekly_failed_break,EURUSD,2017-01-18 06:45:00+00:00,2017-01-18 07:00:00+00:00,2017-01-18 08:00:00+00:00,-1,-1.0000000000001574,SL,False
S2-20,weekly_failed_break,EURUSD,2017-01-18 11:00:00+00:00,2017-01-18 11:15:00+00:00,2017-01-18 12:45:00+00:00,-1,1.0999999999999848,TP,False
S2-20,weekly_failed_break,EURUSD,2017-01-18 14:30:00+00:00,2017-01-18 14:45:00+00:00,2017-01-18 15:00:00+00:00,-1,-1.0,SL,False
S2-20,weekly_failed_break,EURUSD,2017-01-18 17:45:00+00:00,2017-01-18 18:00:00+00:00,2017-01-18 18:00:00+00:00,-1,1.1000000000001104,TP,False
S2-20,weekly_failed_break,EURUSD,2017-01-20 01:45:00+00:00,2017-01-20 02:00:00+00:00,2017-01-20 03:00:00+00:00,-1,-0.9999999999999535,SL,False
S2-20,weekly_failed_break,EURUSD,2017-01-25 07:00:00+00:00,2017-01-25 07:15:00+00:00,2017-01-25 07:15:00+00:00,-1,-1.0000000000000737,SL,False
S2-20,weekly_failed_break,EURUSD,2017-01-25 07:15:00+00:00,2017-01-25 07:30:00+00:00,2017-01-25 07:30:00+00:00,-1,-0.9999999999998559,SL,False
S2-20,weekly_failed_break,EURUSD,2017-01-25 07:45:00+00:00,2017-01-25 08:00:00+00:00,2017-01-25 08:00:00+00:00,-1,-0.9999999999998795,SL,False
S2-20,weekly_failed_break,EURUSD,2017-01-26 10:15:00+00:00,2017-01-26 10:30:00+00:00,2017-01-26 11:00:00+00:00,-1,-0.9999999999999241,SL,False
S2-20,weekly_failed_break,EURUSD,2017-01-26 12:45:00+00:00,2017-01-26 13:00:00+00:00,2017-01-26 13:00:00+00:00,-1,1.100000000000056,TP,False
S2-20,weekly_failed_break,EURUSD,2017-01-27 14:15:00+00:00,2017-01-27 14:30:00+00:00,2017-01-27 16:00:00+00:00,-1,1.0090326866285912,FRIDAY,False
S2-20,weekly_failed_break,EURUSD,2017-01-29 22:00:00+00:00,2017-01-29 22:15:00+00:00,2017-01-29 22:15:00+00:00,-1,-1.0000000000000533,SL,False
S2-20,weekly_failed_break,EURUSD,2017-01-30 11:45:00+00:00,2017-01-30 12:00:00+00:00,2017-01-30 12:00:00+00:00,1,-1.0000000000000853,SL,False
S2-20,weekly_failed_break,EURUSD,2017-02-01 19:00:00+00:00,2017-02-01 19:15:00+00:00,2017-02-01 19:15:00+00:00,-1,-1.0000000000000295,SL,False
S2-20,weekly_failed_break,EURUSD,2017-02-02 00:15:00+00:00,2017-02-02 00:30:00+00:00,2017-02-02 00:30:00+00:00,-1,-1.0000000000001272,SL,False
S2-20,weekly_failed_break,EURUSD,2017-02-02 19:00:00+00:00,2017-02-02 19:15:00+00:00,2017-02-02 19:30:00+00:00,-1,1.1000000000000147,TP,False
S2-20,weekly_failed_break,EURUSD,2017-02-03 15:00:00+00:00,2017-02-03 15:15:00+00:00,2017-02-03 15:15:00+00:00,-1,-1.0000000000000626,SL,False
S2-20,weekly_failed_break,EURUSD,2017-02-03 18:30:00+00:00,2017-02-03 18:45:00+00:00,2017-02-03 18:45:00+00:00,-1,-0.11538942367795975,FRIDAY,False
S2-20,weekly_failed_break,EURUSD,2017-02-03 20:15:00+00:00,2017-02-03 20:30:00+00:00,2017-02-03 20:30:00+00:00,-1,-0.46941534699443915,FRIDAY,False
S2-20,weekly_failed_break,EURUSD,2017-02-16 00:15:00+00:00,2017-02-16 00:30:00+00:00,2017-02-16 00:45:00+00:00,1,1.1000000000000878,TP,False
S2-20,weekly_failed_break,EURUSD,2017-02-17 18:30:00+00:00,2017-02-17 18:45:00+00:00,2017-02-17 18:45:00+00:00,1,0.28900425657554807,FRIDAY,False
S2-20,weekly_failed_break,EURUSD,2017-02-17 20:00:00+00:00,2017-02-17 20:15:00+00:00,2017-02-17 20:15:00+00:00,1,0.22619381039070158,FRIDAY,False
S2-20,weekly_failed_break,EURUSD,2017-02-17 20:15:00+00:00,2017-02-17 20:30:00+00:00,2017-02-17 20:30:00+00:00,1,0.09088098918083462,FRIDAY,False
S2-20,weekly_failed_break,EURUSD,2017-02-17 21:00:00+00:00,2017-02-17 21:15:00+00:00,2017-02-17 21:15:00+00:00,1,0.2664850239352141,FRIDAY,False
S2-20,weekly_failed_break,EURUSD,2017-02-17 21:45:00+00:00,2017-02-19 22:00:00+00:00,2017-02-19 22:00:00+00:00,1,1.1000000000001995,TP,False
S2-20,weekly_failed_break,EURUSD,2017-03-22 09:15:00+00:00,2017-03-22 09:30:00+00:00,2017-03-22 09:45:00+00:00,-1,-1.0000000000000353,SL,False
S2-20,weekly_failed_break,EURUSD,2017-03-23 01:30:00+00:00,2017-03-23 01:45:00+00:00,2017-03-23 01:45:00+00:00,-1,-0.9999999999997687,SL,False
S2-20,weekly_failed_break,EURUSD,2017-03-23 09:15:00+00:00,2017-03-23 09:30:00+00:00,2017-03-23 09:30:00+00:00,-1,1.1000000000001267,TP,False
S2-20,weekly_failed_break,EURUSD,2017-03-23 09:30:00+00:00,2017-03-23 09:45:00+00:00,2017-03-23 10:30:00+00:00,-1,-0.9999999999998745,SL,False
S2-20,weekly_failed_break,EURUSD,2017-03-23 12:00:00+00:00,2017-03-23 12:15:00+00:00,2017-03-23 12:45:00+00:00,-1,-1.0000000000000349,SL,False
S2-20,weekly_failed_break,EURUSD,2017-03-23 13:15:00+00:00,2017-03-23 13:30:00+00:00,2017-03-23 14:30:00+00:00,-1,-1.0,SL,False
S2-20,weekly_failed_break,EURUSD,2017-03-23 15:15:00+00:00,2017-03-23 15:30:00+00:00,2017-03-23 16:00:00+00:00,-1,-0.9999999999998901,SL,False
S2-20,weekly_failed_break,EURUSD,2017-03-23 17:30:00+00:00,2017-03-23 17:45:00+00:00,2017-03-23 19:15:00+00:00,-1,-1.0,SL,False
S2-20,weekly_failed_break,EURUSD,2017-03-28 08:15:00+00:00,2017-03-28 08:30:00+00:00,2017-03-28 08:45:00+00:00,-1,-1.0,SL,False
S2-20,weekly_failed_break,EURUSD,2017-03-28 16:00:00+00:00,2017-03-28 16:15:00+00:00,2017-03-28 16:45:00+00:00,-1,1.1000000000001195,TP,False
S2-20,weekly_failed_break,EURUSD,2017-04-04 17:30:00+00:00,2017-04-04 17:45:00+00:00,2017-04-04 18:15:00+00:00,1,1.1000000000001153,TP,False
S2-20,weekly_failed_break,EURUSD,2017-04-26 08:00:00+00:00,2017-04-26 08:15:00+00:00,2017-04-26 08:15:00+00:00,-1,1.100000000000068,TP,False
S2-20,weekly_failed_break,EURUSD,2017-04-26 08:15:00+00:00,2017-04-26 08:30:00+00:00,2017-04-26 09:30:00+00:00,-1,1.1000000000000374,TP,False
S2-20,weekly_failed_break,EURUSD,2017-04-27 12:45:00+00:00,2017-04-27 13:00:00+00:00,2017-04-27 13:00:00+00:00,-1,1.1000000000000534,TP,False
S2-20,weekly_failed_break,EURUSD,2017-05-11 01:00:00+00:00,2017-05-11 01:15:00+00:00,2017-05-11 01:15:00+00:00,1,-1.0000000000001854,SL,False
S2-20,weekly_failed_break,EURUSD,2017-05-11 03:15:00+00:00,2017-05-11 03:30:00+00:00,2017-05-11 03:45:00+00:00,1,-1.000000000000249,SL,False
S2-20,weekly_failed_break,EURUSD,2017-05-11 06:00:00+00:00,2017-05-11 06:15:00+00:00,2017-05-11 06:15:00+00:00,1,-0.9999999999998158,SL,False
S2-20,weekly_failed_break,EURUSD,2017-05-11 06:15:00+00:00,2017-05-11 06:30:00+00:00,2017-05-11 06:30:00+00:00,1,1.0999999999999652,TP,False
S2-20,weekly_failed_break,EURUSD,2017-05-11 07:00:00+00:00,2017-05-11 07:15:00+00:00,2017-05-11 07:30:00+00:00,1,1.1000000000001242,TP,False
S2-20,weekly_failed_break,EURUSD,2017-05-12 10:45:00+00:00,2017-05-12 11:00:00+00:00,2017-05-12 11:45:00+00:00,1,-1.0,SL,False
S2-20,weekly_failed_break,EURUSD,2017-05-12 12:00:00+00:00,2017-05-12 12:15:00+00:00,2017-05-12 12:15:00+00:00,1,-1.0000000000000637,SL,False
S2-20,weekly_failed_break,EURUSD,2017-05-12 12:30:00+00:00,2017-05-12 12:45:00+00:00,2017-05-12 12:45:00+00:00,1,-1.0000000000001306,SL,False
S2-20,weekly_failed_break,EURUSD,2017-05-23 15:45:00+00:00,2017-05-23 16:00:00+00:00,2017-05-23 18:45:00+00:00,-1,1.0999999999999954,TP,False
S2-20,weekly_failed_break,EURUSD,2017-05-24 19:15:00+00:00,2017-05-24 19:30:00+00:00,2017-05-24 22:30:00+00:00,-1,-1.0000000000000537,SL,False
S2-20,weekly_failed_break,EURUSD,2017-05-25 11:00:00+00:00,2017-05-25 11:15:00+00:00,2017-05-25 12:30:00+00:00,-1,1.100000000000117,TP,False
S2-20,weekly_failed_break,EURUSD,2017-05-25 13:00:00+00:00,2017-05-25 13:15:00+00:00,2017-05-25 14:00:00+00:00,-1,-1.0000000000000748,SL,False
S2-20,weekly_failed_break,EURUSD,2017-05-25 14:30:00+00:00,2017-05-25 14:45:00+00:00,2017-05-25 15:00:00+00:00,-1,-0.9999999999999625,SL,False
S2-20,weekly_failed_break,EURUSD,2017-05-25 17:00:00+00:00,2017-05-25 17:15:00+00:00,2017-05-25 18:15:00+00:00,-1,1.0999999999999428,TP,False
S2-20,weekly_failed_break,EURUSD,2017-05-25 19:30:00+00:00,2017-05-25 19:45:00+00:00,2017-05-25 20:45:00+00:00,-1,1.1000000000000214,TP,False
S2-20,weekly_failed_break,EURUSD,2017-05-25 21:00:00+00:00,2017-05-25 21:15:00+00:00,2017-05-25 22:00:00+00:00,-1,-0.9999999999999324,SL,False
S2-20,weekly_failed_break,EURUSD,2017-05-25 23:00:00+00:00,2017-05-25 23:15:00+00:00,2017-05-26 00:00:00+00:00,-1,-0.9999999999999167,SL,False
S2-20,weekly_failed_break,EURUSD,2017-05-26 00:00:00+00:00,2017-05-26 00:15:00+00:00,2017-05-26 00:15:00+00:00,-1,1.0999999999999324,TP,False
S2-20,weekly_failed_break,EURUSD,2017-05-30 10:30:00+00:00,2017-05-30 10:45:00+00:00,2017-05-30 11:00:00+00:00,1,-1.0,SL,False
S2-20,weekly_failed_break,EURUSD,2017-05-30 11:30:00+00:00,2017-05-30 11:45:00+00:00,2017-05-30 11:45:00+00:00,1,-0.9999999999999717,SL,False
S2-20,weekly_failed_break,EURUSD,2017-05-30 12:30:00+00:00,2017-05-30 12:45:00+00:00,2017-05-30 13:30:00+00:00,1,1.099999999999925,TP,False
S2-20,weekly_failed_break,EURUSD,2017-06-16 08:00:00+00:00,2017-06-16 08:15:00+00:00,2017-06-16 09:00:00+00:00,1,1.100000000000078,TP,False
S2-20,weekly_failed_break,EURUSD,2017-06-16 13:30:00+00:00,2017-06-16 13:45:00+00:00,2017-06-16 14:00:00+00:00,1,1.0999999999999066,TP,False
S2-20,weekly_failed_break,EURUSD,2017-06-21 13:15:00+00:00,2017-06-21 13:30:00+00:00,2017-06-21 14:00:00+00:00,1,1.1000000000000747,TP,False
S2-20,weekly_failed_break,EURUSD,2017-06-26 12:45:00+00:00,2017-06-26 13:00:00+00:00,2017-06-26 14:45:00+00:00,-1,1.0999999999999552,TP,False
S2-20,weekly_failed_break,EURUSD,2017-07-27 14:30:00+00:00,2017-07-27 14:45:00+00:00,2017-07-27 15:30:00+00:00,-1,1.0999999999999353,TP,False
S2-20,weekly_failed_break,EURUSD,2017-07-27 19:00:00+00:00,2017-07-27 19:15:00+00:00,2017-07-27 22:45:00+00:00,-1,-1.0000000000001041,SL,False
S2-20,weekly_failed_break,EURUSD,2017-07-27 23:00:00+00:00,2017-07-27 23:15:00+00:00,2017-07-27 23:45:00+00:00,-1,-0.9999999999999317,SL,False
S2-20,weekly_failed_break,EURUSD,2017-08-04 14:00:00+00:00,2017-08-04 14:15:00+00:00,2017-08-04 14:15:00+00:00,-1,1.0999999999999583,TP,False
S2-20,weekly_failed_break,EURUSD,2017-08-30 06:00:00+00:00,2017-08-30 06:15:00+00:00,2017-08-30 06:15:00+00:00,-1,1.0999999999997727,TP,False
S2-20,weekly_failed_break,EURUSD,2017-08-30 06:15:00+00:00,2017-08-30 06:30:00+00:00,2017-08-30 06:30:00+00:00,-1,-0.9999999999998216,SL,True
S2-20,weekly_failed_break,EURUSD,2017-08-30 07:00:00+00:00,2017-08-30 07:15:00+00:00,2017-08-30 07:15:00+00:00,-1,1.0999999999999253,TP,False
S2-20,weekly_failed_break,EURUSD,2017-08-30 07:45:00+00:00,2017-08-30 08:00:00+00:00,2017-08-30 08:00:00+00:00,-1,1.0999999999999814,TP,False
S2-20,weekly_failed_break,EURUSD,2017-09-01 12:30:00+00:00,2017-09-01 12:45:00+00:00,2017-09-01 12:45:00+00:00,-1,1.1000000000000218,TP,False
S2-20,weekly_failed_break,EURUSD,2017-10-13 11:45:00+00:00,2017-10-13 12:00:00+00:00,2017-10-13 12:30:00+00:00,-1,-1.000000000000046,SL,False
S2-20,weekly_failed_break,EURUSD,2017-11-07 23:15:00+00:00,2017-11-07 23:30:00+00:00,2017-11-07 23:30:00+00:00,1,-1.0000000000000762,SL,False
S2-20,weekly_failed_break,EURUSD,2017-11-08 01:15:00+00:00,2017-11-08 01:30:00+00:00,2017-11-08 01:30:00+00:00,1,-0.9999999999998725,SL,False
S2-20,weekly_failed_break,EURUSD,2017-11-08 02:15:00+00:00,2017-11-08 02:30:00+00:00,2017-11-08 06:00:00+00:00,1,-0.9999999999999402,SL,False
S2-20,weekly_failed_break,EURUSD,2017-11-08 07:15:00+00:00,2017-11-08 07:30:00+00:00,2017-11-08 07:45:00+00:00,1,-0.9999999999997663,SL,False
S2-20,weekly_failed_break,EURUSD,2017-11-08 08:00:00+00:00,2017-11-08 08:15:00+00:00,2017-11-08 08:15:00+00:00,1,1.1000000000001802,TP,False
S2-20,weekly_failed_break,EURUSD,2017-11-08 08:45:00+00:00,2017-11-08 09:00:00+00:00,2017-11-08 09:45:00+00:00,1,-1.0000000000000893,SL,False
S2-20,weekly_failed_break,EURUSD,2017-11-08 11:30:00+00:00,2017-11-08 11:45:00+00:00,2017-11-08 12:00:00+00:00,1,-1.0,SL,False
S2-20,weekly_failed_break,EURUSD,2017-11-08 15:00:00+00:00,2017-11-08 15:15:00+00:00,2017-11-08 15:15:00+00:00,1,-0.999999999999903,SL,False
S2-20,weekly_failed_break,EURUSD,2017-11-08 15:30:00+00:00,2017-11-08 15:45:00+00:00,2017-11-08 15:45:00+00:00,1,-1.0000000000001463,SL,False
S2-20,weekly_failed_break,EURUSD,2017-11-08 20:00:00+00:00,2017-11-08 20:15:00+00:00,2017-11-08 21:45:00+00:00,1,-0.999999999999781,SL,False
S2-20,weekly_failed_break,EURUSD,2017-11-09 03:00:00+00:00,2017-11-09 03:15:00+00:00,2017-11-09 03:15:00+00:00,1,-1.0,SL,False
S2-20,weekly_failed_break,EURUSD,2017-11-09 05:15:00+00:00,2017-11-09 05:30:00+00:00,2017-11-09 06:30:00+00:00,1,1.1000000000000794,TP,False
S2-20,weekly_failed_break,EURUSD,2017-11-09 09:15:00+00:00,2017-11-09 09:30:00+00:00,2017-11-09 10:15:00+00:00,1,1.0999999999999577,TP,False
S2-20,weekly_failed_break,EURUSD,2017-12-21 12:15:00+00:00,2017-12-21 12:30:00+00:00,2017-12-21 12:45:00+00:00,-1,1.0999999999998997,TP,False
S2-20,weekly_failed_break,EURUSD,2017-12-21 13:00:00+00:00,2017-12-21 13:15:00+00:00,2017-12-21 13:30:00+00:00,-1,-1.0000000000000417,SL,False
S2-20,weekly_failed_break,EURUSD,2017-12-21 13:45:00+00:00,2017-12-21 14:00:00+00:00,2017-12-21 14:45:00+00:00,-1,-0.9999999999999263,SL,False
S2-20,weekly_failed_break,EURUSD,2017-12-21 15:45:00+00:00,2017-12-21 16:00:00+00:00,2017-12-21 16:00:00+00:00,-1,-1.0000000000000715,SL,False
S2-20,weekly_failed_break,EURUSD,2017-12-21 23:45:00+00:00,2017-12-22 00:00:00+00:00,2017-12-22 00:00:00+00:00,-1,1.0999999999997951,TP,False
S2-20,weekly_failed_break,EURUSD,2017-12-22 21:30:00+00:00,2017-12-22 21:45:00+00:00,2017-12-22 21:45:00+00:00,-1,-0.9390958287616461,FRIDAY,False
S2-20,weekly_failed_break,EURUSD,2017-12-22 21:45:00+00:00,2017-12-24 23:00:00+00:00,2017-12-24 23:00:00+00:00,-1,-0.9999999999997925,SL,False
S2-20,weekly_failed_break,EURUSD,2017-12-27 22:15:00+00:00,2017-12-27 22:30:00+00:00,2017-12-28 00:45:00+00:00,-1,-1.0000000000002194,SL,False
S2-20,weekly_failed_break,EURUSD,2018-01-03 10:30:00+00:00,2018-01-03 10:45:00+00:00,2018-01-03 13:00:00+00:00,-1,-1.000000000000089,SL,False
S2-20,weekly_failed_break,EURUSD,2018-01-03 13:15:00+00:00,2018-01-03 13:30:00+00:00,2018-01-03 13:45:00+00:00,-1,-0.9999999999999023,SL,False
S2-20,weekly_failed_break,EURUSD,2018-01-03 14:15:00+00:00,2018-01-03 14:30:00+00:00,2018-01-03 14:45:00+00:00,-1,1.0999999999998702,TP,False
S2-20,weekly_failed_break,EURUSD,2018-01-03 18:00:00+00:00,2018-01-03 18:15:00+00:00,2018-01-03 18:45:00+00:00,-1,-0.9999999999999538,SL,False
S2-20,weekly_failed_break,EURUSD,2018-01-03 19:00:00+00:00,2018-01-03 19:15:00+00:00,2018-01-03 19:30:00+00:00,-1,-0.9999999999998687,SL,False
S2-20,weekly_failed_break,EURUSD,2018-01-03 20:30:00+00:00,2018-01-03 20:45:00+00:00,2018-01-03 20:45:00+00:00,-1,1.1000000000000771,TP,False
S2-20,weekly_failed_break,EURUSD,2018-01-05 15:30:00+00:00,2018-01-05 15:45:00+00:00,2018-01-05 15:45:00+00:00,-1,-1.0000000000000497,SL,False
S2-20,weekly_failed_break,EURUSD,2018-01-10 11:30:00+00:00,2018-01-10 11:45:00+00:00,2018-01-10 12:45:00+00:00,1,-0.9999999999999778,SL,False
S2-20,weekly_failed_break,EURUSD,2018-01-10 14:00:00+00:00,2018-01-10 14:15:00+00:00,2018-01-10 14:30:00+00:00,1,-1.000000000000026,SL,False
S2-20,weekly_failed_break,EURUSD,2018-01-16 10:30:00+00:00,2018-01-16 10:45:00+00:00,2018-01-16 12:00:00+00:00,-1,-1.0000000000000209,SL,False
S2-20,weekly_failed_break,EURUSD,2018-01-16 13:45:00+00:00,2018-01-16 14:00:00+00:00,2018-01-16 14:00:00+00:00,-1,1.0999999999999557,TP,False
S2-20,weekly_failed_break,EURUSD,2018-01-16 15:15:00+00:00,2018-01-16 15:30:00+00:00,2018-01-16 15:45:00+00:00,-1,-1.000000000000029,SL,False
S2-20,weekly_failed_break,EURUSD,2018-01-17 07:30:00+00:00,2018-01-17 07:45:00+00:00,2018-01-17 08:00:00+00:00,-1,-1.0000000000000497,SL,False
S2-20,weekly_failed_break,EURUSD,2018-01-17 11:15:00+00:00,2018-01-17 11:30:00+00:00,2018-01-17 13:00:00+00:00,-1,1.0999999999999466,TP,False
S2-20,weekly_failed_break,EURUSD,2018-01-17 20:30:00+00:00,2018-01-17 20:45:00+00:00,2018-01-17 21:30:00+00:00,-1,1.1000000000000834,TP,False
S2-20,weekly_failed_break,EURUSD,2018-01-18 10:15:00+00:00,2018-01-18 10:30:00+00:00,2018-01-18 10:30:00+00:00,-1,-0.9999999999999137,SL,False
S2-20,weekly_failed_break,EURUSD,2018-01-19 21:45:00+00:00,2018-01-21 22:00:00+00:00,2018-01-21 22:00:00+00:00,-1,1.099999999999882,TP,False
S2-20,weekly_failed_break,EURUSD,2018-02-16 12:15:00+00:00,2018-02-16 12:30:00+00:00,2018-02-16 12:45:00+00:00,-1,-0.9999999999999177,SL,False
S2-20,weekly_failed_break,EURUSD,2018-02-16 12:45:00+00:00,2018-02-16 13:00:00+00:00,2018-02-16 13:15:00+00:00,-1,1.1000000000000536,TP,False
S2-20,weekly_failed_break,EURUSD,2018-02-27 15:00:00+00:00,2018-02-27 15:15:00+00:00,2018-02-27 15:30:00+00:00,1,-1.0000000000000706,SL,False
S2-20,weekly_failed_break,EURUSD,2018-03-01 20:00:00+00:00,2018-03-01 20:15:00+00:00,2018-03-02 00:00:00+00:00,1,-0.28830050196637586,TIME,False
S2-20,weekly_failed_break,EURUSD,2018-03-21 18:00:00+00:00,2018-03-21 18:15:00+00:00,2018-03-21 18:15:00+00:00,1,-1.0000000000000235,SL,False
S2-20,weekly_failed_break,EURUSD,2018-03-27 12:00:00+00:00,2018-03-27 12:15:00+00:00,2018-03-27 12:30:00+00:00,-1,-0.9999999999999012,SL,False
S2-20,weekly_failed_break,EURUSD,2018-03-27 12:45:00+00:00,2018-03-27 13:00:00+00:00,2018-03-27 13:45:00+00:00,-1,-1.0,SL,False
S2-20,weekly_failed_break,EURUSD,2018-03-28 07:15:00+00:00,2018-03-28 07:30:00+00:00,2018-03-28 07:45:00+00:00,-1,-1.000000000000044,SL,False
S2-20,weekly_failed_break,EURUSD,2018-03-28 09:30:00+00:00,2018-03-28 09:45:00+00:00,2018-03-28 10:00:00+00:00,-1,-1.0000000000000868,SL,False
S2-20,weekly_failed_break,EURUSD,2018-03-28 12:45:00+00:00,2018-03-28 13:00:00+00:00,2018-03-28 13:00:00+00:00,-1,1.0999999999999857,TP,False
S2-20,weekly_failed_break,EURUSD,2018-04-04 11:00:00+00:00,2018-04-04 11:15:00+00:00,2018-04-04 11:30:00+00:00,1,-0.9999999999999413,SL,False
S2-20,weekly_failed_break,EURUSD,2018-04-04 11:30:00+00:00,2018-04-04 11:45:00+00:00,2018-04-04 12:00:00+00:00,1,-0.9999999999999228,SL,False
S2-20,weekly_failed_break,EURUSD,2018-04-04 12:30:00+00:00,2018-04-04 12:45:00+00:00,2018-04-04 12:45:00+00:00,1,1.1000000000000687,TP,False
S2-20,weekly_failed_break,EURUSD,2018-04-04 17:15:00+00:00,2018-04-04 17:30:00+00:00,2018-04-04 18:15:00+00:00,1,-1.0000000000000846,SL,False
S2-20,weekly_failed_break,EURUSD,2018-04-06 18:00:00+00:00,2018-04-06 18:15:00+00:00,2018-04-06 18:15:00+00:00,1,-0.14247469800848842,FRIDAY,False
S2-20,weekly_failed_break,EURUSD,2018-04-06 18:15:00+00:00,2018-04-06 18:30:00+00:00,2018-04-06 18:30:00+00:00,1,-0.7158795091111938,FRIDAY,False
S2-20,weekly_failed_break,EURUSD,2018-04-06 18:45:00+00:00,2018-04-06 19:00:00+00:00,2018-04-06 19:00:00+00:00,1,0.3270794803805789,FRIDAY,False
S2-20,weekly_failed_break,EURUSD,2018-04-06 19:00:00+00:00,2018-04-06 19:15:00+00:00,2018-04-06 19:15:00+00:00,1,-0.5833399184945193,FRIDAY,False
S2-20,weekly_failed_break,EURUSD,2018-04-06 19:15:00+00:00,2018-04-06 19:30:00+00:00,2018-04-06 19:30:00+00:00,1,-0.3946106258254362,FRIDAY,False
S2-20,weekly_failed_break,EURUSD,2018-04-06 19:45:00+00:00,2018-04-06 20:00:00+00:00,2018-04-06 20:00:00+00:00,1,-0.4378488207607829,FRIDAY,False
S2-20,weekly_failed_break,EURUSD,2018-04-12 09:00:00+00:00,2018-04-12 09:15:00+00:00,2018-04-12 09:30:00+00:00,-1,-0.9999999999999294,SL,False
S2-20,weekly_failed_break,EURUSD,2018-04-12 11:30:00+00:00,2018-04-12 11:45:00+00:00,2018-04-12 11:45:00+00:00,-1,1.0999999999999437,TP,False
S2-20,weekly_failed_break,EURUSD,2018-04-13 08:00:00+00:00,2018-04-13 08:15:00+00:00,2018-04-13 08:15:00+00:00,-1,1.099999999999866,TP,False
S2-20,weekly_failed_break,EURUSD,2018-05-10 12:30:00+00:00,2018-05-10 12:45:00+00:00,2018-05-10 12:45:00+00:00,1,1.0999999999999899,TP,False
S2-20,weekly_failed_break,EURUSD,2018-05-10 12:45:00+00:00,2018-05-10 13:00:00+00:00,2018-05-10 13:30:00+00:00,1,1.1000000000000403,TP,False
S2-20,weekly_failed_break,EURUSD,2018-05-10 13:45:00+00:00,2018-05-10 14:00:00+00:00,2018-05-10 14:15:00+00:00,1,-1.0000000000000193,SL,False
S2-20,weekly_failed_break,EURUSD,2018-05-17 05:00:00+00:00,2018-05-17 05:15:00+00:00,2018-05-17 05:15:00+00:00,1,-1.0000000000001008,SL,False
S2-20,weekly_failed_break,EURUSD,2018-05-17 05:45:00+00:00,2018-05-17 06:00:00+00:00,2018-05-17 06:00:00+00:00,1,-0.999999999999838,SL,False
S2-20,weekly_failed_break,EURUSD,2018-05-21 14:45:00+00:00,2018-05-21 15:00:00+00:00,2018-05-21 15:15:00+00:00,1,1.0999999999999295,TP,False
S2-20,weekly_failed_break,EURUSD,2018-05-30 15:30:00+00:00,2018-05-30 15:45:00+00:00,2018-05-30 19:30:00+00:00,1,0.19383059940163005,TIME,False
S2-20,weekly_failed_break,EURUSD,2018-06-01 14:00:00+00:00,2018-06-01 14:15:00+00:00,2018-06-01 14:15:00+00:00,1,-1.0000000000000184,SL,True
S2-20,weekly_failed_break,EURUSD,2018-06-01 14:15:00+00:00,2018-06-01 14:30:00+00:00,2018-06-01 15:45:00+00:00,1,1.1000000000000532,TP,False
S2-20,weekly_failed_break,EURUSD,2018-06-26 08:45:00+00:00,2018-06-26 09:00:00+00:00,2018-06-26 09:30:00+00:00,-1,1.0999999999999144,TP,False
S2-20,weekly_failed_break,EURUSD,2018-06-26 11:15:00+00:00,2018-06-26 11:30:00+00:00,2018-06-26 12:30:00+00:00,-1,-0.9999999999999368,SL,False
S2-20,weekly_failed_break,EURUSD,2018-06-26 12:45:00+00:00,2018-06-26 13:00:00+00:00,2018-06-26 13:30:00+00:00,-1,1.0999999999998793,TP,False
S2-20,weekly_failed_break,EURUSD,2018-06-26 15:15:00+00:00,2018-06-26 15:30:00+00:00,2018-06-26 16:45:00+00:00,-1,1.0999999999998995,TP,False
S2-20,weekly_failed_break,EURUSD,2018-08-06 16:15:00+00:00,2018-08-06 16:30:00+00:00,2018-08-06 17:15:00+00:00,1,-0.9999999999999086,SL,False
S2-20,weekly_failed_break,EURUSD,2018-08-07 00:00:00+00:00,2018-08-07 00:15:00+00:00,2018-08-07 00:15:00+00:00,1,-1.0000000000003224,SL,False
S2-20,weekly_failed_break,EURUSD,2018-08-07 00:45:00+00:00,2018-08-07 01:00:00+00:00,2018-08-07 01:30:00+00:00,1,-1.0000000000001965,SL,False
S2-20,weekly_failed_break,EURUSD,2018-08-07 02:15:00+00:00,2018-08-07 02:30:00+00:00,2018-08-07 03:00:00+00:00,1,-1.0000000000000941,SL,False
S2-20,weekly_failed_break,EURUSD,2018-08-16 02:00:00+00:00,2018-08-16 02:15:00+00:00,2018-08-16 03:15:00+00:00,1,-1.0000000000001126,SL,False
S2-20,weekly_failed_break,EURUSD,2018-08-16 03:15:00+00:00,2018-08-16 03:30:00+00:00,2018-08-16 03:45:00+00:00,1,1.0999999999999808,TP,False
S2-20,weekly_failed_break,EURUSD,2018-08-16 03:45:00+00:00,2018-08-16 04:00:00+00:00,2018-08-16 06:45:00+00:00,1,-1.0000000000000588,SL,False
S2-20,weekly_failed_break,EURUSD,2018-08-16 07:15:00+00:00,2018-08-16 07:30:00+00:00,2018-08-16 07:45:00+00:00,1,-0.999999999999968,SL,False
S2-20,weekly_failed_break,EURUSD,2018-08-16 08:00:00+00:00,2018-08-16 08:15:00+00:00,2018-08-16 08:30:00+00:00,1,1.1000000000000607,TP,False
S2-20,weekly_failed_break,EURUSD,2018-08-16 09:00:00+00:00,2018-08-16 09:15:00+00:00,2018-08-16 10:45:00+00:00,1,-0.999999999999971,SL,False
S2-20,weekly_failed_break,EURUSD,2018-08-16 11:00:00+00:00,2018-08-16 11:15:00+00:00,2018-08-16 12:30:00+00:00,1,1.1000000000000625,TP,False
S2-20,weekly_failed_break,EURUSD,2018-08-16 12:30:00+00:00,2018-08-16 12:45:00+00:00,2018-08-16 12:45:00+00:00,1,-1.0000000000001101,SL,False
S2-20,weekly_failed_break,EURUSD,2018-08-16 13:15:00+00:00,2018-08-16 13:30:00+00:00,2018-08-16 13:30:00+00:00,1,1.1000000000000663,TP,False
S2-20,weekly_failed_break,EURUSD,2018-08-16 19:45:00+00:00,2018-08-16 20:00:00+00:00,2018-08-16 23:45:00+00:00,1,-0.15373450400932734,TIME,False
S2-20,weekly_failed_break,EURUSD,2018-08-30 15:15:00+00:00,2018-08-30 15:30:00+00:00,2018-08-30 16:45:00+00:00,-1,-0.99999999999995,SL,False
S2-20,weekly_failed_break,EURUSD,2018-09-04 19:45:00+00:00,2018-09-04 20:00:00+00:00,2018-09-04 21:00:00+00:00,1,-0.9999999999998938,SL,False
S2-20,weekly_failed_break,EURUSD,2018-09-04 23:15:00+00:00,2018-09-04 23:30:00+00:00,2018-09-05 00:00:00+00:00,1,-0.9999999999998065,SL,False
S2-20,weekly_failed_break,EURUSD,2018-09-05 00:15:00+00:00,2018-09-05 00:30:00+00:00,2018-09-05 00:45:00+00:00,1,-0.9999999999997378,SL,False
S2-20,weekly_failed_break,EURUSD,2018-09-05 00:45:00+00:00,2018-09-05 01:00:00+00:00,2018-09-05 01:00:00+00:00,1,-0.9999999999999045,SL,False
S2-20,weekly_failed_break,EURUSD,2018-09-05 01:00:00+00:00,2018-09-05 01:15:00+00:00,2018-09-05 01:15:00+00:00,1,1.1000000000000543,TP,False
S2-20,weekly_failed_break,EURUSD,2018-09-05 11:30:00+00:00,2018-09-05 11:45:00+00:00,2018-09-05 12:15:00+00:00,1,-0.9999999999999073,SL,False
S2-20,weekly_failed_break,EURUSD,2018-09-05 13:00:00+00:00,2018-09-05 13:15:00+00:00,2018-09-05 13:15:00+00:00,1,1.099999999999905,TP,False
S2-20,weekly_failed_break,EURUSD,2018-09-07 12:30:00+00:00,2018-09-07 12:45:00+00:00,2018-09-07 12:45:00+00:00,1,-1.0000000000000515,SL,False
S2-20,weekly_failed_break,EURUSD,2018-09-14 14:00:00+00:00,2018-09-14 14:15:00+00:00,2018-09-14 14:45:00+00:00,-1,-1.00000000000006,SL,False
S2-20,weekly_failed_break,EURUSD,2018-09-14 15:45:00+00:00,2018-09-14 16:00:00+00:00,2018-09-14 16:00:00+00:00,-1,0.6056867759891681,FRIDAY,False
S2-20,weekly_failed_break,EURUSD,2018-09-24 13:00:00+00:00,2018-09-24 13:15:00+00:00,2018-09-24 13:15:00+00:00,-1,-0.99999999999997,SL,False
S2-20,weekly_failed_break,EURUSD,2018-09-24 13:45:00+00:00,2018-09-24 14:00:00+00:00,2018-09-24 14:15:00+00:00,-1,1.099999999999969,TP,False
S2-20,weekly_failed_break,EURUSD,2018-10-03 02:00:00+00:00,2018-10-03 02:15:00+00:00,2018-10-03 04:00:00+00:00,1,-1.0,SL,False
S2-20,weekly_failed_break,EURUSD,2018-10-03 08:00:00+00:00,2018-10-03 08:15:00+00:00,2018-10-03 09:00:00+00:00,1,-1.0000000000000968,SL,False
S2-20,weekly_failed_break,EURUSD,2018-10-31 09:45:00+00:00,2018-10-31 10:00:00+00:00,2018-10-31 11:15:00+00:00,1,1.0999999999998977,TP,False
S2-20,weekly_failed_break,EURUSD,2018-11-01 01:45:00+00:00,2018-11-01 02:00:00+00:00,2018-11-01 02:45:00+00:00,1,1.0999999999998535,TP,False
S2-20,weekly_failed_break,EURUSD,2018-11-07 20:00:00+00:00,2018-11-07 20:15:00+00:00,2018-11-07 20:30:00+00:00,-1,1.0999999999999397,TP,False
S2-20,weekly_failed_break,EURUSD,2018-11-13 23:15:00+00:00,2018-11-13 23:30:00+00:00,2018-11-13 23:30:00+00:00,1,-1.0,SL,False
S2-20,weekly_failed_break,EURUSD,2018-11-14 00:00:00+00:00,2018-11-14 00:15:00+00:00,2018-11-14 00:30:00+00:00,1,-0.9999999999999583,SL,False
S2-20,weekly_failed_break,EURUSD,2018-11-14 14:45:00+00:00,2018-11-14 15:00:00+00:00,2018-11-14 15:15:00+00:00,1,-1.0000000000000515,SL,False
S2-20,weekly_failed_break,EURUSD,2018-11-15 15:15:00+00:00,2018-11-15 15:30:00+00:00,2018-11-15 16:30:00+00:00,1,1.1000000000000778,TP,False
S2-20,weekly_failed_break,EURUSD,2018-11-20 12:15:00+00:00,2018-11-20 12:30:00+00:00,2018-11-20 13:30:00+00:00,-1,1.100000000000068,TP,False
S2-20,weekly_failed_break,EURUSD,2018-11-21 13:30:00+00:00,2018-11-21 13:45:00+00:00,2018-11-21 14:00:00+00:00,-1,1.099999999999919,TP,False
S2-20,weekly_failed_break,EURUSD,2018-11-22 10:45:00+00:00,2018-11-22 11:00:00+00:00,2018-11-22 11:15:00+00:00,-1,1.1000000000000507,TP,False
S2-20,weekly_failed_break,EURUSD,2018-11-27 06:45:00+00:00,2018-11-27 07:00:00+00:00,2018-11-27 07:00:00+00:00,1,1.1000000000002303,TP,False
S2-20,weekly_failed_break,EURUSD,2018-11-30 15:30:00+00:00,2018-11-30 15:45:00+00:00,2018-11-30 15:45:00+00:00,1,-0.9999999999999366,SL,False
S2-20,weekly_failed_break,EURUSD,2018-12-07 13:30:00+00:00,2018-12-07 13:45:00+00:00,2018-12-07 13:45:00+00:00,-1,-1.0000000000000653,SL,False
S2-20,weekly_failed_break,EURUSD,2018-12-10 11:30:00+00:00,2018-12-10 11:45:00+00:00,2018-12-10 12:15:00+00:00,-1,-1.0000000000000369,SL,False
S2-20,weekly_failed_break,EURUSD,2018-12-10 12:30:00+00:00,2018-12-10 12:45:00+00:00,2018-12-10 13:30:00+00:00,-1,1.099999999999985,TP,False
S2-20,weekly_failed_break,EURUSD,2018-12-21 09:00:00+00:00,2018-12-21 09:15:00+00:00,2018-12-21 09:15:00+00:00,-1,1.0999999999999797,TP,False
S2-20,weekly_failed_break,EURUSD,2019-01-10 18:15:00+00:00,2019-01-10 18:30:00+00:00,2019-01-10 18:45:00+00:00,-1,-0.9999999999999715,SL,False
S2-20,weekly_failed_break,EURUSD,2019-01-10 20:00:00+00:00,2019-01-10 20:15:00+00:00,2019-01-10 23:30:00+00:00,-1,-1.0000000000000924,SL,False
S2-20,weekly_failed_break,EURUSD,2019-01-16 17:15:00+00:00,2019-01-16 17:30:00+00:00,2019-01-16 17:30:00+00:00,1,-1.0,SL,False
S2-20,weekly_failed_break,EURUSD,2019-01-16 19:00:00+00:00,2019-01-16 19:15:00+00:00,2019-01-16 19:15:00+00:00,1,-1.000000000000149,SL,False
S2-20,weekly_failed_break,EURUSD,2019-01-17 12:30:00+00:00,2019-01-17 12:45:00+00:00,2019-01-17 12:45:00+00:00,1,-0.9999999999999463,SL,False
S2-20,weekly_failed_break,EURUSD,2019-01-18 10:00:00+00:00,2019-01-18 10:15:00+00:00,2019-01-18 13:45:00+00:00,1,-0.9999999999999527,SL,False
S2-20,weekly_failed_break,EURUSD,2019-01-23 13:30:00+00:00,2019-01-23 13:45:00+00:00,2019-01-23 13:45:00+00:00,1,-1.0000000000001708,SL,False
S2-20,weekly_failed_break,EURUSD,2019-01-23 13:45:00+00:00,2019-01-23 14:00:00+00:00,2019-01-23 14:00:00+00:00,1,1.1000000000000107,TP,False
S2-20,weekly_failed_break,EURUSD,2019-01-24 08:15:00+00:00,2019-01-24 08:30:00+00:00,2019-01-24 08:30:00+00:00,1,-1.00000000000005,SL,True
S2-20,weekly_failed_break,EURUSD,2019-01-24 08:30:00+00:00,2019-01-24 08:45:00+00:00,2019-01-24 09:00:00+00:00,1,-0.9999999999998863,SL,False
S2-20,weekly_failed_break,EURUSD,2019-01-24 15:45:00+00:00,2019-01-24 16:00:00+00:00,2019-01-24 16:45:00+00:00,1,-1.0000000000000182,SL,False
S2-20,weekly_failed_break,EURUSD,2019-01-25 13:30:00+00:00,2019-01-25 13:45:00+00:00,2019-01-25 14:00:00+00:00,1,1.1000000000000676,TP,False
S2-20,weekly_failed_break,EURUSD,2019-01-29 14:30:00+00:00,2019-01-29 14:45:00+00:00,2019-01-29 14:45:00+00:00,-1,-1.0000000000001463,SL,False
S2-20,weekly_failed_break,EURUSD,2019-01-29 15:30:00+00:00,2019-01-29 15:45:00+00:00,2019-01-29 16:15:00+00:00,-1,-1.0000000000001152,SL,False
S2-20,weekly_failed_break,EURUSD,2019-01-30 14:00:00+00:00,2019-01-30 14:15:00+00:00,2019-01-30 15:00:00+00:00,-1,-0.9999999999998757,SL,False
S2-20,weekly_failed_break,EURUSD,2019-01-30 16:45:00+00:00,2019-01-30 17:00:00+00:00,2019-01-30 19:00:00+00:00,-1,-0.999999999999919,SL,False
S2-20,weekly_failed_break,EURUSD,2019-02-12 16:15:00+00:00,2019-02-12 16:30:00+00:00,2019-02-12 18:00:00+00:00,1,1.0999999999999908,TP,False
S2-20,weekly_failed_break,EURUSD,2019-02-13 08:15:00+00:00,2019-02-13 08:30:00+00:00,2019-02-13 08:45:00+00:00,1,1.0999999999998644,TP,False
S2-20,weekly_failed_break,EURUSD,2019-02-13 10:30:00+00:00,2019-02-13 10:45:00+00:00,2019-02-13 11:30:00+00:00,1,-1.000000000000046,SL,False
S2-20,weekly_failed_break,EURUSD,2019-02-13 11:45:00+00:00,2019-02-13 12:00:00+00:00,2019-02-13 12:15:00+00:00,1,-0.9999999999998689,SL,False
S2-20,weekly_failed_break,EURUSD,2019-02-20 12:45:00+00:00,2019-02-20 13:00:00+00:00,2019-02-20 13:30:00+00:00,-1,1.09999999999996,TP,False
S2-20,weekly_failed_break,EURUSD,2019-02-21 01:00:00+00:00,2019-02-21 01:15:00+00:00,2019-02-21 01:30:00+00:00,-1,1.1000000000001098,TP,False
S2-20,weekly_failed_break,EURUSD,2019-02-22 00:00:00+00:00,2019-02-22 00:15:00+00:00,2019-02-22 01:30:00+00:00,-1,1.1000000000001777,TP,False
S2-20,weekly_failed_break,EURUSD,2019-02-22 14:00:00+00:00,2019-02-22 14:15:00+00:00,2019-02-22 14:30:00+00:00,-1,1.099999999999876,TP,False
S2-20,weekly_failed_break,EURUSD,2019-02-22 15:15:00+00:00,2019-02-22 15:30:00+00:00,2019-02-22 15:30:00+00:00,-1,-0.9999999999999178,SL,False
S2-20,weekly_failed_break,EURUSD,2019-02-22 15:45:00+00:00,2019-02-22 16:00:00+00:00,2019-02-22 16:00:00+00:00,-1,0.40127059171160523,FRIDAY,False
S2-20,weekly_failed_break,EURUSD,2019-02-26 16:15:00+00:00,2019-02-26 16:30:00+00:00,2019-02-26 16:30:00+00:00,-1,-1.0,SL,False
S2-20,weekly_failed_break,EURUSD,2019-02-27 16:30:00+00:00,2019-02-27 16:45:00+00:00,2019-02-27 18:30:00+00:00,-1,-1.0000000000000315,SL,False
S2-20,weekly_failed_break,EURUSD,2019-02-27 19:00:00+00:00,2019-02-27 19:15:00+00:00,2019-02-27 23:00:00+00:00,-1,-1.0000000000001392,SL,False
S2-20,weekly_failed_break,EURUSD,2019-02-28 01:30:00+00:00,2019-02-28 01:45:00+00:00,2019-02-28 01:45:00+00:00,-1,-1.0,SL,False
S2-20,weekly_failed_break,EURUSD,2019-02-28 15:15:00+00:00,2019-02-28 15:30:00+00:00,2019-02-28 15:30:00+00:00,-1,-0.9999999999999102,SL,False
S2-20,weekly_failed_break,EURUSD,2019-02-28 21:45:00+00:00,2019-02-28 22:00:00+00:00,2019-02-28 22:00:00+00:00,-1,-0.9999999999998331,SL,False
S2-20,weekly_failed_break,EURUSD,2019-02-28 22:00:00+00:00,2019-02-28 22:15:00+00:00,2019-02-28 22:15:00+00:00,-1,-0.9999999999999124,SL,False
S2-20,weekly_failed_break,EURUSD,2019-02-28 22:30:00+00:00,2019-02-28 22:45:00+00:00,2019-02-28 23:45:00+00:00,-1,-0.9999999999998286,SL,False
S2-20,weekly_failed_break,EURUSD,2019-03-01 00:00:00+00:00,2019-03-01 00:15:00+00:00,2019-03-01 00:30:00+00:00,-1,-0.999999999999679,SL,False
S2-20,weekly_failed_break,EURUSD,2019-03-01 00:45:00+00:00,2019-03-01 01:00:00+00:00,2019-03-01 01:00:00+00:00,-1,-1.000000000000221,SL,False
S2-20,weekly_failed_break,EURUSD,2019-03-01 01:00:00+00:00,2019-03-01 01:15:00+00:00,2019-03-01 01:30:00+00:00,-1,-0.9999999999996806,SL,False
S2-20,weekly_failed_break,EURUSD,2019-03-01 02:00:00+00:00,2019-03-01 02:15:00+00:00,2019-03-01 02:15:00+00:00,-1,1.0999999999997934,TP,False
S2-20,weekly_failed_break,EURUSD,2019-03-01 03:00:00+00:00,2019-03-01 03:15:00+00:00,2019-03-01 04:30:00+00:00,-1,-0.9999999999998169,SL,False
S2-20,weekly_failed_break,EURUSD,2019-03-01 17:30:00+00:00,2019-03-01 17:45:00+00:00,2019-03-01 17:45:00+00:00,-1,0.19093689976524153,FRIDAY,False
S2-20,weekly_failed_break,EURUSD,2019-03-19 14:30:00+00:00,2019-03-19 14:45:00+00:00,2019-03-19 14:45:00+00:00,-1,-0.9999999999998561,SL,False
S2-20,weekly_failed_break,EURUSD,2019-03-20 07:30:00+00:00,2019-03-20 07:45:00+00:00,2019-03-20 07:45:00+00:00,-1,-0.9999999999996576,SL,False
S2-20,weekly_failed_break,EURUSD,2019-03-20 08:30:00+00:00,2019-03-20 08:45:00+00:00,2019-03-20 08:45:00+00:00,-1,-1.0000000000002198,SL,False
S2-20,weekly_failed_break,EURUSD,2019-03-20 09:00:00+00:00,2019-03-20 09:15:00+00:00,2019-03-20 09:30:00+00:00,-1,-0.9999999999998079,SL,False
S2-20,weekly_failed_break,EURUSD,2019-03-27 09:15:00+00:00,2019-03-27 09:30:00+00:00,2019-03-27 11:15:00+00:00,1,-0.9999999999999631,SL,False
S2-20,weekly_failed_break,EURUSD,2019-03-27 11:15:00+00:00,2019-03-27 11:30:00+00:00,2019-03-27 12:15:00+00:00,1,-1.0000000000000338,SL,False
S2-20,weekly_failed_break,EURUSD,2019-03-27 12:30:00+00:00,2019-03-27 12:45:00+00:00,2019-03-27 12:45:00+00:00,1,-1.0,SL,False
S2-20,weekly_failed_break,EURUSD,2019-04-03 00:45:00+00:00,2019-04-03 01:00:00+00:00,2019-04-03 01:00:00+00:00,1,-0.9999999999998825,SL,False
S2-20,weekly_failed_break,EURUSD,2019-04-04 13:30:00+00:00,2019-04-04 13:45:00+00:00,2019-04-04 14:30:00+00:00,1,1.0999999999998145,TP,False
S2-20,weekly_failed_break,EURUSD,2019-04-10 13:00:00+00:00,2019-04-10 13:15:00+00:00,2019-04-10 13:30:00+00:00,-1,-1.0000000000001157,SL,False
S2-20,weekly_failed_break,EURUSD,2019-04-11 17:15:00+00:00,2019-04-11 17:30:00+00:00,2019-04-11 18:00:00+00:00,-1,-1.000000000000169,SL,False
S2-20,weekly_failed_break,EURUSD,2019-04-11 18:30:00+00:00,2019-04-11 18:45:00+00:00,2019-04-11 19:30:00+00:00,-1,-1.0000000000001827,SL,False
S2-20,weekly_failed_break,EURUSD,2019-04-11 20:45:00+00:00,2019-04-11 21:00:00+00:00,2019-04-11 21:00:00+00:00,-1,-0.999999999999905,SL,False
S2-20,weekly_failed_break,EURUSD,2019-05-21 18:00:00+00:00,2019-05-21 18:15:00+00:00,2019-05-21 22:00:00+00:00,1,0.7563560940996671,TIME,False
S2-20,weekly_failed_break,EURUSD,2019-05-22 04:45:00+00:00,2019-05-22 05:00:00+00:00,2019-05-22 05:15:00+00:00,1,-1.0,SL,False
S2-20,weekly_failed_break,EURUSD,2019-05-23 15:00:00+00:00,2019-05-23 15:15:00+00:00,2019-05-23 15:45:00+00:00,1,1.1000000000000554,TP,False
S2-20,weekly_failed_break,EURUSD,2019-06-19 08:15:00+00:00,2019-06-19 08:30:00+00:00,2019-06-19 08:30:00+00:00,1,-1.0000000000002431,SL,False
S2-20,weekly_failed_break,EURUSD,2019-06-19 09:45:00+00:00,2019-06-19 10:00:00+00:00,2019-06-19 13:45:00+00:00,1,0.23103633434759263,TIME,False
S2-20,weekly_failed_break,EURUSD,2019-06-19 13:45:00+00:00,2019-06-19 14:00:00+00:00,2019-06-19 14:00:00+00:00,1,1.099999999999843,TP,False
S2-20,weekly_failed_break,EURUSD,2019-06-19 14:00:00+00:00,2019-06-19 14:15:00+00:00,2019-06-19 14:45:00+00:00,1,-0.9999999999998679,SL,False
S2-20,weekly_failed_break,EURUSD,2019-06-25 08:30:00+00:00,2019-06-25 08:45:00+00:00,2019-06-25 11:15:00+00:00,-1,1.099999999999961,TP,False
S2-20,weekly_failed_break,EURUSD,2019-06-25 14:45:00+00:00,2019-06-25 15:00:00+00:00,2019-06-25 16:30:00+00:00,-1,1.099999999999964,TP,False
S2-20,weekly_failed_break,EURUSD,2019-06-25 16:30:00+00:00,2019-06-25 16:45:00+00:00,2019-06-25 17:00:00+00:00,-1,1.099999999999961,TP,False
S2-20,weekly_failed_break,EURUSD,2019-06-25 17:30:00+00:00,2019-06-25 17:45:00+00:00,2019-06-25 21:30:00+00:00,-1,0.1507243896874287,TIME,False
S2-20,weekly_failed_break,EURUSD,2019-06-26 15:30:00+00:00,2019-06-26 15:45:00+00:00,2019-06-26 18:00:00+00:00,-1,1.100000000000026,TP,False
S2-20,weekly_failed_break,EURUSD,2019-06-28 12:30:00+00:00,2019-06-28 12:45:00+00:00,2019-06-28 12:45:00+00:00,-1,-1.0000000000000542,SL,False
S2-20,weekly_failed_break,EURUSD,2019-07-01 12:45:00+00:00,2019-07-01 13:00:00+00:00,2019-07-01 13:45:00+00:00,1,-0.9999999999998641,SL,False
S2-20,weekly_failed_break,EURUSD,2019-07-10 03:15:00+00:00,2019-07-10 03:30:00+00:00,2019-07-10 03:45:00+00:00,1,-0.999999999999842,SL,False
S2-20,weekly_failed_break,EURUSD,2019-07-10 06:15:00+00:00,2019-07-10 06:30:00+00:00,2019-07-10 06:30:00+00:00,1,-1.0000000000001625,SL,False
S2-20,weekly_failed_break,EURUSD,2019-07-10 06:30:00+00:00,2019-07-10 06:45:00+00:00,2019-07-10 06:45:00+00:00,1,1.1000000000000945,TP,False
S2-20,weekly_failed_break,EURUSD,2019-08-02 07:45:00+00:00,2019-08-02 08:00:00+00:00,2019-08-02 08:00:00+00:00,1,-1.0,SL,False
S2-20,weekly_failed_break,EURUSD,2019-08-02 11:30:00+00:00,2019-08-02 11:45:00+00:00,2019-08-02 12:15:00+00:00,1,-0.9999999999998309,SL,False
S2-20,weekly_failed_break,EURUSD,2019-08-02 14:00:00+00:00,2019-08-02 14:15:00+00:00,2019-08-02 15:45:00+00:00,1,1.0999999999998946,TP,False
S2-20,weekly_failed_break,EURUSD,2019-09-03 15:00:00+00:00,2019-09-03 15:15:00+00:00,2019-09-03 19:00:00+00:00,1,0.323090913259107,TIME,False
S2-20,weekly_failed_break,EURUSD,2019-09-12 17:00:00+00:00,2019-09-12 17:15:00+00:00,2019-09-12 18:30:00+00:00,-1,1.0999999999999472,TP,False
S2-20,weekly_failed_break,EURUSD,2019-09-13 14:45:00+00:00,2019-09-13 15:00:00+00:00,2019-09-13 15:45:00+00:00,-1,1.1000000000000525,TP,False
S2-20,weekly_failed_break,EURUSD,2019-10-01 11:00:00+00:00,2019-10-01 11:15:00+00:00,2019-10-01 11:30:00+00:00,1,-1.0,SL,False
S2-20,weekly_failed_break,EURUSD,2019-10-02 08:45:00+00:00,2019-10-02 09:00:00+00:00,2019-10-02 09:15:00+00:00,1,1.1000000000000507,TP,False
S2-20,weekly_failed_break,EURUSD,2019-11-07 08:15:00+00:00,2019-11-07 08:30:00+00:00,2019-11-07 08:45:00+00:00,1,1.0999999999998387,TP,False
S2-20,weekly_failed_break,EURUSD,2019-11-07 12:30:00+00:00,2019-11-07 12:45:00+00:00,2019-11-07 13:15:00+00:00,1,1.0999999999999903,TP,False
S2-20,weekly_failed_break,EURUSD,2019-11-14 17:15:00+00:00,2019-11-14 17:30:00+00:00,2019-11-14 18:45:00+00:00,1,1.1000000000000474,TP,False
S2-20,weekly_failed_break,EURUSD,2019-11-15 08:00:00+00:00,2019-11-15 08:15:00+00:00,2019-11-15 08:15:00+00:00,1,-0.9999999999997791,SL,False
S2-20,weekly_failed_break,EURUSD,2019-11-20 11:45:00+00:00,2019-11-20 12:00:00+00:00,2019-11-20 12:30:00+00:00,-1,-1.000000000000069,SL,False
S2-20,weekly_failed_break,EURUSD,2019-11-20 12:45:00+00:00,2019-11-20 13:00:00+00:00,2019-11-20 13:45:00+00:00,-1,-1.0000000000000764,SL,False
S2-20,weekly_failed_break,EURUSD,2019-11-21 20:15:00+00:00,2019-11-21 20:30:00+00:00,2019-11-21 21:00:00+00:00,-1,-0.9999999999998918,SL,False
S2-20,weekly_failed_break,EURUSD,2019-11-22 09:00:00+00:00,2019-11-22 09:15:00+00:00,2019-11-22 09:45:00+00:00,-1,-1.0000000000000902,SL,False
S2-20,weekly_failed_break,EURUSD,2019-11-26 06:15:00+00:00,2019-11-26 06:30:00+00:00,2019-11-26 06:45:00+00:00,1,-1.0000000000001574,SL,False
S2-20,weekly_failed_break,EURUSD,2019-11-26 08:45:00+00:00,2019-11-26 09:00:00+00:00,2019-11-26 09:00:00+00:00,1,-1.0000000000002005,SL,False
S2-20,weekly_failed_break,EURUSD,2019-11-26 09:00:00+00:00,2019-11-26 09:15:00+00:00,2019-11-26 09:15:00+00:00,1,-1.000000000000281,SL,False
S2-20,weekly_failed_break,EURUSD,2019-11-26 11:30:00+00:00,2019-11-26 11:45:00+00:00,2019-11-26 12:30:00+00:00,1,1.1000000000002697,TP,False
S2-20,weekly_failed_break,EURUSD,2019-11-28 08:45:00+00:00,2019-11-28 09:00:00+00:00,2019-11-28 09:00:00+00:00,1,-1.0000000000003075,SL,False
S2-20,weekly_failed_break,EURUSD,2019-11-28 09:00:00+00:00,2019-11-28 09:15:00+00:00,2019-11-28 10:00:00+00:00,1,-0.9999999999999065,SL,False
S2-20,weekly_failed_break,EURUSD,2019-12-12 16:00:00+00:00,2019-12-12 16:15:00+00:00,2019-12-12 20:00:00+00:00,-1,-0.5799716440124427,TIME,False
S2-20,weekly_failed_break,EURUSD,2019-12-13 17:30:00+00:00,2019-12-13 17:45:00+00:00,2019-12-13 17:45:00+00:00,-1,-0.03898557931377424,FRIDAY,False
S2-20,weekly_failed_break,EURUSD,2019-12-13 17:45:00+00:00,2019-12-13 18:00:00+00:00,2019-12-13 18:00:00+00:00,-1,-0.4256947241240435,FRIDAY,False
S2-20,weekly_failed_break,EURUSD,2019-12-13 20:15:00+00:00,2019-12-13 20:30:00+00:00,2019-12-13 20:30:00+00:00,-1,0.2303113553113553,FRIDAY,False
S2-20,weekly_failed_break,EURUSD,2019-12-13 21:30:00+00:00,2019-12-13 21:45:00+00:00,2019-12-13 21:45:00+00:00,-1,-2.2008940666486048,FRIDAY,False
S2-20,weekly_failed_break,EURUSD,2020-01-02 11:45:00+00:00,2020-01-02 12:00:00+00:00,2020-01-02 12:00:00+00:00,-1,-0.99999999999988,SL,False
S2-20,weekly_failed_break,EURUSD,2020-01-02 14:00:00+00:00,2020-01-02 14:15:00+00:00,2020-01-02 14:15:00+00:00,-1,1.1000000000000214,TP,False
S2-20,weekly_failed_break,EURUSD,2020-01-02 16:00:00+00:00,2020-01-02 16:15:00+00:00,2020-01-02 16:30:00+00:00,-1,1.0999999999999557,TP,False
S2-20,weekly_failed_break,EURUSD,2020-01-10 17:15:00+00:00,2020-01-10 17:30:00+00:00,2020-01-10 17:30:00+00:00,1,-0.5984026164857563,FRIDAY,False
S2-20,weekly_failed_break,EURUSD,2020-01-22 17:00:00+00:00,2020-01-22 17:15:00+00:00,2020-01-22 21:00:00+00:00,1,0.5988550737572195,TIME,False
S2-20,weekly_failed_break,EURUSD,2020-01-23 00:45:00+00:00,2020-01-23 01:00:00+00:00,2020-01-23 02:30:00+00:00,1,1.100000000000277,TP,False
S2-20,weekly_failed_break,EURUSD,2020-01-23 08:30:00+00:00,2020-01-23 08:45:00+00:00,2020-01-23 08:45:00+00:00,1,-1.000000000000281,SL,False
S2-20,weekly_failed_break,EURUSD,2020-01-28 03:00:00+00:00,2020-01-28 03:15:00+00:00,2020-01-28 04:45:00+00:00,1,1.1000000000003833,TP,False
S2-20,weekly_failed_break,EURUSD,2020-01-28 20:45:00+00:00,2020-01-28 21:00:00+00:00,2020-01-28 21:15:00+00:00,1,-0.9999999999997126,SL,False
S2-20,weekly_failed_break,EURUSD,2020-01-28 22:00:00+00:00,2020-01-28 22:15:00+00:00,2020-01-28 22:15:00+00:00,1,1.0999999999996015,TP,False
S2-20,weekly_failed_break,EURUSD,2020-01-30 09:00:00+00:00,2020-01-30 09:15:00+00:00,2020-01-30 09:15:00+00:00,1,-1.0000000000002531,SL,False
S2-20,weekly_failed_break,EURUSD,2020-01-30 11:15:00+00:00,2020-01-30 11:30:00+00:00,2020-01-30 12:15:00+00:00,1,1.1000000000000714,TP,False
S2-20,weekly_failed_break,EURUSD,2020-01-31 06:45:00+00:00,2020-01-31 07:00:00+00:00,2020-01-31 07:00:00+00:00,1,-1.000000000000367,SL,False
S2-20,weekly_failed_break,EURUSD,2020-01-31 07:00:00+00:00,2020-01-31 07:15:00+00:00,2020-01-31 07:15:00+00:00,1,1.1000000000003005,TP,False
S2-20,weekly_failed_break,EURUSD,2020-02-21 14:45:00+00:00,2020-02-21 15:00:00+00:00,2020-02-21 15:00:00+00:00,1,1.100000000000032,TP,False
S2-20,weekly_failed_break,EURUSD,2020-02-26 14:30:00+00:00,2020-02-26 14:45:00+00:00,2020-02-26 15:15:00+00:00,-1,-1.0,SL,False
S2-20,weekly_failed_break,EURUSD,2020-03-10 00:45:00+00:00,2020-03-10 01:00:00+00:00,2020-03-10 01:30:00+00:00,-1,-1.0000000000000424,SL,False
S2-20,weekly_failed_break,EURUSD,2020-03-10 03:45:00+00:00,2020-03-10 04:00:00+00:00,2020-03-10 04:30:00+00:00,-1,1.10000000000006,TP,False
S2-20,weekly_failed_break,EURUSD,2020-03-10 08:00:00+00:00,2020-03-10 08:15:00+00:00,2020-03-10 08:45:00+00:00,-1,1.100000000000043,TP,False
S2-20,weekly_failed_break,EURUSD,2020-04-14 09:45:00+00:00,2020-04-14 10:00:00+00:00,2020-04-14 11:45:00+00:00,-1,-0.9999999999999069,SL,False
S2-20,weekly_failed_break,EURUSD,2020-04-15 07:15:00+00:00,2020-04-15 07:30:00+00:00,2020-04-15 07:30:00+00:00,-1,1.100000000000066,TP,False
S2-20,weekly_failed_break,EURUSD,2020-04-15 07:30:00+00:00,2020-04-15 07:45:00+00:00,2020-04-15 07:45:00+00:00,-1,1.099999999999896,TP,False
S2-20,weekly_failed_break,EURUSD,2020-04-23 06:45:00+00:00,2020-04-23 07:00:00+00:00,2020-04-23 07:00:00+00:00,1,-1.0000000000001563,SL,False
S2-20,weekly_failed_break,EURUSD,2020-04-23 15:45:00+00:00,2020-04-23 16:00:00+00:00,2020-04-23 17:00:00+00:00,1,-0.9999999999999611,SL,False
S2-20,weekly_failed_break,EURUSD,2020-04-24 14:45:00+00:00,2020-04-24 15:00:00+00:00,2020-04-24 15:00:00+00:00,1,-1.0,SL,False
S2-20,weekly_failed_break,EURUSD,2020-04-24 20:00:00+00:00,2020-04-24 20:15:00+00:00,2020-04-24 20:15:00+00:00,1,-0.37452655919837335,FRIDAY,False
S2-20,weekly_failed_break,EURUSD,2020-04-30 14:30:00+00:00,2020-04-30 14:45:00+00:00,2020-04-30 14:45:00+00:00,-1,-0.9999999999999631,SL,False
S2-20,weekly_failed_break,EURUSD,2020-05-07 16:30:00+00:00,2020-05-07 16:45:00+00:00,2020-05-07 17:30:00+00:00,1,1.1000000000000596,TP,False
S2-20,weekly_failed_break,EURUSD,2020-06-11 08:30:00+00:00,2020-06-11 08:45:00+00:00,2020-06-11 08:45:00+00:00,-1,-1.0000000000000244,SL,False
S2-20,weekly_failed_break,EURUSD,2020-06-19 07:00:00+00:00,2020-06-19 07:15:00+00:00,2020-06-19 07:30:00+00:00,1,-1.0000000000001295,SL,False
S2-20,weekly_failed_break,EURUSD,2020-06-19 07:45:00+00:00,2020-06-19 08:00:00+00:00,2020-06-19 08:00:00+00:00,1,-1.0,SL,False
S2-20,weekly_failed_break,EURUSD,2020-06-19 09:00:00+00:00,2020-06-19 09:15:00+00:00,2020-06-19 10:15:00+00:00,1,-1.0000000000001297,SL,False
S2-20,weekly_failed_break,EURUSD,2020-07-07 15:45:00+00:00,2020-07-07 16:00:00+00:00,2020-07-07 16:45:00+00:00,-1,1.1000000000000243,TP,False
S2-20,weekly_failed_break,EURUSD,2020-07-09 14:45:00+00:00,2020-07-09 15:00:00+00:00,2020-07-09 18:45:00+00:00,-1,-0.1618091773677521,TIME,False
S2-20,weekly_failed_break,EURUSD,2020-07-10 16:30:00+00:00,2020-07-10 16:45:00+00:00,2020-07-10 16:45:00+00:00,-1,0.12363065795390399,FRIDAY,False
S2-20,weekly_failed_break,EURUSD,2020-07-10 16:45:00+00:00,2020-07-10 17:00:00+00:00,2020-07-10 17:00:00+00:00,-1,-0.046536475336855225,FRIDAY,False
S2-20,weekly_failed_break,EURUSD,2020-07-10 18:00:00+00:00,2020-07-10 18:15:00+00:00,2020-07-10 18:15:00+00:00,-1,-0.2548009113594445,FRIDAY,False
S2-20,weekly_failed_break,EURUSD,2020-07-10 18:45:00+00:00,2020-07-10 19:00:00+00:00,2020-07-10 19:00:00+00:00,-1,-0.1100968965033001,FRIDAY,False
S2-20,weekly_failed_break,EURUSD,2020-07-10 19:30:00+00:00,2020-07-10 19:45:00+00:00,2020-07-10 19:45:00+00:00,-1,-0.2278731020861622,FRIDAY,False
S2-20,weekly_failed_break,EURUSD,2020-07-10 20:00:00+00:00,2020-07-10 20:15:00+00:00,2020-07-10 20:15:00+00:00,-1,0.5794303984842205,FRIDAY,False
S2-20,weekly_failed_break,EURUSD,2020-07-21 10:30:00+00:00,2020-07-21 10:45:00+00:00,2020-07-21 10:45:00+00:00,-1,1.1000000000000871,TP,False
S2-20,weekly_failed_break,EURUSD,2020-07-21 10:45:00+00:00,2020-07-21 11:00:00+00:00,2020-07-21 12:30:00+00:00,-1,-1.0000000000000784,SL,False
S2-20,weekly_failed_break,EURUSD,2020-07-21 12:30:00+00:00,2020-07-21 12:45:00+00:00,2020-07-21 13:00:00+00:00,-1,1.1000000000000443,TP,False
S2-20,weekly_failed_break,EURUSD,2020-08-19 18:00:00+00:00,2020-08-19 18:15:00+00:00,2020-08-19 18:15:00+00:00,-1,-0.9999999999999343,SL,False
S2-20,weekly_failed_break,EURUSD,2020-08-20 16:00:00+00:00,2020-08-20 16:15:00+00:00,2020-08-20 20:00:00+00:00,-1,-0.21655651532384493,TIME,False
S2-20,weekly_failed_break,EURUSD,2020-08-20 22:00:00+00:00,2020-08-20 22:15:00+00:00,2020-08-20 23:00:00+00:00,-1,-0.9999999999998522,SL,False
S2-20,weekly_failed_break,EURUSD,2020-09-01 17:00:00+00:00,2020-09-01 17:15:00+00:00,2020-09-01 21:00:00+00:00,-1,-0.515676872002951,TIME,False
S2-20,weekly_failed_break,EURUSD,2020-09-01 22:45:00+00:00,2020-09-01 23:00:00+00:00,2020-09-01 23:00:00+00:00,-1,-0.9999999999998005,SL,False
S2-20,weekly_failed_break,EURUSD,2020-09-01 23:00:00+00:00,2020-09-01 23:15:00+00:00,2020-09-01 23:15:00+00:00,-1,-0.9999999999996751,SL,False
S2-20,weekly_failed_break,EURUSD,2020-09-01 23:15:00+00:00,2020-09-01 23:30:00+00:00,2020-09-01 23:30:00+00:00,-1,-1.0000000000002214,SL,False
S2-20,weekly_failed_break,EURUSD,2020-09-02 00:15:00+00:00,2020-09-02 00:30:00+00:00,2020-09-02 00:30:00+00:00,-1,-0.9999999999998428,SL,False
S2-20,weekly_failed_break,EURUSD,2020-10-06 08:30:00+00:00,2020-10-06 08:45:00+00:00,2020-10-06 08:45:00+00:00,-1,-1.0000000000000395,SL,False
S2-20,weekly_failed_break,EURUSD,2020-10-06 18:45:00+00:00,2020-10-06 19:00:00+00:00,2020-10-06 19:00:00+00:00,-1,1.0999999999999663,TP,False
S2-20,weekly_failed_break,EURUSD,2020-10-07 12:00:00+00:00,2020-10-07 12:15:00+00:00,2020-10-07 12:30:00+00:00,-1,-0.9999999999998808,SL,False
S2-20,weekly_failed_break,EURUSD,2020-10-07 13:30:00+00:00,2020-10-07 13:45:00+00:00,2020-10-07 14:30:00+00:00,-1,1.100000000000101,TP,False
S2-20,weekly_failed_break,EURUSD,2020-10-09 01:15:00+00:00,2020-10-09 01:30:00+00:00,2020-10-09 01:30:00+00:00,-1,-1.0000000000000884,SL,False
S2-20,weekly_failed_break,EURUSD,2020-10-16 10:15:00+00:00,2020-10-16 10:30:00+00:00,2020-10-16 10:45:00+00:00,1,-1.0000000000000413,SL,False
S2-20,weekly_failed_break,EURUSD,2020-10-16 10:45:00+00:00,2020-10-16 11:00:00+00:00,2020-10-16 11:00:00+00:00,1,1.0999999999999759,TP,False
S2-20,weekly_failed_break,EURUSD,2020-10-16 11:00:00+00:00,2020-10-16 11:15:00+00:00,2020-10-16 11:15:00+00:00,1,1.0999999999999772,TP,False
S2-20,weekly_failed_break,EURUSD,2020-10-16 14:45:00+00:00,2020-10-16 15:00:00+00:00,2020-10-16 16:00:00+00:00,1,-0.010859126837556327,FRIDAY,False
S2-20,weekly_failed_break,EURUSD,2020-10-16 16:00:00+00:00,2020-10-16 16:15:00+00:00,2020-10-16 16:15:00+00:00,1,0.3548034138157415,FRIDAY,False
S2-20,weekly_failed_break,EURUSD,2020-10-16 16:45:00+00:00,2020-10-16 17:00:00+00:00,2020-10-16 17:00:00+00:00,1,0.39737557450246175,FRIDAY,False
S2-20,weekly_failed_break,EURUSD,2020-10-16 18:00:00+00:00,2020-10-16 18:15:00+00:00,2020-10-16 18:15:00+00:00,1,0.5105081005166274,FRIDAY,False
S2-20,weekly_failed_break,EURUSD,2020-10-16 19:45:00+00:00,2020-10-16 20:00:00+00:00,2020-10-16 20:00:00+00:00,1,-1.2108937047617,FRIDAY,False
S2-20,weekly_failed_break,EURUSD,2020-10-22 11:00:00+00:00,2020-10-22 11:15:00+00:00,2020-10-22 12:30:00+00:00,-1,1.0999999999999786,TP,False
S2-20,weekly_failed_break,EURUSD,2020-10-22 12:45:00+00:00,2020-10-22 13:00:00+00:00,2020-10-22 13:15:00+00:00,-1,-1.0,SL,False
S2-20,weekly_failed_break,EURUSD,2020-10-22 13:30:00+00:00,2020-10-22 13:45:00+00:00,2020-10-22 14:30:00+00:00,-1,1.1000000000001229,TP,False
S2-20,weekly_failed_break,EURUSD,2020-10-22 15:45:00+00:00,2020-10-22 16:00:00+00:00,2020-10-22 19:45:00+00:00,-1,0.4292770783551482,TIME,False
S2-20,weekly_failed_break,EURUSD,2020-11-02 22:00:00+00:00,2020-11-02 22:15:00+00:00,2020-11-03 00:15:00+00:00,1,1.1000000000000494,TP,False
S2-20,weekly_failed_break,EURUSD,2020-11-03 00:15:00+00:00,2020-11-03 00:30:00+00:00,2020-11-03 00:30:00+00:00,1,-0.9999999999997276,SL,False
S2-20,weekly_failed_break,EURUSD,2020-11-04 02:15:00+00:00,2020-11-04 02:30:00+00:00,2020-11-04 02:30:00+00:00,1,-1.0000000000000353,SL,False
S2-20,weekly_failed_break,EURUSD,2020-11-04 03:15:00+00:00,2020-11-04 03:30:00+00:00,2020-11-04 07:15:00+00:00,1,-0.6600058849570425,TIME,False
S2-20,weekly_failed_break,EURUSD,2020-11-04 07:30:00+00:00,2020-11-04 07:45:00+00:00,2020-11-04 08:00:00+00:00,1,1.09999999999994,TP,False
S2-20,weekly_failed_break,EURUSD,2020-11-23 15:45:00+00:00,2020-11-23 16:00:00+00:00,2020-11-23 16:00:00+00:00,1,-1.0000000000000517,SL,False
S2-20,weekly_failed_break,EURUSD,2020-11-23 16:15:00+00:00,2020-11-23 16:30:00+00:00,2020-11-23 17:30:00+00:00,1,1.099999999999969,TP,False
S2-20,weekly_failed_break,EURUSD,2020-11-24 10:15:00+00:00,2020-11-24 10:30:00+00:00,2020-11-24 11:15:00+00:00,-1,1.100000000000048,TP,False
S2-20,weekly_failed_break,EURUSD,2020-11-26 12:15:00+00:00,2020-11-26 12:30:00+00:00,2020-11-26 12:30:00+00:00,-1,-0.9999999999999226,SL,False
S2-20,weekly_failed_break,EURUSD,2020-12-16 19:00:00+00:00,2020-12-16 19:15:00+00:00,2020-12-16 19:15:00+00:00,-1,1.099999999999963,TP,False
S2-20,weekly_failed_break,EURUSD,2020-12-16 19:30:00+00:00,2020-12-16 19:45:00+00:00,2020-12-16 20:00:00+00:00,-1,-0.9999999999999171,SL,False
S2-20,weekly_failed_break,EURUSD,2020-12-31 15:30:00+00:00,2020-12-31 15:45:00+00:00,2020-12-31 16:45:00+00:00,-1,1.099999999999963,TP,False
