hypothesis,family,pair,signal_dt,entry_dt,exit_dt,side,r,reason,ambiguous_stop_first
S2-09,shock_reversion,GBPUSD,2013-01-01 22:00:00+00:00,2013-01-01 22:15:00+00:00,2013-01-01 22:15:00+00:00,1,-0.9999999999993436,SL,False
S2-09,shock_reversion,GBPUSD,2013-01-01 22:15:00+00:00,2013-01-01 22:30:00+00:00,2013-01-01 22:30:00+00:00,-1,-0.9999999999997039,SL,False
S2-09,shock_reversion,GBPUSD,2013-01-01 22:30:00+00:00,2013-01-01 22:45:00+00:00,2013-01-01 22:45:00+00:00,-1,-1.0000000000002014,SL,False
S2-09,shock_reversion,GBPUSD,2013-01-01 23:00:00+00:00,2013-01-01 23:15:00+00:00,2013-01-02 00:00:00+00:00,1,0.9999999999999374,TP,False
S2-09,shock_reversion,GBPUSD,2013-01-02 00:00:00+00:00,2013-01-02 00:15:00+00:00,2013-01-02 01:15:00+00:00,-1,-1.0000000000000837,SL,False
S2-09,shock_reversion,GBPUSD,2013-01-02 02:00:00+00:00,2013-01-02 02:15:00+00:00,2013-01-02 02:15:00+00:00,-1,-0.9999999999999308,SL,False
S2-09,shock_reversion,GBPUSD,2013-01-02 02:30:00+00:00,2013-01-02 02:45:00+00:00,2013-01-02 03:15:00+00:00,-1,0.9999999999999417,TP,False
S2-09,shock_reversion,GBPUSD,2013-01-02 23:45:00+00:00,2013-01-03 00:00:00+00:00,2013-01-03 01:00:00+00:00,-1,1.0000000000000564,TP,False
S2-09,shock_reversion,GBPUSD,2013-01-03 01:00:00+00:00,2013-01-03 01:15:00+00:00,2013-01-03 02:45:00+00:00,1,-1.0000000000000575,SL,False
S2-09,shock_reversion,GBPUSD,2013-01-03 02:45:00+00:00,2013-01-03 03:00:00+00:00,2013-01-03 03:00:00+00:00,1,-1.0000000000000908,SL,False
S2-09,shock_reversion,GBPUSD,2013-01-03 07:45:00+00:00,2013-01-03 08:00:00+00:00,2013-01-03 08:00:00+00:00,1,1.0000000000000624,TP,False
S2-09,shock_reversion,GBPUSD,2013-01-03 12:15:00+00:00,2013-01-03 12:30:00+00:00,2013-01-03 13:45:00+00:00,1,1.0000000000000682,TP,False
S2-09,shock_reversion,GBPUSD,2013-01-03 19:00:00+00:00,2013-01-03 19:15:00+00:00,2013-01-03 19:15:00+00:00,1,-0.9999999999999376,SL,False
S2-09,shock_reversion,GBPUSD,2013-01-03 22:30:00+00:00,2013-01-03 22:45:00+00:00,2013-01-03 22:45:00+00:00,1,1.0000000000000646,TP,False
S2-09,shock_reversion,GBPUSD,2013-01-04 07:00:00+00:00,2013-01-04 07:15:00+00:00,2013-01-04 07:15:00+00:00,1,-1.0000000000001303,SL,False
S2-09,shock_reversion,GBPUSD,2013-01-04 07:45:00+00:00,2013-01-04 08:00:00+00:00,2013-01-04 08:00:00+00:00,1,-1.0,SL,False
S2-09,shock_reversion,GBPUSD,2013-01-04 20:15:00+00:00,2013-01-04 20:30:00+00:00,2013-01-04 20:30:00+00:00,-1,0.13768285821455364,FRIDAY,False
S2-09,shock_reversion,GBPUSD,2013-01-06 22:00:00+00:00,2013-01-06 22:15:00+00:00,2013-01-06 22:15:00+00:00,1,-1.000000000000653,SL,True
S2-09,shock_reversion,GBPUSD,2013-01-06 22:30:00+00:00,2013-01-06 22:45:00+00:00,2013-01-06 22:45:00+00:00,-1,-0.9999999999996594,SL,False
S2-09,shock_reversion,GBPUSD,2013-01-06 22:45:00+00:00,2013-01-06 23:00:00+00:00,2013-01-06 23:00:00+00:00,-1,-0.9999999999998158,SL,True
S2-09,shock_reversion,GBPUSD,2013-01-06 23:00:00+00:00,2013-01-06 23:15:00+00:00,2013-01-06 23:15:00+00:00,1,-0.999999999999853,SL,False
S2-09,shock_reversion,GBPUSD,2013-01-09 08:00:00+00:00,2013-01-09 08:15:00+00:00,2013-01-09 08:45:00+00:00,-1,-0.9999999999998573,SL,False
S2-09,shock_reversion,GBPUSD,2013-01-11 07:00:00+00:00,2013-01-11 07:15:00+00:00,2013-01-11 07:15:00+00:00,-1,-1.0,SL,False
S2-09,shock_reversion,GBPUSD,2013-01-11 07:30:00+00:00,2013-01-11 07:45:00+00:00,2013-01-11 07:45:00+00:00,-1,1.0,TP,False
S2-09,shock_reversion,GBPUSD,2013-01-11 13:15:00+00:00,2013-01-11 13:30:00+00:00,2013-01-11 13:30:00+00:00,-1,-1.0000000000000293,SL,False
S2-09,shock_reversion,GBPUSD,2013-01-13 22:00:00+00:00,2013-01-13 22:15:00+00:00,2013-01-13 22:15:00+00:00,1,-1.0000000000002884,SL,True
S2-09,shock_reversion,GBPUSD,2013-01-13 22:15:00+00:00,2013-01-13 22:30:00+00:00,2013-01-13 22:30:00+00:00,-1,-1.0000000000003497,SL,True
S2-09,shock_reversion,GBPUSD,2013-01-13 22:30:00+00:00,2013-01-13 22:45:00+00:00,2013-01-13 22:45:00+00:00,1,-0.9999999999996549,SL,True
S2-09,shock_reversion,GBPUSD,2013-01-13 23:00:00+00:00,2013-01-13 23:15:00+00:00,2013-01-13 23:15:00+00:00,1,1.0000000000001603,TP,False
S2-09,shock_reversion,GBPUSD,2013-01-14 08:00:00+00:00,2013-01-14 08:15:00+00:00,2013-01-14 08:30:00+00:00,1,-1.0000000000001283,SL,False
S2-09,shock_reversion,GBPUSD,2013-01-15 07:30:00+00:00,2013-01-15 07:45:00+00:00,2013-01-15 08:15:00+00:00,1,1.0000000000000373,TP,False
S2-09,shock_reversion,GBPUSD,2013-01-16 07:45:00+00:00,2013-01-16 08:00:00+00:00,2013-01-16 08:15:00+00:00,1,-0.9999999999999658,SL,False
S2-09,shock_reversion,GBPUSD,2013-01-17 00:30:00+00:00,2013-01-17 00:45:00+00:00,2013-01-17 01:00:00+00:00,-1,-1.0000000000001135,SL,False
S2-09,shock_reversion,GBPUSD,2013-01-18 08:30:00+00:00,2013-01-18 08:45:00+00:00,2013-01-18 09:30:00+00:00,1,-0.9999999999999691,SL,False
S2-09,shock_reversion,GBPUSD,2013-01-20 22:15:00+00:00,2013-01-20 22:30:00+00:00,2013-01-20 22:30:00+00:00,1,-1.0000000000001574,SL,False
S2-09,shock_reversion,GBPUSD,2013-01-21 05:45:00+00:00,2013-01-21 06:00:00+00:00,2013-01-21 06:00:00+00:00,-1,-0.9999999999998437,SL,False
S2-09,shock_reversion,GBPUSD,2013-01-21 16:45:00+00:00,2013-01-21 17:00:00+00:00,2013-01-21 17:00:00+00:00,1,-1.0000000000000921,SL,False
S2-09,shock_reversion,GBPUSD,2013-01-22 04:00:00+00:00,2013-01-22 04:15:00+00:00,2013-01-22 04:15:00+00:00,-1,0.999999999999935,TP,False
S2-09,shock_reversion,GBPUSD,2013-01-22 19:45:00+00:00,2013-01-22 20:00:00+00:00,2013-01-22 20:00:00+00:00,1,-1.000000000000035,SL,False
S2-09,shock_reversion,GBPUSD,2013-01-24 06:30:00+00:00,2013-01-24 06:45:00+00:00,2013-01-24 06:45:00+00:00,-1,1.0,TP,False
S2-09,shock_reversion,GBPUSD,2013-01-24 07:45:00+00:00,2013-01-24 08:00:00+00:00,2013-01-24 08:00:00+00:00,1,-1.0,SL,False
S2-09,shock_reversion,GBPUSD,2013-01-24 08:15:00+00:00,2013-01-24 08:30:00+00:00,2013-01-24 08:30:00+00:00,-1,1.0000000000000364,TP,False
S2-09,shock_reversion,GBPUSD,2013-01-24 13:15:00+00:00,2013-01-24 13:30:00+00:00,2013-01-24 13:30:00+00:00,1,-1.0000000000000282,SL,False
S2-09,shock_reversion,GBPUSD,2013-01-25 07:00:00+00:00,2013-01-25 07:15:00+00:00,2013-01-25 07:30:00+00:00,-1,0.9999999999998888,TP,False
S2-09,shock_reversion,GBPUSD,2013-01-25 09:30:00+00:00,2013-01-25 09:45:00+00:00,2013-01-25 09:45:00+00:00,1,0.9999999999999372,TP,False
S2-09,shock_reversion,GBPUSD,2013-01-28 07:30:00+00:00,2013-01-28 07:45:00+00:00,2013-01-28 07:45:00+00:00,1,-1.0000000000001292,SL,False
S2-09,shock_reversion,GBPUSD,2013-01-30 19:15:00+00:00,2013-01-30 19:30:00+00:00,2013-01-30 19:30:00+00:00,-1,1.0,TP,False
S2-09,shock_reversion,GBPUSD,2013-01-31 05:30:00+00:00,2013-01-31 05:45:00+00:00,2013-01-31 05:45:00+00:00,-1,-0.9999999999999322,SL,False
S2-09,shock_reversion,GBPUSD,2013-02-03 21:45:00+00:00,2013-02-03 22:00:00+00:00,2013-02-03 22:00:00+00:00,1,-1.0,SL,True
S2-09,shock_reversion,GBPUSD,2013-02-03 22:00:00+00:00,2013-02-03 22:15:00+00:00,2013-02-03 22:15:00+00:00,-1,-0.9999999999995275,SL,False
S2-09,shock_reversion,GBPUSD,2013-02-03 22:15:00+00:00,2013-02-03 22:30:00+00:00,2013-02-03 22:30:00+00:00,-1,-1.000000000000339,SL,False
S2-09,shock_reversion,GBPUSD,2013-02-03 22:45:00+00:00,2013-02-03 23:00:00+00:00,2013-02-03 23:00:00+00:00,-1,-1.0000000000002467,SL,False
S2-09,shock_reversion,GBPUSD,2013-02-05 06:30:00+00:00,2013-02-05 06:45:00+00:00,2013-02-05 06:45:00+00:00,1,-1.0,SL,False
S2-09,shock_reversion,GBPUSD,2013-02-05 09:15:00+00:00,2013-02-05 09:30:00+00:00,2013-02-05 09:30:00+00:00,-1,1.0000000000000735,TP,False
S2-09,shock_reversion,GBPUSD,2013-02-05 15:45:00+00:00,2013-02-05 16:00:00+00:00,2013-02-05 16:00:00+00:00,1,-0.9999999999999438,SL,False
S2-09,shock_reversion,GBPUSD,2013-02-07 08:00:00+00:00,2013-02-07 08:15:00+00:00,2013-02-07 08:15:00+00:00,-1,-0.9999999999999608,SL,False
S2-09,shock_reversion,GBPUSD,2013-02-07 10:00:00+00:00,2013-02-07 10:15:00+00:00,2013-02-07 10:15:00+00:00,-1,1.0,TP,False
S2-09,shock_reversion,GBPUSD,2013-02-08 00:00:00+00:00,2013-02-08 00:15:00+00:00,2013-02-08 01:15:00+00:00,-1,1.0,TP,False
S2-09,shock_reversion,GBPUSD,2013-02-08 07:45:00+00:00,2013-02-08 08:00:00+00:00,2013-02-08 08:00:00+00:00,1,0.9999999999998972,TP,False
S2-09,shock_reversion,GBPUSD,2013-02-08 08:00:00+00:00,2013-02-08 08:15:00+00:00,2013-02-08 08:45:00+00:00,-1,1.000000000000129,TP,False
S2-09,shock_reversion,GBPUSD,2013-02-08 12:00:00+00:00,2013-02-08 12:15:00+00:00,2013-02-08 13:00:00+00:00,-1,-1.0000000000000164,SL,False
S2-09,shock_reversion,GBPUSD,2013-02-10 22:15:00+00:00,2013-02-10 22:30:00+00:00,2013-02-10 22:30:00+00:00,1,-1.0,SL,True
S2-09,shock_reversion,GBPUSD,2013-02-10 22:30:00+00:00,2013-02-10 22:45:00+00:00,2013-02-10 22:45:00+00:00,1,-1.0000000000002758,SL,True
S2-09,shock_reversion,GBPUSD,2013-02-10 22:45:00+00:00,2013-02-10 23:00:00+00:00,2013-02-10 23:00:00+00:00,1,-1.0000000000002751,SL,False
S2-09,shock_reversion,GBPUSD,2013-02-10 23:15:00+00:00,2013-02-10 23:30:00+00:00,2013-02-10 23:30:00+00:00,-1,1.0000000000000837,TP,False
S2-09,shock_reversion,GBPUSD,2013-02-11 06:00:00+00:00,2013-02-11 06:15:00+00:00,2013-02-11 06:15:00+00:00,-1,-1.0000000000001783,SL,False
S2-09,shock_reversion,GBPUSD,2013-02-11 06:45:00+00:00,2013-02-11 07:00:00+00:00,2013-02-11 07:00:00+00:00,1,-1.0000000000001836,SL,False
S2-09,shock_reversion,GBPUSD,2013-02-11 07:00:00+00:00,2013-02-11 07:15:00+00:00,2013-02-11 07:15:00+00:00,1,0.9999999999998966,TP,False
S2-09,shock_reversion,GBPUSD,2013-02-11 09:00:00+00:00,2013-02-11 09:15:00+00:00,2013-02-11 09:15:00+00:00,1,-1.0,SL,False
S2-09,shock_reversion,GBPUSD,2013-02-11 23:00:00+00:00,2013-02-11 23:15:00+00:00,2013-02-11 23:15:00+00:00,-1,1.000000000000094,TP,False
S2-09,shock_reversion,GBPUSD,2013-02-12 08:45:00+00:00,2013-02-12 09:00:00+00:00,2013-02-12 09:00:00+00:00,1,-1.000000000000055,SL,False
S2-09,shock_reversion,GBPUSD,2013-02-13 07:15:00+00:00,2013-02-13 07:30:00+00:00,2013-02-13 07:30:00+00:00,1,0.9999999999999141,TP,False
S2-09,shock_reversion,GBPUSD,2013-02-13 10:30:00+00:00,2013-02-13 10:45:00+00:00,2013-02-13 10:45:00+00:00,1,-0.9999999999999503,SL,False
S2-09,shock_reversion,GBPUSD,2013-02-13 22:00:00+00:00,2013-02-13 22:15:00+00:00,2013-02-13 23:30:00+00:00,1,-0.9999999999999378,SL,False
S2-09,shock_reversion,GBPUSD,2013-02-14 15:15:00+00:00,2013-02-14 15:30:00+00:00,2013-02-14 15:30:00+00:00,-1,-0.9999999999999412,SL,False
S2-09,shock_reversion,GBPUSD,2013-02-15 06:30:00+00:00,2013-02-15 06:45:00+00:00,2013-02-15 06:45:00+00:00,1,0.9999999999999466,TP,False
S2-09,shock_reversion,GBPUSD,2013-02-15 06:45:00+00:00,2013-02-15 07:00:00+00:00,2013-02-15 07:00:00+00:00,-1,-0.9999999999999095,SL,False
S2-09,shock_reversion,GBPUSD,2013-02-15 07:45:00+00:00,2013-02-15 08:00:00+00:00,2013-02-15 08:00:00+00:00,-1,-0.999999999999937,SL,False
S2-09,shock_reversion,GBPUSD,2013-02-15 09:30:00+00:00,2013-02-15 09:45:00+00:00,2013-02-15 09:45:00+00:00,1,-1.0,SL,False
S2-09,shock_reversion,GBPUSD,2013-02-17 22:00:00+00:00,2013-02-17 22:15:00+00:00,2013-02-17 22:15:00+00:00,1,-1.0000000000006886,SL,True
S2-09,shock_reversion,GBPUSD,2013-02-17 22:15:00+00:00,2013-02-17 22:30:00+00:00,2013-02-17 22:30:00+00:00,1,-1.0,SL,False
S2-09,shock_reversion,GBPUSD,2013-02-17 22:45:00+00:00,2013-02-17 23:00:00+00:00,2013-02-17 23:00:00+00:00,1,-1.0000000000003186,SL,True
S2-09,shock_reversion,GBPUSD,2013-02-17 23:30:00+00:00,2013-02-17 23:45:00+00:00,2013-02-17 23:45:00+00:00,1,-0.9999999999999423,SL,False
S2-09,shock_reversion,GBPUSD,2013-02-18 07:30:00+00:00,2013-02-18 07:45:00+00:00,2013-02-18 07:45:00+00:00,1,0.9999999999998997,TP,False
S2-09,shock_reversion,GBPUSD,2013-02-18 08:15:00+00:00,2013-02-18 08:30:00+00:00,2013-02-18 08:45:00+00:00,1,1.0000000000000604,TP,False
S2-09,shock_reversion,GBPUSD,2013-02-18 12:45:00+00:00,2013-02-18 13:00:00+00:00,2013-02-18 13:45:00+00:00,-1,0.9999999999999666,TP,False
S2-09,shock_reversion,GBPUSD,2013-02-19 06:15:00+00:00,2013-02-19 06:30:00+00:00,2013-02-19 06:30:00+00:00,-1,0.9999999999997092,TP,False
S2-09,shock_reversion,GBPUSD,2013-02-19 08:00:00+00:00,2013-02-19 08:15:00+00:00,2013-02-19 08:30:00+00:00,-1,-0.9999999999999535,SL,False
S2-09,shock_reversion,GBPUSD,2013-02-20 09:30:00+00:00,2013-02-20 09:45:00+00:00,2013-02-20 09:45:00+00:00,1,-1.0000000000000413,SL,False
S2-09,shock_reversion,GBPUSD,2013-02-20 19:00:00+00:00,2013-02-20 19:15:00+00:00,2013-02-20 19:45:00+00:00,1,0.9999999999999575,TP,False
S2-09,shock_reversion,GBPUSD,2013-02-21 05:15:00+00:00,2013-02-21 05:30:00+00:00,2013-02-21 05:30:00+00:00,1,-1.0,SL,False
S2-09,shock_reversion,GBPUSD,2013-02-21 14:45:00+00:00,2013-02-21 15:00:00+00:00,2013-02-21 15:00:00+00:00,1,1.000000000000022,TP,False
S2-09,shock_reversion,GBPUSD,2013-02-21 15:00:00+00:00,2013-02-21 15:15:00+00:00,2013-02-21 16:15:00+00:00,-1,-0.9999999999999808,SL,False
S2-09,shock_reversion,GBPUSD,2013-02-22 04:00:00+00:00,2013-02-22 04:15:00+00:00,2013-02-22 04:15:00+00:00,-1,-1.0000000000000273,SL,False
S2-09,shock_reversion,GBPUSD,2013-02-22 09:00:00+00:00,2013-02-22 09:15:00+00:00,2013-02-22 09:30:00+00:00,1,0.9999999999999738,TP,False
S2-09,shock_reversion,GBPUSD,2013-02-22 21:30:00+00:00,2013-02-22 21:45:00+00:00,2013-02-22 21:45:00+00:00,1,-2.776710437829611,FRIDAY,False
S2-09,shock_reversion,GBPUSD,2013-02-25 07:30:00+00:00,2013-02-25 07:45:00+00:00,2013-02-25 07:45:00+00:00,-1,0.9999999999999276,TP,False
S2-09,shock_reversion,GBPUSD,2013-02-26 03:45:00+00:00,2013-02-26 04:00:00+00:00,2013-02-26 04:30:00+00:00,-1,0.9999999999999655,TP,False
S2-09,shock_reversion,GBPUSD,2013-02-26 15:00:00+00:00,2013-02-26 15:15:00+00:00,2013-02-26 15:30:00+00:00,1,-1.0,SL,False
S2-09,shock_reversion,GBPUSD,2013-02-27 05:45:00+00:00,2013-02-27 06:00:00+00:00,2013-02-27 06:15:00+00:00,1,0.9999999999998581,TP,False
S2-09,shock_reversion,GBPUSD,2013-02-28 07:15:00+00:00,2013-02-28 08:00:00+00:00,2013-02-28 08:00:00+00:00,-1,-0.999999999999839,SL,False
S2-09,shock_reversion,GBPUSD,2013-03-01 09:15:00+00:00,2013-03-01 09:30:00+00:00,2013-03-01 09:30:00+00:00,1,-1.0000000000000717,SL,False
S2-09,shock_reversion,GBPUSD,2013-03-01 09:30:00+00:00,2013-03-01 09:45:00+00:00,2013-03-01 09:45:00+00:00,1,-0.9999999999999457,SL,False
S2-09,shock_reversion,GBPUSD,2013-03-03 22:00:00+00:00,2013-03-03 22:15:00+00:00,2013-03-03 22:15:00+00:00,1,-1.0,SL,False
S2-09,shock_reversion,GBPUSD,2013-03-03 22:15:00+00:00,2013-03-03 22:30:00+00:00,2013-03-03 22:30:00+00:00,1,-1.0,SL,True
S2-09,shock_reversion,GBPUSD,2013-03-04 09:30:00+00:00,2013-03-04 09:45:00+00:00,2013-03-04 10:00:00+00:00,1,1.0,TP,False
S2-09,shock_reversion,GBPUSD,2013-03-04 23:45:00+00:00,2013-03-05 00:00:00+00:00,2013-03-05 00:30:00+00:00,-1,-1.0,SL,False
S2-09,shock_reversion,GBPUSD,2013-03-05 08:00:00+00:00,2013-03-05 08:15:00+00:00,2013-03-05 08:15:00+00:00,-1,-1.0000000000000302,SL,False
S2-09,shock_reversion,GBPUSD,2013-03-05 09:15:00+00:00,2013-03-05 09:30:00+00:00,2013-03-05 09:30:00+00:00,-1,-0.9999999999999354,SL,False
S2-09,shock_reversion,GBPUSD,2013-03-05 09:30:00+00:00,2013-03-05 09:45:00+00:00,2013-03-05 10:00:00+00:00,-1,1.0000000000000369,TP,False
S2-09,shock_reversion,GBPUSD,2013-03-06 21:45:00+00:00,2013-03-06 22:00:00+00:00,2013-03-06 22:15:00+00:00,1,-1.000000000000148,SL,False
S2-09,shock_reversion,GBPUSD,2013-03-06 22:30:00+00:00,2013-03-06 22:45:00+00:00,2013-03-06 22:45:00+00:00,1,-0.9999999999999662,SL,False
S2-09,shock_reversion,GBPUSD,2013-03-07 12:00:00+00:00,2013-03-07 12:15:00+00:00,2013-03-07 12:15:00+00:00,-1,-0.9999999999999803,SL,False
S2-09,shock_reversion,GBPUSD,2013-03-08 04:30:00+00:00,2013-03-08 04:45:00+00:00,2013-03-08 04:45:00+00:00,1,-0.999999999999788,SL,False
S2-09,shock_reversion,GBPUSD,2013-03-08 13:30:00+00:00,2013-03-08 13:45:00+00:00,2013-03-08 14:00:00+00:00,1,-0.999999999999954,SL,False
S2-09,shock_reversion,GBPUSD,2013-03-10 21:00:00+00:00,2013-03-10 21:15:00+00:00,2013-03-10 21:15:00+00:00,1,-1.0000000000004725,SL,False
S2-09,shock_reversion,GBPUSD,2013-03-10 21:30:00+00:00,2013-03-10 21:45:00+00:00,2013-03-10 21:45:00+00:00,1,-1.0,SL,False
S2-09,shock_reversion,GBPUSD,2013-03-10 22:00:00+00:00,2013-03-10 22:15:00+00:00,2013-03-10 22:15:00+00:00,1,-0.9999999999993804,SL,False
S2-09,shock_reversion,GBPUSD,2013-03-10 22:15:00+00:00,2013-03-10 22:30:00+00:00,2013-03-10 22:30:00+00:00,1,1.0000000000001255,TP,False
S2-09,shock_reversion,GBPUSD,2013-03-11 00:00:00+00:00,2013-03-11 00:15:00+00:00,2013-03-11 00:45:00+00:00,-1,1.000000000000057,TP,False
S2-09,shock_reversion,GBPUSD,2013-03-12 09:30:00+00:00,2013-03-12 09:45:00+00:00,2013-03-12 10:45:00+00:00,1,1.0000000000000198,TP,False
S2-09,shock_reversion,GBPUSD,2013-03-13 02:00:00+00:00,2013-03-13 02:15:00+00:00,2013-03-13 03:15:00+00:00,-1,-1.0,SL,False
S2-09,shock_reversion,GBPUSD,2013-03-13 07:00:00+00:00,2013-03-13 07:15:00+00:00,2013-03-13 07:30:00+00:00,1,-1.0,SL,False
S2-09,shock_reversion,GBPUSD,2013-03-13 07:45:00+00:00,2013-03-13 08:00:00+00:00,2013-03-13 08:00:00+00:00,-1,0.9999999999998843,TP,False
S2-09,shock_reversion,GBPUSD,2013-03-13 13:30:00+00:00,2013-03-13 13:45:00+00:00,2013-03-13 17:30:00+00:00,1,0.5522171936030265,TIME,False
S2-09,shock_reversion,GBPUSD,2013-03-14 13:45:00+00:00,2013-03-14 14:00:00+00:00,2013-03-14 14:00:00+00:00,-1,-0.999999999999961,SL,False
S2-09,shock_reversion,GBPUSD,2013-03-15 07:00:00+00:00,2013-03-15 07:15:00+00:00,2013-03-15 07:15:00+00:00,-1,-0.9999999999998975,SL,False
S2-09,shock_reversion,GBPUSD,2013-03-17 21:00:00+00:00,2013-03-17 21:15:00+00:00,2013-03-17 21:15:00+00:00,-1,-1.0,SL,False
S2-09,shock_reversion,GBPUSD,2013-03-17 22:00:00+00:00,2013-03-17 22:15:00+00:00,2013-03-17 22:15:00+00:00,1,-0.9999999999999374,SL,False
S2-09,shock_reversion,GBPUSD,2013-03-18 00:00:00+00:00,2013-03-18 00:15:00+00:00,2013-03-18 00:15:00+00:00,1,0.9999999999999534,TP,False
S2-09,shock_reversion,GBPUSD,2013-03-18 08:30:00+00:00,2013-03-18 08:45:00+00:00,2013-03-18 08:45:00+00:00,-1,-1.0000000000000215,SL,False
S2-09,shock_reversion,GBPUSD,2013-03-19 00:30:00+00:00,2013-03-19 00:45:00+00:00,2013-03-19 00:45:00+00:00,-1,1.000000000000049,TP,False
S2-09,shock_reversion,GBPUSD,2013-03-19 14:15:00+00:00,2013-03-19 14:30:00+00:00,2013-03-19 14:30:00+00:00,1,0.9999999999999347,TP,False
S2-09,shock_reversion,GBPUSD,2013-03-20 07:00:00+00:00,2013-03-20 07:15:00+00:00,2013-03-20 07:15:00+00:00,-1,-1.0000000000000615,SL,False
S2-09,shock_reversion,GBPUSD,2013-03-20 07:30:00+00:00,2013-03-20 07:45:00+00:00,2013-03-20 07:45:00+00:00,-1,1.0,TP,False
S2-09,shock_reversion,GBPUSD,2013-03-20 08:30:00+00:00,2013-03-20 08:45:00+00:00,2013-03-20 08:45:00+00:00,1,-0.9999999999999755,SL,False
S2-09,shock_reversion,GBPUSD,2013-03-20 09:30:00+00:00,2013-03-20 09:45:00+00:00,2013-03-20 10:15:00+00:00,-1,-1.0,SL,False
S2-09,shock_reversion,GBPUSD,2013-03-20 12:45:00+00:00,2013-03-20 13:00:00+00:00,2013-03-20 14:15:00+00:00,-1,-1.0000000000000202,SL,False
S2-09,shock_reversion,GBPUSD,2013-03-20 18:00:00+00:00,2013-03-20 18:15:00+00:00,2013-03-20 18:15:00+00:00,1,0.9999999999999766,TP,False
S2-09,shock_reversion,GBPUSD,2013-03-21 07:00:00+00:00,2013-03-21 07:15:00+00:00,2013-03-21 07:15:00+00:00,-1,-0.9999999999998044,SL,False
S2-09,shock_reversion,GBPUSD,2013-03-21 08:30:00+00:00,2013-03-21 08:45:00+00:00,2013-03-21 08:45:00+00:00,-1,1.0000000000000697,TP,False
S2-09,shock_reversion,GBPUSD,2013-03-21 09:30:00+00:00,2013-03-21 09:45:00+00:00,2013-03-21 11:00:00+00:00,-1,-1.0,SL,False
S2-09,shock_reversion,GBPUSD,2013-03-22 09:30:00+00:00,2013-03-22 09:45:00+00:00,2013-03-22 09:45:00+00:00,-1,-0.9999999999999702,SL,False
S2-09,shock_reversion,GBPUSD,2013-03-22 14:00:00+00:00,2013-03-22 14:15:00+00:00,2013-03-22 14:15:00+00:00,-1,-0.9999999999999142,SL,False
S2-09,shock_reversion,GBPUSD,2013-03-22 17:00:00+00:00,2013-03-22 17:15:00+00:00,2013-03-22 17:15:00+00:00,1,0.3136845218502989,FRIDAY,False
S2-09,shock_reversion,GBPUSD,2013-03-24 21:00:00+00:00,2013-03-24 21:15:00+00:00,2013-03-24 21:15:00+00:00,-1,-0.9999999999980259,SL,False
S2-09,shock_reversion,GBPUSD,2013-03-24 21:15:00+00:00,2013-03-24 21:30:00+00:00,2013-03-24 21:30:00+00:00,-1,-0.9999999999991291,SL,False
S2-09,shock_reversion,GBPUSD,2013-03-24 22:00:00+00:00,2013-03-24 22:15:00+00:00,2013-03-24 22:15:00+00:00,-1,-1.000000000000138,SL,True
S2-09,shock_reversion,GBPUSD,2013-03-24 23:30:00+00:00,2013-03-24 23:45:00+00:00,2013-03-24 23:45:00+00:00,-1,-1.0,SL,True
S2-09,shock_reversion,GBPUSD,2013-03-25 08:00:00+00:00,2013-03-25 08:15:00+00:00,2013-03-25 08:15:00+00:00,1,1.0000000000001024,TP,False
S2-09,shock_reversion,GBPUSD,2013-03-25 14:30:00+00:00,2013-03-25 14:45:00+00:00,2013-03-25 14:45:00+00:00,1,0.9999999999999352,TP,False
S2-09,shock_reversion,GBPUSD,2013-03-27 07:30:00+00:00,2013-03-27 07:45:00+00:00,2013-03-27 07:45:00+00:00,1,-0.9999999999998853,SL,False
S2-09,shock_reversion,GBPUSD,2013-03-27 08:00:00+00:00,2013-03-27 08:15:00+00:00,2013-03-27 09:00:00+00:00,-1,-0.9999999999999184,SL,False
S2-09,shock_reversion,GBPUSD,2013-03-27 09:30:00+00:00,2013-03-27 09:45:00+00:00,2013-03-27 10:15:00+00:00,1,-0.9999999999999531,SL,False
S2-09,shock_reversion,GBPUSD,2013-03-28 06:45:00+00:00,2013-03-28 07:00:00+00:00,2013-03-28 07:00:00+00:00,-1,-1.0000000000000768,SL,False
S2-09,shock_reversion,GBPUSD,2013-03-28 07:00:00+00:00,2013-03-28 07:15:00+00:00,2013-03-28 07:30:00+00:00,-1,1.0000000000001097,TP,False
S2-09,shock_reversion,GBPUSD,2013-03-28 10:45:00+00:00,2013-03-28 11:00:00+00:00,2013-03-28 12:00:00+00:00,1,0.9999999999999599,TP,False
S2-09,shock_reversion,GBPUSD,2013-03-29 00:30:00+00:00,2013-03-29 00:45:00+00:00,2013-03-29 00:45:00+00:00,-1,-0.9999999999999604,SL,False
S2-09,shock_reversion,GBPUSD,2013-03-29 05:45:00+00:00,2013-03-29 06:00:00+00:00,2013-03-29 06:00:00+00:00,1,-0.9999999999998276,SL,True
S2-09,shock_reversion,GBPUSD,2013-03-29 06:15:00+00:00,2013-03-29 06:30:00+00:00,2013-03-29 06:30:00+00:00,1,-1.0000000000001645,SL,False
S2-09,shock_reversion,GBPUSD,2013-03-29 13:00:00+00:00,2013-03-29 13:15:00+00:00,2013-03-29 13:15:00+00:00,-1,1.0000000000001124,TP,False
S2-09,shock_reversion,GBPUSD,2013-03-31 21:45:00+00:00,2013-03-31 22:00:00+00:00,2013-03-31 22:00:00+00:00,-1,-0.9999999999993889,SL,False
S2-09,shock_reversion,GBPUSD,2013-03-31 22:00:00+00:00,2013-03-31 22:15:00+00:00,2013-03-31 22:15:00+00:00,-1,-0.9999999999995259,SL,True
S2-09,shock_reversion,GBPUSD,2013-03-31 22:15:00+00:00,2013-03-31 22:30:00+00:00,2013-03-31 22:30:00+00:00,1,-1.0000000000002265,SL,False
S2-09,shock_reversion,GBPUSD,2013-04-01 14:00:00+00:00,2013-04-01 14:15:00+00:00,2013-04-01 14:15:00+00:00,-1,0.9999999999998808,TP,False
S2-09,shock_reversion,GBPUSD,2013-04-02 00:00:00+00:00,2013-04-02 00:15:00+00:00,2013-04-02 00:15:00+00:00,-1,1.0000000000001772,TP,False
S2-09,shock_reversion,GBPUSD,2013-04-02 00:30:00+00:00,2013-04-02 00:45:00+00:00,2013-04-02 01:30:00+00:00,-1,-0.9999999999999246,SL,False
S2-09,shock_reversion,GBPUSD,2013-04-02 08:00:00+00:00,2013-04-02 08:15:00+00:00,2013-04-02 08:15:00+00:00,1,0.9999999999999314,TP,False
S2-09,shock_reversion,GBPUSD,2013-04-03 00:45:00+00:00,2013-04-03 01:00:00+00:00,2013-04-03 01:00:00+00:00,1,-1.0000000000001423,SL,False
S2-09,shock_reversion,GBPUSD,2013-04-03 06:00:00+00:00,2013-04-03 06:15:00+00:00,2013-04-03 06:15:00+00:00,1,1.0000000000002265,TP,False
S2-09,shock_reversion,GBPUSD,2013-04-03 06:45:00+00:00,2013-04-03 07:00:00+00:00,2013-04-03 07:00:00+00:00,-1,-0.9999999999998939,SL,True
S2-09,shock_reversion,GBPUSD,2013-04-04 04:30:00+00:00,2013-04-04 04:45:00+00:00,2013-04-04 04:45:00+00:00,1,-0.9999999999998557,SL,False
S2-09,shock_reversion,GBPUSD,2013-04-04 04:45:00+00:00,2013-04-04 05:00:00+00:00,2013-04-04 05:00:00+00:00,1,-1.0000000000001703,SL,True
S2-09,shock_reversion,GBPUSD,2013-04-04 07:00:00+00:00,2013-04-04 07:15:00+00:00,2013-04-04 07:45:00+00:00,1,-0.9999999999999464,SL,False
S2-09,shock_reversion,GBPUSD,2013-04-05 12:30:00+00:00,2013-04-05 12:45:00+00:00,2013-04-05 12:45:00+00:00,-1,-0.9999999999999808,SL,False
S2-09,shock_reversion,GBPUSD,2013-04-07 22:00:00+00:00,2013-04-07 22:15:00+00:00,2013-04-07 22:15:00+00:00,-1,-1.0,SL,False
S2-09,shock_reversion,GBPUSD,2013-04-08 07:30:00+00:00,2013-04-08 07:45:00+00:00,2013-04-08 08:00:00+00:00,1,-0.9999999999998925,SL,False
S2-09,shock_reversion,GBPUSD,2013-04-09 00:00:00+00:00,2013-04-09 00:15:00+00:00,2013-04-09 01:00:00+00:00,-1,-0.9999999999999507,SL,False
S2-09,shock_reversion,GBPUSD,2013-04-10 02:00:00+00:00,2013-04-10 02:15:00+00:00,2013-04-10 02:45:00+00:00,-1,-1.0000000000000568,SL,False
S2-09,shock_reversion,GBPUSD,2013-04-10 05:15:00+00:00,2013-04-10 05:30:00+00:00,2013-04-10 05:45:00+00:00,1,1.000000000000174,TP,False
S2-09,shock_reversion,GBPUSD,2013-04-10 12:00:00+00:00,2013-04-10 12:15:00+00:00,2013-04-10 13:00:00+00:00,1,1.0,TP,False
S2-09,shock_reversion,GBPUSD,2013-04-11 07:30:00+00:00,2013-04-11 07:45:00+00:00,2013-04-11 07:45:00+00:00,-1,-0.9999999999998372,SL,False
S2-09,shock_reversion,GBPUSD,2013-04-11 07:45:00+00:00,2013-04-11 08:00:00+00:00,2013-04-11 08:15:00+00:00,-1,-1.000000000000089,SL,False
S2-09,shock_reversion,GBPUSD,2013-04-12 00:00:00+00:00,2013-04-12 00:15:00+00:00,2013-04-12 00:15:00+00:00,1,0.999999999999815,TP,False
S2-09,shock_reversion,GBPUSD,2013-04-12 00:15:00+00:00,2013-04-12 00:30:00+00:00,2013-04-12 00:45:00+00:00,-1,1.0,TP,False
S2-09,shock_reversion,GBPUSD,2013-04-14 21:00:00+00:00,2013-04-14 21:15:00+00:00,2013-04-14 21:15:00+00:00,-1,-1.0000000000013458,SL,False
S2-09,shock_reversion,GBPUSD,2013-04-14 22:00:00+00:00,2013-04-14 22:15:00+00:00,2013-04-14 22:15:00+00:00,-1,-1.0000000000001341,SL,False
S2-09,shock_reversion,GBPUSD,2013-04-15 00:45:00+00:00,2013-04-15 01:00:00+00:00,2013-04-15 01:15:00+00:00,-1,-1.0000000000000497,SL,False
S2-09,shock_reversion,GBPUSD,2013-04-15 02:00:00+00:00,2013-04-15 02:15:00+00:00,2013-04-15 02:30:00+00:00,1,-1.0000000000001215,SL,False
S2-09,shock_reversion,GBPUSD,2013-04-15 02:30:00+00:00,2013-04-15 02:45:00+00:00,2013-04-15 04:00:00+00:00,1,0.9999999999999071,TP,False
S2-09,shock_reversion,GBPUSD,2013-04-15 18:15:00+00:00,2013-04-15 18:30:00+00:00,2013-04-15 18:30:00+00:00,1,1.0000000000000788,TP,False
S2-09,shock_reversion,GBPUSD,2013-04-16 16:00:00+00:00,2013-04-16 16:15:00+00:00,2013-04-16 16:15:00+00:00,-1,-0.9999999999999496,SL,False
S2-09,shock_reversion,GBPUSD,2013-04-17 06:00:00+00:00,2013-04-17 06:15:00+00:00,2013-04-17 06:30:00+00:00,1,0.9999999999999492,TP,False
S2-09,shock_reversion,GBPUSD,2013-04-18 07:00:00+00:00,2013-04-18 07:15:00+00:00,2013-04-18 07:15:00+00:00,1,1.0000000000001286,TP,False
S2-09,shock_reversion,GBPUSD,2013-04-19 06:30:00+00:00,2013-04-19 06:45:00+00:00,2013-04-19 06:45:00+00:00,-1,-1.0000000000000493,SL,True
S2-09,shock_reversion,GBPUSD,2013-04-21 21:00:00+00:00,2013-04-21 21:15:00+00:00,2013-04-21 21:15:00+00:00,1,-1.000000000001251,SL,False
S2-09,shock_reversion,GBPUSD,2013-04-21 21:15:00+00:00,2013-04-21 21:30:00+00:00,2013-04-21 21:30:00+00:00,-1,-1.0000000000004488,SL,False
S2-09,shock_reversion,GBPUSD,2013-04-21 21:30:00+00:00,2013-04-21 21:45:00+00:00,2013-04-21 21:45:00+00:00,-1,-0.9999999999997039,SL,False
S2-09,shock_reversion,GBPUSD,2013-04-21 21:45:00+00:00,2013-04-21 22:00:00+00:00,2013-04-21 22:00:00+00:00,-1,-1.0000000000005818,SL,False
S2-09,shock_reversion,GBPUSD,2013-04-22 00:45:00+00:00,2013-04-22 01:00:00+00:00,2013-04-22 01:15:00+00:00,1,0.9999999999998779,TP,False
S2-09,shock_reversion,GBPUSD,2013-04-22 01:15:00+00:00,2013-04-22 01:30:00+00:00,2013-04-22 01:30:00+00:00,-1,-0.9999999999998596,SL,False
S2-09,shock_reversion,GBPUSD,2013-04-22 05:45:00+00:00,2013-04-22 06:00:00+00:00,2013-04-22 06:00:00+00:00,-1,0.9999999999999446,TP,False
S2-09,shock_reversion,GBPUSD,2013-04-22 06:00:00+00:00,2013-04-22 06:15:00+00:00,2013-04-22 06:30:00+00:00,1,-1.0000000000000473,SL,False
S2-09,shock_reversion,GBPUSD,2013-04-23 01:45:00+00:00,2013-04-23 02:00:00+00:00,2013-04-23 02:00:00+00:00,1,-1.000000000000171,SL,False
S2-09,shock_reversion,GBPUSD,2013-04-23 07:15:00+00:00,2013-04-23 07:30:00+00:00,2013-04-23 07:30:00+00:00,1,-0.9999999999998929,SL,False
S2-09,shock_reversion,GBPUSD,2013-04-24 06:00:00+00:00,2013-04-24 06:15:00+00:00,2013-04-24 06:15:00+00:00,1,1.0000000000000446,TP,False
S2-09,shock_reversion,GBPUSD,2013-04-25 01:00:00+00:00,2013-04-25 01:15:00+00:00,2013-04-25 01:15:00+00:00,-1,-1.0000000000001228,SL,False
S2-09,shock_reversion,GBPUSD,2013-04-25 08:30:00+00:00,2013-04-25 08:45:00+00:00,2013-04-25 08:45:00+00:00,-1,-0.9999999999999489,SL,False
S2-09,shock_reversion,GBPUSD,2013-04-28 21:15:00+00:00,2013-04-28 21:30:00+00:00,2013-04-28 21:30:00+00:00,-1,-1.0,SL,True
S2-09,shock_reversion,GBPUSD,2013-04-30 01:30:00+00:00,2013-04-30 01:45:00+00:00,2013-04-30 01:45:00+00:00,1,1.0000000000001403,TP,False
S2-09,shock_reversion,GBPUSD,2013-04-30 05:15:00+00:00,2013-04-30 05:30:00+00:00,2013-04-30 05:30:00+00:00,-1,-0.9999999999999264,SL,False
S2-09,shock_reversion,GBPUSD,2013-04-30 07:00:00+00:00,2013-04-30 07:15:00+00:00,2013-04-30 07:15:00+00:00,1,0.9999999999998767,TP,False
S2-09,shock_reversion,GBPUSD,2013-05-01 01:00:00+00:00,2013-05-01 01:15:00+00:00,2013-05-01 03:45:00+00:00,1,-1.0000000000001705,SL,False
S2-09,shock_reversion,GBPUSD,2013-05-01 08:15:00+00:00,2013-05-01 08:30:00+00:00,2013-05-01 08:30:00+00:00,-1,-1.0000000000000617,SL,False
S2-09,shock_reversion,GBPUSD,2013-05-01 18:00:00+00:00,2013-05-01 18:15:00+00:00,2013-05-01 18:45:00+00:00,-1,1.0000000000000222,TP,False
S2-09,shock_reversion,GBPUSD,2013-05-02 06:30:00+00:00,2013-05-02 06:45:00+00:00,2013-05-02 07:00:00+00:00,-1,1.0000000000000961,TP,False
S2-09,shock_reversion,GBPUSD,2013-05-02 11:45:00+00:00,2013-05-02 12:00:00+00:00,2013-05-02 12:30:00+00:00,-1,1.0000000000000753,TP,False
S2-09,shock_reversion,GBPUSD,2013-05-02 21:00:00+00:00,2013-05-02 21:15:00+00:00,2013-05-03 00:15:00+00:00,1,1.0000000000001703,TP,False
S2-09,shock_reversion,GBPUSD,2013-05-03 06:30:00+00:00,2013-05-03 06:45:00+00:00,2013-05-03 06:45:00+00:00,-1,-1.000000000000117,SL,False
S2-09,shock_reversion,GBPUSD,2013-05-03 08:15:00+00:00,2013-05-03 08:30:00+00:00,2013-05-03 08:30:00+00:00,-1,-0.9999999999999313,SL,False
S2-09,shock_reversion,GBPUSD,2013-05-03 12:30:00+00:00,2013-05-03 12:45:00+00:00,2013-05-03 12:45:00+00:00,1,0.9999999999999368,TP,False
S2-09,shock_reversion,GBPUSD,2013-05-05 21:00:00+00:00,2013-05-05 21:15:00+00:00,2013-05-05 21:15:00+00:00,1,-1.0,SL,False
S2-09,shock_reversion,GBPUSD,2013-05-05 21:15:00+00:00,2013-05-05 21:30:00+00:00,2013-05-05 21:30:00+00:00,1,-1.0000000000008276,SL,False
S2-09,shock_reversion,GBPUSD,2013-05-05 21:30:00+00:00,2013-05-05 21:45:00+00:00,2013-05-05 21:45:00+00:00,1,-0.9999999999996187,SL,False
S2-09,shock_reversion,GBPUSD,2013-05-05 22:00:00+00:00,2013-05-05 22:15:00+00:00,2013-05-05 22:15:00+00:00,1,-0.9999999999997871,SL,False
S2-09,shock_reversion,GBPUSD,2013-05-06 14:15:00+00:00,2013-05-06 14:30:00+00:00,2013-05-06 14:45:00+00:00,1,-1.0000000000000413,SL,False
S2-09,shock_reversion,GBPUSD,2013-05-07 06:00:00+00:00,2013-05-07 06:15:00+00:00,2013-05-07 06:15:00+00:00,1,0.999999999999837,TP,False
S2-09,shock_reversion,GBPUSD,2013-05-07 14:00:00+00:00,2013-05-07 14:15:00+00:00,2013-05-07 14:30:00+00:00,1,-1.0,SL,False
S2-09,shock_reversion,GBPUSD,2013-05-08 06:00:00+00:00,2013-05-08 06:15:00+00:00,2013-05-08 06:15:00+00:00,-1,-0.999999999999834,SL,False
S2-09,shock_reversion,GBPUSD,2013-05-09 08:30:00+00:00,2013-05-09 08:45:00+00:00,2013-05-09 08:45:00+00:00,-1,1.0000000000001097,TP,False
S2-09,shock_reversion,GBPUSD,2013-05-09 18:00:00+00:00,2013-05-09 18:15:00+00:00,2013-05-09 18:15:00+00:00,1,-0.9999999999999393,SL,False
S2-09,shock_reversion,GBPUSD,2013-05-10 06:00:00+00:00,2013-05-10 06:15:00+00:00,2013-05-10 06:30:00+00:00,1,1.0000000000001512,TP,False
S2-09,shock_reversion,GBPUSD,2013-05-10 07:15:00+00:00,2013-05-10 07:30:00+00:00,2013-05-10 07:30:00+00:00,1,0.9999999999998966,TP,False
S2-09,shock_reversion,GBPUSD,2013-05-12 21:30:00+00:00,2013-05-12 21:45:00+00:00,2013-05-12 21:45:00+00:00,1,-0.9999999999997019,SL,False
S2-09,shock_reversion,GBPUSD,2013-05-12 23:15:00+00:00,2013-05-12 23:30:00+00:00,2013-05-12 23:30:00+00:00,1,-0.9999999999997399,SL,False
S2-09,shock_reversion,GBPUSD,2013-05-13 12:30:00+00:00,2013-05-13 12:45:00+00:00,2013-05-13 13:00:00+00:00,1,0.9999999999999131,TP,False
S2-09,shock_reversion,GBPUSD,2013-05-13 15:00:00+00:00,2013-05-13 15:15:00+00:00,2013-05-13 15:15:00+00:00,1,-0.9999999999999345,SL,False
S2-09,shock_reversion,GBPUSD,2013-05-14 00:15:00+00:00,2013-05-14 00:30:00+00:00,2013-05-14 00:30:00+00:00,-1,-0.9999999999998703,SL,False
S2-09,shock_reversion,GBPUSD,2013-05-14 00:30:00+00:00,2013-05-14 00:45:00+00:00,2013-05-14 01:00:00+00:00,-1,1.0,TP,False
S2-09,shock_reversion,GBPUSD,2013-05-15 06:00:00+00:00,2013-05-15 06:15:00+00:00,2013-05-15 06:30:00+00:00,1,-0.9999999999999106,SL,False
S2-09,shock_reversion,GBPUSD,2013-05-15 09:30:00+00:00,2013-05-15 09:45:00+00:00,2013-05-15 09:45:00+00:00,-1,-1.0,SL,False
S2-09,shock_reversion,GBPUSD,2013-05-16 12:30:00+00:00,2013-05-16 12:45:00+00:00,2013-05-16 12:45:00+00:00,-1,1.0000000000000235,TP,False
S2-09,shock_reversion,GBPUSD,2013-05-16 19:00:00+00:00,2013-05-16 19:15:00+00:00,2013-05-16 19:30:00+00:00,1,-1.0,SL,False
S2-09,shock_reversion,GBPUSD,2013-05-17 01:00:00+00:00,2013-05-17 01:15:00+00:00,2013-05-17 01:15:00+00:00,1,-1.0000000000000906,SL,False
S2-09,shock_reversion,GBPUSD,2013-05-19 21:15:00+00:00,2013-05-19 21:30:00+00:00,2013-05-19 21:30:00+00:00,-1,-1.00000000000045,SL,False
S2-09,shock_reversion,GBPUSD,2013-05-19 21:30:00+00:00,2013-05-19 21:45:00+00:00,2013-05-19 21:45:00+00:00,-1,-1.0000000000001086,SL,False
S2-09,shock_reversion,GBPUSD,2013-05-19 22:45:00+00:00,2013-05-19 23:00:00+00:00,2013-05-19 23:15:00+00:00,1,1.0000000000001006,TP,False
S2-09,shock_reversion,GBPUSD,2013-05-21 08:30:00+00:00,2013-05-21 08:45:00+00:00,2013-05-21 08:45:00+00:00,1,-1.0000000000000577,SL,False
S2-09,shock_reversion,GBPUSD,2013-05-22 00:00:00+00:00,2013-05-22 00:15:00+00:00,2013-05-22 00:15:00+00:00,-1,-1.0,SL,False
S2-09,shock_reversion,GBPUSD,2013-05-22 00:30:00+00:00,2013-05-22 00:45:00+00:00,2013-05-22 00:45:00+00:00,1,0.9999999999999525,TP,False
S2-09,shock_reversion,GBPUSD,2013-05-22 08:30:00+00:00,2013-05-22 08:45:00+00:00,2013-05-22 12:30:00+00:00,1,-0.4930267269928635,TIME,False
S2-09,shock_reversion,GBPUSD,2013-05-22 14:00:00+00:00,2013-05-22 14:15:00+00:00,2013-05-22 14:15:00+00:00,-1,1.000000000000039,TP,False
S2-09,shock_reversion,GBPUSD,2013-05-22 14:15:00+00:00,2013-05-22 14:30:00+00:00,2013-05-22 14:30:00+00:00,1,-0.9999999999999837,SL,False
S2-09,shock_reversion,GBPUSD,2013-05-23 05:45:00+00:00,2013-05-23 06:00:00+00:00,2013-05-23 06:15:00+00:00,1,1.0000000000001166,TP,False
S2-09,shock_reversion,GBPUSD,2013-05-24 00:15:00+00:00,2013-05-24 00:30:00+00:00,2013-05-24 00:30:00+00:00,1,1.0,TP,False
S2-09,shock_reversion,GBPUSD,2013-05-24 04:15:00+00:00,2013-05-24 04:30:00+00:00,2013-05-24 04:45:00+00:00,-1,0.9999999999999607,TP,False
S2-09,shock_reversion,GBPUSD,2013-05-26 21:00:00+00:00,2013-05-26 21:15:00+00:00,2013-05-26 21:15:00+00:00,-1,-1.0000000000006832,SL,False
S2-09,shock_reversion,GBPUSD,2013-05-26 21:15:00+00:00,2013-05-26 21:30:00+00:00,2013-05-26 21:30:00+00:00,-1,-1.0000000000008276,SL,False
S2-09,shock_reversion,GBPUSD,2013-05-27 10:00:00+00:00,2013-05-27 10:15:00+00:00,2013-05-27 10:45:00+00:00,1,-0.9999999999999184,SL,False
S2-09,shock_reversion,GBPUSD,2013-05-27 21:15:00+00:00,2013-05-27 21:30:00+00:00,2013-05-27 21:30:00+00:00,-1,-0.9999999999999544,SL,False
S2-09,shock_reversion,GBPUSD,2013-05-28 00:00:00+00:00,2013-05-28 00:15:00+00:00,2013-05-28 00:45:00+00:00,1,-1.0000000000000848,SL,False
S2-09,shock_reversion,GBPUSD,2013-05-28 14:00:00+00:00,2013-05-28 14:15:00+00:00,2013-05-28 14:15:00+00:00,1,-1.00000000000005,SL,False
S2-09,shock_reversion,GBPUSD,2013-05-29 10:45:00+00:00,2013-05-29 11:00:00+00:00,2013-05-29 11:00:00+00:00,-1,-1.0000000000000238,SL,False
S2-09,shock_reversion,GBPUSD,2013-05-29 11:00:00+00:00,2013-05-29 11:15:00+00:00,2013-05-29 11:45:00+00:00,-1,-1.0,SL,False
S2-09,shock_reversion,GBPUSD,2013-05-30 05:00:00+00:00,2013-05-30 05:15:00+00:00,2013-05-30 05:30:00+00:00,-1,-0.9999999999999137,SL,False
S2-09,shock_reversion,GBPUSD,2013-06-03 06:30:00+00:00,2013-06-03 06:45:00+00:00,2013-06-03 06:45:00+00:00,-1,-1.0000000000001306,SL,False
S2-09,shock_reversion,GBPUSD,2013-06-03 14:00:00+00:00,2013-06-03 14:15:00+00:00,2013-06-03 14:45:00+00:00,-1,-0.9999999999999771,SL,False
S2-09,shock_reversion,GBPUSD,2013-06-05 12:15:00+00:00,2013-06-05 12:30:00+00:00,2013-06-05 12:45:00+00:00,-1,0.9999999999999243,TP,False
S2-09,shock_reversion,GBPUSD,2013-06-05 14:00:00+00:00,2013-06-05 14:15:00+00:00,2013-06-05 14:45:00+00:00,-1,-1.0,SL,False
S2-09,shock_reversion,GBPUSD,2013-06-06 15:45:00+00:00,2013-06-06 16:00:00+00:00,2013-06-06 16:15:00+00:00,-1,-1.0000000000000404,SL,False
S2-09,shock_reversion,GBPUSD,2013-06-06 16:15:00+00:00,2013-06-06 16:30:00+00:00,2013-06-06 17:00:00+00:00,-1,1.0000000000000344,TP,False
S2-09,shock_reversion,GBPUSD,2013-06-07 12:30:00+00:00,2013-06-07 12:45:00+00:00,2013-06-07 12:45:00+00:00,1,-1.0000000000000187,SL,True
S2-09,shock_reversion,GBPUSD,2013-06-09 21:00:00+00:00,2013-06-09 21:15:00+00:00,2013-06-09 21:15:00+00:00,1,-0.9999999999997896,SL,False
S2-09,shock_reversion,GBPUSD,2013-06-09 21:15:00+00:00,2013-06-09 21:30:00+00:00,2013-06-09 21:30:00+00:00,1,-1.0000000000000842,SL,False
S2-09,shock_reversion,GBPUSD,2013-06-10 12:45:00+00:00,2013-06-10 13:00:00+00:00,2013-06-10 13:00:00+00:00,1,-1.000000000000029,SL,False
S2-09,shock_reversion,GBPUSD,2013-06-11 02:45:00+00:00,2013-06-11 03:00:00+00:00,2013-06-11 03:00:00+00:00,-1,-1.0000000000000369,SL,False
S2-09,shock_reversion,GBPUSD,2013-06-11 07:45:00+00:00,2013-06-11 08:00:00+00:00,2013-06-11 08:15:00+00:00,1,-0.9999999999999062,SL,True
S2-09,shock_reversion,GBPUSD,2013-06-12 06:15:00+00:00,2013-06-12 06:30:00+00:00,2013-06-12 06:30:00+00:00,-1,1.0000000000001754,TP,False
S2-09,shock_reversion,GBPUSD,2013-06-12 08:30:00+00:00,2013-06-12 08:45:00+00:00,2013-06-12 08:45:00+00:00,-1,-1.0000000000000764,SL,False
S2-09,shock_reversion,GBPUSD,2013-06-13 00:15:00+00:00,2013-06-13 00:30:00+00:00,2013-06-13 00:30:00+00:00,-1,1.000000000000047,TP,False
S2-09,shock_reversion,GBPUSD,2013-06-13 06:00:00+00:00,2013-06-13 06:15:00+00:00,2013-06-13 06:15:00+00:00,-1,-1.0000000000000537,SL,True
S2-09,shock_reversion,GBPUSD,2013-06-13 15:00:00+00:00,2013-06-13 15:15:00+00:00,2013-06-13 15:30:00+00:00,-1,1.0000000000000335,TP,False
S2-09,shock_reversion,GBPUSD,2013-06-16 21:00:00+00:00,2013-06-16 21:15:00+00:00,2013-06-16 21:15:00+00:00,-1,-1.0000000000003582,SL,False
S2-09,shock_reversion,GBPUSD,2013-06-17 07:00:00+00:00,2013-06-17 07:15:00+00:00,2013-06-17 07:30:00+00:00,-1,-0.9999999999998199,SL,False
S2-09,shock_reversion,GBPUSD,2013-06-17 19:15:00+00:00,2013-06-17 19:30:00+00:00,2013-06-17 19:30:00+00:00,-1,-1.0000000000001008,SL,False
S2-09,shock_reversion,GBPUSD,2013-06-18 05:45:00+00:00,2013-06-18 06:00:00+00:00,2013-06-18 06:00:00+00:00,1,-0.9999999999997883,SL,False
S2-09,shock_reversion,GBPUSD,2013-06-18 06:15:00+00:00,2013-06-18 06:30:00+00:00,2013-06-18 06:30:00+00:00,1,-1.0,SL,False
S2-09,shock_reversion,GBPUSD,2013-06-18 07:45:00+00:00,2013-06-18 08:00:00+00:00,2013-06-18 08:00:00+00:00,-1,-1.0000000000000318,SL,True
S2-09,shock_reversion,GBPUSD,2013-06-18 08:00:00+00:00,2013-06-18 08:15:00+00:00,2013-06-18 08:15:00+00:00,1,1.000000000000025,TP,False
S2-09,shock_reversion,GBPUSD,2013-06-18 12:30:00+00:00,2013-06-18 12:45:00+00:00,2013-06-18 12:45:00+00:00,1,-1.0000000000000555,SL,False
S2-09,shock_reversion,GBPUSD,2013-06-19 06:30:00+00:00,2013-06-19 06:45:00+00:00,2013-06-19 06:45:00+00:00,-1,1.0000000000001437,TP,False
S2-09,shock_reversion,GBPUSD,2013-06-19 08:30:00+00:00,2013-06-19 08:45:00+00:00,2013-06-19 08:45:00+00:00,1,-0.99999999999995,SL,False
S2-09,shock_reversion,GBPUSD,2013-06-19 18:00:00+00:00,2013-06-19 18:15:00+00:00,2013-06-19 18:15:00+00:00,1,-0.9999999999999595,SL,False
S2-09,shock_reversion,GBPUSD,2013-06-19 18:15:00+00:00,2013-06-19 18:30:00+00:00,2013-06-19 18:30:00+00:00,1,-1.000000000000051,SL,False
S2-09,shock_reversion,GBPUSD,2013-06-20 20:30:00+00:00,2013-06-20 20:45:00+00:00,2013-06-20 21:00:00+00:00,-1,1.0000000000000957,TP,False
S2-09,shock_reversion,GBPUSD,2013-06-21 06:00:00+00:00,2013-06-21 06:15:00+00:00,2013-06-21 06:45:00+00:00,-1,0.9999999999999377,TP,False
S2-09,shock_reversion,GBPUSD,2013-06-21 07:15:00+00:00,2013-06-21 07:30:00+00:00,2013-06-21 08:45:00+00:00,1,1.0000000000000226,TP,False
S2-09,shock_reversion,GBPUSD,2013-06-23 20:45:00+00:00,2013-06-23 21:00:00+00:00,2013-06-23 21:00:00+00:00,1,-1.0,SL,True
S2-09,shock_reversion,GBPUSD,2013-06-24 12:30:00+00:00,2013-06-24 12:45:00+00:00,2013-06-24 13:15:00+00:00,-1,0.9999999999999791,TP,False
S2-09,shock_reversion,GBPUSD,2013-06-25 07:00:00+00:00,2013-06-25 07:15:00+00:00,2013-06-25 07:15:00+00:00,1,0.9999999999999171,TP,False
S2-09,shock_reversion,GBPUSD,2013-06-26 06:30:00+00:00,2013-06-26 06:45:00+00:00,2013-06-26 06:45:00+00:00,1,0.9999999999999561,TP,False
S2-09,shock_reversion,GBPUSD,2013-06-26 12:30:00+00:00,2013-06-26 12:45:00+00:00,2013-06-26 14:30:00+00:00,-1,1.000000000000024,TP,False
S2-09,shock_reversion,GBPUSD,2013-06-27 08:30:00+00:00,2013-06-27 08:45:00+00:00,2013-06-27 10:15:00+00:00,1,-1.0,SL,False
S2-09,shock_reversion,GBPUSD,2013-06-30 21:15:00+00:00,2013-06-30 21:30:00+00:00,2013-06-30 21:30:00+00:00,1,-1.0000000000008709,SL,False
S2-09,shock_reversion,GBPUSD,2013-06-30 21:30:00+00:00,2013-06-30 21:45:00+00:00,2013-06-30 21:45:00+00:00,1,-1.0000000000002187,SL,False
S2-09,shock_reversion,GBPUSD,2013-07-01 07:00:00+00:00,2013-07-01 07:15:00+00:00,2013-07-01 07:15:00+00:00,1,1.0000000000001028,TP,False
S2-09,shock_reversion,GBPUSD,2013-07-01 08:00:00+00:00,2013-07-01 08:15:00+00:00,2013-07-01 08:15:00+00:00,1,1.000000000000096,TP,False
S2-09,shock_reversion,GBPUSD,2013-07-01 08:15:00+00:00,2013-07-01 08:30:00+00:00,2013-07-01 08:30:00+00:00,-1,-1.0000000000000253,SL,False
S2-09,shock_reversion,GBPUSD,2013-07-02 04:30:00+00:00,2013-07-02 04:45:00+00:00,2013-07-02 04:45:00+00:00,1,-0.9999999999998147,SL,False
S2-09,shock_reversion,GBPUSD,2013-07-03 07:30:00+00:00,2013-07-03 07:45:00+00:00,2013-07-03 07:45:00+00:00,-1,-0.9999999999999035,SL,False
S2-09,shock_reversion,GBPUSD,2013-07-03 08:15:00+00:00,2013-07-03 08:30:00+00:00,2013-07-03 08:30:00+00:00,-1,-0.9999999999999575,SL,False
S2-09,shock_reversion,GBPUSD,2013-07-03 15:00:00+00:00,2013-07-03 15:15:00+00:00,2013-07-03 15:15:00+00:00,-1,0.9999999999999484,TP,False
S2-09,shock_reversion,GBPUSD,2013-07-04 11:00:00+00:00,2013-07-04 11:15:00+00:00,2013-07-04 11:15:00+00:00,1,-0.9999999999999715,SL,False
S2-09,shock_reversion,GBPUSD,2013-07-04 22:45:00+00:00,2013-07-04 23:00:00+00:00,2013-07-04 23:00:00+00:00,1,-1.0000000000001001,SL,False
S2-09,shock_reversion,GBPUSD,2013-07-05 07:00:00+00:00,2013-07-05 07:15:00+00:00,2013-07-05 07:45:00+00:00,1,-1.0000000000000437,SL,False
S2-09,shock_reversion,GBPUSD,2013-07-05 12:15:00+00:00,2013-07-05 12:30:00+00:00,2013-07-05 12:30:00+00:00,1,-1.0000000000000622,SL,False
S2-09,shock_reversion,GBPUSD,2013-07-05 12:30:00+00:00,2013-07-05 12:45:00+00:00,2013-07-05 12:45:00+00:00,1,0.9999999999999846,TP,False
S2-09,shock_reversion,GBPUSD,2013-07-05 20:45:00+00:00,2013-07-05 21:00:00+00:00,2013-07-05 21:00:00+00:00,1,-1.123058288531418,FRIDAY,False
S2-09,shock_reversion,GBPUSD,2013-07-07 21:15:00+00:00,2013-07-07 21:30:00+00:00,2013-07-07 21:30:00+00:00,1,-1.0,SL,False
S2-09,shock_reversion,GBPUSD,2013-07-07 21:30:00+00:00,2013-07-07 21:45:00+00:00,2013-07-07 21:45:00+00:00,1,-0.9999999999996937,SL,True
S2-09,shock_reversion,GBPUSD,2013-07-07 23:45:00+00:00,2013-07-08 00:00:00+00:00,2013-07-08 00:00:00+00:00,1,0.9999999999998528,TP,False
S2-09,shock_reversion,GBPUSD,2013-07-08 00:00:00+00:00,2013-07-08 00:15:00+00:00,2013-07-08 03:15:00+00:00,-1,0.9999999999999456,TP,False
S2-09,shock_reversion,GBPUSD,2013-07-08 06:00:00+00:00,2013-07-08 06:15:00+00:00,2013-07-08 06:15:00+00:00,-1,-1.0000000000001217,SL,False
S2-09,shock_reversion,GBPUSD,2013-07-09 08:30:00+00:00,2013-07-09 08:45:00+00:00,2013-07-09 08:45:00+00:00,1,-0.9999999999999638,SL,False
S2-09,shock_reversion,GBPUSD,2013-07-09 14:15:00+00:00,2013-07-09 14:30:00+00:00,2013-07-09 14:30:00+00:00,1,-0.9999999999999772,SL,False
S2-09,shock_reversion,GBPUSD,2013-07-09 23:45:00+00:00,2013-07-10 00:00:00+00:00,2013-07-10 00:00:00+00:00,1,1.0000000000001419,TP,False
S2-09,shock_reversion,GBPUSD,2013-07-10 05:00:00+00:00,2013-07-10 05:15:00+00:00,2013-07-10 05:15:00+00:00,-1,-1.0,SL,False
S2-09,shock_reversion,GBPUSD,2013-07-10 18:00:00+00:00,2013-07-10 18:15:00+00:00,2013-07-10 18:15:00+00:00,-1,-1.0000000000000242,SL,True
S2-09,shock_reversion,GBPUSD,2013-07-10 20:45:00+00:00,2013-07-10 21:00:00+00:00,2013-07-10 21:00:00+00:00,-1,-1.0000000000000109,SL,False
S2-09,shock_reversion,GBPUSD,2013-07-10 22:45:00+00:00,2013-07-10 23:00:00+00:00,2013-07-10 23:15:00+00:00,-1,1.0,TP,False
S2-09,shock_reversion,GBPUSD,2013-07-12 06:30:00+00:00,2013-07-12 06:45:00+00:00,2013-07-12 06:45:00+00:00,1,-1.0000000000000857,SL,False
S2-09,shock_reversion,GBPUSD,2013-07-14 21:00:00+00:00,2013-07-14 21:15:00+00:00,2013-07-14 21:15:00+00:00,-1,-1.0,SL,True
S2-09,shock_reversion,GBPUSD,2013-07-14 22:00:00+00:00,2013-07-14 22:15:00+00:00,2013-07-14 22:15:00+00:00,1,-0.9999999999999134,SL,False
S2-09,shock_reversion,GBPUSD,2013-07-15 06:45:00+00:00,2013-07-15 07:00:00+00:00,2013-07-15 07:00:00+00:00,1,1.0000000000000864,TP,False
S2-09,shock_reversion,GBPUSD,2013-07-15 08:30:00+00:00,2013-07-15 08:45:00+00:00,2013-07-15 09:00:00+00:00,1,0.9999999999999782,TP,False
S2-09,shock_reversion,GBPUSD,2013-07-15 12:30:00+00:00,2013-07-15 12:45:00+00:00,2013-07-15 12:45:00+00:00,-1,-1.0000000000000546,SL,False
S2-09,shock_reversion,GBPUSD,2013-07-16 00:00:00+00:00,2013-07-16 00:15:00+00:00,2013-07-16 00:15:00+00:00,-1,-0.9999999999998679,SL,False
S2-09,shock_reversion,GBPUSD,2013-07-16 00:15:00+00:00,2013-07-16 00:30:00+00:00,2013-07-16 00:45:00+00:00,-1,0.9999999999999423,TP,False
S2-09,shock_reversion,GBPUSD,2013-07-16 08:30:00+00:00,2013-07-16 08:45:00+00:00,2013-07-16 10:00:00+00:00,1,1.000000000000032,TP,False
S2-09,shock_reversion,GBPUSD,2013-07-16 19:30:00+00:00,2013-07-16 19:45:00+00:00,2013-07-16 20:00:00+00:00,-1,1.0000000000001,TP,False
S2-09,shock_reversion,GBPUSD,2013-07-17 05:30:00+00:00,2013-07-17 05:45:00+00:00,2013-07-17 05:45:00+00:00,1,-1.0000000000001605,SL,False
S2-09,shock_reversion,GBPUSD,2013-07-17 06:30:00+00:00,2013-07-17 06:45:00+00:00,2013-07-17 07:00:00+00:00,1,-1.0,SL,False
S2-09,shock_reversion,GBPUSD,2013-07-17 08:30:00+00:00,2013-07-17 08:45:00+00:00,2013-07-17 08:45:00+00:00,-1,0.9999999999999862,TP,False
S2-09,shock_reversion,GBPUSD,2013-07-17 12:30:00+00:00,2013-07-17 12:45:00+00:00,2013-07-17 13:30:00+00:00,-1,1.0000000000000167,TP,False
S2-09,shock_reversion,GBPUSD,2013-07-18 01:15:00+00:00,2013-07-18 01:30:00+00:00,2013-07-18 01:45:00+00:00,1,-0.9999999999998583,SL,False
S2-09,shock_reversion,GBPUSD,2013-07-18 08:30:00+00:00,2013-07-18 08:45:00+00:00,2013-07-18 09:30:00+00:00,-1,-0.9999999999999512,SL,False
S2-09,shock_reversion,GBPUSD,2013-07-21 21:00:00+00:00,2013-07-21 21:15:00+00:00,2013-07-21 21:15:00+00:00,-1,-1.0,SL,False
S2-09,shock_reversion,GBPUSD,2013-07-21 22:15:00+00:00,2013-07-21 22:30:00+00:00,2013-07-21 22:30:00+00:00,1,0.9999999999998349,TP,False
S2-09,shock_reversion,GBPUSD,2013-07-22 09:30:00+00:00,2013-07-22 09:45:00+00:00,2013-07-22 09:45:00+00:00,-1,-1.0000000000000573,SL,False
S2-09,shock_reversion,GBPUSD,2013-07-24 01:45:00+00:00,2013-07-24 02:00:00+00:00,2013-07-24 02:00:00+00:00,1,1.00000000000012,TP,False
S2-09,shock_reversion,GBPUSD,2013-07-24 06:45:00+00:00,2013-07-24 07:00:00+00:00,2013-07-24 07:00:00+00:00,-1,-1.0000000000001028,SL,False
S2-09,shock_reversion,GBPUSD,2013-07-24 07:00:00+00:00,2013-07-24 07:15:00+00:00,2013-07-24 07:15:00+00:00,-1,-1.0,SL,False
S2-09,shock_reversion,GBPUSD,2013-07-25 06:00:00+00:00,2013-07-25 06:15:00+00:00,2013-07-25 06:15:00+00:00,-1,0.9999999999998943,TP,False
S2-09,shock_reversion,GBPUSD,2013-07-25 08:30:00+00:00,2013-07-25 08:45:00+00:00,2013-07-25 08:45:00+00:00,1,-0.9999999999999586,SL,False
S2-09,shock_reversion,GBPUSD,2013-07-25 12:30:00+00:00,2013-07-25 12:45:00+00:00,2013-07-25 13:00:00+00:00,-1,0.9999999999999607,TP,False
S2-09,shock_reversion,GBPUSD,2013-07-25 20:00:00+00:00,2013-07-25 20:15:00+00:00,2013-07-25 20:15:00+00:00,-1,0.9999999999999315,TP,False
S2-09,shock_reversion,GBPUSD,2013-07-26 08:00:00+00:00,2013-07-26 08:15:00+00:00,2013-07-26 08:15:00+00:00,-1,1.000000000000028,TP,False
S2-09,shock_reversion,GBPUSD,2013-07-28 21:00:00+00:00,2013-07-28 21:15:00+00:00,2013-07-28 21:15:00+00:00,1,-1.0000000000012872,SL,False
S2-09,shock_reversion,GBPUSD,2013-07-28 21:30:00+00:00,2013-07-28 21:45:00+00:00,2013-07-28 21:45:00+00:00,-1,-1.0000000000008276,SL,False
S2-09,shock_reversion,GBPUSD,2013-07-28 22:00:00+00:00,2013-07-28 22:15:00+00:00,2013-07-28 22:15:00+00:00,-1,-1.000000000000162,SL,False
S2-09,shock_reversion,GBPUSD,2013-07-28 23:00:00+00:00,2013-07-28 23:15:00+00:00,2013-07-28 23:45:00+00:00,-1,0.9999999999997325,TP,False
S2-09,shock_reversion,GBPUSD,2013-07-29 08:30:00+00:00,2013-07-29 08:45:00+00:00,2013-07-29 09:00:00+00:00,-1,-1.0000000000000926,SL,False
S2-09,shock_reversion,GBPUSD,2013-07-29 12:15:00+00:00,2013-07-29 12:30:00+00:00,2013-07-29 12:45:00+00:00,1,1.0000000000000306,TP,False
S2-09,shock_reversion,GBPUSD,2013-07-31 06:15:00+00:00,2013-07-31 06:30:00+00:00,2013-07-31 06:45:00+00:00,1,-1.0000000000001288,SL,False
S2-09,shock_reversion,GBPUSD,2013-07-31 12:15:00+00:00,2013-07-31 12:30:00+00:00,2013-07-31 12:30:00+00:00,1,-1.0000000000000704,SL,False
S2-09,shock_reversion,GBPUSD,2013-07-31 12:30:00+00:00,2013-07-31 12:45:00+00:00,2013-07-31 13:45:00+00:00,1,-1.0000000000000202,SL,False
S2-09,shock_reversion,GBPUSD,2013-07-31 18:00:00+00:00,2013-07-31 18:15:00+00:00,2013-07-31 18:15:00+00:00,1,1.0000000000000624,TP,False
S2-09,shock_reversion,GBPUSD,2013-07-31 18:15:00+00:00,2013-07-31 18:30:00+00:00,2013-07-31 18:30:00+00:00,-1,-0.9999999999999449,SL,False
S2-09,shock_reversion,GBPUSD,2013-08-01 06:45:00+00:00,2013-08-01 07:00:00+00:00,2013-08-01 07:00:00+00:00,1,1.0,TP,False
S2-09,shock_reversion,GBPUSD,2013-08-01 08:15:00+00:00,2013-08-01 08:30:00+00:00,2013-08-01 08:30:00+00:00,-1,0.9999999999999314,TP,False
S2-09,shock_reversion,GBPUSD,2013-08-01 11:00:00+00:00,2013-08-01 11:15:00+00:00,2013-08-01 12:30:00+00:00,-1,1.000000000000027,TP,False
S2-09,shock_reversion,GBPUSD,2013-08-02 07:15:00+00:00,2013-08-02 07:30:00+00:00,2013-08-02 07:30:00+00:00,-1,-1.0,SL,False
S2-09,shock_reversion,GBPUSD,2013-08-02 08:30:00+00:00,2013-08-02 08:45:00+00:00,2013-08-02 08:45:00+00:00,-1,0.9999999999999178,TP,False
S2-09,shock_reversion,GBPUSD,2013-08-02 12:30:00+00:00,2013-08-02 12:45:00+00:00,2013-08-02 12:45:00+00:00,-1,-1.0,SL,False
S2-09,shock_reversion,GBPUSD,2013-08-04 21:00:00+00:00,2013-08-04 21:15:00+00:00,2013-08-04 21:15:00+00:00,-1,-1.0000000000006832,SL,True
S2-09,shock_reversion,GBPUSD,2013-08-04 21:15:00+00:00,2013-08-04 21:30:00+00:00,2013-08-04 21:30:00+00:00,1,-1.0000000000006029,SL,False
S2-09,shock_reversion,GBPUSD,2013-08-04 21:30:00+00:00,2013-08-04 21:45:00+00:00,2013-08-04 21:45:00+00:00,1,-1.0000000000002902,SL,True
S2-09,shock_reversion,GBPUSD,2013-08-04 21:45:00+00:00,2013-08-04 22:00:00+00:00,2013-08-04 22:00:00+00:00,1,-0.999999999999887,SL,False
S2-09,shock_reversion,GBPUSD,2013-08-05 00:15:00+00:00,2013-08-05 00:30:00+00:00,2013-08-05 01:30:00+00:00,1,-1.0000000000000795,SL,False
S2-09,shock_reversion,GBPUSD,2013-08-05 08:15:00+00:00,2013-08-05 08:30:00+00:00,2013-08-05 08:30:00+00:00,-1,-0.9999999999999559,SL,False
S2-09,shock_reversion,GBPUSD,2013-08-05 14:00:00+00:00,2013-08-05 14:15:00+00:00,2013-08-05 14:15:00+00:00,1,1.0000000000000593,TP,False
S2-09,shock_reversion,GBPUSD,2013-08-06 00:30:00+00:00,2013-08-06 00:45:00+00:00,2013-08-06 01:00:00+00:00,-1,1.0000000000000955,TP,False
S2-09,shock_reversion,GBPUSD,2013-08-07 09:30:00+00:00,2013-08-07 09:45:00+00:00,2013-08-07 09:45:00+00:00,1,1.0000000000000344,TP,False
S2-09,shock_reversion,GBPUSD,2013-08-07 09:45:00+00:00,2013-08-07 10:00:00+00:00,2013-08-07 10:00:00+00:00,-1,-0.9999999999999865,SL,False
S2-09,shock_reversion,GBPUSD,2013-08-09 20:45:00+00:00,2013-08-09 21:00:00+00:00,2013-08-09 21:00:00+00:00,1,-0.6497216819797464,FRIDAY,False
S2-09,shock_reversion,GBPUSD,2013-08-11 21:00:00+00:00,2013-08-11 21:15:00+00:00,2013-08-11 21:15:00+00:00,-1,-0.9999999999993533,SL,True
S2-09,shock_reversion,GBPUSD,2013-08-11 21:15:00+00:00,2013-08-11 21:30:00+00:00,2013-08-11 21:30:00+00:00,1,-1.0000000000002733,SL,False
S2-09,shock_reversion,GBPUSD,2013-08-11 21:45:00+00:00,2013-08-11 22:00:00+00:00,2013-08-11 22:00:00+00:00,-1,-1.0000000000002751,SL,False
S2-09,shock_reversion,GBPUSD,2013-08-12 06:45:00+00:00,2013-08-12 07:00:00+00:00,2013-08-12 07:00:00+00:00,1,0.9999999999999017,TP,False
S2-09,shock_reversion,GBPUSD,2013-08-13 06:30:00+00:00,2013-08-13 06:45:00+00:00,2013-08-13 07:00:00+00:00,-1,0.9999999999998863,TP,False
S2-09,shock_reversion,GBPUSD,2013-08-13 07:15:00+00:00,2013-08-13 07:30:00+00:00,2013-08-13 07:30:00+00:00,1,1.0000000000001235,TP,False
S2-09,shock_reversion,GBPUSD,2013-08-13 14:00:00+00:00,2013-08-13 14:15:00+00:00,2013-08-13 17:30:00+00:00,-1,1.000000000000053,TP,False
S2-09,shock_reversion,GBPUSD,2013-08-14 06:00:00+00:00,2013-08-14 06:15:00+00:00,2013-08-14 06:15:00+00:00,1,-1.0,SL,False
S2-09,shock_reversion,GBPUSD,2013-08-14 08:15:00+00:00,2013-08-14 08:30:00+00:00,2013-08-14 08:30:00+00:00,-1,-0.9999999999999208,SL,False
S2-09,shock_reversion,GBPUSD,2013-08-14 08:30:00+00:00,2013-08-14 08:45:00+00:00,2013-08-14 09:00:00+00:00,-1,0.9999999999999808,TP,False
S2-09,shock_reversion,GBPUSD,2013-08-15 02:00:00+00:00,2013-08-15 02:15:00+00:00,2013-08-15 02:15:00+00:00,-1,-1.0000000000000921,SL,False
S2-09,shock_reversion,GBPUSD,2013-08-15 08:30:00+00:00,2013-08-15 08:45:00+00:00,2013-08-15 12:15:00+00:00,-1,1.0000000000000757,TP,False
S2-09,shock_reversion,GBPUSD,2013-08-15 12:30:00+00:00,2013-08-15 12:45:00+00:00,2013-08-15 12:45:00+00:00,1,-1.0,SL,False
S2-09,shock_reversion,GBPUSD,2013-08-15 17:00:00+00:00,2013-08-15 17:15:00+00:00,2013-08-15 17:15:00+00:00,-1,-1.000000000000035,SL,True
S2-09,shock_reversion,GBPUSD,2013-08-16 12:30:00+00:00,2013-08-16 12:45:00+00:00,2013-08-16 12:45:00+00:00,-1,0.9999999999999373,TP,False
S2-09,shock_reversion,GBPUSD,2013-08-18 21:00:00+00:00,2013-08-18 21:15:00+00:00,2013-08-18 21:15:00+00:00,1,-1.000000000000678,SL,False
S2-09,shock_reversion,GBPUSD,2013-08-18 21:15:00+00:00,2013-08-18 21:30:00+00:00,2013-08-18 21:30:00+00:00,-1,-1.000000000000157,SL,False
S2-09,shock_reversion,GBPUSD,2013-08-18 21:30:00+00:00,2013-08-18 21:45:00+00:00,2013-08-18 21:45:00+00:00,-1,-1.0000000000002374,SL,False
S2-09,shock_reversion,GBPUSD,2013-08-19 06:30:00+00:00,2013-08-19 06:45:00+00:00,2013-08-19 06:45:00+00:00,1,0.9999999999998767,TP,False
S2-09,shock_reversion,GBPUSD,2013-08-21 18:00:00+00:00,2013-08-21 18:15:00+00:00,2013-08-21 18:15:00+00:00,-1,0.9999999999999726,TP,False
S2-09,shock_reversion,GBPUSD,2013-08-22 06:15:00+00:00,2013-08-22 06:30:00+00:00,2013-08-22 06:30:00+00:00,-1,-1.0000000000000573,SL,True
S2-09,shock_reversion,GBPUSD,2013-08-22 06:45:00+00:00,2013-08-22 07:00:00+00:00,2013-08-22 07:00:00+00:00,-1,0.9999999999999151,TP,False
S2-09,shock_reversion,GBPUSD,2013-08-22 07:00:00+00:00,2013-08-22 07:15:00+00:00,2013-08-22 07:15:00+00:00,1,1.000000000000104,TP,False
S2-09,shock_reversion,GBPUSD,2013-08-23 06:00:00+00:00,2013-08-23 06:15:00+00:00,2013-08-23 06:15:00+00:00,1,0.9999999999999235,TP,False
S2-09,shock_reversion,GBPUSD,2013-08-23 06:30:00+00:00,2013-08-23 06:45:00+00:00,2013-08-23 06:45:00+00:00,-1,-0.9999999999998074,SL,False
S2-09,shock_reversion,GBPUSD,2013-08-23 08:30:00+00:00,2013-08-23 08:45:00+00:00,2013-08-23 09:30:00+00:00,-1,1.000000000000027,TP,False
S2-09,shock_reversion,GBPUSD,2013-08-25 21:30:00+00:00,2013-08-25 21:45:00+00:00,2013-08-25 21:45:00+00:00,-1,-1.0,SL,True
S2-09,shock_reversion,GBPUSD,2013-08-26 12:30:00+00:00,2013-08-26 12:45:00+00:00,2013-08-26 12:45:00+00:00,-1,-1.0000000000000375,SL,False
S2-09,shock_reversion,GBPUSD,2013-08-27 06:00:00+00:00,2013-08-27 06:15:00+00:00,2013-08-27 06:15:00+00:00,1,1.0,TP,False
S2-09,shock_reversion,GBPUSD,2013-08-27 06:30:00+00:00,2013-08-27 06:45:00+00:00,2013-08-27 06:45:00+00:00,1,-1.0,SL,False
S2-09,shock_reversion,GBPUSD,2013-08-27 07:15:00+00:00,2013-08-27 07:30:00+00:00,2013-08-27 07:45:00+00:00,1,0.9999999999998962,TP,False
S2-09,shock_reversion,GBPUSD,2013-08-27 08:00:00+00:00,2013-08-27 08:15:00+00:00,2013-08-27 09:15:00+00:00,1,-1.0000000000000238,SL,False
S2-09,shock_reversion,GBPUSD,2013-08-27 13:30:00+00:00,2013-08-27 13:45:00+00:00,2013-08-27 14:00:00+00:00,-1,1.0,TP,False
S2-09,shock_reversion,GBPUSD,2013-08-28 10:00:00+00:00,2013-08-28 10:15:00+00:00,2013-08-28 10:30:00+00:00,1,-0.999999999999906,SL,False
S2-09,shock_reversion,GBPUSD,2013-08-28 12:45:00+00:00,2013-08-28 13:00:00+00:00,2013-08-28 13:00:00+00:00,-1,1.0000000000000309,TP,False
S2-09,shock_reversion,GBPUSD,2013-08-29 01:45:00+00:00,2013-08-29 02:00:00+00:00,2013-08-29 02:00:00+00:00,-1,-1.0000000000001232,SL,False
S2-09,shock_reversion,GBPUSD,2013-08-29 06:30:00+00:00,2013-08-29 06:45:00+00:00,2013-08-29 06:45:00+00:00,1,-0.9999999999998477,SL,False
S2-09,shock_reversion,GBPUSD,2013-08-29 06:45:00+00:00,2013-08-29 07:00:00+00:00,2013-08-29 07:00:00+00:00,1,0.9999999999999558,TP,False
S2-09,shock_reversion,GBPUSD,2013-08-29 12:30:00+00:00,2013-08-29 12:45:00+00:00,2013-08-29 12:45:00+00:00,1,1.000000000000088,TP,False
S2-09,shock_reversion,GBPUSD,2013-08-30 08:15:00+00:00,2013-08-30 08:30:00+00:00,2013-08-30 08:30:00+00:00,1,1.0000000000000373,TP,False
S2-09,shock_reversion,GBPUSD,2013-08-30 20:45:00+00:00,2013-08-30 21:00:00+00:00,2013-08-30 21:00:00+00:00,-1,-1.9731178494279542,FRIDAY,False
S2-09,shock_reversion,GBPUSD,2013-09-02 01:30:00+00:00,2013-09-02 01:45:00+00:00,2013-09-02 01:45:00+00:00,-1,-0.9999999999998683,SL,False
S2-09,shock_reversion,GBPUSD,2013-09-02 08:15:00+00:00,2013-09-02 08:30:00+00:00,2013-09-02 08:45:00+00:00,-1,1.0000000000000804,TP,False
S2-09,shock_reversion,GBPUSD,2013-09-03 06:30:00+00:00,2013-09-03 06:45:00+00:00,2013-09-03 06:45:00+00:00,-1,-1.000000000000045,SL,False
S2-09,shock_reversion,GBPUSD,2013-09-04 01:45:00+00:00,2013-09-04 02:00:00+00:00,2013-09-04 02:00:00+00:00,1,1.0000000000001799,TP,False
S2-09,shock_reversion,GBPUSD,2013-09-05 02:00:00+00:00,2013-09-05 02:15:00+00:00,2013-09-05 03:15:00+00:00,1,0.9999999999999154,TP,False
S2-09,shock_reversion,GBPUSD,2013-09-05 11:00:00+00:00,2013-09-05 11:15:00+00:00,2013-09-05 12:15:00+00:00,-1,-1.0,SL,False
S2-09,shock_reversion,GBPUSD,2013-09-06 01:15:00+00:00,2013-09-06 01:30:00+00:00,2013-09-06 01:30:00+00:00,-1,-1.0000000000002145,SL,False
S2-09,shock_reversion,GBPUSD,2013-09-06 07:00:00+00:00,2013-09-06 07:15:00+00:00,2013-09-06 07:45:00+00:00,1,1.0,TP,False
S2-09,shock_reversion,GBPUSD,2013-09-06 12:30:00+00:00,2013-09-06 12:45:00+00:00,2013-09-06 12:45:00+00:00,-1,1.0000000000000338,TP,False
S2-09,shock_reversion,GBPUSD,2013-09-08 21:00:00+00:00,2013-09-08 21:15:00+00:00,2013-09-08 21:15:00+00:00,-1,-0.9999999999996171,SL,True
S2-09,shock_reversion,GBPUSD,2013-09-08 21:15:00+00:00,2013-09-08 21:30:00+00:00,2013-09-08 21:30:00+00:00,1,1.0000000000002833,TP,False
S2-09,shock_reversion,GBPUSD,2013-09-09 08:00:00+00:00,2013-09-09 08:15:00+00:00,2013-09-09 09:00:00+00:00,-1,-1.0000000000000582,SL,False
S2-09,shock_reversion,GBPUSD,2013-09-09 14:15:00+00:00,2013-09-09 14:30:00+00:00,2013-09-09 15:00:00+00:00,-1,-1.0,SL,False
S2-09,shock_reversion,GBPUSD,2013-09-10 06:15:00+00:00,2013-09-10 06:30:00+00:00,2013-09-10 06:30:00+00:00,1,-1.0000000000001528,SL,True
S2-09,shock_reversion,GBPUSD,2013-09-11 00:15:00+00:00,2013-09-11 00:30:00+00:00,2013-09-11 00:30:00+00:00,-1,-1.0000000000004579,SL,False
S2-09,shock_reversion,GBPUSD,2013-09-11 08:15:00+00:00,2013-09-11 08:30:00+00:00,2013-09-11 08:30:00+00:00,-1,-1.0000000000000717,SL,False
S2-09,shock_reversion,GBPUSD,2013-09-11 08:30:00+00:00,2013-09-11 08:45:00+00:00,2013-09-11 09:00:00+00:00,-1,1.000000000000048,TP,False
S2-09,shock_reversion,GBPUSD,2013-09-13 05:15:00+00:00,2013-09-13 05:30:00+00:00,2013-09-13 05:45:00+00:00,1,0.9999999999998787,TP,False
S2-09,shock_reversion,GBPUSD,2013-09-13 12:30:00+00:00,2013-09-13 12:45:00+00:00,2013-09-13 12:45:00+00:00,-1,-1.0000000000000917,SL,False
S2-09,shock_reversion,GBPUSD,2013-09-15 21:00:00+00:00,2013-09-15 21:15:00+00:00,2013-09-15 21:15:00+00:00,-1,-1.0000000000001192,SL,False
S2-09,shock_reversion,GBPUSD,2013-09-16 07:00:00+00:00,2013-09-16 07:15:00+00:00,2013-09-16 07:15:00+00:00,1,0.9999999999999372,TP,False
S2-09,shock_reversion,GBPUSD,2013-09-17 05:15:00+00:00,2013-09-17 05:30:00+00:00,2013-09-17 05:30:00+00:00,-1,0.9999999999998859,TP,False
S2-09,shock_reversion,GBPUSD,2013-09-17 07:30:00+00:00,2013-09-17 07:45:00+00:00,2013-09-17 08:15:00+00:00,-1,0.999999999999887,TP,False
S2-09,shock_reversion,GBPUSD,2013-09-18 06:15:00+00:00,2013-09-18 06:30:00+00:00,2013-09-18 07:00:00+00:00,-1,-0.9999999999998146,SL,True
S2-09,shock_reversion,GBPUSD,2013-09-18 08:30:00+00:00,2013-09-18 08:45:00+00:00,2013-09-18 08:45:00+00:00,-1,-1.000000000000076,SL,False
S2-09,shock_reversion,GBPUSD,2013-09-18 18:00:00+00:00,2013-09-18 18:15:00+00:00,2013-09-18 18:15:00+00:00,-1,-0.999999999999952,SL,False
S2-09,shock_reversion,GBPUSD,2013-09-19 08:30:00+00:00,2013-09-19 08:45:00+00:00,2013-09-19 09:00:00+00:00,1,-1.0,SL,False
S2-09,shock_reversion,GBPUSD,2013-09-22 21:00:00+00:00,2013-09-22 21:15:00+00:00,2013-09-22 21:15:00+00:00,-1,-1.0000000000012335,SL,True
S2-09,shock_reversion,GBPUSD,2013-09-22 21:15:00+00:00,2013-09-22 21:30:00+00:00,2013-09-22 21:30:00+00:00,1,-0.9999999999991925,SL,False
S2-09,shock_reversion,GBPUSD,2013-09-22 21:30:00+00:00,2013-09-22 21:45:00+00:00,2013-09-22 21:45:00+00:00,1,-0.9999999999997824,SL,True
S2-09,shock_reversion,GBPUSD,2013-09-23 07:00:00+00:00,2013-09-23 07:15:00+00:00,2013-09-23 07:15:00+00:00,-1,-1.0,SL,False
S2-09,shock_reversion,GBPUSD,2013-09-24 06:00:00+00:00,2013-09-24 06:15:00+00:00,2013-09-24 06:15:00+00:00,-1,-0.9999999999996821,SL,False
S2-09,shock_reversion,GBPUSD,2013-09-24 06:30:00+00:00,2013-09-24 06:45:00+00:00,2013-09-24 06:45:00+00:00,-1,0.9999999999998276,TP,False
S2-09,shock_reversion,GBPUSD,2013-09-25 07:45:00+00:00,2013-09-25 08:00:00+00:00,2013-09-25 08:00:00+00:00,-1,-0.999999999999869,SL,False
S2-09,shock_reversion,GBPUSD,2013-09-25 09:45:00+00:00,2013-09-25 10:00:00+00:00,2013-09-25 10:00:00+00:00,-1,-1.0000000000000329,SL,False
S2-09,shock_reversion,GBPUSD,2013-09-26 00:30:00+00:00,2013-09-26 00:45:00+00:00,2013-09-26 00:45:00+00:00,-1,1.0,TP,False
S2-09,shock_reversion,GBPUSD,2013-09-26 07:15:00+00:00,2013-09-26 07:30:00+00:00,2013-09-26 08:00:00+00:00,-1,1.0000000000000953,TP,False
S2-09,shock_reversion,GBPUSD,2013-09-26 08:30:00+00:00,2013-09-26 08:45:00+00:00,2013-09-26 08:45:00+00:00,1,1.0000000000000286,TP,False
S2-09,shock_reversion,GBPUSD,2013-09-26 14:00:00+00:00,2013-09-26 14:15:00+00:00,2013-09-26 14:45:00+00:00,1,-0.9999999999999687,SL,False
S2-09,shock_reversion,GBPUSD,2013-09-27 05:15:00+00:00,2013-09-27 05:30:00+00:00,2013-09-27 05:30:00+00:00,-1,0.9999999999999029,TP,False
S2-09,shock_reversion,GBPUSD,2013-09-29 21:00:00+00:00,2013-09-29 21:15:00+00:00,2013-09-29 21:15:00+00:00,-1,-1.0000000000012872,SL,False
S2-09,shock_reversion,GBPUSD,2013-09-29 21:15:00+00:00,2013-09-29 21:30:00+00:00,2013-09-29 21:30:00+00:00,-1,-0.9999999999992409,SL,True
S2-09,shock_reversion,GBPUSD,2013-09-29 21:45:00+00:00,2013-09-29 22:00:00+00:00,2013-09-29 22:00:00+00:00,-1,-1.0000000000001552,SL,False
S2-09,shock_reversion,GBPUSD,2013-09-29 22:00:00+00:00,2013-09-29 22:15:00+00:00,2013-09-29 22:15:00+00:00,-1,-1.0000000000002307,SL,False
S2-09,shock_reversion,GBPUSD,2013-09-29 22:15:00+00:00,2013-09-29 22:30:00+00:00,2013-09-29 22:30:00+00:00,-1,-0.9999999999998195,SL,False
S2-09,shock_reversion,GBPUSD,2013-09-30 00:30:00+00:00,2013-09-30 00:45:00+00:00,2013-09-30 01:15:00+00:00,-1,1.0000000000001097,TP,False
S2-09,shock_reversion,GBPUSD,2013-09-30 14:45:00+00:00,2013-09-30 15:00:00+00:00,2013-09-30 16:00:00+00:00,-1,1.0000000000000593,TP,False
S2-09,shock_reversion,GBPUSD,2013-10-01 02:30:00+00:00,2013-10-01 02:45:00+00:00,2013-10-01 03:00:00+00:00,-1,-0.9999999999999427,SL,False
S2-09,shock_reversion,GBPUSD,2013-10-01 03:00:00+00:00,2013-10-01 03:15:00+00:00,2013-10-01 03:30:00+00:00,-1,-1.0,SL,False
S2-09,shock_reversion,GBPUSD,2013-10-01 08:15:00+00:00,2013-10-01 08:30:00+00:00,2013-10-01 09:15:00+00:00,1,1.000000000000048,TP,False
S2-09,shock_reversion,GBPUSD,2013-10-02 00:30:00+00:00,2013-10-02 00:45:00+00:00,2013-10-02 01:15:00+00:00,1,0.9999999999998338,TP,False
S2-09,shock_reversion,GBPUSD,2013-10-02 06:00:00+00:00,2013-10-02 06:15:00+00:00,2013-10-02 06:15:00+00:00,-1,0.9999999999998024,TP,False
S2-09,shock_reversion,GBPUSD,2013-10-02 12:15:00+00:00,2013-10-02 12:30:00+00:00,2013-10-02 12:30:00+00:00,-1,-0.999999999999974,SL,False
S2-09,shock_reversion,GBPUSD,2013-10-03 07:00:00+00:00,2013-10-03 07:15:00+00:00,2013-10-03 07:30:00+00:00,1,-1.0000000000001734,SL,False
S2-09,shock_reversion,GBPUSD,2013-10-03 07:45:00+00:00,2013-10-03 08:00:00+00:00,2013-10-03 08:00:00+00:00,1,-0.9999999999999606,SL,False
S2-09,shock_reversion,GBPUSD,2013-10-04 06:45:00+00:00,2013-10-04 07:00:00+00:00,2013-10-04 07:15:00+00:00,1,-1.0000000000000433,SL,False
S2-09,shock_reversion,GBPUSD,2013-10-06 21:30:00+00:00,2013-10-06 21:45:00+00:00,2013-10-06 21:45:00+00:00,-1,-0.9999999999998356,SL,False
S2-09,shock_reversion,GBPUSD,2013-10-06 21:45:00+00:00,2013-10-06 22:00:00+00:00,2013-10-06 22:00:00+00:00,-1,-0.9999999999997513,SL,False
S2-09,shock_reversion,GBPUSD,2013-10-06 22:15:00+00:00,2013-10-06 22:30:00+00:00,2013-10-06 23:00:00+00:00,-1,1.0,TP,False
S2-09,shock_reversion,GBPUSD,2013-10-08 09:30:00+00:00,2013-10-08 09:45:00+00:00,2013-10-08 09:45:00+00:00,1,1.0000000000000222,TP,False
S2-09,shock_reversion,GBPUSD,2013-10-08 23:15:00+00:00,2013-10-08 23:30:00+00:00,2013-10-08 23:45:00+00:00,-1,-1.0000000000000537,SL,True
S2-09,shock_reversion,GBPUSD,2013-10-08 23:45:00+00:00,2013-10-09 00:00:00+00:00,2013-10-09 00:00:00+00:00,-1,1.0000000000000893,TP,False
S2-09,shock_reversion,GBPUSD,2013-10-09 06:00:00+00:00,2013-10-09 06:15:00+00:00,2013-10-09 06:45:00+00:00,1,-0.9999999999999459,SL,False
S2-09,shock_reversion,GBPUSD,2013-10-09 06:45:00+00:00,2013-10-09 07:00:00+00:00,2013-10-09 07:00:00+00:00,1,0.9999999999998578,TP,False
S2-09,shock_reversion,GBPUSD,2013-10-09 08:30:00+00:00,2013-10-09 08:45:00+00:00,2013-10-09 09:00:00+00:00,1,-1.0000000000000229,SL,False
S2-09,shock_reversion,GBPUSD,2013-10-09 18:00:00+00:00,2013-10-09 18:15:00+00:00,2013-10-09 18:15:00+00:00,1,0.999999999999961,TP,False
S2-09,shock_reversion,GBPUSD,2013-10-09 18:15:00+00:00,2013-10-09 18:30:00+00:00,2013-10-09 18:45:00+00:00,-1,-0.9999999999999629,SL,False
S2-09,shock_reversion,GBPUSD,2013-10-10 05:15:00+00:00,2013-10-10 05:30:00+00:00,2013-10-10 05:45:00+00:00,-1,-1.0,SL,False
S2-09,shock_reversion,GBPUSD,2013-10-13 21:00:00+00:00,2013-10-13 21:15:00+00:00,2013-10-13 21:15:00+00:00,-1,-1.0,SL,True
S2-09,shock_reversion,GBPUSD,2013-10-14 01:30:00+00:00,2013-10-14 01:45:00+00:00,2013-10-14 01:45:00+00:00,-1,-1.000000000000107,SL,False
S2-09,shock_reversion,GBPUSD,2013-10-14 09:15:00+00:00,2013-10-14 09:30:00+00:00,2013-10-14 09:30:00+00:00,1,1.0,TP,False
S2-09,shock_reversion,GBPUSD,2013-10-15 00:45:00+00:00,2013-10-15 01:00:00+00:00,2013-10-15 01:00:00+00:00,1,0.9999999999998953,TP,False
S2-09,shock_reversion,GBPUSD,2013-10-16 08:00:00+00:00,2013-10-16 08:15:00+00:00,2013-10-16 08:15:00+00:00,-1,-1.0000000000000722,SL,False
S2-09,shock_reversion,GBPUSD,2013-10-16 13:45:00+00:00,2013-10-16 14:00:00+00:00,2013-10-16 14:00:00+00:00,1,-1.0000000000000695,SL,False
S2-09,shock_reversion,GBPUSD,2013-10-16 14:00:00+00:00,2013-10-16 14:15:00+00:00,2013-10-16 14:30:00+00:00,1,-0.9999999999999131,SL,False
S2-09,shock_reversion,GBPUSD,2013-10-17 05:45:00+00:00,2013-10-17 06:00:00+00:00,2013-10-17 06:00:00+00:00,-1,-0.9999999999999077,SL,False
S2-09,shock_reversion,GBPUSD,2013-10-17 07:15:00+00:00,2013-10-17 07:30:00+00:00,2013-10-17 07:30:00+00:00,-1,-0.9999999999999413,SL,False
S2-09,shock_reversion,GBPUSD,2013-10-17 07:45:00+00:00,2013-10-17 08:00:00+00:00,2013-10-17 08:00:00+00:00,-1,-0.999999999999979,SL,False
S2-09,shock_reversion,GBPUSD,2013-10-18 06:00:00+00:00,2013-10-18 06:15:00+00:00,2013-10-18 06:15:00+00:00,-1,-0.9999999999997373,SL,False
S2-09,shock_reversion,GBPUSD,2013-10-18 06:15:00+00:00,2013-10-18 06:30:00+00:00,2013-10-18 06:30:00+00:00,-1,-1.0,SL,False
S2-09,shock_reversion,GBPUSD,2013-10-18 06:30:00+00:00,2013-10-18 06:45:00+00:00,2013-10-18 07:30:00+00:00,-1,0.9999999999998859,TP,False
S2-09,shock_reversion,GBPUSD,2013-10-20 21:15:00+00:00,2013-10-20 21:30:00+00:00,2013-10-20 21:30:00+00:00,-1,-1.0000000000002847,SL,False
S2-09,shock_reversion,GBPUSD,2013-10-20 21:30:00+00:00,2013-10-20 21:45:00+00:00,2013-10-20 21:45:00+00:00,-1,-0.9999999999993436,SL,False
S2-09,shock_reversion,GBPUSD,2013-10-21 23:00:00+00:00,2013-10-21 23:15:00+00:00,2013-10-21 23:15:00+00:00,1,-1.0,SL,True
S2-09,shock_reversion,GBPUSD,2013-10-22 12:30:00+00:00,2013-10-22 12:45:00+00:00,2013-10-22 12:45:00+00:00,-1,0.9999999999999218,TP,False
S2-09,shock_reversion,GBPUSD,2013-10-23 04:15:00+00:00,2013-10-23 04:30:00+00:00,2013-10-23 05:15:00+00:00,1,-1.0,SL,False
S2-09,shock_reversion,GBPUSD,2013-10-23 06:15:00+00:00,2013-10-23 06:30:00+00:00,2013-10-23 06:30:00+00:00,1,-0.999999999999969,SL,False
S2-09,shock_reversion,GBPUSD,2013-10-23 08:30:00+00:00,2013-10-23 08:45:00+00:00,2013-10-23 10:30:00+00:00,1,-1.000000000000041,SL,False
S2-09,shock_reversion,GBPUSD,2013-10-24 01:45:00+00:00,2013-10-24 02:00:00+00:00,2013-10-24 02:00:00+00:00,-1,-0.9999999999999217,SL,False
S2-09,shock_reversion,GBPUSD,2013-10-24 05:45:00+00:00,2013-10-24 06:00:00+00:00,2013-10-24 06:00:00+00:00,-1,-0.9999999999998244,SL,False
S2-09,shock_reversion,GBPUSD,2013-10-24 07:15:00+00:00,2013-10-24 07:30:00+00:00,2013-10-24 07:30:00+00:00,1,0.9999999999999664,TP,False
S2-09,shock_reversion,GBPUSD,2013-10-25 03:45:00+00:00,2013-10-25 04:00:00+00:00,2013-10-25 04:00:00+00:00,-1,-1.0,SL,False
S2-09,shock_reversion,GBPUSD,2013-10-25 04:00:00+00:00,2013-10-25 04:15:00+00:00,2013-10-25 04:30:00+00:00,-1,-1.0000000000001152,SL,True
S2-09,shock_reversion,GBPUSD,2013-10-25 08:30:00+00:00,2013-10-25 08:45:00+00:00,2013-10-25 09:30:00+00:00,-1,0.9999999999999786,TP,False
S2-09,shock_reversion,GBPUSD,2013-10-27 21:00:00+00:00,2013-10-27 21:15:00+00:00,2013-10-27 21:15:00+00:00,-1,-1.0000000000011684,SL,False
S2-09,shock_reversion,GBPUSD,2013-10-27 21:15:00+00:00,2013-10-27 21:30:00+00:00,2013-10-27 21:30:00+00:00,-1,-1.000000000001211,SL,False
S2-09,shock_reversion,GBPUSD,2013-10-27 21:45:00+00:00,2013-10-27 22:00:00+00:00,2013-10-27 22:00:00+00:00,-1,-1.0,SL,False
S2-09,shock_reversion,GBPUSD,2013-10-27 22:00:00+00:00,2013-10-27 22:15:00+00:00,2013-10-27 22:15:00+00:00,-1,-0.9999999999998361,SL,True
S2-09,shock_reversion,GBPUSD,2013-10-27 22:15:00+00:00,2013-10-27 22:30:00+00:00,2013-10-27 22:30:00+00:00,-1,-1.0000000000002363,SL,False
S2-09,shock_reversion,GBPUSD,2013-10-28 07:45:00+00:00,2013-10-28 08:00:00+00:00,2013-10-28 08:15:00+00:00,-1,0.9999999999998233,TP,False
S2-09,shock_reversion,GBPUSD,2013-10-29 00:00:00+00:00,2013-10-29 00:15:00+00:00,2013-10-29 00:15:00+00:00,1,-1.000000000000104,SL,True
S2-09,shock_reversion,GBPUSD,2013-10-29 00:15:00+00:00,2013-10-29 00:30:00+00:00,2013-10-29 00:30:00+00:00,1,-0.9999999999999333,SL,True
S2-09,shock_reversion,GBPUSD,2013-10-29 05:30:00+00:00,2013-10-29 05:45:00+00:00,2013-10-29 05:45:00+00:00,-1,0.9999999999999312,TP,False
S2-09,shock_reversion,GBPUSD,2013-10-30 00:00:00+00:00,2013-10-30 00:15:00+00:00,2013-10-30 00:15:00+00:00,1,1.0000000000000746,TP,False
S2-09,shock_reversion,GBPUSD,2013-10-30 18:00:00+00:00,2013-10-30 18:15:00+00:00,2013-10-30 18:15:00+00:00,1,-1.000000000000085,SL,False
S2-09,shock_reversion,GBPUSD,2013-11-01 00:45:00+00:00,2013-11-01 01:00:00+00:00,2013-11-01 01:00:00+00:00,1,-1.0,SL,False
S2-09,shock_reversion,GBPUSD,2013-11-01 07:15:00+00:00,2013-11-01 07:30:00+00:00,2013-11-01 07:30:00+00:00,1,-1.0000000000001585,SL,False
S2-09,shock_reversion,GBPUSD,2013-11-03 22:00:00+00:00,2013-11-03 22:15:00+00:00,2013-11-03 22:15:00+00:00,-1,-1.0,SL,True
S2-09,shock_reversion,GBPUSD,2013-11-03 22:30:00+00:00,2013-11-03 22:45:00+00:00,2013-11-03 22:45:00+00:00,-1,-1.0000000000002982,SL,True
S2-09,shock_reversion,GBPUSD,2013-11-03 23:00:00+00:00,2013-11-03 23:15:00+00:00,2013-11-03 23:15:00+00:00,1,-0.9999999999998642,SL,False
S2-09,shock_reversion,GBPUSD,2013-11-04 03:00:00+00:00,2013-11-04 03:15:00+00:00,2013-11-04 03:15:00+00:00,1,1.0000000000001326,TP,False
S2-09,shock_reversion,GBPUSD,2013-11-05 09:15:00+00:00,2013-11-05 09:30:00+00:00,2013-11-05 09:30:00+00:00,-1,-0.9999999999999203,SL,False
S2-09,shock_reversion,GBPUSD,2013-11-06 02:45:00+00:00,2013-11-06 03:00:00+00:00,2013-11-06 03:00:00+00:00,-1,-0.9999999999998096,SL,False
S2-09,shock_reversion,GBPUSD,2013-11-06 03:00:00+00:00,2013-11-06 03:15:00+00:00,2013-11-06 03:15:00+00:00,-1,0.9999999999999503,TP,False
S2-09,shock_reversion,GBPUSD,2013-11-06 08:45:00+00:00,2013-11-06 09:00:00+00:00,2013-11-06 09:00:00+00:00,-1,-0.9999999999999005,SL,False
S2-09,shock_reversion,GBPUSD,2013-11-06 09:00:00+00:00,2013-11-06 09:15:00+00:00,2013-11-06 09:15:00+00:00,-1,0.999999999999873,TP,False
S2-09,shock_reversion,GBPUSD,2013-11-06 09:15:00+00:00,2013-11-06 09:30:00+00:00,2013-11-06 09:30:00+00:00,1,-0.999999999999906,SL,True
S2-09,shock_reversion,GBPUSD,2013-11-06 09:30:00+00:00,2013-11-06 09:45:00+00:00,2013-11-06 10:00:00+00:00,-1,1.0000000000000244,TP,False
S2-09,shock_reversion,GBPUSD,2013-11-07 00:45:00+00:00,2013-11-07 01:00:00+00:00,2013-11-07 01:15:00+00:00,1,-0.9999999999997707,SL,False
S2-09,shock_reversion,GBPUSD,2013-11-07 07:15:00+00:00,2013-11-07 07:30:00+00:00,2013-11-07 07:30:00+00:00,-1,1.0000000000001708,TP,False
S2-09,shock_reversion,GBPUSD,2013-11-07 12:00:00+00:00,2013-11-07 12:15:00+00:00,2013-11-07 12:15:00+00:00,1,-1.00000000000011,SL,False
S2-09,shock_reversion,GBPUSD,2013-11-07 12:45:00+00:00,2013-11-07 13:00:00+00:00,2013-11-07 13:00:00+00:00,1,1.0000000000000762,TP,False
S2-09,shock_reversion,GBPUSD,2013-11-07 13:30:00+00:00,2013-11-07 13:45:00+00:00,2013-11-07 14:30:00+00:00,1,0.9999999999999668,TP,False
S2-09,shock_reversion,GBPUSD,2013-11-08 00:30:00+00:00,2013-11-08 00:45:00+00:00,2013-11-08 00:45:00+00:00,-1,0.9999999999999569,TP,False
S2-09,shock_reversion,GBPUSD,2013-11-08 08:00:00+00:00,2013-11-08 08:15:00+00:00,2013-11-08 08:15:00+00:00,1,1.0000000000001303,TP,False
S2-09,shock_reversion,GBPUSD,2013-11-08 13:15:00+00:00,2013-11-08 13:30:00+00:00,2013-11-08 13:30:00+00:00,1,-0.9999999999999373,SL,False
S2-09,shock_reversion,GBPUSD,2013-11-08 13:30:00+00:00,2013-11-08 13:45:00+00:00,2013-11-08 13:45:00+00:00,1,-0.9999999999999293,SL,True
S2-09,shock_reversion,GBPUSD,2013-11-08 21:00:00+00:00,2013-11-08 21:15:00+00:00,2013-11-08 21:15:00+00:00,-1,1.1990611822738484,FRIDAY,False
S2-09,shock_reversion,GBPUSD,2013-11-10 22:15:00+00:00,2013-11-10 22:30:00+00:00,2013-11-10 22:30:00+00:00,1,-1.0000000000003444,SL,False
S2-09,shock_reversion,GBPUSD,2013-11-10 22:45:00+00:00,2013-11-10 23:00:00+00:00,2013-11-10 23:00:00+00:00,1,-1.000000000000373,SL,False
S2-09,shock_reversion,GBPUSD,2013-11-11 07:15:00+00:00,2013-11-11 07:30:00+00:00,2013-11-11 07:30:00+00:00,1,0.9999999999999225,TP,False
S2-09,shock_reversion,GBPUSD,2013-11-12 01:15:00+00:00,2013-11-12 01:30:00+00:00,2013-11-12 02:15:00+00:00,1,-1.0,SL,False
S2-09,shock_reversion,GBPUSD,2013-11-12 06:45:00+00:00,2013-11-12 07:00:00+00:00,2013-11-12 07:30:00+00:00,1,0.9999999999999026,TP,False
S2-09,shock_reversion,GBPUSD,2013-11-12 07:45:00+00:00,2013-11-12 08:00:00+00:00,2013-11-12 08:30:00+00:00,1,-1.0000000000000864,SL,False
S2-09,shock_reversion,GBPUSD,2013-11-12 09:00:00+00:00,2013-11-12 09:15:00+00:00,2013-11-12 09:15:00+00:00,1,-1.0,SL,False
S2-09,shock_reversion,GBPUSD,2013-11-12 09:30:00+00:00,2013-11-12 09:45:00+00:00,2013-11-12 09:45:00+00:00,1,1.0000000000000442,TP,False
S2-09,shock_reversion,GBPUSD,2013-11-13 08:00:00+00:00,2013-11-13 08:15:00+00:00,2013-11-13 08:15:00+00:00,-1,-1.0,SL,False
S2-09,shock_reversion,GBPUSD,2013-11-13 09:30:00+00:00,2013-11-13 09:45:00+00:00,2013-11-13 10:30:00+00:00,-1,-1.000000000000061,SL,False
S2-09,shock_reversion,GBPUSD,2013-11-13 10:30:00+00:00,2013-11-13 10:45:00+00:00,2013-11-13 10:45:00+00:00,-1,1.0000000000000355,TP,False
S2-09,shock_reversion,GBPUSD,2013-11-13 21:30:00+00:00,2013-11-13 21:45:00+00:00,2013-11-13 21:45:00+00:00,-1,-0.9999999999999074,SL,False
S2-09,shock_reversion,GBPUSD,2013-11-13 21:45:00+00:00,2013-11-13 22:00:00+00:00,2013-11-13 22:00:00+00:00,-1,1.0000000000000375,TP,False
S2-09,shock_reversion,GBPUSD,2013-11-14 07:00:00+00:00,2013-11-14 07:15:00+00:00,2013-11-14 07:45:00+00:00,1,0.9999999999998939,TP,False
S2-09,shock_reversion,GBPUSD,2013-11-14 09:30:00+00:00,2013-11-14 09:45:00+00:00,2013-11-14 09:45:00+00:00,1,0.9999999999999255,TP,False
S2-09,shock_reversion,GBPUSD,2013-11-15 08:45:00+00:00,2013-11-15 09:00:00+00:00,2013-11-15 09:15:00+00:00,1,-1.0,SL,False
S2-09,shock_reversion,GBPUSD,2013-11-15 14:00:00+00:00,2013-11-15 14:15:00+00:00,2013-11-15 14:15:00+00:00,-1,-1.0000000000000246,SL,False
S2-09,shock_reversion,GBPUSD,2013-11-17 22:00:00+00:00,2013-11-17 22:15:00+00:00,2013-11-17 22:15:00+00:00,-1,-1.0000000000004488,SL,False
S2-09,shock_reversion,GBPUSD,2013-11-17 23:00:00+00:00,2013-11-17 23:15:00+00:00,2013-11-17 23:15:00+00:00,1,-1.000000000000343,SL,False
S2-09,shock_reversion,GBPUSD,2013-11-19 00:30:00+00:00,2013-11-19 00:45:00+00:00,2013-11-19 00:45:00+00:00,-1,1.0000000000001277,TP,False
S2-09,shock_reversion,GBPUSD,2013-11-19 08:00:00+00:00,2013-11-19 08:15:00+00:00,2013-11-19 08:15:00+00:00,-1,1.0000000000001152,TP,False
S2-09,shock_reversion,GBPUSD,2013-11-19 23:00:00+00:00,2013-11-19 23:15:00+00:00,2013-11-19 23:30:00+00:00,-1,0.9999999999999515,TP,False
S2-09,shock_reversion,GBPUSD,2013-11-20 06:30:00+00:00,2013-11-20 06:45:00+00:00,2013-11-20 07:15:00+00:00,-1,-0.9999999999998452,SL,False
S2-09,shock_reversion,GBPUSD,2013-11-20 09:30:00+00:00,2013-11-20 09:45:00+00:00,2013-11-20 10:00:00+00:00,1,1.000000000000085,TP,False
S2-09,shock_reversion,GBPUSD,2013-11-20 10:00:00+00:00,2013-11-20 10:15:00+00:00,2013-11-20 11:00:00+00:00,-1,1.0000000000000733,TP,False
S2-09,shock_reversion,GBPUSD,2013-11-20 19:00:00+00:00,2013-11-20 19:15:00+00:00,2013-11-20 19:15:00+00:00,1,0.999999999999926,TP,False
S2-09,shock_reversion,GBPUSD,2013-11-21 06:30:00+00:00,2013-11-21 06:45:00+00:00,2013-11-21 07:00:00+00:00,-1,1.0000000000001057,TP,False
S2-09,shock_reversion,GBPUSD,2013-11-22 05:15:00+00:00,2013-11-22 05:30:00+00:00,2013-11-22 05:45:00+00:00,-1,1.000000000000108,TP,False
S2-09,shock_reversion,GBPUSD,2013-11-24 22:00:00+00:00,2013-11-24 22:15:00+00:00,2013-11-24 22:15:00+00:00,-1,-0.9999999999986546,SL,False
S2-09,shock_reversion,GBPUSD,2013-11-24 22:30:00+00:00,2013-11-24 22:45:00+00:00,2013-11-24 22:45:00+00:00,-1,-0.9999999999992474,SL,False
S2-09,shock_reversion,GBPUSD,2013-11-24 22:45:00+00:00,2013-11-24 23:00:00+00:00,2013-11-24 23:00:00+00:00,-1,-0.9999999999995146,SL,False
S2-09,shock_reversion,GBPUSD,2013-11-24 23:00:00+00:00,2013-11-24 23:15:00+00:00,2013-11-24 23:15:00+00:00,-1,1.0000000000005622,TP,False
S2-09,shock_reversion,GBPUSD,2013-11-26 08:00:00+00:00,2013-11-26 08:15:00+00:00,2013-11-26 08:15:00+00:00,-1,-0.9999999999999098,SL,False
S2-09,shock_reversion,GBPUSD,2013-11-27 03:30:00+00:00,2013-11-27 03:45:00+00:00,2013-11-27 04:45:00+00:00,-1,1.0000000000000946,TP,False
S2-09,shock_reversion,GBPUSD,2013-11-27 09:30:00+00:00,2013-11-27 09:45:00+00:00,2013-11-27 09:45:00+00:00,-1,-1.0000000000000873,SL,False
S2-09,shock_reversion,GBPUSD,2013-11-27 09:45:00+00:00,2013-11-27 10:00:00+00:00,2013-11-27 10:15:00+00:00,-1,-0.9999999999999765,SL,False
S2-09,shock_reversion,GBPUSD,2013-11-28 01:15:00+00:00,2013-11-28 01:30:00+00:00,2013-11-28 01:45:00+00:00,-1,-1.0000000000001992,SL,False
S2-09,shock_reversion,GBPUSD,2013-11-28 08:00:00+00:00,2013-11-28 08:15:00+00:00,2013-11-28 08:45:00+00:00,-1,0.9999999999999027,TP,False
S2-09,shock_reversion,GBPUSD,2013-11-28 08:45:00+00:00,2013-11-28 09:00:00+00:00,2013-11-28 10:15:00+00:00,1,0.9999999999999182,TP,False
S2-09,shock_reversion,GBPUSD,2013-11-28 21:30:00+00:00,2013-11-28 21:45:00+00:00,2013-11-28 22:15:00+00:00,-1,1.00000000000012,TP,False
S2-09,shock_reversion,GBPUSD,2013-11-29 01:45:00+00:00,2013-11-29 02:00:00+00:00,2013-11-29 02:15:00+00:00,-1,1.000000000000042,TP,False
S2-09,shock_reversion,GBPUSD,2013-12-01 22:00:00+00:00,2013-12-01 22:15:00+00:00,2013-12-01 22:15:00+00:00,-1,-1.0000000000006677,SL,False
S2-09,shock_reversion,GBPUSD,2013-12-01 22:15:00+00:00,2013-12-01 22:30:00+00:00,2013-12-01 22:30:00+00:00,-1,-1.0000000000007978,SL,False
S2-09,shock_reversion,GBPUSD,2013-12-01 22:45:00+00:00,2013-12-01 23:00:00+00:00,2013-12-01 23:00:00+00:00,-1,-1.0,SL,False
S2-09,shock_reversion,GBPUSD,2013-12-02 00:30:00+00:00,2013-12-02 00:45:00+00:00,2013-12-02 00:45:00+00:00,-1,-0.9999999999999186,SL,True
S2-09,shock_reversion,GBPUSD,2013-12-02 07:30:00+00:00,2013-12-02 07:45:00+00:00,2013-12-02 08:00:00+00:00,-1,-0.9999999999999494,SL,True
S2-09,shock_reversion,GBPUSD,2013-12-02 09:15:00+00:00,2013-12-02 09:30:00+00:00,2013-12-02 09:30:00+00:00,-1,1.0,TP,False
S2-09,shock_reversion,GBPUSD,2013-12-02 15:00:00+00:00,2013-12-02 15:15:00+00:00,2013-12-02 15:15:00+00:00,1,1.0000000000000917,TP,False
S2-09,shock_reversion,GBPUSD,2013-12-03 01:00:00+00:00,2013-12-03 01:15:00+00:00,2013-12-03 01:15:00+00:00,1,-0.9999999999999213,SL,False
S2-09,shock_reversion,GBPUSD,2013-12-03 09:30:00+00:00,2013-12-03 09:45:00+00:00,2013-12-03 09:45:00+00:00,-1,-0.9999999999998985,SL,False
S2-09,shock_reversion,GBPUSD,2013-12-04 09:15:00+00:00,2013-12-04 09:30:00+00:00,2013-12-04 09:30:00+00:00,1,1.0,TP,False
S2-09,shock_reversion,GBPUSD,2013-12-05 06:15:00+00:00,2013-12-05 06:30:00+00:00,2013-12-05 06:30:00+00:00,-1,0.9999999999998559,TP,False
S2-09,shock_reversion,GBPUSD,2013-12-06 14:00:00+00:00,2013-12-06 14:15:00+00:00,2013-12-06 15:45:00+00:00,-1,-1.000000000000052,SL,False
S2-09,shock_reversion,GBPUSD,2013-12-08 22:00:00+00:00,2013-12-08 22:15:00+00:00,2013-12-08 22:15:00+00:00,-1,-1.0000000000027751,SL,False
S2-09,shock_reversion,GBPUSD,2013-12-08 22:15:00+00:00,2013-12-08 22:30:00+00:00,2013-12-08 22:30:00+00:00,-1,-0.9999999999992409,SL,False
S2-09,shock_reversion,GBPUSD,2013-12-08 23:30:00+00:00,2013-12-08 23:45:00+00:00,2013-12-08 23:45:00+00:00,1,-0.9999999999997871,SL,False
S2-09,shock_reversion,GBPUSD,2013-12-08 23:45:00+00:00,2013-12-09 00:00:00+00:00,2013-12-09 00:00:00+00:00,1,-1.0,SL,False
S2-09,shock_reversion,GBPUSD,2013-12-10 02:00:00+00:00,2013-12-10 02:15:00+00:00,2013-12-10 02:30:00+00:00,-1,0.9999999999999001,TP,False
S2-09,shock_reversion,GBPUSD,2013-12-11 01:00:00+00:00,2013-12-11 01:15:00+00:00,2013-12-11 03:30:00+00:00,1,0.9999999999998765,TP,False
S2-09,shock_reversion,GBPUSD,2013-12-11 08:00:00+00:00,2013-12-11 08:15:00+00:00,2013-12-11 08:45:00+00:00,1,0.9999999999998587,TP,False
S2-09,shock_reversion,GBPUSD,2013-12-11 15:15:00+00:00,2013-12-11 15:30:00+00:00,2013-12-11 15:45:00+00:00,1,1.0000000000000735,TP,False
S2-09,shock_reversion,GBPUSD,2013-12-12 07:30:00+00:00,2013-12-12 07:45:00+00:00,2013-12-12 07:45:00+00:00,-1,-1.0000000000001206,SL,False
S2-09,shock_reversion,GBPUSD,2013-12-12 08:00:00+00:00,2013-12-12 08:15:00+00:00,2013-12-12 08:30:00+00:00,-1,-1.000000000000044,SL,False
S2-09,shock_reversion,GBPUSD,2013-12-12 13:30:00+00:00,2013-12-12 13:45:00+00:00,2013-12-12 13:45:00+00:00,1,-0.9999999999999213,SL,False
S2-09,shock_reversion,GBPUSD,2013-12-13 07:45:00+00:00,2013-12-13 08:00:00+00:00,2013-12-13 08:00:00+00:00,1,-0.9999999999998929,SL,False
S2-09,shock_reversion,GBPUSD,2013-12-13 10:00:00+00:00,2013-12-13 10:15:00+00:00,2013-12-13 10:15:00+00:00,1,-1.0000000000000855,SL,False
S2-09,shock_reversion,GBPUSD,2013-12-15 22:00:00+00:00,2013-12-15 22:15:00+00:00,2013-12-15 22:15:00+00:00,-1,-0.9999999999990274,SL,False
S2-09,shock_reversion,GBPUSD,2013-12-15 22:45:00+00:00,2013-12-15 23:00:00+00:00,2013-12-15 23:00:00+00:00,-1,-0.999999999999865,SL,False
S2-09,shock_reversion,GBPUSD,2013-12-15 23:00:00+00:00,2013-12-15 23:15:00+00:00,2013-12-15 23:15:00+00:00,-1,-1.0000000000003288,SL,True
S2-09,shock_reversion,GBPUSD,2013-12-16 07:30:00+00:00,2013-12-16 07:45:00+00:00,2013-12-16 07:45:00+00:00,-1,1.0000000000002012,TP,False
S2-09,shock_reversion,GBPUSD,2013-12-16 15:45:00+00:00,2013-12-16 16:00:00+00:00,2013-12-16 16:15:00+00:00,1,1.0000000000000708,TP,False
S2-09,shock_reversion,GBPUSD,2013-12-17 07:45:00+00:00,2013-12-17 08:00:00+00:00,2013-12-17 08:00:00+00:00,1,1.000000000000092,TP,False
S2-09,shock_reversion,GBPUSD,2013-12-17 08:45:00+00:00,2013-12-17 09:00:00+00:00,2013-12-17 09:00:00+00:00,-1,0.9999999999999458,TP,False
S2-09,shock_reversion,GBPUSD,2013-12-17 09:15:00+00:00,2013-12-17 09:30:00+00:00,2013-12-17 09:30:00+00:00,1,-0.9999999999998752,SL,False
S2-09,shock_reversion,GBPUSD,2013-12-17 09:30:00+00:00,2013-12-17 09:45:00+00:00,2013-12-17 09:45:00+00:00,1,0.999999999999899,TP,False
S2-09,shock_reversion,GBPUSD,2013-12-18 07:15:00+00:00,2013-12-18 07:30:00+00:00,2013-12-18 07:45:00+00:00,-1,0.9999999999999231,TP,False
S2-09,shock_reversion,GBPUSD,2013-12-18 08:45:00+00:00,2013-12-18 09:00:00+00:00,2013-12-18 09:00:00+00:00,-1,-1.00000000000013,SL,True
S2-09,shock_reversion,GBPUSD,2013-12-18 09:00:00+00:00,2013-12-18 09:15:00+00:00,2013-12-18 09:15:00+00:00,-1,1.0,TP,False
S2-09,shock_reversion,GBPUSD,2013-12-18 09:30:00+00:00,2013-12-18 09:45:00+00:00,2013-12-18 10:45:00+00:00,-1,-1.0000000000000253,SL,False
S2-09,shock_reversion,GBPUSD,2013-12-18 19:00:00+00:00,2013-12-18 19:15:00+00:00,2013-12-18 19:15:00+00:00,-1,-0.9999999999999352,SL,False
S2-09,shock_reversion,GBPUSD,2013-12-18 19:30:00+00:00,2013-12-18 19:45:00+00:00,2013-12-18 19:45:00+00:00,-1,0.9999999999999499,TP,False
S2-09,shock_reversion,GBPUSD,2013-12-19 09:15:00+00:00,2013-12-19 09:30:00+00:00,2013-12-19 09:30:00+00:00,-1,0.9999999999999091,TP,False
S2-09,shock_reversion,GBPUSD,2013-12-20 07:00:00+00:00,2013-12-20 07:15:00+00:00,2013-12-20 07:30:00+00:00,1,-1.0,SL,False
S2-09,shock_reversion,GBPUSD,2013-12-20 08:30:00+00:00,2013-12-20 08:45:00+00:00,2013-12-20 08:45:00+00:00,1,1.0000000000000917,TP,False
S2-09,shock_reversion,GBPUSD,2013-12-22 22:45:00+00:00,2013-12-22 23:00:00+00:00,2013-12-22 23:00:00+00:00,-1,-0.9999999999996204,SL,True
S2-09,shock_reversion,GBPUSD,2013-12-22 23:00:00+00:00,2013-12-22 23:15:00+00:00,2013-12-22 23:45:00+00:00,1,1.0000000000002847,TP,False
S2-09,shock_reversion,GBPUSD,2013-12-23 00:00:00+00:00,2013-12-23 00:15:00+00:00,2013-12-23 00:15:00+00:00,-1,-0.999999999999915,SL,False
S2-09,shock_reversion,GBPUSD,2013-12-23 07:30:00+00:00,2013-12-23 07:45:00+00:00,2013-12-23 07:45:00+00:00,-1,1.0,TP,False
S2-09,shock_reversion,GBPUSD,2013-12-24 01:45:00+00:00,2013-12-24 02:00:00+00:00,2013-12-24 05:15:00+00:00,-1,1.0000000000001006,TP,False
S2-09,shock_reversion,GBPUSD,2013-12-24 08:30:00+00:00,2013-12-24 08:45:00+00:00,2013-12-24 08:45:00+00:00,1,0.9999999999999487,TP,False
S2-09,shock_reversion,GBPUSD,2013-12-25 03:30:00+00:00,2013-12-25 03:45:00+00:00,2013-12-25 03:45:00+00:00,1,-1.0000000000001374,SL,False
S2-09,shock_reversion,GBPUSD,2013-12-25 23:45:00+00:00,2013-12-26 00:00:00+00:00,2013-12-26 00:00:00+00:00,-1,-0.9999999999997834,SL,False
S2-09,shock_reversion,GBPUSD,2013-12-26 00:15:00+00:00,2013-12-26 00:30:00+00:00,2013-12-26 00:30:00+00:00,-1,-1.0000000000002052,SL,False
S2-09,shock_reversion,GBPUSD,2013-12-26 00:30:00+00:00,2013-12-26 00:45:00+00:00,2013-12-26 00:45:00+00:00,-1,-0.9999999999998941,SL,False
S2-09,shock_reversion,GBPUSD,2013-12-26 00:45:00+00:00,2013-12-26 01:00:00+00:00,2013-12-26 02:00:00+00:00,-1,1.0,TP,False
S2-09,shock_reversion,GBPUSD,2013-12-26 13:15:00+00:00,2013-12-26 13:30:00+00:00,2013-12-26 13:30:00+00:00,-1,-0.9999999999999196,SL,False
S2-09,shock_reversion,GBPUSD,2013-12-27 00:30:00+00:00,2013-12-27 00:45:00+00:00,2013-12-27 01:30:00+00:00,-1,-0.9999999999999462,SL,False
S2-09,shock_reversion,GBPUSD,2013-12-27 06:30:00+00:00,2013-12-27 06:45:00+00:00,2013-12-27 06:45:00+00:00,-1,-1.0000000000001172,SL,False
S2-09,shock_reversion,GBPUSD,2013-12-27 08:15:00+00:00,2013-12-27 08:30:00+00:00,2013-12-27 08:30:00+00:00,-1,0.9999999999998931,TP,False
S2-09,shock_reversion,GBPUSD,2013-12-27 11:30:00+00:00,2013-12-27 11:45:00+00:00,2013-12-27 11:45:00+00:00,-1,0.9999999999999376,TP,False
S2-09,shock_reversion,GBPUSD,2013-12-29 22:00:00+00:00,2013-12-29 22:15:00+00:00,2013-12-29 22:15:00+00:00,-1,-1.0000000000011895,SL,False
S2-09,shock_reversion,GBPUSD,2013-12-29 22:15:00+00:00,2013-12-29 22:30:00+00:00,2013-12-29 22:30:00+00:00,-1,-1.0,SL,True
S2-09,shock_reversion,GBPUSD,2013-12-29 22:45:00+00:00,2013-12-29 23:00:00+00:00,2013-12-29 23:00:00+00:00,-1,-1.0000000000002325,SL,True
S2-09,shock_reversion,GBPUSD,2013-12-29 23:15:00+00:00,2013-12-29 23:30:00+00:00,2013-12-30 00:00:00+00:00,1,-0.999999999999766,SL,False
S2-09,shock_reversion,GBPUSD,2013-12-30 07:15:00+00:00,2013-12-30 07:30:00+00:00,2013-12-30 07:30:00+00:00,-1,-1.0000000000000764,SL,False
S2-09,shock_reversion,GBPUSD,2013-12-30 08:15:00+00:00,2013-12-30 08:30:00+00:00,2013-12-30 08:45:00+00:00,-1,0.999999999999902,TP,False
S2-09,shock_reversion,GBPUSD,2013-12-30 22:00:00+00:00,2013-12-30 22:15:00+00:00,2013-12-30 22:15:00+00:00,1,-1.0000000000001377,SL,False
S2-09,shock_reversion,GBPUSD,2013-12-31 07:00:00+00:00,2013-12-31 07:15:00+00:00,2013-12-31 07:15:00+00:00,-1,-0.9999999999998667,SL,False
S2-09,shock_reversion,GBPUSD,2013-12-31 07:30:00+00:00,2013-12-31 07:45:00+00:00,2013-12-31 07:45:00+00:00,-1,-1.000000000000096,SL,False
S2-09,shock_reversion,GBPUSD,2014-01-01 22:15:00+00:00,2014-01-01 22:30:00+00:00,2014-01-01 22:30:00+00:00,-1,-0.9999999999995938,SL,False
S2-09,shock_reversion,GBPUSD,2014-01-01 22:30:00+00:00,2014-01-01 22:45:00+00:00,2014-01-01 22:45:00+00:00,-1,-1.0000000000001992,SL,False
S2-09,shock_reversion,GBPUSD,2014-01-01 22:45:00+00:00,2014-01-01 23:00:00+00:00,2014-01-01 23:00:00+00:00,-1,-1.0000000000001539,SL,False
S2-09,shock_reversion,GBPUSD,2014-01-01 23:00:00+00:00,2014-01-01 23:15:00+00:00,2014-01-01 23:15:00+00:00,-1,1.0,TP,False
S2-09,shock_reversion,GBPUSD,2014-01-02 07:00:00+00:00,2014-01-02 07:15:00+00:00,2014-01-02 07:30:00+00:00,1,-1.0,SL,False
S2-09,shock_reversion,GBPUSD,2014-01-05 22:00:00+00:00,2014-01-05 22:15:00+00:00,2014-01-05 22:15:00+00:00,1,-1.0,SL,True
S2-09,shock_reversion,GBPUSD,2014-01-05 22:30:00+00:00,2014-01-05 22:45:00+00:00,2014-01-05 22:45:00+00:00,1,-1.0,SL,True
S2-09,shock_reversion,GBPUSD,2014-01-06 01:30:00+00:00,2014-01-06 01:45:00+00:00,2014-01-06 01:45:00+00:00,1,-0.9999999999999386,SL,False
S2-09,shock_reversion,GBPUSD,2014-01-08 00:00:00+00:00,2014-01-08 00:15:00+00:00,2014-01-08 00:15:00+00:00,1,-1.0000000000001463,SL,False
S2-09,shock_reversion,GBPUSD,2014-01-08 13:15:00+00:00,2014-01-08 13:30:00+00:00,2014-01-08 13:45:00+00:00,1,1.0000000000000349,TP,False
S2-09,shock_reversion,GBPUSD,2014-01-08 14:00:00+00:00,2014-01-08 14:15:00+00:00,2014-01-08 14:30:00+00:00,-1,1.0000000000000304,TP,False
S2-09,shock_reversion,GBPUSD,2014-01-09 07:45:00+00:00,2014-01-09 08:00:00+00:00,2014-01-09 08:00:00+00:00,-1,1.0000000000001874,TP,False
S2-09,shock_reversion,GBPUSD,2014-01-09 13:00:00+00:00,2014-01-09 13:15:00+00:00,2014-01-09 13:15:00+00:00,-1,-0.9999999999999646,SL,False
S2-09,shock_reversion,GBPUSD,2014-01-10 09:00:00+00:00,2014-01-10 09:15:00+00:00,2014-01-10 09:30:00+00:00,1,-1.0,SL,False
S2-09,shock_reversion,GBPUSD,2014-01-10 09:30:00+00:00,2014-01-10 09:45:00+00:00,2014-01-10 10:00:00+00:00,1,-0.9999999999999662,SL,False
S2-09,shock_reversion,GBPUSD,2014-01-10 13:15:00+00:00,2014-01-10 13:30:00+00:00,2014-01-10 13:30:00+00:00,1,1.0000000000000553,TP,False
S2-09,shock_reversion,GBPUSD,2014-01-10 13:30:00+00:00,2014-01-10 13:45:00+00:00,2014-01-10 13:45:00+00:00,-1,-0.9999999999999812,SL,False
S2-09,shock_reversion,GBPUSD,2014-01-12 22:30:00+00:00,2014-01-12 22:45:00+00:00,2014-01-12 22:45:00+00:00,1,-0.9999999999997865,SL,True
S2-09,shock_reversion,GBPUSD,2014-01-12 22:45:00+00:00,2014-01-12 23:00:00+00:00,2014-01-12 23:00:00+00:00,-1,-1.0000000000002902,SL,False
S2-09,shock_reversion,GBPUSD,2014-01-13 08:15:00+00:00,2014-01-13 08:30:00+00:00,2014-01-13 08:30:00+00:00,1,-1.0,SL,False
S2-09,shock_reversion,GBPUSD,2014-01-13 13:15:00+00:00,2014-01-13 13:30:00+00:00,2014-01-13 13:30:00+00:00,1,-1.0000000000000644,SL,False
S2-09,shock_reversion,GBPUSD,2014-01-14 07:00:00+00:00,2014-01-14 07:15:00+00:00,2014-01-14 07:30:00+00:00,1,1.000000000000056,TP,False
S2-09,shock_reversion,GBPUSD,2014-01-14 07:45:00+00:00,2014-01-14 08:00:00+00:00,2014-01-14 08:00:00+00:00,-1,-0.9999999999998683,SL,False
S2-09,shock_reversion,GBPUSD,2014-01-14 08:15:00+00:00,2014-01-14 08:30:00+00:00,2014-01-14 08:30:00+00:00,-1,-0.9999999999998945,SL,False
S2-09,shock_reversion,GBPUSD,2014-01-15 01:30:00+00:00,2014-01-15 01:45:00+00:00,2014-01-15 01:45:00+00:00,1,1.0000000000000524,TP,False
S2-09,shock_reversion,GBPUSD,2014-01-15 07:00:00+00:00,2014-01-15 07:15:00+00:00,2014-01-15 07:45:00+00:00,1,1.00000000000013,TP,False
S2-09,shock_reversion,GBPUSD,2014-01-15 08:00:00+00:00,2014-01-15 08:15:00+00:00,2014-01-15 08:30:00+00:00,1,0.9999999999999111,TP,False
S2-09,shock_reversion,GBPUSD,2014-01-15 13:30:00+00:00,2014-01-15 13:45:00+00:00,2014-01-15 14:00:00+00:00,1,1.0000000000000213,TP,False
S2-09,shock_reversion,GBPUSD,2014-01-15 22:15:00+00:00,2014-01-15 22:30:00+00:00,2014-01-15 22:30:00+00:00,1,-1.0,SL,False
S2-09,shock_reversion,GBPUSD,2014-01-16 05:15:00+00:00,2014-01-16 05:30:00+00:00,2014-01-16 05:45:00+00:00,1,1.0,TP,False
S2-09,shock_reversion,GBPUSD,2014-01-17 07:30:00+00:00,2014-01-17 07:45:00+00:00,2014-01-17 07:45:00+00:00,1,-1.000000000000128,SL,False
S2-09,shock_reversion,GBPUSD,2014-01-17 08:15:00+00:00,2014-01-17 08:30:00+00:00,2014-01-17 08:30:00+00:00,1,-1.0000000000000413,SL,False
S2-09,shock_reversion,GBPUSD,2014-01-17 09:30:00+00:00,2014-01-17 09:45:00+00:00,2014-01-17 09:45:00+00:00,-1,-1.0000000000000167,SL,False
S2-09,shock_reversion,GBPUSD,2014-01-19 22:00:00+00:00,2014-01-19 22:15:00+00:00,2014-01-19 22:15:00+00:00,1,-1.0000000000028342,SL,False
S2-09,shock_reversion,GBPUSD,2014-01-19 22:15:00+00:00,2014-01-19 22:30:00+00:00,2014-01-19 22:30:00+00:00,1,-1.000000000000658,SL,False
S2-09,shock_reversion,GBPUSD,2014-01-20 00:15:00+00:00,2014-01-20 00:30:00+00:00,2014-01-20 00:30:00+00:00,1,0.999999999999849,TP,False
S2-09,shock_reversion,GBPUSD,2014-01-20 06:00:00+00:00,2014-01-20 06:15:00+00:00,2014-01-20 07:00:00+00:00,-1,1.0000000000000566,TP,False
S2-09,shock_reversion,GBPUSD,2014-01-21 08:00:00+00:00,2014-01-21 08:15:00+00:00,2014-01-21 08:45:00+00:00,1,0.9999999999999621,TP,False
S2-09,shock_reversion,GBPUSD,2014-01-21 10:00:00+00:00,2014-01-21 10:15:00+00:00,2014-01-21 11:00:00+00:00,-1,1.0000000000000477,TP,False
S2-09,shock_reversion,GBPUSD,2014-01-21 13:45:00+00:00,2014-01-21 14:00:00+00:00,2014-01-21 15:15:00+00:00,-1,1.0000000000000204,TP,False
S2-09,shock_reversion,GBPUSD,2014-01-22 00:30:00+00:00,2014-01-22 00:45:00+00:00,2014-01-22 00:45:00+00:00,-1,-0.9999999999999233,SL,False
S2-09,shock_reversion,GBPUSD,2014-01-22 01:00:00+00:00,2014-01-22 01:15:00+00:00,2014-01-22 01:15:00+00:00,-1,1.0000000000000582,TP,False
S2-09,shock_reversion,GBPUSD,2014-01-22 07:45:00+00:00,2014-01-22 08:00:00+00:00,2014-01-22 08:00:00+00:00,1,-0.999999999999905,SL,False
S2-09,shock_reversion,GBPUSD,2014-01-22 09:30:00+00:00,2014-01-22 09:45:00+00:00,2014-01-22 11:30:00+00:00,-1,-0.9999999999999787,SL,False
S2-09,shock_reversion,GBPUSD,2014-01-23 07:45:00+00:00,2014-01-23 08:00:00+00:00,2014-01-23 08:00:00+00:00,-1,-1.0000000000001044,SL,False
S2-09,shock_reversion,GBPUSD,2014-01-23 08:00:00+00:00,2014-01-23 08:15:00+00:00,2014-01-23 08:15:00+00:00,-1,-1.0000000000000906,SL,False
S2-09,shock_reversion,GBPUSD,2014-01-23 08:15:00+00:00,2014-01-23 08:30:00+00:00,2014-01-23 08:30:00+00:00,-1,-1.0000000000001157,SL,True
S2-09,shock_reversion,GBPUSD,2014-01-24 07:00:00+00:00,2014-01-24 07:15:00+00:00,2014-01-24 07:15:00+00:00,-1,0.9999999999999031,TP,False
S2-09,shock_reversion,GBPUSD,2014-01-24 07:30:00+00:00,2014-01-24 07:45:00+00:00,2014-01-24 08:00:00+00:00,-1,-1.0,SL,False
S2-09,shock_reversion,GBPUSD,2014-01-24 12:00:00+00:00,2014-01-24 12:15:00+00:00,2014-01-24 12:15:00+00:00,1,-0.9999999999999635,SL,False
S2-09,shock_reversion,GBPUSD,2014-01-24 21:45:00+00:00,2014-01-24 22:00:00+00:00,2014-01-24 22:00:00+00:00,1,-0.9110523683646495,FRIDAY,False
S2-09,shock_reversion,GBPUSD,2014-01-27 07:00:00+00:00,2014-01-27 07:15:00+00:00,2014-01-27 07:15:00+00:00,1,1.0000000000001166,TP,False
S2-09,shock_reversion,GBPUSD,2014-01-27 07:15:00+00:00,2014-01-27 07:30:00+00:00,2014-01-27 07:45:00+00:00,-1,-1.0000000000001457,SL,False
S2-09,shock_reversion,GBPUSD,2014-01-27 07:45:00+00:00,2014-01-27 08:00:00+00:00,2014-01-27 08:00:00+00:00,-1,0.9999999999999613,TP,False
S2-09,shock_reversion,GBPUSD,2014-01-28 03:00:00+00:00,2014-01-28 03:15:00+00:00,2014-01-28 03:15:00+00:00,-1,-1.0000000000001044,SL,False
S2-09,shock_reversion,GBPUSD,2014-01-28 06:30:00+00:00,2014-01-28 06:45:00+00:00,2014-01-28 07:00:00+00:00,-1,1.0000000000000475,TP,False
S2-09,shock_reversion,GBPUSD,2014-01-28 09:15:00+00:00,2014-01-28 09:30:00+00:00,2014-01-28 09:30:00+00:00,1,-1.0,SL,True
S2-09,shock_reversion,GBPUSD,2014-01-28 13:30:00+00:00,2014-01-28 13:45:00+00:00,2014-01-28 14:15:00+00:00,-1,0.999999999999931,TP,False
S2-09,shock_reversion,GBPUSD,2014-01-28 22:00:00+00:00,2014-01-28 22:15:00+00:00,2014-01-28 22:15:00+00:00,1,-0.9999999999998305,SL,False
S2-09,shock_reversion,GBPUSD,2014-01-29 07:00:00+00:00,2014-01-29 07:15:00+00:00,2014-01-29 07:15:00+00:00,-1,1.0,TP,False
S2-09,shock_reversion,GBPUSD,2014-01-29 19:00:00+00:00,2014-01-29 19:15:00+00:00,2014-01-29 19:15:00+00:00,1,1.0000000000000573,TP,False
S2-09,shock_reversion,GBPUSD,2014-01-30 07:15:00+00:00,2014-01-30 07:30:00+00:00,2014-01-30 07:30:00+00:00,1,-0.999999999999855,SL,False
S2-09,shock_reversion,GBPUSD,2014-02-03 07:00:00+00:00,2014-02-03 07:15:00+00:00,2014-02-03 07:30:00+00:00,1,-0.9999999999999383,SL,False
S2-09,shock_reversion,GBPUSD,2014-02-03 07:30:00+00:00,2014-02-03 07:45:00+00:00,2014-02-03 08:00:00+00:00,1,0.9999999999998682,TP,False
S2-09,shock_reversion,GBPUSD,2014-02-03 09:15:00+00:00,2014-02-03 09:30:00+00:00,2014-02-03 09:45:00+00:00,1,-0.9999999999999312,SL,False
S2-09,shock_reversion,GBPUSD,2014-02-04 03:30:00+00:00,2014-02-04 03:45:00+00:00,2014-02-04 04:00:00+00:00,1,-1.0000000000001192,SL,False
S2-09,shock_reversion,GBPUSD,2014-02-04 06:00:00+00:00,2014-02-04 06:15:00+00:00,2014-02-04 06:15:00+00:00,1,0.9999999999999233,TP,False
S2-09,shock_reversion,GBPUSD,2014-02-04 09:30:00+00:00,2014-02-04 09:45:00+00:00,2014-02-04 10:00:00+00:00,-1,-1.0000000000000198,SL,False
S2-09,shock_reversion,GBPUSD,2014-02-05 09:00:00+00:00,2014-02-05 09:15:00+00:00,2014-02-05 09:15:00+00:00,1,-0.9999999999999664,SL,True
S2-09,shock_reversion,GBPUSD,2014-02-05 09:15:00+00:00,2014-02-05 09:30:00+00:00,2014-02-05 09:30:00+00:00,1,-0.9999999999999516,SL,False
S2-09,shock_reversion,GBPUSD,2014-02-05 15:00:00+00:00,2014-02-05 15:15:00+00:00,2014-02-05 15:45:00+00:00,-1,-0.9999999999999596,SL,False
S2-09,shock_reversion,GBPUSD,2014-02-06 05:00:00+00:00,2014-02-06 05:15:00+00:00,2014-02-06 06:00:00+00:00,1,-0.9999999999999424,SL,False
S2-09,shock_reversion,GBPUSD,2014-02-06 11:45:00+00:00,2014-02-06 12:00:00+00:00,2014-02-06 12:00:00+00:00,-1,-0.9999999999999645,SL,True
S2-09,shock_reversion,GBPUSD,2014-02-06 22:30:00+00:00,2014-02-06 22:45:00+00:00,2014-02-06 23:30:00+00:00,1,0.9999999999999375,TP,False
S2-09,shock_reversion,GBPUSD,2014-02-07 09:00:00+00:00,2014-02-07 09:15:00+00:00,2014-02-07 09:30:00+00:00,1,-1.0000000000000662,SL,True
S2-09,shock_reversion,GBPUSD,2014-02-07 13:15:00+00:00,2014-02-07 13:30:00+00:00,2014-02-07 13:30:00+00:00,-1,-0.9999999999999074,SL,False
S2-09,shock_reversion,GBPUSD,2014-02-07 13:30:00+00:00,2014-02-07 13:45:00+00:00,2014-02-07 13:45:00+00:00,-1,-0.9999999999999755,SL,False
S2-09,shock_reversion,GBPUSD,2014-02-07 14:00:00+00:00,2014-02-07 14:15:00+00:00,2014-02-07 14:45:00+00:00,-1,-0.9999999999999812,SL,False
S2-09,shock_reversion,GBPUSD,2014-02-09 22:30:00+00:00,2014-02-09 22:45:00+00:00,2014-02-09 22:45:00+00:00,1,-1.000000000000361,SL,False
S2-09,shock_reversion,GBPUSD,2014-02-10 06:45:00+00:00,2014-02-10 07:00:00+00:00,2014-02-10 07:00:00+00:00,1,-1.0000000000001756,SL,False
S2-09,shock_reversion,GBPUSD,2014-02-11 00:30:00+00:00,2014-02-11 00:45:00+00:00,2014-02-11 00:45:00+00:00,-1,-0.999999999999937,SL,False
S2-09,shock_reversion,GBPUSD,2014-02-11 00:45:00+00:00,2014-02-11 01:00:00+00:00,2014-02-11 02:15:00+00:00,-1,1.000000000000053,TP,False
S2-09,shock_reversion,GBPUSD,2014-02-11 07:00:00+00:00,2014-02-11 07:15:00+00:00,2014-02-11 07:15:00+00:00,1,0.9999999999998789,TP,False
S2-09,shock_reversion,GBPUSD,2014-02-11 07:30:00+00:00,2014-02-11 07:45:00+00:00,2014-02-11 08:15:00+00:00,1,0.9999999999999084,TP,False
S2-09,shock_reversion,GBPUSD,2014-02-12 06:30:00+00:00,2014-02-12 06:45:00+00:00,2014-02-12 06:45:00+00:00,-1,-1.0000000000000953,SL,False
S2-09,shock_reversion,GBPUSD,2014-02-12 07:15:00+00:00,2014-02-12 07:30:00+00:00,2014-02-12 07:30:00+00:00,1,-0.9999999999999487,SL,False
S2-09,shock_reversion,GBPUSD,2014-02-12 10:15:00+00:00,2014-02-12 10:30:00+00:00,2014-02-12 10:30:00+00:00,-1,-1.0000000000000424,SL,True
S2-09,shock_reversion,GBPUSD,2014-02-12 10:30:00+00:00,2014-02-12 10:45:00+00:00,2014-02-12 10:45:00+00:00,-1,-1.0,SL,False
S2-09,shock_reversion,GBPUSD,2014-02-12 22:30:00+00:00,2014-02-12 22:45:00+00:00,2014-02-12 22:45:00+00:00,-1,1.0000000000001077,TP,False
S2-09,shock_reversion,GBPUSD,2014-02-13 13:30:00+00:00,2014-02-13 13:45:00+00:00,2014-02-13 13:45:00+00:00,-1,1.0000000000000773,TP,False
S2-09,shock_reversion,GBPUSD,2014-02-14 08:00:00+00:00,2014-02-14 08:15:00+00:00,2014-02-14 08:30:00+00:00,-1,-1.0000000000000828,SL,False
S2-09,shock_reversion,GBPUSD,2014-02-14 08:30:00+00:00,2014-02-14 08:45:00+00:00,2014-02-14 09:30:00+00:00,-1,1.0,TP,False
S2-09,shock_reversion,GBPUSD,2014-02-17 00:00:00+00:00,2014-02-17 00:15:00+00:00,2014-02-17 00:15:00+00:00,1,1.0000000000001703,TP,False
S2-09,shock_reversion,GBPUSD,2014-02-17 01:45:00+00:00,2014-02-17 02:00:00+00:00,2014-02-17 02:30:00+00:00,-1,1.0000000000000864,TP,False
S2-09,shock_reversion,GBPUSD,2014-02-17 07:00:00+00:00,2014-02-17 07:15:00+00:00,2014-02-17 07:15:00+00:00,1,1.0000000000000526,TP,False
S2-09,shock_reversion,GBPUSD,2014-02-18 09:30:00+00:00,2014-02-18 09:45:00+00:00,2014-02-18 09:45:00+00:00,1,-1.000000000000028,SL,False
S2-09,shock_reversion,GBPUSD,2014-02-19 00:00:00+00:00,2014-02-19 00:15:00+00:00,2014-02-19 00:15:00+00:00,-1,-0.9999999999999226,SL,False
S2-09,shock_reversion,GBPUSD,2014-02-19 07:45:00+00:00,2014-02-19 08:00:00+00:00,2014-02-19 08:00:00+00:00,-1,-1.0000000000001597,SL,False
S2-09,shock_reversion,GBPUSD,2014-02-19 08:00:00+00:00,2014-02-19 08:15:00+00:00,2014-02-19 08:15:00+00:00,-1,1.0000000000001306,TP,False
S2-09,shock_reversion,GBPUSD,2014-02-19 09:30:00+00:00,2014-02-19 09:45:00+00:00,2014-02-19 09:45:00+00:00,1,1.0000000000000382,TP,False
S2-09,shock_reversion,GBPUSD,2014-02-19 19:00:00+00:00,2014-02-19 19:15:00+00:00,2014-02-19 19:15:00+00:00,1,-0.9999999999999684,SL,False
S2-09,shock_reversion,GBPUSD,2014-02-20 06:45:00+00:00,2014-02-20 07:00:00+00:00,2014-02-20 07:00:00+00:00,-1,-1.0000000000000735,SL,False
S2-09,shock_reversion,GBPUSD,2014-02-20 08:00:00+00:00,2014-02-20 08:15:00+00:00,2014-02-20 08:15:00+00:00,1,-0.999999999999968,SL,False
S2-09,shock_reversion,GBPUSD,2014-02-21 07:00:00+00:00,2014-02-21 07:15:00+00:00,2014-02-21 07:15:00+00:00,-1,0.9999999999998522,TP,False
S2-09,shock_reversion,GBPUSD,2014-02-21 09:30:00+00:00,2014-02-21 09:45:00+00:00,2014-02-21 13:30:00+00:00,-1,0.12426095281162655,TIME,False
S2-09,shock_reversion,GBPUSD,2014-02-21 14:45:00+00:00,2014-02-21 15:00:00+00:00,2014-02-21 15:00:00+00:00,-1,-1.0,SL,False
S2-09,shock_reversion,GBPUSD,2014-02-21 16:00:00+00:00,2014-02-21 16:15:00+00:00,2014-02-21 16:15:00+00:00,1,-0.07100987434483258,FRIDAY,False
S2-09,shock_reversion,GBPUSD,2014-02-23 22:00:00+00:00,2014-02-23 22:15:00+00:00,2014-02-23 22:15:00+00:00,-1,-1.0,SL,True
S2-09,shock_reversion,GBPUSD,2014-02-24 07:45:00+00:00,2014-02-24 08:00:00+00:00,2014-02-24 08:00:00+00:00,1,-0.9999999999999531,SL,False
S2-09,shock_reversion,GBPUSD,2014-02-24 08:00:00+00:00,2014-02-24 08:15:00+00:00,2014-02-24 08:15:00+00:00,1,0.9999999999998884,TP,False
S2-09,shock_reversion,GBPUSD,2014-02-24 14:00:00+00:00,2014-02-24 14:15:00+00:00,2014-02-24 14:30:00+00:00,1,1.0000000000000784,TP,False
S2-09,shock_reversion,GBPUSD,2014-02-25 10:00:00+00:00,2014-02-25 10:15:00+00:00,2014-02-25 11:00:00+00:00,-1,1.0000000000000269,TP,False
S2-09,shock_reversion,GBPUSD,2014-02-25 15:00:00+00:00,2014-02-25 15:15:00+00:00,2014-02-25 15:15:00+00:00,1,-1.0,SL,False
S2-09,shock_reversion,GBPUSD,2014-02-26 07:30:00+00:00,2014-02-26 07:45:00+00:00,2014-02-26 08:00:00+00:00,1,-1.0000000000001903,SL,False
S2-09,shock_reversion,GBPUSD,2014-02-26 08:45:00+00:00,2014-02-26 09:00:00+00:00,2014-02-26 09:15:00+00:00,-1,1.0000000000000397,TP,False
S2-09,shock_reversion,GBPUSD,2014-02-26 09:15:00+00:00,2014-02-26 09:30:00+00:00,2014-02-26 09:30:00+00:00,1,-0.9999999999999688,SL,True
S2-09,shock_reversion,GBPUSD,2014-02-26 09:30:00+00:00,2014-02-26 09:45:00+00:00,2014-02-26 13:15:00+00:00,-1,1.0,TP,False
S2-09,shock_reversion,GBPUSD,2014-02-27 07:45:00+00:00,2014-02-27 08:00:00+00:00,2014-02-27 08:00:00+00:00,1,-0.9999999999999131,SL,False
S2-09,shock_reversion,GBPUSD,2014-02-28 07:00:00+00:00,2014-02-28 07:15:00+00:00,2014-02-28 07:30:00+00:00,-1,-0.9999999999999192,SL,False
S2-09,shock_reversion,GBPUSD,2014-02-28 07:30:00+00:00,2014-02-28 07:45:00+00:00,2014-02-28 07:45:00+00:00,-1,1.0,TP,False
S2-09,shock_reversion,GBPUSD,2014-02-28 10:00:00+00:00,2014-02-28 10:15:00+00:00,2014-02-28 10:15:00+00:00,-1,1.0,TP,False
S2-09,shock_reversion,GBPUSD,2014-03-02 22:30:00+00:00,2014-03-02 22:45:00+00:00,2014-03-02 22:45:00+00:00,1,-1.0000000000000697,SL,True
S2-09,shock_reversion,GBPUSD,2014-03-02 23:00:00+00:00,2014-03-02 23:15:00+00:00,2014-03-03 00:00:00+00:00,1,0.9999999999998556,TP,False
S2-09,shock_reversion,GBPUSD,2014-03-03 05:30:00+00:00,2014-03-03 05:45:00+00:00,2014-03-03 05:45:00+00:00,1,-1.0000000000001745,SL,False
S2-09,shock_reversion,GBPUSD,2014-03-03 07:15:00+00:00,2014-03-03 07:30:00+00:00,2014-03-03 07:30:00+00:00,-1,0.9999999999999427,TP,False
S2-09,shock_reversion,GBPUSD,2014-03-03 07:45:00+00:00,2014-03-03 08:00:00+00:00,2014-03-03 08:00:00+00:00,1,0.9999999999998831,TP,False
S2-09,shock_reversion,GBPUSD,2014-03-03 17:45:00+00:00,2014-03-03 18:00:00+00:00,2014-03-03 18:00:00+00:00,1,0.9999999999999576,TP,False
S2-09,shock_reversion,GBPUSD,2014-03-04 06:00:00+00:00,2014-03-04 06:15:00+00:00,2014-03-04 06:15:00+00:00,-1,-0.9999999999998909,SL,False
S2-09,shock_reversion,GBPUSD,2014-03-04 06:15:00+00:00,2014-03-04 06:30:00+00:00,2014-03-04 06:30:00+00:00,-1,-1.0000000000000926,SL,False
S2-09,shock_reversion,GBPUSD,2014-03-04 08:00:00+00:00,2014-03-04 08:15:00+00:00,2014-03-04 09:00:00+00:00,-1,0.9999999999999649,TP,False
S2-09,shock_reversion,GBPUSD,2014-03-05 07:15:00+00:00,2014-03-05 07:30:00+00:00,2014-03-05 07:30:00+00:00,-1,0.9999999999998777,TP,False
S2-09,shock_reversion,GBPUSD,2014-03-05 19:45:00+00:00,2014-03-05 20:00:00+00:00,2014-03-05 20:00:00+00:00,1,1.0000000000001399,TP,False
S2-09,shock_reversion,GBPUSD,2014-03-06 06:15:00+00:00,2014-03-06 06:30:00+00:00,2014-03-06 06:30:00+00:00,-1,-1.0000000000002134,SL,False
S2-09,shock_reversion,GBPUSD,2014-03-06 07:00:00+00:00,2014-03-06 07:15:00+00:00,2014-03-06 07:45:00+00:00,1,0.9999999999998302,TP,False
S2-09,shock_reversion,GBPUSD,2014-03-06 12:00:00+00:00,2014-03-06 12:15:00+00:00,2014-03-06 12:45:00+00:00,1,-0.9999999999999446,SL,False
S2-09,shock_reversion,GBPUSD,2014-03-07 06:45:00+00:00,2014-03-07 07:00:00+00:00,2014-03-07 07:00:00+00:00,1,-0.9999999999999024,SL,False
S2-09,shock_reversion,GBPUSD,2014-03-07 08:00:00+00:00,2014-03-07 08:15:00+00:00,2014-03-07 08:30:00+00:00,-1,-1.0000000000000533,SL,False
S2-09,shock_reversion,GBPUSD,2014-03-07 13:30:00+00:00,2014-03-07 13:45:00+00:00,2014-03-07 13:45:00+00:00,1,1.0,TP,False
S2-09,shock_reversion,GBPUSD,2014-03-09 21:00:00+00:00,2014-03-09 21:15:00+00:00,2014-03-09 21:15:00+00:00,-1,-0.9999999999990683,SL,False
S2-09,shock_reversion,GBPUSD,2014-03-09 22:00:00+00:00,2014-03-09 22:15:00+00:00,2014-03-09 22:15:00+00:00,-1,-0.999999999999887,SL,False
S2-09,shock_reversion,GBPUSD,2014-03-10 07:45:00+00:00,2014-03-10 08:00:00+00:00,2014-03-10 08:00:00+00:00,1,-1.0000000000000944,SL,False
S2-09,shock_reversion,GBPUSD,2014-03-10 08:00:00+00:00,2014-03-10 08:15:00+00:00,2014-03-10 09:00:00+00:00,1,-0.999999999999924,SL,False
S2-09,shock_reversion,GBPUSD,2014-03-11 07:15:00+00:00,2014-03-11 07:30:00+00:00,2014-03-11 07:30:00+00:00,1,-1.000000000000176,SL,False
S2-09,shock_reversion,GBPUSD,2014-03-11 09:30:00+00:00,2014-03-11 09:45:00+00:00,2014-03-11 09:45:00+00:00,-1,0.9999999999999389,TP,False
S2-09,shock_reversion,GBPUSD,2014-03-12 01:45:00+00:00,2014-03-12 02:00:00+00:00,2014-03-12 03:15:00+00:00,-1,0.9999999999999344,TP,False
S2-09,shock_reversion,GBPUSD,2014-03-12 08:15:00+00:00,2014-03-12 08:30:00+00:00,2014-03-12 08:30:00+00:00,1,1.0,TP,False
S2-09,shock_reversion,GBPUSD,2014-03-13 04:15:00+00:00,2014-03-13 04:30:00+00:00,2014-03-13 04:30:00+00:00,-1,-1.0,SL,False
S2-09,shock_reversion,GBPUSD,2014-03-13 04:30:00+00:00,2014-03-13 04:45:00+00:00,2014-03-13 04:45:00+00:00,-1,-0.9999999999999517,SL,False
S2-09,shock_reversion,GBPUSD,2014-03-14 07:00:00+00:00,2014-03-14 07:15:00+00:00,2014-03-14 07:15:00+00:00,1,-1.0000000000000528,SL,False
S2-09,shock_reversion,GBPUSD,2014-03-16 21:15:00+00:00,2014-03-16 21:30:00+00:00,2014-03-16 21:30:00+00:00,1,-0.9999999999998356,SL,True
S2-09,shock_reversion,GBPUSD,2014-03-18 07:30:00+00:00,2014-03-18 07:45:00+00:00,2014-03-18 07:45:00+00:00,1,-0.9999999999999463,SL,False
S2-09,shock_reversion,GBPUSD,2014-03-18 07:45:00+00:00,2014-03-18 08:00:00+00:00,2014-03-18 08:00:00+00:00,1,-1.000000000000089,SL,False
S2-09,shock_reversion,GBPUSD,2014-03-19 02:30:00+00:00,2014-03-19 02:45:00+00:00,2014-03-19 02:45:00+00:00,1,1.0,TP,False
S2-09,shock_reversion,GBPUSD,2014-03-19 08:00:00+00:00,2014-03-19 08:15:00+00:00,2014-03-19 08:15:00+00:00,-1,1.0000000000000497,TP,False
S2-09,shock_reversion,GBPUSD,2014-03-19 18:00:00+00:00,2014-03-19 18:15:00+00:00,2014-03-19 18:15:00+00:00,1,0.9999999999999789,TP,False
S2-09,shock_reversion,GBPUSD,2014-03-20 07:00:00+00:00,2014-03-20 07:15:00+00:00,2014-03-20 07:15:00+00:00,1,1.0000000000000573,TP,False
S2-09,shock_reversion,GBPUSD,2014-03-21 07:00:00+00:00,2014-03-21 07:15:00+00:00,2014-03-21 07:15:00+00:00,1,-0.9999999999998508,SL,False
S2-09,shock_reversion,GBPUSD,2014-03-21 09:15:00+00:00,2014-03-21 09:30:00+00:00,2014-03-21 10:00:00+00:00,-1,-0.9999999999999365,SL,False
S2-09,shock_reversion,GBPUSD,2014-03-21 20:45:00+00:00,2014-03-21 21:00:00+00:00,2014-03-21 21:00:00+00:00,1,-0.7787373161027665,FRIDAY,False
S2-09,shock_reversion,GBPUSD,2014-03-23 21:45:00+00:00,2014-03-23 22:00:00+00:00,2014-03-23 22:00:00+00:00,1,0.9999999999999144,TP,False
S2-09,shock_reversion,GBPUSD,2014-03-24 08:00:00+00:00,2014-03-24 08:15:00+00:00,2014-03-24 08:30:00+00:00,-1,1.0,TP,False
S2-09,shock_reversion,GBPUSD,2014-03-24 17:45:00+00:00,2014-03-24 18:00:00+00:00,2014-03-24 18:00:00+00:00,-1,0.9999999999999373,TP,False
S2-09,shock_reversion,GBPUSD,2014-03-26 03:00:00+00:00,2014-03-26 03:15:00+00:00,2014-03-26 03:30:00+00:00,1,1.000000000000086,TP,False
S2-09,shock_reversion,GBPUSD,2014-03-26 07:45:00+00:00,2014-03-26 08:00:00+00:00,2014-03-26 08:00:00+00:00,-1,-1.0,SL,False
S2-09,shock_reversion,GBPUSD,2014-03-27 09:30:00+00:00,2014-03-27 09:45:00+00:00,2014-03-27 13:30:00+00:00,-1,-0.3018111942434278,TIME,False
S2-09,shock_reversion,GBPUSD,2014-03-30 21:15:00+00:00,2014-03-30 21:30:00+00:00,2014-03-30 21:30:00+00:00,-1,-1.0000000000003484,SL,True
S2-09,shock_reversion,GBPUSD,2014-03-31 06:00:00+00:00,2014-03-31 06:15:00+00:00,2014-03-31 06:15:00+00:00,-1,-0.9999999999998377,SL,False
S2-09,shock_reversion,GBPUSD,2014-04-01 08:30:00+00:00,2014-04-01 08:45:00+00:00,2014-04-01 08:45:00+00:00,1,-1.0,SL,False
S2-09,shock_reversion,GBPUSD,2014-04-03 00:45:00+00:00,2014-04-03 01:00:00+00:00,2014-04-03 01:00:00+00:00,-1,-1.0,SL,False
S2-09,shock_reversion,GBPUSD,2014-04-03 03:30:00+00:00,2014-04-03 03:45:00+00:00,2014-04-03 05:45:00+00:00,1,1.0000000000001106,TP,False
S2-09,shock_reversion,GBPUSD,2014-04-03 07:00:00+00:00,2014-04-03 07:15:00+00:00,2014-04-03 07:30:00+00:00,-1,0.9999999999999379,TP,False
S2-09,shock_reversion,GBPUSD,2014-04-03 08:15:00+00:00,2014-04-03 08:30:00+00:00,2014-04-03 08:30:00+00:00,1,0.9999999999999247,TP,False
S2-09,shock_reversion,GBPUSD,2014-04-04 10:45:00+00:00,2014-04-04 11:00:00+00:00,2014-04-04 11:30:00+00:00,-1,1.0000000000000762,TP,False
S2-09,shock_reversion,GBPUSD,2014-04-04 12:30:00+00:00,2014-04-04 12:45:00+00:00,2014-04-04 12:45:00+00:00,-1,-0.9999999999999255,SL,False
S2-09,shock_reversion,GBPUSD,2014-04-04 20:45:00+00:00,2014-04-04 21:00:00+00:00,2014-04-04 21:00:00+00:00,1,-2.7630531537360548,FRIDAY,False
S2-09,shock_reversion,GBPUSD,2014-04-06 21:00:00+00:00,2014-04-06 21:15:00+00:00,2014-04-06 21:15:00+00:00,-1,-1.000000000000678,SL,False
S2-09,shock_reversion,GBPUSD,2014-04-06 22:00:00+00:00,2014-04-06 22:15:00+00:00,2014-04-06 22:30:00+00:00,-1,-1.0000000000002875,SL,False
S2-09,shock_reversion,GBPUSD,2014-04-07 04:30:00+00:00,2014-04-07 04:45:00+00:00,2014-04-07 04:45:00+00:00,-1,0.9999999999996311,TP,False
S2-09,shock_reversion,GBPUSD,2014-04-07 04:45:00+00:00,2014-04-07 05:00:00+00:00,2014-04-07 05:15:00+00:00,1,-0.999999999999897,SL,False
S2-09,shock_reversion,GBPUSD,2014-04-08 06:30:00+00:00,2014-04-08 06:45:00+00:00,2014-04-08 06:45:00+00:00,-1,-0.999999999999897,SL,False
S2-09,shock_reversion,GBPUSD,2014-04-08 06:45:00+00:00,2014-04-08 07:00:00+00:00,2014-04-08 07:00:00+00:00,-1,-0.9999999999999204,SL,False
S2-09,shock_reversion,GBPUSD,2014-04-08 08:30:00+00:00,2014-04-08 08:45:00+00:00,2014-04-08 09:00:00+00:00,-1,-0.9999999999999101,SL,False
S2-09,shock_reversion,GBPUSD,2014-04-08 12:15:00+00:00,2014-04-08 12:30:00+00:00,2014-04-08 12:30:00+00:00,-1,-0.999999999999879,SL,False
S2-09,shock_reversion,GBPUSD,2014-04-09 18:00:00+00:00,2014-04-09 18:15:00+00:00,2014-04-09 18:15:00+00:00,-1,-1.0000000000000298,SL,False
S2-09,shock_reversion,GBPUSD,2014-04-11 05:45:00+00:00,2014-04-11 06:00:00+00:00,2014-04-11 06:00:00+00:00,-1,-1.0000000000002343,SL,False
S2-09,shock_reversion,GBPUSD,2014-04-11 06:00:00+00:00,2014-04-11 06:15:00+00:00,2014-04-11 06:15:00+00:00,-1,-0.9999999999998173,SL,False
S2-09,shock_reversion,GBPUSD,2014-04-11 10:45:00+00:00,2014-04-11 11:00:00+00:00,2014-04-11 11:00:00+00:00,1,-0.9999999999999626,SL,False
S2-09,shock_reversion,GBPUSD,2014-04-13 21:30:00+00:00,2014-04-13 21:45:00+00:00,2014-04-13 21:45:00+00:00,-1,-0.9999999999998884,SL,False
S2-09,shock_reversion,GBPUSD,2014-04-15 06:30:00+00:00,2014-04-15 06:45:00+00:00,2014-04-15 06:45:00+00:00,1,-1.0000000000002816,SL,False
S2-09,shock_reversion,GBPUSD,2014-04-15 06:45:00+00:00,2014-04-15 07:00:00+00:00,2014-04-15 07:00:00+00:00,1,-1.0,SL,False
S2-09,shock_reversion,GBPUSD,2014-04-15 08:15:00+00:00,2014-04-15 08:30:00+00:00,2014-04-15 08:30:00+00:00,1,0.9999999999999338,TP,False
S2-09,shock_reversion,GBPUSD,2014-04-15 08:30:00+00:00,2014-04-15 08:45:00+00:00,2014-04-15 09:30:00+00:00,-1,-0.9999999999999329,SL,False
S2-09,shock_reversion,GBPUSD,2014-04-16 00:30:00+00:00,2014-04-16 00:45:00+00:00,2014-04-16 01:15:00+00:00,-1,1.0000000000000757,TP,False
S2-09,shock_reversion,GBPUSD,2014-04-16 07:45:00+00:00,2014-04-16 08:00:00+00:00,2014-04-16 08:00:00+00:00,-1,-1.0000000000000473,SL,False
S2-09,shock_reversion,GBPUSD,2014-04-16 08:30:00+00:00,2014-04-16 08:45:00+00:00,2014-04-16 08:45:00+00:00,-1,-0.9999999999999717,SL,False
S2-09,shock_reversion,GBPUSD,2014-04-17 00:00:00+00:00,2014-04-17 00:15:00+00:00,2014-04-17 00:15:00+00:00,-1,-0.9999999999999228,SL,False
S2-09,shock_reversion,GBPUSD,2014-04-17 00:15:00+00:00,2014-04-17 00:30:00+00:00,2014-04-17 00:45:00+00:00,-1,-1.0000000000001705,SL,False
S2-09,shock_reversion,GBPUSD,2014-04-17 23:45:00+00:00,2014-04-18 00:00:00+00:00,2014-04-18 00:00:00+00:00,1,-1.0000000000002542,SL,False
S2-09,shock_reversion,GBPUSD,2014-04-18 18:00:00+00:00,2014-04-18 18:15:00+00:00,2014-04-18 18:15:00+00:00,1,-0.022041872059677992,FRIDAY,False
S2-09,shock_reversion,GBPUSD,2014-04-18 20:45:00+00:00,2014-04-18 21:00:00+00:00,2014-04-18 21:00:00+00:00,-1,-1.5006880283074504,FRIDAY,False
S2-09,shock_reversion,GBPUSD,2014-04-20 21:00:00+00:00,2014-04-20 21:15:00+00:00,2014-04-20 21:15:00+00:00,-1,-1.0000000000007105,SL,True
S2-09,shock_reversion,GBPUSD,2014-04-20 21:30:00+00:00,2014-04-20 21:45:00+00:00,2014-04-20 21:45:00+00:00,-1,-0.999999999999865,SL,False
S2-09,shock_reversion,GBPUSD,2014-04-21 06:15:00+00:00,2014-04-21 06:30:00+00:00,2014-04-21 06:30:00+00:00,-1,0.9999999999998654,TP,False
S2-09,shock_reversion,GBPUSD,2014-04-21 23:15:00+00:00,2014-04-21 23:30:00+00:00,2014-04-21 23:45:00+00:00,-1,1.0000000000003795,TP,False
S2-09,shock_reversion,GBPUSD,2014-04-22 06:30:00+00:00,2014-04-22 06:45:00+00:00,2014-04-22 06:45:00+00:00,-1,-1.0,SL,False
S2-09,shock_reversion,GBPUSD,2014-04-23 01:30:00+00:00,2014-04-23 01:45:00+00:00,2014-04-23 02:00:00+00:00,-1,-1.0000000000002105,SL,False
S2-09,shock_reversion,GBPUSD,2014-04-23 08:30:00+00:00,2014-04-23 08:45:00+00:00,2014-04-23 09:00:00+00:00,1,-0.9999999999999651,SL,False
S2-09,shock_reversion,GBPUSD,2014-04-24 06:30:00+00:00,2014-04-24 06:45:00+00:00,2014-04-24 06:45:00+00:00,-1,-0.9999999999999165,SL,False
S2-09,shock_reversion,GBPUSD,2014-04-24 06:45:00+00:00,2014-04-24 07:00:00+00:00,2014-04-24 07:00:00+00:00,-1,-0.9999999999998547,SL,False
S2-09,shock_reversion,GBPUSD,2014-04-24 07:30:00+00:00,2014-04-24 07:45:00+00:00,2014-04-24 08:00:00+00:00,1,1.0000000000001092,TP,False
S2-09,shock_reversion,GBPUSD,2014-04-24 22:45:00+00:00,2014-04-24 23:00:00+00:00,2014-04-24 23:00:00+00:00,-1,-0.9999999999998862,SL,False
S2-09,shock_reversion,GBPUSD,2014-04-25 08:00:00+00:00,2014-04-25 08:15:00+00:00,2014-04-25 08:15:00+00:00,1,1.0000000000000824,TP,False
S2-09,shock_reversion,GBPUSD,2014-04-25 08:30:00+00:00,2014-04-25 08:45:00+00:00,2014-04-25 09:00:00+00:00,-1,-1.0,SL,False
S2-09,shock_reversion,GBPUSD,2014-04-27 21:30:00+00:00,2014-04-27 21:45:00+00:00,2014-04-27 21:45:00+00:00,-1,-1.0000000000004676,SL,False
S2-09,shock_reversion,GBPUSD,2014-04-27 21:45:00+00:00,2014-04-27 22:00:00+00:00,2014-04-27 22:00:00+00:00,-1,-1.0000000000003582,SL,True
S2-09,shock_reversion,GBPUSD,2014-04-28 00:00:00+00:00,2014-04-28 00:15:00+00:00,2014-04-28 00:15:00+00:00,1,-1.0000000000001295,SL,False
S2-09,shock_reversion,GBPUSD,2014-04-28 00:15:00+00:00,2014-04-28 00:30:00+00:00,2014-04-28 01:45:00+00:00,1,0.9999999999998963,TP,False
S2-09,shock_reversion,GBPUSD,2014-04-28 06:00:00+00:00,2014-04-28 06:15:00+00:00,2014-04-28 06:15:00+00:00,-1,-0.999999999999679,SL,False
S2-09,shock_reversion,GBPUSD,2014-04-28 06:15:00+00:00,2014-04-28 06:30:00+00:00,2014-04-28 06:30:00+00:00,-1,-1.0,SL,False
S2-09,shock_reversion,GBPUSD,2014-04-28 06:30:00+00:00,2014-04-28 06:45:00+00:00,2014-04-28 06:45:00+00:00,-1,-0.9999999999999277,SL,False
S2-09,shock_reversion,GBPUSD,2014-04-28 07:15:00+00:00,2014-04-28 07:30:00+00:00,2014-04-28 08:15:00+00:00,-1,-1.0,SL,False
S2-09,shock_reversion,GBPUSD,2014-04-29 05:45:00+00:00,2014-04-29 06:00:00+00:00,2014-04-29 06:00:00+00:00,-1,0.9999999999998311,TP,False
S2-09,shock_reversion,GBPUSD,2014-04-29 06:45:00+00:00,2014-04-29 07:00:00+00:00,2014-04-29 07:00:00+00:00,-1,-1.0000000000000913,SL,False
S2-09,shock_reversion,GBPUSD,2014-04-29 07:00:00+00:00,2014-04-29 07:15:00+00:00,2014-04-29 07:45:00+00:00,-1,1.0000000000002165,TP,False
S2-09,shock_reversion,GBPUSD,2014-04-29 08:30:00+00:00,2014-04-29 08:45:00+00:00,2014-04-29 09:15:00+00:00,1,1.0000000000000984,TP,False
S2-09,shock_reversion,GBPUSD,2014-04-30 05:30:00+00:00,2014-04-30 05:45:00+00:00,2014-04-30 05:45:00+00:00,1,-1.000000000000109,SL,False
S2-09,shock_reversion,GBPUSD,2014-04-30 12:30:00+00:00,2014-04-30 12:45:00+00:00,2014-04-30 13:00:00+00:00,-1,-0.9999999999998979,SL,False
S2-09,shock_reversion,GBPUSD,2014-05-01 06:00:00+00:00,2014-05-01 06:15:00+00:00,2014-05-01 06:15:00+00:00,-1,-1.000000000000113,SL,False
S2-09,shock_reversion,GBPUSD,2014-05-01 08:30:00+00:00,2014-05-01 08:45:00+00:00,2014-05-01 08:45:00+00:00,-1,0.9999999999998757,TP,False
S2-09,shock_reversion,GBPUSD,2014-05-02 05:30:00+00:00,2014-05-02 05:45:00+00:00,2014-05-02 06:00:00+00:00,1,-0.9999999999997768,SL,True
S2-09,shock_reversion,GBPUSD,2014-05-02 06:00:00+00:00,2014-05-02 06:15:00+00:00,2014-05-02 06:15:00+00:00,1,0.9999999999996086,TP,False
S2-09,shock_reversion,GBPUSD,2014-05-02 06:15:00+00:00,2014-05-02 06:30:00+00:00,2014-05-02 06:30:00+00:00,-1,-1.0000000000001656,SL,False
S2-09,shock_reversion,GBPUSD,2014-05-02 07:00:00+00:00,2014-05-02 07:15:00+00:00,2014-05-02 07:45:00+00:00,-1,0.9999999999998841,TP,False
S2-09,shock_reversion,GBPUSD,2014-05-02 08:30:00+00:00,2014-05-02 08:45:00+00:00,2014-05-02 09:30:00+00:00,1,-0.9999999999998199,SL,False
S2-09,shock_reversion,GBPUSD,2014-05-02 12:30:00+00:00,2014-05-02 12:45:00+00:00,2014-05-02 13:00:00+00:00,1,-1.0,SL,False
S2-09,shock_reversion,GBPUSD,2014-05-04 21:00:00+00:00,2014-05-04 21:15:00+00:00,2014-05-04 21:15:00+00:00,-1,-1.0000000000008125,SL,True
S2-09,shock_reversion,GBPUSD,2014-05-05 01:45:00+00:00,2014-05-05 02:00:00+00:00,2014-05-05 02:30:00+00:00,-1,1.0000000000003257,TP,False
S2-09,shock_reversion,GBPUSD,2014-05-06 01:00:00+00:00,2014-05-06 01:15:00+00:00,2014-05-06 01:15:00+00:00,-1,-0.9999999999993945,SL,False
S2-09,shock_reversion,GBPUSD,2014-05-06 07:15:00+00:00,2014-05-06 07:30:00+00:00,2014-05-06 07:30:00+00:00,-1,-0.9999999999999106,SL,False
S2-09,shock_reversion,GBPUSD,2014-05-07 06:00:00+00:00,2014-05-07 06:15:00+00:00,2014-05-07 06:15:00+00:00,-1,-1.0,SL,False
S2-09,shock_reversion,GBPUSD,2014-05-07 07:00:00+00:00,2014-05-07 07:15:00+00:00,2014-05-07 07:15:00+00:00,-1,1.0000000000001288,TP,False
S2-09,shock_reversion,GBPUSD,2014-05-07 14:00:00+00:00,2014-05-07 14:15:00+00:00,2014-05-07 18:00:00+00:00,1,-0.1653454589352541,TIME,False
S2-09,shock_reversion,GBPUSD,2014-05-08 02:15:00+00:00,2014-05-08 02:30:00+00:00,2014-05-08 02:30:00+00:00,1,-0.9999999999998118,SL,False
S2-09,shock_reversion,GBPUSD,2014-05-08 11:45:00+00:00,2014-05-08 12:00:00+00:00,2014-05-08 12:00:00+00:00,1,-1.000000000000037,SL,False
S2-09,shock_reversion,GBPUSD,2014-05-08 12:45:00+00:00,2014-05-08 13:00:00+00:00,2014-05-08 13:30:00+00:00,1,1.0000000000000515,TP,False
S2-09,shock_reversion,GBPUSD,2014-05-09 01:00:00+00:00,2014-05-09 01:15:00+00:00,2014-05-09 01:15:00+00:00,1,-0.999999999999865,SL,False
S2-09,shock_reversion,GBPUSD,2014-05-09 07:00:00+00:00,2014-05-09 07:15:00+00:00,2014-05-09 07:15:00+00:00,-1,0.9999999999997178,TP,False
S2-09,shock_reversion,GBPUSD,2014-05-09 08:30:00+00:00,2014-05-09 08:45:00+00:00,2014-05-09 08:45:00+00:00,1,-1.0000000000000429,SL,False
S2-09,shock_reversion,GBPUSD,2014-05-09 11:00:00+00:00,2014-05-09 11:15:00+00:00,2014-05-09 11:15:00+00:00,1,-0.9999999999999677,SL,False
S2-09,shock_reversion,GBPUSD,2014-05-12 06:30:00+00:00,2014-05-12 06:45:00+00:00,2014-05-12 06:45:00+00:00,-1,-0.999999999999791,SL,False
S2-09,shock_reversion,GBPUSD,2014-05-13 00:30:00+00:00,2014-05-13 00:45:00+00:00,2014-05-13 01:00:00+00:00,-1,-0.9999999999997513,SL,False
S2-09,shock_reversion,GBPUSD,2014-05-13 08:00:00+00:00,2014-05-13 08:15:00+00:00,2014-05-13 08:30:00+00:00,1,1.0,TP,False
S2-09,shock_reversion,GBPUSD,2014-05-14 08:30:00+00:00,2014-05-14 08:45:00+00:00,2014-05-14 08:45:00+00:00,1,-1.000000000000027,SL,False
S2-09,shock_reversion,GBPUSD,2014-05-14 09:30:00+00:00,2014-05-14 09:45:00+00:00,2014-05-14 09:45:00+00:00,1,1.0000000000000533,TP,False
S2-09,shock_reversion,GBPUSD,2014-05-15 07:00:00+00:00,2014-05-15 07:15:00+00:00,2014-05-15 07:15:00+00:00,1,-0.999999999999941,SL,False
S2-09,shock_reversion,GBPUSD,2014-05-15 07:45:00+00:00,2014-05-15 08:00:00+00:00,2014-05-15 08:15:00+00:00,1,0.9999999999999558,TP,False
S2-09,shock_reversion,GBPUSD,2014-05-15 12:30:00+00:00,2014-05-15 12:45:00+00:00,2014-05-15 13:00:00+00:00,-1,-1.0,SL,False
S2-09,shock_reversion,GBPUSD,2014-05-15 14:00:00+00:00,2014-05-15 14:15:00+00:00,2014-05-15 14:15:00+00:00,-1,0.9999999999999385,TP,False
S2-09,shock_reversion,GBPUSD,2014-05-16 05:30:00+00:00,2014-05-16 05:45:00+00:00,2014-05-16 05:45:00+00:00,-1,-1.0,SL,False
S2-09,shock_reversion,GBPUSD,2014-05-16 07:15:00+00:00,2014-05-16 07:30:00+00:00,2014-05-16 07:30:00+00:00,-1,-0.9999999999999112,SL,True
S2-09,shock_reversion,GBPUSD,2014-05-19 06:00:00+00:00,2014-05-19 06:15:00+00:00,2014-05-19 06:15:00+00:00,1,-0.9999999999997086,SL,False
S2-09,shock_reversion,GBPUSD,2014-05-20 06:00:00+00:00,2014-05-20 06:15:00+00:00,2014-05-20 06:15:00+00:00,1,-0.9999999999998834,SL,True
S2-09,shock_reversion,GBPUSD,2014-05-20 07:45:00+00:00,2014-05-20 08:00:00+00:00,2014-05-20 08:00:00+00:00,-1,-1.0000000000001321,SL,False
S2-09,shock_reversion,GBPUSD,2014-05-21 00:45:00+00:00,2014-05-21 01:00:00+00:00,2014-05-21 01:15:00+00:00,1,1.000000000000366,TP,False
S2-09,shock_reversion,GBPUSD,2014-05-21 06:00:00+00:00,2014-05-21 06:15:00+00:00,2014-05-21 06:15:00+00:00,-1,1.0000000000000924,TP,False
S2-09,shock_reversion,GBPUSD,2014-05-21 08:00:00+00:00,2014-05-21 08:15:00+00:00,2014-05-21 08:15:00+00:00,-1,-0.9999999999999198,SL,False
S2-09,shock_reversion,GBPUSD,2014-05-21 08:30:00+00:00,2014-05-21 08:45:00+00:00,2014-05-21 09:30:00+00:00,-1,0.999999999999972,TP,False
S2-09,shock_reversion,GBPUSD,2014-05-22 07:00:00+00:00,2014-05-22 07:15:00+00:00,2014-05-22 07:30:00+00:00,-1,-0.9999999999998858,SL,False
S2-09,shock_reversion,GBPUSD,2014-05-22 08:30:00+00:00,2014-05-22 08:45:00+00:00,2014-05-22 12:30:00+00:00,1,0.45481374758905957,TIME,False
S2-09,shock_reversion,GBPUSD,2014-05-23 06:00:00+00:00,2014-05-23 06:15:00+00:00,2014-05-23 06:30:00+00:00,-1,1.0,TP,False
S2-09,shock_reversion,GBPUSD,2014-05-23 06:45:00+00:00,2014-05-23 07:00:00+00:00,2014-05-23 07:00:00+00:00,-1,1.0000000000000857,TP,False
S2-09,shock_reversion,GBPUSD,2014-05-23 07:30:00+00:00,2014-05-23 07:45:00+00:00,2014-05-23 07:45:00+00:00,1,-0.9999999999999405,SL,False
S2-09,shock_reversion,GBPUSD,2014-05-23 15:30:00+00:00,2014-05-23 15:45:00+00:00,2014-05-23 15:45:00+00:00,1,-1.0000000000000426,SL,False
S2-09,shock_reversion,GBPUSD,2014-05-25 21:00:00+00:00,2014-05-25 21:15:00+00:00,2014-05-26 01:00:00+00:00,-1,0.017690492502093324,TIME,False
S2-09,shock_reversion,GBPUSD,2014-05-26 05:15:00+00:00,2014-05-26 05:30:00+00:00,2014-05-26 05:30:00+00:00,-1,-0.9999999999997663,SL,False
S2-09,shock_reversion,GBPUSD,2014-05-27 00:30:00+00:00,2014-05-27 00:45:00+00:00,2014-05-27 03:30:00+00:00,-1,1.0000000000001188,TP,False
S2-09,shock_reversion,GBPUSD,2014-05-27 06:00:00+00:00,2014-05-27 06:15:00+00:00,2014-05-27 06:15:00+00:00,-1,0.9999999999997818,TP,False
S2-09,shock_reversion,GBPUSD,2014-05-27 06:30:00+00:00,2014-05-27 06:45:00+00:00,2014-05-27 06:45:00+00:00,-1,1.0,TP,False
S2-09,shock_reversion,GBPUSD,2014-05-28 06:15:00+00:00,2014-05-28 06:30:00+00:00,2014-05-28 06:30:00+00:00,1,-1.0000000000000822,SL,False
S2-09,shock_reversion,GBPUSD,2014-05-28 06:30:00+00:00,2014-05-28 06:45:00+00:00,2014-05-28 06:45:00+00:00,1,-1.0000000000001992,SL,False
S2-09,shock_reversion,GBPUSD,2014-05-28 07:00:00+00:00,2014-05-28 07:15:00+00:00,2014-05-28 07:15:00+00:00,1,0.9999999999999529,TP,False
S2-09,shock_reversion,GBPUSD,2014-05-29 06:45:00+00:00,2014-05-29 07:00:00+00:00,2014-05-29 07:00:00+00:00,1,-1.0000000000000948,SL,False
S2-09,shock_reversion,GBPUSD,2014-05-29 07:00:00+00:00,2014-05-29 07:15:00+00:00,2014-05-29 07:15:00+00:00,1,-1.0000000000000624,SL,False
S2-09,shock_reversion,GBPUSD,2014-05-30 06:15:00+00:00,2014-05-30 06:30:00+00:00,2014-05-30 06:30:00+00:00,-1,-0.9999999999998559,SL,False
S2-09,shock_reversion,GBPUSD,2014-05-30 20:45:00+00:00,2014-06-01 21:00:00+00:00,2014-06-01 21:45:00+00:00,1,-0.9999999999997556,SL,False
S2-09,shock_reversion,GBPUSD,2014-06-02 06:30:00+00:00,2014-06-02 06:45:00+00:00,2014-06-02 07:00:00+00:00,-1,1.0000000000001648,TP,False
S2-09,shock_reversion,GBPUSD,2014-06-02 08:15:00+00:00,2014-06-02 08:30:00+00:00,2014-06-02 08:30:00+00:00,1,0.9999999999999626,TP,False
S2-09,shock_reversion,GBPUSD,2014-06-03 06:45:00+00:00,2014-06-03 07:00:00+00:00,2014-06-03 07:15:00+00:00,-1,0.9999999999997723,TP,False
S2-09,shock_reversion,GBPUSD,2014-06-04 01:00:00+00:00,2014-06-04 01:15:00+00:00,2014-06-04 01:15:00+00:00,1,-0.9999999999997,SL,False
S2-09,shock_reversion,GBPUSD,2014-06-04 06:15:00+00:00,2014-06-04 06:30:00+00:00,2014-06-04 06:45:00+00:00,1,-0.9999999999997358,SL,False
S2-09,shock_reversion,GBPUSD,2014-06-04 07:00:00+00:00,2014-06-04 07:15:00+00:00,2014-06-04 07:15:00+00:00,1,-1.0000000000002058,SL,False
S2-09,shock_reversion,GBPUSD,2014-06-04 08:30:00+00:00,2014-06-04 08:45:00+00:00,2014-06-04 08:45:00+00:00,-1,-0.9999999999999196,SL,False
S2-09,shock_reversion,GBPUSD,2014-06-05 00:00:00+00:00,2014-06-05 00:15:00+00:00,2014-06-05 00:45:00+00:00,-1,1.0000000000002829,TP,False
S2-09,shock_reversion,GBPUSD,2014-06-05 05:45:00+00:00,2014-06-05 06:00:00+00:00,2014-06-05 06:00:00+00:00,-1,-0.9999999999998895,SL,True
S2-09,shock_reversion,GBPUSD,2014-06-05 06:00:00+00:00,2014-06-05 06:15:00+00:00,2014-06-05 06:15:00+00:00,-1,1.0000000000002018,TP,False
S2-09,shock_reversion,GBPUSD,2014-06-05 09:30:00+00:00,2014-06-05 09:45:00+00:00,2014-06-05 10:00:00+00:00,-1,1.0000000000000437,TP,False
S2-09,shock_reversion,GBPUSD,2014-06-05 11:45:00+00:00,2014-06-05 12:00:00+00:00,2014-06-05 12:15:00+00:00,1,-0.9999999999999173,SL,False
S2-09,shock_reversion,GBPUSD,2014-06-06 12:30:00+00:00,2014-06-06 12:45:00+00:00,2014-06-06 12:45:00+00:00,-1,-1.0000000000001037,SL,False
S2-09,shock_reversion,GBPUSD,2014-06-09 06:00:00+00:00,2014-06-09 06:15:00+00:00,2014-06-09 06:15:00+00:00,-1,-1.0000000000003795,SL,False
S2-09,shock_reversion,GBPUSD,2014-06-09 06:45:00+00:00,2014-06-09 07:00:00+00:00,2014-06-09 07:00:00+00:00,-1,1.0000000000000975,TP,False
S2-09,shock_reversion,GBPUSD,2014-06-10 01:30:00+00:00,2014-06-10 01:45:00+00:00,2014-06-10 01:45:00+00:00,-1,-0.9999999999997355,SL,False
S2-09,shock_reversion,GBPUSD,2014-06-10 06:30:00+00:00,2014-06-10 06:45:00+00:00,2014-06-10 07:00:00+00:00,1,-1.00000000000016,SL,False
S2-09,shock_reversion,GBPUSD,2014-06-11 00:15:00+00:00,2014-06-11 00:30:00+00:00,2014-06-11 00:30:00+00:00,1,0.9999999999999037,TP,False
S2-09,shock_reversion,GBPUSD,2014-06-11 06:30:00+00:00,2014-06-11 06:45:00+00:00,2014-06-11 06:45:00+00:00,-1,-0.9999999999999097,SL,False
S2-09,shock_reversion,GBPUSD,2014-06-11 08:30:00+00:00,2014-06-11 08:45:00+00:00,2014-06-11 08:45:00+00:00,-1,-1.0,SL,False
S2-09,shock_reversion,GBPUSD,2014-06-12 06:45:00+00:00,2014-06-12 07:00:00+00:00,2014-06-12 07:00:00+00:00,-1,-1.0000000000001283,SL,False
S2-09,shock_reversion,GBPUSD,2014-06-12 07:00:00+00:00,2014-06-12 07:15:00+00:00,2014-06-12 07:30:00+00:00,-1,0.9999999999998403,TP,False
S2-09,shock_reversion,GBPUSD,2014-06-12 16:00:00+00:00,2014-06-12 16:15:00+00:00,2014-06-12 16:15:00+00:00,1,-0.9999999999999113,SL,False
S2-09,shock_reversion,GBPUSD,2014-06-12 20:00:00+00:00,2014-06-12 20:15:00+00:00,2014-06-12 20:15:00+00:00,-1,-1.0000000000000293,SL,False
S2-09,shock_reversion,GBPUSD,2014-06-13 03:45:00+00:00,2014-06-13 04:00:00+00:00,2014-06-13 04:00:00+00:00,-1,-1.0000000000000575,SL,False
S2-09,shock_reversion,GBPUSD,2014-06-15 21:00:00+00:00,2014-06-15 21:15:00+00:00,2014-06-15 21:15:00+00:00,-1,-1.0000000000001754,SL,False
S2-09,shock_reversion,GBPUSD,2014-06-16 05:45:00+00:00,2014-06-16 06:00:00+00:00,2014-06-16 06:00:00+00:00,-1,-0.9999999999997848,SL,True
S2-09,shock_reversion,GBPUSD,2014-06-16 06:00:00+00:00,2014-06-16 06:15:00+00:00,2014-06-16 06:15:00+00:00,-1,0.9999999999998226,TP,False
S2-09,shock_reversion,GBPUSD,2014-06-17 08:30:00+00:00,2014-06-17 08:45:00+00:00,2014-06-17 08:45:00+00:00,1,1.0000000000000764,TP,False
S2-09,shock_reversion,GBPUSD,2014-06-17 12:30:00+00:00,2014-06-17 12:45:00+00:00,2014-06-17 13:00:00+00:00,1,-1.0000000000000369,SL,False
S2-09,shock_reversion,GBPUSD,2014-06-18 06:00:00+00:00,2014-06-18 06:15:00+00:00,2014-06-18 06:30:00+00:00,-1,-1.0000000000002742,SL,False
S2-09,shock_reversion,GBPUSD,2014-06-18 07:00:00+00:00,2014-06-18 07:15:00+00:00,2014-06-18 07:15:00+00:00,-1,-0.9999999999997928,SL,True
S2-09,shock_reversion,GBPUSD,2014-06-18 08:30:00+00:00,2014-06-18 08:45:00+00:00,2014-06-18 08:45:00+00:00,1,-1.0,SL,False
S2-09,shock_reversion,GBPUSD,2014-06-18 18:00:00+00:00,2014-06-18 18:15:00+00:00,2014-06-18 18:15:00+00:00,-1,-1.0000000000000677,SL,False
S2-09,shock_reversion,GBPUSD,2014-06-19 06:15:00+00:00,2014-06-19 06:30:00+00:00,2014-06-19 06:30:00+00:00,-1,-0.9999999999997893,SL,False
S2-09,shock_reversion,GBPUSD,2014-06-23 01:30:00+00:00,2014-06-23 01:45:00+00:00,2014-06-23 01:45:00+00:00,-1,-1.0000000000002967,SL,False
S2-09,shock_reversion,GBPUSD,2014-06-23 06:00:00+00:00,2014-06-23 06:15:00+00:00,2014-06-23 06:15:00+00:00,-1,1.0,TP,False
S2-09,shock_reversion,GBPUSD,2014-06-24 06:00:00+00:00,2014-06-24 06:15:00+00:00,2014-06-24 06:15:00+00:00,-1,1.0000000000000966,TP,False
S2-09,shock_reversion,GBPUSD,2014-06-24 08:45:00+00:00,2014-06-24 09:00:00+00:00,2014-06-24 09:00:00+00:00,1,-1.000000000000063,SL,False
S2-09,shock_reversion,GBPUSD,2014-06-24 17:45:00+00:00,2014-06-24 18:00:00+00:00,2014-06-24 18:30:00+00:00,-1,-0.9999999999999457,SL,False
S2-09,shock_reversion,GBPUSD,2014-06-25 05:45:00+00:00,2014-06-25 06:00:00+00:00,2014-06-25 06:00:00+00:00,1,-0.9999999999997264,SL,True
S2-09,shock_reversion,GBPUSD,2014-06-25 12:30:00+00:00,2014-06-25 12:45:00+00:00,2014-06-25 12:45:00+00:00,-1,-1.0000000000001104,SL,False
S2-09,shock_reversion,GBPUSD,2014-06-26 08:45:00+00:00,2014-06-26 09:00:00+00:00,2014-06-26 09:15:00+00:00,-1,0.9999999999999011,TP,False
S2-09,shock_reversion,GBPUSD,2014-06-26 09:30:00+00:00,2014-06-26 09:45:00+00:00,2014-06-26 11:45:00+00:00,-1,0.9999999999999204,TP,False
S2-09,shock_reversion,GBPUSD,2014-06-27 08:30:00+00:00,2014-06-27 08:45:00+00:00,2014-06-27 08:45:00+00:00,-1,0.9999999999998586,TP,False
S2-09,shock_reversion,GBPUSD,2014-06-30 06:00:00+00:00,2014-06-30 06:15:00+00:00,2014-06-30 06:15:00+00:00,-1,-1.0,SL,True
S2-09,shock_reversion,GBPUSD,2014-06-30 06:15:00+00:00,2014-06-30 06:30:00+00:00,2014-06-30 06:45:00+00:00,1,-1.0000000000001597,SL,False
S2-09,shock_reversion,GBPUSD,2014-06-30 06:45:00+00:00,2014-06-30 07:00:00+00:00,2014-06-30 07:00:00+00:00,1,0.9999999999999365,TP,False
S2-09,shock_reversion,GBPUSD,2014-07-01 08:30:00+00:00,2014-07-01 08:45:00+00:00,2014-07-01 08:45:00+00:00,-1,-1.0000000000000415,SL,False
S2-09,shock_reversion,GBPUSD,2014-07-02 00:15:00+00:00,2014-07-02 00:30:00+00:00,2014-07-02 00:30:00+00:00,-1,1.0,TP,False
S2-09,shock_reversion,GBPUSD,2014-07-02 06:00:00+00:00,2014-07-02 06:15:00+00:00,2014-07-02 06:15:00+00:00,-1,-1.0000000000002331,SL,False
S2-09,shock_reversion,GBPUSD,2014-07-02 08:30:00+00:00,2014-07-02 08:45:00+00:00,2014-07-02 08:45:00+00:00,-1,0.9999999999998567,TP,False
S2-09,shock_reversion,GBPUSD,2014-07-02 12:15:00+00:00,2014-07-02 12:30:00+00:00,2014-07-02 13:00:00+00:00,1,1.0,TP,False
S2-09,shock_reversion,GBPUSD,2014-07-03 01:00:00+00:00,2014-07-03 01:15:00+00:00,2014-07-03 01:30:00+00:00,1,-1.0000000000002065,SL,True
S2-09,shock_reversion,GBPUSD,2014-07-03 08:30:00+00:00,2014-07-03 08:45:00+00:00,2014-07-03 09:45:00+00:00,1,0.9999999999999029,TP,False
S2-09,shock_reversion,GBPUSD,2014-07-03 12:30:00+00:00,2014-07-03 12:45:00+00:00,2014-07-03 13:00:00+00:00,1,1.0,TP,False
S2-09,shock_reversion,GBPUSD,2014-07-04 04:00:00+00:00,2014-07-04 04:15:00+00:00,2014-07-04 04:15:00+00:00,-1,-1.000000000000309,SL,False
S2-09,shock_reversion,GBPUSD,2014-07-04 15:45:00+00:00,2014-07-04 16:00:00+00:00,2014-07-04 16:00:00+00:00,-1,-0.2216390518335563,FRIDAY,False
S2-09,shock_reversion,GBPUSD,2014-07-08 08:30:00+00:00,2014-07-08 08:45:00+00:00,2014-07-08 08:45:00+00:00,1,0.9999999999999639,TP,False
S2-09,shock_reversion,GBPUSD,2014-07-09 18:00:00+00:00,2014-07-09 18:15:00+00:00,2014-07-09 18:15:00+00:00,-1,-0.9999999999998662,SL,False
S2-09,shock_reversion,GBPUSD,2014-07-10 06:00:00+00:00,2014-07-10 06:15:00+00:00,2014-07-10 06:15:00+00:00,1,-1.0000000000003355,SL,False
S2-09,shock_reversion,GBPUSD,2014-07-10 06:15:00+00:00,2014-07-10 06:30:00+00:00,2014-07-10 06:30:00+00:00,1,-1.0000000000000977,SL,False
S2-09,shock_reversion,GBPUSD,2014-07-10 06:30:00+00:00,2014-07-10 06:45:00+00:00,2014-07-10 06:45:00+00:00,1,-1.000000000000162,SL,False
S2-09,shock_reversion,GBPUSD,2014-07-10 06:45:00+00:00,2014-07-10 07:00:00+00:00,2014-07-10 07:00:00+00:00,1,-1.0000000000002052,SL,False
S2-09,shock_reversion,GBPUSD,2014-07-11 08:00:00+00:00,2014-07-11 08:15:00+00:00,2014-07-11 08:15:00+00:00,-1,-0.999999999999896,SL,False
S2-09,shock_reversion,GBPUSD,2014-07-11 20:45:00+00:00,2014-07-13 21:00:00+00:00,2014-07-13 21:00:00+00:00,1,-0.9999999999998408,SL,False
S2-09,shock_reversion,GBPUSD,2014-07-13 21:00:00+00:00,2014-07-13 21:15:00+00:00,2014-07-14 01:00:00+00:00,-1,0.2120876887995846,TIME,False
S2-09,shock_reversion,GBPUSD,2014-07-14 05:45:00+00:00,2014-07-14 06:00:00+00:00,2014-07-14 06:00:00+00:00,1,0.999999999999679,TP,False
S2-09,shock_reversion,GBPUSD,2014-07-14 12:15:00+00:00,2014-07-14 12:30:00+00:00,2014-07-14 12:30:00+00:00,1,-0.9999999999999633,SL,False
S2-09,shock_reversion,GBPUSD,2014-07-15 04:30:00+00:00,2014-07-15 04:45:00+00:00,2014-07-15 06:00:00+00:00,-1,1.0000000000002318,TP,False
S2-09,shock_reversion,GBPUSD,2014-07-15 06:00:00+00:00,2014-07-15 06:15:00+00:00,2014-07-15 06:15:00+00:00,1,-1.0,SL,False
S2-09,shock_reversion,GBPUSD,2014-07-15 06:30:00+00:00,2014-07-15 06:45:00+00:00,2014-07-15 06:45:00+00:00,1,-0.9999999999998583,SL,False
S2-09,shock_reversion,GBPUSD,2014-07-15 08:30:00+00:00,2014-07-15 08:45:00+00:00,2014-07-15 11:00:00+00:00,-1,-0.9999999999999255,SL,False
S2-09,shock_reversion,GBPUSD,2014-07-16 06:00:00+00:00,2014-07-16 06:15:00+00:00,2014-07-16 06:15:00+00:00,-1,-1.0,SL,True
S2-09,shock_reversion,GBPUSD,2014-07-16 06:15:00+00:00,2014-07-16 06:30:00+00:00,2014-07-16 06:30:00+00:00,-1,0.9999999999997886,TP,False
S2-09,shock_reversion,GBPUSD,2014-07-16 08:30:00+00:00,2014-07-16 08:45:00+00:00,2014-07-16 08:45:00+00:00,1,-1.0000000000001164,SL,False
S2-09,shock_reversion,GBPUSD,2014-07-17 05:45:00+00:00,2014-07-17 06:00:00+00:00,2014-07-17 06:15:00+00:00,1,-1.0000000000003773,SL,False
S2-09,shock_reversion,GBPUSD,2014-07-17 06:30:00+00:00,2014-07-17 06:45:00+00:00,2014-07-17 06:45:00+00:00,1,-0.9999999999997341,SL,True
S2-09,shock_reversion,GBPUSD,2014-07-18 06:15:00+00:00,2014-07-18 06:30:00+00:00,2014-07-18 06:30:00+00:00,-1,0.9999999999998368,TP,False
S2-09,shock_reversion,GBPUSD,2014-07-18 12:45:00+00:00,2014-07-18 13:00:00+00:00,2014-07-18 13:30:00+00:00,1,1.0,TP,False
S2-09,shock_reversion,GBPUSD,2014-07-20 21:30:00+00:00,2014-07-20 21:45:00+00:00,2014-07-20 22:30:00+00:00,1,1.0000000000002232,TP,False
S2-09,shock_reversion,GBPUSD,2014-07-21 23:45:00+00:00,2014-07-22 00:00:00+00:00,2014-07-22 00:00:00+00:00,1,1.000000000000266,TP,False
S2-09,shock_reversion,GBPUSD,2014-07-23 06:30:00+00:00,2014-07-23 06:45:00+00:00,2014-07-23 07:00:00+00:00,1,-1.0000000000001084,SL,True
S2-09,shock_reversion,GBPUSD,2014-07-23 07:00:00+00:00,2014-07-23 07:15:00+00:00,2014-07-23 07:15:00+00:00,-1,-1.0000000000000835,SL,False
S2-09,shock_reversion,GBPUSD,2014-07-23 07:15:00+00:00,2014-07-23 07:30:00+00:00,2014-07-23 08:00:00+00:00,-1,-1.0000000000002027,SL,False
S2-09,shock_reversion,GBPUSD,2014-07-23 08:00:00+00:00,2014-07-23 08:15:00+00:00,2014-07-23 08:15:00+00:00,-1,-0.9999999999998964,SL,False
S2-09,shock_reversion,GBPUSD,2014-07-24 06:00:00+00:00,2014-07-24 06:15:00+00:00,2014-07-24 06:15:00+00:00,1,1.0000000000003884,TP,False
S2-09,shock_reversion,GBPUSD,2014-07-24 06:45:00+00:00,2014-07-24 07:00:00+00:00,2014-07-24 07:00:00+00:00,-1,-0.9999999999999294,SL,False
S2-09,shock_reversion,GBPUSD,2014-07-24 08:30:00+00:00,2014-07-24 08:45:00+00:00,2014-07-24 09:00:00+00:00,1,1.000000000000034,TP,False
S2-09,shock_reversion,GBPUSD,2014-07-25 06:15:00+00:00,2014-07-25 06:30:00+00:00,2014-07-25 06:30:00+00:00,-1,1.0,TP,False
S2-09,shock_reversion,GBPUSD,2014-07-25 07:00:00+00:00,2014-07-25 07:15:00+00:00,2014-07-25 07:45:00+00:00,1,-1.0000000000001592,SL,False
S2-09,shock_reversion,GBPUSD,2014-07-25 08:30:00+00:00,2014-07-25 08:45:00+00:00,2014-07-25 08:45:00+00:00,1,-0.9999999999999077,SL,False
S2-09,shock_reversion,GBPUSD,2014-07-28 06:00:00+00:00,2014-07-28 06:15:00+00:00,2014-07-28 06:15:00+00:00,-1,1.000000000000153,TP,False
S2-09,shock_reversion,GBPUSD,2014-07-28 06:15:00+00:00,2014-07-28 06:30:00+00:00,2014-07-28 07:00:00+00:00,1,1.000000000000371,TP,False
S2-09,shock_reversion,GBPUSD,2014-07-30 05:30:00+00:00,2014-07-30 05:45:00+00:00,2014-07-30 05:45:00+00:00,1,0.9999999999996532,TP,False
S2-09,shock_reversion,GBPUSD,2014-07-30 12:30:00+00:00,2014-07-30 12:45:00+00:00,2014-07-30 13:15:00+00:00,1,-0.9999999999999615,SL,False
S2-09,shock_reversion,GBPUSD,2014-07-30 18:00:00+00:00,2014-07-30 18:15:00+00:00,2014-07-30 18:30:00+00:00,-1,-0.99999999999996,SL,False
S2-09,shock_reversion,GBPUSD,2014-07-31 06:00:00+00:00,2014-07-31 06:15:00+00:00,2014-07-31 06:15:00+00:00,1,0.9999999999996938,TP,False
S2-09,shock_reversion,GBPUSD,2014-07-31 06:15:00+00:00,2014-07-31 06:30:00+00:00,2014-07-31 06:30:00+00:00,-1,1.000000000000085,TP,False
S2-09,shock_reversion,GBPUSD,2014-07-31 06:30:00+00:00,2014-07-31 06:45:00+00:00,2014-07-31 07:00:00+00:00,1,-1.0000000000002052,SL,False
S2-09,shock_reversion,GBPUSD,2014-08-01 00:00:00+00:00,2014-08-01 00:15:00+00:00,2014-08-01 00:30:00+00:00,1,0.9999999999999208,TP,False
S2-09,shock_reversion,GBPUSD,2014-08-01 06:45:00+00:00,2014-08-01 07:00:00+00:00,2014-08-01 07:00:00+00:00,1,-1.0000000000002562,SL,False
S2-09,shock_reversion,GBPUSD,2014-08-01 08:00:00+00:00,2014-08-01 08:15:00+00:00,2014-08-01 08:15:00+00:00,-1,1.0,TP,False
S2-09,shock_reversion,GBPUSD,2014-08-01 08:15:00+00:00,2014-08-01 08:30:00+00:00,2014-08-01 08:30:00+00:00,1,-0.9999999999998935,SL,False
S2-09,shock_reversion,GBPUSD,2014-08-01 08:30:00+00:00,2014-08-01 08:45:00+00:00,2014-08-01 08:45:00+00:00,1,-1.0000000000000802,SL,False
S2-09,shock_reversion,GBPUSD,2014-08-05 05:45:00+00:00,2014-08-05 06:00:00+00:00,2014-08-05 06:00:00+00:00,-1,1.0000000000002318,TP,False
S2-09,shock_reversion,GBPUSD,2014-08-05 06:30:00+00:00,2014-08-05 06:45:00+00:00,2014-08-05 06:45:00+00:00,1,-1.0000000000000855,SL,False
S2-09,shock_reversion,GBPUSD,2014-08-05 08:30:00+00:00,2014-08-05 08:45:00+00:00,2014-08-05 09:15:00+00:00,-1,1.0000000000000389,TP,False
S2-09,shock_reversion,GBPUSD,2014-08-05 14:45:00+00:00,2014-08-05 15:00:00+00:00,2014-08-05 17:45:00+00:00,-1,-0.9999999999999537,SL,False
S2-09,shock_reversion,GBPUSD,2014-08-06 08:30:00+00:00,2014-08-06 08:45:00+00:00,2014-08-06 08:45:00+00:00,1,-1.000000000000137,SL,False
S2-09,shock_reversion,GBPUSD,2014-08-06 16:15:00+00:00,2014-08-06 16:30:00+00:00,2014-08-06 16:45:00+00:00,-1,0.9999999999999525,TP,False
S2-09,shock_reversion,GBPUSD,2014-08-07 23:45:00+00:00,2014-08-08 00:00:00+00:00,2014-08-08 00:00:00+00:00,1,0.999999999999622,TP,False
S2-09,shock_reversion,GBPUSD,2014-08-08 00:15:00+00:00,2014-08-08 00:30:00+00:00,2014-08-08 00:30:00+00:00,1,-1.000000000000281,SL,False
S2-09,shock_reversion,GBPUSD,2014-08-08 00:45:00+00:00,2014-08-08 01:00:00+00:00,2014-08-08 01:00:00+00:00,1,1.0000000000001765,TP,False
S2-09,shock_reversion,GBPUSD,2014-08-08 01:15:00+00:00,2014-08-08 01:30:00+00:00,2014-08-08 01:30:00+00:00,1,-0.9999999999997918,SL,False
S2-09,shock_reversion,GBPUSD,2014-08-08 06:30:00+00:00,2014-08-08 06:45:00+00:00,2014-08-08 06:45:00+00:00,-1,-1.0,SL,False
S2-09,shock_reversion,GBPUSD,2014-08-08 06:45:00+00:00,2014-08-08 07:00:00+00:00,2014-08-08 07:00:00+00:00,-1,0.999999999999889,TP,False
S2-09,shock_reversion,GBPUSD,2014-08-11 06:00:00+00:00,2014-08-11 06:15:00+00:00,2014-08-11 06:15:00+00:00,1,-0.9999999999999009,SL,False
S2-09,shock_reversion,GBPUSD,2014-08-13 05:45:00+00:00,2014-08-13 06:00:00+00:00,2014-08-13 06:00:00+00:00,-1,-0.9999999999998993,SL,False
S2-09,shock_reversion,GBPUSD,2014-08-13 06:00:00+00:00,2014-08-13 06:15:00+00:00,2014-08-13 06:15:00+00:00,-1,-1.000000000000163,SL,False
S2-09,shock_reversion,GBPUSD,2014-08-13 08:30:00+00:00,2014-08-13 08:45:00+00:00,2014-08-13 09:15:00+00:00,1,-1.0000000000000397,SL,False
S2-09,shock_reversion,GBPUSD,2014-08-13 09:30:00+00:00,2014-08-13 09:45:00+00:00,2014-08-13 10:30:00+00:00,1,-1.0,SL,False
S2-09,shock_reversion,GBPUSD,2014-08-14 01:00:00+00:00,2014-08-14 01:15:00+00:00,2014-08-14 01:30:00+00:00,1,-0.9999999999999153,SL,True
S2-09,shock_reversion,GBPUSD,2014-08-14 06:30:00+00:00,2014-08-14 06:45:00+00:00,2014-08-14 06:45:00+00:00,1,-1.000000000000251,SL,False
S2-09,shock_reversion,GBPUSD,2014-08-15 06:30:00+00:00,2014-08-15 06:45:00+00:00,2014-08-15 06:45:00+00:00,1,-1.0000000000001092,SL,False
S2-09,shock_reversion,GBPUSD,2014-08-18 13:45:00+00:00,2014-08-18 14:00:00+00:00,2014-08-18 14:15:00+00:00,1,-1.0,SL,False
S2-09,shock_reversion,GBPUSD,2014-08-19 06:15:00+00:00,2014-08-19 06:30:00+00:00,2014-08-19 06:30:00+00:00,1,-1.0,SL,False
S2-09,shock_reversion,GBPUSD,2014-08-19 06:30:00+00:00,2014-08-19 06:45:00+00:00,2014-08-19 07:00:00+00:00,1,0.9999999999999214,TP,False
S2-09,shock_reversion,GBPUSD,2014-08-19 08:30:00+00:00,2014-08-19 08:45:00+00:00,2014-08-19 08:45:00+00:00,1,-0.9999999999999015,SL,False
S2-09,shock_reversion,GBPUSD,2014-08-20 07:30:00+00:00,2014-08-20 07:45:00+00:00,2014-08-20 07:45:00+00:00,1,1.0000000000000577,TP,False
S2-09,shock_reversion,GBPUSD,2014-08-20 08:30:00+00:00,2014-08-20 08:45:00+00:00,2014-08-20 09:00:00+00:00,-1,1.000000000000058,TP,False
S2-09,shock_reversion,GBPUSD,2014-08-20 18:00:00+00:00,2014-08-20 18:15:00+00:00,2014-08-20 18:15:00+00:00,1,0.9999999999999569,TP,False
S2-09,shock_reversion,GBPUSD,2014-08-21 01:30:00+00:00,2014-08-21 01:45:00+00:00,2014-08-21 02:15:00+00:00,1,0.9999999999997424,TP,False
S2-09,shock_reversion,GBPUSD,2014-08-22 02:45:00+00:00,2014-08-22 03:00:00+00:00,2014-08-22 03:00:00+00:00,-1,-0.9999999999999063,SL,False
S2-09,shock_reversion,GBPUSD,2014-08-22 14:00:00+00:00,2014-08-22 14:15:00+00:00,2014-08-22 14:15:00+00:00,1,1.0000000000000748,TP,False
S2-09,shock_reversion,GBPUSD,2014-08-26 01:15:00+00:00,2014-08-26 01:30:00+00:00,2014-08-26 01:45:00+00:00,-1,-0.9999999999997655,SL,False
S2-09,shock_reversion,GBPUSD,2014-08-26 06:30:00+00:00,2014-08-26 06:45:00+00:00,2014-08-26 06:45:00+00:00,1,-1.0000000000001983,SL,False
S2-09,shock_reversion,GBPUSD,2014-08-27 06:00:00+00:00,2014-08-27 06:15:00+00:00,2014-08-27 06:15:00+00:00,-1,-1.0000000000001303,SL,False
S2-09,shock_reversion,GBPUSD,2014-08-27 06:15:00+00:00,2014-08-27 06:30:00+00:00,2014-08-27 06:45:00+00:00,-1,-1.0000000000001117,SL,False
S2-09,shock_reversion,GBPUSD,2014-08-28 00:30:00+00:00,2014-08-28 00:45:00+00:00,2014-08-28 00:45:00+00:00,-1,-0.9999999999997449,SL,False
S2-09,shock_reversion,GBPUSD,2014-08-28 01:00:00+00:00,2014-08-28 01:15:00+00:00,2014-08-28 01:15:00+00:00,-1,1.0000000000002098,TP,False
S2-09,shock_reversion,GBPUSD,2014-08-28 01:30:00+00:00,2014-08-28 01:45:00+00:00,2014-08-28 01:45:00+00:00,-1,-1.00000000000016,SL,False
S2-09,shock_reversion,GBPUSD,2014-08-29 06:30:00+00:00,2014-08-29 06:45:00+00:00,2014-08-29 07:00:00+00:00,-1,1.0,TP,False
S2-09,shock_reversion,GBPUSD,2014-08-29 19:45:00+00:00,2014-08-29 20:00:00+00:00,2014-08-29 20:00:00+00:00,-1,0.3465373214766909,FRIDAY,False
S2-09,shock_reversion,GBPUSD,2014-09-01 06:15:00+00:00,2014-09-01 06:30:00+00:00,2014-09-01 06:30:00+00:00,-1,-0.9999999999998123,SL,False
S2-09,shock_reversion,GBPUSD,2014-09-02 00:30:00+00:00,2014-09-02 00:45:00+00:00,2014-09-02 01:00:00+00:00,1,-1.0,SL,False
S2-09,shock_reversion,GBPUSD,2014-09-02 01:15:00+00:00,2014-09-02 01:30:00+00:00,2014-09-02 01:30:00+00:00,1,-0.9999999999997865,SL,False
S2-09,shock_reversion,GBPUSD,2014-09-02 06:45:00+00:00,2014-09-02 07:00:00+00:00,2014-09-02 07:00:00+00:00,1,-1.0000000000001652,SL,False
S2-09,shock_reversion,GBPUSD,2014-09-02 08:30:00+00:00,2014-09-02 08:45:00+00:00,2014-09-02 08:45:00+00:00,1,-1.0000000000000995,SL,False
S2-09,shock_reversion,GBPUSD,2014-09-02 23:30:00+00:00,2014-09-02 23:45:00+00:00,2014-09-03 00:00:00+00:00,1,0.9999999999997513,TP,False
S2-09,shock_reversion,GBPUSD,2014-09-03 03:30:00+00:00,2014-09-03 03:45:00+00:00,2014-09-03 03:45:00+00:00,1,-1.0,SL,False
S2-09,shock_reversion,GBPUSD,2014-09-03 03:45:00+00:00,2014-09-03 04:00:00+00:00,2014-09-03 05:00:00+00:00,1,1.0000000000002018,TP,False
S2-09,shock_reversion,GBPUSD,2014-09-04 11:45:00+00:00,2014-09-04 12:00:00+00:00,2014-09-04 12:00:00+00:00,1,-0.9999999999998929,SL,False
S2-09,shock_reversion,GBPUSD,2014-09-04 12:00:00+00:00,2014-09-04 12:15:00+00:00,2014-09-04 12:15:00+00:00,1,0.9999999999999104,TP,False
S2-09,shock_reversion,GBPUSD,2014-09-04 21:00:00+00:00,2014-09-04 21:15:00+00:00,2014-09-04 23:30:00+00:00,1,-0.99999999999992,SL,False
S2-09,shock_reversion,GBPUSD,2014-09-04 23:30:00+00:00,2014-09-04 23:45:00+00:00,2014-09-04 23:45:00+00:00,1,-0.9999999999999272,SL,False
S2-09,shock_reversion,GBPUSD,2014-09-05 06:30:00+00:00,2014-09-05 06:45:00+00:00,2014-09-05 07:00:00+00:00,-1,0.999999999999936,TP,False
S2-09,shock_reversion,GBPUSD,2014-09-08 05:30:00+00:00,2014-09-08 05:45:00+00:00,2014-09-08 05:45:00+00:00,1,-1.0000000000001195,SL,False
S2-09,shock_reversion,GBPUSD,2014-09-08 06:30:00+00:00,2014-09-08 06:45:00+00:00,2014-09-08 06:45:00+00:00,1,-0.99999999999993,SL,True
S2-09,shock_reversion,GBPUSD,2014-09-09 02:30:00+00:00,2014-09-09 02:45:00+00:00,2014-09-09 03:15:00+00:00,1,-1.0000000000001106,SL,False
S2-09,shock_reversion,GBPUSD,2014-09-09 08:15:00+00:00,2014-09-09 08:30:00+00:00,2014-09-09 08:30:00+00:00,-1,-0.9999999999999691,SL,True
S2-09,shock_reversion,GBPUSD,2014-09-10 13:45:00+00:00,2014-09-10 14:00:00+00:00,2014-09-10 14:30:00+00:00,-1,1.0000000000000202,TP,False
S2-09,shock_reversion,GBPUSD,2014-09-10 16:45:00+00:00,2014-09-10 17:00:00+00:00,2014-09-10 17:00:00+00:00,-1,-0.9999999999999437,SL,False
S2-09,shock_reversion,GBPUSD,2014-09-10 18:00:00+00:00,2014-09-10 18:15:00+00:00,2014-09-10 18:45:00+00:00,-1,1.0000000000000169,TP,False
S2-09,shock_reversion,GBPUSD,2014-09-11 07:45:00+00:00,2014-09-11 08:00:00+00:00,2014-09-11 08:30:00+00:00,-1,0.9999999999999182,TP,False
S2-09,shock_reversion,GBPUSD,2014-09-11 20:45:00+00:00,2014-09-11 21:00:00+00:00,2014-09-11 21:00:00+00:00,-1,0.9999999999999204,TP,False
S2-09,shock_reversion,GBPUSD,2014-09-12 06:30:00+00:00,2014-09-12 06:45:00+00:00,2014-09-12 06:45:00+00:00,-1,0.9999999999999558,TP,False
S2-09,shock_reversion,GBPUSD,2014-09-16 06:30:00+00:00,2014-09-16 06:45:00+00:00,2014-09-16 06:45:00+00:00,1,-0.9999999999999064,SL,False
S2-09,shock_reversion,GBPUSD,2014-09-16 15:45:00+00:00,2014-09-16 16:00:00+00:00,2014-09-16 16:00:00+00:00,-1,-1.0000000000000393,SL,False
S2-09,shock_reversion,GBPUSD,2014-09-17 06:15:00+00:00,2014-09-17 06:30:00+00:00,2014-09-17 06:30:00+00:00,-1,-1.0,SL,False
S2-09,shock_reversion,GBPUSD,2014-09-17 12:30:00+00:00,2014-09-17 12:45:00+00:00,2014-09-17 14:00:00+00:00,-1,-1.0000000000000784,SL,False
S2-09,shock_reversion,GBPUSD,2014-09-17 18:00:00+00:00,2014-09-17 18:15:00+00:00,2014-09-17 18:15:00+00:00,1,1.0000000000000362,TP,False
S2-09,shock_reversion,GBPUSD,2014-09-18 05:30:00+00:00,2014-09-18 05:45:00+00:00,2014-09-18 05:45:00+00:00,-1,0.9999999999999335,TP,False
S2-09,shock_reversion,GBPUSD,2014-09-18 12:15:00+00:00,2014-09-18 12:30:00+00:00,2014-09-18 12:30:00+00:00,-1,-1.000000000000062,SL,False
S2-09,shock_reversion,GBPUSD,2014-09-18 20:30:00+00:00,2014-09-18 20:45:00+00:00,2014-09-18 21:00:00+00:00,-1,-0.9999999999999072,SL,False
S2-09,shock_reversion,GBPUSD,2014-09-18 21:30:00+00:00,2014-09-18 21:45:00+00:00,2014-09-18 22:00:00+00:00,-1,0.9999999999999789,TP,False
S2-09,shock_reversion,GBPUSD,2014-09-21 21:00:00+00:00,2014-09-21 21:15:00+00:00,2014-09-21 21:15:00+00:00,-1,0.9999999999999439,TP,False
S2-09,shock_reversion,GBPUSD,2014-09-23 01:00:00+00:00,2014-09-23 01:15:00+00:00,2014-09-23 01:15:00+00:00,-1,-0.9999999999998866,SL,False
S2-09,shock_reversion,GBPUSD,2014-09-23 06:45:00+00:00,2014-09-23 07:00:00+00:00,2014-09-23 07:00:00+00:00,1,1.0000000000001477,TP,False
S2-09,shock_reversion,GBPUSD,2014-09-24 23:00:00+00:00,2014-09-24 23:15:00+00:00,2014-09-25 00:00:00+00:00,1,1.0000000000001512,TP,False
S2-09,shock_reversion,GBPUSD,2014-09-25 06:00:00+00:00,2014-09-25 06:15:00+00:00,2014-09-25 06:15:00+00:00,1,-0.9999999999999191,SL,True
S2-09,shock_reversion,GBPUSD,2014-09-25 12:30:00+00:00,2014-09-25 12:45:00+00:00,2014-09-25 13:00:00+00:00,-1,-0.9999999999999571,SL,False
S2-09,shock_reversion,GBPUSD,2014-09-26 02:15:00+00:00,2014-09-26 02:30:00+00:00,2014-09-26 02:30:00+00:00,1,-1.0,SL,True
S2-09,shock_reversion,GBPUSD,2014-09-26 02:30:00+00:00,2014-09-26 02:45:00+00:00,2014-09-26 03:00:00+00:00,1,0.9999999999998367,TP,False
S2-09,shock_reversion,GBPUSD,2014-09-26 06:30:00+00:00,2014-09-26 06:45:00+00:00,2014-09-26 06:45:00+00:00,1,0.9999999999999134,TP,False
S2-09,shock_reversion,GBPUSD,2014-09-28 21:00:00+00:00,2014-09-28 21:30:00+00:00,2014-09-28 21:45:00+00:00,1,-1.0000000000000464,SL,False
S2-09,shock_reversion,GBPUSD,2014-09-29 06:30:00+00:00,2014-09-29 06:45:00+00:00,2014-09-29 06:45:00+00:00,-1,1.0000000000000866,TP,False
S2-09,shock_reversion,GBPUSD,2014-09-30 00:15:00+00:00,2014-09-30 00:30:00+00:00,2014-09-30 00:30:00+00:00,1,-0.9999999999997634,SL,False
S2-09,shock_reversion,GBPUSD,2014-09-30 06:00:00+00:00,2014-09-30 06:15:00+00:00,2014-09-30 06:15:00+00:00,-1,-0.9999999999998732,SL,False
S2-09,shock_reversion,GBPUSD,2014-09-30 06:15:00+00:00,2014-09-30 06:30:00+00:00,2014-09-30 06:30:00+00:00,-1,1.0000000000000762,TP,False
S2-09,shock_reversion,GBPUSD,2014-09-30 08:30:00+00:00,2014-09-30 08:45:00+00:00,2014-09-30 08:45:00+00:00,1,-1.0,SL,False
S2-09,shock_reversion,GBPUSD,2014-10-01 02:00:00+00:00,2014-10-01 02:15:00+00:00,2014-10-01 02:15:00+00:00,1,1.0,TP,False
S2-09,shock_reversion,GBPUSD,2014-10-01 08:30:00+00:00,2014-10-01 08:45:00+00:00,2014-10-01 08:45:00+00:00,1,0.9999999999999737,TP,False
S2-09,shock_reversion,GBPUSD,2014-10-01 12:15:00+00:00,2014-10-01 12:30:00+00:00,2014-10-01 12:45:00+00:00,-1,-1.000000000000053,SL,False
S2-09,shock_reversion,GBPUSD,2014-10-02 03:00:00+00:00,2014-10-02 03:15:00+00:00,2014-10-02 03:15:00+00:00,-1,-1.0,SL,False
S2-09,shock_reversion,GBPUSD,2014-10-03 00:00:00+00:00,2014-10-03 00:15:00+00:00,2014-10-03 00:45:00+00:00,1,-1.0000000000001115,SL,False
S2-09,shock_reversion,GBPUSD,2014-10-03 06:45:00+00:00,2014-10-03 07:00:00+00:00,2014-10-03 07:00:00+00:00,1,0.9999999999999353,TP,False
S2-09,shock_reversion,GBPUSD,2014-10-03 08:30:00+00:00,2014-10-03 08:45:00+00:00,2014-10-03 09:00:00+00:00,1,-1.0000000000000318,SL,False
S2-09,shock_reversion,GBPUSD,2014-10-03 12:30:00+00:00,2014-10-03 12:45:00+00:00,2014-10-03 13:00:00+00:00,1,1.000000000000047,TP,False
S2-09,shock_reversion,GBPUSD,2014-10-05 21:00:00+00:00,2014-10-05 21:15:00+00:00,2014-10-05 22:00:00+00:00,-1,1.000000000000095,TP,False
S2-09,shock_reversion,GBPUSD,2014-10-06 06:00:00+00:00,2014-10-06 06:15:00+00:00,2014-10-06 06:15:00+00:00,-1,1.0000000000000846,TP,False
S2-09,shock_reversion,GBPUSD,2014-10-06 06:45:00+00:00,2014-10-06 07:00:00+00:00,2014-10-06 07:00:00+00:00,1,-1.000000000000057,SL,False
S2-09,shock_reversion,GBPUSD,2014-10-06 19:30:00+00:00,2014-10-06 19:45:00+00:00,2014-10-06 19:45:00+00:00,-1,0.9999999999999545,TP,False
S2-09,shock_reversion,GBPUSD,2014-10-07 04:30:00+00:00,2014-10-07 04:45:00+00:00,2014-10-07 05:00:00+00:00,-1,-1.0,SL,False
S2-09,shock_reversion,GBPUSD,2014-10-07 06:15:00+00:00,2014-10-07 06:30:00+00:00,2014-10-07 06:30:00+00:00,-1,1.000000000000073,TP,False
S2-09,shock_reversion,GBPUSD,2014-10-07 23:15:00+00:00,2014-10-07 23:30:00+00:00,2014-10-07 23:30:00+00:00,-1,0.999999999999936,TP,False
S2-09,shock_reversion,GBPUSD,2014-10-08 06:45:00+00:00,2014-10-08 07:00:00+00:00,2014-10-08 07:15:00+00:00,-1,1.0000000000000462,TP,False
S2-09,shock_reversion,GBPUSD,2014-10-08 18:00:00+00:00,2014-10-08 18:15:00+00:00,2014-10-08 18:30:00+00:00,-1,-1.0000000000000369,SL,False
S2-09,shock_reversion,GBPUSD,2014-10-10 06:30:00+00:00,2014-10-10 06:45:00+00:00,2014-10-10 06:45:00+00:00,1,-1.0000000000001554,SL,False
S2-09,shock_reversion,GBPUSD,2014-10-10 06:45:00+00:00,2014-10-10 07:00:00+00:00,2014-10-10 07:00:00+00:00,1,-1.0000000000000835,SL,False
S2-09,shock_reversion,GBPUSD,2014-10-13 06:45:00+00:00,2014-10-13 07:00:00+00:00,2014-10-13 07:00:00+00:00,1,-1.0,SL,False
S2-09,shock_reversion,GBPUSD,2014-10-13 20:15:00+00:00,2014-10-13 20:30:00+00:00,2014-10-13 20:30:00+00:00,-1,-0.9999999999998825,SL,True
S2-09,shock_reversion,GBPUSD,2014-10-14 06:15:00+00:00,2014-10-14 06:30:00+00:00,2014-10-14 06:45:00+00:00,1,-1.0000000000001044,SL,False
S2-09,shock_reversion,GBPUSD,2014-10-14 08:30:00+00:00,2014-10-14 08:45:00+00:00,2014-10-14 09:00:00+00:00,1,-0.9999999999999569,SL,False
S2-09,shock_reversion,GBPUSD,2014-10-15 00:45:00+00:00,2014-10-15 01:00:00+00:00,2014-10-15 01:00:00+00:00,1,-1.0000000000001483,SL,False
S2-09,shock_reversion,GBPUSD,2014-10-15 08:30:00+00:00,2014-10-15 08:45:00+00:00,2014-10-15 09:00:00+00:00,1,0.9999999999999382,TP,False
S2-09,shock_reversion,GBPUSD,2014-10-15 12:30:00+00:00,2014-10-15 12:45:00+00:00,2014-10-15 12:45:00+00:00,-1,-1.0000000000000784,SL,False
S2-09,shock_reversion,GBPUSD,2014-10-15 13:30:00+00:00,2014-10-15 13:45:00+00:00,2014-10-15 13:45:00+00:00,-1,-1.0000000000000306,SL,True
S2-09,shock_reversion,GBPUSD,2014-10-17 06:45:00+00:00,2014-10-17 07:00:00+00:00,2014-10-17 07:00:00+00:00,1,-1.0000000000000597,SL,False
S2-09,shock_reversion,GBPUSD,2014-10-20 06:00:00+00:00,2014-10-20 06:15:00+00:00,2014-10-20 06:15:00+00:00,1,-0.9999999999999464,SL,False
S2-09,shock_reversion,GBPUSD,2014-10-20 06:45:00+00:00,2014-10-20 07:00:00+00:00,2014-10-20 07:00:00+00:00,1,1.0,TP,False
S2-09,shock_reversion,GBPUSD,2014-10-22 07:00:00+00:00,2014-10-22 07:15:00+00:00,2014-10-22 07:15:00+00:00,1,-0.9999999999998891,SL,False
S2-09,shock_reversion,GBPUSD,2014-10-22 07:30:00+00:00,2014-10-22 07:45:00+00:00,2014-10-22 08:15:00+00:00,1,-0.9999999999999407,SL,False
S2-09,shock_reversion,GBPUSD,2014-10-22 08:30:00+00:00,2014-10-22 08:45:00+00:00,2014-10-22 09:45:00+00:00,1,0.9999999999999821,TP,False
S2-09,shock_reversion,GBPUSD,2014-10-23 06:30:00+00:00,2014-10-23 06:45:00+00:00,2014-10-23 07:00:00+00:00,1,-0.9999999999998506,SL,False
S2-09,shock_reversion,GBPUSD,2014-10-23 07:00:00+00:00,2014-10-23 07:15:00+00:00,2014-10-23 07:15:00+00:00,1,-1.0000000000000406,SL,False
S2-09,shock_reversion,GBPUSD,2014-10-24 06:30:00+00:00,2014-10-24 06:45:00+00:00,2014-10-24 07:00:00+00:00,1,0.9999999999998959,TP,False
S2-09,shock_reversion,GBPUSD,2014-10-24 08:30:00+00:00,2014-10-24 08:45:00+00:00,2014-10-24 08:45:00+00:00,-1,-0.9999999999999422,SL,False
S2-09,shock_reversion,GBPUSD,2014-10-27 14:00:00+00:00,2014-10-27 14:15:00+00:00,2014-10-27 14:15:00+00:00,-1,-1.0,SL,False
S2-09,shock_reversion,GBPUSD,2014-10-28 00:45:00+00:00,2014-10-28 01:00:00+00:00,2014-10-28 01:00:00+00:00,1,0.9999999999998682,TP,False
S2-09,shock_reversion,GBPUSD,2014-10-28 06:45:00+00:00,2014-10-28 07:00:00+00:00,2014-10-28 07:00:00+00:00,1,1.0000000000002205,TP,False
S2-09,shock_reversion,GBPUSD,2014-10-28 12:30:00+00:00,2014-10-28 12:45:00+00:00,2014-10-28 13:00:00+00:00,-1,-0.99999999999995,SL,False
S2-09,shock_reversion,GBPUSD,2014-10-28 17:45:00+00:00,2014-10-28 18:00:00+00:00,2014-10-28 18:00:00+00:00,1,-1.0000000000000426,SL,False
S2-09,shock_reversion,GBPUSD,2014-10-29 06:15:00+00:00,2014-10-29 06:30:00+00:00,2014-10-29 06:45:00+00:00,-1,0.9999999999999013,TP,False
S2-09,shock_reversion,GBPUSD,2014-10-29 07:00:00+00:00,2014-10-29 07:15:00+00:00,2014-10-29 07:30:00+00:00,-1,1.0000000000002254,TP,False
S2-09,shock_reversion,GBPUSD,2014-10-29 17:45:00+00:00,2014-10-29 18:00:00+00:00,2014-10-29 18:00:00+00:00,1,-1.0000000000000482,SL,False
S2-09,shock_reversion,GBPUSD,2014-10-29 18:00:00+00:00,2014-10-29 18:15:00+00:00,2014-10-29 22:00:00+00:00,1,-0.4162611594313958,TIME,False
S2-09,shock_reversion,GBPUSD,2014-10-30 00:00:00+00:00,2014-10-30 00:15:00+00:00,2014-10-30 00:30:00+00:00,1,-1.0000000000000493,SL,False
S2-09,shock_reversion,GBPUSD,2014-10-30 22:15:00+00:00,2014-10-30 22:30:00+00:00,2014-10-30 22:45:00+00:00,1,-0.9999999999998218,SL,False
S2-09,shock_reversion,GBPUSD,2014-10-31 04:45:00+00:00,2014-10-31 05:00:00+00:00,2014-10-31 05:00:00+00:00,1,-1.000000000000059,SL,False
S2-09,shock_reversion,GBPUSD,2014-11-03 08:30:00+00:00,2014-11-03 08:45:00+00:00,2014-11-03 08:45:00+00:00,-1,-1.0000000000000753,SL,False
S2-09,shock_reversion,GBPUSD,2014-11-04 00:30:00+00:00,2014-11-04 00:45:00+00:00,2014-11-04 01:00:00+00:00,1,1.0000000000000508,TP,False
S2-09,shock_reversion,GBPUSD,2014-11-04 09:30:00+00:00,2014-11-04 09:45:00+00:00,2014-11-04 09:45:00+00:00,1,-1.0000000000000786,SL,False
S2-09,shock_reversion,GBPUSD,2014-11-05 05:45:00+00:00,2014-11-05 06:00:00+00:00,2014-11-05 06:00:00+00:00,1,-1.000000000000083,SL,True
S2-09,shock_reversion,GBPUSD,2014-11-05 06:15:00+00:00,2014-11-05 06:30:00+00:00,2014-11-05 06:30:00+00:00,1,-0.9999999999999705,SL,False
S2-09,shock_reversion,GBPUSD,2014-11-06 13:30:00+00:00,2014-11-06 13:45:00+00:00,2014-11-06 13:45:00+00:00,1,-1.0000000000000469,SL,False
S2-09,shock_reversion,GBPUSD,2014-11-07 13:30:00+00:00,2014-11-07 13:45:00+00:00,2014-11-07 13:45:00+00:00,1,1.0000000000000453,TP,False
S2-09,shock_reversion,GBPUSD,2014-11-10 02:00:00+00:00,2014-11-10 02:15:00+00:00,2014-11-10 02:15:00+00:00,-1,-0.9999999999999145,SL,False
S2-09,shock_reversion,GBPUSD,2014-11-12 09:30:00+00:00,2014-11-12 09:45:00+00:00,2014-11-12 10:15:00+00:00,-1,-1.0,SL,False
S2-09,shock_reversion,GBPUSD,2014-11-12 10:30:00+00:00,2014-11-12 10:45:00+00:00,2014-11-12 11:00:00+00:00,1,-1.0000000000000497,SL,False
S2-09,shock_reversion,GBPUSD,2014-11-14 00:15:00+00:00,2014-11-14 00:30:00+00:00,2014-11-14 01:45:00+00:00,1,1.0000000000000502,TP,False
S2-09,shock_reversion,GBPUSD,2014-11-14 09:15:00+00:00,2014-11-14 09:30:00+00:00,2014-11-14 09:45:00+00:00,-1,1.0000000000000335,TP,False
S2-09,shock_reversion,GBPUSD,2014-11-14 13:30:00+00:00,2014-11-14 13:45:00+00:00,2014-11-14 14:00:00+00:00,1,-0.9999999999999203,SL,False
S2-09,shock_reversion,GBPUSD,2014-11-16 22:00:00+00:00,2014-11-16 22:15:00+00:00,2014-11-16 22:15:00+00:00,1,-0.9999999999999092,SL,False
S2-09,shock_reversion,GBPUSD,2014-11-17 00:00:00+00:00,2014-11-17 00:15:00+00:00,2014-11-17 00:30:00+00:00,-1,0.9999999999999578,TP,False
S2-09,shock_reversion,GBPUSD,2014-11-17 08:00:00+00:00,2014-11-17 08:15:00+00:00,2014-11-17 09:00:00+00:00,1,-0.9999999999999601,SL,False
S2-09,shock_reversion,GBPUSD,2014-11-17 09:00:00+00:00,2014-11-17 09:15:00+00:00,2014-11-17 09:15:00+00:00,1,-1.0,SL,False
S2-09,shock_reversion,GBPUSD,2014-11-17 22:30:00+00:00,2014-11-17 22:45:00+00:00,2014-11-17 22:45:00+00:00,1,-1.0,SL,False
S2-09,shock_reversion,GBPUSD,2014-11-18 09:00:00+00:00,2014-11-18 09:15:00+00:00,2014-11-18 09:15:00+00:00,1,1.000000000000111,TP,False
S2-09,shock_reversion,GBPUSD,2014-11-19 09:30:00+00:00,2014-11-19 09:45:00+00:00,2014-11-19 09:45:00+00:00,-1,-0.9999999999999262,SL,False
S2-09,shock_reversion,GBPUSD,2014-11-19 19:00:00+00:00,2014-11-19 19:15:00+00:00,2014-11-19 19:15:00+00:00,-1,-1.0000000000000582,SL,False
S2-09,shock_reversion,GBPUSD,2014-11-20 07:00:00+00:00,2014-11-20 07:15:00+00:00,2014-11-20 07:30:00+00:00,1,-0.9999999999998644,SL,False
S2-09,shock_reversion,GBPUSD,2014-11-20 09:30:00+00:00,2014-11-20 09:45:00+00:00,2014-11-20 10:15:00+00:00,-1,0.9999999999999348,TP,False
S2-09,shock_reversion,GBPUSD,2014-11-21 08:30:00+00:00,2014-11-21 08:45:00+00:00,2014-11-21 08:45:00+00:00,1,-1.0000000000000884,SL,False
S2-09,shock_reversion,GBPUSD,2014-11-21 21:45:00+00:00,2014-11-23 22:00:00+00:00,2014-11-23 22:00:00+00:00,1,1.0000000000000384,TP,False
S2-09,shock_reversion,GBPUSD,2014-11-24 08:30:00+00:00,2014-11-24 08:45:00+00:00,2014-11-24 09:00:00+00:00,1,0.9999999999998884,TP,False
S2-09,shock_reversion,GBPUSD,2014-11-25 07:15:00+00:00,2014-11-25 07:30:00+00:00,2014-11-25 07:30:00+00:00,1,0.9999999999998216,TP,False
S2-09,shock_reversion,GBPUSD,2014-11-25 08:00:00+00:00,2014-11-25 08:15:00+00:00,2014-11-25 08:15:00+00:00,1,0.9999999999998647,TP,False
S2-09,shock_reversion,GBPUSD,2014-11-25 08:30:00+00:00,2014-11-25 08:45:00+00:00,2014-11-25 09:00:00+00:00,-1,1.0000000000000693,TP,False
S2-09,shock_reversion,GBPUSD,2014-11-25 14:30:00+00:00,2014-11-25 14:45:00+00:00,2014-11-25 15:30:00+00:00,-1,-0.9999999999999736,SL,False
S2-09,shock_reversion,GBPUSD,2014-11-26 09:30:00+00:00,2014-11-26 09:45:00+00:00,2014-11-26 09:45:00+00:00,1,0.9999999999999198,TP,False
S2-09,shock_reversion,GBPUSD,2014-11-27 07:00:00+00:00,2014-11-27 07:15:00+00:00,2014-11-27 07:15:00+00:00,-1,-1.000000000000126,SL,False
S2-09,shock_reversion,GBPUSD,2014-11-28 07:30:00+00:00,2014-11-28 07:45:00+00:00,2014-11-28 07:45:00+00:00,1,-0.9999999999998189,SL,False
S2-09,shock_reversion,GBPUSD,2014-11-28 07:45:00+00:00,2014-11-28 08:00:00+00:00,2014-11-28 08:00:00+00:00,1,1.0000000000000506,TP,False
S2-09,shock_reversion,GBPUSD,2014-11-30 23:30:00+00:00,2014-11-30 23:45:00+00:00,2014-12-01 00:00:00+00:00,1,1.000000000000078,TP,False
S2-09,shock_reversion,GBPUSD,2014-12-01 07:45:00+00:00,2014-12-01 08:00:00+00:00,2014-12-01 08:00:00+00:00,1,1.0,TP,False
S2-09,shock_reversion,GBPUSD,2014-12-01 08:00:00+00:00,2014-12-01 08:15:00+00:00,2014-12-01 08:15:00+00:00,-1,-0.9999999999998908,SL,False
S2-09,shock_reversion,GBPUSD,2014-12-01 08:30:00+00:00,2014-12-01 08:45:00+00:00,2014-12-01 08:45:00+00:00,-1,-1.0,SL,False
S2-09,shock_reversion,GBPUSD,2014-12-02 07:00:00+00:00,2014-12-02 07:15:00+00:00,2014-12-02 07:30:00+00:00,1,0.9999999999998879,TP,False
S2-09,shock_reversion,GBPUSD,2014-12-02 08:00:00+00:00,2014-12-02 08:15:00+00:00,2014-12-02 08:15:00+00:00,1,-0.9999999999999148,SL,False
S2-09,shock_reversion,GBPUSD,2014-12-03 07:00:00+00:00,2014-12-03 07:15:00+00:00,2014-12-03 07:15:00+00:00,-1,1.0000000000001315,TP,False
S2-09,shock_reversion,GBPUSD,2014-12-03 07:30:00+00:00,2014-12-03 07:45:00+00:00,2014-12-03 07:45:00+00:00,1,0.9999999999999024,TP,False
S2-09,shock_reversion,GBPUSD,2014-12-04 07:45:00+00:00,2014-12-04 08:00:00+00:00,2014-12-04 08:00:00+00:00,-1,1.0000000000001283,TP,False
S2-09,shock_reversion,GBPUSD,2014-12-04 13:30:00+00:00,2014-12-04 13:45:00+00:00,2014-12-04 13:45:00+00:00,-1,-1.0000000000000207,SL,False
S2-09,shock_reversion,GBPUSD,2014-12-04 13:45:00+00:00,2014-12-04 14:00:00+00:00,2014-12-04 14:00:00+00:00,-1,1.0000000000000517,TP,False
S2-09,shock_reversion,GBPUSD,2014-12-05 00:15:00+00:00,2014-12-05 00:30:00+00:00,2014-12-05 00:30:00+00:00,1,-0.999999999999941,SL,False
S2-09,shock_reversion,GBPUSD,2014-12-05 00:30:00+00:00,2014-12-05 00:45:00+00:00,2014-12-05 01:00:00+00:00,1,1.0000000000001388,TP,False
S2-09,shock_reversion,GBPUSD,2014-12-05 13:30:00+00:00,2014-12-05 13:45:00+00:00,2014-12-05 14:15:00+00:00,1,-0.9999999999999359,SL,False
S2-09,shock_reversion,GBPUSD,2014-12-08 08:30:00+00:00,2014-12-08 08:45:00+00:00,2014-12-08 08:45:00+00:00,-1,-0.999999999999867,SL,False
S2-09,shock_reversion,GBPUSD,2014-12-09 07:45:00+00:00,2014-12-09 08:00:00+00:00,2014-12-09 08:00:00+00:00,-1,-0.9999999999999338,SL,False
S2-09,shock_reversion,GBPUSD,2014-12-10 23:30:00+00:00,2014-12-10 23:45:00+00:00,2014-12-10 23:45:00+00:00,-1,-1.0000000000000837,SL,False
S2-09,shock_reversion,GBPUSD,2014-12-10 23:45:00+00:00,2014-12-11 00:00:00+00:00,2014-12-11 00:00:00+00:00,-1,-1.0000000000000386,SL,True
S2-09,shock_reversion,GBPUSD,2014-12-11 08:00:00+00:00,2014-12-11 08:15:00+00:00,2014-12-11 08:15:00+00:00,1,-0.9999999999998879,SL,False
S2-09,shock_reversion,GBPUSD,2014-12-12 08:00:00+00:00,2014-12-12 08:15:00+00:00,2014-12-12 08:15:00+00:00,1,0.9999999999999215,TP,False
S2-09,shock_reversion,GBPUSD,2014-12-12 21:45:00+00:00,2014-12-12 22:00:00+00:00,2014-12-12 22:00:00+00:00,-1,-1.542818359952272,FRIDAY,False
S2-09,shock_reversion,GBPUSD,2014-12-15 06:45:00+00:00,2014-12-15 07:00:00+00:00,2014-12-15 07:00:00+00:00,-1,1.000000000000055,TP,False
S2-09,shock_reversion,GBPUSD,2014-12-15 08:00:00+00:00,2014-12-15 08:15:00+00:00,2014-12-15 08:15:00+00:00,1,1.0000000000001117,TP,False
S2-09,shock_reversion,GBPUSD,2014-12-16 08:30:00+00:00,2014-12-16 08:45:00+00:00,2014-12-16 09:00:00+00:00,-1,-1.0000000000000993,SL,False
S2-09,shock_reversion,GBPUSD,2014-12-16 09:30:00+00:00,2014-12-16 09:45:00+00:00,2014-12-16 09:45:00+00:00,-1,-1.0000000000000546,SL,False
S2-09,shock_reversion,GBPUSD,2014-12-17 19:00:00+00:00,2014-12-17 19:15:00+00:00,2014-12-17 19:30:00+00:00,-1,1.0000000000000155,TP,False
S2-09,shock_reversion,GBPUSD,2014-12-17 19:30:00+00:00,2014-12-17 19:45:00+00:00,2014-12-17 19:45:00+00:00,1,-0.99999999999996,SL,False
S2-09,shock_reversion,GBPUSD,2014-12-17 19:45:00+00:00,2014-12-17 20:00:00+00:00,2014-12-17 20:00:00+00:00,1,0.999999999999989,TP,False
S2-09,shock_reversion,GBPUSD,2014-12-18 07:00:00+00:00,2014-12-18 07:15:00+00:00,2014-12-18 07:15:00+00:00,1,-0.9999999999998456,SL,True
S2-09,shock_reversion,GBPUSD,2014-12-18 09:00:00+00:00,2014-12-18 09:15:00+00:00,2014-12-18 09:15:00+00:00,-1,0.9999999999999625,TP,False
S2-09,shock_reversion,GBPUSD,2014-12-19 08:30:00+00:00,2014-12-19 08:45:00+00:00,2014-12-19 08:45:00+00:00,-1,1.0,TP,False
S2-09,shock_reversion,GBPUSD,2014-12-22 06:45:00+00:00,2014-12-22 07:00:00+00:00,2014-12-22 07:00:00+00:00,1,-1.0,SL,False
S2-09,shock_reversion,GBPUSD,2014-12-22 07:15:00+00:00,2014-12-22 07:30:00+00:00,2014-12-22 07:30:00+00:00,-1,-0.9999999999998249,SL,False
S2-09,shock_reversion,GBPUSD,2014-12-22 07:45:00+00:00,2014-12-22 08:00:00+00:00,2014-12-22 08:00:00+00:00,-1,1.0000000000000433,TP,False
S2-09,shock_reversion,GBPUSD,2014-12-22 19:45:00+00:00,2014-12-22 20:00:00+00:00,2014-12-22 20:00:00+00:00,1,1.0,TP,False
S2-09,shock_reversion,GBPUSD,2014-12-23 07:15:00+00:00,2014-12-23 07:30:00+00:00,2014-12-23 07:45:00+00:00,-1,0.9999999999998797,TP,False
S2-09,shock_reversion,GBPUSD,2014-12-23 09:30:00+00:00,2014-12-23 09:45:00+00:00,2014-12-23 11:15:00+00:00,1,-1.0000000000000502,SL,False
S2-09,shock_reversion,GBPUSD,2014-12-24 07:45:00+00:00,2014-12-24 08:00:00+00:00,2014-12-24 08:00:00+00:00,-1,-1.0000000000001614,SL,False
S2-09,shock_reversion,GBPUSD,2014-12-24 22:00:00+00:00,2014-12-24 22:15:00+00:00,2014-12-24 22:15:00+00:00,1,-1.000000000000061,SL,False
S2-09,shock_reversion,GBPUSD,2014-12-24 23:00:00+00:00,2014-12-24 23:15:00+00:00,2014-12-24 23:15:00+00:00,1,-1.0,SL,False
S2-09,shock_reversion,GBPUSD,2014-12-26 11:00:00+00:00,2014-12-26 11:15:00+00:00,2014-12-26 11:15:00+00:00,-1,-0.9999999999999105,SL,False
S2-09,shock_reversion,GBPUSD,2014-12-26 12:15:00+00:00,2014-12-26 12:30:00+00:00,2014-12-26 12:30:00+00:00,1,-0.9999999999998617,SL,False
S2-09,shock_reversion,GBPUSD,2014-12-29 07:30:00+00:00,2014-12-29 07:45:00+00:00,2014-12-29 08:00:00+00:00,1,1.0,TP,False
S2-09,shock_reversion,GBPUSD,2014-12-29 22:45:00+00:00,2014-12-29 23:00:00+00:00,2014-12-29 23:00:00+00:00,1,-1.0,SL,False
S2-09,shock_reversion,GBPUSD,2014-12-30 06:15:00+00:00,2014-12-30 06:30:00+00:00,2014-12-30 06:30:00+00:00,-1,1.000000000000081,TP,False
S2-09,shock_reversion,GBPUSD,2014-12-30 07:45:00+00:00,2014-12-30 08:00:00+00:00,2014-12-30 08:00:00+00:00,-1,-1.0,SL,False
S2-09,shock_reversion,GBPUSD,2014-12-31 11:45:00+00:00,2014-12-31 12:00:00+00:00,2014-12-31 12:15:00+00:00,-1,-0.999999999999966,SL,False
S2-09,shock_reversion,GBPUSD,2015-01-02 08:30:00+00:00,2015-01-02 08:45:00+00:00,2015-01-02 08:45:00+00:00,1,-0.9999999999999579,SL,True
S2-09,shock_reversion,GBPUSD,2015-01-02 09:30:00+00:00,2015-01-02 09:45:00+00:00,2015-01-02 10:00:00+00:00,1,-1.0000000000000713,SL,False
S2-09,shock_reversion,GBPUSD,2015-01-04 22:00:00+00:00,2015-01-04 22:15:00+00:00,2015-01-04 23:00:00+00:00,1,1.000000000000034,TP,False
S2-09,shock_reversion,GBPUSD,2015-01-05 08:00:00+00:00,2015-01-05 08:15:00+00:00,2015-01-05 08:45:00+00:00,-1,0.9999999999999658,TP,False
S2-09,shock_reversion,GBPUSD,2015-01-06 07:45:00+00:00,2015-01-06 08:00:00+00:00,2015-01-06 08:00:00+00:00,1,-1.0000000000000908,SL,False
S2-09,shock_reversion,GBPUSD,2015-01-06 22:00:00+00:00,2015-01-06 22:15:00+00:00,2015-01-06 22:15:00+00:00,1,-1.0000000000000504,SL,False
S2-09,shock_reversion,GBPUSD,2015-01-07 07:00:00+00:00,2015-01-07 07:15:00+00:00,2015-01-07 07:30:00+00:00,-1,-0.9999999999999507,SL,False
S2-09,shock_reversion,GBPUSD,2015-01-07 19:00:00+00:00,2015-01-07 19:15:00+00:00,2015-01-07 19:30:00+00:00,-1,-0.9999999999999285,SL,False
S2-09,shock_reversion,GBPUSD,2015-01-08 00:00:00+00:00,2015-01-08 00:15:00+00:00,2015-01-08 00:30:00+00:00,-1,1.0000000000001874,TP,False
S2-09,shock_reversion,GBPUSD,2015-01-08 07:00:00+00:00,2015-01-08 07:15:00+00:00,2015-01-08 07:15:00+00:00,1,-1.0000000000001161,SL,False
S2-09,shock_reversion,GBPUSD,2015-01-08 08:00:00+00:00,2015-01-08 08:15:00+00:00,2015-01-08 08:15:00+00:00,1,-1.0,SL,False
S2-09,shock_reversion,GBPUSD,2015-01-09 09:00:00+00:00,2015-01-09 09:15:00+00:00,2015-01-09 09:15:00+00:00,-1,-1.0000000000000397,SL,False
S2-09,shock_reversion,GBPUSD,2015-01-09 13:30:00+00:00,2015-01-09 13:45:00+00:00,2015-01-09 13:45:00+00:00,1,1.0000000000000546,TP,False
S2-09,shock_reversion,GBPUSD,2015-01-12 08:00:00+00:00,2015-01-12 08:15:00+00:00,2015-01-12 08:15:00+00:00,1,-1.0,SL,False
S2-09,shock_reversion,GBPUSD,2015-01-13 09:30:00+00:00,2015-01-13 09:45:00+00:00,2015-01-13 09:45:00+00:00,1,0.999999999999974,TP,False
S2-09,shock_reversion,GBPUSD,2015-01-14 02:15:00+00:00,2015-01-14 02:30:00+00:00,2015-01-14 02:30:00+00:00,1,1.0000000000000524,TP,False
S2-09,shock_reversion,GBPUSD,2015-01-14 07:00:00+00:00,2015-01-14 07:15:00+00:00,2015-01-14 07:15:00+00:00,-1,-0.9999999999999223,SL,False
S2-09,shock_reversion,GBPUSD,2015-01-14 07:45:00+00:00,2015-01-14 08:00:00+00:00,2015-01-14 08:00:00+00:00,-1,1.0,TP,False
S2-09,shock_reversion,GBPUSD,2015-01-14 13:30:00+00:00,2015-01-14 13:45:00+00:00,2015-01-14 13:45:00+00:00,-1,-0.9999999999999817,SL,False
S2-09,shock_reversion,GBPUSD,2015-01-15 00:00:00+00:00,2015-01-15 00:15:00+00:00,2015-01-15 00:30:00+00:00,-1,-0.9999999999999312,SL,False
S2-09,shock_reversion,GBPUSD,2015-01-15 07:15:00+00:00,2015-01-15 07:30:00+00:00,2015-01-15 07:30:00+00:00,1,1.0000000000001108,TP,False
S2-09,shock_reversion,GBPUSD,2015-01-15 09:30:00+00:00,2015-01-15 09:45:00+00:00,2015-01-15 09:45:00+00:00,1,1.0000000000000424,TP,False
S2-09,shock_reversion,GBPUSD,2015-01-16 07:00:00+00:00,2015-01-16 07:15:00+00:00,2015-01-16 07:15:00+00:00,-1,-1.0000000000000797,SL,False
S2-09,shock_reversion,GBPUSD,2015-01-19 07:45:00+00:00,2015-01-19 08:00:00+00:00,2015-01-19 08:00:00+00:00,1,-1.0000000000000866,SL,True
S2-09,shock_reversion,GBPUSD,2015-01-19 23:30:00+00:00,2015-01-19 23:45:00+00:00,2015-01-20 00:45:00+00:00,1,-0.9999999999998529,SL,False
S2-09,shock_reversion,GBPUSD,2015-01-20 07:00:00+00:00,2015-01-20 07:15:00+00:00,2015-01-20 07:30:00+00:00,-1,-1.0000000000001592,SL,False
S2-09,shock_reversion,GBPUSD,2015-01-21 09:00:00+00:00,2015-01-21 09:15:00+00:00,2015-01-21 09:15:00+00:00,1,0.999999999999926,TP,False
S2-09,shock_reversion,GBPUSD,2015-01-21 09:30:00+00:00,2015-01-21 09:45:00+00:00,2015-01-21 11:00:00+00:00,1,1.0000000000000162,TP,False
S2-09,shock_reversion,GBPUSD,2015-01-21 14:45:00+00:00,2015-01-21 15:00:00+00:00,2015-01-21 15:00:00+00:00,-1,-0.9999999999999629,SL,False
S2-09,shock_reversion,GBPUSD,2015-01-22 21:00:00+00:00,2015-01-22 21:15:00+00:00,2015-01-22 21:30:00+00:00,1,1.000000000000025,TP,False
S2-09,shock_reversion,GBPUSD,2015-01-23 07:45:00+00:00,2015-01-23 08:00:00+00:00,2015-01-23 08:15:00+00:00,1,1.000000000000048,TP,False
S2-09,shock_reversion,GBPUSD,2015-01-27 06:45:00+00:00,2015-01-27 07:00:00+00:00,2015-01-27 07:00:00+00:00,-1,1.0000000000000386,TP,False
S2-09,shock_reversion,GBPUSD,2015-01-28 06:00:00+00:00,2015-01-28 06:15:00+00:00,2015-01-28 06:15:00+00:00,-1,0.9999999999999487,TP,False
S2-09,shock_reversion,GBPUSD,2015-01-28 19:00:00+00:00,2015-01-28 19:15:00+00:00,2015-01-28 19:15:00+00:00,-1,0.9999999999999757,TP,False
S2-09,shock_reversion,GBPUSD,2015-01-30 07:00:00+00:00,2015-01-30 07:15:00+00:00,2015-01-30 07:15:00+00:00,1,-1.0,SL,False
S2-09,shock_reversion,GBPUSD,2015-02-02 07:45:00+00:00,2015-02-02 08:00:00+00:00,2015-02-02 08:00:00+00:00,1,1.000000000000041,TP,False
S2-09,shock_reversion,GBPUSD,2015-02-02 09:30:00+00:00,2015-02-02 09:45:00+00:00,2015-02-02 09:45:00+00:00,-1,1.0000000000000575,TP,False
S2-09,shock_reversion,GBPUSD,2015-02-02 09:45:00+00:00,2015-02-02 10:00:00+00:00,2015-02-02 10:30:00+00:00,1,1.0,TP,False
S2-09,shock_reversion,GBPUSD,2015-02-03 07:45:00+00:00,2015-02-03 08:00:00+00:00,2015-02-03 08:00:00+00:00,1,0.9999999999999644,TP,False
S2-09,shock_reversion,GBPUSD,2015-02-04 21:15:00+00:00,2015-02-04 21:30:00+00:00,2015-02-04 21:30:00+00:00,1,-1.0000000000000557,SL,False
S2-09,shock_reversion,GBPUSD,2015-02-05 08:45:00+00:00,2015-02-05 09:00:00+00:00,2015-02-05 09:15:00+00:00,-1,-0.9999999999999484,SL,False
S2-09,shock_reversion,GBPUSD,2015-02-05 13:30:00+00:00,2015-02-05 13:45:00+00:00,2015-02-05 16:00:00+00:00,-1,1.0,TP,False
S2-09,shock_reversion,GBPUSD,2015-02-06 07:45:00+00:00,2015-02-06 08:00:00+00:00,2015-02-06 08:15:00+00:00,1,0.9999999999998895,TP,False
S2-09,shock_reversion,GBPUSD,2015-02-06 13:30:00+00:00,2015-02-06 13:45:00+00:00,2015-02-06 14:15:00+00:00,1,-1.000000000000037,SL,False
S2-09,shock_reversion,GBPUSD,2015-02-10 07:15:00+00:00,2015-02-10 07:30:00+00:00,2015-02-10 07:30:00+00:00,1,-0.9999999999999458,SL,False
S2-09,shock_reversion,GBPUSD,2015-02-11 07:15:00+00:00,2015-02-11 07:30:00+00:00,2015-02-11 07:30:00+00:00,1,0.9999999999999228,TP,False
S2-09,shock_reversion,GBPUSD,2015-02-11 07:45:00+00:00,2015-02-11 08:00:00+00:00,2015-02-11 08:00:00+00:00,-1,-1.0000000000001117,SL,False
S2-09,shock_reversion,GBPUSD,2015-02-11 08:00:00+00:00,2015-02-11 08:15:00+00:00,2015-02-11 08:30:00+00:00,-1,1.0000000000000442,TP,False
S2-09,shock_reversion,GBPUSD,2015-02-11 14:45:00+00:00,2015-02-11 15:00:00+00:00,2015-02-11 15:00:00+00:00,1,1.0000000000000626,TP,False
S2-09,shock_reversion,GBPUSD,2015-02-12 07:00:00+00:00,2015-02-12 07:15:00+00:00,2015-02-12 07:30:00+00:00,-1,-1.0000000000001272,SL,False
S2-09,shock_reversion,GBPUSD,2015-02-12 10:30:00+00:00,2015-02-12 10:45:00+00:00,2015-02-12 10:45:00+00:00,-1,-1.0000000000000435,SL,False
S2-09,shock_reversion,GBPUSD,2015-02-13 08:15:00+00:00,2015-02-13 08:30:00+00:00,2015-02-13 08:30:00+00:00,1,0.9999999999999298,TP,False
S2-09,shock_reversion,GBPUSD,2015-02-16 07:15:00+00:00,2015-02-16 07:30:00+00:00,2015-02-16 07:30:00+00:00,-1,-1.0000000000001834,SL,False
S2-09,shock_reversion,GBPUSD,2015-02-16 08:00:00+00:00,2015-02-16 08:15:00+00:00,2015-02-16 08:15:00+00:00,1,-1.0000000000001221,SL,False
S2-09,shock_reversion,GBPUSD,2015-02-17 07:00:00+00:00,2015-02-17 07:15:00+00:00,2015-02-17 07:15:00+00:00,1,-0.9999999999999429,SL,False
S2-09,shock_reversion,GBPUSD,2015-02-17 09:15:00+00:00,2015-02-17 09:30:00+00:00,2015-02-17 09:30:00+00:00,1,1.000000000000087,TP,False
S2-09,shock_reversion,GBPUSD,2015-02-18 09:30:00+00:00,2015-02-18 09:45:00+00:00,2015-02-18 09:45:00+00:00,-1,-1.0,SL,False
S2-09,shock_reversion,GBPUSD,2015-02-18 19:00:00+00:00,2015-02-18 19:15:00+00:00,2015-02-18 19:15:00+00:00,-1,1.0000000000000455,TP,False
S2-09,shock_reversion,GBPUSD,2015-02-20 07:30:00+00:00,2015-02-20 07:45:00+00:00,2015-02-20 08:00:00+00:00,-1,1.0000000000001292,TP,False
S2-09,shock_reversion,GBPUSD,2015-02-20 08:00:00+00:00,2015-02-20 08:15:00+00:00,2015-02-20 08:15:00+00:00,1,-0.9999999999999505,SL,False
S2-09,shock_reversion,GBPUSD,2015-02-20 08:45:00+00:00,2015-02-20 09:00:00+00:00,2015-02-20 09:00:00+00:00,1,-1.0000000000000686,SL,False
S2-09,shock_reversion,GBPUSD,2015-02-23 07:00:00+00:00,2015-02-23 07:15:00+00:00,2015-02-23 07:15:00+00:00,1,1.0000000000001648,TP,False
S2-09,shock_reversion,GBPUSD,2015-02-24 06:30:00+00:00,2015-02-24 06:45:00+00:00,2015-02-24 06:45:00+00:00,-1,0.999999999999947,TP,False
S2-09,shock_reversion,GBPUSD,2015-02-24 15:00:00+00:00,2015-02-24 15:15:00+00:00,2015-02-24 15:15:00+00:00,-1,-0.9999999999999514,SL,True
S2-09,shock_reversion,GBPUSD,2015-02-24 15:15:00+00:00,2015-02-24 15:30:00+00:00,2015-02-24 15:30:00+00:00,1,1.0,TP,False
S2-09,shock_reversion,GBPUSD,2015-02-25 06:45:00+00:00,2015-02-25 07:00:00+00:00,2015-02-25 07:00:00+00:00,-1,-1.0000000000002067,SL,True
S2-09,shock_reversion,GBPUSD,2015-02-25 07:00:00+00:00,2015-02-25 07:15:00+00:00,2015-02-25 07:15:00+00:00,-1,-1.0,SL,True
S2-09,shock_reversion,GBPUSD,2015-02-26 02:00:00+00:00,2015-02-26 02:15:00+00:00,2015-02-26 05:45:00+00:00,-1,1.0000000000001021,TP,False
S2-09,shock_reversion,GBPUSD,2015-02-26 05:45:00+00:00,2015-02-26 06:00:00+00:00,2015-02-26 06:00:00+00:00,1,1.000000000000248,TP,False
S2-09,shock_reversion,GBPUSD,2015-02-27 06:45:00+00:00,2015-02-27 07:00:00+00:00,2015-02-27 07:00:00+00:00,1,-1.0000000000002005,SL,True
S2-09,shock_reversion,GBPUSD,2015-02-27 07:00:00+00:00,2015-02-27 07:15:00+00:00,2015-02-27 07:15:00+00:00,-1,1.0000000000001084,TP,False
S2-09,shock_reversion,GBPUSD,2015-02-27 08:00:00+00:00,2015-02-27 08:15:00+00:00,2015-02-27 08:15:00+00:00,1,-1.0000000000000389,SL,False
S2-09,shock_reversion,GBPUSD,2015-03-03 07:00:00+00:00,2015-03-03 07:15:00+00:00,2015-03-03 07:15:00+00:00,-1,0.9999999999998962,TP,False
S2-09,shock_reversion,GBPUSD,2015-03-04 06:45:00+00:00,2015-03-04 07:00:00+00:00,2015-03-04 07:00:00+00:00,1,-1.0,SL,False
S2-09,shock_reversion,GBPUSD,2015-03-05 06:00:00+00:00,2015-03-05 06:15:00+00:00,2015-03-05 06:15:00+00:00,1,-0.9999999999998662,SL,False
S2-09,shock_reversion,GBPUSD,2015-03-05 13:30:00+00:00,2015-03-05 13:45:00+00:00,2015-03-05 13:45:00+00:00,1,-1.0,SL,False
S2-09,shock_reversion,GBPUSD,2015-03-05 22:00:00+00:00,2015-03-05 22:15:00+00:00,2015-03-05 22:15:00+00:00,-1,-1.000000000000138,SL,False
S2-09,shock_reversion,GBPUSD,2015-03-06 13:30:00+00:00,2015-03-06 13:45:00+00:00,2015-03-06 14:00:00+00:00,1,-1.0000000000000169,SL,False
S2-09,shock_reversion,GBPUSD,2015-03-08 22:45:00+00:00,2015-03-08 23:00:00+00:00,2015-03-09 02:45:00+00:00,-1,-0.2208663309442715,TIME,False
S2-09,shock_reversion,GBPUSD,2015-03-09 08:00:00+00:00,2015-03-09 08:15:00+00:00,2015-03-09 08:15:00+00:00,-1,-1.000000000000047,SL,False
S2-09,shock_reversion,GBPUSD,2015-03-11 07:30:00+00:00,2015-03-11 07:45:00+00:00,2015-03-11 08:00:00+00:00,-1,1.000000000000115,TP,False
S2-09,shock_reversion,GBPUSD,2015-03-11 08:00:00+00:00,2015-03-11 08:15:00+00:00,2015-03-11 08:15:00+00:00,1,-1.0000000000000955,SL,True
S2-09,shock_reversion,GBPUSD,2015-03-12 00:00:00+00:00,2015-03-12 00:15:00+00:00,2015-03-12 00:15:00+00:00,1,1.0000000000000902,TP,False
S2-09,shock_reversion,GBPUSD,2015-03-12 06:45:00+00:00,2015-03-12 07:00:00+00:00,2015-03-12 07:00:00+00:00,-1,-0.9999999999998928,SL,False
S2-09,shock_reversion,GBPUSD,2015-03-12 07:00:00+00:00,2015-03-12 07:15:00+00:00,2015-03-12 07:15:00+00:00,-1,-0.9999999999999702,SL,False
S2-09,shock_reversion,GBPUSD,2015-03-12 12:30:00+00:00,2015-03-12 12:45:00+00:00,2015-03-12 12:45:00+00:00,-1,1.0000000000000477,TP,False
S2-09,shock_reversion,GBPUSD,2015-03-13 00:00:00+00:00,2015-03-13 00:15:00+00:00,2015-03-13 02:30:00+00:00,1,-0.9999999999999125,SL,False
S2-09,shock_reversion,GBPUSD,2015-03-13 07:00:00+00:00,2015-03-13 07:15:00+00:00,2015-03-13 07:15:00+00:00,-1,-0.999999999999857,SL,False
S2-09,shock_reversion,GBPUSD,2015-03-16 06:00:00+00:00,2015-03-16 06:15:00+00:00,2015-03-16 06:15:00+00:00,-1,0.9999999999999153,TP,False
S2-09,shock_reversion,GBPUSD,2015-03-17 06:30:00+00:00,2015-03-17 06:45:00+00:00,2015-03-17 06:45:00+00:00,-1,-0.9999999999998471,SL,False
S2-09,shock_reversion,GBPUSD,2015-03-17 13:15:00+00:00,2015-03-17 13:30:00+00:00,2015-03-17 13:45:00+00:00,1,1.0000000000000393,TP,False
S2-09,shock_reversion,GBPUSD,2015-03-18 07:30:00+00:00,2015-03-18 07:45:00+00:00,2015-03-18 07:45:00+00:00,1,-1.0000000000000508,SL,False
S2-09,shock_reversion,GBPUSD,2015-03-18 08:00:00+00:00,2015-03-18 08:15:00+00:00,2015-03-18 08:30:00+00:00,1,1.000000000000111,TP,False
S2-09,shock_reversion,GBPUSD,2015-03-18 09:30:00+00:00,2015-03-18 09:45:00+00:00,2015-03-18 11:00:00+00:00,1,-0.9999999999999679,SL,False
S2-09,shock_reversion,GBPUSD,2015-03-18 18:00:00+00:00,2015-03-18 18:15:00+00:00,2015-03-18 18:15:00+00:00,-1,-1.0,SL,False
S2-09,shock_reversion,GBPUSD,2015-03-18 18:15:00+00:00,2015-03-18 18:30:00+00:00,2015-03-18 18:30:00+00:00,-1,-1.0000000000000107,SL,False
S2-09,shock_reversion,GBPUSD,2015-03-18 20:00:00+00:00,2015-03-18 20:15:00+00:00,2015-03-18 20:15:00+00:00,-1,-0.9999999999999889,SL,False
S2-09,shock_reversion,GBPUSD,2015-03-19 00:15:00+00:00,2015-03-19 00:30:00+00:00,2015-03-19 00:45:00+00:00,-1,1.0000000000000397,TP,False
S2-09,shock_reversion,GBPUSD,2015-03-19 07:00:00+00:00,2015-03-19 07:15:00+00:00,2015-03-19 07:15:00+00:00,1,-1.0000000000000422,SL,False
S2-09,shock_reversion,GBPUSD,2015-03-19 07:30:00+00:00,2015-03-19 07:45:00+00:00,2015-03-19 07:45:00+00:00,1,1.0,TP,False
S2-09,shock_reversion,GBPUSD,2015-03-19 13:45:00+00:00,2015-03-19 14:00:00+00:00,2015-03-19 14:00:00+00:00,1,-1.0000000000000253,SL,False
S2-09,shock_reversion,GBPUSD,2015-03-20 07:45:00+00:00,2015-03-20 08:00:00+00:00,2015-03-20 08:15:00+00:00,1,-1.0000000000000684,SL,False
S2-09,shock_reversion,GBPUSD,2015-03-24 07:15:00+00:00,2015-03-24 07:30:00+00:00,2015-03-24 07:30:00+00:00,-1,1.0000000000000282,TP,False
S2-09,shock_reversion,GBPUSD,2015-03-24 12:30:00+00:00,2015-03-24 12:45:00+00:00,2015-03-24 12:45:00+00:00,-1,1.0,TP,False
S2-09,shock_reversion,GBPUSD,2015-03-26 00:30:00+00:00,2015-03-26 00:45:00+00:00,2015-03-26 01:00:00+00:00,-1,-0.9999999999998883,SL,False
S2-09,shock_reversion,GBPUSD,2015-03-26 08:15:00+00:00,2015-03-26 08:30:00+00:00,2015-03-26 08:30:00+00:00,-1,0.9999999999999791,TP,False
S2-09,shock_reversion,GBPUSD,2015-03-27 06:30:00+00:00,2015-03-27 06:45:00+00:00,2015-03-27 07:00:00+00:00,-1,1.000000000000041,TP,False
S2-09,shock_reversion,GBPUSD,2015-03-27 19:45:00+00:00,2015-03-27 20:00:00+00:00,2015-03-27 20:00:00+00:00,1,-0.34358488942431803,FRIDAY,False
S2-09,shock_reversion,GBPUSD,2015-03-30 00:00:00+00:00,2015-03-30 00:15:00+00:00,2015-03-30 01:00:00+00:00,1,1.0000000000000335,TP,False
S2-09,shock_reversion,GBPUSD,2015-03-30 06:00:00+00:00,2015-03-30 06:15:00+00:00,2015-03-30 06:30:00+00:00,1,-1.0000000000000753,SL,False
S2-09,shock_reversion,GBPUSD,2015-03-31 08:30:00+00:00,2015-03-31 08:45:00+00:00,2015-03-31 09:15:00+00:00,1,0.9999999999999543,TP,False
S2-09,shock_reversion,GBPUSD,2015-04-01 00:45:00+00:00,2015-04-01 01:00:00+00:00,2015-04-01 01:00:00+00:00,-1,-0.9999999999999111,SL,False
S2-09,shock_reversion,GBPUSD,2015-04-01 01:00:00+00:00,2015-04-01 01:15:00+00:00,2015-04-01 01:15:00+00:00,-1,-1.0000000000001084,SL,False
S2-09,shock_reversion,GBPUSD,2015-04-01 08:30:00+00:00,2015-04-01 08:45:00+00:00,2015-04-01 08:45:00+00:00,1,-0.9999999999999827,SL,False
S2-09,shock_reversion,GBPUSD,2015-04-01 12:15:00+00:00,2015-04-01 12:30:00+00:00,2015-04-01 13:00:00+00:00,-1,-1.0,SL,False
S2-09,shock_reversion,GBPUSD,2015-04-02 00:00:00+00:00,2015-04-02 00:15:00+00:00,2015-04-02 00:15:00+00:00,1,0.9999999999997876,TP,False
S2-09,shock_reversion,GBPUSD,2015-04-02 06:15:00+00:00,2015-04-02 06:30:00+00:00,2015-04-02 06:30:00+00:00,-1,0.9999999999999337,TP,False
S2-09,shock_reversion,GBPUSD,2015-04-03 11:45:00+00:00,2015-04-03 12:00:00+00:00,2015-04-03 12:00:00+00:00,-1,0.9999999999998731,TP,False
S2-09,shock_reversion,GBPUSD,2015-04-03 12:15:00+00:00,2015-04-03 12:30:00+00:00,2015-04-03 12:30:00+00:00,1,-1.0000000000000575,SL,True
S2-09,shock_reversion,GBPUSD,2015-04-03 12:30:00+00:00,2015-04-03 12:45:00+00:00,2015-04-03 12:45:00+00:00,-1,-0.9999999999999459,SL,False
S2-09,shock_reversion,GBPUSD,2015-04-03 20:45:00+00:00,2015-04-05 21:00:00+00:00,2015-04-05 21:00:00+00:00,1,-1.0000000000000464,SL,False
S2-09,shock_reversion,GBPUSD,2015-04-06 06:00:00+00:00,2015-04-06 06:15:00+00:00,2015-04-06 06:15:00+00:00,-1,1.000000000000373,TP,False
S2-09,shock_reversion,GBPUSD,2015-04-06 07:00:00+00:00,2015-04-06 07:15:00+00:00,2015-04-06 07:15:00+00:00,-1,-0.9999999999998074,SL,False
S2-09,shock_reversion,GBPUSD,2015-04-06 12:30:00+00:00,2015-04-06 12:45:00+00:00,2015-04-06 12:45:00+00:00,1,0.9999999999999215,TP,False
S2-09,shock_reversion,GBPUSD,2015-04-06 19:00:00+00:00,2015-04-06 19:15:00+00:00,2015-04-06 19:15:00+00:00,1,-1.0000000000000728,SL,False
S2-09,shock_reversion,GBPUSD,2015-04-07 08:30:00+00:00,2015-04-07 08:45:00+00:00,2015-04-07 09:00:00+00:00,1,0.9999999999999692,TP,False
S2-09,shock_reversion,GBPUSD,2015-04-08 06:15:00+00:00,2015-04-08 06:30:00+00:00,2015-04-08 06:45:00+00:00,-1,-1.0000000000000748,SL,False
S2-09,shock_reversion,GBPUSD,2015-04-08 07:00:00+00:00,2015-04-08 07:15:00+00:00,2015-04-08 07:15:00+00:00,-1,-0.9999999999999707,SL,False
S2-09,shock_reversion,GBPUSD,2015-04-08 18:00:00+00:00,2015-04-08 18:15:00+00:00,2015-04-08 22:00:00+00:00,1,-0.17567623717123032,TIME,False
S2-09,shock_reversion,GBPUSD,2015-04-09 00:15:00+00:00,2015-04-09 00:30:00+00:00,2015-04-09 00:30:00+00:00,1,-1.0000000000000697,SL,False
S2-09,shock_reversion,GBPUSD,2015-04-09 00:30:00+00:00,2015-04-09 00:45:00+00:00,2015-04-09 01:00:00+00:00,1,1.0000000000000584,TP,False
S2-09,shock_reversion,GBPUSD,2015-04-09 07:15:00+00:00,2015-04-09 07:30:00+00:00,2015-04-09 07:30:00+00:00,1,-1.0000000000000273,SL,False
S2-09,shock_reversion,GBPUSD,2015-04-10 06:00:00+00:00,2015-04-10 06:15:00+00:00,2015-04-10 06:15:00+00:00,1,-1.000000000000138,SL,False
S2-09,shock_reversion,GBPUSD,2015-04-10 07:00:00+00:00,2015-04-10 07:15:00+00:00,2015-04-10 08:00:00+00:00,1,-1.0000000000000593,SL,False
S2-09,shock_reversion,GBPUSD,2015-04-13 05:30:00+00:00,2015-04-13 05:45:00+00:00,2015-04-13 06:00:00+00:00,1,0.9999999999998935,TP,False
S2-09,shock_reversion,GBPUSD,2015-04-14 08:30:00+00:00,2015-04-14 08:45:00+00:00,2015-04-14 08:45:00+00:00,1,-0.9999999999999384,SL,False
S2-09,shock_reversion,GBPUSD,2015-04-14 12:30:00+00:00,2015-04-14 12:45:00+00:00,2015-04-14 12:45:00+00:00,-1,-1.0000000000000313,SL,False
S2-09,shock_reversion,GBPUSD,2015-04-15 07:15:00+00:00,2015-04-15 07:30:00+00:00,2015-04-15 08:00:00+00:00,1,1.0000000000000548,TP,False
S2-09,shock_reversion,GBPUSD,2015-04-16 00:00:00+00:00,2015-04-16 00:15:00+00:00,2015-04-16 00:15:00+00:00,-1,-0.9999999999999563,SL,False
S2-09,shock_reversion,GBPUSD,2015-04-16 00:15:00+00:00,2015-04-16 00:30:00+00:00,2015-04-16 00:45:00+00:00,-1,-1.0000000000000369,SL,False
S2-09,shock_reversion,GBPUSD,2015-04-16 06:15:00+00:00,2015-04-16 06:30:00+00:00,2015-04-16 06:45:00+00:00,1,1.0000000000000988,TP,False
S2-09,shock_reversion,GBPUSD,2015-04-16 07:00:00+00:00,2015-04-16 07:15:00+00:00,2015-04-16 07:15:00+00:00,-1,1.0000000000000777,TP,False
S2-09,shock_reversion,GBPUSD,2015-04-17 00:00:00+00:00,2015-04-17 00:15:00+00:00,2015-04-17 00:30:00+00:00,-1,-1.0000000000001563,SL,False
S2-09,shock_reversion,GBPUSD,2015-04-17 06:15:00+00:00,2015-04-17 06:30:00+00:00,2015-04-17 06:30:00+00:00,-1,1.0,TP,False
S2-09,shock_reversion,GBPUSD,2015-04-17 06:45:00+00:00,2015-04-17 07:00:00+00:00,2015-04-17 07:00:00+00:00,-1,-0.9999999999999261,SL,False
S2-09,shock_reversion,GBPUSD,2015-04-17 07:00:00+00:00,2015-04-17 07:15:00+00:00,2015-04-17 07:15:00+00:00,-1,-1.0000000000000608,SL,False
S2-09,shock_reversion,GBPUSD,2015-04-17 08:30:00+00:00,2015-04-17 08:45:00+00:00,2015-04-17 08:45:00+00:00,-1,-0.9999999999999404,SL,False
S2-09,shock_reversion,GBPUSD,2015-04-17 12:30:00+00:00,2015-04-17 12:45:00+00:00,2015-04-17 13:00:00+00:00,1,-1.0,SL,False
S2-09,shock_reversion,GBPUSD,2015-04-21 00:00:00+00:00,2015-04-21 00:15:00+00:00,2015-04-21 00:15:00+00:00,1,-1.0,SL,True
S2-09,shock_reversion,GBPUSD,2015-04-21 00:15:00+00:00,2015-04-21 00:30:00+00:00,2015-04-21 00:30:00+00:00,1,-1.0,SL,False
S2-09,shock_reversion,GBPUSD,2015-04-22 08:30:00+00:00,2015-04-22 08:45:00+00:00,2015-04-22 08:45:00+00:00,-1,-1.0000000000000548,SL,False
S2-09,shock_reversion,GBPUSD,2015-04-23 06:15:00+00:00,2015-04-23 06:30:00+00:00,2015-04-23 06:30:00+00:00,1,-0.9999999999999241,SL,True
S2-09,shock_reversion,GBPUSD,2015-04-23 08:30:00+00:00,2015-04-23 08:45:00+00:00,2015-04-23 08:45:00+00:00,1,1.0000000000000515,TP,False
S2-09,shock_reversion,GBPUSD,2015-04-24 06:15:00+00:00,2015-04-24 06:30:00+00:00,2015-04-24 06:30:00+00:00,-1,-1.0000000000000397,SL,False
S2-09,shock_reversion,GBPUSD,2015-04-24 06:45:00+00:00,2015-04-24 07:00:00+00:00,2015-04-24 07:00:00+00:00,-1,-0.9999999999999714,SL,False
S2-09,shock_reversion,GBPUSD,2015-04-28 07:00:00+00:00,2015-04-28 07:15:00+00:00,2015-04-28 07:15:00+00:00,-1,-0.9999999999999649,SL,False
S2-09,shock_reversion,GBPUSD,2015-04-28 08:30:00+00:00,2015-04-28 08:45:00+00:00,2015-04-28 08:45:00+00:00,1,1.00000000000004,TP,False
S2-09,shock_reversion,GBPUSD,2015-04-29 00:45:00+00:00,2015-04-29 01:00:00+00:00,2015-04-29 01:00:00+00:00,-1,0.9999999999999503,TP,False
S2-09,shock_reversion,GBPUSD,2015-04-29 06:00:00+00:00,2015-04-29 06:15:00+00:00,2015-04-29 06:45:00+00:00,-1,-1.0000000000000524,SL,False
S2-09,shock_reversion,GBPUSD,2015-04-29 06:45:00+00:00,2015-04-29 07:00:00+00:00,2015-04-29 07:00:00+00:00,-1,0.9999999999998891,TP,False
S2-09,shock_reversion,GBPUSD,2015-04-29 12:30:00+00:00,2015-04-29 12:45:00+00:00,2015-04-29 12:45:00+00:00,-1,0.9999999999999449,TP,False
S2-09,shock_reversion,GBPUSD,2015-04-30 00:45:00+00:00,2015-04-30 01:00:00+00:00,2015-04-30 01:00:00+00:00,-1,-1.0,SL,False
S2-09,shock_reversion,GBPUSD,2015-05-01 01:45:00+00:00,2015-05-01 02:00:00+00:00,2015-05-01 04:00:00+00:00,1,1.000000000000101,TP,False
S2-09,shock_reversion,GBPUSD,2015-05-01 06:00:00+00:00,2015-05-01 06:15:00+00:00,2015-05-01 06:15:00+00:00,1,0.9999999999998237,TP,False
S2-09,shock_reversion,GBPUSD,2015-05-01 06:45:00+00:00,2015-05-01 07:00:00+00:00,2015-05-01 07:00:00+00:00,-1,0.9999999999999275,TP,False
S2-09,shock_reversion,GBPUSD,2015-05-01 07:30:00+00:00,2015-05-01 07:45:00+00:00,2015-05-01 07:45:00+00:00,-1,-1.0000000000000244,SL,False
S2-09,shock_reversion,GBPUSD,2015-05-04 06:00:00+00:00,2015-05-04 06:15:00+00:00,2015-05-04 06:15:00+00:00,-1,-0.9999999999998884,SL,True
S2-09,shock_reversion,GBPUSD,2015-05-04 06:30:00+00:00,2015-05-04 06:45:00+00:00,2015-05-04 06:45:00+00:00,1,-1.000000000000122,SL,False
S2-09,shock_reversion,GBPUSD,2015-05-05 05:00:00+00:00,2015-05-05 05:15:00+00:00,2015-05-05 06:00:00+00:00,-1,-1.0,SL,False
S2-09,shock_reversion,GBPUSD,2015-05-05 06:15:00+00:00,2015-05-05 06:30:00+00:00,2015-05-05 06:45:00+00:00,1,1.0000000000000369,TP,False
S2-09,shock_reversion,GBPUSD,2015-05-05 12:30:00+00:00,2015-05-05 12:45:00+00:00,2015-05-05 13:00:00+00:00,-1,0.9999999999999617,TP,False
S2-09,shock_reversion,GBPUSD,2015-05-07 06:15:00+00:00,2015-05-07 06:30:00+00:00,2015-05-07 06:30:00+00:00,1,-0.9999999999998854,SL,True
S2-09,shock_reversion,GBPUSD,2015-05-07 21:00:00+00:00,2015-05-07 21:15:00+00:00,2015-05-07 21:15:00+00:00,-1,-0.9999999999999741,SL,False
S2-09,shock_reversion,GBPUSD,2015-05-08 12:30:00+00:00,2015-05-08 12:45:00+00:00,2015-05-08 12:45:00+00:00,1,1.0000000000000404,TP,False
S2-09,shock_reversion,GBPUSD,2015-05-11 06:00:00+00:00,2015-05-11 06:15:00+00:00,2015-05-11 06:30:00+00:00,-1,-1.0,SL,False
S2-09,shock_reversion,GBPUSD,2015-05-12 07:45:00+00:00,2015-05-12 08:00:00+00:00,2015-05-12 08:00:00+00:00,1,1.000000000000027,TP,False
S2-09,shock_reversion,GBPUSD,2015-05-12 08:30:00+00:00,2015-05-12 08:45:00+00:00,2015-05-12 09:00:00+00:00,-1,-1.0000000000000178,SL,False
S2-09,shock_reversion,GBPUSD,2015-05-13 07:15:00+00:00,2015-05-13 07:30:00+00:00,2015-05-13 07:30:00+00:00,-1,1.000000000000058,TP,False
S2-09,shock_reversion,GBPUSD,2015-05-13 08:30:00+00:00,2015-05-13 08:45:00+00:00,2015-05-13 09:30:00+00:00,-1,1.0,TP,False
S2-09,shock_reversion,GBPUSD,2015-05-13 09:30:00+00:00,2015-05-13 09:45:00+00:00,2015-05-13 09:45:00+00:00,1,-1.0,SL,False
S2-09,shock_reversion,GBPUSD,2015-05-14 07:00:00+00:00,2015-05-14 07:15:00+00:00,2015-05-14 07:30:00+00:00,-1,-1.0000000000000295,SL,False
S2-09,shock_reversion,GBPUSD,2015-05-15 00:30:00+00:00,2015-05-15 00:45:00+00:00,2015-05-15 00:45:00+00:00,1,-1.0000000000000944,SL,False
S2-09,shock_reversion,GBPUSD,2015-05-15 06:15:00+00:00,2015-05-15 06:30:00+00:00,2015-05-15 06:45:00+00:00,-1,-0.9999999999999144,SL,False
S2-09,shock_reversion,GBPUSD,2015-05-15 07:15:00+00:00,2015-05-15 07:30:00+00:00,2015-05-15 07:30:00+00:00,1,1.0000000000000917,TP,False
S2-09,shock_reversion,GBPUSD,2015-05-18 06:15:00+00:00,2015-05-18 06:30:00+00:00,2015-05-18 06:30:00+00:00,1,-0.9999999999998862,SL,False
S2-09,shock_reversion,GBPUSD,2015-05-18 07:00:00+00:00,2015-05-18 07:15:00+00:00,2015-05-18 07:15:00+00:00,1,-1.0,SL,False
S2-09,shock_reversion,GBPUSD,2015-05-19 01:30:00+00:00,2015-05-19 01:45:00+00:00,2015-05-19 01:45:00+00:00,1,-1.0000000000001552,SL,False
S2-09,shock_reversion,GBPUSD,2015-05-19 01:45:00+00:00,2015-05-19 02:00:00+00:00,2015-05-19 02:15:00+00:00,1,1.0000000000001983,TP,False
S2-09,shock_reversion,GBPUSD,2015-05-19 06:00:00+00:00,2015-05-19 06:15:00+00:00,2015-05-19 06:15:00+00:00,1,-0.9999999999999525,SL,False
S2-09,shock_reversion,GBPUSD,2015-05-19 07:00:00+00:00,2015-05-19 07:15:00+00:00,2015-05-19 07:15:00+00:00,1,-1.0000000000000655,SL,False
S2-09,shock_reversion,GBPUSD,2015-05-19 07:15:00+00:00,2015-05-19 07:30:00+00:00,2015-05-19 07:30:00+00:00,1,-1.000000000000028,SL,False
S2-09,shock_reversion,GBPUSD,2015-05-19 12:30:00+00:00,2015-05-19 12:45:00+00:00,2015-05-19 13:00:00+00:00,1,1.0000000000000313,TP,False
S2-09,shock_reversion,GBPUSD,2015-05-20 05:45:00+00:00,2015-05-20 06:00:00+00:00,2015-05-20 06:00:00+00:00,1,-0.9999999999999565,SL,False
S2-09,shock_reversion,GBPUSD,2015-05-20 08:30:00+00:00,2015-05-20 08:45:00+00:00,2015-05-20 09:00:00+00:00,-1,1.000000000000052,TP,False
S2-09,shock_reversion,GBPUSD,2015-05-20 18:00:00+00:00,2015-05-20 18:15:00+00:00,2015-05-20 18:15:00+00:00,-1,-1.0000000000000193,SL,False
S2-09,shock_reversion,GBPUSD,2015-05-21 08:30:00+00:00,2015-05-21 08:45:00+00:00,2015-05-21 08:45:00+00:00,-1,-0.9999999999999835,SL,False
S2-09,shock_reversion,GBPUSD,2015-05-22 00:45:00+00:00,2015-05-22 01:00:00+00:00,2015-05-22 01:15:00+00:00,-1,-1.0000000000000684,SL,False
S2-09,shock_reversion,GBPUSD,2015-05-22 12:30:00+00:00,2015-05-22 12:45:00+00:00,2015-05-22 12:45:00+00:00,1,-1.000000000000032,SL,False
S2-09,shock_reversion,GBPUSD,2015-05-25 06:00:00+00:00,2015-05-25 06:15:00+00:00,2015-05-25 06:30:00+00:00,-1,-1.0,SL,False
S2-09,shock_reversion,GBPUSD,2015-05-25 06:30:00+00:00,2015-05-25 06:45:00+00:00,2015-05-25 06:45:00+00:00,-1,-0.999999999999834,SL,False
S2-09,shock_reversion,GBPUSD,2015-05-26 00:00:00+00:00,2015-05-26 00:15:00+00:00,2015-05-26 00:15:00+00:00,1,-1.0000000000002462,SL,False
S2-09,shock_reversion,GBPUSD,2015-05-26 00:30:00+00:00,2015-05-26 00:45:00+00:00,2015-05-26 00:45:00+00:00,1,-0.9999999999999325,SL,False
S2-09,shock_reversion,GBPUSD,2015-05-26 01:15:00+00:00,2015-05-26 01:30:00+00:00,2015-05-26 01:30:00+00:00,1,-1.0000000000000482,SL,False
S2-09,shock_reversion,GBPUSD,2015-05-26 06:15:00+00:00,2015-05-26 06:30:00+00:00,2015-05-26 06:30:00+00:00,1,-1.0000000000001183,SL,False
S2-09,shock_reversion,GBPUSD,2015-05-27 01:45:00+00:00,2015-05-27 02:00:00+00:00,2015-05-27 02:45:00+00:00,1,0.999999999999881,TP,False
S2-09,shock_reversion,GBPUSD,2015-05-28 00:30:00+00:00,2015-05-28 00:45:00+00:00,2015-05-28 00:45:00+00:00,-1,-1.0000000000000855,SL,False
S2-09,shock_reversion,GBPUSD,2015-05-28 01:45:00+00:00,2015-05-28 02:00:00+00:00,2015-05-28 02:00:00+00:00,-1,-1.0000000000000546,SL,False
S2-09,shock_reversion,GBPUSD,2015-05-29 06:45:00+00:00,2015-05-29 07:00:00+00:00,2015-05-29 07:00:00+00:00,1,-1.0,SL,False
S2-09,shock_reversion,GBPUSD,2015-05-29 12:30:00+00:00,2015-05-29 12:45:00+00:00,2015-05-29 13:15:00+00:00,-1,1.0000000000000364,TP,False
S2-09,shock_reversion,GBPUSD,2015-05-31 21:00:00+00:00,2015-05-31 21:15:00+00:00,2015-05-31 21:15:00+00:00,1,-0.9999999999999271,SL,False
S2-09,shock_reversion,GBPUSD,2015-06-01 08:30:00+00:00,2015-06-01 08:45:00+00:00,2015-06-01 09:00:00+00:00,1,-0.9999999999999785,SL,False
S2-09,shock_reversion,GBPUSD,2015-06-01 14:00:00+00:00,2015-06-01 14:15:00+00:00,2015-06-01 15:00:00+00:00,1,-1.0000000000000162,SL,False
S2-09,shock_reversion,GBPUSD,2015-06-02 02:15:00+00:00,2015-06-02 02:30:00+00:00,2015-06-02 03:00:00+00:00,-1,-0.9999999999998074,SL,False
S2-09,shock_reversion,GBPUSD,2015-06-02 13:00:00+00:00,2015-06-02 13:15:00+00:00,2015-06-02 13:15:00+00:00,-1,-0.9999999999999521,SL,False
S2-09,shock_reversion,GBPUSD,2015-06-03 01:30:00+00:00,2015-06-03 01:45:00+00:00,2015-06-03 01:45:00+00:00,-1,-0.9999999999998387,SL,False
S2-09,shock_reversion,GBPUSD,2015-06-03 08:30:00+00:00,2015-06-03 08:45:00+00:00,2015-06-03 09:00:00+00:00,1,-1.0000000000000167,SL,False
S2-09,shock_reversion,GBPUSD,2015-06-04 06:00:00+00:00,2015-06-04 06:15:00+00:00,2015-06-04 06:15:00+00:00,1,1.0000000000001095,TP,False
S2-09,shock_reversion,GBPUSD,2015-06-04 06:30:00+00:00,2015-06-04 06:45:00+00:00,2015-06-04 06:45:00+00:00,1,1.0000000000001308,TP,False
S2-09,shock_reversion,GBPUSD,2015-06-04 08:00:00+00:00,2015-06-04 08:15:00+00:00,2015-06-04 08:15:00+00:00,-1,-0.9999999999999774,SL,False
S2-09,shock_reversion,GBPUSD,2015-06-04 08:30:00+00:00,2015-06-04 08:45:00+00:00,2015-06-04 09:30:00+00:00,-1,-1.0000000000000353,SL,False
S2-09,shock_reversion,GBPUSD,2015-06-05 06:00:00+00:00,2015-06-05 06:15:00+00:00,2015-06-05 06:30:00+00:00,1,-1.0,SL,False
S2-09,shock_reversion,GBPUSD,2015-06-05 06:30:00+00:00,2015-06-05 06:45:00+00:00,2015-06-05 07:00:00+00:00,1,-1.0000000000001383,SL,True
S2-09,shock_reversion,GBPUSD,2015-06-05 07:00:00+00:00,2015-06-05 07:15:00+00:00,2015-06-05 08:15:00+00:00,1,1.000000000000072,TP,False
S2-09,shock_reversion,GBPUSD,2015-06-05 12:30:00+00:00,2015-06-05 12:45:00+00:00,2015-06-05 13:00:00+00:00,1,-0.9999999999999531,SL,False
S2-09,shock_reversion,GBPUSD,2015-06-08 00:45:00+00:00,2015-06-08 01:00:00+00:00,2015-06-08 01:00:00+00:00,1,1.00000000000018,TP,False
S2-09,shock_reversion,GBPUSD,2015-06-08 06:00:00+00:00,2015-06-08 06:15:00+00:00,2015-06-08 06:15:00+00:00,1,-1.000000000000129,SL,False
S2-09,shock_reversion,GBPUSD,2015-06-08 06:30:00+00:00,2015-06-08 06:45:00+00:00,2015-06-08 06:45:00+00:00,1,1.000000000000157,TP,False
S2-09,shock_reversion,GBPUSD,2015-06-08 06:45:00+00:00,2015-06-08 07:00:00+00:00,2015-06-08 07:00:00+00:00,-1,-0.9999999999999313,SL,False
S2-09,shock_reversion,GBPUSD,2015-06-09 01:30:00+00:00,2015-06-09 01:45:00+00:00,2015-06-09 02:00:00+00:00,-1,1.0000000000001612,TP,False
S2-09,shock_reversion,GBPUSD,2015-06-09 05:45:00+00:00,2015-06-09 06:00:00+00:00,2015-06-09 06:15:00+00:00,-1,0.9999999999999024,TP,False
S2-09,shock_reversion,GBPUSD,2015-06-09 07:15:00+00:00,2015-06-09 07:30:00+00:00,2015-06-09 07:30:00+00:00,1,-1.000000000000026,SL,False
S2-09,shock_reversion,GBPUSD,2015-06-09 07:30:00+00:00,2015-06-09 07:45:00+00:00,2015-06-09 08:15:00+00:00,1,0.999999999999956,TP,False
S2-09,shock_reversion,GBPUSD,2015-06-09 14:00:00+00:00,2015-06-09 14:15:00+00:00,2015-06-09 14:30:00+00:00,1,0.9999999999999705,TP,False
S2-09,shock_reversion,GBPUSD,2015-06-10 04:15:00+00:00,2015-06-10 04:30:00+00:00,2015-06-10 04:30:00+00:00,-1,-0.9999999999998591,SL,False
S2-09,shock_reversion,GBPUSD,2015-06-10 04:30:00+00:00,2015-06-10 04:45:00+00:00,2015-06-10 04:45:00+00:00,-1,-1.0,SL,False
S2-09,shock_reversion,GBPUSD,2015-06-11 06:00:00+00:00,2015-06-11 06:15:00+00:00,2015-06-11 06:15:00+00:00,1,-0.9999999999999292,SL,True
S2-09,shock_reversion,GBPUSD,2015-06-11 12:30:00+00:00,2015-06-11 12:45:00+00:00,2015-06-11 12:45:00+00:00,-1,-0.9999999999999499,SL,False
S2-09,shock_reversion,GBPUSD,2015-06-12 14:30:00+00:00,2015-06-12 14:45:00+00:00,2015-06-12 15:00:00+00:00,-1,-0.9999999999999657,SL,False
S2-09,shock_reversion,GBPUSD,2015-06-16 00:00:00+00:00,2015-06-16 00:15:00+00:00,2015-06-16 00:30:00+00:00,1,0.9999999999998259,TP,False
S2-09,shock_reversion,GBPUSD,2015-06-16 01:30:00+00:00,2015-06-16 01:45:00+00:00,2015-06-16 02:00:00+00:00,-1,-1.0000000000001823,SL,False
S2-09,shock_reversion,GBPUSD,2015-06-16 06:00:00+00:00,2015-06-16 06:15:00+00:00,2015-06-16 06:15:00+00:00,1,1.0,TP,False
S2-09,shock_reversion,GBPUSD,2015-06-16 06:45:00+00:00,2015-06-16 07:00:00+00:00,2015-06-16 07:00:00+00:00,-1,-1.000000000000112,SL,True
S2-09,shock_reversion,GBPUSD,2015-06-16 07:30:00+00:00,2015-06-16 07:45:00+00:00,2015-06-16 08:15:00+00:00,1,-1.0,SL,True
S2-09,shock_reversion,GBPUSD,2015-06-16 08:30:00+00:00,2015-06-16 08:45:00+00:00,2015-06-16 08:45:00+00:00,1,-0.9999999999999838,SL,False
S2-09,shock_reversion,GBPUSD,2015-06-17 03:00:00+00:00,2015-06-17 03:15:00+00:00,2015-06-17 03:30:00+00:00,1,1.0,TP,False
S2-09,shock_reversion,GBPUSD,2015-06-17 06:45:00+00:00,2015-06-17 07:00:00+00:00,2015-06-17 07:00:00+00:00,-1,-1.000000000000138,SL,False
S2-09,shock_reversion,GBPUSD,2015-06-17 08:30:00+00:00,2015-06-17 08:45:00+00:00,2015-06-17 09:30:00+00:00,-1,-1.0000000000000544,SL,False
S2-09,shock_reversion,GBPUSD,2015-06-17 18:00:00+00:00,2015-06-17 18:15:00+00:00,2015-06-17 18:15:00+00:00,-1,1.0,TP,False
S2-09,shock_reversion,GBPUSD,2015-06-18 05:45:00+00:00,2015-06-18 06:00:00+00:00,2015-06-18 06:00:00+00:00,1,-0.9999999999999041,SL,True
S2-09,shock_reversion,GBPUSD,2015-06-23 01:45:00+00:00,2015-06-23 02:00:00+00:00,2015-06-23 02:00:00+00:00,1,-0.9999999999999584,SL,False
S2-09,shock_reversion,GBPUSD,2015-06-23 06:30:00+00:00,2015-06-23 06:45:00+00:00,2015-06-23 06:45:00+00:00,-1,-1.0000000000000688,SL,False
S2-09,shock_reversion,GBPUSD,2015-06-23 12:30:00+00:00,2015-06-23 12:45:00+00:00,2015-06-23 13:15:00+00:00,1,-1.000000000000021,SL,False
S2-09,shock_reversion,GBPUSD,2015-06-24 05:15:00+00:00,2015-06-24 05:30:00+00:00,2015-06-24 05:30:00+00:00,-1,-1.0000000000001765,SL,False
S2-09,shock_reversion,GBPUSD,2015-06-24 06:00:00+00:00,2015-06-24 06:15:00+00:00,2015-06-24 06:15:00+00:00,-1,-0.9999999999999553,SL,False
S2-09,shock_reversion,GBPUSD,2015-06-24 06:30:00+00:00,2015-06-24 06:45:00+00:00,2015-06-24 06:45:00+00:00,-1,-0.999999999999966,SL,False
S2-09,shock_reversion,GBPUSD,2015-06-25 07:00:00+00:00,2015-06-25 07:15:00+00:00,2015-06-25 07:30:00+00:00,-1,0.999999999999937,TP,False
S2-09,shock_reversion,GBPUSD,2015-06-26 07:00:00+00:00,2015-06-26 07:15:00+00:00,2015-06-26 07:15:00+00:00,1,1.0000000000001295,TP,False
S2-09,shock_reversion,GBPUSD,2015-06-28 21:00:00+00:00,2015-06-28 21:15:00+00:00,2015-06-28 21:15:00+00:00,1,-0.999999999999921,SL,False
S2-09,shock_reversion,GBPUSD,2015-06-29 06:30:00+00:00,2015-06-29 06:45:00+00:00,2015-06-29 07:00:00+00:00,1,1.0000000000000437,TP,False
S2-09,shock_reversion,GBPUSD,2015-06-30 06:30:00+00:00,2015-06-30 06:45:00+00:00,2015-06-30 06:45:00+00:00,1,-1.0000000000000897,SL,False
S2-09,shock_reversion,GBPUSD,2015-07-01 08:15:00+00:00,2015-07-01 08:30:00+00:00,2015-07-01 08:30:00+00:00,-1,-0.9999999999999395,SL,True
S2-09,shock_reversion,GBPUSD,2015-07-01 08:30:00+00:00,2015-07-01 08:45:00+00:00,2015-07-01 08:45:00+00:00,1,-1.0000000000000726,SL,False
S2-09,shock_reversion,GBPUSD,2015-07-02 07:15:00+00:00,2015-07-02 07:30:00+00:00,2015-07-02 08:00:00+00:00,1,0.9999999999998656,TP,False
S2-09,shock_reversion,GBPUSD,2015-07-02 08:30:00+00:00,2015-07-02 08:45:00+00:00,2015-07-02 08:45:00+00:00,-1,0.9999999999999386,TP,False
S2-09,shock_reversion,GBPUSD,2015-07-02 12:30:00+00:00,2015-07-02 12:45:00+00:00,2015-07-02 13:00:00+00:00,-1,-1.0000000000000533,SL,False
S2-09,shock_reversion,GBPUSD,2015-07-03 00:15:00+00:00,2015-07-03 00:30:00+00:00,2015-07-03 00:45:00+00:00,-1,1.000000000000158,TP,False
S2-09,shock_reversion,GBPUSD,2015-07-03 08:30:00+00:00,2015-07-03 08:45:00+00:00,2015-07-03 09:30:00+00:00,-1,-1.0,SL,False
S2-09,shock_reversion,GBPUSD,2015-07-06 14:30:00+00:00,2015-07-06 14:45:00+00:00,2015-07-06 14:45:00+00:00,-1,-1.0000000000000244,SL,False
S2-09,shock_reversion,GBPUSD,2015-07-07 05:45:00+00:00,2015-07-07 06:00:00+00:00,2015-07-07 06:00:00+00:00,-1,1.000000000000058,TP,False
S2-09,shock_reversion,GBPUSD,2015-07-07 06:15:00+00:00,2015-07-07 06:30:00+00:00,2015-07-07 06:30:00+00:00,1,-1.0,SL,False
S2-09,shock_reversion,GBPUSD,2015-07-07 06:30:00+00:00,2015-07-07 06:45:00+00:00,2015-07-07 06:45:00+00:00,1,-1.0000000000000795,SL,False
S2-09,shock_reversion,GBPUSD,2015-07-08 05:30:00+00:00,2015-07-08 05:45:00+00:00,2015-07-08 06:00:00+00:00,-1,-1.0,SL,False
S2-09,shock_reversion,GBPUSD,2015-07-09 02:00:00+00:00,2015-07-09 02:15:00+00:00,2015-07-09 03:15:00+00:00,-1,-1.0000000000001457,SL,False
S2-09,shock_reversion,GBPUSD,2015-07-09 05:30:00+00:00,2015-07-09 05:45:00+00:00,2015-07-09 05:45:00+00:00,-1,-1.0000000000001492,SL,False
S2-09,shock_reversion,GBPUSD,2015-07-09 06:00:00+00:00,2015-07-09 06:15:00+00:00,2015-07-09 06:15:00+00:00,-1,0.9999999999999264,TP,False
S2-09,shock_reversion,GBPUSD,2015-07-13 06:45:00+00:00,2015-07-13 07:00:00+00:00,2015-07-13 07:00:00+00:00,-1,1.0,TP,False
S2-09,shock_reversion,GBPUSD,2015-07-14 06:00:00+00:00,2015-07-14 06:15:00+00:00,2015-07-14 06:30:00+00:00,1,1.0000000000000904,TP,False
S2-09,shock_reversion,GBPUSD,2015-07-14 09:45:00+00:00,2015-07-14 10:00:00+00:00,2015-07-14 12:30:00+00:00,-1,-1.0000000000000124,SL,False
S2-09,shock_reversion,GBPUSD,2015-07-15 00:45:00+00:00,2015-07-15 01:00:00+00:00,2015-07-15 01:15:00+00:00,-1,-0.9999999999999305,SL,False
S2-09,shock_reversion,GBPUSD,2015-07-15 06:15:00+00:00,2015-07-15 06:30:00+00:00,2015-07-15 06:30:00+00:00,-1,-1.0000000000001397,SL,True
S2-09,shock_reversion,GBPUSD,2015-07-15 08:30:00+00:00,2015-07-15 08:45:00+00:00,2015-07-15 09:00:00+00:00,1,1.0000000000000204,TP,False
S2-09,shock_reversion,GBPUSD,2015-07-16 01:30:00+00:00,2015-07-16 01:45:00+00:00,2015-07-16 01:45:00+00:00,1,0.9999999999999138,TP,False
S2-09,shock_reversion,GBPUSD,2015-07-16 07:15:00+00:00,2015-07-16 07:30:00+00:00,2015-07-16 07:30:00+00:00,-1,1.0000000000001013,TP,False
S2-09,shock_reversion,GBPUSD,2015-07-17 02:00:00+00:00,2015-07-17 02:15:00+00:00,2015-07-17 02:30:00+00:00,-1,-1.0,SL,False
S2-09,shock_reversion,GBPUSD,2015-07-17 05:45:00+00:00,2015-07-17 06:00:00+00:00,2015-07-17 06:00:00+00:00,-1,-0.9999999999998094,SL,False
S2-09,shock_reversion,GBPUSD,2015-07-17 06:00:00+00:00,2015-07-17 06:15:00+00:00,2015-07-17 06:30:00+00:00,-1,-1.0,SL,False
S2-09,shock_reversion,GBPUSD,2015-07-17 06:30:00+00:00,2015-07-17 06:45:00+00:00,2015-07-17 07:00:00+00:00,-1,1.000000000000083,TP,False
S2-09,shock_reversion,GBPUSD,2015-07-17 14:15:00+00:00,2015-07-17 14:30:00+00:00,2015-07-17 14:30:00+00:00,-1,-1.0,SL,False
S2-09,shock_reversion,GBPUSD,2015-07-20 06:30:00+00:00,2015-07-20 06:45:00+00:00,2015-07-20 06:45:00+00:00,-1,-1.000000000000171,SL,False
S2-09,shock_reversion,GBPUSD,2015-07-21 10:00:00+00:00,2015-07-21 10:15:00+00:00,2015-07-21 10:15:00+00:00,1,1.0000000000000508,TP,False
S2-09,shock_reversion,GBPUSD,2015-07-22 01:30:00+00:00,2015-07-22 01:45:00+00:00,2015-07-22 01:45:00+00:00,-1,0.9999999999999322,TP,False
S2-09,shock_reversion,GBPUSD,2015-07-22 01:45:00+00:00,2015-07-22 02:00:00+00:00,2015-07-22 02:00:00+00:00,1,-1.0,SL,False
S2-09,shock_reversion,GBPUSD,2015-07-22 06:00:00+00:00,2015-07-22 06:15:00+00:00,2015-07-22 06:15:00+00:00,-1,-0.9999999999998942,SL,False
S2-09,shock_reversion,GBPUSD,2015-07-23 08:30:00+00:00,2015-07-23 08:45:00+00:00,2015-07-23 09:45:00+00:00,1,0.9999999999999797,TP,False
S2-09,shock_reversion,GBPUSD,2015-07-23 12:45:00+00:00,2015-07-23 13:00:00+00:00,2015-07-23 13:00:00+00:00,1,-1.0000000000000413,SL,False
S2-09,shock_reversion,GBPUSD,2015-07-24 07:00:00+00:00,2015-07-24 07:15:00+00:00,2015-07-24 07:15:00+00:00,1,-1.0,SL,False
S2-09,shock_reversion,GBPUSD,2015-07-27 07:00:00+00:00,2015-07-27 07:15:00+00:00,2015-07-27 07:15:00+00:00,1,1.0000000000000584,TP,False
S2-09,shock_reversion,GBPUSD,2015-07-28 01:15:00+00:00,2015-07-28 01:30:00+00:00,2015-07-28 02:00:00+00:00,1,1.0000000000000768,TP,False
S2-09,shock_reversion,GBPUSD,2015-07-28 08:30:00+00:00,2015-07-28 08:45:00+00:00,2015-07-28 09:00:00+00:00,-1,-0.9999999999999752,SL,False
S2-09,shock_reversion,GBPUSD,2015-07-29 07:00:00+00:00,2015-07-29 07:15:00+00:00,2015-07-29 07:45:00+00:00,1,0.9999999999999605,TP,False
S2-09,shock_reversion,GBPUSD,2015-07-31 06:00:00+00:00,2015-07-31 06:15:00+00:00,2015-07-31 06:30:00+00:00,-1,1.0000000000000633,TP,False
S2-09,shock_reversion,GBPUSD,2015-07-31 06:45:00+00:00,2015-07-31 07:00:00+00:00,2015-07-31 07:00:00+00:00,1,-0.999999999999901,SL,False
S2-09,shock_reversion,GBPUSD,2015-07-31 12:30:00+00:00,2015-07-31 12:45:00+00:00,2015-07-31 13:00:00+00:00,-1,-0.999999999999955,SL,False
S2-09,shock_reversion,GBPUSD,2015-08-03 06:30:00+00:00,2015-08-03 06:45:00+00:00,2015-08-03 06:45:00+00:00,-1,-1.000000000000049,SL,False
S2-09,shock_reversion,GBPUSD,2015-08-03 09:45:00+00:00,2015-08-03 10:00:00+00:00,2015-08-03 11:15:00+00:00,1,-0.9999999999999765,SL,False
S2-09,shock_reversion,GBPUSD,2015-08-04 08:15:00+00:00,2015-08-04 08:30:00+00:00,2015-08-04 08:30:00+00:00,1,-1.000000000000025,SL,True
S2-09,shock_reversion,GBPUSD,2015-08-04 14:00:00+00:00,2015-08-04 14:15:00+00:00,2015-08-04 14:15:00+00:00,1,-0.9999999999999293,SL,False
S2-09,shock_reversion,GBPUSD,2015-08-05 01:30:00+00:00,2015-08-05 01:45:00+00:00,2015-08-05 02:00:00+00:00,1,-1.0000000000000442,SL,False
S2-09,shock_reversion,GBPUSD,2015-08-05 06:30:00+00:00,2015-08-05 06:45:00+00:00,2015-08-05 07:15:00+00:00,-1,-1.000000000000041,SL,False
S2-09,shock_reversion,GBPUSD,2015-08-05 07:15:00+00:00,2015-08-05 07:30:00+00:00,2015-08-05 07:45:00+00:00,-1,-1.0000000000000948,SL,False
S2-09,shock_reversion,GBPUSD,2015-08-06 07:45:00+00:00,2015-08-06 08:00:00+00:00,2015-08-06 08:15:00+00:00,1,1.000000000000117,TP,False
S2-09,shock_reversion,GBPUSD,2015-08-06 10:45:00+00:00,2015-08-06 11:00:00+00:00,2015-08-06 11:00:00+00:00,1,-0.9999999999999558,SL,False
S2-09,shock_reversion,GBPUSD,2015-08-06 11:00:00+00:00,2015-08-06 11:15:00+00:00,2015-08-06 11:15:00+00:00,1,-1.0,SL,False
S2-09,shock_reversion,GBPUSD,2015-08-07 01:30:00+00:00,2015-08-07 01:45:00+00:00,2015-08-07 01:45:00+00:00,1,-1.0,SL,False
S2-09,shock_reversion,GBPUSD,2015-08-07 12:15:00+00:00,2015-08-07 12:30:00+00:00,2015-08-07 12:30:00+00:00,-1,-0.9999999999999144,SL,True
S2-09,shock_reversion,GBPUSD,2015-08-07 12:30:00+00:00,2015-08-07 12:45:00+00:00,2015-08-07 12:45:00+00:00,1,-0.9999999999999369,SL,False
S2-09,shock_reversion,GBPUSD,2015-08-10 07:30:00+00:00,2015-08-10 07:45:00+00:00,2015-08-10 07:45:00+00:00,1,1.0,TP,False
S2-09,shock_reversion,GBPUSD,2015-08-10 16:30:00+00:00,2015-08-10 16:45:00+00:00,2015-08-10 20:30:00+00:00,-1,0.16388689012275406,TIME,False
S2-09,shock_reversion,GBPUSD,2015-08-11 01:15:00+00:00,2015-08-11 01:30:00+00:00,2015-08-11 01:30:00+00:00,1,1.0,TP,False
S2-09,shock_reversion,GBPUSD,2015-08-12 01:15:00+00:00,2015-08-12 01:30:00+00:00,2015-08-12 01:30:00+00:00,1,-1.0000000000000475,SL,False
S2-09,shock_reversion,GBPUSD,2015-08-12 08:30:00+00:00,2015-08-12 08:45:00+00:00,2015-08-12 10:30:00+00:00,1,1.0000000000000209,TP,False
S2-09,shock_reversion,GBPUSD,2015-08-13 01:15:00+00:00,2015-08-13 01:30:00+00:00,2015-08-13 01:30:00+00:00,-1,1.0,TP,False
S2-09,shock_reversion,GBPUSD,2015-08-13 12:30:00+00:00,2015-08-13 12:45:00+00:00,2015-08-13 12:45:00+00:00,1,1.000000000000031,TP,False
S2-09,shock_reversion,GBPUSD,2015-08-14 07:00:00+00:00,2015-08-14 07:15:00+00:00,2015-08-14 07:15:00+00:00,-1,1.0000000000000486,TP,False
S2-09,shock_reversion,GBPUSD,2015-08-14 07:45:00+00:00,2015-08-14 08:00:00+00:00,2015-08-14 08:15:00+00:00,1,0.9999999999998995,TP,False
S2-09,shock_reversion,GBPUSD,2015-08-14 14:45:00+00:00,2015-08-14 15:00:00+00:00,2015-08-14 15:00:00+00:00,1,1.000000000000021,TP,False
S2-09,shock_reversion,GBPUSD,2015-08-17 06:00:00+00:00,2015-08-17 06:15:00+00:00,2015-08-17 06:15:00+00:00,-1,-1.0,SL,False
S2-09,shock_reversion,GBPUSD,2015-08-18 08:30:00+00:00,2015-08-18 08:45:00+00:00,2015-08-18 09:45:00+00:00,-1,-1.0000000000000449,SL,False
S2-09,shock_reversion,GBPUSD,2015-08-19 12:30:00+00:00,2015-08-19 12:45:00+00:00,2015-08-19 14:00:00+00:00,1,-1.0000000000000562,SL,False
S2-09,shock_reversion,GBPUSD,2015-08-19 17:45:00+00:00,2015-08-19 18:00:00+00:00,2015-08-19 18:30:00+00:00,-1,0.9999999999999513,TP,False
S2-09,shock_reversion,GBPUSD,2015-08-20 00:00:00+00:00,2015-08-20 00:15:00+00:00,2015-08-20 00:15:00+00:00,-1,-1.0000000000001834,SL,False
S2-09,shock_reversion,GBPUSD,2015-08-20 06:30:00+00:00,2015-08-20 06:45:00+00:00,2015-08-20 06:45:00+00:00,1,1.0,TP,False
S2-09,shock_reversion,GBPUSD,2015-08-20 07:00:00+00:00,2015-08-20 07:15:00+00:00,2015-08-20 07:15:00+00:00,1,1.000000000000043,TP,False
S2-09,shock_reversion,GBPUSD,2015-08-20 08:30:00+00:00,2015-08-20 08:45:00+00:00,2015-08-20 09:00:00+00:00,1,-1.0000000000000242,SL,False
S2-09,shock_reversion,GBPUSD,2015-08-20 14:15:00+00:00,2015-08-20 14:30:00+00:00,2015-08-20 14:30:00+00:00,-1,-0.9999999999999254,SL,False
S2-09,shock_reversion,GBPUSD,2015-08-21 06:15:00+00:00,2015-08-21 06:30:00+00:00,2015-08-21 06:30:00+00:00,-1,1.0000000000001381,TP,False
S2-09,shock_reversion,GBPUSD,2015-08-21 09:15:00+00:00,2015-08-21 09:30:00+00:00,2015-08-21 12:00:00+00:00,1,-1.0000000000000198,SL,False
S2-09,shock_reversion,GBPUSD,2015-08-24 05:30:00+00:00,2015-08-24 05:45:00+00:00,2015-08-24 06:30:00+00:00,1,-1.000000000000031,SL,False
S2-09,shock_reversion,GBPUSD,2015-08-24 06:30:00+00:00,2015-08-24 06:45:00+00:00,2015-08-24 07:00:00+00:00,1,1.0,TP,False
S2-09,shock_reversion,GBPUSD,2015-08-27 06:00:00+00:00,2015-08-27 06:15:00+00:00,2015-08-27 06:15:00+00:00,1,1.0000000000001426,TP,False
S2-09,shock_reversion,GBPUSD,2015-09-01 07:00:00+00:00,2015-09-01 07:15:00+00:00,2015-09-01 07:15:00+00:00,1,0.9999999999999623,TP,False
S2-09,shock_reversion,GBPUSD,2015-09-01 08:30:00+00:00,2015-09-01 08:45:00+00:00,2015-09-01 09:00:00+00:00,1,0.9999999999999386,TP,False
S2-09,shock_reversion,GBPUSD,2015-09-02 06:45:00+00:00,2015-09-02 07:00:00+00:00,2015-09-02 07:00:00+00:00,1,1.000000000000037,TP,False
S2-09,shock_reversion,GBPUSD,2015-09-04 07:00:00+00:00,2015-09-04 07:15:00+00:00,2015-09-04 07:15:00+00:00,1,-1.0,SL,False
S2-09,shock_reversion,GBPUSD,2015-09-04 12:30:00+00:00,2015-09-04 12:45:00+00:00,2015-09-04 12:45:00+00:00,1,-1.000000000000045,SL,False
S2-09,shock_reversion,GBPUSD,2015-09-07 05:30:00+00:00,2015-09-07 05:45:00+00:00,2015-09-07 05:45:00+00:00,1,-0.9999999999999022,SL,False
S2-09,shock_reversion,GBPUSD,2015-09-07 06:00:00+00:00,2015-09-07 06:15:00+00:00,2015-09-07 06:15:00+00:00,-1,1.0000000000001301,TP,False
S2-09,shock_reversion,GBPUSD,2015-09-07 07:00:00+00:00,2015-09-07 07:15:00+00:00,2015-09-07 07:15:00+00:00,-1,-0.999999999999882,SL,False
S2-09,shock_reversion,GBPUSD,2015-09-07 07:15:00+00:00,2015-09-07 07:30:00+00:00,2015-09-07 07:30:00+00:00,-1,0.999999999999903,TP,False
S2-09,shock_reversion,GBPUSD,2015-09-07 19:15:00+00:00,2015-09-07 19:30:00+00:00,2015-09-07 19:30:00+00:00,1,-1.0000000000001772,SL,False
S2-09,shock_reversion,GBPUSD,2015-09-08 05:15:00+00:00,2015-09-08 05:30:00+00:00,2015-09-08 05:30:00+00:00,-1,-1.0000000000001348,SL,False
S2-09,shock_reversion,GBPUSD,2015-09-08 05:30:00+00:00,2015-09-08 05:45:00+00:00,2015-09-08 06:00:00+00:00,-1,-0.999999999999884,SL,False
S2-09,shock_reversion,GBPUSD,2015-09-08 06:00:00+00:00,2015-09-08 06:15:00+00:00,2015-09-08 06:15:00+00:00,-1,-1.0,SL,False
S2-09,shock_reversion,GBPUSD,2015-09-09 08:30:00+00:00,2015-09-09 08:45:00+00:00,2015-09-09 09:30:00+00:00,1,0.9999999999999756,TP,False
S2-09,shock_reversion,GBPUSD,2015-09-10 06:00:00+00:00,2015-09-10 06:15:00+00:00,2015-09-10 06:15:00+00:00,-1,1.0000000000001001,TP,False
S2-09,shock_reversion,GBPUSD,2015-09-10 06:30:00+00:00,2015-09-10 06:45:00+00:00,2015-09-10 06:45:00+00:00,1,1.0000000000001084,TP,False
S2-09,shock_reversion,GBPUSD,2015-09-10 11:00:00+00:00,2015-09-10 11:15:00+00:00,2015-09-10 11:15:00+00:00,-1,0.9999999999999446,TP,False
S2-09,shock_reversion,GBPUSD,2015-09-14 06:00:00+00:00,2015-09-14 06:15:00+00:00,2015-09-14 06:15:00+00:00,-1,0.9999999999999356,TP,False
S2-09,shock_reversion,GBPUSD,2015-09-14 07:00:00+00:00,2015-09-14 07:15:00+00:00,2015-09-14 07:15:00+00:00,-1,1.00000000000005,TP,False
S2-09,shock_reversion,GBPUSD,2015-09-15 06:15:00+00:00,2015-09-15 06:30:00+00:00,2015-09-15 06:30:00+00:00,1,-1.00000000000006,SL,False
S2-09,shock_reversion,GBPUSD,2015-09-16 00:45:00+00:00,2015-09-16 01:00:00+00:00,2015-09-16 01:00:00+00:00,1,0.9999999999999067,TP,False
S2-09,shock_reversion,GBPUSD,2015-09-16 08:30:00+00:00,2015-09-16 08:45:00+00:00,2015-09-16 08:45:00+00:00,-1,-1.0000000000000693,SL,False
S2-09,shock_reversion,GBPUSD,2015-09-16 23:45:00+00:00,2015-09-17 00:00:00+00:00,2015-09-17 00:00:00+00:00,-1,-1.000000000000059,SL,False
S2-09,shock_reversion,GBPUSD,2015-09-17 06:30:00+00:00,2015-09-17 06:45:00+00:00,2015-09-17 06:45:00+00:00,-1,0.9999999999998496,TP,False
S2-09,shock_reversion,GBPUSD,2015-09-17 08:30:00+00:00,2015-09-17 08:45:00+00:00,2015-09-17 08:45:00+00:00,1,1.0000000000000533,TP,False
S2-09,shock_reversion,GBPUSD,2015-09-17 18:00:00+00:00,2015-09-17 18:15:00+00:00,2015-09-17 18:15:00+00:00,-1,0.9999999999999827,TP,False
S2-09,shock_reversion,GBPUSD,2015-09-18 06:00:00+00:00,2015-09-18 06:15:00+00:00,2015-09-18 06:15:00+00:00,-1,1.0000000000000902,TP,False
S2-09,shock_reversion,GBPUSD,2015-09-18 06:30:00+00:00,2015-09-18 06:45:00+00:00,2015-09-18 07:00:00+00:00,1,1.0,TP,False
S2-09,shock_reversion,GBPUSD,2015-09-21 06:30:00+00:00,2015-09-21 06:45:00+00:00,2015-09-21 07:00:00+00:00,-1,-1.0000000000000477,SL,True
S2-09,shock_reversion,GBPUSD,2015-09-22 06:00:00+00:00,2015-09-22 06:15:00+00:00,2015-09-22 06:15:00+00:00,1,-0.9999999999998808,SL,True
S2-09,shock_reversion,GBPUSD,2015-09-22 07:00:00+00:00,2015-09-22 07:15:00+00:00,2015-09-22 07:30:00+00:00,1,1.0000000000001088,TP,False
S2-09,shock_reversion,GBPUSD,2015-09-23 07:15:00+00:00,2015-09-23 07:30:00+00:00,2015-09-23 07:30:00+00:00,1,0.9999999999999715,TP,False
S2-09,shock_reversion,GBPUSD,2015-09-24 06:45:00+00:00,2015-09-24 07:00:00+00:00,2015-09-24 07:00:00+00:00,-1,1.0000000000000528,TP,False
S2-09,shock_reversion,GBPUSD,2015-09-24 21:00:00+00:00,2015-09-24 21:15:00+00:00,2015-09-24 21:15:00+00:00,1,-0.9999999999999645,SL,False
S2-09,shock_reversion,GBPUSD,2015-09-25 06:30:00+00:00,2015-09-25 06:45:00+00:00,2015-09-25 06:45:00+00:00,-1,-0.9999999999999152,SL,True
S2-09,shock_reversion,GBPUSD,2015-09-25 20:45:00+00:00,2015-09-27 21:00:00+00:00,2015-09-27 21:00:00+00:00,1,-1.0,SL,False
S2-09,shock_reversion,GBPUSD,2015-09-28 06:00:00+00:00,2015-09-28 06:15:00+00:00,2015-09-28 06:45:00+00:00,1,1.0000000000000495,TP,False
S2-09,shock_reversion,GBPUSD,2015-09-28 07:30:00+00:00,2015-09-28 07:45:00+00:00,2015-09-28 07:45:00+00:00,-1,-0.9999999999999041,SL,False
S2-09,shock_reversion,GBPUSD,2015-09-30 06:45:00+00:00,2015-09-30 07:00:00+00:00,2015-09-30 07:00:00+00:00,1,-1.0,SL,True
S2-09,shock_reversion,GBPUSD,2015-09-30 08:30:00+00:00,2015-09-30 08:45:00+00:00,2015-09-30 08:45:00+00:00,-1,-1.0000000000000533,SL,False
S2-09,shock_reversion,GBPUSD,2015-10-01 08:00:00+00:00,2015-10-01 08:15:00+00:00,2015-10-01 08:15:00+00:00,-1,-1.0000000000000757,SL,False
S2-09,shock_reversion,GBPUSD,2015-10-02 08:30:00+00:00,2015-10-02 08:45:00+00:00,2015-10-02 09:15:00+00:00,-1,1.0000000000001044,TP,False
S2-09,shock_reversion,GBPUSD,2015-10-02 12:30:00+00:00,2015-10-02 12:45:00+00:00,2015-10-02 12:45:00+00:00,-1,-0.9999999999999418,SL,False
S2-09,shock_reversion,GBPUSD,2015-10-05 06:45:00+00:00,2015-10-05 07:00:00+00:00,2015-10-05 07:00:00+00:00,-1,-0.9999999999998094,SL,False
S2-09,shock_reversion,GBPUSD,2015-10-05 08:30:00+00:00,2015-10-05 08:45:00+00:00,2015-10-05 09:00:00+00:00,1,1.0000000000000533,TP,False
S2-09,shock_reversion,GBPUSD,2015-10-06 06:15:00+00:00,2015-10-06 06:30:00+00:00,2015-10-06 06:30:00+00:00,1,-1.0,SL,False
S2-09,shock_reversion,GBPUSD,2015-10-07 03:00:00+00:00,2015-10-07 03:15:00+00:00,2015-10-07 03:30:00+00:00,-1,-0.9999999999998687,SL,False
S2-09,shock_reversion,GBPUSD,2015-10-08 01:30:00+00:00,2015-10-08 01:45:00+00:00,2015-10-08 01:45:00+00:00,1,1.0000000000002014,TP,False
S2-09,shock_reversion,GBPUSD,2015-10-08 07:00:00+00:00,2015-10-08 07:15:00+00:00,2015-10-08 07:15:00+00:00,-1,-1.0000000000001095,SL,False
S2-09,shock_reversion,GBPUSD,2015-10-08 07:15:00+00:00,2015-10-08 07:30:00+00:00,2015-10-08 08:15:00+00:00,-1,-1.000000000000095,SL,False
S2-09,shock_reversion,GBPUSD,2015-10-08 11:00:00+00:00,2015-10-08 11:15:00+00:00,2015-10-08 11:30:00+00:00,1,-1.0000000000000648,SL,False
S2-09,shock_reversion,GBPUSD,2015-10-08 18:00:00+00:00,2015-10-08 18:15:00+00:00,2015-10-08 18:30:00+00:00,-1,1.0000000000000662,TP,False
S2-09,shock_reversion,GBPUSD,2015-10-09 06:00:00+00:00,2015-10-09 06:15:00+00:00,2015-10-09 06:15:00+00:00,-1,-1.0000000000000748,SL,False
S2-09,shock_reversion,GBPUSD,2015-10-09 06:15:00+00:00,2015-10-09 06:30:00+00:00,2015-10-09 06:30:00+00:00,-1,0.9999999999999373,TP,False
S2-09,shock_reversion,GBPUSD,2015-10-09 06:30:00+00:00,2015-10-09 06:45:00+00:00,2015-10-09 06:45:00+00:00,1,0.9999999999999469,TP,False
S2-09,shock_reversion,GBPUSD,2015-10-09 20:45:00+00:00,2015-10-11 21:00:00+00:00,2015-10-11 21:00:00+00:00,1,-1.0000000000001252,SL,False
S2-09,shock_reversion,GBPUSD,2015-10-12 06:15:00+00:00,2015-10-12 06:30:00+00:00,2015-10-12 06:30:00+00:00,-1,-0.9999999999999274,SL,False
S2-09,shock_reversion,GBPUSD,2015-10-12 07:15:00+00:00,2015-10-12 07:30:00+00:00,2015-10-12 07:30:00+00:00,-1,-0.9999999999998911,SL,False
S2-09,shock_reversion,GBPUSD,2015-10-13 00:45:00+00:00,2015-10-13 01:00:00+00:00,2015-10-13 01:00:00+00:00,1,-1.0000000000000533,SL,False
S2-09,shock_reversion,GBPUSD,2015-10-13 06:00:00+00:00,2015-10-13 06:15:00+00:00,2015-10-13 06:15:00+00:00,-1,-1.000000000000122,SL,False
S2-09,shock_reversion,GBPUSD,2015-10-13 08:00:00+00:00,2015-10-13 08:15:00+00:00,2015-10-13 08:15:00+00:00,1,-1.0,SL,False
S2-09,shock_reversion,GBPUSD,2015-10-13 08:15:00+00:00,2015-10-13 08:30:00+00:00,2015-10-13 08:30:00+00:00,1,-0.999999999999964,SL,False
S2-09,shock_reversion,GBPUSD,2015-10-14 07:15:00+00:00,2015-10-14 07:30:00+00:00,2015-10-14 07:30:00+00:00,-1,-1.0,SL,False
S2-09,shock_reversion,GBPUSD,2015-10-14 07:30:00+00:00,2015-10-14 07:45:00+00:00,2015-10-14 07:45:00+00:00,-1,1.0000000000000713,TP,False
S2-09,shock_reversion,GBPUSD,2015-10-14 08:30:00+00:00,2015-10-14 08:45:00+00:00,2015-10-14 08:45:00+00:00,-1,-0.9999999999999802,SL,False
S2-09,shock_reversion,GBPUSD,2015-10-14 12:30:00+00:00,2015-10-14 12:45:00+00:00,2015-10-14 14:00:00+00:00,-1,-1.0000000000000402,SL,False
S2-09,shock_reversion,GBPUSD,2015-10-15 07:00:00+00:00,2015-10-15 07:15:00+00:00,2015-10-15 07:30:00+00:00,-1,1.000000000000131,TP,False
S2-09,shock_reversion,GBPUSD,2015-10-15 07:30:00+00:00,2015-10-15 07:45:00+00:00,2015-10-15 07:45:00+00:00,1,-1.0000000000001055,SL,False
S2-09,shock_reversion,GBPUSD,2015-10-15 12:30:00+00:00,2015-10-15 12:45:00+00:00,2015-10-15 13:15:00+00:00,1,1.0000000000000182,TP,False
S2-09,shock_reversion,GBPUSD,2015-10-15 20:45:00+00:00,2015-10-15 21:00:00+00:00,2015-10-15 21:00:00+00:00,1,-0.9999999999998991,SL,True
S2-09,shock_reversion,GBPUSD,2015-10-16 06:00:00+00:00,2015-10-16 06:15:00+00:00,2015-10-16 06:15:00+00:00,-1,-0.9999999999999307,SL,False
S2-09,shock_reversion,GBPUSD,2015-10-19 06:45:00+00:00,2015-10-19 07:00:00+00:00,2015-10-19 07:00:00+00:00,-1,0.999999999999935,TP,False
S2-09,shock_reversion,GBPUSD,2015-10-19 07:15:00+00:00,2015-10-19 07:30:00+00:00,2015-10-19 07:30:00+00:00,1,1.0,TP,False
S2-09,shock_reversion,GBPUSD,2015-10-20 06:45:00+00:00,2015-10-20 07:00:00+00:00,2015-10-20 07:00:00+00:00,-1,-0.9999999999999115,SL,False
S2-09,shock_reversion,GBPUSD,2015-10-20 07:00:00+00:00,2015-10-20 07:15:00+00:00,2015-10-20 07:15:00+00:00,-1,1.0000000000001716,TP,False
S2-09,shock_reversion,GBPUSD,2015-10-21 05:45:00+00:00,2015-10-21 06:00:00+00:00,2015-10-21 06:00:00+00:00,1,-1.0000000000002485,SL,False
S2-09,shock_reversion,GBPUSD,2015-10-21 14:45:00+00:00,2015-10-21 15:00:00+00:00,2015-10-21 15:00:00+00:00,-1,-0.999999999999934,SL,False
S2-09,shock_reversion,GBPUSD,2015-10-22 04:30:00+00:00,2015-10-22 04:45:00+00:00,2015-10-22 06:15:00+00:00,1,1.000000000000077,TP,False
S2-09,shock_reversion,GBPUSD,2015-10-22 08:15:00+00:00,2015-10-22 08:30:00+00:00,2015-10-22 08:30:00+00:00,-1,-1.0,SL,False
S2-09,shock_reversion,GBPUSD,2015-10-22 08:30:00+00:00,2015-10-22 08:45:00+00:00,2015-10-22 08:45:00+00:00,-1,1.0000000000000282,TP,False
S2-09,shock_reversion,GBPUSD,2015-10-22 12:15:00+00:00,2015-10-22 12:30:00+00:00,2015-10-22 12:30:00+00:00,1,1.000000000000049,TP,False
S2-09,shock_reversion,GBPUSD,2015-10-22 12:45:00+00:00,2015-10-22 13:00:00+00:00,2015-10-22 13:00:00+00:00,1,-1.0000000000000588,SL,False
S2-09,shock_reversion,GBPUSD,2015-10-22 21:30:00+00:00,2015-10-22 21:45:00+00:00,2015-10-22 21:45:00+00:00,1,1.0000000000000617,TP,False
S2-09,shock_reversion,GBPUSD,2015-10-23 06:00:00+00:00,2015-10-23 06:15:00+00:00,2015-10-23 06:15:00+00:00,1,-0.9999999999998689,SL,False
S2-09,shock_reversion,GBPUSD,2015-10-26 07:00:00+00:00,2015-10-26 07:15:00+00:00,2015-10-26 07:15:00+00:00,1,1.0,TP,False
S2-09,shock_reversion,GBPUSD,2015-10-26 14:15:00+00:00,2015-10-26 14:30:00+00:00,2015-10-26 14:30:00+00:00,-1,1.0000000000000848,TP,False
S2-09,shock_reversion,GBPUSD,2015-10-27 07:00:00+00:00,2015-10-27 07:15:00+00:00,2015-10-27 07:15:00+00:00,1,-0.9999999999998203,SL,False
S2-09,shock_reversion,GBPUSD,2015-10-27 09:15:00+00:00,2015-10-27 09:30:00+00:00,2015-10-27 09:30:00+00:00,1,-0.999999999999916,SL,False
S2-09,shock_reversion,GBPUSD,2015-10-27 14:00:00+00:00,2015-10-27 14:15:00+00:00,2015-10-27 15:00:00+00:00,1,-1.0000000000000262,SL,False
S2-09,shock_reversion,GBPUSD,2015-10-28 06:00:00+00:00,2015-10-28 06:15:00+00:00,2015-10-28 06:45:00+00:00,-1,-0.9999999999997604,SL,False
S2-09,shock_reversion,GBPUSD,2015-10-28 07:15:00+00:00,2015-10-28 07:30:00+00:00,2015-10-28 07:30:00+00:00,1,1.0000000000001705,TP,False
S2-09,shock_reversion,GBPUSD,2015-10-28 07:30:00+00:00,2015-10-28 07:45:00+00:00,2015-10-28 08:15:00+00:00,-1,1.000000000000139,TP,False
S2-09,shock_reversion,GBPUSD,2015-10-28 18:00:00+00:00,2015-10-28 18:15:00+00:00,2015-10-28 18:45:00+00:00,1,-1.0000000000000357,SL,False
S2-09,shock_reversion,GBPUSD,2015-10-29 07:30:00+00:00,2015-10-29 07:45:00+00:00,2015-10-29 07:45:00+00:00,-1,-0.9999999999998667,SL,False
S2-09,shock_reversion,GBPUSD,2015-10-30 06:30:00+00:00,2015-10-30 06:45:00+00:00,2015-10-30 06:45:00+00:00,-1,-0.9999999999999587,SL,False
S2-09,shock_reversion,GBPUSD,2015-11-02 09:00:00+00:00,2015-11-02 09:15:00+00:00,2015-11-02 09:30:00+00:00,-1,-1.0000000000000662,SL,False
S2-09,shock_reversion,GBPUSD,2015-11-02 09:30:00+00:00,2015-11-02 09:45:00+00:00,2015-11-02 11:00:00+00:00,-1,1.0000000000000517,TP,False
S2-09,shock_reversion,GBPUSD,2015-11-02 15:45:00+00:00,2015-11-02 16:00:00+00:00,2015-11-02 18:45:00+00:00,1,-1.0,SL,False
S2-09,shock_reversion,GBPUSD,2015-11-03 03:30:00+00:00,2015-11-03 03:45:00+00:00,2015-11-03 03:45:00+00:00,-1,-0.999999999999838,SL,False
S2-09,shock_reversion,GBPUSD,2015-11-03 07:45:00+00:00,2015-11-03 08:00:00+00:00,2015-11-03 08:00:00+00:00,-1,1.000000000000186,TP,False
S2-09,shock_reversion,GBPUSD,2015-11-04 07:45:00+00:00,2015-11-04 08:00:00+00:00,2015-11-04 08:00:00+00:00,-1,0.9999999999999465,TP,False
S2-09,shock_reversion,GBPUSD,2015-11-04 09:30:00+00:00,2015-11-04 09:45:00+00:00,2015-11-04 10:15:00+00:00,-1,1.0000000000000884,TP,False
S2-09,shock_reversion,GBPUSD,2015-11-05 08:15:00+00:00,2015-11-05 08:30:00+00:00,2015-11-05 08:45:00+00:00,-1,1.0,TP,False
S2-09,shock_reversion,GBPUSD,2015-11-05 12:00:00+00:00,2015-11-05 12:15:00+00:00,2015-11-05 12:15:00+00:00,1,-0.9999999999999584,SL,False
S2-09,shock_reversion,GBPUSD,2015-11-06 00:00:00+00:00,2015-11-06 00:15:00+00:00,2015-11-06 00:15:00+00:00,-1,-1.000000000000281,SL,False
S2-09,shock_reversion,GBPUSD,2015-11-06 06:00:00+00:00,2015-11-06 06:15:00+00:00,2015-11-06 06:15:00+00:00,1,-0.9999999999998544,SL,False
S2-09,shock_reversion,GBPUSD,2015-11-06 08:00:00+00:00,2015-11-06 08:15:00+00:00,2015-11-06 08:30:00+00:00,1,-1.0000000000001108,SL,False
S2-09,shock_reversion,GBPUSD,2015-11-06 13:30:00+00:00,2015-11-06 13:45:00+00:00,2015-11-06 13:45:00+00:00,1,-1.0,SL,False
S2-09,shock_reversion,GBPUSD,2015-11-09 07:00:00+00:00,2015-11-09 07:15:00+00:00,2015-11-09 07:15:00+00:00,1,1.000000000000068,TP,False
S2-09,shock_reversion,GBPUSD,2015-11-10 23:30:00+00:00,2015-11-10 23:45:00+00:00,2015-11-10 23:45:00+00:00,-1,-1.0000000000001283,SL,False
S2-09,shock_reversion,GBPUSD,2015-11-11 01:30:00+00:00,2015-11-11 01:45:00+00:00,2015-11-11 02:30:00+00:00,-1,-1.0,SL,False
S2-09,shock_reversion,GBPUSD,2015-11-11 07:45:00+00:00,2015-11-11 08:00:00+00:00,2015-11-11 08:15:00+00:00,-1,0.9999999999998506,TP,False
S2-09,shock_reversion,GBPUSD,2015-11-11 09:30:00+00:00,2015-11-11 09:45:00+00:00,2015-11-11 10:30:00+00:00,1,1.0000000000000813,TP,False
S2-09,shock_reversion,GBPUSD,2015-11-11 23:00:00+00:00,2015-11-11 23:15:00+00:00,2015-11-11 23:45:00+00:00,-1,0.9999999999999419,TP,False
S2-09,shock_reversion,GBPUSD,2015-11-12 00:30:00+00:00,2015-11-12 00:45:00+00:00,2015-11-12 01:15:00+00:00,-1,-1.0000000000001485,SL,False
S2-09,shock_reversion,GBPUSD,2015-11-12 08:00:00+00:00,2015-11-12 08:15:00+00:00,2015-11-12 08:15:00+00:00,1,-1.0000000000001252,SL,False
S2-09,shock_reversion,GBPUSD,2015-11-12 14:30:00+00:00,2015-11-12 14:45:00+00:00,2015-11-12 15:00:00+00:00,-1,0.9999999999999509,TP,False
S2-09,shock_reversion,GBPUSD,2015-11-13 06:45:00+00:00,2015-11-13 07:00:00+00:00,2015-11-13 07:00:00+00:00,-1,-1.0000000000001323,SL,False
S2-09,shock_reversion,GBPUSD,2015-11-13 13:30:00+00:00,2015-11-13 13:45:00+00:00,2015-11-13 14:30:00+00:00,-1,0.9999999999999146,TP,False
S2-09,shock_reversion,GBPUSD,2015-11-16 06:45:00+00:00,2015-11-16 07:00:00+00:00,2015-11-16 07:00:00+00:00,-1,-1.0,SL,True
S2-09,shock_reversion,GBPUSD,2015-11-16 07:30:00+00:00,2015-11-16 07:45:00+00:00,2015-11-16 07:45:00+00:00,1,-1.0000000000001885,SL,False
S2-09,shock_reversion,GBPUSD,2015-11-17 01:00:00+00:00,2015-11-17 01:15:00+00:00,2015-11-17 01:30:00+00:00,1,-0.9999999999999176,SL,False
S2-09,shock_reversion,GBPUSD,2015-11-17 08:30:00+00:00,2015-11-17 08:45:00+00:00,2015-11-17 09:00:00+00:00,1,1.0000000000000833,TP,False
S2-09,shock_reversion,GBPUSD,2015-11-17 09:30:00+00:00,2015-11-17 09:45:00+00:00,2015-11-17 09:45:00+00:00,-1,-1.00000000000009,SL,False
S2-09,shock_reversion,GBPUSD,2015-11-18 07:00:00+00:00,2015-11-18 07:15:00+00:00,2015-11-18 07:15:00+00:00,1,1.0000000000001315,TP,False
S2-09,shock_reversion,GBPUSD,2015-11-18 09:00:00+00:00,2015-11-18 09:15:00+00:00,2015-11-18 09:45:00+00:00,-1,-1.00000000000006,SL,False
S2-09,shock_reversion,GBPUSD,2015-11-18 19:00:00+00:00,2015-11-18 19:15:00+00:00,2015-11-18 19:15:00+00:00,-1,0.999999999999918,TP,False
S2-09,shock_reversion,GBPUSD,2015-11-19 00:00:00+00:00,2015-11-19 00:15:00+00:00,2015-11-19 00:30:00+00:00,-1,1.0000000000001281,TP,False
S2-09,shock_reversion,GBPUSD,2015-11-19 01:30:00+00:00,2015-11-19 01:45:00+00:00,2015-11-19 01:45:00+00:00,-1,-1.000000000000116,SL,False
S2-09,shock_reversion,GBPUSD,2015-11-19 07:00:00+00:00,2015-11-19 07:15:00+00:00,2015-11-19 07:15:00+00:00,-1,1.0,TP,False
S2-09,shock_reversion,GBPUSD,2015-11-19 16:15:00+00:00,2015-11-19 16:30:00+00:00,2015-11-19 17:15:00+00:00,-1,1.0,TP,False
S2-09,shock_reversion,GBPUSD,2015-11-23 07:00:00+00:00,2015-11-23 07:15:00+00:00,2015-11-23 07:30:00+00:00,1,-0.9999999999998473,SL,False
S2-09,shock_reversion,GBPUSD,2015-11-24 08:00:00+00:00,2015-11-24 08:15:00+00:00,2015-11-24 08:15:00+00:00,1,-0.999999999999872,SL,False
S2-09,shock_reversion,GBPUSD,2015-11-26 07:45:00+00:00,2015-11-26 08:00:00+00:00,2015-11-26 08:00:00+00:00,1,-0.9999999999998969,SL,True
S2-09,shock_reversion,GBPUSD,2015-11-27 01:15:00+00:00,2015-11-27 01:30:00+00:00,2015-11-27 01:30:00+00:00,1,-1.0000000000002025,SL,False
S2-09,shock_reversion,GBPUSD,2015-11-27 06:45:00+00:00,2015-11-27 07:00:00+00:00,2015-11-27 07:00:00+00:00,-1,1.0,TP,False
S2-09,shock_reversion,GBPUSD,2015-11-30 07:30:00+00:00,2015-11-30 07:45:00+00:00,2015-11-30 07:45:00+00:00,-1,0.999999999999885,TP,False
S2-09,shock_reversion,GBPUSD,2015-12-01 01:15:00+00:00,2015-12-01 01:30:00+00:00,2015-12-01 01:45:00+00:00,-1,0.9999999999998659,TP,False
S2-09,shock_reversion,GBPUSD,2015-12-01 15:00:00+00:00,2015-12-01 15:15:00+00:00,2015-12-01 15:30:00+00:00,-1,1.0,TP,False
S2-09,shock_reversion,GBPUSD,2015-12-02 08:00:00+00:00,2015-12-02 08:15:00+00:00,2015-12-02 08:15:00+00:00,1,-1.000000000000061,SL,False
S2-09,shock_reversion,GBPUSD,2015-12-02 08:15:00+00:00,2015-12-02 08:30:00+00:00,2015-12-02 08:30:00+00:00,-1,0.999999999999947,TP,False
S2-09,shock_reversion,GBPUSD,2015-12-02 09:30:00+00:00,2015-12-02 09:45:00+00:00,2015-12-02 10:15:00+00:00,1,0.9999999999999378,TP,False
S2-09,shock_reversion,GBPUSD,2015-12-03 12:45:00+00:00,2015-12-03 13:00:00+00:00,2015-12-03 13:00:00+00:00,-1,-1.0000000000000593,SL,False
S2-09,shock_reversion,GBPUSD,2015-12-03 13:30:00+00:00,2015-12-03 13:45:00+00:00,2015-12-03 14:15:00+00:00,-1,0.9999999999999594,TP,False
S2-09,shock_reversion,GBPUSD,2015-12-04 00:00:00+00:00,2015-12-04 00:15:00+00:00,2015-12-04 00:30:00+00:00,-1,1.0000000000000835,TP,False
S2-09,shock_reversion,GBPUSD,2015-12-04 13:30:00+00:00,2015-12-04 13:45:00+00:00,2015-12-04 13:45:00+00:00,1,1.0000000000000433,TP,False
S2-09,shock_reversion,GBPUSD,2015-12-07 08:00:00+00:00,2015-12-07 08:15:00+00:00,2015-12-07 08:15:00+00:00,1,-1.0,SL,False
S2-09,shock_reversion,GBPUSD,2015-12-08 09:15:00+00:00,2015-12-08 09:30:00+00:00,2015-12-08 09:30:00+00:00,1,1.000000000000063,TP,False
S2-09,shock_reversion,GBPUSD,2015-12-09 07:00:00+00:00,2015-12-09 07:15:00+00:00,2015-12-09 07:30:00+00:00,-1,0.9999999999999531,TP,False
S2-09,shock_reversion,GBPUSD,2015-12-09 13:45:00+00:00,2015-12-09 14:00:00+00:00,2015-12-09 14:00:00+00:00,-1,-0.9999999999999484,SL,False
S2-09,shock_reversion,GBPUSD,2015-12-10 12:00:00+00:00,2015-12-10 12:15:00+00:00,2015-12-10 12:15:00+00:00,1,-1.0000000000000593,SL,False
S2-09,shock_reversion,GBPUSD,2015-12-11 07:00:00+00:00,2015-12-11 07:15:00+00:00,2015-12-11 07:15:00+00:00,-1,1.00000000000022,TP,False
S2-09,shock_reversion,GBPUSD,2015-12-11 07:30:00+00:00,2015-12-11 07:45:00+00:00,2015-12-11 07:45:00+00:00,-1,0.9999999999999459,TP,False
S2-09,shock_reversion,GBPUSD,2015-12-11 21:45:00+00:00,2015-12-13 22:00:00+00:00,2015-12-13 22:00:00+00:00,1,-1.0000000000001172,SL,False
S2-09,shock_reversion,GBPUSD,2015-12-14 08:30:00+00:00,2015-12-14 08:45:00+00:00,2015-12-14 09:15:00+00:00,1,1.0000000000001004,TP,False
S2-09,shock_reversion,GBPUSD,2015-12-14 22:30:00+00:00,2015-12-14 22:45:00+00:00,2015-12-14 23:15:00+00:00,-1,1.0000000000000981,TP,False
S2-09,shock_reversion,GBPUSD,2015-12-15 07:45:00+00:00,2015-12-15 08:00:00+00:00,2015-12-15 08:00:00+00:00,1,-0.9999999999998636,SL,False
S2-09,shock_reversion,GBPUSD,2015-12-15 14:30:00+00:00,2015-12-15 14:45:00+00:00,2015-12-15 15:00:00+00:00,1,-0.9999999999999485,SL,False
S2-09,shock_reversion,GBPUSD,2015-12-16 07:15:00+00:00,2015-12-16 07:30:00+00:00,2015-12-16 07:30:00+00:00,-1,0.9999999999998811,TP,False
S2-09,shock_reversion,GBPUSD,2015-12-16 08:30:00+00:00,2015-12-16 08:45:00+00:00,2015-12-16 09:00:00+00:00,1,0.9999999999998884,TP,False
S2-09,shock_reversion,GBPUSD,2015-12-16 09:15:00+00:00,2015-12-16 09:30:00+00:00,2015-12-16 09:30:00+00:00,1,1.0,TP,False
S2-09,shock_reversion,GBPUSD,2015-12-16 19:00:00+00:00,2015-12-16 19:15:00+00:00,2015-12-16 19:30:00+00:00,1,1.0000000000000435,TP,False
S2-09,shock_reversion,GBPUSD,2015-12-16 19:30:00+00:00,2015-12-16 19:45:00+00:00,2015-12-16 19:45:00+00:00,-1,1.000000000000015,TP,False
S2-09,shock_reversion,GBPUSD,2015-12-17 03:30:00+00:00,2015-12-17 03:45:00+00:00,2015-12-17 04:00:00+00:00,1,1.0,TP,False
S2-09,shock_reversion,GBPUSD,2015-12-17 07:45:00+00:00,2015-12-17 08:00:00+00:00,2015-12-17 08:00:00+00:00,1,0.9999999999999631,TP,False
S2-09,shock_reversion,GBPUSD,2015-12-17 09:00:00+00:00,2015-12-17 09:15:00+00:00,2015-12-17 09:15:00+00:00,-1,-0.9999999999999574,SL,False
S2-09,shock_reversion,GBPUSD,2015-12-18 03:45:00+00:00,2015-12-18 04:00:00+00:00,2015-12-18 04:00:00+00:00,1,0.9999999999999177,TP,False
S2-09,shock_reversion,GBPUSD,2015-12-18 08:45:00+00:00,2015-12-18 09:00:00+00:00,2015-12-18 09:00:00+00:00,-1,1.0000000000000218,TP,False
S2-09,shock_reversion,GBPUSD,2015-12-18 21:45:00+00:00,2015-12-20 22:00:00+00:00,2015-12-20 22:00:00+00:00,1,-0.9999999999999588,SL,False
S2-09,shock_reversion,GBPUSD,2015-12-22 14:15:00+00:00,2015-12-22 14:30:00+00:00,2015-12-22 14:30:00+00:00,1,-0.9999999999999104,SL,False
S2-09,shock_reversion,GBPUSD,2015-12-25 00:15:00+00:00,2015-12-25 00:30:00+00:00,2015-12-25 00:30:00+00:00,-1,-1.0000000000000622,SL,False
S2-09,shock_reversion,GBPUSD,2015-12-28 15:45:00+00:00,2015-12-28 16:00:00+00:00,2015-12-28 16:15:00+00:00,-1,0.9999999999999334,TP,False
S2-09,shock_reversion,GBPUSD,2015-12-29 07:45:00+00:00,2015-12-29 08:00:00+00:00,2015-12-29 08:00:00+00:00,1,1.000000000000082,TP,False
S2-09,shock_reversion,GBPUSD,2015-12-29 08:15:00+00:00,2015-12-29 08:30:00+00:00,2015-12-29 08:45:00+00:00,-1,1.0000000000001823,TP,False
S2-09,shock_reversion,GBPUSD,2015-12-29 08:45:00+00:00,2015-12-29 09:00:00+00:00,2015-12-29 09:30:00+00:00,1,-1.0000000000001206,SL,False
S2-09,shock_reversion,GBPUSD,2015-12-31 07:15:00+00:00,2015-12-31 07:30:00+00:00,2015-12-31 07:30:00+00:00,1,1.0,TP,False
S2-09,shock_reversion,GBPUSD,2015-12-31 08:15:00+00:00,2015-12-31 08:30:00+00:00,2015-12-31 08:30:00+00:00,-1,1.000000000000049,TP,False
S2-09,shock_reversion,GBPUSD,2016-01-04 01:15:00+00:00,2016-01-04 01:30:00+00:00,2016-01-04 01:45:00+00:00,1,1.0000000000000373,TP,False
S2-09,shock_reversion,GBPUSD,2016-01-04 07:45:00+00:00,2016-01-04 08:00:00+00:00,2016-01-04 08:00:00+00:00,-1,-0.9999999999999648,SL,False
S2-09,shock_reversion,GBPUSD,2016-01-05 08:15:00+00:00,2016-01-05 08:30:00+00:00,2016-01-05 08:30:00+00:00,1,-1.0000000000001152,SL,False
S2-09,shock_reversion,GBPUSD,2016-01-07 07:00:00+00:00,2016-01-07 07:15:00+00:00,2016-01-07 07:15:00+00:00,1,0.9999999999998946,TP,False
S2-09,shock_reversion,GBPUSD,2016-01-07 07:45:00+00:00,2016-01-07 08:00:00+00:00,2016-01-07 08:15:00+00:00,1,0.9999999999999301,TP,False
S2-09,shock_reversion,GBPUSD,2016-01-08 01:30:00+00:00,2016-01-08 01:45:00+00:00,2016-01-08 03:00:00+00:00,-1,-1.0000000000001028,SL,False
S2-09,shock_reversion,GBPUSD,2016-01-10 23:00:00+00:00,2016-01-10 23:15:00+00:00,2016-01-10 23:15:00+00:00,-1,0.9999999999999754,TP,False
S2-09,shock_reversion,GBPUSD,2016-01-10 23:15:00+00:00,2016-01-10 23:30:00+00:00,2016-01-10 23:30:00+00:00,1,1.000000000000039,TP,False
S2-09,shock_reversion,GBPUSD,2016-01-11 07:15:00+00:00,2016-01-11 07:30:00+00:00,2016-01-11 07:30:00+00:00,1,0.9999999999999384,TP,False
S2-09,shock_reversion,GBPUSD,2016-01-11 08:45:00+00:00,2016-01-11 09:00:00+00:00,2016-01-11 09:30:00+00:00,-1,0.9999999999999444,TP,False
S2-09,shock_reversion,GBPUSD,2016-01-12 05:30:00+00:00,2016-01-12 05:45:00+00:00,2016-01-12 06:00:00+00:00,1,-0.9999999999998933,SL,False
S2-09,shock_reversion,GBPUSD,2016-01-12 09:30:00+00:00,2016-01-12 09:45:00+00:00,2016-01-12 10:00:00+00:00,1,-1.000000000000074,SL,False
S2-09,shock_reversion,GBPUSD,2016-01-14 12:00:00+00:00,2016-01-14 12:15:00+00:00,2016-01-14 12:30:00+00:00,-1,0.9999999999999812,TP,False
S2-09,shock_reversion,GBPUSD,2016-01-15 07:00:00+00:00,2016-01-15 07:15:00+00:00,2016-01-15 07:45:00+00:00,1,-1.0000000000000417,SL,False
S2-09,shock_reversion,GBPUSD,2016-01-15 08:45:00+00:00,2016-01-15 09:00:00+00:00,2016-01-15 09:00:00+00:00,1,-0.9999999999999525,SL,False
S2-09,shock_reversion,GBPUSD,2016-01-18 08:00:00+00:00,2016-01-18 08:15:00+00:00,2016-01-18 08:15:00+00:00,-1,-0.9999999999999395,SL,False
S2-09,shock_reversion,GBPUSD,2016-01-18 22:45:00+00:00,2016-01-18 23:00:00+00:00,2016-01-19 00:15:00+00:00,-1,-0.9999999999998687,SL,False
S2-09,shock_reversion,GBPUSD,2016-01-19 12:00:00+00:00,2016-01-19 12:15:00+00:00,2016-01-19 12:30:00+00:00,1,-1.0,SL,False
S2-09,shock_reversion,GBPUSD,2016-01-19 12:30:00+00:00,2016-01-19 12:45:00+00:00,2016-01-19 12:45:00+00:00,1,-1.0000000000000377,SL,False
S2-09,shock_reversion,GBPUSD,2016-01-19 14:30:00+00:00,2016-01-19 14:45:00+00:00,2016-01-19 15:00:00+00:00,1,-0.9999999999999528,SL,False
S2-09,shock_reversion,GBPUSD,2016-01-20 01:30:00+00:00,2016-01-20 01:45:00+00:00,2016-01-20 02:00:00+00:00,1,1.0000000000000995,TP,False
S2-09,shock_reversion,GBPUSD,2016-01-20 07:30:00+00:00,2016-01-20 07:45:00+00:00,2016-01-20 08:15:00+00:00,-1,1.0000000000001095,TP,False
S2-09,shock_reversion,GBPUSD,2016-01-22 08:15:00+00:00,2016-01-22 08:30:00+00:00,2016-01-22 08:30:00+00:00,-1,1.0000000000000837,TP,False
S2-09,shock_reversion,GBPUSD,2016-01-22 09:30:00+00:00,2016-01-22 09:45:00+00:00,2016-01-22 10:15:00+00:00,-1,1.0000000000000335,TP,False
S2-09,shock_reversion,GBPUSD,2016-01-25 07:15:00+00:00,2016-01-25 07:30:00+00:00,2016-01-25 07:30:00+00:00,1,-1.0,SL,False
S2-09,shock_reversion,GBPUSD,2016-01-25 07:30:00+00:00,2016-01-25 07:45:00+00:00,2016-01-25 07:45:00+00:00,1,1.0000000000000455,TP,False
S2-09,shock_reversion,GBPUSD,2016-01-25 08:00:00+00:00,2016-01-25 08:15:00+00:00,2016-01-25 08:30:00+00:00,1,1.0000000000000704,TP,False
S2-09,shock_reversion,GBPUSD,2016-01-26 00:00:00+00:00,2016-01-26 00:15:00+00:00,2016-01-26 00:15:00+00:00,1,-0.9999999999999631,SL,False
S2-09,shock_reversion,GBPUSD,2016-01-26 06:30:00+00:00,2016-01-26 06:45:00+00:00,2016-01-26 06:45:00+00:00,1,0.9999999999998489,TP,False
S2-09,shock_reversion,GBPUSD,2016-01-26 08:00:00+00:00,2016-01-26 08:15:00+00:00,2016-01-26 08:15:00+00:00,1,-1.0000000000000269,SL,False
S2-09,shock_reversion,GBPUSD,2016-01-27 15:00:00+00:00,2016-01-27 15:15:00+00:00,2016-01-27 16:15:00+00:00,1,0.9999999999999842,TP,False
S2-09,shock_reversion,GBPUSD,2016-01-29 03:30:00+00:00,2016-01-29 03:45:00+00:00,2016-01-29 03:45:00+00:00,1,1.0000000000001465,TP,False
S2-09,shock_reversion,GBPUSD,2016-01-29 03:45:00+00:00,2016-01-29 04:00:00+00:00,2016-01-29 04:00:00+00:00,-1,1.0,TP,False
S2-09,shock_reversion,GBPUSD,2016-02-01 07:45:00+00:00,2016-02-01 08:00:00+00:00,2016-02-01 08:00:00+00:00,-1,-1.0000000000000715,SL,False
S2-09,shock_reversion,GBPUSD,2016-02-01 09:45:00+00:00,2016-02-01 10:00:00+00:00,2016-02-01 10:00:00+00:00,1,0.9999999999999486,TP,False
S2-09,shock_reversion,GBPUSD,2016-02-01 19:00:00+00:00,2016-02-01 19:15:00+00:00,2016-02-01 19:15:00+00:00,-1,-0.9999999999999531,SL,False
S2-09,shock_reversion,GBPUSD,2016-02-03 09:00:00+00:00,2016-02-03 09:15:00+00:00,2016-02-03 09:30:00+00:00,-1,-1.0000000000000453,SL,False
S2-09,shock_reversion,GBPUSD,2016-02-03 09:30:00+00:00,2016-02-03 09:45:00+00:00,2016-02-03 10:00:00+00:00,-1,-1.0000000000000193,SL,False
S2-09,shock_reversion,GBPUSD,2016-02-04 08:00:00+00:00,2016-02-04 08:15:00+00:00,2016-02-04 08:15:00+00:00,-1,-0.9999999999999366,SL,False
S2-09,shock_reversion,GBPUSD,2016-02-04 08:15:00+00:00,2016-02-04 08:30:00+00:00,2016-02-04 08:30:00+00:00,-1,-1.0000000000000535,SL,False
S2-09,shock_reversion,GBPUSD,2016-02-04 11:30:00+00:00,2016-02-04 11:45:00+00:00,2016-02-04 12:00:00+00:00,1,-1.00000000000003,SL,False
S2-09,shock_reversion,GBPUSD,2016-02-04 12:00:00+00:00,2016-02-04 12:15:00+00:00,2016-02-04 12:15:00+00:00,1,-1.0000000000000402,SL,False
S2-09,shock_reversion,GBPUSD,2016-02-05 07:15:00+00:00,2016-02-05 07:30:00+00:00,2016-02-05 07:30:00+00:00,1,-1.00000000000008,SL,False
S2-09,shock_reversion,GBPUSD,2016-02-05 07:30:00+00:00,2016-02-05 07:45:00+00:00,2016-02-05 07:45:00+00:00,1,-0.999999999999902,SL,False
S2-09,shock_reversion,GBPUSD,2016-02-05 13:30:00+00:00,2016-02-05 13:45:00+00:00,2016-02-05 13:45:00+00:00,1,-1.0000000000000158,SL,False
S2-09,shock_reversion,GBPUSD,2016-02-08 07:30:00+00:00,2016-02-08 07:45:00+00:00,2016-02-08 08:00:00+00:00,-1,1.0000000000001001,TP,False
S2-09,shock_reversion,GBPUSD,2016-02-08 08:30:00+00:00,2016-02-08 08:45:00+00:00,2016-02-08 08:45:00+00:00,1,-0.9999999999999762,SL,False
S2-09,shock_reversion,GBPUSD,2016-02-08 16:00:00+00:00,2016-02-08 16:15:00+00:00,2016-02-08 17:30:00+00:00,-1,0.9999999999999731,TP,False
S2-09,shock_reversion,GBPUSD,2016-02-09 07:30:00+00:00,2016-02-09 07:45:00+00:00,2016-02-09 07:45:00+00:00,1,0.9999999999999681,TP,False
S2-09,shock_reversion,GBPUSD,2016-02-09 07:45:00+00:00,2016-02-09 08:00:00+00:00,2016-02-09 08:00:00+00:00,-1,-0.9999999999999467,SL,False
S2-09,shock_reversion,GBPUSD,2016-02-10 08:00:00+00:00,2016-02-10 08:15:00+00:00,2016-02-10 08:30:00+00:00,-1,-1.0000000000000846,SL,False
S2-09,shock_reversion,GBPUSD,2016-02-10 09:30:00+00:00,2016-02-10 09:45:00+00:00,2016-02-10 10:00:00+00:00,-1,-0.9999999999999539,SL,False
S2-09,shock_reversion,GBPUSD,2016-02-10 13:30:00+00:00,2016-02-10 13:45:00+00:00,2016-02-10 14:00:00+00:00,1,-1.0,SL,False
S2-09,shock_reversion,GBPUSD,2016-02-11 07:00:00+00:00,2016-02-11 07:15:00+00:00,2016-02-11 07:15:00+00:00,-1,0.9999999999999273,TP,False
S2-09,shock_reversion,GBPUSD,2016-02-11 07:30:00+00:00,2016-02-11 07:45:00+00:00,2016-02-11 07:45:00+00:00,1,0.9999999999999447,TP,False
S2-09,shock_reversion,GBPUSD,2016-02-11 08:15:00+00:00,2016-02-11 08:30:00+00:00,2016-02-11 08:30:00+00:00,1,-0.9999999999999609,SL,False
S2-09,shock_reversion,GBPUSD,2016-02-11 08:30:00+00:00,2016-02-11 08:45:00+00:00,2016-02-11 09:00:00+00:00,1,-1.000000000000047,SL,False
S2-09,shock_reversion,GBPUSD,2016-02-12 07:00:00+00:00,2016-02-12 07:15:00+00:00,2016-02-12 07:15:00+00:00,-1,-0.9999999999998924,SL,False
S2-09,shock_reversion,GBPUSD,2016-02-12 07:30:00+00:00,2016-02-12 07:45:00+00:00,2016-02-12 07:45:00+00:00,-1,0.9999999999999482,TP,False
S2-09,shock_reversion,GBPUSD,2016-02-15 07:15:00+00:00,2016-02-15 07:30:00+00:00,2016-02-15 07:30:00+00:00,1,1.0,TP,False
S2-09,shock_reversion,GBPUSD,2016-02-16 07:30:00+00:00,2016-02-16 07:45:00+00:00,2016-02-16 07:45:00+00:00,-1,-1.0000000000000329,SL,False
S2-09,shock_reversion,GBPUSD,2016-02-16 08:30:00+00:00,2016-02-16 08:45:00+00:00,2016-02-16 08:45:00+00:00,-1,1.0000000000000207,TP,False
S2-09,shock_reversion,GBPUSD,2016-02-16 13:15:00+00:00,2016-02-16 13:30:00+00:00,2016-02-16 13:30:00+00:00,1,-0.9999999999999629,SL,False
S2-09,shock_reversion,GBPUSD,2016-02-17 06:30:00+00:00,2016-02-17 06:45:00+00:00,2016-02-17 06:45:00+00:00,1,0.9999999999999335,TP,False
S2-09,shock_reversion,GBPUSD,2016-02-18 07:00:00+00:00,2016-02-18 07:15:00+00:00,2016-02-18 07:15:00+00:00,1,0.9999999999999241,TP,False
S2-09,shock_reversion,GBPUSD,2016-02-19 07:00:00+00:00,2016-02-19 07:15:00+00:00,2016-02-19 07:15:00+00:00,1,-1.0000000000000497,SL,False
S2-09,shock_reversion,GBPUSD,2016-02-19 09:30:00+00:00,2016-02-19 09:45:00+00:00,2016-02-19 10:00:00+00:00,1,1.0000000000000164,TP,False
S2-09,shock_reversion,GBPUSD,2016-02-22 07:00:00+00:00,2016-02-22 07:15:00+00:00,2016-02-22 07:15:00+00:00,1,-0.9999999999999178,SL,True
S2-09,shock_reversion,GBPUSD,2016-02-22 12:30:00+00:00,2016-02-22 12:45:00+00:00,2016-02-22 13:15:00+00:00,1,1.0000000000000482,TP,False
S2-09,shock_reversion,GBPUSD,2016-02-23 06:45:00+00:00,2016-02-23 07:00:00+00:00,2016-02-23 07:00:00+00:00,1,0.9999999999998944,TP,False
S2-09,shock_reversion,GBPUSD,2016-02-23 08:30:00+00:00,2016-02-23 08:45:00+00:00,2016-02-23 08:45:00+00:00,-1,1.0000000000000386,TP,False
S2-09,shock_reversion,GBPUSD,2016-02-23 23:45:00+00:00,2016-02-24 00:00:00+00:00,2016-02-24 00:00:00+00:00,1,-1.0000000000001412,SL,False
S2-09,shock_reversion,GBPUSD,2016-02-24 00:00:00+00:00,2016-02-24 00:15:00+00:00,2016-02-24 00:15:00+00:00,1,1.0000000000000813,TP,False
S2-09,shock_reversion,GBPUSD,2016-02-24 07:00:00+00:00,2016-02-24 07:15:00+00:00,2016-02-24 07:15:00+00:00,-1,-1.0000000000000997,SL,False
S2-09,shock_reversion,GBPUSD,2016-02-25 02:45:00+00:00,2016-02-25 03:00:00+00:00,2016-02-25 03:45:00+00:00,-1,-0.9999999999999629,SL,False
S2-09,shock_reversion,GBPUSD,2016-02-25 07:00:00+00:00,2016-02-25 07:15:00+00:00,2016-02-25 07:15:00+00:00,1,-0.9999999999999365,SL,False
S2-09,shock_reversion,GBPUSD,2016-02-26 03:00:00+00:00,2016-02-26 03:15:00+00:00,2016-02-26 05:30:00+00:00,-1,1.0000000000000346,TP,False
S2-09,shock_reversion,GBPUSD,2016-02-26 05:45:00+00:00,2016-02-26 06:00:00+00:00,2016-02-26 06:00:00+00:00,1,1.0000000000000882,TP,False
S2-09,shock_reversion,GBPUSD,2016-02-26 08:00:00+00:00,2016-02-26 08:15:00+00:00,2016-02-26 08:15:00+00:00,-1,1.0,TP,False
S2-09,shock_reversion,GBPUSD,2016-02-29 07:00:00+00:00,2016-02-29 07:15:00+00:00,2016-02-29 07:15:00+00:00,-1,-1.0000000000000415,SL,False
S2-09,shock_reversion,GBPUSD,2016-02-29 07:30:00+00:00,2016-02-29 07:45:00+00:00,2016-02-29 07:45:00+00:00,-1,-0.9999999999999019,SL,False
S2-09,shock_reversion,GBPUSD,2016-02-29 15:45:00+00:00,2016-02-29 16:00:00+00:00,2016-02-29 18:15:00+00:00,-1,0.9999999999999841,TP,False
S2-09,shock_reversion,GBPUSD,2016-03-01 07:30:00+00:00,2016-03-01 07:45:00+00:00,2016-03-01 08:00:00+00:00,-1,0.9999999999999717,TP,False
S2-09,shock_reversion,GBPUSD,2016-03-03 07:45:00+00:00,2016-03-03 08:00:00+00:00,2016-03-03 08:00:00+00:00,-1,0.999999999999887,TP,False
S2-09,shock_reversion,GBPUSD,2016-03-04 07:15:00+00:00,2016-03-04 07:30:00+00:00,2016-03-04 07:30:00+00:00,1,-1.0,SL,True
S2-09,shock_reversion,GBPUSD,2016-03-04 07:30:00+00:00,2016-03-04 07:45:00+00:00,2016-03-04 07:45:00+00:00,1,-1.00000000000016,SL,False
S2-09,shock_reversion,GBPUSD,2016-03-04 13:15:00+00:00,2016-03-04 13:30:00+00:00,2016-03-04 13:30:00+00:00,1,-1.0000000000000226,SL,False
S2-09,shock_reversion,GBPUSD,2016-03-04 13:30:00+00:00,2016-03-04 13:45:00+00:00,2016-03-04 13:45:00+00:00,1,1.000000000000019,TP,False
S2-09,shock_reversion,GBPUSD,2016-03-04 13:45:00+00:00,2016-03-04 14:00:00+00:00,2016-03-04 14:00:00+00:00,-1,-1.0000000000000169,SL,False
S2-09,shock_reversion,GBPUSD,2016-03-07 04:15:00+00:00,2016-03-07 04:30:00+00:00,2016-03-07 06:30:00+00:00,1,-0.999999999999941,SL,True
S2-09,shock_reversion,GBPUSD,2016-03-07 06:30:00+00:00,2016-03-07 06:45:00+00:00,2016-03-07 06:45:00+00:00,1,-1.000000000000127,SL,False
S2-09,shock_reversion,GBPUSD,2016-03-07 07:30:00+00:00,2016-03-07 07:45:00+00:00,2016-03-07 07:45:00+00:00,1,0.9999999999999631,TP,False
S2-09,shock_reversion,GBPUSD,2016-03-08 07:00:00+00:00,2016-03-08 07:15:00+00:00,2016-03-08 07:15:00+00:00,-1,-1.0,SL,True
S2-09,shock_reversion,GBPUSD,2016-03-08 07:45:00+00:00,2016-03-08 08:00:00+00:00,2016-03-08 08:15:00+00:00,-1,0.9999999999999322,TP,False
S2-09,shock_reversion,GBPUSD,2016-03-09 07:00:00+00:00,2016-03-09 07:15:00+00:00,2016-03-09 07:15:00+00:00,-1,-1.0000000000000535,SL,True
S2-09,shock_reversion,GBPUSD,2016-03-09 15:30:00+00:00,2016-03-09 15:45:00+00:00,2016-03-09 16:15:00+00:00,-1,1.000000000000056,TP,False
S2-09,shock_reversion,GBPUSD,2016-03-10 08:00:00+00:00,2016-03-10 08:15:00+00:00,2016-03-10 08:15:00+00:00,-1,-1.0000000000000806,SL,False
S2-09,shock_reversion,GBPUSD,2016-03-10 12:45:00+00:00,2016-03-10 13:00:00+00:00,2016-03-10 13:00:00+00:00,1,0.9999999999999473,TP,False
S2-09,shock_reversion,GBPUSD,2016-03-10 14:00:00+00:00,2016-03-10 14:15:00+00:00,2016-03-10 14:15:00+00:00,-1,0.9999999999999786,TP,False
S2-09,shock_reversion,GBPUSD,2016-03-11 14:30:00+00:00,2016-03-11 14:45:00+00:00,2016-03-11 15:00:00+00:00,-1,-1.0000000000000209,SL,False
S2-09,shock_reversion,GBPUSD,2016-03-11 15:00:00+00:00,2016-03-11 15:15:00+00:00,2016-03-11 15:30:00+00:00,-1,-0.9999999999999817,SL,False
S2-09,shock_reversion,GBPUSD,2016-03-14 06:45:00+00:00,2016-03-14 07:00:00+00:00,2016-03-14 07:00:00+00:00,1,1.0000000000001212,TP,False
S2-09,shock_reversion,GBPUSD,2016-03-14 23:15:00+00:00,2016-03-14 23:30:00+00:00,2016-03-15 00:45:00+00:00,1,-0.9999999999999086,SL,False
S2-09,shock_reversion,GBPUSD,2016-03-15 07:00:00+00:00,2016-03-15 07:15:00+00:00,2016-03-15 07:15:00+00:00,1,-0.9999999999999608,SL,False
S2-09,shock_reversion,GBPUSD,2016-03-15 09:15:00+00:00,2016-03-15 09:30:00+00:00,2016-03-15 09:45:00+00:00,1,-0.9999999999999621,SL,False
S2-09,shock_reversion,GBPUSD,2016-03-16 01:15:00+00:00,2016-03-16 01:30:00+00:00,2016-03-16 01:30:00+00:00,1,0.9999999999999141,TP,False
S2-09,shock_reversion,GBPUSD,2016-03-16 05:45:00+00:00,2016-03-16 06:00:00+00:00,2016-03-16 06:30:00+00:00,1,-0.999999999999878,SL,False
S2-09,shock_reversion,GBPUSD,2016-03-16 06:30:00+00:00,2016-03-16 06:45:00+00:00,2016-03-16 06:45:00+00:00,1,-1.000000000000147,SL,False
S2-09,shock_reversion,GBPUSD,2016-03-16 07:00:00+00:00,2016-03-16 07:15:00+00:00,2016-03-16 07:15:00+00:00,1,-0.9999999999998813,SL,False
S2-09,shock_reversion,GBPUSD,2016-03-16 18:00:00+00:00,2016-03-16 18:15:00+00:00,2016-03-16 18:15:00+00:00,-1,-1.0000000000000153,SL,False
S2-09,shock_reversion,GBPUSD,2016-03-17 08:00:00+00:00,2016-03-17 08:15:00+00:00,2016-03-17 08:30:00+00:00,-1,-1.000000000000044,SL,False
S2-09,shock_reversion,GBPUSD,2016-03-21 05:45:00+00:00,2016-03-21 06:00:00+00:00,2016-03-21 06:00:00+00:00,1,-1.0,SL,False
S2-09,shock_reversion,GBPUSD,2016-03-21 07:30:00+00:00,2016-03-21 07:45:00+00:00,2016-03-21 07:45:00+00:00,1,-1.0000000000000993,SL,False
S2-09,shock_reversion,GBPUSD,2016-03-22 07:00:00+00:00,2016-03-22 07:15:00+00:00,2016-03-22 07:15:00+00:00,1,1.0000000000000409,TP,False
S2-09,shock_reversion,GBPUSD,2016-03-22 08:00:00+00:00,2016-03-22 08:15:00+00:00,2016-03-22 08:15:00+00:00,1,-0.9999999999999305,SL,False
S2-09,shock_reversion,GBPUSD,2016-03-23 08:00:00+00:00,2016-03-23 08:15:00+00:00,2016-03-23 08:15:00+00:00,-1,1.000000000000082,TP,False
S2-09,shock_reversion,GBPUSD,2016-03-24 01:00:00+00:00,2016-03-24 01:15:00+00:00,2016-03-24 01:15:00+00:00,1,-1.0000000000002254,SL,False
S2-09,shock_reversion,GBPUSD,2016-03-24 06:45:00+00:00,2016-03-24 07:00:00+00:00,2016-03-24 07:00:00+00:00,1,-0.9999999999999414,SL,False
S2-09,shock_reversion,GBPUSD,2016-03-24 07:00:00+00:00,2016-03-24 07:15:00+00:00,2016-03-24 07:15:00+00:00,1,1.0000000000001021,TP,False
S2-09,shock_reversion,GBPUSD,2016-03-24 23:45:00+00:00,2016-03-25 00:00:00+00:00,2016-03-25 00:00:00+00:00,1,-0.9999999999998787,SL,False
S2-09,shock_reversion,GBPUSD,2016-03-25 00:45:00+00:00,2016-03-25 01:00:00+00:00,2016-03-25 01:15:00+00:00,1,-1.0000000000000389,SL,False
S2-09,shock_reversion,GBPUSD,2016-03-25 20:45:00+00:00,2016-03-27 21:00:00+00:00,2016-03-27 21:00:00+00:00,1,-0.9999999999998758,SL,False
S2-09,shock_reversion,GBPUSD,2016-03-28 05:30:00+00:00,2016-03-28 05:45:00+00:00,2016-03-28 05:45:00+00:00,-1,1.000000000000174,TP,False
S2-09,shock_reversion,GBPUSD,2016-03-28 06:00:00+00:00,2016-03-28 06:15:00+00:00,2016-03-28 06:15:00+00:00,-1,1.0000000000001703,TP,False
S2-09,shock_reversion,GBPUSD,2016-03-28 07:15:00+00:00,2016-03-28 07:30:00+00:00,2016-03-28 09:30:00+00:00,-1,-0.9999999999999651,SL,False
S2-09,shock_reversion,GBPUSD,2016-03-28 12:30:00+00:00,2016-03-28 12:45:00+00:00,2016-03-28 12:45:00+00:00,-1,-0.9999999999998762,SL,False
S2-09,shock_reversion,GBPUSD,2016-03-28 12:45:00+00:00,2016-03-28 13:00:00+00:00,2016-03-28 13:15:00+00:00,-1,-1.0000000000000993,SL,False
S2-09,shock_reversion,GBPUSD,2016-03-28 13:30:00+00:00,2016-03-28 13:45:00+00:00,2016-03-28 14:00:00+00:00,-1,1.0000000000000662,TP,False
S2-09,shock_reversion,GBPUSD,2016-03-28 21:00:00+00:00,2016-03-28 21:15:00+00:00,2016-03-28 21:15:00+00:00,-1,-1.0,SL,False
S2-09,shock_reversion,GBPUSD,2016-03-29 07:00:00+00:00,2016-03-29 07:15:00+00:00,2016-03-29 07:15:00+00:00,1,-1.0000000000000748,SL,False
S2-09,shock_reversion,GBPUSD,2016-03-29 16:15:00+00:00,2016-03-29 16:30:00+00:00,2016-03-29 17:30:00+00:00,-1,-0.9999999999999587,SL,False
S2-09,shock_reversion,GBPUSD,2016-03-30 06:00:00+00:00,2016-03-30 06:15:00+00:00,2016-03-30 06:15:00+00:00,-1,-0.9999999999998571,SL,True
S2-09,shock_reversion,GBPUSD,2016-03-30 06:15:00+00:00,2016-03-30 06:30:00+00:00,2016-03-30 06:30:00+00:00,-1,-1.0,SL,False
S2-09,shock_reversion,GBPUSD,2016-03-31 00:45:00+00:00,2016-03-31 01:00:00+00:00,2016-03-31 01:00:00+00:00,1,-0.9999999999998038,SL,False
S2-09,shock_reversion,GBPUSD,2016-04-01 00:45:00+00:00,2016-04-01 01:00:00+00:00,2016-04-01 01:00:00+00:00,-1,1.0000000000000715,TP,False
S2-09,shock_reversion,GBPUSD,2016-04-01 07:30:00+00:00,2016-04-01 07:45:00+00:00,2016-04-01 08:00:00+00:00,1,0.9999999999999117,TP,False
S2-09,shock_reversion,GBPUSD,2016-04-01 12:30:00+00:00,2016-04-01 12:45:00+00:00,2016-04-01 12:45:00+00:00,1,-1.0000000000000293,SL,False
S2-09,shock_reversion,GBPUSD,2016-04-04 06:00:00+00:00,2016-04-04 06:15:00+00:00,2016-04-04 06:15:00+00:00,1,-1.000000000000058,SL,True
S2-09,shock_reversion,GBPUSD,2016-04-04 06:30:00+00:00,2016-04-04 06:45:00+00:00,2016-04-04 07:00:00+00:00,1,1.0000000000000793,TP,False
S2-09,shock_reversion,GBPUSD,2016-04-06 06:00:00+00:00,2016-04-06 06:15:00+00:00,2016-04-06 06:15:00+00:00,1,-0.9999999999998582,SL,False
S2-09,shock_reversion,GBPUSD,2016-04-06 06:30:00+00:00,2016-04-06 06:45:00+00:00,2016-04-06 06:45:00+00:00,1,1.0,TP,False
S2-09,shock_reversion,GBPUSD,2016-04-06 11:15:00+00:00,2016-04-06 11:30:00+00:00,2016-04-06 11:45:00+00:00,1,-1.0,SL,False
S2-09,shock_reversion,GBPUSD,2016-04-08 05:30:00+00:00,2016-04-08 05:45:00+00:00,2016-04-08 05:45:00+00:00,-1,1.0000000000001161,TP,False
S2-09,shock_reversion,GBPUSD,2016-04-08 06:45:00+00:00,2016-04-08 07:00:00+00:00,2016-04-08 07:00:00+00:00,1,-1.0000000000001004,SL,True
S2-09,shock_reversion,GBPUSD,2016-04-08 07:00:00+00:00,2016-04-08 07:15:00+00:00,2016-04-08 07:30:00+00:00,-1,-0.9999999999999727,SL,False
S2-09,shock_reversion,GBPUSD,2016-04-08 07:30:00+00:00,2016-04-08 07:45:00+00:00,2016-04-08 08:30:00+00:00,-1,1.0000000000000577,TP,False
S2-09,shock_reversion,GBPUSD,2016-04-11 07:45:00+00:00,2016-04-11 08:00:00+00:00,2016-04-11 08:00:00+00:00,-1,-1.0,SL,False
S2-09,shock_reversion,GBPUSD,2016-04-11 08:00:00+00:00,2016-04-11 08:15:00+00:00,2016-04-11 08:30:00+00:00,-1,1.000000000000019,TP,False
S2-09,shock_reversion,GBPUSD,2016-04-12 06:30:00+00:00,2016-04-12 06:45:00+00:00,2016-04-12 06:45:00+00:00,-1,-1.0000000000001217,SL,False
S2-09,shock_reversion,GBPUSD,2016-04-12 13:45:00+00:00,2016-04-12 14:00:00+00:00,2016-04-12 14:00:00+00:00,1,-0.9999999999999692,SL,False
S2-09,shock_reversion,GBPUSD,2016-04-13 05:30:00+00:00,2016-04-13 05:45:00+00:00,2016-04-13 06:00:00+00:00,1,1.0000000000000506,TP,False
S2-09,shock_reversion,GBPUSD,2016-04-13 06:30:00+00:00,2016-04-13 06:45:00+00:00,2016-04-13 06:45:00+00:00,1,-0.9999999999999601,SL,False
S2-09,shock_reversion,GBPUSD,2016-04-14 07:00:00+00:00,2016-04-14 07:15:00+00:00,2016-04-14 07:15:00+00:00,1,-1.0000000000000269,SL,False
S2-09,shock_reversion,GBPUSD,2016-04-15 06:15:00+00:00,2016-04-15 06:30:00+00:00,2016-04-15 06:30:00+00:00,-1,-0.9999999999999498,SL,True
S2-09,shock_reversion,GBPUSD,2016-04-15 07:00:00+00:00,2016-04-15 07:15:00+00:00,2016-04-15 07:15:00+00:00,1,1.0,TP,False
S2-09,shock_reversion,GBPUSD,2016-04-18 06:00:00+00:00,2016-04-18 06:15:00+00:00,2016-04-18 06:15:00+00:00,1,-1.0,SL,False
S2-09,shock_reversion,GBPUSD,2016-04-18 06:30:00+00:00,2016-04-18 06:45:00+00:00,2016-04-18 06:45:00+00:00,1,-1.000000000000137,SL,False
S2-09,shock_reversion,GBPUSD,2016-04-18 06:45:00+00:00,2016-04-18 07:00:00+00:00,2016-04-18 07:00:00+00:00,1,1.0000000000001152,TP,False
S2-09,shock_reversion,GBPUSD,2016-04-18 23:30:00+00:00,2016-04-18 23:45:00+00:00,2016-04-19 01:00:00+00:00,-1,-0.9999999999998123,SL,False
S2-09,shock_reversion,GBPUSD,2016-04-19 06:15:00+00:00,2016-04-19 06:30:00+00:00,2016-04-19 06:30:00+00:00,-1,-0.9999999999998427,SL,False
S2-09,shock_reversion,GBPUSD,2016-04-21 12:00:00+00:00,2016-04-21 12:15:00+00:00,2016-04-21 13:15:00+00:00,-1,1.0000000000000175,TP,False
S2-09,shock_reversion,GBPUSD,2016-04-22 07:00:00+00:00,2016-04-22 07:15:00+00:00,2016-04-22 07:30:00+00:00,1,-1.0000000000000633,SL,False
S2-09,shock_reversion,GBPUSD,2016-04-22 20:45:00+00:00,2016-04-24 21:00:00+00:00,2016-04-24 21:00:00+00:00,1,-0.9999999999999396,SL,False
S2-09,shock_reversion,GBPUSD,2016-04-24 21:00:00+00:00,2016-04-24 21:15:00+00:00,2016-04-24 22:15:00+00:00,-1,0.9999999999999786,TP,False
S2-09,shock_reversion,GBPUSD,2016-04-26 07:15:00+00:00,2016-04-26 07:30:00+00:00,2016-04-26 07:30:00+00:00,-1,-1.000000000000077,SL,False
S2-09,shock_reversion,GBPUSD,2016-04-26 12:30:00+00:00,2016-04-26 12:45:00+00:00,2016-04-26 13:15:00+00:00,-1,-1.0000000000000213,SL,False
S2-09,shock_reversion,GBPUSD,2016-04-27 01:00:00+00:00,2016-04-27 01:15:00+00:00,2016-04-27 01:15:00+00:00,-1,-0.999999999999788,SL,False
S2-09,shock_reversion,GBPUSD,2016-04-27 06:45:00+00:00,2016-04-27 07:00:00+00:00,2016-04-27 07:00:00+00:00,-1,-1.000000000000088,SL,False
S2-09,shock_reversion,GBPUSD,2016-04-27 07:00:00+00:00,2016-04-27 07:15:00+00:00,2016-04-27 07:15:00+00:00,-1,1.0000000000000677,TP,False
S2-09,shock_reversion,GBPUSD,2016-04-27 08:00:00+00:00,2016-04-27 08:15:00+00:00,2016-04-27 08:30:00+00:00,1,1.000000000000046,TP,False
S2-09,shock_reversion,GBPUSD,2016-04-27 18:00:00+00:00,2016-04-27 18:15:00+00:00,2016-04-27 18:30:00+00:00,1,1.0000000000000333,TP,False
S2-09,shock_reversion,GBPUSD,2016-04-28 03:00:00+00:00,2016-04-28 03:15:00+00:00,2016-04-28 03:15:00+00:00,-1,-0.9999999999998471,SL,False
S2-09,shock_reversion,GBPUSD,2016-04-28 03:15:00+00:00,2016-04-28 03:30:00+00:00,2016-04-28 03:45:00+00:00,-1,0.9999999999999136,TP,False
S2-09,shock_reversion,GBPUSD,2016-04-28 06:00:00+00:00,2016-04-28 06:15:00+00:00,2016-04-28 06:30:00+00:00,-1,-1.0000000000000284,SL,False
S2-09,shock_reversion,GBPUSD,2016-05-02 06:30:00+00:00,2016-05-02 06:45:00+00:00,2016-05-02 07:00:00+00:00,-1,-0.999999999999864,SL,False
S2-09,shock_reversion,GBPUSD,2016-05-02 07:15:00+00:00,2016-05-02 07:30:00+00:00,2016-05-02 07:30:00+00:00,1,1.0000000000000657,TP,False
S2-09,shock_reversion,GBPUSD,2016-05-02 12:00:00+00:00,2016-05-02 12:15:00+00:00,2016-05-02 12:30:00+00:00,-1,1.0000000000000813,TP,False
S2-09,shock_reversion,GBPUSD,2016-05-03 06:00:00+00:00,2016-05-03 06:15:00+00:00,2016-05-03 06:15:00+00:00,-1,-0.9999999999999017,SL,False
S2-09,shock_reversion,GBPUSD,2016-05-03 06:15:00+00:00,2016-05-03 06:30:00+00:00,2016-05-03 07:00:00+00:00,-1,0.99999999999992,TP,False
S2-09,shock_reversion,GBPUSD,2016-05-04 01:15:00+00:00,2016-05-04 01:30:00+00:00,2016-05-04 01:30:00+00:00,1,-0.9999999999998748,SL,False
S2-09,shock_reversion,GBPUSD,2016-05-04 01:30:00+00:00,2016-05-04 01:45:00+00:00,2016-05-04 02:00:00+00:00,1,-0.9999999999999449,SL,False
S2-09,shock_reversion,GBPUSD,2016-05-04 06:00:00+00:00,2016-05-04 06:15:00+00:00,2016-05-04 06:15:00+00:00,1,1.0,TP,False
S2-09,shock_reversion,GBPUSD,2016-05-04 06:15:00+00:00,2016-05-04 06:30:00+00:00,2016-05-04 06:30:00+00:00,-1,1.0000000000000622,TP,False
S2-09,shock_reversion,GBPUSD,2016-05-05 08:30:00+00:00,2016-05-05 08:45:00+00:00,2016-05-05 08:45:00+00:00,-1,0.999999999999979,TP,False
S2-09,shock_reversion,GBPUSD,2016-05-06 01:30:00+00:00,2016-05-06 01:45:00+00:00,2016-05-06 01:45:00+00:00,-1,1.0000000000000537,TP,False
S2-09,shock_reversion,GBPUSD,2016-05-06 06:30:00+00:00,2016-05-06 06:45:00+00:00,2016-05-06 06:45:00+00:00,1,1.000000000000155,TP,False
S2-09,shock_reversion,GBPUSD,2016-05-06 07:00:00+00:00,2016-05-06 07:15:00+00:00,2016-05-06 07:15:00+00:00,1,0.9999999999999613,TP,False
S2-09,shock_reversion,GBPUSD,2016-05-06 12:30:00+00:00,2016-05-06 12:45:00+00:00,2016-05-06 12:45:00+00:00,1,1.0000000000000444,TP,False
S2-09,shock_reversion,GBPUSD,2016-05-09 06:15:00+00:00,2016-05-09 06:30:00+00:00,2016-05-09 06:30:00+00:00,-1,1.0,TP,False
S2-09,shock_reversion,GBPUSD,2016-05-09 06:30:00+00:00,2016-05-09 06:45:00+00:00,2016-05-09 07:00:00+00:00,1,-1.0000000000000262,SL,False
S2-09,shock_reversion,GBPUSD,2016-05-11 00:15:00+00:00,2016-05-11 00:30:00+00:00,2016-05-11 00:30:00+00:00,-1,-1.0000000000002043,SL,True
S2-09,shock_reversion,GBPUSD,2016-05-11 06:00:00+00:00,2016-05-11 06:15:00+00:00,2016-05-11 06:45:00+00:00,-1,1.000000000000062,TP,False
S2-09,shock_reversion,GBPUSD,2016-05-11 07:00:00+00:00,2016-05-11 07:15:00+00:00,2016-05-11 07:15:00+00:00,1,-1.000000000000041,SL,False
S2-09,shock_reversion,GBPUSD,2016-05-12 06:00:00+00:00,2016-05-12 06:15:00+00:00,2016-05-12 06:15:00+00:00,-1,1.000000000000221,TP,False
S2-09,shock_reversion,GBPUSD,2016-05-12 06:45:00+00:00,2016-05-12 07:00:00+00:00,2016-05-12 07:00:00+00:00,1,-0.999999999999897,SL,False
S2-09,shock_reversion,GBPUSD,2016-05-12 11:00:00+00:00,2016-05-12 11:15:00+00:00,2016-05-12 11:15:00+00:00,-1,1.000000000000019,TP,False
S2-09,shock_reversion,GBPUSD,2016-05-13 06:00:00+00:00,2016-05-13 06:15:00+00:00,2016-05-13 06:15:00+00:00,1,-1.0000000000001106,SL,False
S2-09,shock_reversion,GBPUSD,2016-05-13 12:30:00+00:00,2016-05-13 12:45:00+00:00,2016-05-13 12:45:00+00:00,1,-0.999999999999956,SL,False
S2-09,shock_reversion,GBPUSD,2016-05-16 06:00:00+00:00,2016-05-16 06:15:00+00:00,2016-05-16 06:15:00+00:00,-1,0.9999999999998377,TP,False
S2-09,shock_reversion,GBPUSD,2016-05-16 06:45:00+00:00,2016-05-16 07:00:00+00:00,2016-05-16 07:00:00+00:00,1,1.0000000000000573,TP,False
S2-09,shock_reversion,GBPUSD,2016-05-16 23:30:00+00:00,2016-05-16 23:45:00+00:00,2016-05-16 23:45:00+00:00,-1,-1.0,SL,False
S2-09,shock_reversion,GBPUSD,2016-05-17 06:30:00+00:00,2016-05-17 06:45:00+00:00,2016-05-17 07:00:00+00:00,-1,-1.000000000000059,SL,False
S2-09,shock_reversion,GBPUSD,2016-05-18 08:30:00+00:00,2016-05-18 08:45:00+00:00,2016-05-18 09:00:00+00:00,1,-1.0,SL,False
S2-09,shock_reversion,GBPUSD,2016-05-18 11:00:00+00:00,2016-05-18 11:15:00+00:00,2016-05-18 11:45:00+00:00,-1,-1.0000000000000295,SL,False
S2-09,shock_reversion,GBPUSD,2016-05-18 18:00:00+00:00,2016-05-18 18:15:00+00:00,2016-05-18 22:00:00+00:00,1,1.000000000000021,TP,False
S2-09,shock_reversion,GBPUSD,2016-05-19 06:00:00+00:00,2016-05-19 06:15:00+00:00,2016-05-19 06:15:00+00:00,-1,1.000000000000047,TP,False
S2-09,shock_reversion,GBPUSD,2016-05-20 05:45:00+00:00,2016-05-20 06:00:00+00:00,2016-05-20 06:00:00+00:00,-1,-1.0000000000000882,SL,False
S2-09,shock_reversion,GBPUSD,2016-05-20 06:00:00+00:00,2016-05-20 06:15:00+00:00,2016-05-20 06:30:00+00:00,-1,-0.9999999999998471,SL,False
S2-09,shock_reversion,GBPUSD,2016-05-20 06:45:00+00:00,2016-05-20 07:00:00+00:00,2016-05-20 07:00:00+00:00,1,-0.9999999999999525,SL,True
S2-09,shock_reversion,GBPUSD,2016-05-20 07:00:00+00:00,2016-05-20 07:15:00+00:00,2016-05-20 07:15:00+00:00,1,0.9999999999998913,TP,False
S2-09,shock_reversion,GBPUSD,2016-05-23 06:00:00+00:00,2016-05-23 06:15:00+00:00,2016-05-23 06:15:00+00:00,-1,-1.0,SL,False
S2-09,shock_reversion,GBPUSD,2016-05-24 06:00:00+00:00,2016-05-24 06:15:00+00:00,2016-05-24 06:15:00+00:00,-1,1.0,TP,False
S2-09,shock_reversion,GBPUSD,2016-05-24 07:30:00+00:00,2016-05-24 07:45:00+00:00,2016-05-24 07:45:00+00:00,-1,-1.000000000000087,SL,False
S2-09,shock_reversion,GBPUSD,2016-05-24 09:00:00+00:00,2016-05-24 09:15:00+00:00,2016-05-24 09:15:00+00:00,-1,-0.9999999999999658,SL,False
S2-09,shock_reversion,GBPUSD,2016-05-25 06:15:00+00:00,2016-05-25 06:30:00+00:00,2016-05-25 06:30:00+00:00,-1,-0.9999999999998687,SL,False
S2-09,shock_reversion,GBPUSD,2016-05-25 07:45:00+00:00,2016-05-25 08:00:00+00:00,2016-05-25 08:15:00+00:00,-1,1.0000000000000748,TP,False
S2-09,shock_reversion,GBPUSD,2016-05-26 00:15:00+00:00,2016-05-26 00:30:00+00:00,2016-05-26 00:45:00+00:00,1,1.000000000000057,TP,False
S2-09,shock_reversion,GBPUSD,2016-05-26 08:30:00+00:00,2016-05-26 08:45:00+00:00,2016-05-26 09:00:00+00:00,1,1.0000000000000642,TP,False
S2-09,shock_reversion,GBPUSD,2016-05-27 00:45:00+00:00,2016-05-27 01:00:00+00:00,2016-05-27 01:00:00+00:00,-1,-1.0000000000001537,SL,False
S2-09,shock_reversion,GBPUSD,2016-05-27 07:00:00+00:00,2016-05-27 07:15:00+00:00,2016-05-27 07:15:00+00:00,1,0.9999999999999609,TP,False
S2-09,shock_reversion,GBPUSD,2016-05-27 07:30:00+00:00,2016-05-27 07:45:00+00:00,2016-05-27 08:15:00+00:00,-1,0.9999999999999145,TP,False
S2-09,shock_reversion,GBPUSD,2016-05-31 00:00:00+00:00,2016-05-31 00:15:00+00:00,2016-05-31 00:15:00+00:00,-1,-1.000000000000057,SL,False
S2-09,shock_reversion,GBPUSD,2016-05-31 01:15:00+00:00,2016-05-31 01:30:00+00:00,2016-05-31 01:30:00+00:00,-1,-1.0000000000001088,SL,False
S2-09,shock_reversion,GBPUSD,2016-05-31 06:45:00+00:00,2016-05-31 07:00:00+00:00,2016-05-31 07:15:00+00:00,1,-0.9999999999999568,SL,False
S2-09,shock_reversion,GBPUSD,2016-05-31 07:45:00+00:00,2016-05-31 08:00:00+00:00,2016-05-31 08:00:00+00:00,1,-1.00000000000002,SL,False
S2-09,shock_reversion,GBPUSD,2016-05-31 14:30:00+00:00,2016-05-31 14:45:00+00:00,2016-05-31 14:45:00+00:00,1,-1.0000000000000162,SL,False
S2-09,shock_reversion,GBPUSD,2016-06-01 06:30:00+00:00,2016-06-01 06:45:00+00:00,2016-06-01 06:45:00+00:00,1,-0.9999999999999051,SL,False
S2-09,shock_reversion,GBPUSD,2016-06-02 06:00:00+00:00,2016-06-02 06:15:00+00:00,2016-06-02 06:15:00+00:00,1,1.0000000000001665,TP,False
S2-09,shock_reversion,GBPUSD,2016-06-02 06:45:00+00:00,2016-06-02 07:00:00+00:00,2016-06-02 07:00:00+00:00,-1,0.9999999999999588,TP,False
S2-09,shock_reversion,GBPUSD,2016-06-02 08:30:00+00:00,2016-06-02 08:45:00+00:00,2016-06-02 08:45:00+00:00,-1,1.0000000000000202,TP,False
S2-09,shock_reversion,GBPUSD,2016-06-03 07:15:00+00:00,2016-06-03 07:30:00+00:00,2016-06-03 07:30:00+00:00,-1,-0.9999999999999305,SL,False
S2-09,shock_reversion,GBPUSD,2016-06-03 12:30:00+00:00,2016-06-03 12:45:00+00:00,2016-06-03 12:45:00+00:00,-1,-0.9999999999999467,SL,False
S2-09,shock_reversion,GBPUSD,2016-06-05 23:00:00+00:00,2016-06-05 23:15:00+00:00,2016-06-05 23:15:00+00:00,1,-0.9999999999999508,SL,False
S2-09,shock_reversion,GBPUSD,2016-06-06 07:00:00+00:00,2016-06-06 07:15:00+00:00,2016-06-06 07:30:00+00:00,-1,-1.0000000000000455,SL,False
S2-09,shock_reversion,GBPUSD,2016-06-06 09:45:00+00:00,2016-06-06 10:00:00+00:00,2016-06-06 10:00:00+00:00,1,-1.000000000000026,SL,False
S2-09,shock_reversion,GBPUSD,2016-06-06 20:45:00+00:00,2016-06-06 21:00:00+00:00,2016-06-06 21:00:00+00:00,1,-1.0000000000001086,SL,False
S2-09,shock_reversion,GBPUSD,2016-06-07 04:00:00+00:00,2016-06-07 04:15:00+00:00,2016-06-07 04:15:00+00:00,-1,1.000000000000032,TP,False
S2-09,shock_reversion,GBPUSD,2016-06-07 14:15:00+00:00,2016-06-07 14:30:00+00:00,2016-06-07 14:30:00+00:00,1,-0.9999999999999571,SL,False
S2-09,shock_reversion,GBPUSD,2016-06-08 07:45:00+00:00,2016-06-08 08:00:00+00:00,2016-06-08 08:15:00+00:00,1,1.0,TP,False
S2-09,shock_reversion,GBPUSD,2016-06-08 08:30:00+00:00,2016-06-08 08:45:00+00:00,2016-06-08 08:45:00+00:00,-1,0.9999999999999382,TP,False
S2-09,shock_reversion,GBPUSD,2016-06-09 06:15:00+00:00,2016-06-09 06:30:00+00:00,2016-06-09 06:45:00+00:00,-1,-1.0000000000000417,SL,False
S2-09,shock_reversion,GBPUSD,2016-06-09 07:00:00+00:00,2016-06-09 07:15:00+00:00,2016-06-09 07:15:00+00:00,1,-0.9999999999999104,SL,False
S2-09,shock_reversion,GBPUSD,2016-06-10 05:45:00+00:00,2016-06-10 06:00:00+00:00,2016-06-10 06:00:00+00:00,-1,-0.9999999999998367,SL,False
S2-09,shock_reversion,GBPUSD,2016-06-10 06:00:00+00:00,2016-06-10 06:15:00+00:00,2016-06-10 06:15:00+00:00,-1,-1.0000000000001374,SL,False
S2-09,shock_reversion,GBPUSD,2016-06-10 07:00:00+00:00,2016-06-10 07:15:00+00:00,2016-06-10 07:15:00+00:00,1,-1.0000000000000282,SL,True
S2-09,shock_reversion,GBPUSD,2016-06-10 13:30:00+00:00,2016-06-10 13:45:00+00:00,2016-06-10 14:00:00+00:00,1,-0.9999999999999838,SL,False
S2-09,shock_reversion,GBPUSD,2016-06-10 17:30:00+00:00,2016-06-10 17:45:00+00:00,2016-06-10 17:45:00+00:00,1,-1.4783897949478277,FRIDAY,False
S2-09,shock_reversion,GBPUSD,2016-06-10 17:45:00+00:00,2016-06-10 18:00:00+00:00,2016-06-10 18:00:00+00:00,1,-1.111976903017509,FRIDAY,False
S2-09,shock_reversion,GBPUSD,2016-06-12 23:30:00+00:00,2016-06-12 23:45:00+00:00,2016-06-12 23:45:00+00:00,1,-0.9999999999999637,SL,False
S2-09,shock_reversion,GBPUSD,2016-06-13 13:30:00+00:00,2016-06-13 13:45:00+00:00,2016-06-13 13:45:00+00:00,-1,-0.9999999999999603,SL,False
S2-09,shock_reversion,GBPUSD,2016-06-13 16:15:00+00:00,2016-06-13 16:30:00+00:00,2016-06-13 20:15:00+00:00,1,0.39422496984318456,TIME,False
S2-09,shock_reversion,GBPUSD,2016-06-13 20:45:00+00:00,2016-06-13 21:00:00+00:00,2016-06-13 21:00:00+00:00,-1,0.9999999999999365,TP,False
S2-09,shock_reversion,GBPUSD,2016-06-14 05:45:00+00:00,2016-06-14 06:00:00+00:00,2016-06-14 06:00:00+00:00,1,1.0,TP,False
S2-09,shock_reversion,GBPUSD,2016-06-15 06:00:00+00:00,2016-06-15 06:15:00+00:00,2016-06-15 06:15:00+00:00,-1,-1.0000000000000806,SL,False
S2-09,shock_reversion,GBPUSD,2016-06-15 18:15:00+00:00,2016-06-15 18:30:00+00:00,2016-06-15 18:30:00+00:00,-1,1.0000000000000593,TP,False
S2-09,shock_reversion,GBPUSD,2016-06-16 02:45:00+00:00,2016-06-16 03:00:00+00:00,2016-06-16 03:00:00+00:00,1,0.9999999999998558,TP,False
S2-09,shock_reversion,GBPUSD,2016-06-16 06:45:00+00:00,2016-06-16 07:00:00+00:00,2016-06-16 07:15:00+00:00,1,0.9999999999999286,TP,False
S2-09,shock_reversion,GBPUSD,2016-06-16 07:45:00+00:00,2016-06-16 08:00:00+00:00,2016-06-16 08:00:00+00:00,1,-1.0000000000000162,SL,False
S2-09,shock_reversion,GBPUSD,2016-06-16 23:45:00+00:00,2016-06-17 00:00:00+00:00,2016-06-17 00:00:00+00:00,-1,0.9999999999999745,TP,False
S2-09,shock_reversion,GBPUSD,2016-06-19 21:00:00+00:00,2016-06-19 21:15:00+00:00,2016-06-19 21:45:00+00:00,-1,1.000000000000036,TP,False
S2-09,shock_reversion,GBPUSD,2016-06-19 23:45:00+00:00,2016-06-20 00:00:00+00:00,2016-06-20 00:00:00+00:00,-1,1.0000000000000286,TP,False
S2-09,shock_reversion,GBPUSD,2016-06-20 08:15:00+00:00,2016-06-20 08:30:00+00:00,2016-06-20 09:00:00+00:00,-1,0.9999999999999616,TP,False
S2-09,shock_reversion,GBPUSD,2016-06-20 17:00:00+00:00,2016-06-20 17:15:00+00:00,2016-06-20 17:15:00+00:00,1,0.9999999999999771,TP,False
S2-09,shock_reversion,GBPUSD,2016-06-20 20:45:00+00:00,2016-06-20 21:00:00+00:00,2016-06-20 21:00:00+00:00,-1,1.0000000000000326,TP,False
S2-09,shock_reversion,GBPUSD,2016-06-20 21:00:00+00:00,2016-06-20 21:15:00+00:00,2016-06-20 22:00:00+00:00,1,1.0,TP,False
S2-09,shock_reversion,GBPUSD,2016-06-21 05:30:00+00:00,2016-06-21 05:45:00+00:00,2016-06-21 05:45:00+00:00,-1,1.0000000000000462,TP,False
S2-09,shock_reversion,GBPUSD,2016-06-21 12:30:00+00:00,2016-06-21 12:45:00+00:00,2016-06-21 13:00:00+00:00,1,0.9999999999999599,TP,False
S2-09,shock_reversion,GBPUSD,2016-06-21 21:15:00+00:00,2016-06-21 21:30:00+00:00,2016-06-22 01:15:00+00:00,-1,-1.0,SL,False
S2-09,shock_reversion,GBPUSD,2016-06-22 07:15:00+00:00,2016-06-22 07:30:00+00:00,2016-06-22 07:30:00+00:00,-1,0.9999999999999717,TP,False
S2-09,shock_reversion,GBPUSD,2016-06-22 21:00:00+00:00,2016-06-22 21:15:00+00:00,2016-06-22 21:15:00+00:00,-1,-1.0000000000000249,SL,False
S2-09,shock_reversion,GBPUSD,2016-06-22 21:15:00+00:00,2016-06-22 21:30:00+00:00,2016-06-22 21:30:00+00:00,-1,-0.9999999999999891,SL,True
S2-09,shock_reversion,GBPUSD,2016-06-23 06:00:00+00:00,2016-06-23 06:15:00+00:00,2016-06-23 06:15:00+00:00,1,-0.9999999999999333,SL,True
S2-09,shock_reversion,GBPUSD,2016-06-23 21:00:00+00:00,2016-06-23 21:15:00+00:00,2016-06-23 21:15:00+00:00,-1,1.0000000000000162,TP,False
S2-09,shock_reversion,GBPUSD,2016-06-23 23:15:00+00:00,2016-06-23 23:30:00+00:00,2016-06-23 23:30:00+00:00,1,-0.9999999999999967,SL,True
S2-09,shock_reversion,GBPUSD,2016-06-23 23:30:00+00:00,2016-06-23 23:45:00+00:00,2016-06-24 00:45:00+00:00,1,-0.9999999999999972,SL,False
S2-09,shock_reversion,GBPUSD,2016-06-24 01:00:00+00:00,2016-06-24 01:15:00+00:00,2016-06-24 01:15:00+00:00,1,1.000000000000002,TP,False
S2-09,shock_reversion,GBPUSD,2016-06-27 06:15:00+00:00,2016-06-27 06:30:00+00:00,2016-06-27 06:45:00+00:00,-1,1.0000000000000329,TP,False
S2-09,shock_reversion,GBPUSD,2016-06-28 01:15:00+00:00,2016-06-28 01:30:00+00:00,2016-06-28 01:30:00+00:00,-1,-1.0,SL,False
S2-09,shock_reversion,GBPUSD,2016-06-28 01:45:00+00:00,2016-06-28 02:00:00+00:00,2016-06-28 02:15:00+00:00,-1,-1.000000000000019,SL,False
S2-09,shock_reversion,GBPUSD,2016-06-29 05:45:00+00:00,2016-06-29 06:00:00+00:00,2016-06-29 06:15:00+00:00,1,0.9999999999999463,TP,False
S2-09,shock_reversion,GBPUSD,2016-06-29 07:00:00+00:00,2016-06-29 07:15:00+00:00,2016-06-29 07:15:00+00:00,-1,-0.9999999999999533,SL,False
S2-09,shock_reversion,GBPUSD,2016-06-30 15:00:00+00:00,2016-06-30 15:15:00+00:00,2016-06-30 16:00:00+00:00,1,-1.0000000000000073,SL,False
S2-09,shock_reversion,GBPUSD,2016-07-04 06:45:00+00:00,2016-07-04 07:00:00+00:00,2016-07-04 07:00:00+00:00,1,1.0000000000000764,TP,False
S2-09,shock_reversion,GBPUSD,2016-07-04 15:15:00+00:00,2016-07-04 15:30:00+00:00,2016-07-04 15:45:00+00:00,-1,1.000000000000042,TP,False
S2-09,shock_reversion,GBPUSD,2016-07-05 06:00:00+00:00,2016-07-05 06:15:00+00:00,2016-07-05 06:30:00+00:00,1,-1.0000000000000322,SL,False
S2-09,shock_reversion,GBPUSD,2016-07-05 06:45:00+00:00,2016-07-05 07:00:00+00:00,2016-07-05 07:00:00+00:00,1,-1.0,SL,False
S2-09,shock_reversion,GBPUSD,2016-07-05 23:00:00+00:00,2016-07-05 23:15:00+00:00,2016-07-05 23:15:00+00:00,1,-0.9999999999999518,SL,False
S2-09,shock_reversion,GBPUSD,2016-07-06 01:45:00+00:00,2016-07-06 02:00:00+00:00,2016-07-06 02:00:00+00:00,1,-1.0000000000000258,SL,False
S2-09,shock_reversion,GBPUSD,2016-07-06 02:00:00+00:00,2016-07-06 02:15:00+00:00,2016-07-06 02:15:00+00:00,1,1.0000000000000322,TP,False
S2-09,shock_reversion,GBPUSD,2016-07-06 22:30:00+00:00,2016-07-06 22:45:00+00:00,2016-07-06 23:00:00+00:00,1,-1.0000000000000306,SL,False
S2-09,shock_reversion,GBPUSD,2016-07-07 04:00:00+00:00,2016-07-07 04:15:00+00:00,2016-07-07 04:15:00+00:00,-1,0.9999999999999283,TP,False
S2-09,shock_reversion,GBPUSD,2016-07-08 05:45:00+00:00,2016-07-08 06:00:00+00:00,2016-07-08 06:15:00+00:00,-1,1.000000000000103,TP,False
S2-09,shock_reversion,GBPUSD,2016-07-08 12:30:00+00:00,2016-07-08 12:45:00+00:00,2016-07-08 12:45:00+00:00,1,-1.0000000000000167,SL,True
S2-09,shock_reversion,GBPUSD,2016-07-08 13:00:00+00:00,2016-07-08 13:15:00+00:00,2016-07-08 13:15:00+00:00,-1,1.0000000000000249,TP,False
S2-09,shock_reversion,GBPUSD,2016-07-11 06:30:00+00:00,2016-07-11 06:45:00+00:00,2016-07-11 06:45:00+00:00,1,0.999999999999953,TP,False
S2-09,shock_reversion,GBPUSD,2016-07-11 10:30:00+00:00,2016-07-11 10:45:00+00:00,2016-07-11 10:45:00+00:00,-1,-1.0000000000000258,SL,False
S2-09,shock_reversion,GBPUSD,2016-07-11 10:45:00+00:00,2016-07-11 11:00:00+00:00,2016-07-11 11:30:00+00:00,-1,-1.000000000000011,SL,False
S2-09,shock_reversion,GBPUSD,2016-07-12 00:45:00+00:00,2016-07-12 01:00:00+00:00,2016-07-12 01:15:00+00:00,-1,-0.9999999999999516,SL,False
S2-09,shock_reversion,GBPUSD,2016-07-12 01:45:00+00:00,2016-07-12 02:00:00+00:00,2016-07-12 02:15:00+00:00,-1,-0.9999999999999654,SL,False
S2-09,shock_reversion,GBPUSD,2016-07-12 07:00:00+00:00,2016-07-12 07:15:00+00:00,2016-07-12 07:15:00+00:00,-1,-1.0,SL,False
S2-09,shock_reversion,GBPUSD,2016-07-12 23:15:00+00:00,2016-07-12 23:30:00+00:00,2016-07-12 23:30:00+00:00,-1,-1.0,SL,False
S2-09,shock_reversion,GBPUSD,2016-07-13 00:00:00+00:00,2016-07-13 00:15:00+00:00,2016-07-13 00:15:00+00:00,1,1.0,TP,False
S2-09,shock_reversion,GBPUSD,2016-07-14 06:00:00+00:00,2016-07-14 06:15:00+00:00,2016-07-14 06:30:00+00:00,-1,1.0000000000000266,TP,False
S2-09,shock_reversion,GBPUSD,2016-07-14 11:00:00+00:00,2016-07-14 11:15:00+00:00,2016-07-14 11:15:00+00:00,-1,-0.9999999999999839,SL,False
S2-09,shock_reversion,GBPUSD,2016-07-15 00:00:00+00:00,2016-07-15 00:15:00+00:00,2016-07-15 00:15:00+00:00,-1,-1.0000000000000326,SL,False
S2-09,shock_reversion,GBPUSD,2016-07-15 04:45:00+00:00,2016-07-15 05:00:00+00:00,2016-07-15 05:00:00+00:00,1,-0.999999999999971,SL,False
S2-09,shock_reversion,GBPUSD,2016-07-15 20:30:00+00:00,2016-07-15 20:45:00+00:00,2016-07-15 20:45:00+00:00,1,0.025207193455804102,FRIDAY,False
S2-09,shock_reversion,GBPUSD,2016-07-18 22:00:00+00:00,2016-07-18 22:15:00+00:00,2016-07-18 22:30:00+00:00,-1,1.0000000000001161,TP,False
S2-09,shock_reversion,GBPUSD,2016-07-19 01:45:00+00:00,2016-07-19 02:00:00+00:00,2016-07-19 03:30:00+00:00,1,1.000000000000081,TP,False
S2-09,shock_reversion,GBPUSD,2016-07-20 08:30:00+00:00,2016-07-20 08:45:00+00:00,2016-07-20 09:15:00+00:00,-1,-1.00000000000003,SL,False
S2-09,shock_reversion,GBPUSD,2016-07-20 19:00:00+00:00,2016-07-20 19:15:00+00:00,2016-07-20 19:15:00+00:00,-1,-1.0000000000000198,SL,False
S2-09,shock_reversion,GBPUSD,2016-07-21 08:30:00+00:00,2016-07-21 08:45:00+00:00,2016-07-21 09:15:00+00:00,1,0.999999999999961,TP,False
S2-09,shock_reversion,GBPUSD,2016-07-22 06:00:00+00:00,2016-07-22 06:15:00+00:00,2016-07-22 06:30:00+00:00,-1,0.9999999999999029,TP,False
S2-09,shock_reversion,GBPUSD,2016-07-22 08:30:00+00:00,2016-07-22 08:45:00+00:00,2016-07-22 09:15:00+00:00,1,-1.000000000000025,SL,False
S2-09,shock_reversion,GBPUSD,2016-07-25 07:00:00+00:00,2016-07-25 07:15:00+00:00,2016-07-25 07:15:00+00:00,-1,-0.9999999999999383,SL,True
S2-09,shock_reversion,GBPUSD,2016-07-25 22:30:00+00:00,2016-07-25 22:45:00+00:00,2016-07-25 22:45:00+00:00,1,-0.9999999999999534,SL,True
S2-09,shock_reversion,GBPUSD,2016-07-26 06:15:00+00:00,2016-07-26 06:30:00+00:00,2016-07-26 06:30:00+00:00,1,-1.0000000000000293,SL,False
S2-09,shock_reversion,GBPUSD,2016-07-27 15:30:00+00:00,2016-07-27 15:45:00+00:00,2016-07-27 16:00:00+00:00,1,1.0,TP,False
S2-09,shock_reversion,GBPUSD,2016-07-27 18:00:00+00:00,2016-07-27 18:15:00+00:00,2016-07-27 18:15:00+00:00,-1,-1.000000000000044,SL,False
S2-09,shock_reversion,GBPUSD,2016-07-28 04:30:00+00:00,2016-07-28 04:45:00+00:00,2016-07-28 04:45:00+00:00,1,-1.0000000000000353,SL,False
S2-09,shock_reversion,GBPUSD,2016-07-29 02:30:00+00:00,2016-07-29 02:45:00+00:00,2016-07-29 03:30:00+00:00,-1,-1.0000000000000293,SL,False
S2-09,shock_reversion,GBPUSD,2016-08-02 04:30:00+00:00,2016-08-02 04:45:00+00:00,2016-08-02 04:45:00+00:00,-1,-1.000000000000187,SL,False
S2-09,shock_reversion,GBPUSD,2016-08-04 00:00:00+00:00,2016-08-04 00:15:00+00:00,2016-08-04 00:15:00+00:00,-1,-1.0,SL,False
S2-09,shock_reversion,GBPUSD,2016-08-04 06:30:00+00:00,2016-08-04 06:45:00+00:00,2016-08-04 07:15:00+00:00,1,0.9999999999998916,TP,False
S2-09,shock_reversion,GBPUSD,2016-08-04 10:45:00+00:00,2016-08-04 11:00:00+00:00,2016-08-04 11:00:00+00:00,1,-0.9999999999999853,SL,True
S2-09,shock_reversion,GBPUSD,2016-08-04 11:00:00+00:00,2016-08-04 11:15:00+00:00,2016-08-04 11:30:00+00:00,1,-0.9999999999999905,SL,False
S2-09,shock_reversion,GBPUSD,2016-08-05 05:30:00+00:00,2016-08-05 05:45:00+00:00,2016-08-05 05:45:00+00:00,1,0.9999999999998188,TP,False
S2-09,shock_reversion,GBPUSD,2016-08-05 12:30:00+00:00,2016-08-05 12:45:00+00:00,2016-08-05 12:45:00+00:00,1,-0.9999999999999499,SL,False
S2-09,shock_reversion,GBPUSD,2016-08-05 12:45:00+00:00,2016-08-05 13:00:00+00:00,2016-08-05 13:00:00+00:00,1,-0.9999999999999585,SL,False
S2-09,shock_reversion,GBPUSD,2016-08-08 06:15:00+00:00,2016-08-08 06:30:00+00:00,2016-08-08 06:30:00+00:00,1,-0.9999999999999226,SL,False
S2-09,shock_reversion,GBPUSD,2016-08-08 06:30:00+00:00,2016-08-08 06:45:00+00:00,2016-08-08 06:45:00+00:00,1,-1.000000000000111,SL,False
S2-09,shock_reversion,GBPUSD,2016-08-09 00:45:00+00:00,2016-08-09 01:00:00+00:00,2016-08-09 01:15:00+00:00,1,-1.0000000000000504,SL,False
S2-09,shock_reversion,GBPUSD,2016-08-09 14:00:00+00:00,2016-08-09 14:15:00+00:00,2016-08-09 14:15:00+00:00,-1,-1.0000000000000495,SL,False
S2-09,shock_reversion,GBPUSD,2016-08-10 00:00:00+00:00,2016-08-10 00:15:00+00:00,2016-08-10 00:15:00+00:00,-1,-0.9999999999998652,SL,False
S2-09,shock_reversion,GBPUSD,2016-08-10 00:15:00+00:00,2016-08-10 00:30:00+00:00,2016-08-10 00:30:00+00:00,-1,1.0000000000000655,TP,False
S2-09,shock_reversion,GBPUSD,2016-08-11 07:15:00+00:00,2016-08-11 07:30:00+00:00,2016-08-11 07:45:00+00:00,1,-1.0000000000000295,SL,False
S2-09,shock_reversion,GBPUSD,2016-08-12 06:00:00+00:00,2016-08-12 06:15:00+00:00,2016-08-12 06:15:00+00:00,1,-1.00000000000007,SL,True
S2-09,shock_reversion,GBPUSD,2016-08-12 06:15:00+00:00,2016-08-12 06:30:00+00:00,2016-08-12 06:30:00+00:00,1,-1.0,SL,False
S2-09,shock_reversion,GBPUSD,2016-08-12 12:30:00+00:00,2016-08-12 12:45:00+00:00,2016-08-12 12:45:00+00:00,-1,-0.9999999999999335,SL,True
S2-09,shock_reversion,GBPUSD,2016-08-16 02:30:00+00:00,2016-08-16 02:45:00+00:00,2016-08-16 02:45:00+00:00,-1,-1.0000000000001408,SL,False
S2-09,shock_reversion,GBPUSD,2016-08-16 08:30:00+00:00,2016-08-16 08:45:00+00:00,2016-08-16 09:45:00+00:00,-1,-0.9999999999999669,SL,False
S2-09,shock_reversion,GBPUSD,2016-08-16 12:30:00+00:00,2016-08-16 12:45:00+00:00,2016-08-16 13:00:00+00:00,1,0.9999999999999831,TP,False
S2-09,shock_reversion,GBPUSD,2016-08-16 22:30:00+00:00,2016-08-16 22:45:00+00:00,2016-08-16 22:45:00+00:00,-1,1.0,TP,False
S2-09,shock_reversion,GBPUSD,2016-08-17 08:30:00+00:00,2016-08-17 08:45:00+00:00,2016-08-17 08:45:00+00:00,1,-1.0,SL,False
S2-09,shock_reversion,GBPUSD,2016-08-17 18:00:00+00:00,2016-08-17 18:15:00+00:00,2016-08-17 18:15:00+00:00,-1,1.0000000000000528,TP,False
S2-09,shock_reversion,GBPUSD,2016-08-18 00:00:00+00:00,2016-08-18 00:15:00+00:00,2016-08-18 00:15:00+00:00,-1,-1.0000000000001572,SL,False
S2-09,shock_reversion,GBPUSD,2016-08-18 08:30:00+00:00,2016-08-18 08:45:00+00:00,2016-08-18 12:30:00+00:00,-1,0.598430194616533,TIME,False
S2-09,shock_reversion,GBPUSD,2016-08-18 22:00:00+00:00,2016-08-18 22:15:00+00:00,2016-08-18 22:15:00+00:00,-1,1.0000000000000369,TP,False
S2-09,shock_reversion,GBPUSD,2016-08-19 06:45:00+00:00,2016-08-19 07:00:00+00:00,2016-08-19 07:00:00+00:00,-1,0.9999999999998954,TP,False
S2-09,shock_reversion,GBPUSD,2016-08-19 07:00:00+00:00,2016-08-19 07:15:00+00:00,2016-08-19 07:15:00+00:00,1,-0.9999999999999192,SL,False
S2-09,shock_reversion,GBPUSD,2016-08-19 13:15:00+00:00,2016-08-19 13:30:00+00:00,2016-08-19 14:00:00+00:00,1,0.9999999999999833,TP,False
S2-09,shock_reversion,GBPUSD,2016-08-22 14:30:00+00:00,2016-08-22 14:45:00+00:00,2016-08-22 15:00:00+00:00,-1,-0.9999999999999347,SL,False
S2-09,shock_reversion,GBPUSD,2016-08-23 00:00:00+00:00,2016-08-23 00:15:00+00:00,2016-08-23 00:15:00+00:00,-1,-1.000000000000201,SL,False
S2-09,shock_reversion,GBPUSD,2016-08-23 07:00:00+00:00,2016-08-23 07:15:00+00:00,2016-08-23 07:15:00+00:00,-1,-1.0000000000000309,SL,False
S2-09,shock_reversion,GBPUSD,2016-08-24 06:00:00+00:00,2016-08-24 06:15:00+00:00,2016-08-24 06:15:00+00:00,1,0.9999999999999424,TP,False
S2-09,shock_reversion,GBPUSD,2016-08-24 08:15:00+00:00,2016-08-24 08:30:00+00:00,2016-08-24 08:30:00+00:00,-1,-0.9999999999999496,SL,False
S2-09,shock_reversion,GBPUSD,2016-08-25 00:45:00+00:00,2016-08-25 01:00:00+00:00,2016-08-25 01:00:00+00:00,-1,1.0000000000001439,TP,False
S2-09,shock_reversion,GBPUSD,2016-08-25 06:30:00+00:00,2016-08-25 06:45:00+00:00,2016-08-25 06:45:00+00:00,1,0.9999999999998987,TP,False
S2-09,shock_reversion,GBPUSD,2016-08-26 00:00:00+00:00,2016-08-26 00:15:00+00:00,2016-08-26 00:30:00+00:00,-1,-1.0000000000002285,SL,False
S2-09,shock_reversion,GBPUSD,2016-08-26 05:45:00+00:00,2016-08-26 06:00:00+00:00,2016-08-26 06:00:00+00:00,-1,-1.0,SL,True
S2-09,shock_reversion,GBPUSD,2016-08-26 07:00:00+00:00,2016-08-26 07:15:00+00:00,2016-08-26 07:45:00+00:00,-1,0.999999999999918,TP,False
S2-09,shock_reversion,GBPUSD,2016-08-26 14:00:00+00:00,2016-08-26 14:15:00+00:00,2016-08-26 14:15:00+00:00,-1,-0.9999999999999832,SL,False
S2-09,shock_reversion,GBPUSD,2016-08-29 23:30:00+00:00,2016-08-29 23:45:00+00:00,2016-08-29 23:45:00+00:00,-1,0.999999999999941,TP,False
S2-09,shock_reversion,GBPUSD,2016-08-31 00:30:00+00:00,2016-08-31 00:45:00+00:00,2016-08-31 00:45:00+00:00,1,-1.0000000000001852,SL,False
S2-09,shock_reversion,GBPUSD,2016-08-31 02:00:00+00:00,2016-08-31 02:15:00+00:00,2016-08-31 02:15:00+00:00,-1,-0.9999999999998883,SL,False
S2-09,shock_reversion,GBPUSD,2016-08-31 08:00:00+00:00,2016-08-31 08:15:00+00:00,2016-08-31 08:15:00+00:00,-1,-1.0000000000000864,SL,False
S2-09,shock_reversion,GBPUSD,2016-09-01 08:30:00+00:00,2016-09-01 08:45:00+00:00,2016-09-01 12:30:00+00:00,-1,-0.43695245642604147,TIME,False
S2-09,shock_reversion,GBPUSD,2016-09-01 14:00:00+00:00,2016-09-01 14:15:00+00:00,2016-09-01 15:45:00+00:00,-1,0.9999999999999796,TP,False
S2-09,shock_reversion,GBPUSD,2016-09-02 06:00:00+00:00,2016-09-02 06:15:00+00:00,2016-09-02 06:30:00+00:00,1,-0.999999999999946,SL,False
S2-09,shock_reversion,GBPUSD,2016-09-02 08:30:00+00:00,2016-09-02 08:45:00+00:00,2016-09-02 09:00:00+00:00,1,0.9999999999999085,TP,False
S2-09,shock_reversion,GBPUSD,2016-09-02 12:15:00+00:00,2016-09-02 12:30:00+00:00,2016-09-02 12:30:00+00:00,-1,-1.000000000000022,SL,False
S2-09,shock_reversion,GBPUSD,2016-09-02 12:30:00+00:00,2016-09-02 12:45:00+00:00,2016-09-02 12:45:00+00:00,-1,1.0000000000000164,TP,False
S2-09,shock_reversion,GBPUSD,2016-09-05 08:30:00+00:00,2016-09-05 08:45:00+00:00,2016-09-05 09:00:00+00:00,-1,0.9999999999999792,TP,False
S2-09,shock_reversion,GBPUSD,2016-09-05 23:45:00+00:00,2016-09-06 00:00:00+00:00,2016-09-06 00:00:00+00:00,-1,-0.9999999999999294,SL,False
S2-09,shock_reversion,GBPUSD,2016-09-06 06:30:00+00:00,2016-09-06 06:45:00+00:00,2016-09-06 06:45:00+00:00,-1,-1.0000000000001321,SL,False
S2-09,shock_reversion,GBPUSD,2016-09-06 06:45:00+00:00,2016-09-06 07:00:00+00:00,2016-09-06 07:00:00+00:00,-1,0.9999999999998477,TP,False
S2-09,shock_reversion,GBPUSD,2016-09-06 13:45:00+00:00,2016-09-06 14:00:00+00:00,2016-09-06 14:00:00+00:00,-1,-1.0,SL,False
S2-09,shock_reversion,GBPUSD,2016-09-07 07:00:00+00:00,2016-09-07 07:15:00+00:00,2016-09-07 07:15:00+00:00,1,0.9999999999999135,TP,False
S2-09,shock_reversion,GBPUSD,2016-09-07 08:30:00+00:00,2016-09-07 08:45:00+00:00,2016-09-07 09:15:00+00:00,1,-0.9999999999999237,SL,False
S2-09,shock_reversion,GBPUSD,2016-09-08 06:00:00+00:00,2016-09-08 06:15:00+00:00,2016-09-08 06:15:00+00:00,1,-1.0000000000001397,SL,False
S2-09,shock_reversion,GBPUSD,2016-09-08 06:15:00+00:00,2016-09-08 06:30:00+00:00,2016-09-08 06:30:00+00:00,1,0.9999999999998123,TP,False
S2-09,shock_reversion,GBPUSD,2016-09-08 12:45:00+00:00,2016-09-08 13:00:00+00:00,2016-09-08 13:00:00+00:00,1,-0.9999999999999618,SL,False
S2-09,shock_reversion,GBPUSD,2016-09-13 05:45:00+00:00,2016-09-13 06:00:00+00:00,2016-09-13 06:00:00+00:00,1,-0.9999999999999292,SL,False
S2-09,shock_reversion,GBPUSD,2016-09-13 06:00:00+00:00,2016-09-13 06:15:00+00:00,2016-09-13 06:15:00+00:00,1,0.9999999999998777,TP,False
S2-09,shock_reversion,GBPUSD,2016-09-14 07:30:00+00:00,2016-09-14 07:45:00+00:00,2016-09-14 07:45:00+00:00,1,-1.0,SL,False
S2-09,shock_reversion,GBPUSD,2016-09-14 13:45:00+00:00,2016-09-14 14:00:00+00:00,2016-09-14 14:00:00+00:00,1,1.000000000000078,TP,False
S2-09,shock_reversion,GBPUSD,2016-09-14 22:15:00+00:00,2016-09-14 22:30:00+00:00,2016-09-14 22:30:00+00:00,-1,-1.0,SL,False
S2-09,shock_reversion,GBPUSD,2016-09-14 22:30:00+00:00,2016-09-14 22:45:00+00:00,2016-09-14 22:45:00+00:00,-1,0.9999999999998723,TP,False
S2-09,shock_reversion,GBPUSD,2016-09-15 06:30:00+00:00,2016-09-15 06:45:00+00:00,2016-09-15 06:45:00+00:00,1,-1.000000000000132,SL,False
S2-09,shock_reversion,GBPUSD,2016-09-16 00:00:00+00:00,2016-09-16 00:15:00+00:00,2016-09-16 00:45:00+00:00,1,-1.0,SL,False
S2-09,shock_reversion,GBPUSD,2016-09-16 06:30:00+00:00,2016-09-16 06:45:00+00:00,2016-09-16 06:45:00+00:00,-1,0.9999999999997886,TP,False
S2-09,shock_reversion,GBPUSD,2016-09-16 07:00:00+00:00,2016-09-16 07:15:00+00:00,2016-09-16 07:15:00+00:00,1,-1.0000000000000502,SL,False
S2-09,shock_reversion,GBPUSD,2016-09-16 07:30:00+00:00,2016-09-16 07:45:00+00:00,2016-09-16 08:15:00+00:00,1,1.0000000000000757,TP,False
S2-09,shock_reversion,GBPUSD,2016-09-20 06:45:00+00:00,2016-09-20 07:00:00+00:00,2016-09-20 07:00:00+00:00,-1,-1.0000000000001585,SL,True
S2-09,shock_reversion,GBPUSD,2016-09-20 08:15:00+00:00,2016-09-20 08:30:00+00:00,2016-09-20 09:00:00+00:00,1,1.0,TP,False
S2-09,shock_reversion,GBPUSD,2016-09-21 00:45:00+00:00,2016-09-21 01:00:00+00:00,2016-09-21 02:00:00+00:00,-1,-1.0,SL,False
S2-09,shock_reversion,GBPUSD,2016-09-21 18:00:00+00:00,2016-09-21 18:15:00+00:00,2016-09-21 18:15:00+00:00,-1,-0.9999999999999802,SL,True
S2-09,shock_reversion,GBPUSD,2016-09-21 18:30:00+00:00,2016-09-21 18:45:00+00:00,2016-09-21 19:15:00+00:00,-1,-1.000000000000014,SL,False
S2-09,shock_reversion,GBPUSD,2016-09-22 06:00:00+00:00,2016-09-22 06:15:00+00:00,2016-09-22 06:30:00+00:00,-1,0.9999999999998798,TP,False
S2-09,shock_reversion,GBPUSD,2016-09-23 07:30:00+00:00,2016-09-23 07:45:00+00:00,2016-09-23 07:45:00+00:00,1,1.0,TP,False
S2-09,shock_reversion,GBPUSD,2016-09-23 13:00:00+00:00,2016-09-23 13:15:00+00:00,2016-09-23 13:30:00+00:00,1,1.0000000000000422,TP,False
S2-09,shock_reversion,GBPUSD,2016-09-26 06:15:00+00:00,2016-09-26 06:30:00+00:00,2016-09-26 06:30:00+00:00,1,-0.9999999999999462,SL,False
S2-09,shock_reversion,GBPUSD,2016-09-26 06:30:00+00:00,2016-09-26 06:45:00+00:00,2016-09-26 06:45:00+00:00,1,0.9999999999999145,TP,False
S2-09,shock_reversion,GBPUSD,2016-09-27 00:00:00+00:00,2016-09-27 00:15:00+00:00,2016-09-27 00:15:00+00:00,1,0.9999999999997715,TP,False
S2-09,shock_reversion,GBPUSD,2016-09-27 01:30:00+00:00,2016-09-27 01:45:00+00:00,2016-09-27 01:45:00+00:00,-1,-1.0000000000000906,SL,False
S2-09,shock_reversion,GBPUSD,2016-09-27 07:00:00+00:00,2016-09-27 07:15:00+00:00,2016-09-27 07:15:00+00:00,-1,1.0000000000000597,TP,False
S2-09,shock_reversion,GBPUSD,2016-09-28 06:30:00+00:00,2016-09-28 06:45:00+00:00,2016-09-28 06:45:00+00:00,-1,1.0000000000001443,TP,False
S2-09,shock_reversion,GBPUSD,2016-09-28 23:00:00+00:00,2016-09-28 23:15:00+00:00,2016-09-29 00:45:00+00:00,-1,-0.999999999999867,SL,False
S2-09,shock_reversion,GBPUSD,2016-09-29 14:45:00+00:00,2016-09-29 15:00:00+00:00,2016-09-29 15:00:00+00:00,1,-1.0000000000000437,SL,False
S2-09,shock_reversion,GBPUSD,2016-09-30 08:30:00+00:00,2016-09-30 08:45:00+00:00,2016-09-30 08:45:00+00:00,-1,0.9999999999999777,TP,False
S2-09,shock_reversion,GBPUSD,2016-10-03 06:30:00+00:00,2016-10-03 06:45:00+00:00,2016-10-03 06:45:00+00:00,1,-0.9999999999999626,SL,False
S2-09,shock_reversion,GBPUSD,2016-10-03 07:00:00+00:00,2016-10-03 07:15:00+00:00,2016-10-03 07:15:00+00:00,1,-1.0000000000000282,SL,False
S2-09,shock_reversion,GBPUSD,2016-10-04 06:15:00+00:00,2016-10-04 06:30:00+00:00,2016-10-04 06:30:00+00:00,1,-1.0,SL,False
S2-09,shock_reversion,GBPUSD,2016-10-04 06:45:00+00:00,2016-10-04 07:00:00+00:00,2016-10-04 07:00:00+00:00,1,-0.9999999999999731,SL,False
S2-09,shock_reversion,GBPUSD,2016-10-05 06:15:00+00:00,2016-10-05 06:30:00+00:00,2016-10-05 06:30:00+00:00,1,-0.9999999999999609,SL,False
S2-09,shock_reversion,GBPUSD,2016-10-05 06:30:00+00:00,2016-10-05 06:45:00+00:00,2016-10-05 06:45:00+00:00,1,1.0000000000000684,TP,False
S2-09,shock_reversion,GBPUSD,2016-10-06 06:00:00+00:00,2016-10-06 06:15:00+00:00,2016-10-06 06:15:00+00:00,1,1.0000000000000953,TP,False
S2-09,shock_reversion,GBPUSD,2016-10-06 23:00:00+00:00,2016-10-06 23:15:00+00:00,2016-10-06 23:15:00+00:00,1,-0.9999999999999942,SL,True
S2-09,shock_reversion,GBPUSD,2016-10-07 10:00:00+00:00,2016-10-07 10:15:00+00:00,2016-10-07 10:15:00+00:00,1,0.9999999999999725,TP,False
S2-09,shock_reversion,GBPUSD,2016-10-10 23:45:00+00:00,2016-10-11 00:00:00+00:00,2016-10-11 00:00:00+00:00,1,-1.0000000000001734,SL,False
S2-09,shock_reversion,GBPUSD,2016-10-11 06:45:00+00:00,2016-10-11 07:00:00+00:00,2016-10-11 07:00:00+00:00,1,-0.9999999999999707,SL,False
S2-09,shock_reversion,GBPUSD,2016-10-11 22:30:00+00:00,2016-10-11 22:45:00+00:00,2016-10-11 22:45:00+00:00,-1,-1.0000000000000542,SL,True
S2-09,shock_reversion,GBPUSD,2016-10-11 22:45:00+00:00,2016-10-11 23:00:00+00:00,2016-10-11 23:00:00+00:00,-1,1.000000000000014,TP,False
S2-09,shock_reversion,GBPUSD,2016-10-13 06:00:00+00:00,2016-10-13 06:15:00+00:00,2016-10-13 06:30:00+00:00,1,-1.0,SL,False
S2-09,shock_reversion,GBPUSD,2016-10-13 23:45:00+00:00,2016-10-14 00:00:00+00:00,2016-10-14 00:00:00+00:00,1,-0.9999999999999563,SL,False
S2-09,shock_reversion,GBPUSD,2016-10-14 04:30:00+00:00,2016-10-14 04:45:00+00:00,2016-10-14 05:15:00+00:00,1,-1.0,SL,False
S2-09,shock_reversion,GBPUSD,2016-10-17 15:00:00+00:00,2016-10-17 15:15:00+00:00,2016-10-17 15:15:00+00:00,-1,-1.000000000000044,SL,False
S2-09,shock_reversion,GBPUSD,2016-10-17 23:30:00+00:00,2016-10-17 23:45:00+00:00,2016-10-17 23:45:00+00:00,-1,-1.000000000000081,SL,True
S2-09,shock_reversion,GBPUSD,2016-10-18 09:45:00+00:00,2016-10-18 10:00:00+00:00,2016-10-18 10:00:00+00:00,-1,1.0000000000000497,TP,False
S2-09,shock_reversion,GBPUSD,2016-10-19 00:45:00+00:00,2016-10-19 01:00:00+00:00,2016-10-19 01:30:00+00:00,1,-0.9999999999999241,SL,False
S2-09,shock_reversion,GBPUSD,2016-10-20 12:30:00+00:00,2016-10-20 12:45:00+00:00,2016-10-20 12:45:00+00:00,1,1.0000000000000482,TP,False
S2-09,shock_reversion,GBPUSD,2016-10-21 06:00:00+00:00,2016-10-21 06:15:00+00:00,2016-10-21 06:15:00+00:00,-1,-1.0000000000000442,SL,False
S2-09,shock_reversion,GBPUSD,2016-10-24 06:15:00+00:00,2016-10-24 06:30:00+00:00,2016-10-24 06:30:00+00:00,-1,-0.9999999999999469,SL,False
S2-09,shock_reversion,GBPUSD,2016-10-24 06:45:00+00:00,2016-10-24 07:00:00+00:00,2016-10-24 07:15:00+00:00,-1,-1.0000000000000409,SL,False
S2-09,shock_reversion,GBPUSD,2016-10-25 12:45:00+00:00,2016-10-25 13:00:00+00:00,2016-10-25 13:00:00+00:00,1,-1.0000000000000497,SL,False
S2-09,shock_reversion,GBPUSD,2016-10-26 06:30:00+00:00,2016-10-26 06:45:00+00:00,2016-10-26 06:45:00+00:00,-1,1.0000000000001712,TP,False
S2-09,shock_reversion,GBPUSD,2016-10-26 08:00:00+00:00,2016-10-26 08:15:00+00:00,2016-10-26 08:15:00+00:00,-1,1.0,TP,False
S2-09,shock_reversion,GBPUSD,2016-10-26 23:30:00+00:00,2016-10-26 23:45:00+00:00,2016-10-26 23:45:00+00:00,-1,1.0,TP,False
S2-09,shock_reversion,GBPUSD,2016-10-28 09:15:00+00:00,2016-10-28 09:30:00+00:00,2016-10-28 09:45:00+00:00,1,0.999999999999977,TP,False
S2-09,shock_reversion,GBPUSD,2016-10-31 09:30:00+00:00,2016-10-31 09:45:00+00:00,2016-10-31 10:00:00+00:00,1,1.0,TP,False
S2-09,shock_reversion,GBPUSD,2016-10-31 15:45:00+00:00,2016-10-31 16:00:00+00:00,2016-10-31 17:45:00+00:00,-1,-1.0000000000000409,SL,False
S2-09,shock_reversion,GBPUSD,2016-11-01 07:45:00+00:00,2016-11-01 08:00:00+00:00,2016-11-01 08:00:00+00:00,-1,-1.0000000000000955,SL,False
S2-09,shock_reversion,GBPUSD,2016-11-02 07:45:00+00:00,2016-11-02 08:00:00+00:00,2016-11-02 08:00:00+00:00,-1,-0.9999999999998975,SL,False
S2-09,shock_reversion,GBPUSD,2016-11-02 12:15:00+00:00,2016-11-02 12:30:00+00:00,2016-11-02 12:30:00+00:00,-1,-0.9999999999999328,SL,False
S2-09,shock_reversion,GBPUSD,2016-11-03 06:45:00+00:00,2016-11-03 07:00:00+00:00,2016-11-03 07:00:00+00:00,-1,-0.9999999999999514,SL,False
S2-09,shock_reversion,GBPUSD,2016-11-03 07:00:00+00:00,2016-11-03 07:15:00+00:00,2016-11-03 07:15:00+00:00,-1,1.0,TP,False
S2-09,shock_reversion,GBPUSD,2016-11-03 10:00:00+00:00,2016-11-03 10:15:00+00:00,2016-11-03 10:15:00+00:00,-1,-0.9999999999999716,SL,False
S2-09,shock_reversion,GBPUSD,2016-11-04 06:45:00+00:00,2016-11-04 07:00:00+00:00,2016-11-04 07:00:00+00:00,1,0.9999999999999459,TP,False
S2-09,shock_reversion,GBPUSD,2016-11-04 07:00:00+00:00,2016-11-04 07:15:00+00:00,2016-11-04 07:15:00+00:00,-1,-0.999999999999909,SL,False
S2-09,shock_reversion,GBPUSD,2016-11-07 10:15:00+00:00,2016-11-07 10:30:00+00:00,2016-11-07 12:30:00+00:00,-1,-0.9999999999999328,SL,False
S2-09,shock_reversion,GBPUSD,2016-11-07 14:45:00+00:00,2016-11-07 15:00:00+00:00,2016-11-07 15:00:00+00:00,1,-1.0000000000000566,SL,False
S2-09,shock_reversion,GBPUSD,2016-11-09 00:00:00+00:00,2016-11-09 00:15:00+00:00,2016-11-09 00:15:00+00:00,-1,0.9999999999999746,TP,False
S2-09,shock_reversion,GBPUSD,2016-11-09 00:45:00+00:00,2016-11-09 01:00:00+00:00,2016-11-09 01:00:00+00:00,1,1.0000000000000389,TP,False
S2-09,shock_reversion,GBPUSD,2016-11-09 02:15:00+00:00,2016-11-09 02:30:00+00:00,2016-11-09 02:30:00+00:00,-1,-1.0,SL,False
S2-09,shock_reversion,GBPUSD,2016-11-09 07:45:00+00:00,2016-11-09 08:00:00+00:00,2016-11-09 08:00:00+00:00,1,-1.0,SL,False
S2-09,shock_reversion,GBPUSD,2016-11-09 21:45:00+00:00,2016-11-09 22:00:00+00:00,2016-11-10 00:00:00+00:00,1,1.0000000000000238,TP,False
S2-09,shock_reversion,GBPUSD,2016-11-11 08:30:00+00:00,2016-11-11 08:45:00+00:00,2016-11-11 08:45:00+00:00,-1,-1.0,SL,False
S2-09,shock_reversion,GBPUSD,2016-11-11 21:45:00+00:00,2016-11-13 22:00:00+00:00,2016-11-13 22:00:00+00:00,1,-0.9999999999999305,SL,False
S2-09,shock_reversion,GBPUSD,2016-11-14 07:45:00+00:00,2016-11-14 08:00:00+00:00,2016-11-14 08:45:00+00:00,1,-0.9999999999999785,SL,False
S2-09,shock_reversion,GBPUSD,2016-11-15 08:30:00+00:00,2016-11-15 08:45:00+00:00,2016-11-15 08:45:00+00:00,1,-1.0000000000000724,SL,False
S2-09,shock_reversion,GBPUSD,2016-11-15 09:30:00+00:00,2016-11-15 09:45:00+00:00,2016-11-15 10:00:00+00:00,1,1.0000000000000349,TP,False
S2-09,shock_reversion,GBPUSD,2016-11-15 19:30:00+00:00,2016-11-15 19:45:00+00:00,2016-11-15 19:45:00+00:00,-1,-1.00000000000004,SL,False
S2-09,shock_reversion,GBPUSD,2016-11-16 07:00:00+00:00,2016-11-16 07:15:00+00:00,2016-11-16 07:15:00+00:00,-1,0.9999999999999604,TP,False
S2-09,shock_reversion,GBPUSD,2016-11-18 08:00:00+00:00,2016-11-18 08:15:00+00:00,2016-11-18 08:15:00+00:00,-1,0.9999999999999065,TP,False
S2-09,shock_reversion,GBPUSD,2016-11-18 13:00:00+00:00,2016-11-18 13:15:00+00:00,2016-11-18 14:30:00+00:00,1,0.9999999999999841,TP,False
S2-09,shock_reversion,GBPUSD,2016-11-21 07:15:00+00:00,2016-11-21 07:30:00+00:00,2016-11-21 07:45:00+00:00,-1,0.9999999999998894,TP,False
S2-09,shock_reversion,GBPUSD,2016-11-21 13:15:00+00:00,2016-11-21 13:30:00+00:00,2016-11-21 13:30:00+00:00,-1,-1.0000000000000282,SL,False
S2-09,shock_reversion,GBPUSD,2016-11-22 07:15:00+00:00,2016-11-22 07:30:00+00:00,2016-11-22 07:30:00+00:00,1,-1.0000000000000848,SL,False
S2-09,shock_reversion,GBPUSD,2016-11-23 01:00:00+00:00,2016-11-23 01:15:00+00:00,2016-11-23 03:30:00+00:00,-1,0.9999999999999453,TP,False
S2-09,shock_reversion,GBPUSD,2016-11-23 06:30:00+00:00,2016-11-23 06:45:00+00:00,2016-11-23 07:00:00+00:00,1,-0.9999999999998201,SL,False
S2-09,shock_reversion,GBPUSD,2016-11-23 12:45:00+00:00,2016-11-23 13:00:00+00:00,2016-11-23 13:00:00+00:00,-1,1.0,TP,False
S2-09,shock_reversion,GBPUSD,2016-11-24 07:45:00+00:00,2016-11-24 08:00:00+00:00,2016-11-24 08:00:00+00:00,1,-0.9999999999998752,SL,True
S2-09,shock_reversion,GBPUSD,2016-11-25 00:00:00+00:00,2016-11-25 00:15:00+00:00,2016-11-25 00:15:00+00:00,1,-0.9999999999998789,SL,False
S2-09,shock_reversion,GBPUSD,2016-11-25 07:00:00+00:00,2016-11-25 07:15:00+00:00,2016-11-25 07:15:00+00:00,-1,0.9999999999998443,TP,False
S2-09,shock_reversion,GBPUSD,2016-11-25 07:45:00+00:00,2016-11-25 08:00:00+00:00,2016-11-25 08:00:00+00:00,1,-1.0,SL,False
S2-09,shock_reversion,GBPUSD,2016-11-25 19:45:00+00:00,2016-11-25 20:00:00+00:00,2016-11-25 20:00:00+00:00,-1,0.6327275486588003,FRIDAY,False
S2-09,shock_reversion,GBPUSD,2016-11-27 22:00:00+00:00,2016-11-27 22:15:00+00:00,2016-11-27 22:15:00+00:00,1,-0.9999999999999265,SL,False
S2-09,shock_reversion,GBPUSD,2016-11-28 09:30:00+00:00,2016-11-28 09:45:00+00:00,2016-11-28 10:00:00+00:00,1,-1.000000000000041,SL,False
S2-09,shock_reversion,GBPUSD,2016-11-29 00:45:00+00:00,2016-11-29 01:00:00+00:00,2016-11-29 02:45:00+00:00,1,-1.0000000000001197,SL,False
S2-09,shock_reversion,GBPUSD,2016-11-30 09:15:00+00:00,2016-11-30 09:30:00+00:00,2016-11-30 09:30:00+00:00,-1,0.9999999999999439,TP,False
S2-09,shock_reversion,GBPUSD,2016-11-30 10:30:00+00:00,2016-11-30 10:45:00+00:00,2016-11-30 11:45:00+00:00,1,1.0000000000000369,TP,False
S2-09,shock_reversion,GBPUSD,2016-12-02 13:30:00+00:00,2016-12-02 13:45:00+00:00,2016-12-02 13:45:00+00:00,-1,1.00000000000005,TP,False
S2-09,shock_reversion,GBPUSD,2016-12-04 22:00:00+00:00,2016-12-04 22:15:00+00:00,2016-12-04 22:15:00+00:00,1,-1.0000000000000442,SL,False
S2-09,shock_reversion,GBPUSD,2016-12-05 00:00:00+00:00,2016-12-05 00:15:00+00:00,2016-12-05 02:15:00+00:00,-1,0.9999999999999784,TP,False
S2-09,shock_reversion,GBPUSD,2016-12-05 22:00:00+00:00,2016-12-05 22:15:00+00:00,2016-12-05 22:15:00+00:00,1,-1.0000000000001237,SL,False
S2-09,shock_reversion,GBPUSD,2016-12-07 00:30:00+00:00,2016-12-07 00:45:00+00:00,2016-12-07 00:45:00+00:00,1,1.00000000000012,TP,False
S2-09,shock_reversion,GBPUSD,2016-12-07 07:45:00+00:00,2016-12-07 08:00:00+00:00,2016-12-07 08:00:00+00:00,1,-0.9999999999998932,SL,False
S2-09,shock_reversion,GBPUSD,2016-12-07 08:00:00+00:00,2016-12-07 08:15:00+00:00,2016-12-07 08:15:00+00:00,1,-0.9999999999999113,SL,False
S2-09,shock_reversion,GBPUSD,2016-12-08 00:00:00+00:00,2016-12-08 00:15:00+00:00,2016-12-08 00:30:00+00:00,-1,0.9999999999999238,TP,False
S2-09,shock_reversion,GBPUSD,2016-12-08 08:00:00+00:00,2016-12-08 08:15:00+00:00,2016-12-08 08:15:00+00:00,1,1.0000000000000768,TP,False
S2-09,shock_reversion,GBPUSD,2016-12-08 08:30:00+00:00,2016-12-08 08:45:00+00:00,2016-12-08 08:45:00+00:00,-1,-0.999999999999941,SL,False
S2-09,shock_reversion,GBPUSD,2016-12-08 13:30:00+00:00,2016-12-08 13:45:00+00:00,2016-12-08 14:45:00+00:00,1,-1.0,SL,False
S2-09,shock_reversion,GBPUSD,2016-12-09 07:30:00+00:00,2016-12-09 07:45:00+00:00,2016-12-09 07:45:00+00:00,1,-1.0000000000001619,SL,False
S2-09,shock_reversion,GBPUSD,2016-12-11 22:00:00+00:00,2016-12-11 22:15:00+00:00,2016-12-11 22:30:00+00:00,-1,-1.0000000000000349,SL,False
S2-09,shock_reversion,GBPUSD,2016-12-12 07:30:00+00:00,2016-12-12 07:45:00+00:00,2016-12-12 07:45:00+00:00,-1,1.0,TP,False
S2-09,shock_reversion,GBPUSD,2016-12-13 15:15:00+00:00,2016-12-13 15:30:00+00:00,2016-12-13 15:30:00+00:00,1,-1.000000000000022,SL,False
S2-09,shock_reversion,GBPUSD,2016-12-14 18:45:00+00:00,2016-12-14 19:00:00+00:00,2016-12-14 19:00:00+00:00,-1,1.0000000000000437,TP,False
S2-09,shock_reversion,GBPUSD,2016-12-14 19:00:00+00:00,2016-12-14 19:15:00+00:00,2016-12-14 19:30:00+00:00,1,1.0000000000000444,TP,False
S2-09,shock_reversion,GBPUSD,2016-12-15 06:00:00+00:00,2016-12-15 06:15:00+00:00,2016-12-15 06:15:00+00:00,-1,-0.9999999999999188,SL,False
S2-09,shock_reversion,GBPUSD,2016-12-15 06:15:00+00:00,2016-12-15 06:30:00+00:00,2016-12-15 06:30:00+00:00,-1,1.000000000000035,TP,False
S2-09,shock_reversion,GBPUSD,2016-12-16 07:30:00+00:00,2016-12-16 07:45:00+00:00,2016-12-16 07:45:00+00:00,-1,-1.0000000000001297,SL,False
S2-09,shock_reversion,GBPUSD,2016-12-26 09:15:00+00:00,2016-12-26 09:30:00+00:00,2016-12-26 09:30:00+00:00,-1,-0.9999999999998906,SL,False
S2-09,shock_reversion,GBPUSD,2016-12-26 12:30:00+00:00,2016-12-26 12:45:00+00:00,2016-12-26 12:45:00+00:00,-1,-0.9999999999999475,SL,False
S2-09,shock_reversion,GBPUSD,2016-12-26 20:45:00+00:00,2016-12-26 21:00:00+00:00,2016-12-26 21:00:00+00:00,1,-1.0000000000001479,SL,False
S2-09,shock_reversion,GBPUSD,2016-12-26 22:00:00+00:00,2016-12-26 22:15:00+00:00,2016-12-26 22:15:00+00:00,1,-1.0000000000003155,SL,False
S2-09,shock_reversion,GBPUSD,2016-12-26 22:30:00+00:00,2016-12-26 22:45:00+00:00,2016-12-26 22:45:00+00:00,1,-0.9999999999997692,SL,True
S2-09,shock_reversion,GBPUSD,2016-12-26 22:45:00+00:00,2016-12-26 23:00:00+00:00,2016-12-26 23:00:00+00:00,1,-1.0000000000001568,SL,False
S2-09,shock_reversion,GBPUSD,2016-12-28 00:45:00+00:00,2016-12-28 01:00:00+00:00,2016-12-28 02:15:00+00:00,-1,-1.0,SL,False
S2-09,shock_reversion,GBPUSD,2016-12-28 08:15:00+00:00,2016-12-28 08:30:00+00:00,2016-12-28 08:30:00+00:00,1,0.9999999999999183,TP,False
S2-09,shock_reversion,GBPUSD,2016-12-28 23:15:00+00:00,2016-12-28 23:30:00+00:00,2016-12-28 23:30:00+00:00,-1,0.9999999999998694,TP,False
S2-09,shock_reversion,GBPUSD,2016-12-28 23:30:00+00:00,2016-12-28 23:45:00+00:00,2016-12-28 23:45:00+00:00,1,0.9999999999998945,TP,False
S2-09,shock_reversion,GBPUSD,2016-12-29 23:15:00+00:00,2016-12-29 23:30:00+00:00,2016-12-29 23:30:00+00:00,-1,-0.9999999999998554,SL,False
S2-09,shock_reversion,GBPUSD,2016-12-29 23:30:00+00:00,2016-12-29 23:45:00+00:00,2016-12-29 23:45:00+00:00,-1,-1.000000000000034,SL,False
S2-09,shock_reversion,GBPUSD,2017-01-02 03:45:00+00:00,2017-01-02 04:00:00+00:00,2017-01-02 04:00:00+00:00,1,-0.9999999999992556,SL,False
S2-09,shock_reversion,GBPUSD,2017-01-02 08:15:00+00:00,2017-01-02 08:30:00+00:00,2017-01-02 08:30:00+00:00,1,-0.9999999999999432,SL,False
S2-09,shock_reversion,GBPUSD,2017-01-03 07:00:00+00:00,2017-01-03 07:15:00+00:00,2017-01-03 07:15:00+00:00,1,-1.0000000000001619,SL,True
S2-09,shock_reversion,GBPUSD,2017-01-03 08:45:00+00:00,2017-01-03 09:00:00+00:00,2017-01-03 09:00:00+00:00,1,0.9999999999999754,TP,False
S2-09,shock_reversion,GBPUSD,2017-01-03 15:00:00+00:00,2017-01-03 15:15:00+00:00,2017-01-03 15:45:00+00:00,1,1.0000000000000187,TP,False
S2-09,shock_reversion,GBPUSD,2017-01-04 07:00:00+00:00,2017-01-04 07:15:00+00:00,2017-01-04 07:15:00+00:00,-1,-1.0,SL,False
S2-09,shock_reversion,GBPUSD,2017-01-04 08:00:00+00:00,2017-01-04 08:15:00+00:00,2017-01-04 08:15:00+00:00,-1,0.9999999999999305,TP,False
S2-09,shock_reversion,GBPUSD,2017-01-04 19:00:00+00:00,2017-01-04 19:15:00+00:00,2017-01-04 19:15:00+00:00,-1,1.0000000000000664,TP,False
S2-09,shock_reversion,GBPUSD,2017-01-06 00:00:00+00:00,2017-01-06 00:15:00+00:00,2017-01-06 00:15:00+00:00,1,1.0,TP,False
S2-09,shock_reversion,GBPUSD,2017-01-06 13:30:00+00:00,2017-01-06 13:45:00+00:00,2017-01-06 13:45:00+00:00,1,-1.000000000000059,SL,False
S2-09,shock_reversion,GBPUSD,2017-01-09 05:15:00+00:00,2017-01-09 05:30:00+00:00,2017-01-09 05:30:00+00:00,1,-1.0,SL,False
S2-09,shock_reversion,GBPUSD,2017-01-09 05:30:00+00:00,2017-01-09 05:45:00+00:00,2017-01-09 05:45:00+00:00,1,-0.999999999999875,SL,False
S2-09,shock_reversion,GBPUSD,2017-01-10 00:30:00+00:00,2017-01-10 00:45:00+00:00,2017-01-10 00:45:00+00:00,1,-0.9999999999999206,SL,False
S2-09,shock_reversion,GBPUSD,2017-01-11 00:00:00+00:00,2017-01-11 00:15:00+00:00,2017-01-11 00:15:00+00:00,-1,1.0,TP,False
S2-09,shock_reversion,GBPUSD,2017-01-11 09:30:00+00:00,2017-01-11 09:45:00+00:00,2017-01-11 09:45:00+00:00,1,1.0000000000000226,TP,False
S2-09,shock_reversion,GBPUSD,2017-01-11 15:15:00+00:00,2017-01-11 15:30:00+00:00,2017-01-11 15:45:00+00:00,1,1.0000000000000164,TP,False
S2-09,shock_reversion,GBPUSD,2017-01-11 16:15:00+00:00,2017-01-11 16:30:00+00:00,2017-01-11 16:30:00+00:00,-1,-1.0,SL,False
S2-09,shock_reversion,GBPUSD,2017-01-11 18:00:00+00:00,2017-01-11 18:15:00+00:00,2017-01-11 20:15:00+00:00,-1,0.9999999999999838,TP,False
S2-09,shock_reversion,GBPUSD,2017-01-12 15:30:00+00:00,2017-01-12 15:45:00+00:00,2017-01-12 15:45:00+00:00,1,-0.9999999999999645,SL,False
S2-09,shock_reversion,GBPUSD,2017-01-13 07:00:00+00:00,2017-01-13 07:15:00+00:00,2017-01-13 07:15:00+00:00,-1,1.0000000000001332,TP,False
S2-09,shock_reversion,GBPUSD,2017-01-13 13:30:00+00:00,2017-01-13 13:45:00+00:00,2017-01-13 14:00:00+00:00,1,-1.0000000000000575,SL,False
S2-09,shock_reversion,GBPUSD,2017-01-13 21:45:00+00:00,2017-01-15 22:00:00+00:00,2017-01-15 22:00:00+00:00,1,1.0000000000000762,TP,False
S2-09,shock_reversion,GBPUSD,2017-01-16 07:00:00+00:00,2017-01-16 07:15:00+00:00,2017-01-16 07:15:00+00:00,1,-0.999999999999912,SL,False
S2-09,shock_reversion,GBPUSD,2017-01-16 07:15:00+00:00,2017-01-16 07:30:00+00:00,2017-01-16 07:45:00+00:00,1,1.0000000000000249,TP,False
S2-09,shock_reversion,GBPUSD,2017-01-16 22:30:00+00:00,2017-01-16 22:45:00+00:00,2017-01-16 23:00:00+00:00,1,1.0000000000000773,TP,False
S2-09,shock_reversion,GBPUSD,2017-01-17 05:45:00+00:00,2017-01-17 06:00:00+00:00,2017-01-17 06:00:00+00:00,-1,-1.000000000000059,SL,False
S2-09,shock_reversion,GBPUSD,2017-01-17 11:45:00+00:00,2017-01-17 12:00:00+00:00,2017-01-17 12:00:00+00:00,-1,-0.9999999999999777,SL,False
S2-09,shock_reversion,GBPUSD,2017-01-19 08:00:00+00:00,2017-01-19 08:15:00+00:00,2017-01-19 08:45:00+00:00,-1,-1.0000000000000624,SL,False
S2-09,shock_reversion,GBPUSD,2017-01-20 01:00:00+00:00,2017-01-20 01:15:00+00:00,2017-01-20 01:30:00+00:00,-1,-0.9999999999999524,SL,False
S2-09,shock_reversion,GBPUSD,2017-01-20 01:30:00+00:00,2017-01-20 01:45:00+00:00,2017-01-20 01:45:00+00:00,-1,-1.0,SL,False
S2-09,shock_reversion,GBPUSD,2017-01-20 09:30:00+00:00,2017-01-20 09:45:00+00:00,2017-01-20 09:45:00+00:00,1,-0.9999999999999437,SL,False
S2-09,shock_reversion,GBPUSD,2017-01-23 07:00:00+00:00,2017-01-23 07:15:00+00:00,2017-01-23 08:00:00+00:00,-1,0.9999999999999096,TP,False
S2-09,shock_reversion,GBPUSD,2017-01-23 21:30:00+00:00,2017-01-23 21:45:00+00:00,2017-01-23 21:45:00+00:00,-1,-0.999999999999958,SL,False
S2-09,shock_reversion,GBPUSD,2017-01-24 09:30:00+00:00,2017-01-24 09:45:00+00:00,2017-01-24 09:45:00+00:00,1,1.0000000000000158,TP,False
S2-09,shock_reversion,GBPUSD,2017-01-24 15:45:00+00:00,2017-01-24 16:00:00+00:00,2017-01-24 16:45:00+00:00,-1,-1.0000000000000486,SL,False
S2-09,shock_reversion,GBPUSD,2017-01-25 09:15:00+00:00,2017-01-25 09:30:00+00:00,2017-01-25 09:30:00+00:00,-1,-0.999999999999963,SL,False
S2-09,shock_reversion,GBPUSD,2017-01-26 07:15:00+00:00,2017-01-26 07:30:00+00:00,2017-01-26 07:30:00+00:00,1,0.9999999999999584,TP,False
S2-09,shock_reversion,GBPUSD,2017-01-26 09:30:00+00:00,2017-01-26 09:45:00+00:00,2017-01-26 10:15:00+00:00,1,-1.0000000000000426,SL,False
S2-09,shock_reversion,GBPUSD,2017-01-27 06:00:00+00:00,2017-01-27 06:15:00+00:00,2017-01-27 06:15:00+00:00,1,0.9999999999998848,TP,False
S2-09,shock_reversion,GBPUSD,2017-01-30 08:45:00+00:00,2017-01-30 09:00:00+00:00,2017-01-30 09:15:00+00:00,1,1.000000000000035,TP,False
S2-09,shock_reversion,GBPUSD,2017-01-31 06:45:00+00:00,2017-01-31 07:00:00+00:00,2017-01-31 07:00:00+00:00,1,1.0,TP,False
S2-09,shock_reversion,GBPUSD,2017-01-31 09:30:00+00:00,2017-01-31 09:45:00+00:00,2017-01-31 09:45:00+00:00,1,-1.0000000000000588,SL,False
S2-09,shock_reversion,GBPUSD,2017-02-01 07:00:00+00:00,2017-02-01 07:15:00+00:00,2017-02-01 07:15:00+00:00,1,-1.000000000000044,SL,False
S2-09,shock_reversion,GBPUSD,2017-02-01 09:30:00+00:00,2017-02-01 09:45:00+00:00,2017-02-01 09:45:00+00:00,-1,-1.0,SL,False
S2-09,shock_reversion,GBPUSD,2017-02-02 08:00:00+00:00,2017-02-02 08:15:00+00:00,2017-02-02 08:15:00+00:00,-1,-0.9999999999999077,SL,False
S2-09,shock_reversion,GBPUSD,2017-02-02 12:00:00+00:00,2017-02-02 12:15:00+00:00,2017-02-02 12:15:00+00:00,1,-1.0,SL,False
S2-09,shock_reversion,GBPUSD,2017-02-03 09:30:00+00:00,2017-02-03 09:45:00+00:00,2017-02-03 10:15:00+00:00,1,1.0000000000000269,TP,False
S2-09,shock_reversion,GBPUSD,2017-02-03 13:30:00+00:00,2017-02-03 13:45:00+00:00,2017-02-03 13:45:00+00:00,-1,0.9999999999999434,TP,False
S2-09,shock_reversion,GBPUSD,2017-02-06 08:15:00+00:00,2017-02-06 08:30:00+00:00,2017-02-06 09:00:00+00:00,1,1.0,TP,False
S2-09,shock_reversion,GBPUSD,2017-02-07 00:45:00+00:00,2017-02-07 01:00:00+00:00,2017-02-07 01:30:00+00:00,-1,-1.0000000000000506,SL,False
S2-09,shock_reversion,GBPUSD,2017-02-07 08:00:00+00:00,2017-02-07 08:15:00+00:00,2017-02-07 08:15:00+00:00,1,-1.0000000000000253,SL,False
S2-09,shock_reversion,GBPUSD,2017-02-07 16:15:00+00:00,2017-02-07 16:30:00+00:00,2017-02-07 17:30:00+00:00,-1,-1.0,SL,False
S2-09,shock_reversion,GBPUSD,2017-02-08 00:00:00+00:00,2017-02-08 00:15:00+00:00,2017-02-08 00:45:00+00:00,1,1.0000000000000895,TP,False
S2-09,shock_reversion,GBPUSD,2017-02-08 07:00:00+00:00,2017-02-08 07:15:00+00:00,2017-02-08 07:15:00+00:00,-1,-1.000000000000039,SL,False
S2-09,shock_reversion,GBPUSD,2017-02-08 15:45:00+00:00,2017-02-08 16:00:00+00:00,2017-02-08 18:15:00+00:00,-1,1.0000000000000198,TP,False
S2-09,shock_reversion,GBPUSD,2017-02-09 08:00:00+00:00,2017-02-09 08:15:00+00:00,2017-02-09 08:30:00+00:00,-1,-1.00000000000006,SL,False
S2-09,shock_reversion,GBPUSD,2017-02-10 00:00:00+00:00,2017-02-10 00:15:00+00:00,2017-02-10 00:15:00+00:00,-1,0.9999999999998885,TP,False
S2-09,shock_reversion,GBPUSD,2017-02-10 07:45:00+00:00,2017-02-10 08:00:00+00:00,2017-02-10 08:15:00+00:00,1,-1.0000000000000389,SL,False
S2-09,shock_reversion,GBPUSD,2017-02-10 11:45:00+00:00,2017-02-10 12:00:00+00:00,2017-02-10 12:30:00+00:00,1,1.0000000000000178,TP,False
S2-09,shock_reversion,GBPUSD,2017-02-12 22:00:00+00:00,2017-02-12 22:15:00+00:00,2017-02-12 22:15:00+00:00,-1,-1.0,SL,False
S2-09,shock_reversion,GBPUSD,2017-02-13 06:00:00+00:00,2017-02-13 06:15:00+00:00,2017-02-13 06:15:00+00:00,-1,-1.0000000000001856,SL,False
S2-09,shock_reversion,GBPUSD,2017-02-13 07:00:00+00:00,2017-02-13 07:15:00+00:00,2017-02-13 07:15:00+00:00,-1,1.0,TP,False
S2-09,shock_reversion,GBPUSD,2017-02-13 08:00:00+00:00,2017-02-13 08:15:00+00:00,2017-02-13 08:30:00+00:00,-1,0.9999999999999681,TP,False
S2-09,shock_reversion,GBPUSD,2017-02-14 04:15:00+00:00,2017-02-14 04:30:00+00:00,2017-02-14 04:30:00+00:00,-1,0.9999999999998551,TP,False
S2-09,shock_reversion,GBPUSD,2017-02-14 09:30:00+00:00,2017-02-14 09:45:00+00:00,2017-02-14 10:00:00+00:00,1,-1.0000000000000226,SL,False
S2-09,shock_reversion,GBPUSD,2017-02-14 15:00:00+00:00,2017-02-14 15:15:00+00:00,2017-02-14 15:15:00+00:00,-1,1.0000000000000242,TP,False
S2-09,shock_reversion,GBPUSD,2017-02-15 09:30:00+00:00,2017-02-15 09:45:00+00:00,2017-02-15 11:30:00+00:00,1,-1.0000000000001006,SL,False
S2-09,shock_reversion,GBPUSD,2017-02-15 13:30:00+00:00,2017-02-15 13:45:00+00:00,2017-02-15 14:30:00+00:00,1,1.0,TP,False
S2-09,shock_reversion,GBPUSD,2017-02-16 07:00:00+00:00,2017-02-16 07:15:00+00:00,2017-02-16 07:30:00+00:00,-1,-0.9999999999998251,SL,True
S2-09,shock_reversion,GBPUSD,2017-02-17 08:45:00+00:00,2017-02-17 09:00:00+00:00,2017-02-17 09:00:00+00:00,1,-0.9999999999999089,SL,False
S2-09,shock_reversion,GBPUSD,2017-02-17 09:00:00+00:00,2017-02-17 09:15:00+00:00,2017-02-17 09:15:00+00:00,1,-0.9999999999999625,SL,False
S2-09,shock_reversion,GBPUSD,2017-02-17 09:15:00+00:00,2017-02-17 09:30:00+00:00,2017-02-17 09:30:00+00:00,1,-1.0,SL,False
S2-09,shock_reversion,GBPUSD,2017-02-17 09:30:00+00:00,2017-02-17 09:45:00+00:00,2017-02-17 10:00:00+00:00,1,-1.0000000000000238,SL,False
S2-09,shock_reversion,GBPUSD,2017-02-20 07:00:00+00:00,2017-02-20 07:15:00+00:00,2017-02-20 07:30:00+00:00,-1,0.999999999999939,TP,False
S2-09,shock_reversion,GBPUSD,2017-02-20 08:15:00+00:00,2017-02-20 08:30:00+00:00,2017-02-20 08:45:00+00:00,-1,-1.0000000000001275,SL,False
S2-09,shock_reversion,GBPUSD,2017-02-21 07:15:00+00:00,2017-02-21 07:30:00+00:00,2017-02-21 07:30:00+00:00,1,-1.0000000000001577,SL,False
S2-09,shock_reversion,GBPUSD,2017-02-21 07:30:00+00:00,2017-02-21 07:45:00+00:00,2017-02-21 08:00:00+00:00,1,-1.0,SL,False
S2-09,shock_reversion,GBPUSD,2017-02-21 14:45:00+00:00,2017-02-21 15:00:00+00:00,2017-02-21 15:45:00+00:00,-1,-0.9999999999999728,SL,False
S2-09,shock_reversion,GBPUSD,2017-02-22 07:30:00+00:00,2017-02-22 07:45:00+00:00,2017-02-22 08:00:00+00:00,1,1.0000000000001352,TP,False
S2-09,shock_reversion,GBPUSD,2017-02-22 08:45:00+00:00,2017-02-22 09:00:00+00:00,2017-02-22 09:30:00+00:00,1,-1.0,SL,True
S2-09,shock_reversion,GBPUSD,2017-02-22 09:30:00+00:00,2017-02-22 09:45:00+00:00,2017-02-22 11:45:00+00:00,1,-0.9999999999999808,SL,False
S2-09,shock_reversion,GBPUSD,2017-02-22 15:30:00+00:00,2017-02-22 15:45:00+00:00,2017-02-22 15:45:00+00:00,-1,1.0000000000000788,TP,False
S2-09,shock_reversion,GBPUSD,2017-02-22 19:00:00+00:00,2017-02-22 19:15:00+00:00,2017-02-22 23:00:00+00:00,-1,-0.04191042999553638,TIME,False
S2-09,shock_reversion,GBPUSD,2017-02-23 15:45:00+00:00,2017-02-23 16:00:00+00:00,2017-02-23 19:45:00+00:00,-1,0.42276777810563587,TIME,False
S2-09,shock_reversion,GBPUSD,2017-02-24 14:00:00+00:00,2017-02-24 14:15:00+00:00,2017-02-24 14:15:00+00:00,1,-0.9999999999999265,SL,False
S2-09,shock_reversion,GBPUSD,2017-02-26 22:45:00+00:00,2017-02-26 23:00:00+00:00,2017-02-26 23:00:00+00:00,1,-1.0000000000000406,SL,False
S2-09,shock_reversion,GBPUSD,2017-02-26 23:00:00+00:00,2017-02-26 23:15:00+00:00,2017-02-26 23:15:00+00:00,1,-1.0000000000000988,SL,False
S2-09,shock_reversion,GBPUSD,2017-02-26 23:15:00+00:00,2017-02-26 23:30:00+00:00,2017-02-26 23:30:00+00:00,1,-1.0000000000000777,SL,False
S2-09,shock_reversion,GBPUSD,2017-02-27 15:45:00+00:00,2017-02-27 16:00:00+00:00,2017-02-27 17:45:00+00:00,-1,0.9999999999999234,TP,False
S2-09,shock_reversion,GBPUSD,2017-02-28 21:15:00+00:00,2017-02-28 21:30:00+00:00,2017-02-28 22:15:00+00:00,1,0.9999999999999034,TP,False
S2-09,shock_reversion,GBPUSD,2017-03-01 07:00:00+00:00,2017-03-01 07:15:00+00:00,2017-03-01 07:15:00+00:00,1,0.9999999999999061,TP,False
S2-09,shock_reversion,GBPUSD,2017-03-01 11:15:00+00:00,2017-03-01 11:30:00+00:00,2017-03-01 11:45:00+00:00,1,-1.0000000000000235,SL,False
S2-09,shock_reversion,GBPUSD,2017-03-01 23:00:00+00:00,2017-03-01 23:15:00+00:00,2017-03-01 23:15:00+00:00,1,1.0000000000000748,TP,False
S2-09,shock_reversion,GBPUSD,2017-03-02 07:30:00+00:00,2017-03-02 07:45:00+00:00,2017-03-02 08:00:00+00:00,-1,1.0,TP,False
S2-09,shock_reversion,GBPUSD,2017-03-03 08:00:00+00:00,2017-03-03 08:15:00+00:00,2017-03-03 08:30:00+00:00,1,-0.9999999999999564,SL,False
S2-09,shock_reversion,GBPUSD,2017-03-03 09:30:00+00:00,2017-03-03 09:45:00+00:00,2017-03-03 10:00:00+00:00,1,-1.0000000000000293,SL,False
S2-09,shock_reversion,GBPUSD,2017-03-03 15:30:00+00:00,2017-03-03 15:45:00+00:00,2017-03-03 15:45:00+00:00,-1,0.9999999999999482,TP,False
S2-09,shock_reversion,GBPUSD,2017-03-03 18:00:00+00:00,2017-03-03 18:15:00+00:00,2017-03-03 18:15:00+00:00,-1,0.49155730278738813,FRIDAY,False
S2-09,shock_reversion,GBPUSD,2017-03-06 06:45:00+00:00,2017-03-06 07:00:00+00:00,2017-03-06 07:00:00+00:00,-1,-0.9999999999998532,SL,False
S2-09,shock_reversion,GBPUSD,2017-03-06 07:15:00+00:00,2017-03-06 07:30:00+00:00,2017-03-06 07:30:00+00:00,1,-0.9999999999998879,SL,False
S2-09,shock_reversion,GBPUSD,2017-03-07 07:45:00+00:00,2017-03-07 08:00:00+00:00,2017-03-07 08:15:00+00:00,1,-0.9999999999998459,SL,False
S2-09,shock_reversion,GBPUSD,2017-03-07 08:15:00+00:00,2017-03-07 08:30:00+00:00,2017-03-07 08:45:00+00:00,1,0.9999999999999133,TP,False
S2-09,shock_reversion,GBPUSD,2017-03-08 07:15:00+00:00,2017-03-08 07:30:00+00:00,2017-03-08 07:30:00+00:00,1,-0.999999999999924,SL,False
S2-09,shock_reversion,GBPUSD,2017-03-08 07:30:00+00:00,2017-03-08 07:45:00+00:00,2017-03-08 07:45:00+00:00,1,1.0,TP,False
S2-09,shock_reversion,GBPUSD,2017-03-09 08:00:00+00:00,2017-03-09 08:15:00+00:00,2017-03-09 08:15:00+00:00,-1,1.000000000000084,TP,False
S2-09,shock_reversion,GBPUSD,2017-03-09 12:45:00+00:00,2017-03-09 13:00:00+00:00,2017-03-09 13:45:00+00:00,-1,-0.9999999999999691,SL,False
S2-09,shock_reversion,GBPUSD,2017-03-10 07:00:00+00:00,2017-03-10 07:15:00+00:00,2017-03-10 07:15:00+00:00,-1,-0.9999999999997746,SL,False
S2-09,shock_reversion,GBPUSD,2017-03-10 13:30:00+00:00,2017-03-10 13:45:00+00:00,2017-03-10 13:45:00+00:00,-1,-0.9999999999999203,SL,False
S2-09,shock_reversion,GBPUSD,2017-03-13 06:30:00+00:00,2017-03-13 06:45:00+00:00,2017-03-13 07:00:00+00:00,-1,-0.9999999999998395,SL,False
S2-09,shock_reversion,GBPUSD,2017-03-13 07:00:00+00:00,2017-03-13 07:15:00+00:00,2017-03-13 07:15:00+00:00,-1,-0.9999999999999588,SL,False
S2-09,shock_reversion,GBPUSD,2017-03-13 11:30:00+00:00,2017-03-13 11:45:00+00:00,2017-03-13 15:30:00+00:00,-1,-0.9999999999999746,SL,False
S2-09,shock_reversion,GBPUSD,2017-03-14 06:00:00+00:00,2017-03-14 06:15:00+00:00,2017-03-14 06:30:00+00:00,1,1.0,TP,False
S2-09,shock_reversion,GBPUSD,2017-03-14 07:00:00+00:00,2017-03-14 07:15:00+00:00,2017-03-14 07:15:00+00:00,1,-0.9999999999999116,SL,False
S2-09,shock_reversion,GBPUSD,2017-03-15 05:45:00+00:00,2017-03-15 06:00:00+00:00,2017-03-15 06:00:00+00:00,-1,-1.0,SL,False
S2-09,shock_reversion,GBPUSD,2017-03-15 06:00:00+00:00,2017-03-15 06:15:00+00:00,2017-03-15 06:15:00+00:00,-1,1.0000000000000662,TP,False
S2-09,shock_reversion,GBPUSD,2017-03-15 09:30:00+00:00,2017-03-15 09:45:00+00:00,2017-03-15 09:45:00+00:00,1,1.0000000000000704,TP,False
S2-09,shock_reversion,GBPUSD,2017-03-15 18:00:00+00:00,2017-03-15 18:15:00+00:00,2017-03-15 18:15:00+00:00,-1,-1.000000000000059,SL,False
S2-09,shock_reversion,GBPUSD,2017-03-16 12:00:00+00:00,2017-03-16 12:15:00+00:00,2017-03-16 12:15:00+00:00,-1,-0.9999999999999821,SL,False
S2-09,shock_reversion,GBPUSD,2017-03-17 06:15:00+00:00,2017-03-17 06:30:00+00:00,2017-03-17 06:30:00+00:00,-1,-1.0,SL,False
S2-09,shock_reversion,GBPUSD,2017-03-17 07:00:00+00:00,2017-03-17 07:15:00+00:00,2017-03-17 07:15:00+00:00,1,-1.0,SL,False
S2-09,shock_reversion,GBPUSD,2017-03-17 07:15:00+00:00,2017-03-17 07:30:00+00:00,2017-03-17 07:30:00+00:00,1,0.9999999999999619,TP,False
S2-09,shock_reversion,GBPUSD,2017-03-20 06:45:00+00:00,2017-03-20 07:00:00+00:00,2017-03-20 07:00:00+00:00,-1,-1.0,SL,False
S2-09,shock_reversion,GBPUSD,2017-03-20 07:00:00+00:00,2017-03-20 07:15:00+00:00,2017-03-20 07:15:00+00:00,-1,-1.0000000000000648,SL,False
S2-09,shock_reversion,GBPUSD,2017-03-20 07:15:00+00:00,2017-03-20 07:30:00+00:00,2017-03-20 07:30:00+00:00,-1,-0.9999999999999482,SL,False
S2-09,shock_reversion,GBPUSD,2017-03-20 11:45:00+00:00,2017-03-20 12:00:00+00:00,2017-03-20 12:00:00+00:00,1,-1.0000000000000806,SL,False
S2-09,shock_reversion,GBPUSD,2017-03-20 16:15:00+00:00,2017-03-20 16:30:00+00:00,2017-03-20 19:45:00+00:00,1,1.0000000000000822,TP,False
S2-09,shock_reversion,GBPUSD,2017-03-21 06:45:00+00:00,2017-03-21 07:00:00+00:00,2017-03-21 07:00:00+00:00,-1,-0.9999999999998649,SL,False
S2-09,shock_reversion,GBPUSD,2017-03-21 09:00:00+00:00,2017-03-21 09:15:00+00:00,2017-03-21 09:30:00+00:00,-1,-1.000000000000064,SL,False
S2-09,shock_reversion,GBPUSD,2017-03-21 09:30:00+00:00,2017-03-21 09:45:00+00:00,2017-03-21 10:00:00+00:00,-1,-1.0000000000000544,SL,False
S2-09,shock_reversion,GBPUSD,2017-03-22 06:30:00+00:00,2017-03-22 06:45:00+00:00,2017-03-22 06:45:00+00:00,-1,-1.0,SL,False
S2-09,shock_reversion,GBPUSD,2017-03-22 14:30:00+00:00,2017-03-22 14:45:00+00:00,2017-03-22 15:00:00+00:00,1,0.9999999999999495,TP,False
S2-09,shock_reversion,GBPUSD,2017-03-23 06:30:00+00:00,2017-03-23 06:45:00+00:00,2017-03-23 06:45:00+00:00,-1,-0.999999999999937,SL,False
S2-09,shock_reversion,GBPUSD,2017-03-23 09:30:00+00:00,2017-03-23 09:45:00+00:00,2017-03-23 09:45:00+00:00,-1,0.9999999999999387,TP,False
S2-09,shock_reversion,GBPUSD,2017-03-24 00:00:00+00:00,2017-03-24 00:15:00+00:00,2017-03-24 00:15:00+00:00,1,-1.0000000000003282,SL,False
S2-09,shock_reversion,GBPUSD,2017-03-24 00:45:00+00:00,2017-03-24 01:00:00+00:00,2017-03-24 01:00:00+00:00,1,-0.999999999999768,SL,False
S2-09,shock_reversion,GBPUSD,2017-03-24 07:30:00+00:00,2017-03-24 07:45:00+00:00,2017-03-24 08:00:00+00:00,-1,1.0000000000001101,TP,False
S2-09,shock_reversion,GBPUSD,2017-03-24 08:00:00+00:00,2017-03-24 08:15:00+00:00,2017-03-24 08:30:00+00:00,-1,-0.9999999999999497,SL,False
S2-09,shock_reversion,GBPUSD,2017-03-24 08:30:00+00:00,2017-03-24 08:45:00+00:00,2017-03-24 08:45:00+00:00,-1,1.0,TP,False
S2-09,shock_reversion,GBPUSD,2017-03-24 19:30:00+00:00,2017-03-24 19:45:00+00:00,2017-03-24 19:45:00+00:00,1,0.12268870497835246,FRIDAY,False
S2-09,shock_reversion,GBPUSD,2017-03-27 06:15:00+00:00,2017-03-27 06:30:00+00:00,2017-03-27 06:30:00+00:00,-1,-1.000000000000062,SL,True
S2-09,shock_reversion,GBPUSD,2017-03-27 07:15:00+00:00,2017-03-27 07:30:00+00:00,2017-03-27 07:30:00+00:00,-1,0.9999999999999608,TP,False
S2-09,shock_reversion,GBPUSD,2017-03-28 06:00:00+00:00,2017-03-28 06:15:00+00:00,2017-03-28 06:45:00+00:00,1,0.999999999999839,TP,False
S2-09,shock_reversion,GBPUSD,2017-03-28 07:00:00+00:00,2017-03-28 07:15:00+00:00,2017-03-28 08:00:00+00:00,-1,-1.0000000000000389,SL,False
S2-09,shock_reversion,GBPUSD,2017-03-28 15:00:00+00:00,2017-03-28 15:15:00+00:00,2017-03-28 16:00:00+00:00,1,-0.9999999999999261,SL,False
S2-09,shock_reversion,GBPUSD,2017-03-28 23:45:00+00:00,2017-03-29 00:00:00+00:00,2017-03-29 00:00:00+00:00,1,-0.999999999999877,SL,False
S2-09,shock_reversion,GBPUSD,2017-03-29 00:00:00+00:00,2017-03-29 00:15:00+00:00,2017-03-29 00:15:00+00:00,1,0.9999999999999377,TP,False
S2-09,shock_reversion,GBPUSD,2017-03-30 00:45:00+00:00,2017-03-30 01:00:00+00:00,2017-03-30 01:00:00+00:00,1,-0.9999999999997827,SL,False
S2-09,shock_reversion,GBPUSD,2017-03-31 00:30:00+00:00,2017-03-31 00:45:00+00:00,2017-03-31 00:45:00+00:00,-1,-0.9999999999998587,SL,True
S2-09,shock_reversion,GBPUSD,2017-03-31 14:45:00+00:00,2017-03-31 15:00:00+00:00,2017-03-31 15:15:00+00:00,-1,-0.9999999999999817,SL,False
S2-09,shock_reversion,GBPUSD,2017-03-31 20:45:00+00:00,2017-04-02 21:00:00+00:00,2017-04-02 21:00:00+00:00,-1,-1.0000000000000395,SL,False
S2-09,shock_reversion,GBPUSD,2017-04-03 05:00:00+00:00,2017-04-03 05:15:00+00:00,2017-04-03 05:30:00+00:00,-1,-0.9999999999998623,SL,False
S2-09,shock_reversion,GBPUSD,2017-04-03 14:45:00+00:00,2017-04-03 15:00:00+00:00,2017-04-03 15:15:00+00:00,1,-1.0000000000000242,SL,False
S2-09,shock_reversion,GBPUSD,2017-04-04 04:00:00+00:00,2017-04-04 04:15:00+00:00,2017-04-04 04:15:00+00:00,1,-1.0000000000001241,SL,False
S2-09,shock_reversion,GBPUSD,2017-04-04 04:15:00+00:00,2017-04-04 04:30:00+00:00,2017-04-04 04:30:00+00:00,1,-1.0000000000000555,SL,False
S2-09,shock_reversion,GBPUSD,2017-04-04 05:15:00+00:00,2017-04-04 05:30:00+00:00,2017-04-04 05:30:00+00:00,1,0.9999999999999013,TP,False
S2-09,shock_reversion,GBPUSD,2017-04-05 06:00:00+00:00,2017-04-05 06:15:00+00:00,2017-04-05 06:15:00+00:00,1,-1.0000000000002685,SL,False
S2-09,shock_reversion,GBPUSD,2017-04-05 08:30:00+00:00,2017-04-05 08:45:00+00:00,2017-04-05 11:30:00+00:00,-1,-0.9999999999999232,SL,False
S2-09,shock_reversion,GBPUSD,2017-04-06 07:00:00+00:00,2017-04-06 07:15:00+00:00,2017-04-06 07:15:00+00:00,1,1.0000000000001357,TP,False
S2-09,shock_reversion,GBPUSD,2017-04-06 08:15:00+00:00,2017-04-06 08:30:00+00:00,2017-04-06 09:15:00+00:00,1,0.9999999999999043,TP,False
S2-09,shock_reversion,GBPUSD,2017-04-07 07:00:00+00:00,2017-04-07 07:15:00+00:00,2017-04-07 07:15:00+00:00,1,1.00000000000013,TP,False
S2-09,shock_reversion,GBPUSD,2017-04-07 08:30:00+00:00,2017-04-07 08:45:00+00:00,2017-04-07 09:15:00+00:00,1,-0.9999999999999435,SL,False
S2-09,shock_reversion,GBPUSD,2017-04-07 12:45:00+00:00,2017-04-07 13:00:00+00:00,2017-04-07 13:00:00+00:00,1,-0.999999999999956,SL,False
S2-09,shock_reversion,GBPUSD,2017-04-10 07:30:00+00:00,2017-04-10 07:45:00+00:00,2017-04-10 08:00:00+00:00,-1,-1.0000000000000544,SL,False
S2-09,shock_reversion,GBPUSD,2017-04-11 08:30:00+00:00,2017-04-11 08:45:00+00:00,2017-04-11 08:45:00+00:00,-1,1.0000000000000624,TP,False
S2-09,shock_reversion,GBPUSD,2017-04-11 14:45:00+00:00,2017-04-11 15:00:00+00:00,2017-04-11 15:15:00+00:00,-1,1.0,TP,False
S2-09,shock_reversion,GBPUSD,2017-04-12 06:15:00+00:00,2017-04-12 06:30:00+00:00,2017-04-12 06:30:00+00:00,-1,1.0,TP,False
S2-09,shock_reversion,GBPUSD,2017-04-12 08:30:00+00:00,2017-04-12 08:45:00+00:00,2017-04-12 08:45:00+00:00,-1,0.9999999999999589,TP,False
S2-09,shock_reversion,GBPUSD,2017-04-12 19:00:00+00:00,2017-04-12 19:15:00+00:00,2017-04-12 19:15:00+00:00,-1,-0.9999999999998672,SL,False
S2-09,shock_reversion,GBPUSD,2017-04-12 19:15:00+00:00,2017-04-12 19:30:00+00:00,2017-04-12 19:30:00+00:00,-1,-0.9999999999999628,SL,False
S2-09,shock_reversion,GBPUSD,2017-04-13 01:45:00+00:00,2017-04-13 02:00:00+00:00,2017-04-13 02:00:00+00:00,-1,-1.0,SL,False
S2-09,shock_reversion,GBPUSD,2017-04-14 12:30:00+00:00,2017-04-14 12:45:00+00:00,2017-04-14 12:45:00+00:00,-1,-0.999999999999942,SL,False
S2-09,shock_reversion,GBPUSD,2017-04-14 20:45:00+00:00,2017-04-16 21:00:00+00:00,2017-04-16 21:00:00+00:00,1,-1.0000000000002365,SL,False
S2-09,shock_reversion,GBPUSD,2017-04-16 21:00:00+00:00,2017-04-16 21:15:00+00:00,2017-04-16 21:15:00+00:00,-1,-0.9999999999999336,SL,False
S2-09,shock_reversion,GBPUSD,2017-04-17 07:00:00+00:00,2017-04-17 07:15:00+00:00,2017-04-17 07:15:00+00:00,-1,0.9999999999997552,TP,False
S2-09,shock_reversion,GBPUSD,2017-04-18 01:00:00+00:00,2017-04-18 01:15:00+00:00,2017-04-18 01:15:00+00:00,-1,0.9999999999998347,TP,False
S2-09,shock_reversion,GBPUSD,2017-04-18 06:45:00+00:00,2017-04-18 07:00:00+00:00,2017-04-18 07:00:00+00:00,-1,-0.9999999999999487,SL,False
S2-09,shock_reversion,GBPUSD,2017-04-18 09:00:00+00:00,2017-04-18 09:15:00+00:00,2017-04-18 09:30:00+00:00,1,0.9999999999999584,TP,False
S2-09,shock_reversion,GBPUSD,2017-04-18 10:30:00+00:00,2017-04-18 10:45:00+00:00,2017-04-18 11:00:00+00:00,-1,-1.0000000000000118,SL,False
S2-09,shock_reversion,GBPUSD,2017-04-18 17:30:00+00:00,2017-04-18 17:45:00+00:00,2017-04-18 21:30:00+00:00,-1,-0.6368177849365478,TIME,False
S2-09,shock_reversion,GBPUSD,2017-04-18 23:15:00+00:00,2017-04-18 23:30:00+00:00,2017-04-18 23:30:00+00:00,-1,1.000000000000058,TP,False
S2-09,shock_reversion,GBPUSD,2017-04-19 07:00:00+00:00,2017-04-19 07:15:00+00:00,2017-04-19 07:15:00+00:00,-1,0.9999999999999607,TP,False
S2-09,shock_reversion,GBPUSD,2017-04-20 04:45:00+00:00,2017-04-20 05:00:00+00:00,2017-04-20 06:00:00+00:00,-1,-1.0000000000001408,SL,False
S2-09,shock_reversion,GBPUSD,2017-04-20 06:15:00+00:00,2017-04-20 06:30:00+00:00,2017-04-20 06:45:00+00:00,-1,-1.0000000000001819,SL,False
S2-09,shock_reversion,GBPUSD,2017-04-20 06:45:00+00:00,2017-04-20 07:00:00+00:00,2017-04-20 07:00:00+00:00,-1,-1.0000000000000937,SL,False
S2-09,shock_reversion,GBPUSD,2017-04-21 05:15:00+00:00,2017-04-21 05:30:00+00:00,2017-04-21 05:30:00+00:00,-1,-1.0,SL,False
S2-09,shock_reversion,GBPUSD,2017-04-21 05:30:00+00:00,2017-04-21 05:45:00+00:00,2017-04-21 05:45:00+00:00,-1,1.0,TP,False
S2-09,shock_reversion,GBPUSD,2017-04-24 23:45:00+00:00,2017-04-25 00:00:00+00:00,2017-04-25 00:00:00+00:00,1,1.0000000000000737,TP,False
S2-09,shock_reversion,GBPUSD,2017-04-25 06:45:00+00:00,2017-04-25 07:00:00+00:00,2017-04-25 07:00:00+00:00,-1,-1.0,SL,True
S2-09,shock_reversion,GBPUSD,2017-04-26 06:15:00+00:00,2017-04-26 06:30:00+00:00,2017-04-26 06:45:00+00:00,1,-1.0000000000000726,SL,False
S2-09,shock_reversion,GBPUSD,2017-04-26 06:45:00+00:00,2017-04-26 07:00:00+00:00,2017-04-26 07:30:00+00:00,1,-1.0,SL,False
S2-09,shock_reversion,GBPUSD,2017-04-27 02:30:00+00:00,2017-04-27 02:45:00+00:00,2017-04-27 03:00:00+00:00,-1,-0.9999999999998365,SL,False
S2-09,shock_reversion,GBPUSD,2017-04-27 07:00:00+00:00,2017-04-27 07:15:00+00:00,2017-04-27 07:15:00+00:00,-1,-0.9999999999998979,SL,False
S2-09,shock_reversion,GBPUSD,2017-04-27 07:15:00+00:00,2017-04-27 07:30:00+00:00,2017-04-27 07:30:00+00:00,-1,0.9999999999999154,TP,False
S2-09,shock_reversion,GBPUSD,2017-04-28 07:15:00+00:00,2017-04-28 07:30:00+00:00,2017-04-28 07:30:00+00:00,-1,-0.9999999999999588,SL,False
S2-09,shock_reversion,GBPUSD,2017-05-01 06:00:00+00:00,2017-05-01 06:15:00+00:00,2017-05-01 06:15:00+00:00,-1,-0.9999999999999264,SL,False
S2-09,shock_reversion,GBPUSD,2017-05-02 02:00:00+00:00,2017-05-02 02:15:00+00:00,2017-05-02 02:15:00+00:00,-1,-0.9999999999998512,SL,False
S2-09,shock_reversion,GBPUSD,2017-05-02 06:15:00+00:00,2017-05-02 06:30:00+00:00,2017-05-02 06:30:00+00:00,1,-0.9999999999999019,SL,False
S2-09,shock_reversion,GBPUSD,2017-05-03 04:15:00+00:00,2017-05-03 04:30:00+00:00,2017-05-03 04:30:00+00:00,1,-0.9999999999997982,SL,False
S2-09,shock_reversion,GBPUSD,2017-05-03 04:30:00+00:00,2017-05-03 04:45:00+00:00,2017-05-03 04:45:00+00:00,1,-0.9999999999997704,SL,False
S2-09,shock_reversion,GBPUSD,2017-05-03 04:45:00+00:00,2017-05-03 05:00:00+00:00,2017-05-03 05:00:00+00:00,1,-0.999999999999937,SL,False
S2-09,shock_reversion,GBPUSD,2017-05-03 14:30:00+00:00,2017-05-03 14:45:00+00:00,2017-05-03 14:45:00+00:00,1,-1.0,SL,False
S2-09,shock_reversion,GBPUSD,2017-05-03 18:00:00+00:00,2017-05-03 18:15:00+00:00,2017-05-03 19:15:00+00:00,1,-0.9999999999999143,SL,False
S2-09,shock_reversion,GBPUSD,2017-05-04 06:00:00+00:00,2017-05-04 06:15:00+00:00,2017-05-04 06:15:00+00:00,1,-0.999999999999784,SL,False
S2-09,shock_reversion,GBPUSD,2017-05-04 06:15:00+00:00,2017-05-04 06:30:00+00:00,2017-05-04 06:30:00+00:00,1,-1.0000000000001446,SL,False
S2-09,shock_reversion,GBPUSD,2017-05-04 06:30:00+00:00,2017-05-04 06:45:00+00:00,2017-05-04 06:45:00+00:00,1,1.0000000000001483,TP,False
S2-09,shock_reversion,GBPUSD,2017-05-05 01:30:00+00:00,2017-05-05 01:45:00+00:00,2017-05-05 01:45:00+00:00,1,0.9999999999998522,TP,False
S2-09,shock_reversion,GBPUSD,2017-05-05 12:30:00+00:00,2017-05-05 12:45:00+00:00,2017-05-05 13:00:00+00:00,-1,1.0000000000000673,TP,False
S2-09,shock_reversion,GBPUSD,2017-05-09 06:15:00+00:00,2017-05-09 06:30:00+00:00,2017-05-09 06:30:00+00:00,1,1.0000000000001146,TP,False
S2-09,shock_reversion,GBPUSD,2017-05-10 06:15:00+00:00,2017-05-10 06:30:00+00:00,2017-05-10 06:30:00+00:00,-1,1.0000000000000548,TP,False
S2-09,shock_reversion,GBPUSD,2017-05-11 08:30:00+00:00,2017-05-11 08:45:00+00:00,2017-05-11 08:45:00+00:00,1,-0.999999999999893,SL,False
S2-09,shock_reversion,GBPUSD,2017-05-11 11:00:00+00:00,2017-05-11 11:15:00+00:00,2017-05-11 11:30:00+00:00,1,-1.0000000000000246,SL,False
S2-09,shock_reversion,GBPUSD,2017-05-12 07:15:00+00:00,2017-05-12 07:30:00+00:00,2017-05-12 07:30:00+00:00,1,-1.000000000000047,SL,False
S2-09,shock_reversion,GBPUSD,2017-05-12 12:30:00+00:00,2017-05-12 12:45:00+00:00,2017-05-12 12:45:00+00:00,-1,1.0000000000000877,TP,False
S2-09,shock_reversion,GBPUSD,2017-05-15 03:15:00+00:00,2017-05-15 03:30:00+00:00,2017-05-15 04:30:00+00:00,-1,-1.0,SL,False
S2-09,shock_reversion,GBPUSD,2017-05-15 06:15:00+00:00,2017-05-15 06:30:00+00:00,2017-05-15 07:00:00+00:00,-1,-1.0000000000000555,SL,False
S2-09,shock_reversion,GBPUSD,2017-05-16 08:45:00+00:00,2017-05-16 09:00:00+00:00,2017-05-16 09:00:00+00:00,1,-0.9999999999999456,SL,False
S2-09,shock_reversion,GBPUSD,2017-05-17 06:30:00+00:00,2017-05-17 06:45:00+00:00,2017-05-17 07:00:00+00:00,1,1.0,TP,False
S2-09,shock_reversion,GBPUSD,2017-05-18 08:30:00+00:00,2017-05-18 08:45:00+00:00,2017-05-18 08:45:00+00:00,-1,0.9999999999999416,TP,False
S2-09,shock_reversion,GBPUSD,2017-05-18 17:30:00+00:00,2017-05-18 17:45:00+00:00,2017-05-18 17:45:00+00:00,1,-0.9999999999999833,SL,False
S2-09,shock_reversion,GBPUSD,2017-05-19 07:00:00+00:00,2017-05-19 07:15:00+00:00,2017-05-19 07:15:00+00:00,-1,-1.0000000000001616,SL,False
S2-09,shock_reversion,GBPUSD,2017-05-19 07:15:00+00:00,2017-05-19 07:30:00+00:00,2017-05-19 07:45:00+00:00,-1,-1.0000000000000446,SL,False
S2-09,shock_reversion,GBPUSD,2017-05-22 06:00:00+00:00,2017-05-22 06:15:00+00:00,2017-05-22 06:15:00+00:00,1,-1.0,SL,False
S2-09,shock_reversion,GBPUSD,2017-05-22 06:30:00+00:00,2017-05-22 06:45:00+00:00,2017-05-22 07:00:00+00:00,-1,0.9999999999999497,TP,False
S2-09,shock_reversion,GBPUSD,2017-05-22 22:30:00+00:00,2017-05-22 22:45:00+00:00,2017-05-22 22:45:00+00:00,-1,0.9999999999999309,TP,False
S2-09,shock_reversion,GBPUSD,2017-05-22 22:45:00+00:00,2017-05-22 23:00:00+00:00,2017-05-22 23:45:00+00:00,1,-1.0,SL,False
S2-09,shock_reversion,GBPUSD,2017-05-23 07:00:00+00:00,2017-05-23 07:15:00+00:00,2017-05-23 07:15:00+00:00,-1,0.9999999999999443,TP,False
S2-09,shock_reversion,GBPUSD,2017-05-23 15:00:00+00:00,2017-05-23 15:15:00+00:00,2017-05-23 15:30:00+00:00,-1,-1.0000000000000813,SL,False
S2-09,shock_reversion,GBPUSD,2017-05-24 13:15:00+00:00,2017-05-24 13:30:00+00:00,2017-05-24 13:45:00+00:00,1,0.9999999999999477,TP,False
S2-09,shock_reversion,GBPUSD,2017-05-25 08:15:00+00:00,2017-05-25 08:30:00+00:00,2017-05-25 08:30:00+00:00,-1,1.000000000000038,TP,False
S2-09,shock_reversion,GBPUSD,2017-05-26 00:15:00+00:00,2017-05-26 00:30:00+00:00,2017-05-26 00:30:00+00:00,1,-1.0000000000001579,SL,True
S2-09,shock_reversion,GBPUSD,2017-05-26 01:45:00+00:00,2017-05-26 02:00:00+00:00,2017-05-26 02:00:00+00:00,1,1.0000000000000624,TP,False
S2-09,shock_reversion,GBPUSD,2017-05-26 12:30:00+00:00,2017-05-26 12:45:00+00:00,2017-05-26 13:30:00+00:00,1,-1.0000000000000737,SL,False
S2-09,shock_reversion,GBPUSD,2017-05-29 00:30:00+00:00,2017-05-29 00:45:00+00:00,2017-05-29 00:45:00+00:00,-1,-0.9999999999999164,SL,False
S2-09,shock_reversion,GBPUSD,2017-05-30 06:45:00+00:00,2017-05-30 07:00:00+00:00,2017-05-30 07:00:00+00:00,-1,-1.0000000000001352,SL,True
S2-09,shock_reversion,GBPUSD,2017-05-30 07:45:00+00:00,2017-05-30 08:00:00+00:00,2017-05-30 08:00:00+00:00,-1,-0.9999999999999719,SL,False
S2-09,shock_reversion,GBPUSD,2017-05-30 21:15:00+00:00,2017-05-30 21:30:00+00:00,2017-05-30 21:30:00+00:00,1,-1.000000000000136,SL,False
S2-09,shock_reversion,GBPUSD,2017-05-30 21:30:00+00:00,2017-05-30 21:45:00+00:00,2017-05-30 21:45:00+00:00,1,-1.0000000000000648,SL,False
S2-09,shock_reversion,GBPUSD,2017-05-31 05:30:00+00:00,2017-05-31 05:45:00+00:00,2017-05-31 06:00:00+00:00,1,0.999999999999949,TP,False
S2-09,shock_reversion,GBPUSD,2017-05-31 14:45:00+00:00,2017-05-31 15:00:00+00:00,2017-05-31 16:00:00+00:00,-1,0.9999999999999578,TP,False
S2-09,shock_reversion,GBPUSD,2017-06-01 01:30:00+00:00,2017-06-01 01:45:00+00:00,2017-06-01 02:00:00+00:00,-1,-0.9999999999998829,SL,False
S2-09,shock_reversion,GBPUSD,2017-06-02 06:45:00+00:00,2017-06-02 07:00:00+00:00,2017-06-02 07:00:00+00:00,1,1.0000000000000546,TP,False
S2-09,shock_reversion,GBPUSD,2017-06-02 12:30:00+00:00,2017-06-02 12:45:00+00:00,2017-06-02 12:45:00+00:00,-1,-1.0,SL,True
S2-09,shock_reversion,GBPUSD,2017-06-05 06:30:00+00:00,2017-06-05 06:45:00+00:00,2017-06-05 06:45:00+00:00,1,-1.0000000000001459,SL,False
S2-09,shock_reversion,GBPUSD,2017-06-05 07:00:00+00:00,2017-06-05 07:15:00+00:00,2017-06-05 07:15:00+00:00,-1,0.9999999999998868,TP,False
S2-09,shock_reversion,GBPUSD,2017-06-05 13:15:00+00:00,2017-06-05 13:30:00+00:00,2017-06-05 14:15:00+00:00,-1,0.9999999999999419,TP,False
S2-09,shock_reversion,GBPUSD,2017-06-05 21:45:00+00:00,2017-06-05 22:00:00+00:00,2017-06-05 22:00:00+00:00,1,0.9999999999999301,TP,False
S2-09,shock_reversion,GBPUSD,2017-06-06 07:00:00+00:00,2017-06-06 07:15:00+00:00,2017-06-06 07:30:00+00:00,1,1.0000000000001177,TP,False
S2-09,shock_reversion,GBPUSD,2017-06-06 12:30:00+00:00,2017-06-06 12:45:00+00:00,2017-06-06 13:00:00+00:00,1,1.0,TP,False
S2-09,shock_reversion,GBPUSD,2017-06-07 06:30:00+00:00,2017-06-07 06:45:00+00:00,2017-06-07 07:15:00+00:00,-1,1.0,TP,False
S2-09,shock_reversion,GBPUSD,2017-06-08 06:00:00+00:00,2017-06-08 06:15:00+00:00,2017-06-08 06:15:00+00:00,-1,0.9999999999999117,TP,False
S2-09,shock_reversion,GBPUSD,2017-06-08 21:00:00+00:00,2017-06-08 21:15:00+00:00,2017-06-08 21:15:00+00:00,1,1.0000000000000369,TP,False
S2-09,shock_reversion,GBPUSD,2017-06-11 21:00:00+00:00,2017-06-11 21:15:00+00:00,2017-06-11 23:30:00+00:00,-1,1.0000000000000941,TP,False
S2-09,shock_reversion,GBPUSD,2017-06-12 06:30:00+00:00,2017-06-12 06:45:00+00:00,2017-06-12 06:45:00+00:00,1,-1.0000000000001077,SL,False
S2-09,shock_reversion,GBPUSD,2017-06-12 21:15:00+00:00,2017-06-12 21:30:00+00:00,2017-06-12 22:00:00+00:00,-1,0.9999999999999525,TP,False
S2-09,shock_reversion,GBPUSD,2017-06-13 01:15:00+00:00,2017-06-13 01:30:00+00:00,2017-06-13 02:15:00+00:00,1,0.999999999999951,TP,False
S2-09,shock_reversion,GBPUSD,2017-06-13 05:45:00+00:00,2017-06-13 06:00:00+00:00,2017-06-13 06:00:00+00:00,-1,-1.0,SL,False
S2-09,shock_reversion,GBPUSD,2017-06-13 06:00:00+00:00,2017-06-13 06:15:00+00:00,2017-06-13 06:30:00+00:00,-1,-0.9999999999999589,SL,False
S2-09,shock_reversion,GBPUSD,2017-06-14 06:00:00+00:00,2017-06-14 06:15:00+00:00,2017-06-14 06:15:00+00:00,-1,-0.9999999999998785,SL,False
S2-09,shock_reversion,GBPUSD,2017-06-14 06:15:00+00:00,2017-06-14 06:30:00+00:00,2017-06-14 06:30:00+00:00,-1,1.0000000000000897,TP,False
S2-09,shock_reversion,GBPUSD,2017-06-14 12:30:00+00:00,2017-06-14 12:45:00+00:00,2017-06-14 12:45:00+00:00,-1,-0.9999999999999211,SL,False
S2-09,shock_reversion,GBPUSD,2017-06-14 18:00:00+00:00,2017-06-14 18:15:00+00:00,2017-06-14 18:30:00+00:00,1,-0.9999999999999262,SL,False
S2-09,shock_reversion,GBPUSD,2017-06-14 18:30:00+00:00,2017-06-14 18:45:00+00:00,2017-06-14 18:45:00+00:00,1,-0.9999999999999306,SL,False
S2-09,shock_reversion,GBPUSD,2017-06-15 11:00:00+00:00,2017-06-15 11:15:00+00:00,2017-06-15 12:00:00+00:00,-1,0.9999999999999826,TP,False
S2-09,shock_reversion,GBPUSD,2017-06-16 00:00:00+00:00,2017-06-16 00:15:00+00:00,2017-06-16 00:30:00+00:00,-1,-0.9999999999999251,SL,False
S2-09,shock_reversion,GBPUSD,2017-06-19 15:00:00+00:00,2017-06-19 15:15:00+00:00,2017-06-19 16:30:00+00:00,1,1.0000000000000215,TP,False
S2-09,shock_reversion,GBPUSD,2017-06-19 23:00:00+00:00,2017-06-19 23:15:00+00:00,2017-06-19 23:15:00+00:00,1,-1.000000000000207,SL,False
S2-09,shock_reversion,GBPUSD,2017-06-20 05:30:00+00:00,2017-06-20 05:45:00+00:00,2017-06-20 05:45:00+00:00,-1,1.000000000000226,TP,False
S2-09,shock_reversion,GBPUSD,2017-06-20 07:00:00+00:00,2017-06-20 07:15:00+00:00,2017-06-20 07:15:00+00:00,-1,1.000000000000047,TP,False
S2-09,shock_reversion,GBPUSD,2017-06-20 07:30:00+00:00,2017-06-20 07:45:00+00:00,2017-06-20 08:30:00+00:00,1,1.0000000000000255,TP,False
S2-09,shock_reversion,GBPUSD,2017-06-20 13:30:00+00:00,2017-06-20 13:45:00+00:00,2017-06-20 13:45:00+00:00,1,-1.0000000000000506,SL,False
S2-09,shock_reversion,GBPUSD,2017-06-21 05:45:00+00:00,2017-06-21 06:00:00+00:00,2017-06-21 06:00:00+00:00,1,-1.0,SL,True
S2-09,shock_reversion,GBPUSD,2017-06-21 06:00:00+00:00,2017-06-21 06:15:00+00:00,2017-06-21 06:15:00+00:00,1,-0.9999999999997403,SL,True
S2-09,shock_reversion,GBPUSD,2017-06-21 06:30:00+00:00,2017-06-21 06:45:00+00:00,2017-06-21 07:00:00+00:00,1,-1.0000000000001172,SL,False
S2-09,shock_reversion,GBPUSD,2017-06-21 11:00:00+00:00,2017-06-21 11:15:00+00:00,2017-06-21 11:30:00+00:00,-1,-0.9999999999999413,SL,False
S2-09,shock_reversion,GBPUSD,2017-06-22 01:30:00+00:00,2017-06-22 01:45:00+00:00,2017-06-22 01:45:00+00:00,1,0.9999999999998388,TP,False
S2-09,shock_reversion,GBPUSD,2017-06-22 06:30:00+00:00,2017-06-22 06:45:00+00:00,2017-06-22 07:00:00+00:00,-1,0.999999999999834,TP,False
S2-09,shock_reversion,GBPUSD,2017-06-22 07:00:00+00:00,2017-06-22 07:15:00+00:00,2017-06-22 07:15:00+00:00,1,-1.000000000000141,SL,False
S2-09,shock_reversion,GBPUSD,2017-06-22 19:00:00+00:00,2017-06-22 19:15:00+00:00,2017-06-22 19:30:00+00:00,-1,-0.9999999999999503,SL,False
S2-09,shock_reversion,GBPUSD,2017-06-23 06:45:00+00:00,2017-06-23 07:00:00+00:00,2017-06-23 07:00:00+00:00,-1,-0.9999999999998664,SL,False
S2-09,shock_reversion,GBPUSD,2017-06-25 21:00:00+00:00,2017-06-25 21:15:00+00:00,2017-06-25 21:45:00+00:00,-1,-0.9999999999999021,SL,False
S2-09,shock_reversion,GBPUSD,2017-06-26 07:00:00+00:00,2017-06-26 07:15:00+00:00,2017-06-26 07:15:00+00:00,-1,-0.999999999999851,SL,False
S2-09,shock_reversion,GBPUSD,2017-06-26 08:15:00+00:00,2017-06-26 08:30:00+00:00,2017-06-26 08:30:00+00:00,1,0.9999999999998801,TP,False
S2-09,shock_reversion,GBPUSD,2017-06-27 08:00:00+00:00,2017-06-27 08:15:00+00:00,2017-06-27 08:15:00+00:00,-1,1.0,TP,False
S2-09,shock_reversion,GBPUSD,2017-06-27 19:00:00+00:00,2017-06-27 19:15:00+00:00,2017-06-27 20:45:00+00:00,-1,1.0000000000000802,TP,False
S2-09,shock_reversion,GBPUSD,2017-06-28 13:30:00+00:00,2017-06-28 13:45:00+00:00,2017-06-28 13:45:00+00:00,-1,-1.0000000000000355,SL,False
S2-09,shock_reversion,GBPUSD,2017-06-29 02:00:00+00:00,2017-06-29 02:15:00+00:00,2017-06-29 02:15:00+00:00,-1,0.9999999999998883,TP,False
S2-09,shock_reversion,GBPUSD,2017-06-29 17:15:00+00:00,2017-06-29 17:30:00+00:00,2017-06-29 18:00:00+00:00,-1,-0.9999999999999394,SL,False
S2-09,shock_reversion,GBPUSD,2017-06-30 07:00:00+00:00,2017-06-30 07:15:00+00:00,2017-06-30 07:15:00+00:00,-1,1.0000000000000395,TP,False
S2-09,shock_reversion,GBPUSD,2017-06-30 14:30:00+00:00,2017-06-30 14:45:00+00:00,2017-06-30 14:45:00+00:00,1,1.0000000000000484,TP,False
S2-09,shock_reversion,GBPUSD,2017-06-30 14:45:00+00:00,2017-06-30 15:00:00+00:00,2017-06-30 16:00:00+00:00,-1,-0.4740540869305584,FRIDAY,False
S2-09,shock_reversion,GBPUSD,2017-07-03 06:15:00+00:00,2017-07-03 06:30:00+00:00,2017-07-03 06:30:00+00:00,-1,1.0000000000002174,TP,False
S2-09,shock_reversion,GBPUSD,2017-07-03 21:15:00+00:00,2017-07-03 21:30:00+00:00,2017-07-03 21:30:00+00:00,1,-1.0000000000001572,SL,False
S2-09,shock_reversion,GBPUSD,2017-07-05 07:15:00+00:00,2017-07-05 07:30:00+00:00,2017-07-05 07:45:00+00:00,1,1.0,TP,False
S2-09,shock_reversion,GBPUSD,2017-07-06 09:45:00+00:00,2017-07-06 10:00:00+00:00,2017-07-06 10:45:00+00:00,-1,1.0,TP,False
S2-09,shock_reversion,GBPUSD,2017-07-07 05:30:00+00:00,2017-07-07 05:45:00+00:00,2017-07-07 06:00:00+00:00,1,1.0000000000002431,TP,False
S2-09,shock_reversion,GBPUSD,2017-07-07 08:30:00+00:00,2017-07-07 08:45:00+00:00,2017-07-07 10:00:00+00:00,1,-1.0000000000000833,SL,False
S2-09,shock_reversion,GBPUSD,2017-07-07 12:45:00+00:00,2017-07-07 13:00:00+00:00,2017-07-07 16:00:00+00:00,1,0.3243619542954457,FRIDAY,False
S2-09,shock_reversion,GBPUSD,2017-07-10 08:30:00+00:00,2017-07-10 08:45:00+00:00,2017-07-10 08:45:00+00:00,1,-0.9999999999999214,SL,False
S2-09,shock_reversion,GBPUSD,2017-07-11 02:30:00+00:00,2017-07-11 02:45:00+00:00,2017-07-11 03:00:00+00:00,1,1.0,TP,False
S2-09,shock_reversion,GBPUSD,2017-07-11 12:30:00+00:00,2017-07-11 12:45:00+00:00,2017-07-11 12:45:00+00:00,1,-0.9999999999999071,SL,False
S2-09,shock_reversion,GBPUSD,2017-07-11 13:00:00+00:00,2017-07-11 13:15:00+00:00,2017-07-11 14:30:00+00:00,1,-1.000000000000026,SL,False
S2-09,shock_reversion,GBPUSD,2017-07-12 01:15:00+00:00,2017-07-12 01:30:00+00:00,2017-07-12 01:45:00+00:00,1,-1.00000000000022,SL,False
S2-09,shock_reversion,GBPUSD,2017-07-12 06:00:00+00:00,2017-07-12 06:15:00+00:00,2017-07-12 06:15:00+00:00,1,1.0000000000000442,TP,False
S2-09,shock_reversion,GBPUSD,2017-07-12 12:30:00+00:00,2017-07-12 12:45:00+00:00,2017-07-12 12:45:00+00:00,-1,-0.9999999999999531,SL,False
S2-09,shock_reversion,GBPUSD,2017-07-13 06:00:00+00:00,2017-07-13 06:15:00+00:00,2017-07-13 06:30:00+00:00,-1,-1.0,SL,False
S2-09,shock_reversion,GBPUSD,2017-07-13 06:45:00+00:00,2017-07-13 07:00:00+00:00,2017-07-13 07:00:00+00:00,-1,-1.0,SL,False
S2-09,shock_reversion,GBPUSD,2017-07-14 00:30:00+00:00,2017-07-14 00:45:00+00:00,2017-07-14 00:45:00+00:00,-1,1.0000000000001896,TP,False
S2-09,shock_reversion,GBPUSD,2017-07-14 12:30:00+00:00,2017-07-14 12:45:00+00:00,2017-07-14 12:45:00+00:00,-1,-1.0000000000000369,SL,False
S2-09,shock_reversion,GBPUSD,2017-07-14 13:45:00+00:00,2017-07-14 14:00:00+00:00,2017-07-14 14:00:00+00:00,-1,-1.0000000000000493,SL,False
S2-09,shock_reversion,GBPUSD,2017-07-17 06:45:00+00:00,2017-07-17 07:00:00+00:00,2017-07-17 07:00:00+00:00,-1,0.9999999999998888,TP,False
S2-09,shock_reversion,GBPUSD,2017-07-18 01:00:00+00:00,2017-07-18 01:15:00+00:00,2017-07-18 01:15:00+00:00,-1,-0.9999999999998109,SL,False
S2-09,shock_reversion,GBPUSD,2017-07-18 07:45:00+00:00,2017-07-18 08:00:00+00:00,2017-07-18 08:00:00+00:00,-1,1.0000000000000349,TP,False
S2-09,shock_reversion,GBPUSD,2017-07-18 08:15:00+00:00,2017-07-18 08:30:00+00:00,2017-07-18 08:30:00+00:00,1,-0.9999999999999464,SL,False
S2-09,shock_reversion,GBPUSD,2017-07-18 08:30:00+00:00,2017-07-18 08:45:00+00:00,2017-07-18 09:45:00+00:00,1,0.999999999999979,TP,False
S2-09,shock_reversion,GBPUSD,2017-07-19 07:00:00+00:00,2017-07-19 07:15:00+00:00,2017-07-19 07:15:00+00:00,-1,0.9999999999998495,TP,False
S2-09,shock_reversion,GBPUSD,2017-07-20 07:15:00+00:00,2017-07-20 07:30:00+00:00,2017-07-20 07:30:00+00:00,1,-0.9999999999999155,SL,False
S2-09,shock_reversion,GBPUSD,2017-07-20 08:00:00+00:00,2017-07-20 08:15:00+00:00,2017-07-20 08:15:00+00:00,1,1.0000000000000313,TP,False
S2-09,shock_reversion,GBPUSD,2017-07-21 06:45:00+00:00,2017-07-21 07:00:00+00:00,2017-07-21 07:00:00+00:00,-1,1.0000000000000893,TP,False
S2-09,shock_reversion,GBPUSD,2017-07-24 14:45:00+00:00,2017-07-24 15:00:00+00:00,2017-07-24 15:00:00+00:00,-1,1.0,TP,False
S2-09,shock_reversion,GBPUSD,2017-07-26 06:00:00+00:00,2017-07-26 06:15:00+00:00,2017-07-26 06:30:00+00:00,1,-1.0000000000001334,SL,False
S2-09,shock_reversion,GBPUSD,2017-07-26 06:30:00+00:00,2017-07-26 06:45:00+00:00,2017-07-26 06:45:00+00:00,1,0.999999999999893,TP,False
S2-09,shock_reversion,GBPUSD,2017-07-26 18:00:00+00:00,2017-07-26 18:15:00+00:00,2017-07-26 18:15:00+00:00,-1,-1.0000000000000535,SL,False
S2-09,shock_reversion,GBPUSD,2017-07-27 02:00:00+00:00,2017-07-27 02:15:00+00:00,2017-07-27 02:30:00+00:00,-1,-1.000000000000045,SL,False
S2-09,shock_reversion,GBPUSD,2017-07-28 12:30:00+00:00,2017-07-28 12:45:00+00:00,2017-07-28 12:45:00+00:00,-1,-0.9999999999999355,SL,True
S2-09,shock_reversion,GBPUSD,2017-07-31 06:30:00+00:00,2017-07-31 06:45:00+00:00,2017-07-31 06:45:00+00:00,1,-0.9999999999999326,SL,False
S2-09,shock_reversion,GBPUSD,2017-07-31 14:45:00+00:00,2017-07-31 15:00:00+00:00,2017-07-31 15:00:00+00:00,-1,-1.0000000000000289,SL,False
S2-09,shock_reversion,GBPUSD,2017-08-01 04:30:00+00:00,2017-08-01 04:45:00+00:00,2017-08-01 05:00:00+00:00,-1,-0.9999999999998397,SL,False
S2-09,shock_reversion,GBPUSD,2017-08-03 06:45:00+00:00,2017-08-03 07:00:00+00:00,2017-08-03 07:00:00+00:00,-1,-0.9999999999998289,SL,False
S2-09,shock_reversion,GBPUSD,2017-08-03 08:30:00+00:00,2017-08-03 08:45:00+00:00,2017-08-03 09:30:00+00:00,-1,1.0000000000000298,TP,False
S2-09,shock_reversion,GBPUSD,2017-08-03 11:00:00+00:00,2017-08-03 11:15:00+00:00,2017-08-03 11:15:00+00:00,1,-1.0,SL,False
S2-09,shock_reversion,GBPUSD,2017-08-04 04:45:00+00:00,2017-08-04 05:00:00+00:00,2017-08-04 05:00:00+00:00,-1,0.9999999999999225,TP,False
S2-09,shock_reversion,GBPUSD,2017-08-04 12:30:00+00:00,2017-08-04 12:45:00+00:00,2017-08-04 12:45:00+00:00,1,-1.0,SL,False
S2-09,shock_reversion,GBPUSD,2017-08-04 12:45:00+00:00,2017-08-04 13:00:00+00:00,2017-08-04 13:45:00+00:00,1,-1.000000000000078,SL,False
S2-09,shock_reversion,GBPUSD,2017-08-07 06:45:00+00:00,2017-08-07 07:00:00+00:00,2017-08-07 07:00:00+00:00,1,-0.9999999999998374,SL,False
S2-09,shock_reversion,GBPUSD,2017-08-07 07:00:00+00:00,2017-08-07 07:15:00+00:00,2017-08-07 07:15:00+00:00,1,1.0000000000002027,TP,False
S2-09,shock_reversion,GBPUSD,2017-08-07 07:30:00+00:00,2017-08-07 07:45:00+00:00,2017-08-07 07:45:00+00:00,1,1.0000000000000961,TP,False
S2-09,shock_reversion,GBPUSD,2017-08-08 14:15:00+00:00,2017-08-08 14:30:00+00:00,2017-08-08 15:15:00+00:00,1,0.9999999999999727,TP,False
S2-09,shock_reversion,GBPUSD,2017-08-09 00:00:00+00:00,2017-08-09 00:15:00+00:00,2017-08-09 00:15:00+00:00,1,-1.0000000000002804,SL,False
S2-09,shock_reversion,GBPUSD,2017-08-09 06:00:00+00:00,2017-08-09 06:15:00+00:00,2017-08-09 06:15:00+00:00,-1,-1.0000000000001212,SL,False
S2-09,shock_reversion,GBPUSD,2017-08-09 06:15:00+00:00,2017-08-09 06:30:00+00:00,2017-08-09 06:30:00+00:00,-1,0.9999999999999003,TP,False
S2-09,shock_reversion,GBPUSD,2017-08-10 05:15:00+00:00,2017-08-10 05:30:00+00:00,2017-08-10 06:00:00+00:00,1,1.0000000000001725,TP,False
S2-09,shock_reversion,GBPUSD,2017-08-11 12:30:00+00:00,2017-08-11 12:45:00+00:00,2017-08-11 12:45:00+00:00,-1,1.0000000000000622,TP,False
S2-09,shock_reversion,GBPUSD,2017-08-11 12:45:00+00:00,2017-08-11 13:00:00+00:00,2017-08-11 13:30:00+00:00,1,-0.9999999999999214,SL,False
S2-09,shock_reversion,GBPUSD,2017-08-14 23:45:00+00:00,2017-08-15 00:00:00+00:00,2017-08-15 00:00:00+00:00,-1,-0.9999999999997935,SL,False
S2-09,shock_reversion,GBPUSD,2017-08-15 08:30:00+00:00,2017-08-15 08:45:00+00:00,2017-08-15 08:45:00+00:00,1,-0.9999999999999236,SL,False
S2-09,shock_reversion,GBPUSD,2017-08-16 06:15:00+00:00,2017-08-16 06:30:00+00:00,2017-08-16 06:30:00+00:00,1,1.0000000000002005,TP,False
S2-09,shock_reversion,GBPUSD,2017-08-16 07:00:00+00:00,2017-08-16 07:15:00+00:00,2017-08-16 07:15:00+00:00,-1,-1.0000000000001477,SL,False
S2-09,shock_reversion,GBPUSD,2017-08-16 07:30:00+00:00,2017-08-16 07:45:00+00:00,2017-08-16 07:45:00+00:00,1,-1.000000000000076,SL,False
S2-09,shock_reversion,GBPUSD,2017-08-16 08:30:00+00:00,2017-08-16 08:45:00+00:00,2017-08-16 10:00:00+00:00,-1,0.9999999999999778,TP,False
S2-09,shock_reversion,GBPUSD,2017-08-16 18:00:00+00:00,2017-08-16 18:15:00+00:00,2017-08-16 18:15:00+00:00,-1,-0.9999999999999715,SL,False
S2-09,shock_reversion,GBPUSD,2017-08-17 01:15:00+00:00,2017-08-17 01:30:00+00:00,2017-08-17 01:30:00+00:00,-1,0.9999999999997646,TP,False
S2-09,shock_reversion,GBPUSD,2017-08-17 08:30:00+00:00,2017-08-17 08:45:00+00:00,2017-08-17 08:45:00+00:00,-1,1.0000000000001033,TP,False
S2-09,shock_reversion,GBPUSD,2017-08-18 07:00:00+00:00,2017-08-18 07:15:00+00:00,2017-08-18 07:15:00+00:00,-1,1.0000000000001192,TP,False
S2-09,shock_reversion,GBPUSD,2017-08-18 15:15:00+00:00,2017-08-18 15:30:00+00:00,2017-08-18 16:00:00+00:00,1,1.0256097128048565,FRIDAY,False
S2-09,shock_reversion,GBPUSD,2017-08-21 06:15:00+00:00,2017-08-21 06:30:00+00:00,2017-08-21 06:30:00+00:00,1,-1.0000000000002454,SL,False
S2-09,shock_reversion,GBPUSD,2017-08-22 01:00:00+00:00,2017-08-22 01:15:00+00:00,2017-08-22 01:30:00+00:00,-1,1.0000000000002933,TP,False
S2-09,shock_reversion,GBPUSD,2017-08-23 00:00:00+00:00,2017-08-23 00:15:00+00:00,2017-08-23 00:15:00+00:00,1,-0.999999999999818,SL,False
S2-09,shock_reversion,GBPUSD,2017-08-23 07:00:00+00:00,2017-08-23 07:15:00+00:00,2017-08-23 07:15:00+00:00,1,-1.0,SL,False
S2-09,shock_reversion,GBPUSD,2017-08-24 02:00:00+00:00,2017-08-24 02:15:00+00:00,2017-08-24 02:15:00+00:00,1,1.0000000000000688,TP,False
S2-09,shock_reversion,GBPUSD,2017-08-24 06:00:00+00:00,2017-08-24 06:15:00+00:00,2017-08-24 06:15:00+00:00,1,1.0,TP,False
S2-09,shock_reversion,GBPUSD,2017-08-24 06:30:00+00:00,2017-08-24 06:45:00+00:00,2017-08-24 07:15:00+00:00,-1,-0.9999999999998254,SL,False
S2-09,shock_reversion,GBPUSD,2017-08-24 07:30:00+00:00,2017-08-24 07:45:00+00:00,2017-08-24 07:45:00+00:00,-1,1.0,TP,False
S2-09,shock_reversion,GBPUSD,2017-08-24 08:45:00+00:00,2017-08-24 09:00:00+00:00,2017-08-24 09:30:00+00:00,-1,-1.0,SL,False
S2-09,shock_reversion,GBPUSD,2017-08-25 14:00:00+00:00,2017-08-25 14:15:00+00:00,2017-08-25 14:15:00+00:00,-1,-0.9999999999999705,SL,False
S2-09,shock_reversion,GBPUSD,2017-08-25 19:00:00+00:00,2017-08-25 19:15:00+00:00,2017-08-25 19:15:00+00:00,1,0.5079833589903436,FRIDAY,False
S2-09,shock_reversion,GBPUSD,2017-08-28 05:30:00+00:00,2017-08-28 05:45:00+00:00,2017-08-28 05:45:00+00:00,-1,-1.0000000000001679,SL,False
S2-09,shock_reversion,GBPUSD,2017-08-28 13:30:00+00:00,2017-08-28 13:45:00+00:00,2017-08-28 13:45:00+00:00,-1,-0.9999999999999529,SL,False
S2-09,shock_reversion,GBPUSD,2017-08-30 06:15:00+00:00,2017-08-30 06:30:00+00:00,2017-08-30 06:30:00+00:00,1,-0.9999999999997403,SL,False
S2-09,shock_reversion,GBPUSD,2017-08-30 06:30:00+00:00,2017-08-30 06:45:00+00:00,2017-08-30 06:45:00+00:00,1,-0.999999999999791,SL,False
S2-09,shock_reversion,GBPUSD,2017-08-30 12:30:00+00:00,2017-08-30 12:45:00+00:00,2017-08-30 12:45:00+00:00,1,1.0000000000000282,TP,False
S2-09,shock_reversion,GBPUSD,2017-08-31 01:30:00+00:00,2017-08-31 01:45:00+00:00,2017-08-31 02:00:00+00:00,1,1.0000000000001323,TP,False
S2-09,shock_reversion,GBPUSD,2017-09-01 12:30:00+00:00,2017-09-01 12:45:00+00:00,2017-09-01 12:45:00+00:00,-1,-0.9999999999999303,SL,False
S2-09,shock_reversion,GBPUSD,2017-09-03 21:00:00+00:00,2017-09-03 21:15:00+00:00,2017-09-03 22:00:00+00:00,1,1.0000000000000635,TP,False
S2-09,shock_reversion,GBPUSD,2017-09-04 07:15:00+00:00,2017-09-04 07:30:00+00:00,2017-09-04 08:00:00+00:00,1,-1.0000000000002018,SL,False
S2-09,shock_reversion,GBPUSD,2017-09-04 21:00:00+00:00,2017-09-04 21:15:00+00:00,2017-09-04 21:15:00+00:00,1,-1.0000000000001221,SL,False
S2-09,shock_reversion,GBPUSD,2017-09-05 07:30:00+00:00,2017-09-05 07:45:00+00:00,2017-09-05 07:45:00+00:00,1,-1.0000000000000389,SL,False
S2-09,shock_reversion,GBPUSD,2017-09-06 06:00:00+00:00,2017-09-06 06:15:00+00:00,2017-09-06 06:15:00+00:00,1,-1.0000000000000748,SL,False
S2-09,shock_reversion,GBPUSD,2017-09-06 07:00:00+00:00,2017-09-06 07:15:00+00:00,2017-09-06 07:15:00+00:00,-1,1.0,TP,False
S2-09,shock_reversion,GBPUSD,2017-09-06 14:00:00+00:00,2017-09-06 14:15:00+00:00,2017-09-06 14:15:00+00:00,1,0.9999999999999228,TP,False
S2-09,shock_reversion,GBPUSD,2017-09-07 00:15:00+00:00,2017-09-07 00:30:00+00:00,2017-09-07 01:00:00+00:00,-1,1.0000000000002596,TP,False
S2-09,shock_reversion,GBPUSD,2017-09-07 06:00:00+00:00,2017-09-07 06:15:00+00:00,2017-09-07 06:15:00+00:00,1,1.0000000000001565,TP,False
S2-09,shock_reversion,GBPUSD,2017-09-08 00:30:00+00:00,2017-09-08 00:45:00+00:00,2017-09-08 00:45:00+00:00,-1,1.0000000000000915,TP,False
S2-09,shock_reversion,GBPUSD,2017-09-08 02:15:00+00:00,2017-09-08 02:30:00+00:00,2017-09-08 02:30:00+00:00,-1,0.9999999999998486,TP,False
S2-09,shock_reversion,GBPUSD,2017-09-12 06:00:00+00:00,2017-09-12 06:15:00+00:00,2017-09-12 06:15:00+00:00,-1,-1.0000000000001956,SL,False
S2-09,shock_reversion,GBPUSD,2017-09-12 08:30:00+00:00,2017-09-12 08:45:00+00:00,2017-09-12 09:00:00+00:00,-1,-1.000000000000048,SL,False
S2-09,shock_reversion,GBPUSD,2017-09-12 14:15:00+00:00,2017-09-12 14:30:00+00:00,2017-09-12 14:30:00+00:00,1,-1.0000000000000515,SL,True
S2-09,shock_reversion,GBPUSD,2017-09-12 14:30:00+00:00,2017-09-12 14:45:00+00:00,2017-09-12 15:15:00+00:00,-1,-0.9999999999999777,SL,False
S2-09,shock_reversion,GBPUSD,2017-09-13 07:00:00+00:00,2017-09-13 07:15:00+00:00,2017-09-13 07:45:00+00:00,-1,0.9999999999999027,TP,False
S2-09,shock_reversion,GBPUSD,2017-09-13 08:15:00+00:00,2017-09-13 08:30:00+00:00,2017-09-13 08:30:00+00:00,1,-1.0000000000000386,SL,False
S2-09,shock_reversion,GBPUSD,2017-09-14 06:00:00+00:00,2017-09-14 06:15:00+00:00,2017-09-14 06:15:00+00:00,-1,-0.9999999999997655,SL,False
S2-09,shock_reversion,GBPUSD,2017-09-14 06:15:00+00:00,2017-09-14 06:30:00+00:00,2017-09-14 06:45:00+00:00,-1,0.9999999999998671,TP,False
S2-09,shock_reversion,GBPUSD,2017-09-14 11:00:00+00:00,2017-09-14 11:15:00+00:00,2017-09-14 11:15:00+00:00,-1,-1.0,SL,False
S2-09,shock_reversion,GBPUSD,2017-09-14 22:00:00+00:00,2017-09-14 22:15:00+00:00,2017-09-14 22:15:00+00:00,1,-0.999999999999904,SL,False
S2-09,shock_reversion,GBPUSD,2017-09-15 05:15:00+00:00,2017-09-15 05:30:00+00:00,2017-09-15 06:00:00+00:00,-1,1.0000000000001412,TP,False
S2-09,shock_reversion,GBPUSD,2017-09-15 06:15:00+00:00,2017-09-15 06:30:00+00:00,2017-09-15 06:30:00+00:00,-1,-0.9999999999999493,SL,False
S2-09,shock_reversion,GBPUSD,2017-09-15 06:30:00+00:00,2017-09-15 06:45:00+00:00,2017-09-15 06:45:00+00:00,-1,-0.9999999999999224,SL,False
S2-09,shock_reversion,GBPUSD,2017-09-15 08:45:00+00:00,2017-09-15 09:00:00+00:00,2017-09-15 09:00:00+00:00,-1,-0.9999999999999647,SL,False
S2-09,shock_reversion,GBPUSD,2017-09-15 09:15:00+00:00,2017-09-15 09:30:00+00:00,2017-09-15 09:45:00+00:00,-1,-0.9999999999999605,SL,False
S2-09,shock_reversion,GBPUSD,2017-09-18 06:15:00+00:00,2017-09-18 06:30:00+00:00,2017-09-18 06:30:00+00:00,-1,-1.0000000000000895,SL,True
S2-09,shock_reversion,GBPUSD,2017-09-18 15:00:00+00:00,2017-09-18 15:15:00+00:00,2017-09-18 15:15:00+00:00,1,-0.999999999999928,SL,True
S2-09,shock_reversion,GBPUSD,2017-09-19 08:15:00+00:00,2017-09-19 08:30:00+00:00,2017-09-19 08:30:00+00:00,1,-0.9999999999999584,SL,False
S2-09,shock_reversion,GBPUSD,2017-09-20 07:00:00+00:00,2017-09-20 07:15:00+00:00,2017-09-20 07:15:00+00:00,-1,0.9999999999999264,TP,False
S2-09,shock_reversion,GBPUSD,2017-09-20 08:30:00+00:00,2017-09-20 08:45:00+00:00,2017-09-20 08:45:00+00:00,-1,0.9999999999999828,TP,False
S2-09,shock_reversion,GBPUSD,2017-09-20 18:00:00+00:00,2017-09-20 18:15:00+00:00,2017-09-20 18:15:00+00:00,1,-1.0000000000000282,SL,False
S2-09,shock_reversion,GBPUSD,2017-09-21 06:30:00+00:00,2017-09-21 06:45:00+00:00,2017-09-21 06:45:00+00:00,-1,0.9999999999999093,TP,False
S2-09,shock_reversion,GBPUSD,2017-09-21 07:00:00+00:00,2017-09-21 07:15:00+00:00,2017-09-21 07:30:00+00:00,1,0.9999999999999276,TP,False
S2-09,shock_reversion,GBPUSD,2017-09-21 07:30:00+00:00,2017-09-21 07:45:00+00:00,2017-09-21 08:00:00+00:00,-1,1.0000000000000602,TP,False
S2-09,shock_reversion,GBPUSD,2017-09-21 14:45:00+00:00,2017-09-21 15:00:00+00:00,2017-09-21 15:15:00+00:00,-1,-0.9999999999999234,SL,False
S2-09,shock_reversion,GBPUSD,2017-09-22 06:30:00+00:00,2017-09-22 06:45:00+00:00,2017-09-22 06:45:00+00:00,1,0.9999999999998436,TP,False
S2-09,shock_reversion,GBPUSD,2017-09-22 13:45:00+00:00,2017-09-22 14:00:00+00:00,2017-09-22 14:15:00+00:00,1,1.0000000000000169,TP,False
S2-09,shock_reversion,GBPUSD,2017-09-22 20:30:00+00:00,2017-09-22 20:45:00+00:00,2017-09-22 20:45:00+00:00,1,3.0942940403750625,FRIDAY,False
S2-09,shock_reversion,GBPUSD,2017-09-25 06:00:00+00:00,2017-09-25 06:15:00+00:00,2017-09-25 06:15:00+00:00,-1,1.000000000000084,TP,False
S2-09,shock_reversion,GBPUSD,2017-09-26 06:00:00+00:00,2017-09-26 06:15:00+00:00,2017-09-26 06:15:00+00:00,-1,1.0000000000001172,TP,False
S2-09,shock_reversion,GBPUSD,2017-09-26 07:00:00+00:00,2017-09-26 07:15:00+00:00,2017-09-26 07:15:00+00:00,-1,1.0000000000001208,TP,False
S2-09,shock_reversion,GBPUSD,2017-09-26 23:45:00+00:00,2017-09-27 00:00:00+00:00,2017-09-27 00:00:00+00:00,1,-1.0000000000000762,SL,False
S2-09,shock_reversion,GBPUSD,2017-09-27 05:45:00+00:00,2017-09-27 06:00:00+00:00,2017-09-27 06:00:00+00:00,1,-1.0,SL,False
S2-09,shock_reversion,GBPUSD,2017-09-27 06:45:00+00:00,2017-09-27 07:00:00+00:00,2017-09-27 07:15:00+00:00,1,-1.0000000000000389,SL,False
S2-09,shock_reversion,GBPUSD,2017-09-28 07:00:00+00:00,2017-09-28 07:15:00+00:00,2017-09-28 07:15:00+00:00,1,1.000000000000031,TP,False
S2-09,shock_reversion,GBPUSD,2017-09-28 07:15:00+00:00,2017-09-28 07:30:00+00:00,2017-09-28 07:30:00+00:00,-1,-0.9999999999999735,SL,False
S2-09,shock_reversion,GBPUSD,2017-09-29 06:15:00+00:00,2017-09-29 06:30:00+00:00,2017-09-29 06:30:00+00:00,-1,-1.0,SL,False
S2-09,shock_reversion,GBPUSD,2017-09-29 07:00:00+00:00,2017-09-29 07:15:00+00:00,2017-09-29 07:15:00+00:00,1,-0.9999999999998672,SL,False
S2-09,shock_reversion,GBPUSD,2017-09-29 07:15:00+00:00,2017-09-29 07:30:00+00:00,2017-09-29 08:00:00+00:00,1,0.9999999999999275,TP,False
S2-09,shock_reversion,GBPUSD,2017-09-29 08:30:00+00:00,2017-09-29 08:45:00+00:00,2017-09-29 08:45:00+00:00,1,-1.0000000000000446,SL,False
S2-09,shock_reversion,GBPUSD,2017-10-02 07:00:00+00:00,2017-10-02 07:15:00+00:00,2017-10-02 07:15:00+00:00,1,-1.0,SL,False
S2-09,shock_reversion,GBPUSD,2017-10-03 00:45:00+00:00,2017-10-03 01:00:00+00:00,2017-10-03 01:00:00+00:00,1,-1.0000000000001323,SL,False
S2-09,shock_reversion,GBPUSD,2017-10-03 01:15:00+00:00,2017-10-03 01:30:00+00:00,2017-10-03 01:30:00+00:00,1,0.999999999999949,TP,False
S2-09,shock_reversion,GBPUSD,2017-10-04 00:00:00+00:00,2017-10-04 00:15:00+00:00,2017-10-04 00:15:00+00:00,-1,-1.0000000000002436,SL,False
S2-09,shock_reversion,GBPUSD,2017-10-04 05:45:00+00:00,2017-10-04 06:00:00+00:00,2017-10-04 06:00:00+00:00,-1,-0.9999999999999414,SL,False
S2-09,shock_reversion,GBPUSD,2017-10-04 08:30:00+00:00,2017-10-04 08:45:00+00:00,2017-10-04 09:00:00+00:00,-1,0.9999999999999484,TP,False
S2-09,shock_reversion,GBPUSD,2017-10-05 06:00:00+00:00,2017-10-05 06:15:00+00:00,2017-10-05 06:15:00+00:00,1,-1.0000000000000753,SL,False
S2-09,shock_reversion,GBPUSD,2017-10-05 07:00:00+00:00,2017-10-05 07:15:00+00:00,2017-10-05 07:15:00+00:00,1,1.0000000000000373,TP,False
S2-09,shock_reversion,GBPUSD,2017-10-06 00:15:00+00:00,2017-10-06 00:30:00+00:00,2017-10-06 00:30:00+00:00,1,-1.0000000000000693,SL,False
S2-09,shock_reversion,GBPUSD,2017-10-06 04:00:00+00:00,2017-10-06 04:15:00+00:00,2017-10-06 04:45:00+00:00,1,0.9999999999999061,TP,False
S2-09,shock_reversion,GBPUSD,2017-10-06 11:15:00+00:00,2017-10-06 11:30:00+00:00,2017-10-06 12:15:00+00:00,-1,1.0000000000000775,TP,False
S2-09,shock_reversion,GBPUSD,2017-10-08 21:00:00+00:00,2017-10-08 21:15:00+00:00,2017-10-08 21:45:00+00:00,-1,0.9999999999998543,TP,False
S2-09,shock_reversion,GBPUSD,2017-10-10 07:00:00+00:00,2017-10-10 07:15:00+00:00,2017-10-10 07:45:00+00:00,-1,-1.0000000000000466,SL,False
S2-09,shock_reversion,GBPUSD,2017-10-10 14:45:00+00:00,2017-10-10 15:00:00+00:00,2017-10-10 16:30:00+00:00,-1,1.0000000000000295,TP,False
S2-09,shock_reversion,GBPUSD,2017-10-12 01:30:00+00:00,2017-10-12 01:45:00+00:00,2017-10-12 01:45:00+00:00,-1,1.0,TP,False
S2-09,shock_reversion,GBPUSD,2017-10-12 10:30:00+00:00,2017-10-12 10:45:00+00:00,2017-10-12 11:00:00+00:00,1,-0.9999999999999777,SL,False
S2-09,shock_reversion,GBPUSD,2017-10-12 16:00:00+00:00,2017-10-12 16:15:00+00:00,2017-10-12 16:15:00+00:00,-1,-1.000000000000037,SL,False
S2-09,shock_reversion,GBPUSD,2017-10-13 06:15:00+00:00,2017-10-13 06:30:00+00:00,2017-10-13 06:45:00+00:00,1,1.0000000000000526,TP,False
S2-09,shock_reversion,GBPUSD,2017-10-13 06:45:00+00:00,2017-10-13 07:00:00+00:00,2017-10-13 07:00:00+00:00,-1,1.0000000000000369,TP,False
S2-09,shock_reversion,GBPUSD,2017-10-13 09:45:00+00:00,2017-10-13 10:00:00+00:00,2017-10-13 10:30:00+00:00,1,0.9999999999999595,TP,False
S2-09,shock_reversion,GBPUSD,2017-10-13 12:30:00+00:00,2017-10-13 12:45:00+00:00,2017-10-13 13:15:00+00:00,-1,-1.0000000000000362,SL,False
S2-09,shock_reversion,GBPUSD,2017-10-15 21:00:00+00:00,2017-10-15 21:15:00+00:00,2017-10-15 21:30:00+00:00,-1,0.99999999999996,TP,False
S2-09,shock_reversion,GBPUSD,2017-10-16 12:30:00+00:00,2017-10-16 12:45:00+00:00,2017-10-16 13:00:00+00:00,1,0.9999999999999704,TP,False
S2-09,shock_reversion,GBPUSD,2017-10-16 18:15:00+00:00,2017-10-16 18:30:00+00:00,2017-10-16 18:45:00+00:00,1,1.0000000000000697,TP,False
S2-09,shock_reversion,GBPUSD,2017-10-17 06:15:00+00:00,2017-10-17 06:30:00+00:00,2017-10-17 06:30:00+00:00,1,-0.9999999999999374,SL,False
S2-09,shock_reversion,GBPUSD,2017-10-17 07:00:00+00:00,2017-10-17 07:15:00+00:00,2017-10-17 07:30:00+00:00,-1,-1.000000000000046,SL,False
S2-09,shock_reversion,GBPUSD,2017-10-18 08:30:00+00:00,2017-10-18 08:45:00+00:00,2017-10-18 08:45:00+00:00,1,-1.0,SL,False
S2-09,shock_reversion,GBPUSD,2017-10-19 08:00:00+00:00,2017-10-19 08:15:00+00:00,2017-10-19 08:15:00+00:00,1,0.9999999999999726,TP,False
S2-09,shock_reversion,GBPUSD,2017-10-19 08:30:00+00:00,2017-10-19 08:45:00+00:00,2017-10-19 09:15:00+00:00,1,0.9999999999999795,TP,False
S2-09,shock_reversion,GBPUSD,2017-10-20 01:30:00+00:00,2017-10-20 01:45:00+00:00,2017-10-20 01:45:00+00:00,1,-1.0000000000001013,SL,False
S2-09,shock_reversion,GBPUSD,2017-10-20 14:15:00+00:00,2017-10-20 14:30:00+00:00,2017-10-20 15:30:00+00:00,-1,1.0000000000000848,TP,False
S2-09,shock_reversion,GBPUSD,2017-10-23 05:45:00+00:00,2017-10-23 06:00:00+00:00,2017-10-23 06:00:00+00:00,-1,-1.0000000000001512,SL,False
S2-09,shock_reversion,GBPUSD,2017-10-23 06:00:00+00:00,2017-10-23 06:15:00+00:00,2017-10-23 06:15:00+00:00,-1,1.0,TP,False
S2-09,shock_reversion,GBPUSD,2017-10-24 07:00:00+00:00,2017-10-24 07:15:00+00:00,2017-10-24 07:15:00+00:00,1,-1.0,SL,False
S2-09,shock_reversion,GBPUSD,2017-10-25 08:30:00+00:00,2017-10-25 08:45:00+00:00,2017-10-25 08:45:00+00:00,-1,-1.0000000000000273,SL,False
S2-09,shock_reversion,GBPUSD,2017-10-26 07:00:00+00:00,2017-10-26 07:15:00+00:00,2017-10-26 07:45:00+00:00,1,-1.000000000000149,SL,False
S2-09,shock_reversion,GBPUSD,2017-10-27 05:45:00+00:00,2017-10-27 06:00:00+00:00,2017-10-27 06:00:00+00:00,-1,0.9999999999998263,TP,False
S2-09,shock_reversion,GBPUSD,2017-10-27 06:30:00+00:00,2017-10-27 06:45:00+00:00,2017-10-27 07:00:00+00:00,1,-1.000000000000046,SL,False
S2-09,shock_reversion,GBPUSD,2017-10-27 14:00:00+00:00,2017-10-27 14:15:00+00:00,2017-10-27 14:15:00+00:00,-1,1.000000000000046,TP,False
S2-09,shock_reversion,GBPUSD,2017-10-29 21:00:00+00:00,2017-10-29 21:15:00+00:00,2017-10-29 21:15:00+00:00,-1,-0.9999999999999537,SL,False
S2-09,shock_reversion,GBPUSD,2017-10-30 07:00:00+00:00,2017-10-30 07:15:00+00:00,2017-10-30 07:15:00+00:00,1,1.000000000000203,TP,False
S2-09,shock_reversion,GBPUSD,2017-10-30 08:00:00+00:00,2017-10-30 08:15:00+00:00,2017-10-30 08:30:00+00:00,-1,-1.0,SL,False
S2-09,shock_reversion,GBPUSD,2017-10-30 23:45:00+00:00,2017-10-31 00:00:00+00:00,2017-10-31 00:00:00+00:00,-1,0.9999999999997896,TP,False
S2-09,shock_reversion,GBPUSD,2017-10-31 12:45:00+00:00,2017-10-31 13:00:00+00:00,2017-10-31 13:00:00+00:00,-1,-1.0000000000000708,SL,False
S2-09,shock_reversion,GBPUSD,2017-11-01 09:30:00+00:00,2017-11-01 09:45:00+00:00,2017-11-01 11:00:00+00:00,-1,-1.0000000000000513,SL,False
S2-09,shock_reversion,GBPUSD,2017-11-01 14:15:00+00:00,2017-11-01 14:30:00+00:00,2017-11-01 15:00:00+00:00,1,0.9999999999999791,TP,False
S2-09,shock_reversion,GBPUSD,2017-11-02 01:30:00+00:00,2017-11-02 01:45:00+00:00,2017-11-02 01:45:00+00:00,-1,0.999999999999949,TP,False
S2-09,shock_reversion,GBPUSD,2017-11-02 07:30:00+00:00,2017-11-02 07:45:00+00:00,2017-11-02 07:45:00+00:00,1,1.00000000000011,TP,False
S2-09,shock_reversion,GBPUSD,2017-11-02 12:00:00+00:00,2017-11-02 12:15:00+00:00,2017-11-02 12:30:00+00:00,1,-1.0000000000000118,SL,False
S2-09,shock_reversion,GBPUSD,2017-11-03 07:00:00+00:00,2017-11-03 07:15:00+00:00,2017-11-03 07:15:00+00:00,1,-0.9999999999997848,SL,False
S2-09,shock_reversion,GBPUSD,2017-11-03 07:15:00+00:00,2017-11-03 07:30:00+00:00,2017-11-03 07:30:00+00:00,1,1.0000000000001195,TP,False
S2-09,shock_reversion,GBPUSD,2017-11-03 12:30:00+00:00,2017-11-03 12:45:00+00:00,2017-11-03 12:45:00+00:00,-1,0.9999999999999525,TP,False
S2-09,shock_reversion,GBPUSD,2017-11-06 07:00:00+00:00,2017-11-06 07:15:00+00:00,2017-11-06 07:45:00+00:00,-1,-0.9999999999999315,SL,False
S2-09,shock_reversion,GBPUSD,2017-11-06 08:30:00+00:00,2017-11-06 08:45:00+00:00,2017-11-06 09:00:00+00:00,-1,-1.0000000000001215,SL,False
S2-09,shock_reversion,GBPUSD,2017-11-06 16:30:00+00:00,2017-11-06 16:45:00+00:00,2017-11-06 17:00:00+00:00,-1,-0.9999999999999308,SL,False
S2-09,shock_reversion,GBPUSD,2017-11-07 06:45:00+00:00,2017-11-07 07:00:00+00:00,2017-11-07 07:00:00+00:00,1,-1.0000000000001634,SL,False
S2-09,shock_reversion,GBPUSD,2017-11-08 05:45:00+00:00,2017-11-08 06:00:00+00:00,2017-11-08 06:00:00+00:00,1,-0.9999999999997791,SL,False
S2-09,shock_reversion,GBPUSD,2017-11-08 06:00:00+00:00,2017-11-08 06:15:00+00:00,2017-11-08 06:15:00+00:00,1,-0.9999999999999203,SL,False
S2-09,shock_reversion,GBPUSD,2017-11-09 18:00:00+00:00,2017-11-09 18:15:00+00:00,2017-11-09 18:30:00+00:00,-1,1.0,TP,False
S2-09,shock_reversion,GBPUSD,2017-11-10 06:00:00+00:00,2017-11-10 06:15:00+00:00,2017-11-10 06:30:00+00:00,-1,0.9999999999998528,TP,False
S2-09,shock_reversion,GBPUSD,2017-11-10 07:00:00+00:00,2017-11-10 07:15:00+00:00,2017-11-10 07:15:00+00:00,1,-0.9999999999999036,SL,False
S2-09,shock_reversion,GBPUSD,2017-11-10 12:00:00+00:00,2017-11-10 12:15:00+00:00,2017-11-10 12:30:00+00:00,-1,0.9999999999999224,TP,False
S2-09,shock_reversion,GBPUSD,2017-11-12 23:30:00+00:00,2017-11-12 23:45:00+00:00,2017-11-13 00:00:00+00:00,1,-0.9999999999999305,SL,False
S2-09,shock_reversion,GBPUSD,2017-11-13 06:00:00+00:00,2017-11-13 06:15:00+00:00,2017-11-13 06:15:00+00:00,1,-0.9999999999997687,SL,False
S2-09,shock_reversion,GBPUSD,2017-11-13 07:00:00+00:00,2017-11-13 07:15:00+00:00,2017-11-13 07:15:00+00:00,1,-0.9999999999999457,SL,True
S2-09,shock_reversion,GBPUSD,2017-11-14 06:15:00+00:00,2017-11-14 06:30:00+00:00,2017-11-14 06:30:00+00:00,1,-0.9999999999998057,SL,False
S2-09,shock_reversion,GBPUSD,2017-11-14 06:30:00+00:00,2017-11-14 06:45:00+00:00,2017-11-14 06:45:00+00:00,1,-0.9999999999998276,SL,False
S2-09,shock_reversion,GBPUSD,2017-11-14 09:30:00+00:00,2017-11-14 09:45:00+00:00,2017-11-14 10:15:00+00:00,1,0.9999999999999306,TP,False
S2-09,shock_reversion,GBPUSD,2017-11-14 17:45:00+00:00,2017-11-14 18:00:00+00:00,2017-11-14 19:45:00+00:00,-1,1.0,TP,False
S2-09,shock_reversion,GBPUSD,2017-11-15 06:15:00+00:00,2017-11-15 06:30:00+00:00,2017-11-15 06:30:00+00:00,-1,-1.0000000000001397,SL,True
S2-09,shock_reversion,GBPUSD,2017-11-15 06:45:00+00:00,2017-11-15 07:00:00+00:00,2017-11-15 07:00:00+00:00,-1,-0.9999999999998402,SL,False
S2-09,shock_reversion,GBPUSD,2017-11-15 07:00:00+00:00,2017-11-15 07:15:00+00:00,2017-11-15 07:30:00+00:00,-1,-1.0000000000000886,SL,False
S2-09,shock_reversion,GBPUSD,2017-11-15 09:45:00+00:00,2017-11-15 10:00:00+00:00,2017-11-15 10:00:00+00:00,1,1.0,TP,False
S2-09,shock_reversion,GBPUSD,2017-11-16 00:00:00+00:00,2017-11-16 00:15:00+00:00,2017-11-16 00:45:00+00:00,-1,1.0000000000000568,TP,False
S2-09,shock_reversion,GBPUSD,2017-11-16 06:15:00+00:00,2017-11-16 06:30:00+00:00,2017-11-16 06:30:00+00:00,-1,0.9999999999999236,TP,False
S2-09,shock_reversion,GBPUSD,2017-11-16 07:00:00+00:00,2017-11-16 07:15:00+00:00,2017-11-16 07:15:00+00:00,1,-0.9999999999998239,SL,False
S2-09,shock_reversion,GBPUSD,2017-11-16 07:15:00+00:00,2017-11-16 07:30:00+00:00,2017-11-16 07:30:00+00:00,1,-0.9999999999999565,SL,False
S2-09,shock_reversion,GBPUSD,2017-11-17 00:00:00+00:00,2017-11-17 00:15:00+00:00,2017-11-17 00:15:00+00:00,-1,0.9999999999998572,TP,False
S2-09,shock_reversion,GBPUSD,2017-11-17 01:15:00+00:00,2017-11-17 01:30:00+00:00,2017-11-17 01:30:00+00:00,-1,-1.0000000000000935,SL,False
S2-09,shock_reversion,GBPUSD,2017-11-17 10:45:00+00:00,2017-11-17 11:00:00+00:00,2017-11-17 11:00:00+00:00,1,-0.9999999999999302,SL,False
S2-09,shock_reversion,GBPUSD,2017-11-20 07:00:00+00:00,2017-11-20 07:15:00+00:00,2017-11-20 07:15:00+00:00,-1,-0.9999999999998085,SL,False
S2-09,shock_reversion,GBPUSD,2017-11-20 08:30:00+00:00,2017-11-20 08:45:00+00:00,2017-11-20 09:45:00+00:00,-1,-1.0000000000000573,SL,False
S2-09,shock_reversion,GBPUSD,2017-11-21 07:00:00+00:00,2017-11-21 07:15:00+00:00,2017-11-21 07:15:00+00:00,-1,-1.0000000000001783,SL,False
S2-09,shock_reversion,GBPUSD,2017-11-21 07:30:00+00:00,2017-11-21 07:45:00+00:00,2017-11-21 07:45:00+00:00,-1,-1.0000000000001863,SL,False
S2-09,shock_reversion,GBPUSD,2017-11-21 10:45:00+00:00,2017-11-21 11:00:00+00:00,2017-11-21 11:00:00+00:00,1,1.0000000000000497,TP,False
S2-09,shock_reversion,GBPUSD,2017-11-22 07:15:00+00:00,2017-11-22 07:30:00+00:00,2017-11-22 07:30:00+00:00,1,-0.9999999999998528,SL,False
S2-09,shock_reversion,GBPUSD,2017-11-22 12:45:00+00:00,2017-11-22 13:00:00+00:00,2017-11-22 13:00:00+00:00,1,0.9999999999999716,TP,False
S2-09,shock_reversion,GBPUSD,2017-11-24 21:45:00+00:00,2017-11-26 22:00:00+00:00,2017-11-26 22:00:00+00:00,-1,-1.0000000000000542,SL,False
S2-09,shock_reversion,GBPUSD,2017-11-27 12:45:00+00:00,2017-11-27 13:00:00+00:00,2017-11-27 13:30:00+00:00,-1,-1.0,SL,False
S2-09,shock_reversion,GBPUSD,2017-11-28 06:00:00+00:00,2017-11-28 06:15:00+00:00,2017-11-28 06:15:00+00:00,-1,-1.0000000000001192,SL,True
S2-09,shock_reversion,GBPUSD,2017-11-28 06:30:00+00:00,2017-11-28 06:45:00+00:00,2017-11-28 07:00:00+00:00,1,-0.9999999999999561,SL,False
S2-09,shock_reversion,GBPUSD,2017-11-28 15:45:00+00:00,2017-11-28 16:00:00+00:00,2017-11-28 17:30:00+00:00,1,1.0000000000000728,TP,False
S2-09,shock_reversion,GBPUSD,2017-11-28 17:30:00+00:00,2017-11-28 17:45:00+00:00,2017-11-28 17:45:00+00:00,-1,-1.0,SL,False
S2-09,shock_reversion,GBPUSD,2017-11-29 06:00:00+00:00,2017-11-29 06:15:00+00:00,2017-11-29 06:15:00+00:00,-1,-1.000000000000111,SL,False
S2-09,shock_reversion,GBPUSD,2017-11-29 07:00:00+00:00,2017-11-29 07:15:00+00:00,2017-11-29 07:15:00+00:00,-1,0.999999999999886,TP,False
S2-09,shock_reversion,GBPUSD,2017-11-29 15:30:00+00:00,2017-11-29 15:45:00+00:00,2017-11-29 16:00:00+00:00,1,0.9999999999999423,TP,False
S2-09,shock_reversion,GBPUSD,2017-11-30 01:15:00+00:00,2017-11-30 01:30:00+00:00,2017-11-30 01:30:00+00:00,-1,-0.999999999999902,SL,False
S2-09,shock_reversion,GBPUSD,2017-11-30 01:30:00+00:00,2017-11-30 01:45:00+00:00,2017-11-30 02:15:00+00:00,-1,-1.0000000000001155,SL,False
S2-09,shock_reversion,GBPUSD,2017-12-01 08:00:00+00:00,2017-12-01 08:15:00+00:00,2017-12-01 08:30:00+00:00,1,-1.0000000000001004,SL,True
S2-09,shock_reversion,GBPUSD,2017-12-01 13:30:00+00:00,2017-12-01 13:45:00+00:00,2017-12-01 15:00:00+00:00,1,-0.9999999999999728,SL,False
S2-09,shock_reversion,GBPUSD,2017-12-01 16:00:00+00:00,2017-12-01 16:15:00+00:00,2017-12-01 16:15:00+00:00,-1,-0.8836118015537746,FRIDAY,False
S2-09,shock_reversion,GBPUSD,2017-12-01 19:00:00+00:00,2017-12-01 19:15:00+00:00,2017-12-01 19:15:00+00:00,1,0.7977489676020477,FRIDAY,False
S2-09,shock_reversion,GBPUSD,2017-12-04 06:15:00+00:00,2017-12-04 06:30:00+00:00,2017-12-04 06:30:00+00:00,1,1.0000000000000766,TP,False
S2-09,shock_reversion,GBPUSD,2017-12-04 07:00:00+00:00,2017-12-04 07:15:00+00:00,2017-12-04 07:30:00+00:00,1,1.0,TP,False
S2-09,shock_reversion,GBPUSD,2017-12-04 11:15:00+00:00,2017-12-04 11:30:00+00:00,2017-12-04 11:30:00+00:00,-1,-1.000000000000059,SL,False
S2-09,shock_reversion,GBPUSD,2017-12-04 15:45:00+00:00,2017-12-04 16:00:00+00:00,2017-12-04 16:00:00+00:00,1,-1.0000000000000129,SL,False
S2-09,shock_reversion,GBPUSD,2017-12-05 06:30:00+00:00,2017-12-05 06:45:00+00:00,2017-12-05 06:45:00+00:00,1,-1.0000000000001026,SL,False
S2-09,shock_reversion,GBPUSD,2017-12-05 08:15:00+00:00,2017-12-05 08:30:00+00:00,2017-12-05 09:15:00+00:00,1,0.9999999999999514,TP,False
S2-09,shock_reversion,GBPUSD,2017-12-05 12:15:00+00:00,2017-12-05 12:30:00+00:00,2017-12-05 12:45:00+00:00,-1,1.0000000000000202,TP,False
S2-09,shock_reversion,GBPUSD,2017-12-05 22:45:00+00:00,2017-12-05 23:00:00+00:00,2017-12-05 23:00:00+00:00,1,-1.0000000000000626,SL,False
S2-09,shock_reversion,GBPUSD,2017-12-05 23:00:00+00:00,2017-12-05 23:15:00+00:00,2017-12-05 23:15:00+00:00,1,1.0,TP,False
S2-09,shock_reversion,GBPUSD,2017-12-06 07:30:00+00:00,2017-12-06 07:45:00+00:00,2017-12-06 07:45:00+00:00,1,1.000000000000032,TP,False
S2-09,shock_reversion,GBPUSD,2017-12-07 05:30:00+00:00,2017-12-07 05:45:00+00:00,2017-12-07 05:45:00+00:00,1,-0.9999999999997449,SL,False
S2-09,shock_reversion,GBPUSD,2017-12-07 10:15:00+00:00,2017-12-07 10:30:00+00:00,2017-12-07 10:45:00+00:00,-1,0.9999999999999419,TP,False
S2-09,shock_reversion,GBPUSD,2017-12-07 11:15:00+00:00,2017-12-07 11:30:00+00:00,2017-12-07 11:45:00+00:00,1,-0.9999999999999777,SL,False
S2-09,shock_reversion,GBPUSD,2017-12-07 11:45:00+00:00,2017-12-07 12:00:00+00:00,2017-12-07 12:30:00+00:00,1,0.9999999999999617,TP,False
S2-09,shock_reversion,GBPUSD,2017-12-07 14:45:00+00:00,2017-12-07 15:00:00+00:00,2017-12-07 15:15:00+00:00,-1,0.9999999999999667,TP,False
S2-09,shock_reversion,GBPUSD,2017-12-07 18:15:00+00:00,2017-12-07 18:30:00+00:00,2017-12-07 18:30:00+00:00,-1,1.0,TP,False
S2-09,shock_reversion,GBPUSD,2017-12-08 05:15:00+00:00,2017-12-08 05:30:00+00:00,2017-12-08 05:30:00+00:00,-1,-1.0000000000000435,SL,False
S2-09,shock_reversion,GBPUSD,2017-12-08 06:45:00+00:00,2017-12-08 07:00:00+00:00,2017-12-08 07:00:00+00:00,1,0.9999999999999784,TP,False
S2-09,shock_reversion,GBPUSD,2017-12-08 21:45:00+00:00,2017-12-10 22:00:00+00:00,2017-12-10 22:00:00+00:00,1,-1.0,SL,False
S2-09,shock_reversion,GBPUSD,2017-12-11 07:00:00+00:00,2017-12-11 07:15:00+00:00,2017-12-11 07:15:00+00:00,-1,1.0000000000000957,TP,False
S2-09,shock_reversion,GBPUSD,2017-12-11 07:30:00+00:00,2017-12-11 07:45:00+00:00,2017-12-11 07:45:00+00:00,1,-0.9999999999998865,SL,False
S2-09,shock_reversion,GBPUSD,2017-12-12 09:30:00+00:00,2017-12-12 09:45:00+00:00,2017-12-12 09:45:00+00:00,-1,1.0000000000000282,TP,False
S2-09,shock_reversion,GBPUSD,2017-12-13 08:45:00+00:00,2017-12-13 09:00:00+00:00,2017-12-13 09:00:00+00:00,-1,-1.0000000000000395,SL,False
S2-09,shock_reversion,GBPUSD,2017-12-13 13:30:00+00:00,2017-12-13 13:45:00+00:00,2017-12-13 14:45:00+00:00,-1,-1.0000000000000477,SL,False
S2-09,shock_reversion,GBPUSD,2017-12-13 19:45:00+00:00,2017-12-13 20:00:00+00:00,2017-12-13 23:45:00+00:00,-1,0.1361385617058935,TIME,False
S2-09,shock_reversion,GBPUSD,2017-12-15 07:30:00+00:00,2017-12-15 07:45:00+00:00,2017-12-15 08:00:00+00:00,1,-1.0000000000000617,SL,False
S2-09,shock_reversion,GBPUSD,2017-12-15 13:30:00+00:00,2017-12-15 13:45:00+00:00,2017-12-15 13:45:00+00:00,1,-0.9999999999999575,SL,False
S2-09,shock_reversion,GBPUSD,2017-12-19 01:00:00+00:00,2017-12-19 01:15:00+00:00,2017-12-19 01:45:00+00:00,1,1.000000000000062,TP,False
S2-09,shock_reversion,GBPUSD,2017-12-20 08:15:00+00:00,2017-12-20 08:30:00+00:00,2017-12-20 08:30:00+00:00,1,1.0,TP,False
S2-09,shock_reversion,GBPUSD,2017-12-21 01:00:00+00:00,2017-12-21 01:15:00+00:00,2017-12-21 01:30:00+00:00,1,-0.9999999999998134,SL,False
S2-09,shock_reversion,GBPUSD,2017-12-22 08:00:00+00:00,2017-12-22 08:15:00+00:00,2017-12-22 08:30:00+00:00,1,-1.000000000000143,SL,False
S2-09,shock_reversion,GBPUSD,2017-12-22 09:30:00+00:00,2017-12-22 09:45:00+00:00,2017-12-22 09:45:00+00:00,-1,-0.9999999999999659,SL,False
S2-09,shock_reversion,GBPUSD,2017-12-25 00:45:00+00:00,2017-12-25 01:00:00+00:00,2017-12-25 01:00:00+00:00,-1,-0.99999999999987,SL,False
S2-09,shock_reversion,GBPUSD,2017-12-25 05:45:00+00:00,2017-12-25 06:00:00+00:00,2017-12-25 06:00:00+00:00,-1,-0.9999999999997303,SL,False
S2-09,shock_reversion,GBPUSD,2017-12-25 06:15:00+00:00,2017-12-25 06:30:00+00:00,2017-12-25 06:30:00+00:00,-1,-0.999999999999766,SL,False
S2-09,shock_reversion,GBPUSD,2017-12-25 07:30:00+00:00,2017-12-25 07:45:00+00:00,2017-12-25 07:45:00+00:00,-1,-1.0000000000000755,SL,False
S2-09,shock_reversion,GBPUSD,2017-12-25 22:30:00+00:00,2017-12-25 22:45:00+00:00,2017-12-26 02:30:00+00:00,-1,0.1611280487804878,TIME,False
S2-09,shock_reversion,GBPUSD,2017-12-26 13:00:00+00:00,2017-12-26 13:15:00+00:00,2017-12-26 14:15:00+00:00,1,1.0000000000000666,TP,False
S2-09,shock_reversion,GBPUSD,2017-12-27 02:30:00+00:00,2017-12-27 02:45:00+00:00,2017-12-27 02:45:00+00:00,1,-1.0,SL,True
S2-09,shock_reversion,GBPUSD,2017-12-27 02:45:00+00:00,2017-12-27 03:00:00+00:00,2017-12-27 03:00:00+00:00,-1,-0.9999999999996858,SL,False
S2-09,shock_reversion,GBPUSD,2017-12-27 07:45:00+00:00,2017-12-27 08:00:00+00:00,2017-12-27 08:00:00+00:00,-1,-0.9999999999997596,SL,False
S2-09,shock_reversion,GBPUSD,2017-12-27 15:45:00+00:00,2017-12-27 16:00:00+00:00,2017-12-27 16:30:00+00:00,1,-1.0000000000000744,SL,False
S2-09,shock_reversion,GBPUSD,2017-12-27 22:00:00+00:00,2017-12-27 22:15:00+00:00,2017-12-27 22:45:00+00:00,-1,1.0000000000001077,TP,False
S2-09,shock_reversion,GBPUSD,2017-12-28 22:30:00+00:00,2017-12-28 22:45:00+00:00,2017-12-28 22:45:00+00:00,1,-1.0,SL,False
S2-09,shock_reversion,GBPUSD,2017-12-29 08:30:00+00:00,2017-12-29 08:45:00+00:00,2017-12-29 08:45:00+00:00,-1,-1.0,SL,False
S2-09,shock_reversion,GBPUSD,2017-12-29 15:45:00+00:00,2017-12-29 16:00:00+00:00,2017-12-29 16:00:00+00:00,-1,0.8289140467135508,FRIDAY,False
S2-09,shock_reversion,GBPUSD,2017-12-29 21:45:00+00:00,2018-01-01 22:00:00+00:00,2018-01-01 22:00:00+00:00,1,-0.9999999999998491,SL,False
S2-09,shock_reversion,GBPUSD,2018-01-01 22:45:00+00:00,2018-01-01 23:00:00+00:00,2018-01-01 23:00:00+00:00,-1,-1.0,SL,False
S2-09,shock_reversion,GBPUSD,2018-01-02 07:00:00+00:00,2018-01-02 07:15:00+00:00,2018-01-02 07:30:00+00:00,-1,0.9999999999998105,TP,False
S2-09,shock_reversion,GBPUSD,2018-01-02 15:45:00+00:00,2018-01-02 16:00:00+00:00,2018-01-02 16:15:00+00:00,-1,-1.0,SL,False
S2-09,shock_reversion,GBPUSD,2018-01-03 01:45:00+00:00,2018-01-03 02:00:00+00:00,2018-01-03 02:15:00+00:00,-1,1.0000000000001177,TP,False
S2-09,shock_reversion,GBPUSD,2018-01-03 06:45:00+00:00,2018-01-03 07:00:00+00:00,2018-01-03 07:00:00+00:00,1,-0.999999999999878,SL,False
S2-09,shock_reversion,GBPUSD,2018-01-03 15:00:00+00:00,2018-01-03 15:15:00+00:00,2018-01-03 15:15:00+00:00,1,-1.0000000000000653,SL,False
S2-09,shock_reversion,GBPUSD,2018-01-03 19:00:00+00:00,2018-01-03 19:15:00+00:00,2018-01-03 19:30:00+00:00,1,1.000000000000079,TP,False
S2-09,shock_reversion,GBPUSD,2018-01-05 13:30:00+00:00,2018-01-05 13:45:00+00:00,2018-01-05 14:00:00+00:00,-1,1.0000000000001095,TP,False
S2-09,shock_reversion,GBPUSD,2018-01-07 22:15:00+00:00,2018-01-07 22:30:00+00:00,2018-01-07 23:00:00+00:00,-1,-0.9999999999999291,SL,False
S2-09,shock_reversion,GBPUSD,2018-01-09 06:30:00+00:00,2018-01-09 06:45:00+00:00,2018-01-09 06:45:00+00:00,1,-0.9999999999999153,SL,True
S2-09,shock_reversion,GBPUSD,2018-01-10 05:45:00+00:00,2018-01-10 06:00:00+00:00,2018-01-10 06:15:00+00:00,1,-0.999999999999785,SL,False
S2-09,shock_reversion,GBPUSD,2018-01-10 07:00:00+00:00,2018-01-10 07:15:00+00:00,2018-01-10 07:15:00+00:00,-1,1.0000000000001343,TP,False
S2-09,shock_reversion,GBPUSD,2018-01-10 10:30:00+00:00,2018-01-10 10:45:00+00:00,2018-01-10 11:00:00+00:00,-1,-1.0000000000000466,SL,False
S2-09,shock_reversion,GBPUSD,2018-01-12 00:00:00+00:00,2018-01-12 00:15:00+00:00,2018-01-12 00:45:00+00:00,-1,-1.0,SL,False
S2-09,shock_reversion,GBPUSD,2018-01-12 07:00:00+00:00,2018-01-12 07:15:00+00:00,2018-01-12 07:15:00+00:00,-1,1.0000000000001914,TP,False
S2-09,shock_reversion,GBPUSD,2018-01-12 08:30:00+00:00,2018-01-12 08:45:00+00:00,2018-01-12 08:45:00+00:00,-1,-0.9999999999999293,SL,False
S2-09,shock_reversion,GBPUSD,2018-01-12 13:30:00+00:00,2018-01-12 13:45:00+00:00,2018-01-12 13:45:00+00:00,1,1.0,TP,False
S2-09,shock_reversion,GBPUSD,2018-01-12 13:45:00+00:00,2018-01-12 14:00:00+00:00,2018-01-12 14:15:00+00:00,-1,-1.0,SL,False
S2-09,shock_reversion,GBPUSD,2018-01-15 06:00:00+00:00,2018-01-15 06:15:00+00:00,2018-01-15 06:15:00+00:00,-1,0.9999999999999186,TP,False
S2-09,shock_reversion,GBPUSD,2018-01-15 09:45:00+00:00,2018-01-15 10:00:00+00:00,2018-01-15 10:15:00+00:00,-1,-1.0000000000000466,SL,False
S2-09,shock_reversion,GBPUSD,2018-01-16 06:30:00+00:00,2018-01-16 06:45:00+00:00,2018-01-16 07:00:00+00:00,-1,0.999999999999887,TP,False
S2-09,shock_reversion,GBPUSD,2018-01-16 07:00:00+00:00,2018-01-16 07:15:00+00:00,2018-01-16 08:00:00+00:00,1,1.000000000000047,TP,False
S2-09,shock_reversion,GBPUSD,2018-01-17 00:30:00+00:00,2018-01-17 00:45:00+00:00,2018-01-17 00:45:00+00:00,-1,-1.0000000000001574,SL,False
S2-09,shock_reversion,GBPUSD,2018-01-17 15:45:00+00:00,2018-01-17 16:00:00+00:00,2018-01-17 17:45:00+00:00,-1,-0.9999999999999233,SL,False
S2-09,shock_reversion,GBPUSD,2018-01-17 18:00:00+00:00,2018-01-17 18:15:00+00:00,2018-01-17 18:30:00+00:00,-1,-0.9999999999999803,SL,False
S2-09,shock_reversion,GBPUSD,2018-01-18 07:00:00+00:00,2018-01-18 07:15:00+00:00,2018-01-18 07:15:00+00:00,1,-1.000000000000036,SL,False
S2-09,shock_reversion,GBPUSD,2018-01-19 09:30:00+00:00,2018-01-19 09:45:00+00:00,2018-01-19 10:00:00+00:00,-1,1.0000000000000226,TP,False
S2-09,shock_reversion,GBPUSD,2018-01-21 22:00:00+00:00,2018-01-21 22:15:00+00:00,2018-01-21 23:15:00+00:00,-1,1.0000000000000913,TP,False
S2-09,shock_reversion,GBPUSD,2018-01-22 07:30:00+00:00,2018-01-22 07:45:00+00:00,2018-01-22 08:00:00+00:00,-1,-1.0,SL,False
S2-09,shock_reversion,GBPUSD,2018-01-23 00:30:00+00:00,2018-01-23 00:45:00+00:00,2018-01-23 01:15:00+00:00,-1,-1.0000000000000544,SL,True
S2-09,shock_reversion,GBPUSD,2018-01-23 23:30:00+00:00,2018-01-23 23:45:00+00:00,2018-01-24 00:15:00+00:00,-1,1.0000000000000602,TP,False
S2-09,shock_reversion,GBPUSD,2018-01-24 21:45:00+00:00,2018-01-24 22:00:00+00:00,2018-01-24 22:15:00+00:00,-1,-0.999999999999915,SL,False
S2-09,shock_reversion,GBPUSD,2018-01-25 19:00:00+00:00,2018-01-25 19:15:00+00:00,2018-01-25 19:15:00+00:00,1,-0.9999999999999669,SL,False
S2-09,shock_reversion,GBPUSD,2018-01-25 19:15:00+00:00,2018-01-25 19:30:00+00:00,2018-01-25 19:30:00+00:00,1,-1.0000000000000133,SL,False
S2-09,shock_reversion,GBPUSD,2018-01-26 07:00:00+00:00,2018-01-26 07:15:00+00:00,2018-01-26 07:15:00+00:00,-1,1.0000000000000264,TP,False
S2-09,shock_reversion,GBPUSD,2018-01-29 07:15:00+00:00,2018-01-29 07:30:00+00:00,2018-01-29 07:45:00+00:00,1,1.0,TP,False
S2-09,shock_reversion,GBPUSD,2018-01-30 00:15:00+00:00,2018-01-30 00:30:00+00:00,2018-01-30 00:30:00+00:00,1,-0.9999999999998889,SL,False
S2-09,shock_reversion,GBPUSD,2018-01-30 07:45:00+00:00,2018-01-30 08:00:00+00:00,2018-01-30 08:00:00+00:00,1,-1.0000000000000817,SL,False
S2-09,shock_reversion,GBPUSD,2018-01-31 00:15:00+00:00,2018-01-31 00:30:00+00:00,2018-01-31 00:45:00+00:00,-1,0.9999999999999576,TP,False
S2-09,shock_reversion,GBPUSD,2018-01-31 19:00:00+00:00,2018-01-31 19:15:00+00:00,2018-01-31 19:15:00+00:00,1,1.0000000000000295,TP,False
S2-09,shock_reversion,GBPUSD,2018-02-01 08:00:00+00:00,2018-02-01 08:15:00+00:00,2018-02-01 08:15:00+00:00,-1,-0.9999999999999571,SL,False
S2-09,shock_reversion,GBPUSD,2018-02-02 13:30:00+00:00,2018-02-02 13:45:00+00:00,2018-02-02 13:45:00+00:00,1,-1.0,SL,False
S2-09,shock_reversion,GBPUSD,2018-02-05 11:45:00+00:00,2018-02-05 12:00:00+00:00,2018-02-05 12:45:00+00:00,1,-1.000000000000035,SL,False
S2-09,shock_reversion,GBPUSD,2018-02-07 07:00:00+00:00,2018-02-07 07:15:00+00:00,2018-02-07 07:15:00+00:00,-1,-0.9999999999999603,SL,False
S2-09,shock_reversion,GBPUSD,2018-02-07 08:00:00+00:00,2018-02-07 08:15:00+00:00,2018-02-07 08:30:00+00:00,1,0.9999999999999761,TP,False
S2-09,shock_reversion,GBPUSD,2018-02-08 12:00:00+00:00,2018-02-08 12:15:00+00:00,2018-02-08 12:15:00+00:00,-1,1.0000000000000118,TP,False
S2-09,shock_reversion,GBPUSD,2018-02-09 06:30:00+00:00,2018-02-09 06:45:00+00:00,2018-02-09 07:00:00+00:00,-1,-1.0,SL,False
S2-09,shock_reversion,GBPUSD,2018-02-09 11:45:00+00:00,2018-02-09 12:00:00+00:00,2018-02-09 12:00:00+00:00,1,-1.0000000000000444,SL,False
S2-09,shock_reversion,GBPUSD,2018-02-12 08:30:00+00:00,2018-02-12 08:45:00+00:00,2018-02-12 08:45:00+00:00,-1,0.9999999999999265,TP,False
S2-09,shock_reversion,GBPUSD,2018-02-14 02:45:00+00:00,2018-02-14 03:00:00+00:00,2018-02-14 03:00:00+00:00,-1,1.0000000000000875,TP,False
S2-09,shock_reversion,GBPUSD,2018-02-14 13:30:00+00:00,2018-02-14 13:45:00+00:00,2018-02-14 14:00:00+00:00,1,1.0000000000000178,TP,False
S2-09,shock_reversion,GBPUSD,2018-02-14 15:00:00+00:00,2018-02-14 15:15:00+00:00,2018-02-14 15:30:00+00:00,-1,-1.0000000000000127,SL,False
S2-09,shock_reversion,GBPUSD,2018-02-15 07:15:00+00:00,2018-02-15 07:30:00+00:00,2018-02-15 07:30:00+00:00,-1,-1.0000000000000948,SL,False
S2-09,shock_reversion,GBPUSD,2018-02-16 04:00:00+00:00,2018-02-16 04:15:00+00:00,2018-02-16 04:45:00+00:00,-1,-1.00000000000008,SL,False
S2-09,shock_reversion,GBPUSD,2018-02-16 09:15:00+00:00,2018-02-16 09:30:00+00:00,2018-02-16 09:30:00+00:00,1,0.9999999999999716,TP,False
S2-09,shock_reversion,GBPUSD,2018-02-19 05:30:00+00:00,2018-02-19 05:45:00+00:00,2018-02-19 06:30:00+00:00,1,1.0000000000001115,TP,False
S2-09,shock_reversion,GBPUSD,2018-02-19 07:15:00+00:00,2018-02-19 07:30:00+00:00,2018-02-19 07:30:00+00:00,1,-1.0000000000000353,SL,False
S2-09,shock_reversion,GBPUSD,2018-02-19 13:45:00+00:00,2018-02-19 14:00:00+00:00,2018-02-19 14:00:00+00:00,1,1.000000000000062,TP,False
S2-09,shock_reversion,GBPUSD,2018-02-20 07:30:00+00:00,2018-02-20 07:45:00+00:00,2018-02-20 08:00:00+00:00,1,-1.0000000000000655,SL,False
S2-09,shock_reversion,GBPUSD,2018-02-20 09:30:00+00:00,2018-02-20 09:45:00+00:00,2018-02-20 09:45:00+00:00,-1,-0.9999999999999645,SL,False
S2-09,shock_reversion,GBPUSD,2018-02-20 13:45:00+00:00,2018-02-20 14:00:00+00:00,2018-02-20 14:00:00+00:00,1,0.9999999999999333,TP,False
S2-09,shock_reversion,GBPUSD,2018-02-21 00:00:00+00:00,2018-02-21 00:15:00+00:00,2018-02-21 00:15:00+00:00,-1,-0.9999999999999168,SL,False
S2-09,shock_reversion,GBPUSD,2018-02-21 08:15:00+00:00,2018-02-21 08:30:00+00:00,2018-02-21 08:30:00+00:00,1,1.0000000000000686,TP,False
S2-09,shock_reversion,GBPUSD,2018-02-21 09:30:00+00:00,2018-02-21 09:45:00+00:00,2018-02-21 09:45:00+00:00,1,0.9999999999999791,TP,False
S2-09,shock_reversion,GBPUSD,2018-02-21 15:00:00+00:00,2018-02-21 15:15:00+00:00,2018-02-21 15:30:00+00:00,-1,0.9999999999999816,TP,False
S2-09,shock_reversion,GBPUSD,2018-02-21 19:00:00+00:00,2018-02-21 19:15:00+00:00,2018-02-21 19:15:00+00:00,-1,-1.0,SL,True
S2-09,shock_reversion,GBPUSD,2018-02-23 08:00:00+00:00,2018-02-23 08:15:00+00:00,2018-02-23 08:30:00+00:00,-1,-1.000000000000035,SL,False
S2-09,shock_reversion,GBPUSD,2018-02-23 08:30:00+00:00,2018-02-23 08:45:00+00:00,2018-02-23 08:45:00+00:00,-1,-0.9999999999999418,SL,False
S2-09,shock_reversion,GBPUSD,2018-02-23 11:00:00+00:00,2018-02-23 11:15:00+00:00,2018-02-23 11:45:00+00:00,1,0.9999999999999705,TP,False
S2-09,shock_reversion,GBPUSD,2018-02-26 07:30:00+00:00,2018-02-26 07:45:00+00:00,2018-02-26 07:45:00+00:00,-1,0.9999999999999689,TP,False
S2-09,shock_reversion,GBPUSD,2018-02-27 00:00:00+00:00,2018-02-27 00:15:00+00:00,2018-02-27 00:30:00+00:00,-1,0.9999999999999386,TP,False
S2-09,shock_reversion,GBPUSD,2018-02-28 06:30:00+00:00,2018-02-28 06:45:00+00:00,2018-02-28 06:45:00+00:00,-1,-0.9999999999998496,SL,False
S2-09,shock_reversion,GBPUSD,2018-03-04 22:00:00+00:00,2018-03-04 22:15:00+00:00,2018-03-04 22:15:00+00:00,-1,-1.0000000000000793,SL,False
S2-09,shock_reversion,GBPUSD,2018-03-05 07:00:00+00:00,2018-03-05 07:15:00+00:00,2018-03-05 07:15:00+00:00,1,1.000000000000088,TP,False
S2-09,shock_reversion,GBPUSD,2018-03-05 15:30:00+00:00,2018-03-05 15:45:00+00:00,2018-03-05 16:00:00+00:00,-1,-1.0000000000000733,SL,False
S2-09,shock_reversion,GBPUSD,2018-03-06 07:00:00+00:00,2018-03-06 07:15:00+00:00,2018-03-06 07:15:00+00:00,1,0.9999999999999,TP,False
S2-09,shock_reversion,GBPUSD,2018-03-07 06:30:00+00:00,2018-03-07 06:45:00+00:00,2018-03-07 06:45:00+00:00,-1,0.9999999999998959,TP,False
S2-09,shock_reversion,GBPUSD,2018-03-08 06:45:00+00:00,2018-03-08 07:00:00+00:00,2018-03-08 07:00:00+00:00,1,1.0000000000000735,TP,False
S2-09,shock_reversion,GBPUSD,2018-03-08 07:30:00+00:00,2018-03-08 07:45:00+00:00,2018-03-08 08:00:00+00:00,-1,0.9999999999999466,TP,False
S2-09,shock_reversion,GBPUSD,2018-03-08 19:45:00+00:00,2018-03-08 20:00:00+00:00,2018-03-08 20:00:00+00:00,1,1.0000000000000815,TP,False
S2-09,shock_reversion,GBPUSD,2018-03-09 13:30:00+00:00,2018-03-09 13:45:00+00:00,2018-03-09 13:45:00+00:00,1,0.9999999999999165,TP,False
S2-09,shock_reversion,GBPUSD,2018-03-09 13:45:00+00:00,2018-03-09 14:00:00+00:00,2018-03-09 14:15:00+00:00,-1,-0.9999999999999278,SL,False
S2-09,shock_reversion,GBPUSD,2018-03-12 07:30:00+00:00,2018-03-12 07:45:00+00:00,2018-03-12 07:45:00+00:00,-1,-1.0,SL,False
S2-09,shock_reversion,GBPUSD,2018-03-13 06:30:00+00:00,2018-03-13 06:45:00+00:00,2018-03-13 06:45:00+00:00,1,-0.9999999999998657,SL,False
S2-09,shock_reversion,GBPUSD,2018-03-13 12:30:00+00:00,2018-03-13 12:45:00+00:00,2018-03-13 12:45:00+00:00,-1,-0.999999999999926,SL,False
S2-09,shock_reversion,GBPUSD,2018-03-14 05:45:00+00:00,2018-03-14 06:00:00+00:00,2018-03-14 06:00:00+00:00,1,-1.0000000000001232,SL,False
S2-09,shock_reversion,GBPUSD,2018-03-15 05:30:00+00:00,2018-03-15 05:45:00+00:00,2018-03-15 05:45:00+00:00,1,-1.0000000000002094,SL,False
S2-09,shock_reversion,GBPUSD,2018-03-15 09:30:00+00:00,2018-03-15 09:45:00+00:00,2018-03-15 09:45:00+00:00,1,0.9999999999999746,TP,False
S2-09,shock_reversion,GBPUSD,2018-03-16 01:00:00+00:00,2018-03-16 01:15:00+00:00,2018-03-16 01:15:00+00:00,1,-1.0,SL,False
S2-09,shock_reversion,GBPUSD,2018-03-19 07:00:00+00:00,2018-03-19 07:15:00+00:00,2018-03-19 07:15:00+00:00,-1,1.0,TP,False
S2-09,shock_reversion,GBPUSD,2018-03-19 08:00:00+00:00,2018-03-19 08:15:00+00:00,2018-03-19 08:15:00+00:00,-1,0.9999999999998669,TP,False
S2-09,shock_reversion,GBPUSD,2018-03-19 10:00:00+00:00,2018-03-19 10:15:00+00:00,2018-03-19 10:30:00+00:00,-1,-0.9999999999999368,SL,False
S2-09,shock_reversion,GBPUSD,2018-03-20 00:30:00+00:00,2018-03-20 00:45:00+00:00,2018-03-20 00:45:00+00:00,-1,-1.0000000000002194,SL,False
S2-09,shock_reversion,GBPUSD,2018-03-20 07:30:00+00:00,2018-03-20 07:45:00+00:00,2018-03-20 08:30:00+00:00,-1,-0.9999999999999588,SL,False
S2-09,shock_reversion,GBPUSD,2018-03-20 09:30:00+00:00,2018-03-20 09:45:00+00:00,2018-03-20 10:00:00+00:00,1,-0.9999999999999515,SL,False
S2-09,shock_reversion,GBPUSD,2018-03-21 09:30:00+00:00,2018-03-21 09:45:00+00:00,2018-03-21 10:45:00+00:00,-1,1.0000000000000766,TP,False
S2-09,shock_reversion,GBPUSD,2018-03-21 18:00:00+00:00,2018-03-21 18:15:00+00:00,2018-03-21 18:30:00+00:00,-1,0.9999999999999779,TP,False
S2-09,shock_reversion,GBPUSD,2018-03-22 00:00:00+00:00,2018-03-22 00:15:00+00:00,2018-03-22 00:15:00+00:00,-1,-1.0000000000001763,SL,False
S2-09,shock_reversion,GBPUSD,2018-03-22 12:00:00+00:00,2018-03-22 12:15:00+00:00,2018-03-22 12:30:00+00:00,1,-0.9999999999999452,SL,False
S2-09,shock_reversion,GBPUSD,2018-03-23 07:30:00+00:00,2018-03-23 07:45:00+00:00,2018-03-23 08:00:00+00:00,1,-1.0,SL,True
S2-09,shock_reversion,GBPUSD,2018-03-26 07:00:00+00:00,2018-03-26 07:15:00+00:00,2018-03-26 07:15:00+00:00,-1,-1.0,SL,False
S2-09,shock_reversion,GBPUSD,2018-03-27 06:00:00+00:00,2018-03-27 06:15:00+00:00,2018-03-27 06:15:00+00:00,1,0.9999999999997896,TP,False
S2-09,shock_reversion,GBPUSD,2018-03-27 07:00:00+00:00,2018-03-27 07:15:00+00:00,2018-03-27 07:30:00+00:00,1,-1.0000000000000413,SL,False
S2-09,shock_reversion,GBPUSD,2018-03-27 08:00:00+00:00,2018-03-27 08:15:00+00:00,2018-03-27 08:15:00+00:00,1,0.9999999999999735,TP,False
S2-09,shock_reversion,GBPUSD,2018-03-27 23:00:00+00:00,2018-03-27 23:15:00+00:00,2018-03-28 02:00:00+00:00,-1,-1.0000000000000528,SL,False
S2-09,shock_reversion,GBPUSD,2018-03-28 06:30:00+00:00,2018-03-28 06:45:00+00:00,2018-03-28 07:00:00+00:00,1,-1.0000000000000395,SL,False
S2-09,shock_reversion,GBPUSD,2018-03-28 07:00:00+00:00,2018-03-28 07:15:00+00:00,2018-03-28 07:15:00+00:00,1,-1.0000000000000884,SL,False
S2-09,shock_reversion,GBPUSD,2018-03-29 00:00:00+00:00,2018-03-29 00:15:00+00:00,2018-03-29 00:15:00+00:00,1,-1.0000000000001577,SL,False
S2-09,shock_reversion,GBPUSD,2018-03-29 05:30:00+00:00,2018-03-29 05:45:00+00:00,2018-03-29 06:00:00+00:00,-1,1.0000000000001965,TP,False
S2-09,shock_reversion,GBPUSD,2018-03-29 06:30:00+00:00,2018-03-29 06:45:00+00:00,2018-03-29 06:45:00+00:00,1,-1.0000000000001357,SL,False
S2-09,shock_reversion,GBPUSD,2018-03-29 07:30:00+00:00,2018-03-29 07:45:00+00:00,2018-03-29 08:15:00+00:00,1,-1.0,SL,False
S2-09,shock_reversion,GBPUSD,2018-03-30 13:45:00+00:00,2018-03-30 14:00:00+00:00,2018-03-30 14:15:00+00:00,1,-1.000000000000062,SL,False
S2-09,shock_reversion,GBPUSD,2018-04-03 06:45:00+00:00,2018-04-03 07:00:00+00:00,2018-04-03 07:00:00+00:00,-1,-0.999999999999809,SL,True
S2-09,shock_reversion,GBPUSD,2018-04-03 07:00:00+00:00,2018-04-03 07:15:00+00:00,2018-04-03 07:15:00+00:00,-1,-0.9999999999999466,SL,False
S2-09,shock_reversion,GBPUSD,2018-04-04 00:45:00+00:00,2018-04-04 01:00:00+00:00,2018-04-04 01:15:00+00:00,-1,0.9999999999998773,TP,False
S2-09,shock_reversion,GBPUSD,2018-04-04 02:00:00+00:00,2018-04-04 02:15:00+00:00,2018-04-04 03:00:00+00:00,-1,0.9999999999999023,TP,False
S2-09,shock_reversion,GBPUSD,2018-04-05 00:45:00+00:00,2018-04-05 01:00:00+00:00,2018-04-05 01:00:00+00:00,-1,1.000000000000197,TP,False
S2-09,shock_reversion,GBPUSD,2018-04-05 06:30:00+00:00,2018-04-05 06:45:00+00:00,2018-04-05 07:00:00+00:00,1,-1.0000000000001725,SL,False
S2-09,shock_reversion,GBPUSD,2018-04-06 12:30:00+00:00,2018-04-06 12:45:00+00:00,2018-04-06 12:45:00+00:00,-1,-1.0000000000000988,SL,True
S2-09,shock_reversion,GBPUSD,2018-04-06 12:45:00+00:00,2018-04-06 13:00:00+00:00,2018-04-06 13:00:00+00:00,-1,-1.000000000000028,SL,False
S2-09,shock_reversion,GBPUSD,2018-04-09 06:00:00+00:00,2018-04-09 06:15:00+00:00,2018-04-09 06:15:00+00:00,-1,-1.000000000000194,SL,False
S2-09,shock_reversion,GBPUSD,2018-04-09 07:00:00+00:00,2018-04-09 07:15:00+00:00,2018-04-09 07:15:00+00:00,1,-1.0000000000000433,SL,True
S2-09,shock_reversion,GBPUSD,2018-04-10 06:30:00+00:00,2018-04-10 06:45:00+00:00,2018-04-10 07:00:00+00:00,-1,0.999999999999841,TP,False
S2-09,shock_reversion,GBPUSD,2018-04-10 07:15:00+00:00,2018-04-10 07:30:00+00:00,2018-04-10 07:30:00+00:00,-1,-0.9999999999999162,SL,False
S2-09,shock_reversion,GBPUSD,2018-04-10 11:30:00+00:00,2018-04-10 11:45:00+00:00,2018-04-10 12:30:00+00:00,-1,1.0000000000000917,TP,False
S2-09,shock_reversion,GBPUSD,2018-04-11 06:00:00+00:00,2018-04-11 06:15:00+00:00,2018-04-11 06:15:00+00:00,-1,0.9999999999999183,TP,False
S2-09,shock_reversion,GBPUSD,2018-04-11 06:30:00+00:00,2018-04-11 06:45:00+00:00,2018-04-11 06:45:00+00:00,-1,0.999999999999943,TP,False
S2-09,shock_reversion,GBPUSD,2018-04-13 06:00:00+00:00,2018-04-13 06:15:00+00:00,2018-04-13 06:15:00+00:00,1,1.0,TP,False
S2-09,shock_reversion,GBPUSD,2018-04-13 06:15:00+00:00,2018-04-13 06:30:00+00:00,2018-04-13 06:30:00+00:00,-1,-1.0000000000000702,SL,False
S2-09,shock_reversion,GBPUSD,2018-04-13 06:30:00+00:00,2018-04-13 06:45:00+00:00,2018-04-13 06:45:00+00:00,-1,-0.9999999999998206,SL,False
S2-09,shock_reversion,GBPUSD,2018-04-13 06:45:00+00:00,2018-04-13 07:00:00+00:00,2018-04-13 07:00:00+00:00,-1,-0.9999999999999015,SL,False
S2-09,shock_reversion,GBPUSD,2018-04-13 20:45:00+00:00,2018-04-15 21:00:00+00:00,2018-04-15 21:00:00+00:00,1,-0.9999999999999453,SL,False
S2-09,shock_reversion,GBPUSD,2018-04-16 00:45:00+00:00,2018-04-16 01:00:00+00:00,2018-04-16 01:30:00+00:00,-1,1.0000000000000686,TP,False
S2-09,shock_reversion,GBPUSD,2018-04-16 06:15:00+00:00,2018-04-16 06:30:00+00:00,2018-04-16 06:30:00+00:00,-1,1.0000000000000682,TP,False
S2-09,shock_reversion,GBPUSD,2018-04-16 06:45:00+00:00,2018-04-16 07:00:00+00:00,2018-04-16 07:00:00+00:00,1,0.9999999999998476,TP,False
S2-09,shock_reversion,GBPUSD,2018-04-17 00:30:00+00:00,2018-04-17 00:45:00+00:00,2018-04-17 00:45:00+00:00,-1,0.9999999999998579,TP,False
S2-09,shock_reversion,GBPUSD,2018-04-17 06:00:00+00:00,2018-04-17 06:15:00+00:00,2018-04-17 06:15:00+00:00,-1,-1.0000000000000688,SL,False
S2-09,shock_reversion,GBPUSD,2018-04-17 06:15:00+00:00,2018-04-17 06:30:00+00:00,2018-04-17 06:45:00+00:00,-1,-0.9999999999998866,SL,False
S2-09,shock_reversion,GBPUSD,2018-04-17 08:30:00+00:00,2018-04-17 08:45:00+00:00,2018-04-17 08:45:00+00:00,1,-1.0000000000000304,SL,False
S2-09,shock_reversion,GBPUSD,2018-04-18 07:00:00+00:00,2018-04-18 07:15:00+00:00,2018-04-18 07:15:00+00:00,1,1.0000000000000369,TP,False
S2-09,shock_reversion,GBPUSD,2018-04-18 08:30:00+00:00,2018-04-18 08:45:00+00:00,2018-04-18 08:45:00+00:00,1,-0.9999999999999796,SL,False
S2-09,shock_reversion,GBPUSD,2018-04-19 06:15:00+00:00,2018-04-19 06:30:00+00:00,2018-04-19 06:30:00+00:00,1,1.0000000000000535,TP,False
S2-09,shock_reversion,GBPUSD,2018-04-19 07:00:00+00:00,2018-04-19 07:15:00+00:00,2018-04-19 07:15:00+00:00,-1,0.9999999999999137,TP,False
S2-09,shock_reversion,GBPUSD,2018-04-19 17:00:00+00:00,2018-04-19 17:15:00+00:00,2018-04-19 17:15:00+00:00,1,-1.0000000000000238,SL,False
S2-09,shock_reversion,GBPUSD,2018-04-19 17:15:00+00:00,2018-04-19 17:30:00+00:00,2018-04-19 17:30:00+00:00,1,-1.0000000000000608,SL,False
S2-09,shock_reversion,GBPUSD,2018-04-20 05:45:00+00:00,2018-04-20 06:00:00+00:00,2018-04-20 06:00:00+00:00,1,-1.00000000000022,SL,False
S2-09,shock_reversion,GBPUSD,2018-04-20 06:00:00+00:00,2018-04-20 06:15:00+00:00,2018-04-20 06:15:00+00:00,1,1.0,TP,False
S2-09,shock_reversion,GBPUSD,2018-04-20 06:30:00+00:00,2018-04-20 06:45:00+00:00,2018-04-20 06:45:00+00:00,1,1.0000000000001024,TP,False
S2-09,shock_reversion,GBPUSD,2018-04-23 00:15:00+00:00,2018-04-23 00:30:00+00:00,2018-04-23 01:00:00+00:00,-1,1.00000000000012,TP,False
S2-09,shock_reversion,GBPUSD,2018-04-23 07:15:00+00:00,2018-04-23 07:30:00+00:00,2018-04-23 07:30:00+00:00,1,-1.0000000000001383,SL,False
S2-09,shock_reversion,GBPUSD,2018-04-23 07:30:00+00:00,2018-04-23 07:45:00+00:00,2018-04-23 07:45:00+00:00,1,-1.0,SL,False
S2-09,shock_reversion,GBPUSD,2018-04-24 01:00:00+00:00,2018-04-24 01:15:00+00:00,2018-04-24 01:15:00+00:00,1,-1.000000000000077,SL,False
S2-09,shock_reversion,GBPUSD,2018-04-24 06:00:00+00:00,2018-04-24 06:15:00+00:00,2018-04-24 06:15:00+00:00,-1,-0.9999999999997687,SL,False
S2-09,shock_reversion,GBPUSD,2018-04-24 06:30:00+00:00,2018-04-24 06:45:00+00:00,2018-04-24 06:45:00+00:00,1,-1.0000000000000668,SL,False
S2-09,shock_reversion,GBPUSD,2018-04-24 23:15:00+00:00,2018-04-24 23:30:00+00:00,2018-04-24 23:30:00+00:00,-1,-1.0000000000001676,SL,False
S2-09,shock_reversion,GBPUSD,2018-04-25 07:00:00+00:00,2018-04-25 07:15:00+00:00,2018-04-25 07:15:00+00:00,1,-1.000000000000098,SL,False
S2-09,shock_reversion,GBPUSD,2018-04-26 07:45:00+00:00,2018-04-26 08:00:00+00:00,2018-04-26 08:00:00+00:00,1,-1.0000000000001144,SL,False
S2-09,shock_reversion,GBPUSD,2018-04-27 06:15:00+00:00,2018-04-27 06:30:00+00:00,2018-04-27 06:30:00+00:00,1,-0.9999999999998874,SL,False
S2-09,shock_reversion,GBPUSD,2018-04-27 07:00:00+00:00,2018-04-27 07:15:00+00:00,2018-04-27 07:15:00+00:00,1,-0.999999999999956,SL,False
S2-09,shock_reversion,GBPUSD,2018-04-27 08:30:00+00:00,2018-04-27 08:45:00+00:00,2018-04-27 09:00:00+00:00,1,1.0000000000000377,TP,False
S2-09,shock_reversion,GBPUSD,2018-04-30 06:00:00+00:00,2018-04-30 06:15:00+00:00,2018-04-30 06:15:00+00:00,1,-0.9999999999999375,SL,False
S2-09,shock_reversion,GBPUSD,2018-05-01 06:15:00+00:00,2018-05-01 06:30:00+00:00,2018-05-01 06:30:00+00:00,1,-1.0000000000002833,SL,False
S2-09,shock_reversion,GBPUSD,2018-05-01 08:30:00+00:00,2018-05-01 08:45:00+00:00,2018-05-01 09:00:00+00:00,1,-1.0000000000000262,SL,False
S2-09,shock_reversion,GBPUSD,2018-05-02 05:45:00+00:00,2018-05-02 06:00:00+00:00,2018-05-02 06:00:00+00:00,1,-1.00000000000021,SL,False
S2-09,shock_reversion,GBPUSD,2018-05-02 06:00:00+00:00,2018-05-02 06:15:00+00:00,2018-05-02 06:15:00+00:00,1,1.0000000000001115,TP,False
S2-09,shock_reversion,GBPUSD,2018-05-02 06:30:00+00:00,2018-05-02 06:45:00+00:00,2018-05-02 07:00:00+00:00,-1,-0.9999999999998871,SL,False
S2-09,shock_reversion,GBPUSD,2018-05-02 18:00:00+00:00,2018-05-02 18:15:00+00:00,2018-05-02 18:30:00+00:00,-1,0.9999999999999328,TP,False
S2-09,shock_reversion,GBPUSD,2018-05-03 06:15:00+00:00,2018-05-03 06:30:00+00:00,2018-05-03 06:45:00+00:00,-1,1.0000000000001683,TP,False
S2-09,shock_reversion,GBPUSD,2018-05-04 00:45:00+00:00,2018-05-04 01:00:00+00:00,2018-05-04 01:15:00+00:00,-1,-1.0000000000001008,SL,False
S2-09,shock_reversion,GBPUSD,2018-05-04 01:15:00+00:00,2018-05-04 01:30:00+00:00,2018-05-04 01:30:00+00:00,-1,0.9999999999997337,TP,False
S2-09,shock_reversion,GBPUSD,2018-05-04 06:00:00+00:00,2018-05-04 06:15:00+00:00,2018-05-04 06:15:00+00:00,1,-1.0000000000000757,SL,True
S2-09,shock_reversion,GBPUSD,2018-05-04 06:15:00+00:00,2018-05-04 06:30:00+00:00,2018-05-04 06:30:00+00:00,1,-1.0000000000001883,SL,False
S2-09,shock_reversion,GBPUSD,2018-05-04 12:30:00+00:00,2018-05-04 12:45:00+00:00,2018-05-04 12:45:00+00:00,-1,1.000000000000083,TP,False
S2-09,shock_reversion,GBPUSD,2018-05-04 13:00:00+00:00,2018-05-04 13:15:00+00:00,2018-05-04 13:15:00+00:00,1,-0.9999999999999563,SL,False
S2-09,shock_reversion,GBPUSD,2018-05-07 12:15:00+00:00,2018-05-07 12:30:00+00:00,2018-05-07 12:30:00+00:00,-1,-0.9999999999999301,SL,False
S2-09,shock_reversion,GBPUSD,2018-05-07 23:30:00+00:00,2018-05-07 23:45:00+00:00,2018-05-07 23:45:00+00:00,-1,-1.0,SL,False
S2-09,shock_reversion,GBPUSD,2018-05-08 01:30:00+00:00,2018-05-08 01:45:00+00:00,2018-05-08 03:45:00+00:00,1,-1.000000000000157,SL,False
S2-09,shock_reversion,GBPUSD,2018-05-08 06:00:00+00:00,2018-05-08 06:15:00+00:00,2018-05-08 06:15:00+00:00,-1,1.0000000000001306,TP,False
S2-09,shock_reversion,GBPUSD,2018-05-09 06:45:00+00:00,2018-05-09 07:00:00+00:00,2018-05-09 07:00:00+00:00,1,0.9999999999998479,TP,False
S2-09,shock_reversion,GBPUSD,2018-05-10 11:00:00+00:00,2018-05-10 11:15:00+00:00,2018-05-10 11:30:00+00:00,1,-1.0000000000000417,SL,True
S2-09,shock_reversion,GBPUSD,2018-05-11 05:30:00+00:00,2018-05-11 05:45:00+00:00,2018-05-11 05:45:00+00:00,1,0.9999999999997672,TP,False
S2-09,shock_reversion,GBPUSD,2018-05-11 06:15:00+00:00,2018-05-11 06:30:00+00:00,2018-05-11 06:30:00+00:00,1,-1.0000000000000624,SL,False
S2-09,shock_reversion,GBPUSD,2018-05-14 06:15:00+00:00,2018-05-14 06:30:00+00:00,2018-05-14 06:30:00+00:00,1,-1.0000000000001115,SL,False
S2-09,shock_reversion,GBPUSD,2018-05-14 07:00:00+00:00,2018-05-14 07:15:00+00:00,2018-05-14 07:15:00+00:00,-1,-0.9999999999999604,SL,False
S2-09,shock_reversion,GBPUSD,2018-05-15 12:30:00+00:00,2018-05-15 12:45:00+00:00,2018-05-15 13:15:00+00:00,1,-1.0000000000000553,SL,False
S2-09,shock_reversion,GBPUSD,2018-05-16 13:15:00+00:00,2018-05-16 13:30:00+00:00,2018-05-16 14:45:00+00:00,-1,1.0,TP,False
S2-09,shock_reversion,GBPUSD,2018-05-16 21:00:00+00:00,2018-05-16 21:15:00+00:00,2018-05-16 21:30:00+00:00,-1,-1.0000000000001281,SL,False
S2-09,shock_reversion,GBPUSD,2018-05-16 23:00:00+00:00,2018-05-16 23:15:00+00:00,2018-05-17 01:45:00+00:00,-1,-1.0000000000001106,SL,False
S2-09,shock_reversion,GBPUSD,2018-05-17 05:45:00+00:00,2018-05-17 06:00:00+00:00,2018-05-17 06:00:00+00:00,-1,1.0000000000000957,TP,False
S2-09,shock_reversion,GBPUSD,2018-05-17 07:00:00+00:00,2018-05-17 07:15:00+00:00,2018-05-17 07:15:00+00:00,1,1.0,TP,False
S2-09,shock_reversion,GBPUSD,2018-05-18 00:00:00+00:00,2018-05-18 00:15:00+00:00,2018-05-18 00:30:00+00:00,-1,0.9999999999999055,TP,False
S2-09,shock_reversion,GBPUSD,2018-05-18 06:30:00+00:00,2018-05-18 06:45:00+00:00,2018-05-18 06:45:00+00:00,1,0.9999999999999435,TP,False
S2-09,shock_reversion,GBPUSD,2018-05-18 20:45:00+00:00,2018-05-20 21:00:00+00:00,2018-05-20 21:00:00+00:00,1,-1.000000000000056,SL,True
S2-09,shock_reversion,GBPUSD,2018-05-21 02:45:00+00:00,2018-05-21 03:00:00+00:00,2018-05-21 06:15:00+00:00,1,-0.999999999999875,SL,False
S2-09,shock_reversion,GBPUSD,2018-05-22 07:00:00+00:00,2018-05-22 07:15:00+00:00,2018-05-22 07:15:00+00:00,-1,-1.0000000000000957,SL,False
S2-09,shock_reversion,GBPUSD,2018-05-22 07:30:00+00:00,2018-05-22 07:45:00+00:00,2018-05-22 08:00:00+00:00,-1,-1.0,SL,False
S2-09,shock_reversion,GBPUSD,2018-05-22 08:15:00+00:00,2018-05-22 08:30:00+00:00,2018-05-22 08:45:00+00:00,-1,1.0000000000000733,TP,False
S2-09,shock_reversion,GBPUSD,2018-05-23 01:30:00+00:00,2018-05-23 01:45:00+00:00,2018-05-23 02:00:00+00:00,1,-0.9999999999998558,SL,False
S2-09,shock_reversion,GBPUSD,2018-05-23 07:00:00+00:00,2018-05-23 07:15:00+00:00,2018-05-23 07:30:00+00:00,1,-1.0,SL,False
S2-09,shock_reversion,GBPUSD,2018-05-23 08:30:00+00:00,2018-05-23 08:45:00+00:00,2018-05-23 08:45:00+00:00,1,-0.999999999999956,SL,False
S2-09,shock_reversion,GBPUSD,2018-05-25 00:30:00+00:00,2018-05-25 00:45:00+00:00,2018-05-25 01:00:00+00:00,1,-0.999999999999927,SL,False
S2-09,shock_reversion,GBPUSD,2018-05-25 06:30:00+00:00,2018-05-25 06:45:00+00:00,2018-05-25 06:45:00+00:00,1,1.000000000000201,TP,False
S2-09,shock_reversion,GBPUSD,2018-05-25 07:00:00+00:00,2018-05-25 07:15:00+00:00,2018-05-25 07:15:00+00:00,1,-1.0000000000000524,SL,True
S2-09,shock_reversion,GBPUSD,2018-05-25 20:45:00+00:00,2018-05-27 21:00:00+00:00,2018-05-27 21:00:00+00:00,1,-1.000000000000053,SL,False
S2-09,shock_reversion,GBPUSD,2018-05-27 21:00:00+00:00,2018-05-27 21:15:00+00:00,2018-05-27 21:15:00+00:00,1,-1.0,SL,False
S2-09,shock_reversion,GBPUSD,2018-05-29 01:00:00+00:00,2018-05-29 01:15:00+00:00,2018-05-29 01:15:00+00:00,1,-1.0000000000000628,SL,False
S2-09,shock_reversion,GBPUSD,2018-05-29 06:15:00+00:00,2018-05-29 06:30:00+00:00,2018-05-29 06:30:00+00:00,1,-0.9999999999998559,SL,False
S2-09,shock_reversion,GBPUSD,2018-05-30 05:45:00+00:00,2018-05-30 06:00:00+00:00,2018-05-30 06:00:00+00:00,-1,-1.0000000000001548,SL,False
S2-09,shock_reversion,GBPUSD,2018-05-31 00:45:00+00:00,2018-05-31 01:00:00+00:00,2018-05-31 01:15:00+00:00,-1,1.00000000000012,TP,False
S2-09,shock_reversion,GBPUSD,2018-05-31 05:30:00+00:00,2018-05-31 05:45:00+00:00,2018-05-31 05:45:00+00:00,-1,-1.0000000000001585,SL,False
S2-09,shock_reversion,GBPUSD,2018-06-01 12:30:00+00:00,2018-06-01 12:45:00+00:00,2018-06-01 12:45:00+00:00,-1,0.999999999999979,TP,False
S2-09,shock_reversion,GBPUSD,2018-06-04 00:00:00+00:00,2018-06-04 00:15:00+00:00,2018-06-04 01:30:00+00:00,-1,-1.0000000000001057,SL,False
S2-09,shock_reversion,GBPUSD,2018-06-04 07:00:00+00:00,2018-06-04 07:15:00+00:00,2018-06-04 07:45:00+00:00,-1,1.0000000000000462,TP,False
S2-09,shock_reversion,GBPUSD,2018-06-05 08:30:00+00:00,2018-06-05 08:45:00+00:00,2018-06-05 08:45:00+00:00,-1,-1.0000000000000553,SL,False
S2-09,shock_reversion,GBPUSD,2018-06-05 21:00:00+00:00,2018-06-05 21:15:00+00:00,2018-06-05 21:30:00+00:00,-1,-1.0,SL,False
S2-09,shock_reversion,GBPUSD,2018-06-06 06:45:00+00:00,2018-06-06 07:00:00+00:00,2018-06-06 07:00:00+00:00,1,0.9999999999999092,TP,False
S2-09,shock_reversion,GBPUSD,2018-06-06 07:00:00+00:00,2018-06-06 07:15:00+00:00,2018-06-06 07:15:00+00:00,-1,-1.0,SL,False
S2-09,shock_reversion,GBPUSD,2018-06-07 06:00:00+00:00,2018-06-07 06:15:00+00:00,2018-06-07 06:15:00+00:00,1,1.0000000000001288,TP,False
S2-09,shock_reversion,GBPUSD,2018-06-07 21:00:00+00:00,2018-06-07 21:15:00+00:00,2018-06-07 21:45:00+00:00,1,-1.000000000000096,SL,False
S2-09,shock_reversion,GBPUSD,2018-06-08 06:00:00+00:00,2018-06-08 06:15:00+00:00,2018-06-08 06:15:00+00:00,1,-1.0000000000001164,SL,True
S2-09,shock_reversion,GBPUSD,2018-06-08 12:30:00+00:00,2018-06-08 12:45:00+00:00,2018-06-08 13:00:00+00:00,1,0.9999999999999402,TP,False
S2-09,shock_reversion,GBPUSD,2018-06-11 06:00:00+00:00,2018-06-11 06:15:00+00:00,2018-06-11 06:15:00+00:00,-1,-0.9999999999998652,SL,False
S2-09,shock_reversion,GBPUSD,2018-06-11 08:30:00+00:00,2018-06-11 08:45:00+00:00,2018-06-11 10:15:00+00:00,1,-0.9999999999999529,SL,False
S2-09,shock_reversion,GBPUSD,2018-06-12 00:00:00+00:00,2018-06-12 00:15:00+00:00,2018-06-12 00:15:00+00:00,1,-1.0,SL,False
S2-09,shock_reversion,GBPUSD,2018-06-12 06:15:00+00:00,2018-06-12 06:30:00+00:00,2018-06-12 06:30:00+00:00,1,-1.0000000000001823,SL,False
S2-09,shock_reversion,GBPUSD,2018-06-12 07:00:00+00:00,2018-06-12 07:15:00+00:00,2018-06-12 07:15:00+00:00,-1,-0.9999999999998811,SL,False
S2-09,shock_reversion,GBPUSD,2018-06-12 08:30:00+00:00,2018-06-12 08:45:00+00:00,2018-06-12 10:15:00+00:00,-1,1.0,TP,False
S2-09,shock_reversion,GBPUSD,2018-06-12 15:15:00+00:00,2018-06-12 15:30:00+00:00,2018-06-12 15:30:00+00:00,-1,-1.0,SL,False
S2-09,shock_reversion,GBPUSD,2018-06-13 08:00:00+00:00,2018-06-13 08:15:00+00:00,2018-06-13 08:30:00+00:00,1,-1.0000000000000713,SL,False
S2-09,shock_reversion,GBPUSD,2018-06-13 18:00:00+00:00,2018-06-13 18:15:00+00:00,2018-06-13 18:15:00+00:00,1,-1.0000000000000326,SL,False
S2-09,shock_reversion,GBPUSD,2018-06-14 08:30:00+00:00,2018-06-14 08:45:00+00:00,2018-06-14 10:00:00+00:00,-1,1.0000000000000622,TP,False
S2-09,shock_reversion,GBPUSD,2018-06-14 11:45:00+00:00,2018-06-14 12:00:00+00:00,2018-06-14 12:00:00+00:00,1,-1.0000000000000222,SL,False
S2-09,shock_reversion,GBPUSD,2018-06-15 07:00:00+00:00,2018-06-15 07:15:00+00:00,2018-06-15 07:15:00+00:00,1,1.0000000000000793,TP,False
S2-09,shock_reversion,GBPUSD,2018-06-18 06:15:00+00:00,2018-06-18 06:30:00+00:00,2018-06-18 06:30:00+00:00,1,-0.9999999999999184,SL,False
S2-09,shock_reversion,GBPUSD,2018-06-18 06:30:00+00:00,2018-06-18 06:45:00+00:00,2018-06-18 06:45:00+00:00,1,-1.0000000000002127,SL,False
S2-09,shock_reversion,GBPUSD,2018-06-18 06:45:00+00:00,2018-06-18 07:00:00+00:00,2018-06-18 07:00:00+00:00,1,-1.0000000000000608,SL,False
S2-09,shock_reversion,GBPUSD,2018-06-18 23:30:00+00:00,2018-06-18 23:45:00+00:00,2018-06-19 00:00:00+00:00,-1,-0.9999999999998777,SL,True
S2-09,shock_reversion,GBPUSD,2018-06-19 06:30:00+00:00,2018-06-19 06:45:00+00:00,2018-06-19 06:45:00+00:00,1,-1.0000000000001248,SL,False
S2-09,shock_reversion,GBPUSD,2018-06-21 06:00:00+00:00,2018-06-21 06:15:00+00:00,2018-06-21 06:15:00+00:00,1,-1.0,SL,False
S2-09,shock_reversion,GBPUSD,2018-06-21 11:00:00+00:00,2018-06-21 11:15:00+00:00,2018-06-21 11:30:00+00:00,-1,-0.9999999999999821,SL,False
S2-09,shock_reversion,GBPUSD,2018-06-22 05:00:00+00:00,2018-06-22 05:15:00+00:00,2018-06-22 05:15:00+00:00,-1,-1.0,SL,False
S2-09,shock_reversion,GBPUSD,2018-06-24 21:00:00+00:00,2018-06-24 21:15:00+00:00,2018-06-24 21:15:00+00:00,-1,-1.0000000000000961,SL,False
S2-09,shock_reversion,GBPUSD,2018-06-25 07:00:00+00:00,2018-06-25 07:15:00+00:00,2018-06-25 07:30:00+00:00,1,1.0000000000001272,TP,False
S2-09,shock_reversion,GBPUSD,2018-06-26 06:15:00+00:00,2018-06-26 06:30:00+00:00,2018-06-26 06:30:00+00:00,1,1.0000000000000564,TP,False
S2-09,shock_reversion,GBPUSD,2018-06-26 09:00:00+00:00,2018-06-26 09:15:00+00:00,2018-06-26 09:30:00+00:00,1,-1.0,SL,False
S2-09,shock_reversion,GBPUSD,2018-06-26 09:30:00+00:00,2018-06-26 09:45:00+00:00,2018-06-26 11:00:00+00:00,1,0.9999999999999791,TP,False
S2-09,shock_reversion,GBPUSD,2018-06-28 05:30:00+00:00,2018-06-28 05:45:00+00:00,2018-06-28 05:45:00+00:00,1,1.0000000000001028,TP,False
S2-09,shock_reversion,GBPUSD,2018-06-29 02:30:00+00:00,2018-06-29 02:45:00+00:00,2018-06-29 02:45:00+00:00,-1,-0.9999999999998753,SL,False
S2-09,shock_reversion,GBPUSD,2018-06-29 08:30:00+00:00,2018-06-29 08:45:00+00:00,2018-06-29 09:30:00+00:00,-1,0.9999999999999328,TP,False
S2-09,shock_reversion,GBPUSD,2018-07-02 07:00:00+00:00,2018-07-02 07:15:00+00:00,2018-07-02 07:30:00+00:00,1,-1.0000000000000844,SL,False
S2-09,shock_reversion,GBPUSD,2018-07-02 20:00:00+00:00,2018-07-02 20:15:00+00:00,2018-07-02 20:30:00+00:00,-1,-1.0000000000001026,SL,False
S2-09,shock_reversion,GBPUSD,2018-07-02 21:00:00+00:00,2018-07-02 21:15:00+00:00,2018-07-02 21:15:00+00:00,-1,-0.9999999999999579,SL,False
S2-09,shock_reversion,GBPUSD,2018-07-04 17:00:00+00:00,2018-07-04 17:15:00+00:00,2018-07-04 17:15:00+00:00,-1,1.0000000000001048,TP,False
S2-09,shock_reversion,GBPUSD,2018-07-05 06:30:00+00:00,2018-07-05 06:45:00+00:00,2018-07-05 07:00:00+00:00,-1,-1.0000000000001403,SL,False
S2-09,shock_reversion,GBPUSD,2018-07-05 09:45:00+00:00,2018-07-05 10:00:00+00:00,2018-07-05 10:15:00+00:00,-1,-1.000000000000081,SL,False
S2-09,shock_reversion,GBPUSD,2018-07-05 13:15:00+00:00,2018-07-05 13:30:00+00:00,2018-07-05 14:30:00+00:00,1,0.9999999999999316,TP,False
S2-09,shock_reversion,GBPUSD,2018-07-06 04:00:00+00:00,2018-07-06 04:15:00+00:00,2018-07-06 04:45:00+00:00,-1,0.9999999999998256,TP,False
S2-09,shock_reversion,GBPUSD,2018-07-06 12:30:00+00:00,2018-07-06 12:45:00+00:00,2018-07-06 12:45:00+00:00,-1,0.9999999999999416,TP,False
S2-09,shock_reversion,GBPUSD,2018-07-06 20:00:00+00:00,2018-07-06 20:15:00+00:00,2018-07-06 20:15:00+00:00,-1,-0.3703498126679366,FRIDAY,False
S2-09,shock_reversion,GBPUSD,2018-07-09 06:00:00+00:00,2018-07-09 06:15:00+00:00,2018-07-09 06:15:00+00:00,-1,0.9999999999999533,TP,False
S2-09,shock_reversion,GBPUSD,2018-07-09 07:15:00+00:00,2018-07-09 07:30:00+00:00,2018-07-09 07:30:00+00:00,1,0.9999999999999696,TP,False
S2-09,shock_reversion,GBPUSD,2018-07-09 13:30:00+00:00,2018-07-09 13:45:00+00:00,2018-07-09 13:45:00+00:00,1,-1.0000000000000844,SL,False
S2-09,shock_reversion,GBPUSD,2018-07-09 13:45:00+00:00,2018-07-09 14:00:00+00:00,2018-07-09 14:00:00+00:00,1,-1.0000000000000497,SL,False
S2-09,shock_reversion,GBPUSD,2018-07-09 14:00:00+00:00,2018-07-09 14:15:00+00:00,2018-07-09 14:15:00+00:00,1,-1.0000000000000198,SL,False
S2-09,shock_reversion,GBPUSD,2018-07-10 06:30:00+00:00,2018-07-10 06:45:00+00:00,2018-07-10 06:45:00+00:00,-1,-1.0,SL,False
S2-09,shock_reversion,GBPUSD,2018-07-11 07:00:00+00:00,2018-07-11 07:15:00+00:00,2018-07-11 07:30:00+00:00,-1,-0.9999999999998798,SL,False
S2-09,shock_reversion,GBPUSD,2018-07-12 01:30:00+00:00,2018-07-12 01:45:00+00:00,2018-07-12 02:00:00+00:00,1,0.9999999999999366,TP,False
S2-09,shock_reversion,GBPUSD,2018-07-12 06:15:00+00:00,2018-07-12 06:30:00+00:00,2018-07-12 06:45:00+00:00,-1,-1.0000000000001084,SL,False
S2-09,shock_reversion,GBPUSD,2018-07-12 12:30:00+00:00,2018-07-12 12:45:00+00:00,2018-07-12 13:15:00+00:00,-1,1.0,TP,False
S2-09,shock_reversion,GBPUSD,2018-07-12 22:45:00+00:00,2018-07-12 23:00:00+00:00,2018-07-12 23:00:00+00:00,1,-0.9999999999998254,SL,False
S2-09,shock_reversion,GBPUSD,2018-07-12 23:00:00+00:00,2018-07-12 23:15:00+00:00,2018-07-13 00:00:00+00:00,1,0.9999999999999504,TP,False
S2-09,shock_reversion,GBPUSD,2018-07-17 08:30:00+00:00,2018-07-17 08:45:00+00:00,2018-07-17 09:15:00+00:00,-1,0.9999999999999732,TP,False
S2-09,shock_reversion,GBPUSD,2018-07-18 08:15:00+00:00,2018-07-18 08:30:00+00:00,2018-07-18 08:30:00+00:00,1,-1.0,SL,True
S2-09,shock_reversion,GBPUSD,2018-07-18 08:30:00+00:00,2018-07-18 08:45:00+00:00,2018-07-18 09:00:00+00:00,1,0.9999999999999638,TP,False
S2-09,shock_reversion,GBPUSD,2018-07-18 19:45:00+00:00,2018-07-18 20:00:00+00:00,2018-07-18 23:45:00+00:00,-1,-0.3042895291320661,TIME,False
S2-09,shock_reversion,GBPUSD,2018-07-19 06:15:00+00:00,2018-07-19 06:30:00+00:00,2018-07-19 06:30:00+00:00,1,1.0000000000000497,TP,False
S2-09,shock_reversion,GBPUSD,2018-07-19 08:30:00+00:00,2018-07-19 08:45:00+00:00,2018-07-19 09:15:00+00:00,1,1.0,TP,False
S2-09,shock_reversion,GBPUSD,2018-07-19 17:00:00+00:00,2018-07-19 17:15:00+00:00,2018-07-19 17:15:00+00:00,-1,-1.0000000000000808,SL,False
S2-09,shock_reversion,GBPUSD,2018-07-20 01:15:00+00:00,2018-07-20 01:30:00+00:00,2018-07-20 01:30:00+00:00,1,-0.9999999999998936,SL,False
S2-09,shock_reversion,GBPUSD,2018-07-24 01:15:00+00:00,2018-07-24 01:30:00+00:00,2018-07-24 01:30:00+00:00,-1,-1.0000000000000722,SL,False
S2-09,shock_reversion,GBPUSD,2018-07-24 06:00:00+00:00,2018-07-24 06:15:00+00:00,2018-07-24 06:30:00+00:00,1,1.0000000000001252,TP,False
S2-09,shock_reversion,GBPUSD,2018-07-24 07:00:00+00:00,2018-07-24 07:15:00+00:00,2018-07-24 07:30:00+00:00,-1,-1.0,SL,False
S2-09,shock_reversion,GBPUSD,2018-07-24 07:30:00+00:00,2018-07-24 07:45:00+00:00,2018-07-24 08:15:00+00:00,-1,0.9999999999999121,TP,False
S2-09,shock_reversion,GBPUSD,2018-07-25 06:30:00+00:00,2018-07-25 06:45:00+00:00,2018-07-25 06:45:00+00:00,-1,-0.999999999999836,SL,False
S2-09,shock_reversion,GBPUSD,2018-07-26 01:15:00+00:00,2018-07-26 01:30:00+00:00,2018-07-26 01:30:00+00:00,-1,1.0000000000001277,TP,False
S2-09,shock_reversion,GBPUSD,2018-07-27 00:45:00+00:00,2018-07-27 01:00:00+00:00,2018-07-27 01:00:00+00:00,1,-0.9999999999996759,SL,False
S2-09,shock_reversion,GBPUSD,2018-07-27 06:15:00+00:00,2018-07-27 06:30:00+00:00,2018-07-27 06:30:00+00:00,1,0.9999999999999438,TP,False
S2-09,shock_reversion,GBPUSD,2018-07-31 00:45:00+00:00,2018-07-31 01:00:00+00:00,2018-07-31 01:00:00+00:00,1,-1.000000000000311,SL,False
S2-09,shock_reversion,GBPUSD,2018-07-31 01:00:00+00:00,2018-07-31 01:15:00+00:00,2018-07-31 01:15:00+00:00,1,-1.000000000000092,SL,False
S2-09,shock_reversion,GBPUSD,2018-08-02 06:00:00+00:00,2018-08-02 06:15:00+00:00,2018-08-02 06:15:00+00:00,1,-0.9999999999999296,SL,False
S2-09,shock_reversion,GBPUSD,2018-08-02 07:00:00+00:00,2018-08-02 07:15:00+00:00,2018-08-02 08:00:00+00:00,1,0.999999999999908,TP,False
S2-09,shock_reversion,GBPUSD,2018-08-02 11:00:00+00:00,2018-08-02 11:15:00+00:00,2018-08-02 11:15:00+00:00,-1,0.9999999999999737,TP,False
S2-09,shock_reversion,GBPUSD,2018-08-02 11:45:00+00:00,2018-08-02 12:00:00+00:00,2018-08-02 12:00:00+00:00,1,-0.9999999999999813,SL,False
S2-09,shock_reversion,GBPUSD,2018-08-03 01:30:00+00:00,2018-08-03 01:45:00+00:00,2018-08-03 02:00:00+00:00,1,-0.9999999999999089,SL,False
S2-09,shock_reversion,GBPUSD,2018-08-03 06:00:00+00:00,2018-08-03 06:15:00+00:00,2018-08-03 06:30:00+00:00,1,-1.000000000000222,SL,False
S2-09,shock_reversion,GBPUSD,2018-08-03 07:15:00+00:00,2018-08-03 07:30:00+00:00,2018-08-03 07:30:00+00:00,1,-0.9999999999999584,SL,False
S2-09,shock_reversion,GBPUSD,2018-08-03 11:00:00+00:00,2018-08-03 11:15:00+00:00,2018-08-03 11:45:00+00:00,-1,0.9999999999999499,TP,False
S2-09,shock_reversion,GBPUSD,2018-08-06 07:30:00+00:00,2018-08-06 07:45:00+00:00,2018-08-06 08:00:00+00:00,1,-1.0,SL,False
S2-09,shock_reversion,GBPUSD,2018-08-06 10:00:00+00:00,2018-08-06 10:15:00+00:00,2018-08-06 11:15:00+00:00,1,-1.0000000000000846,SL,False
S2-09,shock_reversion,GBPUSD,2018-08-07 00:45:00+00:00,2018-08-07 01:00:00+00:00,2018-08-07 01:15:00+00:00,-1,0.9999999999998224,TP,False
S2-09,shock_reversion,GBPUSD,2018-08-07 06:00:00+00:00,2018-08-07 06:15:00+00:00,2018-08-07 06:15:00+00:00,-1,-0.999999999999916,SL,False
S2-09,shock_reversion,GBPUSD,2018-08-07 06:15:00+00:00,2018-08-07 06:30:00+00:00,2018-08-07 06:30:00+00:00,-1,-1.0,SL,False
S2-09,shock_reversion,GBPUSD,2018-08-08 03:00:00+00:00,2018-08-08 03:15:00+00:00,2018-08-08 04:00:00+00:00,-1,-0.9999999999999349,SL,False
S2-09,shock_reversion,GBPUSD,2018-08-08 10:15:00+00:00,2018-08-08 10:30:00+00:00,2018-08-08 10:30:00+00:00,1,-0.9999999999999206,SL,False
S2-09,shock_reversion,GBPUSD,2018-08-09 01:15:00+00:00,2018-08-09 01:30:00+00:00,2018-08-09 01:30:00+00:00,1,1.0,TP,False
S2-09,shock_reversion,GBPUSD,2018-08-09 08:45:00+00:00,2018-08-09 09:00:00+00:00,2018-08-09 09:00:00+00:00,-1,1.000000000000032,TP,False
S2-09,shock_reversion,GBPUSD,2018-08-10 05:00:00+00:00,2018-08-10 05:15:00+00:00,2018-08-10 05:15:00+00:00,1,-0.9999999999998375,SL,False
S2-09,shock_reversion,GBPUSD,2018-08-10 06:15:00+00:00,2018-08-10 06:30:00+00:00,2018-08-10 06:30:00+00:00,1,-0.9999999999999345,SL,False
S2-09,shock_reversion,GBPUSD,2018-08-10 07:30:00+00:00,2018-08-10 07:45:00+00:00,2018-08-10 08:00:00+00:00,1,0.9999999999999607,TP,False
S2-09,shock_reversion,GBPUSD,2018-08-13 21:00:00+00:00,2018-08-13 21:15:00+00:00,2018-08-13 21:15:00+00:00,1,-1.0,SL,False
S2-09,shock_reversion,GBPUSD,2018-08-13 21:15:00+00:00,2018-08-13 21:30:00+00:00,2018-08-13 23:30:00+00:00,-1,-0.9999999999999606,SL,False
S2-09,shock_reversion,GBPUSD,2018-08-14 06:15:00+00:00,2018-08-14 06:30:00+00:00,2018-08-14 06:30:00+00:00,-1,0.9999999999999134,TP,False
S2-09,shock_reversion,GBPUSD,2018-08-14 16:00:00+00:00,2018-08-14 16:15:00+00:00,2018-08-14 20:00:00+00:00,1,-0.056108201847515145,TIME,False
S2-09,shock_reversion,GBPUSD,2018-08-15 15:00:00+00:00,2018-08-15 15:15:00+00:00,2018-08-15 15:45:00+00:00,-1,0.9999999999999387,TP,False
S2-09,shock_reversion,GBPUSD,2018-08-16 01:30:00+00:00,2018-08-16 01:45:00+00:00,2018-08-16 01:45:00+00:00,-1,-1.0000000000001585,SL,False
S2-09,shock_reversion,GBPUSD,2018-08-16 08:30:00+00:00,2018-08-16 08:45:00+00:00,2018-08-16 09:00:00+00:00,-1,0.9999999999999437,TP,False
S2-09,shock_reversion,GBPUSD,2018-08-17 06:15:00+00:00,2018-08-17 06:30:00+00:00,2018-08-17 06:30:00+00:00,-1,-0.9999999999999283,SL,False
S2-09,shock_reversion,GBPUSD,2018-08-17 06:30:00+00:00,2018-08-17 06:45:00+00:00,2018-08-17 06:45:00+00:00,-1,0.9999999999998179,TP,False
S2-09,shock_reversion,GBPUSD,2018-08-17 07:00:00+00:00,2018-08-17 07:15:00+00:00,2018-08-17 07:15:00+00:00,1,-1.000000000000132,SL,False
S2-09,shock_reversion,GBPUSD,2018-08-20 00:45:00+00:00,2018-08-20 01:00:00+00:00,2018-08-20 01:15:00+00:00,1,-1.0,SL,False
S2-09,shock_reversion,GBPUSD,2018-08-20 06:00:00+00:00,2018-08-20 06:15:00+00:00,2018-08-20 06:15:00+00:00,1,-1.0000000000000848,SL,False
S2-09,shock_reversion,GBPUSD,2018-08-21 00:30:00+00:00,2018-08-21 00:45:00+00:00,2018-08-21 01:00:00+00:00,-1,-1.0,SL,False
S2-09,shock_reversion,GBPUSD,2018-08-22 18:00:00+00:00,2018-08-22 18:15:00+00:00,2018-08-22 18:15:00+00:00,-1,1.0000000000000397,TP,False
S2-09,shock_reversion,GBPUSD,2018-08-24 10:00:00+00:00,2018-08-24 10:15:00+00:00,2018-08-24 11:30:00+00:00,-1,-0.9999999999999695,SL,False
S2-09,shock_reversion,GBPUSD,2018-08-24 14:00:00+00:00,2018-08-24 14:15:00+00:00,2018-08-24 14:30:00+00:00,-1,1.000000000000027,TP,False
S2-09,shock_reversion,GBPUSD,2018-08-27 06:00:00+00:00,2018-08-27 06:15:00+00:00,2018-08-27 06:15:00+00:00,1,-1.0,SL,False
S2-09,shock_reversion,GBPUSD,2018-08-28 06:45:00+00:00,2018-08-28 07:00:00+00:00,2018-08-28 07:00:00+00:00,-1,-1.0000000000000533,SL,False
S2-09,shock_reversion,GBPUSD,2018-08-29 13:45:00+00:00,2018-08-29 14:00:00+00:00,2018-08-29 14:00:00+00:00,-1,1.0000000000000187,TP,False
S2-09,shock_reversion,GBPUSD,2018-08-30 05:15:00+00:00,2018-08-30 05:30:00+00:00,2018-08-30 05:30:00+00:00,1,0.9999999999998218,TP,False
S2-09,shock_reversion,GBPUSD,2018-08-30 08:15:00+00:00,2018-08-30 08:30:00+00:00,2018-08-30 08:45:00+00:00,1,1.0000000000000708,TP,False
S2-09,shock_reversion,GBPUSD,2018-08-31 07:15:00+00:00,2018-08-31 07:30:00+00:00,2018-08-31 07:45:00+00:00,1,0.9999999999998828,TP,False
S2-09,shock_reversion,GBPUSD,2018-09-03 06:15:00+00:00,2018-09-03 06:30:00+00:00,2018-09-03 06:45:00+00:00,1,0.9999999999998854,TP,False
S2-09,shock_reversion,GBPUSD,2018-09-03 21:00:00+00:00,2018-09-03 21:15:00+00:00,2018-09-03 21:15:00+00:00,1,-1.0,SL,False
S2-09,shock_reversion,GBPUSD,2018-09-05 13:00:00+00:00,2018-09-05 13:15:00+00:00,2018-09-05 13:15:00+00:00,-1,-0.999999999999971,SL,False
S2-09,shock_reversion,GBPUSD,2018-09-05 15:15:00+00:00,2018-09-05 15:30:00+00:00,2018-09-05 19:15:00+00:00,1,0.6008353555572951,TIME,False
S2-09,shock_reversion,GBPUSD,2018-09-06 14:00:00+00:00,2018-09-06 14:15:00+00:00,2018-09-06 14:15:00+00:00,1,1.0,TP,False
S2-09,shock_reversion,GBPUSD,2018-09-07 06:00:00+00:00,2018-09-07 06:15:00+00:00,2018-09-07 06:15:00+00:00,-1,-1.00000000000005,SL,False
S2-09,shock_reversion,GBPUSD,2018-09-07 09:45:00+00:00,2018-09-07 10:00:00+00:00,2018-09-07 10:45:00+00:00,-1,-1.0,SL,False
S2-09,shock_reversion,GBPUSD,2018-09-07 10:45:00+00:00,2018-09-07 11:00:00+00:00,2018-09-07 11:00:00+00:00,-1,1.0000000000000575,TP,False
S2-09,shock_reversion,GBPUSD,2018-09-10 06:30:00+00:00,2018-09-10 06:45:00+00:00,2018-09-10 06:45:00+00:00,1,-1.0000000000001683,SL,False
S2-09,shock_reversion,GBPUSD,2018-09-10 12:45:00+00:00,2018-09-10 13:00:00+00:00,2018-09-10 13:00:00+00:00,-1,-1.0000000000000198,SL,False
S2-09,shock_reversion,GBPUSD,2018-09-11 07:15:00+00:00,2018-09-11 07:30:00+00:00,2018-09-11 08:15:00+00:00,-1,1.0000000000000866,TP,False
S2-09,shock_reversion,GBPUSD,2018-09-11 08:45:00+00:00,2018-09-11 09:00:00+00:00,2018-09-11 10:30:00+00:00,1,-0.9999999999999666,SL,False
S2-09,shock_reversion,GBPUSD,2018-09-12 07:30:00+00:00,2018-09-12 07:45:00+00:00,2018-09-12 08:00:00+00:00,-1,-0.9999999999999366,SL,False
S2-09,shock_reversion,GBPUSD,2018-09-12 16:45:00+00:00,2018-09-12 17:00:00+00:00,2018-09-12 20:45:00+00:00,-1,0.6343801611841697,TIME,False
S2-09,shock_reversion,GBPUSD,2018-09-13 01:30:00+00:00,2018-09-13 01:45:00+00:00,2018-09-13 02:00:00+00:00,1,-1.0000000000000748,SL,False
S2-09,shock_reversion,GBPUSD,2018-09-13 05:45:00+00:00,2018-09-13 06:00:00+00:00,2018-09-13 06:00:00+00:00,1,-0.9999999999999342,SL,False
S2-09,shock_reversion,GBPUSD,2018-09-13 12:30:00+00:00,2018-09-13 12:45:00+00:00,2018-09-13 13:00:00+00:00,-1,-1.0,SL,False
S2-09,shock_reversion,GBPUSD,2018-09-17 05:45:00+00:00,2018-09-17 06:00:00+00:00,2018-09-17 06:00:00+00:00,-1,1.0000000000002527,TP,False
S2-09,shock_reversion,GBPUSD,2018-09-18 03:00:00+00:00,2018-09-18 03:15:00+00:00,2018-09-18 03:15:00+00:00,-1,0.9999999999999293,TP,False
S2-09,shock_reversion,GBPUSD,2018-09-18 22:00:00+00:00,2018-09-18 22:15:00+00:00,2018-09-18 22:15:00+00:00,-1,-1.0,SL,False
S2-09,shock_reversion,GBPUSD,2018-09-19 08:30:00+00:00,2018-09-19 08:45:00+00:00,2018-09-19 08:45:00+00:00,-1,1.0,TP,False
S2-09,shock_reversion,GBPUSD,2018-09-19 11:00:00+00:00,2018-09-19 11:15:00+00:00,2018-09-19 11:30:00+00:00,1,0.999999999999985,TP,False
S2-09,shock_reversion,GBPUSD,2018-09-19 21:00:00+00:00,2018-09-19 21:15:00+00:00,2018-09-19 21:15:00+00:00,-1,-1.0000000000002005,SL,True
S2-09,shock_reversion,GBPUSD,2018-09-20 07:00:00+00:00,2018-09-20 07:15:00+00:00,2018-09-20 07:15:00+00:00,-1,-1.000000000000158,SL,False
S2-09,shock_reversion,GBPUSD,2018-09-21 06:30:00+00:00,2018-09-21 06:45:00+00:00,2018-09-21 06:45:00+00:00,1,1.0000000000001257,TP,False
S2-09,shock_reversion,GBPUSD,2018-09-21 07:15:00+00:00,2018-09-21 07:30:00+00:00,2018-09-21 07:30:00+00:00,1,-1.000000000000085,SL,False
S2-09,shock_reversion,GBPUSD,2018-09-21 13:00:00+00:00,2018-09-21 13:15:00+00:00,2018-09-21 13:30:00+00:00,1,-1.0000000000000562,SL,False
S2-09,shock_reversion,GBPUSD,2018-09-21 20:45:00+00:00,2018-09-23 21:00:00+00:00,2018-09-23 21:00:00+00:00,1,-0.9999999999998338,SL,False
S2-09,shock_reversion,GBPUSD,2018-09-24 06:15:00+00:00,2018-09-24 06:30:00+00:00,2018-09-24 06:30:00+00:00,1,-1.000000000000069,SL,False
S2-09,shock_reversion,GBPUSD,2018-09-24 06:45:00+00:00,2018-09-24 07:00:00+00:00,2018-09-24 07:00:00+00:00,-1,-1.0000000000001599,SL,False
S2-09,shock_reversion,GBPUSD,2018-09-24 07:15:00+00:00,2018-09-24 07:30:00+00:00,2018-09-24 07:45:00+00:00,-1,1.0000000000001168,TP,False
S2-09,shock_reversion,GBPUSD,2018-09-24 21:00:00+00:00,2018-09-24 21:15:00+00:00,2018-09-24 21:15:00+00:00,1,-1.0000000000001195,SL,False
S2-09,shock_reversion,GBPUSD,2018-09-25 06:15:00+00:00,2018-09-25 06:30:00+00:00,2018-09-25 06:30:00+00:00,-1,-1.0000000000000764,SL,False
S2-09,shock_reversion,GBPUSD,2018-09-25 07:30:00+00:00,2018-09-25 07:45:00+00:00,2018-09-25 07:45:00+00:00,-1,-1.0000000000001115,SL,False
S2-09,shock_reversion,GBPUSD,2018-09-26 06:30:00+00:00,2018-09-26 06:45:00+00:00,2018-09-26 06:45:00+00:00,1,0.999999999999941,TP,False
S2-09,shock_reversion,GBPUSD,2018-09-26 18:00:00+00:00,2018-09-26 18:15:00+00:00,2018-09-26 18:15:00+00:00,-1,1.0000000000000846,TP,False
S2-09,shock_reversion,GBPUSD,2018-09-27 01:45:00+00:00,2018-09-27 02:00:00+00:00,2018-09-27 02:00:00+00:00,1,-1.0,SL,False
S2-09,shock_reversion,GBPUSD,2018-09-27 05:00:00+00:00,2018-09-27 05:15:00+00:00,2018-09-27 05:30:00+00:00,1,-0.9999999999999084,SL,False
S2-09,shock_reversion,GBPUSD,2018-09-28 08:30:00+00:00,2018-09-28 08:45:00+00:00,2018-09-28 08:45:00+00:00,1,1.0,TP,False
S2-09,shock_reversion,GBPUSD,2018-10-01 06:00:00+00:00,2018-10-01 06:15:00+00:00,2018-10-01 06:30:00+00:00,-1,1.0000000000002587,TP,False
S2-09,shock_reversion,GBPUSD,2018-10-01 12:30:00+00:00,2018-10-01 12:45:00+00:00,2018-10-01 12:45:00+00:00,-1,-0.99999999999998,SL,False
S2-09,shock_reversion,GBPUSD,2018-10-02 05:00:00+00:00,2018-10-02 05:15:00+00:00,2018-10-02 05:15:00+00:00,1,-1.0000000000001805,SL,False
S2-09,shock_reversion,GBPUSD,2018-10-02 06:00:00+00:00,2018-10-02 06:15:00+00:00,2018-10-02 06:15:00+00:00,1,-0.9999999999999248,SL,False
S2-09,shock_reversion,GBPUSD,2018-10-02 07:00:00+00:00,2018-10-02 07:15:00+00:00,2018-10-02 07:30:00+00:00,1,0.999999999999956,TP,False
S2-09,shock_reversion,GBPUSD,2018-10-02 12:30:00+00:00,2018-10-02 12:45:00+00:00,2018-10-02 13:30:00+00:00,-1,1.0,TP,False
S2-09,shock_reversion,GBPUSD,2018-10-02 21:00:00+00:00,2018-10-02 21:15:00+00:00,2018-10-02 21:15:00+00:00,1,-0.9999999999997675,SL,False
S2-09,shock_reversion,GBPUSD,2018-10-02 21:30:00+00:00,2018-10-02 21:45:00+00:00,2018-10-03 00:30:00+00:00,1,-1.0000000000000682,SL,False
S2-09,shock_reversion,GBPUSD,2018-10-03 01:45:00+00:00,2018-10-03 02:00:00+00:00,2018-10-03 02:00:00+00:00,-1,-1.0000000000000673,SL,False
S2-09,shock_reversion,GBPUSD,2018-10-03 02:00:00+00:00,2018-10-03 02:15:00+00:00,2018-10-03 02:15:00+00:00,-1,-1.0000000000000568,SL,False
S2-09,shock_reversion,GBPUSD,2018-10-03 20:45:00+00:00,2018-10-03 21:00:00+00:00,2018-10-03 21:00:00+00:00,1,-1.000000000000071,SL,False
S2-09,shock_reversion,GBPUSD,2018-10-04 05:00:00+00:00,2018-10-04 05:15:00+00:00,2018-10-04 05:15:00+00:00,-1,0.999999999999896,TP,False
S2-09,shock_reversion,GBPUSD,2018-10-05 06:15:00+00:00,2018-10-05 06:30:00+00:00,2018-10-05 06:30:00+00:00,-1,-1.0000000000001934,SL,False
S2-09,shock_reversion,GBPUSD,2018-10-05 06:30:00+00:00,2018-10-05 06:45:00+00:00,2018-10-05 06:45:00+00:00,-1,-1.0000000000000926,SL,False
S2-09,shock_reversion,GBPUSD,2018-10-05 12:30:00+00:00,2018-10-05 12:45:00+00:00,2018-10-05 12:45:00+00:00,-1,-1.0000000000000664,SL,False
S2-09,shock_reversion,GBPUSD,2018-10-05 12:45:00+00:00,2018-10-05 13:00:00+00:00,2018-10-05 13:15:00+00:00,-1,-0.9999999999999473,SL,False
S2-09,shock_reversion,GBPUSD,2018-10-08 06:00:00+00:00,2018-10-08 06:15:00+00:00,2018-10-08 06:15:00+00:00,1,-1.0000000000001374,SL,False
S2-09,shock_reversion,GBPUSD,2018-10-08 10:30:00+00:00,2018-10-08 10:45:00+00:00,2018-10-08 12:30:00+00:00,1,0.9999999999999415,TP,False
S2-09,shock_reversion,GBPUSD,2018-10-09 06:00:00+00:00,2018-10-09 06:15:00+00:00,2018-10-09 06:15:00+00:00,1,-1.0000000000001465,SL,False
S2-09,shock_reversion,GBPUSD,2018-10-09 06:15:00+00:00,2018-10-09 06:30:00+00:00,2018-10-09 06:30:00+00:00,1,-1.0000000000000635,SL,False
S2-09,shock_reversion,GBPUSD,2018-10-09 07:45:00+00:00,2018-10-09 08:00:00+00:00,2018-10-09 08:45:00+00:00,1,1.0,TP,False
S2-09,shock_reversion,GBPUSD,2018-10-09 14:15:00+00:00,2018-10-09 14:30:00+00:00,2018-10-09 14:30:00+00:00,-1,-1.0000000000000762,SL,False
S2-09,shock_reversion,GBPUSD,2018-10-10 05:15:00+00:00,2018-10-10 05:30:00+00:00,2018-10-10 05:45:00+00:00,-1,1.0,TP,False
S2-09,shock_reversion,GBPUSD,2018-10-10 06:00:00+00:00,2018-10-10 06:15:00+00:00,2018-10-10 06:15:00+00:00,-1,1.0000000000000773,TP,False
S2-09,shock_reversion,GBPUSD,2018-10-10 21:15:00+00:00,2018-10-10 21:30:00+00:00,2018-10-11 00:00:00+00:00,1,0.9999999999999681,TP,False
S2-09,shock_reversion,GBPUSD,2018-10-11 01:45:00+00:00,2018-10-11 02:00:00+00:00,2018-10-11 02:00:00+00:00,-1,0.9999999999999095,TP,False
S2-09,shock_reversion,GBPUSD,2018-10-12 08:00:00+00:00,2018-10-12 08:15:00+00:00,2018-10-12 08:15:00+00:00,1,-0.9999999999999304,SL,False
S2-09,shock_reversion,GBPUSD,2018-10-12 08:15:00+00:00,2018-10-12 08:30:00+00:00,2018-10-12 08:30:00+00:00,1,-1.0000000000000577,SL,False
S2-09,shock_reversion,GBPUSD,2018-10-12 12:30:00+00:00,2018-10-12 12:45:00+00:00,2018-10-12 13:00:00+00:00,1,0.9999999999999072,TP,False
S2-09,shock_reversion,GBPUSD,2018-10-15 05:45:00+00:00,2018-10-15 06:00:00+00:00,2018-10-15 06:15:00+00:00,-1,1.0,TP,False
S2-09,shock_reversion,GBPUSD,2018-10-15 21:00:00+00:00,2018-10-15 21:15:00+00:00,2018-10-15 21:15:00+00:00,1,-0.9999999999998349,SL,False
S2-09,shock_reversion,GBPUSD,2018-10-16 06:15:00+00:00,2018-10-16 06:30:00+00:00,2018-10-16 06:30:00+00:00,-1,-0.999999999999826,SL,False
S2-09,shock_reversion,GBPUSD,2018-10-16 06:30:00+00:00,2018-10-16 06:45:00+00:00,2018-10-16 07:00:00+00:00,-1,0.9999999999999503,TP,False
S2-09,shock_reversion,GBPUSD,2018-10-16 07:15:00+00:00,2018-10-16 07:30:00+00:00,2018-10-16 08:15:00+00:00,-1,1.0000000000000993,TP,False
S2-09,shock_reversion,GBPUSD,2018-10-17 21:00:00+00:00,2018-10-17 21:15:00+00:00,2018-10-17 21:15:00+00:00,1,-0.9999999999999233,SL,False
S2-09,shock_reversion,GBPUSD,2018-10-18 06:00:00+00:00,2018-10-18 06:15:00+00:00,2018-10-18 06:30:00+00:00,1,1.0000000000001188,TP,False
S2-09,shock_reversion,GBPUSD,2018-10-19 06:30:00+00:00,2018-10-19 06:45:00+00:00,2018-10-19 07:00:00+00:00,-1,1.000000000000134,TP,False
S2-09,shock_reversion,GBPUSD,2018-10-19 16:45:00+00:00,2018-10-19 17:00:00+00:00,2018-10-19 17:00:00+00:00,-1,0.20352316044819221,FRIDAY,False
S2-09,shock_reversion,GBPUSD,2018-10-21 21:30:00+00:00,2018-10-21 21:45:00+00:00,2018-10-21 21:45:00+00:00,1,-1.000000000000122,SL,False
S2-09,shock_reversion,GBPUSD,2018-10-22 06:00:00+00:00,2018-10-22 06:15:00+00:00,2018-10-22 06:15:00+00:00,-1,-0.9999999999998047,SL,False
S2-09,shock_reversion,GBPUSD,2018-10-23 06:00:00+00:00,2018-10-23 06:15:00+00:00,2018-10-23 06:15:00+00:00,1,0.999999999999881,TP,False
S2-09,shock_reversion,GBPUSD,2018-10-23 07:30:00+00:00,2018-10-23 07:45:00+00:00,2018-10-23 07:45:00+00:00,-1,0.9999999999999372,TP,False
S2-09,shock_reversion,GBPUSD,2018-10-23 11:45:00+00:00,2018-10-23 12:00:00+00:00,2018-10-23 12:30:00+00:00,-1,1.000000000000041,TP,False
S2-09,shock_reversion,GBPUSD,2018-10-24 07:00:00+00:00,2018-10-24 07:15:00+00:00,2018-10-24 07:15:00+00:00,1,-0.9999999999999533,SL,False
S2-09,shock_reversion,GBPUSD,2018-10-25 05:45:00+00:00,2018-10-25 06:00:00+00:00,2018-10-25 06:00:00+00:00,-1,-1.0,SL,True
S2-09,shock_reversion,GBPUSD,2018-10-25 06:00:00+00:00,2018-10-25 06:15:00+00:00,2018-10-25 06:30:00+00:00,-1,-1.0,SL,False
S2-09,shock_reversion,GBPUSD,2018-10-25 13:15:00+00:00,2018-10-25 13:30:00+00:00,2018-10-25 13:30:00+00:00,1,-0.9999999999999735,SL,False
S2-09,shock_reversion,GBPUSD,2018-10-25 19:00:00+00:00,2018-10-25 19:15:00+00:00,2018-10-25 23:00:00+00:00,1,0.9999999999999243,TP,False
S2-09,shock_reversion,GBPUSD,2018-10-29 08:15:00+00:00,2018-10-29 08:30:00+00:00,2018-10-29 09:30:00+00:00,1,1.0,TP,False
S2-09,shock_reversion,GBPUSD,2018-10-30 21:00:00+00:00,2018-10-30 21:15:00+00:00,2018-10-30 21:15:00+00:00,1,-0.9999999999998548,SL,False
S2-09,shock_reversion,GBPUSD,2018-10-31 11:15:00+00:00,2018-10-31 11:30:00+00:00,2018-10-31 12:30:00+00:00,-1,1.0000000000000555,TP,False
S2-09,shock_reversion,GBPUSD,2018-10-31 15:15:00+00:00,2018-10-31 15:30:00+00:00,2018-10-31 15:30:00+00:00,-1,1.0,TP,False
S2-09,shock_reversion,GBPUSD,2018-11-01 00:15:00+00:00,2018-11-01 00:30:00+00:00,2018-11-01 00:30:00+00:00,-1,-0.9999999999999609,SL,False
S2-09,shock_reversion,GBPUSD,2018-11-01 00:30:00+00:00,2018-11-01 00:45:00+00:00,2018-11-01 00:45:00+00:00,-1,1.0000000000000306,TP,False
S2-09,shock_reversion,GBPUSD,2018-11-01 05:30:00+00:00,2018-11-01 05:45:00+00:00,2018-11-01 06:00:00+00:00,-1,0.9999999999999525,TP,False
S2-09,shock_reversion,GBPUSD,2018-11-01 10:00:00+00:00,2018-11-01 10:15:00+00:00,2018-11-01 10:30:00+00:00,1,0.9999999999999691,TP,False
S2-09,shock_reversion,GBPUSD,2018-11-02 04:45:00+00:00,2018-11-02 05:00:00+00:00,2018-11-02 05:00:00+00:00,-1,-0.999999999999788,SL,False
S2-09,shock_reversion,GBPUSD,2018-11-05 06:00:00+00:00,2018-11-05 06:15:00+00:00,2018-11-05 06:30:00+00:00,-1,-1.0,SL,False
S2-09,shock_reversion,GBPUSD,2018-11-05 22:30:00+00:00,2018-11-05 22:45:00+00:00,2018-11-05 23:00:00+00:00,-1,-1.0000000000000793,SL,False
S2-09,shock_reversion,GBPUSD,2018-11-06 10:00:00+00:00,2018-11-06 10:15:00+00:00,2018-11-06 11:30:00+00:00,1,0.9999999999999282,TP,False
S2-09,shock_reversion,GBPUSD,2018-11-06 11:30:00+00:00,2018-11-06 11:45:00+00:00,2018-11-06 12:00:00+00:00,-1,-1.0000000000000229,SL,False
S2-09,shock_reversion,GBPUSD,2018-11-06 22:30:00+00:00,2018-11-06 22:45:00+00:00,2018-11-06 22:45:00+00:00,1,-1.0,SL,False
S2-09,shock_reversion,GBPUSD,2018-11-07 00:30:00+00:00,2018-11-07 00:45:00+00:00,2018-11-07 00:45:00+00:00,-1,1.0,TP,False
S2-09,shock_reversion,GBPUSD,2018-11-07 01:15:00+00:00,2018-11-07 01:30:00+00:00,2018-11-07 02:00:00+00:00,1,-1.0000000000000433,SL,False
S2-09,shock_reversion,GBPUSD,2018-11-08 07:00:00+00:00,2018-11-08 07:15:00+00:00,2018-11-08 07:15:00+00:00,1,1.0,TP,False
S2-09,shock_reversion,GBPUSD,2018-11-08 19:00:00+00:00,2018-11-08 19:15:00+00:00,2018-11-08 19:30:00+00:00,1,-0.9999999999999745,SL,False
S2-09,shock_reversion,GBPUSD,2018-11-09 07:00:00+00:00,2018-11-09 07:15:00+00:00,2018-11-09 07:15:00+00:00,1,0.9999999999998744,TP,False
S2-09,shock_reversion,GBPUSD,2018-11-12 05:00:00+00:00,2018-11-12 05:15:00+00:00,2018-11-12 05:15:00+00:00,1,-1.0000000000001004,SL,False
S2-09,shock_reversion,GBPUSD,2018-11-12 06:30:00+00:00,2018-11-12 06:45:00+00:00,2018-11-12 07:30:00+00:00,1,-1.000000000000091,SL,False
S2-09,shock_reversion,GBPUSD,2018-11-12 13:45:00+00:00,2018-11-12 14:00:00+00:00,2018-11-12 14:15:00+00:00,-1,-1.0000000000000215,SL,False
S2-09,shock_reversion,GBPUSD,2018-11-12 22:00:00+00:00,2018-11-12 22:15:00+00:00,2018-11-12 22:15:00+00:00,1,-1.000000000000132,SL,False
S2-09,shock_reversion,GBPUSD,2018-11-13 07:00:00+00:00,2018-11-13 07:15:00+00:00,2018-11-13 07:30:00+00:00,1,1.000000000000075,TP,False
S2-09,shock_reversion,GBPUSD,2018-11-13 07:45:00+00:00,2018-11-13 08:00:00+00:00,2018-11-13 08:00:00+00:00,-1,1.0,TP,False
S2-09,shock_reversion,GBPUSD,2018-11-13 15:45:00+00:00,2018-11-13 16:00:00+00:00,2018-11-13 16:00:00+00:00,-1,-0.9999999999999705,SL,True
S2-09,shock_reversion,GBPUSD,2018-11-13 22:15:00+00:00,2018-11-13 22:30:00+00:00,2018-11-13 22:30:00+00:00,-1,-1.0000000000000517,SL,False
S2-09,shock_reversion,GBPUSD,2018-11-14 07:00:00+00:00,2018-11-14 07:15:00+00:00,2018-11-14 07:15:00+00:00,1,1.000000000000071,TP,False
S2-09,shock_reversion,GBPUSD,2018-11-14 17:30:00+00:00,2018-11-14 17:45:00+00:00,2018-11-14 17:45:00+00:00,1,1.000000000000011,TP,False
S2-09,shock_reversion,GBPUSD,2018-11-15 07:30:00+00:00,2018-11-15 07:45:00+00:00,2018-11-15 07:45:00+00:00,1,-0.9999999999999412,SL,False
S2-09,shock_reversion,GBPUSD,2018-11-15 08:45:00+00:00,2018-11-15 09:00:00+00:00,2018-11-15 09:00:00+00:00,1,-1.0000000000000142,SL,False
S2-09,shock_reversion,GBPUSD,2018-11-16 08:00:00+00:00,2018-11-16 08:15:00+00:00,2018-11-16 08:15:00+00:00,-1,-1.0000000000000528,SL,False
S2-09,shock_reversion,GBPUSD,2018-11-16 09:30:00+00:00,2018-11-16 09:45:00+00:00,2018-11-16 09:45:00+00:00,-1,1.0000000000000149,TP,False
S2-09,shock_reversion,GBPUSD,2018-11-19 06:15:00+00:00,2018-11-19 06:30:00+00:00,2018-11-19 06:30:00+00:00,-1,-0.9999999999999379,SL,False
S2-09,shock_reversion,GBPUSD,2018-11-19 11:45:00+00:00,2018-11-19 12:00:00+00:00,2018-11-19 12:00:00+00:00,1,1.0,TP,False
S2-09,shock_reversion,GBPUSD,2018-11-19 22:00:00+00:00,2018-11-19 22:15:00+00:00,2018-11-19 22:15:00+00:00,1,-1.000000000000156,SL,True
S2-09,shock_reversion,GBPUSD,2018-11-19 22:15:00+00:00,2018-11-19 22:30:00+00:00,2018-11-19 22:45:00+00:00,-1,0.9999999999999566,TP,False
S2-09,shock_reversion,GBPUSD,2018-11-20 07:00:00+00:00,2018-11-20 07:15:00+00:00,2018-11-20 07:15:00+00:00,1,1.000000000000049,TP,False
S2-09,shock_reversion,GBPUSD,2018-11-22 06:15:00+00:00,2018-11-22 06:30:00+00:00,2018-11-22 07:00:00+00:00,-1,-0.9999999999998638,SL,False
S2-09,shock_reversion,GBPUSD,2018-11-22 10:00:00+00:00,2018-11-22 10:15:00+00:00,2018-11-22 10:15:00+00:00,-1,-1.0000000000000469,SL,False
S2-09,shock_reversion,GBPUSD,2018-11-22 10:15:00+00:00,2018-11-22 10:30:00+00:00,2018-11-22 10:30:00+00:00,-1,-0.9999999999999636,SL,False
S2-09,shock_reversion,GBPUSD,2018-11-25 22:00:00+00:00,2018-11-25 22:15:00+00:00,2018-11-26 00:45:00+00:00,-1,0.9999999999999151,TP,False
S2-09,shock_reversion,GBPUSD,2018-11-26 07:30:00+00:00,2018-11-26 07:45:00+00:00,2018-11-26 07:45:00+00:00,1,1.0000000000000473,TP,False
S2-09,shock_reversion,GBPUSD,2018-11-26 08:00:00+00:00,2018-11-26 08:15:00+00:00,2018-11-26 08:15:00+00:00,-1,-1.0000000000000373,SL,False
S2-09,shock_reversion,GBPUSD,2018-11-27 06:30:00+00:00,2018-11-27 06:45:00+00:00,2018-11-27 06:45:00+00:00,1,-0.9999999999998758,SL,False
S2-09,shock_reversion,GBPUSD,2018-11-27 06:45:00+00:00,2018-11-27 07:00:00+00:00,2018-11-27 07:00:00+00:00,1,-0.9999999999999012,SL,False
S2-09,shock_reversion,GBPUSD,2018-11-27 21:45:00+00:00,2018-11-27 22:00:00+00:00,2018-11-27 22:00:00+00:00,-1,-1.0000000000000495,SL,False
S2-09,shock_reversion,GBPUSD,2018-11-28 17:00:00+00:00,2018-11-28 17:15:00+00:00,2018-11-28 17:30:00+00:00,-1,1.0000000000000633,TP,False
S2-09,shock_reversion,GBPUSD,2018-11-29 08:30:00+00:00,2018-11-29 08:45:00+00:00,2018-11-29 08:45:00+00:00,1,-1.0000000000000948,SL,False
S2-09,shock_reversion,GBPUSD,2018-11-30 06:45:00+00:00,2018-11-30 07:00:00+00:00,2018-11-30 07:15:00+00:00,1,-0.9999999999998649,SL,False
S2-09,shock_reversion,GBPUSD,2018-11-30 08:45:00+00:00,2018-11-30 09:00:00+00:00,2018-11-30 09:15:00+00:00,-1,0.999999999999887,TP,False
S2-09,shock_reversion,GBPUSD,2018-12-02 22:00:00+00:00,2018-12-02 22:15:00+00:00,2018-12-02 22:30:00+00:00,1,-1.0000000000001283,SL,False
S2-09,shock_reversion,GBPUSD,2018-12-03 05:45:00+00:00,2018-12-03 06:00:00+00:00,2018-12-03 06:45:00+00:00,-1,0.9999999999998813,TP,False
S2-09,shock_reversion,GBPUSD,2018-12-03 07:30:00+00:00,2018-12-03 07:45:00+00:00,2018-12-03 08:00:00+00:00,-1,0.9999999999999243,TP,False
S2-09,shock_reversion,GBPUSD,2018-12-04 08:00:00+00:00,2018-12-04 08:15:00+00:00,2018-12-04 08:15:00+00:00,-1,-1.0000000000000497,SL,True
S2-09,shock_reversion,GBPUSD,2018-12-04 17:00:00+00:00,2018-12-04 17:15:00+00:00,2018-12-04 17:30:00+00:00,1,-0.9999999999999644,SL,False
S2-09,shock_reversion,GBPUSD,2018-12-05 03:00:00+00:00,2018-12-05 03:15:00+00:00,2018-12-05 03:15:00+00:00,1,1.000000000000155,TP,False
S2-09,shock_reversion,GBPUSD,2018-12-06 05:30:00+00:00,2018-12-06 05:45:00+00:00,2018-12-06 06:00:00+00:00,1,-1.0,SL,False
S2-09,shock_reversion,GBPUSD,2018-12-06 08:00:00+00:00,2018-12-06 08:15:00+00:00,2018-12-06 08:15:00+00:00,-1,0.9999999999999678,TP,False
S2-09,shock_reversion,GBPUSD,2018-12-07 13:30:00+00:00,2018-12-07 13:45:00+00:00,2018-12-07 14:30:00+00:00,-1,1.0000000000000466,TP,False
S2-09,shock_reversion,GBPUSD,2018-12-10 11:30:00+00:00,2018-12-10 11:45:00+00:00,2018-12-10 11:45:00+00:00,1,-1.0,SL,False
S2-09,shock_reversion,GBPUSD,2018-12-10 15:45:00+00:00,2018-12-10 16:00:00+00:00,2018-12-10 16:00:00+00:00,1,-1.0000000000000258,SL,False
S2-09,shock_reversion,GBPUSD,2018-12-11 08:15:00+00:00,2018-12-11 08:30:00+00:00,2018-12-11 08:30:00+00:00,-1,-1.0,SL,False
S2-09,shock_reversion,GBPUSD,2018-12-12 07:30:00+00:00,2018-12-12 07:45:00+00:00,2018-12-12 07:45:00+00:00,1,1.0000000000000653,TP,False
S2-09,shock_reversion,GBPUSD,2018-12-12 08:15:00+00:00,2018-12-12 08:30:00+00:00,2018-12-12 08:45:00+00:00,-1,-0.9999999999999607,SL,False
S2-09,shock_reversion,GBPUSD,2018-12-12 21:00:00+00:00,2018-12-12 21:15:00+00:00,2018-12-12 21:30:00+00:00,1,1.0000000000000313,TP,False
S2-09,shock_reversion,GBPUSD,2018-12-13 08:15:00+00:00,2018-12-13 08:30:00+00:00,2018-12-13 08:30:00+00:00,-1,-1.0000000000000733,SL,False
S2-09,shock_reversion,GBPUSD,2018-12-13 22:30:00+00:00,2018-12-13 22:45:00+00:00,2018-12-13 22:45:00+00:00,1,-1.0,SL,False
S2-09,shock_reversion,GBPUSD,2018-12-14 07:45:00+00:00,2018-12-14 08:00:00+00:00,2018-12-14 08:00:00+00:00,-1,0.9999999999998586,TP,False
S2-09,shock_reversion,GBPUSD,2018-12-14 08:00:00+00:00,2018-12-14 08:15:00+00:00,2018-12-14 08:15:00+00:00,1,-1.0,SL,False
S2-09,shock_reversion,GBPUSD,2018-12-14 08:15:00+00:00,2018-12-14 08:30:00+00:00,2018-12-14 08:30:00+00:00,1,-1.0000000000000335,SL,False
S2-09,shock_reversion,GBPUSD,2018-12-18 01:30:00+00:00,2018-12-18 01:45:00+00:00,2018-12-18 03:00:00+00:00,-1,1.0,TP,False
S2-09,shock_reversion,GBPUSD,2018-12-18 07:30:00+00:00,2018-12-18 07:45:00+00:00,2018-12-18 07:45:00+00:00,-1,-1.0000000000001557,SL,False
S2-09,shock_reversion,GBPUSD,2018-12-18 07:45:00+00:00,2018-12-18 08:00:00+00:00,2018-12-18 08:00:00+00:00,-1,-1.0000000000000884,SL,False
S2-09,shock_reversion,GBPUSD,2018-12-19 07:30:00+00:00,2018-12-19 07:45:00+00:00,2018-12-19 08:00:00+00:00,-1,1.0000000000000884,TP,False
S2-09,shock_reversion,GBPUSD,2018-12-19 19:00:00+00:00,2018-12-19 19:15:00+00:00,2018-12-19 20:00:00+00:00,1,-1.0,SL,False
S2-09,shock_reversion,GBPUSD,2018-12-20 22:15:00+00:00,2018-12-20 22:30:00+00:00,2018-12-20 23:00:00+00:00,1,1.0000000000001124,TP,False
S2-09,shock_reversion,GBPUSD,2018-12-21 15:45:00+00:00,2018-12-21 16:00:00+00:00,2018-12-21 16:00:00+00:00,-1,-0.0,FRIDAY,False
S2-09,shock_reversion,GBPUSD,2018-12-24 07:00:00+00:00,2018-12-24 07:15:00+00:00,2018-12-24 07:15:00+00:00,-1,-1.0,SL,False
S2-09,shock_reversion,GBPUSD,2018-12-24 08:00:00+00:00,2018-12-24 08:15:00+00:00,2018-12-24 08:15:00+00:00,-1,1.000000000000129,TP,False
S2-09,shock_reversion,GBPUSD,2018-12-24 14:15:00+00:00,2018-12-24 14:30:00+00:00,2018-12-24 15:30:00+00:00,-1,0.9999999999999302,TP,False
S2-09,shock_reversion,GBPUSD,2018-12-24 18:15:00+00:00,2018-12-24 18:30:00+00:00,2018-12-24 18:30:00+00:00,1,-0.9999999999999784,SL,False
S2-09,shock_reversion,GBPUSD,2018-12-25 07:00:00+00:00,2018-12-25 07:15:00+00:00,2018-12-25 07:15:00+00:00,1,-0.9999999999998704,SL,False
S2-09,shock_reversion,GBPUSD,2018-12-25 22:00:00+00:00,2018-12-25 22:15:00+00:00,2018-12-25 22:15:00+00:00,1,-0.9999999999998996,SL,False
S2-09,shock_reversion,GBPUSD,2018-12-26 06:15:00+00:00,2018-12-26 06:30:00+00:00,2018-12-26 06:45:00+00:00,-1,0.9999999999999333,TP,False
S2-09,shock_reversion,GBPUSD,2018-12-28 07:15:00+00:00,2018-12-28 07:30:00+00:00,2018-12-28 07:30:00+00:00,1,-0.999999999999789,SL,False
S2-09,shock_reversion,GBPUSD,2018-12-28 10:30:00+00:00,2018-12-28 10:45:00+00:00,2018-12-28 11:15:00+00:00,-1,-1.0,SL,False
S2-09,shock_reversion,GBPUSD,2018-12-31 07:30:00+00:00,2018-12-31 07:45:00+00:00,2018-12-31 07:45:00+00:00,-1,-0.9999999999998963,SL,False
S2-09,shock_reversion,GBPUSD,2018-12-31 07:45:00+00:00,2018-12-31 08:00:00+00:00,2018-12-31 08:00:00+00:00,-1,1.0,TP,False
S2-09,shock_reversion,GBPUSD,2018-12-31 15:45:00+00:00,2018-12-31 16:00:00+00:00,2018-12-31 16:00:00+00:00,1,-1.0000000000000187,SL,False
S2-09,shock_reversion,GBPUSD,2019-01-01 22:00:00+00:00,2019-01-01 22:15:00+00:00,2019-01-01 22:15:00+00:00,1,-1.0,SL,False
S2-09,shock_reversion,GBPUSD,2019-01-02 06:00:00+00:00,2019-01-02 06:15:00+00:00,2019-01-02 06:15:00+00:00,-1,-0.9999999999998482,SL,False
S2-09,shock_reversion,GBPUSD,2019-01-02 22:30:00+00:00,2019-01-02 22:45:00+00:00,2019-01-02 22:45:00+00:00,1,-1.0000000000000209,SL,False
S2-09,shock_reversion,GBPUSD,2019-01-02 22:45:00+00:00,2019-01-02 23:00:00+00:00,2019-01-02 23:00:00+00:00,1,1.000000000000015,TP,False
S2-09,shock_reversion,GBPUSD,2019-01-04 07:00:00+00:00,2019-01-04 07:15:00+00:00,2019-01-04 07:30:00+00:00,-1,1.000000000000053,TP,False
S2-09,shock_reversion,GBPUSD,2019-01-04 13:30:00+00:00,2019-01-04 13:45:00+00:00,2019-01-04 13:45:00+00:00,1,-0.9999999999999397,SL,False
S2-09,shock_reversion,GBPUSD,2019-01-04 15:15:00+00:00,2019-01-04 15:30:00+00:00,2019-01-04 15:45:00+00:00,-1,-1.0,SL,False
S2-09,shock_reversion,GBPUSD,2019-01-07 08:00:00+00:00,2019-01-07 08:15:00+00:00,2019-01-07 08:15:00+00:00,1,1.0000000000001477,TP,False
S2-09,shock_reversion,GBPUSD,2019-01-07 21:45:00+00:00,2019-01-07 22:00:00+00:00,2019-01-07 22:00:00+00:00,-1,-1.000000000000062,SL,False
S2-09,shock_reversion,GBPUSD,2019-01-07 22:00:00+00:00,2019-01-07 22:15:00+00:00,2019-01-07 22:15:00+00:00,-1,-0.9999999999999432,SL,False
S2-09,shock_reversion,GBPUSD,2019-01-08 06:00:00+00:00,2019-01-08 06:15:00+00:00,2019-01-08 06:15:00+00:00,-1,-1.0000000000002232,SL,False
S2-09,shock_reversion,GBPUSD,2019-01-08 06:15:00+00:00,2019-01-08 06:30:00+00:00,2019-01-08 06:45:00+00:00,-1,1.0,TP,False
S2-09,shock_reversion,GBPUSD,2019-01-08 07:15:00+00:00,2019-01-08 07:30:00+00:00,2019-01-08 07:30:00+00:00,-1,-1.0000000000000888,SL,True
S2-09,shock_reversion,GBPUSD,2019-01-09 22:30:00+00:00,2019-01-09 22:45:00+00:00,2019-01-10 00:00:00+00:00,-1,-0.9999999999999605,SL,False
S2-09,shock_reversion,GBPUSD,2019-01-10 07:00:00+00:00,2019-01-10 07:15:00+00:00,2019-01-10 07:30:00+00:00,1,-1.0000000000001164,SL,False
S2-09,shock_reversion,GBPUSD,2019-01-10 07:30:00+00:00,2019-01-10 07:45:00+00:00,2019-01-10 08:00:00+00:00,1,0.9999999999999335,TP,False
S2-09,shock_reversion,GBPUSD,2019-01-11 09:00:00+00:00,2019-01-11 09:15:00+00:00,2019-01-11 09:45:00+00:00,1,1.000000000000029,TP,False
S2-09,shock_reversion,GBPUSD,2019-01-11 09:45:00+00:00,2019-01-11 10:00:00+00:00,2019-01-11 10:00:00+00:00,-1,-0.9999999999999536,SL,False
S2-09,shock_reversion,GBPUSD,2019-01-11 10:45:00+00:00,2019-01-11 11:00:00+00:00,2019-01-11 11:00:00+00:00,-1,0.9999999999999554,TP,False
S2-09,shock_reversion,GBPUSD,2019-01-14 07:15:00+00:00,2019-01-14 07:30:00+00:00,2019-01-14 07:30:00+00:00,1,-0.99999999999988,SL,False
S2-09,shock_reversion,GBPUSD,2019-01-14 15:45:00+00:00,2019-01-14 16:00:00+00:00,2019-01-14 16:00:00+00:00,-1,1.0,TP,False
S2-09,shock_reversion,GBPUSD,2019-01-15 19:30:00+00:00,2019-01-15 19:45:00+00:00,2019-01-15 19:45:00+00:00,-1,-1.0,SL,False
S2-09,shock_reversion,GBPUSD,2019-01-15 19:45:00+00:00,2019-01-15 20:00:00+00:00,2019-01-15 20:15:00+00:00,-1,-1.0,SL,False
S2-09,shock_reversion,GBPUSD,2019-01-16 08:00:00+00:00,2019-01-16 08:15:00+00:00,2019-01-16 08:15:00+00:00,-1,-1.0000000000000713,SL,False
S2-09,shock_reversion,GBPUSD,2019-01-16 12:30:00+00:00,2019-01-16 12:45:00+00:00,2019-01-16 12:45:00+00:00,-1,1.0000000000000195,TP,False
S2-09,shock_reversion,GBPUSD,2019-01-17 07:00:00+00:00,2019-01-17 07:15:00+00:00,2019-01-17 07:15:00+00:00,1,-1.000000000000041,SL,False
S2-09,shock_reversion,GBPUSD,2019-01-20 22:15:00+00:00,2019-01-20 22:30:00+00:00,2019-01-20 22:30:00+00:00,1,-0.999999999999859,SL,False
S2-09,shock_reversion,GBPUSD,2019-01-21 15:45:00+00:00,2019-01-21 16:00:00+00:00,2019-01-21 16:15:00+00:00,-1,-1.0000000000000702,SL,False
S2-09,shock_reversion,GBPUSD,2019-01-21 22:15:00+00:00,2019-01-21 22:30:00+00:00,2019-01-21 22:30:00+00:00,-1,-1.0000000000002027,SL,False
S2-09,shock_reversion,GBPUSD,2019-01-24 07:45:00+00:00,2019-01-24 08:00:00+00:00,2019-01-24 08:00:00+00:00,1,-0.9999999999999032,SL,False
S2-09,shock_reversion,GBPUSD,2019-01-24 23:45:00+00:00,2019-01-25 00:00:00+00:00,2019-01-25 00:00:00+00:00,-1,1.0000000000000349,TP,False
S2-09,shock_reversion,GBPUSD,2019-01-25 05:00:00+00:00,2019-01-25 05:15:00+00:00,2019-01-25 06:00:00+00:00,-1,0.9999999999999237,TP,False
S2-09,shock_reversion,GBPUSD,2019-01-28 22:00:00+00:00,2019-01-28 22:15:00+00:00,2019-01-28 22:30:00+00:00,1,-1.0,SL,False
S2-09,shock_reversion,GBPUSD,2019-01-29 07:30:00+00:00,2019-01-29 07:45:00+00:00,2019-01-29 07:45:00+00:00,1,-0.9999999999999081,SL,False
S2-09,shock_reversion,GBPUSD,2019-01-29 19:45:00+00:00,2019-01-29 20:00:00+00:00,2019-01-29 20:00:00+00:00,1,-1.0,SL,False
S2-09,shock_reversion,GBPUSD,2019-01-30 08:15:00+00:00,2019-01-30 08:30:00+00:00,2019-01-30 08:30:00+00:00,-1,-1.00000000000006,SL,False
S2-09,shock_reversion,GBPUSD,2019-01-30 19:00:00+00:00,2019-01-30 19:15:00+00:00,2019-01-30 19:15:00+00:00,-1,-1.0000000000000842,SL,False
S2-09,shock_reversion,GBPUSD,2019-01-30 19:30:00+00:00,2019-01-30 19:45:00+00:00,2019-01-30 19:45:00+00:00,-1,0.9999999999999283,TP,False
S2-09,shock_reversion,GBPUSD,2019-01-31 07:15:00+00:00,2019-01-31 07:30:00+00:00,2019-01-31 07:30:00+00:00,-1,1.0000000000001334,TP,False
S2-09,shock_reversion,GBPUSD,2019-02-01 02:00:00+00:00,2019-02-01 02:15:00+00:00,2019-02-01 02:45:00+00:00,1,1.0000000000001406,TP,False
S2-09,shock_reversion,GBPUSD,2019-02-01 09:00:00+00:00,2019-02-01 09:15:00+00:00,2019-02-01 09:15:00+00:00,1,0.9999999999999634,TP,False
S2-09,shock_reversion,GBPUSD,2019-02-01 09:45:00+00:00,2019-02-01 10:00:00+00:00,2019-02-01 10:00:00+00:00,1,0.9999999999999288,TP,False
S2-09,shock_reversion,GBPUSD,2019-02-04 15:00:00+00:00,2019-02-04 15:15:00+00:00,2019-02-04 15:15:00+00:00,-1,-1.0000000000000802,SL,False
S2-09,shock_reversion,GBPUSD,2019-02-05 08:00:00+00:00,2019-02-05 08:15:00+00:00,2019-02-05 08:30:00+00:00,1,0.99999999999994,TP,False
S2-09,shock_reversion,GBPUSD,2019-02-05 09:30:00+00:00,2019-02-05 09:45:00+00:00,2019-02-05 11:00:00+00:00,1,-1.0000000000000309,SL,False
S2-09,shock_reversion,GBPUSD,2019-02-05 14:00:00+00:00,2019-02-05 14:15:00+00:00,2019-02-05 14:45:00+00:00,1,-0.9999999999999434,SL,False
S2-09,shock_reversion,GBPUSD,2019-02-06 07:00:00+00:00,2019-02-06 07:15:00+00:00,2019-02-06 07:15:00+00:00,1,-1.000000000000077,SL,False
S2-09,shock_reversion,GBPUSD,2019-02-06 07:15:00+00:00,2019-02-06 07:30:00+00:00,2019-02-06 07:30:00+00:00,1,-1.0000000000001332,SL,False
S2-09,shock_reversion,GBPUSD,2019-02-07 07:00:00+00:00,2019-02-07 07:15:00+00:00,2019-02-07 07:15:00+00:00,1,0.9999999999997579,TP,False
S2-09,shock_reversion,GBPUSD,2019-02-07 07:15:00+00:00,2019-02-07 07:30:00+00:00,2019-02-07 07:30:00+00:00,-1,-1.0000000000002072,SL,True
S2-09,shock_reversion,GBPUSD,2019-02-07 08:00:00+00:00,2019-02-07 08:15:00+00:00,2019-02-07 08:15:00+00:00,1,1.0000000000000446,TP,False
S2-09,shock_reversion,GBPUSD,2019-02-07 12:00:00+00:00,2019-02-07 12:15:00+00:00,2019-02-07 12:15:00+00:00,1,0.9999999999999188,TP,False
S2-09,shock_reversion,GBPUSD,2019-02-08 07:30:00+00:00,2019-02-08 07:45:00+00:00,2019-02-08 07:45:00+00:00,1,1.00000000000012,TP,False
S2-09,shock_reversion,GBPUSD,2019-02-11 07:30:00+00:00,2019-02-11 07:45:00+00:00,2019-02-11 07:45:00+00:00,1,-1.0000000000001308,SL,False
S2-09,shock_reversion,GBPUSD,2019-02-11 07:45:00+00:00,2019-02-11 08:00:00+00:00,2019-02-11 08:15:00+00:00,1,1.0000000000001024,TP,False
S2-09,shock_reversion,GBPUSD,2019-02-12 07:30:00+00:00,2019-02-12 07:45:00+00:00,2019-02-12 07:45:00+00:00,1,-1.0000000000001612,SL,True
S2-09,shock_reversion,GBPUSD,2019-02-12 07:45:00+00:00,2019-02-12 08:00:00+00:00,2019-02-12 08:00:00+00:00,-1,-1.000000000000187,SL,False
S2-09,shock_reversion,GBPUSD,2019-02-12 08:30:00+00:00,2019-02-12 08:45:00+00:00,2019-02-12 08:45:00+00:00,1,-1.0,SL,False
S2-09,shock_reversion,GBPUSD,2019-02-12 13:00:00+00:00,2019-02-12 13:15:00+00:00,2019-02-12 14:00:00+00:00,-1,-0.9999999999999415,SL,False
S2-09,shock_reversion,GBPUSD,2019-02-13 11:45:00+00:00,2019-02-13 12:00:00+00:00,2019-02-13 12:00:00+00:00,-1,0.9999999999999645,TP,False
S2-09,shock_reversion,GBPUSD,2019-02-14 07:00:00+00:00,2019-02-14 07:15:00+00:00,2019-02-14 07:15:00+00:00,-1,0.9999999999997773,TP,False
S2-09,shock_reversion,GBPUSD,2019-02-14 08:00:00+00:00,2019-02-14 08:15:00+00:00,2019-02-14 08:15:00+00:00,1,-0.9999999999998614,SL,False
S2-09,shock_reversion,GBPUSD,2019-02-14 08:15:00+00:00,2019-02-14 08:30:00+00:00,2019-02-14 08:30:00+00:00,1,-1.0000000000000384,SL,False
S2-09,shock_reversion,GBPUSD,2019-02-17 22:00:00+00:00,2019-02-17 22:15:00+00:00,2019-02-18 01:00:00+00:00,-1,-1.0,SL,False
S2-09,shock_reversion,GBPUSD,2019-02-18 02:00:00+00:00,2019-02-18 02:15:00+00:00,2019-02-18 03:00:00+00:00,-1,1.000000000000158,TP,False
S2-09,shock_reversion,GBPUSD,2019-02-18 07:15:00+00:00,2019-02-18 07:30:00+00:00,2019-02-18 07:30:00+00:00,1,1.0000000000000737,TP,False
S2-09,shock_reversion,GBPUSD,2019-02-19 08:15:00+00:00,2019-02-19 08:30:00+00:00,2019-02-19 08:45:00+00:00,-1,1.0,TP,False
S2-09,shock_reversion,GBPUSD,2019-02-20 15:15:00+00:00,2019-02-20 15:30:00+00:00,2019-02-20 15:30:00+00:00,-1,-0.999999999999924,SL,False
S2-09,shock_reversion,GBPUSD,2019-02-21 08:15:00+00:00,2019-02-21 08:30:00+00:00,2019-02-21 08:30:00+00:00,-1,-1.0000000000000648,SL,False
S2-09,shock_reversion,GBPUSD,2019-02-21 11:15:00+00:00,2019-02-21 11:30:00+00:00,2019-02-21 11:45:00+00:00,1,0.9999999999999796,TP,False
S2-09,shock_reversion,GBPUSD,2019-02-21 22:30:00+00:00,2019-02-21 22:45:00+00:00,2019-02-22 01:30:00+00:00,-1,1.0000000000000857,TP,False
S2-09,shock_reversion,GBPUSD,2019-02-24 22:00:00+00:00,2019-02-24 22:15:00+00:00,2019-02-24 22:15:00+00:00,1,-0.9999999999998533,SL,False
S2-09,shock_reversion,GBPUSD,2019-02-25 07:15:00+00:00,2019-02-25 07:30:00+00:00,2019-02-25 07:45:00+00:00,1,0.999999999999924,TP,False
S2-09,shock_reversion,GBPUSD,2019-02-25 07:45:00+00:00,2019-02-25 08:00:00+00:00,2019-02-25 08:00:00+00:00,-1,-1.0000000000001577,SL,True
S2-09,shock_reversion,GBPUSD,2019-02-25 22:00:00+00:00,2019-02-25 22:15:00+00:00,2019-02-26 02:00:00+00:00,-1,-0.9299011155294367,TIME,False
S2-09,shock_reversion,GBPUSD,2019-02-27 08:00:00+00:00,2019-02-27 08:15:00+00:00,2019-02-27 08:15:00+00:00,-1,0.9999999999999273,TP,False
S2-09,shock_reversion,GBPUSD,2019-02-28 06:30:00+00:00,2019-02-28 06:45:00+00:00,2019-02-28 07:00:00+00:00,-1,1.0000000000001434,TP,False
S2-09,shock_reversion,GBPUSD,2019-02-28 07:00:00+00:00,2019-02-28 07:15:00+00:00,2019-02-28 07:15:00+00:00,1,0.9999999999999366,TP,False
S2-09,shock_reversion,GBPUSD,2019-02-28 07:30:00+00:00,2019-02-28 07:45:00+00:00,2019-02-28 07:45:00+00:00,1,-1.0,SL,True
S2-09,shock_reversion,GBPUSD,2019-03-01 06:45:00+00:00,2019-03-01 07:00:00+00:00,2019-03-01 07:00:00+00:00,1,1.0,TP,False
S2-09,shock_reversion,GBPUSD,2019-03-01 07:15:00+00:00,2019-03-01 07:30:00+00:00,2019-03-01 07:30:00+00:00,1,0.9999999999998237,TP,False
S2-09,shock_reversion,GBPUSD,2019-03-04 07:00:00+00:00,2019-03-04 07:15:00+00:00,2019-03-04 07:15:00+00:00,-1,-0.9999999999997837,SL,False
S2-09,shock_reversion,GBPUSD,2019-03-05 07:30:00+00:00,2019-03-05 07:45:00+00:00,2019-03-05 07:45:00+00:00,-1,-1.0000000000001543,SL,False
S2-09,shock_reversion,GBPUSD,2019-03-05 16:00:00+00:00,2019-03-05 16:15:00+00:00,2019-03-05 16:30:00+00:00,-1,0.9999999999999525,TP,False
S2-09,shock_reversion,GBPUSD,2019-03-05 22:30:00+00:00,2019-03-05 22:45:00+00:00,2019-03-05 22:45:00+00:00,1,-1.0000000000000584,SL,False
S2-09,shock_reversion,GBPUSD,2019-03-05 22:45:00+00:00,2019-03-05 23:00:00+00:00,2019-03-05 23:00:00+00:00,1,1.0000000000000506,TP,False
S2-09,shock_reversion,GBPUSD,2019-03-06 02:45:00+00:00,2019-03-06 03:00:00+00:00,2019-03-06 03:30:00+00:00,1,-0.9999999999998415,SL,False
S2-09,shock_reversion,GBPUSD,2019-03-06 03:30:00+00:00,2019-03-06 03:45:00+00:00,2019-03-06 03:45:00+00:00,1,-1.0000000000001976,SL,False
S2-09,shock_reversion,GBPUSD,2019-03-06 07:30:00+00:00,2019-03-06 07:45:00+00:00,2019-03-06 08:00:00+00:00,-1,1.0,TP,False
S2-09,shock_reversion,GBPUSD,2019-03-06 23:45:00+00:00,2019-03-07 00:00:00+00:00,2019-03-07 03:45:00+00:00,-1,-0.09127175077223973,TIME,False
S2-09,shock_reversion,GBPUSD,2019-03-07 17:30:00+00:00,2019-03-07 17:45:00+00:00,2019-03-07 18:15:00+00:00,-1,0.9999999999999462,TP,False
S2-09,shock_reversion,GBPUSD,2019-03-08 07:00:00+00:00,2019-03-08 07:15:00+00:00,2019-03-08 07:30:00+00:00,1,1.0000000000001577,TP,False
S2-09,shock_reversion,GBPUSD,2019-03-08 15:45:00+00:00,2019-03-08 16:00:00+00:00,2019-03-08 16:00:00+00:00,1,0.5401488239913248,FRIDAY,False
S2-09,shock_reversion,GBPUSD,2019-03-11 07:30:00+00:00,2019-03-11 07:45:00+00:00,2019-03-11 07:45:00+00:00,-1,-0.999999999999838,SL,False
S2-09,shock_reversion,GBPUSD,2019-03-11 21:45:00+00:00,2019-03-11 22:00:00+00:00,2019-03-11 22:00:00+00:00,-1,-0.999999999999953,SL,False
S2-09,shock_reversion,GBPUSD,2019-03-11 22:00:00+00:00,2019-03-11 22:15:00+00:00,2019-03-11 22:15:00+00:00,-1,-1.0000000000000486,SL,False
S2-09,shock_reversion,GBPUSD,2019-03-12 07:30:00+00:00,2019-03-12 07:45:00+00:00,2019-03-12 08:00:00+00:00,-1,-0.9999999999999352,SL,False
S2-09,shock_reversion,GBPUSD,2019-03-12 11:00:00+00:00,2019-03-12 11:15:00+00:00,2019-03-12 11:15:00+00:00,1,-0.9999999999999823,SL,False
S2-09,shock_reversion,GBPUSD,2019-03-12 19:15:00+00:00,2019-03-12 19:30:00+00:00,2019-03-12 19:30:00+00:00,-1,1.0000000000000262,TP,False
S2-09,shock_reversion,GBPUSD,2019-03-13 06:45:00+00:00,2019-03-13 07:00:00+00:00,2019-03-13 07:00:00+00:00,-1,0.9999999999999154,TP,False
S2-09,shock_reversion,GBPUSD,2019-03-13 19:15:00+00:00,2019-03-13 19:30:00+00:00,2019-03-13 19:30:00+00:00,-1,-0.9999999999999385,SL,False
S2-09,shock_reversion,GBPUSD,2019-03-13 19:45:00+00:00,2019-03-13 20:00:00+00:00,2019-03-13 20:00:00+00:00,-1,-0.9999999999999838,SL,False
S2-09,shock_reversion,GBPUSD,2019-03-14 06:30:00+00:00,2019-03-14 06:45:00+00:00,2019-03-14 06:45:00+00:00,-1,1.0000000000000737,TP,False
S2-09,shock_reversion,GBPUSD,2019-03-14 08:00:00+00:00,2019-03-14 08:15:00+00:00,2019-03-14 08:15:00+00:00,-1,-0.9999999999999316,SL,False
S2-09,shock_reversion,GBPUSD,2019-03-15 07:30:00+00:00,2019-03-15 07:45:00+00:00,2019-03-15 07:45:00+00:00,1,-1.0000000000000433,SL,False
S2-09,shock_reversion,GBPUSD,2019-03-15 07:45:00+00:00,2019-03-15 08:00:00+00:00,2019-03-15 08:00:00+00:00,1,-1.0000000000000713,SL,False
S2-09,shock_reversion,GBPUSD,2019-03-18 05:45:00+00:00,2019-03-18 06:00:00+00:00,2019-03-18 06:00:00+00:00,1,-1.0000000000001295,SL,False
S2-09,shock_reversion,GBPUSD,2019-03-18 06:45:00+00:00,2019-03-18 07:00:00+00:00,2019-03-18 07:00:00+00:00,1,-1.0000000000000895,SL,False
S2-09,shock_reversion,GBPUSD,2019-03-18 08:15:00+00:00,2019-03-18 08:30:00+00:00,2019-03-18 09:00:00+00:00,1,-0.9999999999999479,SL,False
S2-09,shock_reversion,GBPUSD,2019-03-18 23:15:00+00:00,2019-03-18 23:30:00+00:00,2019-03-18 23:30:00+00:00,-1,-1.000000000000153,SL,False
S2-09,shock_reversion,GBPUSD,2019-03-18 23:30:00+00:00,2019-03-18 23:45:00+00:00,2019-03-18 23:45:00+00:00,-1,-0.9999999999997918,SL,False
S2-09,shock_reversion,GBPUSD,2019-03-19 07:00:00+00:00,2019-03-19 07:15:00+00:00,2019-03-19 07:15:00+00:00,1,1.0000000000001583,TP,False
S2-09,shock_reversion,GBPUSD,2019-03-20 06:45:00+00:00,2019-03-20 07:00:00+00:00,2019-03-20 07:00:00+00:00,1,-0.9999999999999086,SL,False
S2-09,shock_reversion,GBPUSD,2019-03-20 07:15:00+00:00,2019-03-20 07:30:00+00:00,2019-03-20 07:30:00+00:00,1,-0.9999999999998583,SL,False
S2-09,shock_reversion,GBPUSD,2019-03-20 07:30:00+00:00,2019-03-20 07:45:00+00:00,2019-03-20 07:45:00+00:00,1,0.9999999999999429,TP,False
S2-09,shock_reversion,GBPUSD,2019-03-20 12:45:00+00:00,2019-03-20 13:00:00+00:00,2019-03-20 13:15:00+00:00,1,1.0,TP,False
S2-09,shock_reversion,GBPUSD,2019-03-21 06:30:00+00:00,2019-03-21 06:45:00+00:00,2019-03-21 07:00:00+00:00,-1,-1.0,SL,False
S2-09,shock_reversion,GBPUSD,2019-03-21 07:30:00+00:00,2019-03-21 07:45:00+00:00,2019-03-21 07:45:00+00:00,1,-0.9999999999999188,SL,True
S2-09,shock_reversion,GBPUSD,2019-03-21 08:15:00+00:00,2019-03-21 08:30:00+00:00,2019-03-21 08:45:00+00:00,1,1.0000000000000535,TP,False
S2-09,shock_reversion,GBPUSD,2019-03-24 21:15:00+00:00,2019-03-24 21:30:00+00:00,2019-03-24 21:30:00+00:00,1,-0.999999999999907,SL,False
S2-09,shock_reversion,GBPUSD,2019-03-25 06:30:00+00:00,2019-03-25 06:45:00+00:00,2019-03-25 06:45:00+00:00,1,1.0000000000000464,TP,False
S2-09,shock_reversion,GBPUSD,2019-03-25 22:00:00+00:00,2019-03-25 22:15:00+00:00,2019-03-25 22:15:00+00:00,-1,-1.0000000000000875,SL,False
S2-09,shock_reversion,GBPUSD,2019-03-26 09:45:00+00:00,2019-03-26 10:00:00+00:00,2019-03-26 10:15:00+00:00,-1,-1.0000000000000533,SL,False
S2-09,shock_reversion,GBPUSD,2019-03-27 01:00:00+00:00,2019-03-27 01:15:00+00:00,2019-03-27 01:15:00+00:00,1,-0.9999999999998296,SL,False
S2-09,shock_reversion,GBPUSD,2019-03-27 20:45:00+00:00,2019-03-27 21:00:00+00:00,2019-03-27 21:15:00+00:00,1,1.000000000000035,TP,False
S2-09,shock_reversion,GBPUSD,2019-03-28 07:30:00+00:00,2019-03-28 07:45:00+00:00,2019-03-28 07:45:00+00:00,1,-1.0000000000001024,SL,False
S2-09,shock_reversion,GBPUSD,2019-03-28 08:00:00+00:00,2019-03-28 08:15:00+00:00,2019-03-28 08:15:00+00:00,1,0.9999999999999649,TP,False
S2-09,shock_reversion,GBPUSD,2019-03-28 12:15:00+00:00,2019-03-28 12:30:00+00:00,2019-03-28 12:30:00+00:00,-1,1.0000000000000453,TP,False
S2-09,shock_reversion,GBPUSD,2019-03-29 07:45:00+00:00,2019-03-29 08:00:00+00:00,2019-03-29 08:00:00+00:00,1,-0.9999999999999701,SL,False
S2-09,shock_reversion,GBPUSD,2019-03-29 10:45:00+00:00,2019-03-29 11:00:00+00:00,2019-03-29 11:00:00+00:00,-1,-1.0000000000000382,SL,False
S2-09,shock_reversion,GBPUSD,2019-03-29 14:30:00+00:00,2019-03-29 14:45:00+00:00,2019-03-29 15:15:00+00:00,1,1.0,TP,False
S2-09,shock_reversion,GBPUSD,2019-04-01 21:00:00+00:00,2019-04-01 21:15:00+00:00,2019-04-01 21:15:00+00:00,1,-0.9999999999999247,SL,False
S2-09,shock_reversion,GBPUSD,2019-04-02 16:30:00+00:00,2019-04-02 16:45:00+00:00,2019-04-02 17:00:00+00:00,-1,-1.0000000000000382,SL,False
S2-09,shock_reversion,GBPUSD,2019-04-02 17:00:00+00:00,2019-04-02 17:15:00+00:00,2019-04-02 17:30:00+00:00,-1,-1.0,SL,False
S2-09,shock_reversion,GBPUSD,2019-04-03 06:00:00+00:00,2019-04-03 06:15:00+00:00,2019-04-03 06:30:00+00:00,-1,-0.9999999999999298,SL,False
S2-09,shock_reversion,GBPUSD,2019-04-03 06:30:00+00:00,2019-04-03 06:45:00+00:00,2019-04-03 06:45:00+00:00,-1,-1.0000000000001383,SL,False
S2-09,shock_reversion,GBPUSD,2019-04-03 06:45:00+00:00,2019-04-03 07:00:00+00:00,2019-04-03 07:00:00+00:00,-1,-0.9999999999999232,SL,False
S2-09,shock_reversion,GBPUSD,2019-04-03 08:30:00+00:00,2019-04-03 08:45:00+00:00,2019-04-03 11:00:00+00:00,-1,1.0000000000000202,TP,False
S2-09,shock_reversion,GBPUSD,2019-04-04 05:45:00+00:00,2019-04-04 06:00:00+00:00,2019-04-04 06:00:00+00:00,-1,0.9999999999999294,TP,False
S2-09,shock_reversion,GBPUSD,2019-04-04 07:00:00+00:00,2019-04-04 07:15:00+00:00,2019-04-04 07:15:00+00:00,1,1.0000000000001337,TP,False
S2-09,shock_reversion,GBPUSD,2019-04-05 03:45:00+00:00,2019-04-05 04:00:00+00:00,2019-04-05 04:15:00+00:00,-1,-0.9999999999999127,SL,False
S2-09,shock_reversion,GBPUSD,2019-04-05 05:00:00+00:00,2019-04-05 05:15:00+00:00,2019-04-05 05:15:00+00:00,-1,-1.0000000000001563,SL,True
S2-09,shock_reversion,GBPUSD,2019-04-05 12:30:00+00:00,2019-04-05 12:45:00+00:00,2019-04-05 12:45:00+00:00,1,-1.0000000000000713,SL,False
S2-09,shock_reversion,GBPUSD,2019-04-09 05:45:00+00:00,2019-04-09 06:00:00+00:00,2019-04-09 06:00:00+00:00,-1,1.0,TP,False
S2-09,shock_reversion,GBPUSD,2019-04-09 08:30:00+00:00,2019-04-09 08:45:00+00:00,2019-04-09 08:45:00+00:00,-1,1.0,TP,False
S2-09,shock_reversion,GBPUSD,2019-04-09 09:00:00+00:00,2019-04-09 09:15:00+00:00,2019-04-09 09:45:00+00:00,1,1.0000000000000508,TP,False
S2-09,shock_reversion,GBPUSD,2019-04-09 19:15:00+00:00,2019-04-09 19:30:00+00:00,2019-04-09 20:45:00+00:00,-1,1.0000000000000766,TP,False
S2-09,shock_reversion,GBPUSD,2019-04-10 05:00:00+00:00,2019-04-10 05:15:00+00:00,2019-04-10 05:15:00+00:00,-1,-0.999999999999857,SL,False
S2-09,shock_reversion,GBPUSD,2019-04-10 12:00:00+00:00,2019-04-10 12:15:00+00:00,2019-04-10 12:15:00+00:00,-1,0.999999999999968,TP,False
S2-09,shock_reversion,GBPUSD,2019-04-11 06:00:00+00:00,2019-04-11 06:15:00+00:00,2019-04-11 06:15:00+00:00,1,-0.999999999999949,SL,False
S2-09,shock_reversion,GBPUSD,2019-04-12 12:00:00+00:00,2019-04-12 12:15:00+00:00,2019-04-12 12:15:00+00:00,-1,1.0000000000000329,TP,False
S2-09,shock_reversion,GBPUSD,2019-04-16 01:30:00+00:00,2019-04-16 01:45:00+00:00,2019-04-16 01:45:00+00:00,1,-1.0,SL,False
S2-09,shock_reversion,GBPUSD,2019-04-16 01:45:00+00:00,2019-04-16 02:00:00+00:00,2019-04-16 02:00:00+00:00,1,1.0000000000001754,TP,False
S2-09,shock_reversion,GBPUSD,2019-04-16 06:00:00+00:00,2019-04-16 06:15:00+00:00,2019-04-16 06:15:00+00:00,-1,1.000000000000096,TP,False
S2-09,shock_reversion,GBPUSD,2019-04-16 07:15:00+00:00,2019-04-16 07:30:00+00:00,2019-04-16 07:30:00+00:00,1,-1.0000000000001708,SL,False
S2-09,shock_reversion,GBPUSD,2019-04-16 12:45:00+00:00,2019-04-16 13:00:00+00:00,2019-04-16 14:45:00+00:00,1,-0.9999999999999065,SL,False
S2-09,shock_reversion,GBPUSD,2019-04-17 06:45:00+00:00,2019-04-17 07:00:00+00:00,2019-04-17 07:00:00+00:00,1,1.0000000000002,TP,False
S2-09,shock_reversion,GBPUSD,2019-04-18 07:00:00+00:00,2019-04-18 07:15:00+00:00,2019-04-18 07:30:00+00:00,1,-1.0000000000002034,SL,False
S2-09,shock_reversion,GBPUSD,2019-04-18 07:30:00+00:00,2019-04-18 07:45:00+00:00,2019-04-18 07:45:00+00:00,1,-0.9999999999998577,SL,False
S2-09,shock_reversion,GBPUSD,2019-04-19 11:00:00+00:00,2019-04-19 11:15:00+00:00,2019-04-19 11:15:00+00:00,-1,-0.9999999999999317,SL,False
S2-09,shock_reversion,GBPUSD,2019-04-19 20:30:00+00:00,2019-04-19 20:45:00+00:00,2019-04-19 20:45:00+00:00,1,-2.5444402038479668,FRIDAY,False
S2-09,shock_reversion,GBPUSD,2019-04-23 12:45:00+00:00,2019-04-23 13:00:00+00:00,2019-04-23 13:00:00+00:00,1,-0.9999999999999413,SL,False
S2-09,shock_reversion,GBPUSD,2019-04-24 06:00:00+00:00,2019-04-24 06:15:00+00:00,2019-04-24 07:00:00+00:00,1,-0.9999999999997942,SL,False
S2-09,shock_reversion,GBPUSD,2019-04-25 20:45:00+00:00,2019-04-25 21:00:00+00:00,2019-04-25 22:30:00+00:00,-1,-0.9999999999998349,SL,False
S2-09,shock_reversion,GBPUSD,2019-04-26 12:30:00+00:00,2019-04-26 12:45:00+00:00,2019-04-26 12:45:00+00:00,-1,-1.0000000000000626,SL,False
S2-09,shock_reversion,GBPUSD,2019-04-30 01:00:00+00:00,2019-04-30 01:15:00+00:00,2019-04-30 01:45:00+00:00,1,1.0000000000002707,TP,False
S2-09,shock_reversion,GBPUSD,2019-04-30 01:45:00+00:00,2019-04-30 02:00:00+00:00,2019-04-30 02:00:00+00:00,-1,-0.9999999999997459,SL,False
S2-09,shock_reversion,GBPUSD,2019-04-30 05:45:00+00:00,2019-04-30 06:00:00+00:00,2019-04-30 06:00:00+00:00,1,-1.0000000000000908,SL,False
S2-09,shock_reversion,GBPUSD,2019-05-01 06:15:00+00:00,2019-05-01 06:30:00+00:00,2019-05-01 06:30:00+00:00,1,-1.0,SL,False
S2-09,shock_reversion,GBPUSD,2019-05-01 07:00:00+00:00,2019-05-01 07:15:00+00:00,2019-05-01 07:15:00+00:00,-1,-1.0000000000001332,SL,False
S2-09,shock_reversion,GBPUSD,2019-05-01 18:00:00+00:00,2019-05-01 18:15:00+00:00,2019-05-01 18:15:00+00:00,-1,-0.9999999999999629,SL,False
S2-09,shock_reversion,GBPUSD,2019-05-01 18:30:00+00:00,2019-05-01 18:45:00+00:00,2019-05-01 19:00:00+00:00,1,-0.9999999999999177,SL,False
S2-09,shock_reversion,GBPUSD,2019-05-02 07:15:00+00:00,2019-05-02 07:30:00+00:00,2019-05-02 07:30:00+00:00,-1,-1.0000000000001479,SL,False
S2-09,shock_reversion,GBPUSD,2019-05-02 11:00:00+00:00,2019-05-02 11:15:00+00:00,2019-05-02 11:15:00+00:00,1,1.000000000000054,TP,False
S2-09,shock_reversion,GBPUSD,2019-05-03 12:30:00+00:00,2019-05-03 12:45:00+00:00,2019-05-03 12:45:00+00:00,-1,-1.0000000000001164,SL,False
S2-09,shock_reversion,GBPUSD,2019-05-03 14:00:00+00:00,2019-05-03 14:15:00+00:00,2019-05-03 14:15:00+00:00,-1,-0.9999999999999485,SL,False
S2-09,shock_reversion,GBPUSD,2019-05-03 14:45:00+00:00,2019-05-03 15:00:00+00:00,2019-05-03 15:00:00+00:00,-1,-0.9999999999999408,SL,False
S2-09,shock_reversion,GBPUSD,2019-05-03 15:00:00+00:00,2019-05-03 15:15:00+00:00,2019-05-03 15:30:00+00:00,-1,1.0000000000000326,TP,False
S2-09,shock_reversion,GBPUSD,2019-05-07 00:00:00+00:00,2019-05-07 00:15:00+00:00,2019-05-07 00:45:00+00:00,-1,1.0000000000002107,TP,False
S2-09,shock_reversion,GBPUSD,2019-05-07 04:30:00+00:00,2019-05-07 04:45:00+00:00,2019-05-07 05:45:00+00:00,-1,1.0000000000001985,TP,False
S2-09,shock_reversion,GBPUSD,2019-05-07 07:30:00+00:00,2019-05-07 07:45:00+00:00,2019-05-07 07:45:00+00:00,1,-1.0000000000000802,SL,False
S2-09,shock_reversion,GBPUSD,2019-05-08 07:00:00+00:00,2019-05-08 07:15:00+00:00,2019-05-08 07:30:00+00:00,1,0.9999999999999454,TP,False
S2-09,shock_reversion,GBPUSD,2019-05-09 08:15:00+00:00,2019-05-09 08:30:00+00:00,2019-05-09 09:00:00+00:00,1,0.9999999999999626,TP,False
S2-09,shock_reversion,GBPUSD,2019-05-09 13:45:00+00:00,2019-05-09 14:00:00+00:00,2019-05-09 14:00:00+00:00,-1,-0.9999999999999098,SL,False
S2-09,shock_reversion,GBPUSD,2019-05-10 06:45:00+00:00,2019-05-10 07:00:00+00:00,2019-05-10 07:00:00+00:00,-1,-1.0000000000000544,SL,False
S2-09,shock_reversion,GBPUSD,2019-05-13 06:00:00+00:00,2019-05-13 06:15:00+00:00,2019-05-13 06:45:00+00:00,-1,-1.0,SL,False
S2-09,shock_reversion,GBPUSD,2019-05-13 07:00:00+00:00,2019-05-13 07:15:00+00:00,2019-05-13 07:15:00+00:00,1,-1.0,SL,False
S2-09,shock_reversion,GBPUSD,2019-05-13 22:30:00+00:00,2019-05-13 22:45:00+00:00,2019-05-13 22:45:00+00:00,1,0.9999999999998249,TP,False
S2-09,shock_reversion,GBPUSD,2019-05-14 06:45:00+00:00,2019-05-14 07:00:00+00:00,2019-05-14 07:00:00+00:00,1,-1.0,SL,False
S2-09,shock_reversion,GBPUSD,2019-05-15 07:30:00+00:00,2019-05-15 07:45:00+00:00,2019-05-15 07:45:00+00:00,-1,-1.0000000000000628,SL,False
S2-09,shock_reversion,GBPUSD,2019-05-16 06:00:00+00:00,2019-05-16 06:15:00+00:00,2019-05-16 06:15:00+00:00,1,-1.0,SL,False
S2-09,shock_reversion,GBPUSD,2019-05-16 07:00:00+00:00,2019-05-16 07:15:00+00:00,2019-05-16 07:15:00+00:00,1,-0.9999999999998544,SL,False
S2-09,shock_reversion,GBPUSD,2019-05-20 06:00:00+00:00,2019-05-20 06:15:00+00:00,2019-05-20 06:30:00+00:00,1,-0.9999999999997945,SL,False
S2-09,shock_reversion,GBPUSD,2019-05-20 07:30:00+00:00,2019-05-20 07:45:00+00:00,2019-05-20 07:45:00+00:00,-1,-1.0000000000001712,SL,False
S2-09,shock_reversion,GBPUSD,2019-05-21 07:00:00+00:00,2019-05-21 07:15:00+00:00,2019-05-21 07:15:00+00:00,1,-1.0,SL,False
S2-09,shock_reversion,GBPUSD,2019-05-21 12:00:00+00:00,2019-05-21 12:15:00+00:00,2019-05-21 12:15:00+00:00,-1,1.000000000000065,TP,False
S2-09,shock_reversion,GBPUSD,2019-05-21 14:45:00+00:00,2019-05-21 15:00:00+00:00,2019-05-21 15:00:00+00:00,-1,1.0000000000000482,TP,False
S2-09,shock_reversion,GBPUSD,2019-05-22 06:00:00+00:00,2019-05-22 06:15:00+00:00,2019-05-22 06:15:00+00:00,1,-1.0000000000001588,SL,False
S2-09,shock_reversion,GBPUSD,2019-05-22 06:45:00+00:00,2019-05-22 07:00:00+00:00,2019-05-22 07:00:00+00:00,1,-1.0000000000001594,SL,False
S2-09,shock_reversion,GBPUSD,2019-05-22 15:30:00+00:00,2019-05-22 15:45:00+00:00,2019-05-22 17:30:00+00:00,-1,-1.0,SL,False
S2-09,shock_reversion,GBPUSD,2019-05-23 05:00:00+00:00,2019-05-23 05:15:00+00:00,2019-05-23 05:45:00+00:00,1,1.0000000000002776,TP,False
S2-09,shock_reversion,GBPUSD,2019-05-23 06:30:00+00:00,2019-05-23 06:45:00+00:00,2019-05-23 06:45:00+00:00,1,-0.9999999999998971,SL,False
S2-09,shock_reversion,GBPUSD,2019-05-23 13:45:00+00:00,2019-05-23 14:00:00+00:00,2019-05-23 14:00:00+00:00,-1,-0.9999999999999678,SL,False
S2-09,shock_reversion,GBPUSD,2019-05-24 06:00:00+00:00,2019-05-24 06:15:00+00:00,2019-05-24 06:15:00+00:00,-1,-0.9999999999997111,SL,False
S2-09,shock_reversion,GBPUSD,2019-05-24 06:15:00+00:00,2019-05-24 06:30:00+00:00,2019-05-24 06:30:00+00:00,-1,-1.0000000000000822,SL,False
S2-09,shock_reversion,GBPUSD,2019-05-28 06:00:00+00:00,2019-05-28 06:15:00+00:00,2019-05-28 06:15:00+00:00,-1,-1.0,SL,False
S2-09,shock_reversion,GBPUSD,2019-05-28 06:15:00+00:00,2019-05-28 06:30:00+00:00,2019-05-28 06:30:00+00:00,-1,-0.9999999999997449,SL,True
S2-09,shock_reversion,GBPUSD,2019-05-28 06:30:00+00:00,2019-05-28 06:45:00+00:00,2019-05-28 06:45:00+00:00,-1,-0.9999999999998572,SL,True
S2-09,shock_reversion,GBPUSD,2019-05-28 07:00:00+00:00,2019-05-28 07:15:00+00:00,2019-05-28 07:30:00+00:00,1,-1.0,SL,False
S2-09,shock_reversion,GBPUSD,2019-05-29 06:15:00+00:00,2019-05-29 06:30:00+00:00,2019-05-29 06:30:00+00:00,1,1.0,TP,False
S2-09,shock_reversion,GBPUSD,2019-05-29 06:45:00+00:00,2019-05-29 07:00:00+00:00,2019-05-29 07:00:00+00:00,1,-0.9999999999999253,SL,False
S2-09,shock_reversion,GBPUSD,2019-05-29 21:00:00+00:00,2019-05-29 21:15:00+00:00,2019-05-29 21:15:00+00:00,-1,-0.9999999999999414,SL,False
S2-09,shock_reversion,GBPUSD,2019-05-30 04:30:00+00:00,2019-05-30 04:45:00+00:00,2019-05-30 04:45:00+00:00,-1,-0.9999999999997419,SL,False
S2-09,shock_reversion,GBPUSD,2019-05-30 07:00:00+00:00,2019-05-30 07:15:00+00:00,2019-05-30 07:15:00+00:00,1,-0.9999999999999382,SL,False
S2-09,shock_reversion,GBPUSD,2019-05-31 06:30:00+00:00,2019-05-31 06:45:00+00:00,2019-05-31 06:45:00+00:00,1,0.9999999999998311,TP,False
S2-09,shock_reversion,GBPUSD,2019-06-04 06:00:00+00:00,2019-06-04 06:15:00+00:00,2019-06-04 06:15:00+00:00,-1,-1.000000000000076,SL,False
S2-09,shock_reversion,GBPUSD,2019-06-05 12:15:00+00:00,2019-06-05 12:30:00+00:00,2019-06-05 13:15:00+00:00,-1,1.0000000000000318,TP,False
S2-09,shock_reversion,GBPUSD,2019-06-06 06:00:00+00:00,2019-06-06 06:15:00+00:00,2019-06-06 06:15:00+00:00,1,0.9999999999997646,TP,False
S2-09,shock_reversion,GBPUSD,2019-06-06 08:45:00+00:00,2019-06-06 09:00:00+00:00,2019-06-06 09:15:00+00:00,1,1.0000000000000748,TP,False
S2-09,shock_reversion,GBPUSD,2019-06-06 11:45:00+00:00,2019-06-06 12:00:00+00:00,2019-06-06 12:45:00+00:00,-1,-1.0,SL,False
S2-09,shock_reversion,GBPUSD,2019-06-07 06:15:00+00:00,2019-06-07 06:30:00+00:00,2019-06-07 06:30:00+00:00,-1,0.9999999999998953,TP,False
S2-09,shock_reversion,GBPUSD,2019-06-07 07:15:00+00:00,2019-06-07 07:30:00+00:00,2019-06-07 07:30:00+00:00,-1,-1.0,SL,False
S2-09,shock_reversion,GBPUSD,2019-06-07 12:30:00+00:00,2019-06-07 12:45:00+00:00,2019-06-07 12:45:00+00:00,-1,0.9999999999999395,TP,False
S2-09,shock_reversion,GBPUSD,2019-06-10 08:30:00+00:00,2019-06-10 08:45:00+00:00,2019-06-10 10:45:00+00:00,1,-1.0000000000000746,SL,False
S2-09,shock_reversion,GBPUSD,2019-06-11 06:00:00+00:00,2019-06-11 06:15:00+00:00,2019-06-11 06:15:00+00:00,-1,-0.9999999999997925,SL,False
S2-09,shock_reversion,GBPUSD,2019-06-11 06:30:00+00:00,2019-06-11 06:45:00+00:00,2019-06-11 06:45:00+00:00,1,-0.9999999999999165,SL,False
S2-09,shock_reversion,GBPUSD,2019-06-11 07:15:00+00:00,2019-06-11 07:30:00+00:00,2019-06-11 07:30:00+00:00,-1,-1.0000000000001792,SL,False
S2-09,shock_reversion,GBPUSD,2019-06-11 08:30:00+00:00,2019-06-11 08:45:00+00:00,2019-06-11 09:00:00+00:00,-1,-1.0,SL,False
S2-09,shock_reversion,GBPUSD,2019-06-12 01:15:00+00:00,2019-06-12 01:30:00+00:00,2019-06-12 03:15:00+00:00,1,-1.0000000000000902,SL,False
S2-09,shock_reversion,GBPUSD,2019-06-12 07:00:00+00:00,2019-06-12 07:15:00+00:00,2019-06-12 07:15:00+00:00,-1,-1.0000000000001426,SL,True
S2-09,shock_reversion,GBPUSD,2019-06-12 15:30:00+00:00,2019-06-12 15:45:00+00:00,2019-06-12 16:30:00+00:00,1,-1.0,SL,False
S2-09,shock_reversion,GBPUSD,2019-06-13 01:30:00+00:00,2019-06-13 01:45:00+00:00,2019-06-13 01:45:00+00:00,-1,-1.0000000000001068,SL,False
S2-09,shock_reversion,GBPUSD,2019-06-13 06:30:00+00:00,2019-06-13 06:45:00+00:00,2019-06-13 07:00:00+00:00,1,-1.0000000000001985,SL,False
S2-09,shock_reversion,GBPUSD,2019-06-13 12:00:00+00:00,2019-06-13 12:15:00+00:00,2019-06-13 12:15:00+00:00,-1,-1.0000000000001092,SL,False
S2-09,shock_reversion,GBPUSD,2019-06-14 01:30:00+00:00,2019-06-14 01:45:00+00:00,2019-06-14 02:00:00+00:00,1,1.0000000000001326,TP,False
S2-09,shock_reversion,GBPUSD,2019-06-14 06:45:00+00:00,2019-06-14 07:00:00+00:00,2019-06-14 07:00:00+00:00,1,-1.0000000000001783,SL,True
S2-09,shock_reversion,GBPUSD,2019-06-14 07:00:00+00:00,2019-06-14 07:15:00+00:00,2019-06-14 07:15:00+00:00,-1,0.9999999999999235,TP,False
S2-09,shock_reversion,GBPUSD,2019-06-14 09:00:00+00:00,2019-06-14 09:15:00+00:00,2019-06-14 09:45:00+00:00,1,1.000000000000071,TP,False
S2-09,shock_reversion,GBPUSD,2019-06-17 14:45:00+00:00,2019-06-17 15:00:00+00:00,2019-06-17 15:45:00+00:00,1,0.999999999999928,TP,False
S2-09,shock_reversion,GBPUSD,2019-06-18 01:15:00+00:00,2019-06-18 01:30:00+00:00,2019-06-18 01:30:00+00:00,-1,1.000000000000208,TP,False
S2-09,shock_reversion,GBPUSD,2019-06-18 01:30:00+00:00,2019-06-18 01:45:00+00:00,2019-06-18 01:45:00+00:00,1,-1.0,SL,False
S2-09,shock_reversion,GBPUSD,2019-06-18 01:45:00+00:00,2019-06-18 02:00:00+00:00,2019-06-18 02:00:00+00:00,1,1.000000000000184,TP,False
S2-09,shock_reversion,GBPUSD,2019-06-19 06:45:00+00:00,2019-06-19 07:00:00+00:00,2019-06-19 07:00:00+00:00,1,-0.9999999999998563,SL,False
S2-09,shock_reversion,GBPUSD,2019-06-19 14:00:00+00:00,2019-06-19 14:15:00+00:00,2019-06-19 14:30:00+00:00,-1,-0.9999999999999631,SL,False
S2-09,shock_reversion,GBPUSD,2019-06-19 18:00:00+00:00,2019-06-19 18:15:00+00:00,2019-06-19 18:15:00+00:00,-1,1.0000000000000662,TP,False
S2-09,shock_reversion,GBPUSD,2019-06-20 00:00:00+00:00,2019-06-20 00:15:00+00:00,2019-06-20 00:15:00+00:00,-1,-0.9999999999998149,SL,False
S2-09,shock_reversion,GBPUSD,2019-06-20 11:00:00+00:00,2019-06-20 11:15:00+00:00,2019-06-20 11:30:00+00:00,1,-0.9999999999999727,SL,False
S2-09,shock_reversion,GBPUSD,2019-06-21 06:00:00+00:00,2019-06-21 06:15:00+00:00,2019-06-21 06:15:00+00:00,1,-0.9999999999998967,SL,False
S2-09,shock_reversion,GBPUSD,2019-06-21 14:45:00+00:00,2019-06-21 15:00:00+00:00,2019-06-21 16:00:00+00:00,-1,-1.4807460852177567,FRIDAY,False
S2-09,shock_reversion,GBPUSD,2019-06-24 06:00:00+00:00,2019-06-24 06:15:00+00:00,2019-06-24 06:30:00+00:00,-1,1.0000000000002258,TP,False
S2-09,shock_reversion,GBPUSD,2019-06-24 06:45:00+00:00,2019-06-24 07:00:00+00:00,2019-06-24 07:00:00+00:00,1,-1.0000000000001326,SL,False
S2-09,shock_reversion,GBPUSD,2019-06-25 06:00:00+00:00,2019-06-25 06:15:00+00:00,2019-06-25 06:15:00+00:00,-1,-0.9999999999999353,SL,False
S2-09,shock_reversion,GBPUSD,2019-06-25 06:45:00+00:00,2019-06-25 07:00:00+00:00,2019-06-25 07:00:00+00:00,-1,0.9999999999999559,TP,False
S2-09,shock_reversion,GBPUSD,2019-06-25 11:00:00+00:00,2019-06-25 11:15:00+00:00,2019-06-25 11:15:00+00:00,1,1.0,TP,False
S2-09,shock_reversion,GBPUSD,2019-06-25 16:30:00+00:00,2019-06-25 16:45:00+00:00,2019-06-25 17:00:00+00:00,1,-0.9999999999999468,SL,False
S2-09,shock_reversion,GBPUSD,2019-06-27 02:00:00+00:00,2019-06-27 02:15:00+00:00,2019-06-27 02:15:00+00:00,1,-1.0000000000002514,SL,False
S2-09,shock_reversion,GBPUSD,2019-06-27 06:30:00+00:00,2019-06-27 06:45:00+00:00,2019-06-27 06:45:00+00:00,1,1.0000000000002,TP,False
S2-09,shock_reversion,GBPUSD,2019-06-27 06:45:00+00:00,2019-06-27 07:00:00+00:00,2019-06-27 07:00:00+00:00,-1,-1.0000000000001092,SL,False
S2-09,shock_reversion,GBPUSD,2019-06-27 07:00:00+00:00,2019-06-27 07:15:00+00:00,2019-06-27 07:30:00+00:00,-1,1.0000000000000895,TP,False
S2-09,shock_reversion,GBPUSD,2019-06-28 06:15:00+00:00,2019-06-28 06:30:00+00:00,2019-06-28 06:30:00+00:00,-1,-1.0,SL,False
S2-09,shock_reversion,GBPUSD,2019-06-28 08:30:00+00:00,2019-06-28 08:45:00+00:00,2019-06-28 10:00:00+00:00,-1,1.0,TP,False
S2-09,shock_reversion,GBPUSD,2019-07-01 05:00:00+00:00,2019-07-01 05:15:00+00:00,2019-07-01 05:15:00+00:00,1,-1.0000000000000768,SL,False
S2-09,shock_reversion,GBPUSD,2019-07-01 12:15:00+00:00,2019-07-01 12:30:00+00:00,2019-07-01 12:45:00+00:00,-1,1.0,TP,False
S2-09,shock_reversion,GBPUSD,2019-07-02 04:00:00+00:00,2019-07-02 04:15:00+00:00,2019-07-02 04:30:00+00:00,1,1.0000000000002847,TP,False
S2-09,shock_reversion,GBPUSD,2019-07-02 14:00:00+00:00,2019-07-02 14:15:00+00:00,2019-07-02 14:15:00+00:00,1,-1.000000000000093,SL,False
S2-09,shock_reversion,GBPUSD,2019-07-03 00:00:00+00:00,2019-07-03 00:15:00+00:00,2019-07-03 01:00:00+00:00,1,-0.9999999999997881,SL,True
S2-09,shock_reversion,GBPUSD,2019-07-03 06:00:00+00:00,2019-07-03 06:15:00+00:00,2019-07-03 06:15:00+00:00,1,-1.0000000000000842,SL,False
S2-09,shock_reversion,GBPUSD,2019-07-03 21:00:00+00:00,2019-07-03 21:15:00+00:00,2019-07-03 21:15:00+00:00,-1,-0.9999999999998518,SL,False
S2-09,shock_reversion,GBPUSD,2019-07-04 07:00:00+00:00,2019-07-04 07:15:00+00:00,2019-07-04 07:15:00+00:00,-1,0.9999999999998606,TP,False
S2-09,shock_reversion,GBPUSD,2019-07-05 06:15:00+00:00,2019-07-05 06:30:00+00:00,2019-07-05 06:30:00+00:00,-1,1.0000000000001101,TP,False
S2-09,shock_reversion,GBPUSD,2019-07-05 06:30:00+00:00,2019-07-05 06:45:00+00:00,2019-07-05 06:45:00+00:00,1,-1.0,SL,False
S2-09,shock_reversion,GBPUSD,2019-07-05 07:45:00+00:00,2019-07-05 08:00:00+00:00,2019-07-05 08:00:00+00:00,1,-1.0000000000001705,SL,False
S2-09,shock_reversion,GBPUSD,2019-07-05 12:30:00+00:00,2019-07-05 12:45:00+00:00,2019-07-05 13:00:00+00:00,1,-1.0000000000000644,SL,False
S2-09,shock_reversion,GBPUSD,2019-07-09 06:15:00+00:00,2019-07-09 06:30:00+00:00,2019-07-09 06:30:00+00:00,1,-1.000000000000083,SL,False
S2-09,shock_reversion,GBPUSD,2019-07-09 06:45:00+00:00,2019-07-09 07:00:00+00:00,2019-07-09 07:00:00+00:00,1,-1.0000000000002027,SL,True
S2-09,shock_reversion,GBPUSD,2019-07-09 08:00:00+00:00,2019-07-09 08:15:00+00:00,2019-07-09 09:45:00+00:00,1,-1.0000000000000413,SL,False
S2-09,shock_reversion,GBPUSD,2019-07-10 05:15:00+00:00,2019-07-10 05:30:00+00:00,2019-07-10 05:45:00+00:00,-1,-0.9999999999998882,SL,True
S2-09,shock_reversion,GBPUSD,2019-07-10 12:30:00+00:00,2019-07-10 12:45:00+00:00,2019-07-10 12:45:00+00:00,-1,-1.0000000000000353,SL,False
S2-09,shock_reversion,GBPUSD,2019-07-11 03:00:00+00:00,2019-07-11 03:15:00+00:00,2019-07-11 03:15:00+00:00,-1,-0.9999999999998728,SL,False
S2-09,shock_reversion,GBPUSD,2019-07-11 07:30:00+00:00,2019-07-11 07:45:00+00:00,2019-07-11 07:45:00+00:00,-1,0.9999999999997852,TP,False
S2-09,shock_reversion,GBPUSD,2019-07-14 21:15:00+00:00,2019-07-14 21:30:00+00:00,2019-07-14 21:30:00+00:00,1,-0.9999999999998862,SL,False
S2-09,shock_reversion,GBPUSD,2019-07-16 06:00:00+00:00,2019-07-16 06:15:00+00:00,2019-07-16 06:15:00+00:00,-1,0.9999999999996576,TP,False
S2-09,shock_reversion,GBPUSD,2019-07-16 06:30:00+00:00,2019-07-16 06:45:00+00:00,2019-07-16 06:45:00+00:00,1,-0.9999999999997424,SL,False
S2-09,shock_reversion,GBPUSD,2019-07-16 06:45:00+00:00,2019-07-16 07:00:00+00:00,2019-07-16 07:00:00+00:00,1,-0.9999999999998544,SL,True
S2-09,shock_reversion,GBPUSD,2019-07-17 06:45:00+00:00,2019-07-17 07:00:00+00:00,2019-07-17 07:00:00+00:00,1,1.0000000000001237,TP,False
S2-09,shock_reversion,GBPUSD,2019-07-18 06:00:00+00:00,2019-07-18 06:15:00+00:00,2019-07-18 06:15:00+00:00,-1,0.9999999999997067,TP,False
S2-09,shock_reversion,GBPUSD,2019-07-18 07:15:00+00:00,2019-07-18 07:30:00+00:00,2019-07-18 07:45:00+00:00,-1,-1.0000000000000953,SL,False
S2-09,shock_reversion,GBPUSD,2019-07-18 18:15:00+00:00,2019-07-18 18:30:00+00:00,2019-07-18 18:30:00+00:00,-1,-0.9999999999999235,SL,False
S2-09,shock_reversion,GBPUSD,2019-07-18 22:15:00+00:00,2019-07-18 22:30:00+00:00,2019-07-18 23:00:00+00:00,1,0.9999999999998884,TP,False
S2-09,shock_reversion,GBPUSD,2019-07-19 06:30:00+00:00,2019-07-19 06:45:00+00:00,2019-07-19 07:00:00+00:00,1,1.000000000000205,TP,False
S2-09,shock_reversion,GBPUSD,2019-07-19 18:00:00+00:00,2019-07-19 18:15:00+00:00,2019-07-19 18:15:00+00:00,1,1.3869277186248639,FRIDAY,False
S2-09,shock_reversion,GBPUSD,2019-07-21 21:00:00+00:00,2019-07-21 21:15:00+00:00,2019-07-21 21:15:00+00:00,-1,-1.0,SL,False
S2-09,shock_reversion,GBPUSD,2019-07-22 06:45:00+00:00,2019-07-22 07:00:00+00:00,2019-07-22 07:00:00+00:00,-1,1.0000000000001348,TP,False
S2-09,shock_reversion,GBPUSD,2019-07-22 07:15:00+00:00,2019-07-22 07:30:00+00:00,2019-07-22 07:30:00+00:00,1,-0.9999999999999521,SL,False
S2-09,shock_reversion,GBPUSD,2019-07-23 07:00:00+00:00,2019-07-23 07:15:00+00:00,2019-07-23 07:15:00+00:00,1,1.0000000000001104,TP,False
S2-09,shock_reversion,GBPUSD,2019-07-24 10:45:00+00:00,2019-07-24 11:00:00+00:00,2019-07-24 11:00:00+00:00,-1,1.0,TP,False
S2-09,shock_reversion,GBPUSD,2019-07-25 06:45:00+00:00,2019-07-25 07:00:00+00:00,2019-07-25 07:00:00+00:00,-1,-0.9999999999998749,SL,False
S2-09,shock_reversion,GBPUSD,2019-07-25 07:00:00+00:00,2019-07-25 07:15:00+00:00,2019-07-25 07:15:00+00:00,-1,0.9999999999999492,TP,False
S2-09,shock_reversion,GBPUSD,2019-07-26 06:00:00+00:00,2019-07-26 06:15:00+00:00,2019-07-26 06:15:00+00:00,1,-1.0000000000000862,SL,False
S2-09,shock_reversion,GBPUSD,2019-07-26 12:30:00+00:00,2019-07-26 12:45:00+00:00,2019-07-26 13:15:00+00:00,1,0.9999999999998874,TP,False
S2-09,shock_reversion,GBPUSD,2019-07-29 02:00:00+00:00,2019-07-29 02:15:00+00:00,2019-07-29 03:45:00+00:00,1,-1.0000000000002505,SL,False
S2-09,shock_reversion,GBPUSD,2019-07-29 07:00:00+00:00,2019-07-29 07:15:00+00:00,2019-07-29 07:15:00+00:00,1,-1.0000000000001104,SL,False
S2-09,shock_reversion,GBPUSD,2019-07-30 01:30:00+00:00,2019-07-30 01:45:00+00:00,2019-07-30 01:45:00+00:00,1,-0.9999999999998737,SL,False
S2-09,shock_reversion,GBPUSD,2019-07-30 04:30:00+00:00,2019-07-30 04:45:00+00:00,2019-07-30 06:00:00+00:00,1,1.0000000000000755,TP,False
S2-09,shock_reversion,GBPUSD,2019-07-31 07:00:00+00:00,2019-07-31 07:15:00+00:00,2019-07-31 07:15:00+00:00,-1,-1.000000000000172,SL,False
S2-09,shock_reversion,GBPUSD,2019-07-31 18:00:00+00:00,2019-07-31 18:15:00+00:00,2019-07-31 18:15:00+00:00,1,-1.0,SL,False
S2-09,shock_reversion,GBPUSD,2019-07-31 18:30:00+00:00,2019-07-31 18:45:00+00:00,2019-07-31 18:45:00+00:00,1,-0.999999999999983,SL,False
S2-09,shock_reversion,GBPUSD,2019-08-01 00:45:00+00:00,2019-08-01 01:00:00+00:00,2019-08-01 01:00:00+00:00,1,1.0,TP,False
S2-09,shock_reversion,GBPUSD,2019-08-01 07:00:00+00:00,2019-08-01 07:15:00+00:00,2019-08-01 07:15:00+00:00,1,0.999999999999952,TP,False
S2-09,shock_reversion,GBPUSD,2019-08-02 01:00:00+00:00,2019-08-02 01:15:00+00:00,2019-08-02 01:15:00+00:00,1,1.0,TP,False
S2-09,shock_reversion,GBPUSD,2019-08-04 21:00:00+00:00,2019-08-04 21:15:00+00:00,2019-08-04 21:15:00+00:00,1,-1.0000000000000688,SL,False
S2-09,shock_reversion,GBPUSD,2019-08-05 14:45:00+00:00,2019-08-05 15:00:00+00:00,2019-08-05 15:00:00+00:00,1,-1.0000000000000464,SL,False
S2-09,shock_reversion,GBPUSD,2019-08-06 04:00:00+00:00,2019-08-06 04:15:00+00:00,2019-08-06 04:30:00+00:00,1,1.0000000000000828,TP,False
S2-09,shock_reversion,GBPUSD,2019-08-07 07:00:00+00:00,2019-08-07 07:15:00+00:00,2019-08-07 07:15:00+00:00,-1,-0.9999999999998911,SL,False
S2-09,shock_reversion,GBPUSD,2019-08-08 07:00:00+00:00,2019-08-08 07:15:00+00:00,2019-08-08 08:00:00+00:00,-1,0.9999999999999026,TP,False
S2-09,shock_reversion,GBPUSD,2019-08-08 12:45:00+00:00,2019-08-08 13:00:00+00:00,2019-08-08 14:30:00+00:00,1,0.9999999999999499,TP,False
S2-09,shock_reversion,GBPUSD,2019-08-08 21:15:00+00:00,2019-08-08 21:30:00+00:00,2019-08-08 21:45:00+00:00,-1,-1.0000000000001419,SL,False
S2-09,shock_reversion,GBPUSD,2019-08-09 08:30:00+00:00,2019-08-09 08:45:00+00:00,2019-08-09 09:00:00+00:00,1,1.0000000000000322,TP,False
S2-09,shock_reversion,GBPUSD,2019-08-12 07:00:00+00:00,2019-08-12 07:15:00+00:00,2019-08-12 07:15:00+00:00,-1,-0.9999999999999135,SL,False
S2-09,shock_reversion,GBPUSD,2019-08-13 06:00:00+00:00,2019-08-13 06:15:00+00:00,2019-08-13 06:30:00+00:00,1,-1.0,SL,False
S2-09,shock_reversion,GBPUSD,2019-08-13 07:00:00+00:00,2019-08-13 07:15:00+00:00,2019-08-13 07:15:00+00:00,1,0.9999999999998672,TP,False
S2-09,shock_reversion,GBPUSD,2019-08-13 13:45:00+00:00,2019-08-13 14:00:00+00:00,2019-08-13 14:00:00+00:00,-1,1.0000000000000269,TP,False
S2-09,shock_reversion,GBPUSD,2019-08-15 06:30:00+00:00,2019-08-15 06:45:00+00:00,2019-08-15 06:45:00+00:00,-1,-0.9999999999998352,SL,False
S2-09,shock_reversion,GBPUSD,2019-08-15 20:45:00+00:00,2019-08-15 21:00:00+00:00,2019-08-15 21:00:00+00:00,1,-1.000000000000043,SL,False
S2-09,shock_reversion,GBPUSD,2019-08-16 05:30:00+00:00,2019-08-16 05:45:00+00:00,2019-08-16 05:45:00+00:00,-1,-1.0000000000001577,SL,False
S2-09,shock_reversion,GBPUSD,2019-08-16 05:45:00+00:00,2019-08-16 06:00:00+00:00,2019-08-16 06:30:00+00:00,-1,1.0,TP,False
S2-09,shock_reversion,GBPUSD,2019-08-19 07:00:00+00:00,2019-08-19 07:15:00+00:00,2019-08-19 07:15:00+00:00,1,0.9999999999999537,TP,False
S2-09,shock_reversion,GBPUSD,2019-08-20 05:15:00+00:00,2019-08-20 05:30:00+00:00,2019-08-20 05:30:00+00:00,1,1.0,TP,False
S2-09,shock_reversion,GBPUSD,2019-08-20 13:45:00+00:00,2019-08-20 14:00:00+00:00,2019-08-20 14:30:00+00:00,-1,0.9999999999999465,TP,False
S2-09,shock_reversion,GBPUSD,2019-08-21 03:30:00+00:00,2019-08-21 03:45:00+00:00,2019-08-21 04:00:00+00:00,1,-1.0000000000002098,SL,False
S2-09,shock_reversion,GBPUSD,2019-08-22 07:15:00+00:00,2019-08-22 07:30:00+00:00,2019-08-22 07:30:00+00:00,-1,-1.0,SL,False
S2-09,shock_reversion,GBPUSD,2019-08-22 12:45:00+00:00,2019-08-22 13:00:00+00:00,2019-08-22 13:00:00+00:00,-1,-1.0000000000000486,SL,False
S2-09,shock_reversion,GBPUSD,2019-08-23 06:00:00+00:00,2019-08-23 06:15:00+00:00,2019-08-23 06:15:00+00:00,1,-1.0,SL,False
S2-09,shock_reversion,GBPUSD,2019-08-23 06:45:00+00:00,2019-08-23 07:00:00+00:00,2019-08-23 07:00:00+00:00,1,-0.9999999999999472,SL,True
S2-09,shock_reversion,GBPUSD,2019-08-26 21:00:00+00:00,2019-08-26 21:15:00+00:00,2019-08-26 21:15:00+00:00,-1,-0.9999999999999301,SL,False
S2-09,shock_reversion,GBPUSD,2019-08-27 06:45:00+00:00,2019-08-27 07:00:00+00:00,2019-08-27 07:00:00+00:00,1,0.9999999999998854,TP,False
S2-09,shock_reversion,GBPUSD,2019-08-27 07:00:00+00:00,2019-08-27 07:15:00+00:00,2019-08-27 07:15:00+00:00,-1,-1.0000000000000466,SL,False
S2-09,shock_reversion,GBPUSD,2019-08-27 13:15:00+00:00,2019-08-27 13:30:00+00:00,2019-08-27 14:00:00+00:00,-1,0.9999999999999751,TP,False
S2-09,shock_reversion,GBPUSD,2019-08-28 06:00:00+00:00,2019-08-28 06:15:00+00:00,2019-08-28 06:30:00+00:00,1,-1.0,SL,False
S2-09,shock_reversion,GBPUSD,2019-08-28 07:45:00+00:00,2019-08-28 08:00:00+00:00,2019-08-28 08:00:00+00:00,1,-1.0000000000000744,SL,False
S2-09,shock_reversion,GBPUSD,2019-08-28 08:00:00+00:00,2019-08-28 08:15:00+00:00,2019-08-28 08:15:00+00:00,1,-1.0000000000000289,SL,False
S2-09,shock_reversion,GBPUSD,2019-08-28 08:30:00+00:00,2019-08-28 08:45:00+00:00,2019-08-28 08:45:00+00:00,1,1.0000000000000555,TP,False
S2-09,shock_reversion,GBPUSD,2019-08-29 06:45:00+00:00,2019-08-29 07:00:00+00:00,2019-08-29 07:00:00+00:00,1,-0.9999999999999417,SL,False
S2-09,shock_reversion,GBPUSD,2019-08-30 04:45:00+00:00,2019-08-30 05:00:00+00:00,2019-08-30 05:15:00+00:00,-1,-1.000000000000095,SL,False
S2-09,shock_reversion,GBPUSD,2019-08-30 06:15:00+00:00,2019-08-30 06:30:00+00:00,2019-08-30 06:30:00+00:00,1,-1.0000000000002216,SL,False
S2-09,shock_reversion,GBPUSD,2019-08-30 07:15:00+00:00,2019-08-30 07:30:00+00:00,2019-08-30 07:30:00+00:00,-1,-1.000000000000138,SL,False
S2-09,shock_reversion,GBPUSD,2019-08-30 14:45:00+00:00,2019-08-30 15:00:00+00:00,2019-08-30 15:00:00+00:00,1,-1.0000000000000437,SL,False
S2-09,shock_reversion,GBPUSD,2019-09-02 06:00:00+00:00,2019-09-02 06:15:00+00:00,2019-09-02 06:15:00+00:00,-1,1.0000000000002776,TP,False
S2-09,shock_reversion,GBPUSD,2019-09-02 08:00:00+00:00,2019-09-02 08:15:00+00:00,2019-09-02 08:15:00+00:00,1,-1.0000000000000748,SL,False
S2-09,shock_reversion,GBPUSD,2019-09-03 05:45:00+00:00,2019-09-03 06:00:00+00:00,2019-09-03 06:30:00+00:00,1,-1.0000000000000995,SL,False
S2-09,shock_reversion,GBPUSD,2019-09-03 06:30:00+00:00,2019-09-03 06:45:00+00:00,2019-09-03 07:00:00+00:00,1,-0.9999999999999465,SL,False
S2-09,shock_reversion,GBPUSD,2019-09-03 10:45:00+00:00,2019-09-03 11:00:00+00:00,2019-09-03 11:00:00+00:00,-1,-0.9999999999999524,SL,False
S2-09,shock_reversion,GBPUSD,2019-09-03 21:00:00+00:00,2019-09-03 21:15:00+00:00,2019-09-03 21:15:00+00:00,1,-1.0000000000000788,SL,False
S2-09,shock_reversion,GBPUSD,2019-09-04 06:00:00+00:00,2019-09-04 06:15:00+00:00,2019-09-04 06:15:00+00:00,-1,1.0000000000000957,TP,False
S2-09,shock_reversion,GBPUSD,2019-09-05 00:45:00+00:00,2019-09-05 01:00:00+00:00,2019-09-05 01:15:00+00:00,1,1.0,TP,False
S2-09,shock_reversion,GBPUSD,2019-09-05 06:00:00+00:00,2019-09-05 06:15:00+00:00,2019-09-05 06:15:00+00:00,1,-1.0,SL,False
S2-09,shock_reversion,GBPUSD,2019-09-05 22:00:00+00:00,2019-09-05 22:15:00+00:00,2019-09-05 22:30:00+00:00,-1,0.9999999999999023,TP,False
S2-09,shock_reversion,GBPUSD,2019-09-06 05:45:00+00:00,2019-09-06 06:00:00+00:00,2019-09-06 06:00:00+00:00,-1,-0.9999999999999313,SL,False
S2-09,shock_reversion,GBPUSD,2019-09-06 06:45:00+00:00,2019-09-06 07:00:00+00:00,2019-09-06 07:00:00+00:00,1,-0.9999999999999144,SL,False
S2-09,shock_reversion,GBPUSD,2019-09-06 07:00:00+00:00,2019-09-06 07:15:00+00:00,2019-09-06 07:30:00+00:00,1,-1.0000000000001046,SL,False
S2-09,shock_reversion,GBPUSD,2019-09-09 06:15:00+00:00,2019-09-09 06:30:00+00:00,2019-09-09 06:30:00+00:00,1,-1.0,SL,True
S2-09,shock_reversion,GBPUSD,2019-09-09 07:00:00+00:00,2019-09-09 07:15:00+00:00,2019-09-09 07:15:00+00:00,1,-1.0000000000000437,SL,False
S2-09,shock_reversion,GBPUSD,2019-09-09 14:30:00+00:00,2019-09-09 14:45:00+00:00,2019-09-09 14:45:00+00:00,1,1.0,TP,False
S2-09,shock_reversion,GBPUSD,2019-09-10 06:30:00+00:00,2019-09-10 06:45:00+00:00,2019-09-10 06:45:00+00:00,-1,-1.0000000000000526,SL,False
S2-09,shock_reversion,GBPUSD,2019-09-11 07:30:00+00:00,2019-09-11 07:45:00+00:00,2019-09-11 08:15:00+00:00,-1,0.9999999999999204,TP,False
S2-09,shock_reversion,GBPUSD,2019-09-12 06:00:00+00:00,2019-09-12 06:15:00+00:00,2019-09-12 06:15:00+00:00,1,1.0000000000002345,TP,False
S2-09,shock_reversion,GBPUSD,2019-09-12 11:45:00+00:00,2019-09-12 12:00:00+00:00,2019-09-12 12:15:00+00:00,1,-1.0000000000000278,SL,False
S2-09,shock_reversion,GBPUSD,2019-09-13 04:00:00+00:00,2019-09-13 04:15:00+00:00,2019-09-13 04:15:00+00:00,-1,-1.0000000000000855,SL,False
S2-09,shock_reversion,GBPUSD,2019-09-13 06:30:00+00:00,2019-09-13 06:45:00+00:00,2019-09-13 06:45:00+00:00,-1,-1.0000000000000437,SL,False
S2-09,shock_reversion,GBPUSD,2019-09-13 06:45:00+00:00,2019-09-13 07:00:00+00:00,2019-09-13 07:00:00+00:00,-1,-0.9999999999999649,SL,False
S2-09,shock_reversion,GBPUSD,2019-09-13 08:30:00+00:00,2019-09-13 08:45:00+00:00,2019-09-13 08:45:00+00:00,-1,-1.000000000000041,SL,False
S2-09,shock_reversion,GBPUSD,2019-09-15 21:00:00+00:00,2019-09-15 21:15:00+00:00,2019-09-15 21:45:00+00:00,-1,-1.0000000000001006,SL,False
S2-09,shock_reversion,GBPUSD,2019-09-16 07:30:00+00:00,2019-09-16 07:45:00+00:00,2019-09-16 07:45:00+00:00,1,0.9999999999999004,TP,False
S2-09,shock_reversion,GBPUSD,2019-09-17 06:45:00+00:00,2019-09-17 07:00:00+00:00,2019-09-17 07:00:00+00:00,-1,-0.9999999999998949,SL,True
S2-09,shock_reversion,GBPUSD,2019-09-17 07:00:00+00:00,2019-09-17 07:15:00+00:00,2019-09-17 07:30:00+00:00,1,-0.9999999999999087,SL,False
S2-09,shock_reversion,GBPUSD,2019-09-17 13:30:00+00:00,2019-09-17 13:45:00+00:00,2019-09-17 14:15:00+00:00,-1,-1.0000000000000997,SL,False
S2-09,shock_reversion,GBPUSD,2019-09-18 05:30:00+00:00,2019-09-18 05:45:00+00:00,2019-09-18 06:00:00+00:00,-1,-0.9999999999997298,SL,False
S2-09,shock_reversion,GBPUSD,2019-09-18 07:00:00+00:00,2019-09-18 07:15:00+00:00,2019-09-18 07:30:00+00:00,1,0.9999999999999029,TP,False
S2-09,shock_reversion,GBPUSD,2019-09-19 17:00:00+00:00,2019-09-19 17:15:00+00:00,2019-09-19 17:15:00+00:00,-1,-1.0000000000000728,SL,False
S2-09,shock_reversion,GBPUSD,2019-09-20 06:00:00+00:00,2019-09-20 06:15:00+00:00,2019-09-20 06:15:00+00:00,-1,-0.9999999999998735,SL,False
S2-09,shock_reversion,GBPUSD,2019-09-23 00:45:00+00:00,2019-09-23 01:00:00+00:00,2019-09-23 01:15:00+00:00,-1,-0.9999999999998216,SL,False
S2-09,shock_reversion,GBPUSD,2019-09-23 05:00:00+00:00,2019-09-23 05:15:00+00:00,2019-09-23 05:15:00+00:00,1,-0.9999999999999124,SL,False
S2-09,shock_reversion,GBPUSD,2019-09-23 06:15:00+00:00,2019-09-23 06:30:00+00:00,2019-09-23 06:30:00+00:00,1,-1.0,SL,False
S2-09,shock_reversion,GBPUSD,2019-09-23 06:30:00+00:00,2019-09-23 06:45:00+00:00,2019-09-23 06:45:00+00:00,1,-1.0,SL,False
S2-09,shock_reversion,GBPUSD,2019-09-23 07:30:00+00:00,2019-09-23 07:45:00+00:00,2019-09-23 08:00:00+00:00,1,1.0000000000000577,TP,False
S2-09,shock_reversion,GBPUSD,2019-09-24 09:30:00+00:00,2019-09-24 09:45:00+00:00,2019-09-24 09:45:00+00:00,-1,1.0,TP,False
S2-09,shock_reversion,GBPUSD,2019-09-25 06:45:00+00:00,2019-09-25 07:00:00+00:00,2019-09-25 07:00:00+00:00,-1,1.0,TP,False
S2-09,shock_reversion,GBPUSD,2019-09-25 07:00:00+00:00,2019-09-25 07:15:00+00:00,2019-09-25 07:15:00+00:00,1,-0.9999999999999527,SL,False
S2-09,shock_reversion,GBPUSD,2019-09-26 02:15:00+00:00,2019-09-26 02:30:00+00:00,2019-09-26 02:45:00+00:00,-1,0.999999999999851,TP,False
S2-09,shock_reversion,GBPUSD,2019-09-27 00:30:00+00:00,2019-09-27 00:45:00+00:00,2019-09-27 00:45:00+00:00,1,1.0000000000001492,TP,False
S2-09,shock_reversion,GBPUSD,2019-09-27 07:00:00+00:00,2019-09-27 07:15:00+00:00,2019-09-27 07:15:00+00:00,1,-1.0000000000001277,SL,False
S2-09,shock_reversion,GBPUSD,2019-09-30 07:00:00+00:00,2019-09-30 07:15:00+00:00,2019-09-30 07:15:00+00:00,-1,-0.9999999999999386,SL,False
S2-09,shock_reversion,GBPUSD,2019-10-01 00:45:00+00:00,2019-10-01 01:00:00+00:00,2019-10-01 03:00:00+00:00,1,0.9999999999998368,TP,False
S2-09,shock_reversion,GBPUSD,2019-10-01 06:00:00+00:00,2019-10-01 06:15:00+00:00,2019-10-01 06:15:00+00:00,1,-1.0000000000001947,SL,False
S2-09,shock_reversion,GBPUSD,2019-10-01 07:00:00+00:00,2019-10-01 07:15:00+00:00,2019-10-01 07:30:00+00:00,-1,1.0000000000001288,TP,False
S2-09,shock_reversion,GBPUSD,2019-10-01 16:15:00+00:00,2019-10-01 16:30:00+00:00,2019-10-01 16:45:00+00:00,-1,-0.9999999999999716,SL,False
S2-09,shock_reversion,GBPUSD,2019-10-02 05:30:00+00:00,2019-10-02 05:45:00+00:00,2019-10-02 05:45:00+00:00,1,-0.9999999999998349,SL,False
S2-09,shock_reversion,GBPUSD,2019-10-02 06:00:00+00:00,2019-10-02 06:15:00+00:00,2019-10-02 06:15:00+00:00,1,-1.0000000000000688,SL,False
S2-09,shock_reversion,GBPUSD,2019-10-02 06:15:00+00:00,2019-10-02 06:30:00+00:00,2019-10-02 06:30:00+00:00,1,1.0000000000001859,TP,False
S2-09,shock_reversion,GBPUSD,2019-10-02 08:45:00+00:00,2019-10-02 09:00:00+00:00,2019-10-02 09:45:00+00:00,1,1.0,TP,False
S2-09,shock_reversion,GBPUSD,2019-10-02 21:00:00+00:00,2019-10-02 21:15:00+00:00,2019-10-02 21:15:00+00:00,1,-0.9999999999998588,SL,False
S2-09,shock_reversion,GBPUSD,2019-10-03 05:00:00+00:00,2019-10-03 05:15:00+00:00,2019-10-03 05:15:00+00:00,1,-0.9999999999999067,SL,False
S2-09,shock_reversion,GBPUSD,2019-10-03 06:30:00+00:00,2019-10-03 06:45:00+00:00,2019-10-03 07:00:00+00:00,1,-0.9999999999999498,SL,False
S2-09,shock_reversion,GBPUSD,2019-10-03 07:15:00+00:00,2019-10-03 07:30:00+00:00,2019-10-03 07:30:00+00:00,-1,1.0,TP,False
S2-09,shock_reversion,GBPUSD,2019-10-04 07:15:00+00:00,2019-10-04 07:30:00+00:00,2019-10-04 07:30:00+00:00,1,1.0000000000000506,TP,False
S2-09,shock_reversion,GBPUSD,2019-10-04 11:00:00+00:00,2019-10-04 11:15:00+00:00,2019-10-04 11:15:00+00:00,1,1.0000000000000289,TP,False
S2-09,shock_reversion,GBPUSD,2019-10-04 11:15:00+00:00,2019-10-04 11:30:00+00:00,2019-10-04 11:45:00+00:00,-1,0.9999999999999214,TP,False
S2-09,shock_reversion,GBPUSD,2019-10-04 12:30:00+00:00,2019-10-04 12:45:00+00:00,2019-10-04 13:00:00+00:00,1,-1.0000000000000397,SL,False
S2-09,shock_reversion,GBPUSD,2019-10-06 21:00:00+00:00,2019-10-06 21:15:00+00:00,2019-10-06 21:15:00+00:00,1,-0.9999999999999498,SL,False
S2-09,shock_reversion,GBPUSD,2019-10-07 05:45:00+00:00,2019-10-07 06:00:00+00:00,2019-10-07 06:00:00+00:00,1,-1.000000000000096,SL,True
S2-09,shock_reversion,GBPUSD,2019-10-08 06:45:00+00:00,2019-10-08 07:00:00+00:00,2019-10-08 07:00:00+00:00,1,-0.999999999999886,SL,False
S2-09,shock_reversion,GBPUSD,2019-10-09 07:15:00+00:00,2019-10-09 07:30:00+00:00,2019-10-09 07:45:00+00:00,-1,1.0000000000000835,TP,False
S2-09,shock_reversion,GBPUSD,2019-10-09 08:15:00+00:00,2019-10-09 08:30:00+00:00,2019-10-09 08:30:00+00:00,-1,0.9999999999999306,TP,False
S2-09,shock_reversion,GBPUSD,2019-10-10 00:45:00+00:00,2019-10-10 01:00:00+00:00,2019-10-10 01:15:00+00:00,-1,-1.0,SL,False
S2-09,shock_reversion,GBPUSD,2019-10-10 06:45:00+00:00,2019-10-10 07:00:00+00:00,2019-10-10 07:00:00+00:00,-1,-1.0,SL,False
S2-09,shock_reversion,GBPUSD,2019-10-10 07:00:00+00:00,2019-10-10 07:15:00+00:00,2019-10-10 07:15:00+00:00,-1,1.0000000000001175,TP,False
S2-09,shock_reversion,GBPUSD,2019-10-10 14:00:00+00:00,2019-10-10 14:15:00+00:00,2019-10-10 14:15:00+00:00,-1,-0.9999999999999403,SL,False
S2-09,shock_reversion,GBPUSD,2019-10-11 04:30:00+00:00,2019-10-11 04:45:00+00:00,2019-10-11 04:45:00+00:00,-1,-1.00000000000022,SL,False
S2-09,shock_reversion,GBPUSD,2019-10-11 08:30:00+00:00,2019-10-11 08:45:00+00:00,2019-10-11 08:45:00+00:00,1,1.000000000000035,TP,False
S2-09,shock_reversion,GBPUSD,2019-10-11 08:45:00+00:00,2019-10-11 09:00:00+00:00,2019-10-11 09:00:00+00:00,-1,-1.0000000000000282,SL,False
S2-09,shock_reversion,GBPUSD,2019-10-11 11:15:00+00:00,2019-10-11 11:30:00+00:00,2019-10-11 12:15:00+00:00,-1,1.0000000000000224,TP,False
S2-09,shock_reversion,GBPUSD,2019-10-14 05:45:00+00:00,2019-10-14 06:00:00+00:00,2019-10-14 06:00:00+00:00,1,1.0000000000000486,TP,False
S2-09,shock_reversion,GBPUSD,2019-10-14 06:15:00+00:00,2019-10-14 06:30:00+00:00,2019-10-14 06:30:00+00:00,1,-0.9999999999999649,SL,False
S2-09,shock_reversion,GBPUSD,2019-10-14 20:45:00+00:00,2019-10-14 21:00:00+00:00,2019-10-14 21:00:00+00:00,-1,-1.0000000000000555,SL,False
S2-09,shock_reversion,GBPUSD,2019-10-14 21:00:00+00:00,2019-10-14 21:15:00+00:00,2019-10-14 22:15:00+00:00,-1,0.9999999999999513,TP,False
S2-09,shock_reversion,GBPUSD,2019-10-15 06:15:00+00:00,2019-10-15 06:30:00+00:00,2019-10-15 06:30:00+00:00,-1,-0.9999999999999726,SL,False
S2-09,shock_reversion,GBPUSD,2019-10-15 06:30:00+00:00,2019-10-15 06:45:00+00:00,2019-10-15 06:45:00+00:00,-1,1.000000000000067,TP,False
S2-09,shock_reversion,GBPUSD,2019-10-15 14:15:00+00:00,2019-10-15 14:30:00+00:00,2019-10-15 14:45:00+00:00,-1,-1.0000000000000229,SL,False
S2-09,shock_reversion,GBPUSD,2019-10-16 05:30:00+00:00,2019-10-16 05:45:00+00:00,2019-10-16 05:45:00+00:00,1,1.0000000000000624,TP,False
S2-09,shock_reversion,GBPUSD,2019-10-16 06:00:00+00:00,2019-10-16 06:15:00+00:00,2019-10-16 06:15:00+00:00,-1,-0.9999999999998592,SL,False
S2-09,shock_reversion,GBPUSD,2019-10-16 06:45:00+00:00,2019-10-16 07:00:00+00:00,2019-10-16 07:00:00+00:00,1,-0.9999999999999438,SL,False
S2-09,shock_reversion,GBPUSD,2019-10-16 07:15:00+00:00,2019-10-16 07:30:00+00:00,2019-10-16 07:30:00+00:00,1,-1.0,SL,True
S2-09,shock_reversion,GBPUSD,2019-10-16 09:00:00+00:00,2019-10-16 09:15:00+00:00,2019-10-16 09:45:00+00:00,1,0.99999999999997,TP,False
S2-09,shock_reversion,GBPUSD,2019-10-16 12:15:00+00:00,2019-10-16 12:30:00+00:00,2019-10-16 12:30:00+00:00,-1,-1.0000000000000169,SL,False
S2-09,shock_reversion,GBPUSD,2019-10-16 17:30:00+00:00,2019-10-16 17:45:00+00:00,2019-10-16 21:30:00+00:00,1,-0.3712975412345745,TIME,False
S2-09,shock_reversion,GBPUSD,2019-10-17 05:15:00+00:00,2019-10-17 05:30:00+00:00,2019-10-17 05:30:00+00:00,1,-0.999999999999772,SL,False
S2-09,shock_reversion,GBPUSD,2019-10-17 05:45:00+00:00,2019-10-17 06:00:00+00:00,2019-10-17 06:00:00+00:00,1,-1.0000000000000404,SL,False
S2-09,shock_reversion,GBPUSD,2019-10-17 08:30:00+00:00,2019-10-17 08:45:00+00:00,2019-10-17 08:45:00+00:00,-1,0.9999999999999689,TP,False
S2-09,shock_reversion,GBPUSD,2019-10-17 09:30:00+00:00,2019-10-17 09:45:00+00:00,2019-10-17 10:00:00+00:00,-1,1.0000000000000204,TP,False
S2-09,shock_reversion,GBPUSD,2019-10-18 20:45:00+00:00,2019-10-20 21:00:00+00:00,2019-10-20 21:00:00+00:00,-1,0.999999999999972,TP,False
S2-09,shock_reversion,GBPUSD,2019-10-20 21:00:00+00:00,2019-10-20 21:15:00+00:00,2019-10-20 21:15:00+00:00,1,-0.9999999999999315,SL,False
S2-09,shock_reversion,GBPUSD,2019-10-20 22:00:00+00:00,2019-10-20 22:15:00+00:00,2019-10-20 22:30:00+00:00,1,1.0000000000000602,TP,False
S2-09,shock_reversion,GBPUSD,2019-10-22 06:00:00+00:00,2019-10-22 06:15:00+00:00,2019-10-22 06:30:00+00:00,1,-0.9999999999999412,SL,False
S2-09,shock_reversion,GBPUSD,2019-10-22 06:30:00+00:00,2019-10-22 06:45:00+00:00,2019-10-22 06:45:00+00:00,1,1.000000000000148,TP,False
S2-09,shock_reversion,GBPUSD,2019-10-22 07:15:00+00:00,2019-10-22 07:30:00+00:00,2019-10-22 07:30:00+00:00,1,-1.0000000000001106,SL,False
S2-09,shock_reversion,GBPUSD,2019-10-22 07:30:00+00:00,2019-10-22 07:45:00+00:00,2019-10-22 08:00:00+00:00,1,1.0000000000000626,TP,False
S2-09,shock_reversion,GBPUSD,2019-10-22 18:30:00+00:00,2019-10-22 18:45:00+00:00,2019-10-22 18:45:00+00:00,1,-1.000000000000033,SL,False
S2-09,shock_reversion,GBPUSD,2019-10-23 07:15:00+00:00,2019-10-23 07:30:00+00:00,2019-10-23 07:45:00+00:00,1,1.0,TP,False
S2-09,shock_reversion,GBPUSD,2019-10-24 06:15:00+00:00,2019-10-24 06:30:00+00:00,2019-10-24 06:30:00+00:00,-1,-1.0,SL,False
S2-09,shock_reversion,GBPUSD,2019-10-24 06:45:00+00:00,2019-10-24 07:00:00+00:00,2019-10-24 07:00:00+00:00,-1,-1.0,SL,True
S2-09,shock_reversion,GBPUSD,2019-10-24 07:30:00+00:00,2019-10-24 07:45:00+00:00,2019-10-24 07:45:00+00:00,1,-1.0000000000000322,SL,False
S2-09,shock_reversion,GBPUSD,2019-10-24 12:45:00+00:00,2019-10-24 13:00:00+00:00,2019-10-24 13:00:00+00:00,-1,1.0000000000000657,TP,False
S2-09,shock_reversion,GBPUSD,2019-10-25 06:00:00+00:00,2019-10-25 06:15:00+00:00,2019-10-25 06:15:00+00:00,-1,-0.9999999999999073,SL,False
S2-09,shock_reversion,GBPUSD,2019-10-25 07:00:00+00:00,2019-10-25 07:15:00+00:00,2019-10-25 07:15:00+00:00,1,-1.0000000000000544,SL,True
S2-09,shock_reversion,GBPUSD,2019-10-25 07:15:00+00:00,2019-10-25 07:30:00+00:00,2019-10-25 07:30:00+00:00,-1,0.999999999999955,TP,False
S2-09,shock_reversion,GBPUSD,2019-10-25 07:30:00+00:00,2019-10-25 07:45:00+00:00,2019-10-25 07:45:00+00:00,1,0.9999999999998915,TP,False
S2-09,shock_reversion,GBPUSD,2019-10-25 20:45:00+00:00,2019-10-27 21:00:00+00:00,2019-10-27 21:00:00+00:00,-1,-1.000000000000057,SL,False
S2-09,shock_reversion,GBPUSD,2019-10-28 07:45:00+00:00,2019-10-28 08:00:00+00:00,2019-10-28 08:00:00+00:00,-1,-1.0,SL,False
S2-09,shock_reversion,GBPUSD,2019-10-29 00:45:00+00:00,2019-10-29 01:00:00+00:00,2019-10-29 01:00:00+00:00,1,-1.000000000000251,SL,False
S2-09,shock_reversion,GBPUSD,2019-10-29 01:15:00+00:00,2019-10-29 01:30:00+00:00,2019-10-29 01:45:00+00:00,1,0.999999999999865,TP,False
S2-09,shock_reversion,GBPUSD,2019-10-29 07:45:00+00:00,2019-10-29 08:00:00+00:00,2019-10-29 08:00:00+00:00,1,-1.0000000000001554,SL,False
S2-09,shock_reversion,GBPUSD,2019-10-29 08:45:00+00:00,2019-10-29 09:00:00+00:00,2019-10-29 09:00:00+00:00,1,-1.0000000000001015,SL,False
S2-09,shock_reversion,GBPUSD,2019-10-29 09:00:00+00:00,2019-10-29 09:15:00+00:00,2019-10-29 09:15:00+00:00,1,0.9999999999999192,TP,False
S2-09,shock_reversion,GBPUSD,2019-10-29 10:45:00+00:00,2019-10-29 11:00:00+00:00,2019-10-29 12:00:00+00:00,-1,1.0000000000000213,TP,False
S2-09,shock_reversion,GBPUSD,2019-10-30 06:30:00+00:00,2019-10-30 06:45:00+00:00,2019-10-30 06:45:00+00:00,-1,-0.9999999999998158,SL,False
S2-09,shock_reversion,GBPUSD,2019-10-30 06:45:00+00:00,2019-10-30 07:00:00+00:00,2019-10-30 07:00:00+00:00,-1,-1.0,SL,False
S2-09,shock_reversion,GBPUSD,2019-10-30 07:45:00+00:00,2019-10-30 08:00:00+00:00,2019-10-30 08:00:00+00:00,-1,-1.000000000000157,SL,True
S2-09,shock_reversion,GBPUSD,2019-10-30 18:15:00+00:00,2019-10-30 18:30:00+00:00,2019-10-30 18:30:00+00:00,-1,0.999999999999939,TP,False
S2-09,shock_reversion,GBPUSD,2019-10-30 18:30:00+00:00,2019-10-30 18:45:00+00:00,2019-10-30 18:45:00+00:00,1,0.9999999999999747,TP,False
S2-09,shock_reversion,GBPUSD,2019-10-31 07:00:00+00:00,2019-10-31 07:15:00+00:00,2019-10-31 07:15:00+00:00,-1,-0.9999999999999369,SL,False
S2-09,shock_reversion,GBPUSD,2019-11-01 07:45:00+00:00,2019-11-01 08:00:00+00:00,2019-11-01 08:30:00+00:00,-1,1.0000000000001594,TP,False
S2-09,shock_reversion,GBPUSD,2019-11-04 08:00:00+00:00,2019-11-04 08:15:00+00:00,2019-11-04 08:15:00+00:00,1,1.0000000000000675,TP,False
S2-09,shock_reversion,GBPUSD,2019-11-05 07:15:00+00:00,2019-11-05 07:30:00+00:00,2019-11-05 07:30:00+00:00,-1,1.0000000000000766,TP,False
S2-09,shock_reversion,GBPUSD,2019-11-05 22:15:00+00:00,2019-11-05 22:30:00+00:00,2019-11-05 22:30:00+00:00,1,-1.0000000000001166,SL,False
S2-09,shock_reversion,GBPUSD,2019-11-07 08:00:00+00:00,2019-11-07 08:15:00+00:00,2019-11-07 08:15:00+00:00,-1,1.0000000000001363,TP,False
S2-09,shock_reversion,GBPUSD,2019-11-07 12:00:00+00:00,2019-11-07 12:15:00+00:00,2019-11-07 12:15:00+00:00,1,-0.9999999999999392,SL,False
S2-09,shock_reversion,GBPUSD,2019-11-07 22:00:00+00:00,2019-11-07 22:15:00+00:00,2019-11-07 22:15:00+00:00,1,-1.0000000000001121,SL,False
S2-09,shock_reversion,GBPUSD,2019-11-08 21:30:00+00:00,2019-11-08 21:45:00+00:00,2019-11-08 21:45:00+00:00,1,-1.3302261670442306,FRIDAY,False
S2-09,shock_reversion,GBPUSD,2019-11-11 12:00:00+00:00,2019-11-11 12:15:00+00:00,2019-11-11 12:15:00+00:00,-1,-1.0000000000000757,SL,False
S2-09,shock_reversion,GBPUSD,2019-11-12 08:00:00+00:00,2019-11-12 08:15:00+00:00,2019-11-12 08:30:00+00:00,1,-0.9999999999999553,SL,False
S2-09,shock_reversion,GBPUSD,2019-11-13 06:30:00+00:00,2019-11-13 06:45:00+00:00,2019-11-13 07:00:00+00:00,-1,1.0000000000000948,TP,False
S2-09,shock_reversion,GBPUSD,2019-11-13 08:00:00+00:00,2019-11-13 08:15:00+00:00,2019-11-13 08:15:00+00:00,1,-1.0000000000001126,SL,False
S2-09,shock_reversion,GBPUSD,2019-11-13 22:00:00+00:00,2019-11-13 22:15:00+00:00,2019-11-13 22:15:00+00:00,-1,-0.9999999999998879,SL,False
S2-09,shock_reversion,GBPUSD,2019-11-15 14:00:00+00:00,2019-11-15 14:15:00+00:00,2019-11-15 15:15:00+00:00,-1,-0.9999999999999017,SL,False
S2-09,shock_reversion,GBPUSD,2019-11-18 07:00:00+00:00,2019-11-18 07:15:00+00:00,2019-11-18 07:15:00+00:00,-1,-0.9999999999998563,SL,False
S2-09,shock_reversion,GBPUSD,2019-11-18 08:00:00+00:00,2019-11-18 08:15:00+00:00,2019-11-18 08:15:00+00:00,-1,1.0000000000001015,TP,False
S2-09,shock_reversion,GBPUSD,2019-11-20 01:15:00+00:00,2019-11-20 01:30:00+00:00,2019-11-20 02:30:00+00:00,1,1.0,TP,False
S2-09,shock_reversion,GBPUSD,2019-11-20 08:00:00+00:00,2019-11-20 08:15:00+00:00,2019-11-20 08:15:00+00:00,1,-1.0000000000000642,SL,False
S2-09,shock_reversion,GBPUSD,2019-11-20 08:30:00+00:00,2019-11-20 08:45:00+00:00,2019-11-20 09:00:00+00:00,1,0.9999999999999013,TP,False
S2-09,shock_reversion,GBPUSD,2019-11-21 07:45:00+00:00,2019-11-21 08:00:00+00:00,2019-11-21 08:00:00+00:00,-1,-0.9999999999998935,SL,False
S2-09,shock_reversion,GBPUSD,2019-11-22 06:15:00+00:00,2019-11-22 06:30:00+00:00,2019-11-22 06:30:00+00:00,-1,-0.9999999999997027,SL,False
S2-09,shock_reversion,GBPUSD,2019-11-22 09:00:00+00:00,2019-11-22 09:15:00+00:00,2019-11-22 09:30:00+00:00,1,-1.00000000000004,SL,False
S2-09,shock_reversion,GBPUSD,2019-11-22 09:30:00+00:00,2019-11-22 09:45:00+00:00,2019-11-22 10:45:00+00:00,1,0.9999999999999095,TP,False
S2-09,shock_reversion,GBPUSD,2019-11-25 07:45:00+00:00,2019-11-25 08:00:00+00:00,2019-11-25 08:00:00+00:00,-1,-0.9999999999998933,SL,False
S2-09,shock_reversion,GBPUSD,2019-11-25 14:45:00+00:00,2019-11-25 15:00:00+00:00,2019-11-25 15:00:00+00:00,-1,-0.9999999999999574,SL,False
S2-09,shock_reversion,GBPUSD,2019-11-26 07:00:00+00:00,2019-11-26 07:15:00+00:00,2019-11-26 07:15:00+00:00,1,1.0,TP,False
S2-09,shock_reversion,GBPUSD,2019-11-26 08:00:00+00:00,2019-11-26 08:15:00+00:00,2019-11-26 08:15:00+00:00,1,1.0,TP,False
S2-09,shock_reversion,GBPUSD,2019-11-26 15:45:00+00:00,2019-11-26 16:00:00+00:00,2019-11-26 16:30:00+00:00,1,0.9999999999999438,TP,False
S2-09,shock_reversion,GBPUSD,2019-11-27 18:00:00+00:00,2019-11-27 18:15:00+00:00,2019-11-27 18:15:00+00:00,-1,-1.0000000000000608,SL,False
S2-09,shock_reversion,GBPUSD,2019-11-27 21:45:00+00:00,2019-11-27 22:00:00+00:00,2019-11-27 22:00:00+00:00,-1,-0.9999999999999584,SL,False
S2-09,shock_reversion,GBPUSD,2019-11-28 06:00:00+00:00,2019-11-28 06:15:00+00:00,2019-11-28 06:15:00+00:00,-1,-1.0000000000001772,SL,False
S2-09,shock_reversion,GBPUSD,2019-11-28 08:00:00+00:00,2019-11-28 08:15:00+00:00,2019-11-28 08:15:00+00:00,1,1.000000000000129,TP,False
S2-09,shock_reversion,GBPUSD,2019-11-29 07:45:00+00:00,2019-11-29 08:00:00+00:00,2019-11-29 08:00:00+00:00,-1,0.999999999999809,TP,False
S2-09,shock_reversion,GBPUSD,2019-11-29 09:30:00+00:00,2019-11-29 09:45:00+00:00,2019-11-29 09:45:00+00:00,1,1.000000000000037,TP,False
S2-09,shock_reversion,GBPUSD,2019-11-29 15:45:00+00:00,2019-11-29 16:00:00+00:00,2019-11-29 16:00:00+00:00,-1,0.44262951648748616,FRIDAY,False
S2-09,shock_reversion,GBPUSD,2019-11-29 21:45:00+00:00,2019-12-01 22:00:00+00:00,2019-12-02 01:45:00+00:00,1,0.19751744133369575,TIME,False
S2-09,shock_reversion,GBPUSD,2019-12-02 07:15:00+00:00,2019-12-02 07:30:00+00:00,2019-12-02 07:30:00+00:00,-1,1.0000000000001779,TP,False
S2-09,shock_reversion,GBPUSD,2019-12-03 07:15:00+00:00,2019-12-03 07:30:00+00:00,2019-12-03 07:30:00+00:00,-1,-1.0000000000002358,SL,True
S2-09,shock_reversion,GBPUSD,2019-12-04 08:00:00+00:00,2019-12-04 08:15:00+00:00,2019-12-04 08:15:00+00:00,-1,-0.9999999999999135,SL,False
S2-09,shock_reversion,GBPUSD,2019-12-05 07:00:00+00:00,2019-12-05 07:15:00+00:00,2019-12-05 07:15:00+00:00,-1,-1.0000000000000813,SL,False
S2-09,shock_reversion,GBPUSD,2019-12-05 07:15:00+00:00,2019-12-05 07:30:00+00:00,2019-12-05 07:30:00+00:00,-1,0.9999999999998697,TP,False
S2-09,shock_reversion,GBPUSD,2019-12-06 08:00:00+00:00,2019-12-06 08:15:00+00:00,2019-12-06 08:15:00+00:00,1,-1.0000000000001092,SL,False
S2-09,shock_reversion,GBPUSD,2019-12-06 09:00:00+00:00,2019-12-06 09:15:00+00:00,2019-12-06 09:30:00+00:00,1,1.0000000000000333,TP,False
S2-09,shock_reversion,GBPUSD,2019-12-06 13:30:00+00:00,2019-12-06 13:45:00+00:00,2019-12-06 14:00:00+00:00,1,-1.000000000000066,SL,False
S2-09,shock_reversion,GBPUSD,2019-12-09 06:00:00+00:00,2019-12-09 06:15:00+00:00,2019-12-09 06:15:00+00:00,-1,-0.9999999999998485,SL,False
S2-09,shock_reversion,GBPUSD,2019-12-09 06:15:00+00:00,2019-12-09 06:30:00+00:00,2019-12-09 06:30:00+00:00,-1,-1.0000000000003082,SL,False
S2-09,shock_reversion,GBPUSD,2019-12-09 06:30:00+00:00,2019-12-09 06:45:00+00:00,2019-12-09 06:45:00+00:00,-1,-1.0000000000002138,SL,False
S2-09,shock_reversion,GBPUSD,2019-12-09 21:45:00+00:00,2019-12-09 22:00:00+00:00,2019-12-09 22:00:00+00:00,1,-0.9999999999999362,SL,False
S2-09,shock_reversion,GBPUSD,2019-12-10 07:45:00+00:00,2019-12-10 08:00:00+00:00,2019-12-10 08:00:00+00:00,1,-1.000000000000129,SL,False
S2-09,shock_reversion,GBPUSD,2019-12-10 19:45:00+00:00,2019-12-10 20:00:00+00:00,2019-12-10 20:15:00+00:00,-1,1.0000000000000888,TP,False
S2-09,shock_reversion,GBPUSD,2019-12-10 21:45:00+00:00,2019-12-10 22:00:00+00:00,2019-12-10 22:00:00+00:00,1,-1.000000000000057,SL,False
S2-09,shock_reversion,GBPUSD,2019-12-10 22:00:00+00:00,2019-12-10 22:15:00+00:00,2019-12-10 22:15:00+00:00,1,-0.9999999999999266,SL,False
S2-09,shock_reversion,GBPUSD,2019-12-11 08:30:00+00:00,2019-12-11 08:45:00+00:00,2019-12-11 08:45:00+00:00,-1,1.0,TP,False
S2-09,shock_reversion,GBPUSD,2019-12-11 13:30:00+00:00,2019-12-11 13:45:00+00:00,2019-12-11 14:30:00+00:00,-1,-1.0000000000001052,SL,False
S2-09,shock_reversion,GBPUSD,2019-12-12 01:45:00+00:00,2019-12-12 02:00:00+00:00,2019-12-12 02:15:00+00:00,-1,1.0000000000001588,TP,False
S2-09,shock_reversion,GBPUSD,2019-12-12 08:00:00+00:00,2019-12-12 08:15:00+00:00,2019-12-12 08:30:00+00:00,1,0.9999999999999488,TP,False
S2-09,shock_reversion,GBPUSD,2019-12-12 09:45:00+00:00,2019-12-12 10:00:00+00:00,2019-12-12 10:00:00+00:00,1,0.999999999999897,TP,False
S2-09,shock_reversion,GBPUSD,2019-12-12 11:00:00+00:00,2019-12-12 11:15:00+00:00,2019-12-12 11:15:00+00:00,1,-1.0000000000000238,SL,False
S2-09,shock_reversion,GBPUSD,2019-12-12 22:00:00+00:00,2019-12-12 22:15:00+00:00,2019-12-12 22:30:00+00:00,-1,-1.0,SL,False
S2-09,shock_reversion,GBPUSD,2019-12-13 06:45:00+00:00,2019-12-13 07:00:00+00:00,2019-12-13 07:15:00+00:00,1,-1.0000000000000477,SL,False
S2-09,shock_reversion,GBPUSD,2019-12-13 13:45:00+00:00,2019-12-13 14:00:00+00:00,2019-12-13 14:15:00+00:00,1,-0.99999999999998,SL,False
S2-09,shock_reversion,GBPUSD,2019-12-13 15:00:00+00:00,2019-12-13 15:15:00+00:00,2019-12-13 15:15:00+00:00,1,0.9999999999999702,TP,False
S2-09,shock_reversion,GBPUSD,2019-12-16 02:00:00+00:00,2019-12-16 02:15:00+00:00,2019-12-16 02:15:00+00:00,-1,-1.0000000000001166,SL,False
S2-09,shock_reversion,GBPUSD,2019-12-16 06:45:00+00:00,2019-12-16 07:00:00+00:00,2019-12-16 07:00:00+00:00,-1,1.0000000000000977,TP,False
S2-09,shock_reversion,GBPUSD,2019-12-16 07:30:00+00:00,2019-12-16 07:45:00+00:00,2019-12-16 07:45:00+00:00,1,-0.9999999999999624,SL,False
S2-09,shock_reversion,GBPUSD,2019-12-16 22:45:00+00:00,2019-12-16 23:00:00+00:00,2019-12-16 23:00:00+00:00,1,-1.0000000000000664,SL,False
S2-09,shock_reversion,GBPUSD,2019-12-16 23:30:00+00:00,2019-12-16 23:45:00+00:00,2019-12-16 23:45:00+00:00,1,1.0,TP,False
S2-09,shock_reversion,GBPUSD,2019-12-17 08:15:00+00:00,2019-12-17 08:30:00+00:00,2019-12-17 08:30:00+00:00,1,-0.9999999999999617,SL,False
S2-09,shock_reversion,GBPUSD,2019-12-17 13:00:00+00:00,2019-12-17 13:15:00+00:00,2019-12-17 13:30:00+00:00,1,-0.9999999999999474,SL,False
S2-09,shock_reversion,GBPUSD,2019-12-18 06:45:00+00:00,2019-12-18 07:00:00+00:00,2019-12-18 07:00:00+00:00,-1,1.0,TP,False
S2-09,shock_reversion,GBPUSD,2019-12-18 07:45:00+00:00,2019-12-18 08:00:00+00:00,2019-12-18 08:00:00+00:00,1,-1.0000000000000229,SL,False
S2-09,shock_reversion,GBPUSD,2019-12-18 22:15:00+00:00,2019-12-18 22:30:00+00:00,2019-12-18 22:30:00+00:00,-1,-1.0000000000001013,SL,False
S2-09,shock_reversion,GBPUSD,2019-12-19 06:45:00+00:00,2019-12-19 07:00:00+00:00,2019-12-19 07:15:00+00:00,-1,-0.9999999999997816,SL,False
S2-09,shock_reversion,GBPUSD,2019-12-19 07:15:00+00:00,2019-12-19 07:30:00+00:00,2019-12-19 07:30:00+00:00,-1,-1.0000000000001756,SL,False
S2-09,shock_reversion,GBPUSD,2019-12-19 11:45:00+00:00,2019-12-19 12:00:00+00:00,2019-12-19 12:00:00+00:00,1,1.0,TP,False
S2-09,shock_reversion,GBPUSD,2019-12-19 12:00:00+00:00,2019-12-19 12:15:00+00:00,2019-12-19 12:45:00+00:00,-1,1.0000000000000335,TP,False
S2-09,shock_reversion,GBPUSD,2019-12-20 21:00:00+00:00,2019-12-20 21:15:00+00:00,2019-12-20 21:15:00+00:00,1,0.9570419177250857,FRIDAY,False
S2-09,shock_reversion,GBPUSD,2019-12-23 12:15:00+00:00,2019-12-23 12:30:00+00:00,2019-12-23 12:45:00+00:00,1,-1.0000000000000422,SL,False
S2-09,shock_reversion,GBPUSD,2019-12-24 07:15:00+00:00,2019-12-24 07:30:00+00:00,2019-12-24 07:30:00+00:00,1,-1.0000000000000642,SL,False
S2-09,shock_reversion,GBPUSD,2019-12-24 20:45:00+00:00,2019-12-24 21:00:00+00:00,2019-12-24 21:00:00+00:00,1,-0.9999999999999595,SL,True
S2-09,shock_reversion,GBPUSD,2019-12-24 21:00:00+00:00,2019-12-24 21:15:00+00:00,2019-12-24 21:15:00+00:00,1,-1.0000000000000666,SL,True
S2-09,shock_reversion,GBPUSD,2019-12-24 21:15:00+00:00,2019-12-24 21:30:00+00:00,2019-12-24 21:30:00+00:00,1,0.9999999999999157,TP,False
S2-09,shock_reversion,GBPUSD,2019-12-25 04:00:00+00:00,2019-12-25 04:15:00+00:00,2019-12-25 04:15:00+00:00,1,-0.9999999999999407,SL,False
S2-09,shock_reversion,GBPUSD,2019-12-25 04:15:00+00:00,2019-12-25 04:30:00+00:00,2019-12-25 04:30:00+00:00,-1,-1.0,SL,False
S2-09,shock_reversion,GBPUSD,2019-12-26 01:15:00+00:00,2019-12-26 01:30:00+00:00,2019-12-26 02:15:00+00:00,-1,0.9999999999999087,TP,False
S2-09,shock_reversion,GBPUSD,2019-12-26 08:00:00+00:00,2019-12-26 08:15:00+00:00,2019-12-26 08:15:00+00:00,1,-0.9999999999997287,SL,False
S2-09,shock_reversion,GBPUSD,2019-12-26 13:15:00+00:00,2019-12-26 13:30:00+00:00,2019-12-26 13:30:00+00:00,-1,1.0000000000001237,TP,False
S2-09,shock_reversion,GBPUSD,2019-12-27 01:45:00+00:00,2019-12-27 02:00:00+00:00,2019-12-27 02:00:00+00:00,1,1.0000000000001397,TP,False
S2-09,shock_reversion,GBPUSD,2019-12-27 07:45:00+00:00,2019-12-27 08:00:00+00:00,2019-12-27 08:00:00+00:00,-1,-1.0,SL,True
S2-09,shock_reversion,GBPUSD,2019-12-27 08:45:00+00:00,2019-12-27 09:00:00+00:00,2019-12-27 11:45:00+00:00,-1,-0.9999999999999482,SL,False
S2-09,shock_reversion,GBPUSD,2019-12-29 22:15:00+00:00,2019-12-29 22:30:00+00:00,2019-12-29 22:30:00+00:00,1,-1.0000000000000355,SL,False
S2-09,shock_reversion,GBPUSD,2019-12-30 06:15:00+00:00,2019-12-30 06:30:00+00:00,2019-12-30 07:15:00+00:00,1,1.0,TP,False
S2-09,shock_reversion,GBPUSD,2019-12-31 07:15:00+00:00,2019-12-31 07:30:00+00:00,2019-12-31 07:30:00+00:00,1,-1.0000000000000837,SL,True
S2-09,shock_reversion,GBPUSD,2019-12-31 07:30:00+00:00,2019-12-31 07:45:00+00:00,2019-12-31 07:45:00+00:00,-1,-0.9999999999998684,SL,False
S2-09,shock_reversion,GBPUSD,2019-12-31 07:45:00+00:00,2019-12-31 08:00:00+00:00,2019-12-31 08:00:00+00:00,-1,1.000000000000109,TP,False
S2-09,shock_reversion,GBPUSD,2019-12-31 16:30:00+00:00,2019-12-31 16:45:00+00:00,2019-12-31 17:00:00+00:00,-1,1.0000000000000377,TP,False
S2-09,shock_reversion,GBPUSD,2020-01-02 03:15:00+00:00,2020-01-02 03:30:00+00:00,2020-01-02 03:30:00+00:00,1,-0.9999999999999614,SL,False
S2-09,shock_reversion,GBPUSD,2020-01-03 02:45:00+00:00,2020-01-03 03:00:00+00:00,2020-01-03 03:45:00+00:00,1,0.9999999999999565,TP,False
S2-09,shock_reversion,GBPUSD,2020-01-05 22:00:00+00:00,2020-01-05 22:15:00+00:00,2020-01-05 22:15:00+00:00,1,-0.9999999999998855,SL,False
S2-09,shock_reversion,GBPUSD,2020-01-06 07:15:00+00:00,2020-01-06 07:30:00+00:00,2020-01-06 07:30:00+00:00,-1,1.000000000000106,TP,False
S2-09,shock_reversion,GBPUSD,2020-01-07 05:45:00+00:00,2020-01-07 06:00:00+00:00,2020-01-07 06:00:00+00:00,1,-0.999999999999818,SL,True
S2-09,shock_reversion,GBPUSD,2020-01-07 08:15:00+00:00,2020-01-07 08:30:00+00:00,2020-01-07 08:30:00+00:00,-1,-1.0,SL,False
S2-09,shock_reversion,GBPUSD,2020-01-08 07:00:00+00:00,2020-01-08 07:15:00+00:00,2020-01-08 07:30:00+00:00,-1,-1.0,SL,False
S2-09,shock_reversion,GBPUSD,2020-01-08 07:30:00+00:00,2020-01-08 07:45:00+00:00,2020-01-08 07:45:00+00:00,-1,-0.999999999999924,SL,False
S2-09,shock_reversion,GBPUSD,2020-01-08 09:45:00+00:00,2020-01-08 10:00:00+00:00,2020-01-08 10:00:00+00:00,1,-1.000000000000063,SL,False
S2-09,shock_reversion,GBPUSD,2020-01-09 05:45:00+00:00,2020-01-09 06:00:00+00:00,2020-01-09 06:00:00+00:00,-1,-1.0,SL,False
S2-09,shock_reversion,GBPUSD,2020-01-09 08:00:00+00:00,2020-01-09 08:15:00+00:00,2020-01-09 08:45:00+00:00,1,-1.0000000000000788,SL,False
S2-09,shock_reversion,GBPUSD,2020-01-09 09:30:00+00:00,2020-01-09 09:45:00+00:00,2020-01-09 09:45:00+00:00,1,-1.0000000000000215,SL,False
S2-09,shock_reversion,GBPUSD,2020-01-10 07:30:00+00:00,2020-01-10 07:45:00+00:00,2020-01-10 08:00:00+00:00,1,1.0,TP,False
S2-09,shock_reversion,GBPUSD,2020-01-10 08:30:00+00:00,2020-01-10 08:45:00+00:00,2020-01-10 08:45:00+00:00,1,1.0000000000001044,TP,False
S2-09,shock_reversion,GBPUSD,2020-01-14 07:00:00+00:00,2020-01-14 07:15:00+00:00,2020-01-14 07:30:00+00:00,1,-1.0,SL,False
S2-09,shock_reversion,GBPUSD,2020-01-14 08:00:00+00:00,2020-01-14 08:15:00+00:00,2020-01-14 08:15:00+00:00,1,1.000000000000083,TP,False
S2-09,shock_reversion,GBPUSD,2020-01-15 00:30:00+00:00,2020-01-15 00:45:00+00:00,2020-01-15 01:45:00+00:00,1,1.0,TP,False
S2-09,shock_reversion,GBPUSD,2020-01-15 06:15:00+00:00,2020-01-15 06:30:00+00:00,2020-01-15 06:30:00+00:00,-1,1.0000000000001041,TP,False
S2-09,shock_reversion,GBPUSD,2020-01-15 09:30:00+00:00,2020-01-15 09:45:00+00:00,2020-01-15 10:45:00+00:00,1,1.0,TP,False
S2-09,shock_reversion,GBPUSD,2020-01-15 22:00:00+00:00,2020-01-15 22:15:00+00:00,2020-01-15 22:15:00+00:00,-1,-0.9999999999999313,SL,False
S2-09,shock_reversion,GBPUSD,2020-01-16 06:15:00+00:00,2020-01-16 06:30:00+00:00,2020-01-16 07:00:00+00:00,1,1.000000000000228,TP,False
S2-09,shock_reversion,GBPUSD,2020-01-16 07:00:00+00:00,2020-01-16 07:15:00+00:00,2020-01-16 07:15:00+00:00,1,-1.0,SL,True
S2-09,shock_reversion,GBPUSD,2020-01-16 08:15:00+00:00,2020-01-16 08:30:00+00:00,2020-01-16 08:30:00+00:00,-1,-0.9999999999999216,SL,False
S2-09,shock_reversion,GBPUSD,2020-01-17 06:30:00+00:00,2020-01-17 06:45:00+00:00,2020-01-17 06:45:00+00:00,-1,-1.0000000000000866,SL,False
S2-09,shock_reversion,GBPUSD,2020-01-17 08:30:00+00:00,2020-01-17 08:45:00+00:00,2020-01-17 09:00:00+00:00,-1,1.000000000000081,TP,False
S2-09,shock_reversion,GBPUSD,2020-01-17 09:30:00+00:00,2020-01-17 09:45:00+00:00,2020-01-17 11:00:00+00:00,1,-1.0,SL,False
S2-09,shock_reversion,GBPUSD,2020-01-20 07:15:00+00:00,2020-01-20 07:30:00+00:00,2020-01-20 07:30:00+00:00,1,-1.000000000000063,SL,False
S2-09,shock_reversion,GBPUSD,2020-01-21 08:00:00+00:00,2020-01-21 08:15:00+00:00,2020-01-21 08:15:00+00:00,1,1.0000000000001554,TP,False
S2-09,shock_reversion,GBPUSD,2020-01-21 09:30:00+00:00,2020-01-21 09:45:00+00:00,2020-01-21 10:15:00+00:00,-1,-1.0000000000000957,SL,False
S2-09,shock_reversion,GBPUSD,2020-01-23 06:45:00+00:00,2020-01-23 07:00:00+00:00,2020-01-23 07:00:00+00:00,-1,-1.0,SL,True
S2-09,shock_reversion,GBPUSD,2020-01-24 07:15:00+00:00,2020-01-24 07:30:00+00:00,2020-01-24 07:45:00+00:00,1,0.9999999999998711,TP,False
S2-09,shock_reversion,GBPUSD,2020-01-24 08:30:00+00:00,2020-01-24 08:45:00+00:00,2020-01-24 08:45:00+00:00,-1,-0.9999999999998676,SL,False
S2-09,shock_reversion,GBPUSD,2020-01-24 09:45:00+00:00,2020-01-24 10:00:00+00:00,2020-01-24 13:45:00+00:00,1,0.31057157823537485,TIME,False
S2-09,shock_reversion,GBPUSD,2020-01-26 22:00:00+00:00,2020-01-26 22:15:00+00:00,2020-01-26 22:15:00+00:00,1,-1.0000000000000604,SL,False
S2-09,shock_reversion,GBPUSD,2020-01-27 07:45:00+00:00,2020-01-27 08:00:00+00:00,2020-01-27 08:00:00+00:00,-1,-1.0000000000000524,SL,True
S2-09,shock_reversion,GBPUSD,2020-01-27 22:45:00+00:00,2020-01-27 23:00:00+00:00,2020-01-27 23:00:00+00:00,-1,-1.00000000000013,SL,False
S2-09,shock_reversion,GBPUSD,2020-01-28 06:30:00+00:00,2020-01-28 06:45:00+00:00,2020-01-28 06:45:00+00:00,1,0.9999999999997552,TP,False
S2-09,shock_reversion,GBPUSD,2020-01-29 07:00:00+00:00,2020-01-29 07:15:00+00:00,2020-01-29 07:15:00+00:00,1,-0.9999999999998078,SL,False
S2-09,shock_reversion,GBPUSD,2020-01-29 22:00:00+00:00,2020-01-29 22:15:00+00:00,2020-01-29 22:15:00+00:00,1,-1.0000000000001403,SL,False
S2-09,shock_reversion,GBPUSD,2020-01-30 07:00:00+00:00,2020-01-30 07:15:00+00:00,2020-01-30 07:15:00+00:00,1,1.0,TP,False
S2-09,shock_reversion,GBPUSD,2020-01-30 08:00:00+00:00,2020-01-30 08:15:00+00:00,2020-01-30 08:15:00+00:00,1,-1.000000000000113,SL,False
S2-09,shock_reversion,GBPUSD,2020-01-30 11:45:00+00:00,2020-01-30 12:00:00+00:00,2020-01-30 12:00:00+00:00,-1,-0.9999999999999528,SL,False
S2-09,shock_reversion,GBPUSD,2020-01-31 07:00:00+00:00,2020-01-31 07:15:00+00:00,2020-01-31 07:15:00+00:00,-1,-0.99999999999992,SL,False
S2-09,shock_reversion,GBPUSD,2020-01-31 15:45:00+00:00,2020-01-31 16:00:00+00:00,2020-01-31 16:00:00+00:00,-1,0.20528185524569448,FRIDAY,False
S2-09,shock_reversion,GBPUSD,2020-02-04 07:15:00+00:00,2020-02-04 07:30:00+00:00,2020-02-04 07:30:00+00:00,1,-1.0000000000000682,SL,False
S2-09,shock_reversion,GBPUSD,2020-02-05 07:00:00+00:00,2020-02-05 07:15:00+00:00,2020-02-05 07:30:00+00:00,1,-0.9999999999997276,SL,False
S2-09,shock_reversion,GBPUSD,2020-02-05 07:45:00+00:00,2020-02-05 08:00:00+00:00,2020-02-05 08:00:00+00:00,-1,-0.9999999999999414,SL,False
S2-09,shock_reversion,GBPUSD,2020-02-05 09:30:00+00:00,2020-02-05 09:45:00+00:00,2020-02-05 09:45:00+00:00,-1,-1.000000000000088,SL,False
S2-09,shock_reversion,GBPUSD,2020-02-05 13:45:00+00:00,2020-02-05 14:00:00+00:00,2020-02-05 14:00:00+00:00,1,-1.000000000000071,SL,False
S2-09,shock_reversion,GBPUSD,2020-02-10 07:00:00+00:00,2020-02-10 07:15:00+00:00,2020-02-10 07:30:00+00:00,1,-1.0000000000001323,SL,False
S2-09,shock_reversion,GBPUSD,2020-02-11 07:00:00+00:00,2020-02-11 07:15:00+00:00,2020-02-11 07:15:00+00:00,1,1.000000000000078,TP,False
S2-09,shock_reversion,GBPUSD,2020-02-11 08:00:00+00:00,2020-02-11 08:15:00+00:00,2020-02-11 08:15:00+00:00,1,0.9999999999999485,TP,False
S2-09,shock_reversion,GBPUSD,2020-02-12 07:30:00+00:00,2020-02-12 07:45:00+00:00,2020-02-12 07:45:00+00:00,-1,-1.0,SL,False
S2-09,shock_reversion,GBPUSD,2020-02-13 07:45:00+00:00,2020-02-13 08:00:00+00:00,2020-02-13 08:30:00+00:00,-1,1.00000000000005,TP,False
S2-09,shock_reversion,GBPUSD,2020-02-13 12:00:00+00:00,2020-02-13 12:15:00+00:00,2020-02-13 12:15:00+00:00,-1,-1.0,SL,False
S2-09,shock_reversion,GBPUSD,2020-02-14 06:45:00+00:00,2020-02-14 07:00:00+00:00,2020-02-14 07:00:00+00:00,1,0.9999999999999217,TP,False
S2-09,shock_reversion,GBPUSD,2020-02-14 08:45:00+00:00,2020-02-14 09:00:00+00:00,2020-02-14 09:00:00+00:00,1,-0.9999999999999232,SL,False
S2-09,shock_reversion,GBPUSD,2020-02-14 13:15:00+00:00,2020-02-14 13:30:00+00:00,2020-02-14 13:45:00+00:00,1,0.9999999999999692,TP,False
S2-09,shock_reversion,GBPUSD,2020-02-17 05:45:00+00:00,2020-02-17 06:00:00+00:00,2020-02-17 06:00:00+00:00,-1,1.0,TP,False
S2-09,shock_reversion,GBPUSD,2020-02-17 06:00:00+00:00,2020-02-17 06:15:00+00:00,2020-02-17 06:15:00+00:00,1,-0.9999999999996751,SL,False
S2-09,shock_reversion,GBPUSD,2020-02-18 00:15:00+00:00,2020-02-18 00:30:00+00:00,2020-02-18 00:30:00+00:00,1,-0.9999999999997949,SL,False
S2-09,shock_reversion,GBPUSD,2020-02-18 08:00:00+00:00,2020-02-18 08:15:00+00:00,2020-02-18 08:15:00+00:00,1,1.000000000000124,TP,False
S2-09,shock_reversion,GBPUSD,2020-02-18 10:15:00+00:00,2020-02-18 10:30:00+00:00,2020-02-18 11:45:00+00:00,-1,-1.000000000000044,SL,False
S2-09,shock_reversion,GBPUSD,2020-02-19 06:00:00+00:00,2020-02-19 06:15:00+00:00,2020-02-19 06:15:00+00:00,1,-0.9999999999996888,SL,False
S2-09,shock_reversion,GBPUSD,2020-02-19 07:00:00+00:00,2020-02-19 07:15:00+00:00,2020-02-19 07:15:00+00:00,-1,1.000000000000233,TP,False
S2-09,shock_reversion,GBPUSD,2020-02-19 07:45:00+00:00,2020-02-19 08:00:00+00:00,2020-02-19 08:00:00+00:00,-1,1.0,TP,False
S2-09,shock_reversion,GBPUSD,2020-02-19 09:30:00+00:00,2020-02-19 09:45:00+00:00,2020-02-19 10:00:00+00:00,-1,1.0,TP,False
S2-09,shock_reversion,GBPUSD,2020-02-20 07:15:00+00:00,2020-02-20 07:30:00+00:00,2020-02-20 07:30:00+00:00,1,-0.9999999999998068,SL,True
S2-09,shock_reversion,GBPUSD,2020-02-21 07:00:00+00:00,2020-02-21 07:15:00+00:00,2020-02-21 07:15:00+00:00,1,1.0000000000001679,TP,False
S2-09,shock_reversion,GBPUSD,2020-02-21 11:15:00+00:00,2020-02-21 11:30:00+00:00,2020-02-21 11:30:00+00:00,-1,-0.9999999999999696,SL,False
S2-09,shock_reversion,GBPUSD,2020-02-21 11:45:00+00:00,2020-02-21 12:00:00+00:00,2020-02-21 12:00:00+00:00,-1,1.0000000000000262,TP,False
S2-09,shock_reversion,GBPUSD,2020-02-24 07:00:00+00:00,2020-02-24 07:15:00+00:00,2020-02-24 07:15:00+00:00,-1,-1.0000000000000688,SL,False
S2-09,shock_reversion,GBPUSD,2020-02-24 08:00:00+00:00,2020-02-24 08:15:00+00:00,2020-02-24 08:15:00+00:00,1,-1.00000000000014,SL,False
S2-09,shock_reversion,GBPUSD,2020-02-25 01:15:00+00:00,2020-02-25 01:30:00+00:00,2020-02-25 05:15:00+00:00,-1,0.1168931362301528,TIME,False
S2-09,shock_reversion,GBPUSD,2020-02-25 07:30:00+00:00,2020-02-25 07:45:00+00:00,2020-02-25 07:45:00+00:00,-1,-1.0,SL,False
S2-09,shock_reversion,GBPUSD,2020-02-25 08:45:00+00:00,2020-02-25 09:00:00+00:00,2020-02-25 09:30:00+00:00,-1,-1.0000000000000877,SL,False
S2-09,shock_reversion,GBPUSD,2020-02-27 08:15:00+00:00,2020-02-27 08:30:00+00:00,2020-02-27 09:00:00+00:00,-1,1.0000000000000677,TP,False
S2-09,shock_reversion,GBPUSD,2020-02-28 15:45:00+00:00,2020-02-28 16:00:00+00:00,2020-02-28 16:00:00+00:00,1,0.5994857202280226,FRIDAY,False
S2-09,shock_reversion,GBPUSD,2020-02-28 19:30:00+00:00,2020-02-28 19:45:00+00:00,2020-02-28 19:45:00+00:00,-1,0.3924723445935595,FRIDAY,False
S2-09,shock_reversion,GBPUSD,2020-03-01 22:00:00+00:00,2020-03-01 22:15:00+00:00,2020-03-01 22:15:00+00:00,-1,-1.0000000000000178,SL,False
S2-09,shock_reversion,GBPUSD,2020-03-02 08:00:00+00:00,2020-03-02 08:15:00+00:00,2020-03-02 08:15:00+00:00,1,0.9999999999999287,TP,False
S2-09,shock_reversion,GBPUSD,2020-03-03 07:00:00+00:00,2020-03-03 07:15:00+00:00,2020-03-03 07:30:00+00:00,1,1.0000000000000928,TP,False
S2-09,shock_reversion,GBPUSD,2020-03-03 15:00:00+00:00,2020-03-03 15:15:00+00:00,2020-03-03 15:15:00+00:00,-1,1.0000000000000215,TP,False
S2-09,shock_reversion,GBPUSD,2020-03-03 23:00:00+00:00,2020-03-03 23:15:00+00:00,2020-03-03 23:45:00+00:00,-1,0.9999999999999533,TP,False
S2-09,shock_reversion,GBPUSD,2020-03-04 07:30:00+00:00,2020-03-04 07:45:00+00:00,2020-03-04 07:45:00+00:00,1,0.9999999999999514,TP,False
S2-09,shock_reversion,GBPUSD,2020-03-08 21:00:00+00:00,2020-03-08 21:15:00+00:00,2020-03-08 21:45:00+00:00,-1,-1.0000000000000862,SL,False
S2-09,shock_reversion,GBPUSD,2020-03-09 01:45:00+00:00,2020-03-09 02:00:00+00:00,2020-03-09 02:00:00+00:00,1,-0.9999999999999454,SL,True
S2-09,shock_reversion,GBPUSD,2020-03-09 07:00:00+00:00,2020-03-09 07:15:00+00:00,2020-03-09 07:15:00+00:00,-1,-0.9999999999999646,SL,False
S2-09,shock_reversion,GBPUSD,2020-03-09 07:15:00+00:00,2020-03-09 07:30:00+00:00,2020-03-09 08:00:00+00:00,-1,1.0000000000000462,TP,False
S2-09,shock_reversion,GBPUSD,2020-03-10 05:45:00+00:00,2020-03-10 06:00:00+00:00,2020-03-10 06:00:00+00:00,1,0.9999999999999679,TP,False
S2-09,shock_reversion,GBPUSD,2020-03-10 15:45:00+00:00,2020-03-10 16:00:00+00:00,2020-03-10 16:15:00+00:00,1,-1.0000000000000169,SL,False
S2-09,shock_reversion,GBPUSD,2020-03-11 07:00:00+00:00,2020-03-11 07:15:00+00:00,2020-03-11 07:15:00+00:00,1,0.9999999999999312,TP,False
S2-09,shock_reversion,GBPUSD,2020-03-12 01:00:00+00:00,2020-03-12 01:15:00+00:00,2020-03-12 01:15:00+00:00,-1,-0.9999999999998744,SL,False
S2-09,shock_reversion,GBPUSD,2020-03-12 06:45:00+00:00,2020-03-12 07:00:00+00:00,2020-03-12 07:00:00+00:00,1,1.0000000000000686,TP,False
S2-09,shock_reversion,GBPUSD,2020-03-12 12:15:00+00:00,2020-03-12 12:30:00+00:00,2020-03-12 12:30:00+00:00,1,-0.9999999999999705,SL,False
S2-09,shock_reversion,GBPUSD,2020-03-13 15:45:00+00:00,2020-03-13 16:00:00+00:00,2020-03-13 16:00:00+00:00,1,-0.5688493548813246,FRIDAY,False
S2-09,shock_reversion,GBPUSD,2020-03-13 20:45:00+00:00,2020-03-15 21:00:00+00:00,2020-03-15 21:00:00+00:00,1,0.9999999999999907,TP,False
S2-09,shock_reversion,GBPUSD,2020-03-16 06:45:00+00:00,2020-03-16 07:00:00+00:00,2020-03-16 07:00:00+00:00,1,0.9999999999999802,TP,False
S2-09,shock_reversion,GBPUSD,2020-03-16 07:45:00+00:00,2020-03-16 08:00:00+00:00,2020-03-16 08:00:00+00:00,1,1.0000000000000133,TP,False
S2-09,shock_reversion,GBPUSD,2020-03-18 06:00:00+00:00,2020-03-18 06:15:00+00:00,2020-03-18 06:45:00+00:00,1,-1.000000000000041,SL,False
S2-09,shock_reversion,GBPUSD,2020-03-18 07:30:00+00:00,2020-03-18 07:45:00+00:00,2020-03-18 07:45:00+00:00,1,-1.0000000000000842,SL,False
S2-09,shock_reversion,GBPUSD,2020-03-18 07:45:00+00:00,2020-03-18 08:00:00+00:00,2020-03-18 08:15:00+00:00,1,1.0000000000000226,TP,False
S2-09,shock_reversion,GBPUSD,2020-03-18 16:45:00+00:00,2020-03-18 17:00:00+00:00,2020-03-18 17:15:00+00:00,1,-0.9999999999999887,SL,False
S2-09,shock_reversion,GBPUSD,2020-03-19 06:15:00+00:00,2020-03-19 06:30:00+00:00,2020-03-19 06:30:00+00:00,-1,-0.999999999999985,SL,False
S2-09,shock_reversion,GBPUSD,2020-03-20 06:30:00+00:00,2020-03-20 06:45:00+00:00,2020-03-20 06:45:00+00:00,-1,1.0000000000000109,TP,False
S2-09,shock_reversion,GBPUSD,2020-03-23 05:15:00+00:00,2020-03-23 05:30:00+00:00,2020-03-23 06:15:00+00:00,-1,-0.9999999999999363,SL,False
S2-09,shock_reversion,GBPUSD,2020-03-23 07:30:00+00:00,2020-03-23 07:45:00+00:00,2020-03-23 07:45:00+00:00,1,1.0,TP,False
S2-09,shock_reversion,GBPUSD,2020-03-23 12:00:00+00:00,2020-03-23 12:15:00+00:00,2020-03-23 12:15:00+00:00,-1,-0.9999999999999728,SL,False
S2-09,shock_reversion,GBPUSD,2020-03-26 07:00:00+00:00,2020-03-26 07:15:00+00:00,2020-03-26 07:15:00+00:00,-1,0.9999999999999842,TP,False
S2-09,shock_reversion,GBPUSD,2020-03-26 07:45:00+00:00,2020-03-26 08:00:00+00:00,2020-03-26 08:00:00+00:00,-1,-1.000000000000024,SL,False
S2-09,shock_reversion,GBPUSD,2020-03-31 00:45:00+00:00,2020-03-31 01:00:00+00:00,2020-03-31 04:45:00+00:00,1,0.18022932592077834,TIME,False
S2-09,shock_reversion,GBPUSD,2020-04-02 00:45:00+00:00,2020-04-02 01:00:00+00:00,2020-04-02 01:00:00+00:00,-1,-0.9999999999999112,SL,False
S2-09,shock_reversion,GBPUSD,2020-04-03 07:00:00+00:00,2020-04-03 07:15:00+00:00,2020-04-03 07:15:00+00:00,1,-1.0,SL,False
S2-09,shock_reversion,GBPUSD,2020-04-05 21:00:00+00:00,2020-04-05 21:15:00+00:00,2020-04-05 21:15:00+00:00,1,-0.9999999999999656,SL,False
S2-09,shock_reversion,GBPUSD,2020-04-06 19:00:00+00:00,2020-04-06 19:15:00+00:00,2020-04-06 19:15:00+00:00,1,-0.9999999999999803,SL,False
S2-09,shock_reversion,GBPUSD,2020-04-06 22:15:00+00:00,2020-04-06 22:30:00+00:00,2020-04-06 23:15:00+00:00,1,0.999999999999955,TP,False
S2-09,shock_reversion,GBPUSD,2020-04-08 06:00:00+00:00,2020-04-08 06:15:00+00:00,2020-04-08 06:15:00+00:00,1,-0.9999999999999398,SL,False
S2-09,shock_reversion,GBPUSD,2020-04-09 07:00:00+00:00,2020-04-09 07:15:00+00:00,2020-04-09 07:30:00+00:00,-1,1.000000000000084,TP,False
S2-09,shock_reversion,GBPUSD,2020-04-10 06:15:00+00:00,2020-04-10 06:30:00+00:00,2020-04-10 06:30:00+00:00,-1,-1.0000000000001834,SL,False
S2-09,shock_reversion,GBPUSD,2020-04-10 07:15:00+00:00,2020-04-10 07:30:00+00:00,2020-04-10 07:30:00+00:00,-1,-0.999999999999849,SL,False
S2-09,shock_reversion,GBPUSD,2020-04-10 20:45:00+00:00,2020-04-12 21:00:00+00:00,2020-04-12 21:00:00+00:00,1,-0.9999999999999185,SL,False
S2-09,shock_reversion,GBPUSD,2020-04-13 06:15:00+00:00,2020-04-13 06:30:00+00:00,2020-04-13 06:30:00+00:00,-1,-0.9999999999999141,SL,True
S2-09,shock_reversion,GBPUSD,2020-04-13 06:30:00+00:00,2020-04-13 06:45:00+00:00,2020-04-13 06:45:00+00:00,-1,-1.000000000000035,SL,False
S2-09,shock_reversion,GBPUSD,2020-04-14 00:45:00+00:00,2020-04-14 01:00:00+00:00,2020-04-14 01:30:00+00:00,-1,-1.0,SL,False
S2-09,shock_reversion,GBPUSD,2020-04-14 06:00:00+00:00,2020-04-14 06:15:00+00:00,2020-04-14 06:45:00+00:00,1,0.9999999999999235,TP,False
S2-09,shock_reversion,GBPUSD,2020-04-15 01:00:00+00:00,2020-04-15 01:15:00+00:00,2020-04-15 01:15:00+00:00,1,-0.9999999999998682,SL,False
S2-09,shock_reversion,GBPUSD,2020-04-15 05:45:00+00:00,2020-04-15 06:00:00+00:00,2020-04-15 06:00:00+00:00,1,-0.9999999999999303,SL,False
S2-09,shock_reversion,GBPUSD,2020-04-15 07:00:00+00:00,2020-04-15 07:15:00+00:00,2020-04-15 07:15:00+00:00,1,-0.9999999999999583,SL,False
S2-09,shock_reversion,GBPUSD,2020-04-15 07:15:00+00:00,2020-04-15 07:30:00+00:00,2020-04-15 07:30:00+00:00,1,-1.000000000000035,SL,False
S2-09,shock_reversion,GBPUSD,2020-04-16 00:30:00+00:00,2020-04-16 00:45:00+00:00,2020-04-16 01:00:00+00:00,1,-1.0000000000000464,SL,False
S2-09,shock_reversion,GBPUSD,2020-04-16 21:30:00+00:00,2020-04-16 21:45:00+00:00,2020-04-16 21:45:00+00:00,-1,-1.0000000000000748,SL,False
S2-09,shock_reversion,GBPUSD,2020-04-17 06:00:00+00:00,2020-04-17 06:15:00+00:00,2020-04-17 06:15:00+00:00,1,-0.9999999999998803,SL,False
S2-09,shock_reversion,GBPUSD,2020-04-17 07:00:00+00:00,2020-04-17 07:15:00+00:00,2020-04-17 07:15:00+00:00,1,-1.0,SL,False
S2-09,shock_reversion,GBPUSD,2020-04-20 05:30:00+00:00,2020-04-20 05:45:00+00:00,2020-04-20 06:00:00+00:00,1,-1.0000000000000469,SL,False
S2-09,shock_reversion,GBPUSD,2020-04-21 01:45:00+00:00,2020-04-21 02:00:00+00:00,2020-04-21 02:00:00+00:00,1,-1.000000000000103,SL,False
S2-09,shock_reversion,GBPUSD,2020-04-21 14:30:00+00:00,2020-04-21 14:45:00+00:00,2020-04-21 15:15:00+00:00,1,1.0000000000000326,TP,False
S2-09,shock_reversion,GBPUSD,2020-04-22 06:00:00+00:00,2020-04-22 06:15:00+00:00,2020-04-22 06:15:00+00:00,-1,-0.9999999999999235,SL,False
S2-09,shock_reversion,GBPUSD,2020-04-23 05:00:00+00:00,2020-04-23 05:15:00+00:00,2020-04-23 06:00:00+00:00,-1,-0.999999999999964,SL,True
S2-09,shock_reversion,GBPUSD,2020-04-27 00:45:00+00:00,2020-04-27 01:00:00+00:00,2020-04-27 01:00:00+00:00,-1,1.0000000000002067,TP,False
S2-09,shock_reversion,GBPUSD,2020-04-27 01:30:00+00:00,2020-04-27 01:45:00+00:00,2020-04-27 01:45:00+00:00,-1,-0.9999999999999583,SL,False
S2-09,shock_reversion,GBPUSD,2020-04-27 04:30:00+00:00,2020-04-27 04:45:00+00:00,2020-04-27 05:15:00+00:00,-1,-0.9999999999999712,SL,False
S2-09,shock_reversion,GBPUSD,2020-04-28 01:30:00+00:00,2020-04-28 01:45:00+00:00,2020-04-28 01:45:00+00:00,1,-0.9999999999998206,SL,False
S2-09,shock_reversion,GBPUSD,2020-04-28 06:15:00+00:00,2020-04-28 06:30:00+00:00,2020-04-28 07:00:00+00:00,1,1.0000000000000973,TP,False
S2-09,shock_reversion,GBPUSD,2020-04-28 07:00:00+00:00,2020-04-28 07:15:00+00:00,2020-04-28 07:15:00+00:00,-1,-1.0000000000001106,SL,False
S2-09,shock_reversion,GBPUSD,2020-04-29 00:00:00+00:00,2020-04-29 00:15:00+00:00,2020-04-29 00:30:00+00:00,-1,-1.0000000000002285,SL,False
S2-09,shock_reversion,GBPUSD,2020-04-29 00:30:00+00:00,2020-04-29 00:45:00+00:00,2020-04-29 00:45:00+00:00,-1,-1.0,SL,False
S2-09,shock_reversion,GBPUSD,2020-04-29 21:30:00+00:00,2020-04-29 21:45:00+00:00,2020-04-29 21:45:00+00:00,-1,0.9999999999999131,TP,False
S2-09,shock_reversion,GBPUSD,2020-04-30 14:45:00+00:00,2020-04-30 15:00:00+00:00,2020-04-30 15:00:00+00:00,-1,-0.9999999999999722,SL,False
S2-09,shock_reversion,GBPUSD,2020-05-05 08:00:00+00:00,2020-05-05 08:15:00+00:00,2020-05-05 08:30:00+00:00,-1,1.000000000000028,TP,False
S2-09,shock_reversion,GBPUSD,2020-05-05 08:30:00+00:00,2020-05-05 08:45:00+00:00,2020-05-05 10:00:00+00:00,1,0.9999999999999785,TP,False
S2-09,shock_reversion,GBPUSD,2020-05-06 08:15:00+00:00,2020-05-06 08:30:00+00:00,2020-05-06 08:30:00+00:00,1,-0.99999999999992,SL,False
S2-09,shock_reversion,GBPUSD,2020-05-07 06:00:00+00:00,2020-05-07 06:15:00+00:00,2020-05-07 06:15:00+00:00,-1,0.9999999999999643,TP,False
S2-09,shock_reversion,GBPUSD,2020-05-08 12:30:00+00:00,2020-05-08 12:45:00+00:00,2020-05-08 13:15:00+00:00,1,-1.0000000000000808,SL,False
S2-09,shock_reversion,GBPUSD,2020-05-08 14:15:00+00:00,2020-05-08 14:30:00+00:00,2020-05-08 14:30:00+00:00,-1,-1.0,SL,False
S2-09,shock_reversion,GBPUSD,2020-05-11 07:00:00+00:00,2020-05-11 07:15:00+00:00,2020-05-11 07:30:00+00:00,1,-0.9999999999998966,SL,False
S2-09,shock_reversion,GBPUSD,2020-05-12 00:00:00+00:00,2020-05-12 00:15:00+00:00,2020-05-12 00:15:00+00:00,1,-0.9999999999999493,SL,False
S2-09,shock_reversion,GBPUSD,2020-05-12 00:15:00+00:00,2020-05-12 00:30:00+00:00,2020-05-12 00:30:00+00:00,1,-0.9999999999998737,SL,True
S2-09,shock_reversion,GBPUSD,2020-05-13 06:00:00+00:00,2020-05-13 06:15:00+00:00,2020-05-13 06:30:00+00:00,-1,-1.0000000000001101,SL,False
S2-09,shock_reversion,GBPUSD,2020-05-14 01:30:00+00:00,2020-05-14 01:45:00+00:00,2020-05-14 01:45:00+00:00,1,-0.999999999999958,SL,False
S2-09,shock_reversion,GBPUSD,2020-05-14 05:45:00+00:00,2020-05-14 06:00:00+00:00,2020-05-14 06:00:00+00:00,1,-1.0,SL,False
S2-09,shock_reversion,GBPUSD,2020-05-17 21:00:00+00:00,2020-05-17 21:15:00+00:00,2020-05-17 21:30:00+00:00,1,-0.9999999999999609,SL,False
S2-09,shock_reversion,GBPUSD,2020-05-19 00:00:00+00:00,2020-05-19 00:15:00+00:00,2020-05-19 00:15:00+00:00,-1,-1.0000000000000466,SL,False
S2-09,shock_reversion,GBPUSD,2020-05-19 06:00:00+00:00,2020-05-19 06:15:00+00:00,2020-05-19 06:15:00+00:00,-1,-0.9999999999998981,SL,False
S2-09,shock_reversion,GBPUSD,2020-05-20 06:15:00+00:00,2020-05-20 06:30:00+00:00,2020-05-20 06:30:00+00:00,1,1.0000000000000902,TP,False
S2-09,shock_reversion,GBPUSD,2020-05-21 00:00:00+00:00,2020-05-21 00:15:00+00:00,2020-05-21 00:15:00+00:00,1,-1.0,SL,False
S2-09,shock_reversion,GBPUSD,2020-05-22 02:00:00+00:00,2020-05-22 02:15:00+00:00,2020-05-22 04:00:00+00:00,1,-1.0,SL,False
S2-09,shock_reversion,GBPUSD,2020-05-22 07:00:00+00:00,2020-05-22 07:15:00+00:00,2020-05-22 07:15:00+00:00,1,-1.0000000000001008,SL,False
S2-09,shock_reversion,GBPUSD,2020-05-25 20:45:00+00:00,2020-05-25 21:00:00+00:00,2020-05-25 21:00:00+00:00,1,-1.0000000000000728,SL,False
S2-09,shock_reversion,GBPUSD,2020-05-26 00:30:00+00:00,2020-05-26 00:45:00+00:00,2020-05-26 01:00:00+00:00,-1,-0.9999999999999539,SL,False
S2-09,shock_reversion,GBPUSD,2020-05-26 06:00:00+00:00,2020-05-26 06:15:00+00:00,2020-05-26 06:15:00+00:00,-1,-1.000000000000053,SL,False
S2-09,shock_reversion,GBPUSD,2020-05-26 06:45:00+00:00,2020-05-26 07:00:00+00:00,2020-05-26 07:00:00+00:00,-1,-1.0000000000001215,SL,False
S2-09,shock_reversion,GBPUSD,2020-05-27 09:30:00+00:00,2020-05-27 09:45:00+00:00,2020-05-27 10:00:00+00:00,-1,-1.0000000000000562,SL,False
S2-09,shock_reversion,GBPUSD,2020-05-27 12:00:00+00:00,2020-05-27 12:15:00+00:00,2020-05-27 12:30:00+00:00,1,1.0000000000000286,TP,False
S2-09,shock_reversion,GBPUSD,2020-05-28 06:00:00+00:00,2020-05-28 06:15:00+00:00,2020-05-28 06:15:00+00:00,-1,-1.0,SL,False
S2-09,shock_reversion,GBPUSD,2020-05-28 19:15:00+00:00,2020-05-28 19:30:00+00:00,2020-05-28 19:45:00+00:00,1,-0.9999999999998884,SL,False
S2-09,shock_reversion,GBPUSD,2020-05-29 00:15:00+00:00,2020-05-29 00:30:00+00:00,2020-05-29 00:45:00+00:00,-1,1.000000000000121,TP,False
S2-09,shock_reversion,GBPUSD,2020-05-29 15:00:00+00:00,2020-05-29 15:15:00+00:00,2020-05-29 15:45:00+00:00,1,-0.9999999999999557,SL,False
S2-09,shock_reversion,GBPUSD,2020-06-02 00:00:00+00:00,2020-06-02 00:15:00+00:00,2020-06-02 00:15:00+00:00,-1,-1.0000000000000462,SL,False
S2-09,shock_reversion,GBPUSD,2020-06-02 00:30:00+00:00,2020-06-02 00:45:00+00:00,2020-06-02 00:45:00+00:00,-1,0.9999999999998823,TP,False
S2-09,shock_reversion,GBPUSD,2020-06-02 06:15:00+00:00,2020-06-02 06:30:00+00:00,2020-06-02 06:30:00+00:00,-1,-0.9999999999999237,SL,False
S2-09,shock_reversion,GBPUSD,2020-06-02 06:30:00+00:00,2020-06-02 06:45:00+00:00,2020-06-02 06:45:00+00:00,-1,1.000000000000029,TP,False
S2-09,shock_reversion,GBPUSD,2020-06-02 23:15:00+00:00,2020-06-02 23:30:00+00:00,2020-06-02 23:30:00+00:00,-1,-1.0,SL,False
S2-09,shock_reversion,GBPUSD,2020-06-02 23:30:00+00:00,2020-06-02 23:45:00+00:00,2020-06-03 00:00:00+00:00,-1,0.9999999999998879,TP,False
S2-09,shock_reversion,GBPUSD,2020-06-03 00:15:00+00:00,2020-06-03 00:30:00+00:00,2020-06-03 00:30:00+00:00,-1,-0.9999999999999564,SL,False
S2-09,shock_reversion,GBPUSD,2020-06-03 07:30:00+00:00,2020-06-03 07:45:00+00:00,2020-06-03 07:45:00+00:00,1,0.9999999999999706,TP,False
S2-09,shock_reversion,GBPUSD,2020-06-04 00:00:00+00:00,2020-06-04 00:15:00+00:00,2020-06-04 00:15:00+00:00,1,-1.000000000000165,SL,False
S2-09,shock_reversion,GBPUSD,2020-06-04 00:30:00+00:00,2020-06-04 00:45:00+00:00,2020-06-04 01:00:00+00:00,1,1.0000000000000824,TP,False
S2-09,shock_reversion,GBPUSD,2020-06-04 11:45:00+00:00,2020-06-04 12:00:00+00:00,2020-06-04 12:00:00+00:00,-1,1.0000000000000684,TP,False
S2-09,shock_reversion,GBPUSD,2020-06-05 04:15:00+00:00,2020-06-05 04:30:00+00:00,2020-06-05 04:45:00+00:00,-1,-1.0000000000000808,SL,False
S2-09,shock_reversion,GBPUSD,2020-06-05 05:45:00+00:00,2020-06-05 06:00:00+00:00,2020-06-05 06:00:00+00:00,-1,-1.0000000000000349,SL,False
S2-09,shock_reversion,GBPUSD,2020-06-05 06:00:00+00:00,2020-06-05 06:15:00+00:00,2020-06-05 06:15:00+00:00,-1,-0.9999999999999707,SL,False
S2-09,shock_reversion,GBPUSD,2020-06-07 21:00:00+00:00,2020-06-07 21:15:00+00:00,2020-06-07 21:15:00+00:00,-1,-1.0000000000000335,SL,False
S2-09,shock_reversion,GBPUSD,2020-06-08 06:00:00+00:00,2020-06-08 06:15:00+00:00,2020-06-08 06:30:00+00:00,1,-0.9999999999999559,SL,False
S2-09,shock_reversion,GBPUSD,2020-06-09 00:00:00+00:00,2020-06-09 00:15:00+00:00,2020-06-09 00:15:00+00:00,-1,0.9999999999999417,TP,False
S2-09,shock_reversion,GBPUSD,2020-06-09 07:00:00+00:00,2020-06-09 07:15:00+00:00,2020-06-09 07:15:00+00:00,1,-1.0000000000001001,SL,False
S2-09,shock_reversion,GBPUSD,2020-06-10 05:15:00+00:00,2020-06-10 05:30:00+00:00,2020-06-10 05:30:00+00:00,-1,-1.000000000000088,SL,False
S2-09,shock_reversion,GBPUSD,2020-06-10 18:00:00+00:00,2020-06-10 18:15:00+00:00,2020-06-10 18:15:00+00:00,-1,-0.9999999999999802,SL,False
S2-09,shock_reversion,GBPUSD,2020-06-10 23:45:00+00:00,2020-06-11 00:00:00+00:00,2020-06-11 00:00:00+00:00,1,0.9999999999998919,TP,False
S2-09,shock_reversion,GBPUSD,2020-06-11 03:45:00+00:00,2020-06-11 04:00:00+00:00,2020-06-11 04:15:00+00:00,1,-0.9999999999999478,SL,False
S2-09,shock_reversion,GBPUSD,2020-06-12 07:45:00+00:00,2020-06-12 08:00:00+00:00,2020-06-12 08:45:00+00:00,-1,-1.00000000000004,SL,False
S2-09,shock_reversion,GBPUSD,2020-06-15 05:00:00+00:00,2020-06-15 05:15:00+00:00,2020-06-15 05:15:00+00:00,1,-1.0,SL,False
S2-09,shock_reversion,GBPUSD,2020-06-17 00:15:00+00:00,2020-06-17 00:30:00+00:00,2020-06-17 00:45:00+00:00,1,0.9999999999999648,TP,False
S2-09,shock_reversion,GBPUSD,2020-06-17 06:00:00+00:00,2020-06-17 06:15:00+00:00,2020-06-17 06:30:00+00:00,-1,0.9999999999999308,TP,False
S2-09,shock_reversion,GBPUSD,2020-06-18 11:00:00+00:00,2020-06-18 11:15:00+00:00,2020-06-18 11:15:00+00:00,-1,1.0000000000000353,TP,False
S2-09,shock_reversion,GBPUSD,2020-06-24 00:00:00+00:00,2020-06-24 00:15:00+00:00,2020-06-24 00:15:00+00:00,-1,-0.9999999999998981,SL,False
S2-09,shock_reversion,GBPUSD,2020-06-25 07:00:00+00:00,2020-06-25 07:15:00+00:00,2020-06-25 07:15:00+00:00,1,1.000000000000075,TP,False
S2-09,shock_reversion,GBPUSD,2020-06-25 07:15:00+00:00,2020-06-25 07:30:00+00:00,2020-06-25 07:30:00+00:00,-1,-1.000000000000032,SL,False
S2-09,shock_reversion,GBPUSD,2020-06-25 08:00:00+00:00,2020-06-25 08:15:00+00:00,2020-06-25 08:15:00+00:00,-1,1.000000000000071,TP,False
S2-09,shock_reversion,GBPUSD,2020-06-26 14:30:00+00:00,2020-06-26 14:45:00+00:00,2020-06-26 14:45:00+00:00,1,-0.9999999999999234,SL,False
S2-09,shock_reversion,GBPUSD,2020-06-30 14:00:00+00:00,2020-06-30 14:15:00+00:00,2020-06-30 14:15:00+00:00,-1,1.0000000000000404,TP,False
S2-09,shock_reversion,GBPUSD,2020-07-01 08:00:00+00:00,2020-07-01 08:15:00+00:00,2020-07-01 08:30:00+00:00,-1,1.00000000000003,TP,False
S2-09,shock_reversion,GBPUSD,2020-07-02 01:15:00+00:00,2020-07-02 01:30:00+00:00,2020-07-02 01:45:00+00:00,-1,-1.000000000000119,SL,True
S2-09,shock_reversion,GBPUSD,2020-07-02 06:00:00+00:00,2020-07-02 06:15:00+00:00,2020-07-02 06:30:00+00:00,-1,-1.0000000000001221,SL,False
S2-09,shock_reversion,GBPUSD,2020-07-02 12:45:00+00:00,2020-07-02 13:00:00+00:00,2020-07-02 13:00:00+00:00,1,-1.0000000000000238,SL,False
S2-09,shock_reversion,GBPUSD,2020-07-03 07:30:00+00:00,2020-07-03 07:45:00+00:00,2020-07-03 07:45:00+00:00,1,0.9999999999999268,TP,False
S2-09,shock_reversion,GBPUSD,2020-07-05 21:30:00+00:00,2020-07-05 21:45:00+00:00,2020-07-06 00:00:00+00:00,1,0.9999999999999561,TP,False
S2-09,shock_reversion,GBPUSD,2020-07-07 00:00:00+00:00,2020-07-07 00:15:00+00:00,2020-07-07 00:15:00+00:00,-1,-1.0000000000000682,SL,False
S2-09,shock_reversion,GBPUSD,2020-07-08 06:00:00+00:00,2020-07-08 06:15:00+00:00,2020-07-08 06:15:00+00:00,1,1.0000000000000895,TP,False
S2-09,shock_reversion,GBPUSD,2020-07-09 00:00:00+00:00,2020-07-09 00:15:00+00:00,2020-07-09 00:15:00+00:00,-1,1.0,TP,False
S2-09,shock_reversion,GBPUSD,2020-07-09 14:30:00+00:00,2020-07-09 14:45:00+00:00,2020-07-09 15:00:00+00:00,1,-1.0000000000000422,SL,False
S2-09,shock_reversion,GBPUSD,2020-07-10 00:45:00+00:00,2020-07-10 01:00:00+00:00,2020-07-10 01:15:00+00:00,1,-0.999999999999878,SL,False
S2-09,shock_reversion,GBPUSD,2020-07-12 21:45:00+00:00,2020-07-12 22:00:00+00:00,2020-07-12 22:00:00+00:00,1,-0.9999999999998613,SL,False
S2-09,shock_reversion,GBPUSD,2020-07-13 07:00:00+00:00,2020-07-13 07:15:00+00:00,2020-07-13 07:15:00+00:00,1,-1.0000000000000842,SL,False
S2-09,shock_reversion,GBPUSD,2020-07-16 00:00:00+00:00,2020-07-16 00:15:00+00:00,2020-07-16 00:15:00+00:00,1,-1.0,SL,False
S2-09,shock_reversion,GBPUSD,2020-07-16 01:30:00+00:00,2020-07-16 01:45:00+00:00,2020-07-16 02:15:00+00:00,1,-1.0000000000000537,SL,False
S2-09,shock_reversion,GBPUSD,2020-07-20 00:45:00+00:00,2020-07-20 01:00:00+00:00,2020-07-20 01:00:00+00:00,1,-1.0000000000000937,SL,False
S2-09,shock_reversion,GBPUSD,2020-07-20 01:00:00+00:00,2020-07-20 01:15:00+00:00,2020-07-20 01:45:00+00:00,1,-1.000000000000083,SL,False
S2-09,shock_reversion,GBPUSD,2020-07-21 00:00:00+00:00,2020-07-21 00:15:00+00:00,2020-07-21 00:30:00+00:00,-1,-0.9999999999998115,SL,False
S2-09,shock_reversion,GBPUSD,2020-07-22 07:15:00+00:00,2020-07-22 07:30:00+00:00,2020-07-22 07:30:00+00:00,1,-0.9999999999999389,SL,False
S2-09,shock_reversion,GBPUSD,2020-07-23 07:00:00+00:00,2020-07-23 07:15:00+00:00,2020-07-23 07:15:00+00:00,1,-0.9999999999999308,SL,False
S2-09,shock_reversion,GBPUSD,2020-07-24 00:15:00+00:00,2020-07-24 00:30:00+00:00,2020-07-24 00:45:00+00:00,-1,-0.9999999999998309,SL,False
S2-09,shock_reversion,GBPUSD,2020-07-27 21:00:00+00:00,2020-07-27 21:15:00+00:00,2020-07-27 21:15:00+00:00,-1,-1.0000000000000913,SL,False
S2-09,shock_reversion,GBPUSD,2020-07-29 03:45:00+00:00,2020-07-29 04:00:00+00:00,2020-07-29 04:45:00+00:00,1,-1.000000000000088,SL,False
S2-09,shock_reversion,GBPUSD,2020-07-29 07:30:00+00:00,2020-07-29 07:45:00+00:00,2020-07-29 08:30:00+00:00,-1,1.0000000000000624,TP,False
S2-09,shock_reversion,GBPUSD,2020-07-29 18:45:00+00:00,2020-07-29 19:00:00+00:00,2020-07-29 19:00:00+00:00,1,-0.999999999999977,SL,False
S2-09,shock_reversion,GBPUSD,2020-08-03 00:15:00+00:00,2020-08-03 00:30:00+00:00,2020-08-03 01:00:00+00:00,1,0.9999999999999745,TP,False
S2-09,shock_reversion,GBPUSD,2020-08-03 06:00:00+00:00,2020-08-03 06:15:00+00:00,2020-08-03 06:15:00+00:00,1,-1.000000000000043,SL,False
S2-09,shock_reversion,GBPUSD,2020-08-03 21:00:00+00:00,2020-08-03 21:15:00+00:00,2020-08-03 21:15:00+00:00,1,-1.0000000000001248,SL,False
S2-09,shock_reversion,GBPUSD,2020-08-05 05:45:00+00:00,2020-08-05 06:00:00+00:00,2020-08-05 06:00:00+00:00,1,0.9999999999998662,TP,False
S2-09,shock_reversion,GBPUSD,2020-08-06 06:00:00+00:00,2020-08-06 06:15:00+00:00,2020-08-06 06:15:00+00:00,-1,0.9999999999999095,TP,False
S2-09,shock_reversion,GBPUSD,2020-08-07 12:30:00+00:00,2020-08-07 12:45:00+00:00,2020-08-07 12:45:00+00:00,-1,-1.000000000000026,SL,False
S2-09,shock_reversion,GBPUSD,2020-08-09 21:45:00+00:00,2020-08-09 22:00:00+00:00,2020-08-09 22:00:00+00:00,1,-1.0000000000000804,SL,False
S2-09,shock_reversion,GBPUSD,2020-08-11 06:00:00+00:00,2020-08-11 06:15:00+00:00,2020-08-11 06:15:00+00:00,1,-0.9999999999998674,SL,False
S2-09,shock_reversion,GBPUSD,2020-08-17 06:00:00+00:00,2020-08-17 06:15:00+00:00,2020-08-17 06:15:00+00:00,-1,1.0000000000000684,TP,False
S2-09,shock_reversion,GBPUSD,2020-08-17 06:30:00+00:00,2020-08-17 06:45:00+00:00,2020-08-17 07:00:00+00:00,-1,-0.9999999999998371,SL,False
S2-09,shock_reversion,GBPUSD,2020-08-17 21:15:00+00:00,2020-08-17 21:30:00+00:00,2020-08-17 21:30:00+00:00,1,-1.0000000000001592,SL,False
S2-09,shock_reversion,GBPUSD,2020-08-18 00:45:00+00:00,2020-08-18 01:00:00+00:00,2020-08-18 01:30:00+00:00,-1,0.9999999999998367,TP,False
S2-09,shock_reversion,GBPUSD,2020-08-18 06:30:00+00:00,2020-08-18 06:45:00+00:00,2020-08-18 06:45:00+00:00,-1,-0.9999999999998656,SL,False
S2-09,shock_reversion,GBPUSD,2020-08-18 21:00:00+00:00,2020-08-18 21:15:00+00:00,2020-08-18 21:15:00+00:00,-1,-0.9999999999999525,SL,False
S2-09,shock_reversion,GBPUSD,2020-08-19 06:00:00+00:00,2020-08-19 06:15:00+00:00,2020-08-19 06:15:00+00:00,-1,-1.0,SL,False
S2-09,shock_reversion,GBPUSD,2020-08-19 18:00:00+00:00,2020-08-19 18:15:00+00:00,2020-08-19 22:00:00+00:00,1,0.5554433555135101,TIME,False
S2-09,shock_reversion,GBPUSD,2020-08-20 01:15:00+00:00,2020-08-20 01:30:00+00:00,2020-08-20 01:30:00+00:00,1,0.9999999999998661,TP,False
S2-09,shock_reversion,GBPUSD,2020-08-21 00:00:00+00:00,2020-08-21 00:15:00+00:00,2020-08-21 00:30:00+00:00,-1,-1.0,SL,False
S2-09,shock_reversion,GBPUSD,2020-08-21 06:00:00+00:00,2020-08-21 06:15:00+00:00,2020-08-21 06:15:00+00:00,-1,1.0,TP,False
S2-09,shock_reversion,GBPUSD,2020-08-25 13:00:00+00:00,2020-08-25 13:15:00+00:00,2020-08-25 13:15:00+00:00,-1,1.0000000000000664,TP,False
S2-09,shock_reversion,GBPUSD,2020-08-26 13:30:00+00:00,2020-08-26 13:45:00+00:00,2020-08-26 14:15:00+00:00,-1,-1.0,SL,False
S2-09,shock_reversion,GBPUSD,2020-08-27 13:00:00+00:00,2020-08-27 13:15:00+00:00,2020-08-27 13:15:00+00:00,-1,-1.0,SL,False
S2-09,shock_reversion,GBPUSD,2020-08-31 14:45:00+00:00,2020-08-31 15:00:00+00:00,2020-08-31 15:00:00+00:00,-1,0.9999999999999452,TP,False
S2-09,shock_reversion,GBPUSD,2020-09-01 00:45:00+00:00,2020-09-01 01:00:00+00:00,2020-09-01 01:00:00+00:00,1,0.9999999999998705,TP,False
S2-09,shock_reversion,GBPUSD,2020-09-01 01:45:00+00:00,2020-09-01 02:00:00+00:00,2020-09-01 02:30:00+00:00,-1,-0.999999999999869,SL,False
S2-09,shock_reversion,GBPUSD,2020-09-02 07:00:00+00:00,2020-09-02 07:15:00+00:00,2020-09-02 07:15:00+00:00,1,-1.0,SL,False
S2-09,shock_reversion,GBPUSD,2020-09-07 05:45:00+00:00,2020-09-07 06:00:00+00:00,2020-09-07 06:00:00+00:00,1,-0.9999999999998936,SL,False
S2-09,shock_reversion,GBPUSD,2020-09-08 00:30:00+00:00,2020-09-08 00:45:00+00:00,2020-09-08 00:45:00+00:00,1,0.9999999999999456,TP,False
S2-09,shock_reversion,GBPUSD,2020-09-08 01:00:00+00:00,2020-09-08 01:15:00+00:00,2020-09-08 01:15:00+00:00,1,1.0,TP,False
S2-09,shock_reversion,GBPUSD,2020-09-08 05:45:00+00:00,2020-09-08 06:00:00+00:00,2020-09-08 06:00:00+00:00,-1,-1.0,SL,False
S2-09,shock_reversion,GBPUSD,2020-09-08 22:00:00+00:00,2020-09-08 22:15:00+00:00,2020-09-08 22:15:00+00:00,1,1.0,TP,False
S2-09,shock_reversion,GBPUSD,2020-09-09 06:15:00+00:00,2020-09-09 06:30:00+00:00,2020-09-09 06:30:00+00:00,1,-0.999999999999958,SL,False
S2-09,shock_reversion,GBPUSD,2020-09-09 11:30:00+00:00,2020-09-09 11:45:00+00:00,2020-09-09 12:00:00+00:00,1,1.0,TP,False
S2-09,shock_reversion,GBPUSD,2020-09-09 12:45:00+00:00,2020-09-09 13:00:00+00:00,2020-09-09 13:15:00+00:00,-1,-0.9999999999999664,SL,False
S2-09,shock_reversion,GBPUSD,2020-09-10 06:15:00+00:00,2020-09-10 06:30:00+00:00,2020-09-10 06:30:00+00:00,-1,1.0000000000000433,TP,False
S2-09,shock_reversion,GBPUSD,2020-09-10 11:00:00+00:00,2020-09-10 11:15:00+00:00,2020-09-10 11:30:00+00:00,1,-1.0000000000000424,SL,False
S2-09,shock_reversion,GBPUSD,2020-09-10 11:30:00+00:00,2020-09-10 11:45:00+00:00,2020-09-10 11:45:00+00:00,1,-1.000000000000059,SL,False
S2-09,shock_reversion,GBPUSD,2020-09-11 06:00:00+00:00,2020-09-11 06:15:00+00:00,2020-09-11 06:15:00+00:00,1,-1.0,SL,False
S2-09,shock_reversion,GBPUSD,2020-09-11 07:15:00+00:00,2020-09-11 07:30:00+00:00,2020-09-11 07:30:00+00:00,-1,0.9999999999999172,TP,False
S2-09,shock_reversion,GBPUSD,2020-09-15 01:00:00+00:00,2020-09-15 01:15:00+00:00,2020-09-15 01:15:00+00:00,1,-1.0,SL,True
S2-09,shock_reversion,GBPUSD,2020-09-16 00:00:00+00:00,2020-09-16 00:15:00+00:00,2020-09-16 00:45:00+00:00,1,1.0000000000002205,TP,False
S2-09,shock_reversion,GBPUSD,2020-09-17 00:00:00+00:00,2020-09-17 00:15:00+00:00,2020-09-17 00:15:00+00:00,1,-1.00000000000007,SL,False
S2-09,shock_reversion,GBPUSD,2020-09-17 11:00:00+00:00,2020-09-17 11:15:00+00:00,2020-09-17 12:00:00+00:00,1,-1.0,SL,False
S2-09,shock_reversion,GBPUSD,2020-09-17 14:30:00+00:00,2020-09-17 14:45:00+00:00,2020-09-17 18:30:00+00:00,-1,-0.6240314499646319,TIME,False
S2-09,shock_reversion,GBPUSD,2020-09-18 00:00:00+00:00,2020-09-18 00:15:00+00:00,2020-09-18 00:15:00+00:00,-1,0.9999999999999516,TP,False
S2-09,shock_reversion,GBPUSD,2020-09-22 00:30:00+00:00,2020-09-22 00:45:00+00:00,2020-09-22 00:45:00+00:00,1,1.0000000000001459,TP,False
S2-09,shock_reversion,GBPUSD,2020-09-22 07:00:00+00:00,2020-09-22 07:15:00+00:00,2020-09-22 07:30:00+00:00,1,-0.9999999999999694,SL,False
S2-09,shock_reversion,GBPUSD,2020-09-22 07:30:00+00:00,2020-09-22 07:45:00+00:00,2020-09-22 07:45:00+00:00,1,-1.0,SL,True
S2-09,shock_reversion,GBPUSD,2020-09-23 06:00:00+00:00,2020-09-23 06:15:00+00:00,2020-09-23 06:15:00+00:00,1,-1.0000000000001172,SL,False
S2-09,shock_reversion,GBPUSD,2020-09-24 07:00:00+00:00,2020-09-24 07:15:00+00:00,2020-09-24 07:15:00+00:00,-1,1.0,TP,False
S2-09,shock_reversion,GBPUSD,2020-09-25 07:00:00+00:00,2020-09-25 07:15:00+00:00,2020-09-25 07:30:00+00:00,-1,0.9999999999999105,TP,False
S2-09,shock_reversion,GBPUSD,2020-09-28 06:15:00+00:00,2020-09-28 06:30:00+00:00,2020-09-28 06:30:00+00:00,-1,1.0,TP,False
S2-09,shock_reversion,GBPUSD,2020-09-28 06:30:00+00:00,2020-09-28 06:45:00+00:00,2020-09-28 06:45:00+00:00,1,0.9999999999998569,TP,False
S2-09,shock_reversion,GBPUSD,2020-09-28 23:30:00+00:00,2020-09-28 23:45:00+00:00,2020-09-28 23:45:00+00:00,-1,-0.9999999999998744,SL,False
S2-09,shock_reversion,GBPUSD,2020-09-28 23:45:00+00:00,2020-09-29 00:00:00+00:00,2020-09-29 00:30:00+00:00,-1,0.999999999999864,TP,False
S2-09,shock_reversion,GBPUSD,2020-09-29 07:00:00+00:00,2020-09-29 07:15:00+00:00,2020-09-29 07:15:00+00:00,1,1.0000000000000318,TP,False
S2-09,shock_reversion,GBPUSD,2020-09-29 14:15:00+00:00,2020-09-29 14:30:00+00:00,2020-09-29 14:30:00+00:00,-1,0.9999999999999661,TP,False
S2-09,shock_reversion,GBPUSD,2020-09-30 07:15:00+00:00,2020-09-30 07:30:00+00:00,2020-09-30 07:45:00+00:00,1,1.0000000000000915,TP,False
S2-09,shock_reversion,GBPUSD,2020-10-01 07:00:00+00:00,2020-10-01 07:15:00+00:00,2020-10-01 07:15:00+00:00,1,1.000000000000054,TP,False
S2-09,shock_reversion,GBPUSD,2020-10-01 07:30:00+00:00,2020-10-01 07:45:00+00:00,2020-10-01 07:45:00+00:00,1,1.0000000000000298,TP,False
S2-09,shock_reversion,GBPUSD,2020-10-01 11:00:00+00:00,2020-10-01 11:15:00+00:00,2020-10-01 11:15:00+00:00,-1,-0.9999999999999616,SL,False
S2-09,shock_reversion,GBPUSD,2020-10-02 04:45:00+00:00,2020-10-02 05:00:00+00:00,2020-10-02 05:00:00+00:00,1,-1.0,SL,True
S2-09,shock_reversion,GBPUSD,2020-10-02 05:30:00+00:00,2020-10-02 05:45:00+00:00,2020-10-02 05:45:00+00:00,-1,1.0,TP,False
S2-09,shock_reversion,GBPUSD,2020-10-02 07:15:00+00:00,2020-10-02 07:30:00+00:00,2020-10-02 07:30:00+00:00,-1,-0.9999999999999836,SL,False
S2-09,shock_reversion,GBPUSD,2020-10-04 21:00:00+00:00,2020-10-04 21:15:00+00:00,2020-10-04 21:15:00+00:00,1,-0.9999999999999137,SL,False
S2-09,shock_reversion,GBPUSD,2020-10-05 06:00:00+00:00,2020-10-05 06:15:00+00:00,2020-10-05 06:15:00+00:00,1,1.0000000000001492,TP,False
S2-09,shock_reversion,GBPUSD,2020-10-05 06:30:00+00:00,2020-10-05 06:45:00+00:00,2020-10-05 06:45:00+00:00,1,-1.0,SL,False
S2-09,shock_reversion,GBPUSD,2020-10-06 07:00:00+00:00,2020-10-06 07:15:00+00:00,2020-10-06 07:15:00+00:00,-1,0.9999999999998653,TP,False
S2-09,shock_reversion,GBPUSD,2020-10-06 07:15:00+00:00,2020-10-06 07:30:00+00:00,2020-10-06 07:30:00+00:00,1,1.0000000000000395,TP,False
S2-09,shock_reversion,GBPUSD,2020-10-06 10:45:00+00:00,2020-10-06 11:00:00+00:00,2020-10-06 11:30:00+00:00,1,1.000000000000018,TP,False
S2-09,shock_reversion,GBPUSD,2020-10-06 18:45:00+00:00,2020-10-06 19:00:00+00:00,2020-10-06 19:30:00+00:00,1,-1.0,SL,True
S2-09,shock_reversion,GBPUSD,2020-10-06 19:30:00+00:00,2020-10-06 19:45:00+00:00,2020-10-06 20:00:00+00:00,1,-0.9999999999999428,SL,False
S2-09,shock_reversion,GBPUSD,2020-10-07 05:30:00+00:00,2020-10-07 05:45:00+00:00,2020-10-07 06:00:00+00:00,-1,1.0000000000002045,TP,False
S2-09,shock_reversion,GBPUSD,2020-10-09 06:00:00+00:00,2020-10-09 06:15:00+00:00,2020-10-09 06:15:00+00:00,1,-0.9999999999998492,SL,False
S2-09,shock_reversion,GBPUSD,2020-10-09 08:00:00+00:00,2020-10-09 08:15:00+00:00,2020-10-09 08:15:00+00:00,1,-0.9999999999999677,SL,False
S2-09,shock_reversion,GBPUSD,2020-10-12 06:00:00+00:00,2020-10-12 06:15:00+00:00,2020-10-12 06:15:00+00:00,-1,1.0000000000000682,TP,False
S2-09,shock_reversion,GBPUSD,2020-10-13 00:00:00+00:00,2020-10-13 00:15:00+00:00,2020-10-13 00:15:00+00:00,1,-0.9999999999998226,SL,False
S2-09,shock_reversion,GBPUSD,2020-10-14 01:15:00+00:00,2020-10-14 01:30:00+00:00,2020-10-14 02:00:00+00:00,1,1.0,TP,False
S2-09,shock_reversion,GBPUSD,2020-10-14 04:45:00+00:00,2020-10-14 05:00:00+00:00,2020-10-14 05:15:00+00:00,1,-1.0000000000000522,SL,False
S2-09,shock_reversion,GBPUSD,2020-10-14 07:00:00+00:00,2020-10-14 07:15:00+00:00,2020-10-14 07:30:00+00:00,1,0.9999999999999419,TP,False
S2-09,shock_reversion,GBPUSD,2020-10-14 09:00:00+00:00,2020-10-14 09:15:00+00:00,2020-10-14 10:00:00+00:00,-1,-1.000000000000052,SL,False
S2-09,shock_reversion,GBPUSD,2020-10-16 06:45:00+00:00,2020-10-16 07:00:00+00:00,2020-10-16 07:00:00+00:00,-1,-0.999999999999955,SL,True
S2-09,shock_reversion,GBPUSD,2020-10-16 07:45:00+00:00,2020-10-16 08:00:00+00:00,2020-10-16 08:00:00+00:00,-1,-1.000000000000086,SL,False
S2-09,shock_reversion,GBPUSD,2020-10-16 10:45:00+00:00,2020-10-16 11:00:00+00:00,2020-10-16 11:00:00+00:00,1,-1.0000000000000435,SL,True
S2-09,shock_reversion,GBPUSD,2020-10-19 07:00:00+00:00,2020-10-19 07:15:00+00:00,2020-10-19 07:15:00+00:00,-1,-1.0000000000001394,SL,False
S2-09,shock_reversion,GBPUSD,2020-10-19 07:15:00+00:00,2020-10-19 07:30:00+00:00,2020-10-19 08:00:00+00:00,-1,-0.9999999999999234,SL,True
S2-09,shock_reversion,GBPUSD,2020-10-19 08:00:00+00:00,2020-10-19 08:15:00+00:00,2020-10-19 08:45:00+00:00,-1,-1.0000000000000837,SL,False
S2-09,shock_reversion,GBPUSD,2020-10-19 13:30:00+00:00,2020-10-19 13:45:00+00:00,2020-10-19 14:00:00+00:00,-1,1.0000000000000198,TP,False
S2-09,shock_reversion,GBPUSD,2020-10-20 06:15:00+00:00,2020-10-20 06:30:00+00:00,2020-10-20 06:45:00+00:00,-1,0.9999999999998467,TP,False
S2-09,shock_reversion,GBPUSD,2020-10-20 07:00:00+00:00,2020-10-20 07:15:00+00:00,2020-10-20 07:30:00+00:00,1,0.9999999999999609,TP,False
S2-09,shock_reversion,GBPUSD,2020-10-21 07:00:00+00:00,2020-10-21 07:15:00+00:00,2020-10-21 07:15:00+00:00,-1,1.000000000000036,TP,False
S2-09,shock_reversion,GBPUSD,2020-10-21 07:45:00+00:00,2020-10-21 08:00:00+00:00,2020-10-21 08:00:00+00:00,-1,-1.0,SL,False
S2-09,shock_reversion,GBPUSD,2020-10-22 07:00:00+00:00,2020-10-22 07:15:00+00:00,2020-10-22 07:15:00+00:00,1,1.000000000000136,TP,False
S2-09,shock_reversion,GBPUSD,2020-10-23 12:15:00+00:00,2020-10-23 12:30:00+00:00,2020-10-23 12:45:00+00:00,-1,0.9999999999999427,TP,False
S2-09,shock_reversion,GBPUSD,2020-10-26 07:00:00+00:00,2020-10-26 07:15:00+00:00,2020-10-26 07:15:00+00:00,1,-1.0,SL,False
S2-09,shock_reversion,GBPUSD,2020-10-26 21:00:00+00:00,2020-10-26 21:15:00+00:00,2020-10-26 21:15:00+00:00,1,-1.0,SL,False
S2-09,shock_reversion,GBPUSD,2020-10-26 21:15:00+00:00,2020-10-26 21:30:00+00:00,2020-10-26 21:30:00+00:00,1,-0.9999999999998711,SL,False
S2-09,shock_reversion,GBPUSD,2020-10-27 07:00:00+00:00,2020-10-27 07:15:00+00:00,2020-10-27 07:30:00+00:00,1,-1.00000000000017,SL,False
S2-09,shock_reversion,GBPUSD,2020-10-27 08:00:00+00:00,2020-10-27 08:15:00+00:00,2020-10-27 08:30:00+00:00,1,0.9999999999998757,TP,False
S2-09,shock_reversion,GBPUSD,2020-10-27 20:45:00+00:00,2020-10-27 21:00:00+00:00,2020-10-27 21:00:00+00:00,1,-0.9999999999998789,SL,False
S2-09,shock_reversion,GBPUSD,2020-10-28 06:00:00+00:00,2020-10-28 06:15:00+00:00,2020-10-28 06:15:00+00:00,-1,-1.0000000000002043,SL,False
S2-09,shock_reversion,GBPUSD,2020-10-28 14:00:00+00:00,2020-10-28 14:15:00+00:00,2020-10-28 15:00:00+00:00,-1,-0.9999999999999677,SL,False
S2-09,shock_reversion,GBPUSD,2020-11-01 22:00:00+00:00,2020-11-01 22:15:00+00:00,2020-11-01 23:00:00+00:00,1,0.9999999999999398,TP,False
S2-09,shock_reversion,GBPUSD,2020-11-02 08:00:00+00:00,2020-11-02 08:15:00+00:00,2020-11-02 08:15:00+00:00,1,-0.9999999999999066,SL,False
S2-09,shock_reversion,GBPUSD,2020-11-03 08:15:00+00:00,2020-11-03 08:30:00+00:00,2020-11-03 08:45:00+00:00,-1,-1.0000000000000797,SL,False
S2-09,shock_reversion,GBPUSD,2020-11-04 00:45:00+00:00,2020-11-04 01:00:00+00:00,2020-11-04 01:00:00+00:00,1,0.999999999999987,TP,False
S2-09,shock_reversion,GBPUSD,2020-11-04 22:45:00+00:00,2020-11-04 23:00:00+00:00,2020-11-04 23:15:00+00:00,1,0.9999999999999323,TP,False
S2-09,shock_reversion,GBPUSD,2020-11-05 07:00:00+00:00,2020-11-05 07:15:00+00:00,2020-11-05 07:15:00+00:00,-1,-1.0000000000000577,SL,False
S2-09,shock_reversion,GBPUSD,2020-11-05 07:15:00+00:00,2020-11-05 07:30:00+00:00,2020-11-05 07:45:00+00:00,-1,1.0000000000000413,TP,False
S2-09,shock_reversion,GBPUSD,2020-11-09 11:45:00+00:00,2020-11-09 12:00:00+00:00,2020-11-09 12:00:00+00:00,-1,0.9999999999999507,TP,False
S2-09,shock_reversion,GBPUSD,2020-11-11 07:00:00+00:00,2020-11-11 07:15:00+00:00,2020-11-11 07:15:00+00:00,-1,1.0000000000000442,TP,False
S2-09,shock_reversion,GBPUSD,2020-11-11 09:30:00+00:00,2020-11-11 09:45:00+00:00,2020-11-11 09:45:00+00:00,1,1.0,TP,False
S2-09,shock_reversion,GBPUSD,2020-11-13 06:45:00+00:00,2020-11-13 07:00:00+00:00,2020-11-13 07:00:00+00:00,-1,1.0,TP,False
S2-09,shock_reversion,GBPUSD,2020-11-13 07:45:00+00:00,2020-11-13 08:00:00+00:00,2020-11-13 08:15:00+00:00,-1,0.9999999999999648,TP,False
S2-09,shock_reversion,GBPUSD,2020-11-16 08:00:00+00:00,2020-11-16 08:15:00+00:00,2020-11-16 08:15:00+00:00,-1,0.999999999999926,TP,False
S2-09,shock_reversion,GBPUSD,2020-11-16 23:00:00+00:00,2020-11-16 23:15:00+00:00,2020-11-16 23:15:00+00:00,-1,-1.0000000000001175,SL,False
S2-09,shock_reversion,GBPUSD,2020-11-17 07:00:00+00:00,2020-11-17 07:15:00+00:00,2020-11-17 07:15:00+00:00,-1,1.000000000000186,TP,False
S2-09,shock_reversion,GBPUSD,2020-11-17 10:15:00+00:00,2020-11-17 10:30:00+00:00,2020-11-17 11:00:00+00:00,-1,-0.9999999999999306,SL,False
S2-09,shock_reversion,GBPUSD,2020-11-19 00:00:00+00:00,2020-11-19 00:15:00+00:00,2020-11-19 00:15:00+00:00,1,1.0000000000000968,TP,False
S2-09,shock_reversion,GBPUSD,2020-11-19 08:00:00+00:00,2020-11-19 08:15:00+00:00,2020-11-19 08:15:00+00:00,1,-1.0000000000000988,SL,False
S2-09,shock_reversion,GBPUSD,2020-11-20 07:45:00+00:00,2020-11-20 08:00:00+00:00,2020-11-20 08:00:00+00:00,1,-0.9999999999998878,SL,False
S2-09,shock_reversion,GBPUSD,2020-11-23 08:00:00+00:00,2020-11-23 08:15:00+00:00,2020-11-23 08:15:00+00:00,-1,-1.000000000000046,SL,False
S2-09,shock_reversion,GBPUSD,2020-11-23 15:45:00+00:00,2020-11-23 16:00:00+00:00,2020-11-23 16:00:00+00:00,1,-1.0,SL,False
S2-09,shock_reversion,GBPUSD,2020-11-24 08:00:00+00:00,2020-11-24 08:15:00+00:00,2020-11-24 08:15:00+00:00,-1,-0.999999999999961,SL,False
S2-09,shock_reversion,GBPUSD,2020-11-26 07:45:00+00:00,2020-11-26 08:00:00+00:00,2020-11-26 08:00:00+00:00,1,0.9999999999998596,TP,False
S2-09,shock_reversion,GBPUSD,2020-11-26 22:30:00+00:00,2020-11-26 22:45:00+00:00,2020-11-26 22:45:00+00:00,1,-0.9999999999998657,SL,False
S2-09,shock_reversion,GBPUSD,2020-11-27 08:00:00+00:00,2020-11-27 08:15:00+00:00,2020-11-27 08:15:00+00:00,-1,1.0,TP,False
S2-09,shock_reversion,GBPUSD,2020-11-27 08:15:00+00:00,2020-11-27 08:30:00+00:00,2020-11-27 08:30:00+00:00,1,-1.0000000000000466,SL,False
S2-09,shock_reversion,GBPUSD,2020-11-27 10:15:00+00:00,2020-11-27 10:30:00+00:00,2020-11-27 10:45:00+00:00,1,-1.000000000000057,SL,False
S2-09,shock_reversion,GBPUSD,2020-11-27 21:45:00+00:00,2020-11-29 22:00:00+00:00,2020-11-29 22:00:00+00:00,-1,-0.9999999999999052,SL,True
S2-09,shock_reversion,GBPUSD,2020-11-30 07:00:00+00:00,2020-11-30 07:15:00+00:00,2020-11-30 07:15:00+00:00,-1,0.9999999999999405,TP,False
S2-09,shock_reversion,GBPUSD,2020-11-30 08:00:00+00:00,2020-11-30 08:15:00+00:00,2020-11-30 08:45:00+00:00,1,-1.0000000000001241,SL,False
S2-09,shock_reversion,GBPUSD,2020-12-01 07:00:00+00:00,2020-12-01 07:15:00+00:00,2020-12-01 07:15:00+00:00,-1,-1.000000000000156,SL,False
S2-09,shock_reversion,GBPUSD,2020-12-01 08:00:00+00:00,2020-12-01 08:15:00+00:00,2020-12-01 08:15:00+00:00,-1,-0.9999999999999651,SL,False
S2-09,shock_reversion,GBPUSD,2020-12-01 16:00:00+00:00,2020-12-01 16:15:00+00:00,2020-12-01 16:30:00+00:00,-1,0.9999999999999524,TP,False
S2-09,shock_reversion,GBPUSD,2020-12-02 07:00:00+00:00,2020-12-02 07:15:00+00:00,2020-12-02 07:15:00+00:00,-1,-1.0,SL,False
S2-09,shock_reversion,GBPUSD,2020-12-02 07:30:00+00:00,2020-12-02 07:45:00+00:00,2020-12-02 07:45:00+00:00,-1,0.9999999999999579,TP,False
S2-09,shock_reversion,GBPUSD,2020-12-02 07:45:00+00:00,2020-12-02 08:00:00+00:00,2020-12-02 08:00:00+00:00,1,-1.000000000000069,SL,False
S2-09,shock_reversion,GBPUSD,2020-12-02 08:00:00+00:00,2020-12-02 08:15:00+00:00,2020-12-02 08:30:00+00:00,1,-1.0,SL,False
S2-09,shock_reversion,GBPUSD,2020-12-03 06:45:00+00:00,2020-12-03 07:00:00+00:00,2020-12-03 07:00:00+00:00,-1,-0.9999999999998516,SL,False
S2-09,shock_reversion,GBPUSD,2020-12-03 07:00:00+00:00,2020-12-03 07:15:00+00:00,2020-12-03 07:15:00+00:00,-1,-1.0000000000001876,SL,False
S2-09,shock_reversion,GBPUSD,2020-12-03 07:30:00+00:00,2020-12-03 07:45:00+00:00,2020-12-03 07:45:00+00:00,1,0.999999999999902,TP,False
S2-09,shock_reversion,GBPUSD,2020-12-03 18:45:00+00:00,2020-12-03 19:00:00+00:00,2020-12-03 22:45:00+00:00,1,0.09264102448482661,TIME,False
S2-09,shock_reversion,GBPUSD,2020-12-04 08:00:00+00:00,2020-12-04 08:15:00+00:00,2020-12-04 08:30:00+00:00,-1,0.9999999999999062,TP,False
S2-09,shock_reversion,GBPUSD,2020-12-04 09:30:00+00:00,2020-12-04 09:45:00+00:00,2020-12-04 09:45:00+00:00,-1,-1.0000000000000513,SL,False
S2-09,shock_reversion,GBPUSD,2020-12-04 13:45:00+00:00,2020-12-04 14:00:00+00:00,2020-12-04 14:00:00+00:00,-1,-1.0000000000000504,SL,False
S2-09,shock_reversion,GBPUSD,2020-12-04 19:15:00+00:00,2020-12-04 19:30:00+00:00,2020-12-04 19:30:00+00:00,1,-0.2633979946531954,FRIDAY,False
S2-09,shock_reversion,GBPUSD,2020-12-07 06:45:00+00:00,2020-12-07 07:00:00+00:00,2020-12-07 07:00:00+00:00,1,-0.9999999999999404,SL,False
S2-09,shock_reversion,GBPUSD,2020-12-07 07:00:00+00:00,2020-12-07 07:15:00+00:00,2020-12-07 07:15:00+00:00,1,-0.9999999999998553,SL,False
S2-09,shock_reversion,GBPUSD,2020-12-07 08:00:00+00:00,2020-12-07 08:15:00+00:00,2020-12-07 08:15:00+00:00,1,-0.9999999999999782,SL,False
S2-09,shock_reversion,GBPUSD,2020-12-08 08:00:00+00:00,2020-12-08 08:15:00+00:00,2020-12-08 08:15:00+00:00,1,1.0000000000000728,TP,False
S2-09,shock_reversion,GBPUSD,2020-12-08 13:15:00+00:00,2020-12-08 13:30:00+00:00,2020-12-08 13:45:00+00:00,-1,0.9999999999999846,TP,False
S2-09,shock_reversion,GBPUSD,2020-12-09 08:00:00+00:00,2020-12-09 08:15:00+00:00,2020-12-09 08:15:00+00:00,-1,-0.9999999999999697,SL,False
S2-09,shock_reversion,GBPUSD,2020-12-09 22:15:00+00:00,2020-12-09 22:30:00+00:00,2020-12-09 22:30:00+00:00,1,1.0000000000000455,TP,False
S2-09,shock_reversion,GBPUSD,2020-12-10 06:30:00+00:00,2020-12-10 06:45:00+00:00,2020-12-10 06:45:00+00:00,1,-1.0,SL,False
S2-09,shock_reversion,GBPUSD,2020-12-10 07:15:00+00:00,2020-12-10 07:30:00+00:00,2020-12-10 07:30:00+00:00,1,-1.0000000000000389,SL,False
S2-09,shock_reversion,GBPUSD,2020-12-11 07:30:00+00:00,2020-12-11 07:45:00+00:00,2020-12-11 07:45:00+00:00,1,-0.9999999999999527,SL,False
S2-09,shock_reversion,GBPUSD,2020-12-11 07:45:00+00:00,2020-12-11 08:00:00+00:00,2020-12-11 08:00:00+00:00,1,-0.9999999999999227,SL,True
S2-09,shock_reversion,GBPUSD,2020-12-11 08:00:00+00:00,2020-12-11 08:15:00+00:00,2020-12-11 08:15:00+00:00,1,-0.9999999999999413,SL,False
S2-09,shock_reversion,GBPUSD,2020-12-11 08:15:00+00:00,2020-12-11 08:30:00+00:00,2020-12-11 08:30:00+00:00,1,-0.9999999999999509,SL,False
S2-09,shock_reversion,GBPUSD,2020-12-11 08:45:00+00:00,2020-12-11 09:00:00+00:00,2020-12-11 09:00:00+00:00,1,0.999999999999947,TP,False
S2-09,shock_reversion,GBPUSD,2020-12-14 06:45:00+00:00,2020-12-14 07:00:00+00:00,2020-12-14 07:15:00+00:00,-1,-0.9999999999999579,SL,False
S2-09,shock_reversion,GBPUSD,2020-12-14 07:30:00+00:00,2020-12-14 07:45:00+00:00,2020-12-14 07:45:00+00:00,-1,-0.9999999999999677,SL,True
S2-09,shock_reversion,GBPUSD,2020-12-14 22:00:00+00:00,2020-12-14 22:15:00+00:00,2020-12-14 22:45:00+00:00,-1,-1.0000000000000437,SL,False
S2-09,shock_reversion,GBPUSD,2020-12-15 08:30:00+00:00,2020-12-15 08:45:00+00:00,2020-12-15 08:45:00+00:00,1,-0.9999999999999303,SL,False
S2-09,shock_reversion,GBPUSD,2020-12-15 16:00:00+00:00,2020-12-15 16:15:00+00:00,2020-12-15 16:30:00+00:00,-1,0.9999999999999678,TP,False
S2-09,shock_reversion,GBPUSD,2020-12-16 04:30:00+00:00,2020-12-16 04:45:00+00:00,2020-12-16 04:45:00+00:00,-1,-1.0,SL,False
S2-09,shock_reversion,GBPUSD,2020-12-17 15:00:00+00:00,2020-12-17 15:15:00+00:00,2020-12-17 15:45:00+00:00,1,1.000000000000056,TP,False
S2-09,shock_reversion,GBPUSD,2020-12-18 07:45:00+00:00,2020-12-18 08:00:00+00:00,2020-12-18 08:00:00+00:00,1,-1.0000000000000682,SL,False
S2-09,shock_reversion,GBPUSD,2020-12-18 21:45:00+00:00,2020-12-20 22:00:00+00:00,2020-12-20 22:00:00+00:00,-1,-1.0,SL,False
S2-09,shock_reversion,GBPUSD,2020-12-21 07:15:00+00:00,2020-12-21 07:30:00+00:00,2020-12-21 07:30:00+00:00,1,-0.9999999999999546,SL,False
S2-09,shock_reversion,GBPUSD,2020-12-21 07:30:00+00:00,2020-12-21 07:45:00+00:00,2020-12-21 08:00:00+00:00,1,0.9999999999999607,TP,False
S2-09,shock_reversion,GBPUSD,2020-12-21 19:00:00+00:00,2020-12-21 19:15:00+00:00,2020-12-21 19:15:00+00:00,-1,-1.0000000000000417,SL,False
S2-09,shock_reversion,GBPUSD,2020-12-23 07:00:00+00:00,2020-12-23 07:15:00+00:00,2020-12-23 07:45:00+00:00,-1,-1.0,SL,False
S2-09,shock_reversion,GBPUSD,2020-12-23 13:30:00+00:00,2020-12-23 13:45:00+00:00,2020-12-23 13:45:00+00:00,-1,-1.0000000000000215,SL,False
S2-09,shock_reversion,GBPUSD,2020-12-24 08:45:00+00:00,2020-12-24 09:00:00+00:00,2020-12-24 09:15:00+00:00,-1,0.9999999999999534,TP,False
S2-09,shock_reversion,GBPUSD,2020-12-24 21:45:00+00:00,2020-12-24 22:00:00+00:00,2020-12-24 22:00:00+00:00,-1,-0.9999999999999583,SL,False
S2-09,shock_reversion,GBPUSD,2020-12-25 06:45:00+00:00,2020-12-27 22:00:00+00:00,2020-12-27 23:15:00+00:00,1,1.0000000000000244,TP,False
S2-09,shock_reversion,GBPUSD,2020-12-29 07:00:00+00:00,2020-12-29 07:15:00+00:00,2020-12-29 07:15:00+00:00,-1,-0.9999999999999514,SL,False
S2-09,shock_reversion,GBPUSD,2020-12-31 02:30:00+00:00,2020-12-31 02:45:00+00:00,2020-12-31 02:45:00+00:00,1,-1.0000000000001286,SL,False
S2-09,shock_reversion,GBPUSD,2020-12-31 02:45:00+00:00,2020-12-31 03:00:00+00:00,2020-12-31 05:30:00+00:00,1,1.0000000000001095,TP,False
S2-09,shock_reversion,GBPUSD,2020-12-31 07:15:00+00:00,2020-12-31 07:30:00+00:00,2020-12-31 07:30:00+00:00,-1,1.0000000000000486,TP,False
