hypothesis,family,pair,signal_dt,entry_dt,exit_dt,side,r,reason,ambiguous_stop_first
S2-17,ny_open_london_position,AUDUSD,2013-01-02 13:15:00+00:00,2013-01-02 13:30:00+00:00,2013-01-02 14:15:00+00:00,1,1.249999999999893,TP,False
S2-17,ny_open_london_position,AUDUSD,2013-01-03 13:45:00+00:00,2013-01-03 14:00:00+00:00,2013-01-03 15:00:00+00:00,1,1.2500000000000528,TP,False
S2-17,ny_open_london_position,AUDUSD,2013-01-09 13:30:00+00:00,2013-01-09 13:45:00+00:00,2013-01-09 13:45:00+00:00,1,-1.0000000000001081,SL,False
S2-17,ny_open_london_position,AUDUSD,2013-01-24 12:15:00+00:00,2013-01-24 12:30:00+00:00,2013-01-24 12:30:00+00:00,-1,1.249999999999948,TP,False
S2-17,ny_open_london_position,AUDUSD,2013-01-24 12:30:00+00:00,2013-01-24 12:45:00+00:00,2013-01-24 13:15:00+00:00,-1,1.2499999999999518,TP,False
S2-17,ny_open_london_position,AUDUSD,2013-01-24 13:15:00+00:00,2013-01-24 13:30:00+00:00,2013-01-24 13:30:00+00:00,-1,1.250000000000087,TP,False
S2-17,ny_open_london_position,AUDUSD,2013-01-24 13:30:00+00:00,2013-01-24 13:45:00+00:00,2013-01-24 15:15:00+00:00,-1,1.2499999999998817,TP,False
S2-17,ny_open_london_position,AUDUSD,2013-01-25 12:30:00+00:00,2013-01-25 12:45:00+00:00,2013-01-25 13:45:00+00:00,-1,-1.0000000000000995,SL,False
S2-17,ny_open_london_position,AUDUSD,2013-02-26 13:15:00+00:00,2013-02-26 13:30:00+00:00,2013-02-26 13:30:00+00:00,-1,-1.0,SL,False
S2-17,ny_open_london_position,AUDUSD,2013-03-06 13:00:00+00:00,2013-03-06 13:15:00+00:00,2013-03-06 13:15:00+00:00,1,-1.0000000000000637,SL,False
S2-17,ny_open_london_position,AUDUSD,2013-03-06 13:15:00+00:00,2013-03-06 13:30:00+00:00,2013-03-06 14:15:00+00:00,1,-0.999999999999885,SL,False
S2-17,ny_open_london_position,AUDUSD,2013-03-08 12:00:00+00:00,2013-03-08 12:15:00+00:00,2013-03-08 13:30:00+00:00,1,-0.9999999999998175,SL,True
S2-17,ny_open_london_position,AUDUSD,2013-03-12 12:15:00+00:00,2013-03-12 12:30:00+00:00,2013-03-12 15:30:00+00:00,1,-0.9999999999998879,SL,False
S2-17,ny_open_london_position,AUDUSD,2013-03-14 13:45:00+00:00,2013-03-14 14:00:00+00:00,2013-03-14 14:15:00+00:00,1,1.2500000000000346,TP,False
S2-17,ny_open_london_position,AUDUSD,2013-03-21 12:15:00+00:00,2013-03-21 12:30:00+00:00,2013-03-21 13:15:00+00:00,1,-1.0000000000000684,SL,False
S2-17,ny_open_london_position,AUDUSD,2013-03-21 13:45:00+00:00,2013-03-21 14:00:00+00:00,2013-03-21 17:45:00+00:00,1,0.18900457723454553,TIME,False
S2-17,ny_open_london_position,AUDUSD,2013-03-26 12:15:00+00:00,2013-03-26 12:30:00+00:00,2013-03-26 12:30:00+00:00,1,-1.0000000000000504,SL,False
S2-17,ny_open_london_position,AUDUSD,2013-03-26 12:30:00+00:00,2013-03-26 12:45:00+00:00,2013-03-26 13:45:00+00:00,1,1.2499999999999032,TP,False
S2-17,ny_open_london_position,AUDUSD,2013-03-26 13:45:00+00:00,2013-03-26 14:00:00+00:00,2013-03-26 14:00:00+00:00,1,-0.999999999999952,SL,False
S2-17,ny_open_london_position,AUDUSD,2013-03-28 12:45:00+00:00,2013-03-28 13:00:00+00:00,2013-03-28 14:00:00+00:00,-1,-0.9999999999998669,SL,False
S2-17,ny_open_london_position,AUDUSD,2013-04-03 12:45:00+00:00,2013-04-03 13:00:00+00:00,2013-04-03 14:15:00+00:00,1,-1.00000000000005,SL,False
S2-17,ny_open_london_position,AUDUSD,2013-04-05 12:30:00+00:00,2013-04-05 12:45:00+00:00,2013-04-05 12:45:00+00:00,-1,-1.0000000000000788,SL,False
S2-17,ny_open_london_position,AUDUSD,2013-04-05 12:45:00+00:00,2013-04-05 13:00:00+00:00,2013-04-05 13:15:00+00:00,-1,1.2500000000001095,TP,False
S2-17,ny_open_london_position,AUDUSD,2013-04-05 13:15:00+00:00,2013-04-05 13:30:00+00:00,2013-04-05 13:30:00+00:00,-1,1.249999999999909,TP,False
S2-17,ny_open_london_position,AUDUSD,2013-04-05 13:30:00+00:00,2013-04-05 13:45:00+00:00,2013-04-05 14:15:00+00:00,-1,1.2500000000000275,TP,False
S2-17,ny_open_london_position,AUDUSD,2013-04-09 12:15:00+00:00,2013-04-09 12:30:00+00:00,2013-04-09 13:15:00+00:00,1,1.2499999999999223,TP,False
S2-17,ny_open_london_position,AUDUSD,2013-04-09 13:15:00+00:00,2013-04-09 13:30:00+00:00,2013-04-09 13:30:00+00:00,1,-1.0000000000001228,SL,False
S2-17,ny_open_london_position,AUDUSD,2013-04-09 13:30:00+00:00,2013-04-09 13:45:00+00:00,2013-04-09 13:45:00+00:00,1,-1.0,SL,False
S2-17,ny_open_london_position,AUDUSD,2013-04-17 13:30:00+00:00,2013-04-17 13:45:00+00:00,2013-04-17 13:45:00+00:00,-1,-1.0000000000000655,SL,False
S2-17,ny_open_london_position,AUDUSD,2013-04-19 13:00:00+00:00,2013-04-19 13:15:00+00:00,2013-04-19 13:30:00+00:00,-1,1.2499999999999154,TP,False
S2-17,ny_open_london_position,AUDUSD,2013-04-19 13:30:00+00:00,2013-04-19 13:45:00+00:00,2013-04-19 14:00:00+00:00,-1,-0.9999999999999623,SL,False
S2-17,ny_open_london_position,AUDUSD,2013-04-22 13:30:00+00:00,2013-04-22 13:45:00+00:00,2013-04-22 14:15:00+00:00,-1,1.2500000000001192,TP,False
S2-17,ny_open_london_position,AUDUSD,2013-04-25 12:15:00+00:00,2013-04-25 12:30:00+00:00,2013-04-25 12:45:00+00:00,1,-0.9999999999998967,SL,False
S2-17,ny_open_london_position,AUDUSD,2013-04-29 12:00:00+00:00,2013-04-29 12:15:00+00:00,2013-04-29 12:15:00+00:00,1,-1.0000000000001372,SL,False
S2-17,ny_open_london_position,AUDUSD,2013-05-06 12:00:00+00:00,2013-05-06 12:15:00+00:00,2013-05-06 13:00:00+00:00,-1,1.25,TP,False
S2-17,ny_open_london_position,AUDUSD,2013-05-06 13:00:00+00:00,2013-05-06 13:15:00+00:00,2013-05-06 13:30:00+00:00,-1,-1.0,SL,False
S2-17,ny_open_london_position,AUDUSD,2013-05-06 13:30:00+00:00,2013-05-06 13:45:00+00:00,2013-05-06 14:00:00+00:00,-1,1.2499999999999525,TP,False
S2-17,ny_open_london_position,AUDUSD,2013-05-07 12:00:00+00:00,2013-05-07 12:15:00+00:00,2013-05-07 12:45:00+00:00,-1,-0.9999999999999581,SL,False
S2-17,ny_open_london_position,AUDUSD,2013-05-14 12:30:00+00:00,2013-05-14 12:45:00+00:00,2013-05-14 13:30:00+00:00,-1,-1.000000000000033,SL,False
S2-17,ny_open_london_position,AUDUSD,2013-05-17 13:15:00+00:00,2013-05-17 13:30:00+00:00,2013-05-17 13:30:00+00:00,-1,-1.0000000000000433,SL,False
S2-17,ny_open_london_position,AUDUSD,2013-05-17 13:30:00+00:00,2013-05-17 13:45:00+00:00,2013-05-17 14:15:00+00:00,-1,-1.0,SL,False
S2-17,ny_open_london_position,AUDUSD,2013-05-27 13:00:00+00:00,2013-05-27 13:15:00+00:00,2013-05-27 13:30:00+00:00,-1,1.249999999999941,TP,False
S2-17,ny_open_london_position,AUDUSD,2013-05-27 13:30:00+00:00,2013-05-27 13:45:00+00:00,2013-05-27 13:45:00+00:00,-1,-0.9999999999999717,SL,False
S2-17,ny_open_london_position,AUDUSD,2013-05-27 13:45:00+00:00,2013-05-27 14:00:00+00:00,2013-05-27 14:45:00+00:00,-1,-1.0000000000000553,SL,False
S2-17,ny_open_london_position,AUDUSD,2013-05-31 13:45:00+00:00,2013-05-31 14:00:00+00:00,2013-05-31 14:15:00+00:00,-1,-1.0000000000000369,SL,False
S2-17,ny_open_london_position,AUDUSD,2013-06-03 12:00:00+00:00,2013-06-03 12:15:00+00:00,2013-06-03 12:30:00+00:00,1,-0.9999999999999438,SL,False
S2-17,ny_open_london_position,AUDUSD,2013-06-05 13:15:00+00:00,2013-06-05 13:30:00+00:00,2013-06-05 14:00:00+00:00,-1,-0.9999999999999644,SL,False
S2-17,ny_open_london_position,AUDUSD,2013-06-07 12:45:00+00:00,2013-06-07 13:00:00+00:00,2013-06-07 13:00:00+00:00,-1,-1.0,SL,False
S2-17,ny_open_london_position,AUDUSD,2013-06-07 13:00:00+00:00,2013-06-07 13:15:00+00:00,2013-06-07 13:30:00+00:00,-1,-1.000000000000021,SL,False
S2-17,ny_open_london_position,AUDUSD,2013-06-07 13:45:00+00:00,2013-06-07 14:00:00+00:00,2013-06-07 14:00:00+00:00,-1,-0.9999999999999827,SL,False
S2-17,ny_open_london_position,AUDUSD,2013-06-21 13:15:00+00:00,2013-06-21 13:30:00+00:00,2013-06-21 13:45:00+00:00,-1,1.2500000000000264,TP,False
S2-17,ny_open_london_position,AUDUSD,2013-06-21 13:45:00+00:00,2013-06-21 14:00:00+00:00,2013-06-21 14:15:00+00:00,-1,-1.0000000000000115,SL,False
S2-17,ny_open_london_position,AUDUSD,2013-06-26 13:15:00+00:00,2013-06-26 13:30:00+00:00,2013-06-26 13:45:00+00:00,1,1.25,TP,False
S2-17,ny_open_london_position,AUDUSD,2013-06-26 13:45:00+00:00,2013-06-26 14:00:00+00:00,2013-06-26 14:00:00+00:00,1,-0.9999999999999707,SL,False
S2-17,ny_open_london_position,AUDUSD,2013-06-28 13:00:00+00:00,2013-06-28 13:15:00+00:00,2013-06-28 13:15:00+00:00,-1,1.2500000000000264,TP,False
S2-17,ny_open_london_position,AUDUSD,2013-06-28 13:15:00+00:00,2013-06-28 13:30:00+00:00,2013-06-28 13:45:00+00:00,-1,-0.9999999999999871,SL,True
S2-17,ny_open_london_position,AUDUSD,2013-06-28 13:45:00+00:00,2013-06-28 14:00:00+00:00,2013-06-28 14:00:00+00:00,-1,1.2499999999999791,TP,False
S2-17,ny_open_london_position,AUDUSD,2013-07-08 13:00:00+00:00,2013-07-08 13:15:00+00:00,2013-07-08 13:30:00+00:00,1,1.2500000000000533,TP,False
S2-17,ny_open_london_position,AUDUSD,2013-07-08 13:30:00+00:00,2013-07-08 13:45:00+00:00,2013-07-08 14:30:00+00:00,1,1.2499999999999827,TP,False
S2-17,ny_open_london_position,AUDUSD,2013-07-17 13:00:00+00:00,2013-07-17 13:15:00+00:00,2013-07-17 13:45:00+00:00,1,-1.0000000000000215,SL,False
S2-17,ny_open_london_position,AUDUSD,2013-07-17 13:45:00+00:00,2013-07-17 14:00:00+00:00,2013-07-17 14:30:00+00:00,1,-1.0000000000000178,SL,False
S2-17,ny_open_london_position,AUDUSD,2013-07-22 12:45:00+00:00,2013-07-22 13:00:00+00:00,2013-07-22 13:00:00+00:00,1,-0.9999999999999716,SL,False
S2-17,ny_open_london_position,AUDUSD,2013-07-22 13:00:00+00:00,2013-07-22 13:15:00+00:00,2013-07-22 14:00:00+00:00,1,1.2500000000000284,TP,False
S2-17,ny_open_london_position,AUDUSD,2013-07-29 12:30:00+00:00,2013-07-29 12:45:00+00:00,2013-07-29 14:00:00+00:00,-1,1.2499999999999603,TP,False
S2-17,ny_open_london_position,AUDUSD,2013-07-31 12:15:00+00:00,2013-07-31 12:30:00+00:00,2013-07-31 12:30:00+00:00,-1,1.2499999999999731,TP,False
S2-17,ny_open_london_position,AUDUSD,2013-07-31 12:30:00+00:00,2013-07-31 12:45:00+00:00,2013-07-31 16:30:00+00:00,-1,0.37430076784057986,TIME,False
S2-17,ny_open_london_position,AUDUSD,2013-08-01 13:00:00+00:00,2013-08-01 13:15:00+00:00,2013-08-01 13:15:00+00:00,-1,-1.0000000000000235,SL,False
S2-17,ny_open_london_position,AUDUSD,2013-08-01 13:15:00+00:00,2013-08-01 13:30:00+00:00,2013-08-01 14:00:00+00:00,-1,1.25,TP,False
S2-17,ny_open_london_position,AUDUSD,2013-08-05 12:45:00+00:00,2013-08-05 13:00:00+00:00,2013-08-05 13:00:00+00:00,-1,-1.0000000000000204,SL,False
S2-17,ny_open_london_position,AUDUSD,2013-08-08 12:45:00+00:00,2013-08-08 13:00:00+00:00,2013-08-08 14:00:00+00:00,1,1.25,TP,False
S2-17,ny_open_london_position,AUDUSD,2013-08-09 13:30:00+00:00,2013-08-09 13:45:00+00:00,2013-08-09 14:00:00+00:00,1,1.2500000000000375,TP,False
S2-17,ny_open_london_position,AUDUSD,2013-08-13 12:45:00+00:00,2013-08-13 13:00:00+00:00,2013-08-13 13:00:00+00:00,-1,-0.9999999999999685,SL,False
S2-17,ny_open_london_position,AUDUSD,2013-08-13 13:00:00+00:00,2013-08-13 13:15:00+00:00,2013-08-13 13:15:00+00:00,-1,1.249999999999956,TP,False
S2-17,ny_open_london_position,AUDUSD,2013-08-13 13:15:00+00:00,2013-08-13 13:30:00+00:00,2013-08-13 14:00:00+00:00,-1,-0.9999999999999872,SL,False
S2-17,ny_open_london_position,AUDUSD,2013-08-16 12:30:00+00:00,2013-08-16 12:45:00+00:00,2013-08-16 12:45:00+00:00,1,-0.999999999999949,SL,False
S2-17,ny_open_london_position,AUDUSD,2013-08-16 12:45:00+00:00,2013-08-16 13:00:00+00:00,2013-08-16 13:15:00+00:00,1,1.25,TP,False
S2-17,ny_open_london_position,AUDUSD,2013-08-16 13:15:00+00:00,2013-08-16 13:30:00+00:00,2013-08-16 13:30:00+00:00,1,-1.0000000000000144,SL,False
S2-17,ny_open_london_position,AUDUSD,2013-08-16 13:30:00+00:00,2013-08-16 13:45:00+00:00,2013-08-16 13:45:00+00:00,1,1.2500000000000138,TP,False
S2-17,ny_open_london_position,AUDUSD,2013-08-16 13:45:00+00:00,2013-08-16 14:00:00+00:00,2013-08-16 14:15:00+00:00,1,-1.0000000000000375,SL,False
S2-17,ny_open_london_position,AUDUSD,2013-08-23 12:00:00+00:00,2013-08-23 12:15:00+00:00,2013-08-23 12:15:00+00:00,-1,-1.0000000000000555,SL,False
S2-17,ny_open_london_position,AUDUSD,2013-08-26 13:00:00+00:00,2013-08-26 13:15:00+00:00,2013-08-26 13:45:00+00:00,1,-0.9999999999999697,SL,False
S2-17,ny_open_london_position,AUDUSD,2013-08-26 13:45:00+00:00,2013-08-26 14:00:00+00:00,2013-08-26 15:45:00+00:00,1,-0.9999999999999857,SL,False
S2-17,ny_open_london_position,AUDUSD,2013-09-03 13:15:00+00:00,2013-09-03 13:30:00+00:00,2013-09-03 14:00:00+00:00,1,-1.0000000000000724,SL,True
S2-17,ny_open_london_position,AUDUSD,2013-09-04 13:30:00+00:00,2013-09-04 13:45:00+00:00,2013-09-04 14:45:00+00:00,1,1.2500000000000169,TP,False
S2-17,ny_open_london_position,AUDUSD,2013-09-06 12:30:00+00:00,2013-09-06 12:45:00+00:00,2013-09-06 12:45:00+00:00,1,1.25,TP,False
S2-17,ny_open_london_position,AUDUSD,2013-09-06 12:45:00+00:00,2013-09-06 13:00:00+00:00,2013-09-06 13:45:00+00:00,1,-0.9999999999999891,SL,False
S2-17,ny_open_london_position,AUDUSD,2013-09-06 13:45:00+00:00,2013-09-06 14:00:00+00:00,2013-09-06 16:00:00+00:00,1,-0.10822922324823465,FRIDAY,False
S2-17,ny_open_london_position,AUDUSD,2013-09-10 12:15:00+00:00,2013-09-10 12:30:00+00:00,2013-09-10 12:45:00+00:00,1,-0.9999999999999764,SL,False
S2-17,ny_open_london_position,AUDUSD,2013-09-10 13:00:00+00:00,2013-09-10 13:15:00+00:00,2013-09-10 13:45:00+00:00,1,1.2499999999999187,TP,False
S2-17,ny_open_london_position,AUDUSD,2013-09-10 13:45:00+00:00,2013-09-10 14:00:00+00:00,2013-09-10 14:15:00+00:00,1,1.2499999999999214,TP,False
S2-17,ny_open_london_position,AUDUSD,2013-09-16 12:30:00+00:00,2013-09-16 12:45:00+00:00,2013-09-16 13:00:00+00:00,1,-1.0000000000000233,SL,False
S2-17,ny_open_london_position,AUDUSD,2013-09-17 12:00:00+00:00,2013-09-17 12:15:00+00:00,2013-09-17 12:45:00+00:00,1,-1.0000000000000726,SL,False
S2-17,ny_open_london_position,AUDUSD,2013-09-17 13:30:00+00:00,2013-09-17 13:45:00+00:00,2013-09-17 13:45:00+00:00,1,-1.0000000000000737,SL,False
S2-17,ny_open_london_position,AUDUSD,2013-09-17 13:45:00+00:00,2013-09-17 14:00:00+00:00,2013-09-17 14:00:00+00:00,1,-0.9999999999999512,SL,False
S2-17,ny_open_london_position,AUDUSD,2013-09-23 12:00:00+00:00,2013-09-23 12:15:00+00:00,2013-09-23 12:45:00+00:00,1,-1.000000000000039,SL,False
S2-17,ny_open_london_position,AUDUSD,2013-09-23 12:45:00+00:00,2013-09-23 13:00:00+00:00,2013-09-23 13:30:00+00:00,1,1.2499999999999665,TP,False
S2-17,ny_open_london_position,AUDUSD,2013-09-23 13:30:00+00:00,2013-09-23 13:45:00+00:00,2013-09-23 14:30:00+00:00,1,1.25,TP,False
S2-17,ny_open_london_position,AUDUSD,2013-09-26 13:00:00+00:00,2013-09-26 13:15:00+00:00,2013-09-26 14:00:00+00:00,-1,-1.000000000000022,SL,False
S2-17,ny_open_london_position,AUDUSD,2013-10-16 13:45:00+00:00,2013-10-16 14:00:00+00:00,2013-10-16 14:00:00+00:00,1,-1.0000000000000548,SL,False
S2-17,ny_open_london_position,AUDUSD,2013-10-17 12:00:00+00:00,2013-10-17 12:15:00+00:00,2013-10-17 12:30:00+00:00,1,-1.0000000000000207,SL,False
S2-17,ny_open_london_position,AUDUSD,2013-10-17 13:45:00+00:00,2013-10-17 14:00:00+00:00,2013-10-17 17:45:00+00:00,1,-0.51861344130601,TIME,False
S2-17,ny_open_london_position,AUDUSD,2013-10-22 13:00:00+00:00,2013-10-22 13:15:00+00:00,2013-10-22 13:45:00+00:00,1,1.2500000000000306,TP,False
S2-17,ny_open_london_position,AUDUSD,2013-10-22 13:45:00+00:00,2013-10-22 14:00:00+00:00,2013-10-22 14:45:00+00:00,1,-1.0000000000000409,SL,False
S2-17,ny_open_london_position,AUDUSD,2013-10-24 12:30:00+00:00,2013-10-24 12:45:00+00:00,2013-10-24 13:00:00+00:00,-1,1.2499999999999478,TP,False
S2-17,ny_open_london_position,AUDUSD,2013-10-24 13:00:00+00:00,2013-10-24 13:15:00+00:00,2013-10-24 13:30:00+00:00,-1,-0.9999999999999846,SL,False
S2-17,ny_open_london_position,AUDUSD,2013-10-24 13:30:00+00:00,2013-10-24 13:45:00+00:00,2013-10-24 14:00:00+00:00,-1,1.2500000000000149,TP,False
S2-17,ny_open_london_position,AUDUSD,2013-11-08 13:30:00+00:00,2013-11-08 13:45:00+00:00,2013-11-08 13:45:00+00:00,-1,1.2499999999999838,TP,False
S2-17,ny_open_london_position,AUDUSD,2013-11-08 13:45:00+00:00,2013-11-08 14:00:00+00:00,2013-11-08 14:00:00+00:00,-1,1.2500000000000286,TP,False
S2-17,ny_open_london_position,AUDUSD,2013-11-11 12:30:00+00:00,2013-11-11 12:45:00+00:00,2013-11-11 15:00:00+00:00,-1,-0.9999999999999754,SL,False
S2-17,ny_open_london_position,AUDUSD,2013-11-21 13:30:00+00:00,2013-11-21 13:45:00+00:00,2013-11-21 13:45:00+00:00,-1,-0.9999999999999463,SL,False
S2-17,ny_open_london_position,AUDUSD,2013-11-21 13:45:00+00:00,2013-11-21 14:00:00+00:00,2013-11-21 14:15:00+00:00,-1,1.250000000000017,TP,False
S2-17,ny_open_london_position,AUDUSD,2013-11-26 13:30:00+00:00,2013-11-26 13:45:00+00:00,2013-11-26 14:00:00+00:00,-1,1.2499999999999811,TP,False
S2-17,ny_open_london_position,AUDUSD,2013-11-27 12:15:00+00:00,2013-11-27 12:30:00+00:00,2013-11-27 13:30:00+00:00,-1,-0.9999999999999813,SL,False
S2-17,ny_open_london_position,AUDUSD,2013-11-27 13:45:00+00:00,2013-11-27 14:00:00+00:00,2013-11-27 14:00:00+00:00,-1,1.250000000000032,TP,False
S2-17,ny_open_london_position,AUDUSD,2013-12-06 12:00:00+00:00,2013-12-06 12:15:00+00:00,2013-12-06 12:30:00+00:00,1,-1.0000000000000882,SL,False
S2-17,ny_open_london_position,AUDUSD,2013-12-06 12:45:00+00:00,2013-12-06 13:00:00+00:00,2013-12-06 13:00:00+00:00,1,-0.9999999999999098,SL,False
S2-17,ny_open_london_position,AUDUSD,2013-12-06 13:00:00+00:00,2013-12-06 13:15:00+00:00,2013-12-06 13:15:00+00:00,1,-1.0,SL,False
S2-17,ny_open_london_position,AUDUSD,2013-12-10 13:00:00+00:00,2013-12-10 13:15:00+00:00,2013-12-10 13:30:00+00:00,1,-1.0,SL,False
S2-17,ny_open_london_position,AUDUSD,2013-12-10 13:30:00+00:00,2013-12-10 13:45:00+00:00,2013-12-10 14:15:00+00:00,1,1.2500000000000564,TP,False
S2-17,ny_open_london_position,AUDUSD,2013-12-12 13:15:00+00:00,2013-12-12 13:30:00+00:00,2013-12-12 13:30:00+00:00,-1,1.250000000000012,TP,False
S2-17,ny_open_london_position,AUDUSD,2013-12-12 13:30:00+00:00,2013-12-12 13:45:00+00:00,2013-12-12 14:15:00+00:00,-1,1.2499999999999896,TP,False
S2-17,ny_open_london_position,AUDUSD,2013-12-17 12:45:00+00:00,2013-12-17 13:00:00+00:00,2013-12-17 13:30:00+00:00,-1,-0.9999999999999347,SL,False
S2-17,ny_open_london_position,AUDUSD,2013-12-17 13:45:00+00:00,2013-12-17 14:00:00+00:00,2013-12-17 14:15:00+00:00,-1,1.24999999999998,TP,False
S2-17,ny_open_london_position,AUDUSD,2013-12-18 12:45:00+00:00,2013-12-18 13:00:00+00:00,2013-12-18 13:00:00+00:00,-1,-1.000000000000049,SL,False
S2-17,ny_open_london_position,AUDUSD,2013-12-19 13:45:00+00:00,2013-12-19 14:00:00+00:00,2013-12-19 14:00:00+00:00,-1,-1.0000000000000187,SL,False
S2-17,ny_open_london_position,AUDUSD,2013-12-20 12:30:00+00:00,2013-12-20 12:45:00+00:00,2013-12-20 12:45:00+00:00,-1,-0.9999999999999142,SL,False
S2-17,ny_open_london_position,AUDUSD,2013-12-23 12:15:00+00:00,2013-12-23 12:30:00+00:00,2013-12-23 12:45:00+00:00,1,1.2500000000000613,TP,False
S2-17,ny_open_london_position,AUDUSD,2013-12-23 12:45:00+00:00,2013-12-23 13:00:00+00:00,2013-12-23 13:00:00+00:00,1,-0.9999999999999176,SL,False
S2-17,ny_open_london_position,AUDUSD,2013-12-23 13:00:00+00:00,2013-12-23 13:15:00+00:00,2013-12-23 13:45:00+00:00,1,-1.0000000000000262,SL,False
S2-17,ny_open_london_position,AUDUSD,2013-12-31 12:30:00+00:00,2013-12-31 12:45:00+00:00,2013-12-31 12:45:00+00:00,1,-1.0000000000000424,SL,False
S2-17,ny_open_london_position,AUDUSD,2014-01-02 12:15:00+00:00,2014-01-02 12:30:00+00:00,2014-01-02 13:15:00+00:00,-1,-1.000000000000033,SL,False
S2-17,ny_open_london_position,AUDUSD,2014-01-09 13:00:00+00:00,2014-01-09 13:15:00+00:00,2014-01-09 13:15:00+00:00,-1,-1.0000000000000255,SL,False
S2-17,ny_open_london_position,AUDUSD,2014-01-27 12:15:00+00:00,2014-01-27 12:30:00+00:00,2014-01-27 13:30:00+00:00,1,-1.0000000000000429,SL,False
S2-17,ny_open_london_position,AUDUSD,2014-02-06 13:15:00+00:00,2014-02-06 13:30:00+00:00,2014-02-06 13:30:00+00:00,1,-0.9999999999999751,SL,False
S2-17,ny_open_london_position,AUDUSD,2014-02-06 13:45:00+00:00,2014-02-06 14:00:00+00:00,2014-02-06 14:00:00+00:00,1,-1.000000000000055,SL,False
S2-17,ny_open_london_position,AUDUSD,2014-02-21 12:30:00+00:00,2014-02-21 12:45:00+00:00,2014-02-21 13:00:00+00:00,-1,1.2500000000000313,TP,False
S2-17,ny_open_london_position,AUDUSD,2014-02-21 13:00:00+00:00,2014-02-21 13:15:00+00:00,2014-02-21 13:30:00+00:00,-1,1.2499999999999725,TP,False
S2-17,ny_open_london_position,AUDUSD,2014-02-21 13:30:00+00:00,2014-02-21 13:45:00+00:00,2014-02-21 14:15:00+00:00,-1,1.2499999999999745,TP,False
S2-17,ny_open_london_position,AUDUSD,2014-02-26 13:00:00+00:00,2014-02-26 13:15:00+00:00,2014-02-26 13:15:00+00:00,-1,1.2500000000000868,TP,False
S2-17,ny_open_london_position,AUDUSD,2014-02-26 13:15:00+00:00,2014-02-26 13:30:00+00:00,2014-02-26 13:30:00+00:00,-1,-1.0000000000000493,SL,False
S2-17,ny_open_london_position,AUDUSD,2014-02-26 13:30:00+00:00,2014-02-26 13:45:00+00:00,2014-02-26 15:00:00+00:00,-1,1.2500000000000657,TP,False
S2-17,ny_open_london_position,AUDUSD,2014-02-28 13:45:00+00:00,2014-02-28 14:00:00+00:00,2014-02-28 14:15:00+00:00,-1,1.25,TP,False
S2-17,ny_open_london_position,AUDUSD,2014-03-03 12:00:00+00:00,2014-03-03 12:15:00+00:00,2014-03-03 12:30:00+00:00,-1,-1.0000000000000235,SL,False
S2-17,ny_open_london_position,AUDUSD,2014-03-03 12:30:00+00:00,2014-03-03 12:45:00+00:00,2014-03-03 12:45:00+00:00,-1,-1.0,SL,False
S2-17,ny_open_london_position,AUDUSD,2014-03-06 13:00:00+00:00,2014-03-06 13:15:00+00:00,2014-03-06 13:30:00+00:00,1,-0.999999999999955,SL,False
S2-17,ny_open_london_position,AUDUSD,2014-03-06 13:30:00+00:00,2014-03-06 13:45:00+00:00,2014-03-06 13:45:00+00:00,1,-1.0,SL,False
S2-17,ny_open_london_position,AUDUSD,2014-03-06 13:45:00+00:00,2014-03-06 14:00:00+00:00,2014-03-06 14:45:00+00:00,1,1.2499999999999394,TP,False
S2-17,ny_open_london_position,AUDUSD,2014-03-07 12:15:00+00:00,2014-03-07 12:30:00+00:00,2014-03-07 13:00:00+00:00,1,-1.0000000000000338,SL,False
S2-17,ny_open_london_position,AUDUSD,2014-03-07 13:00:00+00:00,2014-03-07 13:15:00+00:00,2014-03-07 13:15:00+00:00,1,-1.0000000000001057,SL,False
S2-17,ny_open_london_position,AUDUSD,2014-03-13 13:15:00+00:00,2014-03-13 13:30:00+00:00,2014-03-13 13:30:00+00:00,1,1.2499999999999298,TP,False
S2-17,ny_open_london_position,AUDUSD,2014-03-13 13:30:00+00:00,2014-03-13 13:45:00+00:00,2014-03-13 14:45:00+00:00,1,-1.0000000000000409,SL,False
S2-17,ny_open_london_position,AUDUSD,2014-03-18 12:30:00+00:00,2014-03-18 12:45:00+00:00,2014-03-18 12:45:00+00:00,1,1.25,TP,False
S2-17,ny_open_london_position,AUDUSD,2014-03-18 12:45:00+00:00,2014-03-18 13:00:00+00:00,2014-03-18 13:15:00+00:00,1,-0.9999999999999348,SL,False
S2-17,ny_open_london_position,AUDUSD,2014-03-18 13:15:00+00:00,2014-03-18 13:30:00+00:00,2014-03-18 14:00:00+00:00,1,1.2500000000000393,TP,False
S2-17,ny_open_london_position,AUDUSD,2014-03-24 12:45:00+00:00,2014-03-24 13:00:00+00:00,2014-03-24 14:00:00+00:00,1,-0.99999999999995,SL,False
S2-17,ny_open_london_position,AUDUSD,2014-03-26 12:30:00+00:00,2014-03-26 12:45:00+00:00,2014-03-26 13:00:00+00:00,1,-0.9999999999999712,SL,False
S2-17,ny_open_london_position,AUDUSD,2014-04-04 12:00:00+00:00,2014-04-04 12:15:00+00:00,2014-04-04 12:15:00+00:00,1,1.2500000000000402,TP,False
S2-17,ny_open_london_position,AUDUSD,2014-04-04 12:15:00+00:00,2014-04-04 12:30:00+00:00,2014-04-04 12:30:00+00:00,1,-1.0000000000000364,SL,True
S2-17,ny_open_london_position,AUDUSD,2014-04-04 12:30:00+00:00,2014-04-04 12:45:00+00:00,2014-04-04 12:45:00+00:00,1,1.2500000000000246,TP,False
S2-17,ny_open_london_position,AUDUSD,2014-04-04 12:45:00+00:00,2014-04-04 13:00:00+00:00,2014-04-04 13:00:00+00:00,1,1.2499999999999358,TP,False
S2-17,ny_open_london_position,AUDUSD,2014-04-04 13:00:00+00:00,2014-04-04 13:15:00+00:00,2014-04-04 13:30:00+00:00,1,-0.9999999999999406,SL,False
S2-17,ny_open_london_position,AUDUSD,2014-04-04 13:30:00+00:00,2014-04-04 13:45:00+00:00,2014-04-04 14:00:00+00:00,1,1.2500000000000184,TP,False
S2-17,ny_open_london_position,AUDUSD,2014-04-07 13:30:00+00:00,2014-04-07 13:45:00+00:00,2014-04-07 13:45:00+00:00,-1,-1.0,SL,False
S2-17,ny_open_london_position,AUDUSD,2014-04-08 12:15:00+00:00,2014-04-08 12:30:00+00:00,2014-04-08 13:45:00+00:00,1,-0.9999999999999527,SL,False
S2-17,ny_open_london_position,AUDUSD,2014-04-14 12:00:00+00:00,2014-04-14 12:15:00+00:00,2014-04-14 12:30:00+00:00,1,-0.9999999999999089,SL,False
S2-17,ny_open_london_position,AUDUSD,2014-04-14 13:15:00+00:00,2014-04-14 13:30:00+00:00,2014-04-14 14:15:00+00:00,1,1.2500000000000293,TP,False
S2-17,ny_open_london_position,AUDUSD,2014-04-15 12:15:00+00:00,2014-04-15 12:30:00+00:00,2014-04-15 12:30:00+00:00,-1,-0.9999999999999715,SL,True
S2-17,ny_open_london_position,AUDUSD,2014-04-15 12:30:00+00:00,2014-04-15 12:45:00+00:00,2014-04-15 13:15:00+00:00,-1,1.2499999999999734,TP,False
S2-17,ny_open_london_position,AUDUSD,2014-04-15 13:15:00+00:00,2014-04-15 13:30:00+00:00,2014-04-15 13:45:00+00:00,-1,1.2499999999999307,TP,False
S2-17,ny_open_london_position,AUDUSD,2014-04-15 13:45:00+00:00,2014-04-15 14:00:00+00:00,2014-04-15 15:00:00+00:00,-1,1.249999999999979,TP,False
S2-17,ny_open_london_position,AUDUSD,2014-04-17 12:15:00+00:00,2014-04-17 12:30:00+00:00,2014-04-17 12:30:00+00:00,-1,-0.9999999999999497,SL,False
S2-17,ny_open_london_position,AUDUSD,2014-04-23 13:15:00+00:00,2014-04-23 13:30:00+00:00,2014-04-23 14:00:00+00:00,-1,-1.0000000000000882,SL,False
S2-17,ny_open_london_position,AUDUSD,2014-04-24 12:30:00+00:00,2014-04-24 12:45:00+00:00,2014-04-24 13:45:00+00:00,-1,-1.0000000000000497,SL,False
S2-17,ny_open_london_position,AUDUSD,2014-04-24 13:45:00+00:00,2014-04-24 14:00:00+00:00,2014-04-24 14:00:00+00:00,-1,-1.0000000000000482,SL,False
S2-17,ny_open_london_position,AUDUSD,2014-05-02 12:30:00+00:00,2014-05-02 12:45:00+00:00,2014-05-02 12:45:00+00:00,-1,-1.0,SL,False
S2-17,ny_open_london_position,AUDUSD,2014-05-02 12:45:00+00:00,2014-05-02 13:00:00+00:00,2014-05-02 13:45:00+00:00,-1,-1.0000000000000446,SL,False
S2-17,ny_open_london_position,AUDUSD,2014-05-02 13:45:00+00:00,2014-05-02 14:00:00+00:00,2014-05-02 14:15:00+00:00,-1,-0.9999999999999573,SL,False
S2-17,ny_open_london_position,AUDUSD,2014-05-06 12:45:00+00:00,2014-05-06 13:00:00+00:00,2014-05-06 14:15:00+00:00,1,1.249999999999983,TP,False
S2-17,ny_open_london_position,AUDUSD,2014-05-12 12:15:00+00:00,2014-05-12 12:30:00+00:00,2014-05-12 12:30:00+00:00,1,-0.9999999999999645,SL,False
S2-17,ny_open_london_position,AUDUSD,2014-05-12 12:30:00+00:00,2014-05-12 12:45:00+00:00,2014-05-12 13:15:00+00:00,1,-1.0000000000001006,SL,False
S2-17,ny_open_london_position,AUDUSD,2014-05-15 13:00:00+00:00,2014-05-15 13:15:00+00:00,2014-05-15 14:00:00+00:00,-1,1.2500000000000597,TP,False
S2-17,ny_open_london_position,AUDUSD,2014-05-20 12:15:00+00:00,2014-05-20 12:30:00+00:00,2014-05-20 12:30:00+00:00,-1,-1.0000000000000626,SL,False
S2-17,ny_open_london_position,AUDUSD,2014-05-20 13:00:00+00:00,2014-05-20 13:15:00+00:00,2014-05-20 13:30:00+00:00,-1,-1.000000000000105,SL,False
S2-17,ny_open_london_position,AUDUSD,2014-05-20 13:45:00+00:00,2014-05-20 14:00:00+00:00,2014-05-20 14:00:00+00:00,-1,-0.9999999999999062,SL,False
S2-17,ny_open_london_position,AUDUSD,2014-05-21 12:45:00+00:00,2014-05-21 13:00:00+00:00,2014-05-21 13:30:00+00:00,-1,-1.000000000000027,SL,False
S2-17,ny_open_london_position,AUDUSD,2014-05-21 13:30:00+00:00,2014-05-21 13:45:00+00:00,2014-05-21 13:45:00+00:00,-1,1.2500000000000258,TP,False
S2-17,ny_open_london_position,AUDUSD,2014-05-21 13:45:00+00:00,2014-05-21 14:00:00+00:00,2014-05-21 15:00:00+00:00,-1,-1.0000000000000724,SL,False
S2-17,ny_open_london_position,AUDUSD,2014-05-22 12:15:00+00:00,2014-05-22 12:30:00+00:00,2014-05-22 12:30:00+00:00,-1,-0.9999999999999145,SL,False
S2-17,ny_open_london_position,AUDUSD,2014-06-02 12:30:00+00:00,2014-06-02 12:45:00+00:00,2014-06-02 13:45:00+00:00,-1,-1.0000000000000986,SL,False
S2-17,ny_open_london_position,AUDUSD,2014-06-02 13:45:00+00:00,2014-06-02 14:00:00+00:00,2014-06-02 14:00:00+00:00,-1,-1.0000000000000568,SL,False
S2-17,ny_open_london_position,AUDUSD,2014-06-03 12:45:00+00:00,2014-06-03 13:00:00+00:00,2014-06-03 14:00:00+00:00,-1,1.25,TP,False
S2-17,ny_open_london_position,AUDUSD,2014-06-05 12:45:00+00:00,2014-06-05 13:00:00+00:00,2014-06-05 13:45:00+00:00,1,-1.0,SL,False
S2-17,ny_open_london_position,AUDUSD,2014-06-05 13:45:00+00:00,2014-06-05 14:00:00+00:00,2014-06-05 14:15:00+00:00,1,1.2500000000000355,TP,False
S2-17,ny_open_london_position,AUDUSD,2014-06-10 12:15:00+00:00,2014-06-10 12:30:00+00:00,2014-06-10 13:00:00+00:00,1,-1.0000000000001008,SL,False
S2-17,ny_open_london_position,AUDUSD,2014-06-12 13:30:00+00:00,2014-06-12 13:45:00+00:00,2014-06-12 15:15:00+00:00,1,1.250000000000049,TP,False
S2-17,ny_open_london_position,AUDUSD,2014-06-16 13:00:00+00:00,2014-06-16 13:15:00+00:00,2014-06-16 13:15:00+00:00,-1,-0.9999999999999364,SL,False
S2-17,ny_open_london_position,AUDUSD,2014-06-16 13:15:00+00:00,2014-06-16 13:30:00+00:00,2014-06-16 13:30:00+00:00,-1,-1.0,SL,False
S2-17,ny_open_london_position,AUDUSD,2014-06-17 12:30:00+00:00,2014-06-17 12:45:00+00:00,2014-06-17 16:30:00+00:00,-1,-0.5512656049560402,TIME,False
S2-17,ny_open_london_position,AUDUSD,2014-06-24 13:00:00+00:00,2014-06-24 13:15:00+00:00,2014-06-24 13:15:00+00:00,-1,1.2500000000000657,TP,False
S2-17,ny_open_london_position,AUDUSD,2014-06-24 13:15:00+00:00,2014-06-24 13:30:00+00:00,2014-06-24 13:30:00+00:00,-1,-1.0000000000000302,SL,False
S2-17,ny_open_london_position,AUDUSD,2014-06-24 13:30:00+00:00,2014-06-24 13:45:00+00:00,2014-06-24 14:00:00+00:00,-1,1.2500000000000286,TP,False
S2-17,ny_open_london_position,AUDUSD,2014-06-30 12:15:00+00:00,2014-06-30 12:30:00+00:00,2014-06-30 12:45:00+00:00,-1,-1.0,SL,False
S2-17,ny_open_london_position,AUDUSD,2014-06-30 13:00:00+00:00,2014-06-30 13:15:00+00:00,2014-06-30 13:15:00+00:00,-1,-1.0,SL,False
S2-17,ny_open_london_position,AUDUSD,2014-07-01 12:45:00+00:00,2014-07-01 13:00:00+00:00,2014-07-01 13:00:00+00:00,1,1.25,TP,False
S2-17,ny_open_london_position,AUDUSD,2014-07-01 13:00:00+00:00,2014-07-01 13:15:00+00:00,2014-07-01 14:00:00+00:00,1,1.2500000000000555,TP,False
S2-17,ny_open_london_position,AUDUSD,2014-07-03 12:30:00+00:00,2014-07-03 12:45:00+00:00,2014-07-03 12:45:00+00:00,-1,1.2500000000000444,TP,False
S2-17,ny_open_london_position,AUDUSD,2014-07-03 12:45:00+00:00,2014-07-03 13:00:00+00:00,2014-07-03 13:00:00+00:00,-1,-0.9999999999999595,SL,False
S2-17,ny_open_london_position,AUDUSD,2014-07-03 13:00:00+00:00,2014-07-03 13:15:00+00:00,2014-07-03 14:00:00+00:00,-1,-0.9999999999999608,SL,False
S2-17,ny_open_london_position,AUDUSD,2014-07-08 13:00:00+00:00,2014-07-08 13:15:00+00:00,2014-07-08 13:30:00+00:00,1,1.2500000000001101,TP,False
S2-17,ny_open_london_position,AUDUSD,2014-07-08 13:30:00+00:00,2014-07-08 13:45:00+00:00,2014-07-08 14:00:00+00:00,1,-1.0,SL,False
S2-17,ny_open_london_position,AUDUSD,2014-07-11 13:15:00+00:00,2014-07-11 13:30:00+00:00,2014-07-11 13:45:00+00:00,1,-0.99999999999995,SL,False
S2-17,ny_open_london_position,AUDUSD,2014-07-17 12:30:00+00:00,2014-07-17 12:45:00+00:00,2014-07-17 13:00:00+00:00,1,1.249999999999967,TP,False
S2-17,ny_open_london_position,AUDUSD,2014-07-17 13:00:00+00:00,2014-07-17 13:15:00+00:00,2014-07-17 13:45:00+00:00,1,-1.0000000000000582,SL,False
S2-17,ny_open_london_position,AUDUSD,2014-07-17 13:45:00+00:00,2014-07-17 14:00:00+00:00,2014-07-17 14:00:00+00:00,1,-1.0000000000000853,SL,False
S2-17,ny_open_london_position,AUDUSD,2014-07-22 12:30:00+00:00,2014-07-22 12:45:00+00:00,2014-07-22 12:45:00+00:00,1,1.25,TP,False
S2-17,ny_open_london_position,AUDUSD,2014-07-22 12:45:00+00:00,2014-07-22 13:00:00+00:00,2014-07-22 13:15:00+00:00,1,-0.9999999999999326,SL,False
S2-17,ny_open_london_position,AUDUSD,2014-07-22 13:15:00+00:00,2014-07-22 13:30:00+00:00,2014-07-22 13:45:00+00:00,1,-0.9999999999999364,SL,False
S2-17,ny_open_london_position,AUDUSD,2014-07-22 13:45:00+00:00,2014-07-22 14:00:00+00:00,2014-07-22 14:00:00+00:00,1,-1.0000000000000413,SL,False
S2-17,ny_open_london_position,AUDUSD,2014-07-29 12:00:00+00:00,2014-07-29 12:15:00+00:00,2014-07-29 12:15:00+00:00,-1,1.2499999999998692,TP,False
S2-17,ny_open_london_position,AUDUSD,2014-07-29 12:15:00+00:00,2014-07-29 12:30:00+00:00,2014-07-29 13:00:00+00:00,-1,-1.0000000000000386,SL,False
S2-17,ny_open_london_position,AUDUSD,2014-07-29 13:00:00+00:00,2014-07-29 13:15:00+00:00,2014-07-29 14:00:00+00:00,-1,1.2500000000000693,TP,False
S2-17,ny_open_london_position,AUDUSD,2014-07-30 12:30:00+00:00,2014-07-30 12:45:00+00:00,2014-07-30 12:45:00+00:00,-1,-1.000000000000083,SL,False
S2-17,ny_open_london_position,AUDUSD,2014-07-30 12:45:00+00:00,2014-07-30 13:00:00+00:00,2014-07-30 13:15:00+00:00,-1,1.2499999999999498,TP,False
S2-17,ny_open_london_position,AUDUSD,2014-07-30 13:15:00+00:00,2014-07-30 13:30:00+00:00,2014-07-30 14:15:00+00:00,-1,1.2499999999999558,TP,False
S2-17,ny_open_london_position,AUDUSD,2014-08-04 13:00:00+00:00,2014-08-04 13:15:00+00:00,2014-08-04 13:45:00+00:00,1,1.2499999999998492,TP,False
S2-17,ny_open_london_position,AUDUSD,2014-08-04 13:45:00+00:00,2014-08-04 14:00:00+00:00,2014-08-04 14:00:00+00:00,1,-1.0,SL,False
S2-17,ny_open_london_position,AUDUSD,2014-08-11 13:15:00+00:00,2014-08-11 13:30:00+00:00,2014-08-11 13:30:00+00:00,-1,-1.0000000000000446,SL,False
S2-17,ny_open_london_position,AUDUSD,2014-08-13 12:30:00+00:00,2014-08-13 12:45:00+00:00,2014-08-13 14:15:00+00:00,1,-0.9999999999999393,SL,False
S2-17,ny_open_london_position,AUDUSD,2014-08-26 13:00:00+00:00,2014-08-26 13:15:00+00:00,2014-08-26 13:45:00+00:00,1,-0.9999999999999687,SL,False
S2-17,ny_open_london_position,AUDUSD,2014-08-26 13:45:00+00:00,2014-08-26 14:00:00+00:00,2014-08-26 14:00:00+00:00,1,-0.9999999999999674,SL,False
S2-17,ny_open_london_position,AUDUSD,2014-09-01 12:15:00+00:00,2014-09-01 12:30:00+00:00,2014-09-01 12:45:00+00:00,-1,-1.0,SL,False
S2-17,ny_open_london_position,AUDUSD,2014-09-02 12:15:00+00:00,2014-09-02 12:30:00+00:00,2014-09-02 12:30:00+00:00,-1,-1.000000000000041,SL,False
S2-17,ny_open_london_position,AUDUSD,2014-09-02 12:30:00+00:00,2014-09-02 12:45:00+00:00,2014-09-02 12:45:00+00:00,-1,-0.9999999999998801,SL,False
S2-17,ny_open_london_position,AUDUSD,2014-09-04 12:15:00+00:00,2014-09-04 12:30:00+00:00,2014-09-04 12:30:00+00:00,1,-0.9999999999999363,SL,True
S2-17,ny_open_london_position,AUDUSD,2014-09-04 12:30:00+00:00,2014-09-04 12:45:00+00:00,2014-09-04 12:45:00+00:00,1,-1.0000000000000173,SL,False
S2-17,ny_open_london_position,AUDUSD,2014-09-04 12:45:00+00:00,2014-09-04 13:00:00+00:00,2014-09-04 13:30:00+00:00,1,1.24999999999995,TP,False
S2-17,ny_open_london_position,AUDUSD,2014-09-04 13:30:00+00:00,2014-09-04 13:45:00+00:00,2014-09-04 14:45:00+00:00,1,-0.9999999999999848,SL,False
S2-17,ny_open_london_position,AUDUSD,2014-09-05 12:30:00+00:00,2014-09-05 12:45:00+00:00,2014-09-05 12:45:00+00:00,1,1.2500000000000495,TP,False
S2-17,ny_open_london_position,AUDUSD,2014-09-05 12:45:00+00:00,2014-09-05 13:00:00+00:00,2014-09-05 13:00:00+00:00,1,-1.00000000000002,SL,False
S2-17,ny_open_london_position,AUDUSD,2014-09-05 13:00:00+00:00,2014-09-05 13:15:00+00:00,2014-09-05 14:00:00+00:00,1,1.25,TP,False
S2-17,ny_open_london_position,AUDUSD,2014-09-09 12:45:00+00:00,2014-09-09 13:00:00+00:00,2014-09-09 13:00:00+00:00,-1,1.24999999999998,TP,False
S2-17,ny_open_london_position,AUDUSD,2014-09-09 13:00:00+00:00,2014-09-09 13:15:00+00:00,2014-09-09 13:45:00+00:00,-1,1.25,TP,False
S2-17,ny_open_london_position,AUDUSD,2014-09-09 13:45:00+00:00,2014-09-09 14:00:00+00:00,2014-09-09 14:00:00+00:00,-1,1.2500000000000453,TP,False
S2-17,ny_open_london_position,AUDUSD,2014-09-11 13:00:00+00:00,2014-09-11 13:15:00+00:00,2014-09-11 13:15:00+00:00,-1,-1.0,SL,False
S2-17,ny_open_london_position,AUDUSD,2014-09-11 13:30:00+00:00,2014-09-11 13:45:00+00:00,2014-09-11 14:15:00+00:00,-1,-1.0000000000000286,SL,False
S2-17,ny_open_london_position,AUDUSD,2014-09-12 13:15:00+00:00,2014-09-12 13:30:00+00:00,2014-09-12 14:00:00+00:00,-1,-0.9999999999999796,SL,False
S2-17,ny_open_london_position,AUDUSD,2014-09-22 12:45:00+00:00,2014-09-22 13:00:00+00:00,2014-09-22 13:45:00+00:00,-1,-1.0000000000000813,SL,False
S2-17,ny_open_london_position,AUDUSD,2014-09-23 13:15:00+00:00,2014-09-23 13:30:00+00:00,2014-09-23 13:30:00+00:00,-1,1.2500000000000322,TP,False
S2-17,ny_open_london_position,AUDUSD,2014-09-23 13:30:00+00:00,2014-09-23 13:45:00+00:00,2014-09-23 14:15:00+00:00,-1,1.25,TP,False
S2-17,ny_open_london_position,AUDUSD,2014-09-25 13:15:00+00:00,2014-09-25 13:30:00+00:00,2014-09-25 13:45:00+00:00,-1,-1.0,SL,False
S2-17,ny_open_london_position,AUDUSD,2014-10-07 12:30:00+00:00,2014-10-07 12:45:00+00:00,2014-10-07 12:45:00+00:00,1,-0.9999999999999851,SL,False
S2-17,ny_open_london_position,AUDUSD,2014-10-07 13:00:00+00:00,2014-10-07 13:15:00+00:00,2014-10-07 13:15:00+00:00,1,1.2499999999999851,TP,False
S2-17,ny_open_london_position,AUDUSD,2014-10-07 13:15:00+00:00,2014-10-07 13:30:00+00:00,2014-10-07 14:15:00+00:00,1,-1.0,SL,False
S2-17,ny_open_london_position,AUDUSD,2014-10-10 12:15:00+00:00,2014-10-10 12:30:00+00:00,2014-10-10 12:45:00+00:00,-1,-0.9999999999999845,SL,False
S2-17,ny_open_london_position,AUDUSD,2014-10-10 12:45:00+00:00,2014-10-10 13:00:00+00:00,2014-10-10 13:00:00+00:00,-1,-1.0000000000000444,SL,False
S2-17,ny_open_london_position,AUDUSD,2014-10-20 13:30:00+00:00,2014-10-20 13:45:00+00:00,2014-10-20 14:00:00+00:00,1,1.249999999999959,TP,False
S2-17,ny_open_london_position,AUDUSD,2014-10-21 12:15:00+00:00,2014-10-21 12:30:00+00:00,2014-10-21 12:30:00+00:00,1,1.25,TP,False
S2-17,ny_open_london_position,AUDUSD,2014-10-21 12:30:00+00:00,2014-10-21 12:45:00+00:00,2014-10-21 13:00:00+00:00,1,-1.0000000000000449,SL,False
S2-17,ny_open_london_position,AUDUSD,2014-10-28 12:30:00+00:00,2014-10-28 12:45:00+00:00,2014-10-28 13:00:00+00:00,1,1.2499999999999476,TP,False
S2-17,ny_open_london_position,AUDUSD,2014-10-28 13:00:00+00:00,2014-10-28 13:15:00+00:00,2014-10-28 13:15:00+00:00,1,-0.9999999999999685,SL,False
S2-17,ny_open_london_position,AUDUSD,2014-10-28 13:15:00+00:00,2014-10-28 13:30:00+00:00,2014-10-28 13:30:00+00:00,1,-1.0000000000000435,SL,False
S2-17,ny_open_london_position,AUDUSD,2014-10-28 13:30:00+00:00,2014-10-28 13:45:00+00:00,2014-10-28 14:00:00+00:00,1,-1.0000000000000138,SL,False
S2-17,ny_open_london_position,AUDUSD,2014-10-29 12:00:00+00:00,2014-10-29 12:15:00+00:00,2014-10-29 13:00:00+00:00,1,-1.0000000000000882,SL,False
S2-17,ny_open_london_position,AUDUSD,2014-10-29 13:15:00+00:00,2014-10-29 13:30:00+00:00,2014-10-29 13:30:00+00:00,1,-1.000000000000081,SL,False
S2-17,ny_open_london_position,AUDUSD,2014-10-29 13:30:00+00:00,2014-10-29 13:45:00+00:00,2014-10-29 13:45:00+00:00,1,-1.000000000000078,SL,False
S2-17,ny_open_london_position,AUDUSD,2014-10-29 13:45:00+00:00,2014-10-29 14:00:00+00:00,2014-10-29 14:15:00+00:00,1,1.2500000000000258,TP,False
S2-17,ny_open_london_position,AUDUSD,2014-10-31 13:15:00+00:00,2014-10-31 13:30:00+00:00,2014-10-31 13:30:00+00:00,-1,-0.9999999999999766,SL,False
S2-17,ny_open_london_position,AUDUSD,2014-10-31 13:30:00+00:00,2014-10-31 13:45:00+00:00,2014-10-31 14:30:00+00:00,-1,1.25,TP,False
S2-17,ny_open_london_position,AUDUSD,2014-11-03 13:00:00+00:00,2014-11-03 13:15:00+00:00,2014-11-03 13:15:00+00:00,-1,-1.0,SL,False
S2-17,ny_open_london_position,AUDUSD,2014-11-05 12:45:00+00:00,2014-11-05 13:00:00+00:00,2014-11-05 13:15:00+00:00,-1,-0.999999999999988,SL,False
S2-17,ny_open_london_position,AUDUSD,2014-11-14 13:00:00+00:00,2014-11-14 13:15:00+00:00,2014-11-14 13:15:00+00:00,-1,-1.0,SL,False
S2-17,ny_open_london_position,AUDUSD,2014-11-14 13:30:00+00:00,2014-11-14 13:45:00+00:00,2014-11-14 14:15:00+00:00,-1,-0.999999999999971,SL,False
S2-17,ny_open_london_position,AUDUSD,2014-12-02 12:30:00+00:00,2014-12-02 12:45:00+00:00,2014-12-02 13:30:00+00:00,-1,-1.0000000000000344,SL,False
S2-17,ny_open_london_position,AUDUSD,2014-12-05 13:30:00+00:00,2014-12-05 13:45:00+00:00,2014-12-05 14:00:00+00:00,-1,-1.0000000000000158,SL,False
S2-17,ny_open_london_position,AUDUSD,2014-12-10 13:00:00+00:00,2014-12-10 13:15:00+00:00,2014-12-10 13:30:00+00:00,1,-1.0,SL,False
S2-17,ny_open_london_position,AUDUSD,2014-12-15 12:30:00+00:00,2014-12-15 12:45:00+00:00,2014-12-15 13:45:00+00:00,-1,-1.0000000000000173,SL,False
S2-17,ny_open_london_position,AUDUSD,2014-12-15 13:45:00+00:00,2014-12-15 14:00:00+00:00,2014-12-15 14:15:00+00:00,-1,1.2500000000000353,TP,False
S2-17,ny_open_london_position,AUDUSD,2014-12-22 13:45:00+00:00,2014-12-22 14:00:00+00:00,2014-12-22 14:15:00+00:00,-1,-0.9999999999999751,SL,False
S2-17,ny_open_london_position,AUDUSD,2014-12-26 12:00:00+00:00,2014-12-26 12:15:00+00:00,2014-12-26 12:15:00+00:00,1,-1.0000000000001485,SL,False
S2-17,ny_open_london_position,AUDUSD,2014-12-30 13:15:00+00:00,2014-12-30 13:30:00+00:00,2014-12-30 14:00:00+00:00,1,1.25,TP,False
S2-17,ny_open_london_position,AUDUSD,2014-12-31 12:00:00+00:00,2014-12-31 12:15:00+00:00,2014-12-31 12:15:00+00:00,1,-1.0,SL,False
S2-17,ny_open_london_position,AUDUSD,2015-01-02 12:00:00+00:00,2015-01-02 12:15:00+00:00,2015-01-02 15:00:00+00:00,-1,-0.9999999999999791,SL,False
S2-17,ny_open_london_position,AUDUSD,2015-01-07 13:15:00+00:00,2015-01-07 13:30:00+00:00,2015-01-07 13:30:00+00:00,-1,-1.000000000000051,SL,False
S2-17,ny_open_london_position,AUDUSD,2015-01-07 13:45:00+00:00,2015-01-07 14:00:00+00:00,2015-01-07 15:30:00+00:00,-1,1.2500000000000477,TP,False
S2-17,ny_open_london_position,AUDUSD,2015-01-09 13:15:00+00:00,2015-01-09 13:30:00+00:00,2015-01-09 13:30:00+00:00,1,-1.0,SL,True
S2-17,ny_open_london_position,AUDUSD,2015-01-09 13:45:00+00:00,2015-01-09 14:00:00+00:00,2015-01-09 14:15:00+00:00,1,1.25,TP,False
S2-17,ny_open_london_position,AUDUSD,2015-01-15 12:30:00+00:00,2015-01-15 12:45:00+00:00,2015-01-15 13:00:00+00:00,1,1.2500000000000118,TP,False
S2-17,ny_open_london_position,AUDUSD,2015-01-15 13:00:00+00:00,2015-01-15 13:15:00+00:00,2015-01-15 13:30:00+00:00,1,-1.0000000000000184,SL,False
S2-17,ny_open_london_position,AUDUSD,2015-01-15 13:30:00+00:00,2015-01-15 13:45:00+00:00,2015-01-15 14:00:00+00:00,1,-0.999999999999993,SL,False
S2-17,ny_open_london_position,AUDUSD,2015-01-23 12:15:00+00:00,2015-01-23 12:30:00+00:00,2015-01-23 12:30:00+00:00,-1,1.2499999999999631,TP,False
S2-17,ny_open_london_position,AUDUSD,2015-01-23 12:30:00+00:00,2015-01-23 12:45:00+00:00,2015-01-23 12:45:00+00:00,-1,1.2499999999999774,TP,False
S2-17,ny_open_london_position,AUDUSD,2015-01-23 12:45:00+00:00,2015-01-23 13:00:00+00:00,2015-01-23 13:00:00+00:00,-1,-0.9999999999999795,SL,False
S2-17,ny_open_london_position,AUDUSD,2015-01-23 13:00:00+00:00,2015-01-23 13:15:00+00:00,2015-01-23 13:30:00+00:00,-1,-0.9999999999999902,SL,False
S2-17,ny_open_london_position,AUDUSD,2015-01-23 13:30:00+00:00,2015-01-23 13:45:00+00:00,2015-01-23 15:30:00+00:00,-1,-0.9999999999999913,SL,False
S2-17,ny_open_london_position,AUDUSD,2015-01-29 12:45:00+00:00,2015-01-29 13:00:00+00:00,2015-01-29 13:15:00+00:00,-1,-0.9999999999999639,SL,False
S2-17,ny_open_london_position,AUDUSD,2015-02-06 12:30:00+00:00,2015-02-06 12:45:00+00:00,2015-02-06 13:00:00+00:00,1,-0.9999999999999669,SL,False
S2-17,ny_open_london_position,AUDUSD,2015-02-06 13:00:00+00:00,2015-02-06 13:15:00+00:00,2015-02-06 13:15:00+00:00,1,1.2500000000000164,TP,False
S2-17,ny_open_london_position,AUDUSD,2015-02-06 13:15:00+00:00,2015-02-06 13:30:00+00:00,2015-02-06 13:30:00+00:00,1,-1.0000000000000462,SL,False
S2-17,ny_open_london_position,AUDUSD,2015-02-17 12:45:00+00:00,2015-02-17 13:00:00+00:00,2015-02-17 13:00:00+00:00,1,-0.999999999999967,SL,False
S2-17,ny_open_london_position,AUDUSD,2015-03-04 12:15:00+00:00,2015-03-04 12:30:00+00:00,2015-03-04 12:30:00+00:00,1,-1.0,SL,False
S2-17,ny_open_london_position,AUDUSD,2015-03-04 12:30:00+00:00,2015-03-04 12:45:00+00:00,2015-03-04 13:15:00+00:00,1,1.2499999999999467,TP,False
S2-17,ny_open_london_position,AUDUSD,2015-03-04 13:15:00+00:00,2015-03-04 13:30:00+00:00,2015-03-04 14:00:00+00:00,1,-1.0000000000000453,SL,False
S2-17,ny_open_london_position,AUDUSD,2015-03-05 13:00:00+00:00,2015-03-05 13:15:00+00:00,2015-03-05 13:30:00+00:00,-1,-1.0,SL,False
S2-17,ny_open_london_position,AUDUSD,2015-03-05 13:30:00+00:00,2015-03-05 13:45:00+00:00,2015-03-05 14:15:00+00:00,-1,-1.0000000000000209,SL,False
S2-17,ny_open_london_position,AUDUSD,2015-03-12 12:30:00+00:00,2015-03-12 12:45:00+00:00,2015-03-12 12:45:00+00:00,1,1.25,TP,False
S2-17,ny_open_london_position,AUDUSD,2015-03-12 12:45:00+00:00,2015-03-12 13:00:00+00:00,2015-03-12 13:45:00+00:00,1,-1.0000000000000224,SL,False
S2-17,ny_open_london_position,AUDUSD,2015-03-12 13:45:00+00:00,2015-03-12 14:00:00+00:00,2015-03-12 16:30:00+00:00,1,-0.9999999999999896,SL,False
S2-17,ny_open_london_position,AUDUSD,2015-03-17 13:15:00+00:00,2015-03-17 13:30:00+00:00,2015-03-17 15:45:00+00:00,-1,1.24999999999995,TP,False
S2-17,ny_open_london_position,AUDUSD,2015-03-20 13:00:00+00:00,2015-03-20 13:15:00+00:00,2015-03-20 13:15:00+00:00,1,1.250000000000034,TP,False
S2-17,ny_open_london_position,AUDUSD,2015-03-20 13:15:00+00:00,2015-03-20 13:30:00+00:00,2015-03-20 13:30:00+00:00,1,-1.0000000000000429,SL,False
S2-17,ny_open_london_position,AUDUSD,2015-03-20 13:30:00+00:00,2015-03-20 13:45:00+00:00,2015-03-20 13:45:00+00:00,1,1.25,TP,False
S2-17,ny_open_london_position,AUDUSD,2015-03-20 13:45:00+00:00,2015-03-20 14:00:00+00:00,2015-03-20 15:45:00+00:00,1,1.2499999999999878,TP,False
S2-17,ny_open_london_position,AUDUSD,2015-03-23 12:45:00+00:00,2015-03-23 13:00:00+00:00,2015-03-23 13:15:00+00:00,1,1.2500000000000253,TP,False
S2-17,ny_open_london_position,AUDUSD,2015-03-23 13:15:00+00:00,2015-03-23 13:30:00+00:00,2015-03-23 14:00:00+00:00,1,-0.9999999999999741,SL,False
S2-17,ny_open_london_position,AUDUSD,2015-03-24 12:30:00+00:00,2015-03-24 12:45:00+00:00,2015-03-24 13:00:00+00:00,1,-0.9999999999999779,SL,False
S2-17,ny_open_london_position,AUDUSD,2015-03-24 13:00:00+00:00,2015-03-24 13:15:00+00:00,2015-03-24 13:15:00+00:00,1,-1.0,SL,False
S2-17,ny_open_london_position,AUDUSD,2015-03-25 12:15:00+00:00,2015-03-25 12:30:00+00:00,2015-03-25 12:30:00+00:00,1,1.2499999999999682,TP,False
S2-17,ny_open_london_position,AUDUSD,2015-03-25 12:30:00+00:00,2015-03-25 12:45:00+00:00,2015-03-25 13:30:00+00:00,1,-1.000000000000015,SL,False
S2-17,ny_open_london_position,AUDUSD,2015-03-30 13:00:00+00:00,2015-03-30 13:15:00+00:00,2015-03-30 13:30:00+00:00,-1,-0.999999999999968,SL,False
S2-17,ny_open_london_position,AUDUSD,2015-04-03 13:00:00+00:00,2015-04-03 13:15:00+00:00,2015-04-03 13:15:00+00:00,1,-0.9999999999999719,SL,False
S2-17,ny_open_london_position,AUDUSD,2015-04-03 13:15:00+00:00,2015-04-03 13:30:00+00:00,2015-04-03 16:00:00+00:00,1,-1.161301693611703,FRIDAY,False
S2-17,ny_open_london_position,AUDUSD,2015-04-28 13:30:00+00:00,2015-04-28 13:45:00+00:00,2015-04-28 14:30:00+00:00,1,1.2500000000000133,TP,False
S2-17,ny_open_london_position,AUDUSD,2015-04-29 12:30:00+00:00,2015-04-29 12:45:00+00:00,2015-04-29 12:45:00+00:00,1,-1.0,SL,False
S2-17,ny_open_london_position,AUDUSD,2015-04-29 12:45:00+00:00,2015-04-29 13:00:00+00:00,2015-04-29 13:15:00+00:00,1,1.2500000000000273,TP,False
S2-17,ny_open_london_position,AUDUSD,2015-04-29 13:15:00+00:00,2015-04-29 13:30:00+00:00,2015-04-29 13:45:00+00:00,1,1.2499999999999871,TP,False
S2-17,ny_open_london_position,AUDUSD,2015-04-29 13:45:00+00:00,2015-04-29 14:00:00+00:00,2015-04-29 14:15:00+00:00,1,1.25,TP,False
S2-17,ny_open_london_position,AUDUSD,2015-04-30 13:00:00+00:00,2015-04-30 13:15:00+00:00,2015-04-30 13:30:00+00:00,-1,1.2499999999999867,TP,False
S2-17,ny_open_london_position,AUDUSD,2015-04-30 13:30:00+00:00,2015-04-30 13:45:00+00:00,2015-04-30 13:45:00+00:00,-1,-1.0,SL,False
S2-17,ny_open_london_position,AUDUSD,2015-04-30 13:45:00+00:00,2015-04-30 14:00:00+00:00,2015-04-30 15:45:00+00:00,-1,1.249999999999988,TP,False
S2-17,ny_open_london_position,AUDUSD,2015-05-01 12:30:00+00:00,2015-05-01 12:45:00+00:00,2015-05-01 12:45:00+00:00,-1,-0.9999999999999549,SL,False
S2-17,ny_open_london_position,AUDUSD,2015-05-01 12:45:00+00:00,2015-05-01 13:00:00+00:00,2015-05-01 13:45:00+00:00,-1,-0.9999999999999856,SL,False
S2-17,ny_open_london_position,AUDUSD,2015-05-01 13:45:00+00:00,2015-05-01 14:00:00+00:00,2015-05-01 14:00:00+00:00,-1,-0.9999999999999565,SL,True
S2-17,ny_open_london_position,AUDUSD,2015-05-05 12:30:00+00:00,2015-05-05 12:45:00+00:00,2015-05-05 12:45:00+00:00,1,1.2499999999999543,TP,False
S2-17,ny_open_london_position,AUDUSD,2015-05-05 12:45:00+00:00,2015-05-05 13:00:00+00:00,2015-05-05 13:30:00+00:00,1,-0.9999999999999585,SL,False
S2-17,ny_open_london_position,AUDUSD,2015-05-05 13:30:00+00:00,2015-05-05 13:45:00+00:00,2015-05-05 14:00:00+00:00,1,-1.0,SL,False
S2-17,ny_open_london_position,AUDUSD,2015-05-06 12:15:00+00:00,2015-05-06 12:30:00+00:00,2015-05-06 14:00:00+00:00,1,1.2500000000000346,TP,False
S2-17,ny_open_london_position,AUDUSD,2015-05-08 12:30:00+00:00,2015-05-08 12:45:00+00:00,2015-05-08 12:45:00+00:00,-1,-0.9999999999999885,SL,False
S2-17,ny_open_london_position,AUDUSD,2015-05-13 12:30:00+00:00,2015-05-13 12:45:00+00:00,2015-05-13 13:45:00+00:00,1,1.249999999999974,TP,False
S2-17,ny_open_london_position,AUDUSD,2015-05-13 13:45:00+00:00,2015-05-13 14:00:00+00:00,2015-05-13 15:45:00+00:00,1,1.250000000000025,TP,False
S2-17,ny_open_london_position,AUDUSD,2015-05-15 12:00:00+00:00,2015-05-15 12:15:00+00:00,2015-05-15 12:15:00+00:00,-1,-1.000000000000047,SL,False
S2-17,ny_open_london_position,AUDUSD,2015-05-15 12:45:00+00:00,2015-05-15 13:00:00+00:00,2015-05-15 13:00:00+00:00,-1,-1.000000000000061,SL,False
S2-17,ny_open_london_position,AUDUSD,2015-05-18 13:30:00+00:00,2015-05-18 13:45:00+00:00,2015-05-18 14:00:00+00:00,-1,-0.9999999999999649,SL,False
S2-17,ny_open_london_position,AUDUSD,2015-05-19 12:30:00+00:00,2015-05-19 12:45:00+00:00,2015-05-19 12:45:00+00:00,-1,1.2500000000000528,TP,False
S2-17,ny_open_london_position,AUDUSD,2015-05-19 12:45:00+00:00,2015-05-19 13:00:00+00:00,2015-05-19 13:00:00+00:00,-1,-0.9999999999999836,SL,False
S2-17,ny_open_london_position,AUDUSD,2015-05-19 13:00:00+00:00,2015-05-19 13:15:00+00:00,2015-05-19 13:30:00+00:00,-1,-1.000000000000048,SL,False
S2-17,ny_open_london_position,AUDUSD,2015-05-19 13:30:00+00:00,2015-05-19 13:45:00+00:00,2015-05-19 14:15:00+00:00,-1,1.2500000000000153,TP,False
S2-17,ny_open_london_position,AUDUSD,2015-05-20 13:45:00+00:00,2015-05-20 14:00:00+00:00,2015-05-20 14:15:00+00:00,-1,1.2499999999999658,TP,False
S2-17,ny_open_london_position,AUDUSD,2015-05-21 12:30:00+00:00,2015-05-21 12:45:00+00:00,2015-05-21 13:15:00+00:00,-1,-0.9999999999999589,SL,False
S2-17,ny_open_london_position,AUDUSD,2015-05-21 13:15:00+00:00,2015-05-21 13:30:00+00:00,2015-05-21 13:45:00+00:00,-1,-0.9999999999999799,SL,False
S2-17,ny_open_london_position,AUDUSD,2015-05-21 13:45:00+00:00,2015-05-21 14:00:00+00:00,2015-05-21 14:00:00+00:00,-1,-1.0,SL,False
S2-17,ny_open_london_position,AUDUSD,2015-05-22 12:30:00+00:00,2015-05-22 12:45:00+00:00,2015-05-22 13:00:00+00:00,-1,1.25,TP,False
S2-17,ny_open_london_position,AUDUSD,2015-05-22 13:00:00+00:00,2015-05-22 13:15:00+00:00,2015-05-22 16:00:00+00:00,-1,-0.1897749099309195,FRIDAY,False
S2-17,ny_open_london_position,AUDUSD,2015-05-26 12:45:00+00:00,2015-05-26 13:00:00+00:00,2015-05-26 13:00:00+00:00,-1,-1.0,SL,False
S2-17,ny_open_london_position,AUDUSD,2015-05-26 13:00:00+00:00,2015-05-26 13:15:00+00:00,2015-05-26 14:00:00+00:00,-1,1.2500000000000309,TP,False
S2-17,ny_open_london_position,AUDUSD,2015-05-27 12:30:00+00:00,2015-05-27 12:45:00+00:00,2015-05-27 13:15:00+00:00,-1,-1.0,SL,False
S2-17,ny_open_london_position,AUDUSD,2015-05-28 13:15:00+00:00,2015-05-28 13:30:00+00:00,2015-05-28 14:00:00+00:00,-1,1.25,TP,False
S2-17,ny_open_london_position,AUDUSD,2015-05-29 12:45:00+00:00,2015-05-29 13:00:00+00:00,2015-05-29 13:00:00+00:00,-1,-1.0000000000000542,SL,False
S2-17,ny_open_london_position,AUDUSD,2015-05-29 13:00:00+00:00,2015-05-29 13:15:00+00:00,2015-05-29 13:30:00+00:00,-1,-0.9999999999999478,SL,False
S2-17,ny_open_london_position,AUDUSD,2015-06-02 13:00:00+00:00,2015-06-02 13:15:00+00:00,2015-06-02 13:15:00+00:00,1,1.2500000000000384,TP,False
S2-17,ny_open_london_position,AUDUSD,2015-06-02 13:15:00+00:00,2015-06-02 13:30:00+00:00,2015-06-02 13:45:00+00:00,1,1.2500000000000118,TP,False
S2-17,ny_open_london_position,AUDUSD,2015-06-02 13:45:00+00:00,2015-06-02 14:00:00+00:00,2015-06-02 14:00:00+00:00,1,1.2499999999999887,TP,False
S2-17,ny_open_london_position,AUDUSD,2015-06-05 13:00:00+00:00,2015-06-05 13:15:00+00:00,2015-06-05 13:15:00+00:00,-1,1.2499999999999687,TP,False
S2-17,ny_open_london_position,AUDUSD,2015-06-05 13:15:00+00:00,2015-06-05 13:30:00+00:00,2015-06-05 13:45:00+00:00,-1,-1.0000000000000189,SL,False
S2-17,ny_open_london_position,AUDUSD,2015-06-05 13:45:00+00:00,2015-06-05 14:00:00+00:00,2015-06-05 14:00:00+00:00,-1,-1.0,SL,False
S2-17,ny_open_london_position,AUDUSD,2015-06-15 13:00:00+00:00,2015-06-15 13:15:00+00:00,2015-06-15 13:15:00+00:00,1,1.2499999999999807,TP,False
S2-17,ny_open_london_position,AUDUSD,2015-06-15 13:15:00+00:00,2015-06-15 13:30:00+00:00,2015-06-15 15:15:00+00:00,1,-1.0000000000000506,SL,False
S2-17,ny_open_london_position,AUDUSD,2015-06-16 13:00:00+00:00,2015-06-16 13:15:00+00:00,2015-06-16 14:00:00+00:00,1,1.2499999999999758,TP,False
S2-17,ny_open_london_position,AUDUSD,2015-06-18 13:45:00+00:00,2015-06-18 14:00:00+00:00,2015-06-18 14:00:00+00:00,1,-1.0,SL,False
S2-17,ny_open_london_position,AUDUSD,2015-06-23 12:15:00+00:00,2015-06-23 12:30:00+00:00,2015-06-23 12:30:00+00:00,-1,-1.0000000000000249,SL,False
S2-17,ny_open_london_position,AUDUSD,2015-06-23 12:30:00+00:00,2015-06-23 12:45:00+00:00,2015-06-23 12:45:00+00:00,-1,1.250000000000021,TP,False
S2-17,ny_open_london_position,AUDUSD,2015-06-23 12:45:00+00:00,2015-06-23 13:00:00+00:00,2015-06-23 13:15:00+00:00,-1,1.2499999999999627,TP,False
S2-17,ny_open_london_position,AUDUSD,2015-06-23 13:15:00+00:00,2015-06-23 13:30:00+00:00,2015-06-23 13:45:00+00:00,-1,-1.000000000000034,SL,False
S2-17,ny_open_london_position,AUDUSD,2015-06-23 13:45:00+00:00,2015-06-23 14:00:00+00:00,2015-06-23 14:00:00+00:00,-1,-1.0,SL,False
S2-17,ny_open_london_position,AUDUSD,2015-06-24 13:00:00+00:00,2015-06-24 13:15:00+00:00,2015-06-24 14:00:00+00:00,-1,1.249999999999966,TP,False
S2-17,ny_open_london_position,AUDUSD,2015-06-26 12:00:00+00:00,2015-06-26 12:15:00+00:00,2015-06-26 12:30:00+00:00,-1,-1.0,SL,False
S2-17,ny_open_london_position,AUDUSD,2015-06-26 12:45:00+00:00,2015-06-26 13:00:00+00:00,2015-06-26 13:15:00+00:00,-1,1.2499999999999467,TP,False
S2-17,ny_open_london_position,AUDUSD,2015-06-26 13:15:00+00:00,2015-06-26 13:30:00+00:00,2015-06-26 14:00:00+00:00,-1,-1.0000000000000162,SL,False
S2-17,ny_open_london_position,AUDUSD,2015-06-30 13:00:00+00:00,2015-06-30 13:15:00+00:00,2015-06-30 13:15:00+00:00,1,-1.0000000000000453,SL,False
S2-17,ny_open_london_position,AUDUSD,2015-06-30 13:15:00+00:00,2015-06-30 13:30:00+00:00,2015-06-30 14:45:00+00:00,1,-1.0000000000000149,SL,False
S2-17,ny_open_london_position,AUDUSD,2015-07-03 13:00:00+00:00,2015-07-03 13:15:00+00:00,2015-07-03 13:30:00+00:00,-1,-1.0000000000000342,SL,False
S2-17,ny_open_london_position,AUDUSD,2015-07-07 13:00:00+00:00,2015-07-07 13:15:00+00:00,2015-07-07 14:15:00+00:00,-1,1.250000000000029,TP,False
S2-17,ny_open_london_position,AUDUSD,2015-07-13 13:00:00+00:00,2015-07-13 13:15:00+00:00,2015-07-13 14:15:00+00:00,-1,1.25000000000005,TP,False
S2-17,ny_open_london_position,AUDUSD,2015-07-17 12:30:00+00:00,2015-07-17 12:45:00+00:00,2015-07-17 13:00:00+00:00,-1,-1.0000000000000682,SL,False
S2-17,ny_open_london_position,AUDUSD,2015-07-17 13:00:00+00:00,2015-07-17 13:15:00+00:00,2015-07-17 13:45:00+00:00,-1,1.2499999999999356,TP,False
S2-17,ny_open_london_position,AUDUSD,2015-07-17 13:45:00+00:00,2015-07-17 14:00:00+00:00,2015-07-17 14:15:00+00:00,-1,-1.0,SL,False
S2-17,ny_open_london_position,AUDUSD,2015-08-05 12:15:00+00:00,2015-08-05 12:30:00+00:00,2015-08-05 12:30:00+00:00,1,-0.9999999999999813,SL,False
S2-17,ny_open_london_position,AUDUSD,2015-08-05 12:30:00+00:00,2015-08-05 12:45:00+00:00,2015-08-05 13:15:00+00:00,1,-0.9999999999999822,SL,False
S2-17,ny_open_london_position,AUDUSD,2015-08-07 12:00:00+00:00,2015-08-07 12:15:00+00:00,2015-08-07 12:15:00+00:00,1,1.25,TP,False
S2-17,ny_open_london_position,AUDUSD,2015-08-07 12:15:00+00:00,2015-08-07 12:30:00+00:00,2015-08-07 12:30:00+00:00,1,-0.9999999999999438,SL,False
S2-17,ny_open_london_position,AUDUSD,2015-08-11 13:15:00+00:00,2015-08-11 13:30:00+00:00,2015-08-11 14:15:00+00:00,-1,1.249999999999966,TP,False
S2-17,ny_open_london_position,AUDUSD,2015-08-18 12:30:00+00:00,2015-08-18 12:45:00+00:00,2015-08-18 14:30:00+00:00,-1,-0.9999999999999801,SL,False
S2-17,ny_open_london_position,AUDUSD,2015-08-19 12:30:00+00:00,2015-08-19 12:45:00+00:00,2015-08-19 12:45:00+00:00,-1,-0.9999999999999337,SL,False
S2-17,ny_open_london_position,AUDUSD,2015-08-19 12:45:00+00:00,2015-08-19 13:00:00+00:00,2015-08-19 14:30:00+00:00,-1,1.2499999999999787,TP,False
S2-17,ny_open_london_position,AUDUSD,2015-08-24 13:00:00+00:00,2015-08-24 13:15:00+00:00,2015-08-24 13:15:00+00:00,-1,-0.9999999999999802,SL,False
S2-17,ny_open_london_position,AUDUSD,2015-08-24 13:15:00+00:00,2015-08-24 13:30:00+00:00,2015-08-24 13:30:00+00:00,-1,-0.9999999999999836,SL,False
S2-17,ny_open_london_position,AUDUSD,2015-08-24 13:30:00+00:00,2015-08-24 13:45:00+00:00,2015-08-24 14:15:00+00:00,-1,-0.9999999999999949,SL,False
S2-17,ny_open_london_position,AUDUSD,2015-08-31 12:30:00+00:00,2015-08-31 12:45:00+00:00,2015-08-31 13:00:00+00:00,-1,-1.0000000000000226,SL,False
S2-17,ny_open_london_position,AUDUSD,2015-08-31 13:15:00+00:00,2015-08-31 13:30:00+00:00,2015-08-31 13:45:00+00:00,-1,1.25,TP,False
S2-17,ny_open_london_position,AUDUSD,2015-08-31 13:45:00+00:00,2015-08-31 14:00:00+00:00,2015-08-31 14:45:00+00:00,-1,-1.0000000000000582,SL,False
S2-17,ny_open_london_position,AUDUSD,2015-09-01 12:00:00+00:00,2015-09-01 12:15:00+00:00,2015-09-01 12:15:00+00:00,-1,-1.0000000000000129,SL,False
S2-17,ny_open_london_position,AUDUSD,2015-09-01 12:30:00+00:00,2015-09-01 12:45:00+00:00,2015-09-01 13:00:00+00:00,-1,-0.9999999999999882,SL,False
S2-17,ny_open_london_position,AUDUSD,2015-09-01 13:30:00+00:00,2015-09-01 13:45:00+00:00,2015-09-01 14:00:00+00:00,-1,-0.9999999999999768,SL,True
S2-17,ny_open_london_position,AUDUSD,2015-09-04 12:30:00+00:00,2015-09-04 12:45:00+00:00,2015-09-04 12:45:00+00:00,-1,1.2499999999999833,TP,False
S2-17,ny_open_london_position,AUDUSD,2015-09-04 12:45:00+00:00,2015-09-04 13:00:00+00:00,2015-09-04 13:15:00+00:00,-1,-1.0000000000000417,SL,False
S2-17,ny_open_london_position,AUDUSD,2015-09-04 13:15:00+00:00,2015-09-04 13:30:00+00:00,2015-09-04 14:45:00+00:00,-1,1.249999999999963,TP,False
S2-17,ny_open_london_position,AUDUSD,2015-09-08 12:15:00+00:00,2015-09-08 12:30:00+00:00,2015-09-08 12:45:00+00:00,1,-1.0000000000000235,SL,False
S2-17,ny_open_london_position,AUDUSD,2015-09-08 12:45:00+00:00,2015-09-08 13:00:00+00:00,2015-09-08 13:00:00+00:00,1,1.2500000000000453,TP,False
S2-17,ny_open_london_position,AUDUSD,2015-09-08 13:00:00+00:00,2015-09-08 13:15:00+00:00,2015-09-08 13:30:00+00:00,1,1.2499999999999372,TP,False
S2-17,ny_open_london_position,AUDUSD,2015-09-08 13:30:00+00:00,2015-09-08 13:45:00+00:00,2015-09-08 14:00:00+00:00,1,-0.999999999999961,SL,False
S2-17,ny_open_london_position,AUDUSD,2015-09-11 12:45:00+00:00,2015-09-11 13:00:00+00:00,2015-09-11 13:45:00+00:00,1,-1.0000000000000664,SL,False
S2-17,ny_open_london_position,AUDUSD,2015-09-21 13:00:00+00:00,2015-09-21 13:15:00+00:00,2015-09-21 13:45:00+00:00,-1,-1.000000000000045,SL,False
S2-17,ny_open_london_position,AUDUSD,2015-09-21 13:45:00+00:00,2015-09-21 14:00:00+00:00,2015-09-21 14:15:00+00:00,-1,-0.9999999999999791,SL,False
S2-17,ny_open_london_position,AUDUSD,2015-09-22 12:30:00+00:00,2015-09-22 12:45:00+00:00,2015-09-22 12:45:00+00:00,-1,-1.0000000000000502,SL,False
S2-17,ny_open_london_position,AUDUSD,2015-09-22 13:00:00+00:00,2015-09-22 13:15:00+00:00,2015-09-22 14:00:00+00:00,-1,1.250000000000048,TP,False
S2-17,ny_open_london_position,AUDUSD,2015-10-06 13:15:00+00:00,2015-10-06 13:30:00+00:00,2015-10-06 13:30:00+00:00,1,1.2499999999999736,TP,False
S2-17,ny_open_london_position,AUDUSD,2015-10-06 13:30:00+00:00,2015-10-06 13:45:00+00:00,2015-10-06 14:00:00+00:00,1,-1.0000000000000244,SL,False
S2-17,ny_open_london_position,AUDUSD,2015-10-07 12:00:00+00:00,2015-10-07 12:15:00+00:00,2015-10-07 13:00:00+00:00,1,-0.9999999999999812,SL,False
S2-17,ny_open_london_position,AUDUSD,2015-10-07 13:45:00+00:00,2015-10-07 14:00:00+00:00,2015-10-07 14:30:00+00:00,1,-1.0000000000000586,SL,False
S2-17,ny_open_london_position,AUDUSD,2015-10-12 12:30:00+00:00,2015-10-12 12:45:00+00:00,2015-10-12 12:45:00+00:00,1,-1.0000000000000515,SL,False
S2-17,ny_open_london_position,AUDUSD,2015-10-16 12:00:00+00:00,2015-10-16 12:15:00+00:00,2015-10-16 12:15:00+00:00,-1,-1.0000000000000602,SL,False
S2-17,ny_open_london_position,AUDUSD,2015-10-16 12:15:00+00:00,2015-10-16 12:30:00+00:00,2015-10-16 12:30:00+00:00,-1,-1.000000000000057,SL,False
S2-17,ny_open_london_position,AUDUSD,2015-10-19 12:00:00+00:00,2015-10-19 12:15:00+00:00,2015-10-19 13:00:00+00:00,-1,1.25,TP,False
S2-17,ny_open_london_position,AUDUSD,2015-10-19 13:00:00+00:00,2015-10-19 13:15:00+00:00,2015-10-19 13:30:00+00:00,-1,1.2499999999999567,TP,False
S2-17,ny_open_london_position,AUDUSD,2015-10-19 13:30:00+00:00,2015-10-19 13:45:00+00:00,2015-10-19 14:00:00+00:00,-1,-0.9999999999999597,SL,False
S2-17,ny_open_london_position,AUDUSD,2015-10-22 12:15:00+00:00,2015-10-22 12:30:00+00:00,2015-10-22 12:30:00+00:00,-1,-0.9999999999999754,SL,False
S2-17,ny_open_london_position,AUDUSD,2015-10-22 12:30:00+00:00,2015-10-22 12:45:00+00:00,2015-10-22 12:45:00+00:00,-1,-0.9999999999999383,SL,False
S2-17,ny_open_london_position,AUDUSD,2015-10-22 12:45:00+00:00,2015-10-22 13:00:00+00:00,2015-10-22 13:00:00+00:00,-1,-1.0000000000000564,SL,False
S2-17,ny_open_london_position,AUDUSD,2015-10-29 13:00:00+00:00,2015-10-29 13:15:00+00:00,2015-10-29 13:30:00+00:00,-1,-1.0000000000000522,SL,False
S2-17,ny_open_london_position,AUDUSD,2015-10-30 13:00:00+00:00,2015-10-30 13:15:00+00:00,2015-10-30 13:15:00+00:00,-1,-1.0000000000000178,SL,False
S2-17,ny_open_london_position,AUDUSD,2015-10-30 13:30:00+00:00,2015-10-30 13:45:00+00:00,2015-10-30 13:45:00+00:00,-1,-0.999999999999951,SL,False
S2-17,ny_open_london_position,AUDUSD,2015-11-06 13:30:00+00:00,2015-11-06 13:45:00+00:00,2015-11-06 14:00:00+00:00,-1,1.2499999999999554,TP,False
S2-17,ny_open_london_position,AUDUSD,2015-11-10 13:15:00+00:00,2015-11-10 13:30:00+00:00,2015-11-10 13:45:00+00:00,-1,1.25,TP,False
S2-17,ny_open_london_position,AUDUSD,2015-11-10 13:45:00+00:00,2015-11-10 14:00:00+00:00,2015-11-10 14:30:00+00:00,-1,1.2500000000000195,TP,False
S2-17,ny_open_london_position,AUDUSD,2015-11-20 13:30:00+00:00,2015-11-20 13:45:00+00:00,2015-11-20 14:00:00+00:00,1,1.25,TP,False
S2-17,ny_open_london_position,AUDUSD,2015-12-03 13:30:00+00:00,2015-12-03 13:45:00+00:00,2015-12-03 14:00:00+00:00,1,-0.9999999999999827,SL,False
S2-17,ny_open_london_position,AUDUSD,2015-12-07 12:00:00+00:00,2015-12-07 12:15:00+00:00,2015-12-07 12:30:00+00:00,-1,-1.0,SL,False
S2-17,ny_open_london_position,AUDUSD,2015-12-07 12:45:00+00:00,2015-12-07 13:00:00+00:00,2015-12-07 13:00:00+00:00,-1,1.2499999999999742,TP,False
S2-17,ny_open_london_position,AUDUSD,2015-12-07 13:00:00+00:00,2015-12-07 13:15:00+00:00,2015-12-07 15:00:00+00:00,-1,1.249999999999976,TP,False
S2-17,ny_open_london_position,AUDUSD,2015-12-08 12:45:00+00:00,2015-12-08 13:00:00+00:00,2015-12-08 13:00:00+00:00,-1,-0.9999999999999777,SL,False
S2-17,ny_open_london_position,AUDUSD,2015-12-08 13:15:00+00:00,2015-12-08 13:30:00+00:00,2015-12-08 13:30:00+00:00,-1,-1.0000000000000437,SL,False
S2-17,ny_open_london_position,AUDUSD,2015-12-08 13:30:00+00:00,2015-12-08 13:45:00+00:00,2015-12-08 13:45:00+00:00,-1,1.2499999999999793,TP,False
S2-17,ny_open_london_position,AUDUSD,2015-12-08 13:45:00+00:00,2015-12-08 14:00:00+00:00,2015-12-08 14:00:00+00:00,-1,-1.000000000000059,SL,False
S2-17,ny_open_london_position,AUDUSD,2015-12-17 12:45:00+00:00,2015-12-17 13:00:00+00:00,2015-12-17 13:15:00+00:00,-1,1.25,TP,False
S2-17,ny_open_london_position,AUDUSD,2015-12-17 13:15:00+00:00,2015-12-17 13:30:00+00:00,2015-12-17 13:30:00+00:00,-1,-1.0,SL,False
S2-17,ny_open_london_position,AUDUSD,2015-12-17 13:30:00+00:00,2015-12-17 13:45:00+00:00,2015-12-17 14:15:00+00:00,-1,1.249999999999945,TP,False
S2-17,ny_open_london_position,AUDUSD,2015-12-22 13:00:00+00:00,2015-12-22 13:15:00+00:00,2015-12-22 13:15:00+00:00,1,-1.0000000000000255,SL,False
S2-17,ny_open_london_position,AUDUSD,2015-12-29 13:15:00+00:00,2015-12-29 13:30:00+00:00,2015-12-29 13:45:00+00:00,1,-1.0,SL,False
S2-17,ny_open_london_position,AUDUSD,2015-12-29 13:45:00+00:00,2015-12-29 14:00:00+00:00,2015-12-29 14:15:00+00:00,1,1.2499999999999036,TP,False
S2-17,ny_open_london_position,AUDUSD,2016-01-04 12:15:00+00:00,2016-01-04 12:30:00+00:00,2016-01-04 12:30:00+00:00,-1,-1.0,SL,False
S2-17,ny_open_london_position,AUDUSD,2016-01-04 12:45:00+00:00,2016-01-04 13:00:00+00:00,2016-01-04 13:30:00+00:00,-1,1.2499999999999776,TP,False
S2-17,ny_open_london_position,AUDUSD,2016-01-04 13:30:00+00:00,2016-01-04 13:45:00+00:00,2016-01-04 15:00:00+00:00,-1,1.25,TP,False
S2-17,ny_open_london_position,AUDUSD,2016-01-22 12:30:00+00:00,2016-01-22 12:45:00+00:00,2016-01-22 12:45:00+00:00,1,-0.9999999999999811,SL,False
S2-17,ny_open_london_position,AUDUSD,2016-01-27 13:15:00+00:00,2016-01-27 13:30:00+00:00,2016-01-27 13:30:00+00:00,1,1.2499999999999372,TP,False
S2-17,ny_open_london_position,AUDUSD,2016-01-27 13:30:00+00:00,2016-01-27 13:45:00+00:00,2016-01-27 13:45:00+00:00,1,-1.0,SL,False
S2-17,ny_open_london_position,AUDUSD,2016-01-27 13:45:00+00:00,2016-01-27 14:00:00+00:00,2016-01-27 14:00:00+00:00,1,-1.0000000000000202,SL,False
S2-17,ny_open_london_position,AUDUSD,2016-01-28 13:45:00+00:00,2016-01-28 14:00:00+00:00,2016-01-28 14:00:00+00:00,1,1.2499999999999825,TP,False
S2-17,ny_open_london_position,AUDUSD,2016-02-08 12:15:00+00:00,2016-02-08 12:30:00+00:00,2016-02-08 12:45:00+00:00,-1,1.2499999999999551,TP,False
S2-17,ny_open_london_position,AUDUSD,2016-02-08 12:45:00+00:00,2016-02-08 13:00:00+00:00,2016-02-08 14:00:00+00:00,-1,-1.0000000000000147,SL,False
S2-17,ny_open_london_position,AUDUSD,2016-02-09 12:15:00+00:00,2016-02-09 12:30:00+00:00,2016-02-09 12:30:00+00:00,-1,1.25,TP,False
S2-17,ny_open_london_position,AUDUSD,2016-02-09 12:30:00+00:00,2016-02-09 12:45:00+00:00,2016-02-09 12:45:00+00:00,-1,1.2500000000000147,TP,False
S2-17,ny_open_london_position,AUDUSD,2016-02-09 12:45:00+00:00,2016-02-09 13:00:00+00:00,2016-02-09 14:00:00+00:00,-1,-0.9999999999999737,SL,False
S2-17,ny_open_london_position,AUDUSD,2016-02-19 13:30:00+00:00,2016-02-19 13:45:00+00:00,2016-02-19 13:45:00+00:00,-1,1.25,TP,False
S2-17,ny_open_london_position,AUDUSD,2016-02-19 13:45:00+00:00,2016-02-19 14:00:00+00:00,2016-02-19 14:15:00+00:00,-1,1.25,TP,False
S2-17,ny_open_london_position,AUDUSD,2016-02-22 13:30:00+00:00,2016-02-22 13:45:00+00:00,2016-02-22 13:45:00+00:00,1,1.2499999999999283,TP,False
S2-17,ny_open_london_position,AUDUSD,2016-02-22 13:45:00+00:00,2016-02-22 14:00:00+00:00,2016-02-22 14:15:00+00:00,1,1.2499999999999576,TP,False
S2-17,ny_open_london_position,AUDUSD,2016-02-24 12:00:00+00:00,2016-02-24 12:15:00+00:00,2016-02-24 12:45:00+00:00,-1,-0.9999999999999851,SL,False
S2-17,ny_open_london_position,AUDUSD,2016-03-03 12:30:00+00:00,2016-03-03 12:45:00+00:00,2016-03-03 13:45:00+00:00,1,-0.9999999999999583,SL,False
S2-17,ny_open_london_position,AUDUSD,2016-03-04 13:45:00+00:00,2016-03-04 14:00:00+00:00,2016-03-04 14:00:00+00:00,1,1.250000000000013,TP,False
S2-17,ny_open_london_position,AUDUSD,2016-03-07 12:00:00+00:00,2016-03-07 12:15:00+00:00,2016-03-07 13:00:00+00:00,1,-0.9999999999999385,SL,False
S2-17,ny_open_london_position,AUDUSD,2016-03-07 13:15:00+00:00,2016-03-07 13:30:00+00:00,2016-03-07 13:45:00+00:00,1,-0.9999999999999808,SL,False
S2-17,ny_open_london_position,AUDUSD,2016-03-08 12:30:00+00:00,2016-03-08 12:45:00+00:00,2016-03-08 13:30:00+00:00,1,1.249999999999935,TP,False
S2-17,ny_open_london_position,AUDUSD,2016-03-08 13:30:00+00:00,2016-03-08 13:45:00+00:00,2016-03-08 14:00:00+00:00,1,-1.0000000000000626,SL,False
S2-17,ny_open_london_position,AUDUSD,2016-03-09 12:00:00+00:00,2016-03-09 12:15:00+00:00,2016-03-09 12:15:00+00:00,1,-1.0,SL,False
S2-17,ny_open_london_position,AUDUSD,2016-03-15 12:00:00+00:00,2016-03-15 12:15:00+00:00,2016-03-15 12:15:00+00:00,-1,-1.0000000000000184,SL,False
S2-17,ny_open_london_position,AUDUSD,2016-03-16 12:15:00+00:00,2016-03-16 12:30:00+00:00,2016-03-16 12:30:00+00:00,-1,1.249999999999942,TP,False
S2-17,ny_open_london_position,AUDUSD,2016-03-16 12:30:00+00:00,2016-03-16 12:45:00+00:00,2016-03-16 13:00:00+00:00,-1,-1.0000000000000173,SL,False
S2-17,ny_open_london_position,AUDUSD,2016-03-16 13:00:00+00:00,2016-03-16 13:15:00+00:00,2016-03-16 13:15:00+00:00,-1,-0.9999999999999833,SL,False
S2-17,ny_open_london_position,AUDUSD,2016-03-16 13:15:00+00:00,2016-03-16 13:30:00+00:00,2016-03-16 15:15:00+00:00,-1,-1.0,SL,False
S2-17,ny_open_london_position,AUDUSD,2016-03-23 13:00:00+00:00,2016-03-23 13:15:00+00:00,2016-03-23 13:15:00+00:00,-1,-1.0000000000000289,SL,False
S2-17,ny_open_london_position,AUDUSD,2016-03-23 13:15:00+00:00,2016-03-23 13:30:00+00:00,2016-03-23 14:00:00+00:00,-1,1.250000000000014,TP,False
S2-17,ny_open_london_position,AUDUSD,2016-03-25 13:00:00+00:00,2016-03-25 13:15:00+00:00,2016-03-25 13:15:00+00:00,-1,-1.000000000000101,SL,False
S2-17,ny_open_london_position,AUDUSD,2016-03-25 13:15:00+00:00,2016-03-25 13:30:00+00:00,2016-03-25 13:30:00+00:00,-1,-1.000000000000097,SL,False
S2-17,ny_open_london_position,AUDUSD,2016-03-25 13:30:00+00:00,2016-03-25 13:45:00+00:00,2016-03-25 13:45:00+00:00,-1,-1.0,SL,False
S2-17,ny_open_london_position,AUDUSD,2016-04-05 13:45:00+00:00,2016-04-05 14:00:00+00:00,2016-04-05 14:00:00+00:00,-1,-0.9999999999999419,SL,False
S2-17,ny_open_london_position,AUDUSD,2016-04-07 13:15:00+00:00,2016-04-07 13:30:00+00:00,2016-04-07 13:30:00+00:00,-1,-0.9999999999999875,SL,False
S2-17,ny_open_london_position,AUDUSD,2016-04-11 12:30:00+00:00,2016-04-11 12:45:00+00:00,2016-04-11 13:45:00+00:00,1,1.2499999999999472,TP,False
S2-17,ny_open_london_position,AUDUSD,2016-04-11 13:45:00+00:00,2016-04-11 14:00:00+00:00,2016-04-11 14:15:00+00:00,1,-1.0,SL,False
S2-17,ny_open_london_position,AUDUSD,2016-04-12 12:30:00+00:00,2016-04-12 12:45:00+00:00,2016-04-12 12:45:00+00:00,1,-1.0,SL,False
S2-17,ny_open_london_position,AUDUSD,2016-04-14 12:30:00+00:00,2016-04-14 12:45:00+00:00,2016-04-14 12:45:00+00:00,1,-0.9999999999999778,SL,False
S2-17,ny_open_london_position,AUDUSD,2016-04-18 12:15:00+00:00,2016-04-18 12:30:00+00:00,2016-04-18 13:30:00+00:00,1,-0.9999999999999848,SL,False
S2-17,ny_open_london_position,AUDUSD,2016-04-19 12:30:00+00:00,2016-04-19 12:45:00+00:00,2016-04-19 13:00:00+00:00,1,-1.0000000000000162,SL,False
S2-17,ny_open_london_position,AUDUSD,2016-04-19 13:30:00+00:00,2016-04-19 13:45:00+00:00,2016-04-19 13:45:00+00:00,1,1.2499999999999656,TP,False
S2-17,ny_open_london_position,AUDUSD,2016-04-19 13:45:00+00:00,2016-04-19 14:00:00+00:00,2016-04-19 14:00:00+00:00,1,-0.9999999999999549,SL,False
S2-17,ny_open_london_position,AUDUSD,2016-04-21 12:00:00+00:00,2016-04-21 12:15:00+00:00,2016-04-21 12:15:00+00:00,1,-0.9999999999999816,SL,False
S2-17,ny_open_london_position,AUDUSD,2016-04-21 12:30:00+00:00,2016-04-21 12:45:00+00:00,2016-04-21 12:45:00+00:00,1,-0.9999999999999668,SL,False
S2-17,ny_open_london_position,AUDUSD,2016-04-22 12:30:00+00:00,2016-04-22 12:45:00+00:00,2016-04-22 13:00:00+00:00,-1,-1.0000000000000488,SL,False
S2-17,ny_open_london_position,AUDUSD,2016-04-28 13:00:00+00:00,2016-04-28 13:15:00+00:00,2016-04-28 13:45:00+00:00,-1,-1.0000000000000473,SL,False
S2-17,ny_open_london_position,AUDUSD,2016-04-29 13:45:00+00:00,2016-04-29 14:00:00+00:00,2016-04-29 14:30:00+00:00,-1,-1.0000000000000453,SL,False
S2-17,ny_open_london_position,AUDUSD,2016-05-03 12:15:00+00:00,2016-05-03 12:30:00+00:00,2016-05-03 12:30:00+00:00,-1,1.249999999999987,TP,False
S2-17,ny_open_london_position,AUDUSD,2016-05-03 12:30:00+00:00,2016-05-03 12:45:00+00:00,2016-05-03 13:30:00+00:00,-1,1.2500000000000258,TP,False
S2-17,ny_open_london_position,AUDUSD,2016-05-03 13:30:00+00:00,2016-05-03 13:45:00+00:00,2016-05-03 14:45:00+00:00,-1,1.2499999999999867,TP,False
S2-17,ny_open_london_position,AUDUSD,2016-05-06 12:30:00+00:00,2016-05-06 12:45:00+00:00,2016-05-06 12:45:00+00:00,-1,-1.0000000000000153,SL,False
S2-17,ny_open_london_position,AUDUSD,2016-05-06 13:15:00+00:00,2016-05-06 13:30:00+00:00,2016-05-06 13:45:00+00:00,-1,-0.9999999999999882,SL,False
S2-17,ny_open_london_position,AUDUSD,2016-05-09 12:45:00+00:00,2016-05-09 13:00:00+00:00,2016-05-09 16:45:00+00:00,-1,0.35441464951757073,TIME,False
S2-17,ny_open_london_position,AUDUSD,2016-05-13 12:45:00+00:00,2016-05-13 13:00:00+00:00,2016-05-13 13:00:00+00:00,-1,-1.000000000000038,SL,False
S2-17,ny_open_london_position,AUDUSD,2016-05-13 13:00:00+00:00,2016-05-13 13:15:00+00:00,2016-05-13 14:00:00+00:00,-1,1.25,TP,False
S2-17,ny_open_london_position,AUDUSD,2016-05-18 12:30:00+00:00,2016-05-18 12:45:00+00:00,2016-05-18 13:30:00+00:00,-1,1.2500000000000442,TP,False
S2-17,ny_open_london_position,AUDUSD,2016-05-18 13:30:00+00:00,2016-05-18 13:45:00+00:00,2016-05-18 14:00:00+00:00,-1,-0.9999999999999369,SL,False
S2-17,ny_open_london_position,AUDUSD,2016-05-19 12:15:00+00:00,2016-05-19 12:30:00+00:00,2016-05-19 12:30:00+00:00,-1,-1.0,SL,True
S2-17,ny_open_london_position,AUDUSD,2016-05-19 12:30:00+00:00,2016-05-19 12:45:00+00:00,2016-05-19 13:00:00+00:00,-1,-1.0000000000000535,SL,False
S2-17,ny_open_london_position,AUDUSD,2016-05-23 12:15:00+00:00,2016-05-23 12:30:00+00:00,2016-05-23 12:30:00+00:00,-1,-1.0,SL,False
S2-17,ny_open_london_position,AUDUSD,2016-05-23 12:45:00+00:00,2016-05-23 13:00:00+00:00,2016-05-23 13:45:00+00:00,-1,-0.9999999999999771,SL,False
S2-17,ny_open_london_position,AUDUSD,2016-05-26 12:45:00+00:00,2016-05-26 13:00:00+00:00,2016-05-26 13:30:00+00:00,1,-1.0000000000000533,SL,False
S2-17,ny_open_london_position,AUDUSD,2016-05-26 13:30:00+00:00,2016-05-26 13:45:00+00:00,2016-05-26 13:45:00+00:00,1,-0.999999999999967,SL,False
S2-17,ny_open_london_position,AUDUSD,2016-06-02 13:00:00+00:00,2016-06-02 13:15:00+00:00,2016-06-02 13:15:00+00:00,-1,-0.9999999999999388,SL,False
S2-17,ny_open_london_position,AUDUSD,2016-06-03 12:30:00+00:00,2016-06-03 12:45:00+00:00,2016-06-03 12:45:00+00:00,1,1.2499999999999665,TP,False
S2-17,ny_open_london_position,AUDUSD,2016-06-03 12:45:00+00:00,2016-06-03 13:00:00+00:00,2016-06-03 13:00:00+00:00,1,1.2500000000000149,TP,False
S2-17,ny_open_london_position,AUDUSD,2016-06-03 13:00:00+00:00,2016-06-03 13:15:00+00:00,2016-06-03 14:00:00+00:00,1,1.249999999999961,TP,False
S2-17,ny_open_london_position,AUDUSD,2016-06-06 12:15:00+00:00,2016-06-06 12:30:00+00:00,2016-06-06 12:45:00+00:00,1,-0.9999999999999254,SL,False
S2-17,ny_open_london_position,AUDUSD,2016-06-06 13:15:00+00:00,2016-06-06 13:30:00+00:00,2016-06-06 15:30:00+00:00,1,-1.0,SL,False
S2-17,ny_open_london_position,AUDUSD,2016-06-13 13:00:00+00:00,2016-06-13 13:15:00+00:00,2016-06-13 13:15:00+00:00,-1,-1.0000000000000229,SL,False
S2-17,ny_open_london_position,AUDUSD,2016-06-13 13:15:00+00:00,2016-06-13 13:30:00+00:00,2016-06-13 13:30:00+00:00,-1,-0.9999999999999785,SL,False
S2-17,ny_open_london_position,AUDUSD,2016-06-16 12:15:00+00:00,2016-06-16 12:30:00+00:00,2016-06-16 12:30:00+00:00,-1,-1.000000000000036,SL,False
S2-17,ny_open_london_position,AUDUSD,2016-06-16 12:30:00+00:00,2016-06-16 12:45:00+00:00,2016-06-16 13:30:00+00:00,-1,1.2499999999999651,TP,False
S2-17,ny_open_london_position,AUDUSD,2016-06-16 13:30:00+00:00,2016-06-16 13:45:00+00:00,2016-06-16 14:15:00+00:00,-1,1.2499999999999702,TP,False
S2-17,ny_open_london_position,AUDUSD,2016-06-20 12:45:00+00:00,2016-06-20 13:00:00+00:00,2016-06-20 13:30:00+00:00,1,-1.0000000000000624,SL,False
S2-17,ny_open_london_position,AUDUSD,2016-06-20 13:30:00+00:00,2016-06-20 13:45:00+00:00,2016-06-20 14:30:00+00:00,1,-1.0000000000000202,SL,False
S2-17,ny_open_london_position,AUDUSD,2016-06-21 12:00:00+00:00,2016-06-21 12:15:00+00:00,2016-06-21 12:30:00+00:00,1,-0.9999999999999484,SL,False
S2-17,ny_open_london_position,AUDUSD,2016-06-22 12:00:00+00:00,2016-06-22 12:15:00+00:00,2016-06-22 12:30:00+00:00,1,1.2499999999999063,TP,False
S2-17,ny_open_london_position,AUDUSD,2016-06-22 12:30:00+00:00,2016-06-22 12:45:00+00:00,2016-06-22 12:45:00+00:00,1,-0.9999999999999434,SL,False
S2-17,ny_open_london_position,AUDUSD,2016-06-22 12:45:00+00:00,2016-06-22 13:00:00+00:00,2016-06-22 13:00:00+00:00,1,-1.0000000000000517,SL,False
S2-17,ny_open_london_position,AUDUSD,2016-06-22 13:00:00+00:00,2016-06-22 13:15:00+00:00,2016-06-22 14:00:00+00:00,1,1.2500000000000713,TP,False
S2-17,ny_open_london_position,AUDUSD,2016-06-27 12:15:00+00:00,2016-06-27 12:30:00+00:00,2016-06-27 12:45:00+00:00,-1,-1.0000000000000446,SL,False
S2-17,ny_open_london_position,AUDUSD,2016-06-29 13:00:00+00:00,2016-06-29 13:15:00+00:00,2016-06-29 13:15:00+00:00,1,-1.0000000000000475,SL,False
S2-17,ny_open_london_position,AUDUSD,2016-06-29 13:45:00+00:00,2016-06-29 14:00:00+00:00,2016-06-29 14:30:00+00:00,1,-1.0,SL,False
S2-17,ny_open_london_position,AUDUSD,2016-07-01 13:30:00+00:00,2016-07-01 13:45:00+00:00,2016-07-01 13:45:00+00:00,1,-0.9999999999999815,SL,False
S2-17,ny_open_london_position,AUDUSD,2016-07-01 13:45:00+00:00,2016-07-01 14:00:00+00:00,2016-07-01 14:15:00+00:00,1,-1.0000000000000555,SL,False
S2-17,ny_open_london_position,AUDUSD,2016-07-08 12:30:00+00:00,2016-07-08 12:45:00+00:00,2016-07-08 12:45:00+00:00,1,-1.0000000000000173,SL,False
S2-17,ny_open_london_position,AUDUSD,2016-07-08 12:45:00+00:00,2016-07-08 13:00:00+00:00,2016-07-08 13:00:00+00:00,1,1.2499999999999534,TP,False
S2-17,ny_open_london_position,AUDUSD,2016-07-08 13:00:00+00:00,2016-07-08 13:15:00+00:00,2016-07-08 13:15:00+00:00,1,-0.9999999999999587,SL,False
S2-17,ny_open_london_position,AUDUSD,2016-07-08 13:15:00+00:00,2016-07-08 13:30:00+00:00,2016-07-08 13:30:00+00:00,1,-0.9999999999999875,SL,False
S2-17,ny_open_london_position,AUDUSD,2016-07-08 13:30:00+00:00,2016-07-08 13:45:00+00:00,2016-07-08 14:15:00+00:00,1,1.2500000000000222,TP,False
S2-17,ny_open_london_position,AUDUSD,2016-07-13 12:15:00+00:00,2016-07-13 12:30:00+00:00,2016-07-13 13:00:00+00:00,1,-0.9999999999999598,SL,False
S2-17,ny_open_london_position,AUDUSD,2016-07-13 13:00:00+00:00,2016-07-13 13:15:00+00:00,2016-07-13 13:30:00+00:00,1,-0.9999999999999328,SL,False
S2-17,ny_open_london_position,AUDUSD,2016-07-18 12:30:00+00:00,2016-07-18 12:45:00+00:00,2016-07-18 13:45:00+00:00,-1,-0.9999999999999203,SL,False
S2-17,ny_open_london_position,AUDUSD,2016-07-18 13:45:00+00:00,2016-07-18 14:00:00+00:00,2016-07-18 14:00:00+00:00,-1,-1.000000000000079,SL,False
S2-17,ny_open_london_position,AUDUSD,2016-07-19 12:30:00+00:00,2016-07-19 12:45:00+00:00,2016-07-19 13:00:00+00:00,-1,-1.0000000000000684,SL,False
S2-17,ny_open_london_position,AUDUSD,2016-07-19 13:45:00+00:00,2016-07-19 14:00:00+00:00,2016-07-19 14:30:00+00:00,-1,-0.9999999999999807,SL,False
S2-17,ny_open_london_position,AUDUSD,2016-07-20 13:00:00+00:00,2016-07-20 13:15:00+00:00,2016-07-20 14:00:00+00:00,-1,-1.0000000000000426,SL,False
S2-17,ny_open_london_position,AUDUSD,2016-07-25 13:00:00+00:00,2016-07-25 13:15:00+00:00,2016-07-25 14:00:00+00:00,-1,1.2499999999999754,TP,False
S2-17,ny_open_london_position,AUDUSD,2016-07-29 12:30:00+00:00,2016-07-29 12:45:00+00:00,2016-07-29 12:45:00+00:00,1,1.250000000000024,TP,False
S2-17,ny_open_london_position,AUDUSD,2016-07-29 12:45:00+00:00,2016-07-29 13:00:00+00:00,2016-07-29 13:00:00+00:00,1,1.2500000000000404,TP,False
S2-17,ny_open_london_position,AUDUSD,2016-07-29 13:00:00+00:00,2016-07-29 13:15:00+00:00,2016-07-29 13:30:00+00:00,1,-0.9999999999999822,SL,False
S2-17,ny_open_london_position,AUDUSD,2016-07-29 13:30:00+00:00,2016-07-29 13:45:00+00:00,2016-07-29 14:15:00+00:00,1,1.2499999999999847,TP,False
S2-17,ny_open_london_position,AUDUSD,2016-08-02 12:00:00+00:00,2016-08-02 12:15:00+00:00,2016-08-02 12:15:00+00:00,1,1.2500000000000195,TP,False
S2-17,ny_open_london_position,AUDUSD,2016-08-02 12:15:00+00:00,2016-08-02 12:30:00+00:00,2016-08-02 12:30:00+00:00,1,-1.0000000000000193,SL,False
S2-17,ny_open_london_position,AUDUSD,2016-08-02 12:30:00+00:00,2016-08-02 12:45:00+00:00,2016-08-02 13:45:00+00:00,1,1.2500000000000537,TP,False
S2-17,ny_open_london_position,AUDUSD,2016-08-02 13:45:00+00:00,2016-08-02 14:00:00+00:00,2016-08-02 14:00:00+00:00,1,-1.0000000000000338,SL,False
S2-17,ny_open_london_position,AUDUSD,2016-08-08 12:15:00+00:00,2016-08-08 12:30:00+00:00,2016-08-08 12:30:00+00:00,1,-1.0,SL,False
S2-17,ny_open_london_position,AUDUSD,2016-08-08 13:30:00+00:00,2016-08-08 13:45:00+00:00,2016-08-08 14:00:00+00:00,1,1.2499999999999738,TP,False
S2-17,ny_open_london_position,AUDUSD,2016-08-10 12:15:00+00:00,2016-08-10 12:30:00+00:00,2016-08-10 13:00:00+00:00,1,-1.0000000000000548,SL,False
S2-17,ny_open_london_position,AUDUSD,2016-08-15 13:45:00+00:00,2016-08-15 14:00:00+00:00,2016-08-15 14:15:00+00:00,-1,-1.0,SL,False
S2-17,ny_open_london_position,AUDUSD,2016-08-17 13:45:00+00:00,2016-08-17 14:00:00+00:00,2016-08-17 14:15:00+00:00,-1,-0.9999999999999557,SL,False
S2-17,ny_open_london_position,AUDUSD,2016-08-25 12:00:00+00:00,2016-08-25 12:15:00+00:00,2016-08-25 13:45:00+00:00,-1,-1.00000000000006,SL,False
S2-17,ny_open_london_position,AUDUSD,2016-08-26 12:00:00+00:00,2016-08-26 12:15:00+00:00,2016-08-26 12:30:00+00:00,1,-0.9999999999999053,SL,True
S2-17,ny_open_london_position,AUDUSD,2016-08-26 12:30:00+00:00,2016-08-26 12:45:00+00:00,2016-08-26 12:45:00+00:00,1,1.2499999999999496,TP,False
S2-17,ny_open_london_position,AUDUSD,2016-08-26 12:45:00+00:00,2016-08-26 13:00:00+00:00,2016-08-26 13:15:00+00:00,1,-1.000000000000022,SL,False
S2-17,ny_open_london_position,AUDUSD,2016-08-26 13:15:00+00:00,2016-08-26 13:30:00+00:00,2016-08-26 14:00:00+00:00,1,-1.0000000000000417,SL,True
S2-17,ny_open_london_position,AUDUSD,2016-08-30 12:30:00+00:00,2016-08-30 12:45:00+00:00,2016-08-30 14:00:00+00:00,-1,1.249999999999979,TP,False
S2-17,ny_open_london_position,AUDUSD,2016-08-31 12:45:00+00:00,2016-08-31 13:00:00+00:00,2016-08-31 13:00:00+00:00,-1,-1.0000000000000242,SL,False
S2-17,ny_open_london_position,AUDUSD,2016-08-31 13:15:00+00:00,2016-08-31 13:30:00+00:00,2016-08-31 13:30:00+00:00,-1,-0.9999999999999553,SL,False
S2-17,ny_open_london_position,AUDUSD,2016-09-01 13:00:00+00:00,2016-09-01 13:15:00+00:00,2016-09-01 13:45:00+00:00,-1,1.249999999999947,TP,False
S2-17,ny_open_london_position,AUDUSD,2016-09-01 13:45:00+00:00,2016-09-01 14:00:00+00:00,2016-09-01 14:00:00+00:00,-1,-1.000000000000025,SL,False
S2-17,ny_open_london_position,AUDUSD,2016-09-02 12:00:00+00:00,2016-09-02 12:15:00+00:00,2016-09-02 12:15:00+00:00,1,-1.0000000000000293,SL,True
S2-17,ny_open_london_position,AUDUSD,2016-09-02 12:15:00+00:00,2016-09-02 12:30:00+00:00,2016-09-02 12:30:00+00:00,1,1.2499999999999762,TP,False
S2-17,ny_open_london_position,AUDUSD,2016-09-02 12:30:00+00:00,2016-09-02 12:45:00+00:00,2016-09-02 12:45:00+00:00,1,-1.0,SL,False
S2-17,ny_open_london_position,AUDUSD,2016-09-02 12:45:00+00:00,2016-09-02 13:00:00+00:00,2016-09-02 13:00:00+00:00,1,-1.0000000000000417,SL,False
S2-17,ny_open_london_position,AUDUSD,2016-09-02 13:00:00+00:00,2016-09-02 13:15:00+00:00,2016-09-02 14:00:00+00:00,1,-1.0000000000000395,SL,False
S2-17,ny_open_london_position,AUDUSD,2016-09-07 12:30:00+00:00,2016-09-07 12:45:00+00:00,2016-09-07 12:45:00+00:00,1,1.2500000000000642,TP,False
S2-17,ny_open_london_position,AUDUSD,2016-09-07 12:45:00+00:00,2016-09-07 13:00:00+00:00,2016-09-07 13:45:00+00:00,1,-0.9999999999999092,SL,False
S2-17,ny_open_london_position,AUDUSD,2016-09-07 13:45:00+00:00,2016-09-07 14:00:00+00:00,2016-09-07 14:00:00+00:00,1,-1.0,SL,False
S2-17,ny_open_london_position,AUDUSD,2016-09-09 12:15:00+00:00,2016-09-09 12:30:00+00:00,2016-09-09 12:45:00+00:00,-1,1.24999999999996,TP,False
S2-17,ny_open_london_position,AUDUSD,2016-09-09 12:45:00+00:00,2016-09-09 13:00:00+00:00,2016-09-09 13:45:00+00:00,-1,1.2499999999999833,TP,False
S2-17,ny_open_london_position,AUDUSD,2016-09-09 13:45:00+00:00,2016-09-09 14:00:00+00:00,2016-09-09 14:00:00+00:00,-1,-1.0000000000000442,SL,False
S2-17,ny_open_london_position,AUDUSD,2016-09-13 13:45:00+00:00,2016-09-13 14:00:00+00:00,2016-09-13 14:15:00+00:00,-1,1.249999999999957,TP,False
S2-17,ny_open_london_position,AUDUSD,2016-09-14 13:00:00+00:00,2016-09-14 13:15:00+00:00,2016-09-14 13:15:00+00:00,-1,-1.0000000000000224,SL,False
S2-17,ny_open_london_position,AUDUSD,2016-09-19 13:15:00+00:00,2016-09-19 13:30:00+00:00,2016-09-19 13:45:00+00:00,1,1.2499999999999385,TP,False
S2-17,ny_open_london_position,AUDUSD,2016-09-19 13:45:00+00:00,2016-09-19 14:00:00+00:00,2016-09-19 14:45:00+00:00,1,-1.0,SL,False
S2-17,ny_open_london_position,AUDUSD,2016-09-21 12:00:00+00:00,2016-09-21 12:15:00+00:00,2016-09-21 12:15:00+00:00,1,-1.0000000000000555,SL,False
S2-17,ny_open_london_position,AUDUSD,2016-09-22 12:30:00+00:00,2016-09-22 12:45:00+00:00,2016-09-22 13:00:00+00:00,1,-1.0000000000000675,SL,False
S2-17,ny_open_london_position,AUDUSD,2016-09-26 13:00:00+00:00,2016-09-26 13:15:00+00:00,2016-09-26 13:30:00+00:00,1,-0.9999999999999764,SL,False
S2-17,ny_open_london_position,AUDUSD,2016-10-06 12:15:00+00:00,2016-10-06 12:30:00+00:00,2016-10-06 12:30:00+00:00,-1,-1.0,SL,False
S2-17,ny_open_london_position,AUDUSD,2016-10-06 12:45:00+00:00,2016-10-06 13:00:00+00:00,2016-10-06 15:45:00+00:00,-1,-0.9999999999999617,SL,False
S2-17,ny_open_london_position,AUDUSD,2016-10-12 13:00:00+00:00,2016-10-12 13:15:00+00:00,2016-10-12 13:15:00+00:00,-1,-0.9999999999999747,SL,False
S2-17,ny_open_london_position,AUDUSD,2016-10-12 13:15:00+00:00,2016-10-12 13:30:00+00:00,2016-10-12 13:45:00+00:00,-1,-0.9999999999999754,SL,False
S2-17,ny_open_london_position,AUDUSD,2016-10-14 12:30:00+00:00,2016-10-14 12:45:00+00:00,2016-10-14 12:45:00+00:00,1,-1.0000000000000573,SL,False
S2-17,ny_open_london_position,AUDUSD,2016-10-14 12:45:00+00:00,2016-10-14 13:00:00+00:00,2016-10-14 14:00:00+00:00,1,1.25,TP,False
S2-17,ny_open_london_position,AUDUSD,2016-10-17 12:45:00+00:00,2016-10-17 13:00:00+00:00,2016-10-17 13:30:00+00:00,1,-0.9999999999999737,SL,False
S2-17,ny_open_london_position,AUDUSD,2016-10-17 13:30:00+00:00,2016-10-17 13:45:00+00:00,2016-10-17 17:00:00+00:00,1,1.2499999999999754,TP,False
S2-17,ny_open_london_position,AUDUSD,2016-10-21 12:15:00+00:00,2016-10-21 12:30:00+00:00,2016-10-21 12:45:00+00:00,-1,1.2500000000000329,TP,False
S2-17,ny_open_london_position,AUDUSD,2016-10-21 12:45:00+00:00,2016-10-21 13:00:00+00:00,2016-10-21 13:00:00+00:00,-1,1.25,TP,False
S2-17,ny_open_london_position,AUDUSD,2016-10-21 13:00:00+00:00,2016-10-21 13:15:00+00:00,2016-10-21 13:30:00+00:00,-1,1.2499999999999702,TP,False
S2-17,ny_open_london_position,AUDUSD,2016-10-21 13:30:00+00:00,2016-10-21 13:45:00+00:00,2016-10-21 14:00:00+00:00,-1,1.2499999999999445,TP,False
S2-17,ny_open_london_position,AUDUSD,2016-10-27 13:30:00+00:00,2016-10-27 13:45:00+00:00,2016-10-27 13:45:00+00:00,-1,-1.0000000000000575,SL,False
S2-17,ny_open_london_position,AUDUSD,2016-11-01 13:00:00+00:00,2016-11-01 13:15:00+00:00,2016-11-01 13:15:00+00:00,1,-1.0,SL,False
S2-17,ny_open_london_position,AUDUSD,2016-11-01 13:15:00+00:00,2016-11-01 13:30:00+00:00,2016-11-01 13:30:00+00:00,1,-1.0000000000000604,SL,False
S2-17,ny_open_london_position,AUDUSD,2016-11-02 12:30:00+00:00,2016-11-02 12:45:00+00:00,2016-11-02 12:45:00+00:00,1,-0.9999999999999517,SL,False
S2-17,ny_open_london_position,AUDUSD,2016-11-02 13:45:00+00:00,2016-11-02 14:00:00+00:00,2016-11-02 14:30:00+00:00,1,-1.0000000000000604,SL,False
S2-17,ny_open_london_position,AUDUSD,2016-11-04 12:00:00+00:00,2016-11-04 12:15:00+00:00,2016-11-04 12:15:00+00:00,1,-0.9999999999999662,SL,False
S2-17,ny_open_london_position,AUDUSD,2016-11-07 13:45:00+00:00,2016-11-07 14:00:00+00:00,2016-11-07 14:00:00+00:00,1,1.2499999999999647,TP,False
S2-17,ny_open_london_position,AUDUSD,2016-11-10 13:00:00+00:00,2016-11-10 13:15:00+00:00,2016-11-10 13:15:00+00:00,-1,-0.9999999999999706,SL,False
S2-17,ny_open_london_position,AUDUSD,2016-11-10 13:15:00+00:00,2016-11-10 13:30:00+00:00,2016-11-10 14:15:00+00:00,-1,1.2500000000000095,TP,False
S2-17,ny_open_london_position,AUDUSD,2016-11-16 12:15:00+00:00,2016-11-16 12:30:00+00:00,2016-11-16 13:30:00+00:00,-1,-0.9999999999999725,SL,False
S2-17,ny_open_london_position,AUDUSD,2016-11-17 13:15:00+00:00,2016-11-17 13:30:00+00:00,2016-11-17 13:30:00+00:00,-1,-0.9999999999999797,SL,False
S2-17,ny_open_london_position,AUDUSD,2016-11-17 13:30:00+00:00,2016-11-17 13:45:00+00:00,2016-11-17 14:00:00+00:00,-1,-0.9999999999999629,SL,False
S2-17,ny_open_london_position,AUDUSD,2016-12-06 13:15:00+00:00,2016-12-06 13:30:00+00:00,2016-12-06 13:45:00+00:00,1,-1.0,SL,False
S2-17,ny_open_london_position,AUDUSD,2016-12-12 13:15:00+00:00,2016-12-12 13:30:00+00:00,2016-12-12 14:15:00+00:00,1,1.2499999999999742,TP,False
S2-17,ny_open_london_position,AUDUSD,2016-12-13 13:00:00+00:00,2016-12-13 13:15:00+00:00,2016-12-13 13:15:00+00:00,1,1.25,TP,False
S2-17,ny_open_london_position,AUDUSD,2016-12-13 13:15:00+00:00,2016-12-13 13:30:00+00:00,2016-12-13 14:30:00+00:00,1,1.2500000000000784,TP,False
S2-17,ny_open_london_position,AUDUSD,2016-12-16 13:00:00+00:00,2016-12-16 13:15:00+00:00,2016-12-16 14:15:00+00:00,-1,1.250000000000066,TP,False
S2-17,ny_open_london_position,AUDUSD,2016-12-19 12:00:00+00:00,2016-12-19 12:15:00+00:00,2016-12-19 13:15:00+00:00,-1,1.2499999999999742,TP,False
S2-17,ny_open_london_position,AUDUSD,2016-12-19 13:15:00+00:00,2016-12-19 13:30:00+00:00,2016-12-19 16:15:00+00:00,-1,-0.9999999999999778,SL,False
S2-17,ny_open_london_position,AUDUSD,2016-12-20 12:15:00+00:00,2016-12-20 12:30:00+00:00,2016-12-20 12:45:00+00:00,-1,-1.0000000000000855,SL,False
S2-17,ny_open_london_position,AUDUSD,2016-12-23 12:00:00+00:00,2016-12-23 12:15:00+00:00,2016-12-23 12:15:00+00:00,-1,1.2499999999999645,TP,False
S2-17,ny_open_london_position,AUDUSD,2016-12-23 12:15:00+00:00,2016-12-23 12:30:00+00:00,2016-12-23 12:30:00+00:00,-1,1.2500000000000278,TP,False
S2-17,ny_open_london_position,AUDUSD,2016-12-23 12:30:00+00:00,2016-12-23 12:45:00+00:00,2016-12-23 13:15:00+00:00,-1,1.2500000000000755,TP,False
S2-17,ny_open_london_position,AUDUSD,2016-12-23 13:15:00+00:00,2016-12-23 13:30:00+00:00,2016-12-23 13:30:00+00:00,-1,-0.9999999999999366,SL,False
S2-17,ny_open_london_position,AUDUSD,2016-12-23 13:30:00+00:00,2016-12-23 13:45:00+00:00,2016-12-23 15:00:00+00:00,-1,-0.9999999999999382,SL,False
S2-17,ny_open_london_position,AUDUSD,2016-12-28 13:15:00+00:00,2016-12-28 13:30:00+00:00,2016-12-28 13:30:00+00:00,-1,1.2500000000000637,TP,False
S2-17,ny_open_london_position,AUDUSD,2016-12-28 13:30:00+00:00,2016-12-28 13:45:00+00:00,2016-12-28 14:15:00+00:00,-1,-1.0000000000000873,SL,False
S2-17,ny_open_london_position,AUDUSD,2017-01-09 13:15:00+00:00,2017-01-09 13:30:00+00:00,2017-01-09 16:00:00+00:00,1,1.2500000000000668,TP,False
S2-17,ny_open_london_position,AUDUSD,2017-01-12 13:00:00+00:00,2017-01-12 13:15:00+00:00,2017-01-12 13:15:00+00:00,1,-0.999999999999937,SL,False
S2-17,ny_open_london_position,AUDUSD,2017-01-23 13:30:00+00:00,2017-01-23 13:45:00+00:00,2017-01-23 14:00:00+00:00,1,-0.999999999999931,SL,False
S2-17,ny_open_london_position,AUDUSD,2017-01-26 12:45:00+00:00,2017-01-26 13:00:00+00:00,2017-01-26 13:30:00+00:00,-1,-0.9999999999999777,SL,False
S2-17,ny_open_london_position,AUDUSD,2017-01-30 13:00:00+00:00,2017-01-30 13:15:00+00:00,2017-01-30 13:30:00+00:00,-1,-1.0,SL,False
S2-17,ny_open_london_position,AUDUSD,2017-01-31 12:15:00+00:00,2017-01-31 12:30:00+00:00,2017-01-31 14:00:00+00:00,1,-0.999999999999953,SL,False
S2-17,ny_open_london_position,AUDUSD,2017-02-02 12:45:00+00:00,2017-02-02 13:00:00+00:00,2017-02-02 13:15:00+00:00,1,1.2500000000000455,TP,False
S2-17,ny_open_london_position,AUDUSD,2017-02-02 13:15:00+00:00,2017-02-02 13:30:00+00:00,2017-02-02 13:45:00+00:00,1,-0.9999999999999778,SL,False
S2-17,ny_open_london_position,AUDUSD,2017-02-02 13:45:00+00:00,2017-02-02 14:00:00+00:00,2017-02-02 14:00:00+00:00,1,-1.0000000000000202,SL,False
S2-17,ny_open_london_position,AUDUSD,2017-02-23 12:15:00+00:00,2017-02-23 12:30:00+00:00,2017-02-23 13:00:00+00:00,1,1.2500000000000813,TP,False
S2-17,ny_open_london_position,AUDUSD,2017-02-23 13:00:00+00:00,2017-02-23 13:15:00+00:00,2017-02-23 13:30:00+00:00,1,1.2499999999999754,TP,False
S2-17,ny_open_london_position,AUDUSD,2017-02-23 13:30:00+00:00,2017-02-23 13:45:00+00:00,2017-02-23 14:00:00+00:00,1,1.2499999999999538,TP,False
S2-17,ny_open_london_position,AUDUSD,2017-03-02 12:00:00+00:00,2017-03-02 12:15:00+00:00,2017-03-02 12:15:00+00:00,-1,1.25000000000002,TP,False
S2-17,ny_open_london_position,AUDUSD,2017-03-02 12:15:00+00:00,2017-03-02 12:30:00+00:00,2017-03-02 12:45:00+00:00,-1,-1.0000000000000377,SL,False
S2-17,ny_open_london_position,AUDUSD,2017-03-02 12:45:00+00:00,2017-03-02 13:00:00+00:00,2017-03-02 13:30:00+00:00,-1,1.2499999999999796,TP,False
S2-17,ny_open_london_position,AUDUSD,2017-03-02 13:30:00+00:00,2017-03-02 13:45:00+00:00,2017-03-02 14:00:00+00:00,-1,1.249999999999979,TP,False
S2-17,ny_open_london_position,AUDUSD,2017-03-08 13:15:00+00:00,2017-03-08 13:30:00+00:00,2017-03-08 13:30:00+00:00,-1,-0.9999999999999718,SL,False
S2-17,ny_open_london_position,AUDUSD,2017-03-08 13:30:00+00:00,2017-03-08 13:45:00+00:00,2017-03-08 14:00:00+00:00,-1,1.2500000000000813,TP,False
S2-17,ny_open_london_position,AUDUSD,2017-03-15 12:00:00+00:00,2017-03-15 12:15:00+00:00,2017-03-15 12:30:00+00:00,1,-1.0000000000001166,SL,False
S2-17,ny_open_london_position,AUDUSD,2017-03-15 13:00:00+00:00,2017-03-15 13:15:00+00:00,2017-03-15 13:15:00+00:00,1,-0.9999999999999035,SL,False
S2-17,ny_open_london_position,AUDUSD,2017-03-15 13:15:00+00:00,2017-03-15 13:30:00+00:00,2017-03-15 14:15:00+00:00,1,1.2499999999999356,TP,False
S2-17,ny_open_london_position,AUDUSD,2017-03-17 13:30:00+00:00,2017-03-17 13:45:00+00:00,2017-03-17 14:15:00+00:00,1,-1.0,SL,False
S2-17,ny_open_london_position,AUDUSD,2017-03-21 13:30:00+00:00,2017-03-21 13:45:00+00:00,2017-03-21 13:45:00+00:00,1,-1.0000000000000295,SL,False
S2-17,ny_open_london_position,AUDUSD,2017-03-21 13:45:00+00:00,2017-03-21 14:00:00+00:00,2017-03-21 14:15:00+00:00,1,1.250000000000029,TP,False
S2-17,ny_open_london_position,AUDUSD,2017-03-27 13:30:00+00:00,2017-03-27 13:45:00+00:00,2017-03-27 13:45:00+00:00,-1,-1.0000000000000477,SL,False
S2-17,ny_open_london_position,AUDUSD,2017-04-07 12:45:00+00:00,2017-04-07 13:00:00+00:00,2017-04-07 14:00:00+00:00,-1,-0.9999999999999308,SL,False
S2-17,ny_open_london_position,AUDUSD,2017-04-14 12:30:00+00:00,2017-04-14 12:45:00+00:00,2017-04-14 12:45:00+00:00,1,-1.0,SL,False
S2-17,ny_open_london_position,AUDUSD,2017-04-14 12:45:00+00:00,2017-04-14 13:00:00+00:00,2017-04-14 13:15:00+00:00,1,-1.0000000000000935,SL,False
S2-17,ny_open_london_position,AUDUSD,2017-04-14 13:15:00+00:00,2017-04-14 13:30:00+00:00,2017-04-14 13:45:00+00:00,1,-1.0000000000001543,SL,False
S2-17,ny_open_london_position,AUDUSD,2017-04-17 13:45:00+00:00,2017-04-17 14:00:00+00:00,2017-04-17 14:00:00+00:00,1,1.25,TP,False
S2-17,ny_open_london_position,AUDUSD,2017-04-21 13:00:00+00:00,2017-04-21 13:15:00+00:00,2017-04-21 13:15:00+00:00,1,-1.0000000000000235,SL,False
S2-17,ny_open_london_position,AUDUSD,2017-04-21 13:45:00+00:00,2017-04-21 14:00:00+00:00,2017-04-21 14:00:00+00:00,1,-1.0,SL,False
S2-17,ny_open_london_position,AUDUSD,2017-04-26 12:15:00+00:00,2017-04-26 12:30:00+00:00,2017-04-26 12:45:00+00:00,-1,-1.0000000000000842,SL,False
S2-17,ny_open_london_position,AUDUSD,2017-04-26 13:15:00+00:00,2017-04-26 13:30:00+00:00,2017-04-26 13:30:00+00:00,-1,1.2499999999999214,TP,False
S2-17,ny_open_london_position,AUDUSD,2017-04-26 13:30:00+00:00,2017-04-26 13:45:00+00:00,2017-04-26 14:15:00+00:00,-1,1.25,TP,False
S2-17,ny_open_london_position,AUDUSD,2017-04-27 12:00:00+00:00,2017-04-27 12:15:00+00:00,2017-04-27 12:30:00+00:00,-1,-0.9999999999998784,SL,False
S2-17,ny_open_london_position,AUDUSD,2017-04-27 12:30:00+00:00,2017-04-27 12:45:00+00:00,2017-04-27 12:45:00+00:00,-1,1.2499999999998777,TP,False
S2-17,ny_open_london_position,AUDUSD,2017-04-27 12:45:00+00:00,2017-04-27 13:00:00+00:00,2017-04-27 13:00:00+00:00,-1,-1.0000000000001132,SL,False
S2-17,ny_open_london_position,AUDUSD,2017-04-27 13:15:00+00:00,2017-04-27 13:30:00+00:00,2017-04-27 13:30:00+00:00,-1,1.2499999999999367,TP,False
S2-17,ny_open_london_position,AUDUSD,2017-04-27 13:30:00+00:00,2017-04-27 13:45:00+00:00,2017-04-27 14:45:00+00:00,-1,-1.0000000000000824,SL,False
S2-17,ny_open_london_position,AUDUSD,2017-04-28 13:00:00+00:00,2017-04-28 13:15:00+00:00,2017-04-28 14:00:00+00:00,-1,1.2499999999999376,TP,False
S2-17,ny_open_london_position,AUDUSD,2017-05-01 12:00:00+00:00,2017-05-01 12:15:00+00:00,2017-05-01 13:00:00+00:00,1,-0.9999999999999645,SL,False
S2-17,ny_open_london_position,AUDUSD,2017-05-01 13:00:00+00:00,2017-05-01 13:15:00+00:00,2017-05-01 13:45:00+00:00,1,1.2500000000000586,TP,False
S2-17,ny_open_london_position,AUDUSD,2017-05-01 13:45:00+00:00,2017-05-01 14:00:00+00:00,2017-05-01 16:00:00+00:00,1,-1.0000000000000884,SL,False
S2-17,ny_open_london_position,AUDUSD,2017-05-03 13:15:00+00:00,2017-05-03 13:30:00+00:00,2017-05-03 14:15:00+00:00,-1,1.250000000000028,TP,False
S2-17,ny_open_london_position,AUDUSD,2017-05-04 12:15:00+00:00,2017-05-04 12:30:00+00:00,2017-05-04 12:30:00+00:00,-1,-1.0000000000000842,SL,False
S2-17,ny_open_london_position,AUDUSD,2017-05-04 13:00:00+00:00,2017-05-04 13:15:00+00:00,2017-05-04 14:00:00+00:00,-1,-1.0000000000000493,SL,False
S2-17,ny_open_london_position,AUDUSD,2017-05-08 12:00:00+00:00,2017-05-08 12:15:00+00:00,2017-05-08 13:30:00+00:00,-1,1.2499999999999714,TP,False
S2-17,ny_open_london_position,AUDUSD,2017-05-08 13:30:00+00:00,2017-05-08 13:45:00+00:00,2017-05-08 14:45:00+00:00,-1,1.2500000000000508,TP,False
S2-17,ny_open_london_position,AUDUSD,2017-05-12 13:00:00+00:00,2017-05-12 13:15:00+00:00,2017-05-12 13:15:00+00:00,1,-0.9999999999999362,SL,False
S2-17,ny_open_london_position,AUDUSD,2017-05-16 13:30:00+00:00,2017-05-16 13:45:00+00:00,2017-05-16 14:00:00+00:00,1,-1.0000000000000682,SL,False
S2-17,ny_open_london_position,AUDUSD,2017-05-22 12:15:00+00:00,2017-05-22 12:30:00+00:00,2017-05-22 13:00:00+00:00,1,-1.0,SL,False
S2-17,ny_open_london_position,AUDUSD,2017-05-22 13:45:00+00:00,2017-05-22 14:00:00+00:00,2017-05-22 15:30:00+00:00,1,-0.9999999999999283,SL,False
S2-17,ny_open_london_position,AUDUSD,2017-05-23 12:15:00+00:00,2017-05-23 12:30:00+00:00,2017-05-23 12:30:00+00:00,1,1.25,TP,False
S2-17,ny_open_london_position,AUDUSD,2017-05-23 12:30:00+00:00,2017-05-23 12:45:00+00:00,2017-05-23 13:00:00+00:00,1,-1.0,SL,False
S2-17,ny_open_london_position,AUDUSD,2017-05-23 13:00:00+00:00,2017-05-23 13:15:00+00:00,2017-05-23 13:15:00+00:00,1,-1.0,SL,False
S2-17,ny_open_london_position,AUDUSD,2017-06-01 12:00:00+00:00,2017-06-01 12:15:00+00:00,2017-06-01 13:15:00+00:00,-1,1.250000000000061,TP,False
S2-17,ny_open_london_position,AUDUSD,2017-06-01 13:15:00+00:00,2017-06-01 13:30:00+00:00,2017-06-01 14:00:00+00:00,-1,-0.9999999999999747,SL,False
S2-17,ny_open_london_position,AUDUSD,2017-06-06 12:45:00+00:00,2017-06-06 13:00:00+00:00,2017-06-06 13:15:00+00:00,1,1.2499999999999256,TP,False
S2-17,ny_open_london_position,AUDUSD,2017-06-06 13:15:00+00:00,2017-06-06 13:30:00+00:00,2017-06-06 14:00:00+00:00,1,-1.0,SL,False
S2-17,ny_open_london_position,AUDUSD,2017-06-14 12:30:00+00:00,2017-06-14 12:45:00+00:00,2017-06-14 13:00:00+00:00,1,1.2499999999999423,TP,False
S2-17,ny_open_london_position,AUDUSD,2017-06-14 13:00:00+00:00,2017-06-14 13:15:00+00:00,2017-06-14 15:00:00+00:00,1,-1.0,SL,False
S2-17,ny_open_london_position,AUDUSD,2017-06-16 12:45:00+00:00,2017-06-16 13:00:00+00:00,2017-06-16 13:30:00+00:00,1,-1.0000000000001052,SL,False
S2-17,ny_open_london_position,AUDUSD,2017-06-16 13:30:00+00:00,2017-06-16 13:45:00+00:00,2017-06-16 15:15:00+00:00,1,1.2500000000000642,TP,False
S2-17,ny_open_london_position,AUDUSD,2017-06-26 13:00:00+00:00,2017-06-26 13:15:00+00:00,2017-06-26 14:30:00+00:00,1,-1.000000000000058,SL,False
S2-17,ny_open_london_position,AUDUSD,2017-06-28 13:00:00+00:00,2017-06-28 13:15:00+00:00,2017-06-28 14:15:00+00:00,1,1.24999999999998,TP,False
S2-17,ny_open_london_position,AUDUSD,2017-07-05 12:15:00+00:00,2017-07-05 12:30:00+00:00,2017-07-05 13:45:00+00:00,-1,1.2499999999999534,TP,False
S2-17,ny_open_london_position,AUDUSD,2017-07-05 13:45:00+00:00,2017-07-05 14:00:00+00:00,2017-07-05 14:15:00+00:00,-1,-0.9999999999999435,SL,False
S2-17,ny_open_london_position,AUDUSD,2017-07-12 12:30:00+00:00,2017-07-12 12:45:00+00:00,2017-07-12 12:45:00+00:00,1,1.25,TP,False
S2-17,ny_open_london_position,AUDUSD,2017-07-12 12:45:00+00:00,2017-07-12 13:00:00+00:00,2017-07-12 13:00:00+00:00,1,-1.0000000000000269,SL,False
S2-17,ny_open_london_position,AUDUSD,2017-07-12 13:00:00+00:00,2017-07-12 13:15:00+00:00,2017-07-12 13:30:00+00:00,1,-0.9999999999999288,SL,False
S2-17,ny_open_london_position,AUDUSD,2017-07-12 13:30:00+00:00,2017-07-12 13:45:00+00:00,2017-07-12 14:30:00+00:00,1,1.2500000000000677,TP,False
S2-17,ny_open_london_position,AUDUSD,2017-07-14 12:15:00+00:00,2017-07-14 12:30:00+00:00,2017-07-14 12:30:00+00:00,1,1.2500000000000968,TP,False
S2-17,ny_open_london_position,AUDUSD,2017-07-14 12:30:00+00:00,2017-07-14 12:45:00+00:00,2017-07-14 12:45:00+00:00,1,1.2499999999999474,TP,False
S2-17,ny_open_london_position,AUDUSD,2017-07-14 12:45:00+00:00,2017-07-14 13:00:00+00:00,2017-07-14 13:00:00+00:00,1,-0.9999999999999779,SL,False
S2-17,ny_open_london_position,AUDUSD,2017-07-14 13:00:00+00:00,2017-07-14 13:15:00+00:00,2017-07-14 13:45:00+00:00,1,1.2499999999999392,TP,False
S2-17,ny_open_london_position,AUDUSD,2017-07-14 13:45:00+00:00,2017-07-14 14:00:00+00:00,2017-07-14 14:00:00+00:00,1,-1.0,SL,False
S2-17,ny_open_london_position,AUDUSD,2017-07-17 12:00:00+00:00,2017-07-17 12:15:00+00:00,2017-07-17 12:30:00+00:00,1,-0.999999999999965,SL,False
S2-17,ny_open_london_position,AUDUSD,2017-07-17 12:45:00+00:00,2017-07-17 13:00:00+00:00,2017-07-17 13:15:00+00:00,1,1.250000000000034,TP,False
S2-17,ny_open_london_position,AUDUSD,2017-07-17 13:15:00+00:00,2017-07-17 13:30:00+00:00,2017-07-17 13:30:00+00:00,1,-0.9999999999999033,SL,False
S2-17,ny_open_london_position,AUDUSD,2017-07-17 13:45:00+00:00,2017-07-17 14:00:00+00:00,2017-07-17 14:30:00+00:00,1,-0.9999999999999706,SL,False
S2-17,ny_open_london_position,AUDUSD,2017-07-19 12:45:00+00:00,2017-07-19 13:00:00+00:00,2017-07-19 13:15:00+00:00,1,-1.000000000000064,SL,False
S2-17,ny_open_london_position,AUDUSD,2017-07-19 13:15:00+00:00,2017-07-19 13:30:00+00:00,2017-07-19 14:00:00+00:00,1,1.2500000000000648,TP,False
S2-17,ny_open_london_position,AUDUSD,2017-07-25 12:00:00+00:00,2017-07-25 12:15:00+00:00,2017-07-25 12:15:00+00:00,1,1.249999999999929,TP,False
S2-17,ny_open_london_position,AUDUSD,2017-07-25 12:15:00+00:00,2017-07-25 12:30:00+00:00,2017-07-25 12:45:00+00:00,1,-1.0000000000000449,SL,False
S2-17,ny_open_london_position,AUDUSD,2017-07-25 12:45:00+00:00,2017-07-25 13:00:00+00:00,2017-07-25 13:00:00+00:00,1,1.2499999999999354,TP,False
S2-17,ny_open_london_position,AUDUSD,2017-07-25 13:00:00+00:00,2017-07-25 13:15:00+00:00,2017-07-25 13:15:00+00:00,1,-1.0,SL,False
S2-17,ny_open_london_position,AUDUSD,2017-07-25 13:15:00+00:00,2017-07-25 13:30:00+00:00,2017-07-25 13:45:00+00:00,1,1.2500000000000415,TP,False
S2-17,ny_open_london_position,AUDUSD,2017-07-25 13:45:00+00:00,2017-07-25 14:00:00+00:00,2017-07-25 14:00:00+00:00,1,-1.000000000000019,SL,False
S2-17,ny_open_london_position,AUDUSD,2017-08-07 12:45:00+00:00,2017-08-07 13:00:00+00:00,2017-08-07 13:45:00+00:00,-1,-0.9999999999999456,SL,False
S2-17,ny_open_london_position,AUDUSD,2017-08-14 13:00:00+00:00,2017-08-14 13:15:00+00:00,2017-08-14 13:30:00+00:00,-1,-0.99999999999994,SL,False
S2-17,ny_open_london_position,AUDUSD,2017-08-14 13:30:00+00:00,2017-08-14 13:45:00+00:00,2017-08-14 14:30:00+00:00,-1,-1.0,SL,False
S2-17,ny_open_london_position,AUDUSD,2017-08-15 12:30:00+00:00,2017-08-15 12:45:00+00:00,2017-08-15 13:30:00+00:00,-1,-1.000000000000028,SL,False
S2-17,ny_open_london_position,AUDUSD,2017-08-15 13:30:00+00:00,2017-08-15 13:45:00+00:00,2017-08-15 13:45:00+00:00,-1,1.2500000000000249,TP,False
S2-17,ny_open_london_position,AUDUSD,2017-08-15 13:45:00+00:00,2017-08-15 14:00:00+00:00,2017-08-15 15:00:00+00:00,-1,-1.0000000000000226,SL,False
S2-17,ny_open_london_position,AUDUSD,2017-08-18 13:00:00+00:00,2017-08-18 13:15:00+00:00,2017-08-18 13:15:00+00:00,1,-0.9999999999999103,SL,False
S2-17,ny_open_london_position,AUDUSD,2017-08-18 13:15:00+00:00,2017-08-18 13:30:00+00:00,2017-08-18 13:45:00+00:00,1,-1.0000000000000844,SL,False
S2-17,ny_open_london_position,AUDUSD,2017-08-21 12:30:00+00:00,2017-08-21 12:45:00+00:00,2017-08-21 12:45:00+00:00,1,1.2499999999999638,TP,False
S2-17,ny_open_london_position,AUDUSD,2017-08-21 12:45:00+00:00,2017-08-21 13:00:00+00:00,2017-08-21 13:00:00+00:00,1,-1.0000000000000322,SL,False
S2-17,ny_open_london_position,AUDUSD,2017-08-21 13:00:00+00:00,2017-08-21 13:15:00+00:00,2017-08-21 13:15:00+00:00,1,-0.9999999999999364,SL,False
S2-17,ny_open_london_position,AUDUSD,2017-08-21 13:15:00+00:00,2017-08-21 13:30:00+00:00,2017-08-21 13:30:00+00:00,1,1.2499999999999687,TP,False
S2-17,ny_open_london_position,AUDUSD,2017-08-21 13:30:00+00:00,2017-08-21 13:45:00+00:00,2017-08-21 14:15:00+00:00,1,-1.0000000000000293,SL,False
S2-17,ny_open_london_position,AUDUSD,2017-08-29 12:15:00+00:00,2017-08-29 12:30:00+00:00,2017-08-29 12:30:00+00:00,1,-1.0000000000000564,SL,False
S2-17,ny_open_london_position,AUDUSD,2017-08-31 12:00:00+00:00,2017-08-31 12:15:00+00:00,2017-08-31 12:30:00+00:00,-1,-1.0000000000000684,SL,False
S2-17,ny_open_london_position,AUDUSD,2017-09-01 12:30:00+00:00,2017-09-01 12:45:00+00:00,2017-09-01 12:45:00+00:00,1,-1.0000000000000362,SL,False
S2-17,ny_open_london_position,AUDUSD,2017-09-01 12:45:00+00:00,2017-09-01 13:00:00+00:00,2017-09-01 13:30:00+00:00,1,-1.0,SL,False
S2-17,ny_open_london_position,AUDUSD,2017-09-01 13:30:00+00:00,2017-09-01 13:45:00+00:00,2017-09-01 14:00:00+00:00,1,-1.0,SL,False
S2-17,ny_open_london_position,AUDUSD,2017-09-05 12:15:00+00:00,2017-09-05 12:30:00+00:00,2017-09-05 12:30:00+00:00,1,1.250000000000058,TP,False
S2-17,ny_open_london_position,AUDUSD,2017-09-05 12:30:00+00:00,2017-09-05 12:45:00+00:00,2017-09-05 14:00:00+00:00,1,1.2500000000000524,TP,False
S2-17,ny_open_london_position,AUDUSD,2017-09-07 12:30:00+00:00,2017-09-07 12:45:00+00:00,2017-09-07 13:00:00+00:00,1,-0.9999999999999464,SL,False
S2-17,ny_open_london_position,AUDUSD,2017-09-07 13:00:00+00:00,2017-09-07 13:15:00+00:00,2017-09-07 13:15:00+00:00,1,-1.0000000000000662,SL,False
S2-17,ny_open_london_position,AUDUSD,2017-09-07 13:30:00+00:00,2017-09-07 13:45:00+00:00,2017-09-07 14:45:00+00:00,1,1.25,TP,False
S2-17,ny_open_london_position,AUDUSD,2017-09-12 12:45:00+00:00,2017-09-12 13:00:00+00:00,2017-09-12 13:00:00+00:00,-1,-1.0000000000000422,SL,False
S2-17,ny_open_london_position,AUDUSD,2017-09-12 13:30:00+00:00,2017-09-12 13:45:00+00:00,2017-09-12 14:00:00+00:00,-1,-1.0000000000000586,SL,False
S2-17,ny_open_london_position,AUDUSD,2017-09-13 13:00:00+00:00,2017-09-13 13:15:00+00:00,2017-09-13 13:30:00+00:00,-1,1.2499999999999234,TP,False
S2-17,ny_open_london_position,AUDUSD,2017-09-13 13:30:00+00:00,2017-09-13 13:45:00+00:00,2017-09-13 14:00:00+00:00,-1,1.249999999999933,TP,False
S2-17,ny_open_london_position,AUDUSD,2017-09-14 12:00:00+00:00,2017-09-14 12:15:00+00:00,2017-09-14 12:30:00+00:00,-1,1.2499999999999498,TP,False
S2-17,ny_open_london_position,AUDUSD,2017-09-14 12:30:00+00:00,2017-09-14 12:45:00+00:00,2017-09-14 12:45:00+00:00,-1,-1.0000000000000357,SL,False
S2-17,ny_open_london_position,AUDUSD,2017-09-14 12:45:00+00:00,2017-09-14 13:00:00+00:00,2017-09-14 13:00:00+00:00,-1,1.2500000000000482,TP,False
S2-17,ny_open_london_position,AUDUSD,2017-09-14 13:00:00+00:00,2017-09-14 13:15:00+00:00,2017-09-14 13:30:00+00:00,-1,-1.0000000000000298,SL,False
S2-17,ny_open_london_position,AUDUSD,2017-09-14 13:30:00+00:00,2017-09-14 13:45:00+00:00,2017-09-14 14:00:00+00:00,-1,-1.0000000000000142,SL,False
S2-17,ny_open_london_position,AUDUSD,2017-09-20 12:00:00+00:00,2017-09-20 12:15:00+00:00,2017-09-20 12:15:00+00:00,1,-1.000000000000082,SL,False
S2-17,ny_open_london_position,AUDUSD,2017-09-20 12:15:00+00:00,2017-09-20 12:30:00+00:00,2017-09-20 12:45:00+00:00,1,-0.9999999999999473,SL,False
S2-17,ny_open_london_position,AUDUSD,2017-09-20 13:15:00+00:00,2017-09-20 13:30:00+00:00,2017-09-20 13:45:00+00:00,1,1.2500000000000822,TP,False
S2-17,ny_open_london_position,AUDUSD,2017-09-20 13:45:00+00:00,2017-09-20 14:00:00+00:00,2017-09-20 14:00:00+00:00,1,-1.0000000000000515,SL,False
S2-17,ny_open_london_position,AUDUSD,2017-09-21 12:45:00+00:00,2017-09-21 13:00:00+00:00,2017-09-21 13:00:00+00:00,-1,-1.0000000000000528,SL,False
S2-17,ny_open_london_position,AUDUSD,2017-09-26 13:45:00+00:00,2017-09-26 14:00:00+00:00,2017-09-26 14:45:00+00:00,-1,1.2499999999999507,TP,False
S2-17,ny_open_london_position,AUDUSD,2017-09-29 12:15:00+00:00,2017-09-29 12:30:00+00:00,2017-09-29 12:30:00+00:00,-1,-1.0000000000000886,SL,True
S2-17,ny_open_london_position,AUDUSD,2017-10-05 12:45:00+00:00,2017-10-05 13:00:00+00:00,2017-10-05 13:15:00+00:00,-1,1.250000000000029,TP,False
S2-17,ny_open_london_position,AUDUSD,2017-10-05 13:15:00+00:00,2017-10-05 13:30:00+00:00,2017-10-05 13:45:00+00:00,-1,-0.9999999999999111,SL,False
S2-17,ny_open_london_position,AUDUSD,2017-10-05 13:45:00+00:00,2017-10-05 14:00:00+00:00,2017-10-05 14:00:00+00:00,-1,-0.9999999999999397,SL,True
S2-17,ny_open_london_position,AUDUSD,2017-10-06 12:30:00+00:00,2017-10-06 12:45:00+00:00,2017-10-06 12:45:00+00:00,-1,1.2499999999999554,TP,False
S2-17,ny_open_london_position,AUDUSD,2017-10-06 12:45:00+00:00,2017-10-06 13:00:00+00:00,2017-10-06 13:00:00+00:00,-1,-1.0000000000000624,SL,False
S2-17,ny_open_london_position,AUDUSD,2017-10-06 13:00:00+00:00,2017-10-06 13:15:00+00:00,2017-10-06 13:30:00+00:00,-1,1.2499999999999423,TP,False
S2-17,ny_open_london_position,AUDUSD,2017-10-06 13:30:00+00:00,2017-10-06 13:45:00+00:00,2017-10-06 14:00:00+00:00,-1,1.249999999999982,TP,False
S2-17,ny_open_london_position,AUDUSD,2017-10-11 12:30:00+00:00,2017-10-11 12:45:00+00:00,2017-10-11 12:45:00+00:00,1,-1.0,SL,False
S2-17,ny_open_london_position,AUDUSD,2017-10-11 12:45:00+00:00,2017-10-11 13:00:00+00:00,2017-10-11 13:00:00+00:00,1,-1.000000000000101,SL,False
S2-17,ny_open_london_position,AUDUSD,2017-10-13 12:30:00+00:00,2017-10-13 12:45:00+00:00,2017-10-13 13:15:00+00:00,1,1.249999999999966,TP,False
S2-17,ny_open_london_position,AUDUSD,2017-10-13 13:15:00+00:00,2017-10-13 13:30:00+00:00,2017-10-13 14:30:00+00:00,1,-1.000000000000015,SL,False
S2-17,ny_open_london_position,AUDUSD,2017-10-17 12:30:00+00:00,2017-10-17 12:45:00+00:00,2017-10-17 13:00:00+00:00,-1,1.2500000000000278,TP,False
S2-17,ny_open_london_position,AUDUSD,2017-10-17 13:00:00+00:00,2017-10-17 13:15:00+00:00,2017-10-17 14:30:00+00:00,-1,1.2499999999999736,TP,False
S2-17,ny_open_london_position,AUDUSD,2017-10-20 12:45:00+00:00,2017-10-20 13:00:00+00:00,2017-10-20 13:30:00+00:00,-1,1.250000000000028,TP,False
S2-17,ny_open_london_position,AUDUSD,2017-10-20 13:30:00+00:00,2017-10-20 13:45:00+00:00,2017-10-20 14:15:00+00:00,-1,1.25,TP,False
S2-17,ny_open_london_position,AUDUSD,2017-10-30 12:30:00+00:00,2017-10-30 12:45:00+00:00,2017-10-30 13:30:00+00:00,-1,-1.0000000000000997,SL,False
S2-17,ny_open_london_position,AUDUSD,2017-10-31 12:00:00+00:00,2017-10-31 12:15:00+00:00,2017-10-31 12:15:00+00:00,-1,-1.0,SL,False
S2-17,ny_open_london_position,AUDUSD,2017-10-31 12:30:00+00:00,2017-10-31 12:45:00+00:00,2017-10-31 12:45:00+00:00,-1,-1.0000000000000246,SL,False
S2-17,ny_open_london_position,AUDUSD,2017-10-31 12:45:00+00:00,2017-10-31 13:00:00+00:00,2017-10-31 14:00:00+00:00,-1,1.249999999999976,TP,False
S2-17,ny_open_london_position,AUDUSD,2017-11-07 12:00:00+00:00,2017-11-07 12:15:00+00:00,2017-11-07 13:30:00+00:00,-1,-0.9999999999999694,SL,False
S2-17,ny_open_london_position,AUDUSD,2017-11-13 12:45:00+00:00,2017-11-13 13:00:00+00:00,2017-11-13 13:00:00+00:00,-1,-1.0000000000001295,SL,False
S2-17,ny_open_london_position,AUDUSD,2017-11-13 13:00:00+00:00,2017-11-13 13:15:00+00:00,2017-11-13 13:30:00+00:00,-1,-0.9999999999999143,SL,False
S2-17,ny_open_london_position,AUDUSD,2017-11-13 13:30:00+00:00,2017-11-13 13:45:00+00:00,2017-11-13 15:00:00+00:00,-1,-0.9999999999999628,SL,False
S2-17,ny_open_london_position,AUDUSD,2017-11-17 13:30:00+00:00,2017-11-17 13:45:00+00:00,2017-11-17 13:45:00+00:00,-1,-0.9999999999999283,SL,False
S2-17,ny_open_london_position,AUDUSD,2017-11-20 12:15:00+00:00,2017-11-20 12:30:00+00:00,2017-11-20 13:45:00+00:00,-1,1.2500000000000646,TP,False
S2-17,ny_open_london_position,AUDUSD,2017-11-20 13:45:00+00:00,2017-11-20 14:00:00+00:00,2017-11-20 14:00:00+00:00,-1,-0.9999999999999287,SL,False
S2-17,ny_open_london_position,AUDUSD,2017-11-22 13:00:00+00:00,2017-11-22 13:15:00+00:00,2017-11-22 13:30:00+00:00,1,-0.999999999999966,SL,False
S2-17,ny_open_london_position,AUDUSD,2017-11-29 13:00:00+00:00,2017-11-29 13:15:00+00:00,2017-11-29 13:15:00+00:00,-1,1.25,TP,False
S2-17,ny_open_london_position,AUDUSD,2017-11-29 13:15:00+00:00,2017-11-29 13:30:00+00:00,2017-11-29 13:30:00+00:00,-1,-1.0,SL,False
S2-17,ny_open_london_position,AUDUSD,2017-11-29 13:30:00+00:00,2017-11-29 13:45:00+00:00,2017-11-29 15:00:00+00:00,-1,1.25,TP,False
S2-17,ny_open_london_position,AUDUSD,2017-12-04 13:00:00+00:00,2017-12-04 13:15:00+00:00,2017-12-04 13:30:00+00:00,1,-0.9999999999999348,SL,False
S2-17,ny_open_london_position,AUDUSD,2017-12-07 12:00:00+00:00,2017-12-07 12:15:00+00:00,2017-12-07 13:45:00+00:00,-1,-1.0,SL,False
S2-17,ny_open_london_position,AUDUSD,2017-12-13 13:30:00+00:00,2017-12-13 13:45:00+00:00,2017-12-13 14:30:00+00:00,1,1.2500000000000806,TP,False
S2-17,ny_open_london_position,AUDUSD,2017-12-21 13:00:00+00:00,2017-12-21 13:15:00+00:00,2017-12-21 13:30:00+00:00,1,1.249999999999883,TP,False
S2-17,ny_open_london_position,AUDUSD,2017-12-21 13:30:00+00:00,2017-12-21 13:45:00+00:00,2017-12-21 13:45:00+00:00,1,-0.9999999999999691,SL,False
S2-17,ny_open_london_position,AUDUSD,2017-12-21 13:45:00+00:00,2017-12-21 14:00:00+00:00,2017-12-21 14:00:00+00:00,1,-1.000000000000058,SL,False
S2-17,ny_open_london_position,AUDUSD,2017-12-27 12:00:00+00:00,2017-12-27 12:15:00+00:00,2017-12-27 12:15:00+00:00,1,-1.0000000000000366,SL,False
S2-17,ny_open_london_position,AUDUSD,2018-01-03 13:30:00+00:00,2018-01-03 13:45:00+00:00,2018-01-03 14:00:00+00:00,1,-0.999999999999888,SL,False
S2-17,ny_open_london_position,AUDUSD,2018-01-18 12:00:00+00:00,2018-01-18 12:15:00+00:00,2018-01-18 12:30:00+00:00,1,-1.0000000000000868,SL,False
S2-17,ny_open_london_position,AUDUSD,2018-01-18 13:45:00+00:00,2018-01-18 14:00:00+00:00,2018-01-18 14:45:00+00:00,1,1.2499999999999163,TP,False
S2-17,ny_open_london_position,AUDUSD,2018-01-31 12:00:00+00:00,2018-01-31 12:15:00+00:00,2018-01-31 12:15:00+00:00,1,-0.9999999999999531,SL,False
S2-17,ny_open_london_position,AUDUSD,2018-01-31 12:45:00+00:00,2018-01-31 13:00:00+00:00,2018-01-31 13:00:00+00:00,1,-1.0000000000000253,SL,False
S2-17,ny_open_london_position,AUDUSD,2018-01-31 13:00:00+00:00,2018-01-31 13:15:00+00:00,2018-01-31 13:15:00+00:00,1,-1.0000000000000244,SL,False
S2-17,ny_open_london_position,AUDUSD,2018-02-02 13:30:00+00:00,2018-02-02 13:45:00+00:00,2018-02-02 14:00:00+00:00,-1,1.2499999999999838,TP,False
S2-17,ny_open_london_position,AUDUSD,2018-02-06 13:00:00+00:00,2018-02-06 13:15:00+00:00,2018-02-06 13:30:00+00:00,-1,-1.0,SL,False
S2-17,ny_open_london_position,AUDUSD,2018-02-08 12:00:00+00:00,2018-02-08 12:15:00+00:00,2018-02-08 13:00:00+00:00,-1,-1.0000000000000193,SL,False
S2-17,ny_open_london_position,AUDUSD,2018-02-12 12:45:00+00:00,2018-02-12 13:00:00+00:00,2018-02-12 13:30:00+00:00,1,-1.0000000000000813,SL,False
S2-17,ny_open_london_position,AUDUSD,2018-03-06 12:00:00+00:00,2018-03-06 12:15:00+00:00,2018-03-06 12:45:00+00:00,1,1.24999999999996,TP,False
S2-17,ny_open_london_position,AUDUSD,2018-03-06 12:45:00+00:00,2018-03-06 13:00:00+00:00,2018-03-06 13:00:00+00:00,1,1.250000000000052,TP,False
S2-17,ny_open_london_position,AUDUSD,2018-03-06 13:00:00+00:00,2018-03-06 13:15:00+00:00,2018-03-06 13:15:00+00:00,1,-0.9999999999999838,SL,False
S2-17,ny_open_london_position,AUDUSD,2018-03-06 13:15:00+00:00,2018-03-06 13:30:00+00:00,2018-03-06 14:15:00+00:00,1,-0.9999999999999533,SL,False
S2-17,ny_open_london_position,AUDUSD,2018-03-13 13:00:00+00:00,2018-03-13 13:15:00+00:00,2018-03-13 13:15:00+00:00,1,-1.0000000000000682,SL,False
S2-17,ny_open_london_position,AUDUSD,2018-03-13 13:15:00+00:00,2018-03-13 13:30:00+00:00,2018-03-13 14:00:00+00:00,1,1.25,TP,False
S2-17,ny_open_london_position,AUDUSD,2018-03-14 12:00:00+00:00,2018-03-14 12:15:00+00:00,2018-03-14 12:15:00+00:00,1,-0.999999999999974,SL,False
S2-17,ny_open_london_position,AUDUSD,2018-03-14 12:30:00+00:00,2018-03-14 12:45:00+00:00,2018-03-14 12:45:00+00:00,1,-1.0,SL,False
S2-17,ny_open_london_position,AUDUSD,2018-03-14 13:00:00+00:00,2018-03-14 13:15:00+00:00,2018-03-14 13:15:00+00:00,1,-0.9999999999999596,SL,False
S2-17,ny_open_london_position,AUDUSD,2018-03-14 13:15:00+00:00,2018-03-14 13:30:00+00:00,2018-03-14 13:30:00+00:00,1,-1.0,SL,False
S2-17,ny_open_london_position,AUDUSD,2018-03-15 12:45:00+00:00,2018-03-15 13:00:00+00:00,2018-03-15 13:00:00+00:00,-1,-1.0000000000000557,SL,False
S2-17,ny_open_london_position,AUDUSD,2018-03-15 13:15:00+00:00,2018-03-15 13:30:00+00:00,2018-03-15 13:30:00+00:00,-1,1.25,TP,False
S2-17,ny_open_london_position,AUDUSD,2018-03-15 13:30:00+00:00,2018-03-15 13:45:00+00:00,2018-03-15 14:00:00+00:00,-1,-1.0,SL,False
S2-17,ny_open_london_position,AUDUSD,2018-03-16 12:00:00+00:00,2018-03-16 12:15:00+00:00,2018-03-16 12:15:00+00:00,-1,-0.999999999999931,SL,False
S2-17,ny_open_london_position,AUDUSD,2018-03-16 12:45:00+00:00,2018-03-16 13:00:00+00:00,2018-03-16 13:15:00+00:00,-1,1.2499999999999567,TP,False
S2-17,ny_open_london_position,AUDUSD,2018-03-16 13:15:00+00:00,2018-03-16 13:30:00+00:00,2018-03-16 14:15:00+00:00,-1,1.2500000000000637,TP,False
S2-17,ny_open_london_position,AUDUSD,2018-04-02 13:00:00+00:00,2018-04-02 13:15:00+00:00,2018-04-02 13:45:00+00:00,-1,1.25,TP,False
S2-17,ny_open_london_position,AUDUSD,2018-04-02 13:45:00+00:00,2018-04-02 14:00:00+00:00,2018-04-02 14:00:00+00:00,-1,1.250000000000038,TP,False
S2-17,ny_open_london_position,AUDUSD,2018-04-10 13:30:00+00:00,2018-04-10 13:45:00+00:00,2018-04-10 14:00:00+00:00,1,1.2499999999999702,TP,False
S2-17,ny_open_london_position,AUDUSD,2018-04-20 12:45:00+00:00,2018-04-20 13:00:00+00:00,2018-04-20 13:15:00+00:00,-1,1.2500000000000302,TP,False
S2-17,ny_open_london_position,AUDUSD,2018-04-20 13:15:00+00:00,2018-04-20 13:30:00+00:00,2018-04-20 13:45:00+00:00,-1,1.2500000000000786,TP,False
S2-17,ny_open_london_position,AUDUSD,2018-04-20 13:45:00+00:00,2018-04-20 14:00:00+00:00,2018-04-20 14:00:00+00:00,-1,-1.000000000000026,SL,False
S2-17,ny_open_london_position,AUDUSD,2018-04-23 13:30:00+00:00,2018-04-23 13:45:00+00:00,2018-04-23 13:45:00+00:00,-1,1.2500000000000346,TP,False
S2-17,ny_open_london_position,AUDUSD,2018-04-23 13:45:00+00:00,2018-04-23 14:00:00+00:00,2018-04-23 15:15:00+00:00,-1,1.2500000000000315,TP,False
S2-17,ny_open_london_position,AUDUSD,2018-04-30 13:15:00+00:00,2018-04-30 13:30:00+00:00,2018-04-30 13:30:00+00:00,-1,-0.9999999999999389,SL,False
S2-17,ny_open_london_position,AUDUSD,2018-05-01 12:00:00+00:00,2018-05-01 12:15:00+00:00,2018-05-01 12:15:00+00:00,-1,-0.9999999999999093,SL,False
S2-17,ny_open_london_position,AUDUSD,2018-05-01 13:15:00+00:00,2018-05-01 13:30:00+00:00,2018-05-01 13:45:00+00:00,-1,1.2500000000000846,TP,False
S2-17,ny_open_london_position,AUDUSD,2018-05-01 13:45:00+00:00,2018-05-01 14:00:00+00:00,2018-05-01 14:00:00+00:00,-1,-0.9999999999999262,SL,False
S2-17,ny_open_london_position,AUDUSD,2018-05-08 13:00:00+00:00,2018-05-08 13:15:00+00:00,2018-05-08 14:45:00+00:00,-1,-0.9999999999999326,SL,False
S2-17,ny_open_london_position,AUDUSD,2018-05-10 12:30:00+00:00,2018-05-10 12:45:00+00:00,2018-05-10 12:45:00+00:00,1,1.2499999999999423,TP,False
S2-17,ny_open_london_position,AUDUSD,2018-05-10 12:45:00+00:00,2018-05-10 13:00:00+00:00,2018-05-10 13:45:00+00:00,1,-0.9999999999999826,SL,False
S2-17,ny_open_london_position,AUDUSD,2018-05-10 13:45:00+00:00,2018-05-10 14:00:00+00:00,2018-05-10 14:15:00+00:00,1,-1.0,SL,False
S2-17,ny_open_london_position,AUDUSD,2018-05-15 12:30:00+00:00,2018-05-15 12:45:00+00:00,2018-05-15 12:45:00+00:00,-1,1.25,TP,False
S2-17,ny_open_london_position,AUDUSD,2018-05-15 12:45:00+00:00,2018-05-15 13:00:00+00:00,2018-05-15 13:45:00+00:00,-1,1.2499999999999623,TP,False
S2-17,ny_open_london_position,AUDUSD,2018-05-15 13:45:00+00:00,2018-05-15 14:00:00+00:00,2018-05-15 14:00:00+00:00,-1,-1.000000000000016,SL,False
S2-17,ny_open_london_position,AUDUSD,2018-05-18 13:00:00+00:00,2018-05-18 13:15:00+00:00,2018-05-18 13:30:00+00:00,-1,-1.0000000000000737,SL,False
S2-17,ny_open_london_position,AUDUSD,2018-05-18 13:45:00+00:00,2018-05-18 14:00:00+00:00,2018-05-18 14:15:00+00:00,-1,-0.9999999999999345,SL,False
S2-17,ny_open_london_position,AUDUSD,2018-05-21 12:30:00+00:00,2018-05-21 12:45:00+00:00,2018-05-21 13:15:00+00:00,1,1.24999999999992,TP,False
S2-17,ny_open_london_position,AUDUSD,2018-05-21 13:15:00+00:00,2018-05-21 13:30:00+00:00,2018-05-21 14:30:00+00:00,1,1.249999999999976,TP,False
S2-17,ny_open_london_position,AUDUSD,2018-06-01 12:45:00+00:00,2018-06-01 13:00:00+00:00,2018-06-01 13:00:00+00:00,-1,-0.9999999999999787,SL,False
S2-17,ny_open_london_position,AUDUSD,2018-06-04 12:00:00+00:00,2018-06-04 12:15:00+00:00,2018-06-04 12:15:00+00:00,1,-1.0000000000000289,SL,False
S2-17,ny_open_london_position,AUDUSD,2018-06-06 12:15:00+00:00,2018-06-06 12:30:00+00:00,2018-06-06 12:45:00+00:00,1,-1.0,SL,False
S2-17,ny_open_london_position,AUDUSD,2018-06-06 12:45:00+00:00,2018-06-06 13:00:00+00:00,2018-06-06 13:30:00+00:00,1,1.2499999999999698,TP,False
S2-17,ny_open_london_position,AUDUSD,2018-06-06 13:30:00+00:00,2018-06-06 13:45:00+00:00,2018-06-06 14:15:00+00:00,1,-1.0000000000000604,SL,False
S2-17,ny_open_london_position,AUDUSD,2018-06-12 12:00:00+00:00,2018-06-12 12:15:00+00:00,2018-06-12 12:30:00+00:00,-1,-1.0000000000000782,SL,False
S2-17,ny_open_london_position,AUDUSD,2018-06-14 13:15:00+00:00,2018-06-14 13:30:00+00:00,2018-06-14 13:45:00+00:00,-1,1.2500000000000406,TP,False
S2-17,ny_open_london_position,AUDUSD,2018-06-14 13:45:00+00:00,2018-06-14 14:00:00+00:00,2018-06-14 15:00:00+00:00,-1,-1.0000000000000393,SL,False
S2-17,ny_open_london_position,AUDUSD,2018-06-20 12:00:00+00:00,2018-06-20 12:15:00+00:00,2018-06-20 12:30:00+00:00,-1,-1.0,SL,False
S2-17,ny_open_london_position,AUDUSD,2018-06-26 13:30:00+00:00,2018-06-26 13:45:00+00:00,2018-06-26 13:45:00+00:00,-1,-1.0,SL,False
S2-17,ny_open_london_position,AUDUSD,2018-06-26 13:45:00+00:00,2018-06-26 14:00:00+00:00,2018-06-26 14:45:00+00:00,-1,-1.000000000000026,SL,False
S2-17,ny_open_london_position,AUDUSD,2018-07-02 13:00:00+00:00,2018-07-02 13:15:00+00:00,2018-07-02 14:45:00+00:00,-1,1.2499999999999658,TP,False
S2-17,ny_open_london_position,AUDUSD,2018-07-05 12:15:00+00:00,2018-07-05 12:30:00+00:00,2018-07-05 12:30:00+00:00,1,-1.0000000000000602,SL,False
S2-17,ny_open_london_position,AUDUSD,2018-07-05 12:30:00+00:00,2018-07-05 12:45:00+00:00,2018-07-05 13:00:00+00:00,1,-1.000000000000088,SL,False
S2-17,ny_open_london_position,AUDUSD,2018-07-06 12:30:00+00:00,2018-07-06 12:45:00+00:00,2018-07-06 12:45:00+00:00,1,-1.000000000000078,SL,False
S2-17,ny_open_london_position,AUDUSD,2018-07-06 12:45:00+00:00,2018-07-06 13:00:00+00:00,2018-07-06 14:00:00+00:00,1,-1.000000000000048,SL,False
S2-17,ny_open_london_position,AUDUSD,2018-07-09 12:00:00+00:00,2018-07-09 12:15:00+00:00,2018-07-09 12:15:00+00:00,1,-1.0000000000000677,SL,False
S2-17,ny_open_london_position,AUDUSD,2018-07-19 12:00:00+00:00,2018-07-19 12:15:00+00:00,2018-07-19 13:30:00+00:00,-1,-1.0000000000000193,SL,False
S2-17,ny_open_london_position,AUDUSD,2018-07-19 13:45:00+00:00,2018-07-19 14:00:00+00:00,2018-07-19 14:00:00+00:00,-1,-1.0,SL,False
S2-17,ny_open_london_position,AUDUSD,2018-07-25 13:00:00+00:00,2018-07-25 13:15:00+00:00,2018-07-25 13:15:00+00:00,1,-0.9999999999999277,SL,False
S2-17,ny_open_london_position,AUDUSD,2018-07-31 13:30:00+00:00,2018-07-31 13:45:00+00:00,2018-07-31 13:45:00+00:00,1,-0.9999999999999436,SL,False
S2-17,ny_open_london_position,AUDUSD,2018-08-10 13:15:00+00:00,2018-08-10 13:30:00+00:00,2018-08-10 13:30:00+00:00,-1,-0.9999999999999429,SL,False
S2-17,ny_open_london_position,AUDUSD,2018-08-15 13:45:00+00:00,2018-08-15 14:00:00+00:00,2018-08-15 14:15:00+00:00,-1,-1.0000000000000213,SL,False
S2-17,ny_open_london_position,AUDUSD,2018-08-16 12:30:00+00:00,2018-08-16 12:45:00+00:00,2018-08-16 12:45:00+00:00,1,-0.9999999999999735,SL,False
S2-17,ny_open_london_position,AUDUSD,2018-08-16 13:30:00+00:00,2018-08-16 13:45:00+00:00,2018-08-16 15:45:00+00:00,1,-1.0000000000000469,SL,False
S2-17,ny_open_london_position,AUDUSD,2018-08-23 12:45:00+00:00,2018-08-23 13:00:00+00:00,2018-08-23 13:00:00+00:00,-1,1.24999999999991,TP,False
S2-17,ny_open_london_position,AUDUSD,2018-08-23 13:00:00+00:00,2018-08-23 13:15:00+00:00,2018-08-23 13:45:00+00:00,-1,-1.0,SL,False
S2-17,ny_open_london_position,AUDUSD,2018-08-23 13:45:00+00:00,2018-08-23 14:00:00+00:00,2018-08-23 14:00:00+00:00,-1,1.2499999999999227,TP,False
S2-17,ny_open_london_position,AUDUSD,2018-08-27 12:15:00+00:00,2018-08-27 12:30:00+00:00,2018-08-27 13:30:00+00:00,1,1.2500000000001064,TP,False
S2-17,ny_open_london_position,AUDUSD,2018-08-27 13:30:00+00:00,2018-08-27 13:45:00+00:00,2018-08-27 14:15:00+00:00,1,1.2499999999998976,TP,False
S2-17,ny_open_london_position,AUDUSD,2018-08-28 13:00:00+00:00,2018-08-28 13:15:00+00:00,2018-08-28 13:30:00+00:00,1,-1.0,SL,False
S2-17,ny_open_london_position,AUDUSD,2018-08-28 13:45:00+00:00,2018-08-28 14:00:00+00:00,2018-08-28 14:00:00+00:00,1,-1.000000000000025,SL,False
S2-17,ny_open_london_position,AUDUSD,2018-08-29 12:30:00+00:00,2018-08-29 12:45:00+00:00,2018-08-29 13:00:00+00:00,-1,-0.9999999999999716,SL,False
S2-17,ny_open_london_position,AUDUSD,2018-08-29 13:30:00+00:00,2018-08-29 13:45:00+00:00,2018-08-29 14:00:00+00:00,-1,-1.0000000000000253,SL,False
S2-17,ny_open_london_position,AUDUSD,2018-08-31 13:00:00+00:00,2018-08-31 13:15:00+00:00,2018-08-31 13:30:00+00:00,-1,-0.9999999999999776,SL,False
S2-17,ny_open_london_position,AUDUSD,2018-08-31 13:30:00+00:00,2018-08-31 13:45:00+00:00,2018-08-31 14:00:00+00:00,-1,-0.9999999999999768,SL,False
S2-17,ny_open_london_position,AUDUSD,2018-09-07 12:45:00+00:00,2018-09-07 13:00:00+00:00,2018-09-07 13:15:00+00:00,-1,-1.0,SL,False
S2-17,ny_open_london_position,AUDUSD,2018-09-07 13:15:00+00:00,2018-09-07 13:30:00+00:00,2018-09-07 14:00:00+00:00,-1,-1.0000000000000335,SL,False
S2-17,ny_open_london_position,AUDUSD,2018-09-11 12:30:00+00:00,2018-09-11 12:45:00+00:00,2018-09-11 14:00:00+00:00,-1,-0.9999999999999464,SL,False
S2-17,ny_open_london_position,AUDUSD,2018-09-13 12:30:00+00:00,2018-09-13 12:45:00+00:00,2018-09-13 14:15:00+00:00,1,-1.0000000000000586,SL,False
S2-17,ny_open_london_position,AUDUSD,2018-09-20 12:00:00+00:00,2018-09-20 12:15:00+00:00,2018-09-20 12:45:00+00:00,1,-1.000000000000066,SL,False
S2-17,ny_open_london_position,AUDUSD,2018-09-20 13:15:00+00:00,2018-09-20 13:30:00+00:00,2018-09-20 13:30:00+00:00,1,-0.9999999999999399,SL,False
S2-17,ny_open_london_position,AUDUSD,2018-09-26 12:00:00+00:00,2018-09-26 12:15:00+00:00,2018-09-26 13:30:00+00:00,-1,-0.9999999999999584,SL,False
S2-17,ny_open_london_position,AUDUSD,2018-09-27 12:30:00+00:00,2018-09-27 12:45:00+00:00,2018-09-27 13:00:00+00:00,-1,1.249999999999903,TP,False
S2-17,ny_open_london_position,AUDUSD,2018-09-27 13:00:00+00:00,2018-09-27 13:15:00+00:00,2018-09-27 13:15:00+00:00,-1,-1.0,SL,False
S2-17,ny_open_london_position,AUDUSD,2018-09-27 13:15:00+00:00,2018-09-27 13:30:00+00:00,2018-09-27 14:00:00+00:00,-1,-1.0000000000000964,SL,False
S2-17,ny_open_london_position,AUDUSD,2018-10-03 12:15:00+00:00,2018-10-03 12:30:00+00:00,2018-10-03 12:45:00+00:00,-1,-0.9999999999999389,SL,False
S2-17,ny_open_london_position,AUDUSD,2018-10-03 12:45:00+00:00,2018-10-03 13:00:00+00:00,2018-10-03 13:15:00+00:00,-1,-1.0,SL,False
S2-17,ny_open_london_position,AUDUSD,2018-10-11 13:00:00+00:00,2018-10-11 13:15:00+00:00,2018-10-11 13:45:00+00:00,1,1.25,TP,False
S2-17,ny_open_london_position,AUDUSD,2018-10-11 13:45:00+00:00,2018-10-11 14:00:00+00:00,2018-10-11 14:00:00+00:00,1,-1.0000000000000167,SL,False
S2-17,ny_open_london_position,AUDUSD,2018-10-15 12:45:00+00:00,2018-10-15 13:00:00+00:00,2018-10-15 13:00:00+00:00,1,-1.0000000000000724,SL,False
S2-17,ny_open_london_position,AUDUSD,2018-10-16 12:30:00+00:00,2018-10-16 12:45:00+00:00,2018-10-16 12:45:00+00:00,1,-1.0000000000000946,SL,False
S2-17,ny_open_london_position,AUDUSD,2018-10-16 12:45:00+00:00,2018-10-16 13:00:00+00:00,2018-10-16 13:00:00+00:00,1,1.2500000000001312,TP,False
S2-17,ny_open_london_position,AUDUSD,2018-10-16 13:00:00+00:00,2018-10-16 13:15:00+00:00,2018-10-16 13:45:00+00:00,1,-0.9999999999999608,SL,False
S2-17,ny_open_london_position,AUDUSD,2018-10-16 13:45:00+00:00,2018-10-16 14:00:00+00:00,2018-10-16 14:00:00+00:00,1,-1.0000000000000988,SL,False
S2-17,ny_open_london_position,AUDUSD,2018-10-22 13:00:00+00:00,2018-10-22 13:15:00+00:00,2018-10-22 14:30:00+00:00,-1,1.2499999999999711,TP,False
S2-17,ny_open_london_position,AUDUSD,2018-10-23 13:00:00+00:00,2018-10-23 13:15:00+00:00,2018-10-23 13:15:00+00:00,-1,-0.9999999999998942,SL,False
S2-17,ny_open_london_position,AUDUSD,2018-10-30 12:00:00+00:00,2018-10-30 12:15:00+00:00,2018-10-30 12:15:00+00:00,1,-0.9999999999998983,SL,False
S2-17,ny_open_london_position,AUDUSD,2018-10-30 13:30:00+00:00,2018-10-30 13:45:00+00:00,2018-10-30 14:30:00+00:00,1,-0.9999999999999288,SL,False
S2-17,ny_open_london_position,AUDUSD,2018-11-01 12:00:00+00:00,2018-11-01 12:15:00+00:00,2018-11-01 13:15:00+00:00,1,1.25,TP,False
S2-17,ny_open_london_position,AUDUSD,2018-11-01 13:15:00+00:00,2018-11-01 13:30:00+00:00,2018-11-01 14:00:00+00:00,1,1.249999999999977,TP,False
S2-17,ny_open_london_position,AUDUSD,2018-11-29 12:15:00+00:00,2018-11-29 12:30:00+00:00,2018-11-29 12:45:00+00:00,1,1.2499999999999507,TP,False
S2-17,ny_open_london_position,AUDUSD,2018-11-29 12:45:00+00:00,2018-11-29 13:00:00+00:00,2018-11-29 13:45:00+00:00,1,-1.0,SL,False
S2-17,ny_open_london_position,AUDUSD,2018-12-07 12:45:00+00:00,2018-12-07 13:00:00+00:00,2018-12-07 13:00:00+00:00,-1,-0.9999999999999625,SL,False
S2-17,ny_open_london_position,AUDUSD,2018-12-12 13:45:00+00:00,2018-12-12 14:00:00+00:00,2018-12-12 14:00:00+00:00,1,-1.0,SL,False
S2-17,ny_open_london_position,AUDUSD,2018-12-14 13:30:00+00:00,2018-12-14 13:45:00+00:00,2018-12-14 13:45:00+00:00,-1,-1.0,SL,False
S2-17,ny_open_london_position,AUDUSD,2018-12-14 13:45:00+00:00,2018-12-14 14:00:00+00:00,2018-12-14 14:15:00+00:00,-1,-0.9999999999999689,SL,False
S2-17,ny_open_london_position,AUDUSD,2018-12-24 12:00:00+00:00,2018-12-24 12:15:00+00:00,2018-12-24 12:15:00+00:00,-1,-1.0000000000001172,SL,False
S2-17,ny_open_london_position,AUDUSD,2018-12-24 12:15:00+00:00,2018-12-24 12:30:00+00:00,2018-12-24 12:30:00+00:00,-1,-1.0000000000000768,SL,False
S2-17,ny_open_london_position,AUDUSD,2018-12-24 12:30:00+00:00,2018-12-24 12:45:00+00:00,2018-12-24 13:00:00+00:00,-1,1.24999999999988,TP,False
S2-17,ny_open_london_position,AUDUSD,2018-12-24 13:00:00+00:00,2018-12-24 13:15:00+00:00,2018-12-24 13:15:00+00:00,-1,-1.0000000000001124,SL,False
S2-17,ny_open_london_position,AUDUSD,2018-12-24 13:15:00+00:00,2018-12-24 13:30:00+00:00,2018-12-24 14:00:00+00:00,-1,-1.0,SL,False
S2-17,ny_open_london_position,AUDUSD,2019-01-02 12:30:00+00:00,2019-01-02 12:45:00+00:00,2019-01-02 13:15:00+00:00,-1,1.2499999999998987,TP,False
S2-17,ny_open_london_position,AUDUSD,2019-01-02 13:15:00+00:00,2019-01-02 13:30:00+00:00,2019-01-02 13:30:00+00:00,-1,-1.0,SL,False
S2-17,ny_open_london_position,AUDUSD,2019-01-02 13:30:00+00:00,2019-01-02 13:45:00+00:00,2019-01-02 14:45:00+00:00,-1,-0.9999999999999101,SL,False
S2-17,ny_open_london_position,AUDUSD,2019-01-08 12:00:00+00:00,2019-01-08 12:15:00+00:00,2019-01-08 12:30:00+00:00,1,-1.0,SL,False
S2-17,ny_open_london_position,AUDUSD,2019-01-10 13:00:00+00:00,2019-01-10 13:15:00+00:00,2019-01-10 13:15:00+00:00,1,-0.9999999999999344,SL,False
S2-17,ny_open_london_position,AUDUSD,2019-01-10 13:15:00+00:00,2019-01-10 13:30:00+00:00,2019-01-10 13:30:00+00:00,1,-0.9999999999999681,SL,False
S2-17,ny_open_london_position,AUDUSD,2019-01-21 12:30:00+00:00,2019-01-21 12:45:00+00:00,2019-01-21 12:45:00+00:00,-1,-0.9999999999999225,SL,False
S2-17,ny_open_london_position,AUDUSD,2019-01-21 13:00:00+00:00,2019-01-21 13:15:00+00:00,2019-01-21 13:15:00+00:00,-1,1.249999999999882,TP,False
S2-17,ny_open_london_position,AUDUSD,2019-01-21 13:15:00+00:00,2019-01-21 13:30:00+00:00,2019-01-21 13:45:00+00:00,-1,-1.0,SL,False
S2-17,ny_open_london_position,AUDUSD,2019-01-21 13:45:00+00:00,2019-01-21 14:00:00+00:00,2019-01-21 15:15:00+00:00,-1,1.25,TP,False
S2-17,ny_open_london_position,AUDUSD,2019-02-01 13:15:00+00:00,2019-02-01 13:30:00+00:00,2019-02-01 13:30:00+00:00,1,-0.9999999999998899,SL,True
S2-17,ny_open_london_position,AUDUSD,2019-02-01 13:30:00+00:00,2019-02-01 13:45:00+00:00,2019-02-01 13:45:00+00:00,1,-1.0000000000000862,SL,False
S2-17,ny_open_london_position,AUDUSD,2019-02-01 13:45:00+00:00,2019-02-01 14:00:00+00:00,2019-02-01 14:00:00+00:00,1,-0.9999999999999751,SL,False
S2-17,ny_open_london_position,AUDUSD,2019-02-04 12:30:00+00:00,2019-02-04 12:45:00+00:00,2019-02-04 13:15:00+00:00,-1,-1.0,SL,False
S2-17,ny_open_london_position,AUDUSD,2019-02-04 13:15:00+00:00,2019-02-04 13:30:00+00:00,2019-02-04 14:00:00+00:00,-1,1.25,TP,False
S2-17,ny_open_london_position,AUDUSD,2019-02-11 12:00:00+00:00,2019-02-11 12:15:00+00:00,2019-02-11 12:15:00+00:00,-1,1.2499999999999625,TP,False
S2-17,ny_open_london_position,AUDUSD,2019-02-11 12:15:00+00:00,2019-02-11 12:30:00+00:00,2019-02-11 13:15:00+00:00,-1,-1.0000000000001095,SL,True
S2-17,ny_open_london_position,AUDUSD,2019-02-11 13:15:00+00:00,2019-02-11 13:30:00+00:00,2019-02-11 13:30:00+00:00,-1,-1.0000000000000309,SL,False
S2-17,ny_open_london_position,AUDUSD,2019-02-11 13:30:00+00:00,2019-02-11 13:45:00+00:00,2019-02-11 14:15:00+00:00,-1,1.2500000000000615,TP,False
S2-17,ny_open_london_position,AUDUSD,2019-02-18 12:45:00+00:00,2019-02-18 13:00:00+00:00,2019-02-18 13:00:00+00:00,1,-1.0000000000000453,SL,False
S2-17,ny_open_london_position,AUDUSD,2019-02-28 13:30:00+00:00,2019-02-28 13:45:00+00:00,2019-02-28 14:00:00+00:00,-1,-1.0,SL,False
S2-17,ny_open_london_position,AUDUSD,2019-03-05 12:15:00+00:00,2019-03-05 12:30:00+00:00,2019-03-05 12:30:00+00:00,-1,1.2499999999998668,TP,False
S2-17,ny_open_london_position,AUDUSD,2019-03-05 12:30:00+00:00,2019-03-05 12:45:00+00:00,2019-03-05 12:45:00+00:00,-1,-0.9999999999999141,SL,False
S2-17,ny_open_london_position,AUDUSD,2019-03-05 12:45:00+00:00,2019-03-05 13:00:00+00:00,2019-03-05 13:30:00+00:00,-1,-0.999999999999874,SL,False
S2-17,ny_open_london_position,AUDUSD,2019-03-05 13:30:00+00:00,2019-03-05 13:45:00+00:00,2019-03-05 14:00:00+00:00,-1,-1.0000000000000893,SL,False
S2-17,ny_open_london_position,AUDUSD,2019-03-11 12:45:00+00:00,2019-03-11 13:00:00+00:00,2019-03-11 13:15:00+00:00,1,1.25,TP,False
S2-17,ny_open_london_position,AUDUSD,2019-03-11 13:15:00+00:00,2019-03-11 13:30:00+00:00,2019-03-11 14:15:00+00:00,1,1.2500000000000917,TP,False
S2-17,ny_open_london_position,AUDUSD,2019-03-12 13:15:00+00:00,2019-03-12 13:30:00+00:00,2019-03-12 14:30:00+00:00,1,1.2499999999999718,TP,False
S2-17,ny_open_london_position,AUDUSD,2019-03-19 13:00:00+00:00,2019-03-19 13:15:00+00:00,2019-03-19 13:15:00+00:00,1,-1.000000000000124,SL,False
S2-17,ny_open_london_position,AUDUSD,2019-03-27 12:00:00+00:00,2019-03-27 12:15:00+00:00,2019-03-27 12:30:00+00:00,-1,1.2500000000000644,TP,False
S2-17,ny_open_london_position,AUDUSD,2019-03-27 12:30:00+00:00,2019-03-27 12:45:00+00:00,2019-03-27 13:30:00+00:00,-1,-0.9999999999999096,SL,False
S2-17,ny_open_london_position,AUDUSD,2019-03-27 13:30:00+00:00,2019-03-27 13:45:00+00:00,2019-03-27 13:45:00+00:00,-1,-0.9999999999999705,SL,False
S2-17,ny_open_london_position,AUDUSD,2019-03-27 13:45:00+00:00,2019-03-27 14:00:00+00:00,2019-03-27 14:45:00+00:00,-1,1.2499999999999427,TP,False
S2-17,ny_open_london_position,AUDUSD,2019-03-28 13:00:00+00:00,2019-03-28 13:15:00+00:00,2019-03-28 13:15:00+00:00,-1,-0.9999999999999064,SL,False
S2-17,ny_open_london_position,AUDUSD,2019-03-28 13:30:00+00:00,2019-03-28 13:45:00+00:00,2019-03-28 14:15:00+00:00,-1,-1.0000000000000282,SL,False
S2-17,ny_open_london_position,AUDUSD,2019-04-12 12:00:00+00:00,2019-04-12 12:15:00+00:00,2019-04-12 13:00:00+00:00,1,1.2500000000000606,TP,False
S2-17,ny_open_london_position,AUDUSD,2019-04-12 13:00:00+00:00,2019-04-12 13:15:00+00:00,2019-04-12 13:15:00+00:00,1,-1.000000000000065,SL,False
S2-17,ny_open_london_position,AUDUSD,2019-04-12 13:15:00+00:00,2019-04-12 13:30:00+00:00,2019-04-12 14:30:00+00:00,1,1.2500000000000313,TP,False
S2-17,ny_open_london_position,AUDUSD,2019-04-15 13:00:00+00:00,2019-04-15 13:15:00+00:00,2019-04-15 13:15:00+00:00,1,-1.00000000000013,SL,False
S2-17,ny_open_london_position,AUDUSD,2019-04-22 12:15:00+00:00,2019-04-22 12:30:00+00:00,2019-04-22 12:30:00+00:00,-1,-1.000000000000085,SL,False
S2-17,ny_open_london_position,AUDUSD,2019-04-22 12:30:00+00:00,2019-04-22 12:45:00+00:00,2019-04-22 12:45:00+00:00,-1,-0.9999999999997655,SL,True
S2-17,ny_open_london_position,AUDUSD,2019-04-22 12:45:00+00:00,2019-04-22 13:00:00+00:00,2019-04-22 13:00:00+00:00,-1,-1.0000000000000686,SL,False
S2-17,ny_open_london_position,AUDUSD,2019-04-22 13:15:00+00:00,2019-04-22 13:30:00+00:00,2019-04-22 13:30:00+00:00,-1,-1.0,SL,False
S2-17,ny_open_london_position,AUDUSD,2019-04-23 12:30:00+00:00,2019-04-23 12:45:00+00:00,2019-04-23 13:00:00+00:00,-1,1.2500000000001525,TP,False
S2-17,ny_open_london_position,AUDUSD,2019-04-23 13:00:00+00:00,2019-04-23 13:15:00+00:00,2019-04-23 13:30:00+00:00,-1,-0.9999999999999015,SL,False
S2-17,ny_open_london_position,AUDUSD,2019-04-23 13:30:00+00:00,2019-04-23 13:45:00+00:00,2019-04-23 14:00:00+00:00,-1,1.2500000000000875,TP,False
S2-17,ny_open_london_position,AUDUSD,2019-04-24 13:00:00+00:00,2019-04-24 13:15:00+00:00,2019-04-24 13:15:00+00:00,-1,-1.000000000000076,SL,False
S2-17,ny_open_london_position,AUDUSD,2019-05-02 12:15:00+00:00,2019-05-02 12:30:00+00:00,2019-05-02 12:45:00+00:00,-1,1.2500000000000424,TP,False
S2-17,ny_open_london_position,AUDUSD,2019-05-02 12:45:00+00:00,2019-05-02 13:00:00+00:00,2019-05-02 13:15:00+00:00,-1,1.2499999999999603,TP,False
S2-17,ny_open_london_position,AUDUSD,2019-05-02 13:15:00+00:00,2019-05-02 13:30:00+00:00,2019-05-02 13:45:00+00:00,-1,-0.9999999999999607,SL,False
S2-17,ny_open_london_position,AUDUSD,2019-05-02 13:45:00+00:00,2019-05-02 14:00:00+00:00,2019-05-02 14:15:00+00:00,-1,1.2500000000000735,TP,False
S2-17,ny_open_london_position,AUDUSD,2019-05-06 13:00:00+00:00,2019-05-06 13:15:00+00:00,2019-05-06 13:30:00+00:00,-1,-1.0000000000000415,SL,False
S2-17,ny_open_london_position,AUDUSD,2019-05-10 13:30:00+00:00,2019-05-10 13:45:00+00:00,2019-05-10 14:15:00+00:00,1,-1.000000000000069,SL,False
S2-17,ny_open_london_position,AUDUSD,2019-05-13 13:45:00+00:00,2019-05-13 14:00:00+00:00,2019-05-13 14:45:00+00:00,-1,1.2500000000000604,TP,False
S2-17,ny_open_london_position,AUDUSD,2019-05-14 12:30:00+00:00,2019-05-14 12:45:00+00:00,2019-05-14 13:30:00+00:00,-1,-1.0000000000000855,SL,False
S2-17,ny_open_london_position,AUDUSD,2019-05-14 13:45:00+00:00,2019-05-14 14:00:00+00:00,2019-05-14 14:00:00+00:00,-1,-0.9999999999999231,SL,False
S2-17,ny_open_london_position,AUDUSD,2019-05-16 12:00:00+00:00,2019-05-16 12:15:00+00:00,2019-05-16 12:15:00+00:00,-1,-1.0000000000000322,SL,False
S2-17,ny_open_london_position,AUDUSD,2019-05-16 12:45:00+00:00,2019-05-16 13:00:00+00:00,2019-05-16 14:00:00+00:00,-1,1.25,TP,False
S2-17,ny_open_london_position,AUDUSD,2019-05-21 13:45:00+00:00,2019-05-21 14:00:00+00:00,2019-05-21 14:00:00+00:00,-1,-1.000000000000115,SL,False
S2-17,ny_open_london_position,AUDUSD,2019-05-24 12:45:00+00:00,2019-05-24 13:00:00+00:00,2019-05-24 14:15:00+00:00,1,1.2500000000001135,TP,False
S2-17,ny_open_london_position,AUDUSD,2019-05-28 12:45:00+00:00,2019-05-28 13:00:00+00:00,2019-05-28 13:30:00+00:00,1,1.2500000000001301,TP,False
S2-17,ny_open_london_position,AUDUSD,2019-05-28 13:30:00+00:00,2019-05-28 13:45:00+00:00,2019-05-28 14:00:00+00:00,1,-1.0000000000001363,SL,False
S2-17,ny_open_london_position,AUDUSD,2019-05-29 12:30:00+00:00,2019-05-29 12:45:00+00:00,2019-05-29 13:15:00+00:00,1,-0.9999999999998672,SL,False
S2-17,ny_open_london_position,AUDUSD,2019-06-03 12:30:00+00:00,2019-06-03 12:45:00+00:00,2019-06-03 12:45:00+00:00,1,-0.9999999999999487,SL,False
S2-17,ny_open_london_position,AUDUSD,2019-06-12 13:15:00+00:00,2019-06-12 13:30:00+00:00,2019-06-12 13:30:00+00:00,-1,-1.0000000000000955,SL,False
S2-17,ny_open_london_position,AUDUSD,2019-06-12 13:30:00+00:00,2019-06-12 13:45:00+00:00,2019-06-12 14:00:00+00:00,-1,-1.0000000000000957,SL,False
S2-17,ny_open_london_position,AUDUSD,2019-06-14 12:30:00+00:00,2019-06-14 12:45:00+00:00,2019-06-14 12:45:00+00:00,-1,1.2500000000001235,TP,False
S2-17,ny_open_london_position,AUDUSD,2019-06-14 12:45:00+00:00,2019-06-14 13:00:00+00:00,2019-06-14 13:00:00+00:00,-1,-1.0000000000000369,SL,False
S2-17,ny_open_london_position,AUDUSD,2019-06-14 13:00:00+00:00,2019-06-14 13:15:00+00:00,2019-06-14 14:15:00+00:00,-1,1.2499999999998888,TP,False
S2-17,ny_open_london_position,AUDUSD,2019-06-17 13:30:00+00:00,2019-06-17 13:45:00+00:00,2019-06-17 14:00:00+00:00,-1,-1.00000000000015,SL,False
S2-17,ny_open_london_position,AUDUSD,2019-06-20 12:15:00+00:00,2019-06-20 12:30:00+00:00,2019-06-20 12:30:00+00:00,1,-1.0000000000000306,SL,False
S2-17,ny_open_london_position,AUDUSD,2019-06-20 12:45:00+00:00,2019-06-20 13:00:00+00:00,2019-06-20 14:15:00+00:00,1,-1.0,SL,False
S2-17,ny_open_london_position,AUDUSD,2019-06-25 13:00:00+00:00,2019-06-25 13:15:00+00:00,2019-06-25 13:30:00+00:00,1,-1.000000000000084,SL,False
S2-17,ny_open_london_position,AUDUSD,2019-07-03 13:15:00+00:00,2019-07-03 13:30:00+00:00,2019-07-03 14:15:00+00:00,1,1.250000000000067,TP,False
S2-17,ny_open_london_position,AUDUSD,2019-07-09 13:30:00+00:00,2019-07-09 13:45:00+00:00,2019-07-09 14:45:00+00:00,-1,1.25,TP,False
S2-17,ny_open_london_position,AUDUSD,2019-07-17 12:15:00+00:00,2019-07-17 12:30:00+00:00,2019-07-17 12:30:00+00:00,-1,-1.000000000000109,SL,False
S2-17,ny_open_london_position,AUDUSD,2019-07-17 12:30:00+00:00,2019-07-17 12:45:00+00:00,2019-07-17 14:00:00+00:00,-1,-1.0000000000001568,SL,False
S2-17,ny_open_london_position,AUDUSD,2019-07-18 12:15:00+00:00,2019-07-18 12:30:00+00:00,2019-07-18 12:30:00+00:00,1,-1.000000000000075,SL,False
S2-17,ny_open_london_position,AUDUSD,2019-07-22 12:30:00+00:00,2019-07-22 12:45:00+00:00,2019-07-22 12:45:00+00:00,1,-1.0000000000001226,SL,False
S2-17,ny_open_london_position,AUDUSD,2019-07-23 13:15:00+00:00,2019-07-23 13:30:00+00:00,2019-07-23 13:30:00+00:00,-1,1.2499999999999039,TP,False
S2-17,ny_open_london_position,AUDUSD,2019-07-23 13:30:00+00:00,2019-07-23 13:45:00+00:00,2019-07-23 14:15:00+00:00,-1,1.2500000000000313,TP,False
S2-17,ny_open_london_position,AUDUSD,2019-07-25 13:30:00+00:00,2019-07-25 13:45:00+00:00,2019-07-25 14:15:00+00:00,-1,-0.9999999999999704,SL,False
S2-17,ny_open_london_position,AUDUSD,2019-07-26 12:00:00+00:00,2019-07-26 12:15:00+00:00,2019-07-26 12:15:00+00:00,-1,-1.0000000000002036,SL,False
S2-17,ny_open_london_position,AUDUSD,2019-07-26 12:15:00+00:00,2019-07-26 12:30:00+00:00,2019-07-26 12:30:00+00:00,-1,-0.999999999999936,SL,True
S2-17,ny_open_london_position,AUDUSD,2019-07-26 12:30:00+00:00,2019-07-26 12:45:00+00:00,2019-07-26 13:15:00+00:00,-1,-0.9999999999999408,SL,False
S2-17,ny_open_london_position,AUDUSD,2019-07-26 13:15:00+00:00,2019-07-26 13:30:00+00:00,2019-07-26 13:45:00+00:00,-1,1.249999999999948,TP,False
S2-17,ny_open_london_position,AUDUSD,2019-07-26 13:45:00+00:00,2019-07-26 14:00:00+00:00,2019-07-26 14:00:00+00:00,-1,-1.0000000000001392,SL,False
S2-17,ny_open_london_position,AUDUSD,2019-07-30 13:30:00+00:00,2019-07-30 13:45:00+00:00,2019-07-30 15:15:00+00:00,-1,1.2500000000001243,TP,False
S2-17,ny_open_london_position,AUDUSD,2019-08-01 12:30:00+00:00,2019-08-01 12:45:00+00:00,2019-08-01 14:00:00+00:00,-1,-1.0000000000001033,SL,False
S2-17,ny_open_london_position,AUDUSD,2019-08-02 12:15:00+00:00,2019-08-02 12:30:00+00:00,2019-08-02 12:30:00+00:00,-1,-0.9999999999999267,SL,False
S2-17,ny_open_london_position,AUDUSD,2019-08-02 12:30:00+00:00,2019-08-02 12:45:00+00:00,2019-08-02 12:45:00+00:00,-1,-1.0,SL,True
S2-17,ny_open_london_position,AUDUSD,2019-08-02 12:45:00+00:00,2019-08-02 13:00:00+00:00,2019-08-02 13:00:00+00:00,-1,-1.0000000000000517,SL,False
S2-17,ny_open_london_position,AUDUSD,2019-08-02 13:00:00+00:00,2019-08-02 13:15:00+00:00,2019-08-02 13:45:00+00:00,-1,-1.0,SL,False
S2-17,ny_open_london_position,AUDUSD,2019-08-08 12:15:00+00:00,2019-08-08 12:30:00+00:00,2019-08-08 12:30:00+00:00,1,-1.0,SL,False
S2-17,ny_open_london_position,AUDUSD,2019-08-08 13:30:00+00:00,2019-08-08 13:45:00+00:00,2019-08-08 13:45:00+00:00,1,1.2500000000000835,TP,False
S2-17,ny_open_london_position,AUDUSD,2019-08-08 13:45:00+00:00,2019-08-08 14:00:00+00:00,2019-08-08 14:30:00+00:00,1,1.25,TP,False
S2-17,ny_open_london_position,AUDUSD,2019-08-14 13:00:00+00:00,2019-08-14 13:15:00+00:00,2019-08-14 13:30:00+00:00,-1,-0.9999999999999745,SL,False
S2-17,ny_open_london_position,AUDUSD,2019-08-14 13:30:00+00:00,2019-08-14 13:45:00+00:00,2019-08-14 13:45:00+00:00,-1,-0.9999999999999494,SL,False
S2-17,ny_open_london_position,AUDUSD,2019-08-15 13:45:00+00:00,2019-08-15 14:00:00+00:00,2019-08-15 14:15:00+00:00,1,-0.999999999999933,SL,False
S2-17,ny_open_london_position,AUDUSD,2019-08-23 12:00:00+00:00,2019-08-23 12:15:00+00:00,2019-08-23 12:15:00+00:00,-1,1.2499999999998588,TP,False
S2-17,ny_open_london_position,AUDUSD,2019-08-23 12:15:00+00:00,2019-08-23 12:30:00+00:00,2019-08-23 12:30:00+00:00,-1,-0.9999999999998745,SL,True
S2-17,ny_open_london_position,AUDUSD,2019-08-23 12:30:00+00:00,2019-08-23 12:45:00+00:00,2019-08-23 13:00:00+00:00,-1,-0.9999999999999628,SL,False
S2-17,ny_open_london_position,AUDUSD,2019-08-23 13:00:00+00:00,2019-08-23 13:15:00+00:00,2019-08-23 13:15:00+00:00,-1,-1.0000000000001004,SL,False
S2-17,ny_open_london_position,AUDUSD,2019-08-23 13:15:00+00:00,2019-08-23 13:30:00+00:00,2019-08-23 14:00:00+00:00,-1,-1.0000000000000655,SL,False
S2-17,ny_open_london_position,AUDUSD,2019-08-27 12:15:00+00:00,2019-08-27 12:30:00+00:00,2019-08-27 12:45:00+00:00,1,-1.000000000000035,SL,False
S2-17,ny_open_london_position,AUDUSD,2019-08-27 12:45:00+00:00,2019-08-27 13:00:00+00:00,2019-08-27 13:00:00+00:00,1,-0.9999999999998817,SL,False
S2-17,ny_open_london_position,AUDUSD,2019-09-02 12:15:00+00:00,2019-09-02 12:30:00+00:00,2019-09-02 14:00:00+00:00,-1,-1.0,SL,False
S2-17,ny_open_london_position,AUDUSD,2019-09-06 12:30:00+00:00,2019-09-06 12:45:00+00:00,2019-09-06 12:45:00+00:00,1,-1.0000000000000646,SL,False
S2-17,ny_open_london_position,AUDUSD,2019-09-06 12:45:00+00:00,2019-09-06 13:00:00+00:00,2019-09-06 13:30:00+00:00,1,1.2500000000000993,TP,False
S2-17,ny_open_london_position,AUDUSD,2019-09-06 13:30:00+00:00,2019-09-06 13:45:00+00:00,2019-09-06 14:45:00+00:00,1,1.2499999999999403,TP,False
S2-17,ny_open_london_position,AUDUSD,2019-09-13 12:00:00+00:00,2019-09-13 12:15:00+00:00,2019-09-13 12:15:00+00:00,1,-1.0000000000000497,SL,False
S2-17,ny_open_london_position,AUDUSD,2019-09-13 12:15:00+00:00,2019-09-13 12:30:00+00:00,2019-09-13 12:30:00+00:00,1,-1.0,SL,False
S2-17,ny_open_london_position,AUDUSD,2019-09-13 13:30:00+00:00,2019-09-13 13:45:00+00:00,2019-09-13 14:00:00+00:00,1,-1.0,SL,False
S2-17,ny_open_london_position,AUDUSD,2019-09-20 12:30:00+00:00,2019-09-20 12:45:00+00:00,2019-09-20 13:15:00+00:00,-1,1.25,TP,False
S2-17,ny_open_london_position,AUDUSD,2019-09-20 13:15:00+00:00,2019-09-20 13:30:00+00:00,2019-09-20 14:00:00+00:00,-1,1.25,TP,False
S2-17,ny_open_london_position,AUDUSD,2019-09-25 12:00:00+00:00,2019-09-25 12:15:00+00:00,2019-09-25 12:15:00+00:00,-1,-1.0000000000001028,SL,False
S2-17,ny_open_london_position,AUDUSD,2019-09-25 12:15:00+00:00,2019-09-25 12:30:00+00:00,2019-09-25 13:15:00+00:00,-1,1.2499999999999518,TP,False
S2-17,ny_open_london_position,AUDUSD,2019-09-25 13:15:00+00:00,2019-09-25 13:30:00+00:00,2019-09-25 13:45:00+00:00,-1,-1.0,SL,False
S2-17,ny_open_london_position,AUDUSD,2019-09-25 13:45:00+00:00,2019-09-25 14:00:00+00:00,2019-09-25 14:15:00+00:00,-1,1.250000000000117,TP,False
S2-17,ny_open_london_position,AUDUSD,2019-10-01 12:15:00+00:00,2019-10-01 12:30:00+00:00,2019-10-01 13:00:00+00:00,-1,1.25,TP,False
S2-17,ny_open_london_position,AUDUSD,2019-10-01 13:00:00+00:00,2019-10-01 13:15:00+00:00,2019-10-01 13:15:00+00:00,-1,1.25,TP,False
S2-17,ny_open_london_position,AUDUSD,2019-10-01 13:15:00+00:00,2019-10-01 13:30:00+00:00,2019-10-01 13:45:00+00:00,-1,1.2499999999999332,TP,False
S2-17,ny_open_london_position,AUDUSD,2019-10-01 13:45:00+00:00,2019-10-01 14:00:00+00:00,2019-10-01 14:00:00+00:00,-1,-1.0000000000000315,SL,False
S2-17,ny_open_london_position,AUDUSD,2019-10-04 13:45:00+00:00,2019-10-04 14:00:00+00:00,2019-10-04 14:45:00+00:00,1,-0.9999999999999479,SL,False
S2-17,ny_open_london_position,AUDUSD,2019-10-15 13:15:00+00:00,2019-10-15 13:30:00+00:00,2019-10-15 13:30:00+00:00,-1,1.2500000000000315,TP,False
S2-17,ny_open_london_position,AUDUSD,2019-10-15 13:30:00+00:00,2019-10-15 13:45:00+00:00,2019-10-15 14:15:00+00:00,-1,-0.9999999999999702,SL,False
S2-17,ny_open_london_position,AUDUSD,2019-10-16 12:00:00+00:00,2019-10-16 12:15:00+00:00,2019-10-16 12:15:00+00:00,-1,-1.0000000000001097,SL,False
S2-17,ny_open_london_position,AUDUSD,2019-10-16 12:15:00+00:00,2019-10-16 12:30:00+00:00,2019-10-16 12:30:00+00:00,-1,-0.999999999999898,SL,False
S2-17,ny_open_london_position,AUDUSD,2019-10-16 13:15:00+00:00,2019-10-16 13:30:00+00:00,2019-10-16 13:45:00+00:00,-1,-1.0000000000001004,SL,False
S2-17,ny_open_london_position,AUDUSD,2019-10-18 13:00:00+00:00,2019-10-18 13:15:00+00:00,2019-10-18 13:30:00+00:00,1,-1.0000000000000902,SL,False
S2-17,ny_open_london_position,AUDUSD,2019-10-18 13:30:00+00:00,2019-10-18 13:45:00+00:00,2019-10-18 14:00:00+00:00,1,-1.0000000000000413,SL,False
S2-17,ny_open_london_position,AUDUSD,2019-11-11 12:30:00+00:00,2019-11-11 12:45:00+00:00,2019-11-11 12:45:00+00:00,-1,-1.0,SL,False
S2-17,ny_open_london_position,AUDUSD,2019-11-13 12:30:00+00:00,2019-11-13 12:45:00+00:00,2019-11-13 13:00:00+00:00,-1,-0.9999999999999608,SL,False
S2-17,ny_open_london_position,AUDUSD,2019-11-14 13:15:00+00:00,2019-11-14 13:30:00+00:00,2019-11-14 15:00:00+00:00,-1,1.25,TP,False
S2-17,ny_open_london_position,AUDUSD,2019-11-19 13:15:00+00:00,2019-11-19 13:30:00+00:00,2019-11-19 14:15:00+00:00,1,-1.000000000000042,SL,False
S2-17,ny_open_london_position,AUDUSD,2019-11-25 12:45:00+00:00,2019-11-25 13:00:00+00:00,2019-11-25 13:15:00+00:00,-1,1.25,TP,False
S2-17,ny_open_london_position,AUDUSD,2019-11-25 13:15:00+00:00,2019-11-25 13:30:00+00:00,2019-11-25 13:30:00+00:00,-1,-0.9999999999998606,SL,False
S2-17,ny_open_london_position,AUDUSD,2019-11-25 13:30:00+00:00,2019-11-25 13:45:00+00:00,2019-11-25 13:45:00+00:00,-1,-1.0,SL,False
S2-17,ny_open_london_position,AUDUSD,2019-11-25 13:45:00+00:00,2019-11-25 14:00:00+00:00,2019-11-25 14:00:00+00:00,-1,1.2499999999999172,TP,False
S2-17,ny_open_london_position,AUDUSD,2019-12-02 13:30:00+00:00,2019-12-02 13:45:00+00:00,2019-12-02 14:00:00+00:00,1,1.2500000000000613,TP,False
S2-17,ny_open_london_position,AUDUSD,2019-12-04 12:15:00+00:00,2019-12-04 12:30:00+00:00,2019-12-04 13:00:00+00:00,1,1.25,TP,False
S2-17,ny_open_london_position,AUDUSD,2019-12-04 13:00:00+00:00,2019-12-04 13:15:00+00:00,2019-12-04 13:45:00+00:00,1,1.25,TP,False
S2-17,ny_open_london_position,AUDUSD,2019-12-04 13:45:00+00:00,2019-12-04 14:00:00+00:00,2019-12-04 15:00:00+00:00,1,-1.0,SL,True
S2-17,ny_open_london_position,AUDUSD,2019-12-06 12:00:00+00:00,2019-12-06 12:15:00+00:00,2019-12-06 12:45:00+00:00,1,-0.9999999999999193,SL,False
S2-17,ny_open_london_position,AUDUSD,2019-12-06 13:00:00+00:00,2019-12-06 13:15:00+00:00,2019-12-06 13:15:00+00:00,1,-0.999999999999919,SL,True
S2-17,ny_open_london_position,AUDUSD,2019-12-06 13:15:00+00:00,2019-12-06 13:30:00+00:00,2019-12-06 13:30:00+00:00,1,-0.9999999999997976,SL,False
S2-17,ny_open_london_position,AUDUSD,2019-12-10 12:30:00+00:00,2019-12-10 12:45:00+00:00,2019-12-10 12:45:00+00:00,-1,1.250000000000109,TP,False
S2-17,ny_open_london_position,AUDUSD,2019-12-10 12:45:00+00:00,2019-12-10 13:00:00+00:00,2019-12-10 13:00:00+00:00,-1,-0.9999999999998928,SL,False
S2-17,ny_open_london_position,AUDUSD,2019-12-10 13:00:00+00:00,2019-12-10 13:15:00+00:00,2019-12-10 13:30:00+00:00,-1,-0.9999999999998938,SL,False
S2-17,ny_open_london_position,AUDUSD,2019-12-10 13:45:00+00:00,2019-12-10 14:00:00+00:00,2019-12-10 15:00:00+00:00,-1,-0.9999999999999181,SL,False
S2-17,ny_open_london_position,AUDUSD,2019-12-11 13:15:00+00:00,2019-12-11 13:30:00+00:00,2019-12-11 13:30:00+00:00,1,-1.0000000000001188,SL,False
S2-17,ny_open_london_position,AUDUSD,2019-12-11 13:30:00+00:00,2019-12-11 13:45:00+00:00,2019-12-11 14:30:00+00:00,1,1.25,TP,False
S2-17,ny_open_london_position,AUDUSD,2019-12-12 13:45:00+00:00,2019-12-12 14:00:00+00:00,2019-12-12 14:00:00+00:00,1,-1.0000000000001148,SL,False
S2-17,ny_open_london_position,AUDUSD,2019-12-17 13:30:00+00:00,2019-12-17 13:45:00+00:00,2019-12-17 14:30:00+00:00,-1,-1.0,SL,False
S2-17,ny_open_london_position,AUDUSD,2019-12-20 12:00:00+00:00,2019-12-20 12:15:00+00:00,2019-12-20 12:30:00+00:00,1,-0.9999999999998901,SL,False
S2-17,ny_open_london_position,AUDUSD,2019-12-26 13:45:00+00:00,2019-12-26 14:00:00+00:00,2019-12-26 14:00:00+00:00,1,-0.9999999999999143,SL,False
S2-17,ny_open_london_position,AUDUSD,2019-12-30 13:45:00+00:00,2019-12-30 14:00:00+00:00,2019-12-30 14:45:00+00:00,1,-1.000000000000053,SL,False
S2-17,ny_open_london_position,AUDUSD,2019-12-31 12:30:00+00:00,2019-12-31 12:45:00+00:00,2019-12-31 13:00:00+00:00,1,1.24999999999982,TP,False
S2-17,ny_open_london_position,AUDUSD,2019-12-31 13:00:00+00:00,2019-12-31 13:15:00+00:00,2019-12-31 13:15:00+00:00,1,-0.99999999999983,SL,False
S2-17,ny_open_london_position,AUDUSD,2019-12-31 13:15:00+00:00,2019-12-31 13:30:00+00:00,2019-12-31 13:45:00+00:00,1,1.2499999999998859,TP,False
S2-17,ny_open_london_position,AUDUSD,2019-12-31 13:45:00+00:00,2019-12-31 14:00:00+00:00,2019-12-31 14:00:00+00:00,1,-0.9999999999999474,SL,False
S2-17,ny_open_london_position,AUDUSD,2020-01-07 13:45:00+00:00,2020-01-07 14:00:00+00:00,2020-01-07 15:00:00+00:00,-1,-1.0000000000000282,SL,False
S2-17,ny_open_london_position,AUDUSD,2020-01-08 12:30:00+00:00,2020-01-08 12:45:00+00:00,2020-01-08 13:00:00+00:00,-1,-0.9999999999999339,SL,False
S2-17,ny_open_london_position,AUDUSD,2020-01-08 13:00:00+00:00,2020-01-08 13:15:00+00:00,2020-01-08 13:45:00+00:00,-1,-0.9999999999999037,SL,False
S2-17,ny_open_london_position,AUDUSD,2020-01-16 13:00:00+00:00,2020-01-16 13:15:00+00:00,2020-01-16 13:15:00+00:00,1,-0.9999999999998632,SL,False
S2-17,ny_open_london_position,AUDUSD,2020-01-16 13:15:00+00:00,2020-01-16 13:30:00+00:00,2020-01-16 13:30:00+00:00,1,-1.0000000000001326,SL,False
S2-17,ny_open_london_position,AUDUSD,2020-01-17 13:00:00+00:00,2020-01-17 13:15:00+00:00,2020-01-17 14:15:00+00:00,-1,-1.000000000000079,SL,False
S2-17,ny_open_london_position,AUDUSD,2020-01-20 13:30:00+00:00,2020-01-20 13:45:00+00:00,2020-01-20 14:00:00+00:00,-1,-1.0000000000000941,SL,False
S2-17,ny_open_london_position,AUDUSD,2020-01-29 13:15:00+00:00,2020-01-29 13:30:00+00:00,2020-01-29 13:30:00+00:00,-1,-1.0000000000001232,SL,False
S2-17,ny_open_london_position,AUDUSD,2020-01-29 13:45:00+00:00,2020-01-29 14:00:00+00:00,2020-01-29 14:00:00+00:00,-1,-1.00000000000008,SL,False
S2-17,ny_open_london_position,AUDUSD,2020-01-30 12:45:00+00:00,2020-01-30 13:00:00+00:00,2020-01-30 13:30:00+00:00,-1,-1.0000000000000355,SL,False
S2-17,ny_open_london_position,AUDUSD,2020-01-30 13:45:00+00:00,2020-01-30 14:00:00+00:00,2020-01-30 14:00:00+00:00,-1,1.25,TP,False
S2-17,ny_open_london_position,AUDUSD,2020-02-06 13:00:00+00:00,2020-02-06 13:15:00+00:00,2020-02-06 13:45:00+00:00,1,-1.0000000000000768,SL,False
S2-17,ny_open_london_position,AUDUSD,2020-02-10 12:45:00+00:00,2020-02-10 13:00:00+00:00,2020-02-10 13:00:00+00:00,-1,-1.0000000000000377,SL,False
S2-17,ny_open_london_position,AUDUSD,2020-02-10 13:45:00+00:00,2020-02-10 14:00:00+00:00,2020-02-10 15:00:00+00:00,-1,-1.0,SL,False
S2-17,ny_open_london_position,AUDUSD,2020-02-19 13:30:00+00:00,2020-02-19 13:45:00+00:00,2020-02-19 14:00:00+00:00,-1,-0.9999999999998801,SL,False
S2-17,ny_open_london_position,AUDUSD,2020-02-20 12:30:00+00:00,2020-02-20 12:45:00+00:00,2020-02-20 14:00:00+00:00,-1,-0.9999999999999706,SL,False
S2-17,ny_open_london_position,AUDUSD,2020-02-25 12:45:00+00:00,2020-02-25 13:00:00+00:00,2020-02-25 15:00:00+00:00,-1,-0.9999999999999116,SL,False
S2-17,ny_open_london_position,AUDUSD,2020-02-26 13:30:00+00:00,2020-02-26 13:45:00+00:00,2020-02-26 14:00:00+00:00,-1,-0.9999999999999729,SL,False
S2-17,ny_open_london_position,AUDUSD,2020-02-28 12:00:00+00:00,2020-02-28 12:15:00+00:00,2020-02-28 12:15:00+00:00,-1,-1.000000000000041,SL,False
S2-17,ny_open_london_position,AUDUSD,2020-03-03 12:30:00+00:00,2020-03-03 12:45:00+00:00,2020-03-03 12:45:00+00:00,1,-0.9999999999999735,SL,False
S2-17,ny_open_london_position,AUDUSD,2020-03-03 12:45:00+00:00,2020-03-03 13:00:00+00:00,2020-03-03 13:30:00+00:00,1,-0.9999999999999496,SL,False
S2-17,ny_open_london_position,AUDUSD,2020-03-03 13:45:00+00:00,2020-03-03 14:00:00+00:00,2020-03-03 14:15:00+00:00,1,1.249999999999952,TP,False
S2-17,ny_open_london_position,AUDUSD,2020-03-10 13:45:00+00:00,2020-03-10 14:00:00+00:00,2020-03-10 14:45:00+00:00,-1,1.2500000000000142,TP,False
S2-17,ny_open_london_position,AUDUSD,2020-03-12 12:15:00+00:00,2020-03-12 12:30:00+00:00,2020-03-12 12:30:00+00:00,-1,-1.0000000000000129,SL,False
S2-17,ny_open_london_position,AUDUSD,2020-03-12 12:30:00+00:00,2020-03-12 12:45:00+00:00,2020-03-12 13:00:00+00:00,-1,1.25,TP,False
S2-17,ny_open_london_position,AUDUSD,2020-03-12 13:00:00+00:00,2020-03-12 13:15:00+00:00,2020-03-12 13:30:00+00:00,-1,1.2500000000000306,TP,False
S2-17,ny_open_london_position,AUDUSD,2020-03-12 13:30:00+00:00,2020-03-12 13:45:00+00:00,2020-03-12 14:15:00+00:00,-1,1.2499999999999902,TP,False
S2-17,ny_open_london_position,AUDUSD,2020-03-16 12:30:00+00:00,2020-03-16 12:45:00+00:00,2020-03-16 12:45:00+00:00,-1,1.2500000000000346,TP,False
S2-17,ny_open_london_position,AUDUSD,2020-03-16 12:45:00+00:00,2020-03-16 13:00:00+00:00,2020-03-16 13:00:00+00:00,-1,-1.0000000000000109,SL,False
S2-17,ny_open_london_position,AUDUSD,2020-03-16 13:15:00+00:00,2020-03-16 13:30:00+00:00,2020-03-16 13:30:00+00:00,-1,1.2500000000000193,TP,False
S2-17,ny_open_london_position,AUDUSD,2020-03-16 13:30:00+00:00,2020-03-16 13:45:00+00:00,2020-03-16 13:45:00+00:00,-1,-1.0,SL,False
S2-17,ny_open_london_position,AUDUSD,2020-03-16 13:45:00+00:00,2020-03-16 14:00:00+00:00,2020-03-16 14:00:00+00:00,-1,-0.9999999999999851,SL,False
S2-17,ny_open_london_position,AUDUSD,2020-03-18 12:00:00+00:00,2020-03-18 12:15:00+00:00,2020-03-18 13:00:00+00:00,-1,1.2499999999999747,TP,False
S2-17,ny_open_london_position,AUDUSD,2020-03-18 13:00:00+00:00,2020-03-18 13:15:00+00:00,2020-03-18 14:45:00+00:00,-1,1.2500000000000098,TP,False
S2-17,ny_open_london_position,AUDUSD,2020-03-26 12:45:00+00:00,2020-03-26 13:00:00+00:00,2020-03-26 13:00:00+00:00,1,1.25,TP,False
S2-17,ny_open_london_position,AUDUSD,2020-03-26 13:00:00+00:00,2020-03-26 13:15:00+00:00,2020-03-26 13:30:00+00:00,1,-1.000000000000016,SL,False
S2-17,ny_open_london_position,AUDUSD,2020-03-26 13:30:00+00:00,2020-03-26 13:45:00+00:00,2020-03-26 14:45:00+00:00,1,-0.9999999999999923,SL,False
S2-17,ny_open_london_position,AUDUSD,2020-04-01 12:45:00+00:00,2020-04-01 13:00:00+00:00,2020-04-01 13:00:00+00:00,-1,-1.0000000000000273,SL,False
S2-17,ny_open_london_position,AUDUSD,2020-04-02 12:00:00+00:00,2020-04-02 12:15:00+00:00,2020-04-02 12:30:00+00:00,-1,-0.9999999999999856,SL,False
S2-17,ny_open_london_position,AUDUSD,2020-04-02 12:30:00+00:00,2020-04-02 12:45:00+00:00,2020-04-02 12:45:00+00:00,-1,1.250000000000026,TP,False
S2-17,ny_open_london_position,AUDUSD,2020-04-02 12:45:00+00:00,2020-04-02 13:00:00+00:00,2020-04-02 13:00:00+00:00,-1,1.249999999999976,TP,False
S2-17,ny_open_london_position,AUDUSD,2020-04-02 13:00:00+00:00,2020-04-02 13:15:00+00:00,2020-04-02 13:15:00+00:00,-1,-1.0000000000000209,SL,False
S2-17,ny_open_london_position,AUDUSD,2020-04-02 13:15:00+00:00,2020-04-02 13:30:00+00:00,2020-04-02 13:30:00+00:00,-1,-1.0000000000000102,SL,False
S2-17,ny_open_london_position,AUDUSD,2020-04-02 13:30:00+00:00,2020-04-02 13:45:00+00:00,2020-04-02 14:00:00+00:00,-1,-1.0000000000000198,SL,False
S2-17,ny_open_london_position,AUDUSD,2020-04-07 12:15:00+00:00,2020-04-07 12:30:00+00:00,2020-04-07 12:45:00+00:00,1,-0.9999999999999833,SL,False
S2-17,ny_open_london_position,AUDUSD,2020-04-07 12:45:00+00:00,2020-04-07 13:00:00+00:00,2020-04-07 13:00:00+00:00,1,-0.9999999999999498,SL,False
S2-17,ny_open_london_position,AUDUSD,2020-04-07 13:15:00+00:00,2020-04-07 13:30:00+00:00,2020-04-07 14:00:00+00:00,1,-1.0,SL,False
S2-17,ny_open_london_position,AUDUSD,2020-04-08 13:00:00+00:00,2020-04-08 13:15:00+00:00,2020-04-08 13:30:00+00:00,1,1.2499999999999836,TP,False
S2-17,ny_open_london_position,AUDUSD,2020-04-08 13:30:00+00:00,2020-04-08 13:45:00+00:00,2020-04-08 13:45:00+00:00,1,-0.9999999999999705,SL,False
S2-17,ny_open_london_position,AUDUSD,2020-04-08 13:45:00+00:00,2020-04-08 14:00:00+00:00,2020-04-08 14:45:00+00:00,1,1.250000000000014,TP,False
S2-17,ny_open_london_position,AUDUSD,2020-04-09 12:30:00+00:00,2020-04-09 12:45:00+00:00,2020-04-09 12:45:00+00:00,1,1.2500000000000517,TP,False
S2-17,ny_open_london_position,AUDUSD,2020-04-09 12:45:00+00:00,2020-04-09 13:00:00+00:00,2020-04-09 13:00:00+00:00,1,1.2499999999999851,TP,False
S2-17,ny_open_london_position,AUDUSD,2020-04-09 13:00:00+00:00,2020-04-09 13:15:00+00:00,2020-04-09 14:45:00+00:00,1,1.2499999999999596,TP,False
S2-17,ny_open_london_position,AUDUSD,2020-04-13 12:45:00+00:00,2020-04-13 13:00:00+00:00,2020-04-13 15:30:00+00:00,1,1.2500000000000508,TP,False
S2-17,ny_open_london_position,AUDUSD,2020-04-15 12:00:00+00:00,2020-04-15 12:15:00+00:00,2020-04-15 12:45:00+00:00,-1,1.2499999999999853,TP,False
S2-17,ny_open_london_position,AUDUSD,2020-04-15 12:45:00+00:00,2020-04-15 13:00:00+00:00,2020-04-15 13:15:00+00:00,-1,-1.0000000000000435,SL,False
S2-17,ny_open_london_position,AUDUSD,2020-04-15 13:15:00+00:00,2020-04-15 13:30:00+00:00,2020-04-15 14:00:00+00:00,-1,1.249999999999986,TP,False
S2-17,ny_open_london_position,AUDUSD,2020-04-17 12:15:00+00:00,2020-04-17 12:30:00+00:00,2020-04-17 13:30:00+00:00,1,-1.0,SL,False
S2-17,ny_open_london_position,AUDUSD,2020-04-17 13:45:00+00:00,2020-04-17 14:00:00+00:00,2020-04-17 14:00:00+00:00,1,-1.0,SL,False
S2-17,ny_open_london_position,AUDUSD,2020-04-21 12:45:00+00:00,2020-04-21 13:00:00+00:00,2020-04-21 13:45:00+00:00,-1,-1.0,SL,False
S2-17,ny_open_london_position,AUDUSD,2020-04-23 12:15:00+00:00,2020-04-23 12:30:00+00:00,2020-04-23 13:00:00+00:00,1,-1.0000000000000144,SL,False
S2-17,ny_open_london_position,AUDUSD,2020-04-23 13:00:00+00:00,2020-04-23 13:15:00+00:00,2020-04-23 14:00:00+00:00,1,1.25,TP,False
S2-17,ny_open_london_position,AUDUSD,2020-04-27 13:00:00+00:00,2020-04-27 13:15:00+00:00,2020-04-27 13:30:00+00:00,1,-0.9999999999999792,SL,False
S2-17,ny_open_london_position,AUDUSD,2020-05-01 12:00:00+00:00,2020-05-01 12:15:00+00:00,2020-05-01 13:00:00+00:00,-1,-1.0,SL,False
S2-17,ny_open_london_position,AUDUSD,2020-05-08 12:15:00+00:00,2020-05-08 12:30:00+00:00,2020-05-08 12:30:00+00:00,1,-1.0000000000000837,SL,False
S2-17,ny_open_london_position,AUDUSD,2020-05-14 12:30:00+00:00,2020-05-14 12:45:00+00:00,2020-05-14 13:00:00+00:00,-1,-1.0000000000000402,SL,False
S2-17,ny_open_london_position,AUDUSD,2020-05-18 13:00:00+00:00,2020-05-18 13:15:00+00:00,2020-05-18 13:30:00+00:00,1,1.2499999999999796,TP,False
S2-17,ny_open_london_position,AUDUSD,2020-05-18 13:30:00+00:00,2020-05-18 13:45:00+00:00,2020-05-18 14:00:00+00:00,1,-1.0000000000000338,SL,False
S2-17,ny_open_london_position,AUDUSD,2020-05-20 12:15:00+00:00,2020-05-20 12:30:00+00:00,2020-05-20 12:30:00+00:00,1,-0.9999999999999402,SL,False
S2-17,ny_open_london_position,AUDUSD,2020-05-20 13:00:00+00:00,2020-05-20 13:15:00+00:00,2020-05-20 13:30:00+00:00,1,-0.9999999999999811,SL,False
S2-17,ny_open_london_position,AUDUSD,2020-05-20 13:45:00+00:00,2020-05-20 14:00:00+00:00,2020-05-20 14:30:00+00:00,1,1.2499999999999811,TP,False
S2-17,ny_open_london_position,AUDUSD,2020-05-21 12:15:00+00:00,2020-05-21 12:30:00+00:00,2020-05-21 12:45:00+00:00,1,-0.9999999999999635,SL,False
S2-17,ny_open_london_position,AUDUSD,2020-05-21 12:45:00+00:00,2020-05-21 13:00:00+00:00,2020-05-21 13:00:00+00:00,1,-0.999999999999983,SL,False
S2-17,ny_open_london_position,AUDUSD,2020-05-21 13:15:00+00:00,2020-05-21 13:30:00+00:00,2020-05-21 14:30:00+00:00,1,-1.000000000000032,SL,False
S2-17,ny_open_london_position,AUDUSD,2020-05-22 13:30:00+00:00,2020-05-22 13:45:00+00:00,2020-05-22 14:00:00+00:00,-1,-0.9999999999999777,SL,False
S2-17,ny_open_london_position,AUDUSD,2020-05-26 12:45:00+00:00,2020-05-26 13:00:00+00:00,2020-05-26 13:45:00+00:00,1,1.2499999999999793,TP,False
S2-17,ny_open_london_position,AUDUSD,2020-05-26 13:45:00+00:00,2020-05-26 14:00:00+00:00,2020-05-26 15:00:00+00:00,1,1.2500000000000373,TP,False
S2-17,ny_open_london_position,AUDUSD,2020-05-28 12:45:00+00:00,2020-05-28 13:00:00+00:00,2020-05-28 13:00:00+00:00,1,1.250000000000051,TP,False
S2-17,ny_open_london_position,AUDUSD,2020-05-28 13:00:00+00:00,2020-05-28 13:15:00+00:00,2020-05-28 13:30:00+00:00,1,-0.9999999999999843,SL,False
S2-17,ny_open_london_position,AUDUSD,2020-05-28 13:30:00+00:00,2020-05-28 13:45:00+00:00,2020-05-28 14:45:00+00:00,1,1.2500000000000147,TP,False
S2-17,ny_open_london_position,AUDUSD,2020-05-29 12:00:00+00:00,2020-05-29 12:15:00+00:00,2020-05-29 12:30:00+00:00,1,-0.9999999999999813,SL,False
S2-17,ny_open_london_position,AUDUSD,2020-06-11 12:30:00+00:00,2020-06-11 12:45:00+00:00,2020-06-11 13:30:00+00:00,-1,1.2499999999999638,TP,False
S2-17,ny_open_london_position,AUDUSD,2020-06-11 13:30:00+00:00,2020-06-11 13:45:00+00:00,2020-06-11 13:45:00+00:00,-1,-0.999999999999964,SL,False
S2-17,ny_open_london_position,AUDUSD,2020-06-16 12:30:00+00:00,2020-06-16 12:45:00+00:00,2020-06-16 13:00:00+00:00,1,-0.9999999999999745,SL,False
S2-17,ny_open_london_position,AUDUSD,2020-06-18 13:00:00+00:00,2020-06-18 13:15:00+00:00,2020-06-18 13:45:00+00:00,-1,1.2499999999999702,TP,False
S2-17,ny_open_london_position,AUDUSD,2020-06-18 13:45:00+00:00,2020-06-18 14:00:00+00:00,2020-06-18 14:00:00+00:00,-1,-1.0000000000000133,SL,False
S2-17,ny_open_london_position,AUDUSD,2020-06-22 13:45:00+00:00,2020-06-22 14:00:00+00:00,2020-06-22 14:15:00+00:00,1,1.2499999999999643,TP,False
S2-17,ny_open_london_position,AUDUSD,2020-06-23 12:00:00+00:00,2020-06-23 12:15:00+00:00,2020-06-23 12:45:00+00:00,1,1.2499999999999811,TP,False
S2-17,ny_open_london_position,AUDUSD,2020-06-23 12:45:00+00:00,2020-06-23 13:00:00+00:00,2020-06-23 13:15:00+00:00,1,-1.0000000000000187,SL,False
S2-17,ny_open_london_position,AUDUSD,2020-06-23 13:15:00+00:00,2020-06-23 13:30:00+00:00,2020-06-23 13:45:00+00:00,1,-0.9999999999999453,SL,False
S2-17,ny_open_london_position,AUDUSD,2020-06-23 13:45:00+00:00,2020-06-23 14:00:00+00:00,2020-06-23 14:00:00+00:00,1,1.2499999999999467,TP,False
S2-17,ny_open_london_position,AUDUSD,2020-06-26 12:45:00+00:00,2020-06-26 13:00:00+00:00,2020-06-26 13:30:00+00:00,-1,1.250000000000027,TP,False
S2-17,ny_open_london_position,AUDUSD,2020-06-26 13:30:00+00:00,2020-06-26 13:45:00+00:00,2020-06-26 14:30:00+00:00,-1,1.2500000000000484,TP,False
S2-17,ny_open_london_position,AUDUSD,2020-06-29 13:00:00+00:00,2020-06-29 13:15:00+00:00,2020-06-29 13:30:00+00:00,-1,1.250000000000064,TP,False
S2-17,ny_open_london_position,AUDUSD,2020-06-29 13:30:00+00:00,2020-06-29 13:45:00+00:00,2020-06-29 14:00:00+00:00,-1,1.2499999999999583,TP,False
S2-17,ny_open_london_position,AUDUSD,2020-07-01 13:30:00+00:00,2020-07-01 13:45:00+00:00,2020-07-01 14:00:00+00:00,1,1.25,TP,False
S2-17,ny_open_london_position,AUDUSD,2020-07-02 13:45:00+00:00,2020-07-02 14:00:00+00:00,2020-07-02 14:15:00+00:00,1,-1.0000000000000546,SL,False
S2-17,ny_open_london_position,AUDUSD,2020-07-06 12:45:00+00:00,2020-07-06 13:00:00+00:00,2020-07-06 13:00:00+00:00,1,-0.9999999999999261,SL,False
S2-17,ny_open_london_position,AUDUSD,2020-07-06 13:30:00+00:00,2020-07-06 13:45:00+00:00,2020-07-06 14:00:00+00:00,1,-0.999999999999953,SL,False
S2-17,ny_open_london_position,AUDUSD,2020-07-15 12:00:00+00:00,2020-07-15 12:15:00+00:00,2020-07-15 13:30:00+00:00,1,1.250000000000081,TP,False
S2-17,ny_open_london_position,AUDUSD,2020-07-15 13:30:00+00:00,2020-07-15 13:45:00+00:00,2020-07-15 13:45:00+00:00,1,-1.0000000000000875,SL,False
S2-17,ny_open_london_position,AUDUSD,2020-07-17 12:30:00+00:00,2020-07-17 12:45:00+00:00,2020-07-17 13:15:00+00:00,-1,-0.9999999999998966,SL,False
S2-17,ny_open_london_position,AUDUSD,2020-07-21 12:15:00+00:00,2020-07-21 12:30:00+00:00,2020-07-21 12:45:00+00:00,1,1.2500000000000213,TP,False
S2-17,ny_open_london_position,AUDUSD,2020-07-21 12:45:00+00:00,2020-07-21 13:00:00+00:00,2020-07-21 13:45:00+00:00,1,1.2499999999999807,TP,False
S2-17,ny_open_london_position,AUDUSD,2020-07-21 13:45:00+00:00,2020-07-21 14:00:00+00:00,2020-07-21 14:15:00+00:00,1,-1.0,SL,False
S2-17,ny_open_london_position,AUDUSD,2020-07-22 12:15:00+00:00,2020-07-22 12:30:00+00:00,2020-07-22 12:45:00+00:00,1,-0.9999999999999473,SL,False
S2-17,ny_open_london_position,AUDUSD,2020-07-27 13:45:00+00:00,2020-07-27 14:00:00+00:00,2020-07-27 14:15:00+00:00,1,-1.0000000000000537,SL,False
S2-17,ny_open_london_position,AUDUSD,2020-08-03 12:30:00+00:00,2020-08-03 12:45:00+00:00,2020-08-03 13:30:00+00:00,-1,1.2499999999999611,TP,False
S2-17,ny_open_london_position,AUDUSD,2020-08-03 13:30:00+00:00,2020-08-03 13:45:00+00:00,2020-08-03 14:00:00+00:00,-1,-1.000000000000039,SL,False
S2-17,ny_open_london_position,AUDUSD,2020-08-04 13:00:00+00:00,2020-08-04 13:15:00+00:00,2020-08-04 13:45:00+00:00,-1,-1.0,SL,False
S2-17,ny_open_london_position,AUDUSD,2020-08-05 12:15:00+00:00,2020-08-05 12:30:00+00:00,2020-08-05 12:30:00+00:00,1,-1.0000000000000178,SL,False
S2-17,ny_open_london_position,AUDUSD,2020-08-05 12:45:00+00:00,2020-08-05 13:00:00+00:00,2020-08-05 13:45:00+00:00,1,1.249999999999983,TP,False
S2-17,ny_open_london_position,AUDUSD,2020-08-05 13:45:00+00:00,2020-08-05 14:00:00+00:00,2020-08-05 14:15:00+00:00,1,-1.0000000000000326,SL,False
S2-17,ny_open_london_position,AUDUSD,2020-08-06 13:30:00+00:00,2020-08-06 13:45:00+00:00,2020-08-06 13:45:00+00:00,1,1.2500000000000375,TP,False
S2-17,ny_open_london_position,AUDUSD,2020-08-06 13:45:00+00:00,2020-08-06 14:00:00+00:00,2020-08-06 14:00:00+00:00,1,-1.0,SL,False
S2-17,ny_open_london_position,AUDUSD,2020-08-17 12:15:00+00:00,2020-08-17 12:30:00+00:00,2020-08-17 13:15:00+00:00,1,1.2499999999999152,TP,False
S2-17,ny_open_london_position,AUDUSD,2020-08-17 13:15:00+00:00,2020-08-17 13:30:00+00:00,2020-08-17 13:30:00+00:00,1,1.2500000000000535,TP,False
S2-17,ny_open_london_position,AUDUSD,2020-08-17 13:30:00+00:00,2020-08-17 13:45:00+00:00,2020-08-17 14:30:00+00:00,1,1.2499999999999512,TP,False
S2-17,ny_open_london_position,AUDUSD,2020-08-18 12:15:00+00:00,2020-08-18 12:30:00+00:00,2020-08-18 12:30:00+00:00,1,-1.000000000000026,SL,False
S2-17,ny_open_london_position,AUDUSD,2020-08-18 12:30:00+00:00,2020-08-18 12:45:00+00:00,2020-08-18 13:30:00+00:00,1,1.2500000000000246,TP,False
S2-17,ny_open_london_position,AUDUSD,2020-08-18 13:30:00+00:00,2020-08-18 13:45:00+00:00,2020-08-18 13:45:00+00:00,1,-0.9999999999999333,SL,False
S2-17,ny_open_london_position,AUDUSD,2020-08-18 13:45:00+00:00,2020-08-18 14:00:00+00:00,2020-08-18 14:00:00+00:00,1,-1.0000000000000213,SL,False
S2-17,ny_open_london_position,AUDUSD,2020-08-20 13:00:00+00:00,2020-08-20 13:15:00+00:00,2020-08-20 13:30:00+00:00,-1,-0.9999999999999635,SL,False
S2-17,ny_open_london_position,AUDUSD,2020-08-21 12:00:00+00:00,2020-08-21 12:15:00+00:00,2020-08-21 12:30:00+00:00,-1,-0.9999999999999802,SL,False
S2-17,ny_open_london_position,AUDUSD,2020-08-21 12:30:00+00:00,2020-08-21 12:45:00+00:00,2020-08-21 12:45:00+00:00,-1,-0.9999999999999419,SL,False
S2-17,ny_open_london_position,AUDUSD,2020-08-21 13:45:00+00:00,2020-08-21 14:00:00+00:00,2020-08-21 14:45:00+00:00,-1,-0.9999999999999684,SL,False
S2-17,ny_open_london_position,AUDUSD,2020-08-26 13:30:00+00:00,2020-08-26 13:45:00+00:00,2020-08-26 14:15:00+00:00,1,1.2500000000000455,TP,False
S2-17,ny_open_london_position,AUDUSD,2020-08-27 13:00:00+00:00,2020-08-27 13:15:00+00:00,2020-08-27 13:15:00+00:00,1,-0.9999999999999443,SL,False
S2-17,ny_open_london_position,AUDUSD,2020-08-27 13:15:00+00:00,2020-08-27 13:30:00+00:00,2020-08-27 13:30:00+00:00,1,-1.0,SL,False
S2-17,ny_open_london_position,AUDUSD,2020-09-02 13:15:00+00:00,2020-09-02 13:30:00+00:00,2020-09-02 13:45:00+00:00,-1,1.2500000000000544,TP,False
S2-17,ny_open_london_position,AUDUSD,2020-09-02 13:45:00+00:00,2020-09-02 14:00:00+00:00,2020-09-02 14:30:00+00:00,-1,-1.0,SL,False
S2-17,ny_open_london_position,AUDUSD,2020-09-03 12:00:00+00:00,2020-09-03 12:15:00+00:00,2020-09-03 12:15:00+00:00,-1,-1.0000000000000708,SL,False
S2-17,ny_open_london_position,AUDUSD,2020-09-04 13:15:00+00:00,2020-09-04 13:30:00+00:00,2020-09-04 13:30:00+00:00,-1,-0.9999999999999418,SL,False
S2-17,ny_open_london_position,AUDUSD,2020-09-04 13:30:00+00:00,2020-09-04 13:45:00+00:00,2020-09-04 14:00:00+00:00,-1,1.25,TP,False
S2-17,ny_open_london_position,AUDUSD,2020-09-08 12:00:00+00:00,2020-09-08 12:15:00+00:00,2020-09-08 12:15:00+00:00,-1,-1.0000000000000573,SL,False
S2-17,ny_open_london_position,AUDUSD,2020-09-08 12:15:00+00:00,2020-09-08 12:30:00+00:00,2020-09-08 13:15:00+00:00,-1,1.250000000000037,TP,False
S2-17,ny_open_london_position,AUDUSD,2020-09-08 13:15:00+00:00,2020-09-08 13:30:00+00:00,2020-09-08 13:45:00+00:00,-1,1.250000000000053,TP,False
S2-17,ny_open_london_position,AUDUSD,2020-09-08 13:45:00+00:00,2020-09-08 14:00:00+00:00,2020-09-08 14:00:00+00:00,-1,-0.9999999999999845,SL,False
S2-17,ny_open_london_position,AUDUSD,2020-09-10 12:30:00+00:00,2020-09-10 12:45:00+00:00,2020-09-10 13:00:00+00:00,1,1.2499999999999818,TP,False
S2-17,ny_open_london_position,AUDUSD,2020-09-10 13:00:00+00:00,2020-09-10 13:15:00+00:00,2020-09-10 13:45:00+00:00,1,1.25,TP,False
S2-17,ny_open_london_position,AUDUSD,2020-09-10 13:45:00+00:00,2020-09-10 14:00:00+00:00,2020-09-10 14:15:00+00:00,1,-0.9999999999999706,SL,False
S2-17,ny_open_london_position,AUDUSD,2020-09-15 13:00:00+00:00,2020-09-15 13:15:00+00:00,2020-09-15 13:45:00+00:00,1,-0.9999999999999425,SL,False
S2-17,ny_open_london_position,AUDUSD,2020-09-21 12:15:00+00:00,2020-09-21 12:30:00+00:00,2020-09-21 13:15:00+00:00,-1,1.2499999999999452,TP,False
S2-17,ny_open_london_position,AUDUSD,2020-09-21 13:15:00+00:00,2020-09-21 13:30:00+00:00,2020-09-21 13:30:00+00:00,-1,1.2500000000000167,TP,False
S2-17,ny_open_london_position,AUDUSD,2020-09-21 13:30:00+00:00,2020-09-21 13:45:00+00:00,2020-09-21 14:00:00+00:00,-1,1.249999999999969,TP,False
S2-17,ny_open_london_position,AUDUSD,2020-09-23 12:15:00+00:00,2020-09-23 12:30:00+00:00,2020-09-23 13:30:00+00:00,-1,-0.9999999999999796,SL,False
S2-17,ny_open_london_position,AUDUSD,2020-09-23 13:45:00+00:00,2020-09-23 14:00:00+00:00,2020-09-23 14:15:00+00:00,-1,1.2500000000000577,TP,False
S2-17,ny_open_london_position,AUDUSD,2020-09-24 12:30:00+00:00,2020-09-24 12:45:00+00:00,2020-09-24 13:15:00+00:00,-1,-1.0000000000000182,SL,False
S2-17,ny_open_london_position,AUDUSD,2020-09-24 13:30:00+00:00,2020-09-24 13:45:00+00:00,2020-09-24 13:45:00+00:00,-1,-1.0,SL,False
S2-17,ny_open_london_position,AUDUSD,2020-09-24 13:45:00+00:00,2020-09-24 14:00:00+00:00,2020-09-24 14:00:00+00:00,-1,-0.9999999999999694,SL,False
S2-17,ny_open_london_position,AUDUSD,2020-09-25 13:45:00+00:00,2020-09-25 14:00:00+00:00,2020-09-25 14:00:00+00:00,-1,1.25,TP,False
S2-17,ny_open_london_position,AUDUSD,2020-09-29 12:15:00+00:00,2020-09-29 12:30:00+00:00,2020-09-29 12:30:00+00:00,1,-1.000000000000023,SL,False
S2-17,ny_open_london_position,AUDUSD,2020-09-30 13:00:00+00:00,2020-09-30 13:15:00+00:00,2020-09-30 13:15:00+00:00,1,-0.9999999999999434,SL,False
S2-17,ny_open_london_position,AUDUSD,2020-09-30 13:15:00+00:00,2020-09-30 13:30:00+00:00,2020-09-30 13:30:00+00:00,1,-0.9999999999999448,SL,False
S2-17,ny_open_london_position,AUDUSD,2020-09-30 13:45:00+00:00,2020-09-30 14:00:00+00:00,2020-09-30 14:15:00+00:00,1,1.2499999999999658,TP,False
S2-17,ny_open_london_position,AUDUSD,2020-10-05 13:30:00+00:00,2020-10-05 13:45:00+00:00,2020-10-05 14:00:00+00:00,1,-0.9999999999999176,SL,False
S2-17,ny_open_london_position,AUDUSD,2020-10-09 12:15:00+00:00,2020-10-09 12:30:00+00:00,2020-10-09 12:30:00+00:00,1,1.2500000000001021,TP,False
S2-17,ny_open_london_position,AUDUSD,2020-10-09 12:30:00+00:00,2020-10-09 12:45:00+00:00,2020-10-09 12:45:00+00:00,1,1.249999999999906,TP,False
S2-17,ny_open_london_position,AUDUSD,2020-10-09 12:45:00+00:00,2020-10-09 13:00:00+00:00,2020-10-09 13:30:00+00:00,1,1.2500000000000295,TP,False
S2-17,ny_open_london_position,AUDUSD,2020-10-09 13:30:00+00:00,2020-10-09 13:45:00+00:00,2020-10-09 13:45:00+00:00,1,-1.0,SL,False
S2-17,ny_open_london_position,AUDUSD,2020-10-09 13:45:00+00:00,2020-10-09 14:00:00+00:00,2020-10-09 14:45:00+00:00,1,1.2500000000000548,TP,False
S2-17,ny_open_london_position,AUDUSD,2020-10-13 13:15:00+00:00,2020-10-13 13:30:00+00:00,2020-10-13 13:30:00+00:00,-1,1.2500000000000266,TP,False
S2-17,ny_open_london_position,AUDUSD,2020-10-13 13:30:00+00:00,2020-10-13 13:45:00+00:00,2020-10-13 14:45:00+00:00,-1,1.2499999999999745,TP,False
S2-17,ny_open_london_position,AUDUSD,2020-10-15 12:00:00+00:00,2020-10-15 12:15:00+00:00,2020-10-15 12:15:00+00:00,-1,-1.0000000000000229,SL,False
S2-17,ny_open_london_position,AUDUSD,2020-10-15 13:00:00+00:00,2020-10-15 13:15:00+00:00,2020-10-15 13:30:00+00:00,-1,-0.9999999999999598,SL,False
S2-17,ny_open_london_position,AUDUSD,2020-10-20 13:00:00+00:00,2020-10-20 13:15:00+00:00,2020-10-20 13:30:00+00:00,-1,-1.0000000000000553,SL,False
S2-17,ny_open_london_position,AUDUSD,2020-10-21 12:15:00+00:00,2020-10-21 12:30:00+00:00,2020-10-21 12:30:00+00:00,1,1.2500000000000535,TP,False
S2-17,ny_open_london_position,AUDUSD,2020-10-21 12:30:00+00:00,2020-10-21 12:45:00+00:00,2020-10-21 13:00:00+00:00,1,-1.000000000000049,SL,False
S2-17,ny_open_london_position,AUDUSD,2020-10-21 13:00:00+00:00,2020-10-21 13:15:00+00:00,2020-10-21 13:15:00+00:00,1,-0.9999999999999758,SL,False
S2-17,ny_open_london_position,AUDUSD,2020-10-21 13:15:00+00:00,2020-10-21 13:30:00+00:00,2020-10-21 13:30:00+00:00,1,1.2500000000000449,TP,False
S2-17,ny_open_london_position,AUDUSD,2020-10-21 13:30:00+00:00,2020-10-21 13:45:00+00:00,2020-10-21 14:15:00+00:00,1,1.249999999999938,TP,False
S2-17,ny_open_london_position,AUDUSD,2020-10-28 12:15:00+00:00,2020-10-28 12:30:00+00:00,2020-10-28 12:30:00+00:00,-1,1.2500000000000522,TP,False
S2-17,ny_open_london_position,AUDUSD,2020-10-28 12:30:00+00:00,2020-10-28 12:45:00+00:00,2020-10-28 12:45:00+00:00,-1,-1.0000000000000322,SL,False
S2-17,ny_open_london_position,AUDUSD,2020-10-28 12:45:00+00:00,2020-10-28 13:00:00+00:00,2020-10-28 14:00:00+00:00,-1,1.2499999999999838,TP,False
S2-17,ny_open_london_position,AUDUSD,2020-10-29 13:00:00+00:00,2020-10-29 13:15:00+00:00,2020-10-29 13:45:00+00:00,-1,-1.0,SL,False
S2-17,ny_open_london_position,AUDUSD,2020-11-03 12:00:00+00:00,2020-11-03 12:15:00+00:00,2020-11-03 13:45:00+00:00,1,-1.0000000000000198,SL,False
S2-17,ny_open_london_position,AUDUSD,2020-11-04 12:00:00+00:00,2020-11-04 12:15:00+00:00,2020-11-04 12:30:00+00:00,1,1.2500000000000295,TP,False
S2-17,ny_open_london_position,AUDUSD,2020-11-04 12:30:00+00:00,2020-11-04 12:45:00+00:00,2020-11-04 13:30:00+00:00,1,-1.000000000000028,SL,False
S2-17,ny_open_london_position,AUDUSD,2020-11-04 13:30:00+00:00,2020-11-04 13:45:00+00:00,2020-11-04 14:15:00+00:00,1,-1.0,SL,False
S2-17,ny_open_london_position,AUDUSD,2020-11-05 12:15:00+00:00,2020-11-05 12:30:00+00:00,2020-11-05 12:45:00+00:00,1,1.250000000000029,TP,False
S2-17,ny_open_london_position,AUDUSD,2020-11-05 12:45:00+00:00,2020-11-05 13:00:00+00:00,2020-11-05 13:15:00+00:00,1,-0.9999999999999856,SL,False
S2-17,ny_open_london_position,AUDUSD,2020-11-05 13:15:00+00:00,2020-11-05 13:30:00+00:00,2020-11-05 13:45:00+00:00,1,1.2500000000000269,TP,False
S2-17,ny_open_london_position,AUDUSD,2020-11-05 13:45:00+00:00,2020-11-05 14:00:00+00:00,2020-11-05 14:00:00+00:00,1,-0.9999999999999875,SL,False
S2-17,ny_open_london_position,AUDUSD,2020-11-09 12:45:00+00:00,2020-11-09 13:00:00+00:00,2020-11-09 13:00:00+00:00,1,-1.000000000000011,SL,False
S2-17,ny_open_london_position,AUDUSD,2020-12-10 13:00:00+00:00,2020-12-10 13:15:00+00:00,2020-12-10 13:30:00+00:00,1,1.2500000000000504,TP,False
S2-17,ny_open_london_position,AUDUSD,2020-12-10 13:30:00+00:00,2020-12-10 13:45:00+00:00,2020-12-10 13:45:00+00:00,1,-0.9999999999999327,SL,False
S2-17,ny_open_london_position,AUDUSD,2020-12-10 13:45:00+00:00,2020-12-10 14:00:00+00:00,2020-12-10 14:00:00+00:00,1,-0.999999999999979,SL,False
S2-17,ny_open_london_position,AUDUSD,2020-12-14 13:45:00+00:00,2020-12-14 14:00:00+00:00,2020-12-14 14:15:00+00:00,1,-1.0000000000000626,SL,False
S2-17,ny_open_london_position,AUDUSD,2020-12-18 12:00:00+00:00,2020-12-18 12:15:00+00:00,2020-12-18 13:00:00+00:00,1,-0.9999999999999725,SL,False
S2-17,ny_open_london_position,AUDUSD,2020-12-18 13:30:00+00:00,2020-12-18 13:45:00+00:00,2020-12-18 13:45:00+00:00,1,-1.0,SL,False
S2-17,ny_open_london_position,AUDUSD,2020-12-24 12:00:00+00:00,2020-12-24 12:15:00+00:00,2020-12-24 12:30:00+00:00,1,-1.0,SL,False
S2-17,ny_open_london_position,AUDUSD,2020-12-29 13:30:00+00:00,2020-12-29 13:45:00+00:00,2020-12-29 14:15:00+00:00,1,1.25000000000004,TP,False
