hypothesis,family,pair,signal_dt,entry_dt,exit_dt,side,r,reason,ambiguous_stop_first
S2-16,london_fix_momentum,EURAUD,2013-01-02 15:00:00+00:00,2013-01-02 15:15:00+00:00,2013-01-02 15:30:00+00:00,-1,-0.9999999999999257,SL,False
S2-16,london_fix_momentum,EURAUD,2013-01-03 15:45:00+00:00,2013-01-03 16:00:00+00:00,2013-01-03 16:00:00+00:00,-1,-1.0000000000000573,SL,False
S2-16,london_fix_momentum,EURAUD,2013-01-04 15:00:00+00:00,2013-01-04 15:15:00+00:00,2013-01-04 16:00:00+00:00,-1,-0.2946975460170814,FRIDAY,False
S2-16,london_fix_momentum,EURAUD,2013-01-11 15:15:00+00:00,2013-01-11 15:30:00+00:00,2013-01-11 16:00:00+00:00,1,0.678074821397639,FRIDAY,False
S2-16,london_fix_momentum,EURAUD,2013-01-16 15:15:00+00:00,2013-01-16 15:30:00+00:00,2013-01-16 19:15:00+00:00,-1,1.0668370217554388,TIME,False
S2-16,london_fix_momentum,EURAUD,2013-01-17 15:00:00+00:00,2013-01-17 15:15:00+00:00,2013-01-17 15:45:00+00:00,1,1.25,TP,False
S2-16,london_fix_momentum,EURAUD,2013-01-17 15:45:00+00:00,2013-01-17 16:00:00+00:00,2013-01-17 16:30:00+00:00,1,-1.000000000000077,SL,False
S2-16,london_fix_momentum,EURAUD,2013-01-18 15:15:00+00:00,2013-01-18 15:30:00+00:00,2013-01-18 15:45:00+00:00,1,-0.999999999999946,SL,False
S2-16,london_fix_momentum,EURAUD,2013-01-21 15:30:00+00:00,2013-01-21 15:45:00+00:00,2013-01-21 15:45:00+00:00,-1,-0.9999999999998596,SL,False
S2-16,london_fix_momentum,EURAUD,2013-01-22 15:15:00+00:00,2013-01-22 15:30:00+00:00,2013-01-22 16:00:00+00:00,-1,-0.9999999999999256,SL,False
S2-16,london_fix_momentum,EURAUD,2013-01-24 15:00:00+00:00,2013-01-24 15:15:00+00:00,2013-01-24 15:30:00+00:00,1,1.25,TP,False
S2-16,london_fix_momentum,EURAUD,2013-01-24 15:30:00+00:00,2013-01-24 15:45:00+00:00,2013-01-24 19:30:00+00:00,1,-0.6693020915690362,TIME,False
S2-16,london_fix_momentum,EURAUD,2013-01-25 15:15:00+00:00,2013-01-25 15:30:00+00:00,2013-01-25 16:00:00+00:00,1,1.0099622726787654,FRIDAY,False
S2-16,london_fix_momentum,EURAUD,2013-01-28 15:15:00+00:00,2013-01-28 15:30:00+00:00,2013-01-28 16:00:00+00:00,1,-1.0,SL,False
S2-16,london_fix_momentum,EURAUD,2013-01-30 15:00:00+00:00,2013-01-30 15:15:00+00:00,2013-01-30 15:30:00+00:00,1,-1.0000000000000229,SL,False
S2-16,london_fix_momentum,EURAUD,2013-01-30 15:45:00+00:00,2013-01-30 16:00:00+00:00,2013-01-30 19:30:00+00:00,1,1.2499999999999787,TP,False
S2-16,london_fix_momentum,EURAUD,2013-01-31 15:15:00+00:00,2013-01-31 15:30:00+00:00,2013-01-31 16:45:00+00:00,1,1.25,TP,False
S2-16,london_fix_momentum,EURAUD,2013-02-04 15:00:00+00:00,2013-02-04 15:15:00+00:00,2013-02-04 16:45:00+00:00,-1,1.2500000000000406,TP,False
S2-16,london_fix_momentum,EURAUD,2013-02-06 15:00:00+00:00,2013-02-06 15:15:00+00:00,2013-02-06 16:00:00+00:00,1,-0.9999999999999464,SL,False
S2-16,london_fix_momentum,EURAUD,2013-02-08 15:00:00+00:00,2013-02-08 15:15:00+00:00,2013-02-08 15:45:00+00:00,-1,-0.9999999999999815,SL,False
S2-16,london_fix_momentum,EURAUD,2013-02-14 15:00:00+00:00,2013-02-14 15:15:00+00:00,2013-02-14 15:15:00+00:00,-1,-0.9999999999999347,SL,False
S2-16,london_fix_momentum,EURAUD,2013-02-14 15:45:00+00:00,2013-02-14 16:00:00+00:00,2013-02-14 17:15:00+00:00,-1,-0.9999999999999594,SL,False
S2-16,london_fix_momentum,EURAUD,2013-02-19 15:00:00+00:00,2013-02-19 15:15:00+00:00,2013-02-19 15:45:00+00:00,-1,1.2500000000000708,TP,False
S2-16,london_fix_momentum,EURAUD,2013-02-19 15:45:00+00:00,2013-02-19 16:00:00+00:00,2013-02-19 16:00:00+00:00,-1,-1.0000000000000637,SL,False
S2-16,london_fix_momentum,EURAUD,2013-02-20 15:00:00+00:00,2013-02-20 15:15:00+00:00,2013-02-20 15:45:00+00:00,1,-1.0,SL,False
S2-16,london_fix_momentum,EURAUD,2013-02-21 15:15:00+00:00,2013-02-21 15:30:00+00:00,2013-02-21 15:45:00+00:00,-1,-0.9999999999999533,SL,False
S2-16,london_fix_momentum,EURAUD,2013-02-22 15:00:00+00:00,2013-02-22 15:15:00+00:00,2013-02-22 15:15:00+00:00,-1,-1.0,SL,False
S2-16,london_fix_momentum,EURAUD,2013-02-22 15:30:00+00:00,2013-02-22 15:45:00+00:00,2013-02-22 16:00:00+00:00,-1,-1.4344767299137213,FRIDAY,False
S2-16,london_fix_momentum,EURAUD,2013-02-25 15:00:00+00:00,2013-02-25 15:15:00+00:00,2013-02-25 15:15:00+00:00,1,-1.0000000000000242,SL,False
S2-16,london_fix_momentum,EURAUD,2013-02-27 15:00:00+00:00,2013-02-27 15:15:00+00:00,2013-02-27 15:45:00+00:00,1,-1.0000000000000233,SL,False
S2-16,london_fix_momentum,EURAUD,2013-03-01 15:15:00+00:00,2013-03-01 15:30:00+00:00,2013-03-01 16:00:00+00:00,-1,0.530542038168022,FRIDAY,False
S2-16,london_fix_momentum,EURAUD,2013-03-04 15:00:00+00:00,2013-03-04 15:15:00+00:00,2013-03-04 15:45:00+00:00,1,-1.0000000000000875,SL,False
S2-16,london_fix_momentum,EURAUD,2013-03-05 15:00:00+00:00,2013-03-05 15:15:00+00:00,2013-03-05 16:45:00+00:00,-1,1.2500000000000662,TP,False
S2-16,london_fix_momentum,EURAUD,2013-03-06 15:30:00+00:00,2013-03-06 15:45:00+00:00,2013-03-06 16:15:00+00:00,-1,-1.0000000000000848,SL,False
S2-16,london_fix_momentum,EURAUD,2013-03-11 15:15:00+00:00,2013-03-11 15:30:00+00:00,2013-03-11 17:00:00+00:00,-1,-1.0000000000000322,SL,False
S2-16,london_fix_momentum,EURAUD,2013-03-12 15:00:00+00:00,2013-03-12 15:15:00+00:00,2013-03-12 16:00:00+00:00,-1,-0.9999999999999502,SL,False
S2-16,london_fix_momentum,EURAUD,2013-03-13 15:45:00+00:00,2013-03-13 16:00:00+00:00,2013-03-13 19:45:00+00:00,-1,0.5930607960509519,TIME,False
S2-16,london_fix_momentum,EURAUD,2013-03-14 15:15:00+00:00,2013-03-14 15:30:00+00:00,2013-03-14 16:45:00+00:00,-1,-0.9999999999999728,SL,False
S2-16,london_fix_momentum,EURAUD,2013-03-15 15:00:00+00:00,2013-03-15 15:15:00+00:00,2013-03-15 15:45:00+00:00,1,-1.0000000000000664,SL,False
S2-16,london_fix_momentum,EURAUD,2013-03-18 15:00:00+00:00,2013-03-18 15:15:00+00:00,2013-03-18 16:00:00+00:00,-1,-1.0,SL,False
S2-16,london_fix_momentum,EURAUD,2013-03-21 15:45:00+00:00,2013-03-21 16:00:00+00:00,2013-03-21 16:15:00+00:00,-1,1.2499999999999787,TP,False
S2-16,london_fix_momentum,EURAUD,2013-03-25 15:45:00+00:00,2013-03-25 16:00:00+00:00,2013-03-25 16:30:00+00:00,-1,1.2500000000000204,TP,False
S2-16,london_fix_momentum,EURAUD,2013-03-26 15:15:00+00:00,2013-03-26 15:30:00+00:00,2013-03-26 19:15:00+00:00,-1,0.3712261388314441,TIME,False
S2-16,london_fix_momentum,EURAUD,2013-03-27 15:15:00+00:00,2013-03-27 15:30:00+00:00,2013-03-27 15:45:00+00:00,-1,1.2499999999999707,TP,False
S2-16,london_fix_momentum,EURAUD,2013-03-29 15:30:00+00:00,2013-03-29 15:45:00+00:00,2013-03-29 16:00:00+00:00,1,-1.160632437660317,FRIDAY,False
S2-16,london_fix_momentum,EURAUD,2013-04-01 15:00:00+00:00,2013-04-01 15:15:00+00:00,2013-04-01 15:15:00+00:00,1,-1.000000000000032,SL,False
S2-16,london_fix_momentum,EURAUD,2013-04-01 15:15:00+00:00,2013-04-01 15:30:00+00:00,2013-04-01 16:15:00+00:00,1,-0.9999999999999107,SL,False
S2-16,london_fix_momentum,EURAUD,2013-04-02 15:00:00+00:00,2013-04-02 15:15:00+00:00,2013-04-02 19:00:00+00:00,-1,0.5781722532457485,TIME,False
S2-16,london_fix_momentum,EURAUD,2013-04-04 15:00:00+00:00,2013-04-04 15:15:00+00:00,2013-04-04 16:45:00+00:00,1,1.25,TP,False
S2-16,london_fix_momentum,EURAUD,2013-04-05 15:00:00+00:00,2013-04-05 15:15:00+00:00,2013-04-05 16:00:00+00:00,1,-0.4751634404480505,FRIDAY,False
S2-16,london_fix_momentum,EURAUD,2013-04-08 15:30:00+00:00,2013-04-08 15:45:00+00:00,2013-04-08 18:15:00+00:00,1,-1.0,SL,False
S2-16,london_fix_momentum,EURAUD,2013-04-09 15:30:00+00:00,2013-04-09 15:45:00+00:00,2013-04-09 16:00:00+00:00,-1,-1.0000000000000244,SL,False
S2-16,london_fix_momentum,EURAUD,2013-04-10 15:00:00+00:00,2013-04-10 15:15:00+00:00,2013-04-10 19:00:00+00:00,-1,0.4856254342144441,TIME,False
S2-16,london_fix_momentum,EURAUD,2013-04-15 15:00:00+00:00,2013-04-15 15:15:00+00:00,2013-04-15 15:30:00+00:00,1,-1.000000000000049,SL,False
S2-16,london_fix_momentum,EURAUD,2013-04-15 15:45:00+00:00,2013-04-15 16:00:00+00:00,2013-04-15 17:45:00+00:00,1,1.249999999999925,TP,False
S2-16,london_fix_momentum,EURAUD,2013-04-16 15:15:00+00:00,2013-04-16 15:30:00+00:00,2013-04-16 15:45:00+00:00,1,-0.9999999999999594,SL,False
S2-16,london_fix_momentum,EURAUD,2013-04-16 15:45:00+00:00,2013-04-16 16:00:00+00:00,2013-04-16 16:00:00+00:00,1,1.2500000000000444,TP,False
S2-16,london_fix_momentum,EURAUD,2013-04-18 15:30:00+00:00,2013-04-18 15:45:00+00:00,2013-04-18 16:00:00+00:00,1,1.2499999999999782,TP,False
S2-16,london_fix_momentum,EURAUD,2013-04-19 15:30:00+00:00,2013-04-19 15:45:00+00:00,2013-04-19 16:00:00+00:00,1,-0.3434885043464132,FRIDAY,False
S2-16,london_fix_momentum,EURAUD,2013-04-22 15:15:00+00:00,2013-04-22 15:30:00+00:00,2013-04-22 19:15:00+00:00,1,0.711342287954433,TIME,False
S2-16,london_fix_momentum,EURAUD,2013-04-23 15:00:00+00:00,2013-04-23 15:15:00+00:00,2013-04-23 15:30:00+00:00,-1,-1.0,SL,False
S2-16,london_fix_momentum,EURAUD,2013-04-23 15:45:00+00:00,2013-04-23 16:00:00+00:00,2013-04-23 17:00:00+00:00,-1,-0.9999999999999486,SL,False
S2-16,london_fix_momentum,EURAUD,2013-04-24 15:15:00+00:00,2013-04-24 15:30:00+00:00,2013-04-24 16:15:00+00:00,-1,-1.0000000000000213,SL,False
S2-16,london_fix_momentum,EURAUD,2013-04-25 15:15:00+00:00,2013-04-25 15:30:00+00:00,2013-04-25 16:30:00+00:00,-1,-0.9999999999999546,SL,False
S2-16,london_fix_momentum,EURAUD,2013-04-29 15:00:00+00:00,2013-04-29 15:15:00+00:00,2013-04-29 18:00:00+00:00,-1,1.2500000000000635,TP,False
S2-16,london_fix_momentum,EURAUD,2013-05-01 15:00:00+00:00,2013-05-01 15:15:00+00:00,2013-05-01 18:00:00+00:00,1,-0.9999999999999595,SL,False
S2-16,london_fix_momentum,EURAUD,2013-05-03 15:00:00+00:00,2013-05-03 15:15:00+00:00,2013-05-03 16:00:00+00:00,-1,0.13162356277550014,FRIDAY,False
S2-16,london_fix_momentum,EURAUD,2013-05-07 15:30:00+00:00,2013-05-07 15:45:00+00:00,2013-05-07 16:45:00+00:00,1,-0.999999999999969,SL,False
S2-16,london_fix_momentum,EURAUD,2013-05-08 15:00:00+00:00,2013-05-08 15:15:00+00:00,2013-05-08 19:00:00+00:00,1,0.35050495000248744,TIME,False
S2-16,london_fix_momentum,EURAUD,2013-05-10 15:00:00+00:00,2013-05-10 15:15:00+00:00,2013-05-10 15:30:00+00:00,1,-1.0,SL,False
S2-16,london_fix_momentum,EURAUD,2013-05-10 15:45:00+00:00,2013-05-10 16:00:00+00:00,2013-05-10 16:00:00+00:00,1,-0.7890505173732204,FRIDAY,False
S2-16,london_fix_momentum,EURAUD,2013-05-13 15:00:00+00:00,2013-05-13 15:15:00+00:00,2013-05-13 15:15:00+00:00,1,-1.0000000000000209,SL,False
S2-16,london_fix_momentum,EURAUD,2013-05-13 15:30:00+00:00,2013-05-13 15:45:00+00:00,2013-05-13 17:15:00+00:00,1,1.249999999999979,TP,False
S2-16,london_fix_momentum,EURAUD,2013-05-14 15:00:00+00:00,2013-05-14 15:15:00+00:00,2013-05-14 15:30:00+00:00,1,1.2500000000000215,TP,False
S2-16,london_fix_momentum,EURAUD,2013-05-14 15:30:00+00:00,2013-05-14 15:45:00+00:00,2013-05-14 15:45:00+00:00,1,-0.9999999999999777,SL,False
S2-16,london_fix_momentum,EURAUD,2013-05-16 15:30:00+00:00,2013-05-16 15:45:00+00:00,2013-05-16 16:15:00+00:00,1,1.2499999999999818,TP,False
S2-16,london_fix_momentum,EURAUD,2013-05-17 15:00:00+00:00,2013-05-17 15:15:00+00:00,2013-05-17 16:00:00+00:00,1,-0.04589603283173735,FRIDAY,False
S2-16,london_fix_momentum,EURAUD,2013-05-24 15:15:00+00:00,2013-05-24 15:30:00+00:00,2013-05-24 16:00:00+00:00,1,-0.4459602889021202,FRIDAY,False
S2-16,london_fix_momentum,EURAUD,2013-05-27 15:00:00+00:00,2013-05-27 15:15:00+00:00,2013-05-27 15:15:00+00:00,1,-1.0000000000000573,SL,False
S2-16,london_fix_momentum,EURAUD,2013-05-27 15:30:00+00:00,2013-05-27 15:45:00+00:00,2013-05-27 16:15:00+00:00,1,-1.000000000000029,SL,False
S2-16,london_fix_momentum,EURAUD,2013-05-28 15:00:00+00:00,2013-05-28 15:15:00+00:00,2013-05-28 16:15:00+00:00,-1,1.2500000000000604,TP,False
S2-16,london_fix_momentum,EURAUD,2013-05-29 15:45:00+00:00,2013-05-29 16:00:00+00:00,2013-05-29 17:45:00+00:00,1,-1.0000000000000369,SL,False
S2-16,london_fix_momentum,EURAUD,2013-05-30 15:00:00+00:00,2013-05-30 15:15:00+00:00,2013-05-30 16:30:00+00:00,1,1.2500000000000147,TP,False
S2-16,london_fix_momentum,EURAUD,2013-06-03 15:15:00+00:00,2013-06-03 15:30:00+00:00,2013-06-03 15:45:00+00:00,-1,1.2499999999999833,TP,False
S2-16,london_fix_momentum,EURAUD,2013-06-03 15:45:00+00:00,2013-06-03 16:00:00+00:00,2013-06-03 17:45:00+00:00,-1,1.2500000000000302,TP,False
S2-16,london_fix_momentum,EURAUD,2013-06-04 15:00:00+00:00,2013-06-04 15:15:00+00:00,2013-06-04 17:45:00+00:00,1,1.250000000000019,TP,False
S2-16,london_fix_momentum,EURAUD,2013-06-05 15:00:00+00:00,2013-06-05 15:15:00+00:00,2013-06-05 19:00:00+00:00,1,-0.6024632385405585,TIME,False
S2-16,london_fix_momentum,EURAUD,2013-06-06 15:00:00+00:00,2013-06-06 15:15:00+00:00,2013-06-06 15:45:00+00:00,1,-0.9999999999999699,SL,False
S2-16,london_fix_momentum,EURAUD,2013-06-07 15:00:00+00:00,2013-06-07 15:15:00+00:00,2013-06-07 16:00:00+00:00,1,-0.5039939300227182,FRIDAY,False
S2-16,london_fix_momentum,EURAUD,2013-06-11 15:30:00+00:00,2013-06-11 15:45:00+00:00,2013-06-11 18:00:00+00:00,1,1.2499999999999796,TP,False
S2-16,london_fix_momentum,EURAUD,2013-06-13 15:30:00+00:00,2013-06-13 15:45:00+00:00,2013-06-13 17:15:00+00:00,-1,-1.0,SL,False
S2-16,london_fix_momentum,EURAUD,2013-06-14 15:45:00+00:00,2013-06-14 16:00:00+00:00,2013-06-14 16:00:00+00:00,-1,0.5181793551882958,FRIDAY,False
S2-16,london_fix_momentum,EURAUD,2013-06-18 15:30:00+00:00,2013-06-18 15:45:00+00:00,2013-06-18 16:15:00+00:00,1,-0.999999999999972,SL,False
S2-16,london_fix_momentum,EURAUD,2013-06-20 15:00:00+00:00,2013-06-20 15:15:00+00:00,2013-06-20 17:30:00+00:00,1,1.250000000000012,TP,False
S2-16,london_fix_momentum,EURAUD,2013-06-24 15:45:00+00:00,2013-06-24 16:00:00+00:00,2013-06-24 17:15:00+00:00,-1,1.2500000000000309,TP,False
S2-16,london_fix_momentum,EURAUD,2013-06-25 15:30:00+00:00,2013-06-25 15:45:00+00:00,2013-06-25 16:15:00+00:00,-1,1.250000000000045,TP,False
S2-16,london_fix_momentum,EURAUD,2013-06-28 15:15:00+00:00,2013-06-28 15:30:00+00:00,2013-06-28 16:00:00+00:00,1,0.43802405732442956,FRIDAY,False
S2-16,london_fix_momentum,EURAUD,2013-07-01 15:30:00+00:00,2013-07-01 15:45:00+00:00,2013-07-01 19:30:00+00:00,-1,-0.6820430746719099,TIME,False
S2-16,london_fix_momentum,EURAUD,2013-07-02 15:00:00+00:00,2013-07-02 15:15:00+00:00,2013-07-02 15:15:00+00:00,1,-0.9999999999999808,SL,False
S2-16,london_fix_momentum,EURAUD,2013-07-02 15:30:00+00:00,2013-07-02 15:45:00+00:00,2013-07-02 16:15:00+00:00,1,1.2500000000000202,TP,False
S2-16,london_fix_momentum,EURAUD,2013-07-03 15:00:00+00:00,2013-07-03 15:15:00+00:00,2013-07-03 16:15:00+00:00,1,-0.9999999999999636,SL,False
S2-16,london_fix_momentum,EURAUD,2013-07-04 15:30:00+00:00,2013-07-04 15:45:00+00:00,2013-07-04 18:45:00+00:00,-1,-1.0,SL,False
S2-16,london_fix_momentum,EURAUD,2013-07-08 15:15:00+00:00,2013-07-08 15:30:00+00:00,2013-07-08 15:30:00+00:00,-1,-1.0000000000000415,SL,False
S2-16,london_fix_momentum,EURAUD,2013-07-09 15:00:00+00:00,2013-07-09 15:15:00+00:00,2013-07-09 17:30:00+00:00,-1,1.2500000000000269,TP,False
S2-16,london_fix_momentum,EURAUD,2013-07-11 15:00:00+00:00,2013-07-11 15:15:00+00:00,2013-07-11 18:15:00+00:00,1,-1.0000000000000204,SL,False
S2-16,london_fix_momentum,EURAUD,2013-07-12 15:30:00+00:00,2013-07-12 15:45:00+00:00,2013-07-12 16:00:00+00:00,1,0.6549376072292495,FRIDAY,False
S2-16,london_fix_momentum,EURAUD,2013-07-15 15:00:00+00:00,2013-07-15 15:15:00+00:00,2013-07-15 16:00:00+00:00,-1,-0.9999999999999687,SL,False
S2-16,london_fix_momentum,EURAUD,2013-07-16 15:15:00+00:00,2013-07-16 15:30:00+00:00,2013-07-16 16:45:00+00:00,-1,1.249999999999969,TP,False
S2-16,london_fix_momentum,EURAUD,2013-07-17 15:00:00+00:00,2013-07-17 15:15:00+00:00,2013-07-17 15:45:00+00:00,-1,-1.0000000000000342,SL,False
S2-16,london_fix_momentum,EURAUD,2013-07-18 15:15:00+00:00,2013-07-18 15:30:00+00:00,2013-07-18 19:15:00+00:00,1,0.4133104724089699,TIME,False
S2-16,london_fix_momentum,EURAUD,2013-07-22 15:00:00+00:00,2013-07-22 15:15:00+00:00,2013-07-22 16:30:00+00:00,-1,1.25,TP,False
S2-16,london_fix_momentum,EURAUD,2013-07-24 15:00:00+00:00,2013-07-24 15:15:00+00:00,2013-07-24 15:30:00+00:00,1,1.2499999999999452,TP,False
S2-16,london_fix_momentum,EURAUD,2013-07-24 15:45:00+00:00,2013-07-24 16:00:00+00:00,2013-07-24 16:00:00+00:00,1,-0.9999999999999822,SL,False
S2-16,london_fix_momentum,EURAUD,2013-07-29 15:00:00+00:00,2013-07-29 15:15:00+00:00,2013-07-29 15:30:00+00:00,1,-0.9999999999999365,SL,False
S2-16,london_fix_momentum,EURAUD,2013-07-29 15:45:00+00:00,2013-07-29 16:00:00+00:00,2013-07-29 17:30:00+00:00,1,1.249999999999937,TP,False
S2-16,london_fix_momentum,EURAUD,2013-07-30 15:00:00+00:00,2013-07-30 15:15:00+00:00,2013-07-30 15:45:00+00:00,1,1.2499999999999436,TP,False
S2-16,london_fix_momentum,EURAUD,2013-07-31 15:00:00+00:00,2013-07-31 15:15:00+00:00,2013-07-31 15:45:00+00:00,1,1.2500000000000457,TP,False
S2-16,london_fix_momentum,EURAUD,2013-07-31 15:45:00+00:00,2013-07-31 16:00:00+00:00,2013-07-31 16:00:00+00:00,1,-0.9999999999999475,SL,False
S2-16,london_fix_momentum,EURAUD,2013-08-01 15:30:00+00:00,2013-08-01 15:45:00+00:00,2013-08-01 16:15:00+00:00,1,-1.000000000000035,SL,False
S2-16,london_fix_momentum,EURAUD,2013-08-02 15:45:00+00:00,2013-08-02 16:00:00+00:00,2013-08-02 16:00:00+00:00,1,-0.2159618572676455,FRIDAY,False
S2-16,london_fix_momentum,EURAUD,2013-08-06 15:30:00+00:00,2013-08-06 15:45:00+00:00,2013-08-06 16:00:00+00:00,-1,1.2499999999999656,TP,False
S2-16,london_fix_momentum,EURAUD,2013-08-07 15:15:00+00:00,2013-08-07 15:30:00+00:00,2013-08-07 17:00:00+00:00,-1,-1.0000000000000155,SL,False
S2-16,london_fix_momentum,EURAUD,2013-08-08 15:30:00+00:00,2013-08-08 15:45:00+00:00,2013-08-08 16:15:00+00:00,-1,1.2499999999999651,TP,False
S2-16,london_fix_momentum,EURAUD,2013-08-09 15:15:00+00:00,2013-08-09 15:30:00+00:00,2013-08-09 16:00:00+00:00,-1,0.13010232351963355,FRIDAY,False
S2-16,london_fix_momentum,EURAUD,2013-08-12 15:45:00+00:00,2013-08-12 16:00:00+00:00,2013-08-12 16:15:00+00:00,-1,-0.9999999999999213,SL,False
S2-16,london_fix_momentum,EURAUD,2013-08-13 15:00:00+00:00,2013-08-13 15:15:00+00:00,2013-08-13 15:15:00+00:00,1,-1.0000000000000149,SL,False
S2-16,london_fix_momentum,EURAUD,2013-08-13 15:30:00+00:00,2013-08-13 15:45:00+00:00,2013-08-13 19:30:00+00:00,1,-0.1775283685744404,TIME,False
S2-16,london_fix_momentum,EURAUD,2013-08-14 15:00:00+00:00,2013-08-14 15:15:00+00:00,2013-08-14 16:15:00+00:00,-1,-1.0000000000000642,SL,False
S2-16,london_fix_momentum,EURAUD,2013-08-16 15:00:00+00:00,2013-08-16 15:15:00+00:00,2013-08-16 16:00:00+00:00,-1,-0.7323110255394881,FRIDAY,False
S2-16,london_fix_momentum,EURAUD,2013-08-19 15:00:00+00:00,2013-08-19 15:15:00+00:00,2013-08-19 15:45:00+00:00,1,1.249999999999951,TP,False
S2-16,london_fix_momentum,EURAUD,2013-08-19 15:45:00+00:00,2013-08-19 16:00:00+00:00,2013-08-19 16:30:00+00:00,1,1.2500000000000249,TP,False
S2-16,london_fix_momentum,EURAUD,2013-08-20 15:00:00+00:00,2013-08-20 15:15:00+00:00,2013-08-20 15:45:00+00:00,1,-1.0,SL,False
S2-16,london_fix_momentum,EURAUD,2013-08-21 15:15:00+00:00,2013-08-21 15:30:00+00:00,2013-08-21 16:00:00+00:00,1,-0.9999999999999617,SL,False
S2-16,london_fix_momentum,EURAUD,2013-08-23 15:15:00+00:00,2013-08-23 15:30:00+00:00,2013-08-23 15:45:00+00:00,1,-0.9999999999999586,SL,False
S2-16,london_fix_momentum,EURAUD,2013-08-26 15:30:00+00:00,2013-08-26 15:45:00+00:00,2013-08-26 16:15:00+00:00,-1,-0.9999999999999437,SL,False
S2-16,london_fix_momentum,EURAUD,2013-08-27 15:30:00+00:00,2013-08-27 15:45:00+00:00,2013-08-27 17:15:00+00:00,1,-0.9999999999999812,SL,False
S2-16,london_fix_momentum,EURAUD,2013-08-29 15:00:00+00:00,2013-08-29 15:15:00+00:00,2013-08-29 16:00:00+00:00,-1,-0.9999999999999658,SL,False
S2-16,london_fix_momentum,EURAUD,2013-08-30 15:00:00+00:00,2013-08-30 15:15:00+00:00,2013-08-30 15:15:00+00:00,-1,-0.9999999999999797,SL,False
S2-16,london_fix_momentum,EURAUD,2013-08-30 15:30:00+00:00,2013-08-30 15:45:00+00:00,2013-08-30 16:00:00+00:00,-1,-0.41823583496760686,FRIDAY,False
S2-16,london_fix_momentum,EURAUD,2013-09-02 15:30:00+00:00,2013-09-02 15:45:00+00:00,2013-09-02 15:45:00+00:00,-1,-0.9999999999999069,SL,False
S2-16,london_fix_momentum,EURAUD,2013-09-03 15:00:00+00:00,2013-09-03 15:15:00+00:00,2013-09-03 15:15:00+00:00,-1,-0.9999999999999646,SL,False
S2-16,london_fix_momentum,EURAUD,2013-09-04 15:00:00+00:00,2013-09-04 15:15:00+00:00,2013-09-04 15:30:00+00:00,-1,-1.0000000000000575,SL,False
S2-16,london_fix_momentum,EURAUD,2013-09-04 15:30:00+00:00,2013-09-04 15:45:00+00:00,2013-09-04 16:30:00+00:00,-1,-1.0,SL,False
S2-16,london_fix_momentum,EURAUD,2013-09-05 15:00:00+00:00,2013-09-05 15:15:00+00:00,2013-09-05 17:45:00+00:00,-1,-1.0000000000000235,SL,False
S2-16,london_fix_momentum,EURAUD,2013-09-06 15:30:00+00:00,2013-09-06 15:45:00+00:00,2013-09-06 16:00:00+00:00,-1,0.07425099223771557,FRIDAY,False
S2-16,london_fix_momentum,EURAUD,2013-09-10 15:15:00+00:00,2013-09-10 15:30:00+00:00,2013-09-10 15:45:00+00:00,-1,-0.9999999999999535,SL,False
S2-16,london_fix_momentum,EURAUD,2013-09-12 15:00:00+00:00,2013-09-12 15:15:00+00:00,2013-09-12 16:15:00+00:00,1,1.2500000000000417,TP,False
S2-16,london_fix_momentum,EURAUD,2013-09-16 15:15:00+00:00,2013-09-16 15:30:00+00:00,2013-09-16 15:45:00+00:00,-1,-0.99999999999997,SL,False
S2-16,london_fix_momentum,EURAUD,2013-09-17 15:15:00+00:00,2013-09-17 15:30:00+00:00,2013-09-17 16:30:00+00:00,-1,-0.9999999999999724,SL,False
S2-16,london_fix_momentum,EURAUD,2013-09-20 15:15:00+00:00,2013-09-20 15:30:00+00:00,2013-09-20 16:00:00+00:00,1,-0.029688722829517053,FRIDAY,False
S2-16,london_fix_momentum,EURAUD,2013-09-23 15:00:00+00:00,2013-09-23 15:15:00+00:00,2013-09-23 16:45:00+00:00,-1,-1.0000000000000588,SL,False
S2-16,london_fix_momentum,EURAUD,2013-09-25 15:15:00+00:00,2013-09-25 15:30:00+00:00,2013-09-25 15:45:00+00:00,1,-0.9999999999999764,SL,False
S2-16,london_fix_momentum,EURAUD,2013-09-25 15:45:00+00:00,2013-09-25 16:00:00+00:00,2013-09-25 17:30:00+00:00,1,1.250000000000047,TP,False
S2-16,london_fix_momentum,EURAUD,2013-09-27 15:15:00+00:00,2013-09-27 15:30:00+00:00,2013-09-27 15:30:00+00:00,1,-0.99999999999993,SL,False
S2-16,london_fix_momentum,EURAUD,2013-09-30 15:15:00+00:00,2013-09-30 15:30:00+00:00,2013-09-30 16:00:00+00:00,-1,-1.0000000000000573,SL,False
S2-16,london_fix_momentum,EURAUD,2013-10-01 15:00:00+00:00,2013-10-01 15:15:00+00:00,2013-10-01 15:15:00+00:00,-1,-0.9999999999999619,SL,False
S2-16,london_fix_momentum,EURAUD,2013-10-01 15:30:00+00:00,2013-10-01 15:45:00+00:00,2013-10-01 19:30:00+00:00,-1,0.5440545186893279,TIME,False
S2-16,london_fix_momentum,EURAUD,2013-10-02 15:00:00+00:00,2013-10-02 15:15:00+00:00,2013-10-02 16:30:00+00:00,1,-1.0000000000000158,SL,False
S2-16,london_fix_momentum,EURAUD,2013-10-03 15:15:00+00:00,2013-10-03 15:30:00+00:00,2013-10-03 16:30:00+00:00,1,-1.0000000000000373,SL,False
S2-16,london_fix_momentum,EURAUD,2013-10-04 15:30:00+00:00,2013-10-04 15:45:00+00:00,2013-10-04 16:00:00+00:00,-1,1.766244652917319,FRIDAY,False
S2-16,london_fix_momentum,EURAUD,2013-10-09 15:45:00+00:00,2013-10-09 16:00:00+00:00,2013-10-09 16:45:00+00:00,-1,-1.000000000000022,SL,False
S2-16,london_fix_momentum,EURAUD,2013-10-10 15:15:00+00:00,2013-10-10 15:30:00+00:00,2013-10-10 19:15:00+00:00,-1,-0.59745192688138,TIME,False
S2-16,london_fix_momentum,EURAUD,2013-10-14 15:00:00+00:00,2013-10-14 15:15:00+00:00,2013-10-14 15:30:00+00:00,1,-1.000000000000068,SL,False
S2-16,london_fix_momentum,EURAUD,2013-10-15 15:00:00+00:00,2013-10-15 15:15:00+00:00,2013-10-15 16:00:00+00:00,-1,-1.0000000000000464,SL,False
S2-16,london_fix_momentum,EURAUD,2013-10-16 15:30:00+00:00,2013-10-16 15:45:00+00:00,2013-10-16 16:15:00+00:00,-1,-1.0,SL,False
S2-16,london_fix_momentum,EURAUD,2013-10-17 15:00:00+00:00,2013-10-17 15:15:00+00:00,2013-10-17 17:15:00+00:00,-1,-0.9999999999999236,SL,False
S2-16,london_fix_momentum,EURAUD,2013-10-18 15:00:00+00:00,2013-10-18 15:15:00+00:00,2013-10-18 16:00:00+00:00,-1,0.9746267192793173,FRIDAY,False
S2-16,london_fix_momentum,EURAUD,2013-10-21 15:00:00+00:00,2013-10-21 15:15:00+00:00,2013-10-21 15:45:00+00:00,-1,-1.0000000000000921,SL,False
S2-16,london_fix_momentum,EURAUD,2013-10-22 15:00:00+00:00,2013-10-22 15:15:00+00:00,2013-10-22 19:00:00+00:00,1,0.13924662531922655,TIME,False
S2-16,london_fix_momentum,EURAUD,2013-10-23 15:00:00+00:00,2013-10-23 15:15:00+00:00,2013-10-23 15:15:00+00:00,1,-1.0000000000000573,SL,False
S2-16,london_fix_momentum,EURAUD,2013-10-23 15:45:00+00:00,2013-10-23 16:00:00+00:00,2013-10-23 16:45:00+00:00,1,1.25,TP,False
S2-16,london_fix_momentum,EURAUD,2013-10-24 15:30:00+00:00,2013-10-24 15:45:00+00:00,2013-10-24 16:00:00+00:00,1,-1.0000000000000662,SL,False
S2-16,london_fix_momentum,EURAUD,2013-10-25 15:00:00+00:00,2013-10-25 15:15:00+00:00,2013-10-25 16:00:00+00:00,1,1.0400119060907096,FRIDAY,False
S2-16,london_fix_momentum,EURAUD,2013-10-29 15:00:00+00:00,2013-10-29 15:15:00+00:00,2013-10-29 15:30:00+00:00,1,-0.9999999999999304,SL,False
S2-16,london_fix_momentum,EURAUD,2013-10-30 15:00:00+00:00,2013-10-30 15:15:00+00:00,2013-10-30 16:30:00+00:00,1,-1.0000000000000884,SL,False
S2-16,london_fix_momentum,EURAUD,2013-10-31 15:00:00+00:00,2013-10-31 15:15:00+00:00,2013-10-31 15:30:00+00:00,-1,-0.9999999999999555,SL,False
S2-16,london_fix_momentum,EURAUD,2013-10-31 15:45:00+00:00,2013-10-31 16:00:00+00:00,2013-10-31 16:45:00+00:00,-1,-0.999999999999943,SL,False
S2-16,london_fix_momentum,EURAUD,2013-11-01 15:00:00+00:00,2013-11-01 15:15:00+00:00,2013-11-01 16:00:00+00:00,-1,0.007734343279707665,FRIDAY,False
S2-16,london_fix_momentum,EURAUD,2013-11-04 15:15:00+00:00,2013-11-04 15:30:00+00:00,2013-11-04 17:00:00+00:00,-1,1.250000000000066,TP,False
S2-16,london_fix_momentum,EURAUD,2013-11-05 15:00:00+00:00,2013-11-05 15:15:00+00:00,2013-11-05 15:45:00+00:00,-1,-1.0000000000000477,SL,False
S2-16,london_fix_momentum,EURAUD,2013-11-07 15:30:00+00:00,2013-11-07 15:45:00+00:00,2013-11-07 16:15:00+00:00,-1,-1.0000000000000098,SL,False
S2-16,london_fix_momentum,EURAUD,2013-11-11 15:15:00+00:00,2013-11-11 15:30:00+00:00,2013-11-11 16:00:00+00:00,1,1.249999999999967,TP,False
S2-16,london_fix_momentum,EURAUD,2013-11-12 15:00:00+00:00,2013-11-12 15:15:00+00:00,2013-11-12 16:45:00+00:00,1,1.2500000000000675,TP,False
S2-16,london_fix_momentum,EURAUD,2013-11-14 15:00:00+00:00,2013-11-14 15:15:00+00:00,2013-11-14 15:15:00+00:00,1,-1.0000000000000813,SL,False
S2-16,london_fix_momentum,EURAUD,2013-11-19 15:30:00+00:00,2013-11-19 15:45:00+00:00,2013-11-19 16:00:00+00:00,-1,-1.0000000000000757,SL,False
S2-16,london_fix_momentum,EURAUD,2013-11-21 15:00:00+00:00,2013-11-21 15:15:00+00:00,2013-11-21 18:15:00+00:00,1,1.2500000000000642,TP,False
S2-16,london_fix_momentum,EURAUD,2013-11-22 15:15:00+00:00,2013-11-22 15:30:00+00:00,2013-11-22 16:00:00+00:00,1,0.2961034376241119,FRIDAY,False
S2-16,london_fix_momentum,EURAUD,2013-11-26 15:15:00+00:00,2013-11-26 15:30:00+00:00,2013-11-26 15:45:00+00:00,1,-1.0000000000000207,SL,False
S2-16,london_fix_momentum,EURAUD,2013-11-27 15:00:00+00:00,2013-11-27 15:15:00+00:00,2013-11-27 15:30:00+00:00,1,-0.9999999999999464,SL,False
S2-16,london_fix_momentum,EURAUD,2013-11-28 15:15:00+00:00,2013-11-28 15:30:00+00:00,2013-11-28 15:45:00+00:00,1,-1.0,SL,False
S2-16,london_fix_momentum,EURAUD,2013-12-02 15:30:00+00:00,2013-12-02 15:45:00+00:00,2013-12-02 16:00:00+00:00,-1,-0.9999999999999349,SL,False
S2-16,london_fix_momentum,EURAUD,2013-12-03 15:15:00+00:00,2013-12-03 15:30:00+00:00,2013-12-03 16:15:00+00:00,-1,-0.9999999999999288,SL,False
S2-16,london_fix_momentum,EURAUD,2013-12-04 15:15:00+00:00,2013-12-04 15:30:00+00:00,2013-12-04 16:45:00+00:00,1,1.250000000000038,TP,False
S2-16,london_fix_momentum,EURAUD,2013-12-05 15:30:00+00:00,2013-12-05 15:45:00+00:00,2013-12-05 16:00:00+00:00,1,-1.0000000000000115,SL,False
S2-16,london_fix_momentum,EURAUD,2013-12-09 15:00:00+00:00,2013-12-09 15:15:00+00:00,2013-12-09 15:30:00+00:00,1,1.2500000000000548,TP,False
S2-16,london_fix_momentum,EURAUD,2013-12-09 15:30:00+00:00,2013-12-09 15:45:00+00:00,2013-12-09 15:45:00+00:00,1,-1.0000000000000266,SL,False
S2-16,london_fix_momentum,EURAUD,2013-12-11 15:00:00+00:00,2013-12-11 15:15:00+00:00,2013-12-11 18:45:00+00:00,1,-1.0000000000000362,SL,False
S2-16,london_fix_momentum,EURAUD,2013-12-12 15:00:00+00:00,2013-12-12 15:15:00+00:00,2013-12-12 18:15:00+00:00,1,-1.0,SL,False
S2-16,london_fix_momentum,EURAUD,2013-12-17 15:15:00+00:00,2013-12-17 15:30:00+00:00,2013-12-17 17:15:00+00:00,1,-1.0000000000000389,SL,False
S2-16,london_fix_momentum,EURAUD,2013-12-18 15:15:00+00:00,2013-12-18 15:30:00+00:00,2013-12-18 15:45:00+00:00,1,1.2500000000000235,TP,False
S2-16,london_fix_momentum,EURAUD,2013-12-18 15:45:00+00:00,2013-12-18 16:00:00+00:00,2013-12-18 16:00:00+00:00,1,-0.9999999999999617,SL,False
S2-16,london_fix_momentum,EURAUD,2013-12-20 15:00:00+00:00,2013-12-20 15:15:00+00:00,2013-12-20 15:45:00+00:00,-1,1.25,TP,False
S2-16,london_fix_momentum,EURAUD,2013-12-20 15:45:00+00:00,2013-12-20 16:00:00+00:00,2013-12-20 16:00:00+00:00,-1,0.6263669951218374,FRIDAY,False
S2-16,london_fix_momentum,EURAUD,2013-12-26 15:00:00+00:00,2013-12-26 15:15:00+00:00,2013-12-26 15:30:00+00:00,1,1.25,TP,False
S2-16,london_fix_momentum,EURAUD,2013-12-26 15:30:00+00:00,2013-12-26 15:45:00+00:00,2013-12-26 15:45:00+00:00,1,-1.0000000000001084,SL,False
S2-16,london_fix_momentum,EURAUD,2013-12-27 15:00:00+00:00,2013-12-27 15:15:00+00:00,2013-12-27 15:45:00+00:00,1,1.2500000000000164,TP,False
S2-16,london_fix_momentum,EURAUD,2013-12-31 15:15:00+00:00,2013-12-31 15:30:00+00:00,2013-12-31 15:30:00+00:00,-1,-1.0,SL,False
S2-16,london_fix_momentum,EURAUD,2013-12-31 15:45:00+00:00,2013-12-31 16:00:00+00:00,2013-12-31 16:30:00+00:00,-1,-1.0000000000000169,SL,False
S2-16,london_fix_momentum,EURAUD,2014-01-02 15:00:00+00:00,2014-01-02 15:15:00+00:00,2014-01-02 15:15:00+00:00,-1,1.2499999999999705,TP,False
S2-16,london_fix_momentum,EURAUD,2014-01-02 15:15:00+00:00,2014-01-02 15:30:00+00:00,2014-01-02 15:45:00+00:00,-1,-0.999999999999961,SL,False
S2-16,london_fix_momentum,EURAUD,2014-01-03 15:15:00+00:00,2014-01-03 15:30:00+00:00,2014-01-03 15:45:00+00:00,-1,-1.0000000000000184,SL,False
S2-16,london_fix_momentum,EURAUD,2014-01-07 15:00:00+00:00,2014-01-07 15:15:00+00:00,2014-01-07 15:15:00+00:00,1,-1.0000000000000204,SL,False
S2-16,london_fix_momentum,EURAUD,2014-01-07 15:30:00+00:00,2014-01-07 15:45:00+00:00,2014-01-07 15:45:00+00:00,1,-0.9999999999999394,SL,False
S2-16,london_fix_momentum,EURAUD,2014-01-13 15:15:00+00:00,2014-01-13 15:30:00+00:00,2014-01-13 15:30:00+00:00,-1,-1.0000000000000195,SL,False
S2-16,london_fix_momentum,EURAUD,2014-01-14 15:30:00+00:00,2014-01-14 15:45:00+00:00,2014-01-14 15:45:00+00:00,1,-0.9999999999999637,SL,False
S2-16,london_fix_momentum,EURAUD,2014-01-16 15:30:00+00:00,2014-01-16 15:45:00+00:00,2014-01-16 15:45:00+00:00,1,-1.0,SL,False
S2-16,london_fix_momentum,EURAUD,2014-01-17 15:00:00+00:00,2014-01-17 15:15:00+00:00,2014-01-17 15:15:00+00:00,1,-0.9999999999999352,SL,False
S2-16,london_fix_momentum,EURAUD,2014-01-17 15:15:00+00:00,2014-01-17 15:30:00+00:00,2014-01-17 15:45:00+00:00,1,-0.9999999999999797,SL,False
S2-16,london_fix_momentum,EURAUD,2014-01-21 15:30:00+00:00,2014-01-21 15:45:00+00:00,2014-01-21 15:45:00+00:00,-1,-1.0000000000000229,SL,False
S2-16,london_fix_momentum,EURAUD,2014-01-22 15:30:00+00:00,2014-01-22 15:45:00+00:00,2014-01-22 15:45:00+00:00,-1,-1.0,SL,False
S2-16,london_fix_momentum,EURAUD,2014-01-23 15:00:00+00:00,2014-01-23 15:15:00+00:00,2014-01-23 15:30:00+00:00,1,1.2499999999999487,TP,False
S2-16,london_fix_momentum,EURAUD,2014-01-23 15:30:00+00:00,2014-01-23 15:45:00+00:00,2014-01-23 17:15:00+00:00,1,1.2499999999999518,TP,False
S2-16,london_fix_momentum,EURAUD,2014-01-24 15:30:00+00:00,2014-01-24 15:45:00+00:00,2014-01-24 16:00:00+00:00,1,0.04512526589458757,FRIDAY,False
S2-16,london_fix_momentum,EURAUD,2014-01-27 15:00:00+00:00,2014-01-27 15:15:00+00:00,2014-01-27 15:15:00+00:00,-1,-0.9999999999999837,SL,False
S2-16,london_fix_momentum,EURAUD,2014-01-27 15:30:00+00:00,2014-01-27 15:45:00+00:00,2014-01-27 16:30:00+00:00,-1,-1.0,SL,False
S2-16,london_fix_momentum,EURAUD,2014-01-28 15:00:00+00:00,2014-01-28 15:15:00+00:00,2014-01-28 15:45:00+00:00,-1,-0.9999999999999826,SL,False
S2-16,london_fix_momentum,EURAUD,2014-01-30 15:15:00+00:00,2014-01-30 15:30:00+00:00,2014-01-30 15:45:00+00:00,-1,-1.0000000000000144,SL,False
S2-16,london_fix_momentum,EURAUD,2014-02-03 15:15:00+00:00,2014-02-03 15:30:00+00:00,2014-02-03 16:00:00+00:00,-1,-1.0,SL,False
S2-16,london_fix_momentum,EURAUD,2014-02-04 15:15:00+00:00,2014-02-04 15:30:00+00:00,2014-02-04 15:45:00+00:00,-1,-0.9999999999999554,SL,False
S2-16,london_fix_momentum,EURAUD,2014-02-05 15:30:00+00:00,2014-02-05 15:45:00+00:00,2014-02-05 16:00:00+00:00,-1,-1.0000000000000313,SL,False
S2-16,london_fix_momentum,EURAUD,2014-02-07 15:15:00+00:00,2014-02-07 15:30:00+00:00,2014-02-07 15:30:00+00:00,-1,-1.000000000000032,SL,False
S2-16,london_fix_momentum,EURAUD,2014-02-07 15:45:00+00:00,2014-02-07 16:00:00+00:00,2014-02-07 16:00:00+00:00,-1,0.7025522895897227,FRIDAY,False
S2-16,london_fix_momentum,EURAUD,2014-02-10 15:15:00+00:00,2014-02-10 15:30:00+00:00,2014-02-10 16:15:00+00:00,1,-1.0,SL,False
S2-16,london_fix_momentum,EURAUD,2014-02-11 15:15:00+00:00,2014-02-11 15:30:00+00:00,2014-02-11 16:30:00+00:00,-1,1.250000000000016,TP,False
S2-16,london_fix_momentum,EURAUD,2014-02-12 15:00:00+00:00,2014-02-12 15:15:00+00:00,2014-02-12 15:15:00+00:00,-1,-0.999999999999938,SL,False
S2-16,london_fix_momentum,EURAUD,2014-02-12 15:45:00+00:00,2014-02-12 16:00:00+00:00,2014-02-12 16:15:00+00:00,-1,-1.0,SL,False
S2-16,london_fix_momentum,EURAUD,2014-02-13 15:00:00+00:00,2014-02-13 15:15:00+00:00,2014-02-13 15:15:00+00:00,1,-1.0000000000000588,SL,False
S2-16,london_fix_momentum,EURAUD,2014-02-17 15:30:00+00:00,2014-02-17 15:45:00+00:00,2014-02-17 16:30:00+00:00,1,-1.0000000000000393,SL,False
S2-16,london_fix_momentum,EURAUD,2014-02-18 15:00:00+00:00,2014-02-18 15:15:00+00:00,2014-02-18 15:30:00+00:00,1,-0.9999999999999556,SL,False
S2-16,london_fix_momentum,EURAUD,2014-02-18 15:45:00+00:00,2014-02-18 16:00:00+00:00,2014-02-18 19:45:00+00:00,1,0.35494539346349,TIME,False
S2-16,london_fix_momentum,EURAUD,2014-02-20 15:15:00+00:00,2014-02-20 15:30:00+00:00,2014-02-20 15:30:00+00:00,1,-1.0000000000000604,SL,False
S2-16,london_fix_momentum,EURAUD,2014-02-21 15:00:00+00:00,2014-02-21 15:15:00+00:00,2014-02-21 15:45:00+00:00,1,1.250000000000046,TP,False
S2-16,london_fix_momentum,EURAUD,2014-02-21 15:45:00+00:00,2014-02-21 16:00:00+00:00,2014-02-21 16:00:00+00:00,1,-1.0734093351502865,FRIDAY,False
S2-16,london_fix_momentum,EURAUD,2014-02-24 15:00:00+00:00,2014-02-24 15:15:00+00:00,2014-02-24 15:15:00+00:00,-1,-1.0,SL,False
S2-16,london_fix_momentum,EURAUD,2014-02-24 15:30:00+00:00,2014-02-24 15:45:00+00:00,2014-02-24 15:45:00+00:00,-1,1.25,TP,False
S2-16,london_fix_momentum,EURAUD,2014-02-24 15:45:00+00:00,2014-02-24 16:00:00+00:00,2014-02-24 16:00:00+00:00,-1,1.2499999999999565,TP,False
S2-16,london_fix_momentum,EURAUD,2014-02-27 15:30:00+00:00,2014-02-27 15:45:00+00:00,2014-02-27 15:45:00+00:00,1,-1.0,SL,False
S2-16,london_fix_momentum,EURAUD,2014-02-28 15:00:00+00:00,2014-02-28 15:15:00+00:00,2014-02-28 16:00:00+00:00,1,0.02586533967503368,FRIDAY,False
S2-16,london_fix_momentum,EURAUD,2014-03-04 15:00:00+00:00,2014-03-04 15:15:00+00:00,2014-03-04 16:00:00+00:00,-1,1.2499999999999565,TP,False
S2-16,london_fix_momentum,EURAUD,2014-03-05 15:00:00+00:00,2014-03-05 15:15:00+00:00,2014-03-05 15:45:00+00:00,-1,-1.0000000000000178,SL,False
S2-16,london_fix_momentum,EURAUD,2014-03-10 15:30:00+00:00,2014-03-10 15:45:00+00:00,2014-03-10 16:00:00+00:00,1,1.25,TP,False
S2-16,london_fix_momentum,EURAUD,2014-03-12 15:00:00+00:00,2014-03-12 15:15:00+00:00,2014-03-12 18:00:00+00:00,1,-1.0000000000000544,SL,False
S2-16,london_fix_momentum,EURAUD,2014-03-17 15:00:00+00:00,2014-03-17 15:15:00+00:00,2014-03-17 19:00:00+00:00,-1,-0.8382251560278928,TIME,False
S2-16,london_fix_momentum,EURAUD,2014-03-18 15:00:00+00:00,2014-03-18 15:15:00+00:00,2014-03-18 15:45:00+00:00,-1,-0.9999999999999812,SL,False
S2-16,london_fix_momentum,EURAUD,2014-03-20 15:15:00+00:00,2014-03-20 15:30:00+00:00,2014-03-20 19:15:00+00:00,-1,-0.3511209166607359,TIME,False
S2-16,london_fix_momentum,EURAUD,2014-03-21 15:00:00+00:00,2014-03-21 15:15:00+00:00,2014-03-21 16:00:00+00:00,-1,0.44501180270841095,FRIDAY,False
S2-16,london_fix_momentum,EURAUD,2014-03-24 15:15:00+00:00,2014-03-24 15:30:00+00:00,2014-03-24 15:45:00+00:00,-1,-1.0000000000000886,SL,False
S2-16,london_fix_momentum,EURAUD,2014-03-25 15:15:00+00:00,2014-03-25 15:30:00+00:00,2014-03-25 16:15:00+00:00,-1,1.2500000000000246,TP,False
S2-16,london_fix_momentum,EURAUD,2014-03-26 15:00:00+00:00,2014-03-26 15:15:00+00:00,2014-03-26 15:45:00+00:00,-1,-1.0000000000000275,SL,False
S2-16,london_fix_momentum,EURAUD,2014-03-26 15:45:00+00:00,2014-03-26 16:00:00+00:00,2014-03-26 16:00:00+00:00,-1,-0.9999999999999712,SL,False
S2-16,london_fix_momentum,EURAUD,2014-03-27 15:15:00+00:00,2014-03-27 15:30:00+00:00,2014-03-27 16:15:00+00:00,-1,1.2500000000000595,TP,False
S2-16,london_fix_momentum,EURAUD,2014-04-01 15:00:00+00:00,2014-04-01 15:15:00+00:00,2014-04-01 16:00:00+00:00,1,-0.9999999999999438,SL,False
S2-16,london_fix_momentum,EURAUD,2014-04-03 15:15:00+00:00,2014-04-03 15:30:00+00:00,2014-04-03 16:00:00+00:00,-1,-0.9999999999999846,SL,False
S2-16,london_fix_momentum,EURAUD,2014-04-04 15:00:00+00:00,2014-04-04 15:15:00+00:00,2014-04-04 15:30:00+00:00,-1,-0.9999999999999707,SL,False
S2-16,london_fix_momentum,EURAUD,2014-04-04 15:45:00+00:00,2014-04-04 16:00:00+00:00,2014-04-04 16:00:00+00:00,-1,-0.5187291246860076,FRIDAY,False
S2-16,london_fix_momentum,EURAUD,2014-04-07 15:00:00+00:00,2014-04-07 15:15:00+00:00,2014-04-07 15:45:00+00:00,1,1.2500000000000278,TP,False
S2-16,london_fix_momentum,EURAUD,2014-04-08 15:00:00+00:00,2014-04-08 15:15:00+00:00,2014-04-08 15:45:00+00:00,-1,1.2499999999999762,TP,False
S2-16,london_fix_momentum,EURAUD,2014-04-08 15:45:00+00:00,2014-04-08 16:00:00+00:00,2014-04-08 17:15:00+00:00,-1,1.2500000000000757,TP,False
S2-16,london_fix_momentum,EURAUD,2014-04-14 15:00:00+00:00,2014-04-14 15:15:00+00:00,2014-04-14 15:45:00+00:00,-1,-0.9999999999999716,SL,False
S2-16,london_fix_momentum,EURAUD,2014-04-17 15:00:00+00:00,2014-04-17 15:15:00+00:00,2014-04-17 19:00:00+00:00,1,-0.1794153799157763,TIME,False
S2-16,london_fix_momentum,EURAUD,2014-04-18 15:00:00+00:00,2014-04-18 15:15:00+00:00,2014-04-18 16:00:00+00:00,1,-0.7918473742163097,FRIDAY,False
S2-16,london_fix_momentum,EURAUD,2014-04-22 15:00:00+00:00,2014-04-22 15:15:00+00:00,2014-04-22 15:45:00+00:00,-1,-1.00000000000003,SL,False
S2-16,london_fix_momentum,EURAUD,2014-04-23 15:30:00+00:00,2014-04-23 15:45:00+00:00,2014-04-23 19:30:00+00:00,1,-0.4724175543642229,TIME,False
S2-16,london_fix_momentum,EURAUD,2014-04-24 15:00:00+00:00,2014-04-24 15:15:00+00:00,2014-04-24 15:15:00+00:00,1,1.25,TP,False
S2-16,london_fix_momentum,EURAUD,2014-04-24 15:15:00+00:00,2014-04-24 15:30:00+00:00,2014-04-24 19:15:00+00:00,1,-0.27136425230580935,TIME,False
S2-16,london_fix_momentum,EURAUD,2014-04-28 15:00:00+00:00,2014-04-28 15:15:00+00:00,2014-04-28 16:00:00+00:00,1,1.249999999999952,TP,False
S2-16,london_fix_momentum,EURAUD,2014-05-01 15:00:00+00:00,2014-05-01 15:15:00+00:00,2014-05-01 15:45:00+00:00,1,-0.9999999999999417,SL,False
S2-16,london_fix_momentum,EURAUD,2014-05-02 15:00:00+00:00,2014-05-02 15:15:00+00:00,2014-05-02 16:00:00+00:00,1,-0.03139753750038935,FRIDAY,False
S2-16,london_fix_momentum,EURAUD,2014-05-05 15:15:00+00:00,2014-05-05 15:30:00+00:00,2014-05-05 15:30:00+00:00,1,-1.0000000000000668,SL,False
S2-16,london_fix_momentum,EURAUD,2014-05-06 15:00:00+00:00,2014-05-06 15:15:00+00:00,2014-05-06 15:45:00+00:00,-1,1.2499999999999454,TP,False
S2-16,london_fix_momentum,EURAUD,2014-05-06 15:45:00+00:00,2014-05-06 16:00:00+00:00,2014-05-06 18:45:00+00:00,-1,-1.0,SL,False
S2-16,london_fix_momentum,EURAUD,2014-05-08 15:00:00+00:00,2014-05-08 15:15:00+00:00,2014-05-08 19:00:00+00:00,-1,0.08630982818572305,TIME,False
S2-16,london_fix_momentum,EURAUD,2014-05-09 15:00:00+00:00,2014-05-09 15:15:00+00:00,2014-05-09 16:00:00+00:00,-1,-0.00749684444047786,FRIDAY,False
S2-16,london_fix_momentum,EURAUD,2014-05-12 15:15:00+00:00,2014-05-12 15:30:00+00:00,2014-05-12 16:30:00+00:00,-1,1.2499999999999625,TP,False
S2-16,london_fix_momentum,EURAUD,2014-05-13 15:00:00+00:00,2014-05-13 15:15:00+00:00,2014-05-13 17:30:00+00:00,-1,-1.0000000000000502,SL,False
S2-16,london_fix_momentum,EURAUD,2014-05-19 15:15:00+00:00,2014-05-19 15:30:00+00:00,2014-05-19 18:45:00+00:00,1,1.25,TP,False
S2-16,london_fix_momentum,EURAUD,2014-05-20 15:00:00+00:00,2014-05-20 15:15:00+00:00,2014-05-20 16:00:00+00:00,1,1.2500000000000586,TP,False
S2-16,london_fix_momentum,EURAUD,2014-05-21 15:30:00+00:00,2014-05-21 15:45:00+00:00,2014-05-21 17:00:00+00:00,1,-0.9999999999999111,SL,False
S2-16,london_fix_momentum,EURAUD,2014-05-23 15:45:00+00:00,2014-05-23 16:00:00+00:00,2014-05-23 16:00:00+00:00,-1,-0.4208412645093868,FRIDAY,False
S2-16,london_fix_momentum,EURAUD,2014-05-26 15:30:00+00:00,2014-05-26 15:45:00+00:00,2014-05-26 16:15:00+00:00,-1,1.249999999999813,TP,False
S2-16,london_fix_momentum,EURAUD,2014-05-29 15:00:00+00:00,2014-05-29 15:15:00+00:00,2014-05-29 19:00:00+00:00,-1,1.249999999999914,TP,False
S2-16,london_fix_momentum,EURAUD,2014-06-02 15:00:00+00:00,2014-06-02 15:15:00+00:00,2014-06-02 16:15:00+00:00,1,-1.0000000000000464,SL,False
S2-16,london_fix_momentum,EURAUD,2014-06-03 15:00:00+00:00,2014-06-03 15:15:00+00:00,2014-06-03 16:00:00+00:00,1,-1.0,SL,False
S2-16,london_fix_momentum,EURAUD,2014-06-05 15:00:00+00:00,2014-06-05 15:15:00+00:00,2014-06-05 19:00:00+00:00,-1,-0.2550767187445388,TIME,False
S2-16,london_fix_momentum,EURAUD,2014-06-09 15:00:00+00:00,2014-06-09 15:15:00+00:00,2014-06-09 17:15:00+00:00,-1,1.249999999999931,TP,False
S2-16,london_fix_momentum,EURAUD,2014-06-10 15:15:00+00:00,2014-06-10 15:30:00+00:00,2014-06-10 19:15:00+00:00,-1,0.8985972701081566,TIME,False
S2-16,london_fix_momentum,EURAUD,2014-06-11 15:00:00+00:00,2014-06-11 15:15:00+00:00,2014-06-11 16:15:00+00:00,-1,-0.999999999999906,SL,False
S2-16,london_fix_momentum,EURAUD,2014-06-12 15:00:00+00:00,2014-06-12 15:15:00+00:00,2014-06-12 17:30:00+00:00,-1,-0.9999999999999231,SL,False
S2-16,london_fix_momentum,EURAUD,2014-06-13 15:15:00+00:00,2014-06-13 15:30:00+00:00,2014-06-13 16:00:00+00:00,-1,0.4309181052505824,FRIDAY,False
S2-16,london_fix_momentum,EURAUD,2014-06-16 15:15:00+00:00,2014-06-16 15:30:00+00:00,2014-06-16 16:15:00+00:00,1,-1.0000000000000517,SL,False
S2-16,london_fix_momentum,EURAUD,2014-06-17 15:00:00+00:00,2014-06-17 15:15:00+00:00,2014-06-17 15:30:00+00:00,1,-1.0000000000000353,SL,False
S2-16,london_fix_momentum,EURAUD,2014-06-20 15:30:00+00:00,2014-06-20 15:45:00+00:00,2014-06-20 16:00:00+00:00,-1,-0.31069416401421307,FRIDAY,False
S2-16,london_fix_momentum,EURAUD,2014-06-23 15:30:00+00:00,2014-06-23 15:45:00+00:00,2014-06-23 18:45:00+00:00,-1,-0.9999999999999066,SL,False
S2-16,london_fix_momentum,EURAUD,2014-06-24 15:00:00+00:00,2014-06-24 15:15:00+00:00,2014-06-24 15:30:00+00:00,1,-1.0000000000000677,SL,False
S2-16,london_fix_momentum,EURAUD,2014-06-24 15:45:00+00:00,2014-06-24 16:00:00+00:00,2014-06-24 17:45:00+00:00,1,1.2500000000000313,TP,False
S2-16,london_fix_momentum,EURAUD,2014-06-26 15:15:00+00:00,2014-06-26 15:30:00+00:00,2014-06-26 15:30:00+00:00,-1,-1.0,SL,False
S2-16,london_fix_momentum,EURAUD,2014-06-26 15:45:00+00:00,2014-06-26 16:00:00+00:00,2014-06-26 19:30:00+00:00,-1,1.25,TP,False
S2-16,london_fix_momentum,EURAUD,2014-06-30 15:00:00+00:00,2014-06-30 15:15:00+00:00,2014-06-30 19:00:00+00:00,1,0.48465689213495394,TIME,False
S2-16,london_fix_momentum,EURAUD,2014-07-01 15:00:00+00:00,2014-07-01 15:15:00+00:00,2014-07-01 16:45:00+00:00,-1,1.250000000000027,TP,False
S2-16,london_fix_momentum,EURAUD,2014-07-03 15:00:00+00:00,2014-07-03 15:15:00+00:00,2014-07-03 19:00:00+00:00,1,0.6360786192673451,TIME,False
S2-16,london_fix_momentum,EURAUD,2014-07-07 15:45:00+00:00,2014-07-07 16:00:00+00:00,2014-07-07 18:15:00+00:00,-1,-0.9999999999999558,SL,False
S2-16,london_fix_momentum,EURAUD,2014-07-08 15:00:00+00:00,2014-07-08 15:15:00+00:00,2014-07-08 16:15:00+00:00,-1,-1.0000000000000357,SL,False
S2-16,london_fix_momentum,EURAUD,2014-07-14 15:15:00+00:00,2014-07-14 15:30:00+00:00,2014-07-14 16:00:00+00:00,1,-0.9999999999999151,SL,False
S2-16,london_fix_momentum,EURAUD,2014-07-16 15:00:00+00:00,2014-07-16 15:15:00+00:00,2014-07-16 17:15:00+00:00,-1,1.2500000000000389,TP,False
S2-16,london_fix_momentum,EURAUD,2014-07-18 15:00:00+00:00,2014-07-18 15:15:00+00:00,2014-07-18 16:00:00+00:00,-1,-0.5957530752863927,FRIDAY,False
S2-16,london_fix_momentum,EURAUD,2014-07-22 15:45:00+00:00,2014-07-22 16:00:00+00:00,2014-07-22 19:45:00+00:00,-1,0.8610939504823457,TIME,False
S2-16,london_fix_momentum,EURAUD,2014-07-23 15:15:00+00:00,2014-07-23 15:30:00+00:00,2014-07-23 15:45:00+00:00,-1,1.25,TP,False
S2-16,london_fix_momentum,EURAUD,2014-07-23 15:45:00+00:00,2014-07-23 16:00:00+00:00,2014-07-23 19:30:00+00:00,-1,1.250000000000138,TP,False
S2-16,london_fix_momentum,EURAUD,2014-07-28 15:15:00+00:00,2014-07-28 15:30:00+00:00,2014-07-28 15:30:00+00:00,-1,-0.9999999999998681,SL,False
S2-16,london_fix_momentum,EURAUD,2014-07-28 15:45:00+00:00,2014-07-28 16:00:00+00:00,2014-07-28 18:45:00+00:00,-1,-1.0,SL,False
S2-16,london_fix_momentum,EURAUD,2014-07-30 15:00:00+00:00,2014-07-30 15:15:00+00:00,2014-07-30 18:00:00+00:00,1,1.249999999999926,TP,False
S2-16,london_fix_momentum,EURAUD,2014-07-31 15:00:00+00:00,2014-07-31 15:15:00+00:00,2014-07-31 18:45:00+00:00,1,1.2500000000000302,TP,False
S2-16,london_fix_momentum,EURAUD,2014-08-05 15:15:00+00:00,2014-08-05 15:30:00+00:00,2014-08-05 16:15:00+00:00,-1,-1.000000000000105,SL,False
S2-16,london_fix_momentum,EURAUD,2014-08-06 15:00:00+00:00,2014-08-06 15:15:00+00:00,2014-08-06 16:15:00+00:00,-1,1.2500000000001001,TP,False
S2-16,london_fix_momentum,EURAUD,2014-08-11 15:45:00+00:00,2014-08-11 16:00:00+00:00,2014-08-11 16:00:00+00:00,1,-0.9999999999998953,SL,False
S2-16,london_fix_momentum,EURAUD,2014-08-12 15:30:00+00:00,2014-08-12 15:45:00+00:00,2014-08-12 17:15:00+00:00,-1,-1.0000000000001177,SL,False
S2-16,london_fix_momentum,EURAUD,2014-08-13 15:00:00+00:00,2014-08-13 15:15:00+00:00,2014-08-13 15:30:00+00:00,-1,1.2500000000000633,TP,False
S2-16,london_fix_momentum,EURAUD,2014-08-14 15:00:00+00:00,2014-08-14 15:15:00+00:00,2014-08-14 18:15:00+00:00,-1,1.2499999999999643,TP,False
S2-16,london_fix_momentum,EURAUD,2014-08-18 15:00:00+00:00,2014-08-18 15:15:00+00:00,2014-08-18 15:15:00+00:00,-1,1.2500000000001483,TP,False
S2-16,london_fix_momentum,EURAUD,2014-08-18 15:15:00+00:00,2014-08-18 15:30:00+00:00,2014-08-18 15:30:00+00:00,-1,1.25,TP,False
S2-16,london_fix_momentum,EURAUD,2014-08-18 15:30:00+00:00,2014-08-18 15:45:00+00:00,2014-08-18 17:00:00+00:00,-1,-1.0000000000000433,SL,False
S2-16,london_fix_momentum,EURAUD,2014-08-19 15:00:00+00:00,2014-08-19 15:15:00+00:00,2014-08-19 15:15:00+00:00,-1,-1.0000000000000302,SL,False
S2-16,london_fix_momentum,EURAUD,2014-08-19 15:30:00+00:00,2014-08-19 15:45:00+00:00,2014-08-19 17:30:00+00:00,-1,-1.0000000000000864,SL,False
S2-16,london_fix_momentum,EURAUD,2014-08-20 15:00:00+00:00,2014-08-20 15:15:00+00:00,2014-08-20 15:15:00+00:00,-1,-0.9999999999999182,SL,False
S2-16,london_fix_momentum,EURAUD,2014-08-20 15:30:00+00:00,2014-08-20 15:45:00+00:00,2014-08-20 18:00:00+00:00,-1,-1.0,SL,False
S2-16,london_fix_momentum,EURAUD,2014-08-22 15:15:00+00:00,2014-08-22 15:30:00+00:00,2014-08-22 16:00:00+00:00,-1,0.15039494470774092,FRIDAY,False
S2-16,london_fix_momentum,EURAUD,2014-08-26 15:00:00+00:00,2014-08-26 15:15:00+00:00,2014-08-26 16:45:00+00:00,-1,-1.0000000000000806,SL,False
S2-16,london_fix_momentum,EURAUD,2014-08-28 15:00:00+00:00,2014-08-28 15:15:00+00:00,2014-08-28 15:45:00+00:00,-1,-1.0000000000001004,SL,False
S2-16,london_fix_momentum,EURAUD,2014-08-29 15:15:00+00:00,2014-08-29 15:30:00+00:00,2014-08-29 16:00:00+00:00,-1,-0.7588256673262529,FRIDAY,False
S2-16,london_fix_momentum,EURAUD,2014-09-01 15:00:00+00:00,2014-09-01 15:15:00+00:00,2014-09-01 18:15:00+00:00,-1,-1.0000000000001723,SL,False
S2-16,london_fix_momentum,EURAUD,2014-09-02 15:15:00+00:00,2014-09-02 15:30:00+00:00,2014-09-02 19:15:00+00:00,1,-0.07220113172408853,TIME,False
S2-16,london_fix_momentum,EURAUD,2014-09-03 15:00:00+00:00,2014-09-03 15:15:00+00:00,2014-09-03 17:00:00+00:00,-1,-0.9999999999999056,SL,False
S2-16,london_fix_momentum,EURAUD,2014-09-04 15:15:00+00:00,2014-09-04 15:30:00+00:00,2014-09-04 15:45:00+00:00,-1,1.25,TP,False
S2-16,london_fix_momentum,EURAUD,2014-09-04 15:45:00+00:00,2014-09-04 16:00:00+00:00,2014-09-04 16:00:00+00:00,-1,-0.999999999999984,SL,False
S2-16,london_fix_momentum,EURAUD,2014-09-05 15:15:00+00:00,2014-09-05 15:30:00+00:00,2014-09-05 16:00:00+00:00,-1,0.28403329327979837,FRIDAY,False
S2-16,london_fix_momentum,EURAUD,2014-09-09 15:00:00+00:00,2014-09-09 15:15:00+00:00,2014-09-09 16:00:00+00:00,1,1.2500000000000522,TP,False
S2-16,london_fix_momentum,EURAUD,2014-09-10 15:00:00+00:00,2014-09-10 15:15:00+00:00,2014-09-10 16:15:00+00:00,1,-1.0,SL,False
S2-16,london_fix_momentum,EURAUD,2014-09-12 15:00:00+00:00,2014-09-12 15:15:00+00:00,2014-09-12 16:00:00+00:00,1,-0.36843996509299975,FRIDAY,False
S2-16,london_fix_momentum,EURAUD,2014-09-18 15:15:00+00:00,2014-09-18 15:30:00+00:00,2014-09-18 19:15:00+00:00,1,0.029588627500314504,TIME,False
S2-16,london_fix_momentum,EURAUD,2014-09-22 15:00:00+00:00,2014-09-22 15:15:00+00:00,2014-09-22 15:30:00+00:00,1,-0.9999999999999255,SL,False
S2-16,london_fix_momentum,EURAUD,2014-09-22 15:30:00+00:00,2014-09-22 15:45:00+00:00,2014-09-22 16:00:00+00:00,1,1.2499999999999256,TP,False
S2-16,london_fix_momentum,EURAUD,2014-09-29 15:15:00+00:00,2014-09-29 15:30:00+00:00,2014-09-29 18:30:00+00:00,1,1.2499999999999352,TP,False
S2-16,london_fix_momentum,EURAUD,2014-09-30 15:00:00+00:00,2014-09-30 15:15:00+00:00,2014-09-30 15:45:00+00:00,-1,-0.9999999999999822,SL,False
S2-16,london_fix_momentum,EURAUD,2014-10-01 15:00:00+00:00,2014-10-01 15:15:00+00:00,2014-10-01 16:15:00+00:00,-1,1.2500000000000544,TP,False
S2-16,london_fix_momentum,EURAUD,2014-10-07 15:00:00+00:00,2014-10-07 15:15:00+00:00,2014-10-07 15:45:00+00:00,-1,-1.000000000000055,SL,False
S2-16,london_fix_momentum,EURAUD,2014-10-08 15:30:00+00:00,2014-10-08 15:45:00+00:00,2014-10-08 17:45:00+00:00,1,-0.9999999999999384,SL,False
S2-16,london_fix_momentum,EURAUD,2014-10-14 15:00:00+00:00,2014-10-14 15:15:00+00:00,2014-10-14 16:00:00+00:00,1,-1.0,SL,False
S2-16,london_fix_momentum,EURAUD,2014-10-15 15:15:00+00:00,2014-10-15 15:30:00+00:00,2014-10-15 15:45:00+00:00,1,1.2499999999999882,TP,False
S2-16,london_fix_momentum,EURAUD,2014-10-20 15:45:00+00:00,2014-10-20 16:00:00+00:00,2014-10-20 17:00:00+00:00,-1,-1.0000000000000453,SL,False
S2-16,london_fix_momentum,EURAUD,2014-10-21 15:45:00+00:00,2014-10-21 16:00:00+00:00,2014-10-21 17:15:00+00:00,-1,-0.9999999999999813,SL,False
S2-16,london_fix_momentum,EURAUD,2014-10-22 15:00:00+00:00,2014-10-22 15:15:00+00:00,2014-10-22 15:30:00+00:00,-1,-1.0000000000000575,SL,False
S2-16,london_fix_momentum,EURAUD,2014-10-24 15:00:00+00:00,2014-10-24 15:15:00+00:00,2014-10-24 16:00:00+00:00,-1,0.3236443219583367,FRIDAY,False
S2-16,london_fix_momentum,EURAUD,2014-10-29 15:15:00+00:00,2014-10-29 15:30:00+00:00,2014-10-29 17:15:00+00:00,-1,1.25,TP,False
S2-16,london_fix_momentum,EURAUD,2014-10-30 15:30:00+00:00,2014-10-30 15:45:00+00:00,2014-10-30 16:15:00+00:00,-1,1.2499999999999571,TP,False
S2-16,london_fix_momentum,EURAUD,2014-10-31 15:00:00+00:00,2014-10-31 15:15:00+00:00,2014-10-31 15:15:00+00:00,-1,-1.0000000000000473,SL,False
S2-16,london_fix_momentum,EURAUD,2014-10-31 15:15:00+00:00,2014-10-31 15:30:00+00:00,2014-10-31 16:00:00+00:00,-1,-0.8834813807470848,FRIDAY,False
S2-16,london_fix_momentum,EURAUD,2014-11-03 15:30:00+00:00,2014-11-03 15:45:00+00:00,2014-11-03 16:15:00+00:00,1,-1.0000000000000804,SL,False
S2-16,london_fix_momentum,EURAUD,2014-11-04 15:00:00+00:00,2014-11-04 15:15:00+00:00,2014-11-04 15:15:00+00:00,1,1.2499999999999525,TP,False
S2-16,london_fix_momentum,EURAUD,2014-11-04 15:15:00+00:00,2014-11-04 15:30:00+00:00,2014-11-04 15:45:00+00:00,1,1.2500000000000664,TP,False
S2-16,london_fix_momentum,EURAUD,2014-11-04 15:45:00+00:00,2014-11-04 16:00:00+00:00,2014-11-04 16:15:00+00:00,1,-0.9999999999999607,SL,False
S2-16,london_fix_momentum,EURAUD,2014-11-05 15:00:00+00:00,2014-11-05 15:15:00+00:00,2014-11-05 17:15:00+00:00,1,1.25,TP,False
S2-16,london_fix_momentum,EURAUD,2014-11-07 15:45:00+00:00,2014-11-07 16:00:00+00:00,2014-11-07 16:00:00+00:00,-1,-0.1649270135442855,FRIDAY,False
S2-16,london_fix_momentum,EURAUD,2014-11-10 15:00:00+00:00,2014-11-10 15:15:00+00:00,2014-11-10 15:45:00+00:00,-1,-1.000000000000115,SL,False
S2-16,london_fix_momentum,EURAUD,2014-11-11 15:00:00+00:00,2014-11-11 15:15:00+00:00,2014-11-11 15:30:00+00:00,-1,1.2499999999999054,TP,False
S2-16,london_fix_momentum,EURAUD,2014-11-11 15:30:00+00:00,2014-11-11 15:45:00+00:00,2014-11-11 16:00:00+00:00,-1,1.2499999999999063,TP,False
S2-16,london_fix_momentum,EURAUD,2014-11-12 15:00:00+00:00,2014-11-12 15:15:00+00:00,2014-11-12 15:45:00+00:00,-1,-1.0,SL,False
S2-16,london_fix_momentum,EURAUD,2014-11-13 15:45:00+00:00,2014-11-13 16:00:00+00:00,2014-11-13 16:30:00+00:00,-1,-0.9999999999999439,SL,False
S2-16,london_fix_momentum,EURAUD,2014-11-18 15:00:00+00:00,2014-11-18 15:15:00+00:00,2014-11-18 16:00:00+00:00,1,1.2500000000000524,TP,False
S2-16,london_fix_momentum,EURAUD,2014-11-19 15:00:00+00:00,2014-11-19 15:15:00+00:00,2014-11-19 16:00:00+00:00,1,-1.0000000000000784,SL,False
S2-16,london_fix_momentum,EURAUD,2014-11-20 15:45:00+00:00,2014-11-20 16:00:00+00:00,2014-11-20 18:45:00+00:00,1,-1.0000000000000397,SL,False
S2-16,london_fix_momentum,EURAUD,2014-11-21 15:00:00+00:00,2014-11-21 15:15:00+00:00,2014-11-21 16:00:00+00:00,-1,-0.018141924159116137,FRIDAY,False
S2-16,london_fix_momentum,EURAUD,2014-11-25 15:00:00+00:00,2014-11-25 15:15:00+00:00,2014-11-25 16:45:00+00:00,1,1.249999999999955,TP,False
S2-16,london_fix_momentum,EURAUD,2014-11-26 15:00:00+00:00,2014-11-26 15:15:00+00:00,2014-11-26 15:45:00+00:00,1,-0.9999999999999791,SL,False
S2-16,london_fix_momentum,EURAUD,2014-11-27 15:00:00+00:00,2014-11-27 15:15:00+00:00,2014-11-27 15:30:00+00:00,1,-1.000000000000092,SL,False
S2-16,london_fix_momentum,EURAUD,2014-11-27 15:45:00+00:00,2014-11-27 16:00:00+00:00,2014-11-27 16:15:00+00:00,1,1.2500000000000766,TP,False
S2-16,london_fix_momentum,EURAUD,2014-11-28 15:15:00+00:00,2014-11-28 15:30:00+00:00,2014-11-28 15:45:00+00:00,1,-0.9999999999999749,SL,False
S2-16,london_fix_momentum,EURAUD,2014-12-03 15:00:00+00:00,2014-12-03 15:15:00+00:00,2014-12-03 16:15:00+00:00,-1,1.2499999999999816,TP,False
S2-16,london_fix_momentum,EURAUD,2014-12-04 15:15:00+00:00,2014-12-04 15:30:00+00:00,2014-12-04 17:30:00+00:00,1,-1.0000000000000113,SL,False
S2-16,london_fix_momentum,EURAUD,2014-12-08 15:30:00+00:00,2014-12-08 15:45:00+00:00,2014-12-08 15:45:00+00:00,1,-0.9999999999999746,SL,True
S2-16,london_fix_momentum,EURAUD,2014-12-09 15:00:00+00:00,2014-12-09 15:15:00+00:00,2014-12-09 15:30:00+00:00,1,-1.0,SL,False
S2-16,london_fix_momentum,EURAUD,2014-12-10 15:00:00+00:00,2014-12-10 15:15:00+00:00,2014-12-10 15:30:00+00:00,1,1.249999999999933,TP,False
S2-16,london_fix_momentum,EURAUD,2014-12-10 15:30:00+00:00,2014-12-10 15:45:00+00:00,2014-12-10 16:00:00+00:00,1,-1.0000000000000402,SL,False
S2-16,london_fix_momentum,EURAUD,2014-12-11 15:00:00+00:00,2014-12-11 15:15:00+00:00,2014-12-11 15:15:00+00:00,1,-1.0,SL,False
S2-16,london_fix_momentum,EURAUD,2014-12-11 15:45:00+00:00,2014-12-11 16:00:00+00:00,2014-12-11 17:45:00+00:00,1,-0.9999999999999885,SL,False
S2-16,london_fix_momentum,EURAUD,2014-12-12 15:00:00+00:00,2014-12-12 15:15:00+00:00,2014-12-12 15:15:00+00:00,1,1.2500000000000533,TP,False
S2-16,london_fix_momentum,EURAUD,2014-12-12 15:15:00+00:00,2014-12-12 15:30:00+00:00,2014-12-12 15:45:00+00:00,1,-0.9999999999999839,SL,False
S2-16,london_fix_momentum,EURAUD,2014-12-15 15:30:00+00:00,2014-12-15 15:45:00+00:00,2014-12-15 15:45:00+00:00,1,-1.0000000000000187,SL,False
S2-16,london_fix_momentum,EURAUD,2014-12-16 15:00:00+00:00,2014-12-16 15:15:00+00:00,2014-12-16 15:30:00+00:00,1,-1.0,SL,False
S2-16,london_fix_momentum,EURAUD,2014-12-16 15:45:00+00:00,2014-12-16 16:00:00+00:00,2014-12-16 16:15:00+00:00,1,-1.0000000000000415,SL,False
S2-16,london_fix_momentum,EURAUD,2014-12-23 15:15:00+00:00,2014-12-23 15:30:00+00:00,2014-12-23 15:45:00+00:00,-1,-0.999999999999959,SL,False
S2-16,london_fix_momentum,EURAUD,2014-12-23 15:45:00+00:00,2014-12-23 16:00:00+00:00,2014-12-23 16:00:00+00:00,-1,-1.0000000000000613,SL,False
S2-16,london_fix_momentum,EURAUD,2014-12-24 15:15:00+00:00,2014-12-24 15:30:00+00:00,2014-12-24 15:45:00+00:00,-1,-1.0000000000000293,SL,False
S2-16,london_fix_momentum,EURAUD,2014-12-29 15:00:00+00:00,2014-12-29 15:15:00+00:00,2014-12-29 15:30:00+00:00,-1,1.2500000000000586,TP,False
S2-16,london_fix_momentum,EURAUD,2014-12-29 15:45:00+00:00,2014-12-29 16:00:00+00:00,2014-12-29 16:00:00+00:00,-1,-1.0000000000000557,SL,False
S2-16,london_fix_momentum,EURAUD,2014-12-30 15:30:00+00:00,2014-12-30 15:45:00+00:00,2014-12-30 15:45:00+00:00,-1,1.2499999999999185,TP,False
S2-16,london_fix_momentum,EURAUD,2014-12-30 15:45:00+00:00,2014-12-30 16:00:00+00:00,2014-12-30 17:00:00+00:00,-1,-0.9999999999999465,SL,False
S2-16,london_fix_momentum,EURAUD,2014-12-31 15:15:00+00:00,2014-12-31 15:30:00+00:00,2014-12-31 15:45:00+00:00,-1,-0.9999999999999459,SL,True
S2-16,london_fix_momentum,EURAUD,2014-12-31 15:45:00+00:00,2014-12-31 16:00:00+00:00,2014-12-31 16:30:00+00:00,-1,-1.0,SL,False
S2-16,london_fix_momentum,EURAUD,2015-01-02 15:00:00+00:00,2015-01-02 15:15:00+00:00,2015-01-02 15:15:00+00:00,-1,1.249999999999918,TP,False
S2-16,london_fix_momentum,EURAUD,2015-01-02 15:15:00+00:00,2015-01-02 15:30:00+00:00,2015-01-02 15:45:00+00:00,-1,-0.9999999999999231,SL,False
S2-16,london_fix_momentum,EURAUD,2015-01-02 15:45:00+00:00,2015-01-02 16:00:00+00:00,2015-01-02 16:00:00+00:00,-1,0.2576458699005372,FRIDAY,False
S2-16,london_fix_momentum,EURAUD,2015-01-05 15:15:00+00:00,2015-01-05 15:30:00+00:00,2015-01-05 16:15:00+00:00,-1,1.2500000000000429,TP,False
S2-16,london_fix_momentum,EURAUD,2015-01-07 15:15:00+00:00,2015-01-07 15:30:00+00:00,2015-01-07 19:00:00+00:00,-1,-0.9999999999999792,SL,False
S2-16,london_fix_momentum,EURAUD,2015-01-08 15:00:00+00:00,2015-01-08 15:15:00+00:00,2015-01-08 15:45:00+00:00,-1,-1.0000000000000222,SL,False
S2-16,london_fix_momentum,EURAUD,2015-01-09 15:45:00+00:00,2015-01-09 16:00:00+00:00,2015-01-09 16:00:00+00:00,-1,0.2700631084084928,FRIDAY,False
S2-16,london_fix_momentum,EURAUD,2015-01-13 15:45:00+00:00,2015-01-13 16:00:00+00:00,2015-01-13 16:00:00+00:00,-1,1.2500000000000708,TP,False
S2-16,london_fix_momentum,EURAUD,2015-01-15 15:00:00+00:00,2015-01-15 15:15:00+00:00,2015-01-15 15:30:00+00:00,-1,1.2499999999999905,TP,False
S2-16,london_fix_momentum,EURAUD,2015-01-15 15:30:00+00:00,2015-01-15 15:45:00+00:00,2015-01-15 17:15:00+00:00,-1,-1.0000000000000093,SL,False
S2-16,london_fix_momentum,EURAUD,2015-01-16 15:00:00+00:00,2015-01-16 15:15:00+00:00,2015-01-16 15:30:00+00:00,-1,1.250000000000033,TP,False
S2-16,london_fix_momentum,EURAUD,2015-01-16 15:30:00+00:00,2015-01-16 15:45:00+00:00,2015-01-16 15:45:00+00:00,-1,1.2499999999999858,TP,False
S2-16,london_fix_momentum,EURAUD,2015-01-16 15:45:00+00:00,2015-01-16 16:00:00+00:00,2015-01-16 16:00:00+00:00,-1,-1.1354672371705203,FRIDAY,False
S2-16,london_fix_momentum,EURAUD,2015-01-26 15:00:00+00:00,2015-01-26 15:15:00+00:00,2015-01-26 15:15:00+00:00,1,-0.9999999999999664,SL,False
S2-16,london_fix_momentum,EURAUD,2015-01-27 15:15:00+00:00,2015-01-27 15:30:00+00:00,2015-01-27 15:30:00+00:00,1,1.249999999999973,TP,False
S2-16,london_fix_momentum,EURAUD,2015-01-27 15:30:00+00:00,2015-01-27 15:45:00+00:00,2015-01-27 15:45:00+00:00,1,-1.0000000000000355,SL,False
S2-16,london_fix_momentum,EURAUD,2015-01-29 15:00:00+00:00,2015-01-29 15:15:00+00:00,2015-01-29 16:15:00+00:00,1,-1.0,SL,False
S2-16,london_fix_momentum,EURAUD,2015-01-30 15:00:00+00:00,2015-01-30 15:15:00+00:00,2015-01-30 15:30:00+00:00,1,-1.0000000000000098,SL,False
S2-16,london_fix_momentum,EURAUD,2015-02-03 15:15:00+00:00,2015-02-03 15:30:00+00:00,2015-02-03 15:45:00+00:00,1,1.2500000000000244,TP,False
S2-16,london_fix_momentum,EURAUD,2015-02-03 15:45:00+00:00,2015-02-03 16:00:00+00:00,2015-02-03 16:00:00+00:00,1,-0.9999999999999751,SL,False
S2-16,london_fix_momentum,EURAUD,2015-02-06 15:00:00+00:00,2015-02-06 15:15:00+00:00,2015-02-06 15:30:00+00:00,-1,-0.9999999999999902,SL,False
S2-16,london_fix_momentum,EURAUD,2015-02-09 15:00:00+00:00,2015-02-09 15:15:00+00:00,2015-02-09 16:00:00+00:00,-1,-1.000000000000032,SL,False
S2-16,london_fix_momentum,EURAUD,2015-02-11 15:00:00+00:00,2015-02-11 15:15:00+00:00,2015-02-11 17:00:00+00:00,1,-1.000000000000049,SL,False
S2-16,london_fix_momentum,EURAUD,2015-02-12 15:00:00+00:00,2015-02-12 15:15:00+00:00,2015-02-12 15:30:00+00:00,1,-1.0000000000000135,SL,False
S2-16,london_fix_momentum,EURAUD,2015-02-18 15:00:00+00:00,2015-02-18 15:15:00+00:00,2015-02-18 18:30:00+00:00,-1,1.2499999999999403,TP,False
S2-16,london_fix_momentum,EURAUD,2015-02-20 15:00:00+00:00,2015-02-20 15:15:00+00:00,2015-02-20 15:15:00+00:00,-1,-0.999999999999973,SL,False
S2-16,london_fix_momentum,EURAUD,2015-02-23 15:45:00+00:00,2015-02-23 16:00:00+00:00,2015-02-23 16:30:00+00:00,-1,1.25,TP,False
S2-16,london_fix_momentum,EURAUD,2015-02-25 15:15:00+00:00,2015-02-25 15:30:00+00:00,2015-02-25 15:30:00+00:00,-1,-1.0000000000000673,SL,False
S2-16,london_fix_momentum,EURAUD,2015-02-26 15:00:00+00:00,2015-02-26 15:15:00+00:00,2015-02-26 16:15:00+00:00,-1,-0.9999999999999671,SL,False
S2-16,london_fix_momentum,EURAUD,2015-02-27 15:00:00+00:00,2015-02-27 15:15:00+00:00,2015-02-27 15:15:00+00:00,-1,-0.9999999999999434,SL,False
S2-16,london_fix_momentum,EURAUD,2015-02-27 15:30:00+00:00,2015-02-27 15:45:00+00:00,2015-02-27 16:00:00+00:00,-1,-0.44544810843617233,FRIDAY,False
S2-16,london_fix_momentum,EURAUD,2015-03-02 15:30:00+00:00,2015-03-02 15:45:00+00:00,2015-03-02 15:45:00+00:00,1,-0.9999999999999263,SL,False
S2-16,london_fix_momentum,EURAUD,2015-03-03 15:00:00+00:00,2015-03-03 15:15:00+00:00,2015-03-03 16:15:00+00:00,-1,-1.0000000000000238,SL,False
S2-16,london_fix_momentum,EURAUD,2015-03-04 15:00:00+00:00,2015-03-04 15:15:00+00:00,2015-03-04 15:45:00+00:00,-1,1.2500000000000606,TP,False
S2-16,london_fix_momentum,EURAUD,2015-03-04 15:45:00+00:00,2015-03-04 16:00:00+00:00,2015-03-04 18:45:00+00:00,-1,-1.000000000000053,SL,False
S2-16,london_fix_momentum,EURAUD,2015-03-05 15:15:00+00:00,2015-03-05 15:30:00+00:00,2015-03-05 19:15:00+00:00,-1,-0.2190932935327751,TIME,False
S2-16,london_fix_momentum,EURAUD,2015-03-06 15:00:00+00:00,2015-03-06 15:15:00+00:00,2015-03-06 16:00:00+00:00,-1,0.05386293767838698,FRIDAY,False
S2-16,london_fix_momentum,EURAUD,2015-03-09 15:45:00+00:00,2015-03-09 16:00:00+00:00,2015-03-09 16:45:00+00:00,-1,-1.0000000000000224,SL,False
S2-16,london_fix_momentum,EURAUD,2015-03-10 15:15:00+00:00,2015-03-10 15:30:00+00:00,2015-03-10 16:00:00+00:00,-1,-1.0000000000000162,SL,False
S2-16,london_fix_momentum,EURAUD,2015-03-11 15:30:00+00:00,2015-03-11 15:45:00+00:00,2015-03-11 16:30:00+00:00,-1,1.2500000000000162,TP,False
S2-16,london_fix_momentum,EURAUD,2015-03-12 15:00:00+00:00,2015-03-12 15:15:00+00:00,2015-03-12 19:00:00+00:00,-1,-0.29301835978618984,TIME,False
S2-16,london_fix_momentum,EURAUD,2015-03-13 15:15:00+00:00,2015-03-13 15:30:00+00:00,2015-03-13 15:45:00+00:00,-1,-0.9999999999999626,SL,False
S2-16,london_fix_momentum,EURAUD,2015-03-17 15:15:00+00:00,2015-03-17 15:30:00+00:00,2015-03-17 16:45:00+00:00,1,-0.9999999999999655,SL,False
S2-16,london_fix_momentum,EURAUD,2015-03-19 15:00:00+00:00,2015-03-19 15:15:00+00:00,2015-03-19 15:45:00+00:00,1,-1.00000000000003,SL,False
S2-16,london_fix_momentum,EURAUD,2015-03-24 15:00:00+00:00,2015-03-24 15:15:00+00:00,2015-03-24 15:45:00+00:00,-1,-1.0,SL,False
S2-16,london_fix_momentum,EURAUD,2015-03-25 15:00:00+00:00,2015-03-25 15:15:00+00:00,2015-03-25 15:45:00+00:00,1,1.2500000000000318,TP,False
S2-16,london_fix_momentum,EURAUD,2015-03-25 15:45:00+00:00,2015-03-25 16:00:00+00:00,2015-03-25 19:45:00+00:00,1,0.29086421500544063,TIME,False
S2-16,london_fix_momentum,EURAUD,2015-03-30 15:45:00+00:00,2015-03-30 16:00:00+00:00,2015-03-30 18:15:00+00:00,1,-0.9999999999999818,SL,False
S2-16,london_fix_momentum,EURAUD,2015-04-01 15:00:00+00:00,2015-04-01 15:15:00+00:00,2015-04-01 16:30:00+00:00,1,1.2500000000000524,TP,False
S2-16,london_fix_momentum,EURAUD,2015-04-02 15:15:00+00:00,2015-04-02 15:30:00+00:00,2015-04-02 19:15:00+00:00,1,-0.23143088991073843,TIME,False
S2-16,london_fix_momentum,EURAUD,2015-04-03 15:30:00+00:00,2015-04-03 15:45:00+00:00,2015-04-03 16:00:00+00:00,1,0.21762404776611077,FRIDAY,False
S2-16,london_fix_momentum,EURAUD,2015-04-07 15:30:00+00:00,2015-04-07 15:45:00+00:00,2015-04-07 18:00:00+00:00,-1,1.2500000000000622,TP,False
S2-16,london_fix_momentum,EURAUD,2015-04-08 15:15:00+00:00,2015-04-08 15:30:00+00:00,2015-04-08 15:45:00+00:00,-1,-1.000000000000058,SL,False
S2-16,london_fix_momentum,EURAUD,2015-04-08 15:45:00+00:00,2015-04-08 16:00:00+00:00,2015-04-08 16:45:00+00:00,-1,-1.0000000000000189,SL,False
S2-16,london_fix_momentum,EURAUD,2015-04-09 15:15:00+00:00,2015-04-09 15:30:00+00:00,2015-04-09 16:00:00+00:00,-1,1.2499999999999603,TP,False
S2-16,london_fix_momentum,EURAUD,2015-04-10 15:15:00+00:00,2015-04-10 15:30:00+00:00,2015-04-10 16:00:00+00:00,-1,-0.06848509873454617,FRIDAY,False
S2-16,london_fix_momentum,EURAUD,2015-04-13 15:00:00+00:00,2015-04-13 15:15:00+00:00,2015-04-13 16:15:00+00:00,1,-1.0000000000000289,SL,False
S2-16,london_fix_momentum,EURAUD,2015-04-14 15:30:00+00:00,2015-04-14 15:45:00+00:00,2015-04-14 16:30:00+00:00,1,-1.0000000000000289,SL,False
S2-16,london_fix_momentum,EURAUD,2015-04-16 15:15:00+00:00,2015-04-16 15:30:00+00:00,2015-04-16 17:15:00+00:00,-1,-0.9999999999999705,SL,False
S2-16,london_fix_momentum,EURAUD,2015-04-21 15:00:00+00:00,2015-04-21 15:15:00+00:00,2015-04-21 15:30:00+00:00,1,1.2500000000000442,TP,False
S2-16,london_fix_momentum,EURAUD,2015-04-21 15:30:00+00:00,2015-04-21 15:45:00+00:00,2015-04-21 16:00:00+00:00,1,-1.0000000000000213,SL,False
S2-16,london_fix_momentum,EURAUD,2015-04-22 15:00:00+00:00,2015-04-22 15:15:00+00:00,2015-04-22 18:30:00+00:00,-1,-0.9999999999999436,SL,False
S2-16,london_fix_momentum,EURAUD,2015-04-23 15:15:00+00:00,2015-04-23 15:30:00+00:00,2015-04-23 15:30:00+00:00,1,-1.0000000000000482,SL,False
S2-16,london_fix_momentum,EURAUD,2015-04-27 15:30:00+00:00,2015-04-27 15:45:00+00:00,2015-04-27 16:15:00+00:00,-1,-1.0,SL,False
S2-16,london_fix_momentum,EURAUD,2015-04-28 15:00:00+00:00,2015-04-28 15:15:00+00:00,2015-04-28 16:30:00+00:00,-1,1.2500000000000506,TP,False
S2-16,london_fix_momentum,EURAUD,2015-04-30 15:15:00+00:00,2015-04-30 15:30:00+00:00,2015-04-30 16:00:00+00:00,1,-1.0000000000000113,SL,False
S2-16,london_fix_momentum,EURAUD,2015-05-01 15:00:00+00:00,2015-05-01 15:15:00+00:00,2015-05-01 16:00:00+00:00,1,-0.03451919690031701,FRIDAY,False
S2-16,london_fix_momentum,EURAUD,2015-05-05 15:15:00+00:00,2015-05-05 15:30:00+00:00,2015-05-05 15:45:00+00:00,-1,1.2500000000000124,TP,False
S2-16,london_fix_momentum,EURAUD,2015-05-07 15:00:00+00:00,2015-05-07 15:15:00+00:00,2015-05-07 19:00:00+00:00,1,0.21648775032413864,TIME,False
S2-16,london_fix_momentum,EURAUD,2015-05-11 15:45:00+00:00,2015-05-11 16:00:00+00:00,2015-05-11 19:30:00+00:00,-1,-0.9999999999999853,SL,False
S2-16,london_fix_momentum,EURAUD,2015-05-12 15:00:00+00:00,2015-05-12 15:15:00+00:00,2015-05-12 16:15:00+00:00,-1,-0.9999999999999695,SL,False
S2-16,london_fix_momentum,EURAUD,2015-05-13 15:00:00+00:00,2015-05-13 15:15:00+00:00,2015-05-13 19:00:00+00:00,-1,-0.10712781249592863,TIME,False
S2-16,london_fix_momentum,EURAUD,2015-05-15 15:30:00+00:00,2015-05-15 15:45:00+00:00,2015-05-15 16:00:00+00:00,1,0.21190337413379962,FRIDAY,False
S2-16,london_fix_momentum,EURAUD,2015-05-19 15:00:00+00:00,2015-05-19 15:15:00+00:00,2015-05-19 15:30:00+00:00,-1,-0.9999999999999677,SL,False
S2-16,london_fix_momentum,EURAUD,2015-05-19 15:30:00+00:00,2015-05-19 15:45:00+00:00,2015-05-19 19:00:00+00:00,-1,-0.999999999999984,SL,False
S2-16,london_fix_momentum,EURAUD,2015-05-21 15:00:00+00:00,2015-05-21 15:15:00+00:00,2015-05-21 15:15:00+00:00,1,-1.0000000000000575,SL,False
S2-16,london_fix_momentum,EURAUD,2015-05-21 15:30:00+00:00,2015-05-21 15:45:00+00:00,2015-05-21 19:30:00+00:00,1,-0.13619638086597105,TIME,False
S2-16,london_fix_momentum,EURAUD,2015-05-25 15:00:00+00:00,2015-05-25 15:15:00+00:00,2015-05-25 15:15:00+00:00,-1,-0.9999999999999563,SL,False
S2-16,london_fix_momentum,EURAUD,2015-05-25 15:15:00+00:00,2015-05-25 15:30:00+00:00,2015-05-25 15:45:00+00:00,-1,-1.0000000000001292,SL,False
S2-16,london_fix_momentum,EURAUD,2015-05-27 15:15:00+00:00,2015-05-27 15:30:00+00:00,2015-05-27 15:30:00+00:00,1,1.25,TP,False
S2-16,london_fix_momentum,EURAUD,2015-05-27 15:30:00+00:00,2015-05-27 15:45:00+00:00,2015-05-27 19:30:00+00:00,1,-0.16810482823040215,TIME,False
S2-16,london_fix_momentum,EURAUD,2015-05-28 15:00:00+00:00,2015-05-28 15:15:00+00:00,2015-05-28 19:00:00+00:00,1,0.3144480317893953,TIME,False
S2-16,london_fix_momentum,EURAUD,2015-05-29 15:00:00+00:00,2015-05-29 15:15:00+00:00,2015-05-29 15:30:00+00:00,1,1.2499999999999725,TP,False
S2-16,london_fix_momentum,EURAUD,2015-05-29 15:30:00+00:00,2015-05-29 15:45:00+00:00,2015-05-29 16:00:00+00:00,1,-0.11493104879390219,FRIDAY,False
S2-16,london_fix_momentum,EURAUD,2015-06-01 15:00:00+00:00,2015-06-01 15:15:00+00:00,2015-06-01 16:00:00+00:00,1,1.25,TP,False
S2-16,london_fix_momentum,EURAUD,2015-06-02 15:00:00+00:00,2015-06-02 15:15:00+00:00,2015-06-02 19:00:00+00:00,1,-0.6618727113387765,TIME,False
S2-16,london_fix_momentum,EURAUD,2015-06-03 15:00:00+00:00,2015-06-03 15:15:00+00:00,2015-06-03 19:00:00+00:00,1,0.48704355015184303,TIME,False
S2-16,london_fix_momentum,EURAUD,2015-06-04 15:45:00+00:00,2015-06-04 16:00:00+00:00,2015-06-04 17:30:00+00:00,1,-0.9999999999999591,SL,False
S2-16,london_fix_momentum,EURAUD,2015-06-08 15:30:00+00:00,2015-06-08 15:45:00+00:00,2015-06-08 17:45:00+00:00,1,-1.0000000000000304,SL,False
S2-16,london_fix_momentum,EURAUD,2015-06-10 15:15:00+00:00,2015-06-10 15:30:00+00:00,2015-06-10 16:30:00+00:00,-1,1.25,TP,False
S2-16,london_fix_momentum,EURAUD,2015-06-11 15:15:00+00:00,2015-06-11 15:30:00+00:00,2015-06-11 19:15:00+00:00,-1,1.2141286497620174,TIME,False
S2-16,london_fix_momentum,EURAUD,2015-06-15 15:00:00+00:00,2015-06-15 15:15:00+00:00,2015-06-15 15:45:00+00:00,-1,-1.0000000000000162,SL,False
S2-16,london_fix_momentum,EURAUD,2015-06-16 15:00:00+00:00,2015-06-16 15:15:00+00:00,2015-06-16 16:45:00+00:00,-1,-0.9999999999999668,SL,False
S2-16,london_fix_momentum,EURAUD,2015-06-17 15:00:00+00:00,2015-06-17 15:15:00+00:00,2015-06-17 16:30:00+00:00,1,1.2500000000000173,TP,False
S2-16,london_fix_momentum,EURAUD,2015-06-22 15:00:00+00:00,2015-06-22 15:15:00+00:00,2015-06-22 15:30:00+00:00,1,-1.000000000000015,SL,False
S2-16,london_fix_momentum,EURAUD,2015-06-23 15:00:00+00:00,2015-06-23 15:15:00+00:00,2015-06-23 19:00:00+00:00,-1,0.49838016362238274,TIME,False
S2-16,london_fix_momentum,EURAUD,2015-06-25 15:00:00+00:00,2015-06-25 15:15:00+00:00,2015-06-25 16:00:00+00:00,-1,-0.9999999999999798,SL,False
S2-16,london_fix_momentum,EURAUD,2015-06-26 15:00:00+00:00,2015-06-26 15:15:00+00:00,2015-06-26 16:00:00+00:00,1,-0.4607836374297244,FRIDAY,False
S2-16,london_fix_momentum,EURAUD,2015-07-02 15:15:00+00:00,2015-07-02 15:30:00+00:00,2015-07-02 16:00:00+00:00,1,-1.0000000000000286,SL,False
S2-16,london_fix_momentum,EURAUD,2015-07-03 15:00:00+00:00,2015-07-03 15:15:00+00:00,2015-07-03 15:30:00+00:00,1,-1.000000000000059,SL,False
S2-16,london_fix_momentum,EURAUD,2015-07-08 15:00:00+00:00,2015-07-08 15:15:00+00:00,2015-07-08 19:00:00+00:00,1,1.25,TP,False
S2-16,london_fix_momentum,EURAUD,2015-07-10 15:30:00+00:00,2015-07-10 15:45:00+00:00,2015-07-10 16:00:00+00:00,1,0.18213733053098366,FRIDAY,False
S2-16,london_fix_momentum,EURAUD,2015-07-14 15:45:00+00:00,2015-07-14 16:00:00+00:00,2015-07-14 19:45:00+00:00,-1,0.6203864260912171,TIME,False
S2-16,london_fix_momentum,EURAUD,2015-07-16 15:00:00+00:00,2015-07-16 15:15:00+00:00,2015-07-16 16:15:00+00:00,-1,1.249999999999973,TP,False
S2-16,london_fix_momentum,EURAUD,2015-07-17 15:00:00+00:00,2015-07-17 15:15:00+00:00,2015-07-17 15:15:00+00:00,-1,-0.9999999999999638,SL,False
S2-16,london_fix_momentum,EURAUD,2015-07-17 15:45:00+00:00,2015-07-17 16:00:00+00:00,2015-07-17 16:00:00+00:00,-1,0.5324074304701083,FRIDAY,False
S2-16,london_fix_momentum,EURAUD,2015-07-22 15:00:00+00:00,2015-07-22 15:15:00+00:00,2015-07-22 19:00:00+00:00,1,0.7158157489913796,TIME,False
S2-16,london_fix_momentum,EURAUD,2015-07-23 15:45:00+00:00,2015-07-23 16:00:00+00:00,2015-07-23 16:15:00+00:00,1,1.2500000000000375,TP,False
S2-16,london_fix_momentum,EURAUD,2015-07-24 15:00:00+00:00,2015-07-24 15:15:00+00:00,2015-07-24 16:00:00+00:00,1,0.15682561136606524,FRIDAY,False
S2-16,london_fix_momentum,EURAUD,2015-07-27 15:00:00+00:00,2015-07-27 15:15:00+00:00,2015-07-27 19:00:00+00:00,1,0.7850356705173666,TIME,False
S2-16,london_fix_momentum,EURAUD,2015-07-29 15:00:00+00:00,2015-07-29 15:15:00+00:00,2015-07-29 16:00:00+00:00,-1,-0.9999999999999678,SL,False
S2-16,london_fix_momentum,EURAUD,2015-07-30 15:00:00+00:00,2015-07-30 15:15:00+00:00,2015-07-30 16:15:00+00:00,-1,1.2499999999999838,TP,False
S2-16,london_fix_momentum,EURAUD,2015-08-03 15:15:00+00:00,2015-08-03 15:30:00+00:00,2015-08-03 19:15:00+00:00,1,-1.0,SL,False
S2-16,london_fix_momentum,EURAUD,2015-08-04 15:00:00+00:00,2015-08-04 15:15:00+00:00,2015-08-04 18:00:00+00:00,-1,1.250000000000057,TP,False
S2-16,london_fix_momentum,EURAUD,2015-08-07 15:00:00+00:00,2015-08-07 15:15:00+00:00,2015-08-07 15:45:00+00:00,-1,-1.0000000000000364,SL,False
S2-16,london_fix_momentum,EURAUD,2015-08-10 15:00:00+00:00,2015-08-10 15:15:00+00:00,2015-08-10 15:45:00+00:00,1,-0.9999999999999397,SL,False
S2-16,london_fix_momentum,EURAUD,2015-08-10 15:45:00+00:00,2015-08-10 16:00:00+00:00,2015-08-10 16:30:00+00:00,1,1.25,TP,False
S2-16,london_fix_momentum,EURAUD,2015-08-11 15:00:00+00:00,2015-08-11 15:15:00+00:00,2015-08-11 16:00:00+00:00,1,-1.00000000000003,SL,False
S2-16,london_fix_momentum,EURAUD,2015-08-12 15:15:00+00:00,2015-08-12 15:30:00+00:00,2015-08-12 16:15:00+00:00,1,-0.9999999999999639,SL,False
S2-16,london_fix_momentum,EURAUD,2015-08-14 15:00:00+00:00,2015-08-14 15:15:00+00:00,2015-08-14 16:00:00+00:00,-1,0.46838185365222734,FRIDAY,False
S2-16,london_fix_momentum,EURAUD,2015-08-17 15:00:00+00:00,2015-08-17 15:15:00+00:00,2015-08-17 19:00:00+00:00,-1,-0.6603563161298183,TIME,False
S2-16,london_fix_momentum,EURAUD,2015-08-20 15:45:00+00:00,2015-08-20 16:00:00+00:00,2015-08-20 18:30:00+00:00,1,1.25,TP,False
S2-16,london_fix_momentum,EURAUD,2015-08-21 15:00:00+00:00,2015-08-21 15:15:00+00:00,2015-08-21 15:15:00+00:00,1,-0.9999999999999722,SL,False
S2-16,london_fix_momentum,EURAUD,2015-08-21 15:30:00+00:00,2015-08-21 15:45:00+00:00,2015-08-21 16:00:00+00:00,1,-0.004166105753902182,FRIDAY,False
S2-16,london_fix_momentum,EURAUD,2015-08-24 15:15:00+00:00,2015-08-24 15:30:00+00:00,2015-08-24 16:30:00+00:00,1,-1.0000000000000022,SL,False
S2-16,london_fix_momentum,EURAUD,2015-08-27 15:00:00+00:00,2015-08-27 15:15:00+00:00,2015-08-27 16:15:00+00:00,-1,1.2499999999999798,TP,False
S2-16,london_fix_momentum,EURAUD,2015-08-28 15:15:00+00:00,2015-08-28 15:30:00+00:00,2015-08-28 16:00:00+00:00,-1,1.1314258266650656,FRIDAY,False
S2-16,london_fix_momentum,EURAUD,2015-09-01 15:15:00+00:00,2015-09-01 15:30:00+00:00,2015-09-01 17:00:00+00:00,1,1.2500000000000253,TP,False
S2-16,london_fix_momentum,EURAUD,2015-09-03 15:30:00+00:00,2015-09-03 15:45:00+00:00,2015-09-03 17:00:00+00:00,-1,-0.9999999999999925,SL,False
S2-16,london_fix_momentum,EURAUD,2015-09-04 15:00:00+00:00,2015-09-04 15:15:00+00:00,2015-09-04 16:00:00+00:00,1,0.6642730902542742,FRIDAY,False
S2-16,london_fix_momentum,EURAUD,2015-09-07 15:00:00+00:00,2015-09-07 15:15:00+00:00,2015-09-07 19:00:00+00:00,1,0.010149728023755052,TIME,False
S2-16,london_fix_momentum,EURAUD,2015-09-08 15:00:00+00:00,2015-09-08 15:15:00+00:00,2015-09-08 16:00:00+00:00,-1,1.2499999999999876,TP,False
S2-16,london_fix_momentum,EURAUD,2015-09-10 15:15:00+00:00,2015-09-10 15:30:00+00:00,2015-09-10 17:15:00+00:00,-1,-0.9999999999999917,SL,False
S2-16,london_fix_momentum,EURAUD,2015-09-11 15:00:00+00:00,2015-09-11 15:15:00+00:00,2015-09-11 16:00:00+00:00,1,-0.5720148261246542,FRIDAY,False
S2-16,london_fix_momentum,EURAUD,2015-09-14 15:30:00+00:00,2015-09-14 15:45:00+00:00,2015-09-14 16:15:00+00:00,-1,-0.999999999999975,SL,False
S2-16,london_fix_momentum,EURAUD,2015-09-16 15:45:00+00:00,2015-09-16 16:00:00+00:00,2015-09-16 18:00:00+00:00,-1,1.2500000000000284,TP,False
S2-16,london_fix_momentum,EURAUD,2015-09-18 15:00:00+00:00,2015-09-18 15:15:00+00:00,2015-09-18 16:00:00+00:00,-1,-0.6137235235117116,FRIDAY,False
S2-16,london_fix_momentum,EURAUD,2015-09-21 15:30:00+00:00,2015-09-21 15:45:00+00:00,2015-09-21 15:45:00+00:00,-1,-1.0000000000000262,SL,False
S2-16,london_fix_momentum,EURAUD,2015-09-23 15:00:00+00:00,2015-09-23 15:15:00+00:00,2015-09-23 16:15:00+00:00,1,1.25,TP,False
S2-16,london_fix_momentum,EURAUD,2015-09-24 15:45:00+00:00,2015-09-24 16:00:00+00:00,2015-09-24 16:30:00+00:00,1,-1.0000000000000087,SL,False
S2-16,london_fix_momentum,EURAUD,2015-09-28 15:15:00+00:00,2015-09-28 15:30:00+00:00,2015-09-28 17:15:00+00:00,1,1.2500000000000104,TP,False
S2-16,london_fix_momentum,EURAUD,2015-09-30 15:00:00+00:00,2015-09-30 15:15:00+00:00,2015-09-30 16:00:00+00:00,-1,-1.0000000000000124,SL,False
S2-16,london_fix_momentum,EURAUD,2015-10-02 15:30:00+00:00,2015-10-02 15:45:00+00:00,2015-10-02 16:00:00+00:00,1,0.0680450566720222,FRIDAY,False
S2-16,london_fix_momentum,EURAUD,2015-10-05 15:00:00+00:00,2015-10-05 15:15:00+00:00,2015-10-05 16:00:00+00:00,-1,1.2500000000000253,TP,False
S2-16,london_fix_momentum,EURAUD,2015-10-07 15:45:00+00:00,2015-10-07 16:00:00+00:00,2015-10-07 19:45:00+00:00,-1,0.5293818710109017,TIME,False
S2-16,london_fix_momentum,EURAUD,2015-10-08 15:00:00+00:00,2015-10-08 15:15:00+00:00,2015-10-08 15:45:00+00:00,-1,1.249999999999972,TP,False
S2-16,london_fix_momentum,EURAUD,2015-10-08 15:45:00+00:00,2015-10-08 16:00:00+00:00,2015-10-08 18:00:00+00:00,-1,1.2499999999999853,TP,False
S2-16,london_fix_momentum,EURAUD,2015-10-09 15:30:00+00:00,2015-10-09 15:45:00+00:00,2015-10-09 16:00:00+00:00,-1,0.09437949330454555,FRIDAY,False
S2-16,london_fix_momentum,EURAUD,2015-10-12 15:00:00+00:00,2015-10-12 15:15:00+00:00,2015-10-12 16:45:00+00:00,-1,-0.9999999999999833,SL,False
S2-16,london_fix_momentum,EURAUD,2015-10-13 15:00:00+00:00,2015-10-13 15:15:00+00:00,2015-10-13 15:45:00+00:00,1,1.25,TP,False
S2-16,london_fix_momentum,EURAUD,2015-10-13 15:45:00+00:00,2015-10-13 16:00:00+00:00,2015-10-13 19:00:00+00:00,1,1.2500000000000322,TP,False
S2-16,london_fix_momentum,EURAUD,2015-10-14 15:15:00+00:00,2015-10-14 15:30:00+00:00,2015-10-14 19:00:00+00:00,1,-1.000000000000021,SL,False
S2-16,london_fix_momentum,EURAUD,2015-10-19 15:30:00+00:00,2015-10-19 15:45:00+00:00,2015-10-19 18:45:00+00:00,-1,-1.000000000000035,SL,False
S2-16,london_fix_momentum,EURAUD,2015-10-21 15:00:00+00:00,2015-10-21 15:15:00+00:00,2015-10-21 15:15:00+00:00,1,-0.9999999999999838,SL,False
S2-16,london_fix_momentum,EURAUD,2015-10-21 15:45:00+00:00,2015-10-21 16:00:00+00:00,2015-10-21 19:45:00+00:00,1,1.2499999999999714,TP,False
S2-16,london_fix_momentum,EURAUD,2015-10-22 15:30:00+00:00,2015-10-22 15:45:00+00:00,2015-10-22 19:30:00+00:00,-1,1.249999999999985,TP,False
S2-16,london_fix_momentum,EURAUD,2015-10-23 15:00:00+00:00,2015-10-23 15:15:00+00:00,2015-10-23 16:00:00+00:00,-1,-0.39290925795816894,FRIDAY,False
S2-16,london_fix_momentum,EURAUD,2015-10-26 15:30:00+00:00,2015-10-26 15:45:00+00:00,2015-10-26 17:00:00+00:00,-1,-1.0000000000000373,SL,False
S2-16,london_fix_momentum,EURAUD,2015-10-28 15:15:00+00:00,2015-10-28 15:30:00+00:00,2015-10-28 15:45:00+00:00,1,-1.000000000000052,SL,False
S2-16,london_fix_momentum,EURAUD,2015-10-29 15:00:00+00:00,2015-10-29 15:15:00+00:00,2015-10-29 18:45:00+00:00,1,1.2499999999999871,TP,False
S2-16,london_fix_momentum,EURAUD,2015-10-30 15:00:00+00:00,2015-10-30 15:15:00+00:00,2015-10-30 15:30:00+00:00,1,-1.0000000000000442,SL,False
S2-16,london_fix_momentum,EURAUD,2015-11-02 15:30:00+00:00,2015-11-02 15:45:00+00:00,2015-11-02 15:45:00+00:00,-1,-0.9999999999999497,SL,False
S2-16,london_fix_momentum,EURAUD,2015-11-02 15:45:00+00:00,2015-11-02 16:00:00+00:00,2015-11-02 19:45:00+00:00,-1,0.6323171464296997,TIME,False
S2-16,london_fix_momentum,EURAUD,2015-11-03 15:15:00+00:00,2015-11-03 15:30:00+00:00,2015-11-03 17:15:00+00:00,-1,1.249999999999962,TP,False
S2-16,london_fix_momentum,EURAUD,2015-11-04 15:00:00+00:00,2015-11-04 15:15:00+00:00,2015-11-04 16:00:00+00:00,-1,-0.9999999999999857,SL,False
S2-16,london_fix_momentum,EURAUD,2015-11-06 15:15:00+00:00,2015-11-06 15:30:00+00:00,2015-11-06 15:45:00+00:00,-1,-0.9999999999999805,SL,False
S2-16,london_fix_momentum,EURAUD,2015-11-10 15:30:00+00:00,2015-11-10 15:45:00+00:00,2015-11-10 16:45:00+00:00,-1,1.250000000000018,TP,False
S2-16,london_fix_momentum,EURAUD,2015-11-13 15:15:00+00:00,2015-11-13 15:30:00+00:00,2015-11-13 15:45:00+00:00,-1,1.2500000000000453,TP,False
S2-16,london_fix_momentum,EURAUD,2015-11-13 15:45:00+00:00,2015-11-13 16:00:00+00:00,2015-11-13 16:00:00+00:00,-1,-0.3772132002327497,FRIDAY,False
S2-16,london_fix_momentum,EURAUD,2015-11-17 15:00:00+00:00,2015-11-17 15:15:00+00:00,2015-11-17 19:00:00+00:00,-1,0.5059951816160119,TIME,False
S2-16,london_fix_momentum,EURAUD,2015-11-19 15:00:00+00:00,2015-11-19 15:15:00+00:00,2015-11-19 15:45:00+00:00,-1,1.2499999999999487,TP,False
S2-16,london_fix_momentum,EURAUD,2015-11-20 15:00:00+00:00,2015-11-20 15:15:00+00:00,2015-11-20 15:30:00+00:00,-1,-1.0,SL,False
S2-16,london_fix_momentum,EURAUD,2015-11-20 15:30:00+00:00,2015-11-20 15:45:00+00:00,2015-11-20 16:00:00+00:00,-1,0.26212759913357986,FRIDAY,False
S2-16,london_fix_momentum,EURAUD,2015-11-23 15:00:00+00:00,2015-11-23 15:15:00+00:00,2015-11-23 15:45:00+00:00,-1,1.250000000000018,TP,False
S2-16,london_fix_momentum,EURAUD,2015-11-23 15:45:00+00:00,2015-11-23 16:00:00+00:00,2015-11-23 16:00:00+00:00,-1,-0.9999999999999802,SL,False
S2-16,london_fix_momentum,EURAUD,2015-11-24 15:15:00+00:00,2015-11-24 15:30:00+00:00,2015-11-24 19:15:00+00:00,-1,-0.1473655760886877,TIME,False
S2-16,london_fix_momentum,EURAUD,2015-11-27 15:00:00+00:00,2015-11-27 15:15:00+00:00,2015-11-27 15:45:00+00:00,1,1.25,TP,False
S2-16,london_fix_momentum,EURAUD,2015-11-27 15:45:00+00:00,2015-11-27 16:00:00+00:00,2015-11-27 16:00:00+00:00,1,-0.5695823421085399,FRIDAY,False
S2-16,london_fix_momentum,EURAUD,2015-11-30 15:00:00+00:00,2015-11-30 15:15:00+00:00,2015-11-30 15:30:00+00:00,-1,1.2499999999999523,TP,False
S2-16,london_fix_momentum,EURAUD,2015-11-30 15:30:00+00:00,2015-11-30 15:45:00+00:00,2015-11-30 15:45:00+00:00,-1,1.2500000000000457,TP,False
S2-16,london_fix_momentum,EURAUD,2015-11-30 15:45:00+00:00,2015-11-30 16:00:00+00:00,2015-11-30 16:00:00+00:00,-1,-0.9999999999999811,SL,False
S2-16,london_fix_momentum,EURAUD,2015-12-01 15:00:00+00:00,2015-12-01 15:15:00+00:00,2015-12-01 16:15:00+00:00,-1,1.25,TP,False
S2-16,london_fix_momentum,EURAUD,2015-12-02 15:00:00+00:00,2015-12-02 15:15:00+00:00,2015-12-02 15:15:00+00:00,-1,1.2500000000000344,TP,False
S2-16,london_fix_momentum,EURAUD,2015-12-02 15:15:00+00:00,2015-12-02 15:30:00+00:00,2015-12-02 15:45:00+00:00,-1,-0.9999999999999839,SL,False
S2-16,london_fix_momentum,EURAUD,2015-12-03 15:00:00+00:00,2015-12-03 15:15:00+00:00,2015-12-03 16:30:00+00:00,1,1.2500000000000036,TP,False
S2-16,london_fix_momentum,EURAUD,2015-12-07 15:00:00+00:00,2015-12-07 15:15:00+00:00,2015-12-07 15:15:00+00:00,1,-1.0,SL,False
S2-16,london_fix_momentum,EURAUD,2015-12-07 15:30:00+00:00,2015-12-07 15:45:00+00:00,2015-12-07 17:45:00+00:00,1,1.2500000000000464,TP,False
S2-16,london_fix_momentum,EURAUD,2015-12-08 15:15:00+00:00,2015-12-08 15:30:00+00:00,2015-12-08 15:30:00+00:00,1,-0.9999999999999885,SL,False
S2-16,london_fix_momentum,EURAUD,2015-12-09 15:00:00+00:00,2015-12-09 15:15:00+00:00,2015-12-09 15:30:00+00:00,1,-1.0000000000000395,SL,False
S2-16,london_fix_momentum,EURAUD,2015-12-09 15:45:00+00:00,2015-12-09 16:00:00+00:00,2015-12-09 16:15:00+00:00,1,1.250000000000035,TP,False
S2-16,london_fix_momentum,EURAUD,2015-12-10 15:15:00+00:00,2015-12-10 15:30:00+00:00,2015-12-10 15:30:00+00:00,-1,1.249999999999986,TP,False
S2-16,london_fix_momentum,EURAUD,2015-12-10 15:30:00+00:00,2015-12-10 15:45:00+00:00,2015-12-10 15:45:00+00:00,-1,-1.0000000000000135,SL,False
S2-16,london_fix_momentum,EURAUD,2015-12-11 15:15:00+00:00,2015-12-11 15:30:00+00:00,2015-12-11 16:00:00+00:00,1,0.6269974014818842,FRIDAY,False
S2-16,london_fix_momentum,EURAUD,2015-12-15 15:15:00+00:00,2015-12-15 15:30:00+00:00,2015-12-15 16:00:00+00:00,1,1.2500000000000295,TP,False
S2-16,london_fix_momentum,EURAUD,2015-12-16 15:15:00+00:00,2015-12-16 15:30:00+00:00,2015-12-16 15:30:00+00:00,-1,-0.9999999999999485,SL,False
S2-16,london_fix_momentum,EURAUD,2015-12-21 15:15:00+00:00,2015-12-21 15:30:00+00:00,2015-12-21 15:45:00+00:00,1,1.2500000000000207,TP,False
S2-16,london_fix_momentum,EURAUD,2015-12-21 15:45:00+00:00,2015-12-21 16:00:00+00:00,2015-12-21 16:15:00+00:00,1,1.2500000000000373,TP,False
S2-16,london_fix_momentum,EURAUD,2015-12-23 15:00:00+00:00,2015-12-23 15:15:00+00:00,2015-12-23 15:30:00+00:00,-1,1.250000000000038,TP,False
S2-16,london_fix_momentum,EURAUD,2015-12-23 15:30:00+00:00,2015-12-23 15:45:00+00:00,2015-12-23 15:45:00+00:00,-1,1.249999999999948,TP,False
S2-16,london_fix_momentum,EURAUD,2015-12-23 15:45:00+00:00,2015-12-23 16:00:00+00:00,2015-12-23 16:00:00+00:00,-1,-0.9999999999999848,SL,False
S2-16,london_fix_momentum,EURAUD,2015-12-28 15:30:00+00:00,2015-12-28 15:45:00+00:00,2015-12-28 16:30:00+00:00,1,1.2499999999999372,TP,False
S2-16,london_fix_momentum,EURAUD,2015-12-29 15:15:00+00:00,2015-12-29 15:30:00+00:00,2015-12-29 16:00:00+00:00,-1,1.2499999999999667,TP,False
S2-16,london_fix_momentum,EURAUD,2015-12-30 15:15:00+00:00,2015-12-30 15:30:00+00:00,2015-12-30 16:15:00+00:00,-1,-0.9999999999999826,SL,False
S2-16,london_fix_momentum,EURAUD,2015-12-31 15:00:00+00:00,2015-12-31 15:15:00+00:00,2015-12-31 15:15:00+00:00,-1,-0.9999999999999382,SL,False
S2-16,london_fix_momentum,EURAUD,2016-01-04 15:00:00+00:00,2016-01-04 15:15:00+00:00,2016-01-04 16:30:00+00:00,1,-1.0000000000000382,SL,False
S2-16,london_fix_momentum,EURAUD,2016-01-05 15:15:00+00:00,2016-01-05 15:30:00+00:00,2016-01-05 17:45:00+00:00,-1,-1.0000000000000475,SL,False
S2-16,london_fix_momentum,EURAUD,2016-01-06 15:00:00+00:00,2016-01-06 15:15:00+00:00,2016-01-06 15:30:00+00:00,1,1.25,TP,False
S2-16,london_fix_momentum,EURAUD,2016-01-06 15:30:00+00:00,2016-01-06 15:45:00+00:00,2016-01-06 16:00:00+00:00,1,-0.9999999999999863,SL,False
S2-16,london_fix_momentum,EURAUD,2016-01-07 15:00:00+00:00,2016-01-07 15:15:00+00:00,2016-01-07 15:30:00+00:00,1,-1.0000000000000087,SL,False
S2-16,london_fix_momentum,EURAUD,2016-01-08 15:00:00+00:00,2016-01-08 15:15:00+00:00,2016-01-08 16:00:00+00:00,1,-0.7528438469493279,FRIDAY,False
S2-16,london_fix_momentum,EURAUD,2016-01-15 15:00:00+00:00,2016-01-15 15:15:00+00:00,2016-01-15 15:30:00+00:00,1,-1.0000000000000215,SL,False
S2-16,london_fix_momentum,EURAUD,2016-01-15 15:30:00+00:00,2016-01-15 15:45:00+00:00,2016-01-15 16:00:00+00:00,1,0.27627719249233573,FRIDAY,False
S2-16,london_fix_momentum,EURAUD,2016-01-18 15:30:00+00:00,2016-01-18 15:45:00+00:00,2016-01-18 16:15:00+00:00,1,1.2499999999999452,TP,False
S2-16,london_fix_momentum,EURAUD,2016-01-19 15:15:00+00:00,2016-01-19 15:30:00+00:00,2016-01-19 15:45:00+00:00,-1,-1.0000000000000087,SL,False
S2-16,london_fix_momentum,EURAUD,2016-01-20 15:15:00+00:00,2016-01-20 15:30:00+00:00,2016-01-20 15:30:00+00:00,1,1.25,TP,False
S2-16,london_fix_momentum,EURAUD,2016-01-20 15:30:00+00:00,2016-01-20 15:45:00+00:00,2016-01-20 16:30:00+00:00,1,-1.000000000000015,SL,False
S2-16,london_fix_momentum,EURAUD,2016-01-21 15:00:00+00:00,2016-01-21 15:15:00+00:00,2016-01-21 16:00:00+00:00,-1,1.25,TP,False
S2-16,london_fix_momentum,EURAUD,2016-01-22 15:00:00+00:00,2016-01-22 15:15:00+00:00,2016-01-22 15:30:00+00:00,-1,-1.0,SL,False
S2-16,london_fix_momentum,EURAUD,2016-01-22 15:45:00+00:00,2016-01-22 16:00:00+00:00,2016-01-22 16:00:00+00:00,-1,-0.13423192913802812,FRIDAY,False
S2-16,london_fix_momentum,EURAUD,2016-01-27 15:30:00+00:00,2016-01-27 15:45:00+00:00,2016-01-27 16:30:00+00:00,-1,1.2500000000000342,TP,False
S2-16,london_fix_momentum,EURAUD,2016-01-28 15:45:00+00:00,2016-01-28 16:00:00+00:00,2016-01-28 18:15:00+00:00,-1,-0.9999999999999916,SL,False
S2-16,london_fix_momentum,EURAUD,2016-01-29 15:00:00+00:00,2016-01-29 15:15:00+00:00,2016-01-29 15:15:00+00:00,-1,-1.0000000000000107,SL,False
S2-16,london_fix_momentum,EURAUD,2016-01-29 15:30:00+00:00,2016-01-29 15:45:00+00:00,2016-01-29 16:00:00+00:00,-1,0.6864638741134752,FRIDAY,False
S2-16,london_fix_momentum,EURAUD,2016-02-03 15:00:00+00:00,2016-02-03 15:15:00+00:00,2016-02-03 15:15:00+00:00,1,-1.000000000000019,SL,False
S2-16,london_fix_momentum,EURAUD,2016-02-03 15:15:00+00:00,2016-02-03 15:30:00+00:00,2016-02-03 15:30:00+00:00,1,1.2500000000000182,TP,False
S2-16,london_fix_momentum,EURAUD,2016-02-04 15:15:00+00:00,2016-02-04 15:30:00+00:00,2016-02-04 15:45:00+00:00,1,-1.000000000000028,SL,False
S2-16,london_fix_momentum,EURAUD,2016-02-05 15:15:00+00:00,2016-02-05 15:30:00+00:00,2016-02-05 15:45:00+00:00,1,1.25,TP,False
S2-16,london_fix_momentum,EURAUD,2016-02-05 15:45:00+00:00,2016-02-05 16:00:00+00:00,2016-02-05 16:00:00+00:00,1,-0.47357461389528893,FRIDAY,False
S2-16,london_fix_momentum,EURAUD,2016-02-08 15:15:00+00:00,2016-02-08 15:30:00+00:00,2016-02-08 15:30:00+00:00,1,-1.0000000000000215,SL,False
S2-16,london_fix_momentum,EURAUD,2016-02-08 15:45:00+00:00,2016-02-08 16:00:00+00:00,2016-02-08 16:00:00+00:00,1,1.2500000000000209,TP,False
S2-16,london_fix_momentum,EURAUD,2016-02-09 15:15:00+00:00,2016-02-09 15:30:00+00:00,2016-02-09 16:00:00+00:00,1,-0.9999999999999942,SL,False
S2-16,london_fix_momentum,EURAUD,2016-02-15 15:30:00+00:00,2016-02-15 15:45:00+00:00,2016-02-15 16:00:00+00:00,-1,-1.0000000000000182,SL,False
S2-16,london_fix_momentum,EURAUD,2016-02-17 15:00:00+00:00,2016-02-17 15:15:00+00:00,2016-02-17 15:30:00+00:00,-1,1.2500000000000404,TP,False
S2-16,london_fix_momentum,EURAUD,2016-02-17 15:30:00+00:00,2016-02-17 15:45:00+00:00,2016-02-17 15:45:00+00:00,-1,1.250000000000023,TP,False
S2-16,london_fix_momentum,EURAUD,2016-02-17 15:45:00+00:00,2016-02-17 16:00:00+00:00,2016-02-17 17:00:00+00:00,-1,-1.0,SL,False
S2-16,london_fix_momentum,EURAUD,2016-02-18 15:00:00+00:00,2016-02-18 15:15:00+00:00,2016-02-18 15:45:00+00:00,-1,-0.9999999999999862,SL,False
S2-16,london_fix_momentum,EURAUD,2016-02-19 15:00:00+00:00,2016-02-19 15:15:00+00:00,2016-02-19 15:30:00+00:00,1,-0.9999999999999647,SL,False
S2-16,london_fix_momentum,EURAUD,2016-02-22 15:15:00+00:00,2016-02-22 15:30:00+00:00,2016-02-22 15:45:00+00:00,-1,-0.999999999999972,SL,False
S2-16,london_fix_momentum,EURAUD,2016-02-22 15:45:00+00:00,2016-02-22 16:00:00+00:00,2016-02-22 16:45:00+00:00,-1,1.249999999999957,TP,False
S2-16,london_fix_momentum,EURAUD,2016-02-23 15:15:00+00:00,2016-02-23 15:30:00+00:00,2016-02-23 15:45:00+00:00,-1,-1.0000000000000384,SL,False
S2-16,london_fix_momentum,EURAUD,2016-02-25 15:15:00+00:00,2016-02-25 15:30:00+00:00,2016-02-25 15:45:00+00:00,-1,-1.0000000000000377,SL,False
S2-16,london_fix_momentum,EURAUD,2016-02-26 15:30:00+00:00,2016-02-26 15:45:00+00:00,2016-02-26 16:00:00+00:00,-1,-1.1224551417845332,FRIDAY,False
S2-16,london_fix_momentum,EURAUD,2016-02-29 15:15:00+00:00,2016-02-29 15:30:00+00:00,2016-02-29 15:45:00+00:00,-1,1.2500000000000298,TP,False
S2-16,london_fix_momentum,EURAUD,2016-02-29 15:45:00+00:00,2016-02-29 16:00:00+00:00,2016-02-29 16:00:00+00:00,-1,1.2499999999999851,TP,False
S2-16,london_fix_momentum,EURAUD,2016-03-01 15:15:00+00:00,2016-03-01 15:30:00+00:00,2016-03-01 15:45:00+00:00,-1,-1.0,SL,False
S2-16,london_fix_momentum,EURAUD,2016-03-01 15:45:00+00:00,2016-03-01 16:00:00+00:00,2016-03-01 16:00:00+00:00,-1,1.2500000000000102,TP,False
S2-16,london_fix_momentum,EURAUD,2016-03-02 15:00:00+00:00,2016-03-02 15:15:00+00:00,2016-03-02 15:45:00+00:00,-1,1.2499999999999756,TP,False
S2-16,london_fix_momentum,EURAUD,2016-03-02 15:45:00+00:00,2016-03-02 16:00:00+00:00,2016-03-02 17:00:00+00:00,-1,-1.0000000000000104,SL,False
S2-16,london_fix_momentum,EURAUD,2016-03-03 15:15:00+00:00,2016-03-03 15:30:00+00:00,2016-03-03 15:45:00+00:00,-1,1.249999999999956,TP,False
S2-16,london_fix_momentum,EURAUD,2016-03-03 15:45:00+00:00,2016-03-03 16:00:00+00:00,2016-03-03 16:15:00+00:00,-1,-1.0,SL,False
S2-16,london_fix_momentum,EURAUD,2016-03-04 15:15:00+00:00,2016-03-04 15:30:00+00:00,2016-03-04 16:00:00+00:00,-1,0.6705975277835076,FRIDAY,False
S2-16,london_fix_momentum,EURAUD,2016-03-07 15:15:00+00:00,2016-03-07 15:30:00+00:00,2016-03-07 17:00:00+00:00,-1,-0.9999999999999856,SL,False
S2-16,london_fix_momentum,EURAUD,2016-03-15 15:00:00+00:00,2016-03-15 15:15:00+00:00,2016-03-15 19:00:00+00:00,1,0.058530684408877307,TIME,False
S2-16,london_fix_momentum,EURAUD,2016-03-16 15:30:00+00:00,2016-03-16 15:45:00+00:00,2016-03-16 17:00:00+00:00,1,1.25,TP,False
S2-16,london_fix_momentum,EURAUD,2016-03-21 15:30:00+00:00,2016-03-21 15:45:00+00:00,2016-03-21 16:00:00+00:00,1,-0.999999999999954,SL,False
S2-16,london_fix_momentum,EURAUD,2016-03-22 15:00:00+00:00,2016-03-22 15:15:00+00:00,2016-03-22 19:00:00+00:00,-1,-0.5388373880444841,TIME,False
S2-16,london_fix_momentum,EURAUD,2016-03-25 15:15:00+00:00,2016-03-25 15:30:00+00:00,2016-03-25 16:00:00+00:00,1,-0.19402434994789416,FRIDAY,False
S2-16,london_fix_momentum,EURAUD,2016-03-30 15:45:00+00:00,2016-03-30 16:00:00+00:00,2016-03-30 17:15:00+00:00,-1,-1.0,SL,False
S2-16,london_fix_momentum,EURAUD,2016-04-04 15:00:00+00:00,2016-04-04 15:15:00+00:00,2016-04-04 15:30:00+00:00,1,1.2499999999999836,TP,False
S2-16,london_fix_momentum,EURAUD,2016-04-04 15:30:00+00:00,2016-04-04 15:45:00+00:00,2016-04-04 16:00:00+00:00,1,-1.0000000000000322,SL,False
S2-16,london_fix_momentum,EURAUD,2016-04-05 15:00:00+00:00,2016-04-05 15:15:00+00:00,2016-04-05 15:45:00+00:00,1,1.2499999999999705,TP,False
S2-16,london_fix_momentum,EURAUD,2016-04-05 15:45:00+00:00,2016-04-05 16:00:00+00:00,2016-04-05 16:15:00+00:00,1,1.2499999999999853,TP,False
S2-16,london_fix_momentum,EURAUD,2016-04-07 15:00:00+00:00,2016-04-07 15:15:00+00:00,2016-04-07 17:00:00+00:00,1,-1.000000000000018,SL,False
S2-16,london_fix_momentum,EURAUD,2016-04-11 15:00:00+00:00,2016-04-11 15:15:00+00:00,2016-04-11 18:30:00+00:00,-1,1.2499999999999862,TP,False
S2-16,london_fix_momentum,EURAUD,2016-04-12 15:00:00+00:00,2016-04-12 15:15:00+00:00,2016-04-12 17:30:00+00:00,-1,1.249999999999977,TP,False
S2-16,london_fix_momentum,EURAUD,2016-04-13 15:00:00+00:00,2016-04-13 15:15:00+00:00,2016-04-13 18:00:00+00:00,-1,1.2500000000000138,TP,False
S2-16,london_fix_momentum,EURAUD,2016-04-14 15:30:00+00:00,2016-04-14 15:45:00+00:00,2016-04-14 18:30:00+00:00,-1,-1.0000000000000173,SL,False
S2-16,london_fix_momentum,EURAUD,2016-04-18 15:00:00+00:00,2016-04-18 15:15:00+00:00,2016-04-18 15:15:00+00:00,-1,1.249999999999962,TP,False
S2-16,london_fix_momentum,EURAUD,2016-04-18 15:15:00+00:00,2016-04-18 15:30:00+00:00,2016-04-18 19:15:00+00:00,-1,-0.25402451345916094,TIME,False
S2-16,london_fix_momentum,EURAUD,2016-04-19 15:30:00+00:00,2016-04-19 15:45:00+00:00,2016-04-19 16:00:00+00:00,-1,-0.9999999999999647,SL,False
S2-16,london_fix_momentum,EURAUD,2016-04-20 15:00:00+00:00,2016-04-20 15:15:00+00:00,2016-04-20 15:15:00+00:00,-1,1.2500000000000182,TP,False
S2-16,london_fix_momentum,EURAUD,2016-04-20 15:15:00+00:00,2016-04-20 15:30:00+00:00,2016-04-20 16:00:00+00:00,-1,-1.0000000000000353,SL,False
S2-16,london_fix_momentum,EURAUD,2016-04-25 15:00:00+00:00,2016-04-25 15:15:00+00:00,2016-04-25 19:00:00+00:00,1,0.6498835573796952,TIME,False
S2-16,london_fix_momentum,EURAUD,2016-04-26 15:00:00+00:00,2016-04-26 15:15:00+00:00,2016-04-26 17:00:00+00:00,1,-1.0000000000000175,SL,False
S2-16,london_fix_momentum,EURAUD,2016-04-27 15:00:00+00:00,2016-04-27 15:15:00+00:00,2016-04-27 15:30:00+00:00,1,-1.0,SL,False
S2-16,london_fix_momentum,EURAUD,2016-04-29 15:00:00+00:00,2016-04-29 15:15:00+00:00,2016-04-29 15:30:00+00:00,1,1.2500000000000124,TP,False
S2-16,london_fix_momentum,EURAUD,2016-04-29 15:30:00+00:00,2016-04-29 15:45:00+00:00,2016-04-29 16:00:00+00:00,1,-0.6113325662310621,FRIDAY,False
S2-16,london_fix_momentum,EURAUD,2016-05-02 15:30:00+00:00,2016-05-02 15:45:00+00:00,2016-05-02 16:30:00+00:00,1,-1.0000000000000475,SL,False
S2-16,london_fix_momentum,EURAUD,2016-05-03 15:15:00+00:00,2016-05-03 15:30:00+00:00,2016-05-03 17:00:00+00:00,1,1.249999999999963,TP,False
S2-16,london_fix_momentum,EURAUD,2016-05-04 15:00:00+00:00,2016-05-04 15:15:00+00:00,2016-05-04 17:15:00+00:00,1,1.2500000000000377,TP,False
S2-16,london_fix_momentum,EURAUD,2016-05-06 15:45:00+00:00,2016-05-06 16:00:00+00:00,2016-05-06 16:00:00+00:00,1,-0.5075689707974252,FRIDAY,False
S2-16,london_fix_momentum,EURAUD,2016-05-09 15:00:00+00:00,2016-05-09 15:15:00+00:00,2016-05-09 15:30:00+00:00,1,-1.0000000000000142,SL,False
S2-16,london_fix_momentum,EURAUD,2016-05-09 15:45:00+00:00,2016-05-09 16:00:00+00:00,2016-05-09 19:45:00+00:00,1,-0.2515519123432126,TIME,False
S2-16,london_fix_momentum,EURAUD,2016-05-16 15:30:00+00:00,2016-05-16 15:45:00+00:00,2016-05-16 16:00:00+00:00,-1,-1.0000000000000222,SL,False
S2-16,london_fix_momentum,EURAUD,2016-05-17 15:30:00+00:00,2016-05-17 15:45:00+00:00,2016-05-17 18:45:00+00:00,-1,-1.0000000000000289,SL,False
S2-16,london_fix_momentum,EURAUD,2016-05-18 15:45:00+00:00,2016-05-18 16:00:00+00:00,2016-05-18 17:30:00+00:00,1,-0.9999999999999489,SL,False
S2-16,london_fix_momentum,EURAUD,2016-05-19 15:00:00+00:00,2016-05-19 15:15:00+00:00,2016-05-19 15:45:00+00:00,1,-0.9999999999999536,SL,False
S2-16,london_fix_momentum,EURAUD,2016-05-23 15:30:00+00:00,2016-05-23 15:45:00+00:00,2016-05-23 19:30:00+00:00,1,0.13410866799927312,TIME,False
S2-16,london_fix_momentum,EURAUD,2016-05-26 15:00:00+00:00,2016-05-26 15:15:00+00:00,2016-05-26 18:45:00+00:00,-1,-1.000000000000019,SL,False
S2-16,london_fix_momentum,EURAUD,2016-05-27 15:00:00+00:00,2016-05-27 15:15:00+00:00,2016-05-27 15:15:00+00:00,-1,1.2500000000000733,TP,False
S2-16,london_fix_momentum,EURAUD,2016-05-27 15:15:00+00:00,2016-05-27 15:30:00+00:00,2016-05-27 16:00:00+00:00,-1,0.03643212966864111,FRIDAY,False
S2-16,london_fix_momentum,EURAUD,2016-05-30 15:30:00+00:00,2016-05-30 15:45:00+00:00,2016-05-30 16:00:00+00:00,1,-1.0000000000001168,SL,False
S2-16,london_fix_momentum,EURAUD,2016-05-31 15:15:00+00:00,2016-05-31 15:30:00+00:00,2016-05-31 16:00:00+00:00,-1,-0.9999999999999665,SL,False
S2-16,london_fix_momentum,EURAUD,2016-06-07 15:00:00+00:00,2016-06-07 15:15:00+00:00,2016-06-07 16:45:00+00:00,-1,-1.0,SL,False
S2-16,london_fix_momentum,EURAUD,2016-06-08 15:00:00+00:00,2016-06-08 15:15:00+00:00,2016-06-08 17:30:00+00:00,-1,-1.00000000000002,SL,False
S2-16,london_fix_momentum,EURAUD,2016-06-09 15:15:00+00:00,2016-06-09 15:30:00+00:00,2016-06-09 17:15:00+00:00,-1,1.249999999999944,TP,False
S2-16,london_fix_momentum,EURAUD,2016-06-16 15:30:00+00:00,2016-06-16 15:45:00+00:00,2016-06-16 16:30:00+00:00,1,-0.9999999999999609,SL,False
S2-16,london_fix_momentum,EURAUD,2016-06-20 15:00:00+00:00,2016-06-20 15:15:00+00:00,2016-06-20 19:00:00+00:00,-1,-0.34018811262366805,TIME,False
S2-16,london_fix_momentum,EURAUD,2016-06-21 15:00:00+00:00,2016-06-21 15:15:00+00:00,2016-06-21 16:15:00+00:00,-1,1.2499999999999851,TP,False
S2-16,london_fix_momentum,EURAUD,2016-06-22 15:15:00+00:00,2016-06-22 15:30:00+00:00,2016-06-22 15:30:00+00:00,-1,-0.9999999999999433,SL,False
S2-16,london_fix_momentum,EURAUD,2016-06-23 15:00:00+00:00,2016-06-23 15:15:00+00:00,2016-06-23 15:30:00+00:00,-1,-0.99999999999996,SL,False
S2-16,london_fix_momentum,EURAUD,2016-06-23 15:45:00+00:00,2016-06-23 16:00:00+00:00,2016-06-23 18:00:00+00:00,-1,1.2500000000000273,TP,False
S2-16,london_fix_momentum,EURAUD,2016-06-24 15:30:00+00:00,2016-06-24 15:45:00+00:00,2016-06-24 16:00:00+00:00,-1,-0.2535071181746515,FRIDAY,False
S2-16,london_fix_momentum,EURAUD,2016-06-28 15:15:00+00:00,2016-06-28 15:30:00+00:00,2016-06-28 16:30:00+00:00,1,-1.0000000000000326,SL,False
S2-16,london_fix_momentum,EURAUD,2016-06-29 15:15:00+00:00,2016-06-29 15:30:00+00:00,2016-06-29 16:45:00+00:00,-1,-0.9999999999999825,SL,False
S2-16,london_fix_momentum,EURAUD,2016-06-30 15:00:00+00:00,2016-06-30 15:15:00+00:00,2016-06-30 15:15:00+00:00,-1,-1.0000000000000127,SL,False
S2-16,london_fix_momentum,EURAUD,2016-06-30 15:45:00+00:00,2016-06-30 16:00:00+00:00,2016-06-30 16:00:00+00:00,-1,-0.9999999999999682,SL,False
S2-16,london_fix_momentum,EURAUD,2016-07-01 15:15:00+00:00,2016-07-01 15:30:00+00:00,2016-07-01 16:00:00+00:00,-1,0.03835131008467172,FRIDAY,False
S2-16,london_fix_momentum,EURAUD,2016-07-04 15:30:00+00:00,2016-07-04 15:45:00+00:00,2016-07-04 15:45:00+00:00,-1,-1.0000000000000535,SL,False
S2-16,london_fix_momentum,EURAUD,2016-07-05 15:00:00+00:00,2016-07-05 15:15:00+00:00,2016-07-05 15:15:00+00:00,1,-1.0,SL,False
S2-16,london_fix_momentum,EURAUD,2016-07-06 15:15:00+00:00,2016-07-06 15:30:00+00:00,2016-07-06 16:30:00+00:00,-1,-0.9999999999999668,SL,False
S2-16,london_fix_momentum,EURAUD,2016-07-08 15:00:00+00:00,2016-07-08 15:15:00+00:00,2016-07-08 16:00:00+00:00,-1,-0.07192893841295109,FRIDAY,False
S2-16,london_fix_momentum,EURAUD,2016-07-12 15:00:00+00:00,2016-07-12 15:15:00+00:00,2016-07-12 16:15:00+00:00,-1,1.249999999999962,TP,False
S2-16,london_fix_momentum,EURAUD,2016-07-14 15:00:00+00:00,2016-07-14 15:15:00+00:00,2016-07-14 15:45:00+00:00,-1,-1.0000000000000362,SL,False
S2-16,london_fix_momentum,EURAUD,2016-07-18 15:15:00+00:00,2016-07-18 15:30:00+00:00,2016-07-18 16:00:00+00:00,1,-0.9999999999999516,SL,False
S2-16,london_fix_momentum,EURAUD,2016-07-19 15:15:00+00:00,2016-07-19 15:30:00+00:00,2016-07-19 16:45:00+00:00,1,-1.000000000000055,SL,False
S2-16,london_fix_momentum,EURAUD,2016-07-20 15:15:00+00:00,2016-07-20 15:30:00+00:00,2016-07-20 19:00:00+00:00,1,1.2499999999999776,TP,False
S2-16,london_fix_momentum,EURAUD,2016-07-26 15:00:00+00:00,2016-07-26 15:15:00+00:00,2016-07-26 16:45:00+00:00,-1,-0.999999999999935,SL,False
S2-16,london_fix_momentum,EURAUD,2016-07-27 15:00:00+00:00,2016-07-27 15:15:00+00:00,2016-07-27 18:00:00+00:00,1,1.250000000000066,TP,False
S2-16,london_fix_momentum,EURAUD,2016-07-28 15:00:00+00:00,2016-07-28 15:15:00+00:00,2016-07-28 16:45:00+00:00,1,-0.9999999999999529,SL,False
S2-16,london_fix_momentum,EURAUD,2016-08-01 15:15:00+00:00,2016-08-01 15:30:00+00:00,2016-08-01 15:30:00+00:00,1,-0.9999999999999728,SL,False
S2-16,london_fix_momentum,EURAUD,2016-08-03 15:00:00+00:00,2016-08-03 15:15:00+00:00,2016-08-03 17:30:00+00:00,-1,1.2500000000000195,TP,False
S2-16,london_fix_momentum,EURAUD,2016-08-04 15:00:00+00:00,2016-08-04 15:15:00+00:00,2016-08-04 15:30:00+00:00,-1,1.250000000000056,TP,False
S2-16,london_fix_momentum,EURAUD,2016-08-04 15:30:00+00:00,2016-08-04 15:45:00+00:00,2016-08-04 17:15:00+00:00,-1,-1.000000000000053,SL,False
S2-16,london_fix_momentum,EURAUD,2016-08-05 15:00:00+00:00,2016-08-05 15:15:00+00:00,2016-08-05 16:00:00+00:00,-1,-0.2190604396941117,FRIDAY,False
S2-16,london_fix_momentum,EURAUD,2016-08-08 15:30:00+00:00,2016-08-08 15:45:00+00:00,2016-08-08 18:15:00+00:00,-1,-1.0000000000000464,SL,False
S2-16,london_fix_momentum,EURAUD,2016-08-09 15:30:00+00:00,2016-08-09 15:45:00+00:00,2016-08-09 17:45:00+00:00,-1,-1.0000000000000653,SL,False
S2-16,london_fix_momentum,EURAUD,2016-08-10 15:45:00+00:00,2016-08-10 16:00:00+00:00,2016-08-10 18:15:00+00:00,-1,-1.0000000000000226,SL,False
S2-16,london_fix_momentum,EURAUD,2016-08-12 15:15:00+00:00,2016-08-12 15:30:00+00:00,2016-08-12 15:45:00+00:00,1,1.2499999999999438,TP,False
S2-16,london_fix_momentum,EURAUD,2016-08-12 15:45:00+00:00,2016-08-12 16:00:00+00:00,2016-08-12 16:00:00+00:00,1,0.7312993925854903,FRIDAY,False
S2-16,london_fix_momentum,EURAUD,2016-08-15 15:30:00+00:00,2016-08-15 15:45:00+00:00,2016-08-15 16:00:00+00:00,1,-0.9999999999999502,SL,False
S2-16,london_fix_momentum,EURAUD,2016-08-16 15:30:00+00:00,2016-08-16 15:45:00+00:00,2016-08-16 16:45:00+00:00,1,-0.9999999999999855,SL,False
S2-16,london_fix_momentum,EURAUD,2016-08-17 15:00:00+00:00,2016-08-17 15:15:00+00:00,2016-08-17 15:30:00+00:00,1,1.2499999999999485,TP,False
S2-16,london_fix_momentum,EURAUD,2016-08-17 15:30:00+00:00,2016-08-17 15:45:00+00:00,2016-08-17 16:45:00+00:00,1,-1.0000000000000244,SL,False
S2-16,london_fix_momentum,EURAUD,2016-08-18 15:45:00+00:00,2016-08-18 16:00:00+00:00,2016-08-18 18:00:00+00:00,1,1.25,TP,False
S2-16,london_fix_momentum,EURAUD,2016-08-19 15:15:00+00:00,2016-08-19 15:30:00+00:00,2016-08-19 16:00:00+00:00,1,0.13514229139804754,FRIDAY,False
S2-16,london_fix_momentum,EURAUD,2016-08-26 15:00:00+00:00,2016-08-26 15:15:00+00:00,2016-08-26 15:45:00+00:00,-1,-1.0000000000000484,SL,False
S2-16,london_fix_momentum,EURAUD,2016-08-29 15:00:00+00:00,2016-08-29 15:15:00+00:00,2016-08-29 16:00:00+00:00,-1,-0.9999999999999514,SL,False
S2-16,london_fix_momentum,EURAUD,2016-09-02 15:15:00+00:00,2016-09-02 15:30:00+00:00,2016-09-02 16:00:00+00:00,-1,0.39783657048464016,FRIDAY,False
S2-16,london_fix_momentum,EURAUD,2016-09-05 15:15:00+00:00,2016-09-05 15:30:00+00:00,2016-09-05 18:15:00+00:00,-1,-1.000000000000032,SL,False
S2-16,london_fix_momentum,EURAUD,2016-09-06 15:15:00+00:00,2016-09-06 15:30:00+00:00,2016-09-06 16:45:00+00:00,-1,-1.0000000000000533,SL,False
S2-16,london_fix_momentum,EURAUD,2016-09-07 15:15:00+00:00,2016-09-07 15:30:00+00:00,2016-09-07 19:15:00+00:00,-1,-0.6829403679424826,TIME,False
S2-16,london_fix_momentum,EURAUD,2016-09-09 15:00:00+00:00,2016-09-09 15:15:00+00:00,2016-09-09 16:00:00+00:00,1,0.5006151848945466,FRIDAY,False
S2-16,london_fix_momentum,EURAUD,2016-09-12 15:15:00+00:00,2016-09-12 15:30:00+00:00,2016-09-12 17:15:00+00:00,1,-1.0000000000000202,SL,False
S2-16,london_fix_momentum,EURAUD,2016-09-13 15:00:00+00:00,2016-09-13 15:15:00+00:00,2016-09-13 15:30:00+00:00,1,1.249999999999957,TP,False
S2-16,london_fix_momentum,EURAUD,2016-09-13 15:30:00+00:00,2016-09-13 15:45:00+00:00,2016-09-13 16:00:00+00:00,1,1.249999999999973,TP,False
S2-16,london_fix_momentum,EURAUD,2016-09-14 15:00:00+00:00,2016-09-14 15:15:00+00:00,2016-09-14 17:30:00+00:00,1,-0.9999999999999647,SL,False
S2-16,london_fix_momentum,EURAUD,2016-09-16 15:00:00+00:00,2016-09-16 15:15:00+00:00,2016-09-16 16:00:00+00:00,-1,0.561604003245875,FRIDAY,False
S2-16,london_fix_momentum,EURAUD,2016-09-19 15:15:00+00:00,2016-09-19 15:30:00+00:00,2016-09-19 16:45:00+00:00,-1,-0.9999999999999236,SL,False
S2-16,london_fix_momentum,EURAUD,2016-09-20 15:00:00+00:00,2016-09-20 15:15:00+00:00,2016-09-20 15:30:00+00:00,-1,-0.9999999999999755,SL,False
S2-16,london_fix_momentum,EURAUD,2016-09-21 15:15:00+00:00,2016-09-21 15:30:00+00:00,2016-09-21 16:15:00+00:00,-1,-0.9999999999999413,SL,False
S2-16,london_fix_momentum,EURAUD,2016-09-26 15:15:00+00:00,2016-09-26 15:30:00+00:00,2016-09-26 16:15:00+00:00,1,-1.0,SL,False
S2-16,london_fix_momentum,EURAUD,2016-09-27 15:15:00+00:00,2016-09-27 15:30:00+00:00,2016-09-27 16:30:00+00:00,-1,-0.9999999999999605,SL,False
S2-16,london_fix_momentum,EURAUD,2016-09-28 15:00:00+00:00,2016-09-28 15:15:00+00:00,2016-09-28 16:00:00+00:00,-1,-1.0000000000000215,SL,False
S2-16,london_fix_momentum,EURAUD,2016-09-30 15:15:00+00:00,2016-09-30 15:30:00+00:00,2016-09-30 16:00:00+00:00,1,-0.6404743799494589,FRIDAY,False
S2-16,london_fix_momentum,EURAUD,2016-10-03 15:15:00+00:00,2016-10-03 15:30:00+00:00,2016-10-03 16:00:00+00:00,-1,1.25,TP,False
S2-16,london_fix_momentum,EURAUD,2016-10-04 15:15:00+00:00,2016-10-04 15:30:00+00:00,2016-10-04 15:30:00+00:00,-1,-1.000000000000025,SL,False
S2-16,london_fix_momentum,EURAUD,2016-10-06 15:00:00+00:00,2016-10-06 15:15:00+00:00,2016-10-06 15:45:00+00:00,1,-0.9999999999999262,SL,False
S2-16,london_fix_momentum,EURAUD,2016-10-10 15:45:00+00:00,2016-10-10 16:00:00+00:00,2016-10-10 19:45:00+00:00,-1,0.283297683639399,TIME,False
S2-16,london_fix_momentum,EURAUD,2016-10-11 15:30:00+00:00,2016-10-11 15:45:00+00:00,2016-10-11 16:45:00+00:00,-1,-1.0000000000000382,SL,False
S2-16,london_fix_momentum,EURAUD,2016-10-12 15:15:00+00:00,2016-10-12 15:30:00+00:00,2016-10-12 15:30:00+00:00,-1,-0.9999999999999388,SL,False
S2-16,london_fix_momentum,EURAUD,2016-10-13 15:15:00+00:00,2016-10-13 15:30:00+00:00,2016-10-13 17:45:00+00:00,-1,1.2499999999999623,TP,False
S2-16,london_fix_momentum,EURAUD,2016-10-14 15:15:00+00:00,2016-10-14 15:30:00+00:00,2016-10-14 16:00:00+00:00,-1,-0.025570637254635493,FRIDAY,False
S2-16,london_fix_momentum,EURAUD,2016-10-17 15:15:00+00:00,2016-10-17 15:30:00+00:00,2016-10-17 17:15:00+00:00,-1,-0.9999999999999238,SL,False
S2-16,london_fix_momentum,EURAUD,2016-10-18 15:00:00+00:00,2016-10-18 15:15:00+00:00,2016-10-18 15:15:00+00:00,-1,-1.0,SL,False
S2-16,london_fix_momentum,EURAUD,2016-10-18 15:45:00+00:00,2016-10-18 16:00:00+00:00,2016-10-18 17:00:00+00:00,-1,-0.9999999999999287,SL,False
S2-16,london_fix_momentum,EURAUD,2016-10-19 15:00:00+00:00,2016-10-19 15:15:00+00:00,2016-10-19 16:15:00+00:00,-1,1.2500000000000429,TP,False
S2-16,london_fix_momentum,EURAUD,2016-10-25 15:30:00+00:00,2016-10-25 15:45:00+00:00,2016-10-25 17:00:00+00:00,-1,-1.0000000000000402,SL,False
S2-16,london_fix_momentum,EURAUD,2016-10-28 15:00:00+00:00,2016-10-28 15:15:00+00:00,2016-10-28 16:00:00+00:00,1,0.32642871942067947,FRIDAY,False
S2-16,london_fix_momentum,EURAUD,2016-11-02 15:15:00+00:00,2016-11-02 15:30:00+00:00,2016-11-02 17:45:00+00:00,1,-1.0000000000000573,SL,False
S2-16,london_fix_momentum,EURAUD,2016-11-07 15:00:00+00:00,2016-11-07 15:15:00+00:00,2016-11-07 15:30:00+00:00,-1,-0.999999999999921,SL,False
S2-16,london_fix_momentum,EURAUD,2016-11-11 15:15:00+00:00,2016-11-11 15:30:00+00:00,2016-11-11 16:00:00+00:00,1,-0.490312711404733,FRIDAY,False
S2-16,london_fix_momentum,EURAUD,2016-11-15 15:00:00+00:00,2016-11-15 15:15:00+00:00,2016-11-15 15:30:00+00:00,-1,-0.9999999999999714,SL,False
S2-16,london_fix_momentum,EURAUD,2016-11-15 15:30:00+00:00,2016-11-15 15:45:00+00:00,2016-11-15 19:30:00+00:00,-1,0.800583292320592,TIME,False
S2-16,london_fix_momentum,EURAUD,2016-11-16 15:00:00+00:00,2016-11-16 15:15:00+00:00,2016-11-16 15:30:00+00:00,1,-1.0000000000000313,SL,False
S2-16,london_fix_momentum,EURAUD,2016-11-18 15:00:00+00:00,2016-11-18 15:15:00+00:00,2016-11-18 16:00:00+00:00,1,0.4757848973643258,FRIDAY,False
S2-16,london_fix_momentum,EURAUD,2016-11-22 15:30:00+00:00,2016-11-22 15:45:00+00:00,2016-11-22 16:15:00+00:00,-1,-1.0000000000000664,SL,False
S2-16,london_fix_momentum,EURAUD,2016-11-23 15:00:00+00:00,2016-11-23 15:15:00+00:00,2016-11-23 15:15:00+00:00,-1,1.2500000000000195,TP,False
S2-16,london_fix_momentum,EURAUD,2016-11-23 15:15:00+00:00,2016-11-23 15:30:00+00:00,2016-11-23 16:00:00+00:00,-1,-0.9999999999999817,SL,False
S2-16,london_fix_momentum,EURAUD,2016-11-24 15:00:00+00:00,2016-11-24 15:15:00+00:00,2016-11-24 15:30:00+00:00,-1,-1.0000000000000666,SL,False
S2-16,london_fix_momentum,EURAUD,2016-11-24 15:45:00+00:00,2016-11-24 16:00:00+00:00,2016-11-24 16:00:00+00:00,-1,-1.0000000000000229,SL,False
S2-16,london_fix_momentum,EURAUD,2016-11-28 15:00:00+00:00,2016-11-28 15:15:00+00:00,2016-11-28 15:45:00+00:00,-1,1.2500000000000384,TP,False
S2-16,london_fix_momentum,EURAUD,2016-11-28 15:45:00+00:00,2016-11-28 16:00:00+00:00,2016-11-28 16:00:00+00:00,-1,-0.9999999999999605,SL,False
S2-16,london_fix_momentum,EURAUD,2016-11-30 15:15:00+00:00,2016-11-30 15:30:00+00:00,2016-11-30 15:30:00+00:00,1,1.2500000000000357,TP,False
S2-16,london_fix_momentum,EURAUD,2016-11-30 15:30:00+00:00,2016-11-30 15:45:00+00:00,2016-11-30 15:45:00+00:00,1,1.25000000000005,TP,False
S2-16,london_fix_momentum,EURAUD,2016-11-30 15:45:00+00:00,2016-11-30 16:00:00+00:00,2016-11-30 16:00:00+00:00,1,-1.0000000000000144,SL,False
S2-16,london_fix_momentum,EURAUD,2016-12-01 15:45:00+00:00,2016-12-01 16:00:00+00:00,2016-12-01 17:15:00+00:00,1,1.2499999999999656,TP,False
S2-16,london_fix_momentum,EURAUD,2016-12-05 15:15:00+00:00,2016-12-05 15:30:00+00:00,2016-12-05 15:30:00+00:00,1,-0.9999999999999818,SL,False
S2-16,london_fix_momentum,EURAUD,2016-12-07 15:15:00+00:00,2016-12-07 15:30:00+00:00,2016-12-07 15:45:00+00:00,1,-0.9999999999999384,SL,False
S2-16,london_fix_momentum,EURAUD,2016-12-08 15:15:00+00:00,2016-12-08 15:30:00+00:00,2016-12-08 19:15:00+00:00,-1,0.9571301000769824,TIME,False
S2-16,london_fix_momentum,EURAUD,2016-12-09 15:30:00+00:00,2016-12-09 15:45:00+00:00,2016-12-09 16:00:00+00:00,-1,-1.104681134114908,FRIDAY,False
S2-16,london_fix_momentum,EURAUD,2016-12-12 15:30:00+00:00,2016-12-12 15:45:00+00:00,2016-12-12 15:45:00+00:00,-1,-1.0000000000000615,SL,False
S2-16,london_fix_momentum,EURAUD,2016-12-12 15:45:00+00:00,2016-12-12 16:00:00+00:00,2016-12-12 16:15:00+00:00,-1,-0.9999999999999447,SL,False
S2-16,london_fix_momentum,EURAUD,2016-12-13 15:15:00+00:00,2016-12-13 15:30:00+00:00,2016-12-13 16:00:00+00:00,-1,-0.9999999999999404,SL,False
S2-16,london_fix_momentum,EURAUD,2016-12-14 15:30:00+00:00,2016-12-14 15:45:00+00:00,2016-12-14 16:45:00+00:00,-1,-0.9999999999999304,SL,False
S2-16,london_fix_momentum,EURAUD,2016-12-16 15:00:00+00:00,2016-12-16 15:15:00+00:00,2016-12-16 15:15:00+00:00,1,1.2499999999999436,TP,False
S2-16,london_fix_momentum,EURAUD,2016-12-16 15:15:00+00:00,2016-12-16 15:30:00+00:00,2016-12-16 15:30:00+00:00,1,1.2500000000000178,TP,False
S2-16,london_fix_momentum,EURAUD,2016-12-16 15:30:00+00:00,2016-12-16 15:45:00+00:00,2016-12-16 16:00:00+00:00,1,0.3174725571790065,FRIDAY,False
S2-16,london_fix_momentum,EURAUD,2016-12-19 15:00:00+00:00,2016-12-19 15:15:00+00:00,2016-12-19 16:00:00+00:00,1,-1.0000000000000648,SL,False
S2-16,london_fix_momentum,EURAUD,2016-12-21 15:00:00+00:00,2016-12-21 15:15:00+00:00,2016-12-21 19:00:00+00:00,1,0.1758283255096261,TIME,False
S2-16,london_fix_momentum,EURAUD,2016-12-22 15:00:00+00:00,2016-12-22 15:15:00+00:00,2016-12-22 15:15:00+00:00,1,-0.9999999999999818,SL,False
S2-16,london_fix_momentum,EURAUD,2016-12-22 15:30:00+00:00,2016-12-22 15:45:00+00:00,2016-12-22 15:45:00+00:00,1,-1.0,SL,False
S2-16,london_fix_momentum,EURAUD,2016-12-23 15:00:00+00:00,2016-12-23 15:15:00+00:00,2016-12-23 15:30:00+00:00,1,1.25,TP,False
S2-16,london_fix_momentum,EURAUD,2016-12-23 15:30:00+00:00,2016-12-23 15:45:00+00:00,2016-12-23 16:00:00+00:00,1,-0.7619871478002966,FRIDAY,False
S2-16,london_fix_momentum,EURAUD,2016-12-26 15:00:00+00:00,2016-12-26 15:15:00+00:00,2016-12-26 15:15:00+00:00,1,-1.0000000000000853,SL,False
S2-16,london_fix_momentum,EURAUD,2016-12-27 15:15:00+00:00,2016-12-27 15:30:00+00:00,2016-12-27 16:00:00+00:00,1,1.249999999999905,TP,False
S2-16,london_fix_momentum,EURAUD,2016-12-28 15:15:00+00:00,2016-12-28 15:30:00+00:00,2016-12-28 16:00:00+00:00,-1,1.2499999999999145,TP,False
S2-16,london_fix_momentum,EURAUD,2016-12-30 15:15:00+00:00,2016-12-30 15:30:00+00:00,2016-12-30 15:45:00+00:00,1,-0.999999999999982,SL,False
S2-16,london_fix_momentum,EURAUD,2017-01-03 15:00:00+00:00,2017-01-03 15:15:00+00:00,2017-01-03 15:15:00+00:00,-1,-0.9999999999999558,SL,False
S2-16,london_fix_momentum,EURAUD,2017-01-03 15:45:00+00:00,2017-01-03 16:00:00+00:00,2017-01-03 16:15:00+00:00,-1,-1.0000000000000413,SL,False
S2-16,london_fix_momentum,EURAUD,2017-01-05 15:00:00+00:00,2017-01-05 15:15:00+00:00,2017-01-05 15:15:00+00:00,-1,-1.0,SL,False
S2-16,london_fix_momentum,EURAUD,2017-01-09 15:45:00+00:00,2017-01-09 16:00:00+00:00,2017-01-09 16:00:00+00:00,-1,-1.0000000000000222,SL,False
S2-16,london_fix_momentum,EURAUD,2017-01-10 15:00:00+00:00,2017-01-10 15:15:00+00:00,2017-01-10 15:30:00+00:00,-1,1.25,TP,False
S2-16,london_fix_momentum,EURAUD,2017-01-10 15:30:00+00:00,2017-01-10 15:45:00+00:00,2017-01-10 16:15:00+00:00,-1,1.25,TP,False
S2-16,london_fix_momentum,EURAUD,2017-01-11 15:15:00+00:00,2017-01-11 15:30:00+00:00,2017-01-11 16:45:00+00:00,-1,1.2499999999999556,TP,False
S2-16,london_fix_momentum,EURAUD,2017-01-12 15:30:00+00:00,2017-01-12 15:45:00+00:00,2017-01-12 15:45:00+00:00,-1,-1.0000000000000575,SL,False
S2-16,london_fix_momentum,EURAUD,2017-01-18 15:30:00+00:00,2017-01-18 15:45:00+00:00,2017-01-18 16:00:00+00:00,-1,1.25,TP,False
S2-16,london_fix_momentum,EURAUD,2017-01-19 15:15:00+00:00,2017-01-19 15:30:00+00:00,2017-01-19 15:45:00+00:00,-1,-1.0000000000000304,SL,False
S2-16,london_fix_momentum,EURAUD,2017-01-19 15:45:00+00:00,2017-01-19 16:00:00+00:00,2017-01-19 16:15:00+00:00,-1,-0.9999999999999717,SL,False
S2-16,london_fix_momentum,EURAUD,2017-01-27 15:15:00+00:00,2017-01-27 15:30:00+00:00,2017-01-27 16:00:00+00:00,-1,-0.30601681866635083,FRIDAY,False
S2-16,london_fix_momentum,EURAUD,2017-01-30 15:15:00+00:00,2017-01-30 15:30:00+00:00,2017-01-30 15:45:00+00:00,-1,-1.0000000000000209,SL,False
S2-16,london_fix_momentum,EURAUD,2017-01-31 15:00:00+00:00,2017-01-31 15:15:00+00:00,2017-01-31 15:45:00+00:00,1,1.2500000000000648,TP,False
S2-16,london_fix_momentum,EURAUD,2017-01-31 15:45:00+00:00,2017-01-31 16:00:00+00:00,2017-01-31 16:00:00+00:00,1,-1.0,SL,False
S2-16,london_fix_momentum,EURAUD,2017-02-02 15:45:00+00:00,2017-02-02 16:00:00+00:00,2017-02-02 16:15:00+00:00,-1,-1.0000000000000253,SL,False
S2-16,london_fix_momentum,EURAUD,2017-02-08 15:00:00+00:00,2017-02-08 15:15:00+00:00,2017-02-08 15:15:00+00:00,-1,-0.9999999999999662,SL,False
S2-16,london_fix_momentum,EURAUD,2017-02-08 15:30:00+00:00,2017-02-08 15:45:00+00:00,2017-02-08 15:45:00+00:00,-1,-1.0,SL,False
S2-16,london_fix_momentum,EURAUD,2017-02-09 15:45:00+00:00,2017-02-09 16:00:00+00:00,2017-02-09 18:15:00+00:00,-1,1.25,TP,False
S2-16,london_fix_momentum,EURAUD,2017-02-10 15:00:00+00:00,2017-02-10 15:15:00+00:00,2017-02-10 15:45:00+00:00,-1,1.250000000000059,TP,False
S2-16,london_fix_momentum,EURAUD,2017-02-10 15:45:00+00:00,2017-02-10 16:00:00+00:00,2017-02-10 16:00:00+00:00,-1,-0.8398431164388611,FRIDAY,False
S2-16,london_fix_momentum,EURAUD,2017-02-13 15:00:00+00:00,2017-02-13 15:15:00+00:00,2017-02-13 15:15:00+00:00,-1,-1.0,SL,False
S2-16,london_fix_momentum,EURAUD,2017-02-13 15:45:00+00:00,2017-02-13 16:00:00+00:00,2017-02-13 18:30:00+00:00,-1,1.249999999999945,TP,False
S2-16,london_fix_momentum,EURAUD,2017-02-17 15:15:00+00:00,2017-02-17 15:30:00+00:00,2017-02-17 16:00:00+00:00,1,0.12842456389785092,FRIDAY,False
S2-16,london_fix_momentum,EURAUD,2017-02-21 15:00:00+00:00,2017-02-21 15:15:00+00:00,2017-02-21 16:15:00+00:00,-1,-1.000000000000103,SL,False
S2-16,london_fix_momentum,EURAUD,2017-02-22 15:15:00+00:00,2017-02-22 15:30:00+00:00,2017-02-22 15:30:00+00:00,-1,-1.0,SL,False
S2-16,london_fix_momentum,EURAUD,2017-02-23 15:30:00+00:00,2017-02-23 15:45:00+00:00,2017-02-23 16:15:00+00:00,-1,-0.9999999999999784,SL,False
S2-16,london_fix_momentum,EURAUD,2017-02-24 15:00:00+00:00,2017-02-24 15:15:00+00:00,2017-02-24 15:30:00+00:00,1,-1.0,SL,False
S2-16,london_fix_momentum,EURAUD,2017-02-27 15:00:00+00:00,2017-02-27 15:15:00+00:00,2017-02-27 15:15:00+00:00,1,-1.000000000000065,SL,False
S2-16,london_fix_momentum,EURAUD,2017-02-27 15:30:00+00:00,2017-02-27 15:45:00+00:00,2017-02-27 16:00:00+00:00,1,1.250000000000028,TP,False
S2-16,london_fix_momentum,EURAUD,2017-02-28 15:15:00+00:00,2017-02-28 15:30:00+00:00,2017-02-28 15:45:00+00:00,1,1.2500000000000662,TP,False
S2-16,london_fix_momentum,EURAUD,2017-02-28 15:45:00+00:00,2017-02-28 16:00:00+00:00,2017-02-28 16:30:00+00:00,1,-1.000000000000062,SL,False
S2-16,london_fix_momentum,EURAUD,2017-03-01 15:15:00+00:00,2017-03-01 15:30:00+00:00,2017-03-01 15:30:00+00:00,-1,-0.9999999999999777,SL,False
S2-16,london_fix_momentum,EURAUD,2017-03-02 15:45:00+00:00,2017-03-02 16:00:00+00:00,2017-03-02 19:45:00+00:00,1,-0.5095649387924015,TIME,False
S2-16,london_fix_momentum,EURAUD,2017-03-03 15:15:00+00:00,2017-03-03 15:30:00+00:00,2017-03-03 16:00:00+00:00,1,-0.6439212836351814,FRIDAY,False
S2-16,london_fix_momentum,EURAUD,2017-03-07 15:45:00+00:00,2017-03-07 16:00:00+00:00,2017-03-07 16:45:00+00:00,-1,1.25,TP,False
S2-16,london_fix_momentum,EURAUD,2017-03-08 15:00:00+00:00,2017-03-08 15:15:00+00:00,2017-03-08 16:15:00+00:00,1,-1.0000000000000244,SL,False
S2-16,london_fix_momentum,EURAUD,2017-03-09 15:15:00+00:00,2017-03-09 15:30:00+00:00,2017-03-09 19:15:00+00:00,1,0.7416585113651052,TIME,False
S2-16,london_fix_momentum,EURAUD,2017-03-10 15:15:00+00:00,2017-03-10 15:30:00+00:00,2017-03-10 15:30:00+00:00,1,1.2499999999999825,TP,False
S2-16,london_fix_momentum,EURAUD,2017-03-10 15:30:00+00:00,2017-03-10 15:45:00+00:00,2017-03-10 16:00:00+00:00,1,1.0599182704762542,FRIDAY,False
S2-16,london_fix_momentum,EURAUD,2017-03-14 15:15:00+00:00,2017-03-14 15:30:00+00:00,2017-03-14 15:45:00+00:00,-1,1.2499999999999716,TP,False
S2-16,london_fix_momentum,EURAUD,2017-03-14 15:45:00+00:00,2017-03-14 16:00:00+00:00,2017-03-14 17:45:00+00:00,-1,1.2499999999999714,TP,False
S2-16,london_fix_momentum,EURAUD,2017-03-15 15:45:00+00:00,2017-03-15 16:00:00+00:00,2017-03-15 17:45:00+00:00,-1,1.2500000000000304,TP,False
S2-16,london_fix_momentum,EURAUD,2017-03-17 15:00:00+00:00,2017-03-17 15:15:00+00:00,2017-03-17 15:15:00+00:00,-1,-0.9999999999999497,SL,False
S2-16,london_fix_momentum,EURAUD,2017-03-20 15:00:00+00:00,2017-03-20 15:15:00+00:00,2017-03-20 15:45:00+00:00,-1,1.250000000000084,TP,False
S2-16,london_fix_momentum,EURAUD,2017-03-20 15:45:00+00:00,2017-03-20 16:00:00+00:00,2017-03-20 16:30:00+00:00,-1,1.2499999999999727,TP,False
S2-16,london_fix_momentum,EURAUD,2017-03-21 15:00:00+00:00,2017-03-21 15:15:00+00:00,2017-03-21 15:15:00+00:00,1,1.2500000000000733,TP,False
S2-16,london_fix_momentum,EURAUD,2017-03-21 15:15:00+00:00,2017-03-21 15:30:00+00:00,2017-03-21 16:15:00+00:00,1,1.25,TP,False
S2-16,london_fix_momentum,EURAUD,2017-03-23 15:15:00+00:00,2017-03-23 15:30:00+00:00,2017-03-23 15:30:00+00:00,1,-1.0,SL,False
S2-16,london_fix_momentum,EURAUD,2017-03-23 15:45:00+00:00,2017-03-23 16:00:00+00:00,2017-03-23 17:00:00+00:00,1,1.2500000000000442,TP,False
S2-16,london_fix_momentum,EURAUD,2017-03-24 15:00:00+00:00,2017-03-24 15:15:00+00:00,2017-03-24 15:45:00+00:00,1,1.2500000000000728,TP,False
S2-16,london_fix_momentum,EURAUD,2017-03-24 15:45:00+00:00,2017-03-24 16:00:00+00:00,2017-03-24 16:00:00+00:00,1,-0.15792305622814098,FRIDAY,False
S2-16,london_fix_momentum,EURAUD,2017-03-27 15:45:00+00:00,2017-03-27 16:00:00+00:00,2017-03-27 16:45:00+00:00,1,-1.0000000000000606,SL,False
S2-16,london_fix_momentum,EURAUD,2017-03-29 15:15:00+00:00,2017-03-29 15:30:00+00:00,2017-03-29 17:45:00+00:00,-1,1.2500000000000266,TP,False
S2-16,london_fix_momentum,EURAUD,2017-03-30 15:15:00+00:00,2017-03-30 15:30:00+00:00,2017-03-30 16:00:00+00:00,-1,-1.0000000000000255,SL,False
S2-16,london_fix_momentum,EURAUD,2017-04-04 15:15:00+00:00,2017-04-04 15:30:00+00:00,2017-04-04 15:45:00+00:00,1,-1.00000000000005,SL,False
S2-16,london_fix_momentum,EURAUD,2017-04-07 15:00:00+00:00,2017-04-07 15:15:00+00:00,2017-04-07 16:00:00+00:00,1,-0.8634315122263251,FRIDAY,False
S2-16,london_fix_momentum,EURAUD,2017-04-10 15:15:00+00:00,2017-04-10 15:30:00+00:00,2017-04-10 16:00:00+00:00,1,1.250000000000029,TP,False
S2-16,london_fix_momentum,EURAUD,2017-04-12 15:30:00+00:00,2017-04-12 15:45:00+00:00,2017-04-12 17:45:00+00:00,1,-1.0000000000000242,SL,False
S2-16,london_fix_momentum,EURAUD,2017-04-13 15:45:00+00:00,2017-04-13 16:00:00+00:00,2017-04-13 19:00:00+00:00,-1,-0.9999999999999131,SL,False
S2-16,london_fix_momentum,EURAUD,2017-04-14 15:00:00+00:00,2017-04-14 15:15:00+00:00,2017-04-14 15:30:00+00:00,-1,-1.0,SL,False
S2-16,london_fix_momentum,EURAUD,2017-04-18 15:15:00+00:00,2017-04-18 15:30:00+00:00,2017-04-18 17:30:00+00:00,1,1.2499999999999751,TP,False
S2-16,london_fix_momentum,EURAUD,2017-04-19 15:00:00+00:00,2017-04-19 15:15:00+00:00,2017-04-19 16:00:00+00:00,1,1.24999999999997,TP,False
S2-16,london_fix_momentum,EURAUD,2017-04-21 15:15:00+00:00,2017-04-21 15:30:00+00:00,2017-04-21 15:45:00+00:00,-1,1.25,TP,False
S2-16,london_fix_momentum,EURAUD,2017-04-21 15:45:00+00:00,2017-04-21 16:00:00+00:00,2017-04-21 16:00:00+00:00,-1,-0.10961603277073449,FRIDAY,False
S2-16,london_fix_momentum,EURAUD,2017-04-24 15:00:00+00:00,2017-04-24 15:15:00+00:00,2017-04-24 16:00:00+00:00,1,-0.9999999999999233,SL,False
S2-16,london_fix_momentum,EURAUD,2017-04-25 15:15:00+00:00,2017-04-25 15:30:00+00:00,2017-04-25 16:00:00+00:00,1,1.2499999999999407,TP,False
S2-16,london_fix_momentum,EURAUD,2017-04-26 15:00:00+00:00,2017-04-26 15:15:00+00:00,2017-04-26 15:30:00+00:00,1,-1.0,SL,False
S2-16,london_fix_momentum,EURAUD,2017-04-26 15:30:00+00:00,2017-04-26 15:45:00+00:00,2017-04-26 18:45:00+00:00,1,1.25,TP,False
S2-16,london_fix_momentum,EURAUD,2017-04-27 15:15:00+00:00,2017-04-27 15:30:00+00:00,2017-04-27 19:15:00+00:00,1,-1.000000000000024,SL,False
S2-16,london_fix_momentum,EURAUD,2017-05-01 15:00:00+00:00,2017-05-01 15:15:00+00:00,2017-05-01 19:00:00+00:00,-1,0.8278345838422615,TIME,False
S2-16,london_fix_momentum,EURAUD,2017-05-03 15:00:00+00:00,2017-05-03 15:15:00+00:00,2017-05-03 16:00:00+00:00,1,1.2500000000000666,TP,False
S2-16,london_fix_momentum,EURAUD,2017-05-04 15:15:00+00:00,2017-05-04 15:30:00+00:00,2017-05-04 15:30:00+00:00,1,-0.9999999999999837,SL,False
S2-16,london_fix_momentum,EURAUD,2017-05-04 15:45:00+00:00,2017-05-04 16:00:00+00:00,2017-05-04 19:45:00+00:00,1,0.5076375141555511,TIME,False
S2-16,london_fix_momentum,EURAUD,2017-05-05 15:00:00+00:00,2017-05-05 15:15:00+00:00,2017-05-05 16:00:00+00:00,1,0.12813771207461058,FRIDAY,False
S2-16,london_fix_momentum,EURAUD,2017-05-10 15:15:00+00:00,2017-05-10 15:30:00+00:00,2017-05-10 15:45:00+00:00,-1,-0.9999999999999782,SL,False
S2-16,london_fix_momentum,EURAUD,2017-05-11 15:15:00+00:00,2017-05-11 15:30:00+00:00,2017-05-11 19:15:00+00:00,-1,1.1987769561542476,TIME,False
S2-16,london_fix_momentum,EURAUD,2017-05-15 15:15:00+00:00,2017-05-15 15:30:00+00:00,2017-05-15 18:30:00+00:00,1,1.2499999999999487,TP,False
S2-16,london_fix_momentum,EURAUD,2017-05-16 15:30:00+00:00,2017-05-16 15:45:00+00:00,2017-05-16 18:00:00+00:00,1,1.2499999999999807,TP,False
S2-16,london_fix_momentum,EURAUD,2017-05-17 15:45:00+00:00,2017-05-17 16:00:00+00:00,2017-05-17 18:15:00+00:00,1,1.25,TP,False
S2-16,london_fix_momentum,EURAUD,2017-05-18 15:30:00+00:00,2017-05-18 15:45:00+00:00,2017-05-18 17:45:00+00:00,1,-0.9999999999999857,SL,False
S2-16,london_fix_momentum,EURAUD,2017-05-19 15:15:00+00:00,2017-05-19 15:30:00+00:00,2017-05-19 16:00:00+00:00,1,-0.5492258398344212,FRIDAY,False
S2-16,london_fix_momentum,EURAUD,2017-05-23 15:00:00+00:00,2017-05-23 15:15:00+00:00,2017-05-23 15:15:00+00:00,-1,-1.0,SL,False
S2-16,london_fix_momentum,EURAUD,2017-05-23 15:45:00+00:00,2017-05-23 16:00:00+00:00,2017-05-23 18:45:00+00:00,-1,1.250000000000034,TP,False
S2-16,london_fix_momentum,EURAUD,2017-05-25 15:15:00+00:00,2017-05-25 15:30:00+00:00,2017-05-25 16:45:00+00:00,1,-0.999999999999926,SL,False
S2-16,london_fix_momentum,EURAUD,2017-05-31 15:00:00+00:00,2017-05-31 15:15:00+00:00,2017-05-31 16:00:00+00:00,1,-1.0000000000000178,SL,False
S2-16,london_fix_momentum,EURAUD,2017-06-01 15:15:00+00:00,2017-06-01 15:30:00+00:00,2017-06-01 18:45:00+00:00,1,1.2499999999999796,TP,False
S2-16,london_fix_momentum,EURAUD,2017-06-05 15:00:00+00:00,2017-06-05 15:15:00+00:00,2017-06-05 15:45:00+00:00,-1,-1.0000000000000568,SL,False
S2-16,london_fix_momentum,EURAUD,2017-06-06 15:00:00+00:00,2017-06-06 15:15:00+00:00,2017-06-06 16:00:00+00:00,-1,-1.0000000000000364,SL,False
S2-16,london_fix_momentum,EURAUD,2017-06-07 15:00:00+00:00,2017-06-07 15:15:00+00:00,2017-06-07 16:45:00+00:00,-1,-0.9999999999999636,SL,False
S2-16,london_fix_momentum,EURAUD,2017-06-08 15:00:00+00:00,2017-06-08 15:15:00+00:00,2017-06-08 16:45:00+00:00,-1,1.25,TP,False
S2-16,london_fix_momentum,EURAUD,2017-06-09 15:00:00+00:00,2017-06-09 15:15:00+00:00,2017-06-09 16:00:00+00:00,-1,-0.7884539709728942,FRIDAY,False
S2-16,london_fix_momentum,EURAUD,2017-06-12 15:30:00+00:00,2017-06-12 15:45:00+00:00,2017-06-12 16:00:00+00:00,-1,-0.9999999999999658,SL,False
S2-16,london_fix_momentum,EURAUD,2017-06-14 15:15:00+00:00,2017-06-14 15:30:00+00:00,2017-06-14 18:30:00+00:00,-1,1.2500000000000533,TP,False
S2-16,london_fix_momentum,EURAUD,2017-06-15 15:15:00+00:00,2017-06-15 15:30:00+00:00,2017-06-15 15:45:00+00:00,-1,-0.9999999999999327,SL,False
S2-16,london_fix_momentum,EURAUD,2017-06-15 15:45:00+00:00,2017-06-15 16:00:00+00:00,2017-06-15 19:45:00+00:00,-1,0.2330779131731845,TIME,False
S2-16,london_fix_momentum,EURAUD,2017-06-19 15:00:00+00:00,2017-06-19 15:15:00+00:00,2017-06-19 19:00:00+00:00,-1,0.8498579393159644,TIME,False
S2-16,london_fix_momentum,EURAUD,2017-06-21 15:00:00+00:00,2017-06-21 15:15:00+00:00,2017-06-21 17:45:00+00:00,1,1.2500000000000855,TP,False
S2-16,london_fix_momentum,EURAUD,2017-06-22 15:30:00+00:00,2017-06-22 15:45:00+00:00,2017-06-22 19:30:00+00:00,1,-0.1313412411760449,TIME,False
S2-16,london_fix_momentum,EURAUD,2017-06-26 15:15:00+00:00,2017-06-26 15:30:00+00:00,2017-06-26 16:15:00+00:00,-1,1.2500000000000722,TP,False
S2-16,london_fix_momentum,EURAUD,2017-06-27 15:00:00+00:00,2017-06-27 15:15:00+00:00,2017-06-27 15:15:00+00:00,1,1.249999999999977,TP,False
S2-16,london_fix_momentum,EURAUD,2017-06-27 15:15:00+00:00,2017-06-27 15:30:00+00:00,2017-06-27 15:45:00+00:00,1,1.2499999999999565,TP,False
S2-16,london_fix_momentum,EURAUD,2017-06-27 15:45:00+00:00,2017-06-27 16:00:00+00:00,2017-06-27 16:15:00+00:00,1,-1.0,SL,False
S2-16,london_fix_momentum,EURAUD,2017-07-04 15:15:00+00:00,2017-07-04 15:30:00+00:00,2017-07-04 15:30:00+00:00,1,-0.99999999999992,SL,False
S2-16,london_fix_momentum,EURAUD,2017-07-04 15:45:00+00:00,2017-07-04 16:00:00+00:00,2017-07-04 16:00:00+00:00,1,-1.0,SL,False
S2-16,london_fix_momentum,EURAUD,2017-07-05 15:00:00+00:00,2017-07-05 15:15:00+00:00,2017-07-05 15:30:00+00:00,1,-0.9999999999999417,SL,False
S2-16,london_fix_momentum,EURAUD,2017-07-05 15:45:00+00:00,2017-07-05 16:00:00+00:00,2017-07-05 16:30:00+00:00,1,-1.0,SL,False
S2-16,london_fix_momentum,EURAUD,2017-07-06 15:15:00+00:00,2017-07-06 15:30:00+00:00,2017-07-06 17:45:00+00:00,1,1.249999999999979,TP,False
S2-16,london_fix_momentum,EURAUD,2017-07-12 15:15:00+00:00,2017-07-12 15:30:00+00:00,2017-07-12 19:15:00+00:00,-1,-0.04493741922318209,TIME,False
S2-16,london_fix_momentum,EURAUD,2017-07-13 15:00:00+00:00,2017-07-13 15:15:00+00:00,2017-07-13 15:45:00+00:00,-1,1.2500000000000668,TP,False
S2-16,london_fix_momentum,EURAUD,2017-07-13 15:45:00+00:00,2017-07-13 16:00:00+00:00,2017-07-13 16:45:00+00:00,-1,-0.9999999999999558,SL,False
S2-16,london_fix_momentum,EURAUD,2017-07-14 15:30:00+00:00,2017-07-14 15:45:00+00:00,2017-07-14 16:00:00+00:00,-1,0.14346487413918724,FRIDAY,False
S2-16,london_fix_momentum,EURAUD,2017-07-18 15:00:00+00:00,2017-07-18 15:15:00+00:00,2017-07-18 18:45:00+00:00,-1,1.2499999999999782,TP,False
S2-16,london_fix_momentum,EURAUD,2017-07-19 15:00:00+00:00,2017-07-19 15:15:00+00:00,2017-07-19 17:45:00+00:00,-1,1.2499999999999782,TP,False
S2-16,london_fix_momentum,EURAUD,2017-07-21 15:15:00+00:00,2017-07-21 15:30:00+00:00,2017-07-21 16:00:00+00:00,1,1.9543323896598135,FRIDAY,False
S2-16,london_fix_momentum,EURAUD,2017-07-31 15:00:00+00:00,2017-07-31 15:15:00+00:00,2017-07-31 15:45:00+00:00,1,1.2500000000000226,TP,False
S2-16,london_fix_momentum,EURAUD,2017-07-31 15:45:00+00:00,2017-07-31 16:00:00+00:00,2017-07-31 19:30:00+00:00,1,-1.0000000000000608,SL,False
S2-16,london_fix_momentum,EURAUD,2017-08-01 15:00:00+00:00,2017-08-01 15:15:00+00:00,2017-08-01 17:00:00+00:00,1,1.2500000000000573,TP,False
S2-16,london_fix_momentum,EURAUD,2017-08-03 15:00:00+00:00,2017-08-03 15:15:00+00:00,2017-08-03 19:00:00+00:00,1,-0.5985226147726807,TIME,False
S2-16,london_fix_momentum,EURAUD,2017-08-07 15:45:00+00:00,2017-08-07 16:00:00+00:00,2017-08-07 16:45:00+00:00,1,-0.9999999999999276,SL,False
S2-16,london_fix_momentum,EURAUD,2017-08-11 15:00:00+00:00,2017-08-11 15:15:00+00:00,2017-08-11 16:00:00+00:00,1,0.22562590211939648,FRIDAY,False
S2-16,london_fix_momentum,EURAUD,2017-08-15 15:00:00+00:00,2017-08-15 15:15:00+00:00,2017-08-15 15:45:00+00:00,1,1.2499999999999754,TP,False
S2-16,london_fix_momentum,EURAUD,2017-08-15 15:45:00+00:00,2017-08-15 16:00:00+00:00,2017-08-15 19:45:00+00:00,1,0.2148120084654979,TIME,False
S2-16,london_fix_momentum,EURAUD,2017-08-16 15:00:00+00:00,2017-08-16 15:15:00+00:00,2017-08-16 17:15:00+00:00,-1,-1.0,SL,False
S2-16,london_fix_momentum,EURAUD,2017-08-23 15:30:00+00:00,2017-08-23 15:45:00+00:00,2017-08-23 18:30:00+00:00,1,-1.0000000000000229,SL,False
S2-16,london_fix_momentum,EURAUD,2017-08-25 15:00:00+00:00,2017-08-25 15:15:00+00:00,2017-08-25 16:00:00+00:00,1,0.31430024355645964,FRIDAY,False
S2-16,london_fix_momentum,EURAUD,2017-08-28 15:15:00+00:00,2017-08-28 15:30:00+00:00,2017-08-28 15:45:00+00:00,1,1.2500000000000917,TP,False
S2-16,london_fix_momentum,EURAUD,2017-08-28 15:45:00+00:00,2017-08-28 16:00:00+00:00,2017-08-28 16:15:00+00:00,1,1.2499999999999711,TP,False
S2-16,london_fix_momentum,EURAUD,2017-08-31 15:00:00+00:00,2017-08-31 15:15:00+00:00,2017-08-31 19:00:00+00:00,-1,0.07961442514955556,TIME,False
S2-16,london_fix_momentum,EURAUD,2017-09-01 15:00:00+00:00,2017-09-01 15:15:00+00:00,2017-09-01 16:00:00+00:00,-1,0.08344613476082328,FRIDAY,False
S2-16,london_fix_momentum,EURAUD,2017-09-05 15:00:00+00:00,2017-09-05 15:15:00+00:00,2017-09-05 15:30:00+00:00,-1,-0.9999999999999646,SL,False
S2-16,london_fix_momentum,EURAUD,2017-09-06 15:00:00+00:00,2017-09-06 15:15:00+00:00,2017-09-06 15:30:00+00:00,1,-0.999999999999963,SL,False
S2-16,london_fix_momentum,EURAUD,2017-09-07 15:15:00+00:00,2017-09-07 15:30:00+00:00,2017-09-07 16:45:00+00:00,1,-1.000000000000032,SL,False
S2-16,london_fix_momentum,EURAUD,2017-09-12 15:15:00+00:00,2017-09-12 15:30:00+00:00,2017-09-12 16:30:00+00:00,-1,-1.0,SL,False
S2-16,london_fix_momentum,EURAUD,2017-09-13 15:00:00+00:00,2017-09-13 15:15:00+00:00,2017-09-13 18:00:00+00:00,-1,1.2500000000000733,TP,False
S2-16,london_fix_momentum,EURAUD,2017-09-15 15:15:00+00:00,2017-09-15 15:30:00+00:00,2017-09-15 15:30:00+00:00,1,-0.9999999999999798,SL,False
S2-16,london_fix_momentum,EURAUD,2017-09-18 15:30:00+00:00,2017-09-18 15:45:00+00:00,2017-09-18 15:45:00+00:00,1,-0.9999999999999556,SL,False
S2-16,london_fix_momentum,EURAUD,2017-09-20 15:00:00+00:00,2017-09-20 15:15:00+00:00,2017-09-20 17:30:00+00:00,-1,1.2499999999999738,TP,False
S2-16,london_fix_momentum,EURAUD,2017-09-21 15:15:00+00:00,2017-09-21 15:30:00+00:00,2017-09-21 15:45:00+00:00,1,1.2500000000000369,TP,False
S2-16,london_fix_momentum,EURAUD,2017-09-25 15:00:00+00:00,2017-09-25 15:15:00+00:00,2017-09-25 15:45:00+00:00,-1,-0.9999999999999565,SL,False
S2-16,london_fix_momentum,EURAUD,2017-09-27 15:15:00+00:00,2017-09-27 15:30:00+00:00,2017-09-27 15:30:00+00:00,-1,-0.9999999999999558,SL,False
S2-16,london_fix_momentum,EURAUD,2017-09-27 15:45:00+00:00,2017-09-27 16:00:00+00:00,2017-09-27 16:30:00+00:00,-1,-1.0000000000000209,SL,False
S2-16,london_fix_momentum,EURAUD,2017-09-28 15:15:00+00:00,2017-09-28 15:30:00+00:00,2017-09-28 16:00:00+00:00,1,-1.0,SL,False
S2-16,london_fix_momentum,EURAUD,2017-09-29 15:00:00+00:00,2017-09-29 15:15:00+00:00,2017-09-29 16:00:00+00:00,1,-0.657672155206818,FRIDAY,False
S2-16,london_fix_momentum,EURAUD,2017-10-04 15:15:00+00:00,2017-10-04 15:30:00+00:00,2017-10-04 19:15:00+00:00,-1,1.106049020002415,TIME,False
S2-16,london_fix_momentum,EURAUD,2017-10-05 15:00:00+00:00,2017-10-05 15:15:00+00:00,2017-10-05 15:30:00+00:00,1,-1.0,SL,False
S2-16,london_fix_momentum,EURAUD,2017-10-05 15:45:00+00:00,2017-10-05 16:00:00+00:00,2017-10-05 18:45:00+00:00,1,1.2500000000000782,TP,False
S2-16,london_fix_momentum,EURAUD,2017-10-06 15:45:00+00:00,2017-10-06 16:00:00+00:00,2017-10-06 16:00:00+00:00,1,-0.18338933320713643,FRIDAY,False
S2-16,london_fix_momentum,EURAUD,2017-10-09 15:00:00+00:00,2017-10-09 15:15:00+00:00,2017-10-09 15:15:00+00:00,1,-0.9999999999998966,SL,False
S2-16,london_fix_momentum,EURAUD,2017-10-09 15:45:00+00:00,2017-10-09 16:00:00+00:00,2017-10-09 16:15:00+00:00,1,1.2500000000000333,TP,False
S2-16,london_fix_momentum,EURAUD,2017-10-10 15:15:00+00:00,2017-10-10 15:30:00+00:00,2017-10-10 16:00:00+00:00,1,-0.9999999999999641,SL,False
S2-16,london_fix_momentum,EURAUD,2017-10-11 15:15:00+00:00,2017-10-11 15:30:00+00:00,2017-10-11 18:45:00+00:00,1,-0.9999999999999248,SL,False
S2-16,london_fix_momentum,EURAUD,2017-10-13 15:30:00+00:00,2017-10-13 15:45:00+00:00,2017-10-13 16:00:00+00:00,-1,0.22621388748099341,FRIDAY,False
S2-16,london_fix_momentum,EURAUD,2017-10-19 15:45:00+00:00,2017-10-19 16:00:00+00:00,2017-10-19 16:15:00+00:00,1,-1.0,SL,False
S2-16,london_fix_momentum,EURAUD,2017-10-20 15:00:00+00:00,2017-10-20 15:15:00+00:00,2017-10-20 15:30:00+00:00,1,-1.0000000000000677,SL,False
S2-16,london_fix_momentum,EURAUD,2017-10-20 15:45:00+00:00,2017-10-20 16:00:00+00:00,2017-10-20 16:00:00+00:00,1,-0.602063546802621,FRIDAY,False
S2-16,london_fix_momentum,EURAUD,2017-10-24 15:00:00+00:00,2017-10-24 15:15:00+00:00,2017-10-24 15:15:00+00:00,1,-1.0000000000000304,SL,False
S2-16,london_fix_momentum,EURAUD,2017-10-24 15:30:00+00:00,2017-10-24 15:45:00+00:00,2017-10-24 19:30:00+00:00,1,-1.0000000000000915,SL,False
S2-16,london_fix_momentum,EURAUD,2017-10-25 15:00:00+00:00,2017-10-25 15:15:00+00:00,2017-10-25 19:00:00+00:00,1,-0.027582486528324235,TIME,False
S2-16,london_fix_momentum,EURAUD,2017-10-27 15:00:00+00:00,2017-10-27 15:15:00+00:00,2017-10-27 16:00:00+00:00,-1,0.2448320137970899,FRIDAY,False
S2-16,london_fix_momentum,EURAUD,2017-10-31 15:00:00+00:00,2017-10-31 15:15:00+00:00,2017-10-31 15:45:00+00:00,1,-1.0,SL,False
S2-16,london_fix_momentum,EURAUD,2017-11-01 15:45:00+00:00,2017-11-01 16:00:00+00:00,2017-11-01 16:45:00+00:00,-1,-0.9999999999999264,SL,False
S2-16,london_fix_momentum,EURAUD,2017-11-02 15:30:00+00:00,2017-11-02 15:45:00+00:00,2017-11-02 19:30:00+00:00,-1,1.249999999999935,TP,False
S2-16,london_fix_momentum,EURAUD,2017-11-03 15:00:00+00:00,2017-11-03 15:15:00+00:00,2017-11-03 16:00:00+00:00,1,-0.5330460987328597,FRIDAY,False
S2-16,london_fix_momentum,EURAUD,2017-11-06 15:15:00+00:00,2017-11-06 15:30:00+00:00,2017-11-06 15:45:00+00:00,-1,-0.9999999999998961,SL,False
S2-16,london_fix_momentum,EURAUD,2017-11-06 15:45:00+00:00,2017-11-06 16:00:00+00:00,2017-11-06 17:30:00+00:00,-1,-1.0000000000001017,SL,False
S2-16,london_fix_momentum,EURAUD,2017-11-08 15:45:00+00:00,2017-11-08 16:00:00+00:00,2017-11-08 19:45:00+00:00,-1,0.27124393798227386,TIME,False
S2-16,london_fix_momentum,EURAUD,2017-11-09 15:45:00+00:00,2017-11-09 16:00:00+00:00,2017-11-09 16:15:00+00:00,1,1.2500000000000506,TP,False
S2-16,london_fix_momentum,EURAUD,2017-11-10 15:30:00+00:00,2017-11-10 15:45:00+00:00,2017-11-10 15:45:00+00:00,1,-0.9999999999998961,SL,False
S2-16,london_fix_momentum,EURAUD,2017-11-13 15:00:00+00:00,2017-11-13 15:15:00+00:00,2017-11-13 16:15:00+00:00,1,1.2499999999999343,TP,False
S2-16,london_fix_momentum,EURAUD,2017-11-14 15:00:00+00:00,2017-11-14 15:15:00+00:00,2017-11-14 17:45:00+00:00,1,1.2499999999999352,TP,False
S2-16,london_fix_momentum,EURAUD,2017-11-15 15:00:00+00:00,2017-11-15 15:15:00+00:00,2017-11-15 16:15:00+00:00,1,-1.0000000000000464,SL,False
S2-16,london_fix_momentum,EURAUD,2017-11-17 15:30:00+00:00,2017-11-17 15:45:00+00:00,2017-11-17 15:45:00+00:00,1,-1.0000000000000508,SL,False
S2-16,london_fix_momentum,EURAUD,2017-11-21 15:30:00+00:00,2017-11-21 15:45:00+00:00,2017-11-21 16:45:00+00:00,-1,-1.0000000000000255,SL,False
S2-16,london_fix_momentum,EURAUD,2017-11-23 15:00:00+00:00,2017-11-23 15:15:00+00:00,2017-11-23 16:00:00+00:00,1,-1.0,SL,False
S2-16,london_fix_momentum,EURAUD,2017-11-24 15:00:00+00:00,2017-11-24 15:15:00+00:00,2017-11-24 16:00:00+00:00,1,1.0128600143275444,FRIDAY,False
S2-16,london_fix_momentum,EURAUD,2017-11-27 15:15:00+00:00,2017-11-27 15:30:00+00:00,2017-11-27 15:30:00+00:00,1,-1.0,SL,False
S2-16,london_fix_momentum,EURAUD,2017-11-29 15:00:00+00:00,2017-11-29 15:15:00+00:00,2017-11-29 15:15:00+00:00,1,-1.0000000000000702,SL,False
S2-16,london_fix_momentum,EURAUD,2017-11-30 15:00:00+00:00,2017-11-30 15:15:00+00:00,2017-11-30 15:15:00+00:00,1,-0.9999999999999305,SL,False
S2-16,london_fix_momentum,EURAUD,2017-11-30 15:30:00+00:00,2017-11-30 15:45:00+00:00,2017-11-30 15:45:00+00:00,1,-0.9999999999999559,SL,False
S2-16,london_fix_momentum,EURAUD,2017-12-04 15:00:00+00:00,2017-12-04 15:15:00+00:00,2017-12-04 15:30:00+00:00,-1,-1.0000000000000877,SL,False
S2-16,london_fix_momentum,EURAUD,2017-12-05 15:15:00+00:00,2017-12-05 15:30:00+00:00,2017-12-05 15:45:00+00:00,-1,-1.0000000000000242,SL,False
S2-16,london_fix_momentum,EURAUD,2017-12-12 15:30:00+00:00,2017-12-12 15:45:00+00:00,2017-12-12 19:30:00+00:00,-1,0.4414061114932666,TIME,False
S2-16,london_fix_momentum,EURAUD,2017-12-13 15:15:00+00:00,2017-12-13 15:30:00+00:00,2017-12-13 18:15:00+00:00,-1,-0.9999999999999777,SL,False
S2-16,london_fix_momentum,EURAUD,2017-12-14 15:00:00+00:00,2017-12-14 15:15:00+00:00,2017-12-14 15:30:00+00:00,-1,1.25,TP,False
S2-16,london_fix_momentum,EURAUD,2017-12-14 15:30:00+00:00,2017-12-14 15:45:00+00:00,2017-12-14 19:30:00+00:00,-1,0.24690492875496378,TIME,False
S2-16,london_fix_momentum,EURAUD,2017-12-19 15:15:00+00:00,2017-12-19 15:30:00+00:00,2017-12-19 15:45:00+00:00,1,1.2500000000000242,TP,False
S2-16,london_fix_momentum,EURAUD,2017-12-20 15:00:00+00:00,2017-12-20 15:15:00+00:00,2017-12-20 15:15:00+00:00,1,1.2499999999999207,TP,False
S2-16,london_fix_momentum,EURAUD,2017-12-20 15:15:00+00:00,2017-12-20 15:30:00+00:00,2017-12-20 15:30:00+00:00,1,1.2499999999999263,TP,False
S2-16,london_fix_momentum,EURAUD,2017-12-20 15:30:00+00:00,2017-12-20 15:45:00+00:00,2017-12-20 15:45:00+00:00,1,-0.9999999999999771,SL,False
S2-16,london_fix_momentum,EURAUD,2017-12-22 15:00:00+00:00,2017-12-22 15:15:00+00:00,2017-12-22 15:15:00+00:00,-1,1.2499999999999687,TP,False
S2-16,london_fix_momentum,EURAUD,2017-12-22 15:15:00+00:00,2017-12-22 15:30:00+00:00,2017-12-22 16:00:00+00:00,-1,0.23116171398875607,FRIDAY,False
S2-16,london_fix_momentum,EURAUD,2017-12-29 15:00:00+00:00,2017-12-29 15:15:00+00:00,2017-12-29 15:15:00+00:00,1,-0.9999999999998995,SL,False
S2-16,london_fix_momentum,EURAUD,2017-12-29 15:30:00+00:00,2017-12-29 15:45:00+00:00,2017-12-29 15:45:00+00:00,1,-1.0,SL,False
S2-16,london_fix_momentum,EURAUD,2018-01-02 15:45:00+00:00,2018-01-02 16:00:00+00:00,2018-01-02 16:00:00+00:00,1,1.2500000000000884,TP,False
S2-16,london_fix_momentum,EURAUD,2018-01-05 15:00:00+00:00,2018-01-05 15:15:00+00:00,2018-01-05 16:00:00+00:00,-1,0.030294833648904517,FRIDAY,False
S2-16,london_fix_momentum,EURAUD,2018-01-08 15:00:00+00:00,2018-01-08 15:15:00+00:00,2018-01-08 15:45:00+00:00,-1,-1.0000000000000362,SL,False
S2-16,london_fix_momentum,EURAUD,2018-01-12 15:00:00+00:00,2018-01-12 15:15:00+00:00,2018-01-12 15:15:00+00:00,1,-1.0,SL,False
S2-16,london_fix_momentum,EURAUD,2018-01-12 15:45:00+00:00,2018-01-12 16:00:00+00:00,2018-01-12 16:00:00+00:00,1,0.15900560565439922,FRIDAY,False
S2-16,london_fix_momentum,EURAUD,2018-01-15 15:15:00+00:00,2018-01-15 15:30:00+00:00,2018-01-15 15:30:00+00:00,1,-1.0000000000000773,SL,False
S2-16,london_fix_momentum,EURAUD,2018-01-17 15:45:00+00:00,2018-01-17 16:00:00+00:00,2018-01-17 16:15:00+00:00,-1,1.25,TP,False
S2-16,london_fix_momentum,EURAUD,2018-01-19 15:00:00+00:00,2018-01-19 15:15:00+00:00,2018-01-19 15:45:00+00:00,-1,1.25,TP,False
S2-16,london_fix_momentum,EURAUD,2018-01-19 15:45:00+00:00,2018-01-19 16:00:00+00:00,2018-01-19 16:00:00+00:00,-1,-1.2418381283870115,FRIDAY,False
S2-16,london_fix_momentum,EURAUD,2018-01-22 15:00:00+00:00,2018-01-22 15:15:00+00:00,2018-01-22 17:15:00+00:00,-1,-0.9999999999999246,SL,False
S2-16,london_fix_momentum,EURAUD,2018-01-23 15:00:00+00:00,2018-01-23 15:15:00+00:00,2018-01-23 15:15:00+00:00,1,-0.9999999999999414,SL,False
S2-16,london_fix_momentum,EURAUD,2018-01-23 15:30:00+00:00,2018-01-23 15:45:00+00:00,2018-01-23 15:45:00+00:00,1,-0.9999999999999476,SL,False
S2-16,london_fix_momentum,EURAUD,2018-01-24 15:45:00+00:00,2018-01-24 16:00:00+00:00,2018-01-24 16:30:00+00:00,1,1.25,TP,False
S2-16,london_fix_momentum,EURAUD,2018-01-25 15:00:00+00:00,2018-01-25 15:15:00+00:00,2018-01-25 15:15:00+00:00,1,-1.0,SL,False
S2-16,london_fix_momentum,EURAUD,2018-01-29 15:45:00+00:00,2018-01-29 16:00:00+00:00,2018-01-29 16:00:00+00:00,-1,-1.0,SL,False
S2-16,london_fix_momentum,EURAUD,2018-01-31 15:00:00+00:00,2018-01-31 15:15:00+00:00,2018-01-31 15:15:00+00:00,1,-1.0000000000000757,SL,False
S2-16,london_fix_momentum,EURAUD,2018-01-31 15:30:00+00:00,2018-01-31 15:45:00+00:00,2018-01-31 15:45:00+00:00,1,-0.9999999999999258,SL,False
S2-16,london_fix_momentum,EURAUD,2018-01-31 15:45:00+00:00,2018-01-31 16:00:00+00:00,2018-01-31 16:00:00+00:00,1,1.25,TP,False
S2-16,london_fix_momentum,EURAUD,2018-02-01 15:30:00+00:00,2018-02-01 15:45:00+00:00,2018-02-01 16:00:00+00:00,1,-1.00000000000005,SL,False
S2-16,london_fix_momentum,EURAUD,2018-02-02 15:45:00+00:00,2018-02-02 16:00:00+00:00,2018-02-02 16:00:00+00:00,1,0.7163330290704277,FRIDAY,False
S2-16,london_fix_momentum,EURAUD,2018-02-13 15:30:00+00:00,2018-02-13 15:45:00+00:00,2018-02-13 15:45:00+00:00,1,-1.0000000000000238,SL,False
S2-16,london_fix_momentum,EURAUD,2018-02-14 15:45:00+00:00,2018-02-14 16:00:00+00:00,2018-02-14 18:15:00+00:00,1,-1.0000000000000204,SL,False
S2-16,london_fix_momentum,EURAUD,2018-02-15 15:00:00+00:00,2018-02-15 15:15:00+00:00,2018-02-15 15:30:00+00:00,1,1.2499999999999336,TP,False
S2-16,london_fix_momentum,EURAUD,2018-02-15 15:30:00+00:00,2018-02-15 15:45:00+00:00,2018-02-15 16:45:00+00:00,1,-0.9999999999999405,SL,False
S2-16,london_fix_momentum,EURAUD,2018-02-19 15:30:00+00:00,2018-02-19 15:45:00+00:00,2018-02-19 15:45:00+00:00,-1,-0.999999999999927,SL,False
S2-16,london_fix_momentum,EURAUD,2018-02-20 15:00:00+00:00,2018-02-20 15:15:00+00:00,2018-02-20 15:45:00+00:00,-1,1.2499999999999472,TP,False
S2-16,london_fix_momentum,EURAUD,2018-02-20 15:45:00+00:00,2018-02-20 16:00:00+00:00,2018-02-20 17:15:00+00:00,-1,-1.0000000000000246,SL,False
S2-16,london_fix_momentum,EURAUD,2018-02-21 15:00:00+00:00,2018-02-21 15:15:00+00:00,2018-02-21 15:15:00+00:00,1,-1.0,SL,False
S2-16,london_fix_momentum,EURAUD,2018-02-23 15:00:00+00:00,2018-02-23 15:15:00+00:00,2018-02-23 15:30:00+00:00,1,-0.999999999999917,SL,False
S2-16,london_fix_momentum,EURAUD,2018-02-26 15:30:00+00:00,2018-02-26 15:45:00+00:00,2018-02-26 15:45:00+00:00,-1,1.25,TP,False
S2-16,london_fix_momentum,EURAUD,2018-02-26 15:45:00+00:00,2018-02-26 16:00:00+00:00,2018-02-26 16:00:00+00:00,-1,-1.0000000000000706,SL,False
S2-16,london_fix_momentum,EURAUD,2018-02-28 15:00:00+00:00,2018-02-28 15:15:00+00:00,2018-02-28 15:45:00+00:00,-1,-1.0000000000000515,SL,False
S2-16,london_fix_momentum,EURAUD,2018-03-02 15:00:00+00:00,2018-03-02 15:15:00+00:00,2018-03-02 16:00:00+00:00,1,-0.29329950708902863,FRIDAY,False
S2-16,london_fix_momentum,EURAUD,2018-03-08 15:15:00+00:00,2018-03-08 15:30:00+00:00,2018-03-08 16:45:00+00:00,-1,1.250000000000043,TP,False
S2-16,london_fix_momentum,EURAUD,2018-03-09 15:00:00+00:00,2018-03-09 15:15:00+00:00,2018-03-09 16:00:00+00:00,-1,-0.7435435095950033,FRIDAY,False
S2-16,london_fix_momentum,EURAUD,2018-03-12 15:30:00+00:00,2018-03-12 15:45:00+00:00,2018-03-12 17:15:00+00:00,-1,-0.9999999999999405,SL,False
S2-16,london_fix_momentum,EURAUD,2018-03-15 15:30:00+00:00,2018-03-15 15:45:00+00:00,2018-03-15 17:00:00+00:00,1,1.25,TP,False
S2-16,london_fix_momentum,EURAUD,2018-03-16 15:00:00+00:00,2018-03-16 15:15:00+00:00,2018-03-16 15:30:00+00:00,1,-0.9999999999999559,SL,False
S2-16,london_fix_momentum,EURAUD,2018-03-16 15:30:00+00:00,2018-03-16 15:45:00+00:00,2018-03-16 16:00:00+00:00,1,-0.08629378531073446,FRIDAY,False
S2-16,london_fix_momentum,EURAUD,2018-03-19 15:15:00+00:00,2018-03-19 15:30:00+00:00,2018-03-19 15:45:00+00:00,1,1.2499999999999798,TP,False
S2-16,london_fix_momentum,EURAUD,2018-03-22 15:15:00+00:00,2018-03-22 15:30:00+00:00,2018-03-22 15:30:00+00:00,1,1.2500000000000593,TP,False
S2-16,london_fix_momentum,EURAUD,2018-03-22 15:30:00+00:00,2018-03-22 15:45:00+00:00,2018-03-22 16:15:00+00:00,1,-0.9999999999999636,SL,False
S2-16,london_fix_momentum,EURAUD,2018-03-29 15:00:00+00:00,2018-03-29 15:15:00+00:00,2018-03-29 15:30:00+00:00,-1,-1.0000000000000222,SL,False
S2-16,london_fix_momentum,EURAUD,2018-03-29 15:30:00+00:00,2018-03-29 15:45:00+00:00,2018-03-29 16:45:00+00:00,-1,1.25,TP,False
S2-16,london_fix_momentum,EURAUD,2018-03-30 15:15:00+00:00,2018-03-30 15:30:00+00:00,2018-03-30 15:45:00+00:00,-1,-0.9999999999999785,SL,False
S2-16,london_fix_momentum,EURAUD,2018-04-02 15:30:00+00:00,2018-04-02 15:45:00+00:00,2018-04-02 15:45:00+00:00,1,-1.0000000000000604,SL,False
S2-16,london_fix_momentum,EURAUD,2018-04-03 15:00:00+00:00,2018-04-03 15:15:00+00:00,2018-04-03 19:00:00+00:00,-1,0.591067268700929,TIME,False
S2-16,london_fix_momentum,EURAUD,2018-04-04 15:15:00+00:00,2018-04-04 15:30:00+00:00,2018-04-04 18:00:00+00:00,-1,1.25,TP,False
S2-16,london_fix_momentum,EURAUD,2018-04-05 15:00:00+00:00,2018-04-05 15:15:00+00:00,2018-04-05 16:00:00+00:00,-1,-1.0000000000000466,SL,False
S2-16,london_fix_momentum,EURAUD,2018-04-10 15:15:00+00:00,2018-04-10 15:30:00+00:00,2018-04-10 19:15:00+00:00,-1,-0.2130595561437117,TIME,False
S2-16,london_fix_momentum,EURAUD,2018-04-11 15:15:00+00:00,2018-04-11 15:30:00+00:00,2018-04-11 18:00:00+00:00,-1,1.2499999999999785,TP,False
S2-16,london_fix_momentum,EURAUD,2018-04-12 15:30:00+00:00,2018-04-12 15:45:00+00:00,2018-04-12 17:00:00+00:00,-1,-0.9999999999999232,SL,False
S2-16,london_fix_momentum,EURAUD,2018-04-16 15:00:00+00:00,2018-04-16 15:15:00+00:00,2018-04-16 19:00:00+00:00,1,-0.5402673600693403,TIME,False
S2-16,london_fix_momentum,EURAUD,2018-04-20 15:30:00+00:00,2018-04-20 15:45:00+00:00,2018-04-20 16:00:00+00:00,1,1.016174121405751,FRIDAY,False
S2-16,london_fix_momentum,EURAUD,2018-04-23 15:15:00+00:00,2018-04-23 15:30:00+00:00,2018-04-23 18:45:00+00:00,1,1.250000000000082,TP,False
S2-16,london_fix_momentum,EURAUD,2018-04-24 15:30:00+00:00,2018-04-24 15:45:00+00:00,2018-04-24 17:45:00+00:00,1,1.2500000000000688,TP,False
S2-16,london_fix_momentum,EURAUD,2018-04-27 15:15:00+00:00,2018-04-27 15:30:00+00:00,2018-04-27 16:00:00+00:00,-1,-0.7997668568623842,FRIDAY,False
S2-16,london_fix_momentum,EURAUD,2018-04-30 15:00:00+00:00,2018-04-30 15:15:00+00:00,2018-04-30 15:30:00+00:00,-1,-0.9999999999999464,SL,False
S2-16,london_fix_momentum,EURAUD,2018-04-30 15:45:00+00:00,2018-04-30 16:00:00+00:00,2018-04-30 16:15:00+00:00,-1,-0.9999999999999747,SL,False
S2-16,london_fix_momentum,EURAUD,2018-05-02 15:15:00+00:00,2018-05-02 15:30:00+00:00,2018-05-02 15:30:00+00:00,-1,-0.9999999999999182,SL,False
S2-16,london_fix_momentum,EURAUD,2018-05-02 15:45:00+00:00,2018-05-02 16:00:00+00:00,2018-05-02 18:00:00+00:00,-1,1.2499999999999216,TP,False
S2-16,london_fix_momentum,EURAUD,2018-05-03 15:00:00+00:00,2018-05-03 15:15:00+00:00,2018-05-03 16:15:00+00:00,-1,-0.9999999999999365,SL,False
S2-16,london_fix_momentum,EURAUD,2018-05-04 15:30:00+00:00,2018-05-04 15:45:00+00:00,2018-05-04 16:00:00+00:00,-1,0.7804011195908258,FRIDAY,False
S2-16,london_fix_momentum,EURAUD,2018-05-07 15:45:00+00:00,2018-05-07 16:00:00+00:00,2018-05-07 18:30:00+00:00,-1,-0.9999999999999175,SL,False
S2-16,london_fix_momentum,EURAUD,2018-05-08 15:00:00+00:00,2018-05-08 15:15:00+00:00,2018-05-08 16:15:00+00:00,1,-1.0000000000000242,SL,False
S2-16,london_fix_momentum,EURAUD,2018-05-10 15:00:00+00:00,2018-05-10 15:15:00+00:00,2018-05-10 19:00:00+00:00,-1,0.7794453077672716,TIME,False
S2-16,london_fix_momentum,EURAUD,2018-05-15 15:00:00+00:00,2018-05-15 15:15:00+00:00,2018-05-15 15:30:00+00:00,1,-1.0,SL,False
S2-16,london_fix_momentum,EURAUD,2018-05-15 15:45:00+00:00,2018-05-15 16:00:00+00:00,2018-05-15 17:30:00+00:00,1,-1.0000000000000733,SL,False
S2-16,london_fix_momentum,EURAUD,2018-05-16 15:00:00+00:00,2018-05-16 15:15:00+00:00,2018-05-16 16:30:00+00:00,-1,-1.0000000000000207,SL,False
S2-16,london_fix_momentum,EURAUD,2018-05-17 15:30:00+00:00,2018-05-17 15:45:00+00:00,2018-05-17 15:45:00+00:00,-1,-1.0000000000000486,SL,False
S2-16,london_fix_momentum,EURAUD,2018-05-18 15:30:00+00:00,2018-05-18 15:45:00+00:00,2018-05-18 16:00:00+00:00,-1,-1.6854770860140553,FRIDAY,False
S2-16,london_fix_momentum,EURAUD,2018-05-21 15:45:00+00:00,2018-05-21 16:00:00+00:00,2018-05-21 19:45:00+00:00,-1,0.5199233463292143,TIME,False
S2-16,london_fix_momentum,EURAUD,2018-05-22 15:30:00+00:00,2018-05-22 15:45:00+00:00,2018-05-22 16:15:00+00:00,-1,-1.0000000000000844,SL,False
S2-16,london_fix_momentum,EURAUD,2018-05-23 15:15:00+00:00,2018-05-23 15:30:00+00:00,2018-05-23 18:00:00+00:00,-1,1.2500000000000393,TP,False
S2-16,london_fix_momentum,EURAUD,2018-05-24 15:00:00+00:00,2018-05-24 15:15:00+00:00,2018-05-24 18:45:00+00:00,-1,1.2499999999999367,TP,False
S2-16,london_fix_momentum,EURAUD,2018-05-25 15:15:00+00:00,2018-05-25 15:30:00+00:00,2018-05-25 16:00:00+00:00,-1,-0.09557958499161472,FRIDAY,False
S2-16,london_fix_momentum,EURAUD,2018-05-28 15:15:00+00:00,2018-05-28 15:30:00+00:00,2018-05-28 16:45:00+00:00,-1,-1.0,SL,False
S2-16,london_fix_momentum,EURAUD,2018-05-29 15:00:00+00:00,2018-05-29 15:15:00+00:00,2018-05-29 17:15:00+00:00,-1,1.25,TP,False
S2-16,london_fix_momentum,EURAUD,2018-05-31 15:15:00+00:00,2018-05-31 15:30:00+00:00,2018-05-31 15:30:00+00:00,1,1.25,TP,False
S2-16,london_fix_momentum,EURAUD,2018-05-31 15:30:00+00:00,2018-05-31 15:45:00+00:00,2018-05-31 15:45:00+00:00,1,-0.9999999999999697,SL,False
S2-16,london_fix_momentum,EURAUD,2018-06-04 15:15:00+00:00,2018-06-04 15:30:00+00:00,2018-06-04 19:15:00+00:00,-1,0.2166357187068514,TIME,False
S2-16,london_fix_momentum,EURAUD,2018-06-06 15:45:00+00:00,2018-06-06 16:00:00+00:00,2018-06-06 16:30:00+00:00,1,1.2499999999999747,TP,False
S2-16,london_fix_momentum,EURAUD,2018-06-07 15:00:00+00:00,2018-06-07 15:15:00+00:00,2018-06-07 15:30:00+00:00,1,1.2499999999999212,TP,False
S2-16,london_fix_momentum,EURAUD,2018-06-07 15:30:00+00:00,2018-06-07 15:45:00+00:00,2018-06-07 17:30:00+00:00,1,1.2499999999999745,TP,False
S2-16,london_fix_momentum,EURAUD,2018-06-15 15:00:00+00:00,2018-06-15 15:15:00+00:00,2018-06-15 16:00:00+00:00,1,-0.27194893864284286,FRIDAY,False
S2-16,london_fix_momentum,EURAUD,2018-06-18 15:15:00+00:00,2018-06-18 15:30:00+00:00,2018-06-18 19:15:00+00:00,1,0.6954026113699119,TIME,False
S2-16,london_fix_momentum,EURAUD,2018-06-20 15:15:00+00:00,2018-06-20 15:30:00+00:00,2018-06-20 16:00:00+00:00,1,-0.9999999999999561,SL,False
S2-16,london_fix_momentum,EURAUD,2018-06-21 15:15:00+00:00,2018-06-21 15:30:00+00:00,2018-06-21 19:15:00+00:00,1,-0.6823086340339883,TIME,False
S2-16,london_fix_momentum,EURAUD,2018-06-25 15:15:00+00:00,2018-06-25 15:30:00+00:00,2018-06-25 16:15:00+00:00,1,1.2499999999999556,TP,False
S2-16,london_fix_momentum,EURAUD,2018-06-26 15:00:00+00:00,2018-06-26 15:15:00+00:00,2018-06-26 15:45:00+00:00,1,-0.9999999999999264,SL,False
S2-16,london_fix_momentum,EURAUD,2018-06-27 15:30:00+00:00,2018-06-27 15:45:00+00:00,2018-06-27 16:30:00+00:00,-1,-0.9999999999999598,SL,False
S2-16,london_fix_momentum,EURAUD,2018-06-29 15:45:00+00:00,2018-06-29 16:00:00+00:00,2018-06-29 16:00:00+00:00,1,0.2040220950011889,FRIDAY,False
S2-16,london_fix_momentum,EURAUD,2018-07-02 15:00:00+00:00,2018-07-02 15:15:00+00:00,2018-07-02 15:15:00+00:00,1,-0.9999999999999607,SL,False
S2-16,london_fix_momentum,EURAUD,2018-07-02 15:30:00+00:00,2018-07-02 15:45:00+00:00,2018-07-02 19:30:00+00:00,1,-0.2073987886846944,TIME,False
S2-16,london_fix_momentum,EURAUD,2018-07-03 15:00:00+00:00,2018-07-03 15:15:00+00:00,2018-07-03 16:45:00+00:00,-1,-1.000000000000025,SL,False
S2-16,london_fix_momentum,EURAUD,2018-07-05 15:45:00+00:00,2018-07-05 16:00:00+00:00,2018-07-05 17:45:00+00:00,1,-1.0000000000000253,SL,False
S2-16,london_fix_momentum,EURAUD,2018-07-09 15:00:00+00:00,2018-07-09 15:15:00+00:00,2018-07-09 16:45:00+00:00,-1,-0.9999999999999724,SL,False
S2-16,london_fix_momentum,EURAUD,2018-07-10 15:15:00+00:00,2018-07-10 15:30:00+00:00,2018-07-10 16:00:00+00:00,-1,-1.000000000000032,SL,False
S2-16,london_fix_momentum,EURAUD,2018-07-13 15:15:00+00:00,2018-07-13 15:30:00+00:00,2018-07-13 16:00:00+00:00,-1,-0.39442578912021486,FRIDAY,False
S2-16,london_fix_momentum,EURAUD,2018-07-17 15:15:00+00:00,2018-07-17 15:30:00+00:00,2018-07-17 15:45:00+00:00,1,-0.99999999999992,SL,False
S2-16,london_fix_momentum,EURAUD,2018-07-19 15:00:00+00:00,2018-07-19 15:15:00+00:00,2018-07-19 16:45:00+00:00,1,1.250000000000048,TP,False
S2-16,london_fix_momentum,EURAUD,2018-07-23 15:00:00+00:00,2018-07-23 15:15:00+00:00,2018-07-23 16:15:00+00:00,1,-1.0000000000000817,SL,False
S2-16,london_fix_momentum,EURAUD,2018-07-24 15:00:00+00:00,2018-07-24 15:15:00+00:00,2018-07-24 15:15:00+00:00,-1,1.2500000000000575,TP,False
S2-16,london_fix_momentum,EURAUD,2018-07-24 15:15:00+00:00,2018-07-24 15:30:00+00:00,2018-07-24 15:30:00+00:00,-1,-1.0000000000000544,SL,False
S2-16,london_fix_momentum,EURAUD,2018-07-24 15:45:00+00:00,2018-07-24 16:00:00+00:00,2018-07-24 17:30:00+00:00,-1,-1.0,SL,False
S2-16,london_fix_momentum,EURAUD,2018-07-25 15:15:00+00:00,2018-07-25 15:30:00+00:00,2018-07-25 17:30:00+00:00,-1,1.2499999999999527,TP,False
S2-16,london_fix_momentum,EURAUD,2018-07-27 15:15:00+00:00,2018-07-27 15:30:00+00:00,2018-07-27 16:00:00+00:00,-1,-0.4235951705629027,FRIDAY,False
S2-16,london_fix_momentum,EURAUD,2018-07-30 15:00:00+00:00,2018-07-30 15:15:00+00:00,2018-07-30 15:15:00+00:00,1,-1.0000000000001206,SL,False
S2-16,london_fix_momentum,EURAUD,2018-07-30 15:30:00+00:00,2018-07-30 15:45:00+00:00,2018-07-30 17:15:00+00:00,1,-0.9999999999998832,SL,False
S2-16,london_fix_momentum,EURAUD,2018-08-03 15:00:00+00:00,2018-08-03 15:15:00+00:00,2018-08-03 16:00:00+00:00,-1,-0.3382446678107379,FRIDAY,False
S2-16,london_fix_momentum,EURAUD,2018-08-06 15:30:00+00:00,2018-08-06 15:45:00+00:00,2018-08-06 19:30:00+00:00,-1,0.4868871151653364,TIME,False
S2-16,london_fix_momentum,EURAUD,2018-08-08 15:15:00+00:00,2018-08-08 15:30:00+00:00,2018-08-08 16:30:00+00:00,-1,1.2499999999999434,TP,False
S2-16,london_fix_momentum,EURAUD,2018-08-13 15:00:00+00:00,2018-08-13 15:15:00+00:00,2018-08-13 17:30:00+00:00,1,1.2499999999999452,TP,False
S2-16,london_fix_momentum,EURAUD,2018-08-21 15:15:00+00:00,2018-08-21 15:30:00+00:00,2018-08-21 16:45:00+00:00,1,1.2499999999999623,TP,False
S2-16,london_fix_momentum,EURAUD,2018-08-22 15:00:00+00:00,2018-08-22 15:15:00+00:00,2018-08-22 15:30:00+00:00,1,-0.9999999999999677,SL,False
S2-16,london_fix_momentum,EURAUD,2018-08-22 15:45:00+00:00,2018-08-22 16:00:00+00:00,2018-08-22 18:00:00+00:00,1,-1.0,SL,True
S2-16,london_fix_momentum,EURAUD,2018-08-23 15:00:00+00:00,2018-08-23 15:15:00+00:00,2018-08-23 19:00:00+00:00,1,0.6461129341795864,TIME,False
S2-16,london_fix_momentum,EURAUD,2018-08-27 15:00:00+00:00,2018-08-27 15:15:00+00:00,2018-08-27 19:00:00+00:00,1,0.20015340691183364,TIME,False
S2-16,london_fix_momentum,EURAUD,2018-08-28 15:00:00+00:00,2018-08-28 15:15:00+00:00,2018-08-28 15:15:00+00:00,1,-1.0,SL,False
S2-16,london_fix_momentum,EURAUD,2018-08-28 15:30:00+00:00,2018-08-28 15:45:00+00:00,2018-08-28 19:30:00+00:00,1,-0.2988429888423701,TIME,False
S2-16,london_fix_momentum,EURAUD,2018-08-29 15:15:00+00:00,2018-08-29 15:30:00+00:00,2018-08-29 17:15:00+00:00,1,-0.9999999999999342,SL,False
S2-16,london_fix_momentum,EURAUD,2018-09-05 15:30:00+00:00,2018-09-05 15:45:00+00:00,2018-09-05 19:30:00+00:00,1,-0.017927193642147198,TIME,False
S2-16,london_fix_momentum,EURAUD,2018-09-07 15:00:00+00:00,2018-09-07 15:15:00+00:00,2018-09-07 16:00:00+00:00,1,2.243110338116239,FRIDAY,False
S2-16,london_fix_momentum,EURAUD,2018-09-10 15:15:00+00:00,2018-09-10 15:30:00+00:00,2018-09-10 16:15:00+00:00,1,1.250000000000028,TP,False
S2-16,london_fix_momentum,EURAUD,2018-09-11 15:15:00+00:00,2018-09-11 15:30:00+00:00,2018-09-11 15:45:00+00:00,1,-0.9999999999999111,SL,False
S2-16,london_fix_momentum,EURAUD,2018-09-18 15:00:00+00:00,2018-09-18 15:15:00+00:00,2018-09-18 15:30:00+00:00,-1,1.2500000000000488,TP,False
S2-16,london_fix_momentum,EURAUD,2018-09-18 15:30:00+00:00,2018-09-18 15:45:00+00:00,2018-09-18 16:15:00+00:00,-1,1.2499999999999314,TP,False
S2-16,london_fix_momentum,EURAUD,2018-09-19 15:15:00+00:00,2018-09-19 15:30:00+00:00,2018-09-19 16:45:00+00:00,-1,-0.9999999999999544,SL,False
S2-16,london_fix_momentum,EURAUD,2018-09-24 15:45:00+00:00,2018-09-24 16:00:00+00:00,2018-09-24 17:45:00+00:00,1,-1.0000000000000593,SL,False
S2-16,london_fix_momentum,EURAUD,2018-09-25 15:30:00+00:00,2018-09-25 15:45:00+00:00,2018-09-25 19:30:00+00:00,1,-0.9999999999999442,SL,False
S2-16,london_fix_momentum,EURAUD,2018-09-27 15:15:00+00:00,2018-09-27 15:30:00+00:00,2018-09-27 17:30:00+00:00,-1,1.25,TP,False
S2-16,london_fix_momentum,EURAUD,2018-09-28 15:15:00+00:00,2018-09-28 15:30:00+00:00,2018-09-28 16:00:00+00:00,-1,-0.7806861109513126,FRIDAY,False
S2-16,london_fix_momentum,EURAUD,2018-10-01 15:00:00+00:00,2018-10-01 15:15:00+00:00,2018-10-01 15:15:00+00:00,-1,1.250000000000022,TP,False
S2-16,london_fix_momentum,EURAUD,2018-10-01 15:15:00+00:00,2018-10-01 15:30:00+00:00,2018-10-01 19:15:00+00:00,-1,0.14648836259697837,TIME,False
S2-16,london_fix_momentum,EURAUD,2018-10-03 15:00:00+00:00,2018-10-03 15:15:00+00:00,2018-10-03 16:45:00+00:00,1,1.250000000000047,TP,False
S2-16,london_fix_momentum,EURAUD,2018-10-04 15:15:00+00:00,2018-10-04 15:30:00+00:00,2018-10-04 19:15:00+00:00,1,0.9966526802130969,TIME,False
S2-16,london_fix_momentum,EURAUD,2018-10-05 15:00:00+00:00,2018-10-05 15:15:00+00:00,2018-10-05 15:45:00+00:00,1,1.2500000000000184,TP,False
S2-16,london_fix_momentum,EURAUD,2018-10-05 15:45:00+00:00,2018-10-05 16:00:00+00:00,2018-10-05 16:00:00+00:00,1,0.5027170491687694,FRIDAY,False
S2-16,london_fix_momentum,EURAUD,2018-10-09 15:00:00+00:00,2018-10-09 15:15:00+00:00,2018-10-09 15:30:00+00:00,-1,-0.9999999999999208,SL,False
S2-16,london_fix_momentum,EURAUD,2018-10-09 15:30:00+00:00,2018-10-09 15:45:00+00:00,2018-10-09 17:30:00+00:00,-1,-0.9999999999999483,SL,False
S2-16,london_fix_momentum,EURAUD,2018-10-12 15:00:00+00:00,2018-10-12 15:15:00+00:00,2018-10-12 15:30:00+00:00,-1,-1.000000000000055,SL,False
S2-16,london_fix_momentum,EURAUD,2018-10-12 15:45:00+00:00,2018-10-12 16:00:00+00:00,2018-10-12 16:00:00+00:00,-1,-0.33911503402604654,FRIDAY,False
S2-16,london_fix_momentum,EURAUD,2018-10-15 15:30:00+00:00,2018-10-15 15:45:00+00:00,2018-10-15 15:45:00+00:00,-1,-0.9999999999999469,SL,False
S2-16,london_fix_momentum,EURAUD,2018-10-16 15:00:00+00:00,2018-10-16 15:15:00+00:00,2018-10-16 15:45:00+00:00,-1,-0.9999999999999305,SL,False
S2-16,london_fix_momentum,EURAUD,2018-10-17 15:00:00+00:00,2018-10-17 15:15:00+00:00,2018-10-17 17:00:00+00:00,-1,1.2500000000000484,TP,False
S2-16,london_fix_momentum,EURAUD,2018-10-24 15:30:00+00:00,2018-10-24 15:45:00+00:00,2018-10-24 17:30:00+00:00,-1,-0.9999999999999785,SL,False
S2-16,london_fix_momentum,EURAUD,2018-10-25 15:00:00+00:00,2018-10-25 15:15:00+00:00,2018-10-25 18:30:00+00:00,-1,1.25,TP,False
S2-16,london_fix_momentum,EURAUD,2018-10-26 15:30:00+00:00,2018-10-26 15:45:00+00:00,2018-10-26 16:00:00+00:00,-1,-0.3026176769212532,FRIDAY,False
S2-16,london_fix_momentum,EURAUD,2018-10-30 15:00:00+00:00,2018-10-30 15:15:00+00:00,2018-10-30 15:30:00+00:00,-1,1.2500000000000409,TP,False
S2-16,london_fix_momentum,EURAUD,2018-10-30 15:30:00+00:00,2018-10-30 15:45:00+00:00,2018-10-30 17:00:00+00:00,-1,-0.9999999999999625,SL,False
S2-16,london_fix_momentum,EURAUD,2018-10-31 15:30:00+00:00,2018-10-31 15:45:00+00:00,2018-10-31 15:45:00+00:00,-1,-1.000000000000045,SL,False
S2-16,london_fix_momentum,EURAUD,2018-11-05 15:15:00+00:00,2018-11-05 15:30:00+00:00,2018-11-05 15:45:00+00:00,-1,1.2499999999999716,TP,False
S2-16,london_fix_momentum,EURAUD,2018-11-06 15:15:00+00:00,2018-11-06 15:30:00+00:00,2018-11-06 15:30:00+00:00,-1,-0.9999999999999444,SL,False
S2-16,london_fix_momentum,EURAUD,2018-11-06 15:45:00+00:00,2018-11-06 16:00:00+00:00,2018-11-06 17:00:00+00:00,-1,-1.000000000000028,SL,False
S2-16,london_fix_momentum,EURAUD,2018-11-07 15:30:00+00:00,2018-11-07 15:45:00+00:00,2018-11-07 16:15:00+00:00,-1,1.250000000000029,TP,False
S2-16,london_fix_momentum,EURAUD,2018-11-08 15:00:00+00:00,2018-11-08 15:15:00+00:00,2018-11-08 15:15:00+00:00,-1,-1.0,SL,False
S2-16,london_fix_momentum,EURAUD,2018-11-08 15:15:00+00:00,2018-11-08 15:30:00+00:00,2018-11-08 16:15:00+00:00,-1,1.2500000000000933,TP,False
S2-16,london_fix_momentum,EURAUD,2018-11-09 15:15:00+00:00,2018-11-09 15:30:00+00:00,2018-11-09 16:00:00+00:00,-1,-0.6944449205560221,FRIDAY,False
S2-16,london_fix_momentum,EURAUD,2018-11-12 15:15:00+00:00,2018-11-12 15:30:00+00:00,2018-11-12 15:30:00+00:00,-1,-1.0000000000000624,SL,False
S2-16,london_fix_momentum,EURAUD,2018-11-12 15:45:00+00:00,2018-11-12 16:00:00+00:00,2018-11-12 16:15:00+00:00,-1,-1.0,SL,False
S2-16,london_fix_momentum,EURAUD,2018-11-14 15:00:00+00:00,2018-11-14 15:15:00+00:00,2018-11-14 15:15:00+00:00,1,-1.0000000000000229,SL,False
S2-16,london_fix_momentum,EURAUD,2018-11-14 15:45:00+00:00,2018-11-14 16:00:00+00:00,2018-11-14 16:15:00+00:00,1,1.2500000000000209,TP,False
S2-16,london_fix_momentum,EURAUD,2018-11-19 15:00:00+00:00,2018-11-19 15:15:00+00:00,2018-11-19 16:30:00+00:00,1,1.2500000000000542,TP,False
S2-16,london_fix_momentum,EURAUD,2018-11-20 15:00:00+00:00,2018-11-20 15:15:00+00:00,2018-11-20 15:30:00+00:00,1,-0.9999999999999781,SL,False
S2-16,london_fix_momentum,EURAUD,2018-11-22 15:45:00+00:00,2018-11-22 16:00:00+00:00,2018-11-22 16:30:00+00:00,1,-1.0,SL,False
S2-16,london_fix_momentum,EURAUD,2018-11-27 15:00:00+00:00,2018-11-27 15:15:00+00:00,2018-11-27 15:15:00+00:00,-1,-0.9999999999999676,SL,False
S2-16,london_fix_momentum,EURAUD,2018-11-27 15:30:00+00:00,2018-11-27 15:45:00+00:00,2018-11-27 16:45:00+00:00,-1,-1.0000000000000846,SL,False
S2-16,london_fix_momentum,EURAUD,2018-11-28 15:30:00+00:00,2018-11-28 15:45:00+00:00,2018-11-28 15:45:00+00:00,-1,-1.000000000000087,SL,False
S2-16,london_fix_momentum,EURAUD,2018-11-29 15:00:00+00:00,2018-11-29 15:15:00+00:00,2018-11-29 15:30:00+00:00,-1,1.2500000000000517,TP,False
S2-16,london_fix_momentum,EURAUD,2018-11-30 15:30:00+00:00,2018-11-30 15:45:00+00:00,2018-11-30 15:45:00+00:00,-1,1.2499999999999714,TP,False
S2-16,london_fix_momentum,EURAUD,2018-11-30 15:45:00+00:00,2018-11-30 16:00:00+00:00,2018-11-30 16:00:00+00:00,-1,0.8244596327991883,FRIDAY,False
S2-16,london_fix_momentum,EURAUD,2018-12-05 15:00:00+00:00,2018-12-05 15:15:00+00:00,2018-12-05 15:30:00+00:00,1,1.2500000000000877,TP,False
S2-16,london_fix_momentum,EURAUD,2018-12-05 15:30:00+00:00,2018-12-05 15:45:00+00:00,2018-12-05 15:45:00+00:00,1,-1.0000000000000553,SL,False
S2-16,london_fix_momentum,EURAUD,2018-12-05 15:45:00+00:00,2018-12-05 16:00:00+00:00,2018-12-05 16:00:00+00:00,1,-1.000000000000051,SL,False
S2-16,london_fix_momentum,EURAUD,2018-12-06 15:00:00+00:00,2018-12-06 15:15:00+00:00,2018-12-06 15:45:00+00:00,1,-1.000000000000064,SL,False
S2-16,london_fix_momentum,EURAUD,2018-12-06 15:45:00+00:00,2018-12-06 16:00:00+00:00,2018-12-06 16:00:00+00:00,1,-0.9999999999999787,SL,False
S2-16,london_fix_momentum,EURAUD,2018-12-10 15:15:00+00:00,2018-12-10 15:30:00+00:00,2018-12-10 15:30:00+00:00,1,1.25,TP,False
S2-16,london_fix_momentum,EURAUD,2018-12-10 15:30:00+00:00,2018-12-10 15:45:00+00:00,2018-12-10 15:45:00+00:00,1,-1.0000000000000435,SL,False
S2-16,london_fix_momentum,EURAUD,2018-12-13 15:15:00+00:00,2018-12-13 15:30:00+00:00,2018-12-13 16:00:00+00:00,-1,-0.9999999999999827,SL,False
S2-16,london_fix_momentum,EURAUD,2018-12-17 15:15:00+00:00,2018-12-17 15:30:00+00:00,2018-12-17 15:30:00+00:00,1,-1.0,SL,False
S2-16,london_fix_momentum,EURAUD,2018-12-19 15:15:00+00:00,2018-12-19 15:30:00+00:00,2018-12-19 15:45:00+00:00,1,1.25,TP,False
S2-16,london_fix_momentum,EURAUD,2018-12-19 15:45:00+00:00,2018-12-19 16:00:00+00:00,2018-12-19 16:30:00+00:00,1,1.25,TP,False
S2-16,london_fix_momentum,EURAUD,2018-12-20 15:15:00+00:00,2018-12-20 15:30:00+00:00,2018-12-20 15:30:00+00:00,1,-0.9999999999999765,SL,False
S2-16,london_fix_momentum,EURAUD,2018-12-20 15:45:00+00:00,2018-12-20 16:00:00+00:00,2018-12-20 16:30:00+00:00,1,1.2499999999999354,TP,False
S2-16,london_fix_momentum,EURAUD,2018-12-24 15:45:00+00:00,2018-12-24 16:00:00+00:00,2018-12-24 16:15:00+00:00,1,-0.9999999999999819,SL,False
S2-16,london_fix_momentum,EURAUD,2018-12-27 15:15:00+00:00,2018-12-27 15:30:00+00:00,2018-12-27 15:30:00+00:00,1,-1.0000000000000282,SL,False
S2-16,london_fix_momentum,EURAUD,2018-12-28 15:00:00+00:00,2018-12-28 15:15:00+00:00,2018-12-28 15:45:00+00:00,1,1.2500000000000204,TP,False
S2-16,london_fix_momentum,EURAUD,2018-12-31 15:00:00+00:00,2018-12-31 15:15:00+00:00,2018-12-31 15:45:00+00:00,1,1.2500000000000784,TP,False
S2-16,london_fix_momentum,EURAUD,2018-12-31 15:45:00+00:00,2018-12-31 16:00:00+00:00,2018-12-31 16:45:00+00:00,1,1.2500000000000249,TP,False
S2-16,london_fix_momentum,EURAUD,2019-01-04 15:00:00+00:00,2019-01-04 15:15:00+00:00,2019-01-04 15:15:00+00:00,-1,-1.0000000000000382,SL,True
S2-16,london_fix_momentum,EURAUD,2019-01-04 15:15:00+00:00,2019-01-04 15:30:00+00:00,2019-01-04 15:30:00+00:00,-1,1.2499999999999523,TP,False
S2-16,london_fix_momentum,EURAUD,2019-01-04 15:30:00+00:00,2019-01-04 15:45:00+00:00,2019-01-04 16:00:00+00:00,-1,-0.10879400864731316,FRIDAY,False
S2-16,london_fix_momentum,EURAUD,2019-01-08 15:45:00+00:00,2019-01-08 16:00:00+00:00,2019-01-08 18:15:00+00:00,-1,1.2500000000000202,TP,False
S2-16,london_fix_momentum,EURAUD,2019-01-11 15:00:00+00:00,2019-01-11 15:15:00+00:00,2019-01-11 15:45:00+00:00,-1,-1.0000000000000417,SL,False
S2-16,london_fix_momentum,EURAUD,2019-01-11 15:45:00+00:00,2019-01-11 16:00:00+00:00,2019-01-11 16:00:00+00:00,-1,-0.023074009022970694,FRIDAY,False
S2-16,london_fix_momentum,EURAUD,2019-01-14 15:00:00+00:00,2019-01-14 15:15:00+00:00,2019-01-14 15:30:00+00:00,-1,-0.999999999999931,SL,False
S2-16,london_fix_momentum,EURAUD,2019-01-14 15:45:00+00:00,2019-01-14 16:00:00+00:00,2019-01-14 16:00:00+00:00,-1,-0.9999999999999574,SL,False
S2-16,london_fix_momentum,EURAUD,2019-01-15 15:15:00+00:00,2019-01-15 15:30:00+00:00,2019-01-15 16:00:00+00:00,-1,1.2500000000000213,TP,False
S2-16,london_fix_momentum,EURAUD,2019-01-18 15:15:00+00:00,2019-01-18 15:30:00+00:00,2019-01-18 15:45:00+00:00,-1,-0.9999999999999308,SL,False
S2-16,london_fix_momentum,EURAUD,2019-01-21 15:00:00+00:00,2019-01-21 15:15:00+00:00,2019-01-21 15:30:00+00:00,1,-1.0000000000000595,SL,False
S2-16,london_fix_momentum,EURAUD,2019-01-22 15:00:00+00:00,2019-01-22 15:15:00+00:00,2019-01-22 15:30:00+00:00,1,-1.000000000000027,SL,False
S2-16,london_fix_momentum,EURAUD,2019-01-23 15:00:00+00:00,2019-01-23 15:15:00+00:00,2019-01-23 15:30:00+00:00,1,1.25,TP,False
S2-16,london_fix_momentum,EURAUD,2019-01-23 15:30:00+00:00,2019-01-23 15:45:00+00:00,2019-01-23 15:45:00+00:00,1,-0.9999999999999445,SL,False
S2-16,london_fix_momentum,EURAUD,2019-01-24 15:15:00+00:00,2019-01-24 15:30:00+00:00,2019-01-24 16:00:00+00:00,1,-1.0000000000000158,SL,False
S2-16,london_fix_momentum,EURAUD,2019-01-25 15:30:00+00:00,2019-01-25 15:45:00+00:00,2019-01-25 15:45:00+00:00,-1,-1.000000000000023,SL,False
S2-16,london_fix_momentum,EURAUD,2019-01-29 15:30:00+00:00,2019-01-29 15:45:00+00:00,2019-01-29 16:15:00+00:00,1,1.2499999999999751,TP,False
S2-16,london_fix_momentum,EURAUD,2019-01-30 15:30:00+00:00,2019-01-30 15:45:00+00:00,2019-01-30 15:45:00+00:00,-1,-0.999999999999903,SL,False
S2-16,london_fix_momentum,EURAUD,2019-01-31 15:00:00+00:00,2019-01-31 15:15:00+00:00,2019-01-31 15:45:00+00:00,-1,1.2499999999999425,TP,False
S2-16,london_fix_momentum,EURAUD,2019-01-31 15:45:00+00:00,2019-01-31 16:00:00+00:00,2019-01-31 16:30:00+00:00,-1,1.250000000000076,TP,False
S2-16,london_fix_momentum,EURAUD,2019-02-04 15:00:00+00:00,2019-02-04 15:15:00+00:00,2019-02-04 15:45:00+00:00,1,-0.9999999999998983,SL,False
S2-16,london_fix_momentum,EURAUD,2019-02-05 15:00:00+00:00,2019-02-05 15:15:00+00:00,2019-02-05 15:30:00+00:00,-1,-0.9999999999999717,SL,False
S2-16,london_fix_momentum,EURAUD,2019-02-05 15:30:00+00:00,2019-02-05 15:45:00+00:00,2019-02-05 19:30:00+00:00,-1,-0.9999999999999142,SL,False
S2-16,london_fix_momentum,EURAUD,2019-02-06 15:00:00+00:00,2019-02-06 15:15:00+00:00,2019-02-06 15:30:00+00:00,1,-0.9999999999999367,SL,False
S2-16,london_fix_momentum,EURAUD,2019-02-11 15:00:00+00:00,2019-02-11 15:15:00+00:00,2019-02-11 15:30:00+00:00,1,-1.0,SL,False
S2-16,london_fix_momentum,EURAUD,2019-02-13 15:00:00+00:00,2019-02-13 15:15:00+00:00,2019-02-13 16:00:00+00:00,-1,1.2500000000000582,TP,False
S2-16,london_fix_momentum,EURAUD,2019-02-15 15:00:00+00:00,2019-02-15 15:15:00+00:00,2019-02-15 15:45:00+00:00,-1,1.2499999999999745,TP,False
S2-16,london_fix_momentum,EURAUD,2019-02-15 15:45:00+00:00,2019-02-15 16:00:00+00:00,2019-02-15 16:00:00+00:00,-1,-0.759775075192886,FRIDAY,False
S2-16,london_fix_momentum,EURAUD,2019-02-20 15:00:00+00:00,2019-02-20 15:15:00+00:00,2019-02-20 15:45:00+00:00,-1,-1.0000000000000282,SL,False
S2-16,london_fix_momentum,EURAUD,2019-02-21 15:00:00+00:00,2019-02-21 15:15:00+00:00,2019-02-21 16:45:00+00:00,1,1.2499999999999776,TP,False
S2-16,london_fix_momentum,EURAUD,2019-02-25 15:30:00+00:00,2019-02-25 15:45:00+00:00,2019-02-25 17:15:00+00:00,-1,1.250000000000079,TP,False
S2-16,london_fix_momentum,EURAUD,2019-02-27 15:00:00+00:00,2019-02-27 15:15:00+00:00,2019-02-27 15:45:00+00:00,1,-0.9999999999999539,SL,False
S2-16,london_fix_momentum,EURAUD,2019-02-28 15:00:00+00:00,2019-02-28 15:15:00+00:00,2019-02-28 15:15:00+00:00,1,-1.0000000000000782,SL,False
S2-16,london_fix_momentum,EURAUD,2019-02-28 15:30:00+00:00,2019-02-28 15:45:00+00:00,2019-02-28 16:00:00+00:00,1,1.2499999999999263,TP,False
S2-16,london_fix_momentum,EURAUD,2019-03-01 15:15:00+00:00,2019-03-01 15:30:00+00:00,2019-03-01 16:00:00+00:00,1,1.5058864973403319,FRIDAY,False
S2-16,london_fix_momentum,EURAUD,2019-03-05 15:15:00+00:00,2019-03-05 15:30:00+00:00,2019-03-05 16:00:00+00:00,-1,1.2499999999999407,TP,False
S2-16,london_fix_momentum,EURAUD,2019-03-06 15:00:00+00:00,2019-03-06 15:15:00+00:00,2019-03-06 15:30:00+00:00,1,1.2500000000000537,TP,False
S2-16,london_fix_momentum,EURAUD,2019-03-06 15:30:00+00:00,2019-03-06 15:45:00+00:00,2019-03-06 17:45:00+00:00,1,-0.9999999999999503,SL,False
S2-16,london_fix_momentum,EURAUD,2019-03-08 15:15:00+00:00,2019-03-08 15:30:00+00:00,2019-03-08 15:45:00+00:00,-1,-0.9999999999999493,SL,True
S2-16,london_fix_momentum,EURAUD,2019-03-11 15:00:00+00:00,2019-03-11 15:15:00+00:00,2019-03-11 15:45:00+00:00,-1,1.249999999999932,TP,False
S2-16,london_fix_momentum,EURAUD,2019-03-11 15:45:00+00:00,2019-03-11 16:00:00+00:00,2019-03-11 16:00:00+00:00,-1,-1.0,SL,False
S2-16,london_fix_momentum,EURAUD,2019-03-12 15:45:00+00:00,2019-03-12 16:00:00+00:00,2019-03-12 16:15:00+00:00,-1,-1.0000000000000244,SL,False
S2-16,london_fix_momentum,EURAUD,2019-03-14 15:15:00+00:00,2019-03-14 15:30:00+00:00,2019-03-14 15:30:00+00:00,1,-0.9999999999999365,SL,False
S2-16,london_fix_momentum,EURAUD,2019-03-19 15:00:00+00:00,2019-03-19 15:15:00+00:00,2019-03-19 15:45:00+00:00,1,-1.0000000000001046,SL,False
S2-16,london_fix_momentum,EURAUD,2019-03-21 15:30:00+00:00,2019-03-21 15:45:00+00:00,2019-03-21 15:45:00+00:00,-1,-1.0,SL,False
S2-16,london_fix_momentum,EURAUD,2019-03-22 15:15:00+00:00,2019-03-22 15:30:00+00:00,2019-03-22 16:00:00+00:00,-1,-0.29170658030116425,FRIDAY,False
S2-16,london_fix_momentum,EURAUD,2019-03-25 15:00:00+00:00,2019-03-25 15:15:00+00:00,2019-03-25 15:45:00+00:00,-1,1.2500000000001024,TP,False
S2-16,london_fix_momentum,EURAUD,2019-03-25 15:45:00+00:00,2019-03-25 16:00:00+00:00,2019-03-25 18:15:00+00:00,-1,-1.0000000000000322,SL,False
S2-16,london_fix_momentum,EURAUD,2019-03-26 15:00:00+00:00,2019-03-26 15:15:00+00:00,2019-03-26 18:00:00+00:00,-1,1.2499999999999762,TP,False
S2-16,london_fix_momentum,EURAUD,2019-03-28 15:45:00+00:00,2019-03-28 16:00:00+00:00,2019-03-28 16:45:00+00:00,-1,-0.9999999999999765,SL,False
S2-16,london_fix_momentum,EURAUD,2019-03-29 15:15:00+00:00,2019-03-29 15:30:00+00:00,2019-03-29 15:45:00+00:00,-1,1.2499999999999754,TP,False
S2-16,london_fix_momentum,EURAUD,2019-03-29 15:45:00+00:00,2019-03-29 16:00:00+00:00,2019-03-29 16:00:00+00:00,-1,-0.6679979425735985,FRIDAY,False
S2-16,london_fix_momentum,EURAUD,2019-04-01 15:00:00+00:00,2019-04-01 15:15:00+00:00,2019-04-01 19:00:00+00:00,-1,-1.0000000000000293,SL,False
S2-16,london_fix_momentum,EURAUD,2019-04-02 15:00:00+00:00,2019-04-02 15:15:00+00:00,2019-04-02 19:00:00+00:00,1,-0.4073260602557619,TIME,False
S2-16,london_fix_momentum,EURAUD,2019-04-03 15:15:00+00:00,2019-04-03 15:30:00+00:00,2019-04-03 16:45:00+00:00,-1,-1.0,SL,False
S2-16,london_fix_momentum,EURAUD,2019-04-04 15:00:00+00:00,2019-04-04 15:15:00+00:00,2019-04-04 15:30:00+00:00,-1,-1.0,SL,False
S2-16,london_fix_momentum,EURAUD,2019-04-04 15:45:00+00:00,2019-04-04 16:00:00+00:00,2019-04-04 19:45:00+00:00,-1,0.12013127023688577,TIME,False
S2-16,london_fix_momentum,EURAUD,2019-04-10 15:00:00+00:00,2019-04-10 15:15:00+00:00,2019-04-10 16:30:00+00:00,-1,1.2500000000000218,TP,False
S2-16,london_fix_momentum,EURAUD,2019-04-15 15:15:00+00:00,2019-04-15 15:30:00+00:00,2019-04-15 19:15:00+00:00,-1,-0.8973598939538994,TIME,False
S2-16,london_fix_momentum,EURAUD,2019-04-18 15:00:00+00:00,2019-04-18 15:15:00+00:00,2019-04-18 16:30:00+00:00,-1,-1.0000000000000293,SL,False
S2-16,london_fix_momentum,EURAUD,2019-04-22 15:00:00+00:00,2019-04-22 15:15:00+00:00,2019-04-22 16:45:00+00:00,1,-0.9999999999999127,SL,False
S2-16,london_fix_momentum,EURAUD,2019-04-23 15:15:00+00:00,2019-04-23 15:30:00+00:00,2019-04-23 16:00:00+00:00,1,-1.0000000000000606,SL,False
S2-16,london_fix_momentum,EURAUD,2019-04-24 15:00:00+00:00,2019-04-24 15:15:00+00:00,2019-04-24 16:15:00+00:00,1,-1.000000000000075,SL,False
S2-16,london_fix_momentum,EURAUD,2019-04-30 15:00:00+00:00,2019-04-30 15:15:00+00:00,2019-04-30 15:30:00+00:00,1,-1.0000000000000726,SL,False
S2-16,london_fix_momentum,EURAUD,2019-05-01 15:00:00+00:00,2019-05-01 15:15:00+00:00,2019-05-01 16:00:00+00:00,1,1.249999999999966,TP,False
S2-16,london_fix_momentum,EURAUD,2019-05-02 15:15:00+00:00,2019-05-02 15:30:00+00:00,2019-05-02 16:30:00+00:00,1,-1.0000000000000755,SL,False
S2-16,london_fix_momentum,EURAUD,2019-05-07 15:15:00+00:00,2019-05-07 15:30:00+00:00,2019-05-07 16:00:00+00:00,-1,1.2499999999999705,TP,False
S2-16,london_fix_momentum,EURAUD,2019-05-08 15:00:00+00:00,2019-05-08 15:15:00+00:00,2019-05-08 16:00:00+00:00,1,1.2499999999999523,TP,False
S2-16,london_fix_momentum,EURAUD,2019-05-09 15:00:00+00:00,2019-05-09 15:15:00+00:00,2019-05-09 15:45:00+00:00,1,-0.9999999999999277,SL,False
S2-16,london_fix_momentum,EURAUD,2019-05-10 15:15:00+00:00,2019-05-10 15:30:00+00:00,2019-05-10 15:45:00+00:00,1,-1.0000000000000842,SL,False
S2-16,london_fix_momentum,EURAUD,2019-05-13 15:00:00+00:00,2019-05-13 15:15:00+00:00,2019-05-13 17:00:00+00:00,1,1.2499999999999767,TP,False
S2-16,london_fix_momentum,EURAUD,2019-05-17 15:00:00+00:00,2019-05-17 15:15:00+00:00,2019-05-17 16:00:00+00:00,1,1.0027535445266684,FRIDAY,False
S2-16,london_fix_momentum,EURAUD,2019-05-20 15:45:00+00:00,2019-05-20 16:00:00+00:00,2019-05-20 18:00:00+00:00,-1,-0.9999999999999705,SL,False
S2-16,london_fix_momentum,EURAUD,2019-05-22 15:30:00+00:00,2019-05-22 15:45:00+00:00,2019-05-22 16:00:00+00:00,1,-1.0,SL,False
S2-16,london_fix_momentum,EURAUD,2019-05-23 15:30:00+00:00,2019-05-23 15:45:00+00:00,2019-05-23 16:00:00+00:00,-1,-0.999999999999968,SL,False
S2-16,london_fix_momentum,EURAUD,2019-05-24 15:15:00+00:00,2019-05-24 15:30:00+00:00,2019-05-24 16:00:00+00:00,-1,0.6403880559887486,FRIDAY,False
S2-16,london_fix_momentum,EURAUD,2019-05-28 15:30:00+00:00,2019-05-28 15:45:00+00:00,2019-05-28 19:30:00+00:00,-1,-0.032075213363150924,TIME,False
S2-16,london_fix_momentum,EURAUD,2019-06-05 15:00:00+00:00,2019-06-05 15:15:00+00:00,2019-06-05 16:00:00+00:00,1,-1.0000000000000235,SL,False
S2-16,london_fix_momentum,EURAUD,2019-06-06 15:15:00+00:00,2019-06-06 15:30:00+00:00,2019-06-06 19:15:00+00:00,1,-0.7519428342408039,TIME,False
S2-16,london_fix_momentum,EURAUD,2019-06-07 15:00:00+00:00,2019-06-07 15:15:00+00:00,2019-06-07 16:00:00+00:00,1,0.3035151423456136,FRIDAY,False
S2-16,london_fix_momentum,EURAUD,2019-06-10 15:00:00+00:00,2019-06-10 15:15:00+00:00,2019-06-10 15:30:00+00:00,1,-1.0,SL,False
S2-16,london_fix_momentum,EURAUD,2019-06-10 15:45:00+00:00,2019-06-10 16:00:00+00:00,2019-06-10 17:00:00+00:00,1,1.250000000000117,TP,False
S2-16,london_fix_momentum,EURAUD,2019-06-11 15:00:00+00:00,2019-06-11 15:15:00+00:00,2019-06-11 19:00:00+00:00,1,0.17351227186445187,TIME,False
S2-16,london_fix_momentum,EURAUD,2019-06-12 15:00:00+00:00,2019-06-12 15:15:00+00:00,2019-06-12 15:30:00+00:00,1,-0.9999999999999053,SL,False
S2-16,london_fix_momentum,EURAUD,2019-06-12 15:30:00+00:00,2019-06-12 15:45:00+00:00,2019-06-12 19:30:00+00:00,1,0.4416244899961571,TIME,False
S2-16,london_fix_momentum,EURAUD,2019-06-17 15:15:00+00:00,2019-06-17 15:30:00+00:00,2019-06-17 15:45:00+00:00,1,-0.9999999999998865,SL,False
S2-16,london_fix_momentum,EURAUD,2019-06-21 15:30:00+00:00,2019-06-21 15:45:00+00:00,2019-06-21 16:00:00+00:00,1,1.1103294907869656,FRIDAY,False
S2-16,london_fix_momentum,EURAUD,2019-06-25 15:00:00+00:00,2019-06-25 15:15:00+00:00,2019-06-25 16:15:00+00:00,-1,1.2500000000001015,TP,False
S2-16,london_fix_momentum,EURAUD,2019-06-26 15:00:00+00:00,2019-06-26 15:15:00+00:00,2019-06-26 15:30:00+00:00,-1,-0.9999999999999388,SL,False
S2-16,london_fix_momentum,EURAUD,2019-06-27 15:00:00+00:00,2019-06-27 15:15:00+00:00,2019-06-27 15:15:00+00:00,-1,-0.9999999999999336,SL,False
S2-16,london_fix_momentum,EURAUD,2019-06-28 15:15:00+00:00,2019-06-28 15:30:00+00:00,2019-06-28 15:30:00+00:00,-1,-1.0,SL,False
S2-16,london_fix_momentum,EURAUD,2019-06-28 15:45:00+00:00,2019-06-28 16:00:00+00:00,2019-06-28 16:00:00+00:00,-1,0.6538285190279688,FRIDAY,False
S2-16,london_fix_momentum,EURAUD,2019-07-02 15:15:00+00:00,2019-07-02 15:30:00+00:00,2019-07-02 15:30:00+00:00,-1,-1.0000000000000389,SL,False
S2-16,london_fix_momentum,EURAUD,2019-07-03 15:00:00+00:00,2019-07-03 15:15:00+00:00,2019-07-03 19:00:00+00:00,-1,0.19799734920744366,TIME,False
S2-16,london_fix_momentum,EURAUD,2019-07-09 15:00:00+00:00,2019-07-09 15:15:00+00:00,2019-07-09 17:00:00+00:00,1,-1.0,SL,False
S2-16,london_fix_momentum,EURAUD,2019-07-11 15:30:00+00:00,2019-07-11 15:45:00+00:00,2019-07-11 17:30:00+00:00,-1,-1.0000000000000948,SL,False
S2-16,london_fix_momentum,EURAUD,2019-07-12 15:15:00+00:00,2019-07-12 15:30:00+00:00,2019-07-12 16:00:00+00:00,-1,0.4152492217824065,FRIDAY,False
S2-16,london_fix_momentum,EURAUD,2019-07-15 15:00:00+00:00,2019-07-15 15:15:00+00:00,2019-07-15 15:15:00+00:00,-1,1.2499999999999207,TP,False
S2-16,london_fix_momentum,EURAUD,2019-07-15 15:15:00+00:00,2019-07-15 15:30:00+00:00,2019-07-15 19:00:00+00:00,-1,1.25,TP,False
S2-16,london_fix_momentum,EURAUD,2019-07-16 15:00:00+00:00,2019-07-16 15:15:00+00:00,2019-07-16 15:45:00+00:00,-1,-1.0,SL,False
S2-16,london_fix_momentum,EURAUD,2019-07-19 15:00:00+00:00,2019-07-19 15:15:00+00:00,2019-07-19 15:30:00+00:00,-1,-1.000000000000063,SL,False
S2-16,london_fix_momentum,EURAUD,2019-07-19 15:45:00+00:00,2019-07-19 16:00:00+00:00,2019-07-19 16:00:00+00:00,-1,0.9184036979433666,FRIDAY,False
S2-16,london_fix_momentum,EURAUD,2019-07-24 15:15:00+00:00,2019-07-24 15:30:00+00:00,2019-07-24 19:15:00+00:00,1,-0.999999999999887,SL,False
S2-16,london_fix_momentum,EURAUD,2019-07-25 15:00:00+00:00,2019-07-25 15:15:00+00:00,2019-07-25 19:00:00+00:00,1,-0.05727794896512942,TIME,False
S2-16,london_fix_momentum,EURAUD,2019-07-26 15:15:00+00:00,2019-07-26 15:30:00+00:00,2019-07-26 16:00:00+00:00,1,-0.7216517017043927,FRIDAY,False
S2-16,london_fix_momentum,EURAUD,2019-07-29 15:30:00+00:00,2019-07-29 15:45:00+00:00,2019-07-29 17:45:00+00:00,1,1.2500000000000873,TP,False
S2-16,london_fix_momentum,EURAUD,2019-07-30 15:00:00+00:00,2019-07-30 15:15:00+00:00,2019-07-30 19:00:00+00:00,1,0.8449665242812566,TIME,False
S2-16,london_fix_momentum,EURAUD,2019-08-02 15:00:00+00:00,2019-08-02 15:15:00+00:00,2019-08-02 16:00:00+00:00,1,-0.539293168220398,FRIDAY,False
S2-16,london_fix_momentum,EURAUD,2019-08-05 15:30:00+00:00,2019-08-05 15:45:00+00:00,2019-08-05 16:15:00+00:00,1,1.250000000000049,TP,False
S2-16,london_fix_momentum,EURAUD,2019-08-06 15:00:00+00:00,2019-08-06 15:15:00+00:00,2019-08-06 16:30:00+00:00,1,1.2499999999999805,TP,False
S2-16,london_fix_momentum,EURAUD,2019-08-08 15:00:00+00:00,2019-08-08 15:15:00+00:00,2019-08-08 16:15:00+00:00,-1,1.2499999999999534,TP,False
S2-16,london_fix_momentum,EURAUD,2019-08-12 15:00:00+00:00,2019-08-12 15:15:00+00:00,2019-08-12 15:45:00+00:00,1,-0.999999999999935,SL,False
S2-16,london_fix_momentum,EURAUD,2019-08-15 15:00:00+00:00,2019-08-15 15:15:00+00:00,2019-08-15 16:30:00+00:00,-1,1.2499999999999714,TP,False
S2-16,london_fix_momentum,EURAUD,2019-08-21 15:00:00+00:00,2019-08-21 15:15:00+00:00,2019-08-21 18:00:00+00:00,-1,-0.9999999999999034,SL,False
S2-16,london_fix_momentum,EURAUD,2019-08-22 15:00:00+00:00,2019-08-22 15:15:00+00:00,2019-08-22 19:00:00+00:00,1,1.0233680316790363,TIME,False
S2-16,london_fix_momentum,EURAUD,2019-08-23 15:00:00+00:00,2019-08-23 15:15:00+00:00,2019-08-23 15:15:00+00:00,1,-1.000000000000028,SL,False
S2-16,london_fix_momentum,EURAUD,2019-08-23 15:15:00+00:00,2019-08-23 15:30:00+00:00,2019-08-23 15:30:00+00:00,1,1.2499999999999867,TP,False
S2-16,london_fix_momentum,EURAUD,2019-08-23 15:30:00+00:00,2019-08-23 15:45:00+00:00,2019-08-23 16:00:00+00:00,1,-0.5395652942215939,FRIDAY,False
S2-16,london_fix_momentum,EURAUD,2019-08-27 15:00:00+00:00,2019-08-27 15:15:00+00:00,2019-08-27 15:15:00+00:00,-1,-0.9999999999999334,SL,False
S2-16,london_fix_momentum,EURAUD,2019-08-27 15:30:00+00:00,2019-08-27 15:45:00+00:00,2019-08-27 16:30:00+00:00,-1,-0.9999999999999786,SL,False
S2-16,london_fix_momentum,EURAUD,2019-08-30 15:00:00+00:00,2019-08-30 15:15:00+00:00,2019-08-30 16:00:00+00:00,-1,0.2754396489123228,FRIDAY,False
S2-16,london_fix_momentum,EURAUD,2019-09-02 15:15:00+00:00,2019-09-02 15:30:00+00:00,2019-09-02 15:45:00+00:00,-1,-0.9999999999999691,SL,False
S2-16,london_fix_momentum,EURAUD,2019-09-03 15:30:00+00:00,2019-09-03 15:45:00+00:00,2019-09-03 19:30:00+00:00,-1,-0.04085501729588621,TIME,False
S2-16,london_fix_momentum,EURAUD,2019-09-05 15:15:00+00:00,2019-09-05 15:30:00+00:00,2019-09-05 19:15:00+00:00,-1,0.33828189049655444,TIME,False
S2-16,london_fix_momentum,EURAUD,2019-09-06 15:00:00+00:00,2019-09-06 15:15:00+00:00,2019-09-06 16:00:00+00:00,-1,0.27042235986180707,FRIDAY,False
S2-16,london_fix_momentum,EURAUD,2019-09-09 15:15:00+00:00,2019-09-09 15:30:00+00:00,2019-09-09 16:00:00+00:00,-1,-0.9999999999999742,SL,False
S2-16,london_fix_momentum,EURAUD,2019-09-10 15:15:00+00:00,2019-09-10 15:30:00+00:00,2019-09-10 15:45:00+00:00,-1,1.2499999999999736,TP,False
S2-16,london_fix_momentum,EURAUD,2019-09-10 15:45:00+00:00,2019-09-10 16:00:00+00:00,2019-09-10 16:00:00+00:00,-1,-0.9999999999999265,SL,False
S2-16,london_fix_momentum,EURAUD,2019-09-11 15:00:00+00:00,2019-09-11 15:15:00+00:00,2019-09-11 15:45:00+00:00,-1,-1.0000000000000293,SL,False
S2-16,london_fix_momentum,EURAUD,2019-09-16 15:15:00+00:00,2019-09-16 15:30:00+00:00,2019-09-16 16:00:00+00:00,-1,-1.000000000000076,SL,False
S2-16,london_fix_momentum,EURAUD,2019-09-17 15:00:00+00:00,2019-09-17 15:15:00+00:00,2019-09-17 15:45:00+00:00,1,1.2500000000000642,TP,False
S2-16,london_fix_momentum,EURAUD,2019-09-17 15:45:00+00:00,2019-09-17 16:00:00+00:00,2019-09-17 17:15:00+00:00,1,-1.000000000000022,SL,False
S2-16,london_fix_momentum,EURAUD,2019-09-18 15:00:00+00:00,2019-09-18 15:15:00+00:00,2019-09-18 16:00:00+00:00,1,-0.9999999999999339,SL,False
S2-16,london_fix_momentum,EURAUD,2019-09-19 15:00:00+00:00,2019-09-19 15:15:00+00:00,2019-09-19 15:30:00+00:00,1,-1.0,SL,False
S2-16,london_fix_momentum,EURAUD,2019-09-19 15:45:00+00:00,2019-09-19 16:00:00+00:00,2019-09-19 16:15:00+00:00,1,-1.0000000000000844,SL,False
S2-16,london_fix_momentum,EURAUD,2019-09-24 15:30:00+00:00,2019-09-24 15:45:00+00:00,2019-09-24 16:30:00+00:00,-1,-0.9999999999999735,SL,False
S2-16,london_fix_momentum,EURAUD,2019-09-25 15:30:00+00:00,2019-09-25 15:45:00+00:00,2019-09-25 16:45:00+00:00,1,-0.999999999999979,SL,False
S2-16,london_fix_momentum,EURAUD,2019-09-26 15:15:00+00:00,2019-09-26 15:30:00+00:00,2019-09-26 15:45:00+00:00,-1,-1.0000000000000668,SL,False
S2-16,london_fix_momentum,EURAUD,2019-09-27 15:15:00+00:00,2019-09-27 15:30:00+00:00,2019-09-27 15:30:00+00:00,-1,-1.0000000000000635,SL,False
S2-16,london_fix_momentum,EURAUD,2019-09-27 15:45:00+00:00,2019-09-27 16:00:00+00:00,2019-09-27 16:00:00+00:00,-1,-0.2682408824133915,FRIDAY,False
S2-16,london_fix_momentum,EURAUD,2019-09-30 15:00:00+00:00,2019-09-30 15:15:00+00:00,2019-09-30 17:45:00+00:00,-1,1.2500000000000404,TP,False
S2-16,london_fix_momentum,EURAUD,2019-10-01 15:00:00+00:00,2019-10-01 15:15:00+00:00,2019-10-01 19:00:00+00:00,1,-0.3896761133603239,TIME,False
S2-16,london_fix_momentum,EURAUD,2019-10-02 15:00:00+00:00,2019-10-02 15:15:00+00:00,2019-10-02 15:15:00+00:00,1,-1.0000000000000222,SL,False
S2-16,london_fix_momentum,EURAUD,2019-10-02 15:30:00+00:00,2019-10-02 15:45:00+00:00,2019-10-02 19:30:00+00:00,1,-0.4255811507310403,TIME,False
S2-16,london_fix_momentum,EURAUD,2019-10-04 15:00:00+00:00,2019-10-04 15:15:00+00:00,2019-10-04 16:00:00+00:00,-1,0.23283983849259757,FRIDAY,False
S2-16,london_fix_momentum,EURAUD,2019-10-07 15:00:00+00:00,2019-10-07 15:15:00+00:00,2019-10-07 17:30:00+00:00,1,-1.0,SL,False
S2-16,london_fix_momentum,EURAUD,2019-10-09 15:15:00+00:00,2019-10-09 15:30:00+00:00,2019-10-09 15:45:00+00:00,1,-0.9999999999999103,SL,False
S2-16,london_fix_momentum,EURAUD,2019-10-09 15:45:00+00:00,2019-10-09 16:00:00+00:00,2019-10-09 16:15:00+00:00,1,-1.0000000000000309,SL,False
S2-16,london_fix_momentum,EURAUD,2019-10-11 15:00:00+00:00,2019-10-11 15:15:00+00:00,2019-10-11 16:00:00+00:00,-1,0.7236833770048087,FRIDAY,False
S2-16,london_fix_momentum,EURAUD,2019-10-14 15:00:00+00:00,2019-10-14 15:15:00+00:00,2019-10-14 15:15:00+00:00,1,-1.0,SL,False
S2-16,london_fix_momentum,EURAUD,2019-10-15 15:00:00+00:00,2019-10-15 15:15:00+00:00,2019-10-15 15:30:00+00:00,1,1.24999999999998,TP,False
S2-16,london_fix_momentum,EURAUD,2019-10-15 15:30:00+00:00,2019-10-15 15:45:00+00:00,2019-10-15 16:15:00+00:00,1,-0.9999999999999416,SL,False
S2-16,london_fix_momentum,EURAUD,2019-10-16 15:15:00+00:00,2019-10-16 15:30:00+00:00,2019-10-16 18:15:00+00:00,1,-0.9999999999999328,SL,False
S2-16,london_fix_momentum,EURAUD,2019-10-17 15:15:00+00:00,2019-10-17 15:30:00+00:00,2019-10-17 15:30:00+00:00,-1,-0.9999999999999738,SL,False
S2-16,london_fix_momentum,EURAUD,2019-10-21 15:00:00+00:00,2019-10-21 15:15:00+00:00,2019-10-21 17:15:00+00:00,-1,-1.0000000000000306,SL,False
S2-16,london_fix_momentum,EURAUD,2019-10-22 15:30:00+00:00,2019-10-22 15:45:00+00:00,2019-10-22 15:45:00+00:00,-1,-1.0000000000000413,SL,False
S2-16,london_fix_momentum,EURAUD,2019-10-23 15:30:00+00:00,2019-10-23 15:45:00+00:00,2019-10-23 17:00:00+00:00,-1,-0.9999999999999273,SL,False
S2-16,london_fix_momentum,EURAUD,2019-10-24 15:15:00+00:00,2019-10-24 15:30:00+00:00,2019-10-24 16:00:00+00:00,1,1.249999999999976,TP,False
S2-16,london_fix_momentum,EURAUD,2019-10-28 15:00:00+00:00,2019-10-28 15:15:00+00:00,2019-10-28 15:45:00+00:00,-1,1.2500000000000366,TP,False
S2-16,london_fix_momentum,EURAUD,2019-10-28 15:45:00+00:00,2019-10-28 16:00:00+00:00,2019-10-28 16:00:00+00:00,-1,-0.9999999999999628,SL,False
S2-16,london_fix_momentum,EURAUD,2019-10-29 15:00:00+00:00,2019-10-29 15:15:00+00:00,2019-10-29 15:45:00+00:00,-1,-1.0000000000000293,SL,False
S2-16,london_fix_momentum,EURAUD,2019-11-01 15:45:00+00:00,2019-11-01 16:00:00+00:00,2019-11-01 16:00:00+00:00,-1,0.0890224377214748,FRIDAY,False
S2-16,london_fix_momentum,EURAUD,2019-11-04 15:30:00+00:00,2019-11-04 15:45:00+00:00,2019-11-04 15:45:00+00:00,-1,-1.0000000000001041,SL,False
S2-16,london_fix_momentum,EURAUD,2019-11-05 15:15:00+00:00,2019-11-05 15:30:00+00:00,2019-11-05 15:45:00+00:00,-1,1.250000000000078,TP,False
S2-16,london_fix_momentum,EURAUD,2019-11-05 15:45:00+00:00,2019-11-05 16:00:00+00:00,2019-11-05 19:45:00+00:00,-1,-0.05205416978096456,TIME,False
S2-16,london_fix_momentum,EURAUD,2019-11-07 15:00:00+00:00,2019-11-07 15:15:00+00:00,2019-11-07 15:15:00+00:00,-1,1.2500000000000666,TP,False
S2-16,london_fix_momentum,EURAUD,2019-11-07 15:15:00+00:00,2019-11-07 15:30:00+00:00,2019-11-07 15:30:00+00:00,-1,-0.9999999999999691,SL,False
S2-16,london_fix_momentum,EURAUD,2019-11-11 15:15:00+00:00,2019-11-11 15:30:00+00:00,2019-11-11 18:30:00+00:00,1,-1.0000000000000806,SL,False
S2-16,london_fix_momentum,EURAUD,2019-11-12 15:15:00+00:00,2019-11-12 15:30:00+00:00,2019-11-12 15:45:00+00:00,1,-0.9999999999999646,SL,False
S2-16,london_fix_momentum,EURAUD,2019-11-13 15:30:00+00:00,2019-11-13 15:45:00+00:00,2019-11-13 17:00:00+00:00,1,-1.0000000000000602,SL,False
S2-16,london_fix_momentum,EURAUD,2019-11-14 15:00:00+00:00,2019-11-14 15:15:00+00:00,2019-11-14 15:15:00+00:00,1,-1.0,SL,False
S2-16,london_fix_momentum,EURAUD,2019-11-14 15:45:00+00:00,2019-11-14 16:00:00+00:00,2019-11-14 16:30:00+00:00,1,1.2499999999999694,TP,False
S2-16,london_fix_momentum,EURAUD,2019-11-15 15:30:00+00:00,2019-11-15 15:45:00+00:00,2019-11-15 15:45:00+00:00,1,1.2499999999999316,TP,False
S2-16,london_fix_momentum,EURAUD,2019-11-18 15:00:00+00:00,2019-11-18 15:15:00+00:00,2019-11-18 16:15:00+00:00,1,-1.0000000000000766,SL,False
S2-16,london_fix_momentum,EURAUD,2019-11-20 15:00:00+00:00,2019-11-20 15:15:00+00:00,2019-11-20 15:45:00+00:00,1,1.250000000000076,TP,False
S2-16,london_fix_momentum,EURAUD,2019-11-20 15:45:00+00:00,2019-11-20 16:00:00+00:00,2019-11-20 16:00:00+00:00,1,-1.0,SL,False
S2-16,london_fix_momentum,EURAUD,2019-11-21 15:30:00+00:00,2019-11-21 15:45:00+00:00,2019-11-21 19:30:00+00:00,1,0.07285898211488047,TIME,False
S2-16,london_fix_momentum,EURAUD,2019-11-27 15:30:00+00:00,2019-11-27 15:45:00+00:00,2019-11-27 15:45:00+00:00,-1,-0.9999999999999207,SL,False
S2-16,london_fix_momentum,EURAUD,2019-12-02 15:15:00+00:00,2019-12-02 15:30:00+00:00,2019-12-02 15:30:00+00:00,-1,-1.0000000000001001,SL,False
S2-16,london_fix_momentum,EURAUD,2019-12-02 15:45:00+00:00,2019-12-02 16:00:00+00:00,2019-12-02 16:15:00+00:00,-1,-1.0000000000000306,SL,False
S2-16,london_fix_momentum,EURAUD,2019-12-03 15:00:00+00:00,2019-12-03 15:15:00+00:00,2019-12-03 15:30:00+00:00,-1,-0.9999999999999738,SL,False
S2-16,london_fix_momentum,EURAUD,2019-12-04 15:00:00+00:00,2019-12-04 15:15:00+00:00,2019-12-04 15:45:00+00:00,-1,1.2499999999999427,TP,False
S2-16,london_fix_momentum,EURAUD,2019-12-04 15:45:00+00:00,2019-12-04 16:00:00+00:00,2019-12-04 16:30:00+00:00,-1,1.25,TP,False
S2-16,london_fix_momentum,EURAUD,2019-12-05 15:00:00+00:00,2019-12-05 15:15:00+00:00,2019-12-05 15:30:00+00:00,1,-1.0000000000000369,SL,False
S2-16,london_fix_momentum,EURAUD,2019-12-05 15:45:00+00:00,2019-12-05 16:00:00+00:00,2019-12-05 16:45:00+00:00,1,-1.0000000000000713,SL,False
S2-16,london_fix_momentum,EURAUD,2019-12-06 15:30:00+00:00,2019-12-06 15:45:00+00:00,2019-12-06 16:00:00+00:00,-1,0.5142219835598331,FRIDAY,False
S2-16,london_fix_momentum,EURAUD,2019-12-10 15:15:00+00:00,2019-12-10 15:30:00+00:00,2019-12-10 15:45:00+00:00,1,1.2500000000000815,TP,False
S2-16,london_fix_momentum,EURAUD,2019-12-10 15:45:00+00:00,2019-12-10 16:00:00+00:00,2019-12-10 16:30:00+00:00,1,-1.0000000000000753,SL,False
S2-16,london_fix_momentum,EURAUD,2019-12-11 15:00:00+00:00,2019-12-11 15:15:00+00:00,2019-12-11 15:30:00+00:00,-1,1.2499999999998883,TP,False
S2-16,london_fix_momentum,EURAUD,2019-12-11 15:30:00+00:00,2019-12-11 15:45:00+00:00,2019-12-11 16:00:00+00:00,-1,1.2500000000000349,TP,False
S2-16,london_fix_momentum,EURAUD,2019-12-12 15:00:00+00:00,2019-12-12 15:15:00+00:00,2019-12-12 19:00:00+00:00,-1,-0.8679665873145676,TIME,False
S2-16,london_fix_momentum,EURAUD,2019-12-17 15:15:00+00:00,2019-12-17 15:30:00+00:00,2019-12-17 15:30:00+00:00,1,-0.9999999999999389,SL,False
S2-16,london_fix_momentum,EURAUD,2019-12-17 15:45:00+00:00,2019-12-17 16:00:00+00:00,2019-12-17 16:00:00+00:00,1,-1.0000000000000873,SL,False
S2-16,london_fix_momentum,EURAUD,2019-12-19 15:00:00+00:00,2019-12-19 15:15:00+00:00,2019-12-19 15:45:00+00:00,-1,1.2500000000000968,TP,False
S2-16,london_fix_momentum,EURAUD,2019-12-19 15:45:00+00:00,2019-12-19 16:00:00+00:00,2019-12-19 16:00:00+00:00,-1,-1.0000000000000298,SL,False
S2-16,london_fix_momentum,EURAUD,2019-12-20 15:15:00+00:00,2019-12-20 15:30:00+00:00,2019-12-20 15:45:00+00:00,-1,-1.0000000000000735,SL,False
S2-16,london_fix_momentum,EURAUD,2019-12-20 15:45:00+00:00,2019-12-20 16:00:00+00:00,2019-12-20 16:00:00+00:00,-1,0.06880648785969026,FRIDAY,False
S2-16,london_fix_momentum,EURAUD,2019-12-24 15:00:00+00:00,2019-12-24 15:15:00+00:00,2019-12-24 18:15:00+00:00,-1,-1.0000000000000906,SL,False
S2-16,london_fix_momentum,EURAUD,2019-12-26 15:00:00+00:00,2019-12-26 15:15:00+00:00,2019-12-26 15:30:00+00:00,-1,-1.0000000000001563,SL,False
S2-16,london_fix_momentum,EURAUD,2019-12-26 15:45:00+00:00,2019-12-26 16:00:00+00:00,2019-12-26 16:15:00+00:00,-1,-1.0,SL,False
S2-16,london_fix_momentum,EURAUD,2019-12-30 15:15:00+00:00,2019-12-30 15:30:00+00:00,2019-12-30 15:45:00+00:00,1,1.250000000000025,TP,False
S2-16,london_fix_momentum,EURAUD,2019-12-31 15:15:00+00:00,2019-12-31 15:30:00+00:00,2019-12-31 15:45:00+00:00,-1,-0.9999999999999344,SL,False
S2-16,london_fix_momentum,EURAUD,2019-12-31 15:45:00+00:00,2019-12-31 16:00:00+00:00,2019-12-31 17:00:00+00:00,-1,-1.0000000000000593,SL,False
S2-16,london_fix_momentum,EURAUD,2020-01-02 15:15:00+00:00,2020-01-02 15:30:00+00:00,2020-01-02 15:45:00+00:00,-1,-1.0,SL,False
S2-16,london_fix_momentum,EURAUD,2020-01-03 15:45:00+00:00,2020-01-03 16:00:00+00:00,2020-01-03 16:00:00+00:00,1,0.15175790547432844,FRIDAY,False
S2-16,london_fix_momentum,EURAUD,2020-01-06 15:00:00+00:00,2020-01-06 15:15:00+00:00,2020-01-06 15:15:00+00:00,1,-0.9999999999999036,SL,False
S2-16,london_fix_momentum,EURAUD,2020-01-06 15:45:00+00:00,2020-01-06 16:00:00+00:00,2020-01-06 16:00:00+00:00,1,-0.999999999999912,SL,False
S2-16,london_fix_momentum,EURAUD,2020-01-07 15:45:00+00:00,2020-01-07 16:00:00+00:00,2020-01-07 17:00:00+00:00,1,1.25,TP,False
S2-16,london_fix_momentum,EURAUD,2020-01-08 15:00:00+00:00,2020-01-08 15:15:00+00:00,2020-01-08 15:45:00+00:00,1,-1.0000000000000262,SL,False
S2-16,london_fix_momentum,EURAUD,2020-01-09 15:00:00+00:00,2020-01-09 15:15:00+00:00,2020-01-09 15:30:00+00:00,1,-1.0000000000000657,SL,False
S2-16,london_fix_momentum,EURAUD,2020-01-09 15:45:00+00:00,2020-01-09 16:00:00+00:00,2020-01-09 16:00:00+00:00,1,-1.0000000000000968,SL,False
S2-16,london_fix_momentum,EURAUD,2020-01-10 15:00:00+00:00,2020-01-10 15:15:00+00:00,2020-01-10 15:45:00+00:00,-1,1.2499999999999178,TP,False
S2-16,london_fix_momentum,EURAUD,2020-01-10 15:45:00+00:00,2020-01-10 16:00:00+00:00,2020-01-10 16:00:00+00:00,-1,-0.84375,FRIDAY,False
S2-16,london_fix_momentum,EURAUD,2020-01-14 15:00:00+00:00,2020-01-14 15:15:00+00:00,2020-01-14 15:15:00+00:00,-1,-0.9999999999999063,SL,False
S2-16,london_fix_momentum,EURAUD,2020-01-15 15:15:00+00:00,2020-01-15 15:30:00+00:00,2020-01-15 15:45:00+00:00,1,-1.0000000000000648,SL,False
S2-16,london_fix_momentum,EURAUD,2020-01-16 15:30:00+00:00,2020-01-16 15:45:00+00:00,2020-01-16 15:45:00+00:00,-1,-1.0,SL,False
S2-16,london_fix_momentum,EURAUD,2020-01-17 15:15:00+00:00,2020-01-17 15:30:00+00:00,2020-01-17 15:30:00+00:00,-1,-1.0000000000000742,SL,False
S2-16,london_fix_momentum,EURAUD,2020-01-17 15:45:00+00:00,2020-01-17 16:00:00+00:00,2020-01-17 16:00:00+00:00,-1,-1.0586471421475745,FRIDAY,False
S2-16,london_fix_momentum,EURAUD,2020-01-20 15:00:00+00:00,2020-01-20 15:15:00+00:00,2020-01-20 15:15:00+00:00,1,-1.0,SL,False
S2-16,london_fix_momentum,EURAUD,2020-01-21 15:00:00+00:00,2020-01-21 15:15:00+00:00,2020-01-21 15:45:00+00:00,1,1.249999999999924,TP,False
S2-16,london_fix_momentum,EURAUD,2020-01-23 15:00:00+00:00,2020-01-23 15:15:00+00:00,2020-01-23 15:30:00+00:00,-1,1.250000000000025,TP,False
S2-16,london_fix_momentum,EURAUD,2020-01-24 15:45:00+00:00,2020-01-24 16:00:00+00:00,2020-01-24 16:00:00+00:00,-1,0.4395497768290316,FRIDAY,False
S2-16,london_fix_momentum,EURAUD,2020-01-27 15:00:00+00:00,2020-01-27 15:15:00+00:00,2020-01-27 16:15:00+00:00,1,1.249999999999976,TP,False
S2-16,london_fix_momentum,EURAUD,2020-01-29 15:00:00+00:00,2020-01-29 15:15:00+00:00,2020-01-29 16:00:00+00:00,1,-1.0,SL,False
S2-16,london_fix_momentum,EURAUD,2020-01-30 15:00:00+00:00,2020-01-30 15:15:00+00:00,2020-01-30 15:45:00+00:00,1,1.2500000000000395,TP,False
S2-16,london_fix_momentum,EURAUD,2020-01-31 15:15:00+00:00,2020-01-31 15:30:00+00:00,2020-01-31 15:45:00+00:00,1,1.2499999999999754,TP,False
S2-16,london_fix_momentum,EURAUD,2020-01-31 15:45:00+00:00,2020-01-31 16:00:00+00:00,2020-01-31 16:00:00+00:00,1,-0.6245579890126677,FRIDAY,False
S2-16,london_fix_momentum,EURAUD,2020-02-04 15:15:00+00:00,2020-02-04 15:30:00+00:00,2020-02-04 16:15:00+00:00,-1,1.2500000000000686,TP,False
S2-16,london_fix_momentum,EURAUD,2020-02-05 15:30:00+00:00,2020-02-05 15:45:00+00:00,2020-02-05 16:30:00+00:00,-1,-0.9999999999999762,SL,False
S2-16,london_fix_momentum,EURAUD,2020-02-06 15:15:00+00:00,2020-02-06 15:30:00+00:00,2020-02-06 15:45:00+00:00,-1,1.2499999999999734,TP,False
S2-16,london_fix_momentum,EURAUD,2020-02-06 15:45:00+00:00,2020-02-06 16:00:00+00:00,2020-02-06 19:15:00+00:00,-1,-0.9999999999999736,SL,False
S2-16,london_fix_momentum,EURAUD,2020-02-07 15:30:00+00:00,2020-02-07 15:45:00+00:00,2020-02-07 15:45:00+00:00,1,-0.9999999999999795,SL,False
S2-16,london_fix_momentum,EURAUD,2020-02-11 15:00:00+00:00,2020-02-11 15:15:00+00:00,2020-02-11 15:15:00+00:00,-1,-0.9999999999999392,SL,False
S2-16,london_fix_momentum,EURAUD,2020-02-12 15:00:00+00:00,2020-02-12 15:15:00+00:00,2020-02-12 15:30:00+00:00,-1,1.2499999999999147,TP,False
S2-16,london_fix_momentum,EURAUD,2020-02-12 15:30:00+00:00,2020-02-12 15:45:00+00:00,2020-02-12 15:45:00+00:00,-1,1.2499999999998808,TP,False
S2-16,london_fix_momentum,EURAUD,2020-02-12 15:45:00+00:00,2020-02-12 16:00:00+00:00,2020-02-12 17:15:00+00:00,-1,1.25,TP,False
S2-16,london_fix_momentum,EURAUD,2020-02-13 15:00:00+00:00,2020-02-13 15:15:00+00:00,2020-02-13 15:45:00+00:00,-1,-1.0,SL,False
S2-16,london_fix_momentum,EURAUD,2020-02-20 15:15:00+00:00,2020-02-20 15:30:00+00:00,2020-02-20 15:45:00+00:00,1,-1.0000000000000235,SL,False
S2-16,london_fix_momentum,EURAUD,2020-02-21 15:00:00+00:00,2020-02-21 15:15:00+00:00,2020-02-21 15:15:00+00:00,1,-0.999999999999977,SL,False
S2-16,london_fix_momentum,EURAUD,2020-02-21 15:30:00+00:00,2020-02-21 15:45:00+00:00,2020-02-21 15:45:00+00:00,1,-1.0,SL,False
S2-16,london_fix_momentum,EURAUD,2020-02-24 15:15:00+00:00,2020-02-24 15:30:00+00:00,2020-02-24 15:30:00+00:00,1,-0.9999999999999281,SL,False
S2-16,london_fix_momentum,EURAUD,2020-02-24 15:45:00+00:00,2020-02-24 16:00:00+00:00,2020-02-24 17:15:00+00:00,1,1.249999999999929,TP,False
S2-16,london_fix_momentum,EURAUD,2020-02-25 15:00:00+00:00,2020-02-25 15:15:00+00:00,2020-02-25 15:45:00+00:00,1,1.2499999999999354,TP,False
S2-16,london_fix_momentum,EURAUD,2020-02-25 15:45:00+00:00,2020-02-25 16:00:00+00:00,2020-02-25 16:15:00+00:00,1,1.2500000000000404,TP,False
S2-16,london_fix_momentum,EURAUD,2020-02-26 15:00:00+00:00,2020-02-26 15:15:00+00:00,2020-02-26 15:45:00+00:00,1,1.2499999999999838,TP,False
S2-16,london_fix_momentum,EURAUD,2020-02-26 15:45:00+00:00,2020-02-26 16:00:00+00:00,2020-02-26 16:45:00+00:00,1,1.2499999999999682,TP,False
S2-16,london_fix_momentum,EURAUD,2020-02-27 15:00:00+00:00,2020-02-27 15:15:00+00:00,2020-02-27 15:15:00+00:00,1,-0.9999999999999609,SL,False
S2-16,london_fix_momentum,EURAUD,2020-02-27 15:30:00+00:00,2020-02-27 15:45:00+00:00,2020-02-27 15:45:00+00:00,1,-1.0000000000000528,SL,False
S2-16,london_fix_momentum,EURAUD,2020-02-28 15:00:00+00:00,2020-02-28 15:15:00+00:00,2020-02-28 15:15:00+00:00,1,1.2499999999999734,TP,False
S2-16,london_fix_momentum,EURAUD,2020-02-28 15:15:00+00:00,2020-02-28 15:30:00+00:00,2020-02-28 15:45:00+00:00,1,1.2499999999999623,TP,False
S2-16,london_fix_momentum,EURAUD,2020-02-28 15:45:00+00:00,2020-02-28 16:00:00+00:00,2020-02-28 16:00:00+00:00,1,-1.9888432308780717,FRIDAY,False
S2-16,london_fix_momentum,EURAUD,2020-03-02 15:15:00+00:00,2020-03-02 15:30:00+00:00,2020-03-02 15:45:00+00:00,1,1.250000000000023,TP,False
S2-16,london_fix_momentum,EURAUD,2020-03-02 15:45:00+00:00,2020-03-02 16:00:00+00:00,2020-03-02 16:30:00+00:00,1,1.2499999999999687,TP,False
S2-16,london_fix_momentum,EURAUD,2020-03-04 15:15:00+00:00,2020-03-04 15:30:00+00:00,2020-03-04 15:30:00+00:00,-1,-1.0000000000000135,SL,False
S2-16,london_fix_momentum,EURAUD,2020-03-06 15:45:00+00:00,2020-03-06 16:00:00+00:00,2020-03-06 16:00:00+00:00,1,0.15956064487820068,FRIDAY,False
S2-16,london_fix_momentum,EURAUD,2020-03-10 15:15:00+00:00,2020-03-10 15:30:00+00:00,2020-03-10 15:45:00+00:00,1,1.250000000000007,TP,False
S2-16,london_fix_momentum,EURAUD,2020-03-10 15:45:00+00:00,2020-03-10 16:00:00+00:00,2020-03-10 16:00:00+00:00,1,-1.0000000000000133,SL,False
S2-16,london_fix_momentum,EURAUD,2020-03-12 15:00:00+00:00,2020-03-12 15:15:00+00:00,2020-03-12 16:00:00+00:00,1,-1.0000000000000093,SL,False
S2-16,london_fix_momentum,EURAUD,2020-03-16 15:30:00+00:00,2020-03-16 15:45:00+00:00,2020-03-16 17:30:00+00:00,1,1.2499999999999922,TP,False
S2-16,london_fix_momentum,EURAUD,2020-03-17 15:30:00+00:00,2020-03-17 15:45:00+00:00,2020-03-17 15:45:00+00:00,1,1.250000000000015,TP,False
S2-16,london_fix_momentum,EURAUD,2020-03-17 15:45:00+00:00,2020-03-17 16:00:00+00:00,2020-03-17 19:45:00+00:00,1,-0.02674672972518178,TIME,False
S2-16,london_fix_momentum,EURAUD,2020-03-18 15:15:00+00:00,2020-03-18 15:30:00+00:00,2020-03-18 15:45:00+00:00,1,1.2499999999999822,TP,False
S2-16,london_fix_momentum,EURAUD,2020-03-18 15:45:00+00:00,2020-03-18 16:00:00+00:00,2020-03-18 16:45:00+00:00,1,1.2500000000000104,TP,False
S2-16,london_fix_momentum,EURAUD,2020-03-20 15:45:00+00:00,2020-03-20 16:00:00+00:00,2020-03-20 16:00:00+00:00,-1,-0.7138433910546661,FRIDAY,False
S2-16,london_fix_momentum,EURAUD,2020-03-23 15:00:00+00:00,2020-03-23 15:15:00+00:00,2020-03-23 15:30:00+00:00,1,1.250000000000008,TP,False
S2-16,london_fix_momentum,EURAUD,2020-03-23 15:30:00+00:00,2020-03-23 15:45:00+00:00,2020-03-23 16:15:00+00:00,1,-0.9999999999999958,SL,False
S2-16,london_fix_momentum,EURAUD,2020-03-24 15:00:00+00:00,2020-03-24 15:15:00+00:00,2020-03-24 15:45:00+00:00,-1,-1.000000000000005,SL,False
S2-16,london_fix_momentum,EURAUD,2020-03-27 15:15:00+00:00,2020-03-27 15:30:00+00:00,2020-03-27 15:30:00+00:00,-1,-0.9999999999999939,SL,False
S2-16,london_fix_momentum,EURAUD,2020-03-27 15:30:00+00:00,2020-03-27 15:45:00+00:00,2020-03-27 15:45:00+00:00,-1,1.249999999999994,TP,False
S2-16,london_fix_momentum,EURAUD,2020-03-27 15:45:00+00:00,2020-03-27 16:00:00+00:00,2020-03-27 16:00:00+00:00,-1,-0.2181763296417184,FRIDAY,False
S2-16,london_fix_momentum,EURAUD,2020-03-30 15:00:00+00:00,2020-03-30 15:15:00+00:00,2020-03-30 15:30:00+00:00,-1,-0.9999999999999931,SL,False
S2-16,london_fix_momentum,EURAUD,2020-03-30 15:45:00+00:00,2020-03-30 16:00:00+00:00,2020-03-30 16:15:00+00:00,-1,1.2500000000000204,TP,False
S2-16,london_fix_momentum,EURAUD,2020-04-06 15:15:00+00:00,2020-04-06 15:30:00+00:00,2020-04-06 19:15:00+00:00,-1,0.1733203611797372,TIME,False
S2-16,london_fix_momentum,EURAUD,2020-04-07 15:15:00+00:00,2020-04-07 15:30:00+00:00,2020-04-07 19:15:00+00:00,-1,-0.9999999999999906,SL,False
S2-16,london_fix_momentum,EURAUD,2020-04-08 15:15:00+00:00,2020-04-08 15:30:00+00:00,2020-04-08 19:15:00+00:00,-1,0.8885344666542127,TIME,False
S2-16,london_fix_momentum,EURAUD,2020-04-09 15:30:00+00:00,2020-04-09 15:45:00+00:00,2020-04-09 17:30:00+00:00,-1,1.250000000000028,TP,False
S2-16,london_fix_momentum,EURAUD,2020-04-10 15:00:00+00:00,2020-04-10 15:15:00+00:00,2020-04-10 16:00:00+00:00,-1,-0.5623720832121865,FRIDAY,False
S2-16,london_fix_momentum,EURAUD,2020-04-13 15:00:00+00:00,2020-04-13 15:15:00+00:00,2020-04-13 17:45:00+00:00,-1,1.2500000000000255,TP,False
S2-16,london_fix_momentum,EURAUD,2020-04-14 15:30:00+00:00,2020-04-14 15:45:00+00:00,2020-04-14 17:30:00+00:00,-1,1.2500000000000382,TP,False
S2-16,london_fix_momentum,EURAUD,2020-04-15 15:00:00+00:00,2020-04-15 15:15:00+00:00,2020-04-15 16:00:00+00:00,1,-1.0000000000000102,SL,False
S2-16,london_fix_momentum,EURAUD,2020-04-20 15:30:00+00:00,2020-04-20 15:45:00+00:00,2020-04-20 16:15:00+00:00,-1,-1.0000000000000298,SL,False
S2-16,london_fix_momentum,EURAUD,2020-04-21 15:00:00+00:00,2020-04-21 15:15:00+00:00,2020-04-21 17:30:00+00:00,1,-1.0,SL,False
S2-16,london_fix_momentum,EURAUD,2020-04-23 15:00:00+00:00,2020-04-23 15:15:00+00:00,2020-04-23 16:45:00+00:00,-1,-1.0000000000000369,SL,False
S2-16,london_fix_momentum,EURAUD,2020-04-27 15:00:00+00:00,2020-04-27 15:15:00+00:00,2020-04-27 19:00:00+00:00,-1,0.45740626617694186,TIME,False
S2-16,london_fix_momentum,EURAUD,2020-04-28 15:00:00+00:00,2020-04-28 15:15:00+00:00,2020-04-28 17:15:00+00:00,-1,1.2500000000000369,TP,False
S2-16,london_fix_momentum,EURAUD,2020-04-29 15:30:00+00:00,2020-04-29 15:45:00+00:00,2020-04-29 17:30:00+00:00,-1,-1.0,SL,False
S2-16,london_fix_momentum,EURAUD,2020-05-01 15:00:00+00:00,2020-05-01 15:15:00+00:00,2020-05-01 15:45:00+00:00,1,1.2499999999999876,TP,False
S2-16,london_fix_momentum,EURAUD,2020-05-01 15:45:00+00:00,2020-05-01 16:00:00+00:00,2020-05-01 16:00:00+00:00,1,-0.2763729262098955,FRIDAY,False
S2-16,london_fix_momentum,EURAUD,2020-05-05 15:00:00+00:00,2020-05-05 15:15:00+00:00,2020-05-05 16:15:00+00:00,-1,1.2499999999999842,TP,False
S2-16,london_fix_momentum,EURAUD,2020-05-07 15:15:00+00:00,2020-05-07 15:30:00+00:00,2020-05-07 15:30:00+00:00,-1,1.249999999999986,TP,False
S2-16,london_fix_momentum,EURAUD,2020-05-07 15:30:00+00:00,2020-05-07 15:45:00+00:00,2020-05-07 16:45:00+00:00,-1,-1.0000000000000357,SL,False
S2-16,london_fix_momentum,EURAUD,2020-05-08 15:00:00+00:00,2020-05-08 15:15:00+00:00,2020-05-08 15:45:00+00:00,-1,1.249999999999957,TP,False
S2-16,london_fix_momentum,EURAUD,2020-05-08 15:45:00+00:00,2020-05-08 16:00:00+00:00,2020-05-08 16:00:00+00:00,-1,-0.36405454121014746,FRIDAY,False
S2-16,london_fix_momentum,EURAUD,2020-05-12 15:00:00+00:00,2020-05-12 15:15:00+00:00,2020-05-12 17:15:00+00:00,1,1.2499999999999858,TP,False
S2-16,london_fix_momentum,EURAUD,2020-05-13 15:00:00+00:00,2020-05-13 15:15:00+00:00,2020-05-13 16:15:00+00:00,1,1.2499999999999645,TP,False
S2-16,london_fix_momentum,EURAUD,2020-05-14 15:15:00+00:00,2020-05-14 15:30:00+00:00,2020-05-14 16:15:00+00:00,1,-1.0000000000000393,SL,False
S2-16,london_fix_momentum,EURAUD,2020-05-15 15:00:00+00:00,2020-05-15 15:15:00+00:00,2020-05-15 16:00:00+00:00,1,-0.10494474763286879,FRIDAY,False
S2-16,london_fix_momentum,EURAUD,2020-05-18 15:00:00+00:00,2020-05-18 15:15:00+00:00,2020-05-18 15:15:00+00:00,-1,-1.00000000000003,SL,False
S2-16,london_fix_momentum,EURAUD,2020-05-19 15:15:00+00:00,2020-05-19 15:30:00+00:00,2020-05-19 18:45:00+00:00,-1,-1.0000000000000262,SL,False
S2-16,london_fix_momentum,EURAUD,2020-05-20 15:00:00+00:00,2020-05-20 15:15:00+00:00,2020-05-20 15:15:00+00:00,-1,1.2499999999999813,TP,False
S2-16,london_fix_momentum,EURAUD,2020-05-20 15:15:00+00:00,2020-05-20 15:30:00+00:00,2020-05-20 15:45:00+00:00,-1,-0.9999999999999832,SL,False
S2-16,london_fix_momentum,EURAUD,2020-05-21 15:30:00+00:00,2020-05-21 15:45:00+00:00,2020-05-21 17:00:00+00:00,-1,-0.9999999999999569,SL,False
S2-16,london_fix_momentum,EURAUD,2020-05-25 15:15:00+00:00,2020-05-25 15:30:00+00:00,2020-05-25 18:15:00+00:00,-1,-1.0000000000000573,SL,False
S2-16,london_fix_momentum,EURAUD,2020-05-26 15:00:00+00:00,2020-05-26 15:15:00+00:00,2020-05-26 15:15:00+00:00,-1,-1.0,SL,False
S2-16,london_fix_momentum,EURAUD,2020-05-26 15:45:00+00:00,2020-05-26 16:00:00+00:00,2020-05-26 18:30:00+00:00,-1,1.2500000000000488,TP,False
S2-16,london_fix_momentum,EURAUD,2020-06-01 15:30:00+00:00,2020-06-01 15:45:00+00:00,2020-06-01 19:30:00+00:00,-1,1.249999999999961,TP,False
S2-16,london_fix_momentum,EURAUD,2020-06-02 15:30:00+00:00,2020-06-02 15:45:00+00:00,2020-06-02 19:15:00+00:00,-1,1.249999999999974,TP,False
S2-16,london_fix_momentum,EURAUD,2020-06-03 15:00:00+00:00,2020-06-03 15:15:00+00:00,2020-06-03 16:30:00+00:00,-1,-1.0000000000000222,SL,False
S2-16,london_fix_momentum,EURAUD,2020-06-05 15:15:00+00:00,2020-06-05 15:30:00+00:00,2020-06-05 16:00:00+00:00,-1,0.3969197415457319,FRIDAY,False
S2-16,london_fix_momentum,EURAUD,2020-06-08 15:00:00+00:00,2020-06-08 15:15:00+00:00,2020-06-08 16:30:00+00:00,-1,1.2500000000000315,TP,False
S2-16,london_fix_momentum,EURAUD,2020-06-09 15:00:00+00:00,2020-06-09 15:15:00+00:00,2020-06-09 17:30:00+00:00,1,-0.9999999999999626,SL,False
S2-16,london_fix_momentum,EURAUD,2020-06-11 15:00:00+00:00,2020-06-11 15:15:00+00:00,2020-06-11 16:00:00+00:00,1,1.25,TP,False
S2-16,london_fix_momentum,EURAUD,2020-06-17 15:30:00+00:00,2020-06-17 15:45:00+00:00,2020-06-17 18:30:00+00:00,-1,-0.9999999999999629,SL,False
S2-16,london_fix_momentum,EURAUD,2020-06-19 15:45:00+00:00,2020-06-19 16:00:00+00:00,2020-06-19 16:00:00+00:00,-1,-1.2028275931318404,FRIDAY,False
S2-16,london_fix_momentum,EURAUD,2020-06-22 15:15:00+00:00,2020-06-22 15:30:00+00:00,2020-06-22 16:00:00+00:00,-1,1.25,TP,False
S2-16,london_fix_momentum,EURAUD,2020-06-23 15:00:00+00:00,2020-06-23 15:15:00+00:00,2020-06-23 15:45:00+00:00,-1,-1.000000000000039,SL,False
S2-16,london_fix_momentum,EURAUD,2020-06-24 15:00:00+00:00,2020-06-24 15:15:00+00:00,2020-06-24 15:30:00+00:00,1,1.2500000000000122,TP,False
S2-16,london_fix_momentum,EURAUD,2020-06-24 15:30:00+00:00,2020-06-24 15:45:00+00:00,2020-06-24 16:15:00+00:00,1,-1.0000000000000222,SL,False
S2-16,london_fix_momentum,EURAUD,2020-06-25 15:30:00+00:00,2020-06-25 15:45:00+00:00,2020-06-25 16:15:00+00:00,1,-0.9999999999999499,SL,False
S2-16,london_fix_momentum,EURAUD,2020-06-29 15:00:00+00:00,2020-06-29 15:15:00+00:00,2020-06-29 15:45:00+00:00,1,-0.9999999999999619,SL,False
S2-16,london_fix_momentum,EURAUD,2020-06-30 15:00:00+00:00,2020-06-30 15:15:00+00:00,2020-06-30 16:30:00+00:00,-1,-1.0,SL,False
S2-16,london_fix_momentum,EURAUD,2020-07-01 15:30:00+00:00,2020-07-01 15:45:00+00:00,2020-07-01 19:30:00+00:00,-1,0.8014390305478414,TIME,False
S2-16,london_fix_momentum,EURAUD,2020-07-02 15:15:00+00:00,2020-07-02 15:30:00+00:00,2020-07-02 16:15:00+00:00,-1,1.250000000000018,TP,False
S2-16,london_fix_momentum,EURAUD,2020-07-03 15:00:00+00:00,2020-07-03 15:15:00+00:00,2020-07-03 16:00:00+00:00,-1,0.5258647313156269,FRIDAY,False
S2-16,london_fix_momentum,EURAUD,2020-07-08 15:00:00+00:00,2020-07-08 15:15:00+00:00,2020-07-08 15:45:00+00:00,1,-1.0000000000000244,SL,False
S2-16,london_fix_momentum,EURAUD,2020-07-09 15:30:00+00:00,2020-07-09 15:45:00+00:00,2020-07-09 19:00:00+00:00,-1,1.2499999999999805,TP,False
S2-16,london_fix_momentum,EURAUD,2020-07-10 15:00:00+00:00,2020-07-10 15:15:00+00:00,2020-07-10 16:00:00+00:00,1,0.4204618234658109,FRIDAY,False
S2-16,london_fix_momentum,EURAUD,2020-07-13 15:00:00+00:00,2020-07-13 15:15:00+00:00,2020-07-13 16:15:00+00:00,1,1.2499999999999745,TP,False
S2-16,london_fix_momentum,EURAUD,2020-07-14 15:00:00+00:00,2020-07-14 15:15:00+00:00,2020-07-14 17:45:00+00:00,1,-1.0,SL,False
S2-16,london_fix_momentum,EURAUD,2020-07-17 15:30:00+00:00,2020-07-17 15:45:00+00:00,2020-07-17 16:00:00+00:00,1,-0.9885113256337729,FRIDAY,False
S2-16,london_fix_momentum,EURAUD,2020-07-21 15:00:00+00:00,2020-07-21 15:15:00+00:00,2020-07-21 16:15:00+00:00,-1,-0.9999999999999821,SL,False
S2-16,london_fix_momentum,EURAUD,2020-07-23 15:00:00+00:00,2020-07-23 15:15:00+00:00,2020-07-23 16:45:00+00:00,1,1.2499999999999434,TP,False
S2-16,london_fix_momentum,EURAUD,2020-07-24 15:00:00+00:00,2020-07-24 15:15:00+00:00,2020-07-24 16:00:00+00:00,1,0.48446948744152035,FRIDAY,False
S2-16,london_fix_momentum,EURAUD,2020-07-27 15:00:00+00:00,2020-07-27 15:15:00+00:00,2020-07-27 15:45:00+00:00,1,-1.000000000000039,SL,False
S2-16,london_fix_momentum,EURAUD,2020-07-30 15:45:00+00:00,2020-07-30 16:00:00+00:00,2020-07-30 17:15:00+00:00,1,-0.999999999999956,SL,False
S2-16,london_fix_momentum,EURAUD,2020-07-31 15:00:00+00:00,2020-07-31 15:15:00+00:00,2020-07-31 16:00:00+00:00,1,-0.15910735611286383,FRIDAY,False
S2-16,london_fix_momentum,EURAUD,2020-08-03 15:00:00+00:00,2020-08-03 15:15:00+00:00,2020-08-03 19:00:00+00:00,1,-0.7618148705624069,TIME,False
S2-16,london_fix_momentum,EURAUD,2020-08-04 15:30:00+00:00,2020-08-04 15:45:00+00:00,2020-08-04 16:00:00+00:00,-1,-0.9999999999999586,SL,False
S2-16,london_fix_momentum,EURAUD,2020-08-06 15:00:00+00:00,2020-08-06 15:15:00+00:00,2020-08-06 15:15:00+00:00,-1,-0.9999999999999666,SL,False
S2-16,london_fix_momentum,EURAUD,2020-08-06 15:30:00+00:00,2020-08-06 15:45:00+00:00,2020-08-06 16:00:00+00:00,-1,-0.9999999999999688,SL,False
S2-16,london_fix_momentum,EURAUD,2020-08-10 15:00:00+00:00,2020-08-10 15:15:00+00:00,2020-08-10 16:00:00+00:00,-1,1.2500000000000682,TP,False
S2-16,london_fix_momentum,EURAUD,2020-08-13 15:15:00+00:00,2020-08-13 15:30:00+00:00,2020-08-13 17:00:00+00:00,1,-1.0000000000000235,SL,False
S2-16,london_fix_momentum,EURAUD,2020-08-17 15:00:00+00:00,2020-08-17 15:15:00+00:00,2020-08-17 16:15:00+00:00,-1,1.2499999999999518,TP,False
S2-16,london_fix_momentum,EURAUD,2020-08-19 15:15:00+00:00,2020-08-19 15:30:00+00:00,2020-08-19 16:15:00+00:00,-1,1.2499999999999762,TP,False
S2-16,london_fix_momentum,EURAUD,2020-08-20 15:00:00+00:00,2020-08-20 15:15:00+00:00,2020-08-20 15:30:00+00:00,1,-1.0,SL,False
S2-16,london_fix_momentum,EURAUD,2020-08-21 15:15:00+00:00,2020-08-21 15:30:00+00:00,2020-08-21 16:00:00+00:00,-1,0.12547667047193414,FRIDAY,False
S2-16,london_fix_momentum,EURAUD,2020-08-25 15:15:00+00:00,2020-08-25 15:30:00+00:00,2020-08-25 15:30:00+00:00,1,-1.000000000000023,SL,False
S2-16,london_fix_momentum,EURAUD,2020-08-26 15:00:00+00:00,2020-08-26 15:15:00+00:00,2020-08-26 15:15:00+00:00,-1,-1.0000000000000766,SL,False
S2-16,london_fix_momentum,EURAUD,2020-08-26 15:45:00+00:00,2020-08-26 16:00:00+00:00,2020-08-26 17:45:00+00:00,-1,1.2500000000000262,TP,False
S2-16,london_fix_momentum,EURAUD,2020-08-27 15:00:00+00:00,2020-08-27 15:15:00+00:00,2020-08-27 19:00:00+00:00,-1,0.2662096298236083,TIME,False
S2-16,london_fix_momentum,EURAUD,2020-08-28 15:00:00+00:00,2020-08-28 15:15:00+00:00,2020-08-28 15:30:00+00:00,-1,-0.9999999999999559,SL,False
S2-16,london_fix_momentum,EURAUD,2020-08-28 15:45:00+00:00,2020-08-28 16:00:00+00:00,2020-08-28 16:00:00+00:00,-1,-0.7078886325030898,FRIDAY,False
S2-16,london_fix_momentum,EURAUD,2020-08-31 15:15:00+00:00,2020-08-31 15:30:00+00:00,2020-08-31 16:00:00+00:00,-1,1.250000000000061,TP,False
S2-16,london_fix_momentum,EURAUD,2020-09-02 15:45:00+00:00,2020-09-02 16:00:00+00:00,2020-09-02 18:30:00+00:00,-1,1.2500000000000413,TP,False
S2-16,london_fix_momentum,EURAUD,2020-09-03 15:00:00+00:00,2020-09-03 15:15:00+00:00,2020-09-03 16:00:00+00:00,1,1.2500000000000415,TP,False
S2-16,london_fix_momentum,EURAUD,2020-09-04 15:00:00+00:00,2020-09-04 15:15:00+00:00,2020-09-04 15:45:00+00:00,1,-1.000000000000014,SL,False
S2-16,london_fix_momentum,EURAUD,2020-09-08 15:45:00+00:00,2020-09-08 16:00:00+00:00,2020-09-08 16:45:00+00:00,1,-1.0,SL,False
S2-16,london_fix_momentum,EURAUD,2020-09-10 15:00:00+00:00,2020-09-10 15:15:00+00:00,2020-09-10 19:00:00+00:00,1,-1.0000000000000289,SL,False
S2-16,london_fix_momentum,EURAUD,2020-09-11 15:00:00+00:00,2020-09-11 15:15:00+00:00,2020-09-11 15:15:00+00:00,-1,-0.9999999999999716,SL,False
S2-16,london_fix_momentum,EURAUD,2020-09-11 15:45:00+00:00,2020-09-11 16:00:00+00:00,2020-09-11 16:00:00+00:00,-1,-0.09697811835760424,FRIDAY,False
S2-16,london_fix_momentum,EURAUD,2020-09-15 15:30:00+00:00,2020-09-15 15:45:00+00:00,2020-09-15 17:30:00+00:00,-1,1.25,TP,False
S2-16,london_fix_momentum,EURAUD,2020-09-16 15:15:00+00:00,2020-09-16 15:30:00+00:00,2020-09-16 16:15:00+00:00,-1,-1.0000000000000626,SL,False
S2-16,london_fix_momentum,EURAUD,2020-09-18 15:30:00+00:00,2020-09-18 15:45:00+00:00,2020-09-18 16:00:00+00:00,1,-1.2702419859333618,FRIDAY,False
S2-16,london_fix_momentum,EURAUD,2020-09-22 15:00:00+00:00,2020-09-22 15:15:00+00:00,2020-09-22 16:45:00+00:00,1,1.2500000000000353,TP,False
S2-16,london_fix_momentum,EURAUD,2020-09-23 15:15:00+00:00,2020-09-23 15:30:00+00:00,2020-09-23 17:45:00+00:00,1,1.2500000000000362,TP,False
S2-16,london_fix_momentum,EURAUD,2020-09-24 15:15:00+00:00,2020-09-24 15:30:00+00:00,2020-09-24 15:45:00+00:00,1,-1.0000000000000153,SL,False
S2-16,london_fix_momentum,EURAUD,2020-09-25 15:00:00+00:00,2020-09-25 15:15:00+00:00,2020-09-25 16:00:00+00:00,1,-0.5203491934799619,FRIDAY,False
S2-16,london_fix_momentum,EURAUD,2020-09-28 15:30:00+00:00,2020-09-28 15:45:00+00:00,2020-09-28 15:45:00+00:00,1,-1.0,SL,False
S2-16,london_fix_momentum,EURAUD,2020-09-30 15:15:00+00:00,2020-09-30 15:30:00+00:00,2020-09-30 16:00:00+00:00,-1,1.25,TP,False
S2-16,london_fix_momentum,EURAUD,2020-10-01 15:00:00+00:00,2020-10-01 15:15:00+00:00,2020-10-01 18:00:00+00:00,-1,-1.0000000000000193,SL,False
S2-16,london_fix_momentum,EURAUD,2020-10-02 15:15:00+00:00,2020-10-02 15:30:00+00:00,2020-10-02 15:45:00+00:00,-1,-0.9999999999999382,SL,False
S2-16,london_fix_momentum,EURAUD,2020-10-06 15:00:00+00:00,2020-10-06 15:15:00+00:00,2020-10-06 18:45:00+00:00,1,1.2500000000000755,TP,False
S2-16,london_fix_momentum,EURAUD,2020-10-08 15:45:00+00:00,2020-10-08 16:00:00+00:00,2020-10-08 17:45:00+00:00,-1,1.250000000000028,TP,False
S2-16,london_fix_momentum,EURAUD,2020-10-09 15:00:00+00:00,2020-10-09 15:15:00+00:00,2020-10-09 16:00:00+00:00,-1,0.4067049941123502,FRIDAY,False
S2-16,london_fix_momentum,EURAUD,2020-10-15 15:15:00+00:00,2020-10-15 15:30:00+00:00,2020-10-15 16:15:00+00:00,1,-0.9999999999999615,SL,False
S2-16,london_fix_momentum,EURAUD,2020-10-16 15:15:00+00:00,2020-10-16 15:30:00+00:00,2020-10-16 16:00:00+00:00,1,0.1827402657278176,FRIDAY,False
S2-16,london_fix_momentum,EURAUD,2020-10-19 15:15:00+00:00,2020-10-19 15:30:00+00:00,2020-10-19 18:00:00+00:00,1,1.2500000000000262,TP,False
S2-16,london_fix_momentum,EURAUD,2020-10-20 15:00:00+00:00,2020-10-20 15:15:00+00:00,2020-10-20 15:30:00+00:00,1,-0.9999999999999609,SL,False
S2-16,london_fix_momentum,EURAUD,2020-10-22 15:00:00+00:00,2020-10-22 15:15:00+00:00,2020-10-22 16:45:00+00:00,-1,1.2500000000000706,TP,False
S2-16,london_fix_momentum,EURAUD,2020-10-27 15:15:00+00:00,2020-10-27 15:30:00+00:00,2020-10-27 15:30:00+00:00,-1,-0.9999999999999301,SL,False
S2-16,london_fix_momentum,EURAUD,2020-10-27 15:30:00+00:00,2020-10-27 15:45:00+00:00,2020-10-27 17:45:00+00:00,-1,1.249999999999935,TP,False
S2-16,london_fix_momentum,EURAUD,2020-11-02 15:15:00+00:00,2020-11-02 15:30:00+00:00,2020-11-02 15:30:00+00:00,-1,-0.9999999999999238,SL,False
S2-16,london_fix_momentum,EURAUD,2020-11-03 15:00:00+00:00,2020-11-03 15:15:00+00:00,2020-11-03 15:45:00+00:00,-1,1.2500000000000562,TP,False
S2-16,london_fix_momentum,EURAUD,2020-11-03 15:45:00+00:00,2020-11-03 16:00:00+00:00,2020-11-03 19:00:00+00:00,-1,-0.999999999999967,SL,False
S2-16,london_fix_momentum,EURAUD,2020-11-04 15:00:00+00:00,2020-11-04 15:15:00+00:00,2020-11-04 16:30:00+00:00,-1,1.2500000000000333,TP,False
S2-16,london_fix_momentum,EURAUD,2020-11-05 15:00:00+00:00,2020-11-05 15:15:00+00:00,2020-11-05 15:30:00+00:00,-1,1.25,TP,False
S2-16,london_fix_momentum,EURAUD,2020-11-05 15:30:00+00:00,2020-11-05 15:45:00+00:00,2020-11-05 18:00:00+00:00,-1,1.2500000000000393,TP,False
S2-16,london_fix_momentum,EURAUD,2020-11-09 15:00:00+00:00,2020-11-09 15:15:00+00:00,2020-11-09 19:00:00+00:00,-1,-0.013904201705511137,TIME,False
S2-16,london_fix_momentum,EURAUD,2020-11-11 15:15:00+00:00,2020-11-11 15:30:00+00:00,2020-11-11 15:30:00+00:00,-1,-0.9999999999999384,SL,False
S2-16,london_fix_momentum,EURAUD,2020-11-12 15:15:00+00:00,2020-11-12 15:30:00+00:00,2020-11-12 17:45:00+00:00,1,1.2499999999999352,TP,False
S2-16,london_fix_momentum,EURAUD,2020-11-16 15:00:00+00:00,2020-11-16 15:15:00+00:00,2020-11-16 15:45:00+00:00,-1,1.250000000000018,TP,False
S2-16,london_fix_momentum,EURAUD,2020-11-16 15:45:00+00:00,2020-11-16 16:00:00+00:00,2020-11-16 16:30:00+00:00,-1,-0.9999999999999809,SL,False
S2-16,london_fix_momentum,EURAUD,2020-11-19 15:00:00+00:00,2020-11-19 15:15:00+00:00,2020-11-19 15:30:00+00:00,1,-1.0000000000000222,SL,False
S2-16,london_fix_momentum,EURAUD,2020-11-19 15:45:00+00:00,2020-11-19 16:00:00+00:00,2020-11-19 17:00:00+00:00,1,1.2499999999999816,TP,False
S2-16,london_fix_momentum,EURAUD,2020-11-24 15:30:00+00:00,2020-11-24 15:45:00+00:00,2020-11-24 16:00:00+00:00,-1,1.2499999999999336,TP,False
S2-16,london_fix_momentum,EURAUD,2020-11-26 15:00:00+00:00,2020-11-26 15:15:00+00:00,2020-11-26 17:45:00+00:00,-1,-0.9999999999999275,SL,False
S2-16,london_fix_momentum,EURAUD,2020-11-27 15:00:00+00:00,2020-11-27 15:15:00+00:00,2020-11-27 16:00:00+00:00,-1,-2.0446659062256107,FRIDAY,False
S2-16,london_fix_momentum,EURAUD,2020-11-30 15:15:00+00:00,2020-11-30 15:30:00+00:00,2020-11-30 15:45:00+00:00,1,-0.9999999999999121,SL,False
S2-16,london_fix_momentum,EURAUD,2020-12-01 15:15:00+00:00,2020-12-01 15:30:00+00:00,2020-12-01 15:30:00+00:00,1,1.2499999999999476,TP,False
S2-16,london_fix_momentum,EURAUD,2020-12-01 15:30:00+00:00,2020-12-01 15:45:00+00:00,2020-12-01 15:45:00+00:00,1,1.2499999999999512,TP,False
S2-16,london_fix_momentum,EURAUD,2020-12-01 15:45:00+00:00,2020-12-01 16:00:00+00:00,2020-12-01 19:00:00+00:00,1,-1.0,SL,False
S2-16,london_fix_momentum,EURAUD,2020-12-02 15:00:00+00:00,2020-12-02 15:15:00+00:00,2020-12-02 15:30:00+00:00,1,-1.0000000000000198,SL,False
S2-16,london_fix_momentum,EURAUD,2020-12-09 15:15:00+00:00,2020-12-09 15:30:00+00:00,2020-12-09 15:45:00+00:00,-1,1.2500000000000253,TP,False
S2-16,london_fix_momentum,EURAUD,2020-12-10 15:00:00+00:00,2020-12-10 15:15:00+00:00,2020-12-10 16:30:00+00:00,-1,1.2499999999999665,TP,False
S2-16,london_fix_momentum,EURAUD,2020-12-11 15:15:00+00:00,2020-12-11 15:30:00+00:00,2020-12-11 16:00:00+00:00,-1,1.2864663370102702,FRIDAY,False
S2-16,london_fix_momentum,EURAUD,2020-12-17 15:45:00+00:00,2020-12-17 16:00:00+00:00,2020-12-17 16:45:00+00:00,-1,-0.9999999999999785,SL,False
S2-16,london_fix_momentum,EURAUD,2020-12-21 15:00:00+00:00,2020-12-21 15:15:00+00:00,2020-12-21 15:30:00+00:00,1,-1.0000000000000573,SL,False
S2-16,london_fix_momentum,EURAUD,2020-12-22 15:00:00+00:00,2020-12-22 15:15:00+00:00,2020-12-22 15:15:00+00:00,1,-1.0000000000000444,SL,False
S2-16,london_fix_momentum,EURAUD,2020-12-22 15:45:00+00:00,2020-12-22 16:00:00+00:00,2020-12-22 16:00:00+00:00,1,-0.9999999999999564,SL,False
S2-16,london_fix_momentum,EURAUD,2020-12-23 15:15:00+00:00,2020-12-23 15:30:00+00:00,2020-12-23 15:45:00+00:00,-1,1.25,TP,False
S2-16,london_fix_momentum,EURAUD,2020-12-23 15:45:00+00:00,2020-12-23 16:00:00+00:00,2020-12-23 17:15:00+00:00,-1,-1.0000000000000588,SL,False
S2-16,london_fix_momentum,EURAUD,2020-12-24 15:15:00+00:00,2020-12-24 15:30:00+00:00,2020-12-24 15:30:00+00:00,-1,-0.9999999999998958,SL,False
S2-16,london_fix_momentum,EURAUD,2020-12-24 15:30:00+00:00,2020-12-24 15:45:00+00:00,2020-12-24 17:45:00+00:00,-1,1.2500000000001075,TP,False
S2-16,london_fix_momentum,EURAUD,2020-12-29 15:30:00+00:00,2020-12-29 15:45:00+00:00,2020-12-29 15:45:00+00:00,1,-1.0000000000000702,SL,False
S2-16,london_fix_momentum,EURAUD,2020-12-30 15:00:00+00:00,2020-12-30 15:15:00+00:00,2020-12-30 15:45:00+00:00,-1,1.249999999999979,TP,False
S2-16,london_fix_momentum,EURAUD,2020-12-30 15:45:00+00:00,2020-12-30 16:00:00+00:00,2020-12-30 19:45:00+00:00,-1,-0.10324889583053197,TIME,False
S2-16,london_fix_momentum,EURAUD,2020-12-31 15:00:00+00:00,2020-12-31 15:15:00+00:00,2020-12-31 15:30:00+00:00,-1,1.25,TP,False
S2-16,london_fix_momentum,EURAUD,2020-12-31 15:30:00+00:00,2020-12-31 15:45:00+00:00,2020-12-31 15:45:00+00:00,-1,-0.9999999999999799,SL,False
