hypothesis,family,pair,signal_dt,entry_dt,exit_dt,side,r,reason,ambiguous_stop_first
S2-05,ny_or_break,AUDUSD,2013-01-02 13:15:00+00:00,2013-01-02 13:30:00+00:00,2013-01-02 14:15:00+00:00,1,1.249999999999893,TP,False
S2-05,ny_or_break,AUDUSD,2013-01-02 14:15:00+00:00,2013-01-02 14:30:00+00:00,2013-01-02 15:45:00+00:00,1,-1.0000000000000413,SL,False
S2-05,ny_or_break,AUDUSD,2013-01-03 13:45:00+00:00,2013-01-03 14:00:00+00:00,2013-01-03 15:00:00+00:00,1,1.2500000000000528,TP,False
S2-05,ny_or_break,AUDUSD,2013-01-03 15:00:00+00:00,2013-01-03 15:15:00+00:00,2013-01-03 15:15:00+00:00,1,-1.0000000000001024,SL,False
S2-05,ny_or_break,AUDUSD,2013-01-03 15:15:00+00:00,2013-01-03 15:30:00+00:00,2013-01-03 16:30:00+00:00,1,-1.0000000000001477,SL,False
S2-05,ny_or_break,AUDUSD,2013-01-03 16:45:00+00:00,2013-01-03 17:00:00+00:00,2013-01-03 19:00:00+00:00,1,-1.0000000000000502,SL,False
S2-05,ny_or_break,AUDUSD,2013-01-09 13:30:00+00:00,2013-01-09 13:45:00+00:00,2013-01-09 13:45:00+00:00,1,-1.0000000000001081,SL,False
S2-05,ny_or_break,AUDUSD,2013-01-09 14:00:00+00:00,2013-01-09 14:15:00+00:00,2013-01-09 14:15:00+00:00,1,-1.0000000000000888,SL,False
S2-05,ny_or_break,AUDUSD,2013-01-09 14:15:00+00:00,2013-01-09 14:30:00+00:00,2013-01-09 15:30:00+00:00,1,-0.9999999999999143,SL,False
S2-05,ny_or_break,AUDUSD,2013-01-15 15:15:00+00:00,2013-01-15 15:30:00+00:00,2013-01-15 15:45:00+00:00,-1,-1.0000000000001041,SL,False
S2-05,ny_or_break,AUDUSD,2013-01-18 14:45:00+00:00,2013-01-18 15:00:00+00:00,2013-01-18 15:15:00+00:00,-1,-1.000000000000095,SL,False
S2-05,ny_or_break,AUDUSD,2013-01-18 16:00:00+00:00,2013-01-18 16:15:00+00:00,2013-01-18 16:15:00+00:00,-1,-1.9845836901923568,FRIDAY,False
S2-05,ny_or_break,AUDUSD,2013-01-24 12:15:00+00:00,2013-01-24 12:30:00+00:00,2013-01-24 12:30:00+00:00,-1,1.249999999999948,TP,False
S2-05,ny_or_break,AUDUSD,2013-01-24 12:30:00+00:00,2013-01-24 12:45:00+00:00,2013-01-24 13:15:00+00:00,-1,1.2499999999999518,TP,False
S2-05,ny_or_break,AUDUSD,2013-01-24 13:15:00+00:00,2013-01-24 13:30:00+00:00,2013-01-24 13:30:00+00:00,-1,1.250000000000087,TP,False
S2-05,ny_or_break,AUDUSD,2013-01-24 13:30:00+00:00,2013-01-24 13:45:00+00:00,2013-01-24 15:15:00+00:00,-1,1.2499999999998817,TP,False
S2-05,ny_or_break,AUDUSD,2013-01-24 15:15:00+00:00,2013-01-24 15:30:00+00:00,2013-01-24 15:30:00+00:00,-1,-1.0000000000001028,SL,False
S2-05,ny_or_break,AUDUSD,2013-01-24 15:30:00+00:00,2013-01-24 15:45:00+00:00,2013-01-24 15:45:00+00:00,-1,-1.000000000000033,SL,False
S2-05,ny_or_break,AUDUSD,2013-01-24 15:45:00+00:00,2013-01-24 16:00:00+00:00,2013-01-24 17:30:00+00:00,-1,1.2499999999999696,TP,False
S2-05,ny_or_break,AUDUSD,2013-01-25 12:30:00+00:00,2013-01-25 12:45:00+00:00,2013-01-25 13:45:00+00:00,-1,-1.0000000000000995,SL,False
S2-05,ny_or_break,AUDUSD,2013-01-25 15:15:00+00:00,2013-01-25 15:30:00+00:00,2013-01-25 15:45:00+00:00,-1,-0.9999999999999585,SL,False
S2-05,ny_or_break,AUDUSD,2013-01-25 16:00:00+00:00,2013-01-25 16:15:00+00:00,2013-01-25 16:15:00+00:00,-1,1.2223999649384232,FRIDAY,False
S2-05,ny_or_break,AUDUSD,2013-01-25 16:15:00+00:00,2013-01-25 16:30:00+00:00,2013-01-25 16:30:00+00:00,-1,-0.5386074234624764,FRIDAY,False
S2-05,ny_or_break,AUDUSD,2013-01-25 16:30:00+00:00,2013-01-25 16:45:00+00:00,2013-01-25 16:45:00+00:00,-1,-0.3881657782736251,FRIDAY,False
S2-05,ny_or_break,AUDUSD,2013-01-25 16:45:00+00:00,2013-01-25 17:00:00+00:00,2013-01-25 17:00:00+00:00,-1,0.6684465416614926,FRIDAY,False
S2-05,ny_or_break,AUDUSD,2013-01-29 16:45:00+00:00,2013-01-29 17:00:00+00:00,2013-01-29 20:45:00+00:00,1,-0.12741078208048595,TIME,False
S2-05,ny_or_break,AUDUSD,2013-02-07 16:00:00+00:00,2013-02-07 16:15:00+00:00,2013-02-07 16:15:00+00:00,-1,1.2499999999999694,TP,False
S2-05,ny_or_break,AUDUSD,2013-02-07 16:15:00+00:00,2013-02-07 16:30:00+00:00,2013-02-07 17:00:00+00:00,-1,1.2500000000000837,TP,False
S2-05,ny_or_break,AUDUSD,2013-02-19 15:30:00+00:00,2013-02-19 15:45:00+00:00,2013-02-19 16:00:00+00:00,1,-0.9999999999999449,SL,False
S2-05,ny_or_break,AUDUSD,2013-02-19 16:45:00+00:00,2013-02-19 17:00:00+00:00,2013-02-19 17:00:00+00:00,1,-0.9999999999999456,SL,False
S2-05,ny_or_break,AUDUSD,2013-02-25 15:45:00+00:00,2013-02-25 16:00:00+00:00,2013-02-25 16:00:00+00:00,-1,-1.0000000000000848,SL,False
S2-05,ny_or_break,AUDUSD,2013-02-26 13:15:00+00:00,2013-02-26 13:30:00+00:00,2013-02-26 13:30:00+00:00,-1,-1.0,SL,False
S2-05,ny_or_break,AUDUSD,2013-02-26 15:00:00+00:00,2013-02-26 15:15:00+00:00,2013-02-26 15:45:00+00:00,-1,1.2500000000000289,TP,False
S2-05,ny_or_break,AUDUSD,2013-02-26 15:45:00+00:00,2013-02-26 16:00:00+00:00,2013-02-26 17:30:00+00:00,-1,-1.0000000000000255,SL,False
S2-05,ny_or_break,AUDUSD,2013-03-05 14:30:00+00:00,2013-03-05 14:45:00+00:00,2013-03-05 14:45:00+00:00,1,-1.0000000000001374,SL,False
S2-05,ny_or_break,AUDUSD,2013-03-06 13:00:00+00:00,2013-03-06 13:15:00+00:00,2013-03-06 13:15:00+00:00,1,-1.0000000000000637,SL,False
S2-05,ny_or_break,AUDUSD,2013-03-06 13:15:00+00:00,2013-03-06 13:30:00+00:00,2013-03-06 14:15:00+00:00,1,-0.999999999999885,SL,False
S2-05,ny_or_break,AUDUSD,2013-03-07 14:30:00+00:00,2013-03-07 14:45:00+00:00,2013-03-07 14:45:00+00:00,1,-0.999999999999893,SL,False
S2-05,ny_or_break,AUDUSD,2013-03-07 14:45:00+00:00,2013-03-07 15:00:00+00:00,2013-03-07 15:15:00+00:00,1,-0.999999999999931,SL,False
S2-05,ny_or_break,AUDUSD,2013-03-07 15:15:00+00:00,2013-03-07 15:30:00+00:00,2013-03-07 15:30:00+00:00,1,-1.0,SL,False
S2-05,ny_or_break,AUDUSD,2013-03-08 12:00:00+00:00,2013-03-08 12:15:00+00:00,2013-03-08 13:30:00+00:00,1,-0.9999999999998175,SL,True
S2-05,ny_or_break,AUDUSD,2013-03-08 16:00:00+00:00,2013-03-08 16:15:00+00:00,2013-03-08 16:15:00+00:00,-1,-0.7871656651180376,FRIDAY,False
S2-05,ny_or_break,AUDUSD,2013-03-08 16:15:00+00:00,2013-03-08 16:30:00+00:00,2013-03-08 16:30:00+00:00,-1,-0.03938005435965553,FRIDAY,False
S2-05,ny_or_break,AUDUSD,2013-03-08 16:30:00+00:00,2013-03-08 16:45:00+00:00,2013-03-08 16:45:00+00:00,-1,-0.44105300325630664,FRIDAY,False
S2-05,ny_or_break,AUDUSD,2013-03-08 16:45:00+00:00,2013-03-08 17:00:00+00:00,2013-03-08 17:00:00+00:00,-1,0.0517206204268881,FRIDAY,False
S2-05,ny_or_break,AUDUSD,2013-03-11 16:00:00+00:00,2013-03-11 16:15:00+00:00,2013-03-11 16:30:00+00:00,1,-1.0,SL,False
S2-05,ny_or_break,AUDUSD,2013-03-11 16:30:00+00:00,2013-03-11 16:45:00+00:00,2013-03-11 18:15:00+00:00,1,1.249999999999952,TP,False
S2-05,ny_or_break,AUDUSD,2013-03-12 12:15:00+00:00,2013-03-12 12:30:00+00:00,2013-03-12 15:30:00+00:00,1,-0.9999999999998879,SL,False
S2-05,ny_or_break,AUDUSD,2013-03-12 15:30:00+00:00,2013-03-12 15:45:00+00:00,2013-03-12 19:30:00+00:00,1,0.9187675646740305,TIME,False
S2-05,ny_or_break,AUDUSD,2013-03-14 13:45:00+00:00,2013-03-14 14:00:00+00:00,2013-03-14 14:15:00+00:00,1,1.2500000000000346,TP,False
S2-05,ny_or_break,AUDUSD,2013-03-14 14:15:00+00:00,2013-03-14 14:30:00+00:00,2013-03-14 15:00:00+00:00,1,-0.9999999999999359,SL,False
S2-05,ny_or_break,AUDUSD,2013-03-14 15:00:00+00:00,2013-03-14 15:15:00+00:00,2013-03-14 16:15:00+00:00,1,1.2499999999999023,TP,False
S2-05,ny_or_break,AUDUSD,2013-03-14 16:15:00+00:00,2013-03-14 16:30:00+00:00,2013-03-14 17:00:00+00:00,1,-1.0000000000000357,SL,False
S2-05,ny_or_break,AUDUSD,2013-03-15 15:30:00+00:00,2013-03-15 15:45:00+00:00,2013-03-15 15:45:00+00:00,1,1.2500000000000764,TP,False
S2-05,ny_or_break,AUDUSD,2013-03-15 15:45:00+00:00,2013-03-15 16:00:00+00:00,2013-03-15 16:00:00+00:00,1,-0.2354378429968981,FRIDAY,False
S2-05,ny_or_break,AUDUSD,2013-03-15 16:00:00+00:00,2013-03-15 16:15:00+00:00,2013-03-15 16:15:00+00:00,1,0.022207868690514637,FRIDAY,False
S2-05,ny_or_break,AUDUSD,2013-03-15 16:15:00+00:00,2013-03-15 16:30:00+00:00,2013-03-15 16:30:00+00:00,1,-0.6057161763704129,FRIDAY,False
S2-05,ny_or_break,AUDUSD,2013-03-15 16:30:00+00:00,2013-03-15 16:45:00+00:00,2013-03-15 16:45:00+00:00,1,-0.22529754198195087,FRIDAY,False
S2-05,ny_or_break,AUDUSD,2013-03-15 16:45:00+00:00,2013-03-15 17:00:00+00:00,2013-03-15 17:00:00+00:00,1,-0.5581151730894206,FRIDAY,False
S2-05,ny_or_break,AUDUSD,2013-03-20 16:15:00+00:00,2013-03-20 16:30:00+00:00,2013-03-20 17:30:00+00:00,1,-1.0000000000000435,SL,False
S2-05,ny_or_break,AUDUSD,2013-03-21 12:15:00+00:00,2013-03-21 12:30:00+00:00,2013-03-21 13:15:00+00:00,1,-1.0000000000000684,SL,False
S2-05,ny_or_break,AUDUSD,2013-03-21 13:45:00+00:00,2013-03-21 14:00:00+00:00,2013-03-21 17:45:00+00:00,1,0.18900457723454553,TIME,False
S2-05,ny_or_break,AUDUSD,2013-03-26 12:15:00+00:00,2013-03-26 12:30:00+00:00,2013-03-26 12:30:00+00:00,1,-1.0000000000000504,SL,False
S2-05,ny_or_break,AUDUSD,2013-03-26 12:30:00+00:00,2013-03-26 12:45:00+00:00,2013-03-26 13:45:00+00:00,1,1.2499999999999032,TP,False
S2-05,ny_or_break,AUDUSD,2013-03-26 13:45:00+00:00,2013-03-26 14:00:00+00:00,2013-03-26 14:00:00+00:00,1,-0.999999999999952,SL,False
S2-05,ny_or_break,AUDUSD,2013-03-26 14:00:00+00:00,2013-03-26 14:15:00+00:00,2013-03-26 15:45:00+00:00,1,-1.0000000000000964,SL,False
S2-05,ny_or_break,AUDUSD,2013-03-26 15:45:00+00:00,2013-03-26 16:00:00+00:00,2013-03-26 16:00:00+00:00,1,-1.0000000000001477,SL,False
S2-05,ny_or_break,AUDUSD,2013-03-27 14:00:00+00:00,2013-03-27 14:15:00+00:00,2013-03-27 14:15:00+00:00,-1,-1.0000000000001363,SL,False
S2-05,ny_or_break,AUDUSD,2013-03-28 12:45:00+00:00,2013-03-28 13:00:00+00:00,2013-03-28 14:00:00+00:00,-1,-0.9999999999998669,SL,False
S2-05,ny_or_break,AUDUSD,2013-03-29 15:45:00+00:00,2013-03-29 16:00:00+00:00,2013-03-29 16:00:00+00:00,-1,-1.1960127253446449,FRIDAY,False
S2-05,ny_or_break,AUDUSD,2013-03-29 16:00:00+00:00,2013-03-29 16:15:00+00:00,2013-03-29 16:15:00+00:00,-1,-1.232770922521615,FRIDAY,False
S2-05,ny_or_break,AUDUSD,2013-03-29 16:15:00+00:00,2013-03-29 16:30:00+00:00,2013-03-29 16:30:00+00:00,-1,-1.2731686172518422,FRIDAY,False
S2-05,ny_or_break,AUDUSD,2013-03-29 16:30:00+00:00,2013-03-29 16:45:00+00:00,2013-03-29 16:45:00+00:00,-1,-1.2483829236739974,FRIDAY,False
S2-05,ny_or_break,AUDUSD,2013-03-29 16:45:00+00:00,2013-03-29 17:00:00+00:00,2013-03-29 17:00:00+00:00,-1,-1.4412306074151986,FRIDAY,False
S2-05,ny_or_break,AUDUSD,2013-04-03 12:45:00+00:00,2013-04-03 13:00:00+00:00,2013-04-03 14:15:00+00:00,1,-1.00000000000005,SL,False
S2-05,ny_or_break,AUDUSD,2013-04-04 15:00:00+00:00,2013-04-04 15:15:00+00:00,2013-04-04 16:00:00+00:00,-1,1.2500000000000868,TP,False
S2-05,ny_or_break,AUDUSD,2013-04-04 16:00:00+00:00,2013-04-04 16:15:00+00:00,2013-04-04 16:45:00+00:00,-1,-0.9999999999999399,SL,False
S2-05,ny_or_break,AUDUSD,2013-04-05 12:30:00+00:00,2013-04-05 12:45:00+00:00,2013-04-05 12:45:00+00:00,-1,-1.0000000000000788,SL,False
S2-05,ny_or_break,AUDUSD,2013-04-05 12:45:00+00:00,2013-04-05 13:00:00+00:00,2013-04-05 13:15:00+00:00,-1,1.2500000000001095,TP,False
S2-05,ny_or_break,AUDUSD,2013-04-05 13:15:00+00:00,2013-04-05 13:30:00+00:00,2013-04-05 13:30:00+00:00,-1,1.249999999999909,TP,False
S2-05,ny_or_break,AUDUSD,2013-04-05 13:30:00+00:00,2013-04-05 13:45:00+00:00,2013-04-05 14:15:00+00:00,-1,1.2500000000000275,TP,False
S2-05,ny_or_break,AUDUSD,2013-04-05 14:15:00+00:00,2013-04-05 14:30:00+00:00,2013-04-05 14:45:00+00:00,-1,-0.9999999999999756,SL,False
S2-05,ny_or_break,AUDUSD,2013-04-05 14:45:00+00:00,2013-04-05 15:00:00+00:00,2013-04-05 16:00:00+00:00,-1,-0.36005739725523384,FRIDAY,False
S2-05,ny_or_break,AUDUSD,2013-04-05 16:00:00+00:00,2013-04-05 16:15:00+00:00,2013-04-05 16:15:00+00:00,-1,0.37076377624987444,FRIDAY,False
S2-05,ny_or_break,AUDUSD,2013-04-05 16:15:00+00:00,2013-04-05 16:30:00+00:00,2013-04-05 16:30:00+00:00,-1,-0.8007912305283111,FRIDAY,False
S2-05,ny_or_break,AUDUSD,2013-04-05 16:30:00+00:00,2013-04-05 16:45:00+00:00,2013-04-05 16:45:00+00:00,-1,-0.026753823870659516,FRIDAY,False
S2-05,ny_or_break,AUDUSD,2013-04-05 16:45:00+00:00,2013-04-05 17:00:00+00:00,2013-04-05 17:00:00+00:00,-1,-0.01977301387137453,FRIDAY,False
S2-05,ny_or_break,AUDUSD,2013-04-09 12:15:00+00:00,2013-04-09 12:30:00+00:00,2013-04-09 13:15:00+00:00,1,1.2499999999999223,TP,False
S2-05,ny_or_break,AUDUSD,2013-04-09 13:15:00+00:00,2013-04-09 13:30:00+00:00,2013-04-09 13:30:00+00:00,1,-1.0000000000001228,SL,False
S2-05,ny_or_break,AUDUSD,2013-04-09 13:30:00+00:00,2013-04-09 13:45:00+00:00,2013-04-09 13:45:00+00:00,1,-1.0,SL,False
S2-05,ny_or_break,AUDUSD,2013-04-09 14:15:00+00:00,2013-04-09 14:30:00+00:00,2013-04-09 14:30:00+00:00,1,-0.9999999999998878,SL,False
S2-05,ny_or_break,AUDUSD,2013-04-09 14:45:00+00:00,2013-04-09 15:00:00+00:00,2013-04-09 18:00:00+00:00,1,1.25,TP,False
S2-05,ny_or_break,AUDUSD,2013-04-10 14:00:00+00:00,2013-04-10 14:15:00+00:00,2013-04-10 15:00:00+00:00,1,1.25,TP,False
S2-05,ny_or_break,AUDUSD,2013-04-10 15:00:00+00:00,2013-04-10 15:15:00+00:00,2013-04-10 15:30:00+00:00,1,-1.0000000000001008,SL,False
S2-05,ny_or_break,AUDUSD,2013-04-10 15:30:00+00:00,2013-04-10 15:45:00+00:00,2013-04-10 19:30:00+00:00,1,0.5022409849175206,TIME,False
S2-05,ny_or_break,AUDUSD,2013-04-15 14:00:00+00:00,2013-04-15 14:15:00+00:00,2013-04-15 14:45:00+00:00,-1,1.2499999999999674,TP,False
S2-05,ny_or_break,AUDUSD,2013-04-15 14:45:00+00:00,2013-04-15 15:00:00+00:00,2013-04-15 16:45:00+00:00,-1,1.2500000000000289,TP,False
S2-05,ny_or_break,AUDUSD,2013-04-15 16:45:00+00:00,2013-04-15 17:00:00+00:00,2013-04-15 18:00:00+00:00,-1,1.2500000000000289,TP,False
S2-05,ny_or_break,AUDUSD,2013-04-17 13:30:00+00:00,2013-04-17 13:45:00+00:00,2013-04-17 13:45:00+00:00,-1,-1.0000000000000655,SL,False
S2-05,ny_or_break,AUDUSD,2013-04-17 14:30:00+00:00,2013-04-17 14:45:00+00:00,2013-04-17 14:45:00+00:00,-1,1.25,TP,False
S2-05,ny_or_break,AUDUSD,2013-04-17 14:45:00+00:00,2013-04-17 15:00:00+00:00,2013-04-17 16:15:00+00:00,-1,1.2500000000000269,TP,False
S2-05,ny_or_break,AUDUSD,2013-04-17 16:15:00+00:00,2013-04-17 16:30:00+00:00,2013-04-17 17:30:00+00:00,-1,-0.9999999999999527,SL,False
S2-05,ny_or_break,AUDUSD,2013-04-18 14:00:00+00:00,2013-04-18 14:15:00+00:00,2013-04-18 14:30:00+00:00,-1,-1.0000000000000864,SL,False
S2-05,ny_or_break,AUDUSD,2013-04-18 16:30:00+00:00,2013-04-18 16:45:00+00:00,2013-04-18 18:45:00+00:00,-1,1.25,TP,False
S2-05,ny_or_break,AUDUSD,2013-04-19 13:00:00+00:00,2013-04-19 13:15:00+00:00,2013-04-19 13:30:00+00:00,-1,1.2499999999999154,TP,False
S2-05,ny_or_break,AUDUSD,2013-04-19 13:30:00+00:00,2013-04-19 13:45:00+00:00,2013-04-19 14:00:00+00:00,-1,-0.9999999999999623,SL,False
S2-05,ny_or_break,AUDUSD,2013-04-19 14:00:00+00:00,2013-04-19 14:15:00+00:00,2013-04-19 15:45:00+00:00,-1,1.2500000000001061,TP,False
S2-05,ny_or_break,AUDUSD,2013-04-19 15:45:00+00:00,2013-04-19 16:00:00+00:00,2013-04-19 16:00:00+00:00,-1,-0.2001738270931679,FRIDAY,False
S2-05,ny_or_break,AUDUSD,2013-04-19 16:00:00+00:00,2013-04-19 16:15:00+00:00,2013-04-19 16:15:00+00:00,-1,0.08032816367077443,FRIDAY,False
S2-05,ny_or_break,AUDUSD,2013-04-19 16:15:00+00:00,2013-04-19 16:30:00+00:00,2013-04-19 16:30:00+00:00,-1,0.730783248735477,FRIDAY,False
S2-05,ny_or_break,AUDUSD,2013-04-19 16:30:00+00:00,2013-04-19 16:45:00+00:00,2013-04-19 16:45:00+00:00,-1,-0.020243577053836555,FRIDAY,False
S2-05,ny_or_break,AUDUSD,2013-04-19 16:45:00+00:00,2013-04-19 17:00:00+00:00,2013-04-19 17:00:00+00:00,-1,-0.35872156656457077,FRIDAY,False
S2-05,ny_or_break,AUDUSD,2013-04-22 13:30:00+00:00,2013-04-22 13:45:00+00:00,2013-04-22 14:15:00+00:00,-1,1.2500000000001192,TP,False
S2-05,ny_or_break,AUDUSD,2013-04-22 14:15:00+00:00,2013-04-22 14:30:00+00:00,2013-04-22 14:45:00+00:00,-1,-1.0000000000000764,SL,False
S2-05,ny_or_break,AUDUSD,2013-04-22 14:45:00+00:00,2013-04-22 15:00:00+00:00,2013-04-22 15:30:00+00:00,-1,-0.9999999999998931,SL,False
S2-05,ny_or_break,AUDUSD,2013-04-25 12:15:00+00:00,2013-04-25 12:30:00+00:00,2013-04-25 12:45:00+00:00,1,-0.9999999999998967,SL,False
S2-05,ny_or_break,AUDUSD,2013-04-29 12:00:00+00:00,2013-04-29 12:15:00+00:00,2013-04-29 12:15:00+00:00,1,-1.0000000000001372,SL,False
S2-05,ny_or_break,AUDUSD,2013-04-29 15:00:00+00:00,2013-04-29 15:15:00+00:00,2013-04-29 15:15:00+00:00,1,1.25,TP,False
S2-05,ny_or_break,AUDUSD,2013-04-29 15:15:00+00:00,2013-04-29 15:30:00+00:00,2013-04-29 15:45:00+00:00,1,-0.9999999999999044,SL,False
S2-05,ny_or_break,AUDUSD,2013-04-29 15:45:00+00:00,2013-04-29 16:00:00+00:00,2013-04-29 16:15:00+00:00,1,-0.9999999999998985,SL,False
S2-05,ny_or_break,AUDUSD,2013-04-30 15:00:00+00:00,2013-04-30 15:15:00+00:00,2013-04-30 17:30:00+00:00,1,-1.0,SL,False
S2-05,ny_or_break,AUDUSD,2013-05-01 16:00:00+00:00,2013-05-01 16:15:00+00:00,2013-05-01 19:15:00+00:00,-1,1.2499999999999223,TP,False
S2-05,ny_or_break,AUDUSD,2013-05-06 12:00:00+00:00,2013-05-06 12:15:00+00:00,2013-05-06 13:00:00+00:00,-1,1.25,TP,False
S2-05,ny_or_break,AUDUSD,2013-05-06 13:00:00+00:00,2013-05-06 13:15:00+00:00,2013-05-06 13:30:00+00:00,-1,-1.0,SL,False
S2-05,ny_or_break,AUDUSD,2013-05-06 13:30:00+00:00,2013-05-06 13:45:00+00:00,2013-05-06 14:00:00+00:00,-1,1.2499999999999525,TP,False
S2-05,ny_or_break,AUDUSD,2013-05-06 14:00:00+00:00,2013-05-06 14:15:00+00:00,2013-05-06 15:45:00+00:00,-1,-0.9999999999999105,SL,False
S2-05,ny_or_break,AUDUSD,2013-05-06 16:00:00+00:00,2013-05-06 16:15:00+00:00,2013-05-06 17:15:00+00:00,-1,-1.0000000000000877,SL,False
S2-05,ny_or_break,AUDUSD,2013-05-07 12:00:00+00:00,2013-05-07 12:15:00+00:00,2013-05-07 12:45:00+00:00,-1,-0.9999999999999581,SL,False
S2-05,ny_or_break,AUDUSD,2013-05-07 14:00:00+00:00,2013-05-07 14:15:00+00:00,2013-05-07 14:45:00+00:00,-1,-1.0000000000000442,SL,False
S2-05,ny_or_break,AUDUSD,2013-05-07 15:45:00+00:00,2013-05-07 16:00:00+00:00,2013-05-07 16:45:00+00:00,-1,-0.9999999999998676,SL,False
S2-05,ny_or_break,AUDUSD,2013-05-10 14:00:00+00:00,2013-05-10 14:15:00+00:00,2013-05-10 14:15:00+00:00,-1,1.2500000000000293,TP,False
S2-05,ny_or_break,AUDUSD,2013-05-10 14:15:00+00:00,2013-05-10 14:30:00+00:00,2013-05-10 14:45:00+00:00,-1,-0.9999999999999905,SL,False
S2-05,ny_or_break,AUDUSD,2013-05-10 15:00:00+00:00,2013-05-10 15:15:00+00:00,2013-05-10 15:30:00+00:00,-1,-1.0000000000000275,SL,False
S2-05,ny_or_break,AUDUSD,2013-05-10 15:30:00+00:00,2013-05-10 15:45:00+00:00,2013-05-10 16:00:00+00:00,-1,-1.02219700698128,FRIDAY,False
S2-05,ny_or_break,AUDUSD,2013-05-10 16:15:00+00:00,2013-05-10 16:30:00+00:00,2013-05-10 16:30:00+00:00,-1,-0.6150305374546072,FRIDAY,False
S2-05,ny_or_break,AUDUSD,2013-05-13 16:15:00+00:00,2013-05-13 16:30:00+00:00,2013-05-13 18:45:00+00:00,-1,-1.0000000000000155,SL,False
S2-05,ny_or_break,AUDUSD,2013-05-14 12:30:00+00:00,2013-05-14 12:45:00+00:00,2013-05-14 13:30:00+00:00,-1,-1.000000000000033,SL,False
S2-05,ny_or_break,AUDUSD,2013-05-14 15:15:00+00:00,2013-05-14 15:30:00+00:00,2013-05-14 15:30:00+00:00,-1,1.2499999999999716,TP,False
S2-05,ny_or_break,AUDUSD,2013-05-14 15:30:00+00:00,2013-05-14 15:45:00+00:00,2013-05-14 15:45:00+00:00,-1,-1.00000000000004,SL,False
S2-05,ny_or_break,AUDUSD,2013-05-14 15:45:00+00:00,2013-05-14 16:00:00+00:00,2013-05-14 16:15:00+00:00,-1,-0.9999999999999863,SL,False
S2-05,ny_or_break,AUDUSD,2013-05-14 16:45:00+00:00,2013-05-14 17:00:00+00:00,2013-05-14 17:15:00+00:00,-1,1.2500000000000133,TP,False
S2-05,ny_or_break,AUDUSD,2013-05-17 13:15:00+00:00,2013-05-17 13:30:00+00:00,2013-05-17 13:30:00+00:00,-1,-1.0000000000000433,SL,False
S2-05,ny_or_break,AUDUSD,2013-05-17 13:30:00+00:00,2013-05-17 13:45:00+00:00,2013-05-17 14:15:00+00:00,-1,-1.0,SL,False
S2-05,ny_or_break,AUDUSD,2013-05-20 15:00:00+00:00,2013-05-20 15:15:00+00:00,2013-05-20 15:45:00+00:00,1,-0.9999999999999811,SL,False
S2-05,ny_or_break,AUDUSD,2013-05-20 16:00:00+00:00,2013-05-20 16:15:00+00:00,2013-05-20 18:00:00+00:00,1,1.2500000000000349,TP,False
S2-05,ny_or_break,AUDUSD,2013-05-21 16:45:00+00:00,2013-05-21 17:00:00+00:00,2013-05-21 17:00:00+00:00,1,-1.000000000000012,SL,False
S2-05,ny_or_break,AUDUSD,2013-05-22 14:30:00+00:00,2013-05-22 14:45:00+00:00,2013-05-22 14:45:00+00:00,-1,1.2499999999999865,TP,False
S2-05,ny_or_break,AUDUSD,2013-05-22 14:45:00+00:00,2013-05-22 15:00:00+00:00,2013-05-22 15:30:00+00:00,-1,-0.9999999999999939,SL,False
S2-05,ny_or_break,AUDUSD,2013-05-22 15:30:00+00:00,2013-05-22 15:45:00+00:00,2013-05-22 16:00:00+00:00,-1,1.2500000000000178,TP,False
S2-05,ny_or_break,AUDUSD,2013-05-22 16:00:00+00:00,2013-05-22 16:15:00+00:00,2013-05-22 20:00:00+00:00,-1,-1.0000000000000113,SL,False
S2-05,ny_or_break,AUDUSD,2013-05-24 16:45:00+00:00,2013-05-24 17:00:00+00:00,2013-05-24 17:00:00+00:00,-1,-0.29732736003927646,FRIDAY,False
S2-05,ny_or_break,AUDUSD,2013-05-27 13:00:00+00:00,2013-05-27 13:15:00+00:00,2013-05-27 13:30:00+00:00,-1,1.249999999999941,TP,False
S2-05,ny_or_break,AUDUSD,2013-05-27 13:30:00+00:00,2013-05-27 13:45:00+00:00,2013-05-27 13:45:00+00:00,-1,-0.9999999999999717,SL,False
S2-05,ny_or_break,AUDUSD,2013-05-27 13:45:00+00:00,2013-05-27 14:00:00+00:00,2013-05-27 14:45:00+00:00,-1,-1.0000000000000553,SL,False
S2-05,ny_or_break,AUDUSD,2013-05-27 15:00:00+00:00,2013-05-27 15:15:00+00:00,2013-05-27 16:30:00+00:00,-1,-1.0000000000000226,SL,False
S2-05,ny_or_break,AUDUSD,2013-05-27 16:30:00+00:00,2013-05-27 16:45:00+00:00,2013-05-27 19:30:00+00:00,-1,-1.0000000000000553,SL,False
S2-05,ny_or_break,AUDUSD,2013-05-31 13:45:00+00:00,2013-05-31 14:00:00+00:00,2013-05-31 14:15:00+00:00,-1,-1.0000000000000369,SL,False
S2-05,ny_or_break,AUDUSD,2013-06-03 12:00:00+00:00,2013-06-03 12:15:00+00:00,2013-06-03 12:30:00+00:00,1,-0.9999999999999438,SL,False
S2-05,ny_or_break,AUDUSD,2013-06-03 14:00:00+00:00,2013-06-03 14:15:00+00:00,2013-06-03 14:30:00+00:00,1,-0.9999999999999868,SL,False
S2-05,ny_or_break,AUDUSD,2013-06-03 14:30:00+00:00,2013-06-03 14:45:00+00:00,2013-06-03 14:45:00+00:00,1,1.2500000000000229,TP,False
S2-05,ny_or_break,AUDUSD,2013-06-03 14:45:00+00:00,2013-06-03 15:00:00+00:00,2013-06-03 15:15:00+00:00,1,1.250000000000019,TP,False
S2-05,ny_or_break,AUDUSD,2013-06-03 15:15:00+00:00,2013-06-03 15:30:00+00:00,2013-06-03 15:45:00+00:00,1,1.249999999999976,TP,False
S2-05,ny_or_break,AUDUSD,2013-06-03 15:45:00+00:00,2013-06-03 16:00:00+00:00,2013-06-03 19:15:00+00:00,1,-0.9999999999999776,SL,False
S2-05,ny_or_break,AUDUSD,2013-06-05 13:15:00+00:00,2013-06-05 13:30:00+00:00,2013-06-05 14:00:00+00:00,-1,-0.9999999999999644,SL,False
S2-05,ny_or_break,AUDUSD,2013-06-05 14:00:00+00:00,2013-06-05 14:15:00+00:00,2013-06-05 14:15:00+00:00,-1,1.25,TP,False
S2-05,ny_or_break,AUDUSD,2013-06-05 14:15:00+00:00,2013-06-05 14:30:00+00:00,2013-06-05 14:45:00+00:00,-1,1.249999999999979,TP,False
S2-05,ny_or_break,AUDUSD,2013-06-05 14:45:00+00:00,2013-06-05 15:00:00+00:00,2013-06-05 18:45:00+00:00,-1,-0.0255555767143374,TIME,False
S2-05,ny_or_break,AUDUSD,2013-06-07 12:45:00+00:00,2013-06-07 13:00:00+00:00,2013-06-07 13:00:00+00:00,-1,-1.0,SL,False
S2-05,ny_or_break,AUDUSD,2013-06-07 13:00:00+00:00,2013-06-07 13:15:00+00:00,2013-06-07 13:30:00+00:00,-1,-1.000000000000021,SL,False
S2-05,ny_or_break,AUDUSD,2013-06-07 13:45:00+00:00,2013-06-07 14:00:00+00:00,2013-06-07 14:00:00+00:00,-1,-0.9999999999999827,SL,False
S2-05,ny_or_break,AUDUSD,2013-06-07 14:30:00+00:00,2013-06-07 14:45:00+00:00,2013-06-07 16:00:00+00:00,-1,-0.5794403918816415,FRIDAY,False
S2-05,ny_or_break,AUDUSD,2013-06-13 14:00:00+00:00,2013-06-13 14:15:00+00:00,2013-06-13 14:30:00+00:00,1,-1.000000000000018,SL,False
S2-05,ny_or_break,AUDUSD,2013-06-13 14:30:00+00:00,2013-06-13 14:45:00+00:00,2013-06-13 15:00:00+00:00,1,1.2500000000000093,TP,False
S2-05,ny_or_break,AUDUSD,2013-06-13 15:00:00+00:00,2013-06-13 15:15:00+00:00,2013-06-13 17:00:00+00:00,1,-0.9999999999999832,SL,False
S2-05,ny_or_break,AUDUSD,2013-06-14 14:00:00+00:00,2013-06-14 14:15:00+00:00,2013-06-14 14:15:00+00:00,1,-0.9999999999999643,SL,False
S2-05,ny_or_break,AUDUSD,2013-06-14 14:15:00+00:00,2013-06-14 14:30:00+00:00,2013-06-14 14:45:00+00:00,1,-0.9999999999999887,SL,False
S2-05,ny_or_break,AUDUSD,2013-06-21 13:15:00+00:00,2013-06-21 13:30:00+00:00,2013-06-21 13:45:00+00:00,-1,1.2500000000000264,TP,False
S2-05,ny_or_break,AUDUSD,2013-06-21 13:45:00+00:00,2013-06-21 14:00:00+00:00,2013-06-21 14:15:00+00:00,-1,-1.0000000000000115,SL,False
S2-05,ny_or_break,AUDUSD,2013-06-21 14:15:00+00:00,2013-06-21 14:30:00+00:00,2013-06-21 14:45:00+00:00,-1,-1.0,SL,False
S2-05,ny_or_break,AUDUSD,2013-06-21 14:45:00+00:00,2013-06-21 15:00:00+00:00,2013-06-21 15:30:00+00:00,-1,1.249999999999979,TP,False
S2-05,ny_or_break,AUDUSD,2013-06-21 15:30:00+00:00,2013-06-21 15:45:00+00:00,2013-06-21 16:00:00+00:00,-1,-0.5528907766101571,FRIDAY,False
S2-05,ny_or_break,AUDUSD,2013-06-21 16:00:00+00:00,2013-06-21 16:15:00+00:00,2013-06-21 16:15:00+00:00,-1,0.5714247937381003,FRIDAY,False
S2-05,ny_or_break,AUDUSD,2013-06-21 16:15:00+00:00,2013-06-21 16:30:00+00:00,2013-06-21 16:30:00+00:00,-1,-0.9978261382618021,FRIDAY,False
S2-05,ny_or_break,AUDUSD,2013-06-21 16:30:00+00:00,2013-06-21 16:45:00+00:00,2013-06-21 16:45:00+00:00,-1,-1.7515053725128904,FRIDAY,False
S2-05,ny_or_break,AUDUSD,2013-06-26 13:15:00+00:00,2013-06-26 13:30:00+00:00,2013-06-26 13:45:00+00:00,1,1.25,TP,False
S2-05,ny_or_break,AUDUSD,2013-06-26 13:45:00+00:00,2013-06-26 14:00:00+00:00,2013-06-26 14:00:00+00:00,1,-0.9999999999999707,SL,False
S2-05,ny_or_break,AUDUSD,2013-06-26 14:00:00+00:00,2013-06-26 14:15:00+00:00,2013-06-26 14:45:00+00:00,1,-0.9999999999999803,SL,False
S2-05,ny_or_break,AUDUSD,2013-06-26 14:45:00+00:00,2013-06-26 15:00:00+00:00,2013-06-26 15:00:00+00:00,1,-0.9999999999999907,SL,False
S2-05,ny_or_break,AUDUSD,2013-06-28 13:00:00+00:00,2013-06-28 13:15:00+00:00,2013-06-28 13:15:00+00:00,-1,1.2500000000000264,TP,False
S2-05,ny_or_break,AUDUSD,2013-06-28 13:15:00+00:00,2013-06-28 13:30:00+00:00,2013-06-28 13:45:00+00:00,-1,-0.9999999999999871,SL,True
S2-05,ny_or_break,AUDUSD,2013-06-28 13:45:00+00:00,2013-06-28 14:00:00+00:00,2013-06-28 14:00:00+00:00,-1,1.2499999999999791,TP,False
S2-05,ny_or_break,AUDUSD,2013-06-28 14:00:00+00:00,2013-06-28 14:15:00+00:00,2013-06-28 14:15:00+00:00,-1,-1.0000000000000093,SL,False
S2-05,ny_or_break,AUDUSD,2013-06-28 14:15:00+00:00,2013-06-28 14:30:00+00:00,2013-06-28 15:00:00+00:00,-1,1.2499999999999825,TP,False
S2-05,ny_or_break,AUDUSD,2013-06-28 15:00:00+00:00,2013-06-28 15:15:00+00:00,2013-06-28 16:00:00+00:00,-1,0.6082532332018219,FRIDAY,False
S2-05,ny_or_break,AUDUSD,2013-06-28 16:00:00+00:00,2013-06-28 16:15:00+00:00,2013-06-28 16:15:00+00:00,-1,0.23606984476707019,FRIDAY,False
S2-05,ny_or_break,AUDUSD,2013-06-28 16:15:00+00:00,2013-06-28 16:30:00+00:00,2013-06-28 16:30:00+00:00,-1,0.9682888144707795,FRIDAY,False
S2-05,ny_or_break,AUDUSD,2013-06-28 16:30:00+00:00,2013-06-28 16:45:00+00:00,2013-06-28 16:45:00+00:00,-1,-0.08254443010567951,FRIDAY,False
S2-05,ny_or_break,AUDUSD,2013-06-28 16:45:00+00:00,2013-06-28 17:00:00+00:00,2013-06-28 17:00:00+00:00,-1,-0.1453463188340995,FRIDAY,False
S2-05,ny_or_break,AUDUSD,2013-07-01 14:00:00+00:00,2013-07-01 14:15:00+00:00,2013-07-01 15:30:00+00:00,1,1.250000000000013,TP,False
S2-05,ny_or_break,AUDUSD,2013-07-01 15:30:00+00:00,2013-07-01 15:45:00+00:00,2013-07-01 16:15:00+00:00,1,1.2499999999999623,TP,False
S2-05,ny_or_break,AUDUSD,2013-07-01 16:15:00+00:00,2013-07-01 16:30:00+00:00,2013-07-01 17:30:00+00:00,1,-0.9999999999999885,SL,False
S2-05,ny_or_break,AUDUSD,2013-07-02 16:00:00+00:00,2013-07-02 16:15:00+00:00,2013-07-02 16:30:00+00:00,-1,-0.9999999999999875,SL,False
S2-05,ny_or_break,AUDUSD,2013-07-02 16:30:00+00:00,2013-07-02 16:45:00+00:00,2013-07-02 17:00:00+00:00,-1,-1.0,SL,False
S2-05,ny_or_break,AUDUSD,2013-07-04 15:00:00+00:00,2013-07-04 15:15:00+00:00,2013-07-04 18:45:00+00:00,1,-0.9999999999999896,SL,False
S2-05,ny_or_break,AUDUSD,2013-07-05 15:00:00+00:00,2013-07-05 15:15:00+00:00,2013-07-05 16:00:00+00:00,-1,-0.02201633324773717,FRIDAY,False
S2-05,ny_or_break,AUDUSD,2013-07-05 16:00:00+00:00,2013-07-05 16:15:00+00:00,2013-07-05 16:15:00+00:00,-1,0.24116686388217923,FRIDAY,False
S2-05,ny_or_break,AUDUSD,2013-07-05 16:15:00+00:00,2013-07-05 16:30:00+00:00,2013-07-05 16:30:00+00:00,-1,-0.26245293853233176,FRIDAY,False
S2-05,ny_or_break,AUDUSD,2013-07-05 16:30:00+00:00,2013-07-05 16:45:00+00:00,2013-07-05 16:45:00+00:00,-1,0.033442508929309514,FRIDAY,False
S2-05,ny_or_break,AUDUSD,2013-07-05 16:45:00+00:00,2013-07-05 17:00:00+00:00,2013-07-05 17:00:00+00:00,-1,0.2390292775242124,FRIDAY,False
S2-05,ny_or_break,AUDUSD,2013-07-08 13:00:00+00:00,2013-07-08 13:15:00+00:00,2013-07-08 13:30:00+00:00,1,1.2500000000000533,TP,False
S2-05,ny_or_break,AUDUSD,2013-07-08 13:30:00+00:00,2013-07-08 13:45:00+00:00,2013-07-08 14:30:00+00:00,1,1.2499999999999827,TP,False
S2-05,ny_or_break,AUDUSD,2013-07-08 14:30:00+00:00,2013-07-08 14:45:00+00:00,2013-07-08 15:30:00+00:00,1,-0.9999999999999827,SL,False
S2-05,ny_or_break,AUDUSD,2013-07-08 15:30:00+00:00,2013-07-08 15:45:00+00:00,2013-07-08 17:00:00+00:00,1,1.2500000000000517,TP,False
S2-05,ny_or_break,AUDUSD,2013-07-16 16:30:00+00:00,2013-07-16 16:45:00+00:00,2013-07-16 17:00:00+00:00,1,-0.9999999999999634,SL,False
S2-05,ny_or_break,AUDUSD,2013-07-17 13:00:00+00:00,2013-07-17 13:15:00+00:00,2013-07-17 13:45:00+00:00,1,-1.0000000000000215,SL,False
S2-05,ny_or_break,AUDUSD,2013-07-17 13:45:00+00:00,2013-07-17 14:00:00+00:00,2013-07-17 14:30:00+00:00,1,-1.0000000000000178,SL,False
S2-05,ny_or_break,AUDUSD,2013-07-22 12:45:00+00:00,2013-07-22 13:00:00+00:00,2013-07-22 13:00:00+00:00,1,-0.9999999999999716,SL,False
S2-05,ny_or_break,AUDUSD,2013-07-22 13:00:00+00:00,2013-07-22 13:15:00+00:00,2013-07-22 14:00:00+00:00,1,1.2500000000000284,TP,False
S2-05,ny_or_break,AUDUSD,2013-07-22 14:00:00+00:00,2013-07-22 14:15:00+00:00,2013-07-22 14:15:00+00:00,1,-1.0,SL,False
S2-05,ny_or_break,AUDUSD,2013-07-22 14:15:00+00:00,2013-07-22 14:30:00+00:00,2013-07-22 18:15:00+00:00,1,-0.26308602639963585,TIME,False
S2-05,ny_or_break,AUDUSD,2013-07-24 15:15:00+00:00,2013-07-24 15:30:00+00:00,2013-07-24 16:15:00+00:00,-1,1.2499999999999765,TP,False
S2-05,ny_or_break,AUDUSD,2013-07-24 16:15:00+00:00,2013-07-24 16:30:00+00:00,2013-07-24 17:15:00+00:00,-1,1.2499999999999885,TP,False
S2-05,ny_or_break,AUDUSD,2013-07-29 12:30:00+00:00,2013-07-29 12:45:00+00:00,2013-07-29 14:00:00+00:00,-1,1.2499999999999603,TP,False
S2-05,ny_or_break,AUDUSD,2013-07-29 14:00:00+00:00,2013-07-29 14:15:00+00:00,2013-07-29 14:30:00+00:00,-1,1.25,TP,False
S2-05,ny_or_break,AUDUSD,2013-07-29 14:30:00+00:00,2013-07-29 14:45:00+00:00,2013-07-29 14:45:00+00:00,-1,-0.9999999999999474,SL,False
S2-05,ny_or_break,AUDUSD,2013-07-29 14:45:00+00:00,2013-07-29 15:00:00+00:00,2013-07-29 15:00:00+00:00,-1,1.2499999999999487,TP,False
S2-05,ny_or_break,AUDUSD,2013-07-29 15:00:00+00:00,2013-07-29 15:15:00+00:00,2013-07-29 15:15:00+00:00,-1,-0.9999999999999837,SL,False
S2-05,ny_or_break,AUDUSD,2013-07-29 15:15:00+00:00,2013-07-29 15:30:00+00:00,2013-07-29 15:45:00+00:00,-1,-0.9999999999999691,SL,False
S2-05,ny_or_break,AUDUSD,2013-07-29 15:45:00+00:00,2013-07-29 16:00:00+00:00,2013-07-29 17:30:00+00:00,-1,1.25,TP,False
S2-05,ny_or_break,AUDUSD,2013-07-30 14:15:00+00:00,2013-07-30 14:30:00+00:00,2013-07-30 18:15:00+00:00,-1,-0.6097504239388045,TIME,False
S2-05,ny_or_break,AUDUSD,2013-07-31 12:15:00+00:00,2013-07-31 12:30:00+00:00,2013-07-31 12:30:00+00:00,-1,1.2499999999999731,TP,False
S2-05,ny_or_break,AUDUSD,2013-07-31 12:30:00+00:00,2013-07-31 12:45:00+00:00,2013-07-31 16:30:00+00:00,-1,0.37430076784057986,TIME,False
S2-05,ny_or_break,AUDUSD,2013-07-31 16:30:00+00:00,2013-07-31 16:45:00+00:00,2013-07-31 18:00:00+00:00,-1,-0.9999999999999845,SL,True
S2-05,ny_or_break,AUDUSD,2013-08-01 13:00:00+00:00,2013-08-01 13:15:00+00:00,2013-08-01 13:15:00+00:00,-1,-1.0000000000000235,SL,False
S2-05,ny_or_break,AUDUSD,2013-08-01 13:15:00+00:00,2013-08-01 13:30:00+00:00,2013-08-01 14:00:00+00:00,-1,1.25,TP,False
S2-05,ny_or_break,AUDUSD,2013-08-01 14:00:00+00:00,2013-08-01 14:15:00+00:00,2013-08-01 15:15:00+00:00,-1,-1.0000000000000098,SL,False
S2-05,ny_or_break,AUDUSD,2013-08-01 15:15:00+00:00,2013-08-01 15:30:00+00:00,2013-08-01 19:15:00+00:00,-1,0.7195525742421384,TIME,False
S2-05,ny_or_break,AUDUSD,2013-08-05 12:45:00+00:00,2013-08-05 13:00:00+00:00,2013-08-05 13:00:00+00:00,-1,-1.0000000000000204,SL,False
S2-05,ny_or_break,AUDUSD,2013-08-07 14:00:00+00:00,2013-08-07 14:15:00+00:00,2013-08-07 15:00:00+00:00,1,1.25,TP,False
S2-05,ny_or_break,AUDUSD,2013-08-07 15:00:00+00:00,2013-08-07 15:15:00+00:00,2013-08-07 15:15:00+00:00,1,1.2499999999999598,TP,False
S2-05,ny_or_break,AUDUSD,2013-08-07 15:15:00+00:00,2013-08-07 15:30:00+00:00,2013-08-07 16:45:00+00:00,1,-1.000000000000012,SL,False
S2-05,ny_or_break,AUDUSD,2013-08-07 16:45:00+00:00,2013-08-07 17:00:00+00:00,2013-08-07 17:15:00+00:00,1,-1.000000000000037,SL,False
S2-05,ny_or_break,AUDUSD,2013-08-08 12:45:00+00:00,2013-08-08 13:00:00+00:00,2013-08-08 14:00:00+00:00,1,1.25,TP,False
S2-05,ny_or_break,AUDUSD,2013-08-08 14:00:00+00:00,2013-08-08 14:15:00+00:00,2013-08-08 14:45:00+00:00,1,1.2500000000000293,TP,False
S2-05,ny_or_break,AUDUSD,2013-08-08 14:45:00+00:00,2013-08-08 15:00:00+00:00,2013-08-08 15:15:00+00:00,1,-0.999999999999987,SL,False
S2-05,ny_or_break,AUDUSD,2013-08-08 15:15:00+00:00,2013-08-08 15:30:00+00:00,2013-08-08 16:15:00+00:00,1,1.2499999999999623,TP,False
S2-05,ny_or_break,AUDUSD,2013-08-08 16:15:00+00:00,2013-08-08 16:30:00+00:00,2013-08-08 19:30:00+00:00,1,-0.9999999999999737,SL,False
S2-05,ny_or_break,AUDUSD,2013-08-09 13:30:00+00:00,2013-08-09 13:45:00+00:00,2013-08-09 14:00:00+00:00,1,1.2500000000000375,TP,False
S2-05,ny_or_break,AUDUSD,2013-08-09 14:00:00+00:00,2013-08-09 14:15:00+00:00,2013-08-09 14:45:00+00:00,1,1.249999999999965,TP,False
S2-05,ny_or_break,AUDUSD,2013-08-09 14:45:00+00:00,2013-08-09 15:00:00+00:00,2013-08-09 15:00:00+00:00,1,-1.0,SL,False
S2-05,ny_or_break,AUDUSD,2013-08-09 15:00:00+00:00,2013-08-09 15:15:00+00:00,2013-08-09 15:30:00+00:00,1,-1.0000000000000309,SL,False
S2-05,ny_or_break,AUDUSD,2013-08-09 15:30:00+00:00,2013-08-09 15:45:00+00:00,2013-08-09 16:00:00+00:00,1,0.20924170891444197,FRIDAY,False
S2-05,ny_or_break,AUDUSD,2013-08-09 16:00:00+00:00,2013-08-09 16:15:00+00:00,2013-08-09 16:15:00+00:00,1,-0.13265213028008394,FRIDAY,False
S2-05,ny_or_break,AUDUSD,2013-08-09 16:15:00+00:00,2013-08-09 16:30:00+00:00,2013-08-09 16:30:00+00:00,1,0.9218832721762783,FRIDAY,False
S2-05,ny_or_break,AUDUSD,2013-08-09 16:30:00+00:00,2013-08-09 16:45:00+00:00,2013-08-09 16:45:00+00:00,1,0.17773820917447528,FRIDAY,False
S2-05,ny_or_break,AUDUSD,2013-08-09 16:45:00+00:00,2013-08-09 17:00:00+00:00,2013-08-09 17:00:00+00:00,1,-0.7557105219682281,FRIDAY,False
S2-05,ny_or_break,AUDUSD,2013-08-13 12:45:00+00:00,2013-08-13 13:00:00+00:00,2013-08-13 13:00:00+00:00,-1,-0.9999999999999685,SL,False
S2-05,ny_or_break,AUDUSD,2013-08-13 13:00:00+00:00,2013-08-13 13:15:00+00:00,2013-08-13 13:15:00+00:00,-1,1.249999999999956,TP,False
S2-05,ny_or_break,AUDUSD,2013-08-13 13:15:00+00:00,2013-08-13 13:30:00+00:00,2013-08-13 14:00:00+00:00,-1,-0.9999999999999872,SL,False
S2-05,ny_or_break,AUDUSD,2013-08-13 14:00:00+00:00,2013-08-13 14:15:00+00:00,2013-08-13 14:15:00+00:00,-1,1.2500000000000353,TP,False
S2-05,ny_or_break,AUDUSD,2013-08-13 14:15:00+00:00,2013-08-13 14:30:00+00:00,2013-08-13 16:15:00+00:00,-1,-1.0000000000000109,SL,False
S2-05,ny_or_break,AUDUSD,2013-08-13 16:15:00+00:00,2013-08-13 16:30:00+00:00,2013-08-13 20:15:00+00:00,-1,-0.7831595794340588,TIME,False
S2-05,ny_or_break,AUDUSD,2013-08-15 16:00:00+00:00,2013-08-15 16:15:00+00:00,2013-08-15 16:45:00+00:00,-1,-0.9999999999999666,SL,False
S2-05,ny_or_break,AUDUSD,2013-08-15 16:45:00+00:00,2013-08-15 17:00:00+00:00,2013-08-15 17:00:00+00:00,-1,-0.9999999999999882,SL,False
S2-05,ny_or_break,AUDUSD,2013-08-16 12:30:00+00:00,2013-08-16 12:45:00+00:00,2013-08-16 12:45:00+00:00,1,-0.999999999999949,SL,False
S2-05,ny_or_break,AUDUSD,2013-08-16 12:45:00+00:00,2013-08-16 13:00:00+00:00,2013-08-16 13:15:00+00:00,1,1.25,TP,False
S2-05,ny_or_break,AUDUSD,2013-08-16 13:15:00+00:00,2013-08-16 13:30:00+00:00,2013-08-16 13:30:00+00:00,1,-1.0000000000000144,SL,False
S2-05,ny_or_break,AUDUSD,2013-08-16 13:30:00+00:00,2013-08-16 13:45:00+00:00,2013-08-16 13:45:00+00:00,1,1.2500000000000138,TP,False
S2-05,ny_or_break,AUDUSD,2013-08-16 13:45:00+00:00,2013-08-16 14:00:00+00:00,2013-08-16 14:15:00+00:00,1,-1.0000000000000375,SL,False
S2-05,ny_or_break,AUDUSD,2013-08-16 14:15:00+00:00,2013-08-16 14:30:00+00:00,2013-08-16 14:45:00+00:00,1,1.2500000000000115,TP,False
S2-05,ny_or_break,AUDUSD,2013-08-16 14:45:00+00:00,2013-08-16 15:00:00+00:00,2013-08-16 16:00:00+00:00,1,-1.0412799560687227,FRIDAY,False
S2-05,ny_or_break,AUDUSD,2013-08-19 15:45:00+00:00,2013-08-19 16:00:00+00:00,2013-08-19 16:30:00+00:00,-1,1.2499999999999796,TP,False
S2-05,ny_or_break,AUDUSD,2013-08-19 16:30:00+00:00,2013-08-19 16:45:00+00:00,2013-08-19 17:00:00+00:00,-1,-0.9999999999999796,SL,False
S2-05,ny_or_break,AUDUSD,2013-08-23 12:00:00+00:00,2013-08-23 12:15:00+00:00,2013-08-23 12:15:00+00:00,-1,-1.0000000000000555,SL,False
S2-05,ny_or_break,AUDUSD,2013-08-26 13:00:00+00:00,2013-08-26 13:15:00+00:00,2013-08-26 13:45:00+00:00,1,-0.9999999999999697,SL,False
S2-05,ny_or_break,AUDUSD,2013-08-26 13:45:00+00:00,2013-08-26 14:00:00+00:00,2013-08-26 15:45:00+00:00,1,-0.9999999999999857,SL,False
S2-05,ny_or_break,AUDUSD,2013-08-26 16:00:00+00:00,2013-08-26 16:15:00+00:00,2013-08-26 16:15:00+00:00,1,-0.9999999999999519,SL,False
S2-05,ny_or_break,AUDUSD,2013-08-30 14:00:00+00:00,2013-08-30 14:15:00+00:00,2013-08-30 14:30:00+00:00,-1,1.2499999999999833,TP,False
S2-05,ny_or_break,AUDUSD,2013-08-30 14:30:00+00:00,2013-08-30 14:45:00+00:00,2013-08-30 14:45:00+00:00,-1,-1.0000000000000482,SL,False
S2-05,ny_or_break,AUDUSD,2013-08-30 14:45:00+00:00,2013-08-30 15:00:00+00:00,2013-08-30 16:00:00+00:00,-1,0.5159996256921643,FRIDAY,False
S2-05,ny_or_break,AUDUSD,2013-08-30 16:00:00+00:00,2013-08-30 16:15:00+00:00,2013-08-30 16:15:00+00:00,-1,-0.25190454275335444,FRIDAY,False
S2-05,ny_or_break,AUDUSD,2013-08-30 16:15:00+00:00,2013-08-30 16:30:00+00:00,2013-08-30 16:30:00+00:00,-1,-0.397571898429602,FRIDAY,False
S2-05,ny_or_break,AUDUSD,2013-08-30 16:30:00+00:00,2013-08-30 16:45:00+00:00,2013-08-30 16:45:00+00:00,-1,-0.0672787836560946,FRIDAY,False
S2-05,ny_or_break,AUDUSD,2013-08-30 16:45:00+00:00,2013-08-30 17:00:00+00:00,2013-08-30 17:00:00+00:00,-1,0.37315179031396095,FRIDAY,False
S2-05,ny_or_break,AUDUSD,2013-09-03 13:15:00+00:00,2013-09-03 13:30:00+00:00,2013-09-03 14:00:00+00:00,1,-1.0000000000000724,SL,True
S2-05,ny_or_break,AUDUSD,2013-09-03 14:00:00+00:00,2013-09-03 14:15:00+00:00,2013-09-03 14:15:00+00:00,1,-1.0000000000000158,SL,False
S2-05,ny_or_break,AUDUSD,2013-09-03 14:15:00+00:00,2013-09-03 14:30:00+00:00,2013-09-03 15:30:00+00:00,1,-1.000000000000015,SL,False
S2-05,ny_or_break,AUDUSD,2013-09-03 15:30:00+00:00,2013-09-03 15:45:00+00:00,2013-09-03 17:00:00+00:00,1,-1.0000000000000373,SL,False
S2-05,ny_or_break,AUDUSD,2013-09-04 13:30:00+00:00,2013-09-04 13:45:00+00:00,2013-09-04 14:45:00+00:00,1,1.2500000000000169,TP,False
S2-05,ny_or_break,AUDUSD,2013-09-04 14:45:00+00:00,2013-09-04 15:00:00+00:00,2013-09-04 17:45:00+00:00,1,-1.0000000000000546,SL,False
S2-05,ny_or_break,AUDUSD,2013-09-06 12:30:00+00:00,2013-09-06 12:45:00+00:00,2013-09-06 12:45:00+00:00,1,1.25,TP,False
S2-05,ny_or_break,AUDUSD,2013-09-06 12:45:00+00:00,2013-09-06 13:00:00+00:00,2013-09-06 13:45:00+00:00,1,-0.9999999999999891,SL,False
S2-05,ny_or_break,AUDUSD,2013-09-06 13:45:00+00:00,2013-09-06 14:00:00+00:00,2013-09-06 16:00:00+00:00,1,-0.10822922324823465,FRIDAY,False
S2-05,ny_or_break,AUDUSD,2013-09-06 16:00:00+00:00,2013-09-06 16:15:00+00:00,2013-09-06 16:15:00+00:00,1,-0.04801771117166212,FRIDAY,False
S2-05,ny_or_break,AUDUSD,2013-09-06 16:15:00+00:00,2013-09-06 16:30:00+00:00,2013-09-06 16:30:00+00:00,1,-0.026534495596386855,FRIDAY,False
S2-05,ny_or_break,AUDUSD,2013-09-06 16:30:00+00:00,2013-09-06 16:45:00+00:00,2013-09-06 16:45:00+00:00,1,-0.5668424249005578,FRIDAY,False
S2-05,ny_or_break,AUDUSD,2013-09-06 16:45:00+00:00,2013-09-06 17:00:00+00:00,2013-09-06 17:00:00+00:00,1,-0.10205837120191849,FRIDAY,False
S2-05,ny_or_break,AUDUSD,2013-09-09 14:15:00+00:00,2013-09-09 14:30:00+00:00,2013-09-09 14:30:00+00:00,1,-0.999999999999953,SL,False
S2-05,ny_or_break,AUDUSD,2013-09-09 15:30:00+00:00,2013-09-09 15:45:00+00:00,2013-09-09 16:15:00+00:00,1,1.2500000000000577,TP,False
S2-05,ny_or_break,AUDUSD,2013-09-09 16:15:00+00:00,2013-09-09 16:30:00+00:00,2013-09-09 17:00:00+00:00,1,-0.9999999999999418,SL,False
S2-05,ny_or_break,AUDUSD,2013-09-10 12:15:00+00:00,2013-09-10 12:30:00+00:00,2013-09-10 12:45:00+00:00,1,-0.9999999999999764,SL,False
S2-05,ny_or_break,AUDUSD,2013-09-10 13:00:00+00:00,2013-09-10 13:15:00+00:00,2013-09-10 13:45:00+00:00,1,1.2499999999999187,TP,False
S2-05,ny_or_break,AUDUSD,2013-09-10 13:45:00+00:00,2013-09-10 14:00:00+00:00,2013-09-10 14:15:00+00:00,1,1.2499999999999214,TP,False
S2-05,ny_or_break,AUDUSD,2013-09-10 14:15:00+00:00,2013-09-10 14:30:00+00:00,2013-09-10 14:30:00+00:00,1,-0.999999999999977,SL,False
S2-05,ny_or_break,AUDUSD,2013-09-10 14:30:00+00:00,2013-09-10 14:45:00+00:00,2013-09-10 14:45:00+00:00,1,-1.0000000000000229,SL,False
S2-05,ny_or_break,AUDUSD,2013-09-10 14:45:00+00:00,2013-09-10 15:00:00+00:00,2013-09-10 15:00:00+00:00,1,-0.999999999999957,SL,False
S2-05,ny_or_break,AUDUSD,2013-09-10 15:00:00+00:00,2013-09-10 15:15:00+00:00,2013-09-10 15:45:00+00:00,1,-1.0000000000000198,SL,False
S2-05,ny_or_break,AUDUSD,2013-09-10 16:15:00+00:00,2013-09-10 16:30:00+00:00,2013-09-10 17:45:00+00:00,1,1.2499999999999825,TP,False
S2-05,ny_or_break,AUDUSD,2013-09-11 15:00:00+00:00,2013-09-11 15:15:00+00:00,2013-09-11 15:15:00+00:00,1,-0.9999999999999541,SL,False
S2-05,ny_or_break,AUDUSD,2013-09-16 12:30:00+00:00,2013-09-16 12:45:00+00:00,2013-09-16 13:00:00+00:00,1,-1.0000000000000233,SL,False
S2-05,ny_or_break,AUDUSD,2013-09-17 12:00:00+00:00,2013-09-17 12:15:00+00:00,2013-09-17 12:45:00+00:00,1,-1.0000000000000726,SL,False
S2-05,ny_or_break,AUDUSD,2013-09-17 13:30:00+00:00,2013-09-17 13:45:00+00:00,2013-09-17 13:45:00+00:00,1,-1.0000000000000737,SL,False
S2-05,ny_or_break,AUDUSD,2013-09-17 13:45:00+00:00,2013-09-17 14:00:00+00:00,2013-09-17 14:00:00+00:00,1,-0.9999999999999512,SL,False
S2-05,ny_or_break,AUDUSD,2013-09-17 14:30:00+00:00,2013-09-17 14:45:00+00:00,2013-09-17 15:30:00+00:00,1,1.250000000000062,TP,False
S2-05,ny_or_break,AUDUSD,2013-09-17 15:30:00+00:00,2013-09-17 15:45:00+00:00,2013-09-17 16:30:00+00:00,1,-1.0,SL,False
S2-05,ny_or_break,AUDUSD,2013-09-17 16:30:00+00:00,2013-09-17 16:45:00+00:00,2013-09-17 20:30:00+00:00,1,-0.5560094446703774,TIME,False
S2-05,ny_or_break,AUDUSD,2013-09-20 16:00:00+00:00,2013-09-20 16:15:00+00:00,2013-09-20 16:15:00+00:00,-1,0.4359792706819187,FRIDAY,False
S2-05,ny_or_break,AUDUSD,2013-09-20 16:15:00+00:00,2013-09-20 16:30:00+00:00,2013-09-20 16:30:00+00:00,-1,-0.5779582053540958,FRIDAY,False
S2-05,ny_or_break,AUDUSD,2013-09-20 16:30:00+00:00,2013-09-20 16:45:00+00:00,2013-09-20 16:45:00+00:00,-1,-0.505797937608178,FRIDAY,False
S2-05,ny_or_break,AUDUSD,2013-09-20 16:45:00+00:00,2013-09-20 17:00:00+00:00,2013-09-20 17:00:00+00:00,-1,-2.4006048446211135,FRIDAY,False
S2-05,ny_or_break,AUDUSD,2013-09-23 12:00:00+00:00,2013-09-23 12:15:00+00:00,2013-09-23 12:45:00+00:00,1,-1.000000000000039,SL,False
S2-05,ny_or_break,AUDUSD,2013-09-23 12:45:00+00:00,2013-09-23 13:00:00+00:00,2013-09-23 13:30:00+00:00,1,1.2499999999999665,TP,False
S2-05,ny_or_break,AUDUSD,2013-09-23 13:30:00+00:00,2013-09-23 13:45:00+00:00,2013-09-23 14:30:00+00:00,1,1.25,TP,False
S2-05,ny_or_break,AUDUSD,2013-09-23 14:30:00+00:00,2013-09-23 14:45:00+00:00,2013-09-23 15:00:00+00:00,1,-1.0000000000000453,SL,False
S2-05,ny_or_break,AUDUSD,2013-09-23 15:00:00+00:00,2013-09-23 15:15:00+00:00,2013-09-23 16:15:00+00:00,1,1.25000000000003,TP,False
S2-05,ny_or_break,AUDUSD,2013-09-23 16:15:00+00:00,2013-09-23 16:30:00+00:00,2013-09-23 17:15:00+00:00,1,-1.000000000000054,SL,False
S2-05,ny_or_break,AUDUSD,2013-09-26 13:00:00+00:00,2013-09-26 13:15:00+00:00,2013-09-26 14:00:00+00:00,-1,-1.000000000000022,SL,False
S2-05,ny_or_break,AUDUSD,2013-09-26 14:00:00+00:00,2013-09-26 14:15:00+00:00,2013-09-26 14:45:00+00:00,-1,1.2499999999999605,TP,False
S2-05,ny_or_break,AUDUSD,2013-09-26 14:45:00+00:00,2013-09-26 15:00:00+00:00,2013-09-26 15:00:00+00:00,-1,1.2499999999999425,TP,False
S2-05,ny_or_break,AUDUSD,2013-09-26 15:00:00+00:00,2013-09-26 15:15:00+00:00,2013-09-26 15:15:00+00:00,-1,-1.0000000000000542,SL,False
S2-05,ny_or_break,AUDUSD,2013-09-26 15:15:00+00:00,2013-09-26 15:30:00+00:00,2013-09-26 16:00:00+00:00,-1,1.2499999999999467,TP,False
S2-05,ny_or_break,AUDUSD,2013-09-26 16:00:00+00:00,2013-09-26 16:15:00+00:00,2013-09-26 18:30:00+00:00,-1,-1.0000000000000173,SL,False
S2-05,ny_or_break,AUDUSD,2013-09-30 14:00:00+00:00,2013-09-30 14:15:00+00:00,2013-09-30 15:00:00+00:00,1,-1.0000000000000338,SL,False
S2-05,ny_or_break,AUDUSD,2013-09-30 15:00:00+00:00,2013-09-30 15:15:00+00:00,2013-09-30 18:45:00+00:00,1,-0.9999999999999677,SL,False
S2-05,ny_or_break,AUDUSD,2013-10-02 15:00:00+00:00,2013-10-02 15:15:00+00:00,2013-10-02 18:30:00+00:00,1,1.2500000000000366,TP,False
S2-05,ny_or_break,AUDUSD,2013-10-03 14:00:00+00:00,2013-10-03 14:15:00+00:00,2013-10-03 14:15:00+00:00,1,-1.000000000000036,SL,False
S2-05,ny_or_break,AUDUSD,2013-10-04 14:15:00+00:00,2013-10-04 14:30:00+00:00,2013-10-04 15:00:00+00:00,1,-1.0,SL,False
S2-05,ny_or_break,AUDUSD,2013-10-10 16:00:00+00:00,2013-10-10 16:15:00+00:00,2013-10-10 17:00:00+00:00,1,-1.0,SL,False
S2-05,ny_or_break,AUDUSD,2013-10-16 13:45:00+00:00,2013-10-16 14:00:00+00:00,2013-10-16 14:00:00+00:00,1,-1.0000000000000548,SL,False
S2-05,ny_or_break,AUDUSD,2013-10-17 12:00:00+00:00,2013-10-17 12:15:00+00:00,2013-10-17 12:30:00+00:00,1,-1.0000000000000207,SL,False
S2-05,ny_or_break,AUDUSD,2013-10-17 13:45:00+00:00,2013-10-17 14:00:00+00:00,2013-10-17 17:45:00+00:00,1,-0.51861344130601,TIME,False
S2-05,ny_or_break,AUDUSD,2013-10-22 13:00:00+00:00,2013-10-22 13:15:00+00:00,2013-10-22 13:45:00+00:00,1,1.2500000000000306,TP,False
S2-05,ny_or_break,AUDUSD,2013-10-22 13:45:00+00:00,2013-10-22 14:00:00+00:00,2013-10-22 14:45:00+00:00,1,-1.0000000000000409,SL,False
S2-05,ny_or_break,AUDUSD,2013-10-22 14:45:00+00:00,2013-10-22 15:00:00+00:00,2013-10-22 15:30:00+00:00,1,-0.9999999999999669,SL,False
S2-05,ny_or_break,AUDUSD,2013-10-22 15:30:00+00:00,2013-10-22 15:45:00+00:00,2013-10-22 19:30:00+00:00,1,0.7493996913877375,TIME,False
S2-05,ny_or_break,AUDUSD,2013-10-24 12:30:00+00:00,2013-10-24 12:45:00+00:00,2013-10-24 13:00:00+00:00,-1,1.2499999999999478,TP,False
S2-05,ny_or_break,AUDUSD,2013-10-24 13:00:00+00:00,2013-10-24 13:15:00+00:00,2013-10-24 13:30:00+00:00,-1,-0.9999999999999846,SL,False
S2-05,ny_or_break,AUDUSD,2013-10-24 13:30:00+00:00,2013-10-24 13:45:00+00:00,2013-10-24 14:00:00+00:00,-1,1.2500000000000149,TP,False
S2-05,ny_or_break,AUDUSD,2013-10-24 14:00:00+00:00,2013-10-24 14:15:00+00:00,2013-10-24 14:15:00+00:00,-1,-1.0000000000000278,SL,False
S2-05,ny_or_break,AUDUSD,2013-10-24 14:15:00+00:00,2013-10-24 14:30:00+00:00,2013-10-24 14:45:00+00:00,-1,-1.0000000000000266,SL,False
S2-05,ny_or_break,AUDUSD,2013-10-24 14:45:00+00:00,2013-10-24 15:00:00+00:00,2013-10-24 15:45:00+00:00,-1,-0.9999999999999867,SL,False
S2-05,ny_or_break,AUDUSD,2013-10-24 15:45:00+00:00,2013-10-24 16:00:00+00:00,2013-10-24 16:30:00+00:00,-1,-1.0000000000000129,SL,False
S2-05,ny_or_break,AUDUSD,2013-10-24 16:30:00+00:00,2013-10-24 16:45:00+00:00,2013-10-24 17:15:00+00:00,-1,-1.0000000000000162,SL,False
S2-05,ny_or_break,AUDUSD,2013-10-25 15:15:00+00:00,2013-10-25 15:30:00+00:00,2013-10-25 16:00:00+00:00,-1,0.41616011247570606,FRIDAY,False
S2-05,ny_or_break,AUDUSD,2013-10-25 16:00:00+00:00,2013-10-25 16:15:00+00:00,2013-10-25 16:15:00+00:00,-1,-0.11427042215829263,FRIDAY,False
S2-05,ny_or_break,AUDUSD,2013-10-25 16:15:00+00:00,2013-10-25 16:30:00+00:00,2013-10-25 16:30:00+00:00,-1,-0.7875228173001702,FRIDAY,False
S2-05,ny_or_break,AUDUSD,2013-10-25 16:30:00+00:00,2013-10-25 16:45:00+00:00,2013-10-25 16:45:00+00:00,-1,-0.20166181204967037,FRIDAY,False
S2-05,ny_or_break,AUDUSD,2013-10-25 16:45:00+00:00,2013-10-25 17:00:00+00:00,2013-10-25 17:00:00+00:00,-1,-0.978122241972976,FRIDAY,False
S2-05,ny_or_break,AUDUSD,2013-10-29 16:45:00+00:00,2013-10-29 17:00:00+00:00,2013-10-29 20:45:00+00:00,-1,0.2962457784275898,TIME,False
S2-05,ny_or_break,AUDUSD,2013-10-30 15:00:00+00:00,2013-10-30 15:15:00+00:00,2013-10-30 16:30:00+00:00,-1,-1.000000000000045,SL,False
S2-05,ny_or_break,AUDUSD,2013-10-31 14:00:00+00:00,2013-10-31 14:15:00+00:00,2013-10-31 14:15:00+00:00,-1,-1.0000000000000147,SL,False
S2-05,ny_or_break,AUDUSD,2013-10-31 14:15:00+00:00,2013-10-31 14:30:00+00:00,2013-10-31 14:45:00+00:00,-1,-1.0000000000000298,SL,False
S2-05,ny_or_break,AUDUSD,2013-10-31 15:00:00+00:00,2013-10-31 15:15:00+00:00,2013-10-31 15:30:00+00:00,-1,1.2500000000000426,TP,False
S2-05,ny_or_break,AUDUSD,2013-10-31 15:30:00+00:00,2013-10-31 15:45:00+00:00,2013-10-31 19:30:00+00:00,-1,0.5972706775839564,TIME,False
S2-05,ny_or_break,AUDUSD,2013-11-01 14:00:00+00:00,2013-11-01 14:15:00+00:00,2013-11-01 14:15:00+00:00,-1,1.2500000000000198,TP,False
S2-05,ny_or_break,AUDUSD,2013-11-01 14:15:00+00:00,2013-11-01 14:30:00+00:00,2013-11-01 15:15:00+00:00,-1,1.25,TP,False
S2-05,ny_or_break,AUDUSD,2013-11-01 15:15:00+00:00,2013-11-01 15:30:00+00:00,2013-11-01 15:30:00+00:00,-1,-1.0,SL,False
S2-05,ny_or_break,AUDUSD,2013-11-01 15:30:00+00:00,2013-11-01 15:45:00+00:00,2013-11-01 16:00:00+00:00,-1,-0.050260373208730745,FRIDAY,False
S2-05,ny_or_break,AUDUSD,2013-11-01 16:00:00+00:00,2013-11-01 16:15:00+00:00,2013-11-01 16:15:00+00:00,-1,-0.5046357336927905,FRIDAY,False
S2-05,ny_or_break,AUDUSD,2013-11-01 16:15:00+00:00,2013-11-01 16:30:00+00:00,2013-11-01 16:30:00+00:00,-1,-0.5275855184347132,FRIDAY,False
S2-05,ny_or_break,AUDUSD,2013-11-01 16:30:00+00:00,2013-11-01 16:45:00+00:00,2013-11-01 16:45:00+00:00,-1,-0.23318025654748545,FRIDAY,False
S2-05,ny_or_break,AUDUSD,2013-11-01 16:45:00+00:00,2013-11-01 17:00:00+00:00,2013-11-01 17:00:00+00:00,-1,0.26453082900881075,FRIDAY,False
S2-05,ny_or_break,AUDUSD,2013-11-07 14:00:00+00:00,2013-11-07 14:15:00+00:00,2013-11-07 14:30:00+00:00,-1,-0.9999999999999727,SL,False
S2-05,ny_or_break,AUDUSD,2013-11-07 15:00:00+00:00,2013-11-07 15:15:00+00:00,2013-11-07 15:15:00+00:00,-1,1.2499999999999885,TP,False
S2-05,ny_or_break,AUDUSD,2013-11-07 15:15:00+00:00,2013-11-07 15:30:00+00:00,2013-11-07 16:15:00+00:00,-1,-0.999999999999979,SL,False
S2-05,ny_or_break,AUDUSD,2013-11-07 16:15:00+00:00,2013-11-07 16:30:00+00:00,2013-11-07 18:15:00+00:00,-1,-1.0000000000000098,SL,False
S2-05,ny_or_break,AUDUSD,2013-11-08 13:30:00+00:00,2013-11-08 13:45:00+00:00,2013-11-08 13:45:00+00:00,-1,1.2499999999999838,TP,False
S2-05,ny_or_break,AUDUSD,2013-11-08 13:45:00+00:00,2013-11-08 14:00:00+00:00,2013-11-08 14:00:00+00:00,-1,1.2500000000000286,TP,False
S2-05,ny_or_break,AUDUSD,2013-11-08 14:00:00+00:00,2013-11-08 14:15:00+00:00,2013-11-08 14:15:00+00:00,-1,1.25,TP,False
S2-05,ny_or_break,AUDUSD,2013-11-08 14:15:00+00:00,2013-11-08 14:30:00+00:00,2013-11-08 14:45:00+00:00,-1,1.2499999999999878,TP,False
S2-05,ny_or_break,AUDUSD,2013-11-08 14:45:00+00:00,2013-11-08 15:00:00+00:00,2013-11-08 16:00:00+00:00,-1,-0.49804017421982444,FRIDAY,False
S2-05,ny_or_break,AUDUSD,2013-11-08 16:00:00+00:00,2013-11-08 16:15:00+00:00,2013-11-08 16:15:00+00:00,-1,0.165666768846006,FRIDAY,False
S2-05,ny_or_break,AUDUSD,2013-11-08 16:15:00+00:00,2013-11-08 16:30:00+00:00,2013-11-08 16:30:00+00:00,-1,-0.35684834443845737,FRIDAY,False
S2-05,ny_or_break,AUDUSD,2013-11-08 16:30:00+00:00,2013-11-08 16:45:00+00:00,2013-11-08 16:45:00+00:00,-1,-0.23193817113916432,FRIDAY,False
S2-05,ny_or_break,AUDUSD,2013-11-08 16:45:00+00:00,2013-11-08 17:00:00+00:00,2013-11-08 17:00:00+00:00,-1,-0.4083497791560944,FRIDAY,False
S2-05,ny_or_break,AUDUSD,2013-11-11 12:30:00+00:00,2013-11-11 12:45:00+00:00,2013-11-11 15:00:00+00:00,-1,-0.9999999999999754,SL,False
S2-05,ny_or_break,AUDUSD,2013-11-11 16:00:00+00:00,2013-11-11 16:15:00+00:00,2013-11-11 17:45:00+00:00,-1,1.2499999999999756,TP,False
S2-05,ny_or_break,AUDUSD,2013-11-12 16:15:00+00:00,2013-11-12 16:30:00+00:00,2013-11-12 16:45:00+00:00,-1,1.2499999999999578,TP,False
S2-05,ny_or_break,AUDUSD,2013-11-12 16:45:00+00:00,2013-11-12 17:00:00+00:00,2013-11-12 17:45:00+00:00,-1,-0.9999999999999487,SL,False
S2-05,ny_or_break,AUDUSD,2013-11-15 14:00:00+00:00,2013-11-15 14:15:00+00:00,2013-11-15 14:30:00+00:00,1,1.2499999999999425,TP,False
S2-05,ny_or_break,AUDUSD,2013-11-15 14:30:00+00:00,2013-11-15 14:45:00+00:00,2013-11-15 16:00:00+00:00,1,-0.8122685596545746,FRIDAY,False
S2-05,ny_or_break,AUDUSD,2013-11-15 16:00:00+00:00,2013-11-15 16:15:00+00:00,2013-11-15 16:15:00+00:00,1,-0.2932165911765755,FRIDAY,False
S2-05,ny_or_break,AUDUSD,2013-11-15 16:15:00+00:00,2013-11-15 16:30:00+00:00,2013-11-15 16:30:00+00:00,1,0.27409089685011806,FRIDAY,False
S2-05,ny_or_break,AUDUSD,2013-11-15 16:30:00+00:00,2013-11-15 16:45:00+00:00,2013-11-15 16:45:00+00:00,1,0.11741028634771508,FRIDAY,False
S2-05,ny_or_break,AUDUSD,2013-11-15 16:45:00+00:00,2013-11-15 17:00:00+00:00,2013-11-15 17:00:00+00:00,1,-0.2382069709444104,FRIDAY,False
S2-05,ny_or_break,AUDUSD,2013-11-21 13:30:00+00:00,2013-11-21 13:45:00+00:00,2013-11-21 13:45:00+00:00,-1,-0.9999999999999463,SL,False
S2-05,ny_or_break,AUDUSD,2013-11-21 13:45:00+00:00,2013-11-21 14:00:00+00:00,2013-11-21 14:15:00+00:00,-1,1.250000000000017,TP,False
S2-05,ny_or_break,AUDUSD,2013-11-21 14:15:00+00:00,2013-11-21 14:30:00+00:00,2013-11-21 15:00:00+00:00,-1,-0.9999999999999679,SL,False
S2-05,ny_or_break,AUDUSD,2013-11-21 15:00:00+00:00,2013-11-21 15:15:00+00:00,2013-11-21 15:15:00+00:00,-1,1.2499999999999858,TP,False
S2-05,ny_or_break,AUDUSD,2013-11-21 15:15:00+00:00,2013-11-21 15:30:00+00:00,2013-11-21 15:45:00+00:00,-1,-1.0,SL,False
S2-05,ny_or_break,AUDUSD,2013-11-21 15:45:00+00:00,2013-11-21 16:00:00+00:00,2013-11-21 17:45:00+00:00,-1,1.2499999999999603,TP,False
S2-05,ny_or_break,AUDUSD,2013-11-26 13:30:00+00:00,2013-11-26 13:45:00+00:00,2013-11-26 14:00:00+00:00,-1,1.2499999999999811,TP,False
S2-05,ny_or_break,AUDUSD,2013-11-26 14:00:00+00:00,2013-11-26 14:15:00+00:00,2013-11-26 14:45:00+00:00,-1,1.2500000000000355,TP,False
S2-05,ny_or_break,AUDUSD,2013-11-26 14:45:00+00:00,2013-11-26 15:00:00+00:00,2013-11-26 15:00:00+00:00,-1,-1.0,SL,False
S2-05,ny_or_break,AUDUSD,2013-11-26 15:00:00+00:00,2013-11-26 15:15:00+00:00,2013-11-26 15:45:00+00:00,-1,-1.0,SL,False
S2-05,ny_or_break,AUDUSD,2013-11-27 12:15:00+00:00,2013-11-27 12:30:00+00:00,2013-11-27 13:30:00+00:00,-1,-0.9999999999999813,SL,False
S2-05,ny_or_break,AUDUSD,2013-11-27 13:45:00+00:00,2013-11-27 14:00:00+00:00,2013-11-27 14:00:00+00:00,-1,1.250000000000032,TP,False
S2-05,ny_or_break,AUDUSD,2013-11-27 14:00:00+00:00,2013-11-27 14:15:00+00:00,2013-11-27 15:45:00+00:00,-1,-1.0000000000000153,SL,False
S2-05,ny_or_break,AUDUSD,2013-11-27 15:45:00+00:00,2013-11-27 16:00:00+00:00,2013-11-27 16:45:00+00:00,-1,1.2499999999999714,TP,False
S2-05,ny_or_break,AUDUSD,2013-11-27 16:45:00+00:00,2013-11-27 17:00:00+00:00,2013-11-27 20:15:00+00:00,-1,-1.0,SL,False
S2-05,ny_or_break,AUDUSD,2013-11-28 14:00:00+00:00,2013-11-28 14:15:00+00:00,2013-11-28 14:15:00+00:00,-1,1.2500000000000195,TP,False
S2-05,ny_or_break,AUDUSD,2013-11-28 14:15:00+00:00,2013-11-28 14:30:00+00:00,2013-11-28 18:00:00+00:00,-1,-0.9999999999999812,SL,False
S2-05,ny_or_break,AUDUSD,2013-12-04 15:30:00+00:00,2013-12-04 15:45:00+00:00,2013-12-04 16:00:00+00:00,-1,-0.9999999999999718,SL,False
S2-05,ny_or_break,AUDUSD,2013-12-04 16:45:00+00:00,2013-12-04 17:00:00+00:00,2013-12-04 17:30:00+00:00,-1,-1.0000000000000413,SL,False
S2-05,ny_or_break,AUDUSD,2013-12-06 12:00:00+00:00,2013-12-06 12:15:00+00:00,2013-12-06 12:30:00+00:00,1,-1.0000000000000882,SL,False
S2-05,ny_or_break,AUDUSD,2013-12-06 12:45:00+00:00,2013-12-06 13:00:00+00:00,2013-12-06 13:00:00+00:00,1,-0.9999999999999098,SL,False
S2-05,ny_or_break,AUDUSD,2013-12-06 13:00:00+00:00,2013-12-06 13:15:00+00:00,2013-12-06 13:15:00+00:00,1,-1.0,SL,False
S2-05,ny_or_break,AUDUSD,2013-12-06 14:00:00+00:00,2013-12-06 14:15:00+00:00,2013-12-06 15:30:00+00:00,1,1.25,TP,False
S2-05,ny_or_break,AUDUSD,2013-12-06 15:30:00+00:00,2013-12-06 15:45:00+00:00,2013-12-06 16:00:00+00:00,1,-0.014014320188287636,FRIDAY,False
S2-05,ny_or_break,AUDUSD,2013-12-06 16:00:00+00:00,2013-12-06 16:15:00+00:00,2013-12-06 16:15:00+00:00,1,-0.1656973884247202,FRIDAY,False
S2-05,ny_or_break,AUDUSD,2013-12-06 16:15:00+00:00,2013-12-06 16:30:00+00:00,2013-12-06 16:30:00+00:00,1,-0.22002090294092258,FRIDAY,False
S2-05,ny_or_break,AUDUSD,2013-12-06 16:30:00+00:00,2013-12-06 16:45:00+00:00,2013-12-06 16:45:00+00:00,1,-0.24963343768800955,FRIDAY,False
S2-05,ny_or_break,AUDUSD,2013-12-06 16:45:00+00:00,2013-12-06 17:00:00+00:00,2013-12-06 17:00:00+00:00,1,-0.24115673096118562,FRIDAY,False
S2-05,ny_or_break,AUDUSD,2013-12-10 13:00:00+00:00,2013-12-10 13:15:00+00:00,2013-12-10 13:30:00+00:00,1,-1.0,SL,False
S2-05,ny_or_break,AUDUSD,2013-12-10 13:30:00+00:00,2013-12-10 13:45:00+00:00,2013-12-10 14:15:00+00:00,1,1.2500000000000564,TP,False
S2-05,ny_or_break,AUDUSD,2013-12-10 14:15:00+00:00,2013-12-10 14:30:00+00:00,2013-12-10 15:00:00+00:00,1,-1.000000000000056,SL,False
S2-05,ny_or_break,AUDUSD,2013-12-10 15:00:00+00:00,2013-12-10 15:15:00+00:00,2013-12-10 17:30:00+00:00,1,1.2500000000000357,TP,False
S2-05,ny_or_break,AUDUSD,2013-12-11 16:00:00+00:00,2013-12-11 16:15:00+00:00,2013-12-11 16:45:00+00:00,-1,-1.000000000000016,SL,False
S2-05,ny_or_break,AUDUSD,2013-12-11 16:45:00+00:00,2013-12-11 17:00:00+00:00,2013-12-11 20:00:00+00:00,-1,-0.9999999999999688,SL,False
S2-05,ny_or_break,AUDUSD,2013-12-12 13:15:00+00:00,2013-12-12 13:30:00+00:00,2013-12-12 13:30:00+00:00,-1,1.250000000000012,TP,False
S2-05,ny_or_break,AUDUSD,2013-12-12 13:30:00+00:00,2013-12-12 13:45:00+00:00,2013-12-12 14:15:00+00:00,-1,1.2499999999999896,TP,False
S2-05,ny_or_break,AUDUSD,2013-12-12 14:15:00+00:00,2013-12-12 14:30:00+00:00,2013-12-12 15:15:00+00:00,-1,1.249999999999974,TP,False
S2-05,ny_or_break,AUDUSD,2013-12-12 15:15:00+00:00,2013-12-12 15:30:00+00:00,2013-12-12 19:15:00+00:00,-1,-0.999999999999984,SL,False
S2-05,ny_or_break,AUDUSD,2013-12-17 12:45:00+00:00,2013-12-17 13:00:00+00:00,2013-12-17 13:30:00+00:00,-1,-0.9999999999999347,SL,False
S2-05,ny_or_break,AUDUSD,2013-12-17 13:45:00+00:00,2013-12-17 14:00:00+00:00,2013-12-17 14:15:00+00:00,-1,1.24999999999998,TP,False
S2-05,ny_or_break,AUDUSD,2013-12-17 14:15:00+00:00,2013-12-17 14:30:00+00:00,2013-12-17 14:45:00+00:00,-1,1.24999999999998,TP,False
S2-05,ny_or_break,AUDUSD,2013-12-17 14:45:00+00:00,2013-12-17 15:00:00+00:00,2013-12-17 16:30:00+00:00,-1,-1.0000000000000182,SL,False
S2-05,ny_or_break,AUDUSD,2013-12-17 16:30:00+00:00,2013-12-17 16:45:00+00:00,2013-12-17 17:00:00+00:00,-1,-0.9999999999999722,SL,False
S2-05,ny_or_break,AUDUSD,2013-12-18 12:45:00+00:00,2013-12-18 13:00:00+00:00,2013-12-18 13:00:00+00:00,-1,-1.000000000000049,SL,False
S2-05,ny_or_break,AUDUSD,2013-12-18 16:00:00+00:00,2013-12-18 16:15:00+00:00,2013-12-18 17:15:00+00:00,-1,1.2500000000000335,TP,False
S2-05,ny_or_break,AUDUSD,2013-12-19 13:45:00+00:00,2013-12-19 14:00:00+00:00,2013-12-19 14:00:00+00:00,-1,-1.0000000000000187,SL,False
S2-05,ny_or_break,AUDUSD,2013-12-19 15:15:00+00:00,2013-12-19 15:30:00+00:00,2013-12-19 15:30:00+00:00,-1,-1.0,SL,False
S2-05,ny_or_break,AUDUSD,2013-12-20 12:30:00+00:00,2013-12-20 12:45:00+00:00,2013-12-20 12:45:00+00:00,-1,-0.9999999999999142,SL,False
S2-05,ny_or_break,AUDUSD,2013-12-20 16:00:00+00:00,2013-12-20 16:15:00+00:00,2013-12-20 16:15:00+00:00,1,-0.028136411351462894,FRIDAY,False
S2-05,ny_or_break,AUDUSD,2013-12-20 16:15:00+00:00,2013-12-20 16:30:00+00:00,2013-12-20 16:30:00+00:00,1,-0.1657760244430674,FRIDAY,False
S2-05,ny_or_break,AUDUSD,2013-12-20 16:30:00+00:00,2013-12-20 16:45:00+00:00,2013-12-20 16:45:00+00:00,1,-0.7137910077362336,FRIDAY,False
S2-05,ny_or_break,AUDUSD,2013-12-20 16:45:00+00:00,2013-12-20 17:00:00+00:00,2013-12-20 17:00:00+00:00,1,-0.11415378072120788,FRIDAY,False
S2-05,ny_or_break,AUDUSD,2013-12-23 12:15:00+00:00,2013-12-23 12:30:00+00:00,2013-12-23 12:45:00+00:00,1,1.2500000000000613,TP,False
S2-05,ny_or_break,AUDUSD,2013-12-23 12:45:00+00:00,2013-12-23 13:00:00+00:00,2013-12-23 13:00:00+00:00,1,-0.9999999999999176,SL,False
S2-05,ny_or_break,AUDUSD,2013-12-23 13:00:00+00:00,2013-12-23 13:15:00+00:00,2013-12-23 13:45:00+00:00,1,-1.0000000000000262,SL,False
S2-05,ny_or_break,AUDUSD,2013-12-30 16:00:00+00:00,2013-12-30 16:15:00+00:00,2013-12-30 16:30:00+00:00,1,-1.0,SL,False
S2-05,ny_or_break,AUDUSD,2013-12-30 16:30:00+00:00,2013-12-30 16:45:00+00:00,2013-12-30 19:15:00+00:00,1,-0.9999999999999448,SL,False
S2-05,ny_or_break,AUDUSD,2013-12-31 12:30:00+00:00,2013-12-31 12:45:00+00:00,2013-12-31 12:45:00+00:00,1,-1.0000000000000424,SL,False
S2-05,ny_or_break,AUDUSD,2013-12-31 14:30:00+00:00,2013-12-31 14:45:00+00:00,2013-12-31 16:45:00+00:00,1,-1.0000000000000522,SL,False
S2-05,ny_or_break,AUDUSD,2014-01-02 12:15:00+00:00,2014-01-02 12:30:00+00:00,2014-01-02 13:15:00+00:00,-1,-1.000000000000033,SL,False
S2-05,ny_or_break,AUDUSD,2014-01-03 15:15:00+00:00,2014-01-03 15:30:00+00:00,2014-01-03 15:45:00+00:00,1,-1.0,SL,False
S2-05,ny_or_break,AUDUSD,2014-01-07 15:00:00+00:00,2014-01-07 15:15:00+00:00,2014-01-07 15:15:00+00:00,-1,-0.9999999999999503,SL,False
S2-05,ny_or_break,AUDUSD,2014-01-07 15:15:00+00:00,2014-01-07 15:30:00+00:00,2014-01-07 16:00:00+00:00,-1,-0.9999999999999687,SL,False
S2-05,ny_or_break,AUDUSD,2014-01-09 13:00:00+00:00,2014-01-09 13:15:00+00:00,2014-01-09 13:15:00+00:00,-1,-1.0000000000000255,SL,False
S2-05,ny_or_break,AUDUSD,2014-01-10 15:00:00+00:00,2014-01-10 15:15:00+00:00,2014-01-10 16:00:00+00:00,1,-0.3983698470156667,FRIDAY,False
S2-05,ny_or_break,AUDUSD,2014-01-10 16:00:00+00:00,2014-01-10 16:15:00+00:00,2014-01-10 16:15:00+00:00,1,0.07554891139989833,FRIDAY,False
S2-05,ny_or_break,AUDUSD,2014-01-10 16:15:00+00:00,2014-01-10 16:30:00+00:00,2014-01-10 16:30:00+00:00,1,0.2011946602243254,FRIDAY,False
S2-05,ny_or_break,AUDUSD,2014-01-10 16:30:00+00:00,2014-01-10 16:45:00+00:00,2014-01-10 16:45:00+00:00,1,0.07471560598250894,FRIDAY,False
S2-05,ny_or_break,AUDUSD,2014-01-10 16:45:00+00:00,2014-01-10 17:00:00+00:00,2014-01-10 17:00:00+00:00,1,0.015516994436181347,FRIDAY,False
S2-05,ny_or_break,AUDUSD,2014-01-13 14:00:00+00:00,2014-01-13 14:15:00+00:00,2014-01-13 15:15:00+00:00,1,-1.0000000000000313,SL,False
S2-05,ny_or_break,AUDUSD,2014-01-14 15:00:00+00:00,2014-01-14 15:15:00+00:00,2014-01-14 15:45:00+00:00,-1,-1.0000000000000309,SL,False
S2-05,ny_or_break,AUDUSD,2014-01-14 16:00:00+00:00,2014-01-14 16:15:00+00:00,2014-01-14 16:45:00+00:00,-1,1.2500000000000289,TP,False
S2-05,ny_or_break,AUDUSD,2014-01-14 16:45:00+00:00,2014-01-14 17:00:00+00:00,2014-01-14 18:30:00+00:00,-1,1.25,TP,False
S2-05,ny_or_break,AUDUSD,2014-01-17 14:45:00+00:00,2014-01-17 15:00:00+00:00,2014-01-17 15:00:00+00:00,-1,1.25,TP,False
S2-05,ny_or_break,AUDUSD,2014-01-17 15:00:00+00:00,2014-01-17 15:15:00+00:00,2014-01-17 15:15:00+00:00,-1,-0.999999999999966,SL,False
S2-05,ny_or_break,AUDUSD,2014-01-17 15:15:00+00:00,2014-01-17 15:30:00+00:00,2014-01-17 16:00:00+00:00,-1,-0.2598129727797963,FRIDAY,False
S2-05,ny_or_break,AUDUSD,2014-01-17 16:00:00+00:00,2014-01-17 16:15:00+00:00,2014-01-17 16:15:00+00:00,-1,-0.4739605402809558,FRIDAY,False
S2-05,ny_or_break,AUDUSD,2014-01-17 16:45:00+00:00,2014-01-17 17:00:00+00:00,2014-01-17 17:00:00+00:00,-1,0.42595096374218866,FRIDAY,False
S2-05,ny_or_break,AUDUSD,2014-01-27 12:15:00+00:00,2014-01-27 12:30:00+00:00,2014-01-27 13:30:00+00:00,1,-1.0000000000000429,SL,False
S2-05,ny_or_break,AUDUSD,2014-01-31 14:15:00+00:00,2014-01-31 14:30:00+00:00,2014-01-31 14:45:00+00:00,-1,-0.9999999999999699,SL,False
S2-05,ny_or_break,AUDUSD,2014-02-03 15:00:00+00:00,2014-02-03 15:15:00+00:00,2014-02-03 15:15:00+00:00,1,-1.0000000000000169,SL,False
S2-05,ny_or_break,AUDUSD,2014-02-03 15:30:00+00:00,2014-02-03 15:45:00+00:00,2014-02-03 16:00:00+00:00,1,-0.9999999999999827,SL,False
S2-05,ny_or_break,AUDUSD,2014-02-04 16:30:00+00:00,2014-02-04 16:45:00+00:00,2014-02-04 17:15:00+00:00,1,1.2500000000000446,TP,False
S2-05,ny_or_break,AUDUSD,2014-02-06 13:15:00+00:00,2014-02-06 13:30:00+00:00,2014-02-06 13:30:00+00:00,1,-0.9999999999999751,SL,False
S2-05,ny_or_break,AUDUSD,2014-02-06 13:45:00+00:00,2014-02-06 14:00:00+00:00,2014-02-06 14:00:00+00:00,1,-1.000000000000055,SL,False
S2-05,ny_or_break,AUDUSD,2014-02-06 14:30:00+00:00,2014-02-06 14:45:00+00:00,2014-02-06 14:45:00+00:00,1,-0.9999999999999668,SL,False
S2-05,ny_or_break,AUDUSD,2014-02-06 15:00:00+00:00,2014-02-06 15:15:00+00:00,2014-02-06 19:00:00+00:00,1,0.04537876883207303,TIME,False
S2-05,ny_or_break,AUDUSD,2014-02-07 14:00:00+00:00,2014-02-07 14:15:00+00:00,2014-02-07 14:15:00+00:00,1,-0.9999999999999882,SL,False
S2-05,ny_or_break,AUDUSD,2014-02-07 14:30:00+00:00,2014-02-07 14:45:00+00:00,2014-02-07 16:00:00+00:00,1,0.15512002276469034,FRIDAY,False
S2-05,ny_or_break,AUDUSD,2014-02-07 16:00:00+00:00,2014-02-07 16:15:00+00:00,2014-02-07 16:15:00+00:00,1,-0.46884077666604373,FRIDAY,False
S2-05,ny_or_break,AUDUSD,2014-02-07 16:15:00+00:00,2014-02-07 16:30:00+00:00,2014-02-07 16:30:00+00:00,1,-0.10845105598848202,FRIDAY,False
S2-05,ny_or_break,AUDUSD,2014-02-07 16:30:00+00:00,2014-02-07 16:45:00+00:00,2014-02-07 16:45:00+00:00,1,0.17518683711979952,FRIDAY,False
S2-05,ny_or_break,AUDUSD,2014-02-07 16:45:00+00:00,2014-02-07 17:00:00+00:00,2014-02-07 17:00:00+00:00,1,-0.11521452262919506,FRIDAY,False
S2-05,ny_or_break,AUDUSD,2014-02-11 16:15:00+00:00,2014-02-11 16:30:00+00:00,2014-02-11 20:15:00+00:00,1,-0.5154335087536286,TIME,False
S2-05,ny_or_break,AUDUSD,2014-02-21 12:30:00+00:00,2014-02-21 12:45:00+00:00,2014-02-21 13:00:00+00:00,-1,1.2500000000000313,TP,False
S2-05,ny_or_break,AUDUSD,2014-02-21 13:00:00+00:00,2014-02-21 13:15:00+00:00,2014-02-21 13:30:00+00:00,-1,1.2499999999999725,TP,False
S2-05,ny_or_break,AUDUSD,2014-02-21 13:30:00+00:00,2014-02-21 13:45:00+00:00,2014-02-21 14:15:00+00:00,-1,1.2499999999999745,TP,False
S2-05,ny_or_break,AUDUSD,2014-02-21 14:15:00+00:00,2014-02-21 14:30:00+00:00,2014-02-21 14:45:00+00:00,-1,-0.9999999999999534,SL,False
S2-05,ny_or_break,AUDUSD,2014-02-21 14:45:00+00:00,2014-02-21 15:00:00+00:00,2014-02-21 15:15:00+00:00,-1,1.2499999999999394,TP,False
S2-05,ny_or_break,AUDUSD,2014-02-21 15:15:00+00:00,2014-02-21 15:30:00+00:00,2014-02-21 16:00:00+00:00,-1,1.1268944640101302,FRIDAY,False
S2-05,ny_or_break,AUDUSD,2014-02-21 16:00:00+00:00,2014-02-21 16:15:00+00:00,2014-02-21 16:15:00+00:00,-1,-0.4929212113635653,FRIDAY,False
S2-05,ny_or_break,AUDUSD,2014-02-21 16:15:00+00:00,2014-02-21 16:30:00+00:00,2014-02-21 16:30:00+00:00,-1,-0.30010704892973095,FRIDAY,False
S2-05,ny_or_break,AUDUSD,2014-02-21 16:30:00+00:00,2014-02-21 16:45:00+00:00,2014-02-21 16:45:00+00:00,-1,0.22236424750272216,FRIDAY,False
S2-05,ny_or_break,AUDUSD,2014-02-21 16:45:00+00:00,2014-02-21 17:00:00+00:00,2014-02-21 17:00:00+00:00,-1,-0.3651298691835753,FRIDAY,False
S2-05,ny_or_break,AUDUSD,2014-02-24 15:00:00+00:00,2014-02-24 15:15:00+00:00,2014-02-24 15:45:00+00:00,1,1.2499999999999483,TP,False
S2-05,ny_or_break,AUDUSD,2014-02-24 15:45:00+00:00,2014-02-24 16:00:00+00:00,2014-02-24 16:00:00+00:00,1,1.25,TP,False
S2-05,ny_or_break,AUDUSD,2014-02-24 16:00:00+00:00,2014-02-24 16:15:00+00:00,2014-02-24 17:00:00+00:00,1,1.2500000000000568,TP,False
S2-05,ny_or_break,AUDUSD,2014-02-26 13:00:00+00:00,2014-02-26 13:15:00+00:00,2014-02-26 13:15:00+00:00,-1,1.2500000000000868,TP,False
S2-05,ny_or_break,AUDUSD,2014-02-26 13:15:00+00:00,2014-02-26 13:30:00+00:00,2014-02-26 13:30:00+00:00,-1,-1.0000000000000493,SL,False
S2-05,ny_or_break,AUDUSD,2014-02-26 13:30:00+00:00,2014-02-26 13:45:00+00:00,2014-02-26 15:00:00+00:00,-1,1.2500000000000657,TP,False
S2-05,ny_or_break,AUDUSD,2014-02-26 15:00:00+00:00,2014-02-26 15:15:00+00:00,2014-02-26 15:30:00+00:00,-1,-0.999999999999945,SL,False
S2-05,ny_or_break,AUDUSD,2014-02-26 15:30:00+00:00,2014-02-26 15:45:00+00:00,2014-02-26 15:45:00+00:00,-1,1.2499999999999465,TP,False
S2-05,ny_or_break,AUDUSD,2014-02-26 15:45:00+00:00,2014-02-26 16:00:00+00:00,2014-02-26 18:15:00+00:00,-1,1.2500000000000164,TP,False
S2-05,ny_or_break,AUDUSD,2014-02-28 13:45:00+00:00,2014-02-28 14:00:00+00:00,2014-02-28 14:15:00+00:00,-1,1.25,TP,False
S2-05,ny_or_break,AUDUSD,2014-02-28 14:15:00+00:00,2014-02-28 14:30:00+00:00,2014-02-28 14:30:00+00:00,-1,1.2500000000000648,TP,False
S2-05,ny_or_break,AUDUSD,2014-02-28 14:30:00+00:00,2014-02-28 14:45:00+00:00,2014-02-28 15:15:00+00:00,-1,-0.9999999999999402,SL,False
S2-05,ny_or_break,AUDUSD,2014-02-28 15:15:00+00:00,2014-02-28 15:30:00+00:00,2014-02-28 15:45:00+00:00,-1,-1.0000000000000377,SL,False
S2-05,ny_or_break,AUDUSD,2014-02-28 15:45:00+00:00,2014-02-28 16:00:00+00:00,2014-02-28 16:00:00+00:00,-1,1.1581880332059862,FRIDAY,False
S2-05,ny_or_break,AUDUSD,2014-02-28 16:00:00+00:00,2014-02-28 16:15:00+00:00,2014-02-28 16:15:00+00:00,-1,-0.19317268342589886,FRIDAY,False
S2-05,ny_or_break,AUDUSD,2014-02-28 16:15:00+00:00,2014-02-28 16:30:00+00:00,2014-02-28 16:30:00+00:00,-1,-0.12829017712925933,FRIDAY,False
S2-05,ny_or_break,AUDUSD,2014-02-28 16:30:00+00:00,2014-02-28 16:45:00+00:00,2014-02-28 16:45:00+00:00,-1,0.5569121188733809,FRIDAY,False
S2-05,ny_or_break,AUDUSD,2014-02-28 16:45:00+00:00,2014-02-28 17:00:00+00:00,2014-02-28 17:00:00+00:00,-1,-0.5004168133232063,FRIDAY,False
S2-05,ny_or_break,AUDUSD,2014-03-03 12:00:00+00:00,2014-03-03 12:15:00+00:00,2014-03-03 12:30:00+00:00,-1,-1.0000000000000235,SL,False
S2-05,ny_or_break,AUDUSD,2014-03-03 12:30:00+00:00,2014-03-03 12:45:00+00:00,2014-03-03 12:45:00+00:00,-1,-1.0,SL,False
S2-05,ny_or_break,AUDUSD,2014-03-05 15:00:00+00:00,2014-03-05 15:15:00+00:00,2014-03-05 17:15:00+00:00,1,-1.0000000000000624,SL,False
S2-05,ny_or_break,AUDUSD,2014-03-06 13:00:00+00:00,2014-03-06 13:15:00+00:00,2014-03-06 13:30:00+00:00,1,-0.999999999999955,SL,False
S2-05,ny_or_break,AUDUSD,2014-03-06 13:30:00+00:00,2014-03-06 13:45:00+00:00,2014-03-06 13:45:00+00:00,1,-1.0,SL,False
S2-05,ny_or_break,AUDUSD,2014-03-06 13:45:00+00:00,2014-03-06 14:00:00+00:00,2014-03-06 14:45:00+00:00,1,1.2499999999999394,TP,False
S2-05,ny_or_break,AUDUSD,2014-03-06 14:45:00+00:00,2014-03-06 15:00:00+00:00,2014-03-06 15:15:00+00:00,1,1.2499999999999802,TP,False
S2-05,ny_or_break,AUDUSD,2014-03-06 15:15:00+00:00,2014-03-06 15:30:00+00:00,2014-03-06 16:15:00+00:00,1,1.2499999999999611,TP,False
S2-05,ny_or_break,AUDUSD,2014-03-06 16:15:00+00:00,2014-03-06 16:30:00+00:00,2014-03-06 16:45:00+00:00,1,1.2500000000000524,TP,False
S2-05,ny_or_break,AUDUSD,2014-03-06 16:45:00+00:00,2014-03-06 17:00:00+00:00,2014-03-06 17:00:00+00:00,1,1.2500000000000164,TP,False
S2-05,ny_or_break,AUDUSD,2014-03-07 12:15:00+00:00,2014-03-07 12:30:00+00:00,2014-03-07 13:00:00+00:00,1,-1.0000000000000338,SL,False
S2-05,ny_or_break,AUDUSD,2014-03-07 13:00:00+00:00,2014-03-07 13:15:00+00:00,2014-03-07 13:15:00+00:00,1,-1.0000000000001057,SL,False
S2-05,ny_or_break,AUDUSD,2014-03-10 14:30:00+00:00,2014-03-10 14:45:00+00:00,2014-03-10 14:45:00+00:00,-1,-1.0,SL,False
S2-05,ny_or_break,AUDUSD,2014-03-10 14:45:00+00:00,2014-03-10 15:00:00+00:00,2014-03-10 15:30:00+00:00,-1,-0.999999999999977,SL,False
S2-05,ny_or_break,AUDUSD,2014-03-10 15:30:00+00:00,2014-03-10 15:45:00+00:00,2014-03-10 19:30:00+00:00,-1,0.3132446837538428,TIME,False
S2-05,ny_or_break,AUDUSD,2014-03-11 16:00:00+00:00,2014-03-11 16:15:00+00:00,2014-03-11 16:15:00+00:00,-1,1.2499999999999503,TP,False
S2-05,ny_or_break,AUDUSD,2014-03-11 16:15:00+00:00,2014-03-11 16:30:00+00:00,2014-03-11 16:45:00+00:00,-1,1.250000000000022,TP,False
S2-05,ny_or_break,AUDUSD,2014-03-11 16:45:00+00:00,2014-03-11 17:00:00+00:00,2014-03-11 17:15:00+00:00,-1,1.2499999999999418,TP,False
S2-05,ny_or_break,AUDUSD,2014-03-13 13:15:00+00:00,2014-03-13 13:30:00+00:00,2014-03-13 13:30:00+00:00,1,1.2499999999999298,TP,False
S2-05,ny_or_break,AUDUSD,2014-03-13 13:30:00+00:00,2014-03-13 13:45:00+00:00,2014-03-13 14:45:00+00:00,1,-1.0000000000000409,SL,False
S2-05,ny_or_break,AUDUSD,2014-03-13 14:45:00+00:00,2014-03-13 15:00:00+00:00,2014-03-13 15:15:00+00:00,1,-1.000000000000017,SL,False
S2-05,ny_or_break,AUDUSD,2014-03-17 15:00:00+00:00,2014-03-17 15:15:00+00:00,2014-03-17 16:00:00+00:00,1,-1.0000000000000249,SL,False
S2-05,ny_or_break,AUDUSD,2014-03-17 16:00:00+00:00,2014-03-17 16:15:00+00:00,2014-03-17 19:00:00+00:00,1,-1.0000000000000724,SL,False
S2-05,ny_or_break,AUDUSD,2014-03-18 12:30:00+00:00,2014-03-18 12:45:00+00:00,2014-03-18 12:45:00+00:00,1,1.25,TP,False
S2-05,ny_or_break,AUDUSD,2014-03-18 12:45:00+00:00,2014-03-18 13:00:00+00:00,2014-03-18 13:15:00+00:00,1,-0.9999999999999348,SL,False
S2-05,ny_or_break,AUDUSD,2014-03-18 13:15:00+00:00,2014-03-18 13:30:00+00:00,2014-03-18 14:00:00+00:00,1,1.2500000000000393,TP,False
S2-05,ny_or_break,AUDUSD,2014-03-18 14:00:00+00:00,2014-03-18 14:15:00+00:00,2014-03-18 14:30:00+00:00,1,1.25,TP,False
S2-05,ny_or_break,AUDUSD,2014-03-18 14:30:00+00:00,2014-03-18 14:45:00+00:00,2014-03-18 14:45:00+00:00,1,-0.9999999999999638,SL,False
S2-05,ny_or_break,AUDUSD,2014-03-18 14:45:00+00:00,2014-03-18 15:00:00+00:00,2014-03-18 16:00:00+00:00,1,1.2500000000000338,TP,False
S2-05,ny_or_break,AUDUSD,2014-03-18 16:00:00+00:00,2014-03-18 16:15:00+00:00,2014-03-18 16:30:00+00:00,1,-0.9999999999999806,SL,False
S2-05,ny_or_break,AUDUSD,2014-03-18 16:30:00+00:00,2014-03-18 16:45:00+00:00,2014-03-18 17:30:00+00:00,1,-1.0000000000000406,SL,False
S2-05,ny_or_break,AUDUSD,2014-03-21 15:15:00+00:00,2014-03-21 15:30:00+00:00,2014-03-21 15:45:00+00:00,1,-0.9999999999999407,SL,False
S2-05,ny_or_break,AUDUSD,2014-03-21 16:45:00+00:00,2014-03-21 17:00:00+00:00,2014-03-21 17:00:00+00:00,1,0.41541581671756533,FRIDAY,False
S2-05,ny_or_break,AUDUSD,2014-03-24 12:45:00+00:00,2014-03-24 13:00:00+00:00,2014-03-24 14:00:00+00:00,1,-0.99999999999995,SL,False
S2-05,ny_or_break,AUDUSD,2014-03-24 14:15:00+00:00,2014-03-24 14:30:00+00:00,2014-03-24 15:00:00+00:00,1,-1.0000000000000244,SL,False
S2-05,ny_or_break,AUDUSD,2014-03-24 15:30:00+00:00,2014-03-24 15:45:00+00:00,2014-03-24 16:45:00+00:00,1,-1.000000000000063,SL,False
S2-05,ny_or_break,AUDUSD,2014-03-25 16:45:00+00:00,2014-03-25 17:00:00+00:00,2014-03-25 17:00:00+00:00,1,1.2500000000000249,TP,False
S2-05,ny_or_break,AUDUSD,2014-03-26 12:30:00+00:00,2014-03-26 12:45:00+00:00,2014-03-26 13:00:00+00:00,1,-0.9999999999999712,SL,False
S2-05,ny_or_break,AUDUSD,2014-03-27 14:00:00+00:00,2014-03-27 14:15:00+00:00,2014-03-27 14:45:00+00:00,1,1.2500000000000442,TP,False
S2-05,ny_or_break,AUDUSD,2014-03-27 14:45:00+00:00,2014-03-27 15:00:00+00:00,2014-03-27 16:00:00+00:00,1,-0.9999999999999404,SL,False
S2-05,ny_or_break,AUDUSD,2014-03-27 16:00:00+00:00,2014-03-27 16:15:00+00:00,2014-03-27 20:00:00+00:00,1,0.5418625443428604,TIME,False
S2-05,ny_or_break,AUDUSD,2014-03-31 16:00:00+00:00,2014-03-31 16:15:00+00:00,2014-03-31 17:45:00+00:00,1,-1.0000000000000533,SL,False
S2-05,ny_or_break,AUDUSD,2014-04-02 15:15:00+00:00,2014-04-02 15:30:00+00:00,2014-04-02 16:45:00+00:00,-1,-1.0000000000000215,SL,False
S2-05,ny_or_break,AUDUSD,2014-04-04 12:00:00+00:00,2014-04-04 12:15:00+00:00,2014-04-04 12:15:00+00:00,1,1.2500000000000402,TP,False
S2-05,ny_or_break,AUDUSD,2014-04-04 12:15:00+00:00,2014-04-04 12:30:00+00:00,2014-04-04 12:30:00+00:00,1,-1.0000000000000364,SL,True
S2-05,ny_or_break,AUDUSD,2014-04-04 12:30:00+00:00,2014-04-04 12:45:00+00:00,2014-04-04 12:45:00+00:00,1,1.2500000000000246,TP,False
S2-05,ny_or_break,AUDUSD,2014-04-04 12:45:00+00:00,2014-04-04 13:00:00+00:00,2014-04-04 13:00:00+00:00,1,1.2499999999999358,TP,False
S2-05,ny_or_break,AUDUSD,2014-04-04 13:00:00+00:00,2014-04-04 13:15:00+00:00,2014-04-04 13:30:00+00:00,1,-0.9999999999999406,SL,False
S2-05,ny_or_break,AUDUSD,2014-04-04 13:30:00+00:00,2014-04-04 13:45:00+00:00,2014-04-04 14:00:00+00:00,1,1.2500000000000184,TP,False
S2-05,ny_or_break,AUDUSD,2014-04-04 14:00:00+00:00,2014-04-04 14:15:00+00:00,2014-04-04 15:30:00+00:00,1,-1.0000000000000497,SL,False
S2-05,ny_or_break,AUDUSD,2014-04-04 15:30:00+00:00,2014-04-04 15:45:00+00:00,2014-04-04 16:00:00+00:00,1,-0.3260152284263959,FRIDAY,False
S2-05,ny_or_break,AUDUSD,2014-04-04 16:00:00+00:00,2014-04-04 16:15:00+00:00,2014-04-04 16:15:00+00:00,1,0.210566554189575,FRIDAY,False
S2-05,ny_or_break,AUDUSD,2014-04-04 16:15:00+00:00,2014-04-04 16:30:00+00:00,2014-04-04 16:30:00+00:00,1,-0.09763398169752589,FRIDAY,False
S2-05,ny_or_break,AUDUSD,2014-04-04 16:30:00+00:00,2014-04-04 16:45:00+00:00,2014-04-04 16:45:00+00:00,1,-0.5359772488215357,FRIDAY,False
S2-05,ny_or_break,AUDUSD,2014-04-04 16:45:00+00:00,2014-04-04 17:00:00+00:00,2014-04-04 17:00:00+00:00,1,-0.2229155039624958,FRIDAY,False
S2-05,ny_or_break,AUDUSD,2014-04-07 13:30:00+00:00,2014-04-07 13:45:00+00:00,2014-04-07 13:45:00+00:00,-1,-1.0,SL,False
S2-05,ny_or_break,AUDUSD,2014-04-08 12:15:00+00:00,2014-04-08 12:30:00+00:00,2014-04-08 13:45:00+00:00,1,-0.9999999999999527,SL,False
S2-05,ny_or_break,AUDUSD,2014-04-08 15:15:00+00:00,2014-04-08 15:30:00+00:00,2014-04-08 15:45:00+00:00,1,1.2499999999999774,TP,False
S2-05,ny_or_break,AUDUSD,2014-04-08 15:45:00+00:00,2014-04-08 16:00:00+00:00,2014-04-08 18:30:00+00:00,1,1.2500000000000742,TP,False
S2-05,ny_or_break,AUDUSD,2014-04-14 12:00:00+00:00,2014-04-14 12:15:00+00:00,2014-04-14 12:30:00+00:00,1,-0.9999999999999089,SL,False
S2-05,ny_or_break,AUDUSD,2014-04-14 13:15:00+00:00,2014-04-14 13:30:00+00:00,2014-04-14 14:15:00+00:00,1,1.2500000000000293,TP,False
S2-05,ny_or_break,AUDUSD,2014-04-14 14:15:00+00:00,2014-04-14 14:30:00+00:00,2014-04-14 14:45:00+00:00,1,-1.000000000000058,SL,False
S2-05,ny_or_break,AUDUSD,2014-04-14 14:45:00+00:00,2014-04-14 15:00:00+00:00,2014-04-14 15:45:00+00:00,1,-0.9999999999999197,SL,False
S2-05,ny_or_break,AUDUSD,2014-04-14 16:00:00+00:00,2014-04-14 16:15:00+00:00,2014-04-14 16:30:00+00:00,1,1.2499999999999405,TP,False
S2-05,ny_or_break,AUDUSD,2014-04-14 16:30:00+00:00,2014-04-14 16:45:00+00:00,2014-04-14 17:15:00+00:00,1,-0.9999999999999445,SL,False
S2-05,ny_or_break,AUDUSD,2014-04-15 12:15:00+00:00,2014-04-15 12:30:00+00:00,2014-04-15 12:30:00+00:00,-1,-0.9999999999999715,SL,True
S2-05,ny_or_break,AUDUSD,2014-04-15 12:30:00+00:00,2014-04-15 12:45:00+00:00,2014-04-15 13:15:00+00:00,-1,1.2499999999999734,TP,False
S2-05,ny_or_break,AUDUSD,2014-04-15 13:15:00+00:00,2014-04-15 13:30:00+00:00,2014-04-15 13:45:00+00:00,-1,1.2499999999999307,TP,False
S2-05,ny_or_break,AUDUSD,2014-04-15 13:45:00+00:00,2014-04-15 14:00:00+00:00,2014-04-15 15:00:00+00:00,-1,1.249999999999979,TP,False
S2-05,ny_or_break,AUDUSD,2014-04-15 15:00:00+00:00,2014-04-15 15:15:00+00:00,2014-04-15 16:15:00+00:00,-1,-0.9999999999999533,SL,False
S2-05,ny_or_break,AUDUSD,2014-04-15 16:15:00+00:00,2014-04-15 16:30:00+00:00,2014-04-15 18:45:00+00:00,-1,-1.000000000000037,SL,False
S2-05,ny_or_break,AUDUSD,2014-04-17 12:15:00+00:00,2014-04-17 12:30:00+00:00,2014-04-17 12:30:00+00:00,-1,-0.9999999999999497,SL,False
S2-05,ny_or_break,AUDUSD,2014-04-17 14:15:00+00:00,2014-04-17 14:30:00+00:00,2014-04-17 14:30:00+00:00,-1,-1.0000000000000502,SL,False
S2-05,ny_or_break,AUDUSD,2014-04-17 15:45:00+00:00,2014-04-17 16:00:00+00:00,2014-04-17 16:15:00+00:00,-1,1.2499999999999425,TP,False
S2-05,ny_or_break,AUDUSD,2014-04-17 16:15:00+00:00,2014-04-17 16:30:00+00:00,2014-04-17 17:00:00+00:00,-1,-1.0000000000000846,SL,False
S2-05,ny_or_break,AUDUSD,2014-04-21 15:00:00+00:00,2014-04-21 15:15:00+00:00,2014-04-21 15:30:00+00:00,1,-0.9999999999999362,SL,False
S2-05,ny_or_break,AUDUSD,2014-04-21 15:30:00+00:00,2014-04-21 15:45:00+00:00,2014-04-21 18:45:00+00:00,1,-1.0,SL,False
S2-05,ny_or_break,AUDUSD,2014-04-22 14:00:00+00:00,2014-04-22 14:15:00+00:00,2014-04-22 14:15:00+00:00,1,-0.999999999999934,SL,False
S2-05,ny_or_break,AUDUSD,2014-04-23 13:15:00+00:00,2014-04-23 13:30:00+00:00,2014-04-23 14:00:00+00:00,-1,-1.0000000000000882,SL,False
S2-05,ny_or_break,AUDUSD,2014-04-24 12:30:00+00:00,2014-04-24 12:45:00+00:00,2014-04-24 13:45:00+00:00,-1,-1.0000000000000497,SL,False
S2-05,ny_or_break,AUDUSD,2014-04-24 13:45:00+00:00,2014-04-24 14:00:00+00:00,2014-04-24 14:00:00+00:00,-1,-1.0000000000000482,SL,False
S2-05,ny_or_break,AUDUSD,2014-04-24 14:15:00+00:00,2014-04-24 14:30:00+00:00,2014-04-24 14:45:00+00:00,-1,-1.000000000000048,SL,False
S2-05,ny_or_break,AUDUSD,2014-04-24 15:15:00+00:00,2014-04-24 15:30:00+00:00,2014-04-24 19:15:00+00:00,-1,-0.19067553385786595,TIME,False
S2-05,ny_or_break,AUDUSD,2014-04-28 16:00:00+00:00,2014-04-28 16:15:00+00:00,2014-04-28 18:45:00+00:00,-1,-1.0000000000000229,SL,False
S2-05,ny_or_break,AUDUSD,2014-05-02 12:30:00+00:00,2014-05-02 12:45:00+00:00,2014-05-02 12:45:00+00:00,-1,-1.0,SL,False
S2-05,ny_or_break,AUDUSD,2014-05-02 12:45:00+00:00,2014-05-02 13:00:00+00:00,2014-05-02 13:45:00+00:00,-1,-1.0000000000000446,SL,False
S2-05,ny_or_break,AUDUSD,2014-05-02 13:45:00+00:00,2014-05-02 14:00:00+00:00,2014-05-02 14:15:00+00:00,-1,-0.9999999999999573,SL,False
S2-05,ny_or_break,AUDUSD,2014-05-06 12:45:00+00:00,2014-05-06 13:00:00+00:00,2014-05-06 14:15:00+00:00,1,1.249999999999983,TP,False
S2-05,ny_or_break,AUDUSD,2014-05-06 14:15:00+00:00,2014-05-06 14:30:00+00:00,2014-05-06 15:00:00+00:00,1,-0.9999999999999619,SL,False
S2-05,ny_or_break,AUDUSD,2014-05-06 15:00:00+00:00,2014-05-06 15:15:00+00:00,2014-05-06 16:30:00+00:00,1,1.25,TP,False
S2-05,ny_or_break,AUDUSD,2014-05-06 16:30:00+00:00,2014-05-06 16:45:00+00:00,2014-05-06 18:00:00+00:00,1,-0.9999999999999518,SL,False
S2-05,ny_or_break,AUDUSD,2014-05-12 12:15:00+00:00,2014-05-12 12:30:00+00:00,2014-05-12 12:30:00+00:00,1,-0.9999999999999645,SL,False
S2-05,ny_or_break,AUDUSD,2014-05-12 12:30:00+00:00,2014-05-12 12:45:00+00:00,2014-05-12 13:15:00+00:00,1,-1.0000000000001006,SL,False
S2-05,ny_or_break,AUDUSD,2014-05-15 13:00:00+00:00,2014-05-15 13:15:00+00:00,2014-05-15 14:00:00+00:00,-1,1.2500000000000597,TP,False
S2-05,ny_or_break,AUDUSD,2014-05-15 14:00:00+00:00,2014-05-15 14:15:00+00:00,2014-05-15 14:45:00+00:00,-1,-1.0000000000000564,SL,False
S2-05,ny_or_break,AUDUSD,2014-05-15 14:45:00+00:00,2014-05-15 15:00:00+00:00,2014-05-15 18:15:00+00:00,-1,-1.0,SL,False
S2-05,ny_or_break,AUDUSD,2014-05-19 15:45:00+00:00,2014-05-19 16:00:00+00:00,2014-05-19 16:45:00+00:00,-1,1.2500000000000886,TP,False
S2-05,ny_or_break,AUDUSD,2014-05-19 16:45:00+00:00,2014-05-19 17:00:00+00:00,2014-05-19 18:15:00+00:00,-1,-1.000000000000088,SL,False
S2-05,ny_or_break,AUDUSD,2014-05-20 12:15:00+00:00,2014-05-20 12:30:00+00:00,2014-05-20 12:30:00+00:00,-1,-1.0000000000000626,SL,False
S2-05,ny_or_break,AUDUSD,2014-05-20 13:00:00+00:00,2014-05-20 13:15:00+00:00,2014-05-20 13:30:00+00:00,-1,-1.000000000000105,SL,False
S2-05,ny_or_break,AUDUSD,2014-05-20 13:45:00+00:00,2014-05-20 14:00:00+00:00,2014-05-20 14:00:00+00:00,-1,-0.9999999999999062,SL,False
S2-05,ny_or_break,AUDUSD,2014-05-20 14:00:00+00:00,2014-05-20 14:15:00+00:00,2014-05-20 14:45:00+00:00,-1,-1.0000000000000295,SL,False
S2-05,ny_or_break,AUDUSD,2014-05-20 16:00:00+00:00,2014-05-20 16:15:00+00:00,2014-05-20 16:30:00+00:00,-1,1.2500000000000242,TP,False
S2-05,ny_or_break,AUDUSD,2014-05-20 16:30:00+00:00,2014-05-20 16:45:00+00:00,2014-05-20 18:00:00+00:00,-1,-0.999999999999979,SL,False
S2-05,ny_or_break,AUDUSD,2014-05-21 12:45:00+00:00,2014-05-21 13:00:00+00:00,2014-05-21 13:30:00+00:00,-1,-1.000000000000027,SL,False
S2-05,ny_or_break,AUDUSD,2014-05-21 13:30:00+00:00,2014-05-21 13:45:00+00:00,2014-05-21 13:45:00+00:00,-1,1.2500000000000258,TP,False
S2-05,ny_or_break,AUDUSD,2014-05-21 13:45:00+00:00,2014-05-21 14:00:00+00:00,2014-05-21 15:00:00+00:00,-1,-1.0000000000000724,SL,False
S2-05,ny_or_break,AUDUSD,2014-05-21 15:00:00+00:00,2014-05-21 15:15:00+00:00,2014-05-21 15:45:00+00:00,-1,1.2500000000000728,TP,False
S2-05,ny_or_break,AUDUSD,2014-05-21 15:45:00+00:00,2014-05-21 16:00:00+00:00,2014-05-21 17:15:00+00:00,-1,-1.0,SL,False
S2-05,ny_or_break,AUDUSD,2014-05-22 12:15:00+00:00,2014-05-22 12:30:00+00:00,2014-05-22 12:30:00+00:00,-1,-0.9999999999999145,SL,False
S2-05,ny_or_break,AUDUSD,2014-05-22 15:00:00+00:00,2014-05-22 15:15:00+00:00,2014-05-22 19:00:00+00:00,-1,0.1843106467781871,TIME,False
S2-05,ny_or_break,AUDUSD,2014-05-28 14:00:00+00:00,2014-05-28 14:15:00+00:00,2014-05-28 14:30:00+00:00,-1,-1.0000000000000662,SL,False
S2-05,ny_or_break,AUDUSD,2014-05-28 14:30:00+00:00,2014-05-28 14:45:00+00:00,2014-05-28 15:15:00+00:00,-1,-0.9999999999999588,SL,False
S2-05,ny_or_break,AUDUSD,2014-06-02 12:30:00+00:00,2014-06-02 12:45:00+00:00,2014-06-02 13:45:00+00:00,-1,-1.0000000000000986,SL,False
S2-05,ny_or_break,AUDUSD,2014-06-02 13:45:00+00:00,2014-06-02 14:00:00+00:00,2014-06-02 14:00:00+00:00,-1,-1.0000000000000568,SL,False
S2-05,ny_or_break,AUDUSD,2014-06-02 14:15:00+00:00,2014-06-02 14:30:00+00:00,2014-06-02 14:45:00+00:00,-1,-1.0000000000000242,SL,False
S2-05,ny_or_break,AUDUSD,2014-06-02 15:30:00+00:00,2014-06-02 15:45:00+00:00,2014-06-02 16:00:00+00:00,-1,-0.999999999999937,SL,False
S2-05,ny_or_break,AUDUSD,2014-06-03 12:45:00+00:00,2014-06-03 13:00:00+00:00,2014-06-03 14:00:00+00:00,-1,1.25,TP,False
S2-05,ny_or_break,AUDUSD,2014-06-03 14:00:00+00:00,2014-06-03 14:15:00+00:00,2014-06-03 16:00:00+00:00,-1,-1.000000000000088,SL,False
S2-05,ny_or_break,AUDUSD,2014-06-03 16:00:00+00:00,2014-06-03 16:15:00+00:00,2014-06-03 17:30:00+00:00,-1,1.2499999999999254,TP,False
S2-05,ny_or_break,AUDUSD,2014-06-05 12:45:00+00:00,2014-06-05 13:00:00+00:00,2014-06-05 13:45:00+00:00,1,-1.0,SL,False
S2-05,ny_or_break,AUDUSD,2014-06-05 13:45:00+00:00,2014-06-05 14:00:00+00:00,2014-06-05 14:15:00+00:00,1,1.2500000000000355,TP,False
S2-05,ny_or_break,AUDUSD,2014-06-05 14:15:00+00:00,2014-06-05 14:30:00+00:00,2014-06-05 14:45:00+00:00,1,-1.0000000000000484,SL,False
S2-05,ny_or_break,AUDUSD,2014-06-05 14:45:00+00:00,2014-06-05 15:00:00+00:00,2014-06-05 15:30:00+00:00,1,1.2500000000000155,TP,False
S2-05,ny_or_break,AUDUSD,2014-06-05 15:30:00+00:00,2014-06-05 15:45:00+00:00,2014-06-05 16:15:00+00:00,1,1.25,TP,False
S2-05,ny_or_break,AUDUSD,2014-06-05 16:15:00+00:00,2014-06-05 16:30:00+00:00,2014-06-05 17:45:00+00:00,1,1.2500000000000573,TP,False
S2-05,ny_or_break,AUDUSD,2014-06-10 12:15:00+00:00,2014-06-10 12:30:00+00:00,2014-06-10 13:00:00+00:00,1,-1.0000000000001008,SL,False
S2-05,ny_or_break,AUDUSD,2014-06-12 13:30:00+00:00,2014-06-12 13:45:00+00:00,2014-06-12 15:15:00+00:00,1,1.250000000000049,TP,False
S2-05,ny_or_break,AUDUSD,2014-06-12 15:15:00+00:00,2014-06-12 15:30:00+00:00,2014-06-12 16:00:00+00:00,1,-0.9999999999999584,SL,False
S2-05,ny_or_break,AUDUSD,2014-06-12 16:00:00+00:00,2014-06-12 16:15:00+00:00,2014-06-12 17:30:00+00:00,1,-1.0000000000000446,SL,False
S2-05,ny_or_break,AUDUSD,2014-06-16 13:00:00+00:00,2014-06-16 13:15:00+00:00,2014-06-16 13:15:00+00:00,-1,-0.9999999999999364,SL,False
S2-05,ny_or_break,AUDUSD,2014-06-16 13:15:00+00:00,2014-06-16 13:30:00+00:00,2014-06-16 13:30:00+00:00,-1,-1.0,SL,False
S2-05,ny_or_break,AUDUSD,2014-06-17 12:30:00+00:00,2014-06-17 12:45:00+00:00,2014-06-17 16:30:00+00:00,-1,-0.5512656049560402,TIME,False
S2-05,ny_or_break,AUDUSD,2014-06-17 16:45:00+00:00,2014-06-17 17:00:00+00:00,2014-06-17 20:45:00+00:00,-1,-0.6342755082968163,TIME,False
S2-05,ny_or_break,AUDUSD,2014-06-24 13:00:00+00:00,2014-06-24 13:15:00+00:00,2014-06-24 13:15:00+00:00,-1,1.2500000000000657,TP,False
S2-05,ny_or_break,AUDUSD,2014-06-24 13:15:00+00:00,2014-06-24 13:30:00+00:00,2014-06-24 13:30:00+00:00,-1,-1.0000000000000302,SL,False
S2-05,ny_or_break,AUDUSD,2014-06-24 13:30:00+00:00,2014-06-24 13:45:00+00:00,2014-06-24 14:00:00+00:00,-1,1.2500000000000286,TP,False
S2-05,ny_or_break,AUDUSD,2014-06-24 14:00:00+00:00,2014-06-24 14:15:00+00:00,2014-06-24 14:45:00+00:00,-1,1.25,TP,False
S2-05,ny_or_break,AUDUSD,2014-06-24 14:45:00+00:00,2014-06-24 15:00:00+00:00,2014-06-24 17:45:00+00:00,-1,-1.0000000000000508,SL,False
S2-05,ny_or_break,AUDUSD,2014-06-30 12:15:00+00:00,2014-06-30 12:30:00+00:00,2014-06-30 12:45:00+00:00,-1,-1.0,SL,False
S2-05,ny_or_break,AUDUSD,2014-06-30 13:00:00+00:00,2014-06-30 13:15:00+00:00,2014-06-30 13:15:00+00:00,-1,-1.0,SL,False
S2-05,ny_or_break,AUDUSD,2014-06-30 16:00:00+00:00,2014-06-30 16:15:00+00:00,2014-06-30 20:00:00+00:00,1,0.7621742249143222,TIME,False
S2-05,ny_or_break,AUDUSD,2014-07-01 12:45:00+00:00,2014-07-01 13:00:00+00:00,2014-07-01 13:00:00+00:00,1,1.25,TP,False
S2-05,ny_or_break,AUDUSD,2014-07-01 13:00:00+00:00,2014-07-01 13:15:00+00:00,2014-07-01 14:00:00+00:00,1,1.2500000000000555,TP,False
S2-05,ny_or_break,AUDUSD,2014-07-01 14:00:00+00:00,2014-07-01 14:15:00+00:00,2014-07-01 14:45:00+00:00,1,1.2500000000000753,TP,False
S2-05,ny_or_break,AUDUSD,2014-07-01 14:45:00+00:00,2014-07-01 15:00:00+00:00,2014-07-01 15:15:00+00:00,1,1.2500000000000686,TP,False
S2-05,ny_or_break,AUDUSD,2014-07-01 15:15:00+00:00,2014-07-01 15:30:00+00:00,2014-07-01 16:45:00+00:00,1,1.2500000000000646,TP,False
S2-05,ny_or_break,AUDUSD,2014-07-01 16:45:00+00:00,2014-07-01 17:00:00+00:00,2014-07-01 17:30:00+00:00,1,-0.9999999999999258,SL,False
S2-05,ny_or_break,AUDUSD,2014-07-03 12:30:00+00:00,2014-07-03 12:45:00+00:00,2014-07-03 12:45:00+00:00,-1,1.2500000000000444,TP,False
S2-05,ny_or_break,AUDUSD,2014-07-03 12:45:00+00:00,2014-07-03 13:00:00+00:00,2014-07-03 13:00:00+00:00,-1,-0.9999999999999595,SL,False
S2-05,ny_or_break,AUDUSD,2014-07-03 13:00:00+00:00,2014-07-03 13:15:00+00:00,2014-07-03 14:00:00+00:00,-1,-0.9999999999999608,SL,False
S2-05,ny_or_break,AUDUSD,2014-07-03 14:00:00+00:00,2014-07-03 14:15:00+00:00,2014-07-03 14:45:00+00:00,-1,-1.0,SL,False
S2-05,ny_or_break,AUDUSD,2014-07-03 15:00:00+00:00,2014-07-03 15:15:00+00:00,2014-07-03 19:00:00+00:00,-1,0.6888174659475054,TIME,False
S2-05,ny_or_break,AUDUSD,2014-07-08 13:00:00+00:00,2014-07-08 13:15:00+00:00,2014-07-08 13:30:00+00:00,1,1.2500000000001101,TP,False
S2-05,ny_or_break,AUDUSD,2014-07-08 13:30:00+00:00,2014-07-08 13:45:00+00:00,2014-07-08 14:00:00+00:00,1,-1.0,SL,False
S2-05,ny_or_break,AUDUSD,2014-07-08 14:15:00+00:00,2014-07-08 14:30:00+00:00,2014-07-08 14:45:00+00:00,1,-1.0000000000000273,SL,False
S2-05,ny_or_break,AUDUSD,2014-07-11 13:15:00+00:00,2014-07-11 13:30:00+00:00,2014-07-11 13:45:00+00:00,1,-0.99999999999995,SL,False
S2-05,ny_or_break,AUDUSD,2014-07-15 14:30:00+00:00,2014-07-15 14:45:00+00:00,2014-07-15 14:45:00+00:00,-1,-1.0000000000000369,SL,False
S2-05,ny_or_break,AUDUSD,2014-07-17 12:30:00+00:00,2014-07-17 12:45:00+00:00,2014-07-17 13:00:00+00:00,1,1.249999999999967,TP,False
S2-05,ny_or_break,AUDUSD,2014-07-17 13:00:00+00:00,2014-07-17 13:15:00+00:00,2014-07-17 13:45:00+00:00,1,-1.0000000000000582,SL,False
S2-05,ny_or_break,AUDUSD,2014-07-17 13:45:00+00:00,2014-07-17 14:00:00+00:00,2014-07-17 14:00:00+00:00,1,-1.0000000000000853,SL,False
S2-05,ny_or_break,AUDUSD,2014-07-17 14:15:00+00:00,2014-07-17 14:30:00+00:00,2014-07-17 14:45:00+00:00,1,-0.9999999999999712,SL,False
S2-05,ny_or_break,AUDUSD,2014-07-17 16:45:00+00:00,2014-07-17 17:00:00+00:00,2014-07-17 19:15:00+00:00,1,-0.9999999999999721,SL,False
S2-05,ny_or_break,AUDUSD,2014-07-22 12:30:00+00:00,2014-07-22 12:45:00+00:00,2014-07-22 12:45:00+00:00,1,1.25,TP,False
S2-05,ny_or_break,AUDUSD,2014-07-22 12:45:00+00:00,2014-07-22 13:00:00+00:00,2014-07-22 13:15:00+00:00,1,-0.9999999999999326,SL,False
S2-05,ny_or_break,AUDUSD,2014-07-22 13:15:00+00:00,2014-07-22 13:30:00+00:00,2014-07-22 13:45:00+00:00,1,-0.9999999999999364,SL,False
S2-05,ny_or_break,AUDUSD,2014-07-22 13:45:00+00:00,2014-07-22 14:00:00+00:00,2014-07-22 14:00:00+00:00,1,-1.0000000000000413,SL,False
S2-05,ny_or_break,AUDUSD,2014-07-22 14:00:00+00:00,2014-07-22 14:15:00+00:00,2014-07-22 14:15:00+00:00,1,-1.000000000000059,SL,False
S2-05,ny_or_break,AUDUSD,2014-07-25 16:00:00+00:00,2014-07-25 16:15:00+00:00,2014-07-25 16:15:00+00:00,-1,-0.24180730139632078,FRIDAY,False
S2-05,ny_or_break,AUDUSD,2014-07-25 16:15:00+00:00,2014-07-25 16:30:00+00:00,2014-07-25 16:30:00+00:00,-1,-0.8290788903685401,FRIDAY,False
S2-05,ny_or_break,AUDUSD,2014-07-29 12:00:00+00:00,2014-07-29 12:15:00+00:00,2014-07-29 12:15:00+00:00,-1,1.2499999999998692,TP,False
S2-05,ny_or_break,AUDUSD,2014-07-29 12:15:00+00:00,2014-07-29 12:30:00+00:00,2014-07-29 13:00:00+00:00,-1,-1.0000000000000386,SL,False
S2-05,ny_or_break,AUDUSD,2014-07-29 13:00:00+00:00,2014-07-29 13:15:00+00:00,2014-07-29 14:00:00+00:00,-1,1.2500000000000693,TP,False
S2-05,ny_or_break,AUDUSD,2014-07-29 14:00:00+00:00,2014-07-29 14:15:00+00:00,2014-07-29 14:30:00+00:00,-1,-1.0000000000000875,SL,False
S2-05,ny_or_break,AUDUSD,2014-07-29 14:30:00+00:00,2014-07-29 14:45:00+00:00,2014-07-29 15:00:00+00:00,-1,-0.9999999999999417,SL,False
S2-05,ny_or_break,AUDUSD,2014-07-29 15:00:00+00:00,2014-07-29 15:15:00+00:00,2014-07-29 15:30:00+00:00,-1,1.2500000000000808,TP,False
S2-05,ny_or_break,AUDUSD,2014-07-29 15:30:00+00:00,2014-07-29 15:45:00+00:00,2014-07-29 16:30:00+00:00,-1,-0.9999999999999212,SL,False
S2-05,ny_or_break,AUDUSD,2014-07-29 16:30:00+00:00,2014-07-29 16:45:00+00:00,2014-07-29 16:45:00+00:00,-1,-0.9999999999999705,SL,False
S2-05,ny_or_break,AUDUSD,2014-07-29 16:45:00+00:00,2014-07-29 17:00:00+00:00,2014-07-29 20:45:00+00:00,-1,0.23779656394873194,TIME,False
S2-05,ny_or_break,AUDUSD,2014-07-30 12:30:00+00:00,2014-07-30 12:45:00+00:00,2014-07-30 12:45:00+00:00,-1,-1.000000000000083,SL,False
S2-05,ny_or_break,AUDUSD,2014-07-30 12:45:00+00:00,2014-07-30 13:00:00+00:00,2014-07-30 13:15:00+00:00,-1,1.2499999999999498,TP,False
S2-05,ny_or_break,AUDUSD,2014-07-30 13:15:00+00:00,2014-07-30 13:30:00+00:00,2014-07-30 14:15:00+00:00,-1,1.2499999999999558,TP,False
S2-05,ny_or_break,AUDUSD,2014-07-30 14:15:00+00:00,2014-07-30 14:30:00+00:00,2014-07-30 14:30:00+00:00,-1,1.2499999999999627,TP,False
S2-05,ny_or_break,AUDUSD,2014-07-30 14:30:00+00:00,2014-07-30 14:45:00+00:00,2014-07-30 14:45:00+00:00,-1,-1.0000000000000513,SL,False
S2-05,ny_or_break,AUDUSD,2014-07-30 14:45:00+00:00,2014-07-30 15:00:00+00:00,2014-07-30 18:00:00+00:00,-1,-0.9999999999999696,SL,True
S2-05,ny_or_break,AUDUSD,2014-08-04 13:00:00+00:00,2014-08-04 13:15:00+00:00,2014-08-04 13:45:00+00:00,1,1.2499999999998492,TP,False
S2-05,ny_or_break,AUDUSD,2014-08-04 13:45:00+00:00,2014-08-04 14:00:00+00:00,2014-08-04 14:00:00+00:00,1,-1.0,SL,False
S2-05,ny_or_break,AUDUSD,2014-08-04 14:00:00+00:00,2014-08-04 14:15:00+00:00,2014-08-04 14:30:00+00:00,1,-1.0000000000001033,SL,False
S2-05,ny_or_break,AUDUSD,2014-08-04 14:30:00+00:00,2014-08-04 14:45:00+00:00,2014-08-04 15:15:00+00:00,1,1.2500000000000493,TP,False
S2-05,ny_or_break,AUDUSD,2014-08-04 15:15:00+00:00,2014-08-04 15:30:00+00:00,2014-08-04 15:30:00+00:00,1,-0.9999999999999553,SL,False
S2-05,ny_or_break,AUDUSD,2014-08-04 15:30:00+00:00,2014-08-04 15:45:00+00:00,2014-08-04 16:00:00+00:00,1,-0.9999999999998725,SL,False
S2-05,ny_or_break,AUDUSD,2014-08-04 16:00:00+00:00,2014-08-04 16:15:00+00:00,2014-08-04 19:15:00+00:00,1,1.2500000000001328,TP,False
S2-05,ny_or_break,AUDUSD,2014-08-11 13:15:00+00:00,2014-08-11 13:30:00+00:00,2014-08-11 13:30:00+00:00,-1,-1.0000000000000446,SL,False
S2-05,ny_or_break,AUDUSD,2014-08-11 15:15:00+00:00,2014-08-11 15:30:00+00:00,2014-08-11 15:30:00+00:00,-1,-1.0000000000000406,SL,False
S2-05,ny_or_break,AUDUSD,2014-08-11 16:00:00+00:00,2014-08-11 16:15:00+00:00,2014-08-11 16:15:00+00:00,-1,-1.0000000000000895,SL,False
S2-05,ny_or_break,AUDUSD,2014-08-13 12:30:00+00:00,2014-08-13 12:45:00+00:00,2014-08-13 14:15:00+00:00,1,-0.9999999999999393,SL,False
S2-05,ny_or_break,AUDUSD,2014-08-13 14:15:00+00:00,2014-08-13 14:30:00+00:00,2014-08-13 15:30:00+00:00,1,-0.9999999999999692,SL,False
S2-05,ny_or_break,AUDUSD,2014-08-13 15:30:00+00:00,2014-08-13 15:45:00+00:00,2014-08-13 17:15:00+00:00,1,1.2500000000000737,TP,False
S2-05,ny_or_break,AUDUSD,2014-08-18 15:15:00+00:00,2014-08-18 15:30:00+00:00,2014-08-18 15:30:00+00:00,1,1.249999999999955,TP,False
S2-05,ny_or_break,AUDUSD,2014-08-18 15:30:00+00:00,2014-08-18 15:45:00+00:00,2014-08-18 17:15:00+00:00,1,-1.0000000000000417,SL,False
S2-05,ny_or_break,AUDUSD,2014-08-26 13:00:00+00:00,2014-08-26 13:15:00+00:00,2014-08-26 13:45:00+00:00,1,-0.9999999999999687,SL,False
S2-05,ny_or_break,AUDUSD,2014-08-26 13:45:00+00:00,2014-08-26 14:00:00+00:00,2014-08-26 14:00:00+00:00,1,-0.9999999999999674,SL,False
S2-05,ny_or_break,AUDUSD,2014-08-26 14:00:00+00:00,2014-08-26 14:15:00+00:00,2014-08-26 16:30:00+00:00,1,-1.0000000000000298,SL,False
S2-05,ny_or_break,AUDUSD,2014-09-01 12:15:00+00:00,2014-09-01 12:30:00+00:00,2014-09-01 12:45:00+00:00,-1,-1.0,SL,False
S2-05,ny_or_break,AUDUSD,2014-09-02 12:15:00+00:00,2014-09-02 12:30:00+00:00,2014-09-02 12:30:00+00:00,-1,-1.000000000000041,SL,False
S2-05,ny_or_break,AUDUSD,2014-09-02 12:30:00+00:00,2014-09-02 12:45:00+00:00,2014-09-02 12:45:00+00:00,-1,-0.9999999999998801,SL,False
S2-05,ny_or_break,AUDUSD,2014-09-02 14:00:00+00:00,2014-09-02 14:15:00+00:00,2014-09-02 14:30:00+00:00,-1,-1.0000000000000338,SL,False
S2-05,ny_or_break,AUDUSD,2014-09-02 14:30:00+00:00,2014-09-02 14:45:00+00:00,2014-09-02 15:15:00+00:00,-1,1.25,TP,False
S2-05,ny_or_break,AUDUSD,2014-09-02 15:15:00+00:00,2014-09-02 15:30:00+00:00,2014-09-02 15:30:00+00:00,-1,-0.9999999999999477,SL,False
S2-05,ny_or_break,AUDUSD,2014-09-02 15:30:00+00:00,2014-09-02 15:45:00+00:00,2014-09-02 16:30:00+00:00,-1,1.25,TP,False
S2-05,ny_or_break,AUDUSD,2014-09-02 16:30:00+00:00,2014-09-02 16:45:00+00:00,2014-09-02 17:00:00+00:00,-1,-1.000000000000078,SL,False
S2-05,ny_or_break,AUDUSD,2014-09-03 14:00:00+00:00,2014-09-03 14:15:00+00:00,2014-09-03 15:30:00+00:00,1,1.2499999999999176,TP,False
S2-05,ny_or_break,AUDUSD,2014-09-03 15:30:00+00:00,2014-09-03 15:45:00+00:00,2014-09-03 15:45:00+00:00,1,-1.0000000000000813,SL,False
S2-05,ny_or_break,AUDUSD,2014-09-03 15:45:00+00:00,2014-09-03 16:00:00+00:00,2014-09-03 19:45:00+00:00,1,1.0690258070109526,TIME,False
S2-05,ny_or_break,AUDUSD,2014-09-04 12:15:00+00:00,2014-09-04 12:30:00+00:00,2014-09-04 12:30:00+00:00,1,-0.9999999999999363,SL,True
S2-05,ny_or_break,AUDUSD,2014-09-04 12:30:00+00:00,2014-09-04 12:45:00+00:00,2014-09-04 12:45:00+00:00,1,-1.0000000000000173,SL,False
S2-05,ny_or_break,AUDUSD,2014-09-04 12:45:00+00:00,2014-09-04 13:00:00+00:00,2014-09-04 13:30:00+00:00,1,1.24999999999995,TP,False
S2-05,ny_or_break,AUDUSD,2014-09-04 13:30:00+00:00,2014-09-04 13:45:00+00:00,2014-09-04 14:45:00+00:00,1,-0.9999999999999848,SL,False
S2-05,ny_or_break,AUDUSD,2014-09-04 14:45:00+00:00,2014-09-04 15:00:00+00:00,2014-09-04 15:30:00+00:00,1,-0.9999999999999579,SL,False
S2-05,ny_or_break,AUDUSD,2014-09-04 15:30:00+00:00,2014-09-04 15:45:00+00:00,2014-09-04 16:15:00+00:00,1,-1.0,SL,False
S2-05,ny_or_break,AUDUSD,2014-09-05 12:30:00+00:00,2014-09-05 12:45:00+00:00,2014-09-05 12:45:00+00:00,1,1.2500000000000495,TP,False
S2-05,ny_or_break,AUDUSD,2014-09-05 12:45:00+00:00,2014-09-05 13:00:00+00:00,2014-09-05 13:00:00+00:00,1,-1.00000000000002,SL,False
S2-05,ny_or_break,AUDUSD,2014-09-05 13:00:00+00:00,2014-09-05 13:15:00+00:00,2014-09-05 14:00:00+00:00,1,1.25,TP,False
S2-05,ny_or_break,AUDUSD,2014-09-05 14:00:00+00:00,2014-09-05 14:15:00+00:00,2014-09-05 14:15:00+00:00,1,-1.0,SL,False
S2-05,ny_or_break,AUDUSD,2014-09-05 14:15:00+00:00,2014-09-05 14:30:00+00:00,2014-09-05 16:00:00+00:00,1,-0.48216978376372693,FRIDAY,False
S2-05,ny_or_break,AUDUSD,2014-09-05 16:00:00+00:00,2014-09-05 16:15:00+00:00,2014-09-05 16:15:00+00:00,1,-0.21316368881310924,FRIDAY,False
S2-05,ny_or_break,AUDUSD,2014-09-05 16:15:00+00:00,2014-09-05 16:30:00+00:00,2014-09-05 16:30:00+00:00,1,0.09557703266924858,FRIDAY,False
S2-05,ny_or_break,AUDUSD,2014-09-05 16:30:00+00:00,2014-09-05 16:45:00+00:00,2014-09-05 16:45:00+00:00,1,-0.6013115658047617,FRIDAY,False
S2-05,ny_or_break,AUDUSD,2014-09-05 16:45:00+00:00,2014-09-05 17:00:00+00:00,2014-09-05 17:00:00+00:00,1,-0.2858021952860026,FRIDAY,False
S2-05,ny_or_break,AUDUSD,2014-09-08 14:00:00+00:00,2014-09-08 14:15:00+00:00,2014-09-08 14:30:00+00:00,-1,1.25,TP,False
S2-05,ny_or_break,AUDUSD,2014-09-08 14:30:00+00:00,2014-09-08 14:45:00+00:00,2014-09-08 15:00:00+00:00,-1,1.25,TP,False
S2-05,ny_or_break,AUDUSD,2014-09-08 15:00:00+00:00,2014-09-08 15:15:00+00:00,2014-09-08 17:00:00+00:00,-1,1.2499999999999591,TP,False
S2-05,ny_or_break,AUDUSD,2014-09-09 12:45:00+00:00,2014-09-09 13:00:00+00:00,2014-09-09 13:00:00+00:00,-1,1.24999999999998,TP,False
S2-05,ny_or_break,AUDUSD,2014-09-09 13:00:00+00:00,2014-09-09 13:15:00+00:00,2014-09-09 13:45:00+00:00,-1,1.25,TP,False
S2-05,ny_or_break,AUDUSD,2014-09-09 13:45:00+00:00,2014-09-09 14:00:00+00:00,2014-09-09 14:00:00+00:00,-1,1.2500000000000453,TP,False
S2-05,ny_or_break,AUDUSD,2014-09-09 14:00:00+00:00,2014-09-09 14:15:00+00:00,2014-09-09 14:15:00+00:00,-1,-0.999999999999987,SL,False
S2-05,ny_or_break,AUDUSD,2014-09-09 14:15:00+00:00,2014-09-09 14:30:00+00:00,2014-09-09 15:00:00+00:00,-1,-0.9999999999999881,SL,False
S2-05,ny_or_break,AUDUSD,2014-09-09 15:00:00+00:00,2014-09-09 15:15:00+00:00,2014-09-09 15:45:00+00:00,-1,1.2499999999999885,TP,False
S2-05,ny_or_break,AUDUSD,2014-09-09 15:45:00+00:00,2014-09-09 16:00:00+00:00,2014-09-09 19:45:00+00:00,-1,-0.313909735359541,TIME,False
S2-05,ny_or_break,AUDUSD,2014-09-11 13:00:00+00:00,2014-09-11 13:15:00+00:00,2014-09-11 13:15:00+00:00,-1,-1.0,SL,False
S2-05,ny_or_break,AUDUSD,2014-09-11 13:30:00+00:00,2014-09-11 13:45:00+00:00,2014-09-11 14:15:00+00:00,-1,-1.0000000000000286,SL,False
S2-05,ny_or_break,AUDUSD,2014-09-11 14:15:00+00:00,2014-09-11 14:30:00+00:00,2014-09-11 18:15:00+00:00,-1,0.2297443701650452,TIME,False
S2-05,ny_or_break,AUDUSD,2014-09-12 13:15:00+00:00,2014-09-12 13:30:00+00:00,2014-09-12 14:00:00+00:00,-1,-0.9999999999999796,SL,False
S2-05,ny_or_break,AUDUSD,2014-09-12 14:30:00+00:00,2014-09-12 14:45:00+00:00,2014-09-12 15:00:00+00:00,-1,-1.000000000000033,SL,False
S2-05,ny_or_break,AUDUSD,2014-09-12 15:00:00+00:00,2014-09-12 15:15:00+00:00,2014-09-12 15:30:00+00:00,-1,-1.0,SL,False
S2-05,ny_or_break,AUDUSD,2014-09-19 16:00:00+00:00,2014-09-19 16:15:00+00:00,2014-09-19 16:15:00+00:00,-1,-0.08405833982790704,FRIDAY,False
S2-05,ny_or_break,AUDUSD,2014-09-19 16:15:00+00:00,2014-09-19 16:30:00+00:00,2014-09-19 16:30:00+00:00,-1,-0.32670266533463166,FRIDAY,False
S2-05,ny_or_break,AUDUSD,2014-09-19 16:30:00+00:00,2014-09-19 16:45:00+00:00,2014-09-19 16:45:00+00:00,-1,-0.492724237683642,FRIDAY,False
S2-05,ny_or_break,AUDUSD,2014-09-22 12:45:00+00:00,2014-09-22 13:00:00+00:00,2014-09-22 13:45:00+00:00,-1,-1.0000000000000813,SL,False
S2-05,ny_or_break,AUDUSD,2014-09-22 14:15:00+00:00,2014-09-22 14:30:00+00:00,2014-09-22 14:30:00+00:00,-1,-0.9999999999999385,SL,False
S2-05,ny_or_break,AUDUSD,2014-09-22 16:00:00+00:00,2014-09-22 16:15:00+00:00,2014-09-22 16:30:00+00:00,-1,-1.0000000000000306,SL,False
S2-05,ny_or_break,AUDUSD,2014-09-22 16:45:00+00:00,2014-09-22 17:00:00+00:00,2014-09-22 19:00:00+00:00,-1,-0.9999999999999543,SL,False
S2-05,ny_or_break,AUDUSD,2014-09-23 13:15:00+00:00,2014-09-23 13:30:00+00:00,2014-09-23 13:30:00+00:00,-1,1.2500000000000322,TP,False
S2-05,ny_or_break,AUDUSD,2014-09-23 13:30:00+00:00,2014-09-23 13:45:00+00:00,2014-09-23 14:15:00+00:00,-1,1.25,TP,False
S2-05,ny_or_break,AUDUSD,2014-09-23 14:15:00+00:00,2014-09-23 14:30:00+00:00,2014-09-23 14:45:00+00:00,-1,1.2499999999999734,TP,False
S2-05,ny_or_break,AUDUSD,2014-09-23 14:45:00+00:00,2014-09-23 15:00:00+00:00,2014-09-23 18:45:00+00:00,-1,0.3571038610118657,TIME,False
S2-05,ny_or_break,AUDUSD,2014-09-24 14:00:00+00:00,2014-09-24 14:15:00+00:00,2014-09-24 14:15:00+00:00,-1,1.2500000000000344,TP,False
S2-05,ny_or_break,AUDUSD,2014-09-24 14:15:00+00:00,2014-09-24 14:30:00+00:00,2014-09-24 14:30:00+00:00,-1,-1.000000000000048,SL,False
S2-05,ny_or_break,AUDUSD,2014-09-25 13:15:00+00:00,2014-09-25 13:30:00+00:00,2014-09-25 13:45:00+00:00,-1,-1.0,SL,False
S2-05,ny_or_break,AUDUSD,2014-09-25 15:30:00+00:00,2014-09-25 15:45:00+00:00,2014-09-25 19:30:00+00:00,-1,-0.007109047714042183,TIME,False
S2-05,ny_or_break,AUDUSD,2014-09-26 15:45:00+00:00,2014-09-26 16:00:00+00:00,2014-09-26 16:00:00+00:00,-1,-0.43238765637540405,FRIDAY,False
S2-05,ny_or_break,AUDUSD,2014-09-26 16:30:00+00:00,2014-09-26 16:45:00+00:00,2014-09-26 16:45:00+00:00,-1,-0.209206386893809,FRIDAY,False
S2-05,ny_or_break,AUDUSD,2014-09-26 16:45:00+00:00,2014-09-26 17:00:00+00:00,2014-09-26 17:00:00+00:00,-1,-0.4968136284500947,FRIDAY,False
S2-05,ny_or_break,AUDUSD,2014-10-03 14:00:00+00:00,2014-10-03 14:15:00+00:00,2014-10-03 14:15:00+00:00,-1,1.2499999999999787,TP,False
S2-05,ny_or_break,AUDUSD,2014-10-03 14:15:00+00:00,2014-10-03 14:30:00+00:00,2014-10-03 15:00:00+00:00,-1,-0.9999999999999905,SL,False
S2-05,ny_or_break,AUDUSD,2014-10-03 15:00:00+00:00,2014-10-03 15:15:00+00:00,2014-10-03 16:00:00+00:00,-1,-0.3773661344173896,FRIDAY,False
S2-05,ny_or_break,AUDUSD,2014-10-03 16:00:00+00:00,2014-10-03 16:15:00+00:00,2014-10-03 16:15:00+00:00,-1,0.126852349482679,FRIDAY,False
S2-05,ny_or_break,AUDUSD,2014-10-03 16:15:00+00:00,2014-10-03 16:30:00+00:00,2014-10-03 16:30:00+00:00,-1,-0.08056621510802263,FRIDAY,False
S2-05,ny_or_break,AUDUSD,2014-10-03 16:30:00+00:00,2014-10-03 16:45:00+00:00,2014-10-03 16:45:00+00:00,-1,-0.21656975447258453,FRIDAY,False
S2-05,ny_or_break,AUDUSD,2014-10-03 16:45:00+00:00,2014-10-03 17:00:00+00:00,2014-10-03 17:00:00+00:00,-1,-0.22876216444925015,FRIDAY,False
S2-05,ny_or_break,AUDUSD,2014-10-07 12:30:00+00:00,2014-10-07 12:45:00+00:00,2014-10-07 12:45:00+00:00,1,-0.9999999999999851,SL,False
S2-05,ny_or_break,AUDUSD,2014-10-07 13:00:00+00:00,2014-10-07 13:15:00+00:00,2014-10-07 13:15:00+00:00,1,1.2499999999999851,TP,False
S2-05,ny_or_break,AUDUSD,2014-10-07 13:15:00+00:00,2014-10-07 13:30:00+00:00,2014-10-07 14:15:00+00:00,1,-1.0,SL,False
S2-05,ny_or_break,AUDUSD,2014-10-07 14:30:00+00:00,2014-10-07 14:45:00+00:00,2014-10-07 17:00:00+00:00,1,-1.0000000000000124,SL,False
S2-05,ny_or_break,AUDUSD,2014-10-10 12:15:00+00:00,2014-10-10 12:30:00+00:00,2014-10-10 12:45:00+00:00,-1,-0.9999999999999845,SL,False
S2-05,ny_or_break,AUDUSD,2014-10-10 12:45:00+00:00,2014-10-10 13:00:00+00:00,2014-10-10 13:00:00+00:00,-1,-1.0000000000000444,SL,False
S2-05,ny_or_break,AUDUSD,2014-10-10 14:15:00+00:00,2014-10-10 14:30:00+00:00,2014-10-10 14:45:00+00:00,-1,-0.999999999999962,SL,False
S2-05,ny_or_break,AUDUSD,2014-10-15 15:00:00+00:00,2014-10-15 15:15:00+00:00,2014-10-15 17:00:00+00:00,1,-0.9999999999999873,SL,False
S2-05,ny_or_break,AUDUSD,2014-10-20 13:30:00+00:00,2014-10-20 13:45:00+00:00,2014-10-20 14:00:00+00:00,1,1.249999999999959,TP,False
S2-05,ny_or_break,AUDUSD,2014-10-20 14:00:00+00:00,2014-10-20 14:15:00+00:00,2014-10-20 14:45:00+00:00,1,-0.9999999999999811,SL,False
S2-05,ny_or_break,AUDUSD,2014-10-20 14:45:00+00:00,2014-10-20 15:00:00+00:00,2014-10-20 16:45:00+00:00,1,1.2500000000000195,TP,False
S2-05,ny_or_break,AUDUSD,2014-10-20 16:45:00+00:00,2014-10-20 17:00:00+00:00,2014-10-20 19:00:00+00:00,1,1.250000000000046,TP,False
S2-05,ny_or_break,AUDUSD,2014-10-21 12:15:00+00:00,2014-10-21 12:30:00+00:00,2014-10-21 12:30:00+00:00,1,1.25,TP,False
S2-05,ny_or_break,AUDUSD,2014-10-21 12:30:00+00:00,2014-10-21 12:45:00+00:00,2014-10-21 13:00:00+00:00,1,-1.0000000000000449,SL,False
S2-05,ny_or_break,AUDUSD,2014-10-22 15:00:00+00:00,2014-10-22 15:15:00+00:00,2014-10-22 15:30:00+00:00,1,-0.9999999999999862,SL,False
S2-05,ny_or_break,AUDUSD,2014-10-23 14:00:00+00:00,2014-10-23 14:15:00+00:00,2014-10-23 15:15:00+00:00,-1,-1.0,SL,False
S2-05,ny_or_break,AUDUSD,2014-10-23 16:15:00+00:00,2014-10-23 16:30:00+00:00,2014-10-23 20:15:00+00:00,-1,0.4736330269473288,TIME,False
S2-05,ny_or_break,AUDUSD,2014-10-24 14:00:00+00:00,2014-10-24 14:15:00+00:00,2014-10-24 14:30:00+00:00,1,-0.9999999999999835,SL,False
S2-05,ny_or_break,AUDUSD,2014-10-24 14:30:00+00:00,2014-10-24 14:45:00+00:00,2014-10-24 14:45:00+00:00,1,-0.9999999999999845,SL,False
S2-05,ny_or_break,AUDUSD,2014-10-24 14:45:00+00:00,2014-10-24 15:00:00+00:00,2014-10-24 15:45:00+00:00,1,1.250000000000044,TP,False
S2-05,ny_or_break,AUDUSD,2014-10-24 15:45:00+00:00,2014-10-24 16:00:00+00:00,2014-10-24 16:00:00+00:00,1,-0.49109259695836094,FRIDAY,False
S2-05,ny_or_break,AUDUSD,2014-10-24 16:00:00+00:00,2014-10-24 16:15:00+00:00,2014-10-24 16:15:00+00:00,1,-0.1726164782381088,FRIDAY,False
S2-05,ny_or_break,AUDUSD,2014-10-24 16:15:00+00:00,2014-10-24 16:30:00+00:00,2014-10-24 16:30:00+00:00,1,0.24236259551362374,FRIDAY,False
S2-05,ny_or_break,AUDUSD,2014-10-24 16:30:00+00:00,2014-10-24 16:45:00+00:00,2014-10-24 16:45:00+00:00,1,-1.309002897996879,FRIDAY,False
S2-05,ny_or_break,AUDUSD,2014-10-24 16:45:00+00:00,2014-10-24 17:00:00+00:00,2014-10-24 17:00:00+00:00,1,0.12039955513871164,FRIDAY,False
S2-05,ny_or_break,AUDUSD,2014-10-28 12:30:00+00:00,2014-10-28 12:45:00+00:00,2014-10-28 13:00:00+00:00,1,1.2499999999999476,TP,False
S2-05,ny_or_break,AUDUSD,2014-10-28 13:00:00+00:00,2014-10-28 13:15:00+00:00,2014-10-28 13:15:00+00:00,1,-0.9999999999999685,SL,False
S2-05,ny_or_break,AUDUSD,2014-10-28 13:15:00+00:00,2014-10-28 13:30:00+00:00,2014-10-28 13:30:00+00:00,1,-1.0000000000000435,SL,False
S2-05,ny_or_break,AUDUSD,2014-10-28 13:30:00+00:00,2014-10-28 13:45:00+00:00,2014-10-28 14:00:00+00:00,1,-1.0000000000000138,SL,False
S2-05,ny_or_break,AUDUSD,2014-10-28 14:00:00+00:00,2014-10-28 14:15:00+00:00,2014-10-28 18:00:00+00:00,1,0.5623911655444624,TIME,False
S2-05,ny_or_break,AUDUSD,2014-10-29 12:00:00+00:00,2014-10-29 12:15:00+00:00,2014-10-29 13:00:00+00:00,1,-1.0000000000000882,SL,False
S2-05,ny_or_break,AUDUSD,2014-10-29 13:15:00+00:00,2014-10-29 13:30:00+00:00,2014-10-29 13:30:00+00:00,1,-1.000000000000081,SL,False
S2-05,ny_or_break,AUDUSD,2014-10-29 13:30:00+00:00,2014-10-29 13:45:00+00:00,2014-10-29 13:45:00+00:00,1,-1.000000000000078,SL,False
S2-05,ny_or_break,AUDUSD,2014-10-29 13:45:00+00:00,2014-10-29 14:00:00+00:00,2014-10-29 14:15:00+00:00,1,1.2500000000000258,TP,False
S2-05,ny_or_break,AUDUSD,2014-10-29 14:15:00+00:00,2014-10-29 14:30:00+00:00,2014-10-29 14:30:00+00:00,1,1.249999999999977,TP,False
S2-05,ny_or_break,AUDUSD,2014-10-29 14:30:00+00:00,2014-10-29 14:45:00+00:00,2014-10-29 15:00:00+00:00,1,-0.9999999999999777,SL,False
S2-05,ny_or_break,AUDUSD,2014-10-29 15:00:00+00:00,2014-10-29 15:15:00+00:00,2014-10-29 17:15:00+00:00,1,-1.0,SL,False
S2-05,ny_or_break,AUDUSD,2014-10-31 13:15:00+00:00,2014-10-31 13:30:00+00:00,2014-10-31 13:30:00+00:00,-1,-0.9999999999999766,SL,False
S2-05,ny_or_break,AUDUSD,2014-10-31 13:30:00+00:00,2014-10-31 13:45:00+00:00,2014-10-31 14:30:00+00:00,-1,1.25,TP,False
S2-05,ny_or_break,AUDUSD,2014-10-31 14:30:00+00:00,2014-10-31 14:45:00+00:00,2014-10-31 15:15:00+00:00,-1,-0.9999999999999777,SL,False
S2-05,ny_or_break,AUDUSD,2014-11-03 13:00:00+00:00,2014-11-03 13:15:00+00:00,2014-11-03 13:15:00+00:00,-1,-1.0,SL,False
S2-05,ny_or_break,AUDUSD,2014-11-03 14:15:00+00:00,2014-11-03 14:30:00+00:00,2014-11-03 15:00:00+00:00,-1,1.2500000000000397,TP,False
S2-05,ny_or_break,AUDUSD,2014-11-03 15:00:00+00:00,2014-11-03 15:15:00+00:00,2014-11-03 15:15:00+00:00,-1,-1.00000000000004,SL,False
S2-05,ny_or_break,AUDUSD,2014-11-03 15:30:00+00:00,2014-11-03 15:45:00+00:00,2014-11-03 17:00:00+00:00,-1,1.2499999999999476,TP,False
S2-05,ny_or_break,AUDUSD,2014-11-05 12:45:00+00:00,2014-11-05 13:00:00+00:00,2014-11-05 13:15:00+00:00,-1,-0.999999999999988,SL,False
S2-05,ny_or_break,AUDUSD,2014-11-05 14:00:00+00:00,2014-11-05 14:15:00+00:00,2014-11-05 14:15:00+00:00,-1,1.2499999999999865,TP,False
S2-05,ny_or_break,AUDUSD,2014-11-05 14:15:00+00:00,2014-11-05 14:30:00+00:00,2014-11-05 15:00:00+00:00,-1,1.250000000000025,TP,False
S2-05,ny_or_break,AUDUSD,2014-11-05 15:00:00+00:00,2014-11-05 15:15:00+00:00,2014-11-05 15:45:00+00:00,-1,-0.999999999999978,SL,False
S2-05,ny_or_break,AUDUSD,2014-11-05 15:45:00+00:00,2014-11-05 16:00:00+00:00,2014-11-05 17:30:00+00:00,-1,1.249999999999967,TP,False
S2-05,ny_or_break,AUDUSD,2014-11-06 14:00:00+00:00,2014-11-06 14:15:00+00:00,2014-11-06 14:30:00+00:00,-1,-1.0000000000000304,SL,False
S2-05,ny_or_break,AUDUSD,2014-11-06 16:00:00+00:00,2014-11-06 16:15:00+00:00,2014-11-06 17:45:00+00:00,-1,1.2500000000000104,TP,False
S2-05,ny_or_break,AUDUSD,2014-11-11 16:00:00+00:00,2014-11-11 16:15:00+00:00,2014-11-11 18:15:00+00:00,1,1.249999999999985,TP,False
S2-05,ny_or_break,AUDUSD,2014-11-12 15:00:00+00:00,2014-11-12 15:15:00+00:00,2014-11-12 15:30:00+00:00,1,1.2499999999999816,TP,False
S2-05,ny_or_break,AUDUSD,2014-11-12 15:30:00+00:00,2014-11-12 15:45:00+00:00,2014-11-12 15:45:00+00:00,1,-1.0000000000000544,SL,False
S2-05,ny_or_break,AUDUSD,2014-11-12 15:45:00+00:00,2014-11-12 16:00:00+00:00,2014-11-12 17:00:00+00:00,1,-1.0,SL,False
S2-05,ny_or_break,AUDUSD,2014-11-14 13:00:00+00:00,2014-11-14 13:15:00+00:00,2014-11-14 13:15:00+00:00,-1,-1.0,SL,False
S2-05,ny_or_break,AUDUSD,2014-11-14 13:30:00+00:00,2014-11-14 13:45:00+00:00,2014-11-14 14:15:00+00:00,-1,-0.999999999999971,SL,False
S2-05,ny_or_break,AUDUSD,2014-11-14 14:15:00+00:00,2014-11-14 14:30:00+00:00,2014-11-14 15:00:00+00:00,-1,-0.9999999999999716,SL,False
S2-05,ny_or_break,AUDUSD,2014-11-19 15:00:00+00:00,2014-11-19 15:15:00+00:00,2014-11-19 15:15:00+00:00,-1,-1.0000000000000555,SL,False
S2-05,ny_or_break,AUDUSD,2014-11-19 15:15:00+00:00,2014-11-19 15:30:00+00:00,2014-11-19 16:00:00+00:00,-1,-1.000000000000018,SL,False
S2-05,ny_or_break,AUDUSD,2014-11-24 15:00:00+00:00,2014-11-24 15:15:00+00:00,2014-11-24 15:15:00+00:00,-1,-0.9999999999999365,SL,False
S2-05,ny_or_break,AUDUSD,2014-11-24 15:15:00+00:00,2014-11-24 15:30:00+00:00,2014-11-24 15:45:00+00:00,-1,1.2500000000000406,TP,False
S2-05,ny_or_break,AUDUSD,2014-11-24 15:45:00+00:00,2014-11-24 16:00:00+00:00,2014-11-24 16:30:00+00:00,-1,-1.000000000000061,SL,False
S2-05,ny_or_break,AUDUSD,2014-11-24 16:30:00+00:00,2014-11-24 16:45:00+00:00,2014-11-24 17:00:00+00:00,-1,1.2500000000000433,TP,False
S2-05,ny_or_break,AUDUSD,2014-11-25 16:45:00+00:00,2014-11-25 17:00:00+00:00,2014-11-25 18:30:00+00:00,-1,-1.0000000000000357,SL,False
S2-05,ny_or_break,AUDUSD,2014-12-02 12:30:00+00:00,2014-12-02 12:45:00+00:00,2014-12-02 13:30:00+00:00,-1,-1.0000000000000344,SL,False
S2-05,ny_or_break,AUDUSD,2014-12-02 14:15:00+00:00,2014-12-02 14:30:00+00:00,2014-12-02 14:30:00+00:00,-1,-1.0000000000000517,SL,False
S2-05,ny_or_break,AUDUSD,2014-12-02 14:30:00+00:00,2014-12-02 14:45:00+00:00,2014-12-02 15:00:00+00:00,-1,-1.0000000000000326,SL,False
S2-05,ny_or_break,AUDUSD,2014-12-05 13:30:00+00:00,2014-12-05 13:45:00+00:00,2014-12-05 14:00:00+00:00,-1,-1.0000000000000158,SL,False
S2-05,ny_or_break,AUDUSD,2014-12-05 14:00:00+00:00,2014-12-05 14:15:00+00:00,2014-12-05 14:15:00+00:00,-1,-0.9999999999999724,SL,False
S2-05,ny_or_break,AUDUSD,2014-12-05 14:15:00+00:00,2014-12-05 14:30:00+00:00,2014-12-05 14:45:00+00:00,-1,1.2500000000000135,TP,False
S2-05,ny_or_break,AUDUSD,2014-12-05 14:45:00+00:00,2014-12-05 15:00:00+00:00,2014-12-05 15:00:00+00:00,-1,-0.9999999999999756,SL,False
S2-05,ny_or_break,AUDUSD,2014-12-05 15:00:00+00:00,2014-12-05 15:15:00+00:00,2014-12-05 16:00:00+00:00,-1,-0.23945613772407398,FRIDAY,False
S2-05,ny_or_break,AUDUSD,2014-12-05 16:00:00+00:00,2014-12-05 16:15:00+00:00,2014-12-05 16:15:00+00:00,-1,0.47337502593437863,FRIDAY,False
S2-05,ny_or_break,AUDUSD,2014-12-05 16:15:00+00:00,2014-12-05 16:30:00+00:00,2014-12-05 16:30:00+00:00,-1,-0.38215588310985293,FRIDAY,False
S2-05,ny_or_break,AUDUSD,2014-12-05 16:30:00+00:00,2014-12-05 16:45:00+00:00,2014-12-05 16:45:00+00:00,-1,-0.04131306264066017,FRIDAY,False
S2-05,ny_or_break,AUDUSD,2014-12-05 16:45:00+00:00,2014-12-05 17:00:00+00:00,2014-12-05 17:00:00+00:00,-1,0.2797084500032062,FRIDAY,False
S2-05,ny_or_break,AUDUSD,2014-12-10 13:00:00+00:00,2014-12-10 13:15:00+00:00,2014-12-10 13:30:00+00:00,1,-1.0,SL,False
S2-05,ny_or_break,AUDUSD,2014-12-12 14:00:00+00:00,2014-12-12 14:15:00+00:00,2014-12-12 15:00:00+00:00,-1,1.2500000000000375,TP,False
S2-05,ny_or_break,AUDUSD,2014-12-12 15:00:00+00:00,2014-12-12 15:15:00+00:00,2014-12-12 15:15:00+00:00,-1,1.25,TP,False
S2-05,ny_or_break,AUDUSD,2014-12-12 15:15:00+00:00,2014-12-12 15:30:00+00:00,2014-12-12 15:45:00+00:00,-1,-1.0,SL,False
S2-05,ny_or_break,AUDUSD,2014-12-12 15:45:00+00:00,2014-12-12 16:00:00+00:00,2014-12-12 16:00:00+00:00,-1,-2.147243451445009,FRIDAY,False
S2-05,ny_or_break,AUDUSD,2014-12-15 12:30:00+00:00,2014-12-15 12:45:00+00:00,2014-12-15 13:45:00+00:00,-1,-1.0000000000000173,SL,False
S2-05,ny_or_break,AUDUSD,2014-12-15 13:45:00+00:00,2014-12-15 14:00:00+00:00,2014-12-15 14:15:00+00:00,-1,1.2500000000000353,TP,False
S2-05,ny_or_break,AUDUSD,2014-12-15 14:15:00+00:00,2014-12-15 14:30:00+00:00,2014-12-15 15:15:00+00:00,-1,-1.000000000000036,SL,False
S2-05,ny_or_break,AUDUSD,2014-12-15 15:15:00+00:00,2014-12-15 15:30:00+00:00,2014-12-15 15:45:00+00:00,-1,1.25,TP,False
S2-05,ny_or_break,AUDUSD,2014-12-15 15:45:00+00:00,2014-12-15 16:00:00+00:00,2014-12-15 16:15:00+00:00,-1,-0.9999999999999513,SL,False
S2-05,ny_or_break,AUDUSD,2014-12-15 16:30:00+00:00,2014-12-15 16:45:00+00:00,2014-12-15 16:45:00+00:00,-1,-1.000000000000046,SL,False
S2-05,ny_or_break,AUDUSD,2014-12-16 15:15:00+00:00,2014-12-16 15:30:00+00:00,2014-12-16 17:15:00+00:00,-1,-1.0000000000000127,SL,False
S2-05,ny_or_break,AUDUSD,2014-12-19 15:45:00+00:00,2014-12-19 16:00:00+00:00,2014-12-19 16:00:00+00:00,-1,1.2598329520202296,FRIDAY,False
S2-05,ny_or_break,AUDUSD,2014-12-19 16:00:00+00:00,2014-12-19 16:15:00+00:00,2014-12-19 16:15:00+00:00,-1,0.18449090212791028,FRIDAY,False
S2-05,ny_or_break,AUDUSD,2014-12-19 16:15:00+00:00,2014-12-19 16:30:00+00:00,2014-12-19 16:30:00+00:00,-1,0.46043044580219655,FRIDAY,False
S2-05,ny_or_break,AUDUSD,2014-12-19 16:30:00+00:00,2014-12-19 16:45:00+00:00,2014-12-19 16:45:00+00:00,-1,-0.15625593677571337,FRIDAY,False
S2-05,ny_or_break,AUDUSD,2014-12-19 16:45:00+00:00,2014-12-19 17:00:00+00:00,2014-12-19 17:00:00+00:00,-1,-0.022684638198345913,FRIDAY,False
S2-05,ny_or_break,AUDUSD,2014-12-22 13:45:00+00:00,2014-12-22 14:00:00+00:00,2014-12-22 14:15:00+00:00,-1,-0.9999999999999751,SL,False
S2-05,ny_or_break,AUDUSD,2014-12-22 14:45:00+00:00,2014-12-22 15:00:00+00:00,2014-12-22 15:00:00+00:00,-1,-1.000000000000056,SL,False
S2-05,ny_or_break,AUDUSD,2014-12-23 14:15:00+00:00,2014-12-23 14:30:00+00:00,2014-12-23 16:00:00+00:00,-1,1.2500000000000373,TP,False
S2-05,ny_or_break,AUDUSD,2014-12-23 16:00:00+00:00,2014-12-23 16:15:00+00:00,2014-12-23 17:30:00+00:00,-1,-1.0000000000000169,SL,False
S2-05,ny_or_break,AUDUSD,2014-12-26 12:00:00+00:00,2014-12-26 12:15:00+00:00,2014-12-26 12:15:00+00:00,1,-1.0000000000001485,SL,False
S2-05,ny_or_break,AUDUSD,2014-12-30 13:15:00+00:00,2014-12-30 13:30:00+00:00,2014-12-30 14:00:00+00:00,1,1.25,TP,False
S2-05,ny_or_break,AUDUSD,2014-12-30 14:00:00+00:00,2014-12-30 14:15:00+00:00,2014-12-30 16:00:00+00:00,1,1.2500000000000235,TP,False
S2-05,ny_or_break,AUDUSD,2014-12-30 16:00:00+00:00,2014-12-30 16:15:00+00:00,2014-12-30 17:15:00+00:00,1,-0.9999999999999606,SL,False
S2-05,ny_or_break,AUDUSD,2014-12-31 12:00:00+00:00,2014-12-31 12:15:00+00:00,2014-12-31 12:15:00+00:00,1,-1.0,SL,False
S2-05,ny_or_break,AUDUSD,2015-01-02 12:00:00+00:00,2015-01-02 12:15:00+00:00,2015-01-02 15:00:00+00:00,-1,-0.9999999999999791,SL,False
S2-05,ny_or_break,AUDUSD,2015-01-07 13:15:00+00:00,2015-01-07 13:30:00+00:00,2015-01-07 13:30:00+00:00,-1,-1.000000000000051,SL,False
S2-05,ny_or_break,AUDUSD,2015-01-07 13:45:00+00:00,2015-01-07 14:00:00+00:00,2015-01-07 15:30:00+00:00,-1,1.2500000000000477,TP,False
S2-05,ny_or_break,AUDUSD,2015-01-07 15:30:00+00:00,2015-01-07 15:45:00+00:00,2015-01-07 16:00:00+00:00,-1,-0.9999999999999677,SL,False
S2-05,ny_or_break,AUDUSD,2015-01-07 16:00:00+00:00,2015-01-07 16:15:00+00:00,2015-01-07 18:15:00+00:00,-1,-1.0000000000000306,SL,False
S2-05,ny_or_break,AUDUSD,2015-01-08 16:15:00+00:00,2015-01-08 16:30:00+00:00,2015-01-08 18:30:00+00:00,1,-0.9999999999999833,SL,False
S2-05,ny_or_break,AUDUSD,2015-01-09 13:15:00+00:00,2015-01-09 13:30:00+00:00,2015-01-09 13:30:00+00:00,1,-1.0,SL,True
S2-05,ny_or_break,AUDUSD,2015-01-09 13:45:00+00:00,2015-01-09 14:00:00+00:00,2015-01-09 14:15:00+00:00,1,1.25,TP,False
S2-05,ny_or_break,AUDUSD,2015-01-09 14:15:00+00:00,2015-01-09 14:30:00+00:00,2015-01-09 15:00:00+00:00,1,1.25,TP,False
S2-05,ny_or_break,AUDUSD,2015-01-09 15:00:00+00:00,2015-01-09 15:15:00+00:00,2015-01-09 16:00:00+00:00,1,0.9699455874851216,FRIDAY,False
S2-05,ny_or_break,AUDUSD,2015-01-09 16:00:00+00:00,2015-01-09 16:15:00+00:00,2015-01-09 16:15:00+00:00,1,-0.18799742798216662,FRIDAY,False
S2-05,ny_or_break,AUDUSD,2015-01-09 16:15:00+00:00,2015-01-09 16:30:00+00:00,2015-01-09 16:30:00+00:00,1,-0.29760657183056205,FRIDAY,False
S2-05,ny_or_break,AUDUSD,2015-01-09 16:30:00+00:00,2015-01-09 16:45:00+00:00,2015-01-09 16:45:00+00:00,1,-0.2353775402718187,FRIDAY,False
S2-05,ny_or_break,AUDUSD,2015-01-09 16:45:00+00:00,2015-01-09 17:00:00+00:00,2015-01-09 17:00:00+00:00,1,0.25008635578583766,FRIDAY,False
S2-05,ny_or_break,AUDUSD,2015-01-15 12:30:00+00:00,2015-01-15 12:45:00+00:00,2015-01-15 13:00:00+00:00,1,1.2500000000000118,TP,False
S2-05,ny_or_break,AUDUSD,2015-01-15 13:00:00+00:00,2015-01-15 13:15:00+00:00,2015-01-15 13:30:00+00:00,1,-1.0000000000000184,SL,False
S2-05,ny_or_break,AUDUSD,2015-01-15 13:30:00+00:00,2015-01-15 13:45:00+00:00,2015-01-15 14:00:00+00:00,1,-0.999999999999993,SL,False
S2-05,ny_or_break,AUDUSD,2015-01-20 15:15:00+00:00,2015-01-20 15:30:00+00:00,2015-01-20 15:45:00+00:00,-1,-0.9999999999999826,SL,False
S2-05,ny_or_break,AUDUSD,2015-01-20 15:45:00+00:00,2015-01-20 16:00:00+00:00,2015-01-20 19:45:00+00:00,-1,0.08681027233326864,TIME,False
S2-05,ny_or_break,AUDUSD,2015-01-23 12:15:00+00:00,2015-01-23 12:30:00+00:00,2015-01-23 12:30:00+00:00,-1,1.2499999999999631,TP,False
S2-05,ny_or_break,AUDUSD,2015-01-23 12:30:00+00:00,2015-01-23 12:45:00+00:00,2015-01-23 12:45:00+00:00,-1,1.2499999999999774,TP,False
S2-05,ny_or_break,AUDUSD,2015-01-23 12:45:00+00:00,2015-01-23 13:00:00+00:00,2015-01-23 13:00:00+00:00,-1,-0.9999999999999795,SL,False
S2-05,ny_or_break,AUDUSD,2015-01-23 13:00:00+00:00,2015-01-23 13:15:00+00:00,2015-01-23 13:30:00+00:00,-1,-0.9999999999999902,SL,False
S2-05,ny_or_break,AUDUSD,2015-01-23 13:30:00+00:00,2015-01-23 13:45:00+00:00,2015-01-23 15:30:00+00:00,-1,-0.9999999999999913,SL,False
S2-05,ny_or_break,AUDUSD,2015-01-23 15:30:00+00:00,2015-01-23 15:45:00+00:00,2015-01-23 16:00:00+00:00,-1,-0.687175866420395,FRIDAY,False
S2-05,ny_or_break,AUDUSD,2015-01-23 16:00:00+00:00,2015-01-23 16:15:00+00:00,2015-01-23 16:15:00+00:00,-1,-0.02557035876001393,FRIDAY,False
S2-05,ny_or_break,AUDUSD,2015-01-23 16:15:00+00:00,2015-01-23 16:30:00+00:00,2015-01-23 16:30:00+00:00,-1,0.15347645218199374,FRIDAY,False
S2-05,ny_or_break,AUDUSD,2015-01-23 16:30:00+00:00,2015-01-23 16:45:00+00:00,2015-01-23 16:45:00+00:00,-1,0.45334933222036733,FRIDAY,False
S2-05,ny_or_break,AUDUSD,2015-01-23 16:45:00+00:00,2015-01-23 17:00:00+00:00,2015-01-23 17:00:00+00:00,-1,-0.06298832576322268,FRIDAY,False
S2-05,ny_or_break,AUDUSD,2015-01-29 12:45:00+00:00,2015-01-29 13:00:00+00:00,2015-01-29 13:15:00+00:00,-1,-0.9999999999999639,SL,False
S2-05,ny_or_break,AUDUSD,2015-01-29 16:15:00+00:00,2015-01-29 16:30:00+00:00,2015-01-29 17:00:00+00:00,-1,1.2500000000000233,TP,False
S2-05,ny_or_break,AUDUSD,2015-02-06 12:30:00+00:00,2015-02-06 12:45:00+00:00,2015-02-06 13:00:00+00:00,1,-0.9999999999999669,SL,False
S2-05,ny_or_break,AUDUSD,2015-02-06 13:00:00+00:00,2015-02-06 13:15:00+00:00,2015-02-06 13:15:00+00:00,1,1.2500000000000164,TP,False
S2-05,ny_or_break,AUDUSD,2015-02-06 13:15:00+00:00,2015-02-06 13:30:00+00:00,2015-02-06 13:30:00+00:00,1,-1.0000000000000462,SL,False
S2-05,ny_or_break,AUDUSD,2015-02-09 16:00:00+00:00,2015-02-09 16:15:00+00:00,2015-02-09 16:30:00+00:00,1,-1.0000000000000346,SL,False
S2-05,ny_or_break,AUDUSD,2015-02-09 16:30:00+00:00,2015-02-09 16:45:00+00:00,2015-02-09 20:15:00+00:00,1,-1.0000000000000338,SL,False
S2-05,ny_or_break,AUDUSD,2015-02-10 15:15:00+00:00,2015-02-10 15:30:00+00:00,2015-02-10 15:45:00+00:00,-1,-1.0000000000000417,SL,False
S2-05,ny_or_break,AUDUSD,2015-02-11 14:45:00+00:00,2015-02-11 15:00:00+00:00,2015-02-11 16:00:00+00:00,-1,-0.9999999999999868,SL,False
S2-05,ny_or_break,AUDUSD,2015-02-11 16:30:00+00:00,2015-02-11 16:45:00+00:00,2015-02-11 20:30:00+00:00,-1,-0.4557762856326931,TIME,False
S2-05,ny_or_break,AUDUSD,2015-02-17 12:45:00+00:00,2015-02-17 13:00:00+00:00,2015-02-17 13:00:00+00:00,1,-0.999999999999967,SL,False
S2-05,ny_or_break,AUDUSD,2015-02-27 14:45:00+00:00,2015-02-27 15:00:00+00:00,2015-02-27 15:00:00+00:00,-1,-1.0000000000000555,SL,False
S2-05,ny_or_break,AUDUSD,2015-03-03 14:45:00+00:00,2015-03-03 15:00:00+00:00,2015-03-03 15:30:00+00:00,1,-1.0,SL,False
S2-05,ny_or_break,AUDUSD,2015-03-03 16:30:00+00:00,2015-03-03 16:45:00+00:00,2015-03-03 17:15:00+00:00,1,-1.0000000000000626,SL,False
S2-05,ny_or_break,AUDUSD,2015-03-04 12:15:00+00:00,2015-03-04 12:30:00+00:00,2015-03-04 12:30:00+00:00,1,-1.0,SL,False
S2-05,ny_or_break,AUDUSD,2015-03-04 12:30:00+00:00,2015-03-04 12:45:00+00:00,2015-03-04 13:15:00+00:00,1,1.2499999999999467,TP,False
S2-05,ny_or_break,AUDUSD,2015-03-04 13:15:00+00:00,2015-03-04 13:30:00+00:00,2015-03-04 14:00:00+00:00,1,-1.0000000000000453,SL,False
S2-05,ny_or_break,AUDUSD,2015-03-04 14:00:00+00:00,2015-03-04 14:15:00+00:00,2015-03-04 14:30:00+00:00,1,-0.9999999999999596,SL,False
S2-05,ny_or_break,AUDUSD,2015-03-05 13:00:00+00:00,2015-03-05 13:15:00+00:00,2015-03-05 13:30:00+00:00,-1,-1.0,SL,False
S2-05,ny_or_break,AUDUSD,2015-03-05 13:30:00+00:00,2015-03-05 13:45:00+00:00,2015-03-05 14:15:00+00:00,-1,-1.0000000000000209,SL,False
S2-05,ny_or_break,AUDUSD,2015-03-05 14:15:00+00:00,2015-03-05 14:30:00+00:00,2015-03-05 15:00:00+00:00,-1,1.2500000000000546,TP,False
S2-05,ny_or_break,AUDUSD,2015-03-05 15:00:00+00:00,2015-03-05 15:15:00+00:00,2015-03-05 16:45:00+00:00,-1,1.2499999999999847,TP,False
S2-05,ny_or_break,AUDUSD,2015-03-05 16:45:00+00:00,2015-03-05 17:00:00+00:00,2015-03-05 19:15:00+00:00,-1,-1.0000000000000147,SL,False
S2-05,ny_or_break,AUDUSD,2015-03-06 14:00:00+00:00,2015-03-06 14:15:00+00:00,2015-03-06 14:15:00+00:00,-1,1.2500000000000313,TP,False
S2-05,ny_or_break,AUDUSD,2015-03-06 14:15:00+00:00,2015-03-06 14:30:00+00:00,2015-03-06 14:45:00+00:00,-1,1.2499999999999905,TP,False
S2-05,ny_or_break,AUDUSD,2015-03-06 14:45:00+00:00,2015-03-06 15:00:00+00:00,2015-03-06 15:15:00+00:00,-1,-1.0000000000000167,SL,False
S2-05,ny_or_break,AUDUSD,2015-03-06 15:15:00+00:00,2015-03-06 15:30:00+00:00,2015-03-06 16:00:00+00:00,-1,0.19409718162797165,FRIDAY,False
S2-05,ny_or_break,AUDUSD,2015-03-06 16:00:00+00:00,2015-03-06 16:15:00+00:00,2015-03-06 16:15:00+00:00,-1,0.14810684279386496,FRIDAY,False
S2-05,ny_or_break,AUDUSD,2015-03-06 16:15:00+00:00,2015-03-06 16:30:00+00:00,2015-03-06 16:30:00+00:00,-1,0.1657350948509485,FRIDAY,False
S2-05,ny_or_break,AUDUSD,2015-03-06 16:30:00+00:00,2015-03-06 16:45:00+00:00,2015-03-06 16:45:00+00:00,-1,0.7441770146660535,FRIDAY,False
S2-05,ny_or_break,AUDUSD,2015-03-06 16:45:00+00:00,2015-03-06 17:00:00+00:00,2015-03-06 17:00:00+00:00,-1,-0.04662757878774646,FRIDAY,False
S2-05,ny_or_break,AUDUSD,2015-03-09 16:15:00+00:00,2015-03-09 16:30:00+00:00,2015-03-09 18:45:00+00:00,-1,-0.9999999999999771,SL,False
S2-05,ny_or_break,AUDUSD,2015-03-11 14:30:00+00:00,2015-03-11 14:45:00+00:00,2015-03-11 14:45:00+00:00,-1,1.2499999999999587,TP,False
S2-05,ny_or_break,AUDUSD,2015-03-11 14:45:00+00:00,2015-03-11 15:00:00+00:00,2015-03-11 15:30:00+00:00,-1,-1.0000000000000127,SL,False
S2-05,ny_or_break,AUDUSD,2015-03-11 15:30:00+00:00,2015-03-11 15:45:00+00:00,2015-03-11 17:30:00+00:00,-1,1.2499999999999754,TP,False
S2-05,ny_or_break,AUDUSD,2015-03-12 12:30:00+00:00,2015-03-12 12:45:00+00:00,2015-03-12 12:45:00+00:00,1,1.25,TP,False
S2-05,ny_or_break,AUDUSD,2015-03-12 12:45:00+00:00,2015-03-12 13:00:00+00:00,2015-03-12 13:45:00+00:00,1,-1.0000000000000224,SL,False
S2-05,ny_or_break,AUDUSD,2015-03-12 13:45:00+00:00,2015-03-12 14:00:00+00:00,2015-03-12 16:30:00+00:00,1,-0.9999999999999896,SL,False
S2-05,ny_or_break,AUDUSD,2015-03-17 13:15:00+00:00,2015-03-17 13:30:00+00:00,2015-03-17 15:45:00+00:00,-1,1.24999999999995,TP,False
S2-05,ny_or_break,AUDUSD,2015-03-17 15:45:00+00:00,2015-03-17 16:00:00+00:00,2015-03-17 18:15:00+00:00,-1,-1.000000000000035,SL,False
S2-05,ny_or_break,AUDUSD,2015-03-20 13:00:00+00:00,2015-03-20 13:15:00+00:00,2015-03-20 13:15:00+00:00,1,1.250000000000034,TP,False
S2-05,ny_or_break,AUDUSD,2015-03-20 13:15:00+00:00,2015-03-20 13:30:00+00:00,2015-03-20 13:30:00+00:00,1,-1.0000000000000429,SL,False
S2-05,ny_or_break,AUDUSD,2015-03-20 13:30:00+00:00,2015-03-20 13:45:00+00:00,2015-03-20 13:45:00+00:00,1,1.25,TP,False
S2-05,ny_or_break,AUDUSD,2015-03-20 13:45:00+00:00,2015-03-20 14:00:00+00:00,2015-03-20 15:45:00+00:00,1,1.2499999999999878,TP,False
S2-05,ny_or_break,AUDUSD,2015-03-20 15:45:00+00:00,2015-03-20 16:00:00+00:00,2015-03-20 16:00:00+00:00,1,0.2754056349871438,FRIDAY,False
S2-05,ny_or_break,AUDUSD,2015-03-20 16:00:00+00:00,2015-03-20 16:15:00+00:00,2015-03-20 16:15:00+00:00,1,0.3010555530786036,FRIDAY,False
S2-05,ny_or_break,AUDUSD,2015-03-20 16:15:00+00:00,2015-03-20 16:30:00+00:00,2015-03-20 16:30:00+00:00,1,0.8480516329950184,FRIDAY,False
S2-05,ny_or_break,AUDUSD,2015-03-20 16:30:00+00:00,2015-03-20 16:45:00+00:00,2015-03-20 16:45:00+00:00,1,-0.5390261684903375,FRIDAY,False
S2-05,ny_or_break,AUDUSD,2015-03-20 16:45:00+00:00,2015-03-20 17:00:00+00:00,2015-03-20 17:00:00+00:00,1,0.6191396266207149,FRIDAY,False
S2-05,ny_or_break,AUDUSD,2015-03-23 12:45:00+00:00,2015-03-23 13:00:00+00:00,2015-03-23 13:15:00+00:00,1,1.2500000000000253,TP,False
S2-05,ny_or_break,AUDUSD,2015-03-23 13:15:00+00:00,2015-03-23 13:30:00+00:00,2015-03-23 14:00:00+00:00,1,-0.9999999999999741,SL,False
S2-05,ny_or_break,AUDUSD,2015-03-23 14:00:00+00:00,2015-03-23 14:15:00+00:00,2015-03-23 15:00:00+00:00,1,-1.0000000000000253,SL,False
S2-05,ny_or_break,AUDUSD,2015-03-23 15:00:00+00:00,2015-03-23 15:15:00+00:00,2015-03-23 15:45:00+00:00,1,1.2499999999999654,TP,False
S2-05,ny_or_break,AUDUSD,2015-03-23 15:45:00+00:00,2015-03-23 16:00:00+00:00,2015-03-23 16:15:00+00:00,1,1.2499999999999891,TP,False
S2-05,ny_or_break,AUDUSD,2015-03-23 16:15:00+00:00,2015-03-23 16:30:00+00:00,2015-03-23 19:15:00+00:00,1,1.250000000000031,TP,False
S2-05,ny_or_break,AUDUSD,2015-03-24 12:30:00+00:00,2015-03-24 12:45:00+00:00,2015-03-24 13:00:00+00:00,1,-0.9999999999999779,SL,False
S2-05,ny_or_break,AUDUSD,2015-03-24 13:00:00+00:00,2015-03-24 13:15:00+00:00,2015-03-24 13:15:00+00:00,1,-1.0,SL,False
S2-05,ny_or_break,AUDUSD,2015-03-25 12:15:00+00:00,2015-03-25 12:30:00+00:00,2015-03-25 12:30:00+00:00,1,1.2499999999999682,TP,False
S2-05,ny_or_break,AUDUSD,2015-03-25 12:30:00+00:00,2015-03-25 12:45:00+00:00,2015-03-25 13:30:00+00:00,1,-1.000000000000015,SL,False
S2-05,ny_or_break,AUDUSD,2015-03-27 15:00:00+00:00,2015-03-27 15:15:00+00:00,2015-03-27 15:45:00+00:00,-1,1.25,TP,False
S2-05,ny_or_break,AUDUSD,2015-03-27 15:45:00+00:00,2015-03-27 16:00:00+00:00,2015-03-27 16:00:00+00:00,-1,-0.4627133518402436,FRIDAY,False
S2-05,ny_or_break,AUDUSD,2015-03-27 16:00:00+00:00,2015-03-27 16:15:00+00:00,2015-03-27 16:15:00+00:00,-1,-0.29737676814073516,FRIDAY,False
S2-05,ny_or_break,AUDUSD,2015-03-27 16:15:00+00:00,2015-03-27 16:30:00+00:00,2015-03-27 16:30:00+00:00,-1,-0.5297430041203824,FRIDAY,False
S2-05,ny_or_break,AUDUSD,2015-03-27 16:30:00+00:00,2015-03-27 16:45:00+00:00,2015-03-27 16:45:00+00:00,-1,-0.5384772135132381,FRIDAY,False
S2-05,ny_or_break,AUDUSD,2015-03-27 16:45:00+00:00,2015-03-27 17:00:00+00:00,2015-03-27 17:00:00+00:00,-1,0.30067963175631157,FRIDAY,False
S2-05,ny_or_break,AUDUSD,2015-03-30 13:00:00+00:00,2015-03-30 13:15:00+00:00,2015-03-30 13:30:00+00:00,-1,-0.999999999999968,SL,False
S2-05,ny_or_break,AUDUSD,2015-03-30 14:30:00+00:00,2015-03-30 14:45:00+00:00,2015-03-30 14:45:00+00:00,-1,1.249999999999984,TP,False
S2-05,ny_or_break,AUDUSD,2015-03-30 14:45:00+00:00,2015-03-30 15:00:00+00:00,2015-03-30 16:00:00+00:00,-1,-0.99999999999997,SL,False
S2-05,ny_or_break,AUDUSD,2015-03-30 16:00:00+00:00,2015-03-30 16:15:00+00:00,2015-03-30 18:15:00+00:00,-1,-1.0,SL,False
S2-05,ny_or_break,AUDUSD,2015-04-03 13:00:00+00:00,2015-04-03 13:15:00+00:00,2015-04-03 13:15:00+00:00,1,-0.9999999999999719,SL,False
S2-05,ny_or_break,AUDUSD,2015-04-03 13:15:00+00:00,2015-04-03 13:30:00+00:00,2015-04-03 16:00:00+00:00,1,-1.161301693611703,FRIDAY,False
S2-05,ny_or_break,AUDUSD,2015-04-03 16:00:00+00:00,2015-04-03 16:15:00+00:00,2015-04-03 16:15:00+00:00,1,0.16545760269036752,FRIDAY,False
S2-05,ny_or_break,AUDUSD,2015-04-03 16:15:00+00:00,2015-04-03 16:30:00+00:00,2015-04-03 16:30:00+00:00,1,-0.35281317087109754,FRIDAY,False
S2-05,ny_or_break,AUDUSD,2015-04-03 16:30:00+00:00,2015-04-03 16:45:00+00:00,2015-04-03 16:45:00+00:00,1,-0.5805484270926444,FRIDAY,False
S2-05,ny_or_break,AUDUSD,2015-04-03 16:45:00+00:00,2015-04-03 17:00:00+00:00,2015-04-03 17:00:00+00:00,1,-0.022287712382378304,FRIDAY,False
S2-05,ny_or_break,AUDUSD,2015-04-06 14:30:00+00:00,2015-04-06 14:45:00+00:00,2015-04-06 15:45:00+00:00,1,-0.999999999999967,SL,False
S2-05,ny_or_break,AUDUSD,2015-04-06 15:45:00+00:00,2015-04-06 16:00:00+00:00,2015-04-06 16:00:00+00:00,1,-1.0,SL,False
S2-05,ny_or_break,AUDUSD,2015-04-24 14:45:00+00:00,2015-04-24 15:00:00+00:00,2015-04-24 15:15:00+00:00,1,1.250000000000034,TP,False
S2-05,ny_or_break,AUDUSD,2015-04-24 15:15:00+00:00,2015-04-24 15:30:00+00:00,2015-04-24 16:00:00+00:00,1,-0.742418495439357,FRIDAY,False
S2-05,ny_or_break,AUDUSD,2015-04-24 16:00:00+00:00,2015-04-24 16:15:00+00:00,2015-04-24 16:15:00+00:00,1,-0.0559002834093396,FRIDAY,False
S2-05,ny_or_break,AUDUSD,2015-04-24 16:15:00+00:00,2015-04-24 16:30:00+00:00,2015-04-24 16:30:00+00:00,1,-0.08511995130205409,FRIDAY,False
S2-05,ny_or_break,AUDUSD,2015-04-24 16:30:00+00:00,2015-04-24 16:45:00+00:00,2015-04-24 16:45:00+00:00,1,-0.8407222531309696,FRIDAY,False
S2-05,ny_or_break,AUDUSD,2015-04-27 14:00:00+00:00,2015-04-27 14:15:00+00:00,2015-04-27 14:15:00+00:00,1,1.2499999999999778,TP,False
S2-05,ny_or_break,AUDUSD,2015-04-27 14:15:00+00:00,2015-04-27 14:30:00+00:00,2015-04-27 14:30:00+00:00,1,1.250000000000037,TP,False
S2-05,ny_or_break,AUDUSD,2015-04-27 14:30:00+00:00,2015-04-27 14:45:00+00:00,2015-04-27 15:00:00+00:00,1,1.2499999999999651,TP,False
S2-05,ny_or_break,AUDUSD,2015-04-27 15:00:00+00:00,2015-04-27 15:15:00+00:00,2015-04-27 18:00:00+00:00,1,-1.000000000000031,SL,False
S2-05,ny_or_break,AUDUSD,2015-04-28 13:30:00+00:00,2015-04-28 13:45:00+00:00,2015-04-28 14:30:00+00:00,1,1.2500000000000133,TP,False
S2-05,ny_or_break,AUDUSD,2015-04-28 14:30:00+00:00,2015-04-28 14:45:00+00:00,2015-04-28 15:00:00+00:00,1,1.2500000000000258,TP,False
S2-05,ny_or_break,AUDUSD,2015-04-28 15:00:00+00:00,2015-04-28 15:15:00+00:00,2015-04-28 17:45:00+00:00,1,1.249999999999961,TP,False
S2-05,ny_or_break,AUDUSD,2015-04-29 12:30:00+00:00,2015-04-29 12:45:00+00:00,2015-04-29 12:45:00+00:00,1,-1.0,SL,False
S2-05,ny_or_break,AUDUSD,2015-04-29 12:45:00+00:00,2015-04-29 13:00:00+00:00,2015-04-29 13:15:00+00:00,1,1.2500000000000273,TP,False
S2-05,ny_or_break,AUDUSD,2015-04-29 13:15:00+00:00,2015-04-29 13:30:00+00:00,2015-04-29 13:45:00+00:00,1,1.2499999999999871,TP,False
S2-05,ny_or_break,AUDUSD,2015-04-29 13:45:00+00:00,2015-04-29 14:00:00+00:00,2015-04-29 14:15:00+00:00,1,1.25,TP,False
S2-05,ny_or_break,AUDUSD,2015-04-29 14:15:00+00:00,2015-04-29 14:30:00+00:00,2015-04-29 17:00:00+00:00,1,-0.9999999999999696,SL,False
S2-05,ny_or_break,AUDUSD,2015-04-30 13:00:00+00:00,2015-04-30 13:15:00+00:00,2015-04-30 13:30:00+00:00,-1,1.2499999999999867,TP,False
S2-05,ny_or_break,AUDUSD,2015-04-30 13:30:00+00:00,2015-04-30 13:45:00+00:00,2015-04-30 13:45:00+00:00,-1,-1.0,SL,False
S2-05,ny_or_break,AUDUSD,2015-04-30 13:45:00+00:00,2015-04-30 14:00:00+00:00,2015-04-30 15:45:00+00:00,-1,1.249999999999988,TP,False
S2-05,ny_or_break,AUDUSD,2015-04-30 15:45:00+00:00,2015-04-30 16:00:00+00:00,2015-04-30 16:15:00+00:00,-1,-1.0,SL,False
S2-05,ny_or_break,AUDUSD,2015-04-30 16:15:00+00:00,2015-04-30 16:30:00+00:00,2015-04-30 16:45:00+00:00,-1,-0.9999999999999636,SL,False
S2-05,ny_or_break,AUDUSD,2015-04-30 16:45:00+00:00,2015-04-30 17:00:00+00:00,2015-04-30 18:45:00+00:00,-1,-0.9999999999999609,SL,False
S2-05,ny_or_break,AUDUSD,2015-05-01 12:30:00+00:00,2015-05-01 12:45:00+00:00,2015-05-01 12:45:00+00:00,-1,-0.9999999999999549,SL,False
S2-05,ny_or_break,AUDUSD,2015-05-01 12:45:00+00:00,2015-05-01 13:00:00+00:00,2015-05-01 13:45:00+00:00,-1,-0.9999999999999856,SL,False
S2-05,ny_or_break,AUDUSD,2015-05-01 13:45:00+00:00,2015-05-01 14:00:00+00:00,2015-05-01 14:00:00+00:00,-1,-0.9999999999999565,SL,True
S2-05,ny_or_break,AUDUSD,2015-05-01 14:00:00+00:00,2015-05-01 14:15:00+00:00,2015-05-01 14:30:00+00:00,-1,1.2499999999999873,TP,False
S2-05,ny_or_break,AUDUSD,2015-05-01 14:30:00+00:00,2015-05-01 14:45:00+00:00,2015-05-01 16:00:00+00:00,-1,0.8235010534026628,FRIDAY,False
S2-05,ny_or_break,AUDUSD,2015-05-01 16:00:00+00:00,2015-05-01 16:15:00+00:00,2015-05-01 16:15:00+00:00,-1,-0.8468368931248437,FRIDAY,False
S2-05,ny_or_break,AUDUSD,2015-05-01 16:15:00+00:00,2015-05-01 16:30:00+00:00,2015-05-01 16:30:00+00:00,-1,0.01382514289420081,FRIDAY,False
S2-05,ny_or_break,AUDUSD,2015-05-01 16:30:00+00:00,2015-05-01 16:45:00+00:00,2015-05-01 16:45:00+00:00,-1,0.1467702626700273,FRIDAY,False
S2-05,ny_or_break,AUDUSD,2015-05-01 16:45:00+00:00,2015-05-01 17:00:00+00:00,2015-05-01 17:00:00+00:00,-1,-0.46979324806293166,FRIDAY,False
S2-05,ny_or_break,AUDUSD,2015-05-05 12:30:00+00:00,2015-05-05 12:45:00+00:00,2015-05-05 12:45:00+00:00,1,1.2499999999999543,TP,False
S2-05,ny_or_break,AUDUSD,2015-05-05 12:45:00+00:00,2015-05-05 13:00:00+00:00,2015-05-05 13:30:00+00:00,1,-0.9999999999999585,SL,False
S2-05,ny_or_break,AUDUSD,2015-05-05 13:30:00+00:00,2015-05-05 13:45:00+00:00,2015-05-05 14:00:00+00:00,1,-1.0,SL,False
S2-05,ny_or_break,AUDUSD,2015-05-05 14:00:00+00:00,2015-05-05 14:15:00+00:00,2015-05-05 14:15:00+00:00,1,1.2500000000000357,TP,False
S2-05,ny_or_break,AUDUSD,2015-05-05 14:15:00+00:00,2015-05-05 14:30:00+00:00,2015-05-05 14:45:00+00:00,1,1.25,TP,False
S2-05,ny_or_break,AUDUSD,2015-05-05 14:45:00+00:00,2015-05-05 15:00:00+00:00,2015-05-05 18:45:00+00:00,1,0.13656985536469038,TIME,False
S2-05,ny_or_break,AUDUSD,2015-05-06 12:15:00+00:00,2015-05-06 12:30:00+00:00,2015-05-06 14:00:00+00:00,1,1.2500000000000346,TP,False
S2-05,ny_or_break,AUDUSD,2015-05-06 14:00:00+00:00,2015-05-06 14:15:00+00:00,2015-05-06 15:00:00+00:00,1,-1.000000000000032,SL,False
S2-05,ny_or_break,AUDUSD,2015-05-06 15:00:00+00:00,2015-05-06 15:15:00+00:00,2015-05-06 15:30:00+00:00,1,-1.0000000000000282,SL,False
S2-05,ny_or_break,AUDUSD,2015-05-06 15:30:00+00:00,2015-05-06 15:45:00+00:00,2015-05-06 16:00:00+00:00,1,-1.0,SL,False
S2-05,ny_or_break,AUDUSD,2015-05-08 12:30:00+00:00,2015-05-08 12:45:00+00:00,2015-05-08 12:45:00+00:00,-1,-0.9999999999999885,SL,False
S2-05,ny_or_break,AUDUSD,2015-05-13 12:30:00+00:00,2015-05-13 12:45:00+00:00,2015-05-13 13:45:00+00:00,1,1.249999999999974,TP,False
S2-05,ny_or_break,AUDUSD,2015-05-13 13:45:00+00:00,2015-05-13 14:00:00+00:00,2015-05-13 15:45:00+00:00,1,1.250000000000025,TP,False
S2-05,ny_or_break,AUDUSD,2015-05-13 15:45:00+00:00,2015-05-13 16:00:00+00:00,2015-05-13 18:30:00+00:00,1,-0.9999999999999788,SL,False
S2-05,ny_or_break,AUDUSD,2015-05-15 12:00:00+00:00,2015-05-15 12:15:00+00:00,2015-05-15 12:15:00+00:00,-1,-1.000000000000047,SL,False
S2-05,ny_or_break,AUDUSD,2015-05-15 12:45:00+00:00,2015-05-15 13:00:00+00:00,2015-05-15 13:00:00+00:00,-1,-1.000000000000061,SL,False
S2-05,ny_or_break,AUDUSD,2015-05-18 13:30:00+00:00,2015-05-18 13:45:00+00:00,2015-05-18 14:00:00+00:00,-1,-0.9999999999999649,SL,False
S2-05,ny_or_break,AUDUSD,2015-05-18 14:15:00+00:00,2015-05-18 14:30:00+00:00,2015-05-18 14:45:00+00:00,-1,-1.0,SL,False
S2-05,ny_or_break,AUDUSD,2015-05-19 12:30:00+00:00,2015-05-19 12:45:00+00:00,2015-05-19 12:45:00+00:00,-1,1.2500000000000528,TP,False
S2-05,ny_or_break,AUDUSD,2015-05-19 12:45:00+00:00,2015-05-19 13:00:00+00:00,2015-05-19 13:00:00+00:00,-1,-0.9999999999999836,SL,False
S2-05,ny_or_break,AUDUSD,2015-05-19 13:00:00+00:00,2015-05-19 13:15:00+00:00,2015-05-19 13:30:00+00:00,-1,-1.000000000000048,SL,False
S2-05,ny_or_break,AUDUSD,2015-05-19 13:30:00+00:00,2015-05-19 13:45:00+00:00,2015-05-19 14:15:00+00:00,-1,1.2500000000000153,TP,False
S2-05,ny_or_break,AUDUSD,2015-05-19 14:15:00+00:00,2015-05-19 14:30:00+00:00,2015-05-19 18:15:00+00:00,-1,0.008265397750171459,TIME,False
S2-05,ny_or_break,AUDUSD,2015-05-20 13:45:00+00:00,2015-05-20 14:00:00+00:00,2015-05-20 14:15:00+00:00,-1,1.2499999999999658,TP,False
S2-05,ny_or_break,AUDUSD,2015-05-20 14:15:00+00:00,2015-05-20 14:30:00+00:00,2015-05-20 15:00:00+00:00,-1,-1.0000000000000493,SL,False
S2-05,ny_or_break,AUDUSD,2015-05-20 15:00:00+00:00,2015-05-20 15:15:00+00:00,2015-05-20 15:30:00+00:00,-1,1.2499999999999525,TP,False
S2-05,ny_or_break,AUDUSD,2015-05-20 15:30:00+00:00,2015-05-20 15:45:00+00:00,2015-05-20 16:00:00+00:00,-1,-1.0000000000000482,SL,False
S2-05,ny_or_break,AUDUSD,2015-05-20 16:00:00+00:00,2015-05-20 16:15:00+00:00,2015-05-20 16:45:00+00:00,-1,-0.9999999999999499,SL,False
S2-05,ny_or_break,AUDUSD,2015-05-20 16:45:00+00:00,2015-05-20 17:00:00+00:00,2015-05-20 18:00:00+00:00,-1,-1.0000000000000362,SL,True
S2-05,ny_or_break,AUDUSD,2015-05-21 12:30:00+00:00,2015-05-21 12:45:00+00:00,2015-05-21 13:15:00+00:00,-1,-0.9999999999999589,SL,False
S2-05,ny_or_break,AUDUSD,2015-05-21 13:15:00+00:00,2015-05-21 13:30:00+00:00,2015-05-21 13:45:00+00:00,-1,-0.9999999999999799,SL,False
S2-05,ny_or_break,AUDUSD,2015-05-21 13:45:00+00:00,2015-05-21 14:00:00+00:00,2015-05-21 14:00:00+00:00,-1,-1.0,SL,False
S2-05,ny_or_break,AUDUSD,2015-05-21 14:15:00+00:00,2015-05-21 14:30:00+00:00,2015-05-21 15:15:00+00:00,-1,-0.9999999999999514,SL,False
S2-05,ny_or_break,AUDUSD,2015-05-22 12:30:00+00:00,2015-05-22 12:45:00+00:00,2015-05-22 13:00:00+00:00,-1,1.25,TP,False
S2-05,ny_or_break,AUDUSD,2015-05-22 13:00:00+00:00,2015-05-22 13:15:00+00:00,2015-05-22 16:00:00+00:00,-1,-0.1897749099309195,FRIDAY,False
S2-05,ny_or_break,AUDUSD,2015-05-22 16:00:00+00:00,2015-05-22 16:15:00+00:00,2015-05-22 16:15:00+00:00,-1,-0.28246364331724966,FRIDAY,False
S2-05,ny_or_break,AUDUSD,2015-05-22 16:15:00+00:00,2015-05-22 16:30:00+00:00,2015-05-22 16:30:00+00:00,-1,-0.45669613621480026,FRIDAY,False
S2-05,ny_or_break,AUDUSD,2015-05-22 16:30:00+00:00,2015-05-22 16:45:00+00:00,2015-05-22 16:45:00+00:00,-1,0.9421867673063995,FRIDAY,False
S2-05,ny_or_break,AUDUSD,2015-05-22 16:45:00+00:00,2015-05-22 17:00:00+00:00,2015-05-22 17:00:00+00:00,-1,-0.22826785299723032,FRIDAY,False
S2-05,ny_or_break,AUDUSD,2015-05-26 12:45:00+00:00,2015-05-26 13:00:00+00:00,2015-05-26 13:00:00+00:00,-1,-1.0,SL,False
S2-05,ny_or_break,AUDUSD,2015-05-26 13:00:00+00:00,2015-05-26 13:15:00+00:00,2015-05-26 14:00:00+00:00,-1,1.2500000000000309,TP,False
S2-05,ny_or_break,AUDUSD,2015-05-26 14:00:00+00:00,2015-05-26 14:15:00+00:00,2015-05-26 18:00:00+00:00,-1,0.3991889424236076,TIME,False
S2-05,ny_or_break,AUDUSD,2015-05-27 12:30:00+00:00,2015-05-27 12:45:00+00:00,2015-05-27 13:15:00+00:00,-1,-1.0,SL,False
S2-05,ny_or_break,AUDUSD,2015-05-28 13:15:00+00:00,2015-05-28 13:30:00+00:00,2015-05-28 14:00:00+00:00,-1,1.25,TP,False
S2-05,ny_or_break,AUDUSD,2015-05-28 14:30:00+00:00,2015-05-28 14:45:00+00:00,2015-05-28 15:00:00+00:00,-1,-1.0000000000000115,SL,False
S2-05,ny_or_break,AUDUSD,2015-05-28 15:00:00+00:00,2015-05-28 15:15:00+00:00,2015-05-28 16:45:00+00:00,-1,-1.000000000000035,SL,False
S2-05,ny_or_break,AUDUSD,2015-05-29 12:45:00+00:00,2015-05-29 13:00:00+00:00,2015-05-29 13:00:00+00:00,-1,-1.0000000000000542,SL,False
S2-05,ny_or_break,AUDUSD,2015-05-29 13:00:00+00:00,2015-05-29 13:15:00+00:00,2015-05-29 13:30:00+00:00,-1,-0.9999999999999478,SL,False
S2-05,ny_or_break,AUDUSD,2015-06-01 15:00:00+00:00,2015-06-01 15:15:00+00:00,2015-06-01 19:00:00+00:00,-1,0.052434456928838954,TIME,False
S2-05,ny_or_break,AUDUSD,2015-06-02 13:00:00+00:00,2015-06-02 13:15:00+00:00,2015-06-02 13:15:00+00:00,1,1.2500000000000384,TP,False
S2-05,ny_or_break,AUDUSD,2015-06-02 13:15:00+00:00,2015-06-02 13:30:00+00:00,2015-06-02 13:45:00+00:00,1,1.2500000000000118,TP,False
S2-05,ny_or_break,AUDUSD,2015-06-02 13:45:00+00:00,2015-06-02 14:00:00+00:00,2015-06-02 14:00:00+00:00,1,1.2499999999999887,TP,False
S2-05,ny_or_break,AUDUSD,2015-06-02 14:00:00+00:00,2015-06-02 14:15:00+00:00,2015-06-02 16:15:00+00:00,1,1.2499999999999796,TP,False
S2-05,ny_or_break,AUDUSD,2015-06-02 16:15:00+00:00,2015-06-02 16:30:00+00:00,2015-06-02 17:00:00+00:00,1,1.2499999999999893,TP,False
S2-05,ny_or_break,AUDUSD,2015-06-03 14:00:00+00:00,2015-06-03 14:15:00+00:00,2015-06-03 15:15:00+00:00,1,-1.0000000000000395,SL,False
S2-05,ny_or_break,AUDUSD,2015-06-03 15:15:00+00:00,2015-06-03 15:30:00+00:00,2015-06-03 16:15:00+00:00,1,-1.0000000000000375,SL,False
S2-05,ny_or_break,AUDUSD,2015-06-04 15:00:00+00:00,2015-06-04 15:15:00+00:00,2015-06-04 16:30:00+00:00,-1,-0.9999999999999607,SL,False
S2-05,ny_or_break,AUDUSD,2015-06-04 16:30:00+00:00,2015-06-04 16:45:00+00:00,2015-06-04 16:45:00+00:00,-1,-0.9999999999999856,SL,False
S2-05,ny_or_break,AUDUSD,2015-06-04 16:45:00+00:00,2015-06-04 17:00:00+00:00,2015-06-04 17:45:00+00:00,-1,1.249999999999951,TP,False
S2-05,ny_or_break,AUDUSD,2015-06-05 13:00:00+00:00,2015-06-05 13:15:00+00:00,2015-06-05 13:15:00+00:00,-1,1.2499999999999687,TP,False
S2-05,ny_or_break,AUDUSD,2015-06-05 13:15:00+00:00,2015-06-05 13:30:00+00:00,2015-06-05 13:45:00+00:00,-1,-1.0000000000000189,SL,False
S2-05,ny_or_break,AUDUSD,2015-06-05 13:45:00+00:00,2015-06-05 14:00:00+00:00,2015-06-05 14:00:00+00:00,-1,-1.0,SL,False
S2-05,ny_or_break,AUDUSD,2015-06-05 14:00:00+00:00,2015-06-05 14:15:00+00:00,2015-06-05 14:30:00+00:00,-1,-0.9999999999999919,SL,False
S2-05,ny_or_break,AUDUSD,2015-06-05 14:30:00+00:00,2015-06-05 14:45:00+00:00,2015-06-05 16:00:00+00:00,-1,0.5777647426133192,FRIDAY,False
S2-05,ny_or_break,AUDUSD,2015-06-05 16:00:00+00:00,2015-06-05 16:15:00+00:00,2015-06-05 16:15:00+00:00,-1,-0.04289222402288142,FRIDAY,False
S2-05,ny_or_break,AUDUSD,2015-06-05 16:15:00+00:00,2015-06-05 16:30:00+00:00,2015-06-05 16:30:00+00:00,-1,-0.11670884050012555,FRIDAY,False
S2-05,ny_or_break,AUDUSD,2015-06-05 16:30:00+00:00,2015-06-05 16:45:00+00:00,2015-06-05 16:45:00+00:00,-1,-0.3822214609916931,FRIDAY,False
S2-05,ny_or_break,AUDUSD,2015-06-05 16:45:00+00:00,2015-06-05 17:00:00+00:00,2015-06-05 17:00:00+00:00,-1,-0.28725512328492236,FRIDAY,False
S2-05,ny_or_break,AUDUSD,2015-06-15 13:00:00+00:00,2015-06-15 13:15:00+00:00,2015-06-15 13:15:00+00:00,1,1.2499999999999807,TP,False
S2-05,ny_or_break,AUDUSD,2015-06-15 13:15:00+00:00,2015-06-15 13:30:00+00:00,2015-06-15 15:15:00+00:00,1,-1.0000000000000506,SL,False
S2-05,ny_or_break,AUDUSD,2015-06-15 15:15:00+00:00,2015-06-15 15:30:00+00:00,2015-06-15 16:45:00+00:00,1,1.2500000000000162,TP,False
S2-05,ny_or_break,AUDUSD,2015-06-15 16:45:00+00:00,2015-06-15 17:00:00+00:00,2015-06-15 17:00:00+00:00,1,-1.0000000000000482,SL,False
S2-05,ny_or_break,AUDUSD,2015-06-16 13:00:00+00:00,2015-06-16 13:15:00+00:00,2015-06-16 14:00:00+00:00,1,1.2499999999999758,TP,False
S2-05,ny_or_break,AUDUSD,2015-06-16 14:00:00+00:00,2015-06-16 14:15:00+00:00,2015-06-16 14:15:00+00:00,1,-0.9999999999999762,SL,False
S2-05,ny_or_break,AUDUSD,2015-06-16 14:15:00+00:00,2015-06-16 14:30:00+00:00,2015-06-16 15:30:00+00:00,1,-0.9999999999999304,SL,False
S2-05,ny_or_break,AUDUSD,2015-06-16 15:30:00+00:00,2015-06-16 15:45:00+00:00,2015-06-16 17:15:00+00:00,1,-0.9999999999999762,SL,False
S2-05,ny_or_break,AUDUSD,2015-06-17 14:30:00+00:00,2015-06-17 14:45:00+00:00,2015-06-17 15:00:00+00:00,-1,-1.0000000000000369,SL,False
S2-05,ny_or_break,AUDUSD,2015-06-17 15:30:00+00:00,2015-06-17 15:45:00+00:00,2015-06-17 17:45:00+00:00,-1,-0.9999999999999639,SL,False
S2-05,ny_or_break,AUDUSD,2015-06-18 13:45:00+00:00,2015-06-18 14:00:00+00:00,2015-06-18 14:00:00+00:00,1,-1.0,SL,False
S2-05,ny_or_break,AUDUSD,2015-06-22 16:00:00+00:00,2015-06-22 16:15:00+00:00,2015-06-22 20:00:00+00:00,-1,-0.30033594032430144,TIME,False
S2-05,ny_or_break,AUDUSD,2015-06-23 12:15:00+00:00,2015-06-23 12:30:00+00:00,2015-06-23 12:30:00+00:00,-1,-1.0000000000000249,SL,False
S2-05,ny_or_break,AUDUSD,2015-06-23 12:30:00+00:00,2015-06-23 12:45:00+00:00,2015-06-23 12:45:00+00:00,-1,1.250000000000021,TP,False
S2-05,ny_or_break,AUDUSD,2015-06-23 12:45:00+00:00,2015-06-23 13:00:00+00:00,2015-06-23 13:15:00+00:00,-1,1.2499999999999627,TP,False
S2-05,ny_or_break,AUDUSD,2015-06-23 13:15:00+00:00,2015-06-23 13:30:00+00:00,2015-06-23 13:45:00+00:00,-1,-1.000000000000034,SL,False
S2-05,ny_or_break,AUDUSD,2015-06-23 13:45:00+00:00,2015-06-23 14:00:00+00:00,2015-06-23 14:00:00+00:00,-1,-1.0,SL,False
S2-05,ny_or_break,AUDUSD,2015-06-24 13:00:00+00:00,2015-06-24 13:15:00+00:00,2015-06-24 14:00:00+00:00,-1,1.249999999999966,TP,False
S2-05,ny_or_break,AUDUSD,2015-06-24 14:00:00+00:00,2015-06-24 14:15:00+00:00,2015-06-24 15:45:00+00:00,-1,1.2499999999999654,TP,False
S2-05,ny_or_break,AUDUSD,2015-06-24 15:45:00+00:00,2015-06-24 16:00:00+00:00,2015-06-24 16:15:00+00:00,-1,-1.0000000000000304,SL,False
S2-05,ny_or_break,AUDUSD,2015-06-24 16:15:00+00:00,2015-06-24 16:30:00+00:00,2015-06-24 17:45:00+00:00,-1,-1.0000000000000462,SL,False
S2-05,ny_or_break,AUDUSD,2015-06-25 15:15:00+00:00,2015-06-25 15:30:00+00:00,2015-06-25 15:45:00+00:00,1,-0.999999999999956,SL,False
S2-05,ny_or_break,AUDUSD,2015-06-26 12:00:00+00:00,2015-06-26 12:15:00+00:00,2015-06-26 12:30:00+00:00,-1,-1.0,SL,False
S2-05,ny_or_break,AUDUSD,2015-06-26 12:45:00+00:00,2015-06-26 13:00:00+00:00,2015-06-26 13:15:00+00:00,-1,1.2499999999999467,TP,False
S2-05,ny_or_break,AUDUSD,2015-06-26 13:15:00+00:00,2015-06-26 13:30:00+00:00,2015-06-26 14:00:00+00:00,-1,-1.0000000000000162,SL,False
S2-05,ny_or_break,AUDUSD,2015-06-26 14:00:00+00:00,2015-06-26 14:15:00+00:00,2015-06-26 15:15:00+00:00,-1,1.2499999999999853,TP,False
S2-05,ny_or_break,AUDUSD,2015-06-26 15:15:00+00:00,2015-06-26 15:30:00+00:00,2015-06-26 16:00:00+00:00,-1,-0.13156070061198036,FRIDAY,False
S2-05,ny_or_break,AUDUSD,2015-06-26 16:00:00+00:00,2015-06-26 16:15:00+00:00,2015-06-26 16:15:00+00:00,-1,0.15940946886136093,FRIDAY,False
S2-05,ny_or_break,AUDUSD,2015-06-26 16:15:00+00:00,2015-06-26 16:30:00+00:00,2015-06-26 16:30:00+00:00,-1,-0.40566640995122405,FRIDAY,False
S2-05,ny_or_break,AUDUSD,2015-06-26 16:30:00+00:00,2015-06-26 16:45:00+00:00,2015-06-26 16:45:00+00:00,-1,-0.4791533991402643,FRIDAY,False
S2-05,ny_or_break,AUDUSD,2015-06-26 16:45:00+00:00,2015-06-26 17:00:00+00:00,2015-06-26 17:00:00+00:00,-1,-0.038192241150214495,FRIDAY,False
S2-05,ny_or_break,AUDUSD,2015-06-30 13:00:00+00:00,2015-06-30 13:15:00+00:00,2015-06-30 13:15:00+00:00,1,-1.0000000000000453,SL,False
S2-05,ny_or_break,AUDUSD,2015-06-30 13:15:00+00:00,2015-06-30 13:30:00+00:00,2015-06-30 14:45:00+00:00,1,-1.0000000000000149,SL,False
S2-05,ny_or_break,AUDUSD,2015-06-30 15:15:00+00:00,2015-06-30 15:30:00+00:00,2015-06-30 18:45:00+00:00,1,1.2500000000000124,TP,False
S2-05,ny_or_break,AUDUSD,2015-07-03 13:00:00+00:00,2015-07-03 13:15:00+00:00,2015-07-03 13:30:00+00:00,-1,-1.0000000000000342,SL,False
S2-05,ny_or_break,AUDUSD,2015-07-03 15:15:00+00:00,2015-07-03 15:30:00+00:00,2015-07-03 16:00:00+00:00,-1,-0.9009631045959917,FRIDAY,False
S2-05,ny_or_break,AUDUSD,2015-07-07 13:00:00+00:00,2015-07-07 13:15:00+00:00,2015-07-07 14:15:00+00:00,-1,1.250000000000029,TP,False
S2-05,ny_or_break,AUDUSD,2015-07-07 14:15:00+00:00,2015-07-07 14:30:00+00:00,2015-07-07 14:30:00+00:00,-1,-1.0000000000000495,SL,False
S2-05,ny_or_break,AUDUSD,2015-07-07 14:30:00+00:00,2015-07-07 14:45:00+00:00,2015-07-07 14:45:00+00:00,-1,-1.0000000000000153,SL,False
S2-05,ny_or_break,AUDUSD,2015-07-13 13:00:00+00:00,2015-07-13 13:15:00+00:00,2015-07-13 14:15:00+00:00,-1,1.25000000000005,TP,False
S2-05,ny_or_break,AUDUSD,2015-07-13 14:15:00+00:00,2015-07-13 14:30:00+00:00,2015-07-13 15:15:00+00:00,-1,-0.9999999999999842,SL,False
S2-05,ny_or_break,AUDUSD,2015-07-13 15:15:00+00:00,2015-07-13 15:30:00+00:00,2015-07-13 16:00:00+00:00,-1,-1.0000000000000293,SL,False
S2-05,ny_or_break,AUDUSD,2015-07-13 16:15:00+00:00,2015-07-13 16:30:00+00:00,2015-07-13 20:15:00+00:00,-1,0.11544842672740457,TIME,False
S2-05,ny_or_break,AUDUSD,2015-07-14 15:00:00+00:00,2015-07-14 15:15:00+00:00,2015-07-14 19:00:00+00:00,1,-0.3893867733209186,TIME,False
S2-05,ny_or_break,AUDUSD,2015-07-15 16:00:00+00:00,2015-07-15 16:15:00+00:00,2015-07-15 20:00:00+00:00,-1,-0.380725152850846,TIME,False
S2-05,ny_or_break,AUDUSD,2015-07-17 12:30:00+00:00,2015-07-17 12:45:00+00:00,2015-07-17 13:00:00+00:00,-1,-1.0000000000000682,SL,False
S2-05,ny_or_break,AUDUSD,2015-07-17 13:00:00+00:00,2015-07-17 13:15:00+00:00,2015-07-17 13:45:00+00:00,-1,1.2499999999999356,TP,False
S2-05,ny_or_break,AUDUSD,2015-07-17 13:45:00+00:00,2015-07-17 14:00:00+00:00,2015-07-17 14:15:00+00:00,-1,-1.0,SL,False
S2-05,ny_or_break,AUDUSD,2015-07-17 14:15:00+00:00,2015-07-17 14:30:00+00:00,2015-07-17 15:00:00+00:00,-1,-1.0000000000000395,SL,False
S2-05,ny_or_break,AUDUSD,2015-07-17 15:00:00+00:00,2015-07-17 15:15:00+00:00,2015-07-17 15:45:00+00:00,-1,1.2500000000000189,TP,False
S2-05,ny_or_break,AUDUSD,2015-07-17 15:45:00+00:00,2015-07-17 16:00:00+00:00,2015-07-17 16:00:00+00:00,-1,-0.843699338918389,FRIDAY,False
S2-05,ny_or_break,AUDUSD,2015-07-17 16:00:00+00:00,2015-07-17 16:15:00+00:00,2015-07-17 16:15:00+00:00,-1,-0.4855012149819848,FRIDAY,False
S2-05,ny_or_break,AUDUSD,2015-07-17 16:15:00+00:00,2015-07-17 16:30:00+00:00,2015-07-17 16:30:00+00:00,-1,0.10616736600427519,FRIDAY,False
S2-05,ny_or_break,AUDUSD,2015-07-17 16:30:00+00:00,2015-07-17 16:45:00+00:00,2015-07-17 16:45:00+00:00,-1,-0.9842433255435167,FRIDAY,False
S2-05,ny_or_break,AUDUSD,2015-07-17 16:45:00+00:00,2015-07-17 17:00:00+00:00,2015-07-17 17:00:00+00:00,-1,0.37952639988510084,FRIDAY,False
S2-05,ny_or_break,AUDUSD,2015-07-20 14:00:00+00:00,2015-07-20 14:15:00+00:00,2015-07-20 14:30:00+00:00,-1,-1.000000000000039,SL,False
S2-05,ny_or_break,AUDUSD,2015-07-21 16:00:00+00:00,2015-07-21 16:15:00+00:00,2015-07-21 18:30:00+00:00,1,-1.0000000000000255,SL,False
S2-05,ny_or_break,AUDUSD,2015-07-28 16:00:00+00:00,2015-07-28 16:15:00+00:00,2015-07-28 16:15:00+00:00,1,1.2500000000000295,TP,False
S2-05,ny_or_break,AUDUSD,2015-07-28 16:15:00+00:00,2015-07-28 16:30:00+00:00,2015-07-28 18:30:00+00:00,1,-1.0000000000000142,SL,False
S2-05,ny_or_break,AUDUSD,2015-07-31 16:00:00+00:00,2015-07-31 16:15:00+00:00,2015-07-31 16:15:00+00:00,1,0.0,FRIDAY,False
S2-05,ny_or_break,AUDUSD,2015-07-31 16:15:00+00:00,2015-07-31 16:30:00+00:00,2015-07-31 16:30:00+00:00,1,-0.09590633088473441,FRIDAY,False
S2-05,ny_or_break,AUDUSD,2015-07-31 16:30:00+00:00,2015-07-31 16:45:00+00:00,2015-07-31 16:45:00+00:00,1,-1.3639631557278833,FRIDAY,False
S2-05,ny_or_break,AUDUSD,2015-07-31 16:45:00+00:00,2015-07-31 17:00:00+00:00,2015-07-31 17:00:00+00:00,1,0.015342842187908925,FRIDAY,False
S2-05,ny_or_break,AUDUSD,2015-08-03 16:30:00+00:00,2015-08-03 16:45:00+00:00,2015-08-03 17:30:00+00:00,-1,-1.0000000000000377,SL,False
S2-05,ny_or_break,AUDUSD,2015-08-04 14:00:00+00:00,2015-08-04 14:15:00+00:00,2015-08-04 14:15:00+00:00,1,-0.9999999999999438,SL,False
S2-05,ny_or_break,AUDUSD,2015-08-04 14:30:00+00:00,2015-08-04 14:45:00+00:00,2015-08-04 14:45:00+00:00,1,1.2499999999999454,TP,False
S2-05,ny_or_break,AUDUSD,2015-08-04 14:45:00+00:00,2015-08-04 15:00:00+00:00,2015-08-04 17:15:00+00:00,1,-1.0000000000000528,SL,False
S2-05,ny_or_break,AUDUSD,2015-08-05 12:15:00+00:00,2015-08-05 12:30:00+00:00,2015-08-05 12:30:00+00:00,1,-0.9999999999999813,SL,False
S2-05,ny_or_break,AUDUSD,2015-08-05 12:30:00+00:00,2015-08-05 12:45:00+00:00,2015-08-05 13:15:00+00:00,1,-0.9999999999999822,SL,False
S2-05,ny_or_break,AUDUSD,2015-08-07 12:00:00+00:00,2015-08-07 12:15:00+00:00,2015-08-07 12:15:00+00:00,1,1.25,TP,False
S2-05,ny_or_break,AUDUSD,2015-08-07 12:15:00+00:00,2015-08-07 12:30:00+00:00,2015-08-07 12:30:00+00:00,1,-0.9999999999999438,SL,False
S2-05,ny_or_break,AUDUSD,2015-08-07 15:00:00+00:00,2015-08-07 15:15:00+00:00,2015-08-07 16:00:00+00:00,1,0.3909593962191203,FRIDAY,False
S2-05,ny_or_break,AUDUSD,2015-08-07 16:00:00+00:00,2015-08-07 16:15:00+00:00,2015-08-07 16:15:00+00:00,1,-0.10653034652778519,FRIDAY,False
S2-05,ny_or_break,AUDUSD,2015-08-07 16:15:00+00:00,2015-08-07 16:30:00+00:00,2015-08-07 16:30:00+00:00,1,-0.1021971873450822,FRIDAY,False
S2-05,ny_or_break,AUDUSD,2015-08-07 16:30:00+00:00,2015-08-07 16:45:00+00:00,2015-08-07 16:45:00+00:00,1,-0.2998325853102515,FRIDAY,False
S2-05,ny_or_break,AUDUSD,2015-08-07 16:45:00+00:00,2015-08-07 17:00:00+00:00,2015-08-07 17:00:00+00:00,1,0.015176127207657309,FRIDAY,False
S2-05,ny_or_break,AUDUSD,2015-08-10 15:30:00+00:00,2015-08-10 15:45:00+00:00,2015-08-10 16:30:00+00:00,1,1.25,TP,False
S2-05,ny_or_break,AUDUSD,2015-08-10 16:30:00+00:00,2015-08-10 16:45:00+00:00,2015-08-10 20:30:00+00:00,1,-0.2465614772995648,TIME,False
S2-05,ny_or_break,AUDUSD,2015-08-11 13:15:00+00:00,2015-08-11 13:30:00+00:00,2015-08-11 14:15:00+00:00,-1,1.249999999999966,TP,False
S2-05,ny_or_break,AUDUSD,2015-08-11 14:15:00+00:00,2015-08-11 14:30:00+00:00,2015-08-11 18:15:00+00:00,-1,0.3956648697214735,TIME,False
S2-05,ny_or_break,AUDUSD,2015-08-17 14:45:00+00:00,2015-08-17 15:00:00+00:00,2015-08-17 18:45:00+00:00,1,-0.15642618300245278,TIME,False
S2-05,ny_or_break,AUDUSD,2015-08-18 12:30:00+00:00,2015-08-18 12:45:00+00:00,2015-08-18 14:30:00+00:00,-1,-0.9999999999999801,SL,False
S2-05,ny_or_break,AUDUSD,2015-08-18 14:45:00+00:00,2015-08-18 15:00:00+00:00,2015-08-18 16:15:00+00:00,-1,-1.0000000000000369,SL,False
S2-05,ny_or_break,AUDUSD,2015-08-19 12:30:00+00:00,2015-08-19 12:45:00+00:00,2015-08-19 12:45:00+00:00,-1,-0.9999999999999337,SL,False
S2-05,ny_or_break,AUDUSD,2015-08-19 12:45:00+00:00,2015-08-19 13:00:00+00:00,2015-08-19 14:30:00+00:00,-1,1.2499999999999787,TP,False
S2-05,ny_or_break,AUDUSD,2015-08-19 14:30:00+00:00,2015-08-19 14:45:00+00:00,2015-08-19 15:30:00+00:00,-1,1.2499999999999822,TP,False
S2-05,ny_or_break,AUDUSD,2015-08-19 15:30:00+00:00,2015-08-19 15:45:00+00:00,2015-08-19 16:30:00+00:00,-1,-1.0000000000000149,SL,False
S2-05,ny_or_break,AUDUSD,2015-08-19 16:30:00+00:00,2015-08-19 16:45:00+00:00,2015-08-19 17:30:00+00:00,-1,-0.9999999999999402,SL,True
S2-05,ny_or_break,AUDUSD,2015-08-24 13:00:00+00:00,2015-08-24 13:15:00+00:00,2015-08-24 13:15:00+00:00,-1,-0.9999999999999802,SL,False
S2-05,ny_or_break,AUDUSD,2015-08-24 13:15:00+00:00,2015-08-24 13:30:00+00:00,2015-08-24 13:30:00+00:00,-1,-0.9999999999999836,SL,False
S2-05,ny_or_break,AUDUSD,2015-08-24 13:30:00+00:00,2015-08-24 13:45:00+00:00,2015-08-24 14:15:00+00:00,-1,-0.9999999999999949,SL,False
S2-05,ny_or_break,AUDUSD,2015-08-24 14:45:00+00:00,2015-08-24 15:00:00+00:00,2015-08-24 18:45:00+00:00,-1,0.5376245198255094,TIME,False
S2-05,ny_or_break,AUDUSD,2015-08-25 14:45:00+00:00,2015-08-25 15:00:00+00:00,2015-08-25 15:30:00+00:00,-1,-0.9999999999999678,SL,False
S2-05,ny_or_break,AUDUSD,2015-08-25 16:15:00+00:00,2015-08-25 16:30:00+00:00,2015-08-25 19:30:00+00:00,-1,1.249999999999989,TP,False
S2-05,ny_or_break,AUDUSD,2015-08-26 14:15:00+00:00,2015-08-26 14:30:00+00:00,2015-08-26 14:30:00+00:00,-1,-0.9999999999999483,SL,False
S2-05,ny_or_break,AUDUSD,2015-08-26 14:30:00+00:00,2015-08-26 14:45:00+00:00,2015-08-26 14:45:00+00:00,-1,-0.9999999999999843,SL,False
S2-05,ny_or_break,AUDUSD,2015-08-26 14:45:00+00:00,2015-08-26 15:00:00+00:00,2015-08-26 15:30:00+00:00,-1,1.2499999999999711,TP,False
S2-05,ny_or_break,AUDUSD,2015-08-26 15:30:00+00:00,2015-08-26 15:45:00+00:00,2015-08-26 17:30:00+00:00,-1,-0.999999999999988,SL,False
S2-05,ny_or_break,AUDUSD,2015-08-31 12:30:00+00:00,2015-08-31 12:45:00+00:00,2015-08-31 13:00:00+00:00,-1,-1.0000000000000226,SL,False
S2-05,ny_or_break,AUDUSD,2015-08-31 13:15:00+00:00,2015-08-31 13:30:00+00:00,2015-08-31 13:45:00+00:00,-1,1.25,TP,False
S2-05,ny_or_break,AUDUSD,2015-08-31 13:45:00+00:00,2015-08-31 14:00:00+00:00,2015-08-31 14:45:00+00:00,-1,-1.0000000000000582,SL,False
S2-05,ny_or_break,AUDUSD,2015-08-31 14:45:00+00:00,2015-08-31 15:00:00+00:00,2015-08-31 15:15:00+00:00,-1,-1.0,SL,False
S2-05,ny_or_break,AUDUSD,2015-08-31 15:15:00+00:00,2015-08-31 15:30:00+00:00,2015-08-31 16:45:00+00:00,-1,-0.9999999999999843,SL,False
S2-05,ny_or_break,AUDUSD,2015-09-01 12:00:00+00:00,2015-09-01 12:15:00+00:00,2015-09-01 12:15:00+00:00,-1,-1.0000000000000129,SL,False
S2-05,ny_or_break,AUDUSD,2015-09-01 12:30:00+00:00,2015-09-01 12:45:00+00:00,2015-09-01 13:00:00+00:00,-1,-0.9999999999999882,SL,False
S2-05,ny_or_break,AUDUSD,2015-09-01 13:30:00+00:00,2015-09-01 13:45:00+00:00,2015-09-01 14:00:00+00:00,-1,-0.9999999999999768,SL,True
S2-05,ny_or_break,AUDUSD,2015-09-01 14:00:00+00:00,2015-09-01 14:15:00+00:00,2015-09-01 15:00:00+00:00,-1,-1.0000000000000102,SL,False
S2-05,ny_or_break,AUDUSD,2015-09-01 15:00:00+00:00,2015-09-01 15:15:00+00:00,2015-09-01 19:00:00+00:00,-1,0.6337772073372907,TIME,False
S2-05,ny_or_break,AUDUSD,2015-09-04 12:30:00+00:00,2015-09-04 12:45:00+00:00,2015-09-04 12:45:00+00:00,-1,1.2499999999999833,TP,False
S2-05,ny_or_break,AUDUSD,2015-09-04 12:45:00+00:00,2015-09-04 13:00:00+00:00,2015-09-04 13:15:00+00:00,-1,-1.0000000000000417,SL,False
S2-05,ny_or_break,AUDUSD,2015-09-04 13:15:00+00:00,2015-09-04 13:30:00+00:00,2015-09-04 14:45:00+00:00,-1,1.249999999999963,TP,False
S2-05,ny_or_break,AUDUSD,2015-09-04 14:45:00+00:00,2015-09-04 15:00:00+00:00,2015-09-04 15:15:00+00:00,-1,1.2500000000000207,TP,False
S2-05,ny_or_break,AUDUSD,2015-09-04 15:15:00+00:00,2015-09-04 15:30:00+00:00,2015-09-04 16:00:00+00:00,-1,-0.31141070535267634,FRIDAY,False
S2-05,ny_or_break,AUDUSD,2015-09-04 16:00:00+00:00,2015-09-04 16:15:00+00:00,2015-09-04 16:15:00+00:00,-1,0.4008621506993913,FRIDAY,False
S2-05,ny_or_break,AUDUSD,2015-09-04 16:15:00+00:00,2015-09-04 16:30:00+00:00,2015-09-04 16:30:00+00:00,-1,-0.48193326158707994,FRIDAY,False
S2-05,ny_or_break,AUDUSD,2015-09-04 16:30:00+00:00,2015-09-04 16:45:00+00:00,2015-09-04 16:45:00+00:00,-1,-0.6226576174456092,FRIDAY,False
S2-05,ny_or_break,AUDUSD,2015-09-04 16:45:00+00:00,2015-09-04 17:00:00+00:00,2015-09-04 17:00:00+00:00,-1,-0.8738641041066396,FRIDAY,False
S2-05,ny_or_break,AUDUSD,2015-09-08 12:15:00+00:00,2015-09-08 12:30:00+00:00,2015-09-08 12:45:00+00:00,1,-1.0000000000000235,SL,False
S2-05,ny_or_break,AUDUSD,2015-09-08 12:45:00+00:00,2015-09-08 13:00:00+00:00,2015-09-08 13:00:00+00:00,1,1.2500000000000453,TP,False
S2-05,ny_or_break,AUDUSD,2015-09-08 13:00:00+00:00,2015-09-08 13:15:00+00:00,2015-09-08 13:30:00+00:00,1,1.2499999999999372,TP,False
S2-05,ny_or_break,AUDUSD,2015-09-08 13:30:00+00:00,2015-09-08 13:45:00+00:00,2015-09-08 14:00:00+00:00,1,-0.999999999999961,SL,False
S2-05,ny_or_break,AUDUSD,2015-09-08 14:00:00+00:00,2015-09-08 14:15:00+00:00,2015-09-08 15:00:00+00:00,1,1.2499999999999623,TP,False
S2-05,ny_or_break,AUDUSD,2015-09-08 15:00:00+00:00,2015-09-08 15:15:00+00:00,2015-09-08 15:45:00+00:00,1,1.24999999999995,TP,False
S2-05,ny_or_break,AUDUSD,2015-09-08 15:45:00+00:00,2015-09-08 16:00:00+00:00,2015-09-08 16:15:00+00:00,1,1.24999999999995,TP,False
S2-05,ny_or_break,AUDUSD,2015-09-08 16:15:00+00:00,2015-09-08 16:30:00+00:00,2015-09-08 16:45:00+00:00,1,-0.999999999999951,SL,False
S2-05,ny_or_break,AUDUSD,2015-09-08 16:45:00+00:00,2015-09-08 17:00:00+00:00,2015-09-08 20:15:00+00:00,1,-1.000000000000035,SL,False
S2-05,ny_or_break,AUDUSD,2015-09-11 12:45:00+00:00,2015-09-11 13:00:00+00:00,2015-09-11 13:45:00+00:00,1,-1.0000000000000664,SL,False
S2-05,ny_or_break,AUDUSD,2015-09-11 14:00:00+00:00,2015-09-11 14:15:00+00:00,2015-09-11 14:15:00+00:00,1,-1.0,SL,False
S2-05,ny_or_break,AUDUSD,2015-09-11 16:00:00+00:00,2015-09-11 16:15:00+00:00,2015-09-11 16:15:00+00:00,1,0.20775800222106475,FRIDAY,False
S2-05,ny_or_break,AUDUSD,2015-09-11 16:15:00+00:00,2015-09-11 16:30:00+00:00,2015-09-11 16:30:00+00:00,1,-0.5281012835309341,FRIDAY,False
S2-05,ny_or_break,AUDUSD,2015-09-11 16:30:00+00:00,2015-09-11 16:45:00+00:00,2015-09-11 16:45:00+00:00,1,0.35442235724920523,FRIDAY,False
S2-05,ny_or_break,AUDUSD,2015-09-11 16:45:00+00:00,2015-09-11 17:00:00+00:00,2015-09-11 17:00:00+00:00,1,-1.3719562990128018,FRIDAY,False
S2-05,ny_or_break,AUDUSD,2015-09-14 14:30:00+00:00,2015-09-14 14:45:00+00:00,2015-09-14 14:45:00+00:00,1,1.249999999999937,TP,False
S2-05,ny_or_break,AUDUSD,2015-09-14 14:45:00+00:00,2015-09-14 15:00:00+00:00,2015-09-14 15:45:00+00:00,1,-0.9999999999999617,SL,False
S2-05,ny_or_break,AUDUSD,2015-09-14 15:45:00+00:00,2015-09-14 16:00:00+00:00,2015-09-14 19:45:00+00:00,1,-0.6506216914932906,TIME,False
S2-05,ny_or_break,AUDUSD,2015-09-16 14:00:00+00:00,2015-09-16 14:15:00+00:00,2015-09-16 14:45:00+00:00,1,1.2500000000000415,TP,False
S2-05,ny_or_break,AUDUSD,2015-09-16 14:45:00+00:00,2015-09-16 15:00:00+00:00,2015-09-16 15:15:00+00:00,1,-1.0,SL,False
S2-05,ny_or_break,AUDUSD,2015-09-16 15:15:00+00:00,2015-09-16 15:30:00+00:00,2015-09-16 18:15:00+00:00,1,1.2500000000000562,TP,False
S2-05,ny_or_break,AUDUSD,2015-09-21 13:00:00+00:00,2015-09-21 13:15:00+00:00,2015-09-21 13:45:00+00:00,-1,-1.000000000000045,SL,False
S2-05,ny_or_break,AUDUSD,2015-09-21 13:45:00+00:00,2015-09-21 14:00:00+00:00,2015-09-21 14:15:00+00:00,-1,-0.9999999999999791,SL,False
S2-05,ny_or_break,AUDUSD,2015-09-21 14:15:00+00:00,2015-09-21 14:30:00+00:00,2015-09-21 14:30:00+00:00,-1,1.2499999999999591,TP,False
S2-05,ny_or_break,AUDUSD,2015-09-21 14:30:00+00:00,2015-09-21 14:45:00+00:00,2015-09-21 15:00:00+00:00,-1,1.2500000000000577,TP,False
S2-05,ny_or_break,AUDUSD,2015-09-21 15:00:00+00:00,2015-09-21 15:15:00+00:00,2015-09-21 18:30:00+00:00,-1,-1.0000000000000182,SL,False
S2-05,ny_or_break,AUDUSD,2015-09-22 12:30:00+00:00,2015-09-22 12:45:00+00:00,2015-09-22 12:45:00+00:00,-1,-1.0000000000000502,SL,False
S2-05,ny_or_break,AUDUSD,2015-09-22 13:00:00+00:00,2015-09-22 13:15:00+00:00,2015-09-22 14:00:00+00:00,-1,1.250000000000048,TP,False
S2-05,ny_or_break,AUDUSD,2015-09-22 14:00:00+00:00,2015-09-22 14:15:00+00:00,2015-09-22 15:30:00+00:00,-1,-0.9999999999999836,SL,False
S2-05,ny_or_break,AUDUSD,2015-09-22 15:30:00+00:00,2015-09-22 15:45:00+00:00,2015-09-22 17:30:00+00:00,-1,-0.9999999999999664,SL,False
S2-05,ny_or_break,AUDUSD,2015-09-23 14:45:00+00:00,2015-09-23 15:00:00+00:00,2015-09-23 16:15:00+00:00,-1,1.25,TP,False
S2-05,ny_or_break,AUDUSD,2015-09-23 16:15:00+00:00,2015-09-23 16:30:00+00:00,2015-09-23 19:15:00+00:00,-1,1.2499999999999618,TP,False
S2-05,ny_or_break,AUDUSD,2015-10-06 13:15:00+00:00,2015-10-06 13:30:00+00:00,2015-10-06 13:30:00+00:00,1,1.2499999999999736,TP,False
S2-05,ny_or_break,AUDUSD,2015-10-06 13:30:00+00:00,2015-10-06 13:45:00+00:00,2015-10-06 14:00:00+00:00,1,-1.0000000000000244,SL,False
S2-05,ny_or_break,AUDUSD,2015-10-06 14:00:00+00:00,2015-10-06 14:15:00+00:00,2015-10-06 14:15:00+00:00,1,-1.0,SL,False
S2-05,ny_or_break,AUDUSD,2015-10-06 14:15:00+00:00,2015-10-06 14:30:00+00:00,2015-10-06 14:45:00+00:00,1,1.2500000000000666,TP,False
S2-05,ny_or_break,AUDUSD,2015-10-06 14:45:00+00:00,2015-10-06 15:00:00+00:00,2015-10-06 15:15:00+00:00,1,1.2500000000000566,TP,False
S2-05,ny_or_break,AUDUSD,2015-10-06 15:15:00+00:00,2015-10-06 15:30:00+00:00,2015-10-06 15:30:00+00:00,1,-0.9999999999999829,SL,False
S2-05,ny_or_break,AUDUSD,2015-10-06 15:30:00+00:00,2015-10-06 15:45:00+00:00,2015-10-06 16:45:00+00:00,1,1.2500000000000164,TP,False
S2-05,ny_or_break,AUDUSD,2015-10-06 16:45:00+00:00,2015-10-06 17:00:00+00:00,2015-10-06 17:30:00+00:00,1,-1.0000000000000522,SL,False
S2-05,ny_or_break,AUDUSD,2015-10-07 12:00:00+00:00,2015-10-07 12:15:00+00:00,2015-10-07 13:00:00+00:00,1,-0.9999999999999812,SL,False
S2-05,ny_or_break,AUDUSD,2015-10-07 13:45:00+00:00,2015-10-07 14:00:00+00:00,2015-10-07 14:30:00+00:00,1,-1.0000000000000586,SL,False
S2-05,ny_or_break,AUDUSD,2015-10-08 15:00:00+00:00,2015-10-08 15:15:00+00:00,2015-10-08 15:45:00+00:00,1,1.2499999999999791,TP,False
S2-05,ny_or_break,AUDUSD,2015-10-08 15:45:00+00:00,2015-10-08 16:00:00+00:00,2015-10-08 17:15:00+00:00,1,1.25,TP,False
S2-05,ny_or_break,AUDUSD,2015-10-12 12:30:00+00:00,2015-10-12 12:45:00+00:00,2015-10-12 12:45:00+00:00,1,-1.0000000000000515,SL,False
S2-05,ny_or_break,AUDUSD,2015-10-12 14:45:00+00:00,2015-10-12 15:00:00+00:00,2015-10-12 17:45:00+00:00,1,-1.0000000000000189,SL,False
S2-05,ny_or_break,AUDUSD,2015-10-13 15:45:00+00:00,2015-10-13 16:00:00+00:00,2015-10-13 19:00:00+00:00,-1,1.2500000000000375,TP,False
S2-05,ny_or_break,AUDUSD,2015-10-16 12:00:00+00:00,2015-10-16 12:15:00+00:00,2015-10-16 12:15:00+00:00,-1,-1.0000000000000602,SL,False
S2-05,ny_or_break,AUDUSD,2015-10-16 12:15:00+00:00,2015-10-16 12:30:00+00:00,2015-10-16 12:30:00+00:00,-1,-1.000000000000057,SL,False
S2-05,ny_or_break,AUDUSD,2015-10-16 14:00:00+00:00,2015-10-16 14:15:00+00:00,2015-10-16 15:00:00+00:00,-1,-0.9999999999999835,SL,False
S2-05,ny_or_break,AUDUSD,2015-10-16 15:00:00+00:00,2015-10-16 15:15:00+00:00,2015-10-16 16:00:00+00:00,-1,-0.04419910292302598,FRIDAY,False
S2-05,ny_or_break,AUDUSD,2015-10-16 16:00:00+00:00,2015-10-16 16:15:00+00:00,2015-10-16 16:15:00+00:00,-1,-0.6071833648393195,FRIDAY,False
S2-05,ny_or_break,AUDUSD,2015-10-16 16:15:00+00:00,2015-10-16 16:30:00+00:00,2015-10-16 16:30:00+00:00,-1,-0.25412362771077823,FRIDAY,False
S2-05,ny_or_break,AUDUSD,2015-10-19 12:00:00+00:00,2015-10-19 12:15:00+00:00,2015-10-19 13:00:00+00:00,-1,1.25,TP,False
S2-05,ny_or_break,AUDUSD,2015-10-19 13:00:00+00:00,2015-10-19 13:15:00+00:00,2015-10-19 13:30:00+00:00,-1,1.2499999999999567,TP,False
S2-05,ny_or_break,AUDUSD,2015-10-19 13:30:00+00:00,2015-10-19 13:45:00+00:00,2015-10-19 14:00:00+00:00,-1,-0.9999999999999597,SL,False
S2-05,ny_or_break,AUDUSD,2015-10-19 14:00:00+00:00,2015-10-19 14:15:00+00:00,2015-10-19 18:00:00+00:00,-1,0.4154307124135011,TIME,False
S2-05,ny_or_break,AUDUSD,2015-10-20 15:00:00+00:00,2015-10-20 15:15:00+00:00,2015-10-20 18:00:00+00:00,-1,1.2500000000000164,TP,False
S2-05,ny_or_break,AUDUSD,2015-10-21 14:30:00+00:00,2015-10-21 14:45:00+00:00,2015-10-21 14:45:00+00:00,-1,-1.0000000000000204,SL,False
S2-05,ny_or_break,AUDUSD,2015-10-22 12:15:00+00:00,2015-10-22 12:30:00+00:00,2015-10-22 12:30:00+00:00,-1,-0.9999999999999754,SL,False
S2-05,ny_or_break,AUDUSD,2015-10-22 12:30:00+00:00,2015-10-22 12:45:00+00:00,2015-10-22 12:45:00+00:00,-1,-0.9999999999999383,SL,False
S2-05,ny_or_break,AUDUSD,2015-10-22 12:45:00+00:00,2015-10-22 13:00:00+00:00,2015-10-22 13:00:00+00:00,-1,-1.0000000000000564,SL,False
S2-05,ny_or_break,AUDUSD,2015-10-27 15:00:00+00:00,2015-10-27 15:15:00+00:00,2015-10-27 15:30:00+00:00,-1,-0.9999999999999502,SL,False
S2-05,ny_or_break,AUDUSD,2015-10-27 15:30:00+00:00,2015-10-27 15:45:00+00:00,2015-10-27 15:45:00+00:00,-1,-1.0000000000000326,SL,False
S2-05,ny_or_break,AUDUSD,2015-10-27 15:45:00+00:00,2015-10-27 16:00:00+00:00,2015-10-27 16:15:00+00:00,-1,1.250000000000047,TP,False
S2-05,ny_or_break,AUDUSD,2015-10-27 16:15:00+00:00,2015-10-27 16:30:00+00:00,2015-10-27 17:00:00+00:00,-1,1.249999999999984,TP,False
S2-05,ny_or_break,AUDUSD,2015-10-29 13:00:00+00:00,2015-10-29 13:15:00+00:00,2015-10-29 13:30:00+00:00,-1,-1.0000000000000522,SL,False
S2-05,ny_or_break,AUDUSD,2015-10-29 15:15:00+00:00,2015-10-29 15:30:00+00:00,2015-10-29 15:45:00+00:00,-1,-0.9999999999999554,SL,False
S2-05,ny_or_break,AUDUSD,2015-10-29 15:45:00+00:00,2015-10-29 16:00:00+00:00,2015-10-29 19:45:00+00:00,-1,0.8381801339387406,TIME,False
S2-05,ny_or_break,AUDUSD,2015-10-30 13:00:00+00:00,2015-10-30 13:15:00+00:00,2015-10-30 13:15:00+00:00,-1,-1.0000000000000178,SL,False
S2-05,ny_or_break,AUDUSD,2015-10-30 13:30:00+00:00,2015-10-30 13:45:00+00:00,2015-10-30 13:45:00+00:00,-1,-0.999999999999951,SL,False
S2-05,ny_or_break,AUDUSD,2015-11-06 13:30:00+00:00,2015-11-06 13:45:00+00:00,2015-11-06 14:00:00+00:00,-1,1.2499999999999554,TP,False
S2-05,ny_or_break,AUDUSD,2015-11-06 14:00:00+00:00,2015-11-06 14:15:00+00:00,2015-11-06 14:30:00+00:00,-1,-1.0000000000000124,SL,False
S2-05,ny_or_break,AUDUSD,2015-11-06 14:30:00+00:00,2015-11-06 14:45:00+00:00,2015-11-06 15:15:00+00:00,-1,1.25,TP,False
S2-05,ny_or_break,AUDUSD,2015-11-06 15:15:00+00:00,2015-11-06 15:30:00+00:00,2015-11-06 16:00:00+00:00,-1,1.0208490788034827,FRIDAY,False
S2-05,ny_or_break,AUDUSD,2015-11-06 16:00:00+00:00,2015-11-06 16:15:00+00:00,2015-11-06 16:15:00+00:00,-1,-0.13441654357459382,FRIDAY,False
S2-05,ny_or_break,AUDUSD,2015-11-06 16:15:00+00:00,2015-11-06 16:30:00+00:00,2015-11-06 16:30:00+00:00,-1,-0.11432142783959345,FRIDAY,False
S2-05,ny_or_break,AUDUSD,2015-11-06 16:30:00+00:00,2015-11-06 16:45:00+00:00,2015-11-06 16:45:00+00:00,-1,0.11374801467420262,FRIDAY,False
S2-05,ny_or_break,AUDUSD,2015-11-06 16:45:00+00:00,2015-11-06 17:00:00+00:00,2015-11-06 17:00:00+00:00,-1,0.03576779882263906,FRIDAY,False
S2-05,ny_or_break,AUDUSD,2015-11-10 13:15:00+00:00,2015-11-10 13:30:00+00:00,2015-11-10 13:45:00+00:00,-1,1.25,TP,False
S2-05,ny_or_break,AUDUSD,2015-11-10 13:45:00+00:00,2015-11-10 14:00:00+00:00,2015-11-10 14:30:00+00:00,-1,1.2500000000000195,TP,False
S2-05,ny_or_break,AUDUSD,2015-11-10 14:30:00+00:00,2015-11-10 14:45:00+00:00,2015-11-10 15:00:00+00:00,-1,-0.999999999999942,SL,False
S2-05,ny_or_break,AUDUSD,2015-11-10 15:00:00+00:00,2015-11-10 15:15:00+00:00,2015-11-10 17:45:00+00:00,-1,-1.0000000000000389,SL,False
S2-05,ny_or_break,AUDUSD,2015-11-16 14:00:00+00:00,2015-11-16 14:15:00+00:00,2015-11-16 15:00:00+00:00,-1,1.2500000000000915,TP,False
S2-05,ny_or_break,AUDUSD,2015-11-16 15:00:00+00:00,2015-11-16 15:15:00+00:00,2015-11-16 17:00:00+00:00,-1,1.2499999999999183,TP,False
S2-05,ny_or_break,AUDUSD,2015-11-18 15:45:00+00:00,2015-11-18 16:00:00+00:00,2015-11-18 19:00:00+00:00,-1,-0.9999999999999304,SL,True
S2-05,ny_or_break,AUDUSD,2015-11-19 15:00:00+00:00,2015-11-19 15:15:00+00:00,2015-11-19 15:45:00+00:00,1,1.2500000000000575,TP,False
S2-05,ny_or_break,AUDUSD,2015-11-19 15:45:00+00:00,2015-11-19 16:00:00+00:00,2015-11-19 16:15:00+00:00,1,-1.0000000000000342,SL,False
S2-05,ny_or_break,AUDUSD,2015-11-19 16:15:00+00:00,2015-11-19 16:30:00+00:00,2015-11-19 17:30:00+00:00,1,-1.0000000000000497,SL,False
S2-05,ny_or_break,AUDUSD,2015-11-20 13:30:00+00:00,2015-11-20 13:45:00+00:00,2015-11-20 14:00:00+00:00,1,1.25,TP,False
S2-05,ny_or_break,AUDUSD,2015-11-20 14:00:00+00:00,2015-11-20 14:15:00+00:00,2015-11-20 15:15:00+00:00,1,-1.0,SL,False
S2-05,ny_or_break,AUDUSD,2015-11-20 15:15:00+00:00,2015-11-20 15:30:00+00:00,2015-11-20 16:00:00+00:00,1,0.21306032097399003,FRIDAY,False
S2-05,ny_or_break,AUDUSD,2015-11-20 16:00:00+00:00,2015-11-20 16:15:00+00:00,2015-11-20 16:15:00+00:00,1,-0.6995532865347799,FRIDAY,False
S2-05,ny_or_break,AUDUSD,2015-11-20 16:15:00+00:00,2015-11-20 16:30:00+00:00,2015-11-20 16:30:00+00:00,1,0.3318633176356162,FRIDAY,False
S2-05,ny_or_break,AUDUSD,2015-11-20 16:30:00+00:00,2015-11-20 16:45:00+00:00,2015-11-20 16:45:00+00:00,1,-0.31930896988070917,FRIDAY,False
S2-05,ny_or_break,AUDUSD,2015-11-20 16:45:00+00:00,2015-11-20 17:00:00+00:00,2015-11-20 17:00:00+00:00,1,-0.2892075702386714,FRIDAY,False
S2-05,ny_or_break,AUDUSD,2015-11-23 14:00:00+00:00,2015-11-23 14:15:00+00:00,2015-11-23 14:45:00+00:00,1,1.2500000000000373,TP,False
S2-05,ny_or_break,AUDUSD,2015-11-23 14:45:00+00:00,2015-11-23 15:00:00+00:00,2015-11-23 15:30:00+00:00,1,-1.0000000000000335,SL,False
S2-05,ny_or_break,AUDUSD,2015-11-23 15:30:00+00:00,2015-11-23 15:45:00+00:00,2015-11-23 16:15:00+00:00,1,-0.9999999999999448,SL,False
S2-05,ny_or_break,AUDUSD,2015-11-23 16:45:00+00:00,2015-11-23 17:00:00+00:00,2015-11-23 17:45:00+00:00,1,1.2500000000000606,TP,False
S2-05,ny_or_break,AUDUSD,2015-11-24 14:00:00+00:00,2015-11-24 14:15:00+00:00,2015-11-24 14:45:00+00:00,1,1.2499999999999791,TP,False
S2-05,ny_or_break,AUDUSD,2015-11-24 14:45:00+00:00,2015-11-24 15:00:00+00:00,2015-11-24 16:45:00+00:00,1,1.2499999999999407,TP,False
S2-05,ny_or_break,AUDUSD,2015-11-24 16:45:00+00:00,2015-11-24 17:00:00+00:00,2015-11-24 20:45:00+00:00,1,0.6166660149376295,TIME,False
S2-05,ny_or_break,AUDUSD,2015-11-27 14:00:00+00:00,2015-11-27 14:15:00+00:00,2015-11-27 14:45:00+00:00,-1,1.250000000000028,TP,False
S2-05,ny_or_break,AUDUSD,2015-11-27 14:45:00+00:00,2015-11-27 15:00:00+00:00,2015-11-27 16:00:00+00:00,-1,-0.5100077126404936,FRIDAY,False
S2-05,ny_or_break,AUDUSD,2015-11-27 16:00:00+00:00,2015-11-27 16:15:00+00:00,2015-11-27 16:15:00+00:00,-1,0.21453039599287488,FRIDAY,False
S2-05,ny_or_break,AUDUSD,2015-11-27 16:15:00+00:00,2015-11-27 16:30:00+00:00,2015-11-27 16:30:00+00:00,-1,-0.17951735415934345,FRIDAY,False
S2-05,ny_or_break,AUDUSD,2015-11-27 16:30:00+00:00,2015-11-27 16:45:00+00:00,2015-11-27 16:45:00+00:00,-1,-0.44355229345746816,FRIDAY,False
S2-05,ny_or_break,AUDUSD,2015-11-27 16:45:00+00:00,2015-11-27 17:00:00+00:00,2015-11-27 17:00:00+00:00,-1,0.11818555249105099,FRIDAY,False
S2-05,ny_or_break,AUDUSD,2015-12-01 14:30:00+00:00,2015-12-01 14:45:00+00:00,2015-12-01 15:00:00+00:00,1,1.2500000000000648,TP,False
S2-05,ny_or_break,AUDUSD,2015-12-01 15:00:00+00:00,2015-12-01 15:15:00+00:00,2015-12-01 15:45:00+00:00,1,-0.9999999999999636,SL,False
S2-05,ny_or_break,AUDUSD,2015-12-01 15:45:00+00:00,2015-12-01 16:00:00+00:00,2015-12-01 16:30:00+00:00,1,1.249999999999983,TP,False
S2-05,ny_or_break,AUDUSD,2015-12-01 16:30:00+00:00,2015-12-01 16:45:00+00:00,2015-12-01 19:45:00+00:00,1,1.2500000000000164,TP,False
S2-05,ny_or_break,AUDUSD,2015-12-03 13:30:00+00:00,2015-12-03 13:45:00+00:00,2015-12-03 14:00:00+00:00,1,-0.9999999999999827,SL,False
S2-05,ny_or_break,AUDUSD,2015-12-04 14:15:00+00:00,2015-12-04 14:30:00+00:00,2015-12-04 14:30:00+00:00,1,1.249999999999987,TP,False
S2-05,ny_or_break,AUDUSD,2015-12-04 14:30:00+00:00,2015-12-04 14:45:00+00:00,2015-12-04 15:00:00+00:00,1,1.25,TP,False
S2-05,ny_or_break,AUDUSD,2015-12-04 15:00:00+00:00,2015-12-04 15:15:00+00:00,2015-12-04 15:45:00+00:00,1,-0.9999999999999897,SL,False
S2-05,ny_or_break,AUDUSD,2015-12-04 15:45:00+00:00,2015-12-04 16:00:00+00:00,2015-12-04 16:00:00+00:00,1,0.05603995957355941,FRIDAY,False
S2-05,ny_or_break,AUDUSD,2015-12-04 16:00:00+00:00,2015-12-04 16:15:00+00:00,2015-12-04 16:15:00+00:00,1,0.0,FRIDAY,False
S2-05,ny_or_break,AUDUSD,2015-12-04 16:15:00+00:00,2015-12-04 16:30:00+00:00,2015-12-04 16:30:00+00:00,1,-0.24109346792911615,FRIDAY,False
S2-05,ny_or_break,AUDUSD,2015-12-04 16:30:00+00:00,2015-12-04 16:45:00+00:00,2015-12-04 16:45:00+00:00,1,-0.67772809981804,FRIDAY,False
S2-05,ny_or_break,AUDUSD,2015-12-04 16:45:00+00:00,2015-12-04 17:00:00+00:00,2015-12-04 17:00:00+00:00,1,-0.1168331086475662,FRIDAY,False
S2-05,ny_or_break,AUDUSD,2015-12-07 12:00:00+00:00,2015-12-07 12:15:00+00:00,2015-12-07 12:30:00+00:00,-1,-1.0,SL,False
S2-05,ny_or_break,AUDUSD,2015-12-07 12:45:00+00:00,2015-12-07 13:00:00+00:00,2015-12-07 13:00:00+00:00,-1,1.2499999999999742,TP,False
S2-05,ny_or_break,AUDUSD,2015-12-07 13:00:00+00:00,2015-12-07 13:15:00+00:00,2015-12-07 15:00:00+00:00,-1,1.249999999999976,TP,False
S2-05,ny_or_break,AUDUSD,2015-12-07 15:00:00+00:00,2015-12-07 15:15:00+00:00,2015-12-07 15:15:00+00:00,-1,-0.9999999999999818,SL,False
S2-05,ny_or_break,AUDUSD,2015-12-07 15:15:00+00:00,2015-12-07 15:30:00+00:00,2015-12-07 15:45:00+00:00,-1,-1.0000000000000542,SL,False
S2-05,ny_or_break,AUDUSD,2015-12-07 15:45:00+00:00,2015-12-07 16:00:00+00:00,2015-12-07 16:15:00+00:00,-1,1.2500000000000175,TP,False
S2-05,ny_or_break,AUDUSD,2015-12-07 16:15:00+00:00,2015-12-07 16:30:00+00:00,2015-12-07 16:45:00+00:00,-1,-1.0000000000000169,SL,False
S2-05,ny_or_break,AUDUSD,2015-12-07 16:45:00+00:00,2015-12-07 17:00:00+00:00,2015-12-07 20:45:00+00:00,-1,0.21727464414934283,TIME,False
S2-05,ny_or_break,AUDUSD,2015-12-08 12:45:00+00:00,2015-12-08 13:00:00+00:00,2015-12-08 13:00:00+00:00,-1,-0.9999999999999777,SL,False
S2-05,ny_or_break,AUDUSD,2015-12-08 13:15:00+00:00,2015-12-08 13:30:00+00:00,2015-12-08 13:30:00+00:00,-1,-1.0000000000000437,SL,False
S2-05,ny_or_break,AUDUSD,2015-12-08 13:30:00+00:00,2015-12-08 13:45:00+00:00,2015-12-08 13:45:00+00:00,-1,1.2499999999999793,TP,False
S2-05,ny_or_break,AUDUSD,2015-12-08 13:45:00+00:00,2015-12-08 14:00:00+00:00,2015-12-08 14:00:00+00:00,-1,-1.000000000000059,SL,False
S2-05,ny_or_break,AUDUSD,2015-12-08 14:00:00+00:00,2015-12-08 14:15:00+00:00,2015-12-08 14:15:00+00:00,-1,-0.9999999999999617,SL,False
S2-05,ny_or_break,AUDUSD,2015-12-11 14:15:00+00:00,2015-12-11 14:30:00+00:00,2015-12-11 14:30:00+00:00,-1,-1.0000000000000464,SL,False
S2-05,ny_or_break,AUDUSD,2015-12-11 14:45:00+00:00,2015-12-11 15:00:00+00:00,2015-12-11 15:00:00+00:00,-1,-1.0,SL,False
S2-05,ny_or_break,AUDUSD,2015-12-11 15:45:00+00:00,2015-12-11 16:00:00+00:00,2015-12-11 16:00:00+00:00,-1,-0.4635109758466619,FRIDAY,False
S2-05,ny_or_break,AUDUSD,2015-12-15 16:00:00+00:00,2015-12-15 16:15:00+00:00,2015-12-15 16:30:00+00:00,-1,-1.0000000000000278,SL,False
S2-05,ny_or_break,AUDUSD,2015-12-15 16:30:00+00:00,2015-12-15 16:45:00+00:00,2015-12-15 17:15:00+00:00,-1,-1.0000000000000269,SL,False
S2-05,ny_or_break,AUDUSD,2015-12-17 12:45:00+00:00,2015-12-17 13:00:00+00:00,2015-12-17 13:15:00+00:00,-1,1.25,TP,False
S2-05,ny_or_break,AUDUSD,2015-12-17 13:15:00+00:00,2015-12-17 13:30:00+00:00,2015-12-17 13:30:00+00:00,-1,-1.0,SL,False
S2-05,ny_or_break,AUDUSD,2015-12-17 13:30:00+00:00,2015-12-17 13:45:00+00:00,2015-12-17 14:15:00+00:00,-1,1.249999999999945,TP,False
S2-05,ny_or_break,AUDUSD,2015-12-17 14:15:00+00:00,2015-12-17 14:30:00+00:00,2015-12-17 14:30:00+00:00,-1,1.2499999999999694,TP,False
S2-05,ny_or_break,AUDUSD,2015-12-17 14:30:00+00:00,2015-12-17 14:45:00+00:00,2015-12-17 15:00:00+00:00,-1,1.2499999999999718,TP,False
S2-05,ny_or_break,AUDUSD,2015-12-17 15:00:00+00:00,2015-12-17 15:15:00+00:00,2015-12-17 17:00:00+00:00,-1,1.2500000000000382,TP,False
S2-05,ny_or_break,AUDUSD,2015-12-21 15:00:00+00:00,2015-12-21 15:15:00+00:00,2015-12-21 16:00:00+00:00,1,-0.9999999999999739,SL,False
S2-05,ny_or_break,AUDUSD,2015-12-22 13:00:00+00:00,2015-12-22 13:15:00+00:00,2015-12-22 13:15:00+00:00,1,-1.0000000000000255,SL,False
S2-05,ny_or_break,AUDUSD,2015-12-22 15:15:00+00:00,2015-12-22 15:30:00+00:00,2015-12-22 15:30:00+00:00,1,-0.9999999999999252,SL,False
S2-05,ny_or_break,AUDUSD,2015-12-29 13:15:00+00:00,2015-12-29 13:30:00+00:00,2015-12-29 13:45:00+00:00,1,-1.0,SL,False
S2-05,ny_or_break,AUDUSD,2015-12-29 13:45:00+00:00,2015-12-29 14:00:00+00:00,2015-12-29 14:15:00+00:00,1,1.2499999999999036,TP,False
S2-05,ny_or_break,AUDUSD,2015-12-29 14:15:00+00:00,2015-12-29 14:30:00+00:00,2015-12-29 14:45:00+00:00,1,1.2499999999999702,TP,False
S2-05,ny_or_break,AUDUSD,2015-12-29 14:45:00+00:00,2015-12-29 15:00:00+00:00,2015-12-29 16:00:00+00:00,1,-1.0,SL,False
S2-05,ny_or_break,AUDUSD,2015-12-29 16:00:00+00:00,2015-12-29 16:15:00+00:00,2015-12-29 19:30:00+00:00,1,1.250000000000045,TP,False
S2-05,ny_or_break,AUDUSD,2016-01-04 12:15:00+00:00,2016-01-04 12:30:00+00:00,2016-01-04 12:30:00+00:00,-1,-1.0,SL,False
S2-05,ny_or_break,AUDUSD,2016-01-04 12:45:00+00:00,2016-01-04 13:00:00+00:00,2016-01-04 13:30:00+00:00,-1,1.2499999999999776,TP,False
S2-05,ny_or_break,AUDUSD,2016-01-04 13:30:00+00:00,2016-01-04 13:45:00+00:00,2016-01-04 15:00:00+00:00,-1,1.25,TP,False
S2-05,ny_or_break,AUDUSD,2016-01-04 15:00:00+00:00,2016-01-04 15:15:00+00:00,2016-01-04 15:15:00+00:00,-1,-1.0000000000000213,SL,False
S2-05,ny_or_break,AUDUSD,2016-01-04 15:15:00+00:00,2016-01-04 15:30:00+00:00,2016-01-04 16:00:00+00:00,-1,1.2500000000000209,TP,False
S2-05,ny_or_break,AUDUSD,2016-01-04 16:00:00+00:00,2016-01-04 16:15:00+00:00,2016-01-04 16:30:00+00:00,-1,-0.9999999999999374,SL,False
S2-05,ny_or_break,AUDUSD,2016-01-04 16:30:00+00:00,2016-01-04 16:45:00+00:00,2016-01-04 17:30:00+00:00,-1,-1.0,SL,False
S2-05,ny_or_break,AUDUSD,2016-01-05 14:15:00+00:00,2016-01-05 14:30:00+00:00,2016-01-05 14:45:00+00:00,-1,1.249999999999924,TP,False
S2-05,ny_or_break,AUDUSD,2016-01-05 14:45:00+00:00,2016-01-05 15:00:00+00:00,2016-01-05 15:15:00+00:00,-1,1.2500000000000484,TP,False
S2-05,ny_or_break,AUDUSD,2016-01-05 15:15:00+00:00,2016-01-05 15:30:00+00:00,2016-01-05 16:30:00+00:00,-1,-1.0000000000000449,SL,False
S2-05,ny_or_break,AUDUSD,2016-01-05 16:30:00+00:00,2016-01-05 16:45:00+00:00,2016-01-05 20:00:00+00:00,-1,-1.0000000000000575,SL,False
S2-05,ny_or_break,AUDUSD,2016-01-08 14:00:00+00:00,2016-01-08 14:15:00+00:00,2016-01-08 14:30:00+00:00,-1,-0.9999999999999751,SL,False
S2-05,ny_or_break,AUDUSD,2016-01-08 14:30:00+00:00,2016-01-08 14:45:00+00:00,2016-01-08 15:00:00+00:00,-1,1.2499999999999882,TP,False
S2-05,ny_or_break,AUDUSD,2016-01-08 15:00:00+00:00,2016-01-08 15:15:00+00:00,2016-01-08 16:00:00+00:00,-1,-0.7551051706442365,FRIDAY,False
S2-05,ny_or_break,AUDUSD,2016-01-08 16:00:00+00:00,2016-01-08 16:15:00+00:00,2016-01-08 16:15:00+00:00,-1,0.09931457604371374,FRIDAY,False
S2-05,ny_or_break,AUDUSD,2016-01-08 16:15:00+00:00,2016-01-08 16:30:00+00:00,2016-01-08 16:30:00+00:00,-1,0.5434949274736058,FRIDAY,False
S2-05,ny_or_break,AUDUSD,2016-01-08 16:30:00+00:00,2016-01-08 16:45:00+00:00,2016-01-08 16:45:00+00:00,-1,-0.3932375263079572,FRIDAY,False
S2-05,ny_or_break,AUDUSD,2016-01-08 16:45:00+00:00,2016-01-08 17:00:00+00:00,2016-01-08 17:00:00+00:00,-1,-0.3949977978565804,FRIDAY,False
S2-05,ny_or_break,AUDUSD,2016-01-15 16:45:00+00:00,2016-01-15 17:00:00+00:00,2016-01-15 17:00:00+00:00,-1,0.026135785836497314,FRIDAY,False
S2-05,ny_or_break,AUDUSD,2016-01-18 16:30:00+00:00,2016-01-18 16:45:00+00:00,2016-01-18 17:45:00+00:00,-1,1.25,TP,False
S2-05,ny_or_break,AUDUSD,2016-01-21 14:15:00+00:00,2016-01-21 14:30:00+00:00,2016-01-21 14:45:00+00:00,1,-1.0000000000000178,SL,False
S2-05,ny_or_break,AUDUSD,2016-01-21 15:00:00+00:00,2016-01-21 15:15:00+00:00,2016-01-21 15:30:00+00:00,1,1.249999999999969,TP,False
S2-05,ny_or_break,AUDUSD,2016-01-21 15:30:00+00:00,2016-01-21 15:45:00+00:00,2016-01-21 16:00:00+00:00,1,1.2499999999999571,TP,False
S2-05,ny_or_break,AUDUSD,2016-01-21 16:00:00+00:00,2016-01-21 16:15:00+00:00,2016-01-21 16:15:00+00:00,1,-1.0,SL,False
S2-05,ny_or_break,AUDUSD,2016-01-21 16:15:00+00:00,2016-01-21 16:30:00+00:00,2016-01-21 16:45:00+00:00,1,1.25,TP,False
S2-05,ny_or_break,AUDUSD,2016-01-21 16:45:00+00:00,2016-01-21 17:00:00+00:00,2016-01-21 18:30:00+00:00,1,-1.0000000000000182,SL,False
S2-05,ny_or_break,AUDUSD,2016-01-22 12:30:00+00:00,2016-01-22 12:45:00+00:00,2016-01-22 12:45:00+00:00,1,-0.9999999999999811,SL,False
S2-05,ny_or_break,AUDUSD,2016-01-22 14:30:00+00:00,2016-01-22 14:45:00+00:00,2016-01-22 15:15:00+00:00,1,-1.0,SL,False
S2-05,ny_or_break,AUDUSD,2016-01-27 13:15:00+00:00,2016-01-27 13:30:00+00:00,2016-01-27 13:30:00+00:00,1,1.2499999999999372,TP,False
S2-05,ny_or_break,AUDUSD,2016-01-27 13:30:00+00:00,2016-01-27 13:45:00+00:00,2016-01-27 13:45:00+00:00,1,-1.0,SL,False
S2-05,ny_or_break,AUDUSD,2016-01-27 13:45:00+00:00,2016-01-27 14:00:00+00:00,2016-01-27 14:00:00+00:00,1,-1.0000000000000202,SL,False
S2-05,ny_or_break,AUDUSD,2016-01-27 14:00:00+00:00,2016-01-27 14:15:00+00:00,2016-01-27 15:00:00+00:00,1,-1.0000000000000389,SL,False
S2-05,ny_or_break,AUDUSD,2016-01-27 16:15:00+00:00,2016-01-27 16:30:00+00:00,2016-01-27 16:30:00+00:00,1,1.2499999999999867,TP,False
S2-05,ny_or_break,AUDUSD,2016-01-27 16:30:00+00:00,2016-01-27 16:45:00+00:00,2016-01-27 17:15:00+00:00,1,-1.0000000000000369,SL,False
S2-05,ny_or_break,AUDUSD,2016-01-28 13:45:00+00:00,2016-01-28 14:00:00+00:00,2016-01-28 14:00:00+00:00,1,1.2499999999999825,TP,False
S2-05,ny_or_break,AUDUSD,2016-01-28 14:00:00+00:00,2016-01-28 14:15:00+00:00,2016-01-28 14:15:00+00:00,1,1.2499999999999551,TP,False
S2-05,ny_or_break,AUDUSD,2016-01-28 14:15:00+00:00,2016-01-28 14:30:00+00:00,2016-01-28 14:30:00+00:00,1,-1.000000000000014,SL,False
S2-05,ny_or_break,AUDUSD,2016-01-28 14:30:00+00:00,2016-01-28 14:45:00+00:00,2016-01-28 15:15:00+00:00,1,-0.9999999999999608,SL,False
S2-05,ny_or_break,AUDUSD,2016-01-28 16:00:00+00:00,2016-01-28 16:15:00+00:00,2016-01-28 16:30:00+00:00,1,-1.0000000000000355,SL,False
S2-05,ny_or_break,AUDUSD,2016-02-01 16:00:00+00:00,2016-02-01 16:15:00+00:00,2016-02-01 16:15:00+00:00,1,-1.0000000000000362,SL,False
S2-05,ny_or_break,AUDUSD,2016-02-01 16:30:00+00:00,2016-02-01 16:45:00+00:00,2016-02-01 17:30:00+00:00,1,-0.9999999999999826,SL,False
S2-05,ny_or_break,AUDUSD,2016-02-04 14:00:00+00:00,2016-02-04 14:15:00+00:00,2016-02-04 15:15:00+00:00,1,-0.9999999999999634,SL,False
S2-05,ny_or_break,AUDUSD,2016-02-08 12:15:00+00:00,2016-02-08 12:30:00+00:00,2016-02-08 12:45:00+00:00,-1,1.2499999999999551,TP,False
S2-05,ny_or_break,AUDUSD,2016-02-08 12:45:00+00:00,2016-02-08 13:00:00+00:00,2016-02-08 14:00:00+00:00,-1,-1.0000000000000147,SL,False
S2-05,ny_or_break,AUDUSD,2016-02-08 14:00:00+00:00,2016-02-08 14:15:00+00:00,2016-02-08 14:45:00+00:00,-1,-0.9999999999999833,SL,False
S2-05,ny_or_break,AUDUSD,2016-02-08 14:45:00+00:00,2016-02-08 15:00:00+00:00,2016-02-08 15:00:00+00:00,-1,-1.0000000000000158,SL,False
S2-05,ny_or_break,AUDUSD,2016-02-08 15:00:00+00:00,2016-02-08 15:15:00+00:00,2016-02-08 16:00:00+00:00,-1,-1.0000000000000464,SL,False
S2-05,ny_or_break,AUDUSD,2016-02-09 12:15:00+00:00,2016-02-09 12:30:00+00:00,2016-02-09 12:30:00+00:00,-1,1.25,TP,False
S2-05,ny_or_break,AUDUSD,2016-02-09 12:30:00+00:00,2016-02-09 12:45:00+00:00,2016-02-09 12:45:00+00:00,-1,1.2500000000000147,TP,False
S2-05,ny_or_break,AUDUSD,2016-02-09 12:45:00+00:00,2016-02-09 13:00:00+00:00,2016-02-09 14:00:00+00:00,-1,-0.9999999999999737,SL,False
S2-05,ny_or_break,AUDUSD,2016-02-09 14:15:00+00:00,2016-02-09 14:30:00+00:00,2016-02-09 14:30:00+00:00,-1,-1.0,SL,False
S2-05,ny_or_break,AUDUSD,2016-02-19 13:30:00+00:00,2016-02-19 13:45:00+00:00,2016-02-19 13:45:00+00:00,-1,1.25,TP,False
S2-05,ny_or_break,AUDUSD,2016-02-19 13:45:00+00:00,2016-02-19 14:00:00+00:00,2016-02-19 14:15:00+00:00,-1,1.25,TP,False
S2-05,ny_or_break,AUDUSD,2016-02-19 14:15:00+00:00,2016-02-19 14:30:00+00:00,2016-02-19 14:45:00+00:00,-1,-0.9999999999999811,SL,False
S2-05,ny_or_break,AUDUSD,2016-02-19 14:45:00+00:00,2016-02-19 15:00:00+00:00,2016-02-19 15:30:00+00:00,-1,-1.0000000000000353,SL,False
S2-05,ny_or_break,AUDUSD,2016-02-19 15:30:00+00:00,2016-02-19 15:45:00+00:00,2016-02-19 16:00:00+00:00,-1,-1.7474041110404746,FRIDAY,False
S2-05,ny_or_break,AUDUSD,2016-02-22 13:30:00+00:00,2016-02-22 13:45:00+00:00,2016-02-22 13:45:00+00:00,1,1.2499999999999283,TP,False
S2-05,ny_or_break,AUDUSD,2016-02-22 13:45:00+00:00,2016-02-22 14:00:00+00:00,2016-02-22 14:15:00+00:00,1,1.2499999999999576,TP,False
S2-05,ny_or_break,AUDUSD,2016-02-22 14:15:00+00:00,2016-02-22 14:30:00+00:00,2016-02-22 15:00:00+00:00,1,1.2499999999999578,TP,False
S2-05,ny_or_break,AUDUSD,2016-02-22 15:00:00+00:00,2016-02-22 15:15:00+00:00,2016-02-22 16:45:00+00:00,1,1.2499999999999802,TP,False
S2-05,ny_or_break,AUDUSD,2016-02-22 16:45:00+00:00,2016-02-22 17:00:00+00:00,2016-02-22 19:30:00+00:00,1,-1.0000000000000375,SL,False
S2-05,ny_or_break,AUDUSD,2016-02-24 12:00:00+00:00,2016-02-24 12:15:00+00:00,2016-02-24 12:45:00+00:00,-1,-0.9999999999999851,SL,False
S2-05,ny_or_break,AUDUSD,2016-02-24 14:00:00+00:00,2016-02-24 14:15:00+00:00,2016-02-24 14:30:00+00:00,-1,1.249999999999982,TP,False
S2-05,ny_or_break,AUDUSD,2016-02-24 14:30:00+00:00,2016-02-24 14:45:00+00:00,2016-02-24 14:45:00+00:00,-1,-1.0,SL,False
S2-05,ny_or_break,AUDUSD,2016-02-24 14:45:00+00:00,2016-02-24 15:00:00+00:00,2016-02-24 15:00:00+00:00,-1,-0.9999999999999843,SL,False
S2-05,ny_or_break,AUDUSD,2016-03-02 15:00:00+00:00,2016-03-02 15:15:00+00:00,2016-03-02 15:15:00+00:00,1,1.2500000000000404,TP,False
S2-05,ny_or_break,AUDUSD,2016-03-02 15:15:00+00:00,2016-03-02 15:30:00+00:00,2016-03-02 15:30:00+00:00,1,-1.0,SL,False
S2-05,ny_or_break,AUDUSD,2016-03-02 15:30:00+00:00,2016-03-02 15:45:00+00:00,2016-03-02 15:45:00+00:00,1,1.250000000000037,TP,False
S2-05,ny_or_break,AUDUSD,2016-03-02 15:45:00+00:00,2016-03-02 16:00:00+00:00,2016-03-02 17:45:00+00:00,1,1.2500000000000342,TP,False
S2-05,ny_or_break,AUDUSD,2016-03-03 12:30:00+00:00,2016-03-03 12:45:00+00:00,2016-03-03 13:45:00+00:00,1,-0.9999999999999583,SL,False
S2-05,ny_or_break,AUDUSD,2016-03-03 14:30:00+00:00,2016-03-03 14:45:00+00:00,2016-03-03 14:45:00+00:00,1,1.2500000000000364,TP,False
S2-05,ny_or_break,AUDUSD,2016-03-03 14:45:00+00:00,2016-03-03 15:00:00+00:00,2016-03-03 15:00:00+00:00,1,-0.9999999999999486,SL,False
S2-05,ny_or_break,AUDUSD,2016-03-03 15:00:00+00:00,2016-03-03 15:15:00+00:00,2016-03-03 15:15:00+00:00,1,1.2500000000000309,TP,False
S2-05,ny_or_break,AUDUSD,2016-03-03 15:15:00+00:00,2016-03-03 15:30:00+00:00,2016-03-03 15:45:00+00:00,1,1.25,TP,False
S2-05,ny_or_break,AUDUSD,2016-03-03 15:45:00+00:00,2016-03-03 16:00:00+00:00,2016-03-03 16:45:00+00:00,1,-1.0000000000000426,SL,False
S2-05,ny_or_break,AUDUSD,2016-03-03 16:45:00+00:00,2016-03-03 17:00:00+00:00,2016-03-03 18:45:00+00:00,1,1.249999999999986,TP,False
S2-05,ny_or_break,AUDUSD,2016-03-04 13:45:00+00:00,2016-03-04 14:00:00+00:00,2016-03-04 14:00:00+00:00,1,1.250000000000013,TP,False
S2-05,ny_or_break,AUDUSD,2016-03-04 14:00:00+00:00,2016-03-04 14:15:00+00:00,2016-03-04 14:15:00+00:00,1,-1.0000000000000118,SL,False
S2-05,ny_or_break,AUDUSD,2016-03-04 14:15:00+00:00,2016-03-04 14:30:00+00:00,2016-03-04 14:30:00+00:00,1,1.2499999999999665,TP,False
S2-05,ny_or_break,AUDUSD,2016-03-04 14:30:00+00:00,2016-03-04 14:45:00+00:00,2016-03-04 15:00:00+00:00,1,-1.0,SL,False
S2-05,ny_or_break,AUDUSD,2016-03-04 15:00:00+00:00,2016-03-04 15:15:00+00:00,2016-03-04 16:00:00+00:00,1,0.6406969007089848,FRIDAY,False
S2-05,ny_or_break,AUDUSD,2016-03-04 16:00:00+00:00,2016-03-04 16:15:00+00:00,2016-03-04 16:15:00+00:00,1,0.09582540758559241,FRIDAY,False
S2-05,ny_or_break,AUDUSD,2016-03-04 16:15:00+00:00,2016-03-04 16:30:00+00:00,2016-03-04 16:30:00+00:00,1,0.06352413727780759,FRIDAY,False
S2-05,ny_or_break,AUDUSD,2016-03-04 16:30:00+00:00,2016-03-04 16:45:00+00:00,2016-03-04 16:45:00+00:00,1,-0.28315533807193627,FRIDAY,False
S2-05,ny_or_break,AUDUSD,2016-03-04 16:45:00+00:00,2016-03-04 17:00:00+00:00,2016-03-04 17:00:00+00:00,1,0.036691431224774085,FRIDAY,False
S2-05,ny_or_break,AUDUSD,2016-03-07 12:00:00+00:00,2016-03-07 12:15:00+00:00,2016-03-07 13:00:00+00:00,1,-0.9999999999999385,SL,False
S2-05,ny_or_break,AUDUSD,2016-03-07 13:15:00+00:00,2016-03-07 13:30:00+00:00,2016-03-07 13:45:00+00:00,1,-0.9999999999999808,SL,False
S2-05,ny_or_break,AUDUSD,2016-03-07 14:00:00+00:00,2016-03-07 14:15:00+00:00,2016-03-07 14:45:00+00:00,1,1.2500000000000353,TP,False
S2-05,ny_or_break,AUDUSD,2016-03-07 14:45:00+00:00,2016-03-07 15:00:00+00:00,2016-03-07 15:15:00+00:00,1,1.2500000000000329,TP,False
S2-05,ny_or_break,AUDUSD,2016-03-07 15:15:00+00:00,2016-03-07 15:30:00+00:00,2016-03-07 15:30:00+00:00,1,1.2500000000000158,TP,False
S2-05,ny_or_break,AUDUSD,2016-03-07 15:30:00+00:00,2016-03-07 15:45:00+00:00,2016-03-07 15:45:00+00:00,1,-0.99999999999997,SL,False
S2-05,ny_or_break,AUDUSD,2016-03-07 15:45:00+00:00,2016-03-07 16:00:00+00:00,2016-03-07 17:00:00+00:00,1,1.2499999999999856,TP,False
S2-05,ny_or_break,AUDUSD,2016-03-08 12:30:00+00:00,2016-03-08 12:45:00+00:00,2016-03-08 13:30:00+00:00,1,1.249999999999935,TP,False
S2-05,ny_or_break,AUDUSD,2016-03-08 13:30:00+00:00,2016-03-08 13:45:00+00:00,2016-03-08 14:00:00+00:00,1,-1.0000000000000626,SL,False
S2-05,ny_or_break,AUDUSD,2016-03-08 14:00:00+00:00,2016-03-08 14:15:00+00:00,2016-03-08 14:15:00+00:00,1,-1.0000000000000187,SL,False
S2-05,ny_or_break,AUDUSD,2016-03-08 14:15:00+00:00,2016-03-08 14:30:00+00:00,2016-03-08 14:30:00+00:00,1,-1.0000000000000178,SL,False
S2-05,ny_or_break,AUDUSD,2016-03-09 12:00:00+00:00,2016-03-09 12:15:00+00:00,2016-03-09 12:15:00+00:00,1,-1.0,SL,False
S2-05,ny_or_break,AUDUSD,2016-03-09 14:45:00+00:00,2016-03-09 15:00:00+00:00,2016-03-09 16:00:00+00:00,1,1.2499999999999596,TP,False
S2-05,ny_or_break,AUDUSD,2016-03-09 16:00:00+00:00,2016-03-09 16:15:00+00:00,2016-03-09 19:00:00+00:00,1,-1.0000000000000235,SL,False
S2-05,ny_or_break,AUDUSD,2016-03-11 14:00:00+00:00,2016-03-11 14:15:00+00:00,2016-03-11 14:30:00+00:00,1,1.2499999999999623,TP,False
S2-05,ny_or_break,AUDUSD,2016-03-11 14:30:00+00:00,2016-03-11 14:45:00+00:00,2016-03-11 15:00:00+00:00,1,1.25,TP,False
S2-05,ny_or_break,AUDUSD,2016-03-11 15:00:00+00:00,2016-03-11 15:15:00+00:00,2016-03-11 15:45:00+00:00,1,-1.0,SL,False
S2-05,ny_or_break,AUDUSD,2016-03-11 15:45:00+00:00,2016-03-11 16:00:00+00:00,2016-03-11 16:00:00+00:00,1,0.8239766575028251,FRIDAY,False
S2-05,ny_or_break,AUDUSD,2016-03-11 16:00:00+00:00,2016-03-11 16:15:00+00:00,2016-03-11 16:15:00+00:00,1,0.2426535877226687,FRIDAY,False
S2-05,ny_or_break,AUDUSD,2016-03-11 16:15:00+00:00,2016-03-11 16:30:00+00:00,2016-03-11 16:30:00+00:00,1,0.7108310529048782,FRIDAY,False
S2-05,ny_or_break,AUDUSD,2016-03-11 16:30:00+00:00,2016-03-11 16:45:00+00:00,2016-03-11 16:45:00+00:00,1,-0.6714846055479048,FRIDAY,False
S2-05,ny_or_break,AUDUSD,2016-03-11 16:45:00+00:00,2016-03-11 17:00:00+00:00,2016-03-11 17:00:00+00:00,1,-0.7635180498889634,FRIDAY,False
S2-05,ny_or_break,AUDUSD,2016-03-15 12:00:00+00:00,2016-03-15 12:15:00+00:00,2016-03-15 12:15:00+00:00,-1,-1.0000000000000184,SL,False
S2-05,ny_or_break,AUDUSD,2016-03-15 15:00:00+00:00,2016-03-15 15:15:00+00:00,2016-03-15 15:30:00+00:00,-1,-1.0,SL,False
S2-05,ny_or_break,AUDUSD,2016-03-15 16:45:00+00:00,2016-03-15 17:00:00+00:00,2016-03-15 20:45:00+00:00,-1,-0.6509349328097772,TIME,False
S2-05,ny_or_break,AUDUSD,2016-03-16 12:15:00+00:00,2016-03-16 12:30:00+00:00,2016-03-16 12:30:00+00:00,-1,1.249999999999942,TP,False
S2-05,ny_or_break,AUDUSD,2016-03-16 12:30:00+00:00,2016-03-16 12:45:00+00:00,2016-03-16 13:00:00+00:00,-1,-1.0000000000000173,SL,False
S2-05,ny_or_break,AUDUSD,2016-03-16 13:00:00+00:00,2016-03-16 13:15:00+00:00,2016-03-16 13:15:00+00:00,-1,-0.9999999999999833,SL,False
S2-05,ny_or_break,AUDUSD,2016-03-16 13:15:00+00:00,2016-03-16 13:30:00+00:00,2016-03-16 15:15:00+00:00,-1,-1.0,SL,False
S2-05,ny_or_break,AUDUSD,2016-03-16 15:15:00+00:00,2016-03-16 15:30:00+00:00,2016-03-16 16:15:00+00:00,-1,-0.9999999999999573,SL,False
S2-05,ny_or_break,AUDUSD,2016-03-16 16:30:00+00:00,2016-03-16 16:45:00+00:00,2016-03-16 18:00:00+00:00,-1,-0.9999999999999827,SL,False
S2-05,ny_or_break,AUDUSD,2016-03-22 14:30:00+00:00,2016-03-22 14:45:00+00:00,2016-03-22 15:15:00+00:00,1,1.25,TP,False
S2-05,ny_or_break,AUDUSD,2016-03-22 15:15:00+00:00,2016-03-22 15:30:00+00:00,2016-03-22 15:45:00+00:00,1,-1.0000000000000149,SL,False
S2-05,ny_or_break,AUDUSD,2016-03-22 15:45:00+00:00,2016-03-22 16:00:00+00:00,2016-03-22 16:45:00+00:00,1,-0.9999999999999706,SL,False
S2-05,ny_or_break,AUDUSD,2016-03-23 13:00:00+00:00,2016-03-23 13:15:00+00:00,2016-03-23 13:15:00+00:00,-1,-1.0000000000000289,SL,False
S2-05,ny_or_break,AUDUSD,2016-03-23 13:15:00+00:00,2016-03-23 13:30:00+00:00,2016-03-23 14:00:00+00:00,-1,1.250000000000014,TP,False
S2-05,ny_or_break,AUDUSD,2016-03-23 14:00:00+00:00,2016-03-23 14:15:00+00:00,2016-03-23 15:30:00+00:00,-1,1.2500000000000246,TP,False
S2-05,ny_or_break,AUDUSD,2016-03-23 15:30:00+00:00,2016-03-23 15:45:00+00:00,2016-03-23 19:00:00+00:00,-1,1.2499999999999865,TP,False
S2-05,ny_or_break,AUDUSD,2016-03-25 13:00:00+00:00,2016-03-25 13:15:00+00:00,2016-03-25 13:15:00+00:00,-1,-1.000000000000101,SL,False
S2-05,ny_or_break,AUDUSD,2016-03-25 13:15:00+00:00,2016-03-25 13:30:00+00:00,2016-03-25 13:30:00+00:00,-1,-1.000000000000097,SL,False
S2-05,ny_or_break,AUDUSD,2016-03-25 13:30:00+00:00,2016-03-25 13:45:00+00:00,2016-03-25 13:45:00+00:00,-1,-1.0,SL,False
S2-05,ny_or_break,AUDUSD,2016-03-25 14:00:00+00:00,2016-03-25 14:15:00+00:00,2016-03-25 14:45:00+00:00,-1,-1.0000000000000504,SL,False
S2-05,ny_or_break,AUDUSD,2016-03-25 14:45:00+00:00,2016-03-25 15:00:00+00:00,2016-03-25 16:00:00+00:00,-1,0.2205386994577944,FRIDAY,False
S2-05,ny_or_break,AUDUSD,2016-03-25 16:00:00+00:00,2016-03-25 16:15:00+00:00,2016-03-25 16:15:00+00:00,-1,-0.5159556551411039,FRIDAY,False
S2-05,ny_or_break,AUDUSD,2016-03-25 16:15:00+00:00,2016-03-25 16:30:00+00:00,2016-03-25 16:30:00+00:00,-1,-0.8739195136624133,FRIDAY,False
S2-05,ny_or_break,AUDUSD,2016-03-25 16:30:00+00:00,2016-03-25 16:45:00+00:00,2016-03-25 16:45:00+00:00,-1,0.24352488709445766,FRIDAY,False
S2-05,ny_or_break,AUDUSD,2016-03-25 16:45:00+00:00,2016-03-25 17:00:00+00:00,2016-03-25 17:00:00+00:00,-1,-0.48820896519473583,FRIDAY,False
S2-05,ny_or_break,AUDUSD,2016-03-28 14:00:00+00:00,2016-03-28 14:15:00+00:00,2016-03-28 16:30:00+00:00,1,-1.0,SL,False
S2-05,ny_or_break,AUDUSD,2016-03-29 15:00:00+00:00,2016-03-29 15:15:00+00:00,2016-03-29 16:15:00+00:00,1,1.2500000000000286,TP,False
S2-05,ny_or_break,AUDUSD,2016-03-29 16:15:00+00:00,2016-03-29 16:30:00+00:00,2016-03-29 16:45:00+00:00,1,1.25,TP,False
S2-05,ny_or_break,AUDUSD,2016-03-29 16:45:00+00:00,2016-03-29 17:00:00+00:00,2016-03-29 17:45:00+00:00,1,1.2499999999999778,TP,False
S2-05,ny_or_break,AUDUSD,2016-03-31 14:00:00+00:00,2016-03-31 14:15:00+00:00,2016-03-31 14:15:00+00:00,1,-1.0000000000000133,SL,False
S2-05,ny_or_break,AUDUSD,2016-04-05 13:45:00+00:00,2016-04-05 14:00:00+00:00,2016-04-05 14:00:00+00:00,-1,-0.9999999999999419,SL,False
S2-05,ny_or_break,AUDUSD,2016-04-05 14:00:00+00:00,2016-04-05 14:15:00+00:00,2016-04-05 14:15:00+00:00,-1,-0.9999999999999648,SL,False
S2-05,ny_or_break,AUDUSD,2016-04-05 16:15:00+00:00,2016-04-05 16:30:00+00:00,2016-04-05 18:45:00+00:00,-1,-1.0000000000000364,SL,False
S2-05,ny_or_break,AUDUSD,2016-04-07 13:15:00+00:00,2016-04-07 13:30:00+00:00,2016-04-07 13:30:00+00:00,-1,-0.9999999999999875,SL,False
S2-05,ny_or_break,AUDUSD,2016-04-07 14:00:00+00:00,2016-04-07 14:15:00+00:00,2016-04-07 15:00:00+00:00,-1,1.249999999999964,TP,False
S2-05,ny_or_break,AUDUSD,2016-04-07 15:00:00+00:00,2016-04-07 15:15:00+00:00,2016-04-07 19:00:00+00:00,-1,-0.35437219167181866,TIME,False
S2-05,ny_or_break,AUDUSD,2016-04-11 12:30:00+00:00,2016-04-11 12:45:00+00:00,2016-04-11 13:45:00+00:00,1,1.2499999999999472,TP,False
S2-05,ny_or_break,AUDUSD,2016-04-11 13:45:00+00:00,2016-04-11 14:00:00+00:00,2016-04-11 14:15:00+00:00,1,-1.0,SL,False
S2-05,ny_or_break,AUDUSD,2016-04-11 14:15:00+00:00,2016-04-11 14:30:00+00:00,2016-04-11 14:45:00+00:00,1,-0.9999999999999732,SL,False
S2-05,ny_or_break,AUDUSD,2016-04-11 14:45:00+00:00,2016-04-11 15:00:00+00:00,2016-04-11 18:45:00+00:00,1,0.4650327546561629,TIME,False
S2-05,ny_or_break,AUDUSD,2016-04-12 12:30:00+00:00,2016-04-12 12:45:00+00:00,2016-04-12 12:45:00+00:00,1,-1.0,SL,False
S2-05,ny_or_break,AUDUSD,2016-04-14 12:30:00+00:00,2016-04-14 12:45:00+00:00,2016-04-14 12:45:00+00:00,1,-0.9999999999999778,SL,False
S2-05,ny_or_break,AUDUSD,2016-04-18 12:15:00+00:00,2016-04-18 12:30:00+00:00,2016-04-18 13:30:00+00:00,1,-0.9999999999999848,SL,False
S2-05,ny_or_break,AUDUSD,2016-04-18 14:00:00+00:00,2016-04-18 14:15:00+00:00,2016-04-18 14:45:00+00:00,1,1.2500000000000264,TP,False
S2-05,ny_or_break,AUDUSD,2016-04-18 14:45:00+00:00,2016-04-18 15:00:00+00:00,2016-04-18 18:45:00+00:00,1,-0.4070510539134525,TIME,False
S2-05,ny_or_break,AUDUSD,2016-04-19 12:30:00+00:00,2016-04-19 12:45:00+00:00,2016-04-19 13:00:00+00:00,1,-1.0000000000000162,SL,False
S2-05,ny_or_break,AUDUSD,2016-04-19 13:30:00+00:00,2016-04-19 13:45:00+00:00,2016-04-19 13:45:00+00:00,1,1.2499999999999656,TP,False
S2-05,ny_or_break,AUDUSD,2016-04-19 13:45:00+00:00,2016-04-19 14:00:00+00:00,2016-04-19 14:00:00+00:00,1,-0.9999999999999549,SL,False
S2-05,ny_or_break,AUDUSD,2016-04-19 14:00:00+00:00,2016-04-19 14:15:00+00:00,2016-04-19 14:45:00+00:00,1,-1.0000000000000437,SL,False
S2-05,ny_or_break,AUDUSD,2016-04-19 14:45:00+00:00,2016-04-19 15:00:00+00:00,2016-04-19 16:00:00+00:00,1,-1.0,SL,False
S2-05,ny_or_break,AUDUSD,2016-04-19 16:45:00+00:00,2016-04-19 17:00:00+00:00,2016-04-19 17:45:00+00:00,1,1.2499999999999856,TP,False
S2-05,ny_or_break,AUDUSD,2016-04-21 12:00:00+00:00,2016-04-21 12:15:00+00:00,2016-04-21 12:15:00+00:00,1,-0.9999999999999816,SL,False
S2-05,ny_or_break,AUDUSD,2016-04-21 12:30:00+00:00,2016-04-21 12:45:00+00:00,2016-04-21 12:45:00+00:00,1,-0.9999999999999668,SL,False
S2-05,ny_or_break,AUDUSD,2016-04-22 12:30:00+00:00,2016-04-22 12:45:00+00:00,2016-04-22 13:00:00+00:00,-1,-1.0000000000000488,SL,False
S2-05,ny_or_break,AUDUSD,2016-04-22 15:00:00+00:00,2016-04-22 15:15:00+00:00,2016-04-22 16:00:00+00:00,-1,1.1555294852266385,FRIDAY,False
S2-05,ny_or_break,AUDUSD,2016-04-22 16:00:00+00:00,2016-04-22 16:15:00+00:00,2016-04-22 16:15:00+00:00,-1,-0.03054238047469248,FRIDAY,False
S2-05,ny_or_break,AUDUSD,2016-04-22 16:15:00+00:00,2016-04-22 16:30:00+00:00,2016-04-22 16:30:00+00:00,-1,-0.39227839401899894,FRIDAY,False
S2-05,ny_or_break,AUDUSD,2016-04-22 16:30:00+00:00,2016-04-22 16:45:00+00:00,2016-04-22 16:45:00+00:00,-1,0.5439212780208349,FRIDAY,False
S2-05,ny_or_break,AUDUSD,2016-04-22 16:45:00+00:00,2016-04-22 17:00:00+00:00,2016-04-22 17:00:00+00:00,-1,-0.5854207391107741,FRIDAY,False
S2-05,ny_or_break,AUDUSD,2016-04-27 14:00:00+00:00,2016-04-27 14:15:00+00:00,2016-04-27 14:45:00+00:00,-1,1.2500000000000302,TP,False
S2-05,ny_or_break,AUDUSD,2016-04-27 14:45:00+00:00,2016-04-27 15:00:00+00:00,2016-04-27 15:30:00+00:00,-1,-1.000000000000014,SL,False
S2-05,ny_or_break,AUDUSD,2016-04-27 15:30:00+00:00,2016-04-27 15:45:00+00:00,2016-04-27 16:15:00+00:00,-1,-1.0000000000000286,SL,False
S2-05,ny_or_break,AUDUSD,2016-04-28 13:00:00+00:00,2016-04-28 13:15:00+00:00,2016-04-28 13:45:00+00:00,-1,-1.0000000000000473,SL,False
S2-05,ny_or_break,AUDUSD,2016-04-29 13:45:00+00:00,2016-04-29 14:00:00+00:00,2016-04-29 14:30:00+00:00,-1,-1.0000000000000453,SL,False
S2-05,ny_or_break,AUDUSD,2016-04-29 14:30:00+00:00,2016-04-29 14:45:00+00:00,2016-04-29 14:45:00+00:00,-1,-1.0000000000000433,SL,False
S2-05,ny_or_break,AUDUSD,2016-04-29 15:00:00+00:00,2016-04-29 15:15:00+00:00,2016-04-29 16:00:00+00:00,-1,0.7717133084270604,FRIDAY,False
S2-05,ny_or_break,AUDUSD,2016-04-29 16:00:00+00:00,2016-04-29 16:15:00+00:00,2016-04-29 16:15:00+00:00,-1,-0.024719266776420865,FRIDAY,False
S2-05,ny_or_break,AUDUSD,2016-04-29 16:15:00+00:00,2016-04-29 16:30:00+00:00,2016-04-29 16:30:00+00:00,-1,-0.026203597795570344,FRIDAY,False
S2-05,ny_or_break,AUDUSD,2016-04-29 16:30:00+00:00,2016-04-29 16:45:00+00:00,2016-04-29 16:45:00+00:00,-1,0.10978916366696273,FRIDAY,False
S2-05,ny_or_break,AUDUSD,2016-04-29 16:45:00+00:00,2016-04-29 17:00:00+00:00,2016-04-29 17:00:00+00:00,-1,-0.5747462997874133,FRIDAY,False
S2-05,ny_or_break,AUDUSD,2016-05-03 12:15:00+00:00,2016-05-03 12:30:00+00:00,2016-05-03 12:30:00+00:00,-1,1.249999999999987,TP,False
S2-05,ny_or_break,AUDUSD,2016-05-03 12:30:00+00:00,2016-05-03 12:45:00+00:00,2016-05-03 13:30:00+00:00,-1,1.2500000000000258,TP,False
S2-05,ny_or_break,AUDUSD,2016-05-03 13:30:00+00:00,2016-05-03 13:45:00+00:00,2016-05-03 14:45:00+00:00,-1,1.2499999999999867,TP,False
S2-05,ny_or_break,AUDUSD,2016-05-03 14:45:00+00:00,2016-05-03 15:00:00+00:00,2016-05-03 18:45:00+00:00,-1,1.250000000000023,TP,False
S2-05,ny_or_break,AUDUSD,2016-05-04 15:30:00+00:00,2016-05-04 15:45:00+00:00,2016-05-04 19:30:00+00:00,-1,0.2532669753641138,TIME,False
S2-05,ny_or_break,AUDUSD,2016-05-05 15:00:00+00:00,2016-05-05 15:15:00+00:00,2016-05-05 15:30:00+00:00,-1,-1.000000000000041,SL,False
S2-05,ny_or_break,AUDUSD,2016-05-05 15:45:00+00:00,2016-05-05 16:00:00+00:00,2016-05-05 19:45:00+00:00,-1,0.03550600018898233,TIME,False
S2-05,ny_or_break,AUDUSD,2016-05-06 12:30:00+00:00,2016-05-06 12:45:00+00:00,2016-05-06 12:45:00+00:00,-1,-1.0000000000000153,SL,False
S2-05,ny_or_break,AUDUSD,2016-05-06 13:15:00+00:00,2016-05-06 13:30:00+00:00,2016-05-06 13:45:00+00:00,-1,-0.9999999999999882,SL,False
S2-05,ny_or_break,AUDUSD,2016-05-06 14:45:00+00:00,2016-05-06 15:00:00+00:00,2016-05-06 16:00:00+00:00,-1,-0.9963091296707413,FRIDAY,False
S2-05,ny_or_break,AUDUSD,2016-05-09 12:45:00+00:00,2016-05-09 13:00:00+00:00,2016-05-09 16:45:00+00:00,-1,0.35441464951757073,TIME,False
S2-05,ny_or_break,AUDUSD,2016-05-09 16:45:00+00:00,2016-05-09 17:00:00+00:00,2016-05-09 20:45:00+00:00,-1,-0.025961267819396994,TIME,False
S2-05,ny_or_break,AUDUSD,2016-05-11 14:30:00+00:00,2016-05-11 14:45:00+00:00,2016-05-11 15:15:00+00:00,1,1.249999999999983,TP,False
S2-05,ny_or_break,AUDUSD,2016-05-11 15:15:00+00:00,2016-05-11 15:30:00+00:00,2016-05-11 16:15:00+00:00,1,-0.9999999999999716,SL,False
S2-05,ny_or_break,AUDUSD,2016-05-11 16:15:00+00:00,2016-05-11 16:30:00+00:00,2016-05-11 20:00:00+00:00,1,-0.9999999999999586,SL,False
S2-05,ny_or_break,AUDUSD,2016-05-13 12:45:00+00:00,2016-05-13 13:00:00+00:00,2016-05-13 13:00:00+00:00,-1,-1.000000000000038,SL,False
S2-05,ny_or_break,AUDUSD,2016-05-13 13:00:00+00:00,2016-05-13 13:15:00+00:00,2016-05-13 14:00:00+00:00,-1,1.25,TP,False
S2-05,ny_or_break,AUDUSD,2016-05-13 14:00:00+00:00,2016-05-13 14:15:00+00:00,2016-05-13 14:45:00+00:00,-1,-1.0000000000000149,SL,False
S2-05,ny_or_break,AUDUSD,2016-05-13 14:45:00+00:00,2016-05-13 15:00:00+00:00,2016-05-13 16:00:00+00:00,-1,0.06798454468750792,FRIDAY,False
S2-05,ny_or_break,AUDUSD,2016-05-13 16:00:00+00:00,2016-05-13 16:15:00+00:00,2016-05-13 16:15:00+00:00,-1,-0.4087631659092438,FRIDAY,False
S2-05,ny_or_break,AUDUSD,2016-05-13 16:15:00+00:00,2016-05-13 16:30:00+00:00,2016-05-13 16:30:00+00:00,-1,-0.4045331776348675,FRIDAY,False
S2-05,ny_or_break,AUDUSD,2016-05-13 16:30:00+00:00,2016-05-13 16:45:00+00:00,2016-05-13 16:45:00+00:00,-1,-0.04326889909902452,FRIDAY,False
S2-05,ny_or_break,AUDUSD,2016-05-13 16:45:00+00:00,2016-05-13 17:00:00+00:00,2016-05-13 17:00:00+00:00,-1,-0.46894027616037265,FRIDAY,False
S2-05,ny_or_break,AUDUSD,2016-05-18 12:30:00+00:00,2016-05-18 12:45:00+00:00,2016-05-18 13:30:00+00:00,-1,1.2500000000000442,TP,False
S2-05,ny_or_break,AUDUSD,2016-05-18 13:30:00+00:00,2016-05-18 13:45:00+00:00,2016-05-18 14:00:00+00:00,-1,-0.9999999999999369,SL,False
S2-05,ny_or_break,AUDUSD,2016-05-19 12:15:00+00:00,2016-05-19 12:30:00+00:00,2016-05-19 12:30:00+00:00,-1,-1.0,SL,True
S2-05,ny_or_break,AUDUSD,2016-05-19 12:30:00+00:00,2016-05-19 12:45:00+00:00,2016-05-19 13:00:00+00:00,-1,-1.0000000000000535,SL,False
S2-05,ny_or_break,AUDUSD,2016-05-20 14:15:00+00:00,2016-05-20 14:30:00+00:00,2016-05-20 14:45:00+00:00,-1,-1.0000000000000386,SL,False
S2-05,ny_or_break,AUDUSD,2016-05-20 15:45:00+00:00,2016-05-20 16:00:00+00:00,2016-05-20 16:00:00+00:00,-1,-0.7029712353296191,FRIDAY,False
S2-05,ny_or_break,AUDUSD,2016-05-20 16:00:00+00:00,2016-05-20 16:15:00+00:00,2016-05-20 16:15:00+00:00,-1,-0.0471621499684182,FRIDAY,False
S2-05,ny_or_break,AUDUSD,2016-05-20 16:15:00+00:00,2016-05-20 16:30:00+00:00,2016-05-20 16:30:00+00:00,-1,-0.38612548786696077,FRIDAY,False
S2-05,ny_or_break,AUDUSD,2016-05-20 16:45:00+00:00,2016-05-20 17:00:00+00:00,2016-05-20 17:00:00+00:00,-1,-0.05179724417046664,FRIDAY,False
S2-05,ny_or_break,AUDUSD,2016-05-23 12:15:00+00:00,2016-05-23 12:30:00+00:00,2016-05-23 12:30:00+00:00,-1,-1.0,SL,False
S2-05,ny_or_break,AUDUSD,2016-05-23 12:45:00+00:00,2016-05-23 13:00:00+00:00,2016-05-23 13:45:00+00:00,-1,-0.9999999999999771,SL,False
S2-05,ny_or_break,AUDUSD,2016-05-23 14:45:00+00:00,2016-05-23 15:00:00+00:00,2016-05-23 15:00:00+00:00,-1,-0.9999999999999446,SL,False
S2-05,ny_or_break,AUDUSD,2016-05-23 15:45:00+00:00,2016-05-23 16:00:00+00:00,2016-05-23 16:15:00+00:00,-1,-1.0000000000000513,SL,False
S2-05,ny_or_break,AUDUSD,2016-05-25 15:00:00+00:00,2016-05-25 15:15:00+00:00,2016-05-25 17:00:00+00:00,-1,-1.0000000000000169,SL,False
S2-05,ny_or_break,AUDUSD,2016-05-26 12:45:00+00:00,2016-05-26 13:00:00+00:00,2016-05-26 13:30:00+00:00,1,-1.0000000000000533,SL,False
S2-05,ny_or_break,AUDUSD,2016-05-26 13:30:00+00:00,2016-05-26 13:45:00+00:00,2016-05-26 13:45:00+00:00,1,-0.999999999999967,SL,False
S2-05,ny_or_break,AUDUSD,2016-05-26 14:15:00+00:00,2016-05-26 14:30:00+00:00,2016-05-26 14:30:00+00:00,1,-0.9999999999999829,SL,False
S2-05,ny_or_break,AUDUSD,2016-05-26 14:30:00+00:00,2016-05-26 14:45:00+00:00,2016-05-26 14:45:00+00:00,1,-1.0,SL,False
S2-05,ny_or_break,AUDUSD,2016-06-02 13:00:00+00:00,2016-06-02 13:15:00+00:00,2016-06-02 13:15:00+00:00,-1,-0.9999999999999388,SL,False
S2-05,ny_or_break,AUDUSD,2016-06-03 12:30:00+00:00,2016-06-03 12:45:00+00:00,2016-06-03 12:45:00+00:00,1,1.2499999999999665,TP,False
S2-05,ny_or_break,AUDUSD,2016-06-03 12:45:00+00:00,2016-06-03 13:00:00+00:00,2016-06-03 13:00:00+00:00,1,1.2500000000000149,TP,False
S2-05,ny_or_break,AUDUSD,2016-06-03 13:00:00+00:00,2016-06-03 13:15:00+00:00,2016-06-03 14:00:00+00:00,1,1.249999999999961,TP,False
S2-05,ny_or_break,AUDUSD,2016-06-03 14:00:00+00:00,2016-06-03 14:15:00+00:00,2016-06-03 14:30:00+00:00,1,-1.0000000000000204,SL,False
S2-05,ny_or_break,AUDUSD,2016-06-03 14:30:00+00:00,2016-06-03 14:45:00+00:00,2016-06-03 16:00:00+00:00,1,0.7977536985062964,FRIDAY,False
S2-05,ny_or_break,AUDUSD,2016-06-03 16:00:00+00:00,2016-06-03 16:15:00+00:00,2016-06-03 16:15:00+00:00,1,0.24755737606168302,FRIDAY,False
S2-05,ny_or_break,AUDUSD,2016-06-03 16:15:00+00:00,2016-06-03 16:30:00+00:00,2016-06-03 16:30:00+00:00,1,-0.23182665960533283,FRIDAY,False
S2-05,ny_or_break,AUDUSD,2016-06-03 16:30:00+00:00,2016-06-03 16:45:00+00:00,2016-06-03 16:45:00+00:00,1,-0.4646749583279908,FRIDAY,False
S2-05,ny_or_break,AUDUSD,2016-06-03 16:45:00+00:00,2016-06-03 17:00:00+00:00,2016-06-03 17:00:00+00:00,1,-0.11939715147819832,FRIDAY,False
S2-05,ny_or_break,AUDUSD,2016-06-06 12:15:00+00:00,2016-06-06 12:30:00+00:00,2016-06-06 12:45:00+00:00,1,-0.9999999999999254,SL,False
S2-05,ny_or_break,AUDUSD,2016-06-06 13:15:00+00:00,2016-06-06 13:30:00+00:00,2016-06-06 15:30:00+00:00,1,-1.0,SL,False
S2-05,ny_or_break,AUDUSD,2016-06-06 15:30:00+00:00,2016-06-06 15:45:00+00:00,2016-06-06 15:45:00+00:00,1,-1.000000000000021,SL,False
S2-05,ny_or_break,AUDUSD,2016-06-06 16:30:00+00:00,2016-06-06 16:45:00+00:00,2016-06-06 20:30:00+00:00,1,-0.030475795584119416,TIME,False
S2-05,ny_or_break,AUDUSD,2016-06-07 14:00:00+00:00,2016-06-07 14:15:00+00:00,2016-06-07 14:30:00+00:00,1,-1.0,SL,False
S2-05,ny_or_break,AUDUSD,2016-06-07 15:00:00+00:00,2016-06-07 15:15:00+00:00,2016-06-07 16:30:00+00:00,1,-1.0000000000000528,SL,False
S2-05,ny_or_break,AUDUSD,2016-06-08 15:30:00+00:00,2016-06-08 15:45:00+00:00,2016-06-08 16:30:00+00:00,1,-0.9999999999999813,SL,False
S2-05,ny_or_break,AUDUSD,2016-06-10 16:00:00+00:00,2016-06-10 16:15:00+00:00,2016-06-10 16:15:00+00:00,-1,-0.043846588283616574,FRIDAY,False
S2-05,ny_or_break,AUDUSD,2016-06-10 16:15:00+00:00,2016-06-10 16:30:00+00:00,2016-06-10 16:30:00+00:00,-1,0.2610338727156526,FRIDAY,False
S2-05,ny_or_break,AUDUSD,2016-06-10 16:30:00+00:00,2016-06-10 16:45:00+00:00,2016-06-10 16:45:00+00:00,-1,-0.22916676828227353,FRIDAY,False
S2-05,ny_or_break,AUDUSD,2016-06-10 16:45:00+00:00,2016-06-10 17:00:00+00:00,2016-06-10 17:00:00+00:00,-1,0.23349340332667204,FRIDAY,False
S2-05,ny_or_break,AUDUSD,2016-06-13 13:00:00+00:00,2016-06-13 13:15:00+00:00,2016-06-13 13:15:00+00:00,-1,-1.0000000000000229,SL,False
S2-05,ny_or_break,AUDUSD,2016-06-13 13:15:00+00:00,2016-06-13 13:30:00+00:00,2016-06-13 13:30:00+00:00,-1,-0.9999999999999785,SL,False
S2-05,ny_or_break,AUDUSD,2016-06-15 14:30:00+00:00,2016-06-15 14:45:00+00:00,2016-06-15 15:45:00+00:00,1,-1.0,SL,False
S2-05,ny_or_break,AUDUSD,2016-06-16 12:15:00+00:00,2016-06-16 12:30:00+00:00,2016-06-16 12:30:00+00:00,-1,-1.000000000000036,SL,False
S2-05,ny_or_break,AUDUSD,2016-06-16 12:30:00+00:00,2016-06-16 12:45:00+00:00,2016-06-16 13:30:00+00:00,-1,1.2499999999999651,TP,False
S2-05,ny_or_break,AUDUSD,2016-06-16 13:30:00+00:00,2016-06-16 13:45:00+00:00,2016-06-16 14:15:00+00:00,-1,1.2499999999999702,TP,False
S2-05,ny_or_break,AUDUSD,2016-06-16 14:15:00+00:00,2016-06-16 14:30:00+00:00,2016-06-16 14:45:00+00:00,-1,-1.0,SL,False
S2-05,ny_or_break,AUDUSD,2016-06-16 14:45:00+00:00,2016-06-16 15:00:00+00:00,2016-06-16 15:15:00+00:00,-1,-1.0000000000000409,SL,False
S2-05,ny_or_break,AUDUSD,2016-06-16 15:15:00+00:00,2016-06-16 15:30:00+00:00,2016-06-16 16:15:00+00:00,-1,-0.9999999999999603,SL,False
S2-05,ny_or_break,AUDUSD,2016-06-17 14:00:00+00:00,2016-06-17 14:15:00+00:00,2016-06-17 14:45:00+00:00,1,-1.0000000000000424,SL,False
S2-05,ny_or_break,AUDUSD,2016-06-20 12:45:00+00:00,2016-06-20 13:00:00+00:00,2016-06-20 13:30:00+00:00,1,-1.0000000000000624,SL,False
S2-05,ny_or_break,AUDUSD,2016-06-20 13:30:00+00:00,2016-06-20 13:45:00+00:00,2016-06-20 14:30:00+00:00,1,-1.0000000000000202,SL,False
S2-05,ny_or_break,AUDUSD,2016-06-20 14:30:00+00:00,2016-06-20 14:45:00+00:00,2016-06-20 14:45:00+00:00,1,-1.0,SL,False
S2-05,ny_or_break,AUDUSD,2016-06-21 12:00:00+00:00,2016-06-21 12:15:00+00:00,2016-06-21 12:30:00+00:00,1,-0.9999999999999484,SL,False
S2-05,ny_or_break,AUDUSD,2016-06-22 12:00:00+00:00,2016-06-22 12:15:00+00:00,2016-06-22 12:30:00+00:00,1,1.2499999999999063,TP,False
S2-05,ny_or_break,AUDUSD,2016-06-22 12:30:00+00:00,2016-06-22 12:45:00+00:00,2016-06-22 12:45:00+00:00,1,-0.9999999999999434,SL,False
S2-05,ny_or_break,AUDUSD,2016-06-22 12:45:00+00:00,2016-06-22 13:00:00+00:00,2016-06-22 13:00:00+00:00,1,-1.0000000000000517,SL,False
S2-05,ny_or_break,AUDUSD,2016-06-22 13:00:00+00:00,2016-06-22 13:15:00+00:00,2016-06-22 14:00:00+00:00,1,1.2500000000000713,TP,False
S2-05,ny_or_break,AUDUSD,2016-06-22 14:00:00+00:00,2016-06-22 14:15:00+00:00,2016-06-22 14:30:00+00:00,1,-1.0000000000000184,SL,False
S2-05,ny_or_break,AUDUSD,2016-06-22 14:30:00+00:00,2016-06-22 14:45:00+00:00,2016-06-22 14:45:00+00:00,1,-1.0000000000000522,SL,False
S2-05,ny_or_break,AUDUSD,2016-06-22 16:15:00+00:00,2016-06-22 16:30:00+00:00,2016-06-22 17:15:00+00:00,1,-1.000000000000031,SL,False
S2-05,ny_or_break,AUDUSD,2016-06-27 12:15:00+00:00,2016-06-27 12:30:00+00:00,2016-06-27 12:45:00+00:00,-1,-1.0000000000000446,SL,False
S2-05,ny_or_break,AUDUSD,2016-06-27 14:00:00+00:00,2016-06-27 14:15:00+00:00,2016-06-27 14:15:00+00:00,-1,1.249999999999957,TP,False
S2-05,ny_or_break,AUDUSD,2016-06-27 14:15:00+00:00,2016-06-27 14:30:00+00:00,2016-06-27 14:30:00+00:00,-1,1.2499999999999734,TP,False
S2-05,ny_or_break,AUDUSD,2016-06-27 14:30:00+00:00,2016-06-27 14:45:00+00:00,2016-06-27 14:45:00+00:00,-1,1.2499999999999747,TP,False
S2-05,ny_or_break,AUDUSD,2016-06-27 14:45:00+00:00,2016-06-27 15:00:00+00:00,2016-06-27 15:00:00+00:00,-1,-0.9999999999999657,SL,False
S2-05,ny_or_break,AUDUSD,2016-06-27 15:00:00+00:00,2016-06-27 15:15:00+00:00,2016-06-27 15:15:00+00:00,-1,1.249999999999989,TP,False
S2-05,ny_or_break,AUDUSD,2016-06-27 15:15:00+00:00,2016-06-27 15:30:00+00:00,2016-06-27 15:45:00+00:00,-1,-0.999999999999979,SL,False
S2-05,ny_or_break,AUDUSD,2016-06-27 15:45:00+00:00,2016-06-27 16:00:00+00:00,2016-06-27 17:30:00+00:00,-1,1.2499999999999782,TP,False
S2-05,ny_or_break,AUDUSD,2016-06-28 15:00:00+00:00,2016-06-28 15:15:00+00:00,2016-06-28 15:45:00+00:00,-1,1.25,TP,False
S2-05,ny_or_break,AUDUSD,2016-06-28 15:45:00+00:00,2016-06-28 16:00:00+00:00,2016-06-28 16:30:00+00:00,-1,-0.9999999999999586,SL,False
S2-05,ny_or_break,AUDUSD,2016-06-28 16:30:00+00:00,2016-06-28 16:45:00+00:00,2016-06-28 19:30:00+00:00,-1,-0.9999999999999731,SL,False
S2-05,ny_or_break,AUDUSD,2016-06-29 13:00:00+00:00,2016-06-29 13:15:00+00:00,2016-06-29 13:15:00+00:00,1,-1.0000000000000475,SL,False
S2-05,ny_or_break,AUDUSD,2016-06-29 13:45:00+00:00,2016-06-29 14:00:00+00:00,2016-06-29 14:30:00+00:00,1,-1.0,SL,False
S2-05,ny_or_break,AUDUSD,2016-07-01 13:30:00+00:00,2016-07-01 13:45:00+00:00,2016-07-01 13:45:00+00:00,1,-0.9999999999999815,SL,False
S2-05,ny_or_break,AUDUSD,2016-07-01 13:45:00+00:00,2016-07-01 14:00:00+00:00,2016-07-01 14:15:00+00:00,1,-1.0000000000000555,SL,False
S2-05,ny_or_break,AUDUSD,2016-07-04 14:15:00+00:00,2016-07-04 14:30:00+00:00,2016-07-04 18:15:00+00:00,1,0.17212736163754866,TIME,False
S2-05,ny_or_break,AUDUSD,2016-07-05 16:00:00+00:00,2016-07-05 16:15:00+00:00,2016-07-05 16:15:00+00:00,-1,-0.9999999999999585,SL,False
S2-05,ny_or_break,AUDUSD,2016-07-05 16:15:00+00:00,2016-07-05 16:30:00+00:00,2016-07-05 18:00:00+00:00,-1,1.2500000000000608,TP,False
S2-05,ny_or_break,AUDUSD,2016-07-08 12:30:00+00:00,2016-07-08 12:45:00+00:00,2016-07-08 12:45:00+00:00,1,-1.0000000000000173,SL,False
S2-05,ny_or_break,AUDUSD,2016-07-08 12:45:00+00:00,2016-07-08 13:00:00+00:00,2016-07-08 13:00:00+00:00,1,1.2499999999999534,TP,False
S2-05,ny_or_break,AUDUSD,2016-07-08 13:00:00+00:00,2016-07-08 13:15:00+00:00,2016-07-08 13:15:00+00:00,1,-0.9999999999999587,SL,False
S2-05,ny_or_break,AUDUSD,2016-07-08 13:15:00+00:00,2016-07-08 13:30:00+00:00,2016-07-08 13:30:00+00:00,1,-0.9999999999999875,SL,False
S2-05,ny_or_break,AUDUSD,2016-07-08 13:30:00+00:00,2016-07-08 13:45:00+00:00,2016-07-08 14:15:00+00:00,1,1.2500000000000222,TP,False
S2-05,ny_or_break,AUDUSD,2016-07-08 14:15:00+00:00,2016-07-08 14:30:00+00:00,2016-07-08 15:00:00+00:00,1,1.2500000000000098,TP,False
S2-05,ny_or_break,AUDUSD,2016-07-08 15:00:00+00:00,2016-07-08 15:15:00+00:00,2016-07-08 16:00:00+00:00,1,-0.2802378464020005,FRIDAY,False
S2-05,ny_or_break,AUDUSD,2016-07-08 16:00:00+00:00,2016-07-08 16:15:00+00:00,2016-07-08 16:15:00+00:00,1,0.14949066213921902,FRIDAY,False
S2-05,ny_or_break,AUDUSD,2016-07-08 16:15:00+00:00,2016-07-08 16:30:00+00:00,2016-07-08 16:30:00+00:00,1,0.11554876148549573,FRIDAY,False
S2-05,ny_or_break,AUDUSD,2016-07-08 16:30:00+00:00,2016-07-08 16:45:00+00:00,2016-07-08 16:45:00+00:00,1,-0.1621136669899351,FRIDAY,False
S2-05,ny_or_break,AUDUSD,2016-07-08 16:45:00+00:00,2016-07-08 17:00:00+00:00,2016-07-08 17:00:00+00:00,1,-0.028417008320512926,FRIDAY,False
S2-05,ny_or_break,AUDUSD,2016-07-12 16:15:00+00:00,2016-07-12 16:30:00+00:00,2016-07-12 17:00:00+00:00,1,-1.0000000000000446,SL,False
S2-05,ny_or_break,AUDUSD,2016-07-13 12:15:00+00:00,2016-07-13 12:30:00+00:00,2016-07-13 13:00:00+00:00,1,-0.9999999999999598,SL,False
S2-05,ny_or_break,AUDUSD,2016-07-13 13:00:00+00:00,2016-07-13 13:15:00+00:00,2016-07-13 13:30:00+00:00,1,-0.9999999999999328,SL,False
S2-05,ny_or_break,AUDUSD,2016-07-13 14:15:00+00:00,2016-07-13 14:30:00+00:00,2016-07-13 14:30:00+00:00,1,-1.0000000000000184,SL,False
S2-05,ny_or_break,AUDUSD,2016-07-13 14:30:00+00:00,2016-07-13 14:45:00+00:00,2016-07-13 14:45:00+00:00,1,-0.9999999999999653,SL,False
S2-05,ny_or_break,AUDUSD,2016-07-18 12:30:00+00:00,2016-07-18 12:45:00+00:00,2016-07-18 13:45:00+00:00,-1,-0.9999999999999203,SL,False
S2-05,ny_or_break,AUDUSD,2016-07-18 13:45:00+00:00,2016-07-18 14:00:00+00:00,2016-07-18 14:00:00+00:00,-1,-1.000000000000079,SL,False
S2-05,ny_or_break,AUDUSD,2016-07-18 14:00:00+00:00,2016-07-18 14:15:00+00:00,2016-07-18 14:45:00+00:00,-1,1.250000000000074,TP,False
S2-05,ny_or_break,AUDUSD,2016-07-18 14:45:00+00:00,2016-07-18 15:00:00+00:00,2016-07-18 15:00:00+00:00,-1,-1.0,SL,False
S2-05,ny_or_break,AUDUSD,2016-07-19 12:30:00+00:00,2016-07-19 12:45:00+00:00,2016-07-19 13:00:00+00:00,-1,-1.0000000000000684,SL,False
S2-05,ny_or_break,AUDUSD,2016-07-19 13:45:00+00:00,2016-07-19 14:00:00+00:00,2016-07-19 14:30:00+00:00,-1,-0.9999999999999807,SL,False
S2-05,ny_or_break,AUDUSD,2016-07-19 14:30:00+00:00,2016-07-19 14:45:00+00:00,2016-07-19 14:45:00+00:00,-1,-1.0,SL,False
S2-05,ny_or_break,AUDUSD,2016-07-19 14:45:00+00:00,2016-07-19 15:00:00+00:00,2016-07-19 15:45:00+00:00,-1,-0.9999999999999833,SL,False
S2-05,ny_or_break,AUDUSD,2016-07-20 13:00:00+00:00,2016-07-20 13:15:00+00:00,2016-07-20 14:00:00+00:00,-1,-1.0000000000000426,SL,False
S2-05,ny_or_break,AUDUSD,2016-07-22 14:15:00+00:00,2016-07-22 14:30:00+00:00,2016-07-22 14:30:00+00:00,-1,1.2499999999999305,TP,False
S2-05,ny_or_break,AUDUSD,2016-07-22 14:30:00+00:00,2016-07-22 14:45:00+00:00,2016-07-22 16:00:00+00:00,-1,-0.7521249403106655,FRIDAY,False
S2-05,ny_or_break,AUDUSD,2016-07-22 16:00:00+00:00,2016-07-22 16:15:00+00:00,2016-07-22 16:15:00+00:00,-1,-0.2087831352427449,FRIDAY,False
S2-05,ny_or_break,AUDUSD,2016-07-22 16:15:00+00:00,2016-07-22 16:30:00+00:00,2016-07-22 16:30:00+00:00,-1,-0.28373522715606525,FRIDAY,False
S2-05,ny_or_break,AUDUSD,2016-07-22 16:30:00+00:00,2016-07-22 16:45:00+00:00,2016-07-22 16:45:00+00:00,-1,0.13194193057133227,FRIDAY,False
S2-05,ny_or_break,AUDUSD,2016-07-22 16:45:00+00:00,2016-07-22 17:00:00+00:00,2016-07-22 17:00:00+00:00,-1,-0.0758606898420214,FRIDAY,False
S2-05,ny_or_break,AUDUSD,2016-07-25 13:00:00+00:00,2016-07-25 13:15:00+00:00,2016-07-25 14:00:00+00:00,-1,1.2499999999999754,TP,False
S2-05,ny_or_break,AUDUSD,2016-07-25 14:00:00+00:00,2016-07-25 14:15:00+00:00,2016-07-25 17:00:00+00:00,-1,-0.9999999999999551,SL,False
S2-05,ny_or_break,AUDUSD,2016-07-27 15:00:00+00:00,2016-07-27 15:15:00+00:00,2016-07-27 15:30:00+00:00,-1,1.2499999999999547,TP,False
S2-05,ny_or_break,AUDUSD,2016-07-27 15:30:00+00:00,2016-07-27 15:45:00+00:00,2016-07-27 16:00:00+00:00,-1,-0.9999999999999583,SL,False
S2-05,ny_or_break,AUDUSD,2016-07-27 16:00:00+00:00,2016-07-27 16:15:00+00:00,2016-07-27 18:00:00+00:00,-1,1.2500000000000446,TP,False
S2-05,ny_or_break,AUDUSD,2016-07-29 12:30:00+00:00,2016-07-29 12:45:00+00:00,2016-07-29 12:45:00+00:00,1,1.250000000000024,TP,False
S2-05,ny_or_break,AUDUSD,2016-07-29 12:45:00+00:00,2016-07-29 13:00:00+00:00,2016-07-29 13:00:00+00:00,1,1.2500000000000404,TP,False
S2-05,ny_or_break,AUDUSD,2016-07-29 13:00:00+00:00,2016-07-29 13:15:00+00:00,2016-07-29 13:30:00+00:00,1,-0.9999999999999822,SL,False
S2-05,ny_or_break,AUDUSD,2016-07-29 13:30:00+00:00,2016-07-29 13:45:00+00:00,2016-07-29 14:15:00+00:00,1,1.2499999999999847,TP,False
S2-05,ny_or_break,AUDUSD,2016-07-29 14:15:00+00:00,2016-07-29 14:30:00+00:00,2016-07-29 14:45:00+00:00,1,1.2500000000000144,TP,False
S2-05,ny_or_break,AUDUSD,2016-07-29 14:45:00+00:00,2016-07-29 15:00:00+00:00,2016-07-29 16:00:00+00:00,1,0.3722239448751076,FRIDAY,False
S2-05,ny_or_break,AUDUSD,2016-07-29 16:00:00+00:00,2016-07-29 16:15:00+00:00,2016-07-29 16:15:00+00:00,1,-0.8240336245697645,FRIDAY,False
S2-05,ny_or_break,AUDUSD,2016-07-29 16:15:00+00:00,2016-07-29 16:30:00+00:00,2016-07-29 16:30:00+00:00,1,-0.4078527259519127,FRIDAY,False
S2-05,ny_or_break,AUDUSD,2016-07-29 16:30:00+00:00,2016-07-29 16:45:00+00:00,2016-07-29 16:45:00+00:00,1,-0.38817602231983306,FRIDAY,False
S2-05,ny_or_break,AUDUSD,2016-07-29 16:45:00+00:00,2016-07-29 17:00:00+00:00,2016-07-29 17:00:00+00:00,1,0.5208828575763824,FRIDAY,False
S2-05,ny_or_break,AUDUSD,2016-08-02 12:00:00+00:00,2016-08-02 12:15:00+00:00,2016-08-02 12:15:00+00:00,1,1.2500000000000195,TP,False
S2-05,ny_or_break,AUDUSD,2016-08-02 12:15:00+00:00,2016-08-02 12:30:00+00:00,2016-08-02 12:30:00+00:00,1,-1.0000000000000193,SL,False
S2-05,ny_or_break,AUDUSD,2016-08-02 12:30:00+00:00,2016-08-02 12:45:00+00:00,2016-08-02 13:45:00+00:00,1,1.2500000000000537,TP,False
S2-05,ny_or_break,AUDUSD,2016-08-02 13:45:00+00:00,2016-08-02 14:00:00+00:00,2016-08-02 14:00:00+00:00,1,-1.0000000000000338,SL,False
S2-05,ny_or_break,AUDUSD,2016-08-02 14:00:00+00:00,2016-08-02 14:15:00+00:00,2016-08-02 14:15:00+00:00,1,-0.999999999999951,SL,False
S2-05,ny_or_break,AUDUSD,2016-08-02 14:15:00+00:00,2016-08-02 14:30:00+00:00,2016-08-02 16:00:00+00:00,1,-1.0,SL,False
S2-05,ny_or_break,AUDUSD,2016-08-02 16:00:00+00:00,2016-08-02 16:15:00+00:00,2016-08-02 17:00:00+00:00,1,-0.999999999999983,SL,False
S2-05,ny_or_break,AUDUSD,2016-08-04 15:15:00+00:00,2016-08-04 15:30:00+00:00,2016-08-04 19:15:00+00:00,1,-1.0,SL,False
S2-05,ny_or_break,AUDUSD,2016-08-08 12:15:00+00:00,2016-08-08 12:30:00+00:00,2016-08-08 12:30:00+00:00,1,-1.0,SL,False
S2-05,ny_or_break,AUDUSD,2016-08-08 13:30:00+00:00,2016-08-08 13:45:00+00:00,2016-08-08 14:00:00+00:00,1,1.2499999999999738,TP,False
S2-05,ny_or_break,AUDUSD,2016-08-08 14:00:00+00:00,2016-08-08 14:15:00+00:00,2016-08-08 14:15:00+00:00,1,-1.000000000000068,SL,False
S2-05,ny_or_break,AUDUSD,2016-08-08 14:15:00+00:00,2016-08-08 14:30:00+00:00,2016-08-08 14:45:00+00:00,1,-1.0,SL,False
S2-05,ny_or_break,AUDUSD,2016-08-08 14:45:00+00:00,2016-08-08 15:00:00+00:00,2016-08-08 18:30:00+00:00,1,-1.0000000000000626,SL,False
S2-05,ny_or_break,AUDUSD,2016-08-09 14:00:00+00:00,2016-08-09 14:15:00+00:00,2016-08-09 14:30:00+00:00,1,-0.9999999999999822,SL,False
S2-05,ny_or_break,AUDUSD,2016-08-09 14:45:00+00:00,2016-08-09 15:00:00+00:00,2016-08-09 16:30:00+00:00,1,-0.9999999999999502,SL,False
S2-05,ny_or_break,AUDUSD,2016-08-10 12:15:00+00:00,2016-08-10 12:30:00+00:00,2016-08-10 13:00:00+00:00,1,-1.0000000000000548,SL,False
S2-05,ny_or_break,AUDUSD,2016-08-12 15:45:00+00:00,2016-08-12 16:00:00+00:00,2016-08-12 16:00:00+00:00,-1,0.6528309228873468,FRIDAY,False
S2-05,ny_or_break,AUDUSD,2016-08-12 16:00:00+00:00,2016-08-12 16:15:00+00:00,2016-08-12 16:15:00+00:00,-1,-0.09497071209660231,FRIDAY,False
S2-05,ny_or_break,AUDUSD,2016-08-12 16:15:00+00:00,2016-08-12 16:30:00+00:00,2016-08-12 16:30:00+00:00,-1,0.036163715995311825,FRIDAY,False
S2-05,ny_or_break,AUDUSD,2016-08-12 16:30:00+00:00,2016-08-12 16:45:00+00:00,2016-08-12 16:45:00+00:00,-1,-0.11746660275514245,FRIDAY,False
S2-05,ny_or_break,AUDUSD,2016-08-12 16:45:00+00:00,2016-08-12 17:00:00+00:00,2016-08-12 17:00:00+00:00,-1,0.5173673799054966,FRIDAY,False
S2-05,ny_or_break,AUDUSD,2016-08-15 13:45:00+00:00,2016-08-15 14:00:00+00:00,2016-08-15 14:15:00+00:00,-1,-1.0,SL,False
S2-05,ny_or_break,AUDUSD,2016-08-17 13:45:00+00:00,2016-08-17 14:00:00+00:00,2016-08-17 14:15:00+00:00,-1,-0.9999999999999557,SL,False
S2-05,ny_or_break,AUDUSD,2016-08-25 12:00:00+00:00,2016-08-25 12:15:00+00:00,2016-08-25 13:45:00+00:00,-1,-1.00000000000006,SL,False
S2-05,ny_or_break,AUDUSD,2016-08-26 12:00:00+00:00,2016-08-26 12:15:00+00:00,2016-08-26 12:30:00+00:00,1,-0.9999999999999053,SL,True
S2-05,ny_or_break,AUDUSD,2016-08-26 12:30:00+00:00,2016-08-26 12:45:00+00:00,2016-08-26 12:45:00+00:00,1,1.2499999999999496,TP,False
S2-05,ny_or_break,AUDUSD,2016-08-26 12:45:00+00:00,2016-08-26 13:00:00+00:00,2016-08-26 13:15:00+00:00,1,-1.000000000000022,SL,False
S2-05,ny_or_break,AUDUSD,2016-08-26 13:15:00+00:00,2016-08-26 13:30:00+00:00,2016-08-26 14:00:00+00:00,1,-1.0000000000000417,SL,True
S2-05,ny_or_break,AUDUSD,2016-08-26 14:00:00+00:00,2016-08-26 14:15:00+00:00,2016-08-26 14:30:00+00:00,1,-1.0000000000000242,SL,False
S2-05,ny_or_break,AUDUSD,2016-08-26 14:30:00+00:00,2016-08-26 14:45:00+00:00,2016-08-26 14:45:00+00:00,1,-1.0,SL,False
S2-05,ny_or_break,AUDUSD,2016-08-26 14:45:00+00:00,2016-08-26 15:00:00+00:00,2016-08-26 15:30:00+00:00,1,-1.0000000000000095,SL,False
S2-05,ny_or_break,AUDUSD,2016-08-30 12:30:00+00:00,2016-08-30 12:45:00+00:00,2016-08-30 14:00:00+00:00,-1,1.249999999999979,TP,False
S2-05,ny_or_break,AUDUSD,2016-08-30 14:00:00+00:00,2016-08-30 14:15:00+00:00,2016-08-30 14:45:00+00:00,-1,1.2500000000000608,TP,False
S2-05,ny_or_break,AUDUSD,2016-08-30 14:45:00+00:00,2016-08-30 15:00:00+00:00,2016-08-30 18:45:00+00:00,-1,0.0837315455388346,TIME,False
S2-05,ny_or_break,AUDUSD,2016-08-31 12:45:00+00:00,2016-08-31 13:00:00+00:00,2016-08-31 13:00:00+00:00,-1,-1.0000000000000242,SL,False
S2-05,ny_or_break,AUDUSD,2016-08-31 13:15:00+00:00,2016-08-31 13:30:00+00:00,2016-08-31 13:30:00+00:00,-1,-0.9999999999999553,SL,False
S2-05,ny_or_break,AUDUSD,2016-09-01 13:00:00+00:00,2016-09-01 13:15:00+00:00,2016-09-01 13:45:00+00:00,-1,1.249999999999947,TP,False
S2-05,ny_or_break,AUDUSD,2016-09-01 13:45:00+00:00,2016-09-01 14:00:00+00:00,2016-09-01 14:00:00+00:00,-1,-1.000000000000025,SL,False
S2-05,ny_or_break,AUDUSD,2016-09-02 12:00:00+00:00,2016-09-02 12:15:00+00:00,2016-09-02 12:15:00+00:00,1,-1.0000000000000293,SL,True
S2-05,ny_or_break,AUDUSD,2016-09-02 12:15:00+00:00,2016-09-02 12:30:00+00:00,2016-09-02 12:30:00+00:00,1,1.2499999999999762,TP,False
S2-05,ny_or_break,AUDUSD,2016-09-02 12:30:00+00:00,2016-09-02 12:45:00+00:00,2016-09-02 12:45:00+00:00,1,-1.0,SL,False
S2-05,ny_or_break,AUDUSD,2016-09-02 12:45:00+00:00,2016-09-02 13:00:00+00:00,2016-09-02 13:00:00+00:00,1,-1.0000000000000417,SL,False
S2-05,ny_or_break,AUDUSD,2016-09-02 13:00:00+00:00,2016-09-02 13:15:00+00:00,2016-09-02 14:00:00+00:00,1,-1.0000000000000395,SL,False
S2-05,ny_or_break,AUDUSD,2016-09-02 14:00:00+00:00,2016-09-02 14:15:00+00:00,2016-09-02 14:30:00+00:00,1,-0.9999999999999899,SL,False
S2-05,ny_or_break,AUDUSD,2016-09-02 16:15:00+00:00,2016-09-02 16:30:00+00:00,2016-09-02 16:30:00+00:00,1,0.7714504022652704,FRIDAY,False
S2-05,ny_or_break,AUDUSD,2016-09-02 16:30:00+00:00,2016-09-02 16:45:00+00:00,2016-09-02 16:45:00+00:00,1,-0.42478095758147383,FRIDAY,False
S2-05,ny_or_break,AUDUSD,2016-09-02 16:45:00+00:00,2016-09-02 17:00:00+00:00,2016-09-02 17:00:00+00:00,1,0.16694666970990685,FRIDAY,False
S2-05,ny_or_break,AUDUSD,2016-09-06 14:15:00+00:00,2016-09-06 14:30:00+00:00,2016-09-06 14:45:00+00:00,1,1.2500000000000346,TP,False
S2-05,ny_or_break,AUDUSD,2016-09-06 14:45:00+00:00,2016-09-06 15:00:00+00:00,2016-09-06 18:45:00+00:00,1,0.5792905002671928,TIME,False
S2-05,ny_or_break,AUDUSD,2016-09-07 12:30:00+00:00,2016-09-07 12:45:00+00:00,2016-09-07 12:45:00+00:00,1,1.2500000000000642,TP,False
S2-05,ny_or_break,AUDUSD,2016-09-07 12:45:00+00:00,2016-09-07 13:00:00+00:00,2016-09-07 13:45:00+00:00,1,-0.9999999999999092,SL,False
S2-05,ny_or_break,AUDUSD,2016-09-07 13:45:00+00:00,2016-09-07 14:00:00+00:00,2016-09-07 14:00:00+00:00,1,-1.0,SL,False
S2-05,ny_or_break,AUDUSD,2016-09-07 14:00:00+00:00,2016-09-07 14:15:00+00:00,2016-09-07 14:15:00+00:00,1,-1.0000000000000762,SL,False
S2-05,ny_or_break,AUDUSD,2016-09-07 14:15:00+00:00,2016-09-07 14:30:00+00:00,2016-09-07 14:30:00+00:00,1,-1.0000000000000455,SL,False
S2-05,ny_or_break,AUDUSD,2016-09-09 12:15:00+00:00,2016-09-09 12:30:00+00:00,2016-09-09 12:45:00+00:00,-1,1.24999999999996,TP,False
S2-05,ny_or_break,AUDUSD,2016-09-09 12:45:00+00:00,2016-09-09 13:00:00+00:00,2016-09-09 13:45:00+00:00,-1,1.2499999999999833,TP,False
S2-05,ny_or_break,AUDUSD,2016-09-09 13:45:00+00:00,2016-09-09 14:00:00+00:00,2016-09-09 14:00:00+00:00,-1,-1.0000000000000442,SL,False
S2-05,ny_or_break,AUDUSD,2016-09-09 14:00:00+00:00,2016-09-09 14:15:00+00:00,2016-09-09 15:45:00+00:00,-1,1.2499999999999596,TP,False
S2-05,ny_or_break,AUDUSD,2016-09-09 15:45:00+00:00,2016-09-09 16:00:00+00:00,2016-09-09 16:00:00+00:00,-1,-0.2509729012205782,FRIDAY,False
S2-05,ny_or_break,AUDUSD,2016-09-09 16:00:00+00:00,2016-09-09 16:15:00+00:00,2016-09-09 16:15:00+00:00,-1,-0.008033802085646068,FRIDAY,False
S2-05,ny_or_break,AUDUSD,2016-09-09 16:15:00+00:00,2016-09-09 16:30:00+00:00,2016-09-09 16:30:00+00:00,-1,-0.5172739050806898,FRIDAY,False
S2-05,ny_or_break,AUDUSD,2016-09-09 16:30:00+00:00,2016-09-09 16:45:00+00:00,2016-09-09 16:45:00+00:00,-1,-0.253148375924818,FRIDAY,False
S2-05,ny_or_break,AUDUSD,2016-09-09 16:45:00+00:00,2016-09-09 17:00:00+00:00,2016-09-09 17:00:00+00:00,-1,0.017449799271498784,FRIDAY,False
S2-05,ny_or_break,AUDUSD,2016-09-13 13:45:00+00:00,2016-09-13 14:00:00+00:00,2016-09-13 14:15:00+00:00,-1,1.249999999999957,TP,False
S2-05,ny_or_break,AUDUSD,2016-09-13 14:15:00+00:00,2016-09-13 14:30:00+00:00,2016-09-13 14:30:00+00:00,-1,-0.9999999999999741,SL,False
S2-05,ny_or_break,AUDUSD,2016-09-13 14:30:00+00:00,2016-09-13 14:45:00+00:00,2016-09-13 15:00:00+00:00,-1,1.2500000000000246,TP,False
S2-05,ny_or_break,AUDUSD,2016-09-13 15:00:00+00:00,2016-09-13 15:15:00+00:00,2016-09-13 16:00:00+00:00,-1,1.25,TP,False
S2-05,ny_or_break,AUDUSD,2016-09-13 16:00:00+00:00,2016-09-13 16:15:00+00:00,2016-09-13 17:30:00+00:00,-1,-0.9999999999999888,SL,False
S2-05,ny_or_break,AUDUSD,2016-09-14 13:00:00+00:00,2016-09-14 13:15:00+00:00,2016-09-14 13:15:00+00:00,-1,-1.0000000000000224,SL,False
S2-05,ny_or_break,AUDUSD,2016-09-19 13:15:00+00:00,2016-09-19 13:30:00+00:00,2016-09-19 13:45:00+00:00,1,1.2499999999999385,TP,False
S2-05,ny_or_break,AUDUSD,2016-09-19 13:45:00+00:00,2016-09-19 14:00:00+00:00,2016-09-19 14:45:00+00:00,1,-1.0,SL,False
S2-05,ny_or_break,AUDUSD,2016-09-19 14:45:00+00:00,2016-09-19 15:00:00+00:00,2016-09-19 16:00:00+00:00,1,-0.999999999999953,SL,False
S2-05,ny_or_break,AUDUSD,2016-09-19 16:00:00+00:00,2016-09-19 16:15:00+00:00,2016-09-19 16:15:00+00:00,1,-1.0000000000000453,SL,False
S2-05,ny_or_break,AUDUSD,2016-09-19 16:15:00+00:00,2016-09-19 16:30:00+00:00,2016-09-19 17:30:00+00:00,1,-1.0000000000000218,SL,False
S2-05,ny_or_break,AUDUSD,2016-09-21 12:00:00+00:00,2016-09-21 12:15:00+00:00,2016-09-21 12:15:00+00:00,1,-1.0000000000000555,SL,False
S2-05,ny_or_break,AUDUSD,2016-09-22 12:30:00+00:00,2016-09-22 12:45:00+00:00,2016-09-22 13:00:00+00:00,1,-1.0000000000000675,SL,False
S2-05,ny_or_break,AUDUSD,2016-09-26 13:00:00+00:00,2016-09-26 13:15:00+00:00,2016-09-26 13:30:00+00:00,1,-0.9999999999999764,SL,False
S2-05,ny_or_break,AUDUSD,2016-09-26 14:00:00+00:00,2016-09-26 14:15:00+00:00,2016-09-26 14:15:00+00:00,1,-0.9999999999999433,SL,False
S2-05,ny_or_break,AUDUSD,2016-09-26 14:15:00+00:00,2016-09-26 14:30:00+00:00,2016-09-26 18:15:00+00:00,1,-0.486052720564856,TIME,False
S2-05,ny_or_break,AUDUSD,2016-09-29 16:00:00+00:00,2016-09-29 16:15:00+00:00,2016-09-29 16:45:00+00:00,1,-0.9999999999999659,SL,False
S2-05,ny_or_break,AUDUSD,2016-10-05 14:00:00+00:00,2016-10-05 14:15:00+00:00,2016-10-05 14:15:00+00:00,-1,-1.000000000000018,SL,False
S2-05,ny_or_break,AUDUSD,2016-10-05 14:30:00+00:00,2016-10-05 14:45:00+00:00,2016-10-05 15:00:00+00:00,-1,-0.9999999999999837,SL,False
S2-05,ny_or_break,AUDUSD,2016-10-06 12:15:00+00:00,2016-10-06 12:30:00+00:00,2016-10-06 12:30:00+00:00,-1,-1.0,SL,False
S2-05,ny_or_break,AUDUSD,2016-10-06 12:45:00+00:00,2016-10-06 13:00:00+00:00,2016-10-06 15:45:00+00:00,-1,-0.9999999999999617,SL,False
S2-05,ny_or_break,AUDUSD,2016-10-07 15:30:00+00:00,2016-10-07 15:45:00+00:00,2016-10-07 16:00:00+00:00,-1,-0.14472813580752922,FRIDAY,False
S2-05,ny_or_break,AUDUSD,2016-10-07 16:00:00+00:00,2016-10-07 16:15:00+00:00,2016-10-07 16:15:00+00:00,-1,-0.2574132645761479,FRIDAY,False
S2-05,ny_or_break,AUDUSD,2016-10-07 16:15:00+00:00,2016-10-07 16:30:00+00:00,2016-10-07 16:30:00+00:00,-1,-0.3266918550552831,FRIDAY,False
S2-05,ny_or_break,AUDUSD,2016-10-10 14:00:00+00:00,2016-10-10 14:15:00+00:00,2016-10-10 14:30:00+00:00,1,1.2499999999999176,TP,False
S2-05,ny_or_break,AUDUSD,2016-10-10 14:30:00+00:00,2016-10-10 14:45:00+00:00,2016-10-10 14:45:00+00:00,1,-0.9999999999999768,SL,False
S2-05,ny_or_break,AUDUSD,2016-10-10 14:45:00+00:00,2016-10-10 15:00:00+00:00,2016-10-10 15:15:00+00:00,1,-0.9999999999999324,SL,False
S2-05,ny_or_break,AUDUSD,2016-10-10 15:15:00+00:00,2016-10-10 15:30:00+00:00,2016-10-10 19:00:00+00:00,1,-1.0000000000000222,SL,False
S2-05,ny_or_break,AUDUSD,2016-10-12 13:00:00+00:00,2016-10-12 13:15:00+00:00,2016-10-12 13:15:00+00:00,-1,-0.9999999999999747,SL,False
S2-05,ny_or_break,AUDUSD,2016-10-12 13:15:00+00:00,2016-10-12 13:30:00+00:00,2016-10-12 13:45:00+00:00,-1,-0.9999999999999754,SL,False
S2-05,ny_or_break,AUDUSD,2016-10-12 16:00:00+00:00,2016-10-12 16:15:00+00:00,2016-10-12 16:30:00+00:00,-1,-1.000000000000019,SL,False
S2-05,ny_or_break,AUDUSD,2016-10-12 16:30:00+00:00,2016-10-12 16:45:00+00:00,2016-10-12 18:00:00+00:00,-1,-1.0000000000000377,SL,False
S2-05,ny_or_break,AUDUSD,2016-10-14 12:30:00+00:00,2016-10-14 12:45:00+00:00,2016-10-14 12:45:00+00:00,1,-1.0000000000000573,SL,False
S2-05,ny_or_break,AUDUSD,2016-10-14 12:45:00+00:00,2016-10-14 13:00:00+00:00,2016-10-14 14:00:00+00:00,1,1.25,TP,False
S2-05,ny_or_break,AUDUSD,2016-10-14 14:00:00+00:00,2016-10-14 14:15:00+00:00,2016-10-14 14:45:00+00:00,1,-0.9999999999999685,SL,False
S2-05,ny_or_break,AUDUSD,2016-10-17 12:45:00+00:00,2016-10-17 13:00:00+00:00,2016-10-17 13:30:00+00:00,1,-0.9999999999999737,SL,False
S2-05,ny_or_break,AUDUSD,2016-10-17 13:30:00+00:00,2016-10-17 13:45:00+00:00,2016-10-17 17:00:00+00:00,1,1.2499999999999754,TP,False
S2-05,ny_or_break,AUDUSD,2016-10-19 14:45:00+00:00,2016-10-19 15:00:00+00:00,2016-10-19 15:00:00+00:00,1,1.249999999999927,TP,False
S2-05,ny_or_break,AUDUSD,2016-10-19 15:00:00+00:00,2016-10-19 15:15:00+00:00,2016-10-19 15:15:00+00:00,1,-0.9999999999999422,SL,False
S2-05,ny_or_break,AUDUSD,2016-10-19 15:15:00+00:00,2016-10-19 15:30:00+00:00,2016-10-19 16:15:00+00:00,1,1.250000000000053,TP,False
S2-05,ny_or_break,AUDUSD,2016-10-19 16:15:00+00:00,2016-10-19 16:30:00+00:00,2016-10-19 17:00:00+00:00,1,-0.9999999999999686,SL,False
S2-05,ny_or_break,AUDUSD,2016-10-20 15:00:00+00:00,2016-10-20 15:15:00+00:00,2016-10-20 15:15:00+00:00,-1,-1.0000000000000446,SL,False
S2-05,ny_or_break,AUDUSD,2016-10-20 15:15:00+00:00,2016-10-20 15:30:00+00:00,2016-10-20 19:15:00+00:00,-1,1.0376749110686236,TIME,False
S2-05,ny_or_break,AUDUSD,2016-10-21 12:15:00+00:00,2016-10-21 12:30:00+00:00,2016-10-21 12:45:00+00:00,-1,1.2500000000000329,TP,False
S2-05,ny_or_break,AUDUSD,2016-10-21 12:45:00+00:00,2016-10-21 13:00:00+00:00,2016-10-21 13:00:00+00:00,-1,1.25,TP,False
S2-05,ny_or_break,AUDUSD,2016-10-21 13:00:00+00:00,2016-10-21 13:15:00+00:00,2016-10-21 13:30:00+00:00,-1,1.2499999999999702,TP,False
S2-05,ny_or_break,AUDUSD,2016-10-21 13:30:00+00:00,2016-10-21 13:45:00+00:00,2016-10-21 14:00:00+00:00,-1,1.2499999999999445,TP,False
S2-05,ny_or_break,AUDUSD,2016-10-21 14:00:00+00:00,2016-10-21 14:15:00+00:00,2016-10-21 14:15:00+00:00,-1,-1.0000000000000762,SL,False
S2-05,ny_or_break,AUDUSD,2016-10-21 14:15:00+00:00,2016-10-21 14:30:00+00:00,2016-10-21 14:30:00+00:00,-1,-1.0000000000000713,SL,False
S2-05,ny_or_break,AUDUSD,2016-10-21 14:30:00+00:00,2016-10-21 14:45:00+00:00,2016-10-21 14:45:00+00:00,-1,1.25,TP,False
S2-05,ny_or_break,AUDUSD,2016-10-21 14:45:00+00:00,2016-10-21 15:00:00+00:00,2016-10-21 15:15:00+00:00,-1,1.2500000000000613,TP,False
S2-05,ny_or_break,AUDUSD,2016-10-21 15:15:00+00:00,2016-10-21 15:30:00+00:00,2016-10-21 15:45:00+00:00,-1,-0.999999999999982,SL,False
S2-05,ny_or_break,AUDUSD,2016-10-21 15:45:00+00:00,2016-10-21 16:00:00+00:00,2016-10-21 16:00:00+00:00,-1,0.12151577164631995,FRIDAY,False
S2-05,ny_or_break,AUDUSD,2016-10-21 16:00:00+00:00,2016-10-21 16:15:00+00:00,2016-10-21 16:15:00+00:00,-1,0.17960900530567372,FRIDAY,False
S2-05,ny_or_break,AUDUSD,2016-10-21 16:15:00+00:00,2016-10-21 16:30:00+00:00,2016-10-21 16:30:00+00:00,-1,-0.8904063126602356,FRIDAY,False
S2-05,ny_or_break,AUDUSD,2016-10-21 16:30:00+00:00,2016-10-21 16:45:00+00:00,2016-10-21 16:45:00+00:00,-1,-0.10723833389979252,FRIDAY,False
S2-05,ny_or_break,AUDUSD,2016-10-21 16:45:00+00:00,2016-10-21 17:00:00+00:00,2016-10-21 17:00:00+00:00,-1,0.16767792133628381,FRIDAY,False
S2-05,ny_or_break,AUDUSD,2016-10-24 14:00:00+00:00,2016-10-24 14:15:00+00:00,2016-10-24 14:15:00+00:00,-1,-1.000000000000082,SL,False
S2-05,ny_or_break,AUDUSD,2016-10-24 14:15:00+00:00,2016-10-24 14:30:00+00:00,2016-10-24 14:30:00+00:00,-1,-0.9999999999999226,SL,False
S2-05,ny_or_break,AUDUSD,2016-10-24 14:30:00+00:00,2016-10-24 14:45:00+00:00,2016-10-24 17:15:00+00:00,-1,1.2499999999999232,TP,False
S2-05,ny_or_break,AUDUSD,2016-10-25 15:15:00+00:00,2016-10-25 15:30:00+00:00,2016-10-25 19:15:00+00:00,1,-0.09077684276475864,TIME,False
S2-05,ny_or_break,AUDUSD,2016-10-27 13:30:00+00:00,2016-10-27 13:45:00+00:00,2016-10-27 13:45:00+00:00,-1,-1.0000000000000575,SL,False
S2-05,ny_or_break,AUDUSD,2016-10-27 14:00:00+00:00,2016-10-27 14:15:00+00:00,2016-10-27 16:30:00+00:00,-1,1.25,TP,False
S2-05,ny_or_break,AUDUSD,2016-10-27 16:30:00+00:00,2016-10-27 16:45:00+00:00,2016-10-27 20:30:00+00:00,-1,-0.05646138168393931,TIME,False
S2-05,ny_or_break,AUDUSD,2016-10-31 14:30:00+00:00,2016-10-31 14:45:00+00:00,2016-10-31 15:45:00+00:00,-1,-0.9999999999999218,SL,False
S2-05,ny_or_break,AUDUSD,2016-11-01 13:00:00+00:00,2016-11-01 13:15:00+00:00,2016-11-01 13:15:00+00:00,1,-1.0,SL,False
S2-05,ny_or_break,AUDUSD,2016-11-01 13:15:00+00:00,2016-11-01 13:30:00+00:00,2016-11-01 13:30:00+00:00,1,-1.0000000000000604,SL,False
S2-05,ny_or_break,AUDUSD,2016-11-02 12:30:00+00:00,2016-11-02 12:45:00+00:00,2016-11-02 12:45:00+00:00,1,-0.9999999999999517,SL,False
S2-05,ny_or_break,AUDUSD,2016-11-02 13:45:00+00:00,2016-11-02 14:00:00+00:00,2016-11-02 14:30:00+00:00,1,-1.0000000000000604,SL,False
S2-05,ny_or_break,AUDUSD,2016-11-02 14:45:00+00:00,2016-11-02 15:00:00+00:00,2016-11-02 15:30:00+00:00,1,-0.9999999999999372,SL,False
S2-05,ny_or_break,AUDUSD,2016-11-02 16:00:00+00:00,2016-11-02 16:15:00+00:00,2016-11-02 18:00:00+00:00,1,-1.0,SL,False
S2-05,ny_or_break,AUDUSD,2016-11-04 12:00:00+00:00,2016-11-04 12:15:00+00:00,2016-11-04 12:15:00+00:00,1,-0.9999999999999662,SL,False
S2-05,ny_or_break,AUDUSD,2016-11-07 13:45:00+00:00,2016-11-07 14:00:00+00:00,2016-11-07 14:00:00+00:00,1,1.2499999999999647,TP,False
S2-05,ny_or_break,AUDUSD,2016-11-07 14:00:00+00:00,2016-11-07 14:15:00+00:00,2016-11-07 14:15:00+00:00,1,1.2499999999999003,TP,False
S2-05,ny_or_break,AUDUSD,2016-11-07 14:15:00+00:00,2016-11-07 14:30:00+00:00,2016-11-07 14:30:00+00:00,1,1.2500000000000948,TP,False
S2-05,ny_or_break,AUDUSD,2016-11-07 14:30:00+00:00,2016-11-07 14:45:00+00:00,2016-11-07 14:45:00+00:00,1,-1.000000000000087,SL,False
S2-05,ny_or_break,AUDUSD,2016-11-07 14:45:00+00:00,2016-11-07 15:00:00+00:00,2016-11-07 15:15:00+00:00,1,-1.0000000000000833,SL,False
S2-05,ny_or_break,AUDUSD,2016-11-07 15:15:00+00:00,2016-11-07 15:30:00+00:00,2016-11-07 16:00:00+00:00,1,-1.0,SL,False
S2-05,ny_or_break,AUDUSD,2016-11-07 16:00:00+00:00,2016-11-07 16:15:00+00:00,2016-11-07 17:45:00+00:00,1,1.2500000000000504,TP,False
S2-05,ny_or_break,AUDUSD,2016-11-08 16:00:00+00:00,2016-11-08 16:15:00+00:00,2016-11-08 16:30:00+00:00,1,1.250000000000024,TP,False
S2-05,ny_or_break,AUDUSD,2016-11-08 16:30:00+00:00,2016-11-08 16:45:00+00:00,2016-11-08 18:30:00+00:00,1,1.2500000000000204,TP,False
S2-05,ny_or_break,AUDUSD,2016-11-10 13:00:00+00:00,2016-11-10 13:15:00+00:00,2016-11-10 13:15:00+00:00,-1,-0.9999999999999706,SL,False
S2-05,ny_or_break,AUDUSD,2016-11-10 13:15:00+00:00,2016-11-10 13:30:00+00:00,2016-11-10 14:15:00+00:00,-1,1.2500000000000095,TP,False
S2-05,ny_or_break,AUDUSD,2016-11-10 14:15:00+00:00,2016-11-10 14:30:00+00:00,2016-11-10 14:45:00+00:00,-1,1.249999999999981,TP,False
S2-05,ny_or_break,AUDUSD,2016-11-10 14:45:00+00:00,2016-11-10 15:00:00+00:00,2016-11-10 15:30:00+00:00,-1,-0.9999999999999731,SL,False
S2-05,ny_or_break,AUDUSD,2016-11-10 15:30:00+00:00,2016-11-10 15:45:00+00:00,2016-11-10 15:45:00+00:00,-1,1.2499999999999738,TP,False
S2-05,ny_or_break,AUDUSD,2016-11-10 15:45:00+00:00,2016-11-10 16:00:00+00:00,2016-11-10 16:15:00+00:00,-1,-1.000000000000026,SL,False
S2-05,ny_or_break,AUDUSD,2016-11-10 16:15:00+00:00,2016-11-10 16:30:00+00:00,2016-11-10 17:00:00+00:00,-1,-0.9999999999999728,SL,False
S2-05,ny_or_break,AUDUSD,2016-11-11 14:30:00+00:00,2016-11-11 14:45:00+00:00,2016-11-11 15:00:00+00:00,-1,1.2500000000000135,TP,False
S2-05,ny_or_break,AUDUSD,2016-11-11 15:00:00+00:00,2016-11-11 15:15:00+00:00,2016-11-11 16:00:00+00:00,-1,1.369294995074816,FRIDAY,False
S2-05,ny_or_break,AUDUSD,2016-11-11 16:00:00+00:00,2016-11-11 16:15:00+00:00,2016-11-11 16:15:00+00:00,-1,0.4290645247587417,FRIDAY,False
S2-05,ny_or_break,AUDUSD,2016-11-11 16:15:00+00:00,2016-11-11 16:30:00+00:00,2016-11-11 16:30:00+00:00,-1,-1.2935922147524799,FRIDAY,False
S2-05,ny_or_break,AUDUSD,2016-11-11 16:30:00+00:00,2016-11-11 16:45:00+00:00,2016-11-11 16:45:00+00:00,-1,-0.9855327762528705,FRIDAY,False
S2-05,ny_or_break,AUDUSD,2016-11-11 16:45:00+00:00,2016-11-11 17:00:00+00:00,2016-11-11 17:00:00+00:00,-1,0.1303341591834203,FRIDAY,False
S2-05,ny_or_break,AUDUSD,2016-11-14 15:45:00+00:00,2016-11-14 16:00:00+00:00,2016-11-14 16:00:00+00:00,-1,-1.0000000000000133,SL,False
S2-05,ny_or_break,AUDUSD,2016-11-15 14:00:00+00:00,2016-11-15 14:15:00+00:00,2016-11-15 14:15:00+00:00,-1,-1.0000000000000153,SL,False
S2-05,ny_or_break,AUDUSD,2016-11-15 14:15:00+00:00,2016-11-15 14:30:00+00:00,2016-11-15 14:30:00+00:00,-1,-1.0000000000000147,SL,False
S2-05,ny_or_break,AUDUSD,2016-11-15 14:30:00+00:00,2016-11-15 14:45:00+00:00,2016-11-15 15:00:00+00:00,-1,-0.9999999999999865,SL,False
S2-05,ny_or_break,AUDUSD,2016-11-15 16:30:00+00:00,2016-11-15 16:45:00+00:00,2016-11-15 20:00:00+00:00,-1,-1.0000000000000107,SL,False
S2-05,ny_or_break,AUDUSD,2016-11-16 12:15:00+00:00,2016-11-16 12:30:00+00:00,2016-11-16 13:30:00+00:00,-1,-0.9999999999999725,SL,False
S2-05,ny_or_break,AUDUSD,2016-11-16 15:45:00+00:00,2016-11-16 16:00:00+00:00,2016-11-16 16:00:00+00:00,-1,-1.0000000000000135,SL,False
S2-05,ny_or_break,AUDUSD,2016-11-17 13:15:00+00:00,2016-11-17 13:30:00+00:00,2016-11-17 13:30:00+00:00,-1,-0.9999999999999797,SL,False
S2-05,ny_or_break,AUDUSD,2016-11-17 13:30:00+00:00,2016-11-17 13:45:00+00:00,2016-11-17 14:00:00+00:00,-1,-0.9999999999999629,SL,False
S2-05,ny_or_break,AUDUSD,2016-11-17 16:30:00+00:00,2016-11-17 16:45:00+00:00,2016-11-17 17:30:00+00:00,-1,1.2500000000000282,TP,False
S2-05,ny_or_break,AUDUSD,2016-11-18 15:15:00+00:00,2016-11-18 15:30:00+00:00,2016-11-18 15:30:00+00:00,-1,1.25,TP,False
S2-05,ny_or_break,AUDUSD,2016-11-18 15:30:00+00:00,2016-11-18 15:45:00+00:00,2016-11-18 16:00:00+00:00,-1,0.7569698257543562,FRIDAY,False
S2-05,ny_or_break,AUDUSD,2016-11-18 16:00:00+00:00,2016-11-18 16:15:00+00:00,2016-11-18 16:15:00+00:00,-1,0.345371665407093,FRIDAY,False
S2-05,ny_or_break,AUDUSD,2016-11-18 16:15:00+00:00,2016-11-18 16:30:00+00:00,2016-11-18 16:30:00+00:00,-1,-0.15288910812403228,FRIDAY,False
S2-05,ny_or_break,AUDUSD,2016-11-18 16:30:00+00:00,2016-11-18 16:45:00+00:00,2016-11-18 16:45:00+00:00,-1,-0.5819755369824292,FRIDAY,False
S2-05,ny_or_break,AUDUSD,2016-11-18 16:45:00+00:00,2016-11-18 17:00:00+00:00,2016-11-18 17:00:00+00:00,-1,-0.116606270343869,FRIDAY,False
S2-05,ny_or_break,AUDUSD,2016-11-30 15:00:00+00:00,2016-11-30 15:15:00+00:00,2016-11-30 15:45:00+00:00,-1,1.25,TP,False
S2-05,ny_or_break,AUDUSD,2016-11-30 15:45:00+00:00,2016-11-30 16:00:00+00:00,2016-11-30 19:45:00+00:00,-1,-0.28246829094007225,TIME,False
S2-05,ny_or_break,AUDUSD,2016-12-01 14:45:00+00:00,2016-12-01 15:00:00+00:00,2016-12-01 15:00:00+00:00,-1,-1.000000000000056,SL,False
S2-05,ny_or_break,AUDUSD,2016-12-02 15:00:00+00:00,2016-12-02 15:15:00+00:00,2016-12-02 15:30:00+00:00,1,-1.0000000000000282,SL,False
S2-05,ny_or_break,AUDUSD,2016-12-02 15:30:00+00:00,2016-12-02 15:45:00+00:00,2016-12-02 16:00:00+00:00,1,-0.17720372931898612,FRIDAY,False
S2-05,ny_or_break,AUDUSD,2016-12-02 16:00:00+00:00,2016-12-02 16:15:00+00:00,2016-12-02 16:15:00+00:00,1,-0.43433753042145895,FRIDAY,False
S2-05,ny_or_break,AUDUSD,2016-12-02 16:15:00+00:00,2016-12-02 16:30:00+00:00,2016-12-02 16:30:00+00:00,1,-0.09164103197778399,FRIDAY,False
S2-05,ny_or_break,AUDUSD,2016-12-02 16:30:00+00:00,2016-12-02 16:45:00+00:00,2016-12-02 16:45:00+00:00,1,-0.20724338843920437,FRIDAY,False
S2-05,ny_or_break,AUDUSD,2016-12-02 16:45:00+00:00,2016-12-02 17:00:00+00:00,2016-12-02 17:00:00+00:00,1,0.5787628241201679,FRIDAY,False
S2-05,ny_or_break,AUDUSD,2016-12-05 14:15:00+00:00,2016-12-05 14:30:00+00:00,2016-12-05 15:00:00+00:00,1,-1.000000000000058,SL,False
S2-05,ny_or_break,AUDUSD,2016-12-05 15:00:00+00:00,2016-12-05 15:15:00+00:00,2016-12-05 15:15:00+00:00,1,-0.9999999999999636,SL,False
S2-05,ny_or_break,AUDUSD,2016-12-05 15:15:00+00:00,2016-12-05 15:30:00+00:00,2016-12-05 15:30:00+00:00,1,1.2499999999999463,TP,False
S2-05,ny_or_break,AUDUSD,2016-12-05 15:30:00+00:00,2016-12-05 15:45:00+00:00,2016-12-05 16:15:00+00:00,1,1.2499999999999665,TP,False
S2-05,ny_or_break,AUDUSD,2016-12-05 16:15:00+00:00,2016-12-05 16:30:00+00:00,2016-12-05 17:45:00+00:00,1,1.2499999999999512,TP,False
S2-05,ny_or_break,AUDUSD,2016-12-06 13:15:00+00:00,2016-12-06 13:30:00+00:00,2016-12-06 13:45:00+00:00,1,-1.0,SL,False
S2-05,ny_or_break,AUDUSD,2016-12-06 15:15:00+00:00,2016-12-06 15:30:00+00:00,2016-12-06 15:45:00+00:00,1,-0.9999999999999398,SL,False
S2-05,ny_or_break,AUDUSD,2016-12-07 16:00:00+00:00,2016-12-07 16:15:00+00:00,2016-12-07 17:45:00+00:00,1,-1.0000000000000402,SL,False
S2-05,ny_or_break,AUDUSD,2016-12-12 13:15:00+00:00,2016-12-12 13:30:00+00:00,2016-12-12 14:15:00+00:00,1,1.2499999999999742,TP,False
S2-05,ny_or_break,AUDUSD,2016-12-12 14:15:00+00:00,2016-12-12 14:30:00+00:00,2016-12-12 15:00:00+00:00,1,-1.000000000000022,SL,False
S2-05,ny_or_break,AUDUSD,2016-12-12 15:00:00+00:00,2016-12-12 15:15:00+00:00,2016-12-12 16:15:00+00:00,1,-0.9999999999999786,SL,False
S2-05,ny_or_break,AUDUSD,2016-12-12 16:15:00+00:00,2016-12-12 16:30:00+00:00,2016-12-12 17:30:00+00:00,1,1.2500000000000397,TP,False
S2-05,ny_or_break,AUDUSD,2016-12-13 13:00:00+00:00,2016-12-13 13:15:00+00:00,2016-12-13 13:15:00+00:00,1,1.25,TP,False
S2-05,ny_or_break,AUDUSD,2016-12-13 13:15:00+00:00,2016-12-13 13:30:00+00:00,2016-12-13 14:30:00+00:00,1,1.2500000000000784,TP,False
S2-05,ny_or_break,AUDUSD,2016-12-13 14:30:00+00:00,2016-12-13 14:45:00+00:00,2016-12-13 14:45:00+00:00,1,-1.0000000000000442,SL,False
S2-05,ny_or_break,AUDUSD,2016-12-13 14:45:00+00:00,2016-12-13 15:00:00+00:00,2016-12-13 15:00:00+00:00,1,-0.9999999999999362,SL,False
S2-05,ny_or_break,AUDUSD,2016-12-13 15:00:00+00:00,2016-12-13 15:15:00+00:00,2016-12-13 15:15:00+00:00,1,-1.0,SL,False
S2-05,ny_or_break,AUDUSD,2016-12-13 15:45:00+00:00,2016-12-13 16:00:00+00:00,2016-12-13 16:00:00+00:00,1,1.249999999999963,TP,False
S2-05,ny_or_break,AUDUSD,2016-12-13 16:00:00+00:00,2016-12-13 16:15:00+00:00,2016-12-13 16:30:00+00:00,1,-1.0,SL,False
S2-05,ny_or_break,AUDUSD,2016-12-13 16:30:00+00:00,2016-12-13 16:45:00+00:00,2016-12-13 20:30:00+00:00,1,0.21859731205766764,TIME,False
S2-05,ny_or_break,AUDUSD,2016-12-15 14:30:00+00:00,2016-12-15 14:45:00+00:00,2016-12-15 16:30:00+00:00,-1,1.2499999999999623,TP,False
S2-05,ny_or_break,AUDUSD,2016-12-15 16:30:00+00:00,2016-12-15 16:45:00+00:00,2016-12-15 17:00:00+00:00,-1,-1.0000000000000275,SL,False
S2-05,ny_or_break,AUDUSD,2016-12-16 13:00:00+00:00,2016-12-16 13:15:00+00:00,2016-12-16 14:15:00+00:00,-1,1.250000000000066,TP,False
S2-05,ny_or_break,AUDUSD,2016-12-16 14:15:00+00:00,2016-12-16 14:30:00+00:00,2016-12-16 14:30:00+00:00,-1,-0.9999999999999777,SL,False
S2-05,ny_or_break,AUDUSD,2016-12-16 14:30:00+00:00,2016-12-16 14:45:00+00:00,2016-12-16 15:00:00+00:00,-1,1.2500000000000668,TP,False
S2-05,ny_or_break,AUDUSD,2016-12-16 15:00:00+00:00,2016-12-16 15:15:00+00:00,2016-12-16 15:15:00+00:00,-1,1.2500000000000202,TP,False
S2-05,ny_or_break,AUDUSD,2016-12-16 15:15:00+00:00,2016-12-16 15:30:00+00:00,2016-12-16 15:30:00+00:00,-1,1.249999999999982,TP,False
S2-05,ny_or_break,AUDUSD,2016-12-16 15:30:00+00:00,2016-12-16 15:45:00+00:00,2016-12-16 16:00:00+00:00,-1,-1.4436121240120778,FRIDAY,False
S2-05,ny_or_break,AUDUSD,2016-12-16 16:00:00+00:00,2016-12-16 16:15:00+00:00,2016-12-16 16:15:00+00:00,-1,-0.7017571983925442,FRIDAY,False
S2-05,ny_or_break,AUDUSD,2016-12-16 16:15:00+00:00,2016-12-16 16:30:00+00:00,2016-12-16 16:30:00+00:00,-1,-0.1676566938980793,FRIDAY,False
S2-05,ny_or_break,AUDUSD,2016-12-16 16:30:00+00:00,2016-12-16 16:45:00+00:00,2016-12-16 16:45:00+00:00,-1,0.2602621964324092,FRIDAY,False
S2-05,ny_or_break,AUDUSD,2016-12-16 16:45:00+00:00,2016-12-16 17:00:00+00:00,2016-12-16 17:00:00+00:00,-1,-0.6227639774932981,FRIDAY,False
S2-05,ny_or_break,AUDUSD,2016-12-19 12:00:00+00:00,2016-12-19 12:15:00+00:00,2016-12-19 13:15:00+00:00,-1,1.2499999999999742,TP,False
S2-05,ny_or_break,AUDUSD,2016-12-19 13:15:00+00:00,2016-12-19 13:30:00+00:00,2016-12-19 16:15:00+00:00,-1,-0.9999999999999778,SL,False
S2-05,ny_or_break,AUDUSD,2016-12-19 16:15:00+00:00,2016-12-19 16:30:00+00:00,2016-12-19 17:45:00+00:00,-1,1.25,TP,False
S2-05,ny_or_break,AUDUSD,2016-12-20 12:15:00+00:00,2016-12-20 12:30:00+00:00,2016-12-20 12:45:00+00:00,-1,-1.0000000000000855,SL,False
S2-05,ny_or_break,AUDUSD,2016-12-20 14:15:00+00:00,2016-12-20 14:30:00+00:00,2016-12-20 14:45:00+00:00,-1,-1.0000000000000258,SL,False
S2-05,ny_or_break,AUDUSD,2016-12-23 12:00:00+00:00,2016-12-23 12:15:00+00:00,2016-12-23 12:15:00+00:00,-1,1.2499999999999645,TP,False
S2-05,ny_or_break,AUDUSD,2016-12-23 12:15:00+00:00,2016-12-23 12:30:00+00:00,2016-12-23 12:30:00+00:00,-1,1.2500000000000278,TP,False
S2-05,ny_or_break,AUDUSD,2016-12-23 12:30:00+00:00,2016-12-23 12:45:00+00:00,2016-12-23 13:15:00+00:00,-1,1.2500000000000755,TP,False
S2-05,ny_or_break,AUDUSD,2016-12-23 13:15:00+00:00,2016-12-23 13:30:00+00:00,2016-12-23 13:30:00+00:00,-1,-0.9999999999999366,SL,False
S2-05,ny_or_break,AUDUSD,2016-12-23 13:30:00+00:00,2016-12-23 13:45:00+00:00,2016-12-23 15:00:00+00:00,-1,-0.9999999999999382,SL,False
S2-05,ny_or_break,AUDUSD,2016-12-23 15:00:00+00:00,2016-12-23 15:15:00+00:00,2016-12-23 16:00:00+00:00,-1,-0.48696225792771997,FRIDAY,False
S2-05,ny_or_break,AUDUSD,2016-12-23 16:00:00+00:00,2016-12-23 16:15:00+00:00,2016-12-23 16:15:00+00:00,-1,-0.5404294699857262,FRIDAY,False
S2-05,ny_or_break,AUDUSD,2016-12-23 16:15:00+00:00,2016-12-23 16:30:00+00:00,2016-12-23 16:30:00+00:00,-1,-0.13441794180978436,FRIDAY,False
S2-05,ny_or_break,AUDUSD,2016-12-23 16:30:00+00:00,2016-12-23 16:45:00+00:00,2016-12-23 16:45:00+00:00,-1,0.37293210909276514,FRIDAY,False
S2-05,ny_or_break,AUDUSD,2016-12-23 16:45:00+00:00,2016-12-23 17:00:00+00:00,2016-12-23 17:00:00+00:00,-1,-0.5065566012304485,FRIDAY,False
S2-05,ny_or_break,AUDUSD,2016-12-28 13:15:00+00:00,2016-12-28 13:30:00+00:00,2016-12-28 13:30:00+00:00,-1,1.2500000000000637,TP,False
S2-05,ny_or_break,AUDUSD,2016-12-28 13:30:00+00:00,2016-12-28 13:45:00+00:00,2016-12-28 14:15:00+00:00,-1,-1.0000000000000873,SL,False
S2-05,ny_or_break,AUDUSD,2016-12-28 14:15:00+00:00,2016-12-28 14:30:00+00:00,2016-12-28 14:30:00+00:00,-1,-0.99999999999994,SL,False
S2-05,ny_or_break,AUDUSD,2016-12-28 14:30:00+00:00,2016-12-28 14:45:00+00:00,2016-12-28 15:00:00+00:00,-1,1.2500000000000298,TP,False
S2-05,ny_or_break,AUDUSD,2016-12-28 15:00:00+00:00,2016-12-28 15:15:00+00:00,2016-12-28 15:15:00+00:00,-1,-1.000000000000087,SL,False
S2-05,ny_or_break,AUDUSD,2016-12-28 15:15:00+00:00,2016-12-28 15:30:00+00:00,2016-12-28 15:45:00+00:00,-1,-1.0000000000000833,SL,False
S2-05,ny_or_break,AUDUSD,2016-12-28 15:45:00+00:00,2016-12-28 16:00:00+00:00,2016-12-28 16:00:00+00:00,-1,-0.9999999999999185,SL,False
S2-05,ny_or_break,AUDUSD,2016-12-29 16:15:00+00:00,2016-12-29 16:30:00+00:00,2016-12-29 16:30:00+00:00,1,-1.0000000000000637,SL,False
S2-05,ny_or_break,AUDUSD,2016-12-30 15:45:00+00:00,2016-12-30 16:00:00+00:00,2016-12-30 16:00:00+00:00,1,-0.7015771395921124,FRIDAY,False
S2-05,ny_or_break,AUDUSD,2016-12-30 16:00:00+00:00,2016-12-30 16:15:00+00:00,2016-12-30 16:15:00+00:00,1,-1.4423053067705363,FRIDAY,False
S2-05,ny_or_break,AUDUSD,2017-01-03 16:30:00+00:00,2017-01-03 16:45:00+00:00,2017-01-03 16:45:00+00:00,1,-1.000000000000016,SL,False
S2-05,ny_or_break,AUDUSD,2017-01-04 15:45:00+00:00,2017-01-04 16:00:00+00:00,2017-01-04 16:15:00+00:00,1,-1.0000000000000169,SL,False
S2-05,ny_or_break,AUDUSD,2017-01-05 15:00:00+00:00,2017-01-05 15:15:00+00:00,2017-01-05 15:45:00+00:00,1,1.2500000000000329,TP,False
S2-05,ny_or_break,AUDUSD,2017-01-05 15:45:00+00:00,2017-01-05 16:00:00+00:00,2017-01-05 16:45:00+00:00,1,-1.0000000000000426,SL,False
S2-05,ny_or_break,AUDUSD,2017-01-05 16:45:00+00:00,2017-01-05 17:00:00+00:00,2017-01-05 20:45:00+00:00,1,0.5093464482097634,TIME,False
S2-05,ny_or_break,AUDUSD,2017-01-09 13:15:00+00:00,2017-01-09 13:30:00+00:00,2017-01-09 16:00:00+00:00,1,1.2500000000000668,TP,False
S2-05,ny_or_break,AUDUSD,2017-01-09 16:00:00+00:00,2017-01-09 16:15:00+00:00,2017-01-09 16:15:00+00:00,1,1.2499999999999334,TP,False
S2-05,ny_or_break,AUDUSD,2017-01-09 16:15:00+00:00,2017-01-09 16:30:00+00:00,2017-01-09 18:00:00+00:00,1,1.250000000000056,TP,False
S2-05,ny_or_break,AUDUSD,2017-01-10 15:45:00+00:00,2017-01-10 16:00:00+00:00,2017-01-10 16:45:00+00:00,1,-0.999999999999983,SL,False
S2-05,ny_or_break,AUDUSD,2017-01-12 13:00:00+00:00,2017-01-12 13:15:00+00:00,2017-01-12 13:15:00+00:00,1,-0.999999999999937,SL,False
S2-05,ny_or_break,AUDUSD,2017-01-18 15:30:00+00:00,2017-01-18 15:45:00+00:00,2017-01-18 16:15:00+00:00,1,-0.9999999999999575,SL,False
S2-05,ny_or_break,AUDUSD,2017-01-23 13:30:00+00:00,2017-01-23 13:45:00+00:00,2017-01-23 14:00:00+00:00,1,-0.999999999999931,SL,False
S2-05,ny_or_break,AUDUSD,2017-01-23 14:45:00+00:00,2017-01-23 15:00:00+00:00,2017-01-23 16:00:00+00:00,1,-0.999999999999963,SL,False
S2-05,ny_or_break,AUDUSD,2017-01-24 14:00:00+00:00,2017-01-24 14:15:00+00:00,2017-01-24 14:30:00+00:00,1,1.2499999999999747,TP,False
S2-05,ny_or_break,AUDUSD,2017-01-24 14:30:00+00:00,2017-01-24 14:45:00+00:00,2017-01-24 14:45:00+00:00,1,1.2500000000000249,TP,False
S2-05,ny_or_break,AUDUSD,2017-01-24 14:45:00+00:00,2017-01-24 15:00:00+00:00,2017-01-24 15:00:00+00:00,1,1.25,TP,False
S2-05,ny_or_break,AUDUSD,2017-01-24 15:00:00+00:00,2017-01-24 15:15:00+00:00,2017-01-24 15:15:00+00:00,1,-0.9999999999999778,SL,False
S2-05,ny_or_break,AUDUSD,2017-01-24 15:15:00+00:00,2017-01-24 15:30:00+00:00,2017-01-24 15:45:00+00:00,1,-0.9999999999999304,SL,False
S2-05,ny_or_break,AUDUSD,2017-01-24 15:45:00+00:00,2017-01-24 16:00:00+00:00,2017-01-24 16:30:00+00:00,1,-1.000000000000063,SL,False
S2-05,ny_or_break,AUDUSD,2017-01-24 16:30:00+00:00,2017-01-24 16:45:00+00:00,2017-01-24 17:15:00+00:00,1,1.2499999999999813,TP,False
S2-05,ny_or_break,AUDUSD,2017-01-26 12:45:00+00:00,2017-01-26 13:00:00+00:00,2017-01-26 13:30:00+00:00,-1,-0.9999999999999777,SL,False
S2-05,ny_or_break,AUDUSD,2017-01-26 14:15:00+00:00,2017-01-26 14:30:00+00:00,2017-01-26 14:45:00+00:00,-1,-1.0000000000000413,SL,False
S2-05,ny_or_break,AUDUSD,2017-01-26 15:30:00+00:00,2017-01-26 15:45:00+00:00,2017-01-26 18:00:00+00:00,-1,-1.0000000000000342,SL,False
S2-05,ny_or_break,AUDUSD,2017-01-30 13:00:00+00:00,2017-01-30 13:15:00+00:00,2017-01-30 13:30:00+00:00,-1,-1.0,SL,False
S2-05,ny_or_break,AUDUSD,2017-01-30 16:15:00+00:00,2017-01-30 16:30:00+00:00,2017-01-30 16:45:00+00:00,1,-0.9999999999999636,SL,False
S2-05,ny_or_break,AUDUSD,2017-01-31 12:15:00+00:00,2017-01-31 12:30:00+00:00,2017-01-31 14:00:00+00:00,1,-0.999999999999953,SL,False
S2-05,ny_or_break,AUDUSD,2017-01-31 14:00:00+00:00,2017-01-31 14:15:00+00:00,2017-01-31 14:15:00+00:00,1,1.2500000000000204,TP,False
S2-05,ny_or_break,AUDUSD,2017-01-31 14:15:00+00:00,2017-01-31 14:30:00+00:00,2017-01-31 14:45:00+00:00,1,1.2499999999999643,TP,False
S2-05,ny_or_break,AUDUSD,2017-01-31 14:45:00+00:00,2017-01-31 15:00:00+00:00,2017-01-31 15:15:00+00:00,1,-0.9999999999999687,SL,False
S2-05,ny_or_break,AUDUSD,2017-01-31 15:15:00+00:00,2017-01-31 15:30:00+00:00,2017-01-31 15:45:00+00:00,1,-1.0000000000000462,SL,False
S2-05,ny_or_break,AUDUSD,2017-01-31 15:45:00+00:00,2017-01-31 16:00:00+00:00,2017-01-31 16:15:00+00:00,1,-1.0,SL,False
S2-05,ny_or_break,AUDUSD,2017-01-31 16:15:00+00:00,2017-01-31 16:30:00+00:00,2017-01-31 17:15:00+00:00,1,-1.0000000000000144,SL,False
S2-05,ny_or_break,AUDUSD,2017-02-02 12:45:00+00:00,2017-02-02 13:00:00+00:00,2017-02-02 13:15:00+00:00,1,1.2500000000000455,TP,False
S2-05,ny_or_break,AUDUSD,2017-02-02 13:15:00+00:00,2017-02-02 13:30:00+00:00,2017-02-02 13:45:00+00:00,1,-0.9999999999999778,SL,False
S2-05,ny_or_break,AUDUSD,2017-02-02 13:45:00+00:00,2017-02-02 14:00:00+00:00,2017-02-02 14:00:00+00:00,1,-1.0000000000000202,SL,False
S2-05,ny_or_break,AUDUSD,2017-02-02 14:00:00+00:00,2017-02-02 14:15:00+00:00,2017-02-02 14:45:00+00:00,1,1.25,TP,False
S2-05,ny_or_break,AUDUSD,2017-02-02 14:45:00+00:00,2017-02-02 15:00:00+00:00,2017-02-02 15:00:00+00:00,1,-1.0,SL,False
S2-05,ny_or_break,AUDUSD,2017-02-02 15:00:00+00:00,2017-02-02 15:15:00+00:00,2017-02-02 15:45:00+00:00,1,-1.0,SL,False
S2-05,ny_or_break,AUDUSD,2017-02-02 15:45:00+00:00,2017-02-02 16:00:00+00:00,2017-02-02 16:15:00+00:00,1,-0.9999999999999616,SL,False
S2-05,ny_or_break,AUDUSD,2017-02-03 14:00:00+00:00,2017-02-03 14:15:00+00:00,2017-02-03 14:15:00+00:00,1,-0.9999999999999701,SL,False
S2-05,ny_or_break,AUDUSD,2017-02-03 14:15:00+00:00,2017-02-03 14:30:00+00:00,2017-02-03 15:00:00+00:00,1,1.25,TP,False
S2-05,ny_or_break,AUDUSD,2017-02-03 15:00:00+00:00,2017-02-03 15:15:00+00:00,2017-02-03 16:00:00+00:00,1,-0.34741067098651424,FRIDAY,False
S2-05,ny_or_break,AUDUSD,2017-02-03 16:00:00+00:00,2017-02-03 16:15:00+00:00,2017-02-03 16:15:00+00:00,1,0.1629180174838848,FRIDAY,False
S2-05,ny_or_break,AUDUSD,2017-02-03 16:15:00+00:00,2017-02-03 16:30:00+00:00,2017-02-03 16:30:00+00:00,1,0.3609815777420515,FRIDAY,False
S2-05,ny_or_break,AUDUSD,2017-02-03 16:30:00+00:00,2017-02-03 16:45:00+00:00,2017-02-03 16:45:00+00:00,1,-0.4257726944537592,FRIDAY,False
S2-05,ny_or_break,AUDUSD,2017-02-03 16:45:00+00:00,2017-02-03 17:00:00+00:00,2017-02-03 17:00:00+00:00,1,-0.057575562563013494,FRIDAY,False
S2-05,ny_or_break,AUDUSD,2017-02-10 15:00:00+00:00,2017-02-10 15:15:00+00:00,2017-02-10 16:00:00+00:00,1,-0.17635285582046986,FRIDAY,False
S2-05,ny_or_break,AUDUSD,2017-02-10 16:00:00+00:00,2017-02-10 16:15:00+00:00,2017-02-10 16:15:00+00:00,1,2.147793359168084,FRIDAY,False
S2-05,ny_or_break,AUDUSD,2017-02-10 16:15:00+00:00,2017-02-10 16:30:00+00:00,2017-02-10 16:30:00+00:00,1,-0.16267071620425103,FRIDAY,False
S2-05,ny_or_break,AUDUSD,2017-02-10 16:30:00+00:00,2017-02-10 16:45:00+00:00,2017-02-10 16:45:00+00:00,1,-0.0228510359233441,FRIDAY,False
S2-05,ny_or_break,AUDUSD,2017-02-10 16:45:00+00:00,2017-02-10 17:00:00+00:00,2017-02-10 17:00:00+00:00,1,-0.399383947635549,FRIDAY,False
S2-05,ny_or_break,AUDUSD,2017-02-15 16:00:00+00:00,2017-02-15 16:15:00+00:00,2017-02-15 20:00:00+00:00,1,0.3704847278670698,TIME,False
S2-05,ny_or_break,AUDUSD,2017-02-17 16:45:00+00:00,2017-02-17 17:00:00+00:00,2017-02-17 17:00:00+00:00,-1,-0.520958664855424,FRIDAY,False
S2-05,ny_or_break,AUDUSD,2017-02-23 12:15:00+00:00,2017-02-23 12:30:00+00:00,2017-02-23 13:00:00+00:00,1,1.2500000000000813,TP,False
S2-05,ny_or_break,AUDUSD,2017-02-23 13:00:00+00:00,2017-02-23 13:15:00+00:00,2017-02-23 13:30:00+00:00,1,1.2499999999999754,TP,False
S2-05,ny_or_break,AUDUSD,2017-02-23 13:30:00+00:00,2017-02-23 13:45:00+00:00,2017-02-23 14:00:00+00:00,1,1.2499999999999538,TP,False
S2-05,ny_or_break,AUDUSD,2017-02-23 14:00:00+00:00,2017-02-23 14:15:00+00:00,2017-02-23 14:45:00+00:00,1,-1.0000000000000622,SL,False
S2-05,ny_or_break,AUDUSD,2017-02-23 14:45:00+00:00,2017-02-23 15:00:00+00:00,2017-02-23 15:15:00+00:00,1,-0.999999999999943,SL,False
S2-05,ny_or_break,AUDUSD,2017-02-23 15:15:00+00:00,2017-02-23 15:30:00+00:00,2017-02-23 16:00:00+00:00,1,1.2500000000000375,TP,False
S2-05,ny_or_break,AUDUSD,2017-02-23 16:00:00+00:00,2017-02-23 16:15:00+00:00,2017-02-23 16:15:00+00:00,1,-0.9999999999999801,SL,False
S2-05,ny_or_break,AUDUSD,2017-02-23 16:15:00+00:00,2017-02-23 16:30:00+00:00,2017-02-23 20:15:00+00:00,1,0.6260769427620916,TIME,False
S2-05,ny_or_break,AUDUSD,2017-02-24 16:45:00+00:00,2017-02-24 17:00:00+00:00,2017-02-24 17:00:00+00:00,-1,-1.2122447946972956,FRIDAY,False
S2-05,ny_or_break,AUDUSD,2017-03-02 12:00:00+00:00,2017-03-02 12:15:00+00:00,2017-03-02 12:15:00+00:00,-1,1.25000000000002,TP,False
S2-05,ny_or_break,AUDUSD,2017-03-02 12:15:00+00:00,2017-03-02 12:30:00+00:00,2017-03-02 12:45:00+00:00,-1,-1.0000000000000377,SL,False
S2-05,ny_or_break,AUDUSD,2017-03-02 12:45:00+00:00,2017-03-02 13:00:00+00:00,2017-03-02 13:30:00+00:00,-1,1.2499999999999796,TP,False
S2-05,ny_or_break,AUDUSD,2017-03-02 13:30:00+00:00,2017-03-02 13:45:00+00:00,2017-03-02 14:00:00+00:00,-1,1.249999999999979,TP,False
S2-05,ny_or_break,AUDUSD,2017-03-02 14:00:00+00:00,2017-03-02 14:15:00+00:00,2017-03-02 14:30:00+00:00,-1,1.2499999999999372,TP,False
S2-05,ny_or_break,AUDUSD,2017-03-02 14:30:00+00:00,2017-03-02 14:45:00+00:00,2017-03-02 15:30:00+00:00,-1,-1.0000000000000193,SL,False
S2-05,ny_or_break,AUDUSD,2017-03-02 15:30:00+00:00,2017-03-02 15:45:00+00:00,2017-03-02 16:45:00+00:00,-1,1.250000000000055,TP,False
S2-05,ny_or_break,AUDUSD,2017-03-02 16:45:00+00:00,2017-03-02 17:00:00+00:00,2017-03-02 17:15:00+00:00,-1,1.25,TP,False
S2-05,ny_or_break,AUDUSD,2017-03-08 13:15:00+00:00,2017-03-08 13:30:00+00:00,2017-03-08 13:30:00+00:00,-1,-0.9999999999999718,SL,False
S2-05,ny_or_break,AUDUSD,2017-03-08 13:30:00+00:00,2017-03-08 13:45:00+00:00,2017-03-08 14:00:00+00:00,-1,1.2500000000000813,TP,False
S2-05,ny_or_break,AUDUSD,2017-03-08 14:00:00+00:00,2017-03-08 14:15:00+00:00,2017-03-08 14:30:00+00:00,-1,-1.0,SL,False
S2-05,ny_or_break,AUDUSD,2017-03-08 14:30:00+00:00,2017-03-08 14:45:00+00:00,2017-03-08 17:45:00+00:00,-1,1.25,TP,False
S2-05,ny_or_break,AUDUSD,2017-03-13 15:30:00+00:00,2017-03-13 15:45:00+00:00,2017-03-13 15:45:00+00:00,1,-1.0,SL,False
S2-05,ny_or_break,AUDUSD,2017-03-14 15:45:00+00:00,2017-03-14 16:00:00+00:00,2017-03-14 16:15:00+00:00,1,-1.0000000000000497,SL,False
S2-05,ny_or_break,AUDUSD,2017-03-14 16:15:00+00:00,2017-03-14 16:30:00+00:00,2017-03-14 17:00:00+00:00,1,-1.0000000000000502,SL,False
S2-05,ny_or_break,AUDUSD,2017-03-15 12:00:00+00:00,2017-03-15 12:15:00+00:00,2017-03-15 12:30:00+00:00,1,-1.0000000000001166,SL,False
S2-05,ny_or_break,AUDUSD,2017-03-15 13:00:00+00:00,2017-03-15 13:15:00+00:00,2017-03-15 13:15:00+00:00,1,-0.9999999999999035,SL,False
S2-05,ny_or_break,AUDUSD,2017-03-15 13:15:00+00:00,2017-03-15 13:30:00+00:00,2017-03-15 14:15:00+00:00,1,1.2499999999999356,TP,False
S2-05,ny_or_break,AUDUSD,2017-03-15 14:15:00+00:00,2017-03-15 14:30:00+00:00,2017-03-15 14:30:00+00:00,1,-0.9999999999999739,SL,False
S2-05,ny_or_break,AUDUSD,2017-03-15 14:30:00+00:00,2017-03-15 14:45:00+00:00,2017-03-15 17:30:00+00:00,1,1.2500000000000484,TP,False
S2-05,ny_or_break,AUDUSD,2017-03-17 13:30:00+00:00,2017-03-17 13:45:00+00:00,2017-03-17 14:15:00+00:00,1,-1.0,SL,False
S2-05,ny_or_break,AUDUSD,2017-03-17 14:15:00+00:00,2017-03-17 14:30:00+00:00,2017-03-17 14:30:00+00:00,1,-1.0000000000000226,SL,False
S2-05,ny_or_break,AUDUSD,2017-03-21 13:30:00+00:00,2017-03-21 13:45:00+00:00,2017-03-21 13:45:00+00:00,1,-1.0000000000000295,SL,False
S2-05,ny_or_break,AUDUSD,2017-03-21 13:45:00+00:00,2017-03-21 14:00:00+00:00,2017-03-21 14:15:00+00:00,1,1.250000000000029,TP,False
S2-05,ny_or_break,AUDUSD,2017-03-21 14:15:00+00:00,2017-03-21 14:30:00+00:00,2017-03-21 14:30:00+00:00,1,-0.9999999999999755,SL,False
S2-05,ny_or_break,AUDUSD,2017-03-21 14:30:00+00:00,2017-03-21 14:45:00+00:00,2017-03-21 14:45:00+00:00,1,-1.0000000000000708,SL,False
S2-05,ny_or_break,AUDUSD,2017-03-27 13:30:00+00:00,2017-03-27 13:45:00+00:00,2017-03-27 13:45:00+00:00,-1,-1.0000000000000477,SL,False
S2-05,ny_or_break,AUDUSD,2017-03-27 14:00:00+00:00,2017-03-27 14:15:00+00:00,2017-03-27 14:30:00+00:00,-1,-1.0000000000000424,SL,False
S2-05,ny_or_break,AUDUSD,2017-03-27 14:30:00+00:00,2017-03-27 14:45:00+00:00,2017-03-27 15:00:00+00:00,-1,-1.0,SL,False
S2-05,ny_or_break,AUDUSD,2017-03-31 14:15:00+00:00,2017-03-31 14:30:00+00:00,2017-03-31 14:45:00+00:00,-1,-1.0000000000000495,SL,False
S2-05,ny_or_break,AUDUSD,2017-03-31 14:45:00+00:00,2017-03-31 15:00:00+00:00,2017-03-31 15:00:00+00:00,-1,-0.9999999999999778,SL,False
S2-05,ny_or_break,AUDUSD,2017-04-07 12:45:00+00:00,2017-04-07 13:00:00+00:00,2017-04-07 14:00:00+00:00,-1,-0.9999999999999308,SL,False
S2-05,ny_or_break,AUDUSD,2017-04-07 14:00:00+00:00,2017-04-07 14:15:00+00:00,2017-04-07 16:00:00+00:00,-1,-0.2549634964157114,FRIDAY,False
S2-05,ny_or_break,AUDUSD,2017-04-07 16:00:00+00:00,2017-04-07 16:15:00+00:00,2017-04-07 16:15:00+00:00,-1,0.1942484349394912,FRIDAY,False
S2-05,ny_or_break,AUDUSD,2017-04-07 16:15:00+00:00,2017-04-07 16:30:00+00:00,2017-04-07 16:30:00+00:00,-1,0.20383433541465334,FRIDAY,False
S2-05,ny_or_break,AUDUSD,2017-04-07 16:30:00+00:00,2017-04-07 16:45:00+00:00,2017-04-07 16:45:00+00:00,-1,0.9898853674983142,FRIDAY,False
S2-05,ny_or_break,AUDUSD,2017-04-07 16:45:00+00:00,2017-04-07 17:00:00+00:00,2017-04-07 17:00:00+00:00,-1,-0.33594362233370134,FRIDAY,False
S2-05,ny_or_break,AUDUSD,2017-04-11 14:00:00+00:00,2017-04-11 14:15:00+00:00,2017-04-11 14:15:00+00:00,-1,1.2500000000000318,TP,False
S2-05,ny_or_break,AUDUSD,2017-04-11 14:15:00+00:00,2017-04-11 14:30:00+00:00,2017-04-11 15:00:00+00:00,-1,-1.000000000000058,SL,False
S2-05,ny_or_break,AUDUSD,2017-04-11 15:00:00+00:00,2017-04-11 15:15:00+00:00,2017-04-11 15:15:00+00:00,-1,-1.0000000000000755,SL,False
S2-05,ny_or_break,AUDUSD,2017-04-11 15:15:00+00:00,2017-04-11 15:30:00+00:00,2017-04-11 15:30:00+00:00,-1,-1.0000000000000235,SL,False
S2-05,ny_or_break,AUDUSD,2017-04-11 15:30:00+00:00,2017-04-11 15:45:00+00:00,2017-04-11 15:45:00+00:00,-1,-1.000000000000022,SL,False
S2-05,ny_or_break,AUDUSD,2017-04-11 15:45:00+00:00,2017-04-11 16:00:00+00:00,2017-04-11 16:15:00+00:00,-1,-0.9999999999999352,SL,False
S2-05,ny_or_break,AUDUSD,2017-04-12 16:45:00+00:00,2017-04-12 17:00:00+00:00,2017-04-12 19:00:00+00:00,-1,-1.000000000000026,SL,False
S2-05,ny_or_break,AUDUSD,2017-04-14 12:30:00+00:00,2017-04-14 12:45:00+00:00,2017-04-14 12:45:00+00:00,1,-1.0,SL,False
S2-05,ny_or_break,AUDUSD,2017-04-14 12:45:00+00:00,2017-04-14 13:00:00+00:00,2017-04-14 13:15:00+00:00,1,-1.0000000000000935,SL,False
S2-05,ny_or_break,AUDUSD,2017-04-14 13:15:00+00:00,2017-04-14 13:30:00+00:00,2017-04-14 13:45:00+00:00,1,-1.0000000000001543,SL,False
S2-05,ny_or_break,AUDUSD,2017-04-14 14:30:00+00:00,2017-04-14 14:45:00+00:00,2017-04-14 14:45:00+00:00,1,-1.0000000000001157,SL,False
S2-05,ny_or_break,AUDUSD,2017-04-14 14:45:00+00:00,2017-04-14 15:00:00+00:00,2017-04-14 15:00:00+00:00,1,-0.9999999999999647,SL,False
S2-05,ny_or_break,AUDUSD,2017-04-14 15:00:00+00:00,2017-04-14 15:15:00+00:00,2017-04-14 15:15:00+00:00,1,-1.0000000000000335,SL,False
S2-05,ny_or_break,AUDUSD,2017-04-14 15:15:00+00:00,2017-04-14 15:30:00+00:00,2017-04-14 15:30:00+00:00,1,-0.9999999999999342,SL,False
S2-05,ny_or_break,AUDUSD,2017-04-14 15:30:00+00:00,2017-04-14 15:45:00+00:00,2017-04-14 15:45:00+00:00,1,-1.0000000000000624,SL,False
S2-05,ny_or_break,AUDUSD,2017-04-14 16:00:00+00:00,2017-04-14 16:15:00+00:00,2017-04-14 16:15:00+00:00,1,-0.8728899673921287,FRIDAY,False
S2-05,ny_or_break,AUDUSD,2017-04-14 16:15:00+00:00,2017-04-14 16:30:00+00:00,2017-04-14 16:30:00+00:00,1,-0.5185777249994291,FRIDAY,False
S2-05,ny_or_break,AUDUSD,2017-04-14 16:30:00+00:00,2017-04-14 16:45:00+00:00,2017-04-14 16:45:00+00:00,1,0.07105577659107756,FRIDAY,False
S2-05,ny_or_break,AUDUSD,2017-04-14 16:45:00+00:00,2017-04-14 17:00:00+00:00,2017-04-14 17:00:00+00:00,1,-0.8596610473323723,FRIDAY,False
S2-05,ny_or_break,AUDUSD,2017-04-17 13:45:00+00:00,2017-04-17 14:00:00+00:00,2017-04-17 14:00:00+00:00,1,1.25,TP,False
S2-05,ny_or_break,AUDUSD,2017-04-17 14:00:00+00:00,2017-04-17 14:15:00+00:00,2017-04-17 14:45:00+00:00,1,1.249999999999917,TP,False
S2-05,ny_or_break,AUDUSD,2017-04-17 14:45:00+00:00,2017-04-17 15:00:00+00:00,2017-04-17 15:30:00+00:00,1,-1.0000000000000366,SL,False
S2-05,ny_or_break,AUDUSD,2017-04-17 15:30:00+00:00,2017-04-17 15:45:00+00:00,2017-04-17 16:45:00+00:00,1,-0.9999999999999273,SL,False
S2-05,ny_or_break,AUDUSD,2017-04-17 16:45:00+00:00,2017-04-17 17:00:00+00:00,2017-04-17 18:30:00+00:00,1,-1.0000000000000386,SL,False
S2-05,ny_or_break,AUDUSD,2017-04-19 15:15:00+00:00,2017-04-19 15:30:00+00:00,2017-04-19 16:00:00+00:00,-1,1.249999999999972,TP,False
S2-05,ny_or_break,AUDUSD,2017-04-19 16:00:00+00:00,2017-04-19 16:15:00+00:00,2017-04-19 20:00:00+00:00,-1,-0.04924829347962645,TIME,False
S2-05,ny_or_break,AUDUSD,2017-04-21 13:00:00+00:00,2017-04-21 13:15:00+00:00,2017-04-21 13:15:00+00:00,1,-1.0000000000000235,SL,False
S2-05,ny_or_break,AUDUSD,2017-04-21 13:45:00+00:00,2017-04-21 14:00:00+00:00,2017-04-21 14:00:00+00:00,1,-1.0,SL,False
S2-05,ny_or_break,AUDUSD,2017-04-21 16:30:00+00:00,2017-04-21 16:45:00+00:00,2017-04-21 16:45:00+00:00,1,-0.2280225111585484,FRIDAY,False
S2-05,ny_or_break,AUDUSD,2017-04-21 16:45:00+00:00,2017-04-21 17:00:00+00:00,2017-04-21 17:00:00+00:00,1,-0.1355118632340646,FRIDAY,False
S2-05,ny_or_break,AUDUSD,2017-04-26 12:15:00+00:00,2017-04-26 12:30:00+00:00,2017-04-26 12:45:00+00:00,-1,-1.0000000000000842,SL,False
S2-05,ny_or_break,AUDUSD,2017-04-26 13:15:00+00:00,2017-04-26 13:30:00+00:00,2017-04-26 13:30:00+00:00,-1,1.2499999999999214,TP,False
S2-05,ny_or_break,AUDUSD,2017-04-26 13:30:00+00:00,2017-04-26 13:45:00+00:00,2017-04-26 14:15:00+00:00,-1,1.25,TP,False
S2-05,ny_or_break,AUDUSD,2017-04-26 14:15:00+00:00,2017-04-26 14:30:00+00:00,2017-04-26 15:30:00+00:00,-1,1.25,TP,False
S2-05,ny_or_break,AUDUSD,2017-04-26 15:30:00+00:00,2017-04-26 15:45:00+00:00,2017-04-26 15:45:00+00:00,-1,-1.0000000000000409,SL,False
S2-05,ny_or_break,AUDUSD,2017-04-26 15:45:00+00:00,2017-04-26 16:00:00+00:00,2017-04-26 17:45:00+00:00,-1,-1.0,SL,False
S2-05,ny_or_break,AUDUSD,2017-04-27 12:00:00+00:00,2017-04-27 12:15:00+00:00,2017-04-27 12:30:00+00:00,-1,-0.9999999999998784,SL,False
S2-05,ny_or_break,AUDUSD,2017-04-27 12:30:00+00:00,2017-04-27 12:45:00+00:00,2017-04-27 12:45:00+00:00,-1,1.2499999999998777,TP,False
S2-05,ny_or_break,AUDUSD,2017-04-27 12:45:00+00:00,2017-04-27 13:00:00+00:00,2017-04-27 13:00:00+00:00,-1,-1.0000000000001132,SL,False
S2-05,ny_or_break,AUDUSD,2017-04-27 13:15:00+00:00,2017-04-27 13:30:00+00:00,2017-04-27 13:30:00+00:00,-1,1.2499999999999367,TP,False
S2-05,ny_or_break,AUDUSD,2017-04-27 13:30:00+00:00,2017-04-27 13:45:00+00:00,2017-04-27 14:45:00+00:00,-1,-1.0000000000000824,SL,False
S2-05,ny_or_break,AUDUSD,2017-04-27 14:45:00+00:00,2017-04-27 15:00:00+00:00,2017-04-27 15:15:00+00:00,-1,-1.000000000000041,SL,False
S2-05,ny_or_break,AUDUSD,2017-04-27 15:15:00+00:00,2017-04-27 15:30:00+00:00,2017-04-27 16:15:00+00:00,-1,-1.0,SL,False
S2-05,ny_or_break,AUDUSD,2017-04-27 16:15:00+00:00,2017-04-27 16:30:00+00:00,2017-04-27 17:00:00+00:00,-1,-1.0000000000000397,SL,False
S2-05,ny_or_break,AUDUSD,2017-04-28 13:00:00+00:00,2017-04-28 13:15:00+00:00,2017-04-28 14:00:00+00:00,-1,1.2499999999999376,TP,False
S2-05,ny_or_break,AUDUSD,2017-04-28 14:00:00+00:00,2017-04-28 14:15:00+00:00,2017-04-28 14:45:00+00:00,-1,-1.0000000000000548,SL,False
S2-05,ny_or_break,AUDUSD,2017-05-01 12:00:00+00:00,2017-05-01 12:15:00+00:00,2017-05-01 13:00:00+00:00,1,-0.9999999999999645,SL,False
S2-05,ny_or_break,AUDUSD,2017-05-01 13:00:00+00:00,2017-05-01 13:15:00+00:00,2017-05-01 13:45:00+00:00,1,1.2500000000000586,TP,False
S2-05,ny_or_break,AUDUSD,2017-05-01 13:45:00+00:00,2017-05-01 14:00:00+00:00,2017-05-01 16:00:00+00:00,1,-1.0000000000000884,SL,False
S2-05,ny_or_break,AUDUSD,2017-05-01 16:00:00+00:00,2017-05-01 16:15:00+00:00,2017-05-01 20:00:00+00:00,1,-0.3460368891160647,TIME,False
S2-05,ny_or_break,AUDUSD,2017-05-03 13:15:00+00:00,2017-05-03 13:30:00+00:00,2017-05-03 14:15:00+00:00,-1,1.250000000000028,TP,False
S2-05,ny_or_break,AUDUSD,2017-05-03 14:15:00+00:00,2017-05-03 14:30:00+00:00,2017-05-03 15:15:00+00:00,-1,1.2500000000000788,TP,False
S2-05,ny_or_break,AUDUSD,2017-05-03 15:15:00+00:00,2017-05-03 15:30:00+00:00,2017-05-03 17:45:00+00:00,-1,-0.9999999999999286,SL,False
S2-05,ny_or_break,AUDUSD,2017-05-04 12:15:00+00:00,2017-05-04 12:30:00+00:00,2017-05-04 12:30:00+00:00,-1,-1.0000000000000842,SL,False
S2-05,ny_or_break,AUDUSD,2017-05-04 13:00:00+00:00,2017-05-04 13:15:00+00:00,2017-05-04 14:00:00+00:00,-1,-1.0000000000000493,SL,False
S2-05,ny_or_break,AUDUSD,2017-05-04 14:00:00+00:00,2017-05-04 14:15:00+00:00,2017-05-04 14:15:00+00:00,-1,-1.0000000000000675,SL,False
S2-05,ny_or_break,AUDUSD,2017-05-04 14:30:00+00:00,2017-05-04 14:45:00+00:00,2017-05-04 15:30:00+00:00,-1,-0.9999999999999611,SL,False
S2-05,ny_or_break,AUDUSD,2017-05-08 12:00:00+00:00,2017-05-08 12:15:00+00:00,2017-05-08 13:30:00+00:00,-1,1.2499999999999714,TP,False
S2-05,ny_or_break,AUDUSD,2017-05-08 13:30:00+00:00,2017-05-08 13:45:00+00:00,2017-05-08 14:45:00+00:00,-1,1.2500000000000508,TP,False
S2-05,ny_or_break,AUDUSD,2017-05-08 14:45:00+00:00,2017-05-08 15:00:00+00:00,2017-05-08 18:45:00+00:00,-1,-0.3775922834353552,TIME,False
S2-05,ny_or_break,AUDUSD,2017-05-12 13:00:00+00:00,2017-05-12 13:15:00+00:00,2017-05-12 13:15:00+00:00,1,-0.9999999999999362,SL,False
S2-05,ny_or_break,AUDUSD,2017-05-16 13:30:00+00:00,2017-05-16 13:45:00+00:00,2017-05-16 14:00:00+00:00,1,-1.0000000000000682,SL,False
S2-05,ny_or_break,AUDUSD,2017-05-16 14:00:00+00:00,2017-05-16 14:15:00+00:00,2017-05-16 18:00:00+00:00,1,0.8458925077131778,TIME,False
S2-05,ny_or_break,AUDUSD,2017-05-17 16:00:00+00:00,2017-05-17 16:15:00+00:00,2017-05-17 20:00:00+00:00,1,-0.2580309297060818,TIME,False
S2-05,ny_or_break,AUDUSD,2017-05-22 12:15:00+00:00,2017-05-22 12:30:00+00:00,2017-05-22 13:00:00+00:00,1,-1.0,SL,False
S2-05,ny_or_break,AUDUSD,2017-05-22 13:45:00+00:00,2017-05-22 14:00:00+00:00,2017-05-22 15:30:00+00:00,1,-0.9999999999999283,SL,False
S2-05,ny_or_break,AUDUSD,2017-05-22 15:30:00+00:00,2017-05-22 15:45:00+00:00,2017-05-22 19:30:00+00:00,1,-0.24690770028156386,TIME,False
S2-05,ny_or_break,AUDUSD,2017-05-23 12:15:00+00:00,2017-05-23 12:30:00+00:00,2017-05-23 12:30:00+00:00,1,1.25,TP,False
S2-05,ny_or_break,AUDUSD,2017-05-23 12:30:00+00:00,2017-05-23 12:45:00+00:00,2017-05-23 13:00:00+00:00,1,-1.0,SL,False
S2-05,ny_or_break,AUDUSD,2017-05-23 13:00:00+00:00,2017-05-23 13:15:00+00:00,2017-05-23 13:15:00+00:00,1,-1.0,SL,False
S2-05,ny_or_break,AUDUSD,2017-05-30 15:00:00+00:00,2017-05-30 15:15:00+00:00,2017-05-30 19:00:00+00:00,1,0.5235328798838096,TIME,False
S2-05,ny_or_break,AUDUSD,2017-06-01 12:00:00+00:00,2017-06-01 12:15:00+00:00,2017-06-01 13:15:00+00:00,-1,1.250000000000061,TP,False
S2-05,ny_or_break,AUDUSD,2017-06-01 13:15:00+00:00,2017-06-01 13:30:00+00:00,2017-06-01 14:00:00+00:00,-1,-0.9999999999999747,SL,False
S2-05,ny_or_break,AUDUSD,2017-06-01 14:00:00+00:00,2017-06-01 14:15:00+00:00,2017-06-01 15:15:00+00:00,-1,-0.9999999999999285,SL,False
S2-05,ny_or_break,AUDUSD,2017-06-01 15:15:00+00:00,2017-06-01 15:30:00+00:00,2017-06-01 18:45:00+00:00,-1,1.2500000000000426,TP,False
S2-05,ny_or_break,AUDUSD,2017-06-06 12:45:00+00:00,2017-06-06 13:00:00+00:00,2017-06-06 13:15:00+00:00,1,1.2499999999999256,TP,False
S2-05,ny_or_break,AUDUSD,2017-06-06 13:15:00+00:00,2017-06-06 13:30:00+00:00,2017-06-06 14:00:00+00:00,1,-1.0,SL,False
S2-05,ny_or_break,AUDUSD,2017-06-06 14:00:00+00:00,2017-06-06 14:15:00+00:00,2017-06-06 14:45:00+00:00,1,1.2499999999999787,TP,False
S2-05,ny_or_break,AUDUSD,2017-06-06 14:45:00+00:00,2017-06-06 15:00:00+00:00,2017-06-06 16:30:00+00:00,1,-0.9999999999999593,SL,False
S2-05,ny_or_break,AUDUSD,2017-06-06 16:30:00+00:00,2017-06-06 16:45:00+00:00,2017-06-06 18:45:00+00:00,1,-1.000000000000081,SL,False
S2-05,ny_or_break,AUDUSD,2017-06-14 12:30:00+00:00,2017-06-14 12:45:00+00:00,2017-06-14 13:00:00+00:00,1,1.2499999999999423,TP,False
S2-05,ny_or_break,AUDUSD,2017-06-14 13:00:00+00:00,2017-06-14 13:15:00+00:00,2017-06-14 15:00:00+00:00,1,-1.0,SL,False
S2-05,ny_or_break,AUDUSD,2017-06-14 15:00:00+00:00,2017-06-14 15:15:00+00:00,2017-06-14 18:00:00+00:00,1,-0.999999999999951,SL,True
S2-05,ny_or_break,AUDUSD,2017-06-16 12:45:00+00:00,2017-06-16 13:00:00+00:00,2017-06-16 13:30:00+00:00,1,-1.0000000000001052,SL,False
S2-05,ny_or_break,AUDUSD,2017-06-16 13:30:00+00:00,2017-06-16 13:45:00+00:00,2017-06-16 15:15:00+00:00,1,1.2500000000000642,TP,False
S2-05,ny_or_break,AUDUSD,2017-06-16 15:15:00+00:00,2017-06-16 15:30:00+00:00,2017-06-16 16:00:00+00:00,1,-0.1120409444563654,FRIDAY,False
S2-05,ny_or_break,AUDUSD,2017-06-16 16:00:00+00:00,2017-06-16 16:15:00+00:00,2017-06-16 16:15:00+00:00,1,-0.06004741033818237,FRIDAY,False
S2-05,ny_or_break,AUDUSD,2017-06-16 16:15:00+00:00,2017-06-16 16:30:00+00:00,2017-06-16 16:30:00+00:00,1,-0.10415282833382045,FRIDAY,False
S2-05,ny_or_break,AUDUSD,2017-06-16 16:30:00+00:00,2017-06-16 16:45:00+00:00,2017-06-16 16:45:00+00:00,1,-0.25348364708632254,FRIDAY,False
S2-05,ny_or_break,AUDUSD,2017-06-16 16:45:00+00:00,2017-06-16 17:00:00+00:00,2017-06-16 17:00:00+00:00,1,-0.2004548469629489,FRIDAY,False
S2-05,ny_or_break,AUDUSD,2017-06-20 15:00:00+00:00,2017-06-20 15:15:00+00:00,2017-06-20 15:15:00+00:00,-1,1.2500000000000555,TP,False
S2-05,ny_or_break,AUDUSD,2017-06-20 15:15:00+00:00,2017-06-20 15:30:00+00:00,2017-06-20 17:45:00+00:00,-1,-0.999999999999974,SL,False
S2-05,ny_or_break,AUDUSD,2017-06-21 15:45:00+00:00,2017-06-21 16:00:00+00:00,2017-06-21 17:15:00+00:00,-1,-1.0000000000001048,SL,False
S2-05,ny_or_break,AUDUSD,2017-06-26 13:00:00+00:00,2017-06-26 13:15:00+00:00,2017-06-26 14:30:00+00:00,1,-1.000000000000058,SL,False
S2-05,ny_or_break,AUDUSD,2017-06-28 13:00:00+00:00,2017-06-28 13:15:00+00:00,2017-06-28 14:15:00+00:00,1,1.24999999999998,TP,False
S2-05,ny_or_break,AUDUSD,2017-06-28 14:15:00+00:00,2017-06-28 14:30:00+00:00,2017-06-28 14:45:00+00:00,1,1.2500000000000384,TP,False
S2-05,ny_or_break,AUDUSD,2017-06-28 14:45:00+00:00,2017-06-28 15:00:00+00:00,2017-06-28 15:30:00+00:00,1,1.25,TP,False
S2-05,ny_or_break,AUDUSD,2017-06-28 15:30:00+00:00,2017-06-28 15:45:00+00:00,2017-06-28 15:45:00+00:00,1,1.25,TP,False
S2-05,ny_or_break,AUDUSD,2017-06-28 15:45:00+00:00,2017-06-28 16:00:00+00:00,2017-06-28 19:45:00+00:00,1,0.12160959694163398,TIME,False
S2-05,ny_or_break,AUDUSD,2017-06-29 15:30:00+00:00,2017-06-29 15:45:00+00:00,2017-06-29 16:00:00+00:00,1,-0.9999999999999653,SL,False
S2-05,ny_or_break,AUDUSD,2017-06-30 14:00:00+00:00,2017-06-30 14:15:00+00:00,2017-06-30 14:15:00+00:00,1,-1.0000000000000682,SL,False
S2-05,ny_or_break,AUDUSD,2017-07-03 15:00:00+00:00,2017-07-03 15:15:00+00:00,2017-07-03 15:30:00+00:00,-1,-0.9999999999999533,SL,False
S2-05,ny_or_break,AUDUSD,2017-07-03 15:30:00+00:00,2017-07-03 15:45:00+00:00,2017-07-03 16:00:00+00:00,-1,-1.0,SL,False
S2-05,ny_or_break,AUDUSD,2017-07-05 12:15:00+00:00,2017-07-05 12:30:00+00:00,2017-07-05 13:45:00+00:00,-1,1.2499999999999534,TP,False
S2-05,ny_or_break,AUDUSD,2017-07-05 13:45:00+00:00,2017-07-05 14:00:00+00:00,2017-07-05 14:15:00+00:00,-1,-0.9999999999999435,SL,False
S2-05,ny_or_break,AUDUSD,2017-07-05 14:15:00+00:00,2017-07-05 14:30:00+00:00,2017-07-05 15:30:00+00:00,-1,-1.0,SL,False
S2-05,ny_or_break,AUDUSD,2017-07-05 15:45:00+00:00,2017-07-05 16:00:00+00:00,2017-07-05 17:00:00+00:00,-1,-1.0,SL,False
S2-05,ny_or_break,AUDUSD,2017-07-06 14:30:00+00:00,2017-07-06 14:45:00+00:00,2017-07-06 17:00:00+00:00,-1,-0.9999999999999727,SL,False
S2-05,ny_or_break,AUDUSD,2017-07-11 16:30:00+00:00,2017-07-11 16:45:00+00:00,2017-07-11 16:45:00+00:00,1,-0.9999999999999237,SL,False
S2-05,ny_or_break,AUDUSD,2017-07-12 12:30:00+00:00,2017-07-12 12:45:00+00:00,2017-07-12 12:45:00+00:00,1,1.25,TP,False
S2-05,ny_or_break,AUDUSD,2017-07-12 12:45:00+00:00,2017-07-12 13:00:00+00:00,2017-07-12 13:00:00+00:00,1,-1.0000000000000269,SL,False
S2-05,ny_or_break,AUDUSD,2017-07-12 13:00:00+00:00,2017-07-12 13:15:00+00:00,2017-07-12 13:30:00+00:00,1,-0.9999999999999288,SL,False
S2-05,ny_or_break,AUDUSD,2017-07-12 13:30:00+00:00,2017-07-12 13:45:00+00:00,2017-07-12 14:30:00+00:00,1,1.2500000000000677,TP,False
S2-05,ny_or_break,AUDUSD,2017-07-12 14:30:00+00:00,2017-07-12 14:45:00+00:00,2017-07-12 18:30:00+00:00,1,0.7764289455884372,TIME,False
S2-05,ny_or_break,AUDUSD,2017-07-14 12:15:00+00:00,2017-07-14 12:30:00+00:00,2017-07-14 12:30:00+00:00,1,1.2500000000000968,TP,False
S2-05,ny_or_break,AUDUSD,2017-07-14 12:30:00+00:00,2017-07-14 12:45:00+00:00,2017-07-14 12:45:00+00:00,1,1.2499999999999474,TP,False
S2-05,ny_or_break,AUDUSD,2017-07-14 12:45:00+00:00,2017-07-14 13:00:00+00:00,2017-07-14 13:00:00+00:00,1,-0.9999999999999779,SL,False
S2-05,ny_or_break,AUDUSD,2017-07-14 13:00:00+00:00,2017-07-14 13:15:00+00:00,2017-07-14 13:45:00+00:00,1,1.2499999999999392,TP,False
S2-05,ny_or_break,AUDUSD,2017-07-14 13:45:00+00:00,2017-07-14 14:00:00+00:00,2017-07-14 14:00:00+00:00,1,-1.0,SL,False
S2-05,ny_or_break,AUDUSD,2017-07-14 14:00:00+00:00,2017-07-14 14:15:00+00:00,2017-07-14 14:30:00+00:00,1,-1.0000000000000315,SL,False
S2-05,ny_or_break,AUDUSD,2017-07-14 14:30:00+00:00,2017-07-14 14:45:00+00:00,2017-07-14 16:00:00+00:00,1,0.6102417931863572,FRIDAY,False
S2-05,ny_or_break,AUDUSD,2017-07-14 16:00:00+00:00,2017-07-14 16:15:00+00:00,2017-07-14 16:15:00+00:00,1,-0.29342846151155877,FRIDAY,False
S2-05,ny_or_break,AUDUSD,2017-07-14 16:15:00+00:00,2017-07-14 16:30:00+00:00,2017-07-14 16:30:00+00:00,1,0.013649127518345757,FRIDAY,False
S2-05,ny_or_break,AUDUSD,2017-07-14 16:30:00+00:00,2017-07-14 16:45:00+00:00,2017-07-14 16:45:00+00:00,1,-0.28760140991191274,FRIDAY,False
S2-05,ny_or_break,AUDUSD,2017-07-14 16:45:00+00:00,2017-07-14 17:00:00+00:00,2017-07-14 17:00:00+00:00,1,-0.44906904815550686,FRIDAY,False
S2-05,ny_or_break,AUDUSD,2017-07-17 12:00:00+00:00,2017-07-17 12:15:00+00:00,2017-07-17 12:30:00+00:00,1,-0.999999999999965,SL,False
S2-05,ny_or_break,AUDUSD,2017-07-17 12:45:00+00:00,2017-07-17 13:00:00+00:00,2017-07-17 13:15:00+00:00,1,1.250000000000034,TP,False
S2-05,ny_or_break,AUDUSD,2017-07-17 13:15:00+00:00,2017-07-17 13:30:00+00:00,2017-07-17 13:30:00+00:00,1,-0.9999999999999033,SL,False
S2-05,ny_or_break,AUDUSD,2017-07-17 13:45:00+00:00,2017-07-17 14:00:00+00:00,2017-07-17 14:30:00+00:00,1,-0.9999999999999706,SL,False
S2-05,ny_or_break,AUDUSD,2017-07-19 12:45:00+00:00,2017-07-19 13:00:00+00:00,2017-07-19 13:15:00+00:00,1,-1.000000000000064,SL,False
S2-05,ny_or_break,AUDUSD,2017-07-19 13:15:00+00:00,2017-07-19 13:30:00+00:00,2017-07-19 14:00:00+00:00,1,1.2500000000000648,TP,False
S2-05,ny_or_break,AUDUSD,2017-07-19 14:00:00+00:00,2017-07-19 14:15:00+00:00,2017-07-19 14:15:00+00:00,1,-0.9999999999999137,SL,False
S2-05,ny_or_break,AUDUSD,2017-07-19 15:00:00+00:00,2017-07-19 15:15:00+00:00,2017-07-19 17:45:00+00:00,1,1.249999999999931,TP,False
S2-05,ny_or_break,AUDUSD,2017-07-20 15:00:00+00:00,2017-07-20 15:15:00+00:00,2017-07-20 16:15:00+00:00,1,1.2499999999999856,TP,False
S2-05,ny_or_break,AUDUSD,2017-07-20 16:15:00+00:00,2017-07-20 16:30:00+00:00,2017-07-20 17:00:00+00:00,1,-0.9999999999999855,SL,False
S2-05,ny_or_break,AUDUSD,2017-07-25 12:00:00+00:00,2017-07-25 12:15:00+00:00,2017-07-25 12:15:00+00:00,1,1.249999999999929,TP,False
S2-05,ny_or_break,AUDUSD,2017-07-25 12:15:00+00:00,2017-07-25 12:30:00+00:00,2017-07-25 12:45:00+00:00,1,-1.0000000000000449,SL,False
S2-05,ny_or_break,AUDUSD,2017-07-25 12:45:00+00:00,2017-07-25 13:00:00+00:00,2017-07-25 13:00:00+00:00,1,1.2499999999999354,TP,False
S2-05,ny_or_break,AUDUSD,2017-07-25 13:00:00+00:00,2017-07-25 13:15:00+00:00,2017-07-25 13:15:00+00:00,1,-1.0,SL,False
S2-05,ny_or_break,AUDUSD,2017-07-25 13:15:00+00:00,2017-07-25 13:30:00+00:00,2017-07-25 13:45:00+00:00,1,1.2500000000000415,TP,False
S2-05,ny_or_break,AUDUSD,2017-07-25 13:45:00+00:00,2017-07-25 14:00:00+00:00,2017-07-25 14:00:00+00:00,1,-1.000000000000019,SL,False
S2-05,ny_or_break,AUDUSD,2017-07-25 14:00:00+00:00,2017-07-25 14:15:00+00:00,2017-07-25 14:45:00+00:00,1,-0.9999999999999817,SL,False
S2-05,ny_or_break,AUDUSD,2017-07-28 15:00:00+00:00,2017-07-28 15:15:00+00:00,2017-07-28 16:00:00+00:00,1,-0.6380340192997142,FRIDAY,False
S2-05,ny_or_break,AUDUSD,2017-07-31 15:45:00+00:00,2017-07-31 16:00:00+00:00,2017-07-31 16:15:00+00:00,1,-1.0000000000000644,SL,False
S2-05,ny_or_break,AUDUSD,2017-08-04 14:00:00+00:00,2017-08-04 14:15:00+00:00,2017-08-04 14:45:00+00:00,-1,-1.000000000000012,SL,False
S2-05,ny_or_break,AUDUSD,2017-08-04 14:45:00+00:00,2017-08-04 15:00:00+00:00,2017-08-04 16:00:00+00:00,-1,-0.5258772082853588,FRIDAY,False
S2-05,ny_or_break,AUDUSD,2017-08-04 16:00:00+00:00,2017-08-04 16:15:00+00:00,2017-08-04 16:15:00+00:00,-1,-0.5027974538066118,FRIDAY,False
S2-05,ny_or_break,AUDUSD,2017-08-04 16:15:00+00:00,2017-08-04 16:30:00+00:00,2017-08-04 16:30:00+00:00,-1,-0.0,FRIDAY,False
S2-05,ny_or_break,AUDUSD,2017-08-04 16:30:00+00:00,2017-08-04 16:45:00+00:00,2017-08-04 16:45:00+00:00,-1,0.0724059242812712,FRIDAY,False
S2-05,ny_or_break,AUDUSD,2017-08-04 16:45:00+00:00,2017-08-04 17:00:00+00:00,2017-08-04 17:00:00+00:00,-1,-0.06390086255739429,FRIDAY,False
S2-05,ny_or_break,AUDUSD,2017-08-07 12:45:00+00:00,2017-08-07 13:00:00+00:00,2017-08-07 13:45:00+00:00,-1,-0.9999999999999456,SL,False
S2-05,ny_or_break,AUDUSD,2017-08-07 15:30:00+00:00,2017-08-07 15:45:00+00:00,2017-08-07 17:00:00+00:00,-1,-0.9999999999999464,SL,False
S2-05,ny_or_break,AUDUSD,2017-08-08 14:00:00+00:00,2017-08-08 14:15:00+00:00,2017-08-08 14:30:00+00:00,-1,1.2500000000000249,TP,False
S2-05,ny_or_break,AUDUSD,2017-08-08 14:30:00+00:00,2017-08-08 14:45:00+00:00,2017-08-08 14:45:00+00:00,-1,1.2499999999999525,TP,False
S2-05,ny_or_break,AUDUSD,2017-08-08 14:45:00+00:00,2017-08-08 15:00:00+00:00,2017-08-08 15:00:00+00:00,-1,-0.9999999999999548,SL,False
S2-05,ny_or_break,AUDUSD,2017-08-08 15:00:00+00:00,2017-08-08 15:15:00+00:00,2017-08-08 15:15:00+00:00,-1,-0.9999999999999352,SL,False
S2-05,ny_or_break,AUDUSD,2017-08-08 15:15:00+00:00,2017-08-08 15:30:00+00:00,2017-08-08 15:45:00+00:00,-1,-1.0000000000000422,SL,False
S2-05,ny_or_break,AUDUSD,2017-08-08 15:45:00+00:00,2017-08-08 16:00:00+00:00,2017-08-08 16:15:00+00:00,-1,-1.0000000000000202,SL,False
S2-05,ny_or_break,AUDUSD,2017-08-08 16:30:00+00:00,2017-08-08 16:45:00+00:00,2017-08-08 20:30:00+00:00,-1,-0.025770117839123027,TIME,False
S2-05,ny_or_break,AUDUSD,2017-08-14 13:00:00+00:00,2017-08-14 13:15:00+00:00,2017-08-14 13:30:00+00:00,-1,-0.99999999999994,SL,False
S2-05,ny_or_break,AUDUSD,2017-08-14 13:30:00+00:00,2017-08-14 13:45:00+00:00,2017-08-14 14:30:00+00:00,-1,-1.0,SL,False
S2-05,ny_or_break,AUDUSD,2017-08-14 14:45:00+00:00,2017-08-14 15:00:00+00:00,2017-08-14 17:30:00+00:00,-1,1.2499999999999736,TP,False
S2-05,ny_or_break,AUDUSD,2017-08-15 12:30:00+00:00,2017-08-15 12:45:00+00:00,2017-08-15 13:30:00+00:00,-1,-1.000000000000028,SL,False
S2-05,ny_or_break,AUDUSD,2017-08-15 13:30:00+00:00,2017-08-15 13:45:00+00:00,2017-08-15 13:45:00+00:00,-1,1.2500000000000249,TP,False
S2-05,ny_or_break,AUDUSD,2017-08-15 13:45:00+00:00,2017-08-15 14:00:00+00:00,2017-08-15 15:00:00+00:00,-1,-1.0000000000000226,SL,False
S2-05,ny_or_break,AUDUSD,2017-08-15 15:00:00+00:00,2017-08-15 15:15:00+00:00,2017-08-15 19:00:00+00:00,-1,-0.5447215312618575,TIME,False
S2-05,ny_or_break,AUDUSD,2017-08-16 15:00:00+00:00,2017-08-16 15:15:00+00:00,2017-08-16 15:30:00+00:00,1,-1.000000000000038,SL,False
S2-05,ny_or_break,AUDUSD,2017-08-16 15:30:00+00:00,2017-08-16 15:45:00+00:00,2017-08-16 17:00:00+00:00,1,1.2500000000000362,TP,False
S2-05,ny_or_break,AUDUSD,2017-08-18 13:00:00+00:00,2017-08-18 13:15:00+00:00,2017-08-18 13:15:00+00:00,1,-0.9999999999999103,SL,False
S2-05,ny_or_break,AUDUSD,2017-08-18 13:15:00+00:00,2017-08-18 13:30:00+00:00,2017-08-18 13:45:00+00:00,1,-1.0000000000000844,SL,False
S2-05,ny_or_break,AUDUSD,2017-08-18 15:45:00+00:00,2017-08-18 16:00:00+00:00,2017-08-18 16:00:00+00:00,1,-0.18570819918390294,FRIDAY,False
S2-05,ny_or_break,AUDUSD,2017-08-18 16:00:00+00:00,2017-08-18 16:15:00+00:00,2017-08-18 16:15:00+00:00,1,-0.3052984910750698,FRIDAY,False
S2-05,ny_or_break,AUDUSD,2017-08-18 16:30:00+00:00,2017-08-18 16:45:00+00:00,2017-08-18 16:45:00+00:00,1,-0.4802631286530213,FRIDAY,False
S2-05,ny_or_break,AUDUSD,2017-08-18 16:45:00+00:00,2017-08-18 17:00:00+00:00,2017-08-18 17:00:00+00:00,1,-0.46778814169144506,FRIDAY,False
S2-05,ny_or_break,AUDUSD,2017-08-21 12:30:00+00:00,2017-08-21 12:45:00+00:00,2017-08-21 12:45:00+00:00,1,1.2499999999999638,TP,False
S2-05,ny_or_break,AUDUSD,2017-08-21 12:45:00+00:00,2017-08-21 13:00:00+00:00,2017-08-21 13:00:00+00:00,1,-1.0000000000000322,SL,False
S2-05,ny_or_break,AUDUSD,2017-08-21 13:00:00+00:00,2017-08-21 13:15:00+00:00,2017-08-21 13:15:00+00:00,1,-0.9999999999999364,SL,False
S2-05,ny_or_break,AUDUSD,2017-08-21 13:15:00+00:00,2017-08-21 13:30:00+00:00,2017-08-21 13:30:00+00:00,1,1.2499999999999687,TP,False
S2-05,ny_or_break,AUDUSD,2017-08-21 13:30:00+00:00,2017-08-21 13:45:00+00:00,2017-08-21 14:15:00+00:00,1,-1.0000000000000293,SL,False
S2-05,ny_or_break,AUDUSD,2017-08-21 14:15:00+00:00,2017-08-21 14:30:00+00:00,2017-08-21 15:15:00+00:00,1,1.249999999999949,TP,False
S2-05,ny_or_break,AUDUSD,2017-08-21 15:15:00+00:00,2017-08-21 15:30:00+00:00,2017-08-21 15:45:00+00:00,1,-1.0,SL,False
S2-05,ny_or_break,AUDUSD,2017-08-21 16:00:00+00:00,2017-08-21 16:15:00+00:00,2017-08-21 20:00:00+00:00,1,0.10204829226193803,TIME,False
S2-05,ny_or_break,AUDUSD,2017-08-25 15:00:00+00:00,2017-08-25 15:15:00+00:00,2017-08-25 16:00:00+00:00,1,-0.06845978233561388,FRIDAY,False
S2-05,ny_or_break,AUDUSD,2017-08-25 16:00:00+00:00,2017-08-25 16:15:00+00:00,2017-08-25 16:15:00+00:00,1,-0.13573156807307524,FRIDAY,False
S2-05,ny_or_break,AUDUSD,2017-08-25 16:15:00+00:00,2017-08-25 16:30:00+00:00,2017-08-25 16:30:00+00:00,1,0.3230335759567974,FRIDAY,False
S2-05,ny_or_break,AUDUSD,2017-08-25 16:30:00+00:00,2017-08-25 16:45:00+00:00,2017-08-25 16:45:00+00:00,1,0.11795040082509024,FRIDAY,False
S2-05,ny_or_break,AUDUSD,2017-08-25 16:45:00+00:00,2017-08-25 17:00:00+00:00,2017-08-25 17:00:00+00:00,1,-0.040470643297393846,FRIDAY,False
S2-05,ny_or_break,AUDUSD,2017-08-28 15:00:00+00:00,2017-08-28 15:15:00+00:00,2017-08-28 15:30:00+00:00,1,-0.9999999999999393,SL,False
S2-05,ny_or_break,AUDUSD,2017-08-28 15:30:00+00:00,2017-08-28 15:45:00+00:00,2017-08-28 16:45:00+00:00,1,-1.0000000000000282,SL,False
S2-05,ny_or_break,AUDUSD,2017-08-28 16:45:00+00:00,2017-08-28 17:00:00+00:00,2017-08-28 17:00:00+00:00,1,1.2499999999999383,TP,False
S2-05,ny_or_break,AUDUSD,2017-08-29 12:15:00+00:00,2017-08-29 12:30:00+00:00,2017-08-29 12:30:00+00:00,1,-1.0000000000000564,SL,False
S2-05,ny_or_break,AUDUSD,2017-08-29 14:45:00+00:00,2017-08-29 15:00:00+00:00,2017-08-29 15:00:00+00:00,1,-0.9999999999999485,SL,False
S2-05,ny_or_break,AUDUSD,2017-08-30 16:00:00+00:00,2017-08-30 16:15:00+00:00,2017-08-30 20:00:00+00:00,-1,0.10926950606629779,TIME,False
S2-05,ny_or_break,AUDUSD,2017-08-31 12:00:00+00:00,2017-08-31 12:15:00+00:00,2017-08-31 12:30:00+00:00,-1,-1.0000000000000684,SL,False
S2-05,ny_or_break,AUDUSD,2017-09-01 12:30:00+00:00,2017-09-01 12:45:00+00:00,2017-09-01 12:45:00+00:00,1,-1.0000000000000362,SL,False
S2-05,ny_or_break,AUDUSD,2017-09-01 12:45:00+00:00,2017-09-01 13:00:00+00:00,2017-09-01 13:30:00+00:00,1,-1.0,SL,False
S2-05,ny_or_break,AUDUSD,2017-09-01 13:30:00+00:00,2017-09-01 13:45:00+00:00,2017-09-01 14:00:00+00:00,1,-1.0,SL,False
S2-05,ny_or_break,AUDUSD,2017-09-01 14:00:00+00:00,2017-09-01 14:15:00+00:00,2017-09-01 14:45:00+00:00,1,1.2499999999999765,TP,False
S2-05,ny_or_break,AUDUSD,2017-09-01 14:45:00+00:00,2017-09-01 15:00:00+00:00,2017-09-01 16:00:00+00:00,1,0.1521842007414001,FRIDAY,False
S2-05,ny_or_break,AUDUSD,2017-09-01 16:00:00+00:00,2017-09-01 16:15:00+00:00,2017-09-01 16:15:00+00:00,1,0.23999318801089917,FRIDAY,False
S2-05,ny_or_break,AUDUSD,2017-09-01 16:15:00+00:00,2017-09-01 16:30:00+00:00,2017-09-01 16:30:00+00:00,1,-0.3556574821905363,FRIDAY,False
S2-05,ny_or_break,AUDUSD,2017-09-01 16:30:00+00:00,2017-09-01 16:45:00+00:00,2017-09-01 16:45:00+00:00,1,-0.6159114569064709,FRIDAY,False
S2-05,ny_or_break,AUDUSD,2017-09-01 16:45:00+00:00,2017-09-01 17:00:00+00:00,2017-09-01 17:00:00+00:00,1,-0.2813626582455356,FRIDAY,False
S2-05,ny_or_break,AUDUSD,2017-09-05 12:15:00+00:00,2017-09-05 12:30:00+00:00,2017-09-05 12:30:00+00:00,1,1.250000000000058,TP,False
S2-05,ny_or_break,AUDUSD,2017-09-05 12:30:00+00:00,2017-09-05 12:45:00+00:00,2017-09-05 14:00:00+00:00,1,1.2500000000000524,TP,False
S2-05,ny_or_break,AUDUSD,2017-09-05 14:00:00+00:00,2017-09-05 14:15:00+00:00,2017-09-05 14:15:00+00:00,1,-0.9999999999999662,SL,False
S2-05,ny_or_break,AUDUSD,2017-09-05 14:15:00+00:00,2017-09-05 14:30:00+00:00,2017-09-05 16:00:00+00:00,1,-1.0,SL,False
S2-05,ny_or_break,AUDUSD,2017-09-05 16:00:00+00:00,2017-09-05 16:15:00+00:00,2017-09-05 16:30:00+00:00,1,-0.9999999999999617,SL,False
S2-05,ny_or_break,AUDUSD,2017-09-05 16:30:00+00:00,2017-09-05 16:45:00+00:00,2017-09-05 16:45:00+00:00,1,-0.9999999999999399,SL,False
S2-05,ny_or_break,AUDUSD,2017-09-05 16:45:00+00:00,2017-09-05 17:00:00+00:00,2017-09-05 17:00:00+00:00,1,-0.9999999999999617,SL,False
S2-05,ny_or_break,AUDUSD,2017-09-06 15:15:00+00:00,2017-09-06 15:30:00+00:00,2017-09-06 15:45:00+00:00,1,1.249999999999945,TP,False
S2-05,ny_or_break,AUDUSD,2017-09-06 15:45:00+00:00,2017-09-06 16:00:00+00:00,2017-09-06 16:30:00+00:00,1,-1.0000000000000167,SL,False
S2-05,ny_or_break,AUDUSD,2017-09-06 16:30:00+00:00,2017-09-06 16:45:00+00:00,2017-09-06 17:00:00+00:00,1,-0.9999999999999832,SL,False
S2-05,ny_or_break,AUDUSD,2017-09-07 12:30:00+00:00,2017-09-07 12:45:00+00:00,2017-09-07 13:00:00+00:00,1,-0.9999999999999464,SL,False
S2-05,ny_or_break,AUDUSD,2017-09-07 13:00:00+00:00,2017-09-07 13:15:00+00:00,2017-09-07 13:15:00+00:00,1,-1.0000000000000662,SL,False
S2-05,ny_or_break,AUDUSD,2017-09-07 13:30:00+00:00,2017-09-07 13:45:00+00:00,2017-09-07 14:45:00+00:00,1,1.25,TP,False
S2-05,ny_or_break,AUDUSD,2017-09-07 14:45:00+00:00,2017-09-07 15:00:00+00:00,2017-09-07 17:00:00+00:00,1,-1.0000000000000497,SL,False
S2-05,ny_or_break,AUDUSD,2017-09-11 16:00:00+00:00,2017-09-11 16:15:00+00:00,2017-09-11 16:30:00+00:00,-1,-1.0,SL,False
S2-05,ny_or_break,AUDUSD,2017-09-11 16:30:00+00:00,2017-09-11 16:45:00+00:00,2017-09-11 20:30:00+00:00,-1,0.08330419004465259,TIME,False
S2-05,ny_or_break,AUDUSD,2017-09-12 12:45:00+00:00,2017-09-12 13:00:00+00:00,2017-09-12 13:00:00+00:00,-1,-1.0000000000000422,SL,False
S2-05,ny_or_break,AUDUSD,2017-09-12 13:30:00+00:00,2017-09-12 13:45:00+00:00,2017-09-12 14:00:00+00:00,-1,-1.0000000000000586,SL,False
S2-05,ny_or_break,AUDUSD,2017-09-13 13:00:00+00:00,2017-09-13 13:15:00+00:00,2017-09-13 13:30:00+00:00,-1,1.2499999999999234,TP,False
S2-05,ny_or_break,AUDUSD,2017-09-13 13:30:00+00:00,2017-09-13 13:45:00+00:00,2017-09-13 14:00:00+00:00,-1,1.249999999999933,TP,False
S2-05,ny_or_break,AUDUSD,2017-09-13 14:00:00+00:00,2017-09-13 14:15:00+00:00,2017-09-13 14:30:00+00:00,-1,1.2500000000000417,TP,False
S2-05,ny_or_break,AUDUSD,2017-09-13 14:30:00+00:00,2017-09-13 14:45:00+00:00,2017-09-13 15:30:00+00:00,-1,1.25,TP,False
S2-05,ny_or_break,AUDUSD,2017-09-13 15:30:00+00:00,2017-09-13 15:45:00+00:00,2017-09-13 19:30:00+00:00,-1,0.052679968964295484,TIME,False
S2-05,ny_or_break,AUDUSD,2017-09-14 12:00:00+00:00,2017-09-14 12:15:00+00:00,2017-09-14 12:30:00+00:00,-1,1.2499999999999498,TP,False
S2-05,ny_or_break,AUDUSD,2017-09-14 12:30:00+00:00,2017-09-14 12:45:00+00:00,2017-09-14 12:45:00+00:00,-1,-1.0000000000000357,SL,False
S2-05,ny_or_break,AUDUSD,2017-09-14 12:45:00+00:00,2017-09-14 13:00:00+00:00,2017-09-14 13:00:00+00:00,-1,1.2500000000000482,TP,False
S2-05,ny_or_break,AUDUSD,2017-09-14 13:00:00+00:00,2017-09-14 13:15:00+00:00,2017-09-14 13:30:00+00:00,-1,-1.0000000000000298,SL,False
S2-05,ny_or_break,AUDUSD,2017-09-14 13:30:00+00:00,2017-09-14 13:45:00+00:00,2017-09-14 14:00:00+00:00,-1,-1.0000000000000142,SL,False
S2-05,ny_or_break,AUDUSD,2017-09-14 14:00:00+00:00,2017-09-14 14:15:00+00:00,2017-09-14 17:45:00+00:00,-1,-0.9999999999999735,SL,False
S2-05,ny_or_break,AUDUSD,2017-09-18 15:00:00+00:00,2017-09-18 15:15:00+00:00,2017-09-18 16:00:00+00:00,-1,1.2499999999999751,TP,False
S2-05,ny_or_break,AUDUSD,2017-09-18 16:00:00+00:00,2017-09-18 16:15:00+00:00,2017-09-18 18:00:00+00:00,-1,1.2499999999999367,TP,False
S2-05,ny_or_break,AUDUSD,2017-09-19 16:00:00+00:00,2017-09-19 16:15:00+00:00,2017-09-19 16:15:00+00:00,1,-1.0,SL,False
S2-05,ny_or_break,AUDUSD,2017-09-20 12:00:00+00:00,2017-09-20 12:15:00+00:00,2017-09-20 12:15:00+00:00,1,-1.000000000000082,SL,False
S2-05,ny_or_break,AUDUSD,2017-09-20 12:15:00+00:00,2017-09-20 12:30:00+00:00,2017-09-20 12:45:00+00:00,1,-0.9999999999999473,SL,False
S2-05,ny_or_break,AUDUSD,2017-09-20 13:15:00+00:00,2017-09-20 13:30:00+00:00,2017-09-20 13:45:00+00:00,1,1.2500000000000822,TP,False
S2-05,ny_or_break,AUDUSD,2017-09-20 13:45:00+00:00,2017-09-20 14:00:00+00:00,2017-09-20 14:00:00+00:00,1,-1.0000000000000515,SL,False
S2-05,ny_or_break,AUDUSD,2017-09-20 14:00:00+00:00,2017-09-20 14:15:00+00:00,2017-09-20 14:15:00+00:00,1,1.2500000000000242,TP,False
S2-05,ny_or_break,AUDUSD,2017-09-20 14:15:00+00:00,2017-09-20 14:30:00+00:00,2017-09-20 14:30:00+00:00,1,-0.9999999999999325,SL,False
S2-05,ny_or_break,AUDUSD,2017-09-20 14:30:00+00:00,2017-09-20 14:45:00+00:00,2017-09-20 16:00:00+00:00,1,1.25,TP,False
S2-05,ny_or_break,AUDUSD,2017-09-20 16:00:00+00:00,2017-09-20 16:15:00+00:00,2017-09-20 17:30:00+00:00,1,1.2499999999999551,TP,False
S2-05,ny_or_break,AUDUSD,2017-09-21 12:45:00+00:00,2017-09-21 13:00:00+00:00,2017-09-21 13:00:00+00:00,-1,-1.0000000000000528,SL,False
S2-05,ny_or_break,AUDUSD,2017-09-21 14:15:00+00:00,2017-09-21 14:30:00+00:00,2017-09-21 14:45:00+00:00,-1,-1.0000000000000537,SL,False
S2-05,ny_or_break,AUDUSD,2017-09-25 15:45:00+00:00,2017-09-25 16:00:00+00:00,2017-09-25 17:15:00+00:00,-1,-1.0000000000000169,SL,False
S2-05,ny_or_break,AUDUSD,2017-09-26 13:45:00+00:00,2017-09-26 14:00:00+00:00,2017-09-26 14:45:00+00:00,-1,1.2499999999999507,TP,False
S2-05,ny_or_break,AUDUSD,2017-09-26 14:45:00+00:00,2017-09-26 15:00:00+00:00,2017-09-26 15:00:00+00:00,-1,-0.9999999999999771,SL,False
S2-05,ny_or_break,AUDUSD,2017-09-26 15:00:00+00:00,2017-09-26 15:15:00+00:00,2017-09-26 16:30:00+00:00,-1,-0.9999999999999306,SL,True
S2-05,ny_or_break,AUDUSD,2017-09-26 16:30:00+00:00,2017-09-26 16:45:00+00:00,2017-09-26 16:45:00+00:00,-1,-0.9999999999999448,SL,False
S2-05,ny_or_break,AUDUSD,2017-09-26 16:45:00+00:00,2017-09-26 17:00:00+00:00,2017-09-26 17:15:00+00:00,-1,-0.999999999999951,SL,False
S2-05,ny_or_break,AUDUSD,2017-09-29 12:15:00+00:00,2017-09-29 12:30:00+00:00,2017-09-29 12:30:00+00:00,-1,-1.0000000000000886,SL,True
S2-05,ny_or_break,AUDUSD,2017-09-29 14:00:00+00:00,2017-09-29 14:15:00+00:00,2017-09-29 14:30:00+00:00,-1,-1.0000000000000353,SL,False
S2-05,ny_or_break,AUDUSD,2017-10-05 12:45:00+00:00,2017-10-05 13:00:00+00:00,2017-10-05 13:15:00+00:00,-1,1.250000000000029,TP,False
S2-05,ny_or_break,AUDUSD,2017-10-05 13:15:00+00:00,2017-10-05 13:30:00+00:00,2017-10-05 13:45:00+00:00,-1,-0.9999999999999111,SL,False
S2-05,ny_or_break,AUDUSD,2017-10-05 13:45:00+00:00,2017-10-05 14:00:00+00:00,2017-10-05 14:00:00+00:00,-1,-0.9999999999999397,SL,True
S2-05,ny_or_break,AUDUSD,2017-10-05 14:00:00+00:00,2017-10-05 14:15:00+00:00,2017-10-05 15:00:00+00:00,-1,1.250000000000052,TP,False
S2-05,ny_or_break,AUDUSD,2017-10-05 15:00:00+00:00,2017-10-05 15:15:00+00:00,2017-10-05 15:30:00+00:00,-1,-0.9999999999999771,SL,False
S2-05,ny_or_break,AUDUSD,2017-10-05 15:30:00+00:00,2017-10-05 15:45:00+00:00,2017-10-05 18:15:00+00:00,-1,1.25,TP,False
S2-05,ny_or_break,AUDUSD,2017-10-06 12:30:00+00:00,2017-10-06 12:45:00+00:00,2017-10-06 12:45:00+00:00,-1,1.2499999999999554,TP,False
S2-05,ny_or_break,AUDUSD,2017-10-06 12:45:00+00:00,2017-10-06 13:00:00+00:00,2017-10-06 13:00:00+00:00,-1,-1.0000000000000624,SL,False
S2-05,ny_or_break,AUDUSD,2017-10-06 13:00:00+00:00,2017-10-06 13:15:00+00:00,2017-10-06 13:30:00+00:00,-1,1.2499999999999423,TP,False
S2-05,ny_or_break,AUDUSD,2017-10-06 13:30:00+00:00,2017-10-06 13:45:00+00:00,2017-10-06 14:00:00+00:00,-1,1.249999999999982,TP,False
S2-05,ny_or_break,AUDUSD,2017-10-06 14:00:00+00:00,2017-10-06 14:15:00+00:00,2017-10-06 14:15:00+00:00,-1,-1.0000000000000497,SL,False
S2-05,ny_or_break,AUDUSD,2017-10-06 14:15:00+00:00,2017-10-06 14:30:00+00:00,2017-10-06 14:45:00+00:00,-1,-0.9999999999999691,SL,False
S2-05,ny_or_break,AUDUSD,2017-10-06 14:45:00+00:00,2017-10-06 15:00:00+00:00,2017-10-06 16:00:00+00:00,-1,-0.37007528442658927,FRIDAY,False
S2-05,ny_or_break,AUDUSD,2017-10-11 12:30:00+00:00,2017-10-11 12:45:00+00:00,2017-10-11 12:45:00+00:00,1,-1.0,SL,False
S2-05,ny_or_break,AUDUSD,2017-10-11 12:45:00+00:00,2017-10-11 13:00:00+00:00,2017-10-11 13:00:00+00:00,1,-1.000000000000101,SL,False
S2-05,ny_or_break,AUDUSD,2017-10-13 12:30:00+00:00,2017-10-13 12:45:00+00:00,2017-10-13 13:15:00+00:00,1,1.249999999999966,TP,False
S2-05,ny_or_break,AUDUSD,2017-10-13 13:15:00+00:00,2017-10-13 13:30:00+00:00,2017-10-13 14:30:00+00:00,1,-1.000000000000015,SL,False
S2-05,ny_or_break,AUDUSD,2017-10-13 14:30:00+00:00,2017-10-13 14:45:00+00:00,2017-10-13 16:00:00+00:00,1,-0.1622504549739793,FRIDAY,False
S2-05,ny_or_break,AUDUSD,2017-10-13 16:00:00+00:00,2017-10-13 16:15:00+00:00,2017-10-13 16:15:00+00:00,1,0.45123026526440235,FRIDAY,False
S2-05,ny_or_break,AUDUSD,2017-10-13 16:15:00+00:00,2017-10-13 16:30:00+00:00,2017-10-13 16:30:00+00:00,1,-0.6034755621326099,FRIDAY,False
S2-05,ny_or_break,AUDUSD,2017-10-13 16:30:00+00:00,2017-10-13 16:45:00+00:00,2017-10-13 16:45:00+00:00,1,-0.2311281427202817,FRIDAY,False
S2-05,ny_or_break,AUDUSD,2017-10-13 16:45:00+00:00,2017-10-13 17:00:00+00:00,2017-10-13 17:00:00+00:00,1,-0.31143392419657007,FRIDAY,False
S2-05,ny_or_break,AUDUSD,2017-10-17 12:30:00+00:00,2017-10-17 12:45:00+00:00,2017-10-17 13:00:00+00:00,-1,1.2500000000000278,TP,False
S2-05,ny_or_break,AUDUSD,2017-10-17 13:00:00+00:00,2017-10-17 13:15:00+00:00,2017-10-17 14:30:00+00:00,-1,1.2499999999999736,TP,False
S2-05,ny_or_break,AUDUSD,2017-10-17 14:30:00+00:00,2017-10-17 14:45:00+00:00,2017-10-17 14:45:00+00:00,-1,-0.9999999999999725,SL,False
S2-05,ny_or_break,AUDUSD,2017-10-17 14:45:00+00:00,2017-10-17 15:00:00+00:00,2017-10-17 15:30:00+00:00,-1,-0.9999999999999493,SL,False
S2-05,ny_or_break,AUDUSD,2017-10-17 15:30:00+00:00,2017-10-17 15:45:00+00:00,2017-10-17 16:30:00+00:00,-1,-0.9999999999999742,SL,False
S2-05,ny_or_break,AUDUSD,2017-10-17 16:45:00+00:00,2017-10-17 17:00:00+00:00,2017-10-17 17:30:00+00:00,-1,-0.9999999999999722,SL,False
S2-05,ny_or_break,AUDUSD,2017-10-19 14:30:00+00:00,2017-10-19 14:45:00+00:00,2017-10-19 17:00:00+00:00,1,-1.0000000000000537,SL,False
S2-05,ny_or_break,AUDUSD,2017-10-20 12:45:00+00:00,2017-10-20 13:00:00+00:00,2017-10-20 13:30:00+00:00,-1,1.250000000000028,TP,False
S2-05,ny_or_break,AUDUSD,2017-10-20 13:30:00+00:00,2017-10-20 13:45:00+00:00,2017-10-20 14:15:00+00:00,-1,1.25,TP,False
S2-05,ny_or_break,AUDUSD,2017-10-20 14:15:00+00:00,2017-10-20 14:30:00+00:00,2017-10-20 15:00:00+00:00,-1,1.250000000000046,TP,False
S2-05,ny_or_break,AUDUSD,2017-10-20 15:00:00+00:00,2017-10-20 15:15:00+00:00,2017-10-20 15:30:00+00:00,-1,1.2500000000000442,TP,False
S2-05,ny_or_break,AUDUSD,2017-10-20 15:30:00+00:00,2017-10-20 15:45:00+00:00,2017-10-20 16:00:00+00:00,-1,-1.1366063600860763,FRIDAY,False
S2-05,ny_or_break,AUDUSD,2017-10-20 16:00:00+00:00,2017-10-20 16:15:00+00:00,2017-10-20 16:15:00+00:00,-1,0.1464867010718539,FRIDAY,False
S2-05,ny_or_break,AUDUSD,2017-10-20 16:15:00+00:00,2017-10-20 16:30:00+00:00,2017-10-20 16:30:00+00:00,-1,-0.32930925239566455,FRIDAY,False
S2-05,ny_or_break,AUDUSD,2017-10-20 16:30:00+00:00,2017-10-20 16:45:00+00:00,2017-10-20 16:45:00+00:00,-1,-0.687242208160994,FRIDAY,False
S2-05,ny_or_break,AUDUSD,2017-10-20 16:45:00+00:00,2017-10-20 17:00:00+00:00,2017-10-20 17:00:00+00:00,-1,0.11220802799825609,FRIDAY,False
S2-05,ny_or_break,AUDUSD,2017-10-23 15:00:00+00:00,2017-10-23 15:15:00+00:00,2017-10-23 15:45:00+00:00,-1,-0.9999999999999182,SL,False
S2-05,ny_or_break,AUDUSD,2017-10-24 15:00:00+00:00,2017-10-24 15:15:00+00:00,2017-10-24 15:30:00+00:00,-1,-1.0000000000000755,SL,False
S2-05,ny_or_break,AUDUSD,2017-10-25 15:00:00+00:00,2017-10-25 15:15:00+00:00,2017-10-25 19:00:00+00:00,-1,-0.06290399455895977,TIME,False
S2-05,ny_or_break,AUDUSD,2017-10-26 14:45:00+00:00,2017-10-26 15:00:00+00:00,2017-10-26 15:30:00+00:00,-1,-1.0000000000000158,SL,False
S2-05,ny_or_break,AUDUSD,2017-10-30 12:30:00+00:00,2017-10-30 12:45:00+00:00,2017-10-30 13:30:00+00:00,-1,-1.0000000000000997,SL,False
S2-05,ny_or_break,AUDUSD,2017-10-30 14:00:00+00:00,2017-10-30 14:15:00+00:00,2017-10-30 14:45:00+00:00,-1,-1.0,SL,False
S2-05,ny_or_break,AUDUSD,2017-10-30 15:00:00+00:00,2017-10-30 15:15:00+00:00,2017-10-30 15:30:00+00:00,-1,-1.0000000000000528,SL,False
S2-05,ny_or_break,AUDUSD,2017-10-31 12:00:00+00:00,2017-10-31 12:15:00+00:00,2017-10-31 12:15:00+00:00,-1,-1.0,SL,False
S2-05,ny_or_break,AUDUSD,2017-10-31 12:30:00+00:00,2017-10-31 12:45:00+00:00,2017-10-31 12:45:00+00:00,-1,-1.0000000000000246,SL,False
S2-05,ny_or_break,AUDUSD,2017-10-31 12:45:00+00:00,2017-10-31 13:00:00+00:00,2017-10-31 14:00:00+00:00,-1,1.249999999999976,TP,False
S2-05,ny_or_break,AUDUSD,2017-10-31 14:00:00+00:00,2017-10-31 14:15:00+00:00,2017-10-31 15:15:00+00:00,-1,-1.0000000000000222,SL,False
S2-05,ny_or_break,AUDUSD,2017-10-31 15:15:00+00:00,2017-10-31 15:30:00+00:00,2017-10-31 15:45:00+00:00,-1,-0.9999999999999782,SL,False
S2-05,ny_or_break,AUDUSD,2017-10-31 16:30:00+00:00,2017-10-31 16:45:00+00:00,2017-10-31 17:45:00+00:00,-1,-1.0,SL,False
S2-05,ny_or_break,AUDUSD,2017-11-02 14:00:00+00:00,2017-11-02 14:15:00+00:00,2017-11-02 14:30:00+00:00,1,-0.9999999999999771,SL,False
S2-05,ny_or_break,AUDUSD,2017-11-03 14:00:00+00:00,2017-11-03 14:15:00+00:00,2017-11-03 14:30:00+00:00,-1,1.25,TP,False
S2-05,ny_or_break,AUDUSD,2017-11-03 14:30:00+00:00,2017-11-03 14:45:00+00:00,2017-11-03 14:45:00+00:00,-1,1.2500000000000384,TP,False
S2-05,ny_or_break,AUDUSD,2017-11-03 14:45:00+00:00,2017-11-03 15:00:00+00:00,2017-11-03 16:00:00+00:00,-1,-0.48389785273488345,FRIDAY,False
S2-05,ny_or_break,AUDUSD,2017-11-03 16:00:00+00:00,2017-11-03 16:15:00+00:00,2017-11-03 16:15:00+00:00,-1,-0.46965750537680895,FRIDAY,False
S2-05,ny_or_break,AUDUSD,2017-11-03 16:15:00+00:00,2017-11-03 16:30:00+00:00,2017-11-03 16:30:00+00:00,-1,0.36304193481895425,FRIDAY,False
S2-05,ny_or_break,AUDUSD,2017-11-03 16:30:00+00:00,2017-11-03 16:45:00+00:00,2017-11-03 16:45:00+00:00,-1,0.12426449409537917,FRIDAY,False
S2-05,ny_or_break,AUDUSD,2017-11-03 16:45:00+00:00,2017-11-03 17:00:00+00:00,2017-11-03 17:00:00+00:00,-1,-0.5673859086544559,FRIDAY,False
S2-05,ny_or_break,AUDUSD,2017-11-07 12:00:00+00:00,2017-11-07 12:15:00+00:00,2017-11-07 13:30:00+00:00,-1,-0.9999999999999694,SL,False
S2-05,ny_or_break,AUDUSD,2017-11-07 14:00:00+00:00,2017-11-07 14:15:00+00:00,2017-11-07 14:15:00+00:00,-1,-1.0000000000000318,SL,False
S2-05,ny_or_break,AUDUSD,2017-11-07 14:45:00+00:00,2017-11-07 15:00:00+00:00,2017-11-07 15:00:00+00:00,-1,1.2500000000000315,TP,False
S2-05,ny_or_break,AUDUSD,2017-11-07 15:00:00+00:00,2017-11-07 15:15:00+00:00,2017-11-07 15:15:00+00:00,-1,1.249999999999943,TP,False
S2-05,ny_or_break,AUDUSD,2017-11-07 15:15:00+00:00,2017-11-07 15:30:00+00:00,2017-11-07 15:30:00+00:00,-1,-1.000000000000084,SL,False
S2-05,ny_or_break,AUDUSD,2017-11-07 15:30:00+00:00,2017-11-07 15:45:00+00:00,2017-11-07 15:45:00+00:00,-1,-1.0000000000000273,SL,False
S2-05,ny_or_break,AUDUSD,2017-11-07 15:45:00+00:00,2017-11-07 16:00:00+00:00,2017-11-07 16:15:00+00:00,-1,1.2499999999999472,TP,False
S2-05,ny_or_break,AUDUSD,2017-11-07 16:15:00+00:00,2017-11-07 16:30:00+00:00,2017-11-07 16:45:00+00:00,-1,-1.0000000000000757,SL,False
S2-05,ny_or_break,AUDUSD,2017-11-07 16:45:00+00:00,2017-11-07 17:00:00+00:00,2017-11-07 19:45:00+00:00,-1,-1.0000000000000244,SL,False
S2-05,ny_or_break,AUDUSD,2017-11-08 14:00:00+00:00,2017-11-08 14:15:00+00:00,2017-11-08 14:30:00+00:00,1,-0.9999999999999625,SL,False
S2-05,ny_or_break,AUDUSD,2017-11-08 14:45:00+00:00,2017-11-08 15:00:00+00:00,2017-11-08 15:15:00+00:00,1,-1.0000000000000322,SL,False
S2-05,ny_or_break,AUDUSD,2017-11-10 16:00:00+00:00,2017-11-10 16:15:00+00:00,2017-11-10 16:15:00+00:00,-1,-0.32637400439258024,FRIDAY,False
S2-05,ny_or_break,AUDUSD,2017-11-10 16:30:00+00:00,2017-11-10 16:45:00+00:00,2017-11-10 16:45:00+00:00,-1,0.4811329210361208,FRIDAY,False
S2-05,ny_or_break,AUDUSD,2017-11-10 16:45:00+00:00,2017-11-10 17:00:00+00:00,2017-11-10 17:00:00+00:00,-1,-0.35039725005675,FRIDAY,False
S2-05,ny_or_break,AUDUSD,2017-11-13 12:45:00+00:00,2017-11-13 13:00:00+00:00,2017-11-13 13:00:00+00:00,-1,-1.0000000000001295,SL,False
S2-05,ny_or_break,AUDUSD,2017-11-13 13:00:00+00:00,2017-11-13 13:15:00+00:00,2017-11-13 13:30:00+00:00,-1,-0.9999999999999143,SL,False
S2-05,ny_or_break,AUDUSD,2017-11-13 13:30:00+00:00,2017-11-13 13:45:00+00:00,2017-11-13 15:00:00+00:00,-1,-0.9999999999999628,SL,False
S2-05,ny_or_break,AUDUSD,2017-11-13 15:00:00+00:00,2017-11-13 15:15:00+00:00,2017-11-13 15:45:00+00:00,-1,1.2500000000001104,TP,False
S2-05,ny_or_break,AUDUSD,2017-11-13 15:45:00+00:00,2017-11-13 16:00:00+00:00,2017-11-13 16:15:00+00:00,-1,1.2500000000001057,TP,False
S2-05,ny_or_break,AUDUSD,2017-11-13 16:15:00+00:00,2017-11-13 16:30:00+00:00,2017-11-13 16:30:00+00:00,-1,1.2499999999999287,TP,False
S2-05,ny_or_break,AUDUSD,2017-11-13 16:30:00+00:00,2017-11-13 16:45:00+00:00,2017-11-13 17:00:00+00:00,-1,1.25,TP,False
S2-05,ny_or_break,AUDUSD,2017-11-15 16:45:00+00:00,2017-11-15 17:00:00+00:00,2017-11-15 18:00:00+00:00,-1,-1.00000000000005,SL,False
S2-05,ny_or_break,AUDUSD,2017-11-17 13:30:00+00:00,2017-11-17 13:45:00+00:00,2017-11-17 13:45:00+00:00,-1,-0.9999999999999283,SL,False
S2-05,ny_or_break,AUDUSD,2017-11-17 14:45:00+00:00,2017-11-17 15:00:00+00:00,2017-11-17 15:15:00+00:00,-1,-0.999999999999972,SL,False
S2-05,ny_or_break,AUDUSD,2017-11-17 15:30:00+00:00,2017-11-17 15:45:00+00:00,2017-11-17 15:45:00+00:00,-1,-1.0000000000000526,SL,False
S2-05,ny_or_break,AUDUSD,2017-11-20 12:15:00+00:00,2017-11-20 12:30:00+00:00,2017-11-20 13:45:00+00:00,-1,1.2500000000000646,TP,False
S2-05,ny_or_break,AUDUSD,2017-11-20 13:45:00+00:00,2017-11-20 14:00:00+00:00,2017-11-20 14:00:00+00:00,-1,-0.9999999999999287,SL,False
S2-05,ny_or_break,AUDUSD,2017-11-20 14:00:00+00:00,2017-11-20 14:15:00+00:00,2017-11-20 14:30:00+00:00,-1,-0.9999999999999653,SL,False
S2-05,ny_or_break,AUDUSD,2017-11-20 14:30:00+00:00,2017-11-20 14:45:00+00:00,2017-11-20 14:45:00+00:00,-1,-0.9999999999998905,SL,False
S2-05,ny_or_break,AUDUSD,2017-11-20 14:45:00+00:00,2017-11-20 15:00:00+00:00,2017-11-20 15:15:00+00:00,-1,1.2499999999999303,TP,False
S2-05,ny_or_break,AUDUSD,2017-11-20 15:15:00+00:00,2017-11-20 15:30:00+00:00,2017-11-20 15:45:00+00:00,-1,-1.0000000000001068,SL,False
S2-05,ny_or_break,AUDUSD,2017-11-20 15:45:00+00:00,2017-11-20 16:00:00+00:00,2017-11-20 16:00:00+00:00,-1,-1.0,SL,False
S2-05,ny_or_break,AUDUSD,2017-11-20 16:15:00+00:00,2017-11-20 16:30:00+00:00,2017-11-20 16:30:00+00:00,-1,1.2500000000000315,TP,False
S2-05,ny_or_break,AUDUSD,2017-11-20 16:30:00+00:00,2017-11-20 16:45:00+00:00,2017-11-20 16:45:00+00:00,-1,-1.000000000000087,SL,False
S2-05,ny_or_break,AUDUSD,2017-11-20 16:45:00+00:00,2017-11-20 17:00:00+00:00,2017-11-20 20:45:00+00:00,-1,0.37560876328375997,TIME,False
S2-05,ny_or_break,AUDUSD,2017-11-21 16:15:00+00:00,2017-11-21 16:30:00+00:00,2017-11-21 17:00:00+00:00,1,-1.000000000000027,SL,False
S2-05,ny_or_break,AUDUSD,2017-11-22 13:00:00+00:00,2017-11-22 13:15:00+00:00,2017-11-22 13:30:00+00:00,1,-0.999999999999966,SL,False
S2-05,ny_or_break,AUDUSD,2017-11-22 14:00:00+00:00,2017-11-22 14:15:00+00:00,2017-11-22 15:00:00+00:00,1,-0.9999999999999171,SL,False
S2-05,ny_or_break,AUDUSD,2017-11-22 15:00:00+00:00,2017-11-22 15:15:00+00:00,2017-11-22 15:45:00+00:00,1,-0.999999999999925,SL,False
S2-05,ny_or_break,AUDUSD,2017-11-22 15:45:00+00:00,2017-11-22 16:00:00+00:00,2017-11-22 16:15:00+00:00,1,1.2499999999999518,TP,False
S2-05,ny_or_break,AUDUSD,2017-11-22 16:15:00+00:00,2017-11-22 16:30:00+00:00,2017-11-22 16:30:00+00:00,1,-0.9999999999999254,SL,False
S2-05,ny_or_break,AUDUSD,2017-11-22 16:30:00+00:00,2017-11-22 16:45:00+00:00,2017-11-22 17:00:00+00:00,1,-0.9999999999999278,SL,False
S2-05,ny_or_break,AUDUSD,2017-11-24 14:30:00+00:00,2017-11-24 14:45:00+00:00,2017-11-24 15:15:00+00:00,1,-1.000000000000101,SL,False
S2-05,ny_or_break,AUDUSD,2017-11-24 16:00:00+00:00,2017-11-24 16:15:00+00:00,2017-11-24 16:15:00+00:00,1,-0.7398355597912998,FRIDAY,False
S2-05,ny_or_break,AUDUSD,2017-11-29 13:00:00+00:00,2017-11-29 13:15:00+00:00,2017-11-29 13:15:00+00:00,-1,1.25,TP,False
S2-05,ny_or_break,AUDUSD,2017-11-29 13:15:00+00:00,2017-11-29 13:30:00+00:00,2017-11-29 13:30:00+00:00,-1,-1.0,SL,False
S2-05,ny_or_break,AUDUSD,2017-11-29 13:30:00+00:00,2017-11-29 13:45:00+00:00,2017-11-29 15:00:00+00:00,-1,1.25,TP,False
S2-05,ny_or_break,AUDUSD,2017-11-29 15:00:00+00:00,2017-11-29 15:15:00+00:00,2017-11-29 15:15:00+00:00,-1,-1.0000000000000697,SL,False
S2-05,ny_or_break,AUDUSD,2017-11-29 15:15:00+00:00,2017-11-29 15:30:00+00:00,2017-11-29 15:30:00+00:00,-1,-0.9999999999999791,SL,False
S2-05,ny_or_break,AUDUSD,2017-11-29 15:30:00+00:00,2017-11-29 15:45:00+00:00,2017-11-29 15:45:00+00:00,-1,-0.9999999999999608,SL,False
S2-05,ny_or_break,AUDUSD,2017-11-29 16:00:00+00:00,2017-11-29 16:15:00+00:00,2017-11-29 20:00:00+00:00,-1,-0.593981047589295,TIME,False
S2-05,ny_or_break,AUDUSD,2017-12-04 13:00:00+00:00,2017-12-04 13:15:00+00:00,2017-12-04 13:30:00+00:00,1,-0.9999999999999348,SL,False
S2-05,ny_or_break,AUDUSD,2017-12-06 14:30:00+00:00,2017-12-06 14:45:00+00:00,2017-12-06 15:00:00+00:00,-1,1.2500000000000575,TP,False
S2-05,ny_or_break,AUDUSD,2017-12-06 15:00:00+00:00,2017-12-06 15:15:00+00:00,2017-12-06 15:45:00+00:00,-1,-0.9999999999999741,SL,False
S2-05,ny_or_break,AUDUSD,2017-12-06 15:45:00+00:00,2017-12-06 16:00:00+00:00,2017-12-06 16:15:00+00:00,-1,1.250000000000045,TP,False
S2-05,ny_or_break,AUDUSD,2017-12-06 16:15:00+00:00,2017-12-06 16:30:00+00:00,2017-12-06 20:15:00+00:00,-1,-0.5528960436818942,TIME,False
S2-05,ny_or_break,AUDUSD,2017-12-07 12:00:00+00:00,2017-12-07 12:15:00+00:00,2017-12-07 13:45:00+00:00,-1,-1.0,SL,False
S2-05,ny_or_break,AUDUSD,2017-12-07 14:15:00+00:00,2017-12-07 14:30:00+00:00,2017-12-07 14:30:00+00:00,-1,-1.0000000000000295,SL,False
S2-05,ny_or_break,AUDUSD,2017-12-07 14:45:00+00:00,2017-12-07 15:00:00+00:00,2017-12-07 15:45:00+00:00,-1,-1.0,SL,False
S2-05,ny_or_break,AUDUSD,2017-12-08 16:15:00+00:00,2017-12-08 16:30:00+00:00,2017-12-08 16:30:00+00:00,-1,-0.42545787847353717,FRIDAY,False
S2-05,ny_or_break,AUDUSD,2017-12-13 13:30:00+00:00,2017-12-13 13:45:00+00:00,2017-12-13 14:30:00+00:00,1,1.2500000000000806,TP,False
S2-05,ny_or_break,AUDUSD,2017-12-13 14:30:00+00:00,2017-12-13 14:45:00+00:00,2017-12-13 15:30:00+00:00,1,-0.9999999999999571,SL,False
S2-05,ny_or_break,AUDUSD,2017-12-13 15:30:00+00:00,2017-12-13 15:45:00+00:00,2017-12-13 19:00:00+00:00,1,1.2500000000000195,TP,False
S2-05,ny_or_break,AUDUSD,2017-12-14 16:45:00+00:00,2017-12-14 17:00:00+00:00,2017-12-14 17:15:00+00:00,1,-1.0,SL,False
S2-05,ny_or_break,AUDUSD,2017-12-18 14:00:00+00:00,2017-12-18 14:15:00+00:00,2017-12-18 14:15:00+00:00,1,-1.0,SL,False
S2-05,ny_or_break,AUDUSD,2017-12-18 15:30:00+00:00,2017-12-18 15:45:00+00:00,2017-12-18 16:15:00+00:00,1,-1.0000000000000318,SL,False
S2-05,ny_or_break,AUDUSD,2017-12-18 16:30:00+00:00,2017-12-18 16:45:00+00:00,2017-12-18 18:15:00+00:00,1,-1.0,SL,False
S2-05,ny_or_break,AUDUSD,2017-12-21 13:00:00+00:00,2017-12-21 13:15:00+00:00,2017-12-21 13:30:00+00:00,1,1.249999999999883,TP,False
S2-05,ny_or_break,AUDUSD,2017-12-21 13:30:00+00:00,2017-12-21 13:45:00+00:00,2017-12-21 13:45:00+00:00,1,-0.9999999999999691,SL,False
S2-05,ny_or_break,AUDUSD,2017-12-21 13:45:00+00:00,2017-12-21 14:00:00+00:00,2017-12-21 14:00:00+00:00,1,-1.000000000000058,SL,False
S2-05,ny_or_break,AUDUSD,2017-12-21 14:00:00+00:00,2017-12-21 14:15:00+00:00,2017-12-21 14:30:00+00:00,1,1.250000000000027,TP,False
S2-05,ny_or_break,AUDUSD,2017-12-21 14:30:00+00:00,2017-12-21 14:45:00+00:00,2017-12-21 15:30:00+00:00,1,1.2499999999999487,TP,False
S2-05,ny_or_break,AUDUSD,2017-12-21 15:30:00+00:00,2017-12-21 15:45:00+00:00,2017-12-21 15:45:00+00:00,1,-1.000000000000048,SL,False
S2-05,ny_or_break,AUDUSD,2017-12-21 15:45:00+00:00,2017-12-21 16:00:00+00:00,2017-12-21 17:30:00+00:00,1,1.2499999999999312,TP,False
S2-05,ny_or_break,AUDUSD,2017-12-26 15:00:00+00:00,2017-12-26 15:15:00+00:00,2017-12-26 15:30:00+00:00,1,-0.9999999999998118,SL,False
S2-05,ny_or_break,AUDUSD,2017-12-26 16:00:00+00:00,2017-12-26 16:15:00+00:00,2017-12-26 18:45:00+00:00,1,1.2499999999999052,TP,False
S2-05,ny_or_break,AUDUSD,2017-12-27 12:00:00+00:00,2017-12-27 12:15:00+00:00,2017-12-27 12:15:00+00:00,1,-1.0000000000000366,SL,False
S2-05,ny_or_break,AUDUSD,2018-01-03 13:30:00+00:00,2018-01-03 13:45:00+00:00,2018-01-03 14:00:00+00:00,1,-0.999999999999888,SL,False
S2-05,ny_or_break,AUDUSD,2018-01-04 15:45:00+00:00,2018-01-04 16:00:00+00:00,2018-01-04 16:15:00+00:00,1,-1.000000000000073,SL,False
S2-05,ny_or_break,AUDUSD,2018-01-04 16:15:00+00:00,2018-01-04 16:30:00+00:00,2018-01-04 18:00:00+00:00,1,1.2499999999999776,TP,False
S2-05,ny_or_break,AUDUSD,2018-01-05 16:00:00+00:00,2018-01-05 16:15:00+00:00,2018-01-05 16:15:00+00:00,1,-0.08944091105857281,FRIDAY,False
S2-05,ny_or_break,AUDUSD,2018-01-05 16:15:00+00:00,2018-01-05 16:30:00+00:00,2018-01-05 16:30:00+00:00,1,0.079069029051951,FRIDAY,False
S2-05,ny_or_break,AUDUSD,2018-01-05 16:30:00+00:00,2018-01-05 16:45:00+00:00,2018-01-05 16:45:00+00:00,1,-6.544869757091833e-05,FRIDAY,False
S2-05,ny_or_break,AUDUSD,2018-01-05 16:45:00+00:00,2018-01-05 17:00:00+00:00,2018-01-05 17:00:00+00:00,1,-0.12100837188395483,FRIDAY,False
S2-05,ny_or_break,AUDUSD,2018-01-09 14:45:00+00:00,2018-01-09 15:00:00+00:00,2018-01-09 15:00:00+00:00,-1,-1.0000000000000557,SL,False
S2-05,ny_or_break,AUDUSD,2018-01-09 15:15:00+00:00,2018-01-09 15:30:00+00:00,2018-01-09 15:30:00+00:00,-1,-1.0,SL,False
S2-05,ny_or_break,AUDUSD,2018-01-11 14:45:00+00:00,2018-01-11 15:00:00+00:00,2018-01-11 15:15:00+00:00,1,-1.0000000000000577,SL,False
S2-05,ny_or_break,AUDUSD,2018-01-11 16:15:00+00:00,2018-01-11 16:30:00+00:00,2018-01-11 18:30:00+00:00,1,1.2500000000000233,TP,False
S2-05,ny_or_break,AUDUSD,2018-01-12 15:45:00+00:00,2018-01-12 16:00:00+00:00,2018-01-12 16:00:00+00:00,1,-0.7815634120141074,FRIDAY,False
S2-05,ny_or_break,AUDUSD,2018-01-15 15:30:00+00:00,2018-01-15 15:45:00+00:00,2018-01-15 16:00:00+00:00,1,1.2500000000000586,TP,False
S2-05,ny_or_break,AUDUSD,2018-01-15 16:00:00+00:00,2018-01-15 16:15:00+00:00,2018-01-15 18:15:00+00:00,1,-1.0000000000000253,SL,False
S2-05,ny_or_break,AUDUSD,2018-01-18 12:00:00+00:00,2018-01-18 12:15:00+00:00,2018-01-18 12:30:00+00:00,1,-1.0000000000000868,SL,False
S2-05,ny_or_break,AUDUSD,2018-01-18 13:45:00+00:00,2018-01-18 14:00:00+00:00,2018-01-18 14:45:00+00:00,1,1.2499999999999163,TP,False
S2-05,ny_or_break,AUDUSD,2018-01-18 14:45:00+00:00,2018-01-18 15:00:00+00:00,2018-01-18 15:00:00+00:00,1,-0.999999999999973,SL,False
S2-05,ny_or_break,AUDUSD,2018-01-18 15:00:00+00:00,2018-01-18 15:15:00+00:00,2018-01-18 15:30:00+00:00,1,-1.0000000000000526,SL,False
S2-05,ny_or_break,AUDUSD,2018-01-18 16:15:00+00:00,2018-01-18 16:30:00+00:00,2018-01-18 17:15:00+00:00,1,1.2499999999999314,TP,False
S2-05,ny_or_break,AUDUSD,2018-01-22 15:15:00+00:00,2018-01-22 15:30:00+00:00,2018-01-22 15:45:00+00:00,1,1.2500000000000928,TP,False
S2-05,ny_or_break,AUDUSD,2018-01-22 15:45:00+00:00,2018-01-22 16:00:00+00:00,2018-01-22 16:00:00+00:00,1,-1.0,SL,False
S2-05,ny_or_break,AUDUSD,2018-01-22 16:15:00+00:00,2018-01-22 16:30:00+00:00,2018-01-22 16:30:00+00:00,1,-0.9999999999999725,SL,False
S2-05,ny_or_break,AUDUSD,2018-01-24 14:45:00+00:00,2018-01-24 15:00:00+00:00,2018-01-24 15:45:00+00:00,1,-1.0,SL,False
S2-05,ny_or_break,AUDUSD,2018-01-24 16:15:00+00:00,2018-01-24 16:30:00+00:00,2018-01-24 16:30:00+00:00,1,-0.9999999999999635,SL,False
S2-05,ny_or_break,AUDUSD,2018-01-26 14:45:00+00:00,2018-01-26 15:00:00+00:00,2018-01-26 15:15:00+00:00,1,-1.0000000000000455,SL,False
S2-05,ny_or_break,AUDUSD,2018-01-26 15:30:00+00:00,2018-01-26 15:45:00+00:00,2018-01-26 16:00:00+00:00,1,-0.5205010234549586,FRIDAY,False
S2-05,ny_or_break,AUDUSD,2018-01-26 16:15:00+00:00,2018-01-26 16:30:00+00:00,2018-01-26 16:30:00+00:00,1,-0.10142482526915565,FRIDAY,False
S2-05,ny_or_break,AUDUSD,2018-01-26 16:30:00+00:00,2018-01-26 16:45:00+00:00,2018-01-26 16:45:00+00:00,1,0.0409902427448736,FRIDAY,False
S2-05,ny_or_break,AUDUSD,2018-01-26 16:45:00+00:00,2018-01-26 17:00:00+00:00,2018-01-26 17:00:00+00:00,1,0.25410042016220213,FRIDAY,False
S2-05,ny_or_break,AUDUSD,2018-01-31 12:00:00+00:00,2018-01-31 12:15:00+00:00,2018-01-31 12:15:00+00:00,1,-0.9999999999999531,SL,False
S2-05,ny_or_break,AUDUSD,2018-01-31 12:45:00+00:00,2018-01-31 13:00:00+00:00,2018-01-31 13:00:00+00:00,1,-1.0000000000000253,SL,False
S2-05,ny_or_break,AUDUSD,2018-01-31 13:00:00+00:00,2018-01-31 13:15:00+00:00,2018-01-31 13:15:00+00:00,1,-1.0000000000000244,SL,False
S2-05,ny_or_break,AUDUSD,2018-02-02 13:30:00+00:00,2018-02-02 13:45:00+00:00,2018-02-02 14:00:00+00:00,-1,1.2499999999999838,TP,False
S2-05,ny_or_break,AUDUSD,2018-02-02 14:00:00+00:00,2018-02-02 14:15:00+00:00,2018-02-02 14:30:00+00:00,-1,-0.9999999999999697,SL,False
S2-05,ny_or_break,AUDUSD,2018-02-02 14:30:00+00:00,2018-02-02 14:45:00+00:00,2018-02-02 14:45:00+00:00,-1,1.2500000000000284,TP,False
S2-05,ny_or_break,AUDUSD,2018-02-02 14:45:00+00:00,2018-02-02 15:00:00+00:00,2018-02-02 15:45:00+00:00,-1,-1.0000000000000382,SL,False
S2-05,ny_or_break,AUDUSD,2018-02-02 15:45:00+00:00,2018-02-02 16:00:00+00:00,2018-02-02 16:00:00+00:00,-1,-0.014811502844853917,FRIDAY,False
S2-05,ny_or_break,AUDUSD,2018-02-02 16:00:00+00:00,2018-02-02 16:15:00+00:00,2018-02-02 16:15:00+00:00,-1,0.46151111000212097,FRIDAY,False
S2-05,ny_or_break,AUDUSD,2018-02-02 16:15:00+00:00,2018-02-02 16:30:00+00:00,2018-02-02 16:30:00+00:00,-1,0.12371600552962253,FRIDAY,False
S2-05,ny_or_break,AUDUSD,2018-02-02 16:30:00+00:00,2018-02-02 16:45:00+00:00,2018-02-02 16:45:00+00:00,-1,0.1226112938242944,FRIDAY,False
S2-05,ny_or_break,AUDUSD,2018-02-02 16:45:00+00:00,2018-02-02 17:00:00+00:00,2018-02-02 17:00:00+00:00,-1,-0.8004388128140515,FRIDAY,False
S2-05,ny_or_break,AUDUSD,2018-02-06 13:00:00+00:00,2018-02-06 13:15:00+00:00,2018-02-06 13:30:00+00:00,-1,-1.0,SL,False
S2-05,ny_or_break,AUDUSD,2018-02-07 15:45:00+00:00,2018-02-07 16:00:00+00:00,2018-02-07 16:00:00+00:00,-1,-1.0,SL,False
S2-05,ny_or_break,AUDUSD,2018-02-07 16:15:00+00:00,2018-02-07 16:30:00+00:00,2018-02-07 17:15:00+00:00,-1,1.2500000000000349,TP,False
S2-05,ny_or_break,AUDUSD,2018-02-08 12:00:00+00:00,2018-02-08 12:15:00+00:00,2018-02-08 13:00:00+00:00,-1,-1.0000000000000193,SL,False
S2-05,ny_or_break,AUDUSD,2018-02-08 15:15:00+00:00,2018-02-08 15:30:00+00:00,2018-02-08 18:30:00+00:00,-1,-0.9999999999999709,SL,False
S2-05,ny_or_break,AUDUSD,2018-02-12 12:45:00+00:00,2018-02-12 13:00:00+00:00,2018-02-12 13:30:00+00:00,1,-1.0000000000000813,SL,False
S2-05,ny_or_break,AUDUSD,2018-02-12 14:30:00+00:00,2018-02-12 14:45:00+00:00,2018-02-12 15:15:00+00:00,1,-0.9999999999999543,SL,False
S2-05,ny_or_break,AUDUSD,2018-02-14 16:15:00+00:00,2018-02-14 16:30:00+00:00,2018-02-14 18:15:00+00:00,1,1.25,TP,False
S2-05,ny_or_break,AUDUSD,2018-02-19 14:15:00+00:00,2018-02-19 14:30:00+00:00,2018-02-19 16:00:00+00:00,-1,-1.000000000000091,SL,False
S2-05,ny_or_break,AUDUSD,2018-02-21 16:00:00+00:00,2018-02-21 16:15:00+00:00,2018-02-21 19:00:00+00:00,-1,-1.0000000000000173,SL,False
S2-05,ny_or_break,AUDUSD,2018-02-23 14:30:00+00:00,2018-02-23 14:45:00+00:00,2018-02-23 15:00:00+00:00,-1,-1.0000000000000253,SL,False
S2-05,ny_or_break,AUDUSD,2018-02-27 14:00:00+00:00,2018-02-27 14:15:00+00:00,2018-02-27 14:30:00+00:00,-1,-1.0000000000000224,SL,False
S2-05,ny_or_break,AUDUSD,2018-02-27 14:45:00+00:00,2018-02-27 15:00:00+00:00,2018-02-27 15:30:00+00:00,-1,1.2499999999999631,TP,False
S2-05,ny_or_break,AUDUSD,2018-02-27 15:30:00+00:00,2018-02-27 15:45:00+00:00,2018-02-27 16:00:00+00:00,-1,-0.9999999999999691,SL,False
S2-05,ny_or_break,AUDUSD,2018-02-27 16:00:00+00:00,2018-02-27 16:15:00+00:00,2018-02-27 19:45:00+00:00,-1,1.2499999999999867,TP,False
S2-05,ny_or_break,AUDUSD,2018-02-28 14:45:00+00:00,2018-02-28 15:00:00+00:00,2018-02-28 17:00:00+00:00,-1,-0.9999999999999797,SL,False
S2-05,ny_or_break,AUDUSD,2018-03-02 15:15:00+00:00,2018-03-02 15:30:00+00:00,2018-03-02 15:30:00+00:00,-1,-1.0000000000000304,SL,False
S2-05,ny_or_break,AUDUSD,2018-03-02 15:45:00+00:00,2018-03-02 16:00:00+00:00,2018-03-02 16:00:00+00:00,-1,0.15277653544971823,FRIDAY,False
S2-05,ny_or_break,AUDUSD,2018-03-02 16:00:00+00:00,2018-03-02 16:15:00+00:00,2018-03-02 16:15:00+00:00,-1,-0.6815644709533116,FRIDAY,False
S2-05,ny_or_break,AUDUSD,2018-03-05 14:30:00+00:00,2018-03-05 14:45:00+00:00,2018-03-05 14:45:00+00:00,-1,-1.0000000000000822,SL,False
S2-05,ny_or_break,AUDUSD,2018-03-05 15:00:00+00:00,2018-03-05 15:15:00+00:00,2018-03-05 15:15:00+00:00,-1,-0.999999999999925,SL,False
S2-05,ny_or_break,AUDUSD,2018-03-06 12:00:00+00:00,2018-03-06 12:15:00+00:00,2018-03-06 12:45:00+00:00,1,1.24999999999996,TP,False
S2-05,ny_or_break,AUDUSD,2018-03-06 12:45:00+00:00,2018-03-06 13:00:00+00:00,2018-03-06 13:00:00+00:00,1,1.250000000000052,TP,False
S2-05,ny_or_break,AUDUSD,2018-03-06 13:00:00+00:00,2018-03-06 13:15:00+00:00,2018-03-06 13:15:00+00:00,1,-0.9999999999999838,SL,False
S2-05,ny_or_break,AUDUSD,2018-03-06 13:15:00+00:00,2018-03-06 13:30:00+00:00,2018-03-06 14:15:00+00:00,1,-0.9999999999999533,SL,False
S2-05,ny_or_break,AUDUSD,2018-03-06 14:15:00+00:00,2018-03-06 14:30:00+00:00,2018-03-06 15:15:00+00:00,1,1.2499999999999858,TP,False
S2-05,ny_or_break,AUDUSD,2018-03-06 15:15:00+00:00,2018-03-06 15:30:00+00:00,2018-03-06 15:45:00+00:00,1,-1.0,SL,False
S2-05,ny_or_break,AUDUSD,2018-03-06 15:45:00+00:00,2018-03-06 16:00:00+00:00,2018-03-06 16:15:00+00:00,1,1.2499999999999847,TP,False
S2-05,ny_or_break,AUDUSD,2018-03-06 16:15:00+00:00,2018-03-06 16:30:00+00:00,2018-03-06 20:15:00+00:00,1,0.1404353719799059,TIME,False
S2-05,ny_or_break,AUDUSD,2018-03-07 14:30:00+00:00,2018-03-07 14:45:00+00:00,2018-03-07 15:00:00+00:00,1,-1.000000000000038,SL,False
S2-05,ny_or_break,AUDUSD,2018-03-07 15:00:00+00:00,2018-03-07 15:15:00+00:00,2018-03-07 15:15:00+00:00,1,-1.0000000000000193,SL,False
S2-05,ny_or_break,AUDUSD,2018-03-09 15:00:00+00:00,2018-03-09 15:15:00+00:00,2018-03-09 16:00:00+00:00,1,-0.4120906020006854,FRIDAY,False
S2-05,ny_or_break,AUDUSD,2018-03-09 16:00:00+00:00,2018-03-09 16:15:00+00:00,2018-03-09 16:15:00+00:00,1,0.24847461213805103,FRIDAY,False
S2-05,ny_or_break,AUDUSD,2018-03-09 16:15:00+00:00,2018-03-09 16:30:00+00:00,2018-03-09 16:30:00+00:00,1,0.02725569729997523,FRIDAY,False
S2-05,ny_or_break,AUDUSD,2018-03-09 16:30:00+00:00,2018-03-09 16:45:00+00:00,2018-03-09 16:45:00+00:00,1,0.24706652330419332,FRIDAY,False
S2-05,ny_or_break,AUDUSD,2018-03-09 16:45:00+00:00,2018-03-09 17:00:00+00:00,2018-03-09 17:00:00+00:00,1,0.20260324843392474,FRIDAY,False
S2-05,ny_or_break,AUDUSD,2018-03-13 13:00:00+00:00,2018-03-13 13:15:00+00:00,2018-03-13 13:15:00+00:00,1,-1.0000000000000682,SL,False
S2-05,ny_or_break,AUDUSD,2018-03-13 13:15:00+00:00,2018-03-13 13:30:00+00:00,2018-03-13 14:00:00+00:00,1,1.25,TP,False
S2-05,ny_or_break,AUDUSD,2018-03-13 14:00:00+00:00,2018-03-13 14:15:00+00:00,2018-03-13 14:15:00+00:00,1,-1.0,SL,False
S2-05,ny_or_break,AUDUSD,2018-03-13 14:15:00+00:00,2018-03-13 14:30:00+00:00,2018-03-13 14:45:00+00:00,1,-0.9999999999999465,SL,False
S2-05,ny_or_break,AUDUSD,2018-03-13 15:15:00+00:00,2018-03-13 15:30:00+00:00,2018-03-13 16:15:00+00:00,1,-1.0000000000000158,SL,False
S2-05,ny_or_break,AUDUSD,2018-03-13 16:30:00+00:00,2018-03-13 16:45:00+00:00,2018-03-13 17:45:00+00:00,1,-0.9999999999999655,SL,False
S2-05,ny_or_break,AUDUSD,2018-03-14 12:00:00+00:00,2018-03-14 12:15:00+00:00,2018-03-14 12:15:00+00:00,1,-0.999999999999974,SL,False
S2-05,ny_or_break,AUDUSD,2018-03-14 12:30:00+00:00,2018-03-14 12:45:00+00:00,2018-03-14 12:45:00+00:00,1,-1.0,SL,False
S2-05,ny_or_break,AUDUSD,2018-03-14 13:00:00+00:00,2018-03-14 13:15:00+00:00,2018-03-14 13:15:00+00:00,1,-0.9999999999999596,SL,False
S2-05,ny_or_break,AUDUSD,2018-03-14 13:15:00+00:00,2018-03-14 13:30:00+00:00,2018-03-14 13:30:00+00:00,1,-1.0,SL,False
S2-05,ny_or_break,AUDUSD,2018-03-15 12:45:00+00:00,2018-03-15 13:00:00+00:00,2018-03-15 13:00:00+00:00,-1,-1.0000000000000557,SL,False
S2-05,ny_or_break,AUDUSD,2018-03-15 13:15:00+00:00,2018-03-15 13:30:00+00:00,2018-03-15 13:30:00+00:00,-1,1.25,TP,False
S2-05,ny_or_break,AUDUSD,2018-03-15 13:30:00+00:00,2018-03-15 13:45:00+00:00,2018-03-15 14:00:00+00:00,-1,-1.0,SL,False
S2-05,ny_or_break,AUDUSD,2018-03-15 14:00:00+00:00,2018-03-15 14:15:00+00:00,2018-03-15 14:45:00+00:00,-1,-1.0000000000000455,SL,False
S2-05,ny_or_break,AUDUSD,2018-03-15 14:45:00+00:00,2018-03-15 15:00:00+00:00,2018-03-15 15:30:00+00:00,-1,1.2500000000000202,TP,False
S2-05,ny_or_break,AUDUSD,2018-03-15 15:30:00+00:00,2018-03-15 15:45:00+00:00,2018-03-15 16:30:00+00:00,-1,1.2499999999999605,TP,False
S2-05,ny_or_break,AUDUSD,2018-03-15 16:30:00+00:00,2018-03-15 16:45:00+00:00,2018-03-15 20:30:00+00:00,-1,0.9165544080227511,TIME,False
S2-05,ny_or_break,AUDUSD,2018-03-16 12:00:00+00:00,2018-03-16 12:15:00+00:00,2018-03-16 12:15:00+00:00,-1,-0.999999999999931,SL,False
S2-05,ny_or_break,AUDUSD,2018-03-16 12:45:00+00:00,2018-03-16 13:00:00+00:00,2018-03-16 13:15:00+00:00,-1,1.2499999999999567,TP,False
S2-05,ny_or_break,AUDUSD,2018-03-16 13:15:00+00:00,2018-03-16 13:30:00+00:00,2018-03-16 14:15:00+00:00,-1,1.2500000000000637,TP,False
S2-05,ny_or_break,AUDUSD,2018-03-16 14:15:00+00:00,2018-03-16 14:30:00+00:00,2018-03-16 14:45:00+00:00,-1,1.2500000000000204,TP,False
S2-05,ny_or_break,AUDUSD,2018-03-16 14:45:00+00:00,2018-03-16 15:00:00+00:00,2018-03-16 15:45:00+00:00,-1,-0.9999999999999405,SL,False
S2-05,ny_or_break,AUDUSD,2018-03-16 15:45:00+00:00,2018-03-16 16:00:00+00:00,2018-03-16 16:00:00+00:00,-1,-0.270220266519989,FRIDAY,False
S2-05,ny_or_break,AUDUSD,2018-03-16 16:00:00+00:00,2018-03-16 16:15:00+00:00,2018-03-16 16:15:00+00:00,-1,0.3816373711056475,FRIDAY,False
S2-05,ny_or_break,AUDUSD,2018-03-16 16:15:00+00:00,2018-03-16 16:30:00+00:00,2018-03-16 16:30:00+00:00,-1,-0.0766004151136129,FRIDAY,False
S2-05,ny_or_break,AUDUSD,2018-03-16 16:30:00+00:00,2018-03-16 16:45:00+00:00,2018-03-16 16:45:00+00:00,-1,-0.26394615911823194,FRIDAY,False
S2-05,ny_or_break,AUDUSD,2018-03-16 16:45:00+00:00,2018-03-16 17:00:00+00:00,2018-03-16 17:00:00+00:00,-1,0.5347616684666803,FRIDAY,False
S2-05,ny_or_break,AUDUSD,2018-03-20 14:00:00+00:00,2018-03-20 14:15:00+00:00,2018-03-20 15:00:00+00:00,-1,-0.9999999999999384,SL,False
S2-05,ny_or_break,AUDUSD,2018-03-20 15:30:00+00:00,2018-03-20 15:45:00+00:00,2018-03-20 16:00:00+00:00,-1,-0.9999999999999797,SL,False
S2-05,ny_or_break,AUDUSD,2018-03-20 16:15:00+00:00,2018-03-20 16:30:00+00:00,2018-03-20 20:15:00+00:00,-1,0.8002888688850577,TIME,False
S2-05,ny_or_break,AUDUSD,2018-03-23 15:00:00+00:00,2018-03-23 15:15:00+00:00,2018-03-23 15:45:00+00:00,1,-0.999999999999946,SL,False
S2-05,ny_or_break,AUDUSD,2018-03-23 16:15:00+00:00,2018-03-23 16:30:00+00:00,2018-03-23 16:30:00+00:00,1,-1.1367084106980603,FRIDAY,False
S2-05,ny_or_break,AUDUSD,2018-04-02 13:00:00+00:00,2018-04-02 13:15:00+00:00,2018-04-02 13:45:00+00:00,-1,1.25,TP,False
S2-05,ny_or_break,AUDUSD,2018-04-02 13:45:00+00:00,2018-04-02 14:00:00+00:00,2018-04-02 14:00:00+00:00,-1,1.250000000000038,TP,False
S2-05,ny_or_break,AUDUSD,2018-04-02 14:00:00+00:00,2018-04-02 14:15:00+00:00,2018-04-02 14:15:00+00:00,-1,-0.9999999999998987,SL,False
S2-05,ny_or_break,AUDUSD,2018-04-02 14:15:00+00:00,2018-04-02 14:30:00+00:00,2018-04-02 14:45:00+00:00,-1,1.2500000000000302,TP,False
S2-05,ny_or_break,AUDUSD,2018-04-02 14:45:00+00:00,2018-04-02 15:00:00+00:00,2018-04-02 15:30:00+00:00,-1,1.2499999999999178,TP,False
S2-05,ny_or_break,AUDUSD,2018-04-02 15:30:00+00:00,2018-04-02 15:45:00+00:00,2018-04-02 16:45:00+00:00,-1,-1.0000000000000497,SL,False
S2-05,ny_or_break,AUDUSD,2018-04-02 16:45:00+00:00,2018-04-02 17:00:00+00:00,2018-04-02 17:15:00+00:00,-1,1.2500000000000788,TP,False
S2-05,ny_or_break,AUDUSD,2018-04-04 14:15:00+00:00,2018-04-04 14:30:00+00:00,2018-04-04 15:00:00+00:00,1,-1.0,SL,False
S2-05,ny_or_break,AUDUSD,2018-04-04 15:15:00+00:00,2018-04-04 15:30:00+00:00,2018-04-04 17:15:00+00:00,1,-1.0000000000000193,SL,False
S2-05,ny_or_break,AUDUSD,2018-04-10 13:30:00+00:00,2018-04-10 13:45:00+00:00,2018-04-10 14:00:00+00:00,1,1.2499999999999702,TP,False
S2-05,ny_or_break,AUDUSD,2018-04-10 14:00:00+00:00,2018-04-10 14:15:00+00:00,2018-04-10 14:45:00+00:00,1,1.2500000000000535,TP,False
S2-05,ny_or_break,AUDUSD,2018-04-10 14:45:00+00:00,2018-04-10 15:00:00+00:00,2018-04-10 16:00:00+00:00,1,1.249999999999953,TP,False
S2-05,ny_or_break,AUDUSD,2018-04-10 16:00:00+00:00,2018-04-10 16:15:00+00:00,2018-04-10 20:00:00+00:00,1,0.20528846153846156,TIME,False
S2-05,ny_or_break,AUDUSD,2018-04-11 14:15:00+00:00,2018-04-11 14:30:00+00:00,2018-04-11 14:30:00+00:00,1,1.2500000000000253,TP,False
S2-05,ny_or_break,AUDUSD,2018-04-11 14:30:00+00:00,2018-04-11 14:45:00+00:00,2018-04-11 15:00:00+00:00,1,-1.000000000000024,SL,False
S2-05,ny_or_break,AUDUSD,2018-04-11 15:00:00+00:00,2018-04-11 15:15:00+00:00,2018-04-11 18:00:00+00:00,1,-0.9999999999999555,SL,False
S2-05,ny_or_break,AUDUSD,2018-04-12 16:30:00+00:00,2018-04-12 16:45:00+00:00,2018-04-12 17:30:00+00:00,1,-1.0,SL,False
S2-05,ny_or_break,AUDUSD,2018-04-16 16:45:00+00:00,2018-04-16 17:00:00+00:00,2018-04-16 17:00:00+00:00,1,-0.9999999999998955,SL,False
S2-05,ny_or_break,AUDUSD,2018-04-20 12:45:00+00:00,2018-04-20 13:00:00+00:00,2018-04-20 13:15:00+00:00,-1,1.2500000000000302,TP,False
S2-05,ny_or_break,AUDUSD,2018-04-20 13:15:00+00:00,2018-04-20 13:30:00+00:00,2018-04-20 13:45:00+00:00,-1,1.2500000000000786,TP,False
S2-05,ny_or_break,AUDUSD,2018-04-20 13:45:00+00:00,2018-04-20 14:00:00+00:00,2018-04-20 14:00:00+00:00,-1,-1.000000000000026,SL,False
S2-05,ny_or_break,AUDUSD,2018-04-20 14:00:00+00:00,2018-04-20 14:15:00+00:00,2018-04-20 14:30:00+00:00,-1,1.25,TP,False
S2-05,ny_or_break,AUDUSD,2018-04-20 14:30:00+00:00,2018-04-20 14:45:00+00:00,2018-04-20 14:45:00+00:00,-1,-0.9999999999999284,SL,False
S2-05,ny_or_break,AUDUSD,2018-04-20 14:45:00+00:00,2018-04-20 15:00:00+00:00,2018-04-20 16:00:00+00:00,-1,0.3615739060627055,FRIDAY,False
S2-05,ny_or_break,AUDUSD,2018-04-20 16:00:00+00:00,2018-04-20 16:15:00+00:00,2018-04-20 16:15:00+00:00,-1,0.4128504878263163,FRIDAY,False
S2-05,ny_or_break,AUDUSD,2018-04-20 16:15:00+00:00,2018-04-20 16:30:00+00:00,2018-04-20 16:30:00+00:00,-1,-0.4577838411399121,FRIDAY,False
S2-05,ny_or_break,AUDUSD,2018-04-20 16:30:00+00:00,2018-04-20 16:45:00+00:00,2018-04-20 16:45:00+00:00,-1,-0.6269411902074495,FRIDAY,False
S2-05,ny_or_break,AUDUSD,2018-04-20 16:45:00+00:00,2018-04-20 17:00:00+00:00,2018-04-20 17:00:00+00:00,-1,-0.05457376230146282,FRIDAY,False
S2-05,ny_or_break,AUDUSD,2018-04-23 13:30:00+00:00,2018-04-23 13:45:00+00:00,2018-04-23 13:45:00+00:00,-1,1.2500000000000346,TP,False
S2-05,ny_or_break,AUDUSD,2018-04-23 13:45:00+00:00,2018-04-23 14:00:00+00:00,2018-04-23 15:15:00+00:00,-1,1.2500000000000315,TP,False
S2-05,ny_or_break,AUDUSD,2018-04-23 15:15:00+00:00,2018-04-23 15:30:00+00:00,2018-04-23 18:00:00+00:00,-1,1.2500000000000242,TP,False
S2-05,ny_or_break,AUDUSD,2018-04-25 14:15:00+00:00,2018-04-25 14:30:00+00:00,2018-04-25 14:45:00+00:00,-1,-0.9999999999999349,SL,False
S2-05,ny_or_break,AUDUSD,2018-04-26 15:00:00+00:00,2018-04-26 15:15:00+00:00,2018-04-26 16:15:00+00:00,-1,-1.0000000000000464,SL,False
S2-05,ny_or_break,AUDUSD,2018-04-30 13:15:00+00:00,2018-04-30 13:30:00+00:00,2018-04-30 13:30:00+00:00,-1,-0.9999999999999389,SL,False
S2-05,ny_or_break,AUDUSD,2018-04-30 15:30:00+00:00,2018-04-30 15:45:00+00:00,2018-04-30 15:45:00+00:00,-1,-0.9999999999999349,SL,False
S2-05,ny_or_break,AUDUSD,2018-05-01 12:00:00+00:00,2018-05-01 12:15:00+00:00,2018-05-01 12:15:00+00:00,-1,-0.9999999999999093,SL,False
S2-05,ny_or_break,AUDUSD,2018-05-01 13:15:00+00:00,2018-05-01 13:30:00+00:00,2018-05-01 13:45:00+00:00,-1,1.2500000000000846,TP,False
S2-05,ny_or_break,AUDUSD,2018-05-01 13:45:00+00:00,2018-05-01 14:00:00+00:00,2018-05-01 14:00:00+00:00,-1,-0.9999999999999262,SL,False
S2-05,ny_or_break,AUDUSD,2018-05-01 14:00:00+00:00,2018-05-01 14:15:00+00:00,2018-05-01 15:15:00+00:00,-1,-0.9999999999999786,SL,False
S2-05,ny_or_break,AUDUSD,2018-05-01 15:15:00+00:00,2018-05-01 15:30:00+00:00,2018-05-01 16:15:00+00:00,-1,-1.0000000000000355,SL,False
S2-05,ny_or_break,AUDUSD,2018-05-01 16:15:00+00:00,2018-05-01 16:30:00+00:00,2018-05-01 20:15:00+00:00,-1,0.4404291875947147,TIME,False
S2-05,ny_or_break,AUDUSD,2018-05-02 14:00:00+00:00,2018-05-02 14:15:00+00:00,2018-05-02 15:00:00+00:00,-1,-0.9999999999999222,SL,False
S2-05,ny_or_break,AUDUSD,2018-05-02 15:30:00+00:00,2018-05-02 15:45:00+00:00,2018-05-02 18:00:00+00:00,-1,-0.9999999999999567,SL,False
S2-05,ny_or_break,AUDUSD,2018-05-04 16:00:00+00:00,2018-05-04 16:15:00+00:00,2018-05-04 16:15:00+00:00,1,-0.342152044337551,FRIDAY,False
S2-05,ny_or_break,AUDUSD,2018-05-04 16:15:00+00:00,2018-05-04 16:30:00+00:00,2018-05-04 16:30:00+00:00,1,0.35750447914999595,FRIDAY,False
S2-05,ny_or_break,AUDUSD,2018-05-04 16:30:00+00:00,2018-05-04 16:45:00+00:00,2018-05-04 16:45:00+00:00,1,-0.10378337329077095,FRIDAY,False
S2-05,ny_or_break,AUDUSD,2018-05-04 16:45:00+00:00,2018-05-04 17:00:00+00:00,2018-05-04 17:00:00+00:00,1,-0.4107298989263106,FRIDAY,False
S2-05,ny_or_break,AUDUSD,2018-05-08 13:00:00+00:00,2018-05-08 13:15:00+00:00,2018-05-08 14:45:00+00:00,-1,-0.9999999999999326,SL,False
S2-05,ny_or_break,AUDUSD,2018-05-08 14:45:00+00:00,2018-05-08 15:00:00+00:00,2018-05-08 15:00:00+00:00,-1,1.25,TP,False
S2-05,ny_or_break,AUDUSD,2018-05-08 15:00:00+00:00,2018-05-08 15:15:00+00:00,2018-05-08 16:00:00+00:00,-1,-1.0,SL,False
S2-05,ny_or_break,AUDUSD,2018-05-10 12:30:00+00:00,2018-05-10 12:45:00+00:00,2018-05-10 12:45:00+00:00,1,1.2499999999999423,TP,False
S2-05,ny_or_break,AUDUSD,2018-05-10 12:45:00+00:00,2018-05-10 13:00:00+00:00,2018-05-10 13:45:00+00:00,1,-0.9999999999999826,SL,False
S2-05,ny_or_break,AUDUSD,2018-05-10 13:45:00+00:00,2018-05-10 14:00:00+00:00,2018-05-10 14:15:00+00:00,1,-1.0,SL,False
S2-05,ny_or_break,AUDUSD,2018-05-10 14:15:00+00:00,2018-05-10 14:30:00+00:00,2018-05-10 14:45:00+00:00,1,-1.0,SL,False
S2-05,ny_or_break,AUDUSD,2018-05-10 14:45:00+00:00,2018-05-10 15:00:00+00:00,2018-05-10 15:15:00+00:00,1,1.2499999999999858,TP,False
S2-05,ny_or_break,AUDUSD,2018-05-10 15:15:00+00:00,2018-05-10 15:30:00+00:00,2018-05-10 17:15:00+00:00,1,1.249999999999974,TP,False
S2-05,ny_or_break,AUDUSD,2018-05-15 12:30:00+00:00,2018-05-15 12:45:00+00:00,2018-05-15 12:45:00+00:00,-1,1.25,TP,False
S2-05,ny_or_break,AUDUSD,2018-05-15 12:45:00+00:00,2018-05-15 13:00:00+00:00,2018-05-15 13:45:00+00:00,-1,1.2499999999999623,TP,False
S2-05,ny_or_break,AUDUSD,2018-05-15 13:45:00+00:00,2018-05-15 14:00:00+00:00,2018-05-15 14:00:00+00:00,-1,-1.000000000000016,SL,False
S2-05,ny_or_break,AUDUSD,2018-05-15 14:00:00+00:00,2018-05-15 14:15:00+00:00,2018-05-15 14:45:00+00:00,-1,-1.000000000000046,SL,False
S2-05,ny_or_break,AUDUSD,2018-05-15 14:45:00+00:00,2018-05-15 15:00:00+00:00,2018-05-15 18:45:00+00:00,-1,0.2543630926100249,TIME,False
S2-05,ny_or_break,AUDUSD,2018-05-18 13:00:00+00:00,2018-05-18 13:15:00+00:00,2018-05-18 13:30:00+00:00,-1,-1.0000000000000737,SL,False
S2-05,ny_or_break,AUDUSD,2018-05-18 13:45:00+00:00,2018-05-18 14:00:00+00:00,2018-05-18 14:15:00+00:00,-1,-0.9999999999999345,SL,False
S2-05,ny_or_break,AUDUSD,2018-05-21 12:30:00+00:00,2018-05-21 12:45:00+00:00,2018-05-21 13:15:00+00:00,1,1.24999999999992,TP,False
S2-05,ny_or_break,AUDUSD,2018-05-21 13:15:00+00:00,2018-05-21 13:30:00+00:00,2018-05-21 14:30:00+00:00,1,1.249999999999976,TP,False
S2-05,ny_or_break,AUDUSD,2018-05-21 14:30:00+00:00,2018-05-21 14:45:00+00:00,2018-05-21 14:45:00+00:00,1,-1.0000000000000215,SL,False
S2-05,ny_or_break,AUDUSD,2018-05-21 14:45:00+00:00,2018-05-21 15:00:00+00:00,2018-05-21 16:00:00+00:00,1,1.249999999999959,TP,False
S2-05,ny_or_break,AUDUSD,2018-05-21 16:00:00+00:00,2018-05-21 16:15:00+00:00,2018-05-21 16:30:00+00:00,1,-0.9999999999999803,SL,False
S2-05,ny_or_break,AUDUSD,2018-05-21 16:30:00+00:00,2018-05-21 16:45:00+00:00,2018-05-21 19:45:00+00:00,1,1.25,TP,False
S2-05,ny_or_break,AUDUSD,2018-05-24 14:00:00+00:00,2018-05-24 14:15:00+00:00,2018-05-24 14:15:00+00:00,1,-0.9999999999999557,SL,False
S2-05,ny_or_break,AUDUSD,2018-05-24 14:15:00+00:00,2018-05-24 14:30:00+00:00,2018-05-24 14:45:00+00:00,1,-1.0000000000000648,SL,False
S2-05,ny_or_break,AUDUSD,2018-05-24 16:00:00+00:00,2018-05-24 16:15:00+00:00,2018-05-24 17:00:00+00:00,1,1.2500000000000628,TP,False
S2-05,ny_or_break,AUDUSD,2018-05-28 14:00:00+00:00,2018-05-28 14:15:00+00:00,2018-05-28 17:45:00+00:00,-1,1.2499999999998983,TP,False
S2-05,ny_or_break,AUDUSD,2018-05-29 16:00:00+00:00,2018-05-29 16:15:00+00:00,2018-05-29 20:00:00+00:00,-1,0.048945182854076244,TIME,False
S2-05,ny_or_break,AUDUSD,2018-06-01 12:45:00+00:00,2018-06-01 13:00:00+00:00,2018-06-01 13:00:00+00:00,-1,-0.9999999999999787,SL,False
S2-05,ny_or_break,AUDUSD,2018-06-04 12:00:00+00:00,2018-06-04 12:15:00+00:00,2018-06-04 12:15:00+00:00,1,-1.0000000000000289,SL,False
S2-05,ny_or_break,AUDUSD,2018-06-06 12:15:00+00:00,2018-06-06 12:30:00+00:00,2018-06-06 12:45:00+00:00,1,-1.0,SL,False
S2-05,ny_or_break,AUDUSD,2018-06-06 12:45:00+00:00,2018-06-06 13:00:00+00:00,2018-06-06 13:30:00+00:00,1,1.2499999999999698,TP,False
S2-05,ny_or_break,AUDUSD,2018-06-06 13:30:00+00:00,2018-06-06 13:45:00+00:00,2018-06-06 14:15:00+00:00,1,-1.0000000000000604,SL,False
S2-05,ny_or_break,AUDUSD,2018-06-06 14:15:00+00:00,2018-06-06 14:30:00+00:00,2018-06-06 17:00:00+00:00,1,-0.9999999999999443,SL,False
S2-05,ny_or_break,AUDUSD,2018-06-12 12:00:00+00:00,2018-06-12 12:15:00+00:00,2018-06-12 12:30:00+00:00,-1,-1.0000000000000782,SL,False
S2-05,ny_or_break,AUDUSD,2018-06-12 16:00:00+00:00,2018-06-12 16:15:00+00:00,2018-06-12 16:45:00+00:00,-1,1.2500000000000893,TP,False
S2-05,ny_or_break,AUDUSD,2018-06-12 16:45:00+00:00,2018-06-12 17:00:00+00:00,2018-06-12 17:00:00+00:00,-1,1.2500000000000318,TP,False
S2-05,ny_or_break,AUDUSD,2018-06-14 13:15:00+00:00,2018-06-14 13:30:00+00:00,2018-06-14 13:45:00+00:00,-1,1.2500000000000406,TP,False
S2-05,ny_or_break,AUDUSD,2018-06-14 13:45:00+00:00,2018-06-14 14:00:00+00:00,2018-06-14 15:00:00+00:00,-1,-1.0000000000000393,SL,False
S2-05,ny_or_break,AUDUSD,2018-06-14 15:00:00+00:00,2018-06-14 15:15:00+00:00,2018-06-14 15:30:00+00:00,-1,1.25,TP,False
S2-05,ny_or_break,AUDUSD,2018-06-14 15:30:00+00:00,2018-06-14 15:45:00+00:00,2018-06-14 17:15:00+00:00,-1,1.2499999999999534,TP,False
S2-05,ny_or_break,AUDUSD,2018-06-15 14:30:00+00:00,2018-06-15 14:45:00+00:00,2018-06-15 14:45:00+00:00,-1,-0.9999999999999573,SL,False
S2-05,ny_or_break,AUDUSD,2018-06-15 15:00:00+00:00,2018-06-15 15:15:00+00:00,2018-06-15 16:00:00+00:00,-1,0.7400275813624366,FRIDAY,False
S2-05,ny_or_break,AUDUSD,2018-06-15 16:00:00+00:00,2018-06-15 16:15:00+00:00,2018-06-15 16:15:00+00:00,-1,-0.06098586722879306,FRIDAY,False
S2-05,ny_or_break,AUDUSD,2018-06-15 16:15:00+00:00,2018-06-15 16:30:00+00:00,2018-06-15 16:30:00+00:00,-1,-0.4014548639670145,FRIDAY,False
S2-05,ny_or_break,AUDUSD,2018-06-15 16:30:00+00:00,2018-06-15 16:45:00+00:00,2018-06-15 16:45:00+00:00,-1,-0.18132795183114436,FRIDAY,False
S2-05,ny_or_break,AUDUSD,2018-06-15 16:45:00+00:00,2018-06-15 17:00:00+00:00,2018-06-15 17:00:00+00:00,-1,0.027140261333518514,FRIDAY,False
S2-05,ny_or_break,AUDUSD,2018-06-18 14:00:00+00:00,2018-06-18 14:15:00+00:00,2018-06-18 14:45:00+00:00,-1,1.2500000000000304,TP,False
S2-05,ny_or_break,AUDUSD,2018-06-18 14:45:00+00:00,2018-06-18 15:00:00+00:00,2018-06-18 15:15:00+00:00,-1,-1.0000000000000517,SL,False
S2-05,ny_or_break,AUDUSD,2018-06-18 15:15:00+00:00,2018-06-18 15:30:00+00:00,2018-06-18 16:00:00+00:00,-1,1.25,TP,False
S2-05,ny_or_break,AUDUSD,2018-06-18 16:00:00+00:00,2018-06-18 16:15:00+00:00,2018-06-18 17:30:00+00:00,-1,-0.999999999999926,SL,False
S2-05,ny_or_break,AUDUSD,2018-06-20 12:00:00+00:00,2018-06-20 12:15:00+00:00,2018-06-20 12:30:00+00:00,-1,-1.0,SL,False
S2-05,ny_or_break,AUDUSD,2018-06-20 14:00:00+00:00,2018-06-20 14:15:00+00:00,2018-06-20 15:00:00+00:00,-1,-0.9999999999999405,SL,False
S2-05,ny_or_break,AUDUSD,2018-06-20 15:00:00+00:00,2018-06-20 15:15:00+00:00,2018-06-20 16:00:00+00:00,-1,-1.0,SL,False
S2-05,ny_or_break,AUDUSD,2018-06-26 13:30:00+00:00,2018-06-26 13:45:00+00:00,2018-06-26 13:45:00+00:00,-1,-1.0,SL,False
S2-05,ny_or_break,AUDUSD,2018-06-26 13:45:00+00:00,2018-06-26 14:00:00+00:00,2018-06-26 14:45:00+00:00,-1,-1.000000000000026,SL,False
S2-05,ny_or_break,AUDUSD,2018-06-27 16:30:00+00:00,2018-06-27 16:45:00+00:00,2018-06-27 19:00:00+00:00,-1,1.25,TP,False
S2-05,ny_or_break,AUDUSD,2018-06-29 15:30:00+00:00,2018-06-29 15:45:00+00:00,2018-06-29 16:00:00+00:00,1,-0.6686817779823849,FRIDAY,False
S2-05,ny_or_break,AUDUSD,2018-07-02 13:00:00+00:00,2018-07-02 13:15:00+00:00,2018-07-02 14:45:00+00:00,-1,1.2499999999999658,TP,False
S2-05,ny_or_break,AUDUSD,2018-07-02 14:45:00+00:00,2018-07-02 15:00:00+00:00,2018-07-02 15:00:00+00:00,-1,1.2499999999999238,TP,False
S2-05,ny_or_break,AUDUSD,2018-07-02 15:00:00+00:00,2018-07-02 15:15:00+00:00,2018-07-02 15:15:00+00:00,-1,-0.9999999999999368,SL,False
S2-05,ny_or_break,AUDUSD,2018-07-02 15:15:00+00:00,2018-07-02 15:30:00+00:00,2018-07-02 19:15:00+00:00,-1,-0.9999999999999595,SL,False
S2-05,ny_or_break,AUDUSD,2018-07-05 12:15:00+00:00,2018-07-05 12:30:00+00:00,2018-07-05 12:30:00+00:00,1,-1.0000000000000602,SL,False
S2-05,ny_or_break,AUDUSD,2018-07-05 12:30:00+00:00,2018-07-05 12:45:00+00:00,2018-07-05 13:00:00+00:00,1,-1.000000000000088,SL,False
S2-05,ny_or_break,AUDUSD,2018-07-06 12:30:00+00:00,2018-07-06 12:45:00+00:00,2018-07-06 12:45:00+00:00,1,-1.000000000000078,SL,False
S2-05,ny_or_break,AUDUSD,2018-07-06 12:45:00+00:00,2018-07-06 13:00:00+00:00,2018-07-06 14:00:00+00:00,1,-1.000000000000048,SL,False
S2-05,ny_or_break,AUDUSD,2018-07-06 14:00:00+00:00,2018-07-06 14:15:00+00:00,2018-07-06 15:15:00+00:00,1,1.2499999999999565,TP,False
S2-05,ny_or_break,AUDUSD,2018-07-06 15:15:00+00:00,2018-07-06 15:30:00+00:00,2018-07-06 15:45:00+00:00,1,-1.000000000000019,SL,False
S2-05,ny_or_break,AUDUSD,2018-07-06 15:45:00+00:00,2018-07-06 16:00:00+00:00,2018-07-06 16:00:00+00:00,1,-0.09401658116068125,FRIDAY,False
S2-05,ny_or_break,AUDUSD,2018-07-06 16:00:00+00:00,2018-07-06 16:15:00+00:00,2018-07-06 16:15:00+00:00,1,0.36916924972807125,FRIDAY,False
S2-05,ny_or_break,AUDUSD,2018-07-06 16:15:00+00:00,2018-07-06 16:30:00+00:00,2018-07-06 16:30:00+00:00,1,-0.39533546505104905,FRIDAY,False
S2-05,ny_or_break,AUDUSD,2018-07-06 16:30:00+00:00,2018-07-06 16:45:00+00:00,2018-07-06 16:45:00+00:00,1,0.11860211717334988,FRIDAY,False
S2-05,ny_or_break,AUDUSD,2018-07-06 16:45:00+00:00,2018-07-06 17:00:00+00:00,2018-07-06 17:00:00+00:00,1,0.03423381462505822,FRIDAY,False
S2-05,ny_or_break,AUDUSD,2018-07-09 12:00:00+00:00,2018-07-09 12:15:00+00:00,2018-07-09 12:15:00+00:00,1,-1.0000000000000677,SL,False
S2-05,ny_or_break,AUDUSD,2018-07-17 14:00:00+00:00,2018-07-17 14:15:00+00:00,2018-07-17 14:15:00+00:00,-1,1.2500000000000486,TP,False
S2-05,ny_or_break,AUDUSD,2018-07-17 14:15:00+00:00,2018-07-17 14:30:00+00:00,2018-07-17 16:45:00+00:00,-1,1.2500000000000218,TP,False
S2-05,ny_or_break,AUDUSD,2018-07-17 16:45:00+00:00,2018-07-17 17:00:00+00:00,2018-07-17 17:45:00+00:00,-1,-0.9999999999999771,SL,False
S2-05,ny_or_break,AUDUSD,2018-07-19 12:00:00+00:00,2018-07-19 12:15:00+00:00,2018-07-19 13:30:00+00:00,-1,-1.0000000000000193,SL,False
S2-05,ny_or_break,AUDUSD,2018-07-19 13:45:00+00:00,2018-07-19 14:00:00+00:00,2018-07-19 14:00:00+00:00,-1,-1.0,SL,False
S2-05,ny_or_break,AUDUSD,2018-07-19 15:15:00+00:00,2018-07-19 15:30:00+00:00,2018-07-19 17:00:00+00:00,-1,-1.0000000000000453,SL,False
S2-05,ny_or_break,AUDUSD,2018-07-20 15:00:00+00:00,2018-07-20 15:15:00+00:00,2018-07-20 16:00:00+00:00,1,-0.4417159457350494,FRIDAY,False
S2-05,ny_or_break,AUDUSD,2018-07-20 16:00:00+00:00,2018-07-20 16:15:00+00:00,2018-07-20 16:15:00+00:00,1,0.2878549862406275,FRIDAY,False
S2-05,ny_or_break,AUDUSD,2018-07-20 16:15:00+00:00,2018-07-20 16:30:00+00:00,2018-07-20 16:30:00+00:00,1,-0.7752894576477757,FRIDAY,False
S2-05,ny_or_break,AUDUSD,2018-07-20 16:30:00+00:00,2018-07-20 16:45:00+00:00,2018-07-20 16:45:00+00:00,1,0.19241719751746175,FRIDAY,False
S2-05,ny_or_break,AUDUSD,2018-07-20 16:45:00+00:00,2018-07-20 17:00:00+00:00,2018-07-20 17:00:00+00:00,1,-0.11770851222164978,FRIDAY,False
S2-05,ny_or_break,AUDUSD,2018-07-24 14:00:00+00:00,2018-07-24 14:15:00+00:00,2018-07-24 15:00:00+00:00,1,-1.0,SL,False
S2-05,ny_or_break,AUDUSD,2018-07-24 15:00:00+00:00,2018-07-24 15:15:00+00:00,2018-07-24 16:00:00+00:00,1,-0.9999999999999364,SL,False
S2-05,ny_or_break,AUDUSD,2018-07-24 16:00:00+00:00,2018-07-24 16:15:00+00:00,2018-07-24 17:15:00+00:00,1,-1.0,SL,False
S2-05,ny_or_break,AUDUSD,2018-07-25 13:00:00+00:00,2018-07-25 13:15:00+00:00,2018-07-25 13:15:00+00:00,1,-0.9999999999999277,SL,False
S2-05,ny_or_break,AUDUSD,2018-07-30 16:00:00+00:00,2018-07-30 16:15:00+00:00,2018-07-30 20:00:00+00:00,1,-0.6940429555585573,TIME,False
S2-05,ny_or_break,AUDUSD,2018-07-31 13:30:00+00:00,2018-07-31 13:45:00+00:00,2018-07-31 13:45:00+00:00,1,-0.9999999999999436,SL,False
S2-05,ny_or_break,AUDUSD,2018-07-31 14:45:00+00:00,2018-07-31 15:00:00+00:00,2018-07-31 18:45:00+00:00,1,0.24684567109141314,TIME,False
S2-05,ny_or_break,AUDUSD,2018-08-01 15:45:00+00:00,2018-08-01 16:00:00+00:00,2018-08-01 16:15:00+00:00,-1,1.249999999999922,TP,False
S2-05,ny_or_break,AUDUSD,2018-08-01 16:15:00+00:00,2018-08-01 16:30:00+00:00,2018-08-01 17:45:00+00:00,-1,-1.0000000000000493,SL,False
S2-05,ny_or_break,AUDUSD,2018-08-09 16:00:00+00:00,2018-08-09 16:15:00+00:00,2018-08-09 16:15:00+00:00,-1,-1.0000000000000804,SL,False
S2-05,ny_or_break,AUDUSD,2018-08-09 16:15:00+00:00,2018-08-09 16:30:00+00:00,2018-08-09 17:00:00+00:00,-1,1.2499999999999223,TP,False
S2-05,ny_or_break,AUDUSD,2018-08-10 13:15:00+00:00,2018-08-10 13:30:00+00:00,2018-08-10 13:30:00+00:00,-1,-0.9999999999999429,SL,False
S2-05,ny_or_break,AUDUSD,2018-08-14 15:15:00+00:00,2018-08-14 15:30:00+00:00,2018-08-14 16:00:00+00:00,-1,1.2499999999999307,TP,False
S2-05,ny_or_break,AUDUSD,2018-08-14 16:00:00+00:00,2018-08-14 16:15:00+00:00,2018-08-14 17:00:00+00:00,-1,1.2499999999999551,TP,False
S2-05,ny_or_break,AUDUSD,2018-08-15 13:45:00+00:00,2018-08-15 14:00:00+00:00,2018-08-15 14:15:00+00:00,-1,-1.0000000000000213,SL,False
S2-05,ny_or_break,AUDUSD,2018-08-16 12:30:00+00:00,2018-08-16 12:45:00+00:00,2018-08-16 12:45:00+00:00,1,-0.9999999999999735,SL,False
S2-05,ny_or_break,AUDUSD,2018-08-16 13:30:00+00:00,2018-08-16 13:45:00+00:00,2018-08-16 15:45:00+00:00,1,-1.0000000000000469,SL,False
S2-05,ny_or_break,AUDUSD,2018-08-20 16:00:00+00:00,2018-08-20 16:15:00+00:00,2018-08-20 19:00:00+00:00,1,1.25,TP,False
S2-05,ny_or_break,AUDUSD,2018-08-21 16:45:00+00:00,2018-08-21 17:00:00+00:00,2018-08-21 17:30:00+00:00,1,1.249999999999923,TP,False
S2-05,ny_or_break,AUDUSD,2018-08-23 12:45:00+00:00,2018-08-23 13:00:00+00:00,2018-08-23 13:00:00+00:00,-1,1.24999999999991,TP,False
S2-05,ny_or_break,AUDUSD,2018-08-23 13:00:00+00:00,2018-08-23 13:15:00+00:00,2018-08-23 13:45:00+00:00,-1,-1.0,SL,False
S2-05,ny_or_break,AUDUSD,2018-08-23 13:45:00+00:00,2018-08-23 14:00:00+00:00,2018-08-23 14:00:00+00:00,-1,1.2499999999999227,TP,False
S2-05,ny_or_break,AUDUSD,2018-08-23 14:00:00+00:00,2018-08-23 14:15:00+00:00,2018-08-23 14:45:00+00:00,-1,-0.9999999999999768,SL,False
S2-05,ny_or_break,AUDUSD,2018-08-23 14:45:00+00:00,2018-08-23 15:00:00+00:00,2018-08-23 15:30:00+00:00,-1,1.25,TP,False
S2-05,ny_or_break,AUDUSD,2018-08-23 15:30:00+00:00,2018-08-23 15:45:00+00:00,2018-08-23 16:45:00+00:00,-1,1.2499999999999367,TP,False
S2-05,ny_or_break,AUDUSD,2018-08-23 16:45:00+00:00,2018-08-23 17:00:00+00:00,2018-08-23 18:30:00+00:00,-1,1.2500000000000713,TP,False
S2-05,ny_or_break,AUDUSD,2018-08-27 12:15:00+00:00,2018-08-27 12:30:00+00:00,2018-08-27 13:30:00+00:00,1,1.2500000000001064,TP,False
S2-05,ny_or_break,AUDUSD,2018-08-27 13:30:00+00:00,2018-08-27 13:45:00+00:00,2018-08-27 14:15:00+00:00,1,1.2499999999998976,TP,False
S2-05,ny_or_break,AUDUSD,2018-08-27 14:15:00+00:00,2018-08-27 14:30:00+00:00,2018-08-27 16:15:00+00:00,1,1.2499999999999698,TP,False
S2-05,ny_or_break,AUDUSD,2018-08-27 16:15:00+00:00,2018-08-27 16:30:00+00:00,2018-08-27 17:30:00+00:00,1,-0.9999999999999734,SL,False
S2-05,ny_or_break,AUDUSD,2018-08-28 13:00:00+00:00,2018-08-28 13:15:00+00:00,2018-08-28 13:30:00+00:00,1,-1.0,SL,False
S2-05,ny_or_break,AUDUSD,2018-08-28 13:45:00+00:00,2018-08-28 14:00:00+00:00,2018-08-28 14:00:00+00:00,1,-1.000000000000025,SL,False
S2-05,ny_or_break,AUDUSD,2018-08-29 12:30:00+00:00,2018-08-29 12:45:00+00:00,2018-08-29 13:00:00+00:00,-1,-0.9999999999999716,SL,False
S2-05,ny_or_break,AUDUSD,2018-08-29 13:30:00+00:00,2018-08-29 13:45:00+00:00,2018-08-29 14:00:00+00:00,-1,-1.0000000000000253,SL,False
S2-05,ny_or_break,AUDUSD,2018-08-29 14:45:00+00:00,2018-08-29 15:00:00+00:00,2018-08-29 16:15:00+00:00,-1,-1.0,SL,False
S2-05,ny_or_break,AUDUSD,2018-08-30 15:15:00+00:00,2018-08-30 15:30:00+00:00,2018-08-30 18:15:00+00:00,-1,1.2499999999999816,TP,False
S2-05,ny_or_break,AUDUSD,2018-08-31 13:00:00+00:00,2018-08-31 13:15:00+00:00,2018-08-31 13:30:00+00:00,-1,-0.9999999999999776,SL,False
S2-05,ny_or_break,AUDUSD,2018-08-31 13:30:00+00:00,2018-08-31 13:45:00+00:00,2018-08-31 14:00:00+00:00,-1,-0.9999999999999768,SL,False
S2-05,ny_or_break,AUDUSD,2018-08-31 15:00:00+00:00,2018-08-31 15:15:00+00:00,2018-08-31 15:15:00+00:00,-1,1.2499999999999658,TP,False
S2-05,ny_or_break,AUDUSD,2018-08-31 15:15:00+00:00,2018-08-31 15:30:00+00:00,2018-08-31 15:30:00+00:00,-1,1.25,TP,False
S2-05,ny_or_break,AUDUSD,2018-08-31 15:30:00+00:00,2018-08-31 15:45:00+00:00,2018-08-31 16:00:00+00:00,-1,1.0478364669662308,FRIDAY,False
S2-05,ny_or_break,AUDUSD,2018-08-31 16:00:00+00:00,2018-08-31 16:15:00+00:00,2018-08-31 16:15:00+00:00,-1,0.27552652678100004,FRIDAY,False
S2-05,ny_or_break,AUDUSD,2018-08-31 16:15:00+00:00,2018-08-31 16:30:00+00:00,2018-08-31 16:30:00+00:00,-1,-0.5145857334416136,FRIDAY,False
S2-05,ny_or_break,AUDUSD,2018-08-31 16:30:00+00:00,2018-08-31 16:45:00+00:00,2018-08-31 16:45:00+00:00,-1,-0.34674230908866044,FRIDAY,False
S2-05,ny_or_break,AUDUSD,2018-08-31 16:45:00+00:00,2018-08-31 17:00:00+00:00,2018-08-31 17:00:00+00:00,-1,-0.25512387387387386,FRIDAY,False
S2-05,ny_or_break,AUDUSD,2018-09-07 12:45:00+00:00,2018-09-07 13:00:00+00:00,2018-09-07 13:15:00+00:00,-1,-1.0,SL,False
S2-05,ny_or_break,AUDUSD,2018-09-07 13:15:00+00:00,2018-09-07 13:30:00+00:00,2018-09-07 14:00:00+00:00,-1,-1.0000000000000335,SL,False
S2-05,ny_or_break,AUDUSD,2018-09-07 14:15:00+00:00,2018-09-07 14:30:00+00:00,2018-09-07 16:00:00+00:00,-1,2.3333052935167937,FRIDAY,False
S2-05,ny_or_break,AUDUSD,2018-09-07 16:00:00+00:00,2018-09-07 16:15:00+00:00,2018-09-07 16:15:00+00:00,-1,0.8755726392352108,FRIDAY,False
S2-05,ny_or_break,AUDUSD,2018-09-07 16:15:00+00:00,2018-09-07 16:30:00+00:00,2018-09-07 16:30:00+00:00,-1,-0.029721988205560233,FRIDAY,False
S2-05,ny_or_break,AUDUSD,2018-09-07 16:30:00+00:00,2018-09-07 16:45:00+00:00,2018-09-07 16:45:00+00:00,-1,-0.6836818920351369,FRIDAY,False
S2-05,ny_or_break,AUDUSD,2018-09-07 16:45:00+00:00,2018-09-07 17:00:00+00:00,2018-09-07 17:00:00+00:00,-1,0.826488144370205,FRIDAY,False
S2-05,ny_or_break,AUDUSD,2018-09-11 12:30:00+00:00,2018-09-11 12:45:00+00:00,2018-09-11 14:00:00+00:00,-1,-0.9999999999999464,SL,False
S2-05,ny_or_break,AUDUSD,2018-09-11 14:30:00+00:00,2018-09-11 14:45:00+00:00,2018-09-11 14:45:00+00:00,-1,-1.0000000000000728,SL,False
S2-05,ny_or_break,AUDUSD,2018-09-12 16:00:00+00:00,2018-09-12 16:15:00+00:00,2018-09-12 18:45:00+00:00,1,1.2500000000000453,TP,False
S2-05,ny_or_break,AUDUSD,2018-09-13 12:30:00+00:00,2018-09-13 12:45:00+00:00,2018-09-13 14:15:00+00:00,1,-1.0000000000000586,SL,False
S2-05,ny_or_break,AUDUSD,2018-09-13 14:15:00+00:00,2018-09-13 14:30:00+00:00,2018-09-13 14:30:00+00:00,1,-1.0000000000000409,SL,False
S2-05,ny_or_break,AUDUSD,2018-09-13 16:30:00+00:00,2018-09-13 16:45:00+00:00,2018-09-13 18:15:00+00:00,1,-0.999999999999953,SL,False
S2-05,ny_or_break,AUDUSD,2018-09-17 14:00:00+00:00,2018-09-17 14:15:00+00:00,2018-09-17 14:45:00+00:00,1,-1.0000000000000846,SL,False
S2-05,ny_or_break,AUDUSD,2018-09-17 14:45:00+00:00,2018-09-17 15:00:00+00:00,2018-09-17 16:45:00+00:00,1,1.250000000000026,TP,False
S2-05,ny_or_break,AUDUSD,2018-09-17 16:45:00+00:00,2018-09-17 17:00:00+00:00,2018-09-17 17:00:00+00:00,1,-1.0,SL,False
S2-05,ny_or_break,AUDUSD,2018-09-18 15:45:00+00:00,2018-09-18 16:00:00+00:00,2018-09-18 16:15:00+00:00,1,-0.9999999999999813,SL,False
S2-05,ny_or_break,AUDUSD,2018-09-19 14:45:00+00:00,2018-09-19 15:00:00+00:00,2018-09-19 16:00:00+00:00,1,1.2499999999999811,TP,False
S2-05,ny_or_break,AUDUSD,2018-09-19 16:00:00+00:00,2018-09-19 16:15:00+00:00,2018-09-19 17:15:00+00:00,1,-1.0,SL,False
S2-05,ny_or_break,AUDUSD,2018-09-20 12:00:00+00:00,2018-09-20 12:15:00+00:00,2018-09-20 12:45:00+00:00,1,-1.000000000000066,SL,False
S2-05,ny_or_break,AUDUSD,2018-09-20 13:15:00+00:00,2018-09-20 13:30:00+00:00,2018-09-20 13:30:00+00:00,1,-0.9999999999999399,SL,False
S2-05,ny_or_break,AUDUSD,2018-09-20 14:00:00+00:00,2018-09-20 14:15:00+00:00,2018-09-20 14:15:00+00:00,1,-1.0,SL,False
S2-05,ny_or_break,AUDUSD,2018-09-20 14:15:00+00:00,2018-09-20 14:30:00+00:00,2018-09-20 14:45:00+00:00,1,-1.000000000000025,SL,False
S2-05,ny_or_break,AUDUSD,2018-09-20 16:45:00+00:00,2018-09-20 17:00:00+00:00,2018-09-20 19:15:00+00:00,1,1.249999999999928,TP,False
S2-05,ny_or_break,AUDUSD,2018-09-24 15:00:00+00:00,2018-09-24 15:15:00+00:00,2018-09-24 19:00:00+00:00,-1,0.2678215563398881,TIME,False
S2-05,ny_or_break,AUDUSD,2018-09-26 12:00:00+00:00,2018-09-26 12:15:00+00:00,2018-09-26 13:30:00+00:00,-1,-0.9999999999999584,SL,False
S2-05,ny_or_break,AUDUSD,2018-09-27 12:30:00+00:00,2018-09-27 12:45:00+00:00,2018-09-27 13:00:00+00:00,-1,1.249999999999903,TP,False
S2-05,ny_or_break,AUDUSD,2018-09-27 13:00:00+00:00,2018-09-27 13:15:00+00:00,2018-09-27 13:15:00+00:00,-1,-1.0,SL,False
S2-05,ny_or_break,AUDUSD,2018-09-27 13:15:00+00:00,2018-09-27 13:30:00+00:00,2018-09-27 14:00:00+00:00,-1,-1.0000000000000964,SL,False
S2-05,ny_or_break,AUDUSD,2018-09-27 14:00:00+00:00,2018-09-27 14:15:00+00:00,2018-09-27 14:15:00+00:00,-1,-1.0,SL,False
S2-05,ny_or_break,AUDUSD,2018-09-27 14:45:00+00:00,2018-09-27 15:00:00+00:00,2018-09-27 15:00:00+00:00,-1,1.25,TP,False
S2-05,ny_or_break,AUDUSD,2018-09-27 15:00:00+00:00,2018-09-27 15:15:00+00:00,2018-09-27 15:15:00+00:00,-1,-1.0000000000000238,SL,False
S2-05,ny_or_break,AUDUSD,2018-09-27 15:15:00+00:00,2018-09-27 15:30:00+00:00,2018-09-27 16:00:00+00:00,-1,-1.0000000000000713,SL,False
S2-05,ny_or_break,AUDUSD,2018-09-27 16:45:00+00:00,2018-09-27 17:00:00+00:00,2018-09-27 18:30:00+00:00,-1,1.25,TP,False
S2-05,ny_or_break,AUDUSD,2018-10-03 12:15:00+00:00,2018-10-03 12:30:00+00:00,2018-10-03 12:45:00+00:00,-1,-0.9999999999999389,SL,False
S2-05,ny_or_break,AUDUSD,2018-10-03 12:45:00+00:00,2018-10-03 13:00:00+00:00,2018-10-03 13:15:00+00:00,-1,-1.0,SL,False
S2-05,ny_or_break,AUDUSD,2018-10-03 14:30:00+00:00,2018-10-03 14:45:00+00:00,2018-10-03 14:45:00+00:00,-1,-1.0,SL,False
S2-05,ny_or_break,AUDUSD,2018-10-03 15:15:00+00:00,2018-10-03 15:30:00+00:00,2018-10-03 16:45:00+00:00,-1,1.25,TP,False
S2-05,ny_or_break,AUDUSD,2018-10-03 16:45:00+00:00,2018-10-03 17:00:00+00:00,2018-10-03 19:00:00+00:00,-1,1.249999999999929,TP,False
S2-05,ny_or_break,AUDUSD,2018-10-05 15:45:00+00:00,2018-10-05 16:00:00+00:00,2018-10-05 16:00:00+00:00,-1,-0.060803408924273925,FRIDAY,False
S2-05,ny_or_break,AUDUSD,2018-10-05 16:00:00+00:00,2018-10-05 16:15:00+00:00,2018-10-05 16:15:00+00:00,-1,-0.08841234010534237,FRIDAY,False
S2-05,ny_or_break,AUDUSD,2018-10-05 16:15:00+00:00,2018-10-05 16:30:00+00:00,2018-10-05 16:30:00+00:00,-1,0.26531819178555527,FRIDAY,False
S2-05,ny_or_break,AUDUSD,2018-10-05 16:30:00+00:00,2018-10-05 16:45:00+00:00,2018-10-05 16:45:00+00:00,-1,-0.6739015048272103,FRIDAY,False
S2-05,ny_or_break,AUDUSD,2018-10-05 16:45:00+00:00,2018-10-05 17:00:00+00:00,2018-10-05 17:00:00+00:00,-1,-0.1233336832161226,FRIDAY,False
S2-05,ny_or_break,AUDUSD,2018-10-11 13:00:00+00:00,2018-10-11 13:15:00+00:00,2018-10-11 13:45:00+00:00,1,1.25,TP,False
S2-05,ny_or_break,AUDUSD,2018-10-11 13:45:00+00:00,2018-10-11 14:00:00+00:00,2018-10-11 14:00:00+00:00,1,-1.0000000000000167,SL,False
S2-05,ny_or_break,AUDUSD,2018-10-11 14:00:00+00:00,2018-10-11 14:15:00+00:00,2018-10-11 15:00:00+00:00,1,-0.9999999999999684,SL,False
S2-05,ny_or_break,AUDUSD,2018-10-11 15:15:00+00:00,2018-10-11 15:30:00+00:00,2018-10-11 16:15:00+00:00,1,1.2499999999999623,TP,False
S2-05,ny_or_break,AUDUSD,2018-10-11 16:15:00+00:00,2018-10-11 16:30:00+00:00,2018-10-11 16:45:00+00:00,1,-1.0000000000000482,SL,False
S2-05,ny_or_break,AUDUSD,2018-10-11 16:45:00+00:00,2018-10-11 17:00:00+00:00,2018-10-11 18:30:00+00:00,1,-1.0000000000000164,SL,False
S2-05,ny_or_break,AUDUSD,2018-10-15 12:45:00+00:00,2018-10-15 13:00:00+00:00,2018-10-15 13:00:00+00:00,1,-1.0000000000000724,SL,False
S2-05,ny_or_break,AUDUSD,2018-10-15 15:30:00+00:00,2018-10-15 15:45:00+00:00,2018-10-15 16:15:00+00:00,1,-1.000000000000078,SL,False
S2-05,ny_or_break,AUDUSD,2018-10-16 12:30:00+00:00,2018-10-16 12:45:00+00:00,2018-10-16 12:45:00+00:00,1,-1.0000000000000946,SL,False
S2-05,ny_or_break,AUDUSD,2018-10-16 12:45:00+00:00,2018-10-16 13:00:00+00:00,2018-10-16 13:00:00+00:00,1,1.2500000000001312,TP,False
S2-05,ny_or_break,AUDUSD,2018-10-16 13:00:00+00:00,2018-10-16 13:15:00+00:00,2018-10-16 13:45:00+00:00,1,-0.9999999999999608,SL,False
S2-05,ny_or_break,AUDUSD,2018-10-16 13:45:00+00:00,2018-10-16 14:00:00+00:00,2018-10-16 14:00:00+00:00,1,-1.0000000000000988,SL,False
S2-05,ny_or_break,AUDUSD,2018-10-16 14:00:00+00:00,2018-10-16 14:15:00+00:00,2018-10-16 14:45:00+00:00,1,-0.9999999999999425,SL,True
S2-05,ny_or_break,AUDUSD,2018-10-16 15:00:00+00:00,2018-10-16 15:15:00+00:00,2018-10-16 19:00:00+00:00,1,0.4656698472794249,TIME,False
S2-05,ny_or_break,AUDUSD,2018-10-22 13:00:00+00:00,2018-10-22 13:15:00+00:00,2018-10-22 14:30:00+00:00,-1,1.2499999999999711,TP,False
S2-05,ny_or_break,AUDUSD,2018-10-22 14:30:00+00:00,2018-10-22 14:45:00+00:00,2018-10-22 15:30:00+00:00,-1,1.250000000000029,TP,False
S2-05,ny_or_break,AUDUSD,2018-10-22 15:30:00+00:00,2018-10-22 15:45:00+00:00,2018-10-22 16:15:00+00:00,-1,1.2499999999999412,TP,False
S2-05,ny_or_break,AUDUSD,2018-10-22 16:15:00+00:00,2018-10-22 16:30:00+00:00,2018-10-22 17:00:00+00:00,-1,-1.0000000000000864,SL,False
S2-05,ny_or_break,AUDUSD,2018-10-23 13:00:00+00:00,2018-10-23 13:15:00+00:00,2018-10-23 13:15:00+00:00,-1,-0.9999999999998942,SL,False
S2-05,ny_or_break,AUDUSD,2018-10-23 14:00:00+00:00,2018-10-23 14:15:00+00:00,2018-10-23 14:30:00+00:00,-1,-0.999999999999938,SL,False
S2-05,ny_or_break,AUDUSD,2018-10-23 14:45:00+00:00,2018-10-23 15:00:00+00:00,2018-10-23 15:00:00+00:00,-1,-1.0000000000000546,SL,False
S2-05,ny_or_break,AUDUSD,2018-10-24 14:30:00+00:00,2018-10-24 14:45:00+00:00,2018-10-24 14:45:00+00:00,-1,-1.00000000000005,SL,False
S2-05,ny_or_break,AUDUSD,2018-10-24 14:45:00+00:00,2018-10-24 15:00:00+00:00,2018-10-24 17:00:00+00:00,-1,1.25,TP,False
S2-05,ny_or_break,AUDUSD,2018-10-30 12:00:00+00:00,2018-10-30 12:15:00+00:00,2018-10-30 12:15:00+00:00,1,-0.9999999999998983,SL,False
S2-05,ny_or_break,AUDUSD,2018-10-30 13:30:00+00:00,2018-10-30 13:45:00+00:00,2018-10-30 14:30:00+00:00,1,-0.9999999999999288,SL,False
S2-05,ny_or_break,AUDUSD,2018-10-30 14:30:00+00:00,2018-10-30 14:45:00+00:00,2018-10-30 15:30:00+00:00,1,1.25,TP,False
S2-05,ny_or_break,AUDUSD,2018-10-30 15:30:00+00:00,2018-10-30 15:45:00+00:00,2018-10-30 16:30:00+00:00,1,-1.0,SL,False
S2-05,ny_or_break,AUDUSD,2018-10-30 16:30:00+00:00,2018-10-30 16:45:00+00:00,2018-10-30 17:00:00+00:00,1,-0.999999999999937,SL,False
S2-05,ny_or_break,AUDUSD,2018-11-01 12:00:00+00:00,2018-11-01 12:15:00+00:00,2018-11-01 13:15:00+00:00,1,1.25,TP,False
S2-05,ny_or_break,AUDUSD,2018-11-01 13:15:00+00:00,2018-11-01 13:30:00+00:00,2018-11-01 14:00:00+00:00,1,1.249999999999977,TP,False
S2-05,ny_or_break,AUDUSD,2018-11-01 14:00:00+00:00,2018-11-01 14:15:00+00:00,2018-11-01 14:45:00+00:00,1,1.2499999999999554,TP,False
S2-05,ny_or_break,AUDUSD,2018-11-01 14:45:00+00:00,2018-11-01 15:00:00+00:00,2018-11-01 15:15:00+00:00,1,-0.9999999999999803,SL,False
S2-05,ny_or_break,AUDUSD,2018-11-01 15:15:00+00:00,2018-11-01 15:30:00+00:00,2018-11-01 15:45:00+00:00,1,-1.0000000000000397,SL,False
S2-05,ny_or_break,AUDUSD,2018-11-01 15:45:00+00:00,2018-11-01 16:00:00+00:00,2018-11-01 16:45:00+00:00,1,1.2499999999999614,TP,False
S2-05,ny_or_break,AUDUSD,2018-11-01 16:45:00+00:00,2018-11-01 17:00:00+00:00,2018-11-01 19:30:00+00:00,1,1.2500000000000593,TP,False
S2-05,ny_or_break,AUDUSD,2018-11-05 14:30:00+00:00,2018-11-05 14:45:00+00:00,2018-11-05 15:45:00+00:00,1,1.2500000000000604,TP,False
S2-05,ny_or_break,AUDUSD,2018-11-05 15:45:00+00:00,2018-11-05 16:00:00+00:00,2018-11-05 16:15:00+00:00,1,-0.999999999999973,SL,False
S2-05,ny_or_break,AUDUSD,2018-11-09 16:30:00+00:00,2018-11-09 16:45:00+00:00,2018-11-09 16:45:00+00:00,-1,0.596705165034883,FRIDAY,False
S2-05,ny_or_break,AUDUSD,2018-11-09 16:45:00+00:00,2018-11-09 17:00:00+00:00,2018-11-09 17:00:00+00:00,-1,-0.0744893111638955,FRIDAY,False
S2-05,ny_or_break,AUDUSD,2018-11-16 14:00:00+00:00,2018-11-16 14:15:00+00:00,2018-11-16 14:15:00+00:00,1,1.2499999999999785,TP,False
S2-05,ny_or_break,AUDUSD,2018-11-16 14:15:00+00:00,2018-11-16 14:30:00+00:00,2018-11-16 14:45:00+00:00,1,-0.9999999999999628,SL,False
S2-05,ny_or_break,AUDUSD,2018-11-16 14:45:00+00:00,2018-11-16 15:00:00+00:00,2018-11-16 16:00:00+00:00,1,0.03238698817566791,FRIDAY,False
S2-05,ny_or_break,AUDUSD,2018-11-16 16:00:00+00:00,2018-11-16 16:15:00+00:00,2018-11-16 16:15:00+00:00,1,-0.0684227820827978,FRIDAY,False
S2-05,ny_or_break,AUDUSD,2018-11-16 16:15:00+00:00,2018-11-16 16:30:00+00:00,2018-11-16 16:30:00+00:00,1,-0.10550896932385097,FRIDAY,False
S2-05,ny_or_break,AUDUSD,2018-11-16 16:30:00+00:00,2018-11-16 16:45:00+00:00,2018-11-16 16:45:00+00:00,1,-0.44835182313412064,FRIDAY,False
S2-05,ny_or_break,AUDUSD,2018-11-16 16:45:00+00:00,2018-11-16 17:00:00+00:00,2018-11-16 17:00:00+00:00,1,0.6518070447799613,FRIDAY,False
S2-05,ny_or_break,AUDUSD,2018-11-20 15:00:00+00:00,2018-11-20 15:15:00+00:00,2018-11-20 15:15:00+00:00,-1,-1.0000000000000384,SL,False
S2-05,ny_or_break,AUDUSD,2018-11-20 15:15:00+00:00,2018-11-20 15:30:00+00:00,2018-11-20 15:30:00+00:00,-1,-1.000000000000055,SL,False
S2-05,ny_or_break,AUDUSD,2018-11-20 15:30:00+00:00,2018-11-20 15:45:00+00:00,2018-11-20 15:45:00+00:00,-1,-1.000000000000018,SL,False
S2-05,ny_or_break,AUDUSD,2018-11-20 16:15:00+00:00,2018-11-20 16:30:00+00:00,2018-11-20 18:15:00+00:00,-1,1.2500000000000149,TP,False
S2-05,ny_or_break,AUDUSD,2018-11-27 15:00:00+00:00,2018-11-27 15:15:00+00:00,2018-11-27 15:15:00+00:00,-1,-0.9999999999999745,SL,False
S2-05,ny_or_break,AUDUSD,2018-11-27 15:30:00+00:00,2018-11-27 15:45:00+00:00,2018-11-27 16:30:00+00:00,-1,1.2499999999999285,TP,False
S2-05,ny_or_break,AUDUSD,2018-11-27 16:30:00+00:00,2018-11-27 16:45:00+00:00,2018-11-27 17:00:00+00:00,-1,1.2499999999999782,TP,False
S2-05,ny_or_break,AUDUSD,2018-11-28 14:00:00+00:00,2018-11-28 14:15:00+00:00,2018-11-28 14:15:00+00:00,1,-1.0000000000001052,SL,False
S2-05,ny_or_break,AUDUSD,2018-11-29 12:15:00+00:00,2018-11-29 12:30:00+00:00,2018-11-29 12:45:00+00:00,1,1.2499999999999507,TP,False
S2-05,ny_or_break,AUDUSD,2018-11-29 12:45:00+00:00,2018-11-29 13:00:00+00:00,2018-11-29 13:45:00+00:00,1,-1.0,SL,False
S2-05,ny_or_break,AUDUSD,2018-12-05 14:30:00+00:00,2018-12-05 14:45:00+00:00,2018-12-05 15:00:00+00:00,-1,1.2499999999999076,TP,False
S2-05,ny_or_break,AUDUSD,2018-12-05 15:00:00+00:00,2018-12-05 15:15:00+00:00,2018-12-05 15:30:00+00:00,-1,1.2500000000000882,TP,False
S2-05,ny_or_break,AUDUSD,2018-12-05 15:30:00+00:00,2018-12-05 15:45:00+00:00,2018-12-05 15:45:00+00:00,-1,-1.0000000000000813,SL,False
S2-05,ny_or_break,AUDUSD,2018-12-05 15:45:00+00:00,2018-12-05 16:00:00+00:00,2018-12-05 16:00:00+00:00,-1,-0.9999999999999478,SL,False
S2-05,ny_or_break,AUDUSD,2018-12-05 16:00:00+00:00,2018-12-05 16:15:00+00:00,2018-12-05 16:45:00+00:00,-1,1.2500000000000502,TP,False
S2-05,ny_or_break,AUDUSD,2018-12-05 16:45:00+00:00,2018-12-05 17:00:00+00:00,2018-12-05 17:15:00+00:00,-1,-1.0000000000000728,SL,False
S2-05,ny_or_break,AUDUSD,2018-12-07 12:45:00+00:00,2018-12-07 13:00:00+00:00,2018-12-07 13:00:00+00:00,-1,-0.9999999999999625,SL,False
S2-05,ny_or_break,AUDUSD,2018-12-10 14:00:00+00:00,2018-12-10 14:15:00+00:00,2018-12-10 14:30:00+00:00,-1,-1.0,SL,False
S2-05,ny_or_break,AUDUSD,2018-12-10 15:30:00+00:00,2018-12-10 15:45:00+00:00,2018-12-10 15:45:00+00:00,-1,1.2499999999999327,TP,False
S2-05,ny_or_break,AUDUSD,2018-12-10 15:45:00+00:00,2018-12-10 16:00:00+00:00,2018-12-10 16:45:00+00:00,-1,-1.0000000000000613,SL,False
S2-05,ny_or_break,AUDUSD,2018-12-10 16:45:00+00:00,2018-12-10 17:00:00+00:00,2018-12-10 20:45:00+00:00,-1,-0.061414103388598706,TIME,False
S2-05,ny_or_break,AUDUSD,2018-12-12 13:45:00+00:00,2018-12-12 14:00:00+00:00,2018-12-12 14:00:00+00:00,1,-1.0,SL,False
S2-05,ny_or_break,AUDUSD,2018-12-12 14:30:00+00:00,2018-12-12 14:45:00+00:00,2018-12-12 14:45:00+00:00,1,-0.9999999999999547,SL,False
S2-05,ny_or_break,AUDUSD,2018-12-12 14:45:00+00:00,2018-12-12 15:00:00+00:00,2018-12-12 16:00:00+00:00,1,1.2499999999999354,TP,False
S2-05,ny_or_break,AUDUSD,2018-12-12 16:00:00+00:00,2018-12-12 16:15:00+00:00,2018-12-12 16:30:00+00:00,1,-0.9999999999999449,SL,False
S2-05,ny_or_break,AUDUSD,2018-12-12 16:30:00+00:00,2018-12-12 16:45:00+00:00,2018-12-12 18:00:00+00:00,1,1.25,TP,False
S2-05,ny_or_break,AUDUSD,2018-12-14 13:30:00+00:00,2018-12-14 13:45:00+00:00,2018-12-14 13:45:00+00:00,-1,-1.0,SL,False
S2-05,ny_or_break,AUDUSD,2018-12-14 13:45:00+00:00,2018-12-14 14:00:00+00:00,2018-12-14 14:15:00+00:00,-1,-0.9999999999999689,SL,False
S2-05,ny_or_break,AUDUSD,2018-12-21 16:45:00+00:00,2018-12-21 17:00:00+00:00,2018-12-21 17:00:00+00:00,-1,0.5384195685564293,FRIDAY,False
S2-05,ny_or_break,AUDUSD,2018-12-24 12:00:00+00:00,2018-12-24 12:15:00+00:00,2018-12-24 12:15:00+00:00,-1,-1.0000000000001172,SL,False
S2-05,ny_or_break,AUDUSD,2018-12-24 12:15:00+00:00,2018-12-24 12:30:00+00:00,2018-12-24 12:30:00+00:00,-1,-1.0000000000000768,SL,False
S2-05,ny_or_break,AUDUSD,2018-12-24 12:30:00+00:00,2018-12-24 12:45:00+00:00,2018-12-24 13:00:00+00:00,-1,1.24999999999988,TP,False
S2-05,ny_or_break,AUDUSD,2018-12-24 13:00:00+00:00,2018-12-24 13:15:00+00:00,2018-12-24 13:15:00+00:00,-1,-1.0000000000001124,SL,False
S2-05,ny_or_break,AUDUSD,2018-12-24 13:15:00+00:00,2018-12-24 13:30:00+00:00,2018-12-24 14:00:00+00:00,-1,-1.0,SL,False
S2-05,ny_or_break,AUDUSD,2018-12-24 14:00:00+00:00,2018-12-24 14:15:00+00:00,2018-12-24 14:45:00+00:00,-1,-1.000000000000034,SL,False
S2-05,ny_or_break,AUDUSD,2018-12-24 15:45:00+00:00,2018-12-24 16:00:00+00:00,2018-12-24 16:00:00+00:00,-1,-0.9999999999999138,SL,False
S2-05,ny_or_break,AUDUSD,2018-12-24 16:00:00+00:00,2018-12-24 16:15:00+00:00,2018-12-24 16:30:00+00:00,-1,-1.0,SL,False
S2-05,ny_or_break,AUDUSD,2018-12-24 16:30:00+00:00,2018-12-24 16:45:00+00:00,2018-12-24 17:15:00+00:00,-1,1.2500000000000269,TP,False
S2-05,ny_or_break,AUDUSD,2018-12-27 14:00:00+00:00,2018-12-27 14:15:00+00:00,2018-12-27 14:45:00+00:00,-1,-0.999999999999944,SL,False
S2-05,ny_or_break,AUDUSD,2018-12-27 14:45:00+00:00,2018-12-27 15:00:00+00:00,2018-12-27 15:00:00+00:00,-1,-1.0,SL,True
S2-05,ny_or_break,AUDUSD,2018-12-27 15:00:00+00:00,2018-12-27 15:15:00+00:00,2018-12-27 15:45:00+00:00,-1,-0.9999999999999737,SL,False
S2-05,ny_or_break,AUDUSD,2018-12-27 15:45:00+00:00,2018-12-27 16:00:00+00:00,2018-12-27 16:30:00+00:00,-1,-1.0000000000000484,SL,False
S2-05,ny_or_break,AUDUSD,2018-12-27 16:30:00+00:00,2018-12-27 16:45:00+00:00,2018-12-27 20:30:00+00:00,-1,-1.000000000000044,SL,False
S2-05,ny_or_break,AUDUSD,2019-01-02 12:30:00+00:00,2019-01-02 12:45:00+00:00,2019-01-02 13:15:00+00:00,-1,1.2499999999998987,TP,False
S2-05,ny_or_break,AUDUSD,2019-01-02 13:15:00+00:00,2019-01-02 13:30:00+00:00,2019-01-02 13:30:00+00:00,-1,-1.0,SL,False
S2-05,ny_or_break,AUDUSD,2019-01-02 13:30:00+00:00,2019-01-02 13:45:00+00:00,2019-01-02 14:45:00+00:00,-1,-0.9999999999999101,SL,False
S2-05,ny_or_break,AUDUSD,2019-01-02 14:45:00+00:00,2019-01-02 15:00:00+00:00,2019-01-02 15:00:00+00:00,-1,-1.00000000000005,SL,False
S2-05,ny_or_break,AUDUSD,2019-01-02 15:00:00+00:00,2019-01-02 15:15:00+00:00,2019-01-02 15:30:00+00:00,-1,1.2499999999999774,TP,False
S2-05,ny_or_break,AUDUSD,2019-01-02 15:30:00+00:00,2019-01-02 15:45:00+00:00,2019-01-02 16:00:00+00:00,-1,-0.999999999999938,SL,False
S2-05,ny_or_break,AUDUSD,2019-01-02 16:00:00+00:00,2019-01-02 16:15:00+00:00,2019-01-02 17:15:00+00:00,-1,1.25,TP,False
S2-05,ny_or_break,AUDUSD,2019-01-04 15:15:00+00:00,2019-01-04 15:30:00+00:00,2019-01-04 15:30:00+00:00,1,1.2499999999999691,TP,False
S2-05,ny_or_break,AUDUSD,2019-01-04 15:30:00+00:00,2019-01-04 15:45:00+00:00,2019-01-04 16:00:00+00:00,1,0.7468764905767816,FRIDAY,False
S2-05,ny_or_break,AUDUSD,2019-01-04 16:00:00+00:00,2019-01-04 16:15:00+00:00,2019-01-04 16:15:00+00:00,1,-0.5139066612741751,FRIDAY,False
S2-05,ny_or_break,AUDUSD,2019-01-04 16:15:00+00:00,2019-01-04 16:30:00+00:00,2019-01-04 16:30:00+00:00,1,0.6619047619047619,FRIDAY,False
S2-05,ny_or_break,AUDUSD,2019-01-04 16:30:00+00:00,2019-01-04 16:45:00+00:00,2019-01-04 16:45:00+00:00,1,0.014582517147672083,FRIDAY,False
S2-05,ny_or_break,AUDUSD,2019-01-04 16:45:00+00:00,2019-01-04 17:00:00+00:00,2019-01-04 17:00:00+00:00,1,-0.2769245089825933,FRIDAY,False
S2-05,ny_or_break,AUDUSD,2019-01-07 16:45:00+00:00,2019-01-07 17:00:00+00:00,2019-01-07 20:45:00+00:00,1,-0.026601670521571447,TIME,False
S2-05,ny_or_break,AUDUSD,2019-01-08 12:00:00+00:00,2019-01-08 12:15:00+00:00,2019-01-08 12:30:00+00:00,1,-1.0,SL,False
S2-05,ny_or_break,AUDUSD,2019-01-09 14:30:00+00:00,2019-01-09 14:45:00+00:00,2019-01-09 15:00:00+00:00,1,1.2500000000000568,TP,False
S2-05,ny_or_break,AUDUSD,2019-01-09 15:00:00+00:00,2019-01-09 15:15:00+00:00,2019-01-09 15:15:00+00:00,1,-1.0000000000000255,SL,False
S2-05,ny_or_break,AUDUSD,2019-01-09 15:15:00+00:00,2019-01-09 15:30:00+00:00,2019-01-09 15:30:00+00:00,1,-0.9999999999999776,SL,False
S2-05,ny_or_break,AUDUSD,2019-01-09 16:15:00+00:00,2019-01-09 16:30:00+00:00,2019-01-09 19:00:00+00:00,1,1.2500000000000169,TP,False
S2-05,ny_or_break,AUDUSD,2019-01-10 13:00:00+00:00,2019-01-10 13:15:00+00:00,2019-01-10 13:15:00+00:00,1,-0.9999999999999344,SL,False
S2-05,ny_or_break,AUDUSD,2019-01-10 13:15:00+00:00,2019-01-10 13:30:00+00:00,2019-01-10 13:30:00+00:00,1,-0.9999999999999681,SL,False
S2-05,ny_or_break,AUDUSD,2019-01-10 15:45:00+00:00,2019-01-10 16:00:00+00:00,2019-01-10 17:00:00+00:00,1,-0.99999999999995,SL,False
S2-05,ny_or_break,AUDUSD,2019-01-14 15:00:00+00:00,2019-01-14 15:15:00+00:00,2019-01-14 15:15:00+00:00,1,-1.0000000000000813,SL,False
S2-05,ny_or_break,AUDUSD,2019-01-14 15:45:00+00:00,2019-01-14 16:00:00+00:00,2019-01-14 16:00:00+00:00,1,-1.0000000000000495,SL,False
S2-05,ny_or_break,AUDUSD,2019-01-21 12:30:00+00:00,2019-01-21 12:45:00+00:00,2019-01-21 12:45:00+00:00,-1,-0.9999999999999225,SL,False
S2-05,ny_or_break,AUDUSD,2019-01-21 13:00:00+00:00,2019-01-21 13:15:00+00:00,2019-01-21 13:15:00+00:00,-1,1.249999999999882,TP,False
S2-05,ny_or_break,AUDUSD,2019-01-21 13:15:00+00:00,2019-01-21 13:30:00+00:00,2019-01-21 13:45:00+00:00,-1,-1.0,SL,False
S2-05,ny_or_break,AUDUSD,2019-01-21 13:45:00+00:00,2019-01-21 14:00:00+00:00,2019-01-21 15:15:00+00:00,-1,1.25,TP,False
S2-05,ny_or_break,AUDUSD,2019-01-21 15:15:00+00:00,2019-01-21 15:30:00+00:00,2019-01-21 15:30:00+00:00,-1,-0.999999999999933,SL,False
S2-05,ny_or_break,AUDUSD,2019-01-21 15:30:00+00:00,2019-01-21 15:45:00+00:00,2019-01-21 15:45:00+00:00,-1,-0.9999999999999017,SL,False
S2-05,ny_or_break,AUDUSD,2019-01-23 14:00:00+00:00,2019-01-23 14:15:00+00:00,2019-01-23 14:15:00+00:00,-1,-1.0000000000000715,SL,False
S2-05,ny_or_break,AUDUSD,2019-01-23 14:15:00+00:00,2019-01-23 14:30:00+00:00,2019-01-23 14:45:00+00:00,-1,-0.9999999999999309,SL,False
S2-05,ny_or_break,AUDUSD,2019-01-23 15:15:00+00:00,2019-01-23 15:30:00+00:00,2019-01-23 15:30:00+00:00,-1,-1.0000000000000318,SL,False
S2-05,ny_or_break,AUDUSD,2019-01-25 16:00:00+00:00,2019-01-25 16:15:00+00:00,2019-01-25 16:15:00+00:00,1,0.48272790890005723,FRIDAY,False
S2-05,ny_or_break,AUDUSD,2019-01-25 16:15:00+00:00,2019-01-25 16:30:00+00:00,2019-01-25 16:30:00+00:00,1,-0.45235000144437704,FRIDAY,False
S2-05,ny_or_break,AUDUSD,2019-01-25 16:30:00+00:00,2019-01-25 16:45:00+00:00,2019-01-25 16:45:00+00:00,1,-0.13652386117136658,FRIDAY,False
S2-05,ny_or_break,AUDUSD,2019-01-25 16:45:00+00:00,2019-01-25 17:00:00+00:00,2019-01-25 17:00:00+00:00,1,0.1770949552211802,FRIDAY,False
S2-05,ny_or_break,AUDUSD,2019-01-31 15:00:00+00:00,2019-01-31 15:15:00+00:00,2019-01-31 15:45:00+00:00,1,1.2500000000000853,TP,False
S2-05,ny_or_break,AUDUSD,2019-01-31 15:45:00+00:00,2019-01-31 16:00:00+00:00,2019-01-31 16:00:00+00:00,1,-0.9999999999999736,SL,False
S2-05,ny_or_break,AUDUSD,2019-01-31 16:00:00+00:00,2019-01-31 16:15:00+00:00,2019-01-31 17:00:00+00:00,1,-1.0000000000000238,SL,False
S2-05,ny_or_break,AUDUSD,2019-02-01 13:15:00+00:00,2019-02-01 13:30:00+00:00,2019-02-01 13:30:00+00:00,1,-0.9999999999998899,SL,True
S2-05,ny_or_break,AUDUSD,2019-02-01 13:30:00+00:00,2019-02-01 13:45:00+00:00,2019-02-01 13:45:00+00:00,1,-1.0000000000000862,SL,False
S2-05,ny_or_break,AUDUSD,2019-02-01 13:45:00+00:00,2019-02-01 14:00:00+00:00,2019-02-01 14:00:00+00:00,1,-0.9999999999999751,SL,False
S2-05,ny_or_break,AUDUSD,2019-02-01 14:00:00+00:00,2019-02-01 14:15:00+00:00,2019-02-01 14:15:00+00:00,1,-0.9999999999999272,SL,False
S2-05,ny_or_break,AUDUSD,2019-02-04 12:30:00+00:00,2019-02-04 12:45:00+00:00,2019-02-04 13:15:00+00:00,-1,-1.0,SL,False
S2-05,ny_or_break,AUDUSD,2019-02-04 13:15:00+00:00,2019-02-04 13:30:00+00:00,2019-02-04 14:00:00+00:00,-1,1.25,TP,False
S2-05,ny_or_break,AUDUSD,2019-02-04 14:00:00+00:00,2019-02-04 14:15:00+00:00,2019-02-04 14:30:00+00:00,-1,-0.999999999999969,SL,False
S2-05,ny_or_break,AUDUSD,2019-02-04 14:30:00+00:00,2019-02-04 14:45:00+00:00,2019-02-04 15:30:00+00:00,-1,1.2500000000000957,TP,False
S2-05,ny_or_break,AUDUSD,2019-02-04 15:30:00+00:00,2019-02-04 15:45:00+00:00,2019-02-04 16:00:00+00:00,-1,-0.9999999999999709,SL,False
S2-05,ny_or_break,AUDUSD,2019-02-04 16:00:00+00:00,2019-02-04 16:15:00+00:00,2019-02-04 19:00:00+00:00,-1,-1.0000000000000568,SL,False
S2-05,ny_or_break,AUDUSD,2019-02-07 16:45:00+00:00,2019-02-07 17:00:00+00:00,2019-02-07 18:15:00+00:00,-1,-1.0000000000000762,SL,False
S2-05,ny_or_break,AUDUSD,2019-02-11 12:00:00+00:00,2019-02-11 12:15:00+00:00,2019-02-11 12:15:00+00:00,-1,1.2499999999999625,TP,False
S2-05,ny_or_break,AUDUSD,2019-02-11 12:15:00+00:00,2019-02-11 12:30:00+00:00,2019-02-11 13:15:00+00:00,-1,-1.0000000000001095,SL,True
S2-05,ny_or_break,AUDUSD,2019-02-11 13:15:00+00:00,2019-02-11 13:30:00+00:00,2019-02-11 13:30:00+00:00,-1,-1.0000000000000309,SL,False
S2-05,ny_or_break,AUDUSD,2019-02-11 13:30:00+00:00,2019-02-11 13:45:00+00:00,2019-02-11 14:15:00+00:00,-1,1.2500000000000615,TP,False
S2-05,ny_or_break,AUDUSD,2019-02-11 14:15:00+00:00,2019-02-11 14:30:00+00:00,2019-02-11 14:30:00+00:00,-1,-1.0000000000000846,SL,False
S2-05,ny_or_break,AUDUSD,2019-02-11 14:30:00+00:00,2019-02-11 14:45:00+00:00,2019-02-11 15:30:00+00:00,-1,1.2500000000000526,TP,False
S2-05,ny_or_break,AUDUSD,2019-02-11 15:30:00+00:00,2019-02-11 15:45:00+00:00,2019-02-11 16:00:00+00:00,-1,-0.9999999999999252,SL,False
S2-05,ny_or_break,AUDUSD,2019-02-11 16:00:00+00:00,2019-02-11 16:15:00+00:00,2019-02-11 16:15:00+00:00,-1,-1.0000000000000246,SL,False
S2-05,ny_or_break,AUDUSD,2019-02-11 16:15:00+00:00,2019-02-11 16:30:00+00:00,2019-02-11 20:15:00+00:00,-1,-0.49234296194406235,TIME,False
S2-05,ny_or_break,AUDUSD,2019-02-15 15:00:00+00:00,2019-02-15 15:15:00+00:00,2019-02-15 16:00:00+00:00,1,-0.061260955759599334,FRIDAY,False
S2-05,ny_or_break,AUDUSD,2019-02-15 16:00:00+00:00,2019-02-15 16:15:00+00:00,2019-02-15 16:15:00+00:00,1,0.5275322909585316,FRIDAY,False
S2-05,ny_or_break,AUDUSD,2019-02-15 16:15:00+00:00,2019-02-15 16:30:00+00:00,2019-02-15 16:30:00+00:00,1,-0.49812409812409814,FRIDAY,False
S2-05,ny_or_break,AUDUSD,2019-02-15 16:30:00+00:00,2019-02-15 16:45:00+00:00,2019-02-15 16:45:00+00:00,1,-0.02759640261180239,FRIDAY,False
S2-05,ny_or_break,AUDUSD,2019-02-15 16:45:00+00:00,2019-02-15 17:00:00+00:00,2019-02-15 17:00:00+00:00,1,0.20611591278023955,FRIDAY,False
S2-05,ny_or_break,AUDUSD,2019-02-18 12:45:00+00:00,2019-02-18 13:00:00+00:00,2019-02-18 13:00:00+00:00,1,-1.0000000000000453,SL,False
S2-05,ny_or_break,AUDUSD,2019-02-20 15:15:00+00:00,2019-02-20 15:30:00+00:00,2019-02-20 15:45:00+00:00,1,-1.0000000000000462,SL,False
S2-05,ny_or_break,AUDUSD,2019-02-20 16:00:00+00:00,2019-02-20 16:15:00+00:00,2019-02-20 18:30:00+00:00,1,1.25,TP,False
S2-05,ny_or_break,AUDUSD,2019-02-21 15:15:00+00:00,2019-02-21 15:30:00+00:00,2019-02-21 15:30:00+00:00,-1,-0.9999999999999762,SL,False
S2-05,ny_or_break,AUDUSD,2019-02-21 16:00:00+00:00,2019-02-21 16:15:00+00:00,2019-02-21 20:00:00+00:00,-1,-0.09197908803712712,TIME,False
S2-05,ny_or_break,AUDUSD,2019-02-25 14:30:00+00:00,2019-02-25 14:45:00+00:00,2019-02-25 14:45:00+00:00,1,-0.9999999999999419,SL,False
S2-05,ny_or_break,AUDUSD,2019-02-26 16:00:00+00:00,2019-02-26 16:15:00+00:00,2019-02-26 19:30:00+00:00,1,1.2500000000000226,TP,False
S2-05,ny_or_break,AUDUSD,2019-02-28 13:30:00+00:00,2019-02-28 13:45:00+00:00,2019-02-28 14:00:00+00:00,-1,-1.0,SL,False
S2-05,ny_or_break,AUDUSD,2019-02-28 14:00:00+00:00,2019-02-28 14:15:00+00:00,2019-02-28 14:45:00+00:00,-1,1.2499999999999143,TP,False
S2-05,ny_or_break,AUDUSD,2019-02-28 14:45:00+00:00,2019-02-28 15:00:00+00:00,2019-02-28 15:15:00+00:00,-1,1.2499999999999265,TP,False
S2-05,ny_or_break,AUDUSD,2019-02-28 15:15:00+00:00,2019-02-28 15:30:00+00:00,2019-02-28 15:45:00+00:00,-1,-0.9999999999999559,SL,False
S2-05,ny_or_break,AUDUSD,2019-02-28 15:45:00+00:00,2019-02-28 16:00:00+00:00,2019-02-28 16:00:00+00:00,-1,1.2499999999999387,TP,False
S2-05,ny_or_break,AUDUSD,2019-02-28 16:00:00+00:00,2019-02-28 16:15:00+00:00,2019-02-28 16:45:00+00:00,-1,1.25,TP,False
S2-05,ny_or_break,AUDUSD,2019-02-28 16:45:00+00:00,2019-02-28 17:00:00+00:00,2019-02-28 20:45:00+00:00,-1,0.39605267595996785,TIME,False
S2-05,ny_or_break,AUDUSD,2019-03-01 16:00:00+00:00,2019-03-01 16:15:00+00:00,2019-03-01 16:15:00+00:00,-1,-0.2955891017463977,FRIDAY,False
S2-05,ny_or_break,AUDUSD,2019-03-01 16:30:00+00:00,2019-03-01 16:45:00+00:00,2019-03-01 16:45:00+00:00,-1,0.43013941398865785,FRIDAY,False
S2-05,ny_or_break,AUDUSD,2019-03-01 16:45:00+00:00,2019-03-01 17:00:00+00:00,2019-03-01 17:00:00+00:00,-1,0.31452629271767524,FRIDAY,False
S2-05,ny_or_break,AUDUSD,2019-03-05 12:15:00+00:00,2019-03-05 12:30:00+00:00,2019-03-05 12:30:00+00:00,-1,1.2499999999998668,TP,False
S2-05,ny_or_break,AUDUSD,2019-03-05 12:30:00+00:00,2019-03-05 12:45:00+00:00,2019-03-05 12:45:00+00:00,-1,-0.9999999999999141,SL,False
S2-05,ny_or_break,AUDUSD,2019-03-05 12:45:00+00:00,2019-03-05 13:00:00+00:00,2019-03-05 13:30:00+00:00,-1,-0.999999999999874,SL,False
S2-05,ny_or_break,AUDUSD,2019-03-05 13:30:00+00:00,2019-03-05 13:45:00+00:00,2019-03-05 14:00:00+00:00,-1,-1.0000000000000893,SL,False
S2-05,ny_or_break,AUDUSD,2019-03-05 16:00:00+00:00,2019-03-05 16:15:00+00:00,2019-03-05 17:30:00+00:00,-1,-0.999999999999946,SL,False
S2-05,ny_or_break,AUDUSD,2019-03-06 16:45:00+00:00,2019-03-06 17:00:00+00:00,2019-03-06 17:00:00+00:00,-1,-0.9999999999999423,SL,False
S2-05,ny_or_break,AUDUSD,2019-03-07 14:30:00+00:00,2019-03-07 14:45:00+00:00,2019-03-07 16:00:00+00:00,-1,1.2499999999999292,TP,False
S2-05,ny_or_break,AUDUSD,2019-03-07 16:00:00+00:00,2019-03-07 16:15:00+00:00,2019-03-07 16:30:00+00:00,-1,-1.0000000000000617,SL,False
S2-05,ny_or_break,AUDUSD,2019-03-07 16:30:00+00:00,2019-03-07 16:45:00+00:00,2019-03-07 17:30:00+00:00,-1,1.2500000000000662,TP,False
S2-05,ny_or_break,AUDUSD,2019-03-11 12:45:00+00:00,2019-03-11 13:00:00+00:00,2019-03-11 13:15:00+00:00,1,1.25,TP,False
S2-05,ny_or_break,AUDUSD,2019-03-11 13:15:00+00:00,2019-03-11 13:30:00+00:00,2019-03-11 14:15:00+00:00,1,1.2500000000000917,TP,False
S2-05,ny_or_break,AUDUSD,2019-03-11 14:15:00+00:00,2019-03-11 14:30:00+00:00,2019-03-11 14:30:00+00:00,1,-0.9999999999999588,SL,False
S2-05,ny_or_break,AUDUSD,2019-03-11 14:30:00+00:00,2019-03-11 14:45:00+00:00,2019-03-11 15:15:00+00:00,1,-1.0000000000001148,SL,False
S2-05,ny_or_break,AUDUSD,2019-03-11 15:15:00+00:00,2019-03-11 15:30:00+00:00,2019-03-11 15:45:00+00:00,1,-1.0000000000000748,SL,False
S2-05,ny_or_break,AUDUSD,2019-03-11 15:45:00+00:00,2019-03-11 16:00:00+00:00,2019-03-11 16:00:00+00:00,1,-0.999999999999965,SL,False
S2-05,ny_or_break,AUDUSD,2019-03-11 16:00:00+00:00,2019-03-11 16:15:00+00:00,2019-03-11 17:15:00+00:00,1,1.2500000000000728,TP,False
S2-05,ny_or_break,AUDUSD,2019-03-12 13:15:00+00:00,2019-03-12 13:30:00+00:00,2019-03-12 14:30:00+00:00,1,1.2499999999999718,TP,False
S2-05,ny_or_break,AUDUSD,2019-03-12 14:30:00+00:00,2019-03-12 14:45:00+00:00,2019-03-12 14:45:00+00:00,1,-0.9999999999999399,SL,False
S2-05,ny_or_break,AUDUSD,2019-03-12 14:45:00+00:00,2019-03-12 15:00:00+00:00,2019-03-12 15:00:00+00:00,1,-0.9999999999999116,SL,False
S2-05,ny_or_break,AUDUSD,2019-03-12 15:00:00+00:00,2019-03-12 15:15:00+00:00,2019-03-12 15:15:00+00:00,1,1.249999999999943,TP,False
S2-05,ny_or_break,AUDUSD,2019-03-12 15:15:00+00:00,2019-03-12 15:30:00+00:00,2019-03-12 15:30:00+00:00,1,-1.0,SL,False
S2-05,ny_or_break,AUDUSD,2019-03-12 15:30:00+00:00,2019-03-12 15:45:00+00:00,2019-03-12 19:30:00+00:00,1,0.33947044207831184,TIME,False
S2-05,ny_or_break,AUDUSD,2019-03-13 14:00:00+00:00,2019-03-13 14:15:00+00:00,2019-03-13 14:30:00+00:00,1,-1.0,SL,False
S2-05,ny_or_break,AUDUSD,2019-03-13 15:15:00+00:00,2019-03-13 15:30:00+00:00,2019-03-13 15:45:00+00:00,1,1.2500000000000964,TP,False
S2-05,ny_or_break,AUDUSD,2019-03-13 15:45:00+00:00,2019-03-13 16:00:00+00:00,2019-03-13 16:15:00+00:00,1,-1.0000000000000808,SL,False
S2-05,ny_or_break,AUDUSD,2019-03-13 16:15:00+00:00,2019-03-13 16:30:00+00:00,2019-03-13 18:45:00+00:00,1,1.2499999999999147,TP,False
S2-05,ny_or_break,AUDUSD,2019-03-15 15:15:00+00:00,2019-03-15 15:30:00+00:00,2019-03-15 15:45:00+00:00,1,-1.0000000000000333,SL,False
S2-05,ny_or_break,AUDUSD,2019-03-19 13:00:00+00:00,2019-03-19 13:15:00+00:00,2019-03-19 13:15:00+00:00,1,-1.000000000000124,SL,False
S2-05,ny_or_break,AUDUSD,2019-03-19 15:15:00+00:00,2019-03-19 15:30:00+00:00,2019-03-19 15:45:00+00:00,1,-0.9999999999999359,SL,False
S2-05,ny_or_break,AUDUSD,2019-03-22 15:00:00+00:00,2019-03-22 15:15:00+00:00,2019-03-22 15:15:00+00:00,-1,-0.9999999999999557,SL,False
S2-05,ny_or_break,AUDUSD,2019-03-22 16:30:00+00:00,2019-03-22 16:45:00+00:00,2019-03-22 16:45:00+00:00,-1,-0.3477384646039111,FRIDAY,False
S2-05,ny_or_break,AUDUSD,2019-03-26 14:45:00+00:00,2019-03-26 15:00:00+00:00,2019-03-26 18:15:00+00:00,1,1.250000000000086,TP,False
S2-05,ny_or_break,AUDUSD,2019-03-27 12:00:00+00:00,2019-03-27 12:15:00+00:00,2019-03-27 12:30:00+00:00,-1,1.2500000000000644,TP,False
S2-05,ny_or_break,AUDUSD,2019-03-27 12:30:00+00:00,2019-03-27 12:45:00+00:00,2019-03-27 13:30:00+00:00,-1,-0.9999999999999096,SL,False
S2-05,ny_or_break,AUDUSD,2019-03-27 13:30:00+00:00,2019-03-27 13:45:00+00:00,2019-03-27 13:45:00+00:00,-1,-0.9999999999999705,SL,False
S2-05,ny_or_break,AUDUSD,2019-03-27 13:45:00+00:00,2019-03-27 14:00:00+00:00,2019-03-27 14:45:00+00:00,-1,1.2499999999999427,TP,False
S2-05,ny_or_break,AUDUSD,2019-03-27 14:45:00+00:00,2019-03-27 15:00:00+00:00,2019-03-27 15:45:00+00:00,-1,1.25,TP,False
S2-05,ny_or_break,AUDUSD,2019-03-27 15:45:00+00:00,2019-03-27 16:00:00+00:00,2019-03-27 16:15:00+00:00,-1,-0.9999999999999677,SL,False
S2-05,ny_or_break,AUDUSD,2019-03-27 16:15:00+00:00,2019-03-27 16:30:00+00:00,2019-03-27 16:45:00+00:00,-1,-1.0000000000000604,SL,False
S2-05,ny_or_break,AUDUSD,2019-03-27 16:45:00+00:00,2019-03-27 17:00:00+00:00,2019-03-27 18:30:00+00:00,-1,-1.0000000000000604,SL,False
S2-05,ny_or_break,AUDUSD,2019-03-28 13:00:00+00:00,2019-03-28 13:15:00+00:00,2019-03-28 13:15:00+00:00,-1,-0.9999999999999064,SL,False
S2-05,ny_or_break,AUDUSD,2019-03-28 13:30:00+00:00,2019-03-28 13:45:00+00:00,2019-03-28 14:15:00+00:00,-1,-1.0000000000000282,SL,False
S2-05,ny_or_break,AUDUSD,2019-03-28 14:30:00+00:00,2019-03-28 14:45:00+00:00,2019-03-28 15:00:00+00:00,-1,-0.9999999999999252,SL,False
S2-05,ny_or_break,AUDUSD,2019-03-28 15:15:00+00:00,2019-03-28 15:30:00+00:00,2019-03-28 16:15:00+00:00,-1,1.25,TP,False
S2-05,ny_or_break,AUDUSD,2019-03-28 16:15:00+00:00,2019-03-28 16:30:00+00:00,2019-03-28 17:00:00+00:00,-1,-0.9999999999999548,SL,False
S2-05,ny_or_break,AUDUSD,2019-04-02 15:00:00+00:00,2019-04-02 15:15:00+00:00,2019-04-02 16:45:00+00:00,-1,-0.9999999999999714,SL,False
S2-05,ny_or_break,AUDUSD,2019-04-02 16:45:00+00:00,2019-04-02 17:00:00+00:00,2019-04-02 17:00:00+00:00,-1,-1.0,SL,False
S2-05,ny_or_break,AUDUSD,2019-04-03 16:15:00+00:00,2019-04-03 16:30:00+00:00,2019-04-03 16:45:00+00:00,1,-0.9999999999999367,SL,False
S2-05,ny_or_break,AUDUSD,2019-04-08 16:00:00+00:00,2019-04-08 16:15:00+00:00,2019-04-08 20:00:00+00:00,1,-0.049188556131838715,TIME,False
S2-05,ny_or_break,AUDUSD,2019-04-10 15:30:00+00:00,2019-04-10 15:45:00+00:00,2019-04-10 16:30:00+00:00,1,1.25,TP,False
S2-05,ny_or_break,AUDUSD,2019-04-10 16:30:00+00:00,2019-04-10 16:45:00+00:00,2019-04-10 18:00:00+00:00,1,-0.9999999999999705,SL,False
S2-05,ny_or_break,AUDUSD,2019-04-12 12:00:00+00:00,2019-04-12 12:15:00+00:00,2019-04-12 13:00:00+00:00,1,1.2500000000000606,TP,False
S2-05,ny_or_break,AUDUSD,2019-04-12 13:00:00+00:00,2019-04-12 13:15:00+00:00,2019-04-12 13:15:00+00:00,1,-1.000000000000065,SL,False
S2-05,ny_or_break,AUDUSD,2019-04-12 13:15:00+00:00,2019-04-12 13:30:00+00:00,2019-04-12 14:30:00+00:00,1,1.2500000000000313,TP,False
S2-05,ny_or_break,AUDUSD,2019-04-12 14:30:00+00:00,2019-04-12 14:45:00+00:00,2019-04-12 14:45:00+00:00,1,-1.0,SL,False
S2-05,ny_or_break,AUDUSD,2019-04-12 14:45:00+00:00,2019-04-12 15:00:00+00:00,2019-04-12 16:00:00+00:00,1,-0.4364095180592324,FRIDAY,False
S2-05,ny_or_break,AUDUSD,2019-04-12 16:00:00+00:00,2019-04-12 16:15:00+00:00,2019-04-12 16:15:00+00:00,1,0.036976300477774796,FRIDAY,False
S2-05,ny_or_break,AUDUSD,2019-04-12 16:15:00+00:00,2019-04-12 16:30:00+00:00,2019-04-12 16:30:00+00:00,1,-0.8916635707247735,FRIDAY,False
S2-05,ny_or_break,AUDUSD,2019-04-12 16:30:00+00:00,2019-04-12 16:45:00+00:00,2019-04-12 16:45:00+00:00,1,0.057814193294144695,FRIDAY,False
S2-05,ny_or_break,AUDUSD,2019-04-12 16:45:00+00:00,2019-04-12 17:00:00+00:00,2019-04-12 17:00:00+00:00,1,-0.4916495751538236,FRIDAY,False
S2-05,ny_or_break,AUDUSD,2019-04-15 13:00:00+00:00,2019-04-15 13:15:00+00:00,2019-04-15 13:15:00+00:00,1,-1.00000000000013,SL,False
S2-05,ny_or_break,AUDUSD,2019-04-16 16:00:00+00:00,2019-04-16 16:15:00+00:00,2019-04-16 16:45:00+00:00,1,-1.0000000000000722,SL,False
S2-05,ny_or_break,AUDUSD,2019-04-16 16:45:00+00:00,2019-04-16 17:00:00+00:00,2019-04-16 18:45:00+00:00,1,1.2500000000000389,TP,False
S2-05,ny_or_break,AUDUSD,2019-04-18 14:15:00+00:00,2019-04-18 14:30:00+00:00,2019-04-18 16:00:00+00:00,-1,1.2500000000000313,TP,False
S2-05,ny_or_break,AUDUSD,2019-04-18 16:00:00+00:00,2019-04-18 16:15:00+00:00,2019-04-18 19:15:00+00:00,-1,-1.0,SL,False
S2-05,ny_or_break,AUDUSD,2019-04-19 15:00:00+00:00,2019-04-19 15:15:00+00:00,2019-04-19 15:15:00+00:00,-1,-1.0,SL,False
S2-05,ny_or_break,AUDUSD,2019-04-19 15:15:00+00:00,2019-04-19 15:30:00+00:00,2019-04-19 15:30:00+00:00,-1,-0.999999999999909,SL,False
S2-05,ny_or_break,AUDUSD,2019-04-19 15:30:00+00:00,2019-04-19 15:45:00+00:00,2019-04-19 15:45:00+00:00,-1,-1.0000000000002611,SL,False
S2-05,ny_or_break,AUDUSD,2019-04-19 15:45:00+00:00,2019-04-19 16:00:00+00:00,2019-04-19 16:00:00+00:00,-1,-3.1582745098039218,FRIDAY,False
S2-05,ny_or_break,AUDUSD,2019-04-19 16:00:00+00:00,2019-04-19 16:15:00+00:00,2019-04-19 16:15:00+00:00,-1,-1.4319259426507114,FRIDAY,False
S2-05,ny_or_break,AUDUSD,2019-04-19 16:15:00+00:00,2019-04-19 16:30:00+00:00,2019-04-19 16:30:00+00:00,-1,-0.7630577975693478,FRIDAY,False
S2-05,ny_or_break,AUDUSD,2019-04-19 16:30:00+00:00,2019-04-19 16:45:00+00:00,2019-04-19 16:45:00+00:00,-1,-0.965583392331057,FRIDAY,False
S2-05,ny_or_break,AUDUSD,2019-04-19 16:45:00+00:00,2019-04-19 17:00:00+00:00,2019-04-19 17:00:00+00:00,-1,-1.9460554174721532,FRIDAY,False
S2-05,ny_or_break,AUDUSD,2019-04-22 12:15:00+00:00,2019-04-22 12:30:00+00:00,2019-04-22 12:30:00+00:00,-1,-1.000000000000085,SL,False
S2-05,ny_or_break,AUDUSD,2019-04-22 12:30:00+00:00,2019-04-22 12:45:00+00:00,2019-04-22 12:45:00+00:00,-1,-0.9999999999997655,SL,True
S2-05,ny_or_break,AUDUSD,2019-04-22 12:45:00+00:00,2019-04-22 13:00:00+00:00,2019-04-22 13:00:00+00:00,-1,-1.0000000000000686,SL,False
S2-05,ny_or_break,AUDUSD,2019-04-22 13:15:00+00:00,2019-04-22 13:30:00+00:00,2019-04-22 13:30:00+00:00,-1,-1.0,SL,False
S2-05,ny_or_break,AUDUSD,2019-04-22 14:30:00+00:00,2019-04-22 14:45:00+00:00,2019-04-22 14:45:00+00:00,-1,-0.999999999999953,SL,False
S2-05,ny_or_break,AUDUSD,2019-04-22 15:00:00+00:00,2019-04-22 15:15:00+00:00,2019-04-22 15:30:00+00:00,-1,-0.9999999999999137,SL,False
S2-05,ny_or_break,AUDUSD,2019-04-22 15:30:00+00:00,2019-04-22 15:45:00+00:00,2019-04-22 16:15:00+00:00,-1,-0.9999999999999581,SL,False
S2-05,ny_or_break,AUDUSD,2019-04-23 12:30:00+00:00,2019-04-23 12:45:00+00:00,2019-04-23 13:00:00+00:00,-1,1.2500000000001525,TP,False
S2-05,ny_or_break,AUDUSD,2019-04-23 13:00:00+00:00,2019-04-23 13:15:00+00:00,2019-04-23 13:30:00+00:00,-1,-0.9999999999999015,SL,False
S2-05,ny_or_break,AUDUSD,2019-04-23 13:30:00+00:00,2019-04-23 13:45:00+00:00,2019-04-23 14:00:00+00:00,-1,1.2500000000000875,TP,False
S2-05,ny_or_break,AUDUSD,2019-04-23 14:00:00+00:00,2019-04-23 14:15:00+00:00,2019-04-23 14:15:00+00:00,-1,1.2499999999998879,TP,False
S2-05,ny_or_break,AUDUSD,2019-04-23 14:15:00+00:00,2019-04-23 14:30:00+00:00,2019-04-23 14:45:00+00:00,-1,-1.0,SL,False
S2-05,ny_or_break,AUDUSD,2019-04-23 14:45:00+00:00,2019-04-23 15:00:00+00:00,2019-04-23 15:45:00+00:00,-1,-1.0,SL,False
S2-05,ny_or_break,AUDUSD,2019-04-23 15:45:00+00:00,2019-04-23 16:00:00+00:00,2019-04-23 19:45:00+00:00,-1,-0.9999999999999415,SL,False
S2-05,ny_or_break,AUDUSD,2019-04-24 13:00:00+00:00,2019-04-24 13:15:00+00:00,2019-04-24 13:15:00+00:00,-1,-1.000000000000076,SL,False
S2-05,ny_or_break,AUDUSD,2019-04-24 14:00:00+00:00,2019-04-24 14:15:00+00:00,2019-04-24 14:15:00+00:00,-1,-0.9999999999999253,SL,False
S2-05,ny_or_break,AUDUSD,2019-04-24 15:15:00+00:00,2019-04-24 15:30:00+00:00,2019-04-24 15:45:00+00:00,-1,-1.0,SL,False
S2-05,ny_or_break,AUDUSD,2019-04-24 15:45:00+00:00,2019-04-24 16:00:00+00:00,2019-04-24 16:30:00+00:00,-1,1.2499999999999492,TP,False
S2-05,ny_or_break,AUDUSD,2019-04-24 16:30:00+00:00,2019-04-24 16:45:00+00:00,2019-04-24 18:45:00+00:00,-1,1.2499999999999492,TP,False
S2-05,ny_or_break,AUDUSD,2019-04-29 16:15:00+00:00,2019-04-29 16:30:00+00:00,2019-04-29 20:15:00+00:00,1,-0.8223458746361056,TIME,False
S2-05,ny_or_break,AUDUSD,2019-05-01 15:00:00+00:00,2019-05-01 15:15:00+00:00,2019-05-01 16:00:00+00:00,-1,1.2499999999998936,TP,False
S2-05,ny_or_break,AUDUSD,2019-05-01 16:00:00+00:00,2019-05-01 16:15:00+00:00,2019-05-01 17:00:00+00:00,-1,-0.9999999999998884,SL,False
S2-05,ny_or_break,AUDUSD,2019-05-02 12:15:00+00:00,2019-05-02 12:30:00+00:00,2019-05-02 12:45:00+00:00,-1,1.2500000000000424,TP,False
S2-05,ny_or_break,AUDUSD,2019-05-02 12:45:00+00:00,2019-05-02 13:00:00+00:00,2019-05-02 13:15:00+00:00,-1,1.2499999999999603,TP,False
S2-05,ny_or_break,AUDUSD,2019-05-02 13:15:00+00:00,2019-05-02 13:30:00+00:00,2019-05-02 13:45:00+00:00,-1,-0.9999999999999607,SL,False
S2-05,ny_or_break,AUDUSD,2019-05-02 13:45:00+00:00,2019-05-02 14:00:00+00:00,2019-05-02 14:15:00+00:00,-1,1.2500000000000735,TP,False
S2-05,ny_or_break,AUDUSD,2019-05-02 14:15:00+00:00,2019-05-02 14:30:00+00:00,2019-05-02 14:30:00+00:00,-1,-1.0000000000000964,SL,False
S2-05,ny_or_break,AUDUSD,2019-05-02 14:30:00+00:00,2019-05-02 14:45:00+00:00,2019-05-02 15:00:00+00:00,-1,1.2500000000000304,TP,False
S2-05,ny_or_break,AUDUSD,2019-05-02 15:00:00+00:00,2019-05-02 15:15:00+00:00,2019-05-02 15:30:00+00:00,-1,-0.9999999999999716,SL,False
S2-05,ny_or_break,AUDUSD,2019-05-02 15:30:00+00:00,2019-05-02 15:45:00+00:00,2019-05-02 16:30:00+00:00,-1,-1.000000000000027,SL,False
S2-05,ny_or_break,AUDUSD,2019-05-02 16:30:00+00:00,2019-05-02 16:45:00+00:00,2019-05-02 18:45:00+00:00,-1,1.25000000000003,TP,False
S2-05,ny_or_break,AUDUSD,2019-05-06 13:00:00+00:00,2019-05-06 13:15:00+00:00,2019-05-06 13:30:00+00:00,-1,-1.0000000000000415,SL,False
S2-05,ny_or_break,AUDUSD,2019-05-10 13:30:00+00:00,2019-05-10 13:45:00+00:00,2019-05-10 14:15:00+00:00,1,-1.000000000000069,SL,False
S2-05,ny_or_break,AUDUSD,2019-05-13 13:45:00+00:00,2019-05-13 14:00:00+00:00,2019-05-13 14:45:00+00:00,-1,1.2500000000000604,TP,False
S2-05,ny_or_break,AUDUSD,2019-05-13 14:45:00+00:00,2019-05-13 15:00:00+00:00,2019-05-13 15:15:00+00:00,-1,1.2499999999999492,TP,False
S2-05,ny_or_break,AUDUSD,2019-05-13 15:15:00+00:00,2019-05-13 15:30:00+00:00,2019-05-13 18:15:00+00:00,-1,-0.9999999999999534,SL,False
S2-05,ny_or_break,AUDUSD,2019-05-14 12:30:00+00:00,2019-05-14 12:45:00+00:00,2019-05-14 13:30:00+00:00,-1,-1.0000000000000855,SL,False
S2-05,ny_or_break,AUDUSD,2019-05-14 13:45:00+00:00,2019-05-14 14:00:00+00:00,2019-05-14 14:00:00+00:00,-1,-0.9999999999999231,SL,False
S2-05,ny_or_break,AUDUSD,2019-05-14 14:00:00+00:00,2019-05-14 14:15:00+00:00,2019-05-14 14:15:00+00:00,-1,-1.000000000000037,SL,False
S2-05,ny_or_break,AUDUSD,2019-05-16 12:00:00+00:00,2019-05-16 12:15:00+00:00,2019-05-16 12:15:00+00:00,-1,-1.0000000000000322,SL,False
S2-05,ny_or_break,AUDUSD,2019-05-16 12:45:00+00:00,2019-05-16 13:00:00+00:00,2019-05-16 14:00:00+00:00,-1,1.25,TP,False
S2-05,ny_or_break,AUDUSD,2019-05-16 14:00:00+00:00,2019-05-16 14:15:00+00:00,2019-05-16 14:15:00+00:00,-1,-0.9999999999999413,SL,False
S2-05,ny_or_break,AUDUSD,2019-05-16 14:15:00+00:00,2019-05-16 14:30:00+00:00,2019-05-16 17:00:00+00:00,-1,1.2500000000000282,TP,False
S2-05,ny_or_break,AUDUSD,2019-05-17 15:15:00+00:00,2019-05-17 15:30:00+00:00,2019-05-17 16:00:00+00:00,-1,-0.1861976586587618,FRIDAY,False
S2-05,ny_or_break,AUDUSD,2019-05-17 16:00:00+00:00,2019-05-17 16:15:00+00:00,2019-05-17 16:15:00+00:00,-1,-0.5976067382040542,FRIDAY,False
S2-05,ny_or_break,AUDUSD,2019-05-21 13:45:00+00:00,2019-05-21 14:00:00+00:00,2019-05-21 14:00:00+00:00,-1,-1.000000000000115,SL,False
S2-05,ny_or_break,AUDUSD,2019-05-21 14:00:00+00:00,2019-05-21 14:15:00+00:00,2019-05-21 14:30:00+00:00,-1,-0.9999999999998884,SL,False
S2-05,ny_or_break,AUDUSD,2019-05-22 14:45:00+00:00,2019-05-22 15:00:00+00:00,2019-05-22 15:45:00+00:00,-1,-1.0000000000000742,SL,False
S2-05,ny_or_break,AUDUSD,2019-05-24 12:45:00+00:00,2019-05-24 13:00:00+00:00,2019-05-24 14:15:00+00:00,1,1.2500000000001135,TP,False
S2-05,ny_or_break,AUDUSD,2019-05-24 14:15:00+00:00,2019-05-24 14:30:00+00:00,2019-05-24 14:45:00+00:00,1,-1.0000000000001181,SL,False
S2-05,ny_or_break,AUDUSD,2019-05-24 14:45:00+00:00,2019-05-24 15:00:00+00:00,2019-05-24 16:00:00+00:00,1,-0.13889518329868672,FRIDAY,False
S2-05,ny_or_break,AUDUSD,2019-05-24 16:00:00+00:00,2019-05-24 16:15:00+00:00,2019-05-24 16:15:00+00:00,1,-0.0955500177999288,FRIDAY,False
S2-05,ny_or_break,AUDUSD,2019-05-24 16:15:00+00:00,2019-05-24 16:30:00+00:00,2019-05-24 16:30:00+00:00,1,-0.5423942243116185,FRIDAY,False
S2-05,ny_or_break,AUDUSD,2019-05-24 16:30:00+00:00,2019-05-24 16:45:00+00:00,2019-05-24 16:45:00+00:00,1,0.44137519213544024,FRIDAY,False
S2-05,ny_or_break,AUDUSD,2019-05-24 16:45:00+00:00,2019-05-24 17:00:00+00:00,2019-05-24 17:00:00+00:00,1,0.6666448337972819,FRIDAY,False
S2-05,ny_or_break,AUDUSD,2019-05-28 12:45:00+00:00,2019-05-28 13:00:00+00:00,2019-05-28 13:30:00+00:00,1,1.2500000000001301,TP,False
S2-05,ny_or_break,AUDUSD,2019-05-28 13:30:00+00:00,2019-05-28 13:45:00+00:00,2019-05-28 14:00:00+00:00,1,-1.0000000000001363,SL,False
S2-05,ny_or_break,AUDUSD,2019-05-28 14:00:00+00:00,2019-05-28 14:15:00+00:00,2019-05-28 14:15:00+00:00,1,-1.0000000000000948,SL,False
S2-05,ny_or_break,AUDUSD,2019-05-28 14:15:00+00:00,2019-05-28 14:30:00+00:00,2019-05-28 14:45:00+00:00,1,-1.0000000000000888,SL,False
S2-05,ny_or_break,AUDUSD,2019-05-28 14:45:00+00:00,2019-05-28 15:00:00+00:00,2019-05-28 16:30:00+00:00,1,-1.0000000000000788,SL,False
S2-05,ny_or_break,AUDUSD,2019-05-29 12:30:00+00:00,2019-05-29 12:45:00+00:00,2019-05-29 13:15:00+00:00,1,-0.9999999999998672,SL,False
S2-05,ny_or_break,AUDUSD,2019-05-29 16:00:00+00:00,2019-05-29 16:15:00+00:00,2019-05-29 16:30:00+00:00,-1,-1.0000000000000904,SL,False
S2-05,ny_or_break,AUDUSD,2019-05-30 15:00:00+00:00,2019-05-30 15:15:00+00:00,2019-05-30 16:45:00+00:00,-1,-0.9999999999999034,SL,False
S2-05,ny_or_break,AUDUSD,2019-05-30 16:45:00+00:00,2019-05-30 17:00:00+00:00,2019-05-30 19:00:00+00:00,-1,1.249999999999963,TP,False
S2-05,ny_or_break,AUDUSD,2019-06-03 12:30:00+00:00,2019-06-03 12:45:00+00:00,2019-06-03 12:45:00+00:00,1,-0.9999999999999487,SL,False
S2-05,ny_or_break,AUDUSD,2019-06-03 14:15:00+00:00,2019-06-03 14:30:00+00:00,2019-06-03 14:30:00+00:00,1,-0.9999999999998914,SL,False
S2-05,ny_or_break,AUDUSD,2019-06-06 14:15:00+00:00,2019-06-06 14:30:00+00:00,2019-06-06 14:45:00+00:00,1,-0.999999999999926,SL,False
S2-05,ny_or_break,AUDUSD,2019-06-06 15:15:00+00:00,2019-06-06 15:30:00+00:00,2019-06-06 16:00:00+00:00,1,-1.000000000000027,SL,False
S2-05,ny_or_break,AUDUSD,2019-06-06 16:15:00+00:00,2019-06-06 16:30:00+00:00,2019-06-06 18:00:00+00:00,1,-0.9999999999999706,SL,False
S2-05,ny_or_break,AUDUSD,2019-06-07 14:00:00+00:00,2019-06-07 14:15:00+00:00,2019-06-07 14:30:00+00:00,1,1.2499999999999518,TP,False
S2-05,ny_or_break,AUDUSD,2019-06-07 14:30:00+00:00,2019-06-07 14:45:00+00:00,2019-06-07 15:30:00+00:00,1,-1.0000000000000218,SL,False
S2-05,ny_or_break,AUDUSD,2019-06-07 15:30:00+00:00,2019-06-07 15:45:00+00:00,2019-06-07 16:00:00+00:00,1,-0.3690559458281381,FRIDAY,False
S2-05,ny_or_break,AUDUSD,2019-06-07 16:00:00+00:00,2019-06-07 16:15:00+00:00,2019-06-07 16:15:00+00:00,1,-0.16249386969807478,FRIDAY,False
S2-05,ny_or_break,AUDUSD,2019-06-07 16:15:00+00:00,2019-06-07 16:30:00+00:00,2019-06-07 16:30:00+00:00,1,0.015716462192286104,FRIDAY,False
S2-05,ny_or_break,AUDUSD,2019-06-07 16:30:00+00:00,2019-06-07 16:45:00+00:00,2019-06-07 16:45:00+00:00,1,0.0332794050862852,FRIDAY,False
S2-05,ny_or_break,AUDUSD,2019-06-07 16:45:00+00:00,2019-06-07 17:00:00+00:00,2019-06-07 17:00:00+00:00,1,-0.03353843301938584,FRIDAY,False
S2-05,ny_or_break,AUDUSD,2019-06-12 13:15:00+00:00,2019-06-12 13:30:00+00:00,2019-06-12 13:30:00+00:00,-1,-1.0000000000000955,SL,False
S2-05,ny_or_break,AUDUSD,2019-06-12 13:30:00+00:00,2019-06-12 13:45:00+00:00,2019-06-12 14:00:00+00:00,-1,-1.0000000000000957,SL,False
S2-05,ny_or_break,AUDUSD,2019-06-12 15:30:00+00:00,2019-06-12 15:45:00+00:00,2019-06-12 16:30:00+00:00,-1,1.2500000000000564,TP,False
S2-05,ny_or_break,AUDUSD,2019-06-12 16:30:00+00:00,2019-06-12 16:45:00+00:00,2019-06-12 19:00:00+00:00,-1,1.2499999999998987,TP,False
S2-05,ny_or_break,AUDUSD,2019-06-14 12:30:00+00:00,2019-06-14 12:45:00+00:00,2019-06-14 12:45:00+00:00,-1,1.2500000000001235,TP,False
S2-05,ny_or_break,AUDUSD,2019-06-14 12:45:00+00:00,2019-06-14 13:00:00+00:00,2019-06-14 13:00:00+00:00,-1,-1.0000000000000369,SL,False
S2-05,ny_or_break,AUDUSD,2019-06-14 13:00:00+00:00,2019-06-14 13:15:00+00:00,2019-06-14 14:15:00+00:00,-1,1.2499999999998888,TP,False
S2-05,ny_or_break,AUDUSD,2019-06-14 14:15:00+00:00,2019-06-14 14:30:00+00:00,2019-06-14 15:45:00+00:00,-1,1.25,TP,False
S2-05,ny_or_break,AUDUSD,2019-06-14 15:45:00+00:00,2019-06-14 16:00:00+00:00,2019-06-14 16:00:00+00:00,-1,-0.07189252800660238,FRIDAY,False
S2-05,ny_or_break,AUDUSD,2019-06-14 16:00:00+00:00,2019-06-14 16:15:00+00:00,2019-06-14 16:15:00+00:00,-1,1.0029453797622783,FRIDAY,False
S2-05,ny_or_break,AUDUSD,2019-06-14 16:15:00+00:00,2019-06-14 16:30:00+00:00,2019-06-14 16:30:00+00:00,-1,-0.4249599768453614,FRIDAY,False
S2-05,ny_or_break,AUDUSD,2019-06-14 16:30:00+00:00,2019-06-14 16:45:00+00:00,2019-06-14 16:45:00+00:00,-1,0.06651930779112825,FRIDAY,False
S2-05,ny_or_break,AUDUSD,2019-06-14 16:45:00+00:00,2019-06-14 17:00:00+00:00,2019-06-14 17:00:00+00:00,-1,0.046053988236102794,FRIDAY,False
S2-05,ny_or_break,AUDUSD,2019-06-17 13:30:00+00:00,2019-06-17 13:45:00+00:00,2019-06-17 14:00:00+00:00,-1,-1.00000000000015,SL,False
S2-05,ny_or_break,AUDUSD,2019-06-17 14:00:00+00:00,2019-06-17 14:15:00+00:00,2019-06-17 14:45:00+00:00,-1,1.25,TP,False
S2-05,ny_or_break,AUDUSD,2019-06-17 14:45:00+00:00,2019-06-17 15:00:00+00:00,2019-06-17 15:00:00+00:00,-1,-0.9999999999999626,SL,False
S2-05,ny_or_break,AUDUSD,2019-06-17 15:00:00+00:00,2019-06-17 15:15:00+00:00,2019-06-17 17:00:00+00:00,-1,1.2500000000000349,TP,False
S2-05,ny_or_break,AUDUSD,2019-06-20 12:15:00+00:00,2019-06-20 12:30:00+00:00,2019-06-20 12:30:00+00:00,1,-1.0000000000000306,SL,False
S2-05,ny_or_break,AUDUSD,2019-06-20 12:45:00+00:00,2019-06-20 13:00:00+00:00,2019-06-20 14:15:00+00:00,1,-1.0,SL,False
S2-05,ny_or_break,AUDUSD,2019-06-24 14:00:00+00:00,2019-06-24 14:15:00+00:00,2019-06-24 14:15:00+00:00,1,-0.9999999999999226,SL,False
S2-05,ny_or_break,AUDUSD,2019-06-24 14:45:00+00:00,2019-06-24 15:00:00+00:00,2019-06-24 15:00:00+00:00,1,1.250000000000039,TP,False
S2-05,ny_or_break,AUDUSD,2019-06-24 15:00:00+00:00,2019-06-24 15:15:00+00:00,2019-06-24 19:00:00+00:00,1,-0.49215417428397323,TIME,False
S2-05,ny_or_break,AUDUSD,2019-06-25 13:00:00+00:00,2019-06-25 13:15:00+00:00,2019-06-25 13:30:00+00:00,1,-1.000000000000084,SL,False
S2-05,ny_or_break,AUDUSD,2019-06-25 15:30:00+00:00,2019-06-25 15:45:00+00:00,2019-06-25 16:30:00+00:00,1,-0.9999999999998934,SL,False
S2-05,ny_or_break,AUDUSD,2019-06-27 14:30:00+00:00,2019-06-27 14:45:00+00:00,2019-06-27 15:15:00+00:00,1,-0.9999999999999626,SL,False
S2-05,ny_or_break,AUDUSD,2019-06-28 14:45:00+00:00,2019-06-28 15:00:00+00:00,2019-06-28 15:00:00+00:00,1,-1.0,SL,False
S2-05,ny_or_break,AUDUSD,2019-07-01 14:00:00+00:00,2019-07-01 14:15:00+00:00,2019-07-01 14:30:00+00:00,-1,1.2500000000000433,TP,False
S2-05,ny_or_break,AUDUSD,2019-07-01 14:30:00+00:00,2019-07-01 14:45:00+00:00,2019-07-01 14:45:00+00:00,-1,1.25,TP,False
S2-05,ny_or_break,AUDUSD,2019-07-01 14:45:00+00:00,2019-07-01 15:00:00+00:00,2019-07-01 16:30:00+00:00,-1,1.2499999999999285,TP,False
S2-05,ny_or_break,AUDUSD,2019-07-01 16:30:00+00:00,2019-07-01 16:45:00+00:00,2019-07-01 20:00:00+00:00,-1,-1.0000000000000688,SL,False
S2-05,ny_or_break,AUDUSD,2019-07-03 13:15:00+00:00,2019-07-03 13:30:00+00:00,2019-07-03 14:15:00+00:00,1,1.250000000000067,TP,False
S2-05,ny_or_break,AUDUSD,2019-07-03 14:15:00+00:00,2019-07-03 14:30:00+00:00,2019-07-03 15:30:00+00:00,1,-0.9999999999999093,SL,False
S2-05,ny_or_break,AUDUSD,2019-07-03 15:30:00+00:00,2019-07-03 15:45:00+00:00,2019-07-03 16:30:00+00:00,1,1.25,TP,False
S2-05,ny_or_break,AUDUSD,2019-07-03 16:30:00+00:00,2019-07-03 16:45:00+00:00,2019-07-03 19:00:00+00:00,1,-1.000000000000032,SL,False
S2-05,ny_or_break,AUDUSD,2019-07-05 14:00:00+00:00,2019-07-05 14:15:00+00:00,2019-07-05 14:30:00+00:00,-1,1.249999999999926,TP,False
S2-05,ny_or_break,AUDUSD,2019-07-05 14:30:00+00:00,2019-07-05 14:45:00+00:00,2019-07-05 14:45:00+00:00,-1,-0.9999999999999557,SL,False
S2-05,ny_or_break,AUDUSD,2019-07-05 14:45:00+00:00,2019-07-05 15:00:00+00:00,2019-07-05 16:00:00+00:00,-1,-0.4520378052431253,FRIDAY,False
S2-05,ny_or_break,AUDUSD,2019-07-05 16:00:00+00:00,2019-07-05 16:15:00+00:00,2019-07-05 16:15:00+00:00,-1,-0.2495596696543896,FRIDAY,False
S2-05,ny_or_break,AUDUSD,2019-07-05 16:15:00+00:00,2019-07-05 16:30:00+00:00,2019-07-05 16:30:00+00:00,-1,-8.45461682468748e-05,FRIDAY,False
S2-05,ny_or_break,AUDUSD,2019-07-05 16:30:00+00:00,2019-07-05 16:45:00+00:00,2019-07-05 16:45:00+00:00,-1,-0.4201851390459398,FRIDAY,False
S2-05,ny_or_break,AUDUSD,2019-07-05 16:45:00+00:00,2019-07-05 17:00:00+00:00,2019-07-05 17:00:00+00:00,-1,0.031838918155650896,FRIDAY,False
S2-05,ny_or_break,AUDUSD,2019-07-08 14:15:00+00:00,2019-07-08 14:30:00+00:00,2019-07-08 14:45:00+00:00,-1,1.2500000000001392,TP,False
S2-05,ny_or_break,AUDUSD,2019-07-08 14:45:00+00:00,2019-07-08 15:00:00+00:00,2019-07-08 15:15:00+00:00,-1,-1.0000000000000437,SL,False
S2-05,ny_or_break,AUDUSD,2019-07-08 15:15:00+00:00,2019-07-08 15:30:00+00:00,2019-07-08 19:15:00+00:00,-1,0.3280868006239959,TIME,False
S2-05,ny_or_break,AUDUSD,2019-07-09 13:30:00+00:00,2019-07-09 13:45:00+00:00,2019-07-09 14:45:00+00:00,-1,1.25,TP,False
S2-05,ny_or_break,AUDUSD,2019-07-09 14:45:00+00:00,2019-07-09 15:00:00+00:00,2019-07-09 15:00:00+00:00,-1,-1.0000000000000364,SL,False
S2-05,ny_or_break,AUDUSD,2019-07-09 15:00:00+00:00,2019-07-09 15:15:00+00:00,2019-07-09 17:00:00+00:00,-1,-1.0000000000001033,SL,False
S2-05,ny_or_break,AUDUSD,2019-07-12 16:00:00+00:00,2019-07-12 16:15:00+00:00,2019-07-12 16:15:00+00:00,1,0.28603910868576626,FRIDAY,False
S2-05,ny_or_break,AUDUSD,2019-07-12 16:15:00+00:00,2019-07-12 16:30:00+00:00,2019-07-12 16:30:00+00:00,1,0.5198301962861367,FRIDAY,False
S2-05,ny_or_break,AUDUSD,2019-07-12 16:30:00+00:00,2019-07-12 16:45:00+00:00,2019-07-12 16:45:00+00:00,1,-0.018103494448822813,FRIDAY,False
S2-05,ny_or_break,AUDUSD,2019-07-12 16:45:00+00:00,2019-07-12 17:00:00+00:00,2019-07-12 17:00:00+00:00,1,-0.2759998120212416,FRIDAY,False
S2-05,ny_or_break,AUDUSD,2019-07-17 12:15:00+00:00,2019-07-17 12:30:00+00:00,2019-07-17 12:30:00+00:00,-1,-1.000000000000109,SL,False
S2-05,ny_or_break,AUDUSD,2019-07-17 12:30:00+00:00,2019-07-17 12:45:00+00:00,2019-07-17 14:00:00+00:00,-1,-1.0000000000001568,SL,False
S2-05,ny_or_break,AUDUSD,2019-07-17 14:00:00+00:00,2019-07-17 14:15:00+00:00,2019-07-17 14:15:00+00:00,-1,-1.0000000000000517,SL,False
S2-05,ny_or_break,AUDUSD,2019-07-17 14:15:00+00:00,2019-07-17 14:30:00+00:00,2019-07-17 14:45:00+00:00,-1,-1.0000000000000484,SL,False
S2-05,ny_or_break,AUDUSD,2019-07-18 12:15:00+00:00,2019-07-18 12:30:00+00:00,2019-07-18 12:30:00+00:00,1,-1.000000000000075,SL,False
S2-05,ny_or_break,AUDUSD,2019-07-18 14:15:00+00:00,2019-07-18 14:30:00+00:00,2019-07-18 18:15:00+00:00,1,1.25,TP,False
S2-05,ny_or_break,AUDUSD,2019-07-22 12:30:00+00:00,2019-07-22 12:45:00+00:00,2019-07-22 12:45:00+00:00,1,-1.0000000000001226,SL,False
S2-05,ny_or_break,AUDUSD,2019-07-23 13:15:00+00:00,2019-07-23 13:30:00+00:00,2019-07-23 13:30:00+00:00,-1,1.2499999999999039,TP,False
S2-05,ny_or_break,AUDUSD,2019-07-23 13:30:00+00:00,2019-07-23 13:45:00+00:00,2019-07-23 14:15:00+00:00,-1,1.2500000000000313,TP,False
S2-05,ny_or_break,AUDUSD,2019-07-23 14:15:00+00:00,2019-07-23 14:30:00+00:00,2019-07-23 17:30:00+00:00,-1,-1.0000000000000597,SL,False
S2-05,ny_or_break,AUDUSD,2019-07-25 13:30:00+00:00,2019-07-25 13:45:00+00:00,2019-07-25 14:15:00+00:00,-1,-0.9999999999999704,SL,False
S2-05,ny_or_break,AUDUSD,2019-07-25 14:15:00+00:00,2019-07-25 14:30:00+00:00,2019-07-25 14:30:00+00:00,-1,-1.000000000000078,SL,False
S2-05,ny_or_break,AUDUSD,2019-07-25 14:30:00+00:00,2019-07-25 14:45:00+00:00,2019-07-25 15:15:00+00:00,-1,1.25,TP,False
S2-05,ny_or_break,AUDUSD,2019-07-25 15:15:00+00:00,2019-07-25 15:30:00+00:00,2019-07-25 17:00:00+00:00,-1,1.249999999999976,TP,False
S2-05,ny_or_break,AUDUSD,2019-07-26 12:00:00+00:00,2019-07-26 12:15:00+00:00,2019-07-26 12:15:00+00:00,-1,-1.0000000000002036,SL,False
S2-05,ny_or_break,AUDUSD,2019-07-26 12:15:00+00:00,2019-07-26 12:30:00+00:00,2019-07-26 12:30:00+00:00,-1,-0.999999999999936,SL,True
S2-05,ny_or_break,AUDUSD,2019-07-26 12:30:00+00:00,2019-07-26 12:45:00+00:00,2019-07-26 13:15:00+00:00,-1,-0.9999999999999408,SL,False
S2-05,ny_or_break,AUDUSD,2019-07-26 13:15:00+00:00,2019-07-26 13:30:00+00:00,2019-07-26 13:45:00+00:00,-1,1.249999999999948,TP,False
S2-05,ny_or_break,AUDUSD,2019-07-26 13:45:00+00:00,2019-07-26 14:00:00+00:00,2019-07-26 14:00:00+00:00,-1,-1.0000000000001392,SL,False
S2-05,ny_or_break,AUDUSD,2019-07-26 14:00:00+00:00,2019-07-26 14:15:00+00:00,2019-07-26 14:15:00+00:00,-1,1.250000000000087,TP,False
S2-05,ny_or_break,AUDUSD,2019-07-26 14:15:00+00:00,2019-07-26 14:30:00+00:00,2019-07-26 14:30:00+00:00,-1,-1.0000000000000413,SL,False
S2-05,ny_or_break,AUDUSD,2019-07-26 14:30:00+00:00,2019-07-26 14:45:00+00:00,2019-07-26 15:15:00+00:00,-1,1.2499999999999603,TP,False
S2-05,ny_or_break,AUDUSD,2019-07-26 15:15:00+00:00,2019-07-26 15:30:00+00:00,2019-07-26 16:00:00+00:00,-1,-0.41973544426372844,FRIDAY,False
S2-05,ny_or_break,AUDUSD,2019-07-26 16:00:00+00:00,2019-07-26 16:15:00+00:00,2019-07-26 16:15:00+00:00,-1,-0.58747889877665,FRIDAY,False
S2-05,ny_or_break,AUDUSD,2019-07-26 16:15:00+00:00,2019-07-26 16:30:00+00:00,2019-07-26 16:30:00+00:00,-1,-0.583371126228269,FRIDAY,False
S2-05,ny_or_break,AUDUSD,2019-07-26 16:30:00+00:00,2019-07-26 16:45:00+00:00,2019-07-26 16:45:00+00:00,-1,-0.10407595750102482,FRIDAY,False
S2-05,ny_or_break,AUDUSD,2019-07-26 16:45:00+00:00,2019-07-26 17:00:00+00:00,2019-07-26 17:00:00+00:00,-1,-0.4015955325089749,FRIDAY,False
S2-05,ny_or_break,AUDUSD,2019-07-29 14:45:00+00:00,2019-07-29 15:00:00+00:00,2019-07-29 15:00:00+00:00,-1,-0.9999999999998782,SL,False
S2-05,ny_or_break,AUDUSD,2019-07-29 15:00:00+00:00,2019-07-29 15:15:00+00:00,2019-07-29 15:15:00+00:00,-1,-1.0,SL,False
S2-05,ny_or_break,AUDUSD,2019-07-29 16:30:00+00:00,2019-07-29 16:45:00+00:00,2019-07-29 20:30:00+00:00,-1,-0.47146655963072603,TIME,False
S2-05,ny_or_break,AUDUSD,2019-07-30 13:30:00+00:00,2019-07-30 13:45:00+00:00,2019-07-30 15:15:00+00:00,-1,1.2500000000001243,TP,False
S2-05,ny_or_break,AUDUSD,2019-07-30 15:15:00+00:00,2019-07-30 15:30:00+00:00,2019-07-30 15:45:00+00:00,-1,-1.000000000000034,SL,False
S2-05,ny_or_break,AUDUSD,2019-07-30 15:45:00+00:00,2019-07-30 16:00:00+00:00,2019-07-30 16:15:00+00:00,-1,-1.000000000000105,SL,False
S2-05,ny_or_break,AUDUSD,2019-07-30 16:15:00+00:00,2019-07-30 16:30:00+00:00,2019-07-30 18:00:00+00:00,-1,-0.9999999999999628,SL,False
S2-05,ny_or_break,AUDUSD,2019-07-31 14:00:00+00:00,2019-07-31 14:15:00+00:00,2019-07-31 14:30:00+00:00,-1,-0.9999999999999611,SL,False
S2-05,ny_or_break,AUDUSD,2019-07-31 16:00:00+00:00,2019-07-31 16:15:00+00:00,2019-07-31 17:30:00+00:00,-1,-1.0000000000000318,SL,False
S2-05,ny_or_break,AUDUSD,2019-08-01 12:30:00+00:00,2019-08-01 12:45:00+00:00,2019-08-01 14:00:00+00:00,-1,-1.0000000000001033,SL,False
S2-05,ny_or_break,AUDUSD,2019-08-02 12:15:00+00:00,2019-08-02 12:30:00+00:00,2019-08-02 12:30:00+00:00,-1,-0.9999999999999267,SL,False
S2-05,ny_or_break,AUDUSD,2019-08-02 12:30:00+00:00,2019-08-02 12:45:00+00:00,2019-08-02 12:45:00+00:00,-1,-1.0,SL,True
S2-05,ny_or_break,AUDUSD,2019-08-02 12:45:00+00:00,2019-08-02 13:00:00+00:00,2019-08-02 13:00:00+00:00,-1,-1.0000000000000517,SL,False
S2-05,ny_or_break,AUDUSD,2019-08-02 13:00:00+00:00,2019-08-02 13:15:00+00:00,2019-08-02 13:45:00+00:00,-1,-1.0,SL,False
S2-05,ny_or_break,AUDUSD,2019-08-06 15:00:00+00:00,2019-08-06 15:15:00+00:00,2019-08-06 15:30:00+00:00,-1,1.25,TP,False
S2-05,ny_or_break,AUDUSD,2019-08-06 15:30:00+00:00,2019-08-06 15:45:00+00:00,2019-08-06 17:30:00+00:00,-1,1.2499999999999147,TP,False
S2-05,ny_or_break,AUDUSD,2019-08-08 12:15:00+00:00,2019-08-08 12:30:00+00:00,2019-08-08 12:30:00+00:00,1,-1.0,SL,False
S2-05,ny_or_break,AUDUSD,2019-08-08 13:30:00+00:00,2019-08-08 13:45:00+00:00,2019-08-08 13:45:00+00:00,1,1.2500000000000835,TP,False
S2-05,ny_or_break,AUDUSD,2019-08-08 13:45:00+00:00,2019-08-08 14:00:00+00:00,2019-08-08 14:30:00+00:00,1,1.25,TP,False
S2-05,ny_or_break,AUDUSD,2019-08-08 14:30:00+00:00,2019-08-08 14:45:00+00:00,2019-08-08 14:45:00+00:00,1,-0.9999999999999792,SL,False
S2-05,ny_or_break,AUDUSD,2019-08-08 14:45:00+00:00,2019-08-08 15:00:00+00:00,2019-08-08 15:15:00+00:00,1,1.2500000000000193,TP,False
S2-05,ny_or_break,AUDUSD,2019-08-08 15:15:00+00:00,2019-08-08 15:30:00+00:00,2019-08-08 19:15:00+00:00,1,-0.38893623237807695,TIME,False
S2-05,ny_or_break,AUDUSD,2019-08-14 13:00:00+00:00,2019-08-14 13:15:00+00:00,2019-08-14 13:30:00+00:00,-1,-0.9999999999999745,SL,False
S2-05,ny_or_break,AUDUSD,2019-08-14 13:30:00+00:00,2019-08-14 13:45:00+00:00,2019-08-14 13:45:00+00:00,-1,-0.9999999999999494,SL,False
S2-05,ny_or_break,AUDUSD,2019-08-14 15:45:00+00:00,2019-08-14 16:00:00+00:00,2019-08-14 17:15:00+00:00,-1,-0.9999999999999593,SL,False
S2-05,ny_or_break,AUDUSD,2019-08-15 13:45:00+00:00,2019-08-15 14:00:00+00:00,2019-08-15 14:15:00+00:00,1,-0.999999999999933,SL,False
S2-05,ny_or_break,AUDUSD,2019-08-15 14:15:00+00:00,2019-08-15 14:30:00+00:00,2019-08-15 14:30:00+00:00,1,-0.9999999999999573,SL,False
S2-05,ny_or_break,AUDUSD,2019-08-15 16:00:00+00:00,2019-08-15 16:15:00+00:00,2019-08-15 17:00:00+00:00,1,-0.9999999999999439,SL,False
S2-05,ny_or_break,AUDUSD,2019-08-20 14:45:00+00:00,2019-08-20 15:00:00+00:00,2019-08-20 15:15:00+00:00,1,-1.0000000000000684,SL,False
S2-05,ny_or_break,AUDUSD,2019-08-22 14:15:00+00:00,2019-08-22 14:30:00+00:00,2019-08-22 14:45:00+00:00,-1,-1.0000000000000546,SL,False
S2-05,ny_or_break,AUDUSD,2019-08-22 16:15:00+00:00,2019-08-22 16:30:00+00:00,2019-08-22 20:15:00+00:00,-1,-0.015559157212317666,TIME,False
S2-05,ny_or_break,AUDUSD,2019-08-23 12:00:00+00:00,2019-08-23 12:15:00+00:00,2019-08-23 12:15:00+00:00,-1,1.2499999999998588,TP,False
S2-05,ny_or_break,AUDUSD,2019-08-23 12:15:00+00:00,2019-08-23 12:30:00+00:00,2019-08-23 12:30:00+00:00,-1,-0.9999999999998745,SL,True
S2-05,ny_or_break,AUDUSD,2019-08-23 12:30:00+00:00,2019-08-23 12:45:00+00:00,2019-08-23 13:00:00+00:00,-1,-0.9999999999999628,SL,False
S2-05,ny_or_break,AUDUSD,2019-08-23 13:00:00+00:00,2019-08-23 13:15:00+00:00,2019-08-23 13:15:00+00:00,-1,-1.0000000000001004,SL,False
S2-05,ny_or_break,AUDUSD,2019-08-23 13:15:00+00:00,2019-08-23 13:30:00+00:00,2019-08-23 14:00:00+00:00,-1,-1.0000000000000655,SL,False
S2-05,ny_or_break,AUDUSD,2019-08-23 16:00:00+00:00,2019-08-23 16:15:00+00:00,2019-08-23 16:15:00+00:00,-1,0.06316573155909566,FRIDAY,False
S2-05,ny_or_break,AUDUSD,2019-08-23 16:15:00+00:00,2019-08-23 16:30:00+00:00,2019-08-23 16:30:00+00:00,-1,-0.3401853762740093,FRIDAY,False
S2-05,ny_or_break,AUDUSD,2019-08-23 16:45:00+00:00,2019-08-23 17:00:00+00:00,2019-08-23 17:00:00+00:00,-1,-0.3544496001207183,FRIDAY,False
S2-05,ny_or_break,AUDUSD,2019-08-26 16:00:00+00:00,2019-08-26 16:15:00+00:00,2019-08-26 18:00:00+00:00,1,-0.9999999999999719,SL,False
S2-05,ny_or_break,AUDUSD,2019-08-27 12:15:00+00:00,2019-08-27 12:30:00+00:00,2019-08-27 12:45:00+00:00,1,-1.000000000000035,SL,False
S2-05,ny_or_break,AUDUSD,2019-08-27 12:45:00+00:00,2019-08-27 13:00:00+00:00,2019-08-27 13:00:00+00:00,1,-0.9999999999998817,SL,False
S2-05,ny_or_break,AUDUSD,2019-09-02 12:15:00+00:00,2019-09-02 12:30:00+00:00,2019-09-02 14:00:00+00:00,-1,-1.0,SL,False
S2-05,ny_or_break,AUDUSD,2019-09-03 15:00:00+00:00,2019-09-03 15:15:00+00:00,2019-09-03 16:00:00+00:00,1,1.2500000000000315,TP,False
S2-05,ny_or_break,AUDUSD,2019-09-03 16:00:00+00:00,2019-09-03 16:15:00+00:00,2019-09-03 18:00:00+00:00,1,1.2499999999999107,TP,False
S2-05,ny_or_break,AUDUSD,2019-09-04 14:15:00+00:00,2019-09-04 14:30:00+00:00,2019-09-04 14:30:00+00:00,1,-1.0000000000000788,SL,False
S2-05,ny_or_break,AUDUSD,2019-09-04 15:15:00+00:00,2019-09-04 15:30:00+00:00,2019-09-04 19:15:00+00:00,1,-0.7378200094235904,TIME,False
S2-05,ny_or_break,AUDUSD,2019-09-06 12:30:00+00:00,2019-09-06 12:45:00+00:00,2019-09-06 12:45:00+00:00,1,-1.0000000000000646,SL,False
S2-05,ny_or_break,AUDUSD,2019-09-06 12:45:00+00:00,2019-09-06 13:00:00+00:00,2019-09-06 13:30:00+00:00,1,1.2500000000000993,TP,False
S2-05,ny_or_break,AUDUSD,2019-09-06 13:30:00+00:00,2019-09-06 13:45:00+00:00,2019-09-06 14:45:00+00:00,1,1.2499999999999403,TP,False
S2-05,ny_or_break,AUDUSD,2019-09-06 14:45:00+00:00,2019-09-06 15:00:00+00:00,2019-09-06 16:00:00+00:00,1,-0.16600516956454187,FRIDAY,False
S2-05,ny_or_break,AUDUSD,2019-09-06 16:00:00+00:00,2019-09-06 16:15:00+00:00,2019-09-06 16:15:00+00:00,1,-0.40282673390451196,FRIDAY,False
S2-05,ny_or_break,AUDUSD,2019-09-06 16:15:00+00:00,2019-09-06 16:30:00+00:00,2019-09-06 16:30:00+00:00,1,-0.918169381917672,FRIDAY,False
S2-05,ny_or_break,AUDUSD,2019-09-06 16:30:00+00:00,2019-09-06 16:45:00+00:00,2019-09-06 16:45:00+00:00,1,-1.2933053661947211,FRIDAY,False
S2-05,ny_or_break,AUDUSD,2019-09-06 16:45:00+00:00,2019-09-06 17:00:00+00:00,2019-09-06 17:00:00+00:00,1,-0.3926118684396909,FRIDAY,False
S2-05,ny_or_break,AUDUSD,2019-09-09 14:00:00+00:00,2019-09-09 14:15:00+00:00,2019-09-09 14:30:00+00:00,1,-0.999999999999958,SL,False
S2-05,ny_or_break,AUDUSD,2019-09-09 14:45:00+00:00,2019-09-09 15:00:00+00:00,2019-09-09 15:00:00+00:00,1,-1.0000000000001217,SL,False
S2-05,ny_or_break,AUDUSD,2019-09-09 15:15:00+00:00,2019-09-09 15:30:00+00:00,2019-09-09 16:15:00+00:00,1,-1.0000000000001217,SL,False
S2-05,ny_or_break,AUDUSD,2019-09-10 16:00:00+00:00,2019-09-10 16:15:00+00:00,2019-09-10 16:30:00+00:00,1,-1.0,SL,False
S2-05,ny_or_break,AUDUSD,2019-09-12 14:15:00+00:00,2019-09-12 14:30:00+00:00,2019-09-12 14:45:00+00:00,1,-0.9999999999999756,SL,False
S2-05,ny_or_break,AUDUSD,2019-09-13 12:00:00+00:00,2019-09-13 12:15:00+00:00,2019-09-13 12:15:00+00:00,1,-1.0000000000000497,SL,False
S2-05,ny_or_break,AUDUSD,2019-09-13 12:15:00+00:00,2019-09-13 12:30:00+00:00,2019-09-13 12:30:00+00:00,1,-1.0,SL,False
S2-05,ny_or_break,AUDUSD,2019-09-13 13:30:00+00:00,2019-09-13 13:45:00+00:00,2019-09-13 14:00:00+00:00,1,-1.0,SL,False
S2-05,ny_or_break,AUDUSD,2019-09-13 14:15:00+00:00,2019-09-13 14:30:00+00:00,2019-09-13 15:00:00+00:00,1,1.2499999999999691,TP,False
S2-05,ny_or_break,AUDUSD,2019-09-13 15:00:00+00:00,2019-09-13 15:15:00+00:00,2019-09-13 16:00:00+00:00,1,-0.6796146000607612,FRIDAY,False
S2-05,ny_or_break,AUDUSD,2019-09-13 16:00:00+00:00,2019-09-13 16:15:00+00:00,2019-09-13 16:15:00+00:00,1,-0.8347072200113701,FRIDAY,False
S2-05,ny_or_break,AUDUSD,2019-09-13 16:15:00+00:00,2019-09-13 16:30:00+00:00,2019-09-13 16:30:00+00:00,1,-0.022323038666691976,FRIDAY,False
S2-05,ny_or_break,AUDUSD,2019-09-13 16:30:00+00:00,2019-09-13 16:45:00+00:00,2019-09-13 16:45:00+00:00,1,-0.2886169286701828,FRIDAY,False
S2-05,ny_or_break,AUDUSD,2019-09-13 16:45:00+00:00,2019-09-13 17:00:00+00:00,2019-09-13 17:00:00+00:00,1,0.19528787642377904,FRIDAY,False
S2-05,ny_or_break,AUDUSD,2019-09-16 14:00:00+00:00,2019-09-16 14:15:00+00:00,2019-09-16 14:15:00+00:00,-1,-0.9999999999999645,SL,False
S2-05,ny_or_break,AUDUSD,2019-09-16 14:15:00+00:00,2019-09-16 14:30:00+00:00,2019-09-16 15:00:00+00:00,-1,-1.0000000000000355,SL,False
S2-05,ny_or_break,AUDUSD,2019-09-16 15:00:00+00:00,2019-09-16 15:15:00+00:00,2019-09-16 19:00:00+00:00,-1,-0.48755178110394404,TIME,False
S2-05,ny_or_break,AUDUSD,2019-09-20 12:30:00+00:00,2019-09-20 12:45:00+00:00,2019-09-20 13:15:00+00:00,-1,1.25,TP,False
S2-05,ny_or_break,AUDUSD,2019-09-20 13:15:00+00:00,2019-09-20 13:30:00+00:00,2019-09-20 14:00:00+00:00,-1,1.25,TP,False
S2-05,ny_or_break,AUDUSD,2019-09-20 14:00:00+00:00,2019-09-20 14:15:00+00:00,2019-09-20 14:45:00+00:00,-1,-1.000000000000069,SL,False
S2-05,ny_or_break,AUDUSD,2019-09-20 14:45:00+00:00,2019-09-20 15:00:00+00:00,2019-09-20 15:00:00+00:00,-1,-0.9999999999998966,SL,False
S2-05,ny_or_break,AUDUSD,2019-09-20 15:00:00+00:00,2019-09-20 15:15:00+00:00,2019-09-20 15:30:00+00:00,-1,1.250000000000102,TP,False
S2-05,ny_or_break,AUDUSD,2019-09-20 15:30:00+00:00,2019-09-20 15:45:00+00:00,2019-09-20 16:00:00+00:00,-1,-0.5242416916181585,FRIDAY,False
S2-05,ny_or_break,AUDUSD,2019-09-20 16:00:00+00:00,2019-09-20 16:15:00+00:00,2019-09-20 16:15:00+00:00,-1,-0.32466250888134524,FRIDAY,False
S2-05,ny_or_break,AUDUSD,2019-09-20 16:15:00+00:00,2019-09-20 16:30:00+00:00,2019-09-20 16:30:00+00:00,-1,-0.15563208386156785,FRIDAY,False
S2-05,ny_or_break,AUDUSD,2019-09-20 16:30:00+00:00,2019-09-20 16:45:00+00:00,2019-09-20 16:45:00+00:00,-1,0.19905463173951526,FRIDAY,False
S2-05,ny_or_break,AUDUSD,2019-09-20 16:45:00+00:00,2019-09-20 17:00:00+00:00,2019-09-20 17:00:00+00:00,-1,1.1016200582361104,FRIDAY,False
S2-05,ny_or_break,AUDUSD,2019-09-25 12:00:00+00:00,2019-09-25 12:15:00+00:00,2019-09-25 12:15:00+00:00,-1,-1.0000000000001028,SL,False
S2-05,ny_or_break,AUDUSD,2019-09-25 12:15:00+00:00,2019-09-25 12:30:00+00:00,2019-09-25 13:15:00+00:00,-1,1.2499999999999518,TP,False
S2-05,ny_or_break,AUDUSD,2019-09-25 13:15:00+00:00,2019-09-25 13:30:00+00:00,2019-09-25 13:45:00+00:00,-1,-1.0,SL,False
S2-05,ny_or_break,AUDUSD,2019-09-25 13:45:00+00:00,2019-09-25 14:00:00+00:00,2019-09-25 14:15:00+00:00,-1,1.250000000000117,TP,False
S2-05,ny_or_break,AUDUSD,2019-09-25 14:15:00+00:00,2019-09-25 14:30:00+00:00,2019-09-25 14:45:00+00:00,-1,-0.9999999999999662,SL,False
S2-05,ny_or_break,AUDUSD,2019-09-25 14:45:00+00:00,2019-09-25 15:00:00+00:00,2019-09-25 18:15:00+00:00,-1,-1.0000000000000577,SL,False
S2-05,ny_or_break,AUDUSD,2019-09-26 16:45:00+00:00,2019-09-26 17:00:00+00:00,2019-09-26 17:30:00+00:00,-1,-1.0000000000000722,SL,False
S2-05,ny_or_break,AUDUSD,2019-09-30 15:00:00+00:00,2019-09-30 15:15:00+00:00,2019-09-30 16:15:00+00:00,-1,-1.0000000000000753,SL,False
S2-05,ny_or_break,AUDUSD,2019-10-01 12:15:00+00:00,2019-10-01 12:30:00+00:00,2019-10-01 13:00:00+00:00,-1,1.25,TP,False
S2-05,ny_or_break,AUDUSD,2019-10-01 13:00:00+00:00,2019-10-01 13:15:00+00:00,2019-10-01 13:15:00+00:00,-1,1.25,TP,False
S2-05,ny_or_break,AUDUSD,2019-10-01 13:15:00+00:00,2019-10-01 13:30:00+00:00,2019-10-01 13:45:00+00:00,-1,1.2499999999999332,TP,False
S2-05,ny_or_break,AUDUSD,2019-10-01 13:45:00+00:00,2019-10-01 14:00:00+00:00,2019-10-01 14:00:00+00:00,-1,-1.0000000000000315,SL,False
S2-05,ny_or_break,AUDUSD,2019-10-01 14:00:00+00:00,2019-10-01 14:15:00+00:00,2019-10-01 14:30:00+00:00,-1,-1.0000000000000775,SL,False
S2-05,ny_or_break,AUDUSD,2019-10-01 14:30:00+00:00,2019-10-01 14:45:00+00:00,2019-10-01 15:00:00+00:00,-1,-1.0,SL,False
S2-05,ny_or_break,AUDUSD,2019-10-03 14:00:00+00:00,2019-10-03 14:15:00+00:00,2019-10-03 14:30:00+00:00,1,1.2499999999999036,TP,False
S2-05,ny_or_break,AUDUSD,2019-10-03 14:30:00+00:00,2019-10-03 14:45:00+00:00,2019-10-03 18:30:00+00:00,1,-0.32433261736729063,TIME,False
S2-05,ny_or_break,AUDUSD,2019-10-04 13:45:00+00:00,2019-10-04 14:00:00+00:00,2019-10-04 14:45:00+00:00,1,-0.9999999999999479,SL,False
S2-05,ny_or_break,AUDUSD,2019-10-04 15:00:00+00:00,2019-10-04 15:15:00+00:00,2019-10-04 16:00:00+00:00,1,-0.6569675641346843,FRIDAY,False
S2-05,ny_or_break,AUDUSD,2019-10-04 16:15:00+00:00,2019-10-04 16:30:00+00:00,2019-10-04 16:30:00+00:00,1,0.24041762464174354,FRIDAY,False
S2-05,ny_or_break,AUDUSD,2019-10-04 16:30:00+00:00,2019-10-04 16:45:00+00:00,2019-10-04 16:45:00+00:00,1,-0.5199931880108991,FRIDAY,False
S2-05,ny_or_break,AUDUSD,2019-10-04 16:45:00+00:00,2019-10-04 17:00:00+00:00,2019-10-04 17:00:00+00:00,1,0.061097181131191496,FRIDAY,False
S2-05,ny_or_break,AUDUSD,2019-10-08 15:00:00+00:00,2019-10-08 15:15:00+00:00,2019-10-08 16:45:00+00:00,-1,-0.999999999999943,SL,False
S2-05,ny_or_break,AUDUSD,2019-10-08 16:45:00+00:00,2019-10-08 17:00:00+00:00,2019-10-08 18:30:00+00:00,-1,-1.0,SL,False
S2-05,ny_or_break,AUDUSD,2019-10-09 14:30:00+00:00,2019-10-09 14:45:00+00:00,2019-10-09 14:45:00+00:00,-1,1.2499999999998808,TP,False
S2-05,ny_or_break,AUDUSD,2019-10-09 14:45:00+00:00,2019-10-09 15:00:00+00:00,2019-10-09 15:15:00+00:00,-1,-0.9999999999998803,SL,False
S2-05,ny_or_break,AUDUSD,2019-10-09 15:15:00+00:00,2019-10-09 15:30:00+00:00,2019-10-09 17:00:00+00:00,-1,-1.0,SL,False
S2-05,ny_or_break,AUDUSD,2019-10-10 16:00:00+00:00,2019-10-10 16:15:00+00:00,2019-10-10 17:30:00+00:00,1,-1.000000000000025,SL,False
S2-05,ny_or_break,AUDUSD,2019-10-11 15:00:00+00:00,2019-10-11 15:15:00+00:00,2019-10-11 16:00:00+00:00,1,-0.5798024298292702,FRIDAY,False
S2-05,ny_or_break,AUDUSD,2019-10-15 13:15:00+00:00,2019-10-15 13:30:00+00:00,2019-10-15 13:30:00+00:00,-1,1.2500000000000315,TP,False
S2-05,ny_or_break,AUDUSD,2019-10-15 13:30:00+00:00,2019-10-15 13:45:00+00:00,2019-10-15 14:15:00+00:00,-1,-0.9999999999999702,SL,False
S2-05,ny_or_break,AUDUSD,2019-10-15 16:00:00+00:00,2019-10-15 16:15:00+00:00,2019-10-15 16:45:00+00:00,-1,-1.0000000000000533,SL,False
S2-05,ny_or_break,AUDUSD,2019-10-16 12:00:00+00:00,2019-10-16 12:15:00+00:00,2019-10-16 12:15:00+00:00,-1,-1.0000000000001097,SL,False
S2-05,ny_or_break,AUDUSD,2019-10-16 12:15:00+00:00,2019-10-16 12:30:00+00:00,2019-10-16 12:30:00+00:00,-1,-0.999999999999898,SL,False
S2-05,ny_or_break,AUDUSD,2019-10-16 13:15:00+00:00,2019-10-16 13:30:00+00:00,2019-10-16 13:45:00+00:00,-1,-1.0000000000001004,SL,False
S2-05,ny_or_break,AUDUSD,2019-10-18 13:00:00+00:00,2019-10-18 13:15:00+00:00,2019-10-18 13:30:00+00:00,1,-1.0000000000000902,SL,False
S2-05,ny_or_break,AUDUSD,2019-10-18 13:30:00+00:00,2019-10-18 13:45:00+00:00,2019-10-18 14:00:00+00:00,1,-1.0000000000000413,SL,False
S2-05,ny_or_break,AUDUSD,2019-10-18 14:00:00+00:00,2019-10-18 14:15:00+00:00,2019-10-18 14:45:00+00:00,1,-1.0000000000000848,SL,False
S2-05,ny_or_break,AUDUSD,2019-10-18 14:45:00+00:00,2019-10-18 15:00:00+00:00,2019-10-18 15:00:00+00:00,1,-1.000000000000039,SL,False
S2-05,ny_or_break,AUDUSD,2019-10-18 15:00:00+00:00,2019-10-18 15:15:00+00:00,2019-10-18 15:30:00+00:00,1,1.2500000000000384,TP,False
S2-05,ny_or_break,AUDUSD,2019-10-18 15:30:00+00:00,2019-10-18 15:45:00+00:00,2019-10-18 15:45:00+00:00,1,-0.999999999999927,SL,False
S2-05,ny_or_break,AUDUSD,2019-10-18 16:45:00+00:00,2019-10-18 17:00:00+00:00,2019-10-18 17:00:00+00:00,1,0.4025669834136309,FRIDAY,False
S2-05,ny_or_break,AUDUSD,2019-10-24 14:00:00+00:00,2019-10-24 14:15:00+00:00,2019-10-24 14:30:00+00:00,-1,-0.9999999999999394,SL,False
S2-05,ny_or_break,AUDUSD,2019-10-24 14:30:00+00:00,2019-10-24 14:45:00+00:00,2019-10-24 15:15:00+00:00,-1,1.2500000000000882,TP,False
S2-05,ny_or_break,AUDUSD,2019-10-24 15:15:00+00:00,2019-10-24 15:30:00+00:00,2019-10-24 16:15:00+00:00,-1,1.2500000000000813,TP,False
S2-05,ny_or_break,AUDUSD,2019-10-24 16:15:00+00:00,2019-10-24 16:30:00+00:00,2019-10-24 18:30:00+00:00,-1,-1.0000000000000842,SL,False
S2-05,ny_or_break,AUDUSD,2019-10-29 14:30:00+00:00,2019-10-29 14:45:00+00:00,2019-10-29 15:00:00+00:00,1,1.2500000000000666,TP,False
S2-05,ny_or_break,AUDUSD,2019-10-29 15:00:00+00:00,2019-10-29 15:15:00+00:00,2019-10-29 15:30:00+00:00,1,-1.0000000000000338,SL,False
S2-05,ny_or_break,AUDUSD,2019-10-29 15:30:00+00:00,2019-10-29 15:45:00+00:00,2019-10-29 16:00:00+00:00,1,-0.9999999999999335,SL,False
S2-05,ny_or_break,AUDUSD,2019-10-29 16:00:00+00:00,2019-10-29 16:15:00+00:00,2019-10-29 17:00:00+00:00,1,-1.0000000000000335,SL,False
S2-05,ny_or_break,AUDUSD,2019-11-01 15:00:00+00:00,2019-11-01 15:15:00+00:00,2019-11-01 15:30:00+00:00,1,-1.000000000000065,SL,False
S2-05,ny_or_break,AUDUSD,2019-11-01 15:45:00+00:00,2019-11-01 16:00:00+00:00,2019-11-01 16:00:00+00:00,1,-0.3925153469924352,FRIDAY,False
S2-05,ny_or_break,AUDUSD,2019-11-01 16:30:00+00:00,2019-11-01 16:45:00+00:00,2019-11-01 16:45:00+00:00,1,-0.1491224172406132,FRIDAY,False
S2-05,ny_or_break,AUDUSD,2019-11-01 16:45:00+00:00,2019-11-01 17:00:00+00:00,2019-11-01 17:00:00+00:00,1,-0.8388098033964415,FRIDAY,False
S2-05,ny_or_break,AUDUSD,2019-11-06 16:45:00+00:00,2019-11-06 17:00:00+00:00,2019-11-06 17:45:00+00:00,-1,1.25,TP,False
S2-05,ny_or_break,AUDUSD,2019-11-08 14:15:00+00:00,2019-11-08 14:30:00+00:00,2019-11-08 14:45:00+00:00,-1,-0.99999999999992,SL,False
S2-05,ny_or_break,AUDUSD,2019-11-08 14:45:00+00:00,2019-11-08 15:00:00+00:00,2019-11-08 15:00:00+00:00,-1,-0.9999999999998945,SL,False
S2-05,ny_or_break,AUDUSD,2019-11-08 15:00:00+00:00,2019-11-08 15:15:00+00:00,2019-11-08 15:30:00+00:00,-1,-1.0,SL,False
S2-05,ny_or_break,AUDUSD,2019-11-08 15:45:00+00:00,2019-11-08 16:00:00+00:00,2019-11-08 16:00:00+00:00,-1,0.8798377969041357,FRIDAY,False
S2-05,ny_or_break,AUDUSD,2019-11-08 16:00:00+00:00,2019-11-08 16:15:00+00:00,2019-11-08 16:15:00+00:00,-1,0.10814750036437837,FRIDAY,False
S2-05,ny_or_break,AUDUSD,2019-11-08 16:15:00+00:00,2019-11-08 16:30:00+00:00,2019-11-08 16:30:00+00:00,-1,-0.5507700220870776,FRIDAY,False
S2-05,ny_or_break,AUDUSD,2019-11-08 16:30:00+00:00,2019-11-08 16:45:00+00:00,2019-11-08 16:45:00+00:00,-1,-0.0,FRIDAY,False
S2-05,ny_or_break,AUDUSD,2019-11-08 16:45:00+00:00,2019-11-08 17:00:00+00:00,2019-11-08 17:00:00+00:00,-1,0.33061122322867287,FRIDAY,False
S2-05,ny_or_break,AUDUSD,2019-11-11 12:30:00+00:00,2019-11-11 12:45:00+00:00,2019-11-11 12:45:00+00:00,-1,-1.0,SL,False
S2-05,ny_or_break,AUDUSD,2019-11-11 14:45:00+00:00,2019-11-11 15:00:00+00:00,2019-11-11 18:30:00+00:00,-1,-0.999999999999875,SL,False
S2-05,ny_or_break,AUDUSD,2019-11-12 15:30:00+00:00,2019-11-12 15:45:00+00:00,2019-11-12 15:45:00+00:00,-1,-1.0000000000000717,SL,False
S2-05,ny_or_break,AUDUSD,2019-11-13 12:30:00+00:00,2019-11-13 12:45:00+00:00,2019-11-13 13:00:00+00:00,-1,-0.9999999999999608,SL,False
S2-05,ny_or_break,AUDUSD,2019-11-13 14:15:00+00:00,2019-11-13 14:30:00+00:00,2019-11-13 14:30:00+00:00,-1,-1.0000000000001295,SL,False
S2-05,ny_or_break,AUDUSD,2019-11-14 13:15:00+00:00,2019-11-14 13:30:00+00:00,2019-11-14 15:00:00+00:00,-1,1.25,TP,False
S2-05,ny_or_break,AUDUSD,2019-11-14 15:00:00+00:00,2019-11-14 15:15:00+00:00,2019-11-14 15:15:00+00:00,-1,-0.9999999999999228,SL,False
S2-05,ny_or_break,AUDUSD,2019-11-14 15:15:00+00:00,2019-11-14 15:30:00+00:00,2019-11-14 15:30:00+00:00,-1,-0.9999999999998874,SL,False
S2-05,ny_or_break,AUDUSD,2019-11-14 15:30:00+00:00,2019-11-14 15:45:00+00:00,2019-11-14 16:45:00+00:00,-1,-1.0000000000001097,SL,False
S2-05,ny_or_break,AUDUSD,2019-11-14 16:45:00+00:00,2019-11-14 17:00:00+00:00,2019-11-14 17:45:00+00:00,-1,-1.000000000000108,SL,False
S2-05,ny_or_break,AUDUSD,2019-11-18 16:30:00+00:00,2019-11-18 16:45:00+00:00,2019-11-18 17:15:00+00:00,1,-0.9999999999999272,SL,False
S2-05,ny_or_break,AUDUSD,2019-11-19 13:15:00+00:00,2019-11-19 13:30:00+00:00,2019-11-19 14:15:00+00:00,1,-1.000000000000042,SL,False
S2-05,ny_or_break,AUDUSD,2019-11-19 14:15:00+00:00,2019-11-19 14:30:00+00:00,2019-11-19 15:00:00+00:00,1,-1.0000000000000393,SL,False
S2-05,ny_or_break,AUDUSD,2019-11-19 15:00:00+00:00,2019-11-19 15:15:00+00:00,2019-11-19 15:30:00+00:00,1,-1.0000000000000415,SL,False
S2-05,ny_or_break,AUDUSD,2019-11-19 15:30:00+00:00,2019-11-19 15:45:00+00:00,2019-11-19 16:30:00+00:00,1,1.2500000000000773,TP,False
S2-05,ny_or_break,AUDUSD,2019-11-19 16:30:00+00:00,2019-11-19 16:45:00+00:00,2019-11-19 17:00:00+00:00,1,-0.9999999999999314,SL,False
S2-05,ny_or_break,AUDUSD,2019-11-21 16:15:00+00:00,2019-11-21 16:30:00+00:00,2019-11-21 20:15:00+00:00,-1,0.8514677862646906,TIME,False
S2-05,ny_or_break,AUDUSD,2019-11-22 15:30:00+00:00,2019-11-22 15:45:00+00:00,2019-11-22 16:00:00+00:00,-1,-0.6792549346677788,FRIDAY,False
S2-05,ny_or_break,AUDUSD,2019-11-25 12:45:00+00:00,2019-11-25 13:00:00+00:00,2019-11-25 13:15:00+00:00,-1,1.25,TP,False
S2-05,ny_or_break,AUDUSD,2019-11-25 13:15:00+00:00,2019-11-25 13:30:00+00:00,2019-11-25 13:30:00+00:00,-1,-0.9999999999998606,SL,False
S2-05,ny_or_break,AUDUSD,2019-11-25 13:30:00+00:00,2019-11-25 13:45:00+00:00,2019-11-25 13:45:00+00:00,-1,-1.0,SL,False
S2-05,ny_or_break,AUDUSD,2019-11-25 13:45:00+00:00,2019-11-25 14:00:00+00:00,2019-11-25 14:00:00+00:00,-1,1.2499999999999172,TP,False
S2-05,ny_or_break,AUDUSD,2019-11-25 14:00:00+00:00,2019-11-25 14:15:00+00:00,2019-11-25 14:30:00+00:00,-1,1.2499999999998834,TP,False
S2-05,ny_or_break,AUDUSD,2019-11-25 14:30:00+00:00,2019-11-25 14:45:00+00:00,2019-11-25 14:45:00+00:00,-1,-0.9999999999999629,SL,False
S2-05,ny_or_break,AUDUSD,2019-11-25 14:45:00+00:00,2019-11-25 15:00:00+00:00,2019-11-25 15:45:00+00:00,-1,1.250000000000105,TP,False
S2-05,ny_or_break,AUDUSD,2019-11-25 15:45:00+00:00,2019-11-25 16:00:00+00:00,2019-11-25 19:30:00+00:00,-1,-0.9999999999999668,SL,False
S2-05,ny_or_break,AUDUSD,2019-11-29 14:00:00+00:00,2019-11-29 14:15:00+00:00,2019-11-29 14:45:00+00:00,-1,-1.0000000000001121,SL,False
S2-05,ny_or_break,AUDUSD,2019-11-29 14:45:00+00:00,2019-11-29 15:00:00+00:00,2019-11-29 15:30:00+00:00,-1,-1.0000000000000537,SL,False
S2-05,ny_or_break,AUDUSD,2019-11-29 15:30:00+00:00,2019-11-29 15:45:00+00:00,2019-11-29 16:00:00+00:00,-1,1.9742218146619797,FRIDAY,False
S2-05,ny_or_break,AUDUSD,2019-11-29 16:00:00+00:00,2019-11-29 16:15:00+00:00,2019-11-29 16:15:00+00:00,-1,0.7368189898567395,FRIDAY,False
S2-05,ny_or_break,AUDUSD,2019-11-29 16:15:00+00:00,2019-11-29 16:30:00+00:00,2019-11-29 16:30:00+00:00,-1,-1.1802526058599832,FRIDAY,False
S2-05,ny_or_break,AUDUSD,2019-11-29 16:30:00+00:00,2019-11-29 16:45:00+00:00,2019-11-29 16:45:00+00:00,-1,-0.7871206198024024,FRIDAY,False
S2-05,ny_or_break,AUDUSD,2019-11-29 16:45:00+00:00,2019-11-29 17:00:00+00:00,2019-11-29 17:00:00+00:00,-1,-0.32943981407276807,FRIDAY,False
S2-05,ny_or_break,AUDUSD,2019-12-02 13:30:00+00:00,2019-12-02 13:45:00+00:00,2019-12-02 14:00:00+00:00,1,1.2500000000000613,TP,False
S2-05,ny_or_break,AUDUSD,2019-12-02 14:00:00+00:00,2019-12-02 14:15:00+00:00,2019-12-02 15:00:00+00:00,1,1.249999999999838,TP,False
S2-05,ny_or_break,AUDUSD,2019-12-02 15:00:00+00:00,2019-12-02 15:15:00+00:00,2019-12-02 15:15:00+00:00,1,1.2500000000001241,TP,False
S2-05,ny_or_break,AUDUSD,2019-12-02 15:15:00+00:00,2019-12-02 15:30:00+00:00,2019-12-02 15:30:00+00:00,1,-1.0,SL,False
S2-05,ny_or_break,AUDUSD,2019-12-02 15:30:00+00:00,2019-12-02 15:45:00+00:00,2019-12-02 16:00:00+00:00,1,1.2500000000000666,TP,False
S2-05,ny_or_break,AUDUSD,2019-12-02 16:00:00+00:00,2019-12-02 16:15:00+00:00,2019-12-02 20:00:00+00:00,1,0.13085884584123544,TIME,False
S2-05,ny_or_break,AUDUSD,2019-12-04 12:15:00+00:00,2019-12-04 12:30:00+00:00,2019-12-04 13:00:00+00:00,1,1.25,TP,False
S2-05,ny_or_break,AUDUSD,2019-12-04 13:00:00+00:00,2019-12-04 13:15:00+00:00,2019-12-04 13:45:00+00:00,1,1.25,TP,False
S2-05,ny_or_break,AUDUSD,2019-12-04 13:45:00+00:00,2019-12-04 14:00:00+00:00,2019-12-04 15:00:00+00:00,1,-1.0,SL,True
S2-05,ny_or_break,AUDUSD,2019-12-04 15:00:00+00:00,2019-12-04 15:15:00+00:00,2019-12-04 15:15:00+00:00,1,-1.0000000000000722,SL,False
S2-05,ny_or_break,AUDUSD,2019-12-04 15:15:00+00:00,2019-12-04 15:30:00+00:00,2019-12-04 15:45:00+00:00,1,1.2500000000000333,TP,False
S2-05,ny_or_break,AUDUSD,2019-12-04 15:45:00+00:00,2019-12-04 16:00:00+00:00,2019-12-04 19:45:00+00:00,1,-0.13487033590502503,TIME,False
S2-05,ny_or_break,AUDUSD,2019-12-06 12:00:00+00:00,2019-12-06 12:15:00+00:00,2019-12-06 12:45:00+00:00,1,-0.9999999999999193,SL,False
S2-05,ny_or_break,AUDUSD,2019-12-06 13:00:00+00:00,2019-12-06 13:15:00+00:00,2019-12-06 13:15:00+00:00,1,-0.999999999999919,SL,True
S2-05,ny_or_break,AUDUSD,2019-12-06 13:15:00+00:00,2019-12-06 13:30:00+00:00,2019-12-06 13:30:00+00:00,1,-0.9999999999997976,SL,False
S2-05,ny_or_break,AUDUSD,2019-12-10 12:30:00+00:00,2019-12-10 12:45:00+00:00,2019-12-10 12:45:00+00:00,-1,1.250000000000109,TP,False
S2-05,ny_or_break,AUDUSD,2019-12-10 12:45:00+00:00,2019-12-10 13:00:00+00:00,2019-12-10 13:00:00+00:00,-1,-0.9999999999998928,SL,False
S2-05,ny_or_break,AUDUSD,2019-12-10 13:00:00+00:00,2019-12-10 13:15:00+00:00,2019-12-10 13:30:00+00:00,-1,-0.9999999999998938,SL,False
S2-05,ny_or_break,AUDUSD,2019-12-10 13:45:00+00:00,2019-12-10 14:00:00+00:00,2019-12-10 15:00:00+00:00,-1,-0.9999999999999181,SL,False
S2-05,ny_or_break,AUDUSD,2019-12-10 15:15:00+00:00,2019-12-10 15:30:00+00:00,2019-12-10 15:45:00+00:00,-1,-1.0000000000001021,SL,False
S2-05,ny_or_break,AUDUSD,2019-12-10 15:45:00+00:00,2019-12-10 16:00:00+00:00,2019-12-10 16:00:00+00:00,-1,-1.0000000000000637,SL,False
S2-05,ny_or_break,AUDUSD,2019-12-11 13:15:00+00:00,2019-12-11 13:30:00+00:00,2019-12-11 13:30:00+00:00,1,-1.0000000000001188,SL,False
S2-05,ny_or_break,AUDUSD,2019-12-11 13:30:00+00:00,2019-12-11 13:45:00+00:00,2019-12-11 14:30:00+00:00,1,1.25,TP,False
S2-05,ny_or_break,AUDUSD,2019-12-11 14:30:00+00:00,2019-12-11 14:45:00+00:00,2019-12-11 14:45:00+00:00,1,-0.9999999999999022,SL,False
S2-05,ny_or_break,AUDUSD,2019-12-11 14:45:00+00:00,2019-12-11 15:00:00+00:00,2019-12-11 15:15:00+00:00,1,1.2499999999999554,TP,False
S2-05,ny_or_break,AUDUSD,2019-12-11 15:15:00+00:00,2019-12-11 15:30:00+00:00,2019-12-11 16:00:00+00:00,1,1.2499999999999578,TP,False
S2-05,ny_or_break,AUDUSD,2019-12-11 16:00:00+00:00,2019-12-11 16:15:00+00:00,2019-12-11 16:15:00+00:00,1,1.2500000000000362,TP,False
S2-05,ny_or_break,AUDUSD,2019-12-11 16:15:00+00:00,2019-12-11 16:30:00+00:00,2019-12-11 19:00:00+00:00,1,-0.9999999999998985,SL,True
S2-05,ny_or_break,AUDUSD,2019-12-12 13:45:00+00:00,2019-12-12 14:00:00+00:00,2019-12-12 14:00:00+00:00,1,-1.0000000000001148,SL,False
S2-05,ny_or_break,AUDUSD,2019-12-12 14:00:00+00:00,2019-12-12 14:15:00+00:00,2019-12-12 14:30:00+00:00,1,1.25000000000011,TP,False
S2-05,ny_or_break,AUDUSD,2019-12-12 14:30:00+00:00,2019-12-12 14:45:00+00:00,2019-12-12 14:45:00+00:00,1,-0.9999999999998984,SL,False
S2-05,ny_or_break,AUDUSD,2019-12-12 15:00:00+00:00,2019-12-12 15:15:00+00:00,2019-12-12 16:45:00+00:00,1,-0.9999999999999728,SL,False
S2-05,ny_or_break,AUDUSD,2019-12-12 16:45:00+00:00,2019-12-12 17:00:00+00:00,2019-12-12 18:00:00+00:00,1,-0.9999999999999558,SL,False
S2-05,ny_or_break,AUDUSD,2019-12-16 16:00:00+00:00,2019-12-16 16:15:00+00:00,2019-12-16 16:15:00+00:00,1,-0.9999999999999141,SL,False
S2-05,ny_or_break,AUDUSD,2019-12-17 13:30:00+00:00,2019-12-17 13:45:00+00:00,2019-12-17 14:30:00+00:00,-1,-1.0,SL,False
S2-05,ny_or_break,AUDUSD,2019-12-19 16:45:00+00:00,2019-12-19 17:00:00+00:00,2019-12-19 17:00:00+00:00,1,-1.0,SL,False
S2-05,ny_or_break,AUDUSD,2019-12-20 12:00:00+00:00,2019-12-20 12:15:00+00:00,2019-12-20 12:30:00+00:00,1,-0.9999999999998901,SL,False
S2-05,ny_or_break,AUDUSD,2019-12-20 14:00:00+00:00,2019-12-20 14:15:00+00:00,2019-12-20 15:15:00+00:00,1,1.25,TP,False
S2-05,ny_or_break,AUDUSD,2019-12-20 15:15:00+00:00,2019-12-20 15:30:00+00:00,2019-12-20 15:45:00+00:00,1,-0.9999999999999527,SL,False
S2-05,ny_or_break,AUDUSD,2019-12-20 15:45:00+00:00,2019-12-20 16:00:00+00:00,2019-12-20 16:00:00+00:00,1,-0.8443769278938702,FRIDAY,False
S2-05,ny_or_break,AUDUSD,2019-12-20 16:00:00+00:00,2019-12-20 16:15:00+00:00,2019-12-20 16:15:00+00:00,1,-0.33656886616793186,FRIDAY,False
S2-05,ny_or_break,AUDUSD,2019-12-20 16:15:00+00:00,2019-12-20 16:30:00+00:00,2019-12-20 16:30:00+00:00,1,-0.43910217637549354,FRIDAY,False
S2-05,ny_or_break,AUDUSD,2019-12-20 16:30:00+00:00,2019-12-20 16:45:00+00:00,2019-12-20 16:45:00+00:00,1,-0.33332969444232174,FRIDAY,False
S2-05,ny_or_break,AUDUSD,2019-12-20 16:45:00+00:00,2019-12-20 17:00:00+00:00,2019-12-20 17:00:00+00:00,1,0.3315057487487379,FRIDAY,False
S2-05,ny_or_break,AUDUSD,2019-12-24 15:30:00+00:00,2019-12-24 15:45:00+00:00,2019-12-24 16:15:00+00:00,1,1.2500000000001137,TP,False
S2-05,ny_or_break,AUDUSD,2019-12-24 16:15:00+00:00,2019-12-24 16:30:00+00:00,2019-12-24 16:30:00+00:00,1,-0.9999999999998873,SL,False
S2-05,ny_or_break,AUDUSD,2019-12-24 16:30:00+00:00,2019-12-24 16:45:00+00:00,2019-12-24 16:45:00+00:00,1,-1.0,SL,False
S2-05,ny_or_break,AUDUSD,2019-12-26 13:45:00+00:00,2019-12-26 14:00:00+00:00,2019-12-26 14:00:00+00:00,1,-0.9999999999999143,SL,False
S2-05,ny_or_break,AUDUSD,2019-12-26 14:00:00+00:00,2019-12-26 14:15:00+00:00,2019-12-26 14:30:00+00:00,1,1.250000000000082,TP,False
S2-05,ny_or_break,AUDUSD,2019-12-26 14:30:00+00:00,2019-12-26 14:45:00+00:00,2019-12-26 14:45:00+00:00,1,-1.000000000000076,SL,False
S2-05,ny_or_break,AUDUSD,2019-12-26 14:45:00+00:00,2019-12-26 15:00:00+00:00,2019-12-26 15:00:00+00:00,1,1.2500000000000737,TP,False
S2-05,ny_or_break,AUDUSD,2019-12-26 15:00:00+00:00,2019-12-26 15:15:00+00:00,2019-12-26 18:15:00+00:00,1,1.2499999999999345,TP,False
S2-05,ny_or_break,AUDUSD,2019-12-27 15:15:00+00:00,2019-12-27 15:30:00+00:00,2019-12-27 16:00:00+00:00,1,0.8214458458905385,FRIDAY,False
S2-05,ny_or_break,AUDUSD,2019-12-27 16:00:00+00:00,2019-12-27 16:15:00+00:00,2019-12-27 16:15:00+00:00,1,-1.0170154423437725,FRIDAY,False
S2-05,ny_or_break,AUDUSD,2019-12-27 16:15:00+00:00,2019-12-27 16:30:00+00:00,2019-12-27 16:30:00+00:00,1,-0.4963967443182232,FRIDAY,False
S2-05,ny_or_break,AUDUSD,2019-12-27 16:30:00+00:00,2019-12-27 16:45:00+00:00,2019-12-27 16:45:00+00:00,1,-0.37988564036983136,FRIDAY,False
S2-05,ny_or_break,AUDUSD,2019-12-27 16:45:00+00:00,2019-12-27 17:00:00+00:00,2019-12-27 17:00:00+00:00,1,-0.14367917102880154,FRIDAY,False
S2-05,ny_or_break,AUDUSD,2019-12-30 13:45:00+00:00,2019-12-30 14:00:00+00:00,2019-12-30 14:45:00+00:00,1,-1.000000000000053,SL,False
S2-05,ny_or_break,AUDUSD,2019-12-30 15:00:00+00:00,2019-12-30 15:15:00+00:00,2019-12-30 15:15:00+00:00,1,-1.0000000000000993,SL,False
S2-05,ny_or_break,AUDUSD,2019-12-30 16:00:00+00:00,2019-12-30 16:15:00+00:00,2019-12-30 19:45:00+00:00,1,-0.999999999999965,SL,False
S2-05,ny_or_break,AUDUSD,2019-12-31 12:30:00+00:00,2019-12-31 12:45:00+00:00,2019-12-31 13:00:00+00:00,1,1.24999999999982,TP,False
S2-05,ny_or_break,AUDUSD,2019-12-31 13:00:00+00:00,2019-12-31 13:15:00+00:00,2019-12-31 13:15:00+00:00,1,-0.99999999999983,SL,False
S2-05,ny_or_break,AUDUSD,2019-12-31 13:15:00+00:00,2019-12-31 13:30:00+00:00,2019-12-31 13:45:00+00:00,1,1.2499999999998859,TP,False
S2-05,ny_or_break,AUDUSD,2019-12-31 13:45:00+00:00,2019-12-31 14:00:00+00:00,2019-12-31 14:00:00+00:00,1,-0.9999999999999474,SL,False
S2-05,ny_or_break,AUDUSD,2019-12-31 14:00:00+00:00,2019-12-31 14:15:00+00:00,2019-12-31 14:15:00+00:00,1,-1.0000000000001437,SL,False
S2-05,ny_or_break,AUDUSD,2019-12-31 14:15:00+00:00,2019-12-31 14:30:00+00:00,2019-12-31 14:30:00+00:00,1,-0.999999999999905,SL,False
S2-05,ny_or_break,AUDUSD,2019-12-31 14:30:00+00:00,2019-12-31 14:45:00+00:00,2019-12-31 14:45:00+00:00,1,-0.9999999999998612,SL,False
S2-05,ny_or_break,AUDUSD,2019-12-31 14:45:00+00:00,2019-12-31 15:00:00+00:00,2019-12-31 15:15:00+00:00,1,1.249999999999913,TP,False
S2-05,ny_or_break,AUDUSD,2019-12-31 15:15:00+00:00,2019-12-31 15:30:00+00:00,2019-12-31 15:45:00+00:00,1,-1.0,SL,False
S2-05,ny_or_break,AUDUSD,2019-12-31 15:45:00+00:00,2019-12-31 16:00:00+00:00,2019-12-31 16:00:00+00:00,1,-0.9999999999999349,SL,False
S2-05,ny_or_break,AUDUSD,2019-12-31 16:00:00+00:00,2019-12-31 16:15:00+00:00,2019-12-31 18:15:00+00:00,1,-1.0,SL,False
S2-05,ny_or_break,AUDUSD,2020-01-06 14:15:00+00:00,2020-01-06 14:30:00+00:00,2020-01-06 14:45:00+00:00,-1,1.25000000000007,TP,False
S2-05,ny_or_break,AUDUSD,2020-01-06 14:45:00+00:00,2020-01-06 15:00:00+00:00,2020-01-06 15:15:00+00:00,-1,-0.9999999999999338,SL,False
S2-05,ny_or_break,AUDUSD,2020-01-06 15:15:00+00:00,2020-01-06 15:30:00+00:00,2020-01-06 18:15:00+00:00,-1,-0.9999999999999366,SL,False
S2-05,ny_or_break,AUDUSD,2020-01-07 13:45:00+00:00,2020-01-07 14:00:00+00:00,2020-01-07 15:00:00+00:00,-1,-1.0000000000000282,SL,False
S2-05,ny_or_break,AUDUSD,2020-01-07 15:15:00+00:00,2020-01-07 15:30:00+00:00,2020-01-07 16:00:00+00:00,-1,-1.0,SL,False
S2-05,ny_or_break,AUDUSD,2020-01-07 16:00:00+00:00,2020-01-07 16:15:00+00:00,2020-01-07 20:00:00+00:00,-1,-0.7752262391170899,TIME,False
S2-05,ny_or_break,AUDUSD,2020-01-08 12:30:00+00:00,2020-01-08 12:45:00+00:00,2020-01-08 13:00:00+00:00,-1,-0.9999999999999339,SL,False
S2-05,ny_or_break,AUDUSD,2020-01-08 13:00:00+00:00,2020-01-08 13:15:00+00:00,2020-01-08 13:45:00+00:00,-1,-0.9999999999999037,SL,False
S2-05,ny_or_break,AUDUSD,2020-01-08 14:30:00+00:00,2020-01-08 14:45:00+00:00,2020-01-08 15:30:00+00:00,-1,1.2500000000000877,TP,False
S2-05,ny_or_break,AUDUSD,2020-01-08 15:30:00+00:00,2020-01-08 15:45:00+00:00,2020-01-08 16:30:00+00:00,-1,-0.9999999999999729,SL,False
S2-05,ny_or_break,AUDUSD,2020-01-09 15:45:00+00:00,2020-01-09 16:00:00+00:00,2020-01-09 19:45:00+00:00,-1,0.3565042425162772,TIME,False
S2-05,ny_or_break,AUDUSD,2020-01-10 15:00:00+00:00,2020-01-10 15:15:00+00:00,2020-01-10 15:30:00+00:00,1,1.250000000000051,TP,False
S2-05,ny_or_break,AUDUSD,2020-01-10 15:30:00+00:00,2020-01-10 15:45:00+00:00,2020-01-10 16:00:00+00:00,1,0.046174324138247576,FRIDAY,False
S2-05,ny_or_break,AUDUSD,2020-01-10 16:00:00+00:00,2020-01-10 16:15:00+00:00,2020-01-10 16:15:00+00:00,1,-0.8882246311568889,FRIDAY,False
S2-05,ny_or_break,AUDUSD,2020-01-10 16:15:00+00:00,2020-01-10 16:30:00+00:00,2020-01-10 16:30:00+00:00,1,0.23060440671113808,FRIDAY,False
S2-05,ny_or_break,AUDUSD,2020-01-10 16:30:00+00:00,2020-01-10 16:45:00+00:00,2020-01-10 16:45:00+00:00,1,0.13429659882623468,FRIDAY,False
S2-05,ny_or_break,AUDUSD,2020-01-10 16:45:00+00:00,2020-01-10 17:00:00+00:00,2020-01-10 17:00:00+00:00,1,0.3117268279172821,FRIDAY,False
S2-05,ny_or_break,AUDUSD,2020-01-16 13:00:00+00:00,2020-01-16 13:15:00+00:00,2020-01-16 13:15:00+00:00,1,-0.9999999999998632,SL,False
S2-05,ny_or_break,AUDUSD,2020-01-16 13:15:00+00:00,2020-01-16 13:30:00+00:00,2020-01-16 13:30:00+00:00,1,-1.0000000000001326,SL,False
S2-05,ny_or_break,AUDUSD,2020-01-17 13:00:00+00:00,2020-01-17 13:15:00+00:00,2020-01-17 14:15:00+00:00,-1,-1.000000000000079,SL,False
S2-05,ny_or_break,AUDUSD,2020-01-17 14:15:00+00:00,2020-01-17 14:30:00+00:00,2020-01-17 15:00:00+00:00,-1,1.2500000000000762,TP,False
S2-05,ny_or_break,AUDUSD,2020-01-17 15:00:00+00:00,2020-01-17 15:15:00+00:00,2020-01-17 15:30:00+00:00,-1,1.249999999999883,TP,False
S2-05,ny_or_break,AUDUSD,2020-01-17 15:30:00+00:00,2020-01-17 15:45:00+00:00,2020-01-17 15:45:00+00:00,-1,-0.9999999999999307,SL,False
S2-05,ny_or_break,AUDUSD,2020-01-17 15:45:00+00:00,2020-01-17 16:00:00+00:00,2020-01-17 16:00:00+00:00,-1,0.6838742827781108,FRIDAY,False
S2-05,ny_or_break,AUDUSD,2020-01-17 16:00:00+00:00,2020-01-17 16:15:00+00:00,2020-01-17 16:15:00+00:00,-1,-0.8167255809333013,FRIDAY,False
S2-05,ny_or_break,AUDUSD,2020-01-17 16:15:00+00:00,2020-01-17 16:30:00+00:00,2020-01-17 16:30:00+00:00,-1,-0.00011557639599775452,FRIDAY,False
S2-05,ny_or_break,AUDUSD,2020-01-17 16:30:00+00:00,2020-01-17 16:45:00+00:00,2020-01-17 16:45:00+00:00,-1,0.019545063157806738,FRIDAY,False
S2-05,ny_or_break,AUDUSD,2020-01-17 16:45:00+00:00,2020-01-17 17:00:00+00:00,2020-01-17 17:00:00+00:00,-1,-0.6373078520980474,FRIDAY,False
S2-05,ny_or_break,AUDUSD,2020-01-20 13:30:00+00:00,2020-01-20 13:45:00+00:00,2020-01-20 14:00:00+00:00,-1,-1.0000000000000941,SL,False
S2-05,ny_or_break,AUDUSD,2020-01-20 14:00:00+00:00,2020-01-20 14:15:00+00:00,2020-01-20 14:15:00+00:00,-1,-1.0000000000000493,SL,False
S2-05,ny_or_break,AUDUSD,2020-01-20 14:45:00+00:00,2020-01-20 15:00:00+00:00,2020-01-20 15:00:00+00:00,-1,1.2500000000001121,TP,False
S2-05,ny_or_break,AUDUSD,2020-01-20 15:00:00+00:00,2020-01-20 15:15:00+00:00,2020-01-20 15:15:00+00:00,-1,-1.0000000000000528,SL,False
S2-05,ny_or_break,AUDUSD,2020-01-24 15:00:00+00:00,2020-01-24 15:15:00+00:00,2020-01-24 15:15:00+00:00,-1,1.249999999999885,TP,False
S2-05,ny_or_break,AUDUSD,2020-01-24 15:15:00+00:00,2020-01-24 15:30:00+00:00,2020-01-24 15:45:00+00:00,-1,-1.000000000000067,SL,False
S2-05,ny_or_break,AUDUSD,2020-01-24 15:45:00+00:00,2020-01-24 16:00:00+00:00,2020-01-24 16:00:00+00:00,-1,-0.5524388760491424,FRIDAY,False
S2-05,ny_or_break,AUDUSD,2020-01-24 16:00:00+00:00,2020-01-24 16:15:00+00:00,2020-01-24 16:15:00+00:00,-1,0.5956549652444776,FRIDAY,False
S2-05,ny_or_break,AUDUSD,2020-01-24 16:15:00+00:00,2020-01-24 16:30:00+00:00,2020-01-24 16:30:00+00:00,-1,0.25248475352166766,FRIDAY,False
S2-05,ny_or_break,AUDUSD,2020-01-24 16:30:00+00:00,2020-01-24 16:45:00+00:00,2020-01-24 16:45:00+00:00,-1,-0.195233238904627,FRIDAY,False
S2-05,ny_or_break,AUDUSD,2020-01-24 16:45:00+00:00,2020-01-24 17:00:00+00:00,2020-01-24 17:00:00+00:00,-1,0.29962316273064393,FRIDAY,False
S2-05,ny_or_break,AUDUSD,2020-01-27 15:00:00+00:00,2020-01-27 15:15:00+00:00,2020-01-27 15:15:00+00:00,-1,-0.9999999999999679,SL,False
S2-05,ny_or_break,AUDUSD,2020-01-27 15:30:00+00:00,2020-01-27 15:45:00+00:00,2020-01-27 15:45:00+00:00,-1,1.2499999999999716,TP,False
S2-05,ny_or_break,AUDUSD,2020-01-27 15:45:00+00:00,2020-01-27 16:00:00+00:00,2020-01-27 19:45:00+00:00,-1,0.11471405240162481,TIME,False
S2-05,ny_or_break,AUDUSD,2020-01-29 13:15:00+00:00,2020-01-29 13:30:00+00:00,2020-01-29 13:30:00+00:00,-1,-1.0000000000001232,SL,False
S2-05,ny_or_break,AUDUSD,2020-01-29 13:45:00+00:00,2020-01-29 14:00:00+00:00,2020-01-29 14:00:00+00:00,-1,-1.00000000000008,SL,False
S2-05,ny_or_break,AUDUSD,2020-01-29 14:15:00+00:00,2020-01-29 14:30:00+00:00,2020-01-29 14:30:00+00:00,-1,-0.9999999999999305,SL,False
S2-05,ny_or_break,AUDUSD,2020-01-29 14:30:00+00:00,2020-01-29 14:45:00+00:00,2020-01-29 14:45:00+00:00,-1,1.2499999999998934,TP,False
S2-05,ny_or_break,AUDUSD,2020-01-29 14:45:00+00:00,2020-01-29 15:00:00+00:00,2020-01-29 15:00:00+00:00,-1,-0.9999999999999678,SL,False
S2-05,ny_or_break,AUDUSD,2020-01-29 15:00:00+00:00,2020-01-29 15:15:00+00:00,2020-01-29 16:00:00+00:00,-1,-1.0000000000000626,SL,False
S2-05,ny_or_break,AUDUSD,2020-01-29 16:00:00+00:00,2020-01-29 16:15:00+00:00,2020-01-29 17:45:00+00:00,-1,-1.00000000000006,SL,False
S2-05,ny_or_break,AUDUSD,2020-01-30 12:45:00+00:00,2020-01-30 13:00:00+00:00,2020-01-30 13:30:00+00:00,-1,-1.0000000000000355,SL,False
S2-05,ny_or_break,AUDUSD,2020-01-30 13:45:00+00:00,2020-01-30 14:00:00+00:00,2020-01-30 14:00:00+00:00,-1,1.25,TP,False
S2-05,ny_or_break,AUDUSD,2020-01-30 14:00:00+00:00,2020-01-30 14:15:00+00:00,2020-01-30 15:30:00+00:00,-1,1.2499999999999722,TP,False
S2-05,ny_or_break,AUDUSD,2020-01-30 15:30:00+00:00,2020-01-30 15:45:00+00:00,2020-01-30 16:15:00+00:00,-1,-1.0000000000000535,SL,False
S2-05,ny_or_break,AUDUSD,2020-01-30 16:15:00+00:00,2020-01-30 16:30:00+00:00,2020-01-30 16:45:00+00:00,-1,-1.0000000000000782,SL,False
S2-05,ny_or_break,AUDUSD,2020-01-30 16:45:00+00:00,2020-01-30 17:00:00+00:00,2020-01-30 17:30:00+00:00,-1,1.249999999999918,TP,False
S2-05,ny_or_break,AUDUSD,2020-02-03 16:30:00+00:00,2020-02-03 16:45:00+00:00,2020-02-03 17:45:00+00:00,-1,-0.9999999999999704,SL,False
S2-05,ny_or_break,AUDUSD,2020-02-04 14:45:00+00:00,2020-02-04 15:00:00+00:00,2020-02-04 15:00:00+00:00,1,-0.9999999999999343,SL,False
S2-05,ny_or_break,AUDUSD,2020-02-06 13:00:00+00:00,2020-02-06 13:15:00+00:00,2020-02-06 13:45:00+00:00,1,-1.0000000000000768,SL,False
S2-05,ny_or_break,AUDUSD,2020-02-07 14:00:00+00:00,2020-02-07 14:15:00+00:00,2020-02-07 14:15:00+00:00,-1,-1.0000000000000302,SL,False
S2-05,ny_or_break,AUDUSD,2020-02-07 14:15:00+00:00,2020-02-07 14:30:00+00:00,2020-02-07 14:30:00+00:00,-1,-0.9999999999999697,SL,False
S2-05,ny_or_break,AUDUSD,2020-02-07 14:45:00+00:00,2020-02-07 15:00:00+00:00,2020-02-07 15:00:00+00:00,-1,-1.0000000000000568,SL,False
S2-05,ny_or_break,AUDUSD,2020-02-10 12:45:00+00:00,2020-02-10 13:00:00+00:00,2020-02-10 13:00:00+00:00,-1,-1.0000000000000377,SL,False
S2-05,ny_or_break,AUDUSD,2020-02-10 13:45:00+00:00,2020-02-10 14:00:00+00:00,2020-02-10 15:00:00+00:00,-1,-1.0,SL,False
S2-05,ny_or_break,AUDUSD,2020-02-10 15:00:00+00:00,2020-02-10 15:15:00+00:00,2020-02-10 15:15:00+00:00,-1,-0.9999999999999413,SL,False
S2-05,ny_or_break,AUDUSD,2020-02-10 15:45:00+00:00,2020-02-10 16:00:00+00:00,2020-02-10 19:45:00+00:00,-1,-0.07884332691184663,TIME,False
S2-05,ny_or_break,AUDUSD,2020-02-11 14:15:00+00:00,2020-02-11 14:30:00+00:00,2020-02-11 14:45:00+00:00,1,1.2500000000000935,TP,False
S2-05,ny_or_break,AUDUSD,2020-02-11 14:45:00+00:00,2020-02-11 15:00:00+00:00,2020-02-11 15:30:00+00:00,1,-0.9999999999999135,SL,False
S2-05,ny_or_break,AUDUSD,2020-02-11 15:30:00+00:00,2020-02-11 15:45:00+00:00,2020-02-11 16:15:00+00:00,1,-0.9999999999999754,SL,False
S2-05,ny_or_break,AUDUSD,2020-02-11 16:15:00+00:00,2020-02-11 16:30:00+00:00,2020-02-11 16:30:00+00:00,1,-1.0000000000000244,SL,False
S2-05,ny_or_break,AUDUSD,2020-02-13 14:30:00+00:00,2020-02-13 14:45:00+00:00,2020-02-13 15:00:00+00:00,1,-0.9999999999999266,SL,False
S2-05,ny_or_break,AUDUSD,2020-02-13 15:00:00+00:00,2020-02-13 15:15:00+00:00,2020-02-13 15:15:00+00:00,1,-1.000000000000032,SL,False
S2-05,ny_or_break,AUDUSD,2020-02-17 15:00:00+00:00,2020-02-17 15:15:00+00:00,2020-02-17 16:30:00+00:00,-1,-1.0000000000001716,SL,False
S2-05,ny_or_break,AUDUSD,2020-02-17 16:30:00+00:00,2020-02-17 16:45:00+00:00,2020-02-17 17:00:00+00:00,-1,-0.9999999999998783,SL,False
S2-05,ny_or_break,AUDUSD,2020-02-19 13:30:00+00:00,2020-02-19 13:45:00+00:00,2020-02-19 14:00:00+00:00,-1,-0.9999999999998801,SL,False
S2-05,ny_or_break,AUDUSD,2020-02-19 14:00:00+00:00,2020-02-19 14:15:00+00:00,2020-02-19 14:45:00+00:00,-1,1.2500000000000386,TP,False
S2-05,ny_or_break,AUDUSD,2020-02-19 14:45:00+00:00,2020-02-19 15:00:00+00:00,2020-02-19 15:00:00+00:00,-1,-1.0,SL,False
S2-05,ny_or_break,AUDUSD,2020-02-19 15:00:00+00:00,2020-02-19 15:15:00+00:00,2020-02-19 15:45:00+00:00,-1,1.2500000000001226,TP,False
S2-05,ny_or_break,AUDUSD,2020-02-19 15:45:00+00:00,2020-02-19 16:00:00+00:00,2020-02-19 16:15:00+00:00,-1,-1.0,SL,False
S2-05,ny_or_break,AUDUSD,2020-02-19 16:15:00+00:00,2020-02-19 16:30:00+00:00,2020-02-19 20:15:00+00:00,-1,-0.23553429027113237,TIME,False
S2-05,ny_or_break,AUDUSD,2020-02-20 12:30:00+00:00,2020-02-20 12:45:00+00:00,2020-02-20 14:00:00+00:00,-1,-0.9999999999999706,SL,False
S2-05,ny_or_break,AUDUSD,2020-02-20 15:30:00+00:00,2020-02-20 15:45:00+00:00,2020-02-20 15:45:00+00:00,-1,-1.000000000000073,SL,False
S2-05,ny_or_break,AUDUSD,2020-02-20 16:00:00+00:00,2020-02-20 16:15:00+00:00,2020-02-20 20:00:00+00:00,-1,0.7150528469144221,TIME,False
S2-05,ny_or_break,AUDUSD,2020-02-25 12:45:00+00:00,2020-02-25 13:00:00+00:00,2020-02-25 15:00:00+00:00,-1,-0.9999999999999116,SL,False
S2-05,ny_or_break,AUDUSD,2020-02-26 13:30:00+00:00,2020-02-26 13:45:00+00:00,2020-02-26 14:00:00+00:00,-1,-0.9999999999999729,SL,False
S2-05,ny_or_break,AUDUSD,2020-02-26 15:45:00+00:00,2020-02-26 16:00:00+00:00,2020-02-26 16:15:00+00:00,-1,-1.0000000000000226,SL,False
S2-05,ny_or_break,AUDUSD,2020-02-26 16:15:00+00:00,2020-02-26 16:30:00+00:00,2020-02-26 20:15:00+00:00,-1,0.7960123416390071,TIME,False
S2-05,ny_or_break,AUDUSD,2020-02-28 12:00:00+00:00,2020-02-28 12:15:00+00:00,2020-02-28 12:15:00+00:00,-1,-1.000000000000041,SL,False
S2-05,ny_or_break,AUDUSD,2020-02-28 15:15:00+00:00,2020-02-28 15:30:00+00:00,2020-02-28 15:45:00+00:00,-1,1.2500000000000684,TP,False
S2-05,ny_or_break,AUDUSD,2020-02-28 15:45:00+00:00,2020-02-28 16:00:00+00:00,2020-02-28 16:00:00+00:00,-1,-2.664395229982964,FRIDAY,False
S2-05,ny_or_break,AUDUSD,2020-02-28 16:00:00+00:00,2020-02-28 16:15:00+00:00,2020-02-28 16:15:00+00:00,-1,-0.9165882534357583,FRIDAY,False
S2-05,ny_or_break,AUDUSD,2020-02-28 16:15:00+00:00,2020-02-28 16:30:00+00:00,2020-02-28 16:30:00+00:00,-1,-0.5319347224601305,FRIDAY,False
S2-05,ny_or_break,AUDUSD,2020-02-28 16:45:00+00:00,2020-02-28 17:00:00+00:00,2020-02-28 17:00:00+00:00,-1,0.039374767606677276,FRIDAY,False
S2-05,ny_or_break,AUDUSD,2020-03-02 16:30:00+00:00,2020-03-02 16:45:00+00:00,2020-03-02 17:00:00+00:00,-1,-0.9999999999999609,SL,False
S2-05,ny_or_break,AUDUSD,2020-03-03 12:30:00+00:00,2020-03-03 12:45:00+00:00,2020-03-03 12:45:00+00:00,1,-0.9999999999999735,SL,False
S2-05,ny_or_break,AUDUSD,2020-03-03 12:45:00+00:00,2020-03-03 13:00:00+00:00,2020-03-03 13:30:00+00:00,1,-0.9999999999999496,SL,False
S2-05,ny_or_break,AUDUSD,2020-03-03 13:45:00+00:00,2020-03-03 14:00:00+00:00,2020-03-03 14:15:00+00:00,1,1.249999999999952,TP,False
S2-05,ny_or_break,AUDUSD,2020-03-03 14:15:00+00:00,2020-03-03 14:30:00+00:00,2020-03-03 15:00:00+00:00,1,1.249999999999977,TP,False
S2-05,ny_or_break,AUDUSD,2020-03-03 15:00:00+00:00,2020-03-03 15:15:00+00:00,2020-03-03 15:15:00+00:00,1,1.2500000000000306,TP,False
S2-05,ny_or_break,AUDUSD,2020-03-03 15:15:00+00:00,2020-03-03 15:30:00+00:00,2020-03-03 15:30:00+00:00,1,1.250000000000014,TP,False
S2-05,ny_or_break,AUDUSD,2020-03-03 15:30:00+00:00,2020-03-03 15:45:00+00:00,2020-03-03 15:45:00+00:00,1,-1.0000000000000124,SL,False
S2-05,ny_or_break,AUDUSD,2020-03-03 15:45:00+00:00,2020-03-03 16:00:00+00:00,2020-03-03 16:00:00+00:00,1,-0.9999999999999887,SL,False
S2-05,ny_or_break,AUDUSD,2020-03-03 16:00:00+00:00,2020-03-03 16:15:00+00:00,2020-03-03 16:15:00+00:00,1,-1.0000000000000333,SL,False
S2-05,ny_or_break,AUDUSD,2020-03-03 16:15:00+00:00,2020-03-03 16:30:00+00:00,2020-03-03 16:45:00+00:00,1,1.250000000000031,TP,False
S2-05,ny_or_break,AUDUSD,2020-03-03 16:45:00+00:00,2020-03-03 17:00:00+00:00,2020-03-03 18:30:00+00:00,1,-0.9999999999999809,SL,False
S2-05,ny_or_break,AUDUSD,2020-03-10 13:45:00+00:00,2020-03-10 14:00:00+00:00,2020-03-10 14:45:00+00:00,-1,1.2500000000000142,TP,False
S2-05,ny_or_break,AUDUSD,2020-03-10 14:45:00+00:00,2020-03-10 15:00:00+00:00,2020-03-10 15:45:00+00:00,-1,1.24999999999996,TP,False
S2-05,ny_or_break,AUDUSD,2020-03-10 15:45:00+00:00,2020-03-10 16:00:00+00:00,2020-03-10 16:00:00+00:00,-1,-0.9999999999999799,SL,False
S2-05,ny_or_break,AUDUSD,2020-03-10 16:00:00+00:00,2020-03-10 16:15:00+00:00,2020-03-10 16:45:00+00:00,-1,1.25,TP,False
S2-05,ny_or_break,AUDUSD,2020-03-10 16:45:00+00:00,2020-03-10 17:00:00+00:00,2020-03-10 17:30:00+00:00,-1,-0.9999999999999708,SL,False
S2-05,ny_or_break,AUDUSD,2020-03-12 12:15:00+00:00,2020-03-12 12:30:00+00:00,2020-03-12 12:30:00+00:00,-1,-1.0000000000000129,SL,False
S2-05,ny_or_break,AUDUSD,2020-03-12 12:30:00+00:00,2020-03-12 12:45:00+00:00,2020-03-12 13:00:00+00:00,-1,1.25,TP,False
S2-05,ny_or_break,AUDUSD,2020-03-12 13:00:00+00:00,2020-03-12 13:15:00+00:00,2020-03-12 13:30:00+00:00,-1,1.2500000000000306,TP,False
S2-05,ny_or_break,AUDUSD,2020-03-12 13:30:00+00:00,2020-03-12 13:45:00+00:00,2020-03-12 14:15:00+00:00,-1,1.2499999999999902,TP,False
S2-05,ny_or_break,AUDUSD,2020-03-12 14:15:00+00:00,2020-03-12 14:30:00+00:00,2020-03-12 15:00:00+00:00,-1,1.2499999999999916,TP,False
S2-05,ny_or_break,AUDUSD,2020-03-12 15:00:00+00:00,2020-03-12 15:15:00+00:00,2020-03-12 15:15:00+00:00,-1,-1.0000000000000155,SL,False
S2-05,ny_or_break,AUDUSD,2020-03-12 15:15:00+00:00,2020-03-12 15:30:00+00:00,2020-03-12 15:30:00+00:00,-1,1.2499999999999925,TP,False
S2-05,ny_or_break,AUDUSD,2020-03-12 15:30:00+00:00,2020-03-12 15:45:00+00:00,2020-03-12 16:15:00+00:00,-1,-0.9999999999999931,SL,False
S2-05,ny_or_break,AUDUSD,2020-03-12 16:15:00+00:00,2020-03-12 16:30:00+00:00,2020-03-12 16:45:00+00:00,-1,-1.0,SL,False
S2-05,ny_or_break,AUDUSD,2020-03-12 16:45:00+00:00,2020-03-12 17:00:00+00:00,2020-03-12 17:00:00+00:00,-1,-1.0,SL,False
S2-05,ny_or_break,AUDUSD,2020-03-13 15:00:00+00:00,2020-03-13 15:15:00+00:00,2020-03-13 15:30:00+00:00,-1,1.2499999999999656,TP,False
S2-05,ny_or_break,AUDUSD,2020-03-13 15:30:00+00:00,2020-03-13 15:45:00+00:00,2020-03-13 15:45:00+00:00,-1,1.24999999999999,TP,False
S2-05,ny_or_break,AUDUSD,2020-03-13 15:45:00+00:00,2020-03-13 16:00:00+00:00,2020-03-13 16:00:00+00:00,-1,0.7108575031525852,FRIDAY,False
S2-05,ny_or_break,AUDUSD,2020-03-13 16:00:00+00:00,2020-03-13 16:15:00+00:00,2020-03-13 16:15:00+00:00,-1,-1.3429077048734004,FRIDAY,False
S2-05,ny_or_break,AUDUSD,2020-03-13 16:15:00+00:00,2020-03-13 16:30:00+00:00,2020-03-13 16:30:00+00:00,-1,0.8975384425183901,FRIDAY,False
S2-05,ny_or_break,AUDUSD,2020-03-13 16:30:00+00:00,2020-03-13 16:45:00+00:00,2020-03-13 16:45:00+00:00,-1,-0.14876585563237804,FRIDAY,False
S2-05,ny_or_break,AUDUSD,2020-03-13 16:45:00+00:00,2020-03-13 17:00:00+00:00,2020-03-13 17:00:00+00:00,-1,0.28246927085306844,FRIDAY,False
S2-05,ny_or_break,AUDUSD,2020-03-16 12:30:00+00:00,2020-03-16 12:45:00+00:00,2020-03-16 12:45:00+00:00,-1,1.2500000000000346,TP,False
S2-05,ny_or_break,AUDUSD,2020-03-16 12:45:00+00:00,2020-03-16 13:00:00+00:00,2020-03-16 13:00:00+00:00,-1,-1.0000000000000109,SL,False
S2-05,ny_or_break,AUDUSD,2020-03-16 13:15:00+00:00,2020-03-16 13:30:00+00:00,2020-03-16 13:30:00+00:00,-1,1.2500000000000193,TP,False
S2-05,ny_or_break,AUDUSD,2020-03-16 13:30:00+00:00,2020-03-16 13:45:00+00:00,2020-03-16 13:45:00+00:00,-1,-1.0,SL,False
S2-05,ny_or_break,AUDUSD,2020-03-16 13:45:00+00:00,2020-03-16 14:00:00+00:00,2020-03-16 14:00:00+00:00,-1,-0.9999999999999851,SL,False
S2-05,ny_or_break,AUDUSD,2020-03-16 14:15:00+00:00,2020-03-16 14:30:00+00:00,2020-03-16 15:00:00+00:00,-1,-0.9999999999999866,SL,False
S2-05,ny_or_break,AUDUSD,2020-03-17 14:45:00+00:00,2020-03-17 15:00:00+00:00,2020-03-17 15:00:00+00:00,-1,-1.0000000000000084,SL,False
S2-05,ny_or_break,AUDUSD,2020-03-17 15:45:00+00:00,2020-03-17 16:00:00+00:00,2020-03-17 18:15:00+00:00,-1,-1.0000000000000133,SL,False
S2-05,ny_or_break,AUDUSD,2020-03-18 12:00:00+00:00,2020-03-18 12:15:00+00:00,2020-03-18 13:00:00+00:00,-1,1.2499999999999747,TP,False
S2-05,ny_or_break,AUDUSD,2020-03-18 13:00:00+00:00,2020-03-18 13:15:00+00:00,2020-03-18 14:45:00+00:00,-1,1.2500000000000098,TP,False
S2-05,ny_or_break,AUDUSD,2020-03-18 14:45:00+00:00,2020-03-18 15:00:00+00:00,2020-03-18 15:15:00+00:00,-1,1.2499999999999911,TP,False
S2-05,ny_or_break,AUDUSD,2020-03-18 15:15:00+00:00,2020-03-18 15:30:00+00:00,2020-03-18 15:45:00+00:00,-1,1.2499999999999913,TP,False
S2-05,ny_or_break,AUDUSD,2020-03-18 15:45:00+00:00,2020-03-18 16:00:00+00:00,2020-03-18 16:45:00+00:00,-1,1.2500000000000162,TP,False
S2-05,ny_or_break,AUDUSD,2020-03-18 16:45:00+00:00,2020-03-18 17:00:00+00:00,2020-03-18 17:00:00+00:00,-1,1.2500000000000213,TP,False
S2-05,ny_or_break,AUDUSD,2020-03-26 12:45:00+00:00,2020-03-26 13:00:00+00:00,2020-03-26 13:00:00+00:00,1,1.25,TP,False
S2-05,ny_or_break,AUDUSD,2020-03-26 13:00:00+00:00,2020-03-26 13:15:00+00:00,2020-03-26 13:30:00+00:00,1,-1.000000000000016,SL,False
S2-05,ny_or_break,AUDUSD,2020-03-26 13:30:00+00:00,2020-03-26 13:45:00+00:00,2020-03-26 14:45:00+00:00,1,-0.9999999999999923,SL,False
S2-05,ny_or_break,AUDUSD,2020-03-26 14:45:00+00:00,2020-03-26 15:00:00+00:00,2020-03-26 15:45:00+00:00,1,1.2500000000000069,TP,False
S2-05,ny_or_break,AUDUSD,2020-03-26 15:45:00+00:00,2020-03-26 16:00:00+00:00,2020-03-26 18:45:00+00:00,1,1.2499999999999798,TP,False
S2-05,ny_or_break,AUDUSD,2020-03-27 15:45:00+00:00,2020-03-27 16:00:00+00:00,2020-03-27 16:00:00+00:00,1,0.12710290838177526,FRIDAY,False
S2-05,ny_or_break,AUDUSD,2020-03-27 16:00:00+00:00,2020-03-27 16:15:00+00:00,2020-03-27 16:15:00+00:00,1,0.10417984357404009,FRIDAY,False
S2-05,ny_or_break,AUDUSD,2020-03-27 16:15:00+00:00,2020-03-27 16:30:00+00:00,2020-03-27 16:30:00+00:00,1,-0.056538371804509886,FRIDAY,False
S2-05,ny_or_break,AUDUSD,2020-03-27 16:30:00+00:00,2020-03-27 16:45:00+00:00,2020-03-27 16:45:00+00:00,1,0.4397097672729886,FRIDAY,False
S2-05,ny_or_break,AUDUSD,2020-03-27 16:45:00+00:00,2020-03-27 17:00:00+00:00,2020-03-27 17:00:00+00:00,1,-0.16566594614789315,FRIDAY,False
S2-05,ny_or_break,AUDUSD,2020-03-30 16:15:00+00:00,2020-03-30 16:30:00+00:00,2020-03-30 17:30:00+00:00,1,-1.0000000000000238,SL,False
S2-05,ny_or_break,AUDUSD,2020-04-01 12:45:00+00:00,2020-04-01 13:00:00+00:00,2020-04-01 13:00:00+00:00,-1,-1.0000000000000273,SL,False
S2-05,ny_or_break,AUDUSD,2020-04-02 12:00:00+00:00,2020-04-02 12:15:00+00:00,2020-04-02 12:30:00+00:00,-1,-0.9999999999999856,SL,False
S2-05,ny_or_break,AUDUSD,2020-04-02 12:30:00+00:00,2020-04-02 12:45:00+00:00,2020-04-02 12:45:00+00:00,-1,1.250000000000026,TP,False
S2-05,ny_or_break,AUDUSD,2020-04-02 12:45:00+00:00,2020-04-02 13:00:00+00:00,2020-04-02 13:00:00+00:00,-1,1.249999999999976,TP,False
S2-05,ny_or_break,AUDUSD,2020-04-02 13:00:00+00:00,2020-04-02 13:15:00+00:00,2020-04-02 13:15:00+00:00,-1,-1.0000000000000209,SL,False
S2-05,ny_or_break,AUDUSD,2020-04-02 13:15:00+00:00,2020-04-02 13:30:00+00:00,2020-04-02 13:30:00+00:00,-1,-1.0000000000000102,SL,False
S2-05,ny_or_break,AUDUSD,2020-04-02 13:30:00+00:00,2020-04-02 13:45:00+00:00,2020-04-02 14:00:00+00:00,-1,-1.0000000000000198,SL,False
S2-05,ny_or_break,AUDUSD,2020-04-02 14:00:00+00:00,2020-04-02 14:15:00+00:00,2020-04-02 14:30:00+00:00,-1,-0.9999999999999737,SL,False
S2-05,ny_or_break,AUDUSD,2020-04-02 14:30:00+00:00,2020-04-02 14:45:00+00:00,2020-04-02 18:00:00+00:00,-1,1.2500000000000233,TP,False
S2-05,ny_or_break,AUDUSD,2020-04-06 14:15:00+00:00,2020-04-06 14:30:00+00:00,2020-04-06 14:45:00+00:00,1,-1.0000000000000426,SL,False
S2-05,ny_or_break,AUDUSD,2020-04-06 15:00:00+00:00,2020-04-06 15:15:00+00:00,2020-04-06 19:00:00+00:00,1,-0.19589203757071194,TIME,False
S2-05,ny_or_break,AUDUSD,2020-04-07 12:15:00+00:00,2020-04-07 12:30:00+00:00,2020-04-07 12:45:00+00:00,1,-0.9999999999999833,SL,False
S2-05,ny_or_break,AUDUSD,2020-04-07 12:45:00+00:00,2020-04-07 13:00:00+00:00,2020-04-07 13:00:00+00:00,1,-0.9999999999999498,SL,False
S2-05,ny_or_break,AUDUSD,2020-04-07 13:15:00+00:00,2020-04-07 13:30:00+00:00,2020-04-07 14:00:00+00:00,1,-1.0,SL,False
S2-05,ny_or_break,AUDUSD,2020-04-07 14:15:00+00:00,2020-04-07 14:30:00+00:00,2020-04-07 14:30:00+00:00,1,-0.999999999999956,SL,False
S2-05,ny_or_break,AUDUSD,2020-04-07 16:15:00+00:00,2020-04-07 16:30:00+00:00,2020-04-07 19:30:00+00:00,1,-1.0000000000000127,SL,False
S2-05,ny_or_break,AUDUSD,2020-04-08 13:00:00+00:00,2020-04-08 13:15:00+00:00,2020-04-08 13:30:00+00:00,1,1.2499999999999836,TP,False
S2-05,ny_or_break,AUDUSD,2020-04-08 13:30:00+00:00,2020-04-08 13:45:00+00:00,2020-04-08 13:45:00+00:00,1,-0.9999999999999705,SL,False
S2-05,ny_or_break,AUDUSD,2020-04-08 13:45:00+00:00,2020-04-08 14:00:00+00:00,2020-04-08 14:45:00+00:00,1,1.250000000000014,TP,False
S2-05,ny_or_break,AUDUSD,2020-04-08 14:45:00+00:00,2020-04-08 15:00:00+00:00,2020-04-08 15:15:00+00:00,1,1.2500000000000129,TP,False
S2-05,ny_or_break,AUDUSD,2020-04-08 15:15:00+00:00,2020-04-08 15:30:00+00:00,2020-04-08 19:15:00+00:00,1,0.2654784526740925,TIME,False
S2-05,ny_or_break,AUDUSD,2020-04-09 12:30:00+00:00,2020-04-09 12:45:00+00:00,2020-04-09 12:45:00+00:00,1,1.2500000000000517,TP,False
S2-05,ny_or_break,AUDUSD,2020-04-09 12:45:00+00:00,2020-04-09 13:00:00+00:00,2020-04-09 13:00:00+00:00,1,1.2499999999999851,TP,False
S2-05,ny_or_break,AUDUSD,2020-04-09 13:00:00+00:00,2020-04-09 13:15:00+00:00,2020-04-09 14:45:00+00:00,1,1.2499999999999596,TP,False
S2-05,ny_or_break,AUDUSD,2020-04-09 14:45:00+00:00,2020-04-09 15:00:00+00:00,2020-04-09 17:30:00+00:00,1,1.2499999999999665,TP,False
S2-05,ny_or_break,AUDUSD,2020-04-13 12:45:00+00:00,2020-04-13 13:00:00+00:00,2020-04-13 15:30:00+00:00,1,1.2500000000000508,TP,False
S2-05,ny_or_break,AUDUSD,2020-04-13 15:30:00+00:00,2020-04-13 15:45:00+00:00,2020-04-13 17:30:00+00:00,1,1.2499999999999665,TP,False
S2-05,ny_or_break,AUDUSD,2020-04-14 14:45:00+00:00,2020-04-14 15:00:00+00:00,2020-04-14 15:00:00+00:00,1,-1.0,SL,False
S2-05,ny_or_break,AUDUSD,2020-04-14 16:00:00+00:00,2020-04-14 16:15:00+00:00,2020-04-14 17:45:00+00:00,1,1.25,TP,False
S2-05,ny_or_break,AUDUSD,2020-04-15 12:00:00+00:00,2020-04-15 12:15:00+00:00,2020-04-15 12:45:00+00:00,-1,1.2499999999999853,TP,False
S2-05,ny_or_break,AUDUSD,2020-04-15 12:45:00+00:00,2020-04-15 13:00:00+00:00,2020-04-15 13:15:00+00:00,-1,-1.0000000000000435,SL,False
S2-05,ny_or_break,AUDUSD,2020-04-15 13:15:00+00:00,2020-04-15 13:30:00+00:00,2020-04-15 14:00:00+00:00,-1,1.249999999999986,TP,False
S2-05,ny_or_break,AUDUSD,2020-04-15 14:00:00+00:00,2020-04-15 14:15:00+00:00,2020-04-15 14:15:00+00:00,-1,-1.0000000000000453,SL,False
S2-05,ny_or_break,AUDUSD,2020-04-15 14:15:00+00:00,2020-04-15 14:30:00+00:00,2020-04-15 14:45:00+00:00,-1,-0.9999999999999578,SL,False
S2-05,ny_or_break,AUDUSD,2020-04-16 16:15:00+00:00,2020-04-16 16:30:00+00:00,2020-04-16 17:00:00+00:00,-1,-0.9999999999999628,SL,False
S2-05,ny_or_break,AUDUSD,2020-04-17 12:15:00+00:00,2020-04-17 12:30:00+00:00,2020-04-17 13:30:00+00:00,1,-1.0,SL,False
S2-05,ny_or_break,AUDUSD,2020-04-17 13:45:00+00:00,2020-04-17 14:00:00+00:00,2020-04-17 14:00:00+00:00,1,-1.0,SL,False
S2-05,ny_or_break,AUDUSD,2020-04-21 12:45:00+00:00,2020-04-21 13:00:00+00:00,2020-04-21 13:45:00+00:00,-1,-1.0,SL,False
S2-05,ny_or_break,AUDUSD,2020-04-22 14:00:00+00:00,2020-04-22 14:15:00+00:00,2020-04-22 15:15:00+00:00,-1,-0.999999999999953,SL,False
S2-05,ny_or_break,AUDUSD,2020-04-22 15:15:00+00:00,2020-04-22 15:30:00+00:00,2020-04-22 19:15:00+00:00,-1,-0.6118428478402431,TIME,False
S2-05,ny_or_break,AUDUSD,2020-04-23 12:15:00+00:00,2020-04-23 12:30:00+00:00,2020-04-23 13:00:00+00:00,1,-1.0000000000000144,SL,False
S2-05,ny_or_break,AUDUSD,2020-04-23 13:00:00+00:00,2020-04-23 13:15:00+00:00,2020-04-23 14:00:00+00:00,1,1.25,TP,False
S2-05,ny_or_break,AUDUSD,2020-04-23 14:00:00+00:00,2020-04-23 14:15:00+00:00,2020-04-23 14:15:00+00:00,1,1.2500000000000133,TP,False
S2-05,ny_or_break,AUDUSD,2020-04-23 14:15:00+00:00,2020-04-23 14:30:00+00:00,2020-04-23 15:45:00+00:00,1,-1.0,SL,False
S2-05,ny_or_break,AUDUSD,2020-04-23 15:45:00+00:00,2020-04-23 16:00:00+00:00,2020-04-23 16:45:00+00:00,1,-0.9999999999999737,SL,False
S2-05,ny_or_break,AUDUSD,2020-04-23 16:45:00+00:00,2020-04-23 17:00:00+00:00,2020-04-23 17:15:00+00:00,1,-0.9999999999999871,SL,False
S2-05,ny_or_break,AUDUSD,2020-04-27 13:00:00+00:00,2020-04-27 13:15:00+00:00,2020-04-27 13:30:00+00:00,1,-0.9999999999999792,SL,False
S2-05,ny_or_break,AUDUSD,2020-05-01 12:00:00+00:00,2020-05-01 12:15:00+00:00,2020-05-01 13:00:00+00:00,-1,-1.0,SL,False
S2-05,ny_or_break,AUDUSD,2020-05-01 14:00:00+00:00,2020-05-01 14:15:00+00:00,2020-05-01 14:30:00+00:00,-1,-1.0000000000000349,SL,False
S2-05,ny_or_break,AUDUSD,2020-05-01 15:15:00+00:00,2020-05-01 15:30:00+00:00,2020-05-01 15:45:00+00:00,-1,1.2500000000000462,TP,False
S2-05,ny_or_break,AUDUSD,2020-05-01 15:45:00+00:00,2020-05-01 16:00:00+00:00,2020-05-01 16:00:00+00:00,-1,-0.2916690033086851,FRIDAY,False
S2-05,ny_or_break,AUDUSD,2020-05-01 16:00:00+00:00,2020-05-01 16:15:00+00:00,2020-05-01 16:15:00+00:00,-1,0.3262286950137899,FRIDAY,False
S2-05,ny_or_break,AUDUSD,2020-05-01 16:15:00+00:00,2020-05-01 16:30:00+00:00,2020-05-01 16:30:00+00:00,-1,0.3444502387432166,FRIDAY,False
S2-05,ny_or_break,AUDUSD,2020-05-01 16:30:00+00:00,2020-05-01 16:45:00+00:00,2020-05-01 16:45:00+00:00,-1,-0.8183782752427526,FRIDAY,False
S2-05,ny_or_break,AUDUSD,2020-05-01 16:45:00+00:00,2020-05-01 17:00:00+00:00,2020-05-01 17:00:00+00:00,-1,0.14549600158614764,FRIDAY,False
S2-05,ny_or_break,AUDUSD,2020-05-06 15:30:00+00:00,2020-05-06 15:45:00+00:00,2020-05-06 19:30:00+00:00,-1,0.8600961503600201,TIME,False
S2-05,ny_or_break,AUDUSD,2020-05-07 15:30:00+00:00,2020-05-07 15:45:00+00:00,2020-05-07 19:15:00+00:00,1,-1.0000000000000453,SL,False
S2-05,ny_or_break,AUDUSD,2020-05-08 12:15:00+00:00,2020-05-08 12:30:00+00:00,2020-05-08 12:30:00+00:00,1,-1.0000000000000837,SL,False
S2-05,ny_or_break,AUDUSD,2020-05-08 14:30:00+00:00,2020-05-08 14:45:00+00:00,2020-05-08 16:00:00+00:00,1,0.32358568560292905,FRIDAY,False
S2-05,ny_or_break,AUDUSD,2020-05-08 16:00:00+00:00,2020-05-08 16:15:00+00:00,2020-05-08 16:15:00+00:00,1,-0.1840077616174097,FRIDAY,False
S2-05,ny_or_break,AUDUSD,2020-05-08 16:15:00+00:00,2020-05-08 16:30:00+00:00,2020-05-08 16:30:00+00:00,1,0.1753871717558321,FRIDAY,False
S2-05,ny_or_break,AUDUSD,2020-05-08 16:30:00+00:00,2020-05-08 16:45:00+00:00,2020-05-08 16:45:00+00:00,1,-0.24946066342019027,FRIDAY,False
S2-05,ny_or_break,AUDUSD,2020-05-08 16:45:00+00:00,2020-05-08 17:00:00+00:00,2020-05-08 17:00:00+00:00,1,-0.35181709265175715,FRIDAY,False
S2-05,ny_or_break,AUDUSD,2020-05-13 15:30:00+00:00,2020-05-13 15:45:00+00:00,2020-05-13 16:30:00+00:00,-1,1.2499999999999654,TP,False
S2-05,ny_or_break,AUDUSD,2020-05-13 16:30:00+00:00,2020-05-13 16:45:00+00:00,2020-05-13 20:30:00+00:00,-1,-0.4885747249711565,TIME,False
S2-05,ny_or_break,AUDUSD,2020-05-14 12:30:00+00:00,2020-05-14 12:45:00+00:00,2020-05-14 13:00:00+00:00,-1,-1.0000000000000402,SL,False
S2-05,ny_or_break,AUDUSD,2020-05-15 14:45:00+00:00,2020-05-15 15:00:00+00:00,2020-05-15 16:00:00+00:00,-1,-4.73590560663568e-05,FRIDAY,False
S2-05,ny_or_break,AUDUSD,2020-05-15 16:00:00+00:00,2020-05-15 16:15:00+00:00,2020-05-15 16:15:00+00:00,-1,-0.1940080023421489,FRIDAY,False
S2-05,ny_or_break,AUDUSD,2020-05-15 16:15:00+00:00,2020-05-15 16:30:00+00:00,2020-05-15 16:30:00+00:00,-1,0.25352481927710846,FRIDAY,False
S2-05,ny_or_break,AUDUSD,2020-05-15 16:30:00+00:00,2020-05-15 16:45:00+00:00,2020-05-15 16:45:00+00:00,-1,-0.14021056652421993,FRIDAY,False
S2-05,ny_or_break,AUDUSD,2020-05-15 16:45:00+00:00,2020-05-15 17:00:00+00:00,2020-05-15 17:00:00+00:00,-1,-0.6027873554892359,FRIDAY,False
S2-05,ny_or_break,AUDUSD,2020-05-18 13:00:00+00:00,2020-05-18 13:15:00+00:00,2020-05-18 13:30:00+00:00,1,1.2499999999999796,TP,False
S2-05,ny_or_break,AUDUSD,2020-05-18 13:30:00+00:00,2020-05-18 13:45:00+00:00,2020-05-18 14:00:00+00:00,1,-1.0000000000000338,SL,False
S2-05,ny_or_break,AUDUSD,2020-05-18 14:00:00+00:00,2020-05-18 14:15:00+00:00,2020-05-18 14:45:00+00:00,1,1.2500000000000155,TP,False
S2-05,ny_or_break,AUDUSD,2020-05-18 14:45:00+00:00,2020-05-18 15:00:00+00:00,2020-05-18 15:15:00+00:00,1,1.2500000000000142,TP,False
S2-05,ny_or_break,AUDUSD,2020-05-18 15:15:00+00:00,2020-05-18 15:30:00+00:00,2020-05-18 19:15:00+00:00,1,0.9631867855164425,TIME,False
S2-05,ny_or_break,AUDUSD,2020-05-19 14:45:00+00:00,2020-05-19 15:00:00+00:00,2020-05-19 15:00:00+00:00,1,-0.999999999999956,SL,False
S2-05,ny_or_break,AUDUSD,2020-05-19 15:15:00+00:00,2020-05-19 15:30:00+00:00,2020-05-19 18:15:00+00:00,1,1.2499999999999578,TP,False
S2-05,ny_or_break,AUDUSD,2020-05-20 12:15:00+00:00,2020-05-20 12:30:00+00:00,2020-05-20 12:30:00+00:00,1,-0.9999999999999402,SL,False
S2-05,ny_or_break,AUDUSD,2020-05-20 13:00:00+00:00,2020-05-20 13:15:00+00:00,2020-05-20 13:30:00+00:00,1,-0.9999999999999811,SL,False
S2-05,ny_or_break,AUDUSD,2020-05-20 13:45:00+00:00,2020-05-20 14:00:00+00:00,2020-05-20 14:30:00+00:00,1,1.2499999999999811,TP,False
S2-05,ny_or_break,AUDUSD,2020-05-20 14:30:00+00:00,2020-05-20 14:45:00+00:00,2020-05-20 15:15:00+00:00,1,1.2499999999999816,TP,False
S2-05,ny_or_break,AUDUSD,2020-05-20 15:15:00+00:00,2020-05-20 15:30:00+00:00,2020-05-20 15:30:00+00:00,1,-1.0,SL,False
S2-05,ny_or_break,AUDUSD,2020-05-20 15:30:00+00:00,2020-05-20 15:45:00+00:00,2020-05-20 15:45:00+00:00,1,-1.0,SL,False
S2-05,ny_or_break,AUDUSD,2020-05-20 15:45:00+00:00,2020-05-20 16:00:00+00:00,2020-05-20 16:00:00+00:00,1,-1.0,SL,False
S2-05,ny_or_break,AUDUSD,2020-05-20 16:00:00+00:00,2020-05-20 16:15:00+00:00,2020-05-20 20:00:00+00:00,1,0.28894451043611064,TIME,False
S2-05,ny_or_break,AUDUSD,2020-05-21 12:15:00+00:00,2020-05-21 12:30:00+00:00,2020-05-21 12:45:00+00:00,1,-0.9999999999999635,SL,False
S2-05,ny_or_break,AUDUSD,2020-05-21 12:45:00+00:00,2020-05-21 13:00:00+00:00,2020-05-21 13:00:00+00:00,1,-0.999999999999983,SL,False
S2-05,ny_or_break,AUDUSD,2020-05-21 13:15:00+00:00,2020-05-21 13:30:00+00:00,2020-05-21 14:30:00+00:00,1,-1.000000000000032,SL,False
S2-05,ny_or_break,AUDUSD,2020-05-22 13:30:00+00:00,2020-05-22 13:45:00+00:00,2020-05-22 14:00:00+00:00,-1,-0.9999999999999777,SL,False
S2-05,ny_or_break,AUDUSD,2020-05-26 12:45:00+00:00,2020-05-26 13:00:00+00:00,2020-05-26 13:45:00+00:00,1,1.2499999999999793,TP,False
S2-05,ny_or_break,AUDUSD,2020-05-26 13:45:00+00:00,2020-05-26 14:00:00+00:00,2020-05-26 15:00:00+00:00,1,1.2500000000000373,TP,False
S2-05,ny_or_break,AUDUSD,2020-05-26 15:00:00+00:00,2020-05-26 15:15:00+00:00,2020-05-26 15:15:00+00:00,1,-0.9999999999999656,SL,False
S2-05,ny_or_break,AUDUSD,2020-05-26 15:15:00+00:00,2020-05-26 15:30:00+00:00,2020-05-26 16:15:00+00:00,1,-0.9999999999999831,SL,False
S2-05,ny_or_break,AUDUSD,2020-05-26 16:15:00+00:00,2020-05-26 16:30:00+00:00,2020-05-26 16:45:00+00:00,1,1.2500000000000353,TP,False
S2-05,ny_or_break,AUDUSD,2020-05-26 16:45:00+00:00,2020-05-26 17:00:00+00:00,2020-05-26 18:30:00+00:00,1,1.250000000000037,TP,False
S2-05,ny_or_break,AUDUSD,2020-05-28 12:45:00+00:00,2020-05-28 13:00:00+00:00,2020-05-28 13:00:00+00:00,1,1.250000000000051,TP,False
S2-05,ny_or_break,AUDUSD,2020-05-28 13:00:00+00:00,2020-05-28 13:15:00+00:00,2020-05-28 13:30:00+00:00,1,-0.9999999999999843,SL,False
S2-05,ny_or_break,AUDUSD,2020-05-28 13:30:00+00:00,2020-05-28 13:45:00+00:00,2020-05-28 14:45:00+00:00,1,1.2500000000000147,TP,False
S2-05,ny_or_break,AUDUSD,2020-05-28 14:45:00+00:00,2020-05-28 15:00:00+00:00,2020-05-28 18:45:00+00:00,1,-0.32910819375282935,TIME,False
S2-05,ny_or_break,AUDUSD,2020-05-29 12:00:00+00:00,2020-05-29 12:15:00+00:00,2020-05-29 12:30:00+00:00,1,-0.9999999999999813,SL,False
S2-05,ny_or_break,AUDUSD,2020-06-01 14:45:00+00:00,2020-06-01 15:00:00+00:00,2020-06-01 15:00:00+00:00,1,-1.000000000000013,SL,False
S2-05,ny_or_break,AUDUSD,2020-06-01 15:00:00+00:00,2020-06-01 15:15:00+00:00,2020-06-01 16:15:00+00:00,1,1.2499999999999616,TP,False
S2-05,ny_or_break,AUDUSD,2020-06-01 16:15:00+00:00,2020-06-01 16:30:00+00:00,2020-06-01 19:00:00+00:00,1,1.249999999999975,TP,False
S2-05,ny_or_break,AUDUSD,2020-06-02 14:00:00+00:00,2020-06-02 14:15:00+00:00,2020-06-02 14:30:00+00:00,1,1.25,TP,False
S2-05,ny_or_break,AUDUSD,2020-06-02 14:30:00+00:00,2020-06-02 14:45:00+00:00,2020-06-02 15:00:00+00:00,1,-0.9999999999999567,SL,False
S2-05,ny_or_break,AUDUSD,2020-06-02 15:00:00+00:00,2020-06-02 15:15:00+00:00,2020-06-02 19:00:00+00:00,1,0.20502470450617177,TIME,False
S2-05,ny_or_break,AUDUSD,2020-06-03 15:00:00+00:00,2020-06-03 15:15:00+00:00,2020-06-03 17:45:00+00:00,1,-0.9999999999999906,SL,False
S2-05,ny_or_break,AUDUSD,2020-06-04 14:15:00+00:00,2020-06-04 14:30:00+00:00,2020-06-04 14:45:00+00:00,1,1.25,TP,False
S2-05,ny_or_break,AUDUSD,2020-06-04 14:45:00+00:00,2020-06-04 15:00:00+00:00,2020-06-04 15:00:00+00:00,1,-1.000000000000018,SL,False
S2-05,ny_or_break,AUDUSD,2020-06-04 15:00:00+00:00,2020-06-04 15:15:00+00:00,2020-06-04 15:15:00+00:00,1,-1.0000000000000164,SL,False
S2-05,ny_or_break,AUDUSD,2020-06-04 15:15:00+00:00,2020-06-04 15:30:00+00:00,2020-06-04 19:15:00+00:00,1,-0.3789600111142482,TIME,False
S2-05,ny_or_break,AUDUSD,2020-06-11 12:30:00+00:00,2020-06-11 12:45:00+00:00,2020-06-11 13:30:00+00:00,-1,1.2499999999999638,TP,False
S2-05,ny_or_break,AUDUSD,2020-06-11 13:30:00+00:00,2020-06-11 13:45:00+00:00,2020-06-11 13:45:00+00:00,-1,-0.999999999999964,SL,False
S2-05,ny_or_break,AUDUSD,2020-06-11 14:45:00+00:00,2020-06-11 15:00:00+00:00,2020-06-11 15:45:00+00:00,-1,1.2500000000000204,TP,False
S2-05,ny_or_break,AUDUSD,2020-06-11 15:45:00+00:00,2020-06-11 16:00:00+00:00,2020-06-11 17:15:00+00:00,-1,1.250000000000019,TP,False
S2-05,ny_or_break,AUDUSD,2020-06-12 15:00:00+00:00,2020-06-12 15:15:00+00:00,2020-06-12 15:30:00+00:00,-1,-0.9999999999999815,SL,False
S2-05,ny_or_break,AUDUSD,2020-06-12 15:30:00+00:00,2020-06-12 15:45:00+00:00,2020-06-12 16:00:00+00:00,-1,-0.6989002618424185,FRIDAY,False
S2-05,ny_or_break,AUDUSD,2020-06-12 16:00:00+00:00,2020-06-12 16:15:00+00:00,2020-06-12 16:15:00+00:00,-1,0.10889296403541514,FRIDAY,False
S2-05,ny_or_break,AUDUSD,2020-06-12 16:15:00+00:00,2020-06-12 16:30:00+00:00,2020-06-12 16:30:00+00:00,-1,0.3249286124158829,FRIDAY,False
S2-05,ny_or_break,AUDUSD,2020-06-12 16:30:00+00:00,2020-06-12 16:45:00+00:00,2020-06-12 16:45:00+00:00,-1,0.13924821288093855,FRIDAY,False
S2-05,ny_or_break,AUDUSD,2020-06-12 16:45:00+00:00,2020-06-12 17:00:00+00:00,2020-06-12 17:00:00+00:00,-1,0.15159798828188026,FRIDAY,False
S2-05,ny_or_break,AUDUSD,2020-06-16 12:30:00+00:00,2020-06-16 12:45:00+00:00,2020-06-16 13:00:00+00:00,1,-0.9999999999999745,SL,False
S2-05,ny_or_break,AUDUSD,2020-06-18 13:00:00+00:00,2020-06-18 13:15:00+00:00,2020-06-18 13:45:00+00:00,-1,1.2499999999999702,TP,False
S2-05,ny_or_break,AUDUSD,2020-06-18 13:45:00+00:00,2020-06-18 14:00:00+00:00,2020-06-18 14:00:00+00:00,-1,-1.0000000000000133,SL,False
S2-05,ny_or_break,AUDUSD,2020-06-18 14:15:00+00:00,2020-06-18 14:30:00+00:00,2020-06-18 14:45:00+00:00,-1,-1.0000000000000124,SL,False
S2-05,ny_or_break,AUDUSD,2020-06-18 15:30:00+00:00,2020-06-18 15:45:00+00:00,2020-06-18 19:30:00+00:00,-1,-0.06167785278931381,TIME,False
S2-05,ny_or_break,AUDUSD,2020-06-19 16:00:00+00:00,2020-06-19 16:15:00+00:00,2020-06-19 16:15:00+00:00,-1,-0.34998078536864646,FRIDAY,False
S2-05,ny_or_break,AUDUSD,2020-06-19 16:15:00+00:00,2020-06-19 16:30:00+00:00,2020-06-19 16:30:00+00:00,-1,-0.4448389193203973,FRIDAY,False
S2-05,ny_or_break,AUDUSD,2020-06-19 16:30:00+00:00,2020-06-19 16:45:00+00:00,2020-06-19 16:45:00+00:00,-1,-1.0922233836505058,FRIDAY,False
S2-05,ny_or_break,AUDUSD,2020-06-22 13:45:00+00:00,2020-06-22 14:00:00+00:00,2020-06-22 14:15:00+00:00,1,1.2499999999999643,TP,False
S2-05,ny_or_break,AUDUSD,2020-06-22 14:15:00+00:00,2020-06-22 14:30:00+00:00,2020-06-22 14:45:00+00:00,1,-0.9999999999999835,SL,False
S2-05,ny_or_break,AUDUSD,2020-06-22 14:45:00+00:00,2020-06-22 15:00:00+00:00,2020-06-22 16:00:00+00:00,1,1.2500000000000153,TP,False
S2-05,ny_or_break,AUDUSD,2020-06-22 16:00:00+00:00,2020-06-22 16:15:00+00:00,2020-06-22 20:00:00+00:00,1,-0.5678074917172614,TIME,False
S2-05,ny_or_break,AUDUSD,2020-06-23 12:00:00+00:00,2020-06-23 12:15:00+00:00,2020-06-23 12:45:00+00:00,1,1.2499999999999811,TP,False
S2-05,ny_or_break,AUDUSD,2020-06-23 12:45:00+00:00,2020-06-23 13:00:00+00:00,2020-06-23 13:15:00+00:00,1,-1.0000000000000187,SL,False
S2-05,ny_or_break,AUDUSD,2020-06-23 13:15:00+00:00,2020-06-23 13:30:00+00:00,2020-06-23 13:45:00+00:00,1,-0.9999999999999453,SL,False
S2-05,ny_or_break,AUDUSD,2020-06-23 13:45:00+00:00,2020-06-23 14:00:00+00:00,2020-06-23 14:00:00+00:00,1,1.2499999999999467,TP,False
S2-05,ny_or_break,AUDUSD,2020-06-23 14:00:00+00:00,2020-06-23 14:15:00+00:00,2020-06-23 14:45:00+00:00,1,-1.0000000000000493,SL,False
S2-05,ny_or_break,AUDUSD,2020-06-23 14:45:00+00:00,2020-06-23 15:00:00+00:00,2020-06-23 15:45:00+00:00,1,-1.0000000000000162,SL,False
S2-05,ny_or_break,AUDUSD,2020-06-23 15:45:00+00:00,2020-06-23 16:00:00+00:00,2020-06-23 16:30:00+00:00,1,-1.0,SL,False
S2-05,ny_or_break,AUDUSD,2020-06-26 12:45:00+00:00,2020-06-26 13:00:00+00:00,2020-06-26 13:30:00+00:00,-1,1.250000000000027,TP,False
S2-05,ny_or_break,AUDUSD,2020-06-26 13:30:00+00:00,2020-06-26 13:45:00+00:00,2020-06-26 14:30:00+00:00,-1,1.2500000000000484,TP,False
S2-05,ny_or_break,AUDUSD,2020-06-26 14:30:00+00:00,2020-06-26 14:45:00+00:00,2020-06-26 15:30:00+00:00,-1,-1.000000000000041,SL,False
S2-05,ny_or_break,AUDUSD,2020-06-26 15:30:00+00:00,2020-06-26 15:45:00+00:00,2020-06-26 15:45:00+00:00,-1,-1.000000000000036,SL,False
S2-05,ny_or_break,AUDUSD,2020-06-26 15:45:00+00:00,2020-06-26 16:00:00+00:00,2020-06-26 16:00:00+00:00,-1,0.6302076096383002,FRIDAY,False
S2-05,ny_or_break,AUDUSD,2020-06-26 16:00:00+00:00,2020-06-26 16:15:00+00:00,2020-06-26 16:15:00+00:00,-1,-0.5052960633233275,FRIDAY,False
S2-05,ny_or_break,AUDUSD,2020-06-26 16:15:00+00:00,2020-06-26 16:30:00+00:00,2020-06-26 16:30:00+00:00,-1,-0.39849787025519245,FRIDAY,False
S2-05,ny_or_break,AUDUSD,2020-06-26 16:30:00+00:00,2020-06-26 16:45:00+00:00,2020-06-26 16:45:00+00:00,-1,-1.2246103841203935,FRIDAY,False
S2-05,ny_or_break,AUDUSD,2020-06-26 16:45:00+00:00,2020-06-26 17:00:00+00:00,2020-06-26 17:00:00+00:00,-1,-0.3023473594979518,FRIDAY,False
S2-05,ny_or_break,AUDUSD,2020-06-29 13:00:00+00:00,2020-06-29 13:15:00+00:00,2020-06-29 13:30:00+00:00,-1,1.250000000000064,TP,False
S2-05,ny_or_break,AUDUSD,2020-06-29 13:30:00+00:00,2020-06-29 13:45:00+00:00,2020-06-29 14:00:00+00:00,-1,1.2499999999999583,TP,False
S2-05,ny_or_break,AUDUSD,2020-06-29 14:00:00+00:00,2020-06-29 14:15:00+00:00,2020-06-29 14:30:00+00:00,-1,-1.0,SL,False
S2-05,ny_or_break,AUDUSD,2020-06-29 14:30:00+00:00,2020-06-29 14:45:00+00:00,2020-06-29 15:00:00+00:00,-1,1.2500000000000544,TP,False
S2-05,ny_or_break,AUDUSD,2020-06-29 15:00:00+00:00,2020-06-29 15:15:00+00:00,2020-06-29 16:15:00+00:00,-1,-0.9999999999999831,SL,False
S2-05,ny_or_break,AUDUSD,2020-06-29 16:15:00+00:00,2020-06-29 16:30:00+00:00,2020-06-29 20:00:00+00:00,-1,-0.9999999999999454,SL,False
S2-05,ny_or_break,AUDUSD,2020-07-01 13:30:00+00:00,2020-07-01 13:45:00+00:00,2020-07-01 14:00:00+00:00,1,1.25,TP,False
S2-05,ny_or_break,AUDUSD,2020-07-01 14:00:00+00:00,2020-07-01 14:15:00+00:00,2020-07-01 14:45:00+00:00,1,-0.9999999999999686,SL,False
S2-05,ny_or_break,AUDUSD,2020-07-01 14:45:00+00:00,2020-07-01 15:00:00+00:00,2020-07-01 15:00:00+00:00,1,-0.9999999999999855,SL,False
S2-05,ny_or_break,AUDUSD,2020-07-01 15:00:00+00:00,2020-07-01 15:15:00+00:00,2020-07-01 15:15:00+00:00,1,-0.9999999999999577,SL,False
S2-05,ny_or_break,AUDUSD,2020-07-01 16:15:00+00:00,2020-07-01 16:30:00+00:00,2020-07-01 16:45:00+00:00,1,-0.999999999999985,SL,False
S2-05,ny_or_break,AUDUSD,2020-07-02 13:45:00+00:00,2020-07-02 14:00:00+00:00,2020-07-02 14:15:00+00:00,1,-1.0000000000000546,SL,False
S2-05,ny_or_break,AUDUSD,2020-07-06 12:45:00+00:00,2020-07-06 13:00:00+00:00,2020-07-06 13:00:00+00:00,1,-0.9999999999999261,SL,False
S2-05,ny_or_break,AUDUSD,2020-07-06 13:30:00+00:00,2020-07-06 13:45:00+00:00,2020-07-06 14:00:00+00:00,1,-0.999999999999953,SL,False
S2-05,ny_or_break,AUDUSD,2020-07-06 14:45:00+00:00,2020-07-06 15:00:00+00:00,2020-07-06 15:00:00+00:00,1,-1.0000000000000595,SL,False
S2-05,ny_or_break,AUDUSD,2020-07-07 14:00:00+00:00,2020-07-07 14:15:00+00:00,2020-07-07 14:30:00+00:00,1,-0.9999999999999797,SL,False
S2-05,ny_or_break,AUDUSD,2020-07-07 14:30:00+00:00,2020-07-07 14:45:00+00:00,2020-07-07 15:00:00+00:00,1,1.25,TP,False
S2-05,ny_or_break,AUDUSD,2020-07-07 15:00:00+00:00,2020-07-07 15:15:00+00:00,2020-07-07 16:45:00+00:00,1,-1.000000000000035,SL,False
S2-05,ny_or_break,AUDUSD,2020-07-07 16:45:00+00:00,2020-07-07 17:00:00+00:00,2020-07-07 18:30:00+00:00,1,-1.0000000000000533,SL,False
S2-05,ny_or_break,AUDUSD,2020-07-08 16:00:00+00:00,2020-07-08 16:15:00+00:00,2020-07-08 20:00:00+00:00,1,0.9725133725884806,TIME,False
S2-05,ny_or_break,AUDUSD,2020-07-13 14:00:00+00:00,2020-07-13 14:15:00+00:00,2020-07-13 15:00:00+00:00,1,1.25,TP,False
S2-05,ny_or_break,AUDUSD,2020-07-13 15:00:00+00:00,2020-07-13 15:15:00+00:00,2020-07-13 15:30:00+00:00,1,-1.0,SL,False
S2-05,ny_or_break,AUDUSD,2020-07-13 15:30:00+00:00,2020-07-13 15:45:00+00:00,2020-07-13 18:00:00+00:00,1,-0.9999999999999771,SL,False
S2-05,ny_or_break,AUDUSD,2020-07-15 12:00:00+00:00,2020-07-15 12:15:00+00:00,2020-07-15 13:30:00+00:00,1,1.250000000000081,TP,False
S2-05,ny_or_break,AUDUSD,2020-07-15 13:30:00+00:00,2020-07-15 13:45:00+00:00,2020-07-15 13:45:00+00:00,1,-1.0000000000000875,SL,False
S2-05,ny_or_break,AUDUSD,2020-07-16 14:15:00+00:00,2020-07-16 14:30:00+00:00,2020-07-16 14:45:00+00:00,1,-1.00000000000004,SL,False
S2-05,ny_or_break,AUDUSD,2020-07-16 14:45:00+00:00,2020-07-16 15:00:00+00:00,2020-07-16 16:45:00+00:00,1,-1.0000000000000369,SL,False
S2-05,ny_or_break,AUDUSD,2020-07-17 12:30:00+00:00,2020-07-17 12:45:00+00:00,2020-07-17 13:15:00+00:00,-1,-0.9999999999998966,SL,False
S2-05,ny_or_break,AUDUSD,2020-07-17 14:15:00+00:00,2020-07-17 14:30:00+00:00,2020-07-17 14:30:00+00:00,-1,-0.9999999999999134,SL,False
S2-05,ny_or_break,AUDUSD,2020-07-20 14:15:00+00:00,2020-07-20 14:30:00+00:00,2020-07-20 15:15:00+00:00,1,-1.0000000000000713,SL,False
S2-05,ny_or_break,AUDUSD,2020-07-20 15:15:00+00:00,2020-07-20 15:30:00+00:00,2020-07-20 19:15:00+00:00,1,0.8073186234450195,TIME,False
S2-05,ny_or_break,AUDUSD,2020-07-21 12:15:00+00:00,2020-07-21 12:30:00+00:00,2020-07-21 12:45:00+00:00,1,1.2500000000000213,TP,False
S2-05,ny_or_break,AUDUSD,2020-07-21 12:45:00+00:00,2020-07-21 13:00:00+00:00,2020-07-21 13:45:00+00:00,1,1.2499999999999807,TP,False
S2-05,ny_or_break,AUDUSD,2020-07-21 13:45:00+00:00,2020-07-21 14:00:00+00:00,2020-07-21 14:15:00+00:00,1,-1.0,SL,False
S2-05,ny_or_break,AUDUSD,2020-07-21 14:15:00+00:00,2020-07-21 14:30:00+00:00,2020-07-21 14:45:00+00:00,1,1.249999999999965,TP,False
S2-05,ny_or_break,AUDUSD,2020-07-21 14:45:00+00:00,2020-07-21 15:00:00+00:00,2020-07-21 16:15:00+00:00,1,1.25,TP,False
S2-05,ny_or_break,AUDUSD,2020-07-21 16:15:00+00:00,2020-07-21 16:30:00+00:00,2020-07-21 17:30:00+00:00,1,1.250000000000051,TP,False
S2-05,ny_or_break,AUDUSD,2020-07-22 12:15:00+00:00,2020-07-22 12:30:00+00:00,2020-07-22 12:45:00+00:00,1,-0.9999999999999473,SL,False
S2-05,ny_or_break,AUDUSD,2020-07-27 13:45:00+00:00,2020-07-27 14:00:00+00:00,2020-07-27 14:15:00+00:00,1,-1.0000000000000537,SL,False
S2-05,ny_or_break,AUDUSD,2020-07-27 14:15:00+00:00,2020-07-27 14:30:00+00:00,2020-07-27 15:15:00+00:00,1,-0.9999999999999469,SL,False
S2-05,ny_or_break,AUDUSD,2020-07-28 14:00:00+00:00,2020-07-28 14:15:00+00:00,2020-07-28 14:15:00+00:00,1,-1.0,SL,False
S2-05,ny_or_break,AUDUSD,2020-07-28 14:45:00+00:00,2020-07-28 15:00:00+00:00,2020-07-28 18:45:00+00:00,1,-0.043323829581625915,TIME,False
S2-05,ny_or_break,AUDUSD,2020-08-03 12:30:00+00:00,2020-08-03 12:45:00+00:00,2020-08-03 13:30:00+00:00,-1,1.2499999999999611,TP,False
S2-05,ny_or_break,AUDUSD,2020-08-03 13:30:00+00:00,2020-08-03 13:45:00+00:00,2020-08-03 14:00:00+00:00,-1,-1.000000000000039,SL,False
S2-05,ny_or_break,AUDUSD,2020-08-03 14:00:00+00:00,2020-08-03 14:15:00+00:00,2020-08-03 14:45:00+00:00,-1,-0.9999999999999583,SL,False
S2-05,ny_or_break,AUDUSD,2020-08-04 13:00:00+00:00,2020-08-04 13:15:00+00:00,2020-08-04 13:45:00+00:00,-1,-1.0,SL,False
S2-05,ny_or_break,AUDUSD,2020-08-05 12:15:00+00:00,2020-08-05 12:30:00+00:00,2020-08-05 12:30:00+00:00,1,-1.0000000000000178,SL,False
S2-05,ny_or_break,AUDUSD,2020-08-05 12:45:00+00:00,2020-08-05 13:00:00+00:00,2020-08-05 13:45:00+00:00,1,1.249999999999983,TP,False
S2-05,ny_or_break,AUDUSD,2020-08-05 13:45:00+00:00,2020-08-05 14:00:00+00:00,2020-08-05 14:15:00+00:00,1,-1.0000000000000326,SL,False
S2-05,ny_or_break,AUDUSD,2020-08-05 14:15:00+00:00,2020-08-05 14:30:00+00:00,2020-08-05 15:45:00+00:00,1,-1.0000000000000482,SL,False
S2-05,ny_or_break,AUDUSD,2020-08-06 13:30:00+00:00,2020-08-06 13:45:00+00:00,2020-08-06 13:45:00+00:00,1,1.2500000000000375,TP,False
S2-05,ny_or_break,AUDUSD,2020-08-06 13:45:00+00:00,2020-08-06 14:00:00+00:00,2020-08-06 14:00:00+00:00,1,-1.0,SL,False
S2-05,ny_or_break,AUDUSD,2020-08-06 14:00:00+00:00,2020-08-06 14:15:00+00:00,2020-08-06 14:30:00+00:00,1,-1.0000000000000524,SL,False
S2-05,ny_or_break,AUDUSD,2020-08-06 14:45:00+00:00,2020-08-06 15:00:00+00:00,2020-08-06 16:00:00+00:00,1,1.2499999999999578,TP,False
S2-05,ny_or_break,AUDUSD,2020-08-06 16:00:00+00:00,2020-08-06 16:15:00+00:00,2020-08-06 20:00:00+00:00,1,0.15443777560867547,TIME,False
S2-05,ny_or_break,AUDUSD,2020-08-11 15:45:00+00:00,2020-08-11 16:00:00+00:00,2020-08-11 16:15:00+00:00,-1,-1.0,SL,False
S2-05,ny_or_break,AUDUSD,2020-08-13 14:15:00+00:00,2020-08-13 14:30:00+00:00,2020-08-13 14:30:00+00:00,1,-1.0000000000000644,SL,False
S2-05,ny_or_break,AUDUSD,2020-08-17 12:15:00+00:00,2020-08-17 12:30:00+00:00,2020-08-17 13:15:00+00:00,1,1.2499999999999152,TP,False
S2-05,ny_or_break,AUDUSD,2020-08-17 13:15:00+00:00,2020-08-17 13:30:00+00:00,2020-08-17 13:30:00+00:00,1,1.2500000000000535,TP,False
S2-05,ny_or_break,AUDUSD,2020-08-17 13:30:00+00:00,2020-08-17 13:45:00+00:00,2020-08-17 14:30:00+00:00,1,1.2499999999999512,TP,False
S2-05,ny_or_break,AUDUSD,2020-08-17 14:30:00+00:00,2020-08-17 14:45:00+00:00,2020-08-17 14:45:00+00:00,1,-0.9999999999999314,SL,False
S2-05,ny_or_break,AUDUSD,2020-08-17 14:45:00+00:00,2020-08-17 15:00:00+00:00,2020-08-17 18:45:00+00:00,1,0.3602695515807178,TIME,False
S2-05,ny_or_break,AUDUSD,2020-08-18 12:15:00+00:00,2020-08-18 12:30:00+00:00,2020-08-18 12:30:00+00:00,1,-1.000000000000026,SL,False
S2-05,ny_or_break,AUDUSD,2020-08-18 12:30:00+00:00,2020-08-18 12:45:00+00:00,2020-08-18 13:30:00+00:00,1,1.2500000000000246,TP,False
S2-05,ny_or_break,AUDUSD,2020-08-18 13:30:00+00:00,2020-08-18 13:45:00+00:00,2020-08-18 13:45:00+00:00,1,-0.9999999999999333,SL,False
S2-05,ny_or_break,AUDUSD,2020-08-18 13:45:00+00:00,2020-08-18 14:00:00+00:00,2020-08-18 14:00:00+00:00,1,-1.0000000000000213,SL,False
S2-05,ny_or_break,AUDUSD,2020-08-18 14:00:00+00:00,2020-08-18 14:15:00+00:00,2020-08-18 14:15:00+00:00,1,-0.9999999999999628,SL,False
S2-05,ny_or_break,AUDUSD,2020-08-18 15:00:00+00:00,2020-08-18 15:15:00+00:00,2020-08-18 16:00:00+00:00,1,-1.000000000000027,SL,False
S2-05,ny_or_break,AUDUSD,2020-08-18 16:30:00+00:00,2020-08-18 16:45:00+00:00,2020-08-18 20:30:00+00:00,1,0.2790052951124172,TIME,False
S2-05,ny_or_break,AUDUSD,2020-08-20 13:00:00+00:00,2020-08-20 13:15:00+00:00,2020-08-20 13:30:00+00:00,-1,-0.9999999999999635,SL,False
S2-05,ny_or_break,AUDUSD,2020-08-21 12:00:00+00:00,2020-08-21 12:15:00+00:00,2020-08-21 12:30:00+00:00,-1,-0.9999999999999802,SL,False
S2-05,ny_or_break,AUDUSD,2020-08-21 12:30:00+00:00,2020-08-21 12:45:00+00:00,2020-08-21 12:45:00+00:00,-1,-0.9999999999999419,SL,False
S2-05,ny_or_break,AUDUSD,2020-08-21 13:45:00+00:00,2020-08-21 14:00:00+00:00,2020-08-21 14:45:00+00:00,-1,-0.9999999999999684,SL,False
S2-05,ny_or_break,AUDUSD,2020-08-21 14:45:00+00:00,2020-08-21 15:00:00+00:00,2020-08-21 16:00:00+00:00,-1,0.045854634710692115,FRIDAY,False
S2-05,ny_or_break,AUDUSD,2020-08-21 16:00:00+00:00,2020-08-21 16:15:00+00:00,2020-08-21 16:15:00+00:00,-1,0.31453370003928993,FRIDAY,False
S2-05,ny_or_break,AUDUSD,2020-08-21 16:15:00+00:00,2020-08-21 16:30:00+00:00,2020-08-21 16:30:00+00:00,-1,0.3367955146190724,FRIDAY,False
S2-05,ny_or_break,AUDUSD,2020-08-21 16:30:00+00:00,2020-08-21 16:45:00+00:00,2020-08-21 16:45:00+00:00,-1,-0.4371388076297191,FRIDAY,False
S2-05,ny_or_break,AUDUSD,2020-08-21 16:45:00+00:00,2020-08-21 17:00:00+00:00,2020-08-21 17:00:00+00:00,-1,0.06859606270861514,FRIDAY,False
S2-05,ny_or_break,AUDUSD,2020-08-24 14:45:00+00:00,2020-08-24 15:00:00+00:00,2020-08-24 18:45:00+00:00,-1,1.25,TP,False
S2-05,ny_or_break,AUDUSD,2020-08-26 13:30:00+00:00,2020-08-26 13:45:00+00:00,2020-08-26 14:15:00+00:00,1,1.2500000000000455,TP,False
S2-05,ny_or_break,AUDUSD,2020-08-26 14:15:00+00:00,2020-08-26 14:30:00+00:00,2020-08-26 14:45:00+00:00,1,-0.9999999999999596,SL,False
S2-05,ny_or_break,AUDUSD,2020-08-26 14:45:00+00:00,2020-08-26 15:00:00+00:00,2020-08-26 16:15:00+00:00,1,1.249999999999939,TP,False
S2-05,ny_or_break,AUDUSD,2020-08-26 16:15:00+00:00,2020-08-26 16:30:00+00:00,2020-08-26 18:30:00+00:00,1,-0.9999999999999574,SL,False
S2-05,ny_or_break,AUDUSD,2020-08-27 13:00:00+00:00,2020-08-27 13:15:00+00:00,2020-08-27 13:15:00+00:00,1,-0.9999999999999443,SL,False
S2-05,ny_or_break,AUDUSD,2020-08-27 13:15:00+00:00,2020-08-27 13:30:00+00:00,2020-08-27 13:30:00+00:00,1,-1.0,SL,False
S2-05,ny_or_break,AUDUSD,2020-08-27 16:00:00+00:00,2020-08-27 16:15:00+00:00,2020-08-27 16:45:00+00:00,1,-0.999999999999983,SL,False
S2-05,ny_or_break,AUDUSD,2020-08-28 15:00:00+00:00,2020-08-28 15:15:00+00:00,2020-08-28 16:00:00+00:00,1,-0.4636755610258316,FRIDAY,False
S2-05,ny_or_break,AUDUSD,2020-08-28 16:00:00+00:00,2020-08-28 16:15:00+00:00,2020-08-28 16:15:00+00:00,1,-0.2842175306998972,FRIDAY,False
S2-05,ny_or_break,AUDUSD,2020-08-28 16:15:00+00:00,2020-08-28 16:30:00+00:00,2020-08-28 16:30:00+00:00,1,-0.6025111514951265,FRIDAY,False
S2-05,ny_or_break,AUDUSD,2020-08-31 14:00:00+00:00,2020-08-31 14:15:00+00:00,2020-08-31 14:45:00+00:00,1,1.2499999999999623,TP,False
S2-05,ny_or_break,AUDUSD,2020-08-31 14:45:00+00:00,2020-08-31 15:00:00+00:00,2020-08-31 15:00:00+00:00,1,-1.0000000000000167,SL,False
S2-05,ny_or_break,AUDUSD,2020-08-31 15:00:00+00:00,2020-08-31 15:15:00+00:00,2020-08-31 19:00:00+00:00,1,-0.13819580960061834,TIME,False
S2-05,ny_or_break,AUDUSD,2020-09-02 13:15:00+00:00,2020-09-02 13:30:00+00:00,2020-09-02 13:45:00+00:00,-1,1.2500000000000544,TP,False
S2-05,ny_or_break,AUDUSD,2020-09-02 13:45:00+00:00,2020-09-02 14:00:00+00:00,2020-09-02 14:30:00+00:00,-1,-1.0,SL,False
S2-05,ny_or_break,AUDUSD,2020-09-02 14:30:00+00:00,2020-09-02 14:45:00+00:00,2020-09-02 16:45:00+00:00,-1,-0.9999999999999578,SL,False
S2-05,ny_or_break,AUDUSD,2020-09-03 12:00:00+00:00,2020-09-03 12:15:00+00:00,2020-09-03 12:15:00+00:00,-1,-1.0000000000000708,SL,False
S2-05,ny_or_break,AUDUSD,2020-09-03 15:00:00+00:00,2020-09-03 15:15:00+00:00,2020-09-03 17:00:00+00:00,-1,1.25,TP,False
S2-05,ny_or_break,AUDUSD,2020-09-04 13:15:00+00:00,2020-09-04 13:30:00+00:00,2020-09-04 13:30:00+00:00,-1,-0.9999999999999418,SL,False
S2-05,ny_or_break,AUDUSD,2020-09-04 13:30:00+00:00,2020-09-04 13:45:00+00:00,2020-09-04 14:00:00+00:00,-1,1.25,TP,False
S2-05,ny_or_break,AUDUSD,2020-09-04 14:00:00+00:00,2020-09-04 14:15:00+00:00,2020-09-04 14:45:00+00:00,-1,-0.9999999999999699,SL,False
S2-05,ny_or_break,AUDUSD,2020-09-04 14:45:00+00:00,2020-09-04 15:00:00+00:00,2020-09-04 15:30:00+00:00,-1,-1.0,SL,False
S2-05,ny_or_break,AUDUSD,2020-09-04 15:30:00+00:00,2020-09-04 15:45:00+00:00,2020-09-04 16:00:00+00:00,-1,-0.7150522644118333,FRIDAY,False
S2-05,ny_or_break,AUDUSD,2020-09-08 12:00:00+00:00,2020-09-08 12:15:00+00:00,2020-09-08 12:15:00+00:00,-1,-1.0000000000000573,SL,False
S2-05,ny_or_break,AUDUSD,2020-09-08 12:15:00+00:00,2020-09-08 12:30:00+00:00,2020-09-08 13:15:00+00:00,-1,1.250000000000037,TP,False
S2-05,ny_or_break,AUDUSD,2020-09-08 13:15:00+00:00,2020-09-08 13:30:00+00:00,2020-09-08 13:45:00+00:00,-1,1.250000000000053,TP,False
S2-05,ny_or_break,AUDUSD,2020-09-08 13:45:00+00:00,2020-09-08 14:00:00+00:00,2020-09-08 14:00:00+00:00,-1,-0.9999999999999845,SL,False
S2-05,ny_or_break,AUDUSD,2020-09-08 14:30:00+00:00,2020-09-08 14:45:00+00:00,2020-09-08 18:30:00+00:00,-1,1.2500000000000266,TP,False
S2-05,ny_or_break,AUDUSD,2020-09-10 12:30:00+00:00,2020-09-10 12:45:00+00:00,2020-09-10 13:00:00+00:00,1,1.2499999999999818,TP,False
S2-05,ny_or_break,AUDUSD,2020-09-10 13:00:00+00:00,2020-09-10 13:15:00+00:00,2020-09-10 13:45:00+00:00,1,1.25,TP,False
S2-05,ny_or_break,AUDUSD,2020-09-10 13:45:00+00:00,2020-09-10 14:00:00+00:00,2020-09-10 14:15:00+00:00,1,-0.9999999999999706,SL,False
S2-05,ny_or_break,AUDUSD,2020-09-10 14:15:00+00:00,2020-09-10 14:30:00+00:00,2020-09-10 14:45:00+00:00,1,-1.0,SL,False
S2-05,ny_or_break,AUDUSD,2020-09-10 14:45:00+00:00,2020-09-10 15:00:00+00:00,2020-09-10 16:30:00+00:00,1,-1.0,SL,False
S2-05,ny_or_break,AUDUSD,2020-09-14 14:00:00+00:00,2020-09-14 14:15:00+00:00,2020-09-14 14:30:00+00:00,1,-0.9999999999999704,SL,False
S2-05,ny_or_break,AUDUSD,2020-09-14 14:30:00+00:00,2020-09-14 14:45:00+00:00,2020-09-14 14:45:00+00:00,1,-0.9999999999999457,SL,False
S2-05,ny_or_break,AUDUSD,2020-09-14 14:45:00+00:00,2020-09-14 15:00:00+00:00,2020-09-14 15:30:00+00:00,1,1.2499999999999258,TP,False
S2-05,ny_or_break,AUDUSD,2020-09-14 15:30:00+00:00,2020-09-14 15:45:00+00:00,2020-09-14 15:45:00+00:00,1,-1.0000000000000486,SL,False
S2-05,ny_or_break,AUDUSD,2020-09-14 15:45:00+00:00,2020-09-14 16:00:00+00:00,2020-09-14 16:45:00+00:00,1,-1.0,SL,False
S2-05,ny_or_break,AUDUSD,2020-09-14 16:45:00+00:00,2020-09-14 17:00:00+00:00,2020-09-14 17:00:00+00:00,1,-0.9999999999999752,SL,False
S2-05,ny_or_break,AUDUSD,2020-09-15 13:00:00+00:00,2020-09-15 13:15:00+00:00,2020-09-15 13:45:00+00:00,1,-0.9999999999999425,SL,False
S2-05,ny_or_break,AUDUSD,2020-09-21 12:15:00+00:00,2020-09-21 12:30:00+00:00,2020-09-21 13:15:00+00:00,-1,1.2499999999999452,TP,False
S2-05,ny_or_break,AUDUSD,2020-09-21 13:15:00+00:00,2020-09-21 13:30:00+00:00,2020-09-21 13:30:00+00:00,-1,1.2500000000000167,TP,False
S2-05,ny_or_break,AUDUSD,2020-09-21 13:30:00+00:00,2020-09-21 13:45:00+00:00,2020-09-21 14:00:00+00:00,-1,1.249999999999969,TP,False
S2-05,ny_or_break,AUDUSD,2020-09-21 14:00:00+00:00,2020-09-21 14:15:00+00:00,2020-09-21 14:30:00+00:00,-1,1.25,TP,False
S2-05,ny_or_break,AUDUSD,2020-09-21 14:30:00+00:00,2020-09-21 14:45:00+00:00,2020-09-21 18:30:00+00:00,-1,0.06964296305082734,TIME,False
S2-05,ny_or_break,AUDUSD,2020-09-22 14:45:00+00:00,2020-09-22 15:00:00+00:00,2020-09-22 16:45:00+00:00,-1,1.250000000000027,TP,False
S2-05,ny_or_break,AUDUSD,2020-09-22 16:45:00+00:00,2020-09-22 17:00:00+00:00,2020-09-22 17:30:00+00:00,-1,-1.0000000000000415,SL,False
S2-05,ny_or_break,AUDUSD,2020-09-23 12:15:00+00:00,2020-09-23 12:30:00+00:00,2020-09-23 13:30:00+00:00,-1,-0.9999999999999796,SL,False
S2-05,ny_or_break,AUDUSD,2020-09-23 13:45:00+00:00,2020-09-23 14:00:00+00:00,2020-09-23 14:15:00+00:00,-1,1.2500000000000577,TP,False
S2-05,ny_or_break,AUDUSD,2020-09-23 14:15:00+00:00,2020-09-23 14:30:00+00:00,2020-09-23 14:45:00+00:00,-1,-1.0000000000000178,SL,False
S2-05,ny_or_break,AUDUSD,2020-09-23 14:45:00+00:00,2020-09-23 15:00:00+00:00,2020-09-23 15:00:00+00:00,-1,-1.0000000000000167,SL,False
S2-05,ny_or_break,AUDUSD,2020-09-23 15:00:00+00:00,2020-09-23 15:15:00+00:00,2020-09-23 15:30:00+00:00,-1,1.2500000000000322,TP,False
S2-05,ny_or_break,AUDUSD,2020-09-23 15:30:00+00:00,2020-09-23 15:45:00+00:00,2020-09-23 18:15:00+00:00,-1,1.2500000000000475,TP,False
S2-05,ny_or_break,AUDUSD,2020-09-24 12:30:00+00:00,2020-09-24 12:45:00+00:00,2020-09-24 13:15:00+00:00,-1,-1.0000000000000182,SL,False
S2-05,ny_or_break,AUDUSD,2020-09-24 13:30:00+00:00,2020-09-24 13:45:00+00:00,2020-09-24 13:45:00+00:00,-1,-1.0,SL,False
S2-05,ny_or_break,AUDUSD,2020-09-24 13:45:00+00:00,2020-09-24 14:00:00+00:00,2020-09-24 14:00:00+00:00,-1,-0.9999999999999694,SL,False
S2-05,ny_or_break,AUDUSD,2020-09-24 14:30:00+00:00,2020-09-24 14:45:00+00:00,2020-09-24 15:30:00+00:00,-1,-0.999999999999987,SL,False
S2-05,ny_or_break,AUDUSD,2020-09-25 13:45:00+00:00,2020-09-25 14:00:00+00:00,2020-09-25 14:00:00+00:00,-1,1.25,TP,False
S2-05,ny_or_break,AUDUSD,2020-09-25 14:00:00+00:00,2020-09-25 14:15:00+00:00,2020-09-25 14:15:00+00:00,-1,-0.9999999999999694,SL,False
S2-05,ny_or_break,AUDUSD,2020-09-25 14:15:00+00:00,2020-09-25 14:30:00+00:00,2020-09-25 15:30:00+00:00,-1,1.2500000000000435,TP,False
S2-05,ny_or_break,AUDUSD,2020-09-25 15:30:00+00:00,2020-09-25 15:45:00+00:00,2020-09-25 16:00:00+00:00,-1,-1.1423390273971052,FRIDAY,False
S2-05,ny_or_break,AUDUSD,2020-09-25 16:00:00+00:00,2020-09-25 16:15:00+00:00,2020-09-25 16:15:00+00:00,-1,0.5354210654160204,FRIDAY,False
S2-05,ny_or_break,AUDUSD,2020-09-25 16:15:00+00:00,2020-09-25 16:30:00+00:00,2020-09-25 16:30:00+00:00,-1,-0.4915263738111698,FRIDAY,False
S2-05,ny_or_break,AUDUSD,2020-09-25 16:30:00+00:00,2020-09-25 16:45:00+00:00,2020-09-25 16:45:00+00:00,-1,-0.0991909360271428,FRIDAY,False
S2-05,ny_or_break,AUDUSD,2020-09-25 16:45:00+00:00,2020-09-25 17:00:00+00:00,2020-09-25 17:00:00+00:00,-1,-0.05594644253167772,FRIDAY,False
S2-05,ny_or_break,AUDUSD,2020-09-29 12:15:00+00:00,2020-09-29 12:30:00+00:00,2020-09-29 12:30:00+00:00,1,-1.000000000000023,SL,False
S2-05,ny_or_break,AUDUSD,2020-09-30 13:00:00+00:00,2020-09-30 13:15:00+00:00,2020-09-30 13:15:00+00:00,1,-0.9999999999999434,SL,False
S2-05,ny_or_break,AUDUSD,2020-09-30 13:15:00+00:00,2020-09-30 13:30:00+00:00,2020-09-30 13:30:00+00:00,1,-0.9999999999999448,SL,False
S2-05,ny_or_break,AUDUSD,2020-09-30 13:45:00+00:00,2020-09-30 14:00:00+00:00,2020-09-30 14:15:00+00:00,1,1.2499999999999658,TP,False
S2-05,ny_or_break,AUDUSD,2020-09-30 14:15:00+00:00,2020-09-30 14:30:00+00:00,2020-09-30 14:45:00+00:00,1,1.2499999999999838,TP,False
S2-05,ny_or_break,AUDUSD,2020-09-30 14:45:00+00:00,2020-09-30 15:00:00+00:00,2020-09-30 18:30:00+00:00,1,-1.0000000000000147,SL,False
S2-05,ny_or_break,AUDUSD,2020-10-05 13:30:00+00:00,2020-10-05 13:45:00+00:00,2020-10-05 14:00:00+00:00,1,-0.9999999999999176,SL,False
S2-05,ny_or_break,AUDUSD,2020-10-05 14:45:00+00:00,2020-10-05 15:00:00+00:00,2020-10-05 15:15:00+00:00,1,-1.0000000000000233,SL,False
S2-05,ny_or_break,AUDUSD,2020-10-09 12:15:00+00:00,2020-10-09 12:30:00+00:00,2020-10-09 12:30:00+00:00,1,1.2500000000001021,TP,False
S2-05,ny_or_break,AUDUSD,2020-10-09 12:30:00+00:00,2020-10-09 12:45:00+00:00,2020-10-09 12:45:00+00:00,1,1.249999999999906,TP,False
S2-05,ny_or_break,AUDUSD,2020-10-09 12:45:00+00:00,2020-10-09 13:00:00+00:00,2020-10-09 13:30:00+00:00,1,1.2500000000000295,TP,False
S2-05,ny_or_break,AUDUSD,2020-10-09 13:30:00+00:00,2020-10-09 13:45:00+00:00,2020-10-09 13:45:00+00:00,1,-1.0,SL,False
S2-05,ny_or_break,AUDUSD,2020-10-09 13:45:00+00:00,2020-10-09 14:00:00+00:00,2020-10-09 14:45:00+00:00,1,1.2500000000000548,TP,False
S2-05,ny_or_break,AUDUSD,2020-10-09 14:45:00+00:00,2020-10-09 15:00:00+00:00,2020-10-09 15:30:00+00:00,1,1.2500000000000244,TP,False
S2-05,ny_or_break,AUDUSD,2020-10-09 15:30:00+00:00,2020-10-09 15:45:00+00:00,2020-10-09 16:00:00+00:00,1,-0.34150891964745433,FRIDAY,False
S2-05,ny_or_break,AUDUSD,2020-10-09 16:00:00+00:00,2020-10-09 16:15:00+00:00,2020-10-09 16:15:00+00:00,1,-0.30774672334628056,FRIDAY,False
S2-05,ny_or_break,AUDUSD,2020-10-09 16:15:00+00:00,2020-10-09 16:30:00+00:00,2020-10-09 16:30:00+00:00,1,-0.0989763967480588,FRIDAY,False
S2-05,ny_or_break,AUDUSD,2020-10-09 16:30:00+00:00,2020-10-09 16:45:00+00:00,2020-10-09 16:45:00+00:00,1,-0.7314469462691108,FRIDAY,False
S2-05,ny_or_break,AUDUSD,2020-10-09 16:45:00+00:00,2020-10-09 17:00:00+00:00,2020-10-09 17:00:00+00:00,1,-0.2675857747140843,FRIDAY,False
S2-05,ny_or_break,AUDUSD,2020-10-13 13:15:00+00:00,2020-10-13 13:30:00+00:00,2020-10-13 13:30:00+00:00,-1,1.2500000000000266,TP,False
S2-05,ny_or_break,AUDUSD,2020-10-13 13:30:00+00:00,2020-10-13 13:45:00+00:00,2020-10-13 14:45:00+00:00,-1,1.2499999999999745,TP,False
S2-05,ny_or_break,AUDUSD,2020-10-13 14:45:00+00:00,2020-10-13 15:00:00+00:00,2020-10-13 16:30:00+00:00,-1,1.2500000000000582,TP,False
S2-05,ny_or_break,AUDUSD,2020-10-13 16:30:00+00:00,2020-10-13 16:45:00+00:00,2020-10-13 20:30:00+00:00,-1,-0.516568095276675,TIME,False
S2-05,ny_or_break,AUDUSD,2020-10-15 12:00:00+00:00,2020-10-15 12:15:00+00:00,2020-10-15 12:15:00+00:00,-1,-1.0000000000000229,SL,False
S2-05,ny_or_break,AUDUSD,2020-10-15 13:00:00+00:00,2020-10-15 13:15:00+00:00,2020-10-15 13:30:00+00:00,-1,-0.9999999999999598,SL,False
S2-05,ny_or_break,AUDUSD,2020-10-15 14:30:00+00:00,2020-10-15 14:45:00+00:00,2020-10-15 14:45:00+00:00,-1,-0.9999999999999458,SL,False
S2-05,ny_or_break,AUDUSD,2020-10-19 15:15:00+00:00,2020-10-19 15:30:00+00:00,2020-10-19 18:30:00+00:00,-1,1.25,TP,False
S2-05,ny_or_break,AUDUSD,2020-10-20 13:00:00+00:00,2020-10-20 13:15:00+00:00,2020-10-20 13:30:00+00:00,-1,-1.0000000000000553,SL,False
S2-05,ny_or_break,AUDUSD,2020-10-21 12:15:00+00:00,2020-10-21 12:30:00+00:00,2020-10-21 12:30:00+00:00,1,1.2500000000000535,TP,False
S2-05,ny_or_break,AUDUSD,2020-10-21 12:30:00+00:00,2020-10-21 12:45:00+00:00,2020-10-21 13:00:00+00:00,1,-1.000000000000049,SL,False
S2-05,ny_or_break,AUDUSD,2020-10-21 13:00:00+00:00,2020-10-21 13:15:00+00:00,2020-10-21 13:15:00+00:00,1,-0.9999999999999758,SL,False
S2-05,ny_or_break,AUDUSD,2020-10-21 13:15:00+00:00,2020-10-21 13:30:00+00:00,2020-10-21 13:30:00+00:00,1,1.2500000000000449,TP,False
S2-05,ny_or_break,AUDUSD,2020-10-21 13:30:00+00:00,2020-10-21 13:45:00+00:00,2020-10-21 14:15:00+00:00,1,1.249999999999938,TP,False
S2-05,ny_or_break,AUDUSD,2020-10-21 14:15:00+00:00,2020-10-21 14:30:00+00:00,2020-10-21 15:15:00+00:00,1,-1.0,SL,False
S2-05,ny_or_break,AUDUSD,2020-10-21 15:15:00+00:00,2020-10-21 15:30:00+00:00,2020-10-21 16:15:00+00:00,1,1.2500000000000164,TP,False
S2-05,ny_or_break,AUDUSD,2020-10-21 16:15:00+00:00,2020-10-21 16:30:00+00:00,2020-10-21 17:30:00+00:00,1,-0.9999999999999637,SL,False
S2-05,ny_or_break,AUDUSD,2020-10-27 15:30:00+00:00,2020-10-27 15:45:00+00:00,2020-10-27 18:45:00+00:00,1,-0.9999999999999203,SL,False
S2-05,ny_or_break,AUDUSD,2020-10-28 12:15:00+00:00,2020-10-28 12:30:00+00:00,2020-10-28 12:30:00+00:00,-1,1.2500000000000522,TP,False
S2-05,ny_or_break,AUDUSD,2020-10-28 12:30:00+00:00,2020-10-28 12:45:00+00:00,2020-10-28 12:45:00+00:00,-1,-1.0000000000000322,SL,False
S2-05,ny_or_break,AUDUSD,2020-10-28 12:45:00+00:00,2020-10-28 13:00:00+00:00,2020-10-28 14:00:00+00:00,-1,1.2499999999999838,TP,False
S2-05,ny_or_break,AUDUSD,2020-10-28 14:00:00+00:00,2020-10-28 14:15:00+00:00,2020-10-28 15:30:00+00:00,-1,-1.0,SL,False
S2-05,ny_or_break,AUDUSD,2020-10-28 15:30:00+00:00,2020-10-28 15:45:00+00:00,2020-10-28 19:30:00+00:00,-1,0.5029766578628025,TIME,False
S2-05,ny_or_break,AUDUSD,2020-10-29 13:00:00+00:00,2020-10-29 13:15:00+00:00,2020-10-29 13:45:00+00:00,-1,-1.0,SL,False
S2-05,ny_or_break,AUDUSD,2020-10-29 15:30:00+00:00,2020-10-29 15:45:00+00:00,2020-10-29 18:15:00+00:00,-1,-1.0000000000000264,SL,False
S2-05,ny_or_break,AUDUSD,2020-11-03 12:00:00+00:00,2020-11-03 12:15:00+00:00,2020-11-03 13:45:00+00:00,1,-1.0000000000000198,SL,False
S2-05,ny_or_break,AUDUSD,2020-11-03 14:00:00+00:00,2020-11-03 14:15:00+00:00,2020-11-03 14:45:00+00:00,1,-0.9999999999999349,SL,False
S2-05,ny_or_break,AUDUSD,2020-11-03 15:00:00+00:00,2020-11-03 15:15:00+00:00,2020-11-03 15:45:00+00:00,1,1.2499999999999811,TP,False
S2-05,ny_or_break,AUDUSD,2020-11-03 15:45:00+00:00,2020-11-03 16:00:00+00:00,2020-11-03 17:00:00+00:00,1,-0.9999999999999534,SL,False
S2-05,ny_or_break,AUDUSD,2020-11-04 12:00:00+00:00,2020-11-04 12:15:00+00:00,2020-11-04 12:30:00+00:00,1,1.2500000000000295,TP,False
S2-05,ny_or_break,AUDUSD,2020-11-04 12:30:00+00:00,2020-11-04 12:45:00+00:00,2020-11-04 13:30:00+00:00,1,-1.000000000000028,SL,False
S2-05,ny_or_break,AUDUSD,2020-11-04 13:30:00+00:00,2020-11-04 13:45:00+00:00,2020-11-04 14:15:00+00:00,1,-1.0,SL,False
S2-05,ny_or_break,AUDUSD,2020-11-04 14:45:00+00:00,2020-11-04 15:00:00+00:00,2020-11-04 16:30:00+00:00,1,1.250000000000017,TP,False
S2-05,ny_or_break,AUDUSD,2020-11-04 16:30:00+00:00,2020-11-04 16:45:00+00:00,2020-11-04 16:45:00+00:00,1,1.25,TP,False
S2-05,ny_or_break,AUDUSD,2020-11-04 16:45:00+00:00,2020-11-04 17:00:00+00:00,2020-11-04 20:15:00+00:00,1,-0.9999999999999911,SL,False
S2-05,ny_or_break,AUDUSD,2020-11-05 12:15:00+00:00,2020-11-05 12:30:00+00:00,2020-11-05 12:45:00+00:00,1,1.250000000000029,TP,False
S2-05,ny_or_break,AUDUSD,2020-11-05 12:45:00+00:00,2020-11-05 13:00:00+00:00,2020-11-05 13:15:00+00:00,1,-0.9999999999999856,SL,False
S2-05,ny_or_break,AUDUSD,2020-11-05 13:15:00+00:00,2020-11-05 13:30:00+00:00,2020-11-05 13:45:00+00:00,1,1.2500000000000269,TP,False
S2-05,ny_or_break,AUDUSD,2020-11-05 13:45:00+00:00,2020-11-05 14:00:00+00:00,2020-11-05 14:00:00+00:00,1,-0.9999999999999875,SL,False
S2-05,ny_or_break,AUDUSD,2020-11-05 14:00:00+00:00,2020-11-05 14:15:00+00:00,2020-11-05 14:30:00+00:00,1,1.25,TP,False
S2-05,ny_or_break,AUDUSD,2020-11-05 14:30:00+00:00,2020-11-05 14:45:00+00:00,2020-11-05 15:45:00+00:00,1,1.2500000000000233,TP,False
S2-05,ny_or_break,AUDUSD,2020-11-05 15:45:00+00:00,2020-11-05 16:00:00+00:00,2020-11-05 17:15:00+00:00,1,-1.0000000000000329,SL,False
S2-05,ny_or_break,AUDUSD,2020-11-09 12:45:00+00:00,2020-11-09 13:00:00+00:00,2020-11-09 13:00:00+00:00,1,-1.000000000000011,SL,False
S2-05,ny_or_break,AUDUSD,2020-11-09 14:00:00+00:00,2020-11-09 14:15:00+00:00,2020-11-09 14:45:00+00:00,1,-1.0,SL,False
S2-05,ny_or_break,AUDUSD,2020-11-16 15:45:00+00:00,2020-11-16 16:00:00+00:00,2020-11-16 18:15:00+00:00,1,-1.0000000000000169,SL,False
S2-05,ny_or_break,AUDUSD,2020-11-20 14:15:00+00:00,2020-11-20 14:30:00+00:00,2020-11-20 14:45:00+00:00,1,-1.0000000000000244,SL,False
S2-05,ny_or_break,AUDUSD,2020-11-20 15:15:00+00:00,2020-11-20 15:30:00+00:00,2020-11-20 15:30:00+00:00,1,-1.0000000000000624,SL,False
S2-05,ny_or_break,AUDUSD,2020-11-20 16:15:00+00:00,2020-11-20 16:30:00+00:00,2020-11-20 16:30:00+00:00,1,-0.6287317274037472,FRIDAY,False
S2-05,ny_or_break,AUDUSD,2020-11-27 14:30:00+00:00,2020-11-27 14:45:00+00:00,2020-11-27 15:30:00+00:00,1,1.2500000000000273,TP,False
S2-05,ny_or_break,AUDUSD,2020-11-27 15:30:00+00:00,2020-11-27 15:45:00+00:00,2020-11-27 16:00:00+00:00,1,-0.6018785104073252,FRIDAY,False
S2-05,ny_or_break,AUDUSD,2020-11-27 16:00:00+00:00,2020-11-27 16:15:00+00:00,2020-11-27 16:15:00+00:00,1,0.015890168892513677,FRIDAY,False
S2-05,ny_or_break,AUDUSD,2020-11-27 16:15:00+00:00,2020-11-27 16:30:00+00:00,2020-11-27 16:30:00+00:00,1,-1.0840001300009752,FRIDAY,False
S2-05,ny_or_break,AUDUSD,2020-11-27 16:30:00+00:00,2020-11-27 16:45:00+00:00,2020-11-27 16:45:00+00:00,1,-0.4541330515246024,FRIDAY,False
S2-05,ny_or_break,AUDUSD,2020-12-02 16:45:00+00:00,2020-12-02 17:00:00+00:00,2020-12-02 19:30:00+00:00,1,1.2500000000000588,TP,False
S2-05,ny_or_break,AUDUSD,2020-12-03 14:15:00+00:00,2020-12-03 14:30:00+00:00,2020-12-03 14:30:00+00:00,1,-1.0,SL,False
S2-05,ny_or_break,AUDUSD,2020-12-03 14:30:00+00:00,2020-12-03 14:45:00+00:00,2020-12-03 16:00:00+00:00,1,1.2499999999999565,TP,False
S2-05,ny_or_break,AUDUSD,2020-12-03 16:00:00+00:00,2020-12-03 16:15:00+00:00,2020-12-03 20:00:00+00:00,1,0.3229214740914581,TIME,False
S2-05,ny_or_break,AUDUSD,2020-12-04 16:00:00+00:00,2020-12-04 16:15:00+00:00,2020-12-04 16:15:00+00:00,1,-0.35596434754257955,FRIDAY,False
S2-05,ny_or_break,AUDUSD,2020-12-04 16:30:00+00:00,2020-12-04 16:45:00+00:00,2020-12-04 16:45:00+00:00,1,-0.13783456963921525,FRIDAY,False
S2-05,ny_or_break,AUDUSD,2020-12-04 16:45:00+00:00,2020-12-04 17:00:00+00:00,2020-12-04 17:00:00+00:00,1,-0.4547939648456408,FRIDAY,False
S2-05,ny_or_break,AUDUSD,2020-12-08 15:15:00+00:00,2020-12-08 15:30:00+00:00,2020-12-08 15:45:00+00:00,-1,-1.000000000000021,SL,False
S2-05,ny_or_break,AUDUSD,2020-12-10 13:00:00+00:00,2020-12-10 13:15:00+00:00,2020-12-10 13:30:00+00:00,1,1.2500000000000504,TP,False
S2-05,ny_or_break,AUDUSD,2020-12-10 13:30:00+00:00,2020-12-10 13:45:00+00:00,2020-12-10 13:45:00+00:00,1,-0.9999999999999327,SL,False
S2-05,ny_or_break,AUDUSD,2020-12-10 13:45:00+00:00,2020-12-10 14:00:00+00:00,2020-12-10 14:00:00+00:00,1,-0.999999999999979,SL,False
S2-05,ny_or_break,AUDUSD,2020-12-10 14:30:00+00:00,2020-12-10 14:45:00+00:00,2020-12-10 15:00:00+00:00,1,1.2499999999999836,TP,False
S2-05,ny_or_break,AUDUSD,2020-12-10 15:00:00+00:00,2020-12-10 15:15:00+00:00,2020-12-10 15:30:00+00:00,1,-1.00000000000003,SL,False
S2-05,ny_or_break,AUDUSD,2020-12-10 15:30:00+00:00,2020-12-10 15:45:00+00:00,2020-12-10 15:45:00+00:00,1,-1.0,SL,False
S2-05,ny_or_break,AUDUSD,2020-12-10 15:45:00+00:00,2020-12-10 16:00:00+00:00,2020-12-10 18:15:00+00:00,1,1.2500000000000269,TP,False
S2-05,ny_or_break,AUDUSD,2020-12-14 13:45:00+00:00,2020-12-14 14:00:00+00:00,2020-12-14 14:15:00+00:00,1,-1.0000000000000626,SL,False
S2-05,ny_or_break,AUDUSD,2020-12-18 12:00:00+00:00,2020-12-18 12:15:00+00:00,2020-12-18 13:00:00+00:00,1,-0.9999999999999725,SL,False
S2-05,ny_or_break,AUDUSD,2020-12-18 13:30:00+00:00,2020-12-18 13:45:00+00:00,2020-12-18 13:45:00+00:00,1,-1.0,SL,False
S2-05,ny_or_break,AUDUSD,2020-12-18 16:30:00+00:00,2020-12-18 16:45:00+00:00,2020-12-18 16:45:00+00:00,1,-0.049103065288078625,FRIDAY,False
S2-05,ny_or_break,AUDUSD,2020-12-18 16:45:00+00:00,2020-12-18 17:00:00+00:00,2020-12-18 17:00:00+00:00,1,-0.264833255602991,FRIDAY,False
S2-05,ny_or_break,AUDUSD,2020-12-22 14:30:00+00:00,2020-12-22 14:45:00+00:00,2020-12-22 14:45:00+00:00,-1,-0.9999999999999636,SL,False
S2-05,ny_or_break,AUDUSD,2020-12-22 15:00:00+00:00,2020-12-22 15:15:00+00:00,2020-12-22 15:15:00+00:00,-1,-0.9999999999999646,SL,False
S2-05,ny_or_break,AUDUSD,2020-12-22 15:45:00+00:00,2020-12-22 16:00:00+00:00,2020-12-22 16:00:00+00:00,-1,-1.0000000000000153,SL,False
S2-05,ny_or_break,AUDUSD,2020-12-22 16:30:00+00:00,2020-12-22 16:45:00+00:00,2020-12-22 17:00:00+00:00,-1,-1.0000000000000135,SL,False
S2-05,ny_or_break,AUDUSD,2020-12-23 15:00:00+00:00,2020-12-23 15:15:00+00:00,2020-12-23 17:30:00+00:00,1,-1.0000000000000542,SL,False
S2-05,ny_or_break,AUDUSD,2020-12-24 12:00:00+00:00,2020-12-24 12:15:00+00:00,2020-12-24 12:30:00+00:00,1,-1.0,SL,False
S2-05,ny_or_break,AUDUSD,2020-12-29 13:30:00+00:00,2020-12-29 13:45:00+00:00,2020-12-29 14:15:00+00:00,1,1.25000000000004,TP,False
S2-05,ny_or_break,AUDUSD,2020-12-29 14:15:00+00:00,2020-12-29 14:30:00+00:00,2020-12-29 14:30:00+00:00,1,-0.99999999999992,SL,False
S2-05,ny_or_break,AUDUSD,2020-12-29 14:30:00+00:00,2020-12-29 14:45:00+00:00,2020-12-29 14:45:00+00:00,1,-0.9999999999998885,SL,False
S2-05,ny_or_break,AUDUSD,2020-12-29 15:30:00+00:00,2020-12-29 15:45:00+00:00,2020-12-29 16:30:00+00:00,1,1.2500000000000684,TP,False
S2-05,ny_or_break,AUDUSD,2020-12-29 16:30:00+00:00,2020-12-29 16:45:00+00:00,2020-12-29 17:15:00+00:00,1,-0.9999999999999797,SL,False
S2-05,ny_or_break,AUDUSD,2020-12-30 14:00:00+00:00,2020-12-30 14:15:00+00:00,2020-12-30 14:15:00+00:00,1,-0.9999999999999518,SL,False
S2-05,ny_or_break,AUDUSD,2020-12-30 15:15:00+00:00,2020-12-30 15:30:00+00:00,2020-12-30 19:15:00+00:00,1,0.19944057280249672,TIME,False
