hypothesis,family,pair,signal_dt,entry_dt,exit_dt,side,r,reason,ambiguous_stop_first
S2-19,ema_reclaim_microbreak,CADJPY,2013-01-02 11:00:00+00:00,2013-01-02 11:15:00+00:00,2013-01-02 12:00:00+00:00,1,-1.0000000000000395,SL,False
S2-19,ema_reclaim_microbreak,CADJPY,2013-01-10 11:00:00+00:00,2013-01-10 11:15:00+00:00,2013-01-10 12:45:00+00:00,1,1.25000000000008,TP,False
S2-19,ema_reclaim_microbreak,CADJPY,2013-01-11 07:15:00+00:00,2013-01-11 07:30:00+00:00,2013-01-11 07:45:00+00:00,1,-0.9999999999999223,SL,False
S2-19,ema_reclaim_microbreak,CADJPY,2013-01-11 08:45:00+00:00,2013-01-11 09:00:00+00:00,2013-01-11 09:30:00+00:00,1,-1.000000000000044,SL,False
S2-19,ema_reclaim_microbreak,CADJPY,2013-01-23 08:45:00+00:00,2013-01-23 09:00:00+00:00,2013-01-23 09:00:00+00:00,-1,-1.0000000000000295,SL,False
S2-19,ema_reclaim_microbreak,CADJPY,2013-01-31 11:45:00+00:00,2013-01-31 12:00:00+00:00,2013-01-31 12:30:00+00:00,1,-1.0000000000000517,SL,False
S2-19,ema_reclaim_microbreak,CADJPY,2013-02-01 08:45:00+00:00,2013-02-01 09:00:00+00:00,2013-02-01 09:00:00+00:00,1,-0.9999999999999579,SL,False
S2-19,ema_reclaim_microbreak,CADJPY,2013-02-06 07:45:00+00:00,2013-02-06 08:00:00+00:00,2013-02-06 08:00:00+00:00,1,-1.0000000000000524,SL,False
S2-19,ema_reclaim_microbreak,CADJPY,2013-02-07 08:15:00+00:00,2013-02-07 08:30:00+00:00,2013-02-07 08:45:00+00:00,1,-1.0000000000000377,SL,False
S2-19,ema_reclaim_microbreak,CADJPY,2013-02-12 07:00:00+00:00,2013-02-12 07:15:00+00:00,2013-02-12 07:30:00+00:00,1,-1.0000000000000306,SL,False
S2-19,ema_reclaim_microbreak,CADJPY,2013-02-15 07:00:00+00:00,2013-02-15 07:15:00+00:00,2013-02-15 07:30:00+00:00,-1,1.2500000000000426,TP,False
S2-19,ema_reclaim_microbreak,CADJPY,2013-02-18 07:15:00+00:00,2013-02-18 07:30:00+00:00,2013-02-18 07:30:00+00:00,1,-0.9999999999999337,SL,False
S2-19,ema_reclaim_microbreak,CADJPY,2013-02-19 10:30:00+00:00,2013-02-19 10:45:00+00:00,2013-02-19 13:30:00+00:00,-1,1.2500000000000338,TP,False
S2-19,ema_reclaim_microbreak,CADJPY,2013-02-21 08:00:00+00:00,2013-02-21 08:15:00+00:00,2013-02-21 08:15:00+00:00,-1,1.2500000000000202,TP,False
S2-19,ema_reclaim_microbreak,CADJPY,2013-02-26 10:30:00+00:00,2013-02-26 10:45:00+00:00,2013-02-26 14:30:00+00:00,-1,0.12760303485614236,TIME,False
S2-19,ema_reclaim_microbreak,CADJPY,2013-02-27 07:30:00+00:00,2013-02-27 07:45:00+00:00,2013-02-27 07:45:00+00:00,-1,-1.0000000000000182,SL,False
S2-19,ema_reclaim_microbreak,CADJPY,2013-03-04 11:15:00+00:00,2013-03-04 11:30:00+00:00,2013-03-04 11:45:00+00:00,-1,-0.9999999999999756,SL,False
S2-19,ema_reclaim_microbreak,CADJPY,2013-03-05 08:00:00+00:00,2013-03-05 08:15:00+00:00,2013-03-05 09:00:00+00:00,-1,-0.999999999999977,SL,False
S2-19,ema_reclaim_microbreak,CADJPY,2013-03-05 09:15:00+00:00,2013-03-05 09:30:00+00:00,2013-03-05 09:45:00+00:00,-1,-1.0000000000000682,SL,False
S2-19,ema_reclaim_microbreak,CADJPY,2013-03-05 11:30:00+00:00,2013-03-05 11:45:00+00:00,2013-03-05 11:45:00+00:00,-1,-0.999999999999953,SL,False
S2-19,ema_reclaim_microbreak,CADJPY,2013-03-11 07:00:00+00:00,2013-03-11 07:15:00+00:00,2013-03-11 07:15:00+00:00,1,-1.0000000000000313,SL,False
S2-19,ema_reclaim_microbreak,CADJPY,2013-03-11 08:30:00+00:00,2013-03-11 08:45:00+00:00,2013-03-11 08:45:00+00:00,1,-1.0000000000000533,SL,False
S2-19,ema_reclaim_microbreak,CADJPY,2013-03-13 07:00:00+00:00,2013-03-13 07:15:00+00:00,2013-03-13 07:45:00+00:00,-1,1.2499999999999787,TP,False
S2-19,ema_reclaim_microbreak,CADJPY,2013-03-13 09:15:00+00:00,2013-03-13 09:30:00+00:00,2013-03-13 11:15:00+00:00,-1,1.2500000000000566,TP,False
S2-19,ema_reclaim_microbreak,CADJPY,2013-03-15 08:45:00+00:00,2013-03-15 09:00:00+00:00,2013-03-15 09:30:00+00:00,1,1.2499999999999418,TP,False
S2-19,ema_reclaim_microbreak,CADJPY,2013-03-18 07:30:00+00:00,2013-03-18 07:45:00+00:00,2013-03-18 07:45:00+00:00,-1,-0.999999999999945,SL,False
S2-19,ema_reclaim_microbreak,CADJPY,2013-03-28 08:45:00+00:00,2013-03-28 09:00:00+00:00,2013-03-28 09:15:00+00:00,-1,1.2499999999999762,TP,False
S2-19,ema_reclaim_microbreak,CADJPY,2013-03-29 07:00:00+00:00,2013-03-29 07:15:00+00:00,2013-03-29 07:15:00+00:00,-1,-0.9999999999999715,SL,False
S2-19,ema_reclaim_microbreak,CADJPY,2013-03-29 07:45:00+00:00,2013-03-29 08:00:00+00:00,2013-03-29 09:00:00+00:00,-1,1.2500000000000802,TP,False
S2-19,ema_reclaim_microbreak,CADJPY,2013-04-03 08:15:00+00:00,2013-04-03 08:30:00+00:00,2013-04-03 08:30:00+00:00,1,-1.0,SL,False
S2-19,ema_reclaim_microbreak,CADJPY,2013-04-05 11:45:00+00:00,2013-04-05 12:00:00+00:00,2013-04-05 12:00:00+00:00,1,-0.9999999999999493,SL,False
S2-19,ema_reclaim_microbreak,CADJPY,2013-04-08 10:00:00+00:00,2013-04-08 10:15:00+00:00,2013-04-08 12:45:00+00:00,1,-1.0,SL,False
S2-19,ema_reclaim_microbreak,CADJPY,2013-04-25 07:00:00+00:00,2013-04-25 07:15:00+00:00,2013-04-25 07:30:00+00:00,1,-1.0000000000000187,SL,False
S2-19,ema_reclaim_microbreak,CADJPY,2013-05-02 07:00:00+00:00,2013-05-02 07:15:00+00:00,2013-05-02 08:00:00+00:00,-1,1.25000000000004,TP,False
S2-19,ema_reclaim_microbreak,CADJPY,2013-05-06 09:45:00+00:00,2013-05-06 10:00:00+00:00,2013-05-06 10:15:00+00:00,1,-1.000000000000065,SL,False
S2-19,ema_reclaim_microbreak,CADJPY,2013-05-14 10:45:00+00:00,2013-05-14 11:00:00+00:00,2013-05-14 11:15:00+00:00,-1,1.250000000000038,TP,False
S2-19,ema_reclaim_microbreak,CADJPY,2013-05-16 08:45:00+00:00,2013-05-16 09:00:00+00:00,2013-05-16 09:30:00+00:00,1,1.2500000000000373,TP,False
S2-19,ema_reclaim_microbreak,CADJPY,2013-05-17 08:00:00+00:00,2013-05-17 08:15:00+00:00,2013-05-17 09:15:00+00:00,-1,1.2500000000000666,TP,False
S2-19,ema_reclaim_microbreak,CADJPY,2013-05-23 11:45:00+00:00,2013-05-23 12:00:00+00:00,2013-05-23 13:00:00+00:00,-1,1.2500000000000253,TP,False
S2-19,ema_reclaim_microbreak,CADJPY,2013-05-24 08:45:00+00:00,2013-05-24 09:00:00+00:00,2013-05-24 09:30:00+00:00,-1,1.250000000000022,TP,False
S2-19,ema_reclaim_microbreak,CADJPY,2013-05-27 10:45:00+00:00,2013-05-27 11:00:00+00:00,2013-05-27 11:30:00+00:00,-1,-0.9999999999999788,SL,False
S2-19,ema_reclaim_microbreak,CADJPY,2013-06-05 09:00:00+00:00,2013-06-05 09:15:00+00:00,2013-06-05 09:45:00+00:00,-1,1.250000000000015,TP,False
S2-19,ema_reclaim_microbreak,CADJPY,2013-06-07 07:30:00+00:00,2013-06-07 07:45:00+00:00,2013-06-07 09:45:00+00:00,-1,1.25,TP,False
S2-19,ema_reclaim_microbreak,CADJPY,2013-06-13 11:15:00+00:00,2013-06-13 11:30:00+00:00,2013-06-13 11:30:00+00:00,-1,-1.0000000000000109,SL,False
S2-19,ema_reclaim_microbreak,CADJPY,2013-06-18 07:15:00+00:00,2013-06-18 07:30:00+00:00,2013-06-18 08:00:00+00:00,1,1.2499999999999598,TP,False
S2-19,ema_reclaim_microbreak,CADJPY,2013-06-18 09:30:00+00:00,2013-06-18 09:45:00+00:00,2013-06-18 12:00:00+00:00,1,1.2499999999999603,TP,False
S2-19,ema_reclaim_microbreak,CADJPY,2013-06-19 11:45:00+00:00,2013-06-19 12:00:00+00:00,2013-06-19 14:15:00+00:00,1,1.25,TP,False
S2-19,ema_reclaim_microbreak,CADJPY,2013-06-20 10:45:00+00:00,2013-06-20 11:00:00+00:00,2013-06-20 12:30:00+00:00,1,-1.0000000000000104,SL,False
S2-19,ema_reclaim_microbreak,CADJPY,2013-06-21 10:45:00+00:00,2013-06-21 11:00:00+00:00,2013-06-21 12:00:00+00:00,1,-1.000000000000023,SL,False
S2-19,ema_reclaim_microbreak,CADJPY,2013-06-25 07:00:00+00:00,2013-06-25 07:15:00+00:00,2013-06-25 07:15:00+00:00,-1,-1.0000000000000129,SL,False
S2-19,ema_reclaim_microbreak,CADJPY,2013-06-25 08:45:00+00:00,2013-06-25 09:00:00+00:00,2013-06-25 09:30:00+00:00,-1,-0.9999999999999778,SL,False
S2-19,ema_reclaim_microbreak,CADJPY,2013-06-26 09:45:00+00:00,2013-06-26 10:00:00+00:00,2013-06-26 11:00:00+00:00,-1,-1.0000000000000466,SL,False
S2-19,ema_reclaim_microbreak,CADJPY,2013-06-27 11:30:00+00:00,2013-06-27 11:45:00+00:00,2013-06-27 12:15:00+00:00,1,1.25000000000005,TP,False
S2-19,ema_reclaim_microbreak,CADJPY,2013-07-02 08:45:00+00:00,2013-07-02 09:00:00+00:00,2013-07-02 09:15:00+00:00,1,-1.0000000000000193,SL,False
S2-19,ema_reclaim_microbreak,CADJPY,2013-07-08 11:00:00+00:00,2013-07-08 11:15:00+00:00,2013-07-08 11:45:00+00:00,1,1.250000000000043,TP,False
S2-19,ema_reclaim_microbreak,CADJPY,2013-07-09 10:00:00+00:00,2013-07-09 10:15:00+00:00,2013-07-09 10:30:00+00:00,1,-1.0000000000000586,SL,False
S2-19,ema_reclaim_microbreak,CADJPY,2013-07-12 09:30:00+00:00,2013-07-12 09:45:00+00:00,2013-07-12 10:30:00+00:00,1,1.2500000000000562,TP,False
S2-19,ema_reclaim_microbreak,CADJPY,2013-07-15 07:00:00+00:00,2013-07-15 07:15:00+00:00,2013-07-15 07:15:00+00:00,1,1.250000000000065,TP,False
S2-19,ema_reclaim_microbreak,CADJPY,2013-07-18 09:45:00+00:00,2013-07-18 10:00:00+00:00,2013-07-18 10:15:00+00:00,1,-1.0000000000000442,SL,False
S2-19,ema_reclaim_microbreak,CADJPY,2013-07-19 11:00:00+00:00,2013-07-19 11:15:00+00:00,2013-07-19 12:15:00+00:00,1,1.2499999999999614,TP,False
S2-19,ema_reclaim_microbreak,CADJPY,2013-07-22 07:00:00+00:00,2013-07-22 07:15:00+00:00,2013-07-22 08:30:00+00:00,-1,-1.0,SL,False
S2-19,ema_reclaim_microbreak,CADJPY,2013-07-22 09:30:00+00:00,2013-07-22 09:45:00+00:00,2013-07-22 10:30:00+00:00,-1,-1.0,SL,False
S2-19,ema_reclaim_microbreak,CADJPY,2013-07-23 07:45:00+00:00,2013-07-23 08:00:00+00:00,2013-07-23 08:15:00+00:00,-1,-1.0000000000000258,SL,False
S2-19,ema_reclaim_microbreak,CADJPY,2013-07-26 09:30:00+00:00,2013-07-26 09:45:00+00:00,2013-07-26 10:30:00+00:00,-1,1.2500000000000364,TP,False
S2-19,ema_reclaim_microbreak,CADJPY,2013-07-29 09:15:00+00:00,2013-07-29 09:30:00+00:00,2013-07-29 11:15:00+00:00,-1,-1.0000000000000386,SL,False
S2-19,ema_reclaim_microbreak,CADJPY,2013-08-08 11:30:00+00:00,2013-08-08 11:45:00+00:00,2013-08-08 12:15:00+00:00,-1,-1.0000000000000249,SL,False
S2-19,ema_reclaim_microbreak,CADJPY,2013-08-09 11:00:00+00:00,2013-08-09 11:15:00+00:00,2013-08-09 11:45:00+00:00,1,-1.0000000000000706,SL,False
S2-19,ema_reclaim_microbreak,CADJPY,2013-08-12 07:00:00+00:00,2013-08-12 07:15:00+00:00,2013-08-12 08:15:00+00:00,1,-1.00000000000007,SL,False
S2-19,ema_reclaim_microbreak,CADJPY,2013-08-14 07:45:00+00:00,2013-08-14 08:00:00+00:00,2013-08-14 10:45:00+00:00,1,1.2499999999999598,TP,False
S2-19,ema_reclaim_microbreak,CADJPY,2013-08-20 10:00:00+00:00,2013-08-20 10:15:00+00:00,2013-08-20 11:45:00+00:00,-1,1.2500000000000333,TP,False
S2-19,ema_reclaim_microbreak,CADJPY,2013-08-26 11:00:00+00:00,2013-08-26 11:15:00+00:00,2013-08-26 11:45:00+00:00,-1,1.2499999999999638,TP,False
S2-19,ema_reclaim_microbreak,CADJPY,2013-09-03 10:30:00+00:00,2013-09-03 10:45:00+00:00,2013-09-03 12:15:00+00:00,1,1.25,TP,False
S2-19,ema_reclaim_microbreak,CADJPY,2013-09-05 09:45:00+00:00,2013-09-05 10:00:00+00:00,2013-09-05 11:45:00+00:00,1,1.249999999999969,TP,False
S2-19,ema_reclaim_microbreak,CADJPY,2013-09-09 07:15:00+00:00,2013-09-09 07:30:00+00:00,2013-09-09 08:00:00+00:00,1,-1.000000000000047,SL,False
S2-19,ema_reclaim_microbreak,CADJPY,2013-09-09 09:30:00+00:00,2013-09-09 09:45:00+00:00,2013-09-09 13:30:00+00:00,1,0.5453921277271656,TIME,False
S2-19,ema_reclaim_microbreak,CADJPY,2013-09-11 08:45:00+00:00,2013-09-11 09:00:00+00:00,2013-09-11 09:15:00+00:00,1,-0.9999999999999806,SL,False
S2-19,ema_reclaim_microbreak,CADJPY,2013-09-17 11:15:00+00:00,2013-09-17 11:30:00+00:00,2013-09-17 12:15:00+00:00,1,1.2500000000000306,TP,False
S2-19,ema_reclaim_microbreak,CADJPY,2013-09-23 07:15:00+00:00,2013-09-23 07:30:00+00:00,2013-09-23 07:30:00+00:00,-1,-1.0000000000000295,SL,False
S2-19,ema_reclaim_microbreak,CADJPY,2013-10-02 09:45:00+00:00,2013-10-02 10:00:00+00:00,2013-10-02 13:30:00+00:00,-1,1.2499999999999543,TP,False
S2-19,ema_reclaim_microbreak,CADJPY,2013-10-04 09:00:00+00:00,2013-10-04 09:15:00+00:00,2013-10-04 11:00:00+00:00,-1,-1.0000000000000222,SL,False
S2-19,ema_reclaim_microbreak,CADJPY,2013-10-11 09:15:00+00:00,2013-10-11 09:30:00+00:00,2013-10-11 09:30:00+00:00,1,-1.000000000000094,SL,False
S2-19,ema_reclaim_microbreak,CADJPY,2013-10-11 11:30:00+00:00,2013-10-11 11:45:00+00:00,2013-10-11 12:15:00+00:00,1,-1.0000000000000564,SL,False
S2-19,ema_reclaim_microbreak,CADJPY,2013-10-14 11:00:00+00:00,2013-10-14 11:15:00+00:00,2013-10-14 11:45:00+00:00,-1,1.2499999999998677,TP,False
S2-19,ema_reclaim_microbreak,CADJPY,2013-10-15 10:30:00+00:00,2013-10-15 10:45:00+00:00,2013-10-15 10:45:00+00:00,1,-0.9999999999999702,SL,False
S2-19,ema_reclaim_microbreak,CADJPY,2013-10-16 10:00:00+00:00,2013-10-16 10:15:00+00:00,2013-10-16 10:15:00+00:00,-1,-0.9999999999999682,SL,False
S2-19,ema_reclaim_microbreak,CADJPY,2013-10-16 11:15:00+00:00,2013-10-16 11:30:00+00:00,2013-10-16 11:45:00+00:00,-1,1.2499999999999343,TP,False
S2-19,ema_reclaim_microbreak,CADJPY,2013-10-23 11:30:00+00:00,2013-10-23 11:45:00+00:00,2013-10-23 12:00:00+00:00,-1,-0.9999999999999337,SL,False
S2-19,ema_reclaim_microbreak,CADJPY,2013-10-24 07:00:00+00:00,2013-10-24 07:15:00+00:00,2013-10-24 07:30:00+00:00,-1,1.2499999999999456,TP,False
S2-19,ema_reclaim_microbreak,CADJPY,2013-10-28 09:00:00+00:00,2013-10-28 09:15:00+00:00,2013-10-28 09:45:00+00:00,1,-1.0000000000000937,SL,False
S2-19,ema_reclaim_microbreak,CADJPY,2013-10-31 10:15:00+00:00,2013-10-31 10:30:00+00:00,2013-10-31 12:30:00+00:00,1,1.25,TP,False
S2-19,ema_reclaim_microbreak,CADJPY,2013-11-04 07:15:00+00:00,2013-11-04 07:30:00+00:00,2013-11-04 07:30:00+00:00,1,-1.0,SL,False
S2-19,ema_reclaim_microbreak,CADJPY,2013-11-04 09:00:00+00:00,2013-11-04 09:15:00+00:00,2013-11-04 09:15:00+00:00,1,1.2499999999999611,TP,False
S2-19,ema_reclaim_microbreak,CADJPY,2013-11-05 11:30:00+00:00,2013-11-05 11:45:00+00:00,2013-11-05 11:45:00+00:00,-1,-0.9999999999999732,SL,False
S2-19,ema_reclaim_microbreak,CADJPY,2013-11-07 07:30:00+00:00,2013-11-07 07:45:00+00:00,2013-11-07 08:00:00+00:00,1,1.2500000000001492,TP,False
S2-19,ema_reclaim_microbreak,CADJPY,2013-11-08 09:15:00+00:00,2013-11-08 09:30:00+00:00,2013-11-08 09:30:00+00:00,-1,-0.9999999999998872,SL,False
S2-19,ema_reclaim_microbreak,CADJPY,2013-11-12 09:00:00+00:00,2013-11-12 09:15:00+00:00,2013-11-12 09:15:00+00:00,1,-1.0000000000000588,SL,False
S2-19,ema_reclaim_microbreak,CADJPY,2013-11-12 09:30:00+00:00,2013-11-12 09:45:00+00:00,2013-11-12 10:30:00+00:00,1,1.2500000000000506,TP,False
S2-19,ema_reclaim_microbreak,CADJPY,2013-11-15 09:30:00+00:00,2013-11-15 09:45:00+00:00,2013-11-15 11:00:00+00:00,1,1.2500000000000238,TP,False
S2-19,ema_reclaim_microbreak,CADJPY,2013-11-19 07:00:00+00:00,2013-11-19 07:15:00+00:00,2013-11-19 07:30:00+00:00,-1,-0.9999999999999251,SL,False
S2-19,ema_reclaim_microbreak,CADJPY,2013-11-19 08:30:00+00:00,2013-11-19 08:45:00+00:00,2013-11-19 08:45:00+00:00,-1,1.250000000000081,TP,False
S2-19,ema_reclaim_microbreak,CADJPY,2013-11-19 11:45:00+00:00,2013-11-19 12:00:00+00:00,2013-11-19 13:00:00+00:00,-1,-1.0000000000000302,SL,False
S2-19,ema_reclaim_microbreak,CADJPY,2013-11-20 07:30:00+00:00,2013-11-20 07:45:00+00:00,2013-11-20 07:45:00+00:00,-1,1.2499999999998805,TP,False
S2-19,ema_reclaim_microbreak,CADJPY,2013-11-20 08:45:00+00:00,2013-11-20 09:00:00+00:00,2013-11-20 09:15:00+00:00,-1,-1.0000000000000793,SL,False
S2-19,ema_reclaim_microbreak,CADJPY,2013-11-20 10:00:00+00:00,2013-11-20 10:15:00+00:00,2013-11-20 10:30:00+00:00,-1,-0.9999999999999766,SL,False
S2-19,ema_reclaim_microbreak,CADJPY,2013-11-28 09:00:00+00:00,2013-11-28 09:15:00+00:00,2013-11-28 11:30:00+00:00,1,1.250000000000024,TP,False
S2-19,ema_reclaim_microbreak,CADJPY,2013-12-03 07:15:00+00:00,2013-12-03 07:30:00+00:00,2013-12-03 07:30:00+00:00,1,-1.0,SL,False
S2-19,ema_reclaim_microbreak,CADJPY,2013-12-03 08:00:00+00:00,2013-12-03 08:15:00+00:00,2013-12-03 08:30:00+00:00,1,-0.9999999999999315,SL,False
S2-19,ema_reclaim_microbreak,CADJPY,2013-12-17 09:45:00+00:00,2013-12-17 10:00:00+00:00,2013-12-17 10:00:00+00:00,-1,-1.000000000000125,SL,False
S2-19,ema_reclaim_microbreak,CADJPY,2013-12-24 09:00:00+00:00,2013-12-24 09:15:00+00:00,2013-12-24 09:30:00+00:00,1,-0.9999999999998948,SL,False
S2-19,ema_reclaim_microbreak,CADJPY,2013-12-26 09:00:00+00:00,2013-12-26 09:15:00+00:00,2013-12-26 09:15:00+00:00,1,-1.0,SL,False
S2-19,ema_reclaim_microbreak,CADJPY,2013-12-27 08:45:00+00:00,2013-12-27 09:00:00+00:00,2013-12-27 09:15:00+00:00,1,-0.9999999999999698,SL,False
S2-19,ema_reclaim_microbreak,CADJPY,2013-12-31 07:00:00+00:00,2013-12-31 07:15:00+00:00,2013-12-31 07:30:00+00:00,1,-0.9999999999999288,SL,False
S2-19,ema_reclaim_microbreak,CADJPY,2013-12-31 10:30:00+00:00,2013-12-31 10:45:00+00:00,2013-12-31 13:30:00+00:00,1,-1.0000000000000853,SL,False
S2-19,ema_reclaim_microbreak,CADJPY,2014-01-03 07:45:00+00:00,2014-01-03 08:00:00+00:00,2014-01-03 08:00:00+00:00,-1,-0.9999999999999227,SL,False
S2-19,ema_reclaim_microbreak,CADJPY,2014-01-08 08:00:00+00:00,2014-01-08 08:15:00+00:00,2014-01-08 08:45:00+00:00,-1,-1.0000000000000517,SL,False
S2-19,ema_reclaim_microbreak,CADJPY,2014-01-09 11:00:00+00:00,2014-01-09 11:15:00+00:00,2014-01-09 11:45:00+00:00,-1,1.249999999999971,TP,False
S2-19,ema_reclaim_microbreak,CADJPY,2014-01-15 11:30:00+00:00,2014-01-15 11:45:00+00:00,2014-01-15 12:30:00+00:00,-1,-1.0000000000000568,SL,False
S2-19,ema_reclaim_microbreak,CADJPY,2014-01-16 09:00:00+00:00,2014-01-16 09:15:00+00:00,2014-01-16 11:30:00+00:00,1,1.2499999999999671,TP,False
S2-19,ema_reclaim_microbreak,CADJPY,2014-01-24 10:00:00+00:00,2014-01-24 10:15:00+00:00,2014-01-24 10:15:00+00:00,-1,1.249999999999985,TP,False
S2-19,ema_reclaim_microbreak,CADJPY,2014-01-27 08:30:00+00:00,2014-01-27 08:45:00+00:00,2014-01-27 09:00:00+00:00,1,-1.0000000000000182,SL,False
S2-19,ema_reclaim_microbreak,CADJPY,2014-01-27 09:45:00+00:00,2014-01-27 10:00:00+00:00,2014-01-27 10:15:00+00:00,1,-0.9999999999999841,SL,False
S2-19,ema_reclaim_microbreak,CADJPY,2014-01-27 10:30:00+00:00,2014-01-27 10:45:00+00:00,2014-01-27 11:45:00+00:00,1,1.249999999999985,TP,False
S2-19,ema_reclaim_microbreak,CADJPY,2014-01-31 09:30:00+00:00,2014-01-31 09:45:00+00:00,2014-01-31 10:00:00+00:00,-1,1.2499999999999583,TP,False
S2-19,ema_reclaim_microbreak,CADJPY,2014-02-03 08:00:00+00:00,2014-02-03 08:15:00+00:00,2014-02-03 08:15:00+00:00,1,-0.9999999999999517,SL,False
S2-19,ema_reclaim_microbreak,CADJPY,2014-02-03 08:30:00+00:00,2014-02-03 08:45:00+00:00,2014-02-03 09:30:00+00:00,1,1.249999999999935,TP,False
S2-19,ema_reclaim_microbreak,CADJPY,2014-02-05 09:45:00+00:00,2014-02-05 10:00:00+00:00,2014-02-05 10:15:00+00:00,-1,-1.0000000000000415,SL,False
S2-19,ema_reclaim_microbreak,CADJPY,2014-02-06 07:15:00+00:00,2014-02-06 07:30:00+00:00,2014-02-06 08:15:00+00:00,1,-0.9999999999999122,SL,False
S2-19,ema_reclaim_microbreak,CADJPY,2014-02-07 08:15:00+00:00,2014-02-07 08:30:00+00:00,2014-02-07 08:30:00+00:00,1,-1.0000000000000573,SL,False
S2-19,ema_reclaim_microbreak,CADJPY,2014-02-07 09:15:00+00:00,2014-02-07 09:30:00+00:00,2014-02-07 12:30:00+00:00,1,1.2499999999999305,TP,False
S2-19,ema_reclaim_microbreak,CADJPY,2014-02-12 09:00:00+00:00,2014-02-12 09:15:00+00:00,2014-02-12 09:15:00+00:00,1,-1.0,SL,False
S2-19,ema_reclaim_microbreak,CADJPY,2014-02-18 09:15:00+00:00,2014-02-18 09:30:00+00:00,2014-02-18 13:15:00+00:00,1,-0.9999999999999823,SL,False
S2-19,ema_reclaim_microbreak,CADJPY,2014-02-24 09:00:00+00:00,2014-02-24 09:15:00+00:00,2014-02-24 09:30:00+00:00,-1,-1.0,SL,False
S2-19,ema_reclaim_microbreak,CADJPY,2014-02-28 07:30:00+00:00,2014-02-28 07:45:00+00:00,2014-02-28 09:15:00+00:00,-1,1.2499999999999558,TP,False
S2-19,ema_reclaim_microbreak,CADJPY,2014-03-03 08:00:00+00:00,2014-03-03 08:15:00+00:00,2014-03-03 09:15:00+00:00,-1,1.2499999999999283,TP,False
S2-19,ema_reclaim_microbreak,CADJPY,2014-03-11 07:00:00+00:00,2014-03-11 07:15:00+00:00,2014-03-11 08:00:00+00:00,-1,1.2499999999998774,TP,False
S2-19,ema_reclaim_microbreak,CADJPY,2014-03-11 10:15:00+00:00,2014-03-11 10:30:00+00:00,2014-03-11 11:00:00+00:00,-1,-0.9999999999999423,SL,False
S2-19,ema_reclaim_microbreak,CADJPY,2014-03-14 08:30:00+00:00,2014-03-14 08:45:00+00:00,2014-03-14 09:00:00+00:00,-1,1.2500000000000624,TP,False
S2-19,ema_reclaim_microbreak,CADJPY,2014-03-14 10:30:00+00:00,2014-03-14 10:45:00+00:00,2014-03-14 11:45:00+00:00,-1,1.25,TP,False
S2-19,ema_reclaim_microbreak,CADJPY,2014-03-19 07:15:00+00:00,2014-03-19 07:30:00+00:00,2014-03-19 07:30:00+00:00,-1,-0.9999999999999477,SL,False
S2-19,ema_reclaim_microbreak,CADJPY,2014-03-19 08:00:00+00:00,2014-03-19 08:15:00+00:00,2014-03-19 09:30:00+00:00,-1,1.2500000000000488,TP,False
S2-19,ema_reclaim_microbreak,CADJPY,2014-03-20 10:30:00+00:00,2014-03-20 10:45:00+00:00,2014-03-20 12:00:00+00:00,-1,1.25,TP,False
S2-19,ema_reclaim_microbreak,CADJPY,2014-03-21 09:30:00+00:00,2014-03-21 09:45:00+00:00,2014-03-21 09:45:00+00:00,-1,-0.9999999999999497,SL,False
S2-19,ema_reclaim_microbreak,CADJPY,2014-03-24 10:15:00+00:00,2014-03-24 10:30:00+00:00,2014-03-24 11:45:00+00:00,1,1.2499999999999718,TP,False
S2-19,ema_reclaim_microbreak,CADJPY,2014-03-26 10:30:00+00:00,2014-03-26 10:45:00+00:00,2014-03-26 11:45:00+00:00,1,1.2500000000000553,TP,False
S2-19,ema_reclaim_microbreak,CADJPY,2014-03-27 08:30:00+00:00,2014-03-27 08:45:00+00:00,2014-03-27 10:00:00+00:00,1,1.2500000000000273,TP,False
S2-19,ema_reclaim_microbreak,CADJPY,2014-03-31 07:00:00+00:00,2014-03-31 07:15:00+00:00,2014-03-31 07:15:00+00:00,1,1.2499999999999705,TP,False
S2-19,ema_reclaim_microbreak,CADJPY,2014-04-02 11:00:00+00:00,2014-04-02 11:15:00+00:00,2014-04-02 11:15:00+00:00,1,-1.000000000000037,SL,False
S2-19,ema_reclaim_microbreak,CADJPY,2014-04-03 08:00:00+00:00,2014-04-03 08:15:00+00:00,2014-04-03 08:30:00+00:00,1,1.25,TP,False
S2-19,ema_reclaim_microbreak,CADJPY,2014-04-08 07:15:00+00:00,2014-04-08 07:30:00+00:00,2014-04-08 07:45:00+00:00,-1,-1.0000000000000808,SL,False
S2-19,ema_reclaim_microbreak,CADJPY,2014-04-08 09:00:00+00:00,2014-04-08 09:15:00+00:00,2014-04-08 10:15:00+00:00,-1,-0.9999999999999785,SL,False
S2-19,ema_reclaim_microbreak,CADJPY,2014-04-08 11:00:00+00:00,2014-04-08 11:15:00+00:00,2014-04-08 12:00:00+00:00,-1,1.2500000000000226,TP,False
S2-19,ema_reclaim_microbreak,CADJPY,2014-04-09 10:45:00+00:00,2014-04-09 11:00:00+00:00,2014-04-09 11:00:00+00:00,-1,-0.9999999999999637,SL,False
S2-19,ema_reclaim_microbreak,CADJPY,2014-04-09 11:45:00+00:00,2014-04-09 12:00:00+00:00,2014-04-09 12:00:00+00:00,-1,1.24999999999993,TP,False
S2-19,ema_reclaim_microbreak,CADJPY,2014-04-11 10:00:00+00:00,2014-04-11 10:15:00+00:00,2014-04-11 11:00:00+00:00,-1,1.2499999999999427,TP,False
S2-19,ema_reclaim_microbreak,CADJPY,2014-04-16 08:00:00+00:00,2014-04-16 08:15:00+00:00,2014-04-16 08:45:00+00:00,1,1.2499999999999438,TP,False
S2-19,ema_reclaim_microbreak,CADJPY,2014-04-16 11:00:00+00:00,2014-04-16 11:15:00+00:00,2014-04-16 12:30:00+00:00,1,1.2500000000000866,TP,False
S2-19,ema_reclaim_microbreak,CADJPY,2014-04-17 10:15:00+00:00,2014-04-17 10:30:00+00:00,2014-04-17 11:30:00+00:00,-1,-1.000000000000039,SL,False
S2-19,ema_reclaim_microbreak,CADJPY,2014-04-21 07:15:00+00:00,2014-04-21 07:30:00+00:00,2014-04-21 08:00:00+00:00,1,-0.9999999999997911,SL,False
S2-19,ema_reclaim_microbreak,CADJPY,2014-04-21 09:30:00+00:00,2014-04-21 09:45:00+00:00,2014-04-21 10:15:00+00:00,1,1.25,TP,False
S2-19,ema_reclaim_microbreak,CADJPY,2014-04-24 09:45:00+00:00,2014-04-24 10:00:00+00:00,2014-04-24 10:00:00+00:00,-1,-0.9999999999998785,SL,False
S2-19,ema_reclaim_microbreak,CADJPY,2014-05-01 09:00:00+00:00,2014-05-01 09:15:00+00:00,2014-05-01 09:45:00+00:00,-1,-1.00000000000004,SL,False
S2-19,ema_reclaim_microbreak,CADJPY,2014-05-02 10:00:00+00:00,2014-05-02 10:15:00+00:00,2014-05-02 11:15:00+00:00,1,1.2499999999999152,TP,False
S2-19,ema_reclaim_microbreak,CADJPY,2014-05-07 08:15:00+00:00,2014-05-07 08:30:00+00:00,2014-05-07 08:30:00+00:00,1,-1.000000000000078,SL,False
S2-19,ema_reclaim_microbreak,CADJPY,2014-05-08 11:00:00+00:00,2014-05-08 11:15:00+00:00,2014-05-08 11:45:00+00:00,1,-0.9999999999999616,SL,False
S2-19,ema_reclaim_microbreak,CADJPY,2014-05-09 08:00:00+00:00,2014-05-09 08:15:00+00:00,2014-05-09 09:00:00+00:00,1,1.2499999999999258,TP,False
S2-19,ema_reclaim_microbreak,CADJPY,2014-05-15 10:45:00+00:00,2014-05-15 11:00:00+00:00,2014-05-15 11:30:00+00:00,1,-0.999999999999896,SL,False
S2-19,ema_reclaim_microbreak,CADJPY,2014-05-16 08:15:00+00:00,2014-05-16 08:30:00+00:00,2014-05-16 08:30:00+00:00,-1,-0.9999999999999246,SL,False
S2-19,ema_reclaim_microbreak,CADJPY,2014-05-16 10:00:00+00:00,2014-05-16 10:15:00+00:00,2014-05-16 10:15:00+00:00,-1,1.25,TP,False
S2-19,ema_reclaim_microbreak,CADJPY,2014-05-22 08:15:00+00:00,2014-05-22 08:30:00+00:00,2014-05-22 09:45:00+00:00,1,-0.9999999999999235,SL,False
S2-19,ema_reclaim_microbreak,CADJPY,2014-05-22 10:45:00+00:00,2014-05-22 11:00:00+00:00,2014-05-22 12:15:00+00:00,1,1.2499999999999636,TP,False
S2-19,ema_reclaim_microbreak,CADJPY,2014-05-23 08:15:00+00:00,2014-05-23 08:30:00+00:00,2014-05-23 09:30:00+00:00,1,1.250000000000114,TP,False
S2-19,ema_reclaim_microbreak,CADJPY,2014-05-26 11:00:00+00:00,2014-05-26 11:15:00+00:00,2014-05-26 11:30:00+00:00,1,-0.9999999999999162,SL,False
S2-19,ema_reclaim_microbreak,CADJPY,2014-05-27 09:45:00+00:00,2014-05-27 10:00:00+00:00,2014-05-27 12:00:00+00:00,1,-0.9999999999999677,SL,False
S2-19,ema_reclaim_microbreak,CADJPY,2014-05-30 07:45:00+00:00,2014-05-30 08:00:00+00:00,2014-05-30 08:00:00+00:00,1,1.250000000000089,TP,False
S2-19,ema_reclaim_microbreak,CADJPY,2014-06-05 09:00:00+00:00,2014-06-05 09:15:00+00:00,2014-06-05 09:30:00+00:00,-1,-0.9999999999999105,SL,False
S2-19,ema_reclaim_microbreak,CADJPY,2014-06-05 10:00:00+00:00,2014-06-05 10:15:00+00:00,2014-06-05 10:15:00+00:00,-1,-0.9999999999998983,SL,False
S2-19,ema_reclaim_microbreak,CADJPY,2014-06-06 09:00:00+00:00,2014-06-06 09:15:00+00:00,2014-06-06 10:15:00+00:00,-1,-1.0000000000000833,SL,False
S2-19,ema_reclaim_microbreak,CADJPY,2014-06-12 10:00:00+00:00,2014-06-12 10:15:00+00:00,2014-06-12 10:45:00+00:00,1,-0.9999999999999168,SL,False
S2-19,ema_reclaim_microbreak,CADJPY,2014-06-12 11:00:00+00:00,2014-06-12 11:15:00+00:00,2014-06-12 12:00:00+00:00,1,-1.000000000000088,SL,False
S2-19,ema_reclaim_microbreak,CADJPY,2014-06-17 07:30:00+00:00,2014-06-17 07:45:00+00:00,2014-06-17 08:00:00+00:00,1,-1.0000000000001834,SL,False
S2-19,ema_reclaim_microbreak,CADJPY,2014-06-17 09:15:00+00:00,2014-06-17 09:30:00+00:00,2014-06-17 09:30:00+00:00,1,-1.0000000000001508,SL,False
S2-19,ema_reclaim_microbreak,CADJPY,2014-06-18 08:00:00+00:00,2014-06-18 08:15:00+00:00,2014-06-18 10:15:00+00:00,1,-1.0,SL,False
S2-19,ema_reclaim_microbreak,CADJPY,2014-06-20 08:15:00+00:00,2014-06-20 08:30:00+00:00,2014-06-20 08:45:00+00:00,1,-0.9999999999999001,SL,False
S2-19,ema_reclaim_microbreak,CADJPY,2014-06-30 10:45:00+00:00,2014-06-30 11:00:00+00:00,2014-06-30 12:15:00+00:00,-1,-0.9999999999999435,SL,False
S2-19,ema_reclaim_microbreak,CADJPY,2014-07-08 08:45:00+00:00,2014-07-08 09:00:00+00:00,2014-07-08 09:30:00+00:00,-1,1.250000000000138,TP,False
S2-19,ema_reclaim_microbreak,CADJPY,2014-07-16 10:30:00+00:00,2014-07-16 10:45:00+00:00,2014-07-16 11:15:00+00:00,-1,1.25,TP,False
S2-19,ema_reclaim_microbreak,CADJPY,2014-07-22 08:45:00+00:00,2014-07-22 09:00:00+00:00,2014-07-22 09:45:00+00:00,1,-1.0000000000001517,SL,False
S2-19,ema_reclaim_microbreak,CADJPY,2014-07-22 10:15:00+00:00,2014-07-22 10:30:00+00:00,2014-07-22 10:30:00+00:00,1,-0.9999999999999064,SL,False
S2-19,ema_reclaim_microbreak,CADJPY,2014-07-22 11:30:00+00:00,2014-07-22 11:45:00+00:00,2014-07-22 11:45:00+00:00,1,-0.9999999999999046,SL,False
S2-19,ema_reclaim_microbreak,CADJPY,2014-07-23 10:00:00+00:00,2014-07-23 10:15:00+00:00,2014-07-23 10:30:00+00:00,1,-1.0,SL,False
S2-19,ema_reclaim_microbreak,CADJPY,2014-07-28 11:15:00+00:00,2014-07-28 11:30:00+00:00,2014-07-28 11:30:00+00:00,-1,1.2499999999998825,TP,False
S2-19,ema_reclaim_microbreak,CADJPY,2014-07-30 07:00:00+00:00,2014-07-30 07:15:00+00:00,2014-07-30 09:00:00+00:00,-1,-1.0000000000001503,SL,False
S2-19,ema_reclaim_microbreak,CADJPY,2014-08-04 11:00:00+00:00,2014-08-04 11:15:00+00:00,2014-08-04 11:15:00+00:00,-1,-1.000000000000161,SL,False
S2-19,ema_reclaim_microbreak,CADJPY,2014-08-05 09:45:00+00:00,2014-08-05 10:00:00+00:00,2014-08-05 10:00:00+00:00,-1,-1.0000000000001434,SL,False
S2-19,ema_reclaim_microbreak,CADJPY,2014-08-08 07:30:00+00:00,2014-08-08 07:45:00+00:00,2014-08-08 08:15:00+00:00,-1,-1.0000000000000628,SL,False
S2-19,ema_reclaim_microbreak,CADJPY,2014-08-12 09:30:00+00:00,2014-08-12 09:45:00+00:00,2014-08-12 10:45:00+00:00,1,-0.9999999999998725,SL,False
S2-19,ema_reclaim_microbreak,CADJPY,2014-08-14 07:15:00+00:00,2014-08-14 07:30:00+00:00,2014-08-14 07:30:00+00:00,1,-1.0000000000001141,SL,False
S2-19,ema_reclaim_microbreak,CADJPY,2014-08-14 11:30:00+00:00,2014-08-14 11:45:00+00:00,2014-08-14 12:15:00+00:00,1,-0.9999999999999579,SL,False
S2-19,ema_reclaim_microbreak,CADJPY,2014-08-18 10:00:00+00:00,2014-08-18 10:15:00+00:00,2014-08-18 11:30:00+00:00,1,1.25,TP,False
S2-19,ema_reclaim_microbreak,CADJPY,2014-08-19 10:45:00+00:00,2014-08-19 11:00:00+00:00,2014-08-19 11:00:00+00:00,1,-1.0,SL,False
S2-19,ema_reclaim_microbreak,CADJPY,2014-08-21 07:30:00+00:00,2014-08-21 07:45:00+00:00,2014-08-21 07:45:00+00:00,1,-1.0,SL,False
S2-19,ema_reclaim_microbreak,CADJPY,2014-08-21 10:45:00+00:00,2014-08-21 11:00:00+00:00,2014-08-21 11:45:00+00:00,1,1.2500000000000442,TP,False
S2-19,ema_reclaim_microbreak,CADJPY,2014-08-26 07:30:00+00:00,2014-08-26 07:45:00+00:00,2014-08-26 08:00:00+00:00,-1,-0.9999999999999398,SL,False
S2-19,ema_reclaim_microbreak,CADJPY,2014-08-26 09:30:00+00:00,2014-08-26 09:45:00+00:00,2014-08-26 10:15:00+00:00,-1,-1.0,SL,False
S2-19,ema_reclaim_microbreak,CADJPY,2014-08-28 07:00:00+00:00,2014-08-28 07:15:00+00:00,2014-08-28 07:15:00+00:00,1,-1.0,SL,False
S2-19,ema_reclaim_microbreak,CADJPY,2014-08-28 08:30:00+00:00,2014-08-28 08:45:00+00:00,2014-08-28 09:45:00+00:00,1,-0.9999999999998732,SL,False
S2-19,ema_reclaim_microbreak,CADJPY,2014-09-01 09:00:00+00:00,2014-09-01 09:15:00+00:00,2014-09-01 09:15:00+00:00,1,1.2500000000001774,TP,False
S2-19,ema_reclaim_microbreak,CADJPY,2014-09-09 10:00:00+00:00,2014-09-09 10:15:00+00:00,2014-09-09 10:15:00+00:00,1,-1.0000000000001126,SL,False
S2-19,ema_reclaim_microbreak,CADJPY,2014-09-11 07:45:00+00:00,2014-09-11 08:00:00+00:00,2014-09-11 08:30:00+00:00,1,-0.9999999999999417,SL,False
S2-19,ema_reclaim_microbreak,CADJPY,2014-09-12 07:30:00+00:00,2014-09-12 07:45:00+00:00,2014-09-12 08:00:00+00:00,-1,-0.9999999999999339,SL,False
S2-19,ema_reclaim_microbreak,CADJPY,2014-09-16 09:45:00+00:00,2014-09-16 10:00:00+00:00,2014-09-16 10:15:00+00:00,-1,-1.0,SL,False
S2-19,ema_reclaim_microbreak,CADJPY,2014-09-19 07:00:00+00:00,2014-09-19 07:15:00+00:00,2014-09-19 07:30:00+00:00,1,-1.0000000000000835,SL,False
S2-19,ema_reclaim_microbreak,CADJPY,2014-09-24 07:15:00+00:00,2014-09-24 07:30:00+00:00,2014-09-24 07:30:00+00:00,-1,-0.9999999999998882,SL,False
S2-19,ema_reclaim_microbreak,CADJPY,2014-09-30 10:45:00+00:00,2014-09-30 11:00:00+00:00,2014-09-30 11:15:00+00:00,1,-1.0000000000000655,SL,False
S2-19,ema_reclaim_microbreak,CADJPY,2014-09-30 11:30:00+00:00,2014-09-30 11:45:00+00:00,2014-09-30 12:15:00+00:00,1,1.25,TP,False
S2-19,ema_reclaim_microbreak,CADJPY,2014-10-02 11:45:00+00:00,2014-10-02 12:00:00+00:00,2014-10-02 12:15:00+00:00,-1,1.25,TP,False
S2-19,ema_reclaim_microbreak,CADJPY,2014-10-10 09:00:00+00:00,2014-10-10 09:15:00+00:00,2014-10-10 09:45:00+00:00,-1,1.2500000000000855,TP,False
S2-19,ema_reclaim_microbreak,CADJPY,2014-10-13 07:45:00+00:00,2014-10-13 08:00:00+00:00,2014-10-13 08:00:00+00:00,-1,-0.9999999999999691,SL,False
S2-19,ema_reclaim_microbreak,CADJPY,2014-10-13 11:15:00+00:00,2014-10-13 11:30:00+00:00,2014-10-13 11:45:00+00:00,-1,1.2500000000000824,TP,False
S2-19,ema_reclaim_microbreak,CADJPY,2014-10-15 07:00:00+00:00,2014-10-15 07:15:00+00:00,2014-10-15 07:45:00+00:00,-1,1.249999999999924,TP,False
S2-19,ema_reclaim_microbreak,CADJPY,2014-10-16 07:15:00+00:00,2014-10-16 07:30:00+00:00,2014-10-16 07:30:00+00:00,-1,1.250000000000077,TP,False
S2-19,ema_reclaim_microbreak,CADJPY,2014-10-24 10:30:00+00:00,2014-10-24 10:45:00+00:00,2014-10-24 11:30:00+00:00,1,-1.0,SL,False
S2-19,ema_reclaim_microbreak,CADJPY,2014-10-29 07:30:00+00:00,2014-10-29 07:45:00+00:00,2014-10-29 07:45:00+00:00,1,-1.0,SL,False
S2-19,ema_reclaim_microbreak,CADJPY,2014-10-29 09:15:00+00:00,2014-10-29 09:30:00+00:00,2014-10-29 11:15:00+00:00,1,1.250000000000056,TP,False
S2-19,ema_reclaim_microbreak,CADJPY,2014-10-30 10:00:00+00:00,2014-10-30 10:15:00+00:00,2014-10-30 10:15:00+00:00,1,-0.9999999999999165,SL,False
S2-19,ema_reclaim_microbreak,CADJPY,2014-11-03 07:00:00+00:00,2014-11-03 07:15:00+00:00,2014-11-03 07:15:00+00:00,1,-1.000000000000082,SL,False
S2-19,ema_reclaim_microbreak,CADJPY,2014-11-05 11:45:00+00:00,2014-11-05 12:00:00+00:00,2014-11-05 12:00:00+00:00,1,1.2500000000000204,TP,False
S2-19,ema_reclaim_microbreak,CADJPY,2014-11-07 11:15:00+00:00,2014-11-07 11:30:00+00:00,2014-11-07 11:45:00+00:00,1,-1.0,SL,False
S2-19,ema_reclaim_microbreak,CADJPY,2014-11-12 11:30:00+00:00,2014-11-12 11:45:00+00:00,2014-11-12 13:00:00+00:00,1,-1.0000000000000422,SL,False
S2-19,ema_reclaim_microbreak,CADJPY,2014-11-20 08:15:00+00:00,2014-11-20 08:30:00+00:00,2014-11-20 09:30:00+00:00,1,-1.000000000000016,SL,False
S2-19,ema_reclaim_microbreak,CADJPY,2014-11-24 08:15:00+00:00,2014-11-24 08:30:00+00:00,2014-11-24 08:30:00+00:00,1,1.2500000000000313,TP,False
S2-19,ema_reclaim_microbreak,CADJPY,2014-11-25 09:00:00+00:00,2014-11-25 09:15:00+00:00,2014-11-25 10:00:00+00:00,-1,-1.0000000000000213,SL,False
S2-19,ema_reclaim_microbreak,CADJPY,2014-11-26 07:00:00+00:00,2014-11-26 07:15:00+00:00,2014-11-26 07:30:00+00:00,-1,-1.0,SL,False
S2-19,ema_reclaim_microbreak,CADJPY,2014-11-27 08:30:00+00:00,2014-11-27 08:45:00+00:00,2014-11-27 09:15:00+00:00,-1,1.2500000000000284,TP,False
S2-19,ema_reclaim_microbreak,CADJPY,2014-12-04 09:45:00+00:00,2014-12-04 10:00:00+00:00,2014-12-04 11:00:00+00:00,1,-1.000000000000064,SL,False
S2-19,ema_reclaim_microbreak,CADJPY,2014-12-09 10:30:00+00:00,2014-12-09 10:45:00+00:00,2014-12-09 11:30:00+00:00,-1,-1.0000000000000309,SL,False
S2-19,ema_reclaim_microbreak,CADJPY,2014-12-10 11:15:00+00:00,2014-12-10 11:30:00+00:00,2014-12-10 11:45:00+00:00,-1,-0.9999999999999636,SL,False
S2-19,ema_reclaim_microbreak,CADJPY,2014-12-11 07:30:00+00:00,2014-12-11 07:45:00+00:00,2014-12-11 08:30:00+00:00,-1,-1.000000000000036,SL,False
S2-19,ema_reclaim_microbreak,CADJPY,2014-12-11 09:00:00+00:00,2014-12-11 09:15:00+00:00,2014-12-11 09:15:00+00:00,-1,-1.0000000000000466,SL,False
S2-19,ema_reclaim_microbreak,CADJPY,2014-12-12 07:30:00+00:00,2014-12-12 07:45:00+00:00,2014-12-12 08:15:00+00:00,-1,1.2499999999999796,TP,False
S2-19,ema_reclaim_microbreak,CADJPY,2014-12-15 09:15:00+00:00,2014-12-15 09:30:00+00:00,2014-12-15 12:15:00+00:00,-1,-0.9999999999999869,SL,False
S2-19,ema_reclaim_microbreak,CADJPY,2014-12-17 10:45:00+00:00,2014-12-17 11:00:00+00:00,2014-12-17 12:00:00+00:00,-1,-0.9999999999999754,SL,False
S2-19,ema_reclaim_microbreak,CADJPY,2014-12-19 07:15:00+00:00,2014-12-19 07:30:00+00:00,2014-12-19 07:45:00+00:00,1,-1.0,SL,False
S2-19,ema_reclaim_microbreak,CADJPY,2014-12-19 08:00:00+00:00,2014-12-19 08:15:00+00:00,2014-12-19 08:45:00+00:00,1,-0.9999999999999556,SL,False
S2-19,ema_reclaim_microbreak,CADJPY,2014-12-19 09:30:00+00:00,2014-12-19 09:45:00+00:00,2014-12-19 12:00:00+00:00,1,-1.0000000000000144,SL,False
S2-19,ema_reclaim_microbreak,CADJPY,2014-12-23 08:30:00+00:00,2014-12-23 08:45:00+00:00,2014-12-23 09:00:00+00:00,1,-0.9999999999999575,SL,False
S2-19,ema_reclaim_microbreak,CADJPY,2014-12-30 11:45:00+00:00,2014-12-30 12:00:00+00:00,2014-12-30 13:15:00+00:00,-1,-1.0000000000000162,SL,False
S2-19,ema_reclaim_microbreak,CADJPY,2015-01-02 07:30:00+00:00,2015-01-02 07:45:00+00:00,2015-01-02 08:00:00+00:00,1,-1.0000000000000289,SL,False
S2-19,ema_reclaim_microbreak,CADJPY,2015-01-02 09:15:00+00:00,2015-01-02 09:30:00+00:00,2015-01-02 09:30:00+00:00,1,-1.0,SL,False
S2-19,ema_reclaim_microbreak,CADJPY,2015-01-05 09:30:00+00:00,2015-01-05 09:45:00+00:00,2015-01-05 10:00:00+00:00,-1,-0.9999999999999356,SL,False
S2-19,ema_reclaim_microbreak,CADJPY,2015-01-05 10:30:00+00:00,2015-01-05 10:45:00+00:00,2015-01-05 11:15:00+00:00,-1,-0.99999999999994,SL,False
S2-19,ema_reclaim_microbreak,CADJPY,2015-01-07 08:30:00+00:00,2015-01-07 08:45:00+00:00,2015-01-07 09:00:00+00:00,-1,1.2499999999999627,TP,False
S2-19,ema_reclaim_microbreak,CADJPY,2015-01-12 07:45:00+00:00,2015-01-12 08:00:00+00:00,2015-01-12 08:00:00+00:00,-1,-1.000000000000027,SL,False
S2-19,ema_reclaim_microbreak,CADJPY,2015-01-13 10:45:00+00:00,2015-01-13 11:00:00+00:00,2015-01-13 11:15:00+00:00,-1,-1.000000000000032,SL,False
S2-19,ema_reclaim_microbreak,CADJPY,2015-01-14 11:15:00+00:00,2015-01-14 11:30:00+00:00,2015-01-14 13:30:00+00:00,-1,1.2500000000000109,TP,False
S2-19,ema_reclaim_microbreak,CADJPY,2015-01-16 08:30:00+00:00,2015-01-16 08:45:00+00:00,2015-01-16 09:30:00+00:00,-1,1.2500000000000395,TP,False
S2-19,ema_reclaim_microbreak,CADJPY,2015-01-19 08:15:00+00:00,2015-01-19 08:30:00+00:00,2015-01-19 08:30:00+00:00,1,1.250000000000041,TP,False
S2-19,ema_reclaim_microbreak,CADJPY,2015-01-19 09:15:00+00:00,2015-01-19 09:30:00+00:00,2015-01-19 13:00:00+00:00,1,-1.000000000000054,SL,False
S2-19,ema_reclaim_microbreak,CADJPY,2015-01-21 10:30:00+00:00,2015-01-21 10:45:00+00:00,2015-01-21 11:15:00+00:00,-1,1.250000000000052,TP,False
S2-19,ema_reclaim_microbreak,CADJPY,2015-01-22 07:00:00+00:00,2015-01-22 07:15:00+00:00,2015-01-22 07:15:00+00:00,-1,-1.0000000000000484,SL,False
S2-19,ema_reclaim_microbreak,CADJPY,2015-01-23 09:00:00+00:00,2015-01-23 09:15:00+00:00,2015-01-23 10:00:00+00:00,-1,-1.0000000000000326,SL,False
S2-19,ema_reclaim_microbreak,CADJPY,2015-01-23 10:30:00+00:00,2015-01-23 10:45:00+00:00,2015-01-23 11:45:00+00:00,-1,1.2500000000000402,TP,False
S2-19,ema_reclaim_microbreak,CADJPY,2015-01-29 10:45:00+00:00,2015-01-29 11:00:00+00:00,2015-01-29 11:15:00+00:00,-1,1.25,TP,False
S2-19,ema_reclaim_microbreak,CADJPY,2015-02-02 10:00:00+00:00,2015-02-02 10:15:00+00:00,2015-02-02 10:30:00+00:00,-1,-1.0,SL,False
S2-19,ema_reclaim_microbreak,CADJPY,2015-02-10 10:00:00+00:00,2015-02-10 10:15:00+00:00,2015-02-10 10:30:00+00:00,1,1.2499999999999776,TP,False
S2-19,ema_reclaim_microbreak,CADJPY,2015-02-13 07:30:00+00:00,2015-02-13 07:45:00+00:00,2015-02-13 08:00:00+00:00,-1,-0.9999999999999767,SL,False
S2-19,ema_reclaim_microbreak,CADJPY,2015-02-13 09:00:00+00:00,2015-02-13 09:15:00+00:00,2015-02-13 10:30:00+00:00,-1,1.2500000000000229,TP,False
S2-19,ema_reclaim_microbreak,CADJPY,2015-02-18 07:30:00+00:00,2015-02-18 07:45:00+00:00,2015-02-18 08:00:00+00:00,1,-1.0000000000000455,SL,False
S2-19,ema_reclaim_microbreak,CADJPY,2015-02-19 11:15:00+00:00,2015-02-19 11:30:00+00:00,2015-02-19 11:30:00+00:00,-1,-1.0000000000000857,SL,False
S2-19,ema_reclaim_microbreak,CADJPY,2015-02-24 09:45:00+00:00,2015-02-24 10:00:00+00:00,2015-02-24 11:15:00+00:00,-1,-0.999999999999954,SL,False
S2-19,ema_reclaim_microbreak,CADJPY,2015-02-26 09:30:00+00:00,2015-02-26 09:45:00+00:00,2015-02-26 10:00:00+00:00,1,1.2500000000000313,TP,False
S2-19,ema_reclaim_microbreak,CADJPY,2015-03-02 08:45:00+00:00,2015-03-02 09:00:00+00:00,2015-03-02 09:15:00+00:00,1,-1.0,SL,False
S2-19,ema_reclaim_microbreak,CADJPY,2015-03-05 07:30:00+00:00,2015-03-05 07:45:00+00:00,2015-03-05 07:45:00+00:00,1,-1.0,SL,False
S2-19,ema_reclaim_microbreak,CADJPY,2015-03-11 07:45:00+00:00,2015-03-11 08:00:00+00:00,2015-03-11 08:00:00+00:00,-1,-0.9999999999999002,SL,False
S2-19,ema_reclaim_microbreak,CADJPY,2015-03-11 10:00:00+00:00,2015-03-11 10:15:00+00:00,2015-03-11 10:45:00+00:00,-1,-1.0000000000000435,SL,False
S2-19,ema_reclaim_microbreak,CADJPY,2015-03-13 09:15:00+00:00,2015-03-13 09:30:00+00:00,2015-03-13 10:15:00+00:00,-1,1.25,TP,False
S2-19,ema_reclaim_microbreak,CADJPY,2015-03-20 11:30:00+00:00,2015-03-20 11:45:00+00:00,2015-03-20 12:15:00+00:00,1,-1.0000000000000682,SL,False
S2-19,ema_reclaim_microbreak,CADJPY,2015-03-26 08:00:00+00:00,2015-03-26 08:15:00+00:00,2015-03-26 08:30:00+00:00,-1,-1.0000000000000462,SL,False
S2-19,ema_reclaim_microbreak,CADJPY,2015-03-27 09:00:00+00:00,2015-03-27 09:15:00+00:00,2015-03-27 10:30:00+00:00,-1,-1.0000000000000282,SL,False
S2-19,ema_reclaim_microbreak,CADJPY,2015-04-03 10:00:00+00:00,2015-04-03 10:15:00+00:00,2015-04-03 11:00:00+00:00,1,-0.9999999999998636,SL,False
S2-19,ema_reclaim_microbreak,CADJPY,2015-04-06 09:15:00+00:00,2015-04-06 09:30:00+00:00,2015-04-06 09:30:00+00:00,1,-1.0,SL,False
S2-19,ema_reclaim_microbreak,CADJPY,2015-04-07 07:00:00+00:00,2015-04-07 07:15:00+00:00,2015-04-07 07:30:00+00:00,1,1.2500000000000777,TP,False
S2-19,ema_reclaim_microbreak,CADJPY,2015-04-09 07:15:00+00:00,2015-04-09 07:30:00+00:00,2015-04-09 07:30:00+00:00,-1,-0.9999999999999208,SL,False
S2-19,ema_reclaim_microbreak,CADJPY,2015-04-14 07:15:00+00:00,2015-04-14 07:30:00+00:00,2015-04-14 07:45:00+00:00,-1,-1.000000000000078,SL,False
S2-19,ema_reclaim_microbreak,CADJPY,2015-04-16 09:15:00+00:00,2015-04-16 09:30:00+00:00,2015-04-16 10:30:00+00:00,1,-1.0000000000000402,SL,False
S2-19,ema_reclaim_microbreak,CADJPY,2015-04-17 07:00:00+00:00,2015-04-17 07:15:00+00:00,2015-04-17 08:45:00+00:00,1,-1.0000000000000955,SL,False
S2-19,ema_reclaim_microbreak,CADJPY,2015-04-21 11:30:00+00:00,2015-04-21 11:45:00+00:00,2015-04-21 12:30:00+00:00,1,-1.0,SL,False
S2-19,ema_reclaim_microbreak,CADJPY,2015-04-24 08:00:00+00:00,2015-04-24 08:15:00+00:00,2015-04-24 09:00:00+00:00,1,1.2500000000000253,TP,False
S2-19,ema_reclaim_microbreak,CADJPY,2015-05-01 11:00:00+00:00,2015-05-01 11:15:00+00:00,2015-05-01 11:45:00+00:00,1,-0.9999999999999754,SL,False
S2-19,ema_reclaim_microbreak,CADJPY,2015-05-06 08:45:00+00:00,2015-05-06 09:00:00+00:00,2015-05-06 09:30:00+00:00,1,1.2500000000000233,TP,False
S2-19,ema_reclaim_microbreak,CADJPY,2015-05-11 08:30:00+00:00,2015-05-11 08:45:00+00:00,2015-05-11 10:00:00+00:00,-1,1.2500000000000513,TP,False
S2-19,ema_reclaim_microbreak,CADJPY,2015-05-12 07:45:00+00:00,2015-05-12 08:00:00+00:00,2015-05-12 08:00:00+00:00,1,-1.000000000000028,SL,False
S2-19,ema_reclaim_microbreak,CADJPY,2015-05-12 08:15:00+00:00,2015-05-12 08:30:00+00:00,2015-05-12 10:00:00+00:00,1,1.2500000000000482,TP,False
S2-19,ema_reclaim_microbreak,CADJPY,2015-05-13 07:15:00+00:00,2015-05-13 07:30:00+00:00,2015-05-13 07:45:00+00:00,1,1.2500000000001124,TP,False
S2-19,ema_reclaim_microbreak,CADJPY,2015-05-21 08:30:00+00:00,2015-05-21 08:45:00+00:00,2015-05-21 09:00:00+00:00,1,-1.0,SL,False
S2-19,ema_reclaim_microbreak,CADJPY,2015-05-28 11:15:00+00:00,2015-05-28 11:30:00+00:00,2015-05-28 12:00:00+00:00,1,1.25,TP,False
S2-19,ema_reclaim_microbreak,CADJPY,2015-06-02 07:30:00+00:00,2015-06-02 07:45:00+00:00,2015-06-02 08:00:00+00:00,1,-0.999999999999952,SL,False
S2-19,ema_reclaim_microbreak,CADJPY,2015-06-02 08:15:00+00:00,2015-06-02 08:30:00+00:00,2015-06-02 08:45:00+00:00,1,-1.0,SL,False
S2-19,ema_reclaim_microbreak,CADJPY,2015-06-04 10:30:00+00:00,2015-06-04 10:45:00+00:00,2015-06-04 11:30:00+00:00,-1,-1.0,SL,False
S2-19,ema_reclaim_microbreak,CADJPY,2015-06-08 08:00:00+00:00,2015-06-08 08:15:00+00:00,2015-06-08 12:00:00+00:00,1,0.30782516852536423,TIME,False
S2-19,ema_reclaim_microbreak,CADJPY,2015-06-12 07:00:00+00:00,2015-06-12 07:15:00+00:00,2015-06-12 07:30:00+00:00,1,-1.0000000000000309,SL,False
S2-19,ema_reclaim_microbreak,CADJPY,2015-06-17 08:45:00+00:00,2015-06-17 09:00:00+00:00,2015-06-17 09:15:00+00:00,1,1.250000000000052,TP,False
S2-19,ema_reclaim_microbreak,CADJPY,2015-06-23 09:00:00+00:00,2015-06-23 09:15:00+00:00,2015-06-23 11:30:00+00:00,-1,-0.9999999999999337,SL,False
S2-19,ema_reclaim_microbreak,CADJPY,2015-06-24 07:00:00+00:00,2015-06-24 07:15:00+00:00,2015-06-24 07:45:00+00:00,1,1.2499999999999263,TP,False
S2-19,ema_reclaim_microbreak,CADJPY,2015-06-25 09:15:00+00:00,2015-06-25 09:30:00+00:00,2015-06-25 09:30:00+00:00,-1,1.2500000000000562,TP,False
S2-19,ema_reclaim_microbreak,CADJPY,2015-06-29 09:00:00+00:00,2015-06-29 09:15:00+00:00,2015-06-29 10:00:00+00:00,-1,1.2500000000000153,TP,False
S2-19,ema_reclaim_microbreak,CADJPY,2015-06-30 07:00:00+00:00,2015-06-30 07:15:00+00:00,2015-06-30 08:15:00+00:00,-1,1.2499999999999765,TP,False
S2-19,ema_reclaim_microbreak,CADJPY,2015-07-02 11:30:00+00:00,2015-07-02 11:45:00+00:00,2015-07-02 12:00:00+00:00,-1,-1.0000000000000209,SL,False
S2-19,ema_reclaim_microbreak,CADJPY,2015-07-06 10:00:00+00:00,2015-07-06 10:15:00+00:00,2015-07-06 11:45:00+00:00,-1,1.2499999999999354,TP,False
S2-19,ema_reclaim_microbreak,CADJPY,2015-07-08 10:00:00+00:00,2015-07-08 10:15:00+00:00,2015-07-08 11:00:00+00:00,-1,-1.0000000000000377,SL,False
S2-19,ema_reclaim_microbreak,CADJPY,2015-07-08 11:45:00+00:00,2015-07-08 12:00:00+00:00,2015-07-08 12:30:00+00:00,-1,1.2499999999999738,TP,False
S2-19,ema_reclaim_microbreak,CADJPY,2015-07-10 07:15:00+00:00,2015-07-10 07:30:00+00:00,2015-07-10 07:30:00+00:00,1,-1.0000000000000202,SL,False
S2-19,ema_reclaim_microbreak,CADJPY,2015-07-10 09:00:00+00:00,2015-07-10 09:15:00+00:00,2015-07-10 09:15:00+00:00,1,1.25,TP,False
S2-19,ema_reclaim_microbreak,CADJPY,2015-07-16 07:00:00+00:00,2015-07-16 07:15:00+00:00,2015-07-16 07:15:00+00:00,-1,-1.0000000000000715,SL,False
S2-19,ema_reclaim_microbreak,CADJPY,2015-07-16 10:00:00+00:00,2015-07-16 10:15:00+00:00,2015-07-16 11:15:00+00:00,-1,-0.9999999999999228,SL,False
S2-19,ema_reclaim_microbreak,CADJPY,2015-07-17 07:00:00+00:00,2015-07-17 07:15:00+00:00,2015-07-17 08:00:00+00:00,-1,1.2499999999999545,TP,False
S2-19,ema_reclaim_microbreak,CADJPY,2015-07-24 07:00:00+00:00,2015-07-24 07:15:00+00:00,2015-07-24 07:30:00+00:00,-1,1.2499999999998888,TP,False
S2-19,ema_reclaim_microbreak,CADJPY,2015-07-29 07:30:00+00:00,2015-07-29 07:45:00+00:00,2015-07-29 08:15:00+00:00,1,-0.9999999999999624,SL,False
S2-19,ema_reclaim_microbreak,CADJPY,2015-07-31 11:45:00+00:00,2015-07-31 12:00:00+00:00,2015-07-31 12:15:00+00:00,-1,-1.0000000000000235,SL,False
S2-19,ema_reclaim_microbreak,CADJPY,2015-08-06 10:00:00+00:00,2015-08-06 10:15:00+00:00,2015-08-06 10:30:00+00:00,1,-0.9999999999999373,SL,False
S2-19,ema_reclaim_microbreak,CADJPY,2015-08-06 11:00:00+00:00,2015-08-06 11:15:00+00:00,2015-08-06 12:15:00+00:00,1,-0.9999999999999707,SL,False
S2-19,ema_reclaim_microbreak,CADJPY,2015-08-07 10:15:00+00:00,2015-08-07 10:30:00+00:00,2015-08-07 11:00:00+00:00,1,-0.9999999999999581,SL,False
S2-19,ema_reclaim_microbreak,CADJPY,2015-08-07 11:45:00+00:00,2015-08-07 12:00:00+00:00,2015-08-07 12:15:00+00:00,1,1.2500000000000937,TP,False
S2-19,ema_reclaim_microbreak,CADJPY,2015-08-10 07:30:00+00:00,2015-08-10 07:45:00+00:00,2015-08-10 08:15:00+00:00,-1,-1.000000000000038,SL,False
S2-19,ema_reclaim_microbreak,CADJPY,2015-08-11 11:30:00+00:00,2015-08-11 11:45:00+00:00,2015-08-11 12:00:00+00:00,1,-1.0000000000000213,SL,False
S2-19,ema_reclaim_microbreak,CADJPY,2015-08-17 07:00:00+00:00,2015-08-17 07:15:00+00:00,2015-08-17 07:15:00+00:00,-1,-1.0,SL,False
S2-19,ema_reclaim_microbreak,CADJPY,2015-08-17 10:45:00+00:00,2015-08-17 11:00:00+00:00,2015-08-17 11:15:00+00:00,-1,1.25,TP,False
S2-19,ema_reclaim_microbreak,CADJPY,2015-08-18 11:15:00+00:00,2015-08-18 11:30:00+00:00,2015-08-18 12:15:00+00:00,-1,-1.0000000000000304,SL,False
S2-19,ema_reclaim_microbreak,CADJPY,2015-08-21 09:45:00+00:00,2015-08-21 10:00:00+00:00,2015-08-21 10:15:00+00:00,-1,1.2499999999999276,TP,False
S2-19,ema_reclaim_microbreak,CADJPY,2015-09-04 07:00:00+00:00,2015-09-04 07:15:00+00:00,2015-09-04 08:00:00+00:00,-1,1.25,TP,False
S2-19,ema_reclaim_microbreak,CADJPY,2015-09-07 07:15:00+00:00,2015-09-07 07:30:00+00:00,2015-09-07 08:00:00+00:00,-1,-1.000000000000018,SL,False
S2-19,ema_reclaim_microbreak,CADJPY,2015-09-09 11:00:00+00:00,2015-09-09 11:15:00+00:00,2015-09-09 11:45:00+00:00,1,1.249999999999982,TP,False
S2-19,ema_reclaim_microbreak,CADJPY,2015-09-14 09:30:00+00:00,2015-09-14 09:45:00+00:00,2015-09-14 13:30:00+00:00,-1,1.013288077205603,TIME,False
S2-19,ema_reclaim_microbreak,CADJPY,2015-09-15 11:30:00+00:00,2015-09-15 11:45:00+00:00,2015-09-15 12:00:00+00:00,-1,-1.0000000000000635,SL,False
S2-19,ema_reclaim_microbreak,CADJPY,2015-09-17 10:15:00+00:00,2015-09-17 10:30:00+00:00,2015-09-17 11:15:00+00:00,1,1.249999999999925,TP,False
S2-19,ema_reclaim_microbreak,CADJPY,2015-09-18 07:00:00+00:00,2015-09-18 07:15:00+00:00,2015-09-18 07:15:00+00:00,-1,-0.9999999999999775,SL,False
S2-19,ema_reclaim_microbreak,CADJPY,2015-09-18 09:00:00+00:00,2015-09-18 09:15:00+00:00,2015-09-18 09:15:00+00:00,-1,-0.9999999999999742,SL,False
S2-19,ema_reclaim_microbreak,CADJPY,2015-09-29 11:15:00+00:00,2015-09-29 11:30:00+00:00,2015-09-29 11:45:00+00:00,-1,-1.0000000000000508,SL,False
S2-19,ema_reclaim_microbreak,CADJPY,2015-10-01 10:45:00+00:00,2015-10-01 11:00:00+00:00,2015-10-01 11:15:00+00:00,1,-1.0000000000000535,SL,False
S2-19,ema_reclaim_microbreak,CADJPY,2015-10-07 07:30:00+00:00,2015-10-07 07:45:00+00:00,2015-10-07 07:45:00+00:00,1,-0.9999999999999789,SL,False
S2-19,ema_reclaim_microbreak,CADJPY,2015-10-08 08:45:00+00:00,2015-10-08 09:00:00+00:00,2015-10-08 09:15:00+00:00,-1,-1.0000000000000469,SL,False
S2-19,ema_reclaim_microbreak,CADJPY,2015-10-12 07:15:00+00:00,2015-10-12 07:30:00+00:00,2015-10-12 07:30:00+00:00,1,1.2500000000001208,TP,False
S2-19,ema_reclaim_microbreak,CADJPY,2015-10-13 07:30:00+00:00,2015-10-13 07:45:00+00:00,2015-10-13 08:00:00+00:00,-1,-0.9999999999999416,SL,False
S2-19,ema_reclaim_microbreak,CADJPY,2015-10-22 10:00:00+00:00,2015-10-22 10:15:00+00:00,2015-10-22 10:30:00+00:00,-1,-1.0,SL,False
S2-19,ema_reclaim_microbreak,CADJPY,2015-10-22 11:15:00+00:00,2015-10-22 11:30:00+00:00,2015-10-22 11:45:00+00:00,-1,-1.0000000000000542,SL,False
S2-19,ema_reclaim_microbreak,CADJPY,2015-10-27 07:00:00+00:00,2015-10-27 07:15:00+00:00,2015-10-27 07:30:00+00:00,-1,1.249999999999924,TP,False
S2-19,ema_reclaim_microbreak,CADJPY,2015-11-09 11:30:00+00:00,2015-11-09 11:45:00+00:00,2015-11-09 12:00:00+00:00,1,1.2500000000000893,TP,False
S2-19,ema_reclaim_microbreak,CADJPY,2015-11-17 08:30:00+00:00,2015-11-17 08:45:00+00:00,2015-11-17 09:30:00+00:00,1,1.2500000000000762,TP,False
S2-19,ema_reclaim_microbreak,CADJPY,2015-11-19 07:00:00+00:00,2015-11-19 07:15:00+00:00,2015-11-19 07:15:00+00:00,1,-1.0000000000001177,SL,False
S2-19,ema_reclaim_microbreak,CADJPY,2015-11-19 08:30:00+00:00,2015-11-19 08:45:00+00:00,2015-11-19 09:00:00+00:00,1,-1.0000000000001066,SL,False
S2-19,ema_reclaim_microbreak,CADJPY,2015-11-19 09:45:00+00:00,2015-11-19 10:00:00+00:00,2015-11-19 11:00:00+00:00,1,-1.0,SL,False
S2-19,ema_reclaim_microbreak,CADJPY,2015-11-20 11:15:00+00:00,2015-11-20 11:30:00+00:00,2015-11-20 13:15:00+00:00,-1,1.2500000000000524,TP,False
S2-19,ema_reclaim_microbreak,CADJPY,2015-11-23 07:00:00+00:00,2015-11-23 07:15:00+00:00,2015-11-23 07:45:00+00:00,-1,-0.9999999999998253,SL,False
S2-19,ema_reclaim_microbreak,CADJPY,2015-12-03 10:45:00+00:00,2015-12-03 11:00:00+00:00,2015-12-03 11:00:00+00:00,1,-1.0000000000001013,SL,False
S2-19,ema_reclaim_microbreak,CADJPY,2015-12-07 08:00:00+00:00,2015-12-07 08:15:00+00:00,2015-12-07 08:15:00+00:00,-1,-0.9999999999998928,SL,False
S2-19,ema_reclaim_microbreak,CADJPY,2015-12-09 07:00:00+00:00,2015-12-09 07:15:00+00:00,2015-12-09 08:15:00+00:00,-1,-1.000000000000042,SL,False
S2-19,ema_reclaim_microbreak,CADJPY,2015-12-09 08:30:00+00:00,2015-12-09 08:45:00+00:00,2015-12-09 09:15:00+00:00,-1,1.2499999999999036,TP,False
S2-19,ema_reclaim_microbreak,CADJPY,2015-12-11 07:00:00+00:00,2015-12-11 07:15:00+00:00,2015-12-11 07:30:00+00:00,-1,-1.0,SL,False
S2-19,ema_reclaim_microbreak,CADJPY,2015-12-16 07:30:00+00:00,2015-12-16 07:45:00+00:00,2015-12-16 08:00:00+00:00,1,-1.000000000000073,SL,False
S2-19,ema_reclaim_microbreak,CADJPY,2015-12-16 10:30:00+00:00,2015-12-16 10:45:00+00:00,2015-12-16 12:15:00+00:00,1,-0.9999999999999286,SL,False
S2-19,ema_reclaim_microbreak,CADJPY,2015-12-17 08:30:00+00:00,2015-12-17 08:45:00+00:00,2015-12-17 08:45:00+00:00,1,-0.9999999999999206,SL,False
S2-19,ema_reclaim_microbreak,CADJPY,2015-12-21 07:30:00+00:00,2015-12-21 07:45:00+00:00,2015-12-21 08:00:00+00:00,-1,-1.0,SL,False
S2-19,ema_reclaim_microbreak,CADJPY,2015-12-31 11:45:00+00:00,2015-12-31 12:00:00+00:00,2015-12-31 12:00:00+00:00,-1,-0.9999999999999338,SL,False
S2-19,ema_reclaim_microbreak,CADJPY,2016-01-14 10:00:00+00:00,2016-01-14 10:15:00+00:00,2016-01-14 11:00:00+00:00,-1,1.249999999999962,TP,False
S2-19,ema_reclaim_microbreak,CADJPY,2016-01-18 07:15:00+00:00,2016-01-18 07:30:00+00:00,2016-01-18 07:45:00+00:00,-1,1.250000000000019,TP,False
S2-19,ema_reclaim_microbreak,CADJPY,2016-01-20 10:00:00+00:00,2016-01-20 10:15:00+00:00,2016-01-20 13:15:00+00:00,-1,-1.0,SL,False
S2-19,ema_reclaim_microbreak,CADJPY,2016-01-21 08:45:00+00:00,2016-01-21 09:00:00+00:00,2016-01-21 09:30:00+00:00,-1,-1.000000000000031,SL,False
S2-19,ema_reclaim_microbreak,CADJPY,2016-02-01 11:00:00+00:00,2016-02-01 11:15:00+00:00,2016-02-01 12:00:00+00:00,1,-1.0,SL,False
S2-19,ema_reclaim_microbreak,CADJPY,2016-02-03 10:45:00+00:00,2016-02-03 11:00:00+00:00,2016-02-03 11:00:00+00:00,-1,-1.0000000000000318,SL,False
S2-19,ema_reclaim_microbreak,CADJPY,2016-02-05 07:30:00+00:00,2016-02-05 07:45:00+00:00,2016-02-05 08:00:00+00:00,-1,-1.0000000000000255,SL,True
S2-19,ema_reclaim_microbreak,CADJPY,2016-02-09 07:00:00+00:00,2016-02-09 07:15:00+00:00,2016-02-09 07:15:00+00:00,-1,-0.9999999999999726,SL,False
S2-19,ema_reclaim_microbreak,CADJPY,2016-02-15 11:45:00+00:00,2016-02-15 12:00:00+00:00,2016-02-15 13:30:00+00:00,1,1.2500000000000544,TP,False
S2-19,ema_reclaim_microbreak,CADJPY,2016-02-16 07:15:00+00:00,2016-02-16 07:30:00+00:00,2016-02-16 08:15:00+00:00,1,-1.0,SL,False
S2-19,ema_reclaim_microbreak,CADJPY,2016-02-19 07:30:00+00:00,2016-02-19 07:45:00+00:00,2016-02-19 08:00:00+00:00,-1,-1.00000000000002,SL,False
S2-19,ema_reclaim_microbreak,CADJPY,2016-02-25 07:45:00+00:00,2016-02-25 08:00:00+00:00,2016-02-25 08:15:00+00:00,1,-1.0,SL,False
S2-19,ema_reclaim_microbreak,CADJPY,2016-02-25 09:15:00+00:00,2016-02-25 09:30:00+00:00,2016-02-25 11:15:00+00:00,1,1.2500000000000133,TP,False
S2-19,ema_reclaim_microbreak,CADJPY,2016-02-26 07:00:00+00:00,2016-02-26 07:15:00+00:00,2016-02-26 08:00:00+00:00,1,1.2500000000000404,TP,False
S2-19,ema_reclaim_microbreak,CADJPY,2016-02-26 09:15:00+00:00,2016-02-26 09:30:00+00:00,2016-02-26 11:15:00+00:00,1,-1.000000000000048,SL,False
S2-19,ema_reclaim_microbreak,CADJPY,2016-03-02 11:30:00+00:00,2016-03-02 11:45:00+00:00,2016-03-02 12:30:00+00:00,1,1.249999999999936,TP,False
S2-19,ema_reclaim_microbreak,CADJPY,2016-03-03 07:45:00+00:00,2016-03-03 08:00:00+00:00,2016-03-03 08:00:00+00:00,1,-0.999999999999937,SL,False
S2-19,ema_reclaim_microbreak,CADJPY,2016-03-03 11:00:00+00:00,2016-03-03 11:15:00+00:00,2016-03-03 11:30:00+00:00,1,-1.0000000000000344,SL,False
S2-19,ema_reclaim_microbreak,CADJPY,2016-03-08 09:30:00+00:00,2016-03-08 09:45:00+00:00,2016-03-08 12:00:00+00:00,-1,-0.999999999999968,SL,False
S2-19,ema_reclaim_microbreak,CADJPY,2016-03-09 07:45:00+00:00,2016-03-09 08:00:00+00:00,2016-03-09 08:00:00+00:00,-1,-1.0,SL,False
S2-19,ema_reclaim_microbreak,CADJPY,2016-03-09 10:00:00+00:00,2016-03-09 10:15:00+00:00,2016-03-09 11:00:00+00:00,-1,-1.0,SL,False
S2-19,ema_reclaim_microbreak,CADJPY,2016-03-10 08:15:00+00:00,2016-03-10 08:30:00+00:00,2016-03-10 08:45:00+00:00,1,-1.0,SL,False
S2-19,ema_reclaim_microbreak,CADJPY,2016-03-10 11:15:00+00:00,2016-03-10 11:30:00+00:00,2016-03-10 12:45:00+00:00,1,1.2500000000000198,TP,False
S2-19,ema_reclaim_microbreak,CADJPY,2016-03-17 07:30:00+00:00,2016-03-17 07:45:00+00:00,2016-03-17 07:45:00+00:00,1,-0.9999999999999853,SL,False
S2-19,ema_reclaim_microbreak,CADJPY,2016-03-17 08:00:00+00:00,2016-03-17 08:15:00+00:00,2016-03-17 08:30:00+00:00,1,1.2500000000000138,TP,False
S2-19,ema_reclaim_microbreak,CADJPY,2016-03-21 07:00:00+00:00,2016-03-21 07:15:00+00:00,2016-03-21 07:30:00+00:00,-1,1.2499999999998972,TP,False
S2-19,ema_reclaim_microbreak,CADJPY,2016-03-22 11:45:00+00:00,2016-03-22 12:00:00+00:00,2016-03-22 13:15:00+00:00,-1,1.2499999999999623,TP,False
S2-19,ema_reclaim_microbreak,CADJPY,2016-03-24 07:30:00+00:00,2016-03-24 07:45:00+00:00,2016-03-24 07:45:00+00:00,-1,1.250000000000027,TP,False
S2-19,ema_reclaim_microbreak,CADJPY,2016-03-28 10:00:00+00:00,2016-03-28 10:15:00+00:00,2016-03-28 10:30:00+00:00,1,-0.999999999999968,SL,False
S2-19,ema_reclaim_microbreak,CADJPY,2016-03-28 11:00:00+00:00,2016-03-28 11:15:00+00:00,2016-03-28 11:30:00+00:00,1,-0.9999999999998962,SL,False
S2-19,ema_reclaim_microbreak,CADJPY,2016-03-29 08:45:00+00:00,2016-03-29 09:00:00+00:00,2016-03-29 09:15:00+00:00,1,1.25,TP,False
S2-19,ema_reclaim_microbreak,CADJPY,2016-04-01 09:30:00+00:00,2016-04-01 09:45:00+00:00,2016-04-01 10:30:00+00:00,-1,1.250000000000043,TP,False
S2-19,ema_reclaim_microbreak,CADJPY,2016-04-04 08:30:00+00:00,2016-04-04 08:45:00+00:00,2016-04-04 09:30:00+00:00,-1,-1.0,SL,False
S2-19,ema_reclaim_microbreak,CADJPY,2016-04-04 10:00:00+00:00,2016-04-04 10:15:00+00:00,2016-04-04 10:45:00+00:00,-1,-0.9999999999999349,SL,False
S2-19,ema_reclaim_microbreak,CADJPY,2016-04-12 11:30:00+00:00,2016-04-12 11:45:00+00:00,2016-04-12 12:15:00+00:00,1,-0.999999999999964,SL,False
S2-19,ema_reclaim_microbreak,CADJPY,2016-04-13 07:30:00+00:00,2016-04-13 07:45:00+00:00,2016-04-13 09:00:00+00:00,1,1.25,TP,False
S2-19,ema_reclaim_microbreak,CADJPY,2016-04-19 07:30:00+00:00,2016-04-19 07:45:00+00:00,2016-04-19 08:15:00+00:00,1,-0.9999999999999835,SL,False
S2-19,ema_reclaim_microbreak,CADJPY,2016-04-21 07:30:00+00:00,2016-04-21 07:45:00+00:00,2016-04-21 07:45:00+00:00,1,-1.0,SL,False
S2-19,ema_reclaim_microbreak,CADJPY,2016-04-21 10:30:00+00:00,2016-04-21 10:45:00+00:00,2016-04-21 11:15:00+00:00,1,-1.0000000000000449,SL,False
S2-19,ema_reclaim_microbreak,CADJPY,2016-04-22 09:15:00+00:00,2016-04-22 09:30:00+00:00,2016-04-22 10:15:00+00:00,1,1.25,TP,False
S2-19,ema_reclaim_microbreak,CADJPY,2016-04-29 11:00:00+00:00,2016-04-29 11:15:00+00:00,2016-04-29 12:00:00+00:00,-1,-0.9999999999999792,SL,False
S2-19,ema_reclaim_microbreak,CADJPY,2016-05-10 11:45:00+00:00,2016-05-10 12:00:00+00:00,2016-05-10 12:15:00+00:00,1,-1.0000000000000537,SL,False
S2-19,ema_reclaim_microbreak,CADJPY,2016-05-16 07:15:00+00:00,2016-05-16 07:30:00+00:00,2016-05-16 07:30:00+00:00,-1,-0.999999999999974,SL,False
S2-19,ema_reclaim_microbreak,CADJPY,2016-05-17 08:30:00+00:00,2016-05-17 08:45:00+00:00,2016-05-17 09:00:00+00:00,1,-0.9999999999999822,SL,False
S2-19,ema_reclaim_microbreak,CADJPY,2016-05-17 10:00:00+00:00,2016-05-17 10:15:00+00:00,2016-05-17 10:30:00+00:00,1,-1.0,SL,False
S2-19,ema_reclaim_microbreak,CADJPY,2016-05-18 07:45:00+00:00,2016-05-18 08:00:00+00:00,2016-05-18 08:15:00+00:00,-1,-1.0,SL,False
S2-19,ema_reclaim_microbreak,CADJPY,2016-05-18 08:30:00+00:00,2016-05-18 08:45:00+00:00,2016-05-18 11:00:00+00:00,-1,-0.9999999999999389,SL,False
S2-19,ema_reclaim_microbreak,CADJPY,2016-05-18 11:30:00+00:00,2016-05-18 11:45:00+00:00,2016-05-18 12:45:00+00:00,-1,-1.0000000000000233,SL,False
S2-19,ema_reclaim_microbreak,CADJPY,2016-05-19 07:00:00+00:00,2016-05-19 07:15:00+00:00,2016-05-19 07:15:00+00:00,-1,1.2500000000000482,TP,False
S2-19,ema_reclaim_microbreak,CADJPY,2016-05-19 08:15:00+00:00,2016-05-19 08:30:00+00:00,2016-05-19 09:00:00+00:00,-1,1.2500000000000542,TP,False
S2-19,ema_reclaim_microbreak,CADJPY,2016-05-24 08:15:00+00:00,2016-05-24 08:30:00+00:00,2016-05-24 08:30:00+00:00,-1,-1.0000000000000702,SL,False
S2-19,ema_reclaim_microbreak,CADJPY,2016-05-25 08:00:00+00:00,2016-05-25 08:15:00+00:00,2016-05-25 12:00:00+00:00,1,1.0513492809855076,TIME,False
S2-19,ema_reclaim_microbreak,CADJPY,2016-05-30 09:45:00+00:00,2016-05-30 10:00:00+00:00,2016-05-30 11:00:00+00:00,1,1.25,TP,False
S2-19,ema_reclaim_microbreak,CADJPY,2016-06-07 07:00:00+00:00,2016-06-07 07:15:00+00:00,2016-06-07 07:45:00+00:00,1,1.2499999999999387,TP,False
S2-19,ema_reclaim_microbreak,CADJPY,2016-06-08 08:00:00+00:00,2016-06-08 08:15:00+00:00,2016-06-08 09:00:00+00:00,1,1.2499999999999776,TP,False
S2-19,ema_reclaim_microbreak,CADJPY,2016-06-13 08:30:00+00:00,2016-06-13 08:45:00+00:00,2016-06-13 11:30:00+00:00,-1,-0.9999999999999543,SL,False
S2-19,ema_reclaim_microbreak,CADJPY,2016-06-14 07:45:00+00:00,2016-06-14 08:00:00+00:00,2016-06-14 08:00:00+00:00,-1,-1.0000000000000147,SL,False
S2-19,ema_reclaim_microbreak,CADJPY,2016-06-17 07:45:00+00:00,2016-06-17 08:00:00+00:00,2016-06-17 08:45:00+00:00,-1,-0.9999999999999405,SL,False
S2-19,ema_reclaim_microbreak,CADJPY,2016-06-20 08:15:00+00:00,2016-06-20 08:30:00+00:00,2016-06-20 09:15:00+00:00,1,-0.9999999999999392,SL,False
S2-19,ema_reclaim_microbreak,CADJPY,2016-06-24 10:00:00+00:00,2016-06-24 10:15:00+00:00,2016-06-24 10:45:00+00:00,-1,1.2500000000000056,TP,False
S2-19,ema_reclaim_microbreak,CADJPY,2016-06-27 09:15:00+00:00,2016-06-27 09:30:00+00:00,2016-06-27 10:30:00+00:00,-1,1.2500000000000226,TP,False
S2-19,ema_reclaim_microbreak,CADJPY,2016-06-30 07:30:00+00:00,2016-06-30 07:45:00+00:00,2016-06-30 08:00:00+00:00,1,1.249999999999952,TP,False
S2-19,ema_reclaim_microbreak,CADJPY,2016-07-04 09:00:00+00:00,2016-07-04 09:15:00+00:00,2016-07-04 11:15:00+00:00,1,1.2499999999999734,TP,False
S2-19,ema_reclaim_microbreak,CADJPY,2016-07-06 07:45:00+00:00,2016-07-06 08:00:00+00:00,2016-07-06 08:30:00+00:00,-1,1.2500000000000258,TP,False
S2-19,ema_reclaim_microbreak,CADJPY,2016-07-08 08:30:00+00:00,2016-07-08 08:45:00+00:00,2016-07-08 09:30:00+00:00,-1,-1.0000000000000642,SL,False
S2-19,ema_reclaim_microbreak,CADJPY,2016-07-08 09:45:00+00:00,2016-07-08 10:00:00+00:00,2016-07-08 12:00:00+00:00,-1,1.2500000000000462,TP,False
S2-19,ema_reclaim_microbreak,CADJPY,2016-07-15 07:30:00+00:00,2016-07-15 07:45:00+00:00,2016-07-15 11:30:00+00:00,1,0.6321302087257931,TIME,False
S2-19,ema_reclaim_microbreak,CADJPY,2016-07-22 07:15:00+00:00,2016-07-22 07:30:00+00:00,2016-07-22 07:30:00+00:00,-1,-1.0,SL,False
S2-19,ema_reclaim_microbreak,CADJPY,2016-07-22 09:30:00+00:00,2016-07-22 09:45:00+00:00,2016-07-22 10:45:00+00:00,-1,-1.0000000000000393,SL,False
S2-19,ema_reclaim_microbreak,CADJPY,2016-07-25 09:00:00+00:00,2016-07-25 09:15:00+00:00,2016-07-25 12:15:00+00:00,-1,1.2500000000000182,TP,False
S2-19,ema_reclaim_microbreak,CADJPY,2016-07-28 07:45:00+00:00,2016-07-28 08:00:00+00:00,2016-07-28 08:45:00+00:00,-1,-1.000000000000017,SL,False
S2-19,ema_reclaim_microbreak,CADJPY,2016-07-28 09:00:00+00:00,2016-07-28 09:15:00+00:00,2016-07-28 09:30:00+00:00,-1,1.25,TP,False
S2-19,ema_reclaim_microbreak,CADJPY,2016-07-29 08:30:00+00:00,2016-07-29 08:45:00+00:00,2016-07-29 10:45:00+00:00,-1,1.2499999999999891,TP,False
S2-19,ema_reclaim_microbreak,CADJPY,2016-08-03 07:15:00+00:00,2016-08-03 07:30:00+00:00,2016-08-03 08:45:00+00:00,-1,-1.0000000000000353,SL,False
S2-19,ema_reclaim_microbreak,CADJPY,2016-08-11 07:00:00+00:00,2016-08-11 07:15:00+00:00,2016-08-11 08:00:00+00:00,-1,1.2499999999999636,TP,False
S2-19,ema_reclaim_microbreak,CADJPY,2016-08-12 09:15:00+00:00,2016-08-12 09:30:00+00:00,2016-08-12 10:15:00+00:00,1,1.2500000000000848,TP,False
S2-19,ema_reclaim_microbreak,CADJPY,2016-08-16 08:45:00+00:00,2016-08-16 09:00:00+00:00,2016-08-16 09:00:00+00:00,-1,-0.9999999999999567,SL,False
S2-19,ema_reclaim_microbreak,CADJPY,2016-08-16 11:45:00+00:00,2016-08-16 12:00:00+00:00,2016-08-16 12:15:00+00:00,-1,1.2500000000000198,TP,False
S2-19,ema_reclaim_microbreak,CADJPY,2016-08-23 08:30:00+00:00,2016-08-23 08:45:00+00:00,2016-08-23 10:00:00+00:00,-1,-1.0000000000000764,SL,False
S2-19,ema_reclaim_microbreak,CADJPY,2016-08-24 09:45:00+00:00,2016-08-24 10:00:00+00:00,2016-08-24 11:30:00+00:00,-1,1.2499999999999454,TP,False
S2-19,ema_reclaim_microbreak,CADJPY,2016-08-25 11:45:00+00:00,2016-08-25 12:00:00+00:00,2016-08-25 12:15:00+00:00,1,-1.0000000000000642,SL,False
S2-19,ema_reclaim_microbreak,CADJPY,2016-08-26 09:00:00+00:00,2016-08-26 09:15:00+00:00,2016-08-26 12:00:00+00:00,1,1.2500000000000342,TP,False
S2-19,ema_reclaim_microbreak,CADJPY,2016-08-29 08:30:00+00:00,2016-08-29 08:45:00+00:00,2016-08-29 09:15:00+00:00,1,-1.0000000000000728,SL,False
S2-19,ema_reclaim_microbreak,CADJPY,2016-08-30 09:15:00+00:00,2016-08-30 09:30:00+00:00,2016-08-30 10:30:00+00:00,1,-1.0000000000000724,SL,False
S2-19,ema_reclaim_microbreak,CADJPY,2016-08-31 10:30:00+00:00,2016-08-31 10:45:00+00:00,2016-08-31 12:30:00+00:00,1,1.2500000000000693,TP,False
S2-19,ema_reclaim_microbreak,CADJPY,2016-09-05 07:15:00+00:00,2016-09-05 07:30:00+00:00,2016-09-05 07:45:00+00:00,1,-0.999999999999926,SL,False
S2-19,ema_reclaim_microbreak,CADJPY,2016-09-05 08:00:00+00:00,2016-09-05 08:15:00+00:00,2016-09-05 08:30:00+00:00,1,1.25,TP,False
S2-19,ema_reclaim_microbreak,CADJPY,2016-09-06 11:30:00+00:00,2016-09-06 11:45:00+00:00,2016-09-06 12:15:00+00:00,1,-0.9999999999999019,SL,False
S2-19,ema_reclaim_microbreak,CADJPY,2016-09-07 09:45:00+00:00,2016-09-07 10:00:00+00:00,2016-09-07 10:00:00+00:00,-1,-1.0000000000000597,SL,False
S2-19,ema_reclaim_microbreak,CADJPY,2016-09-08 07:00:00+00:00,2016-09-08 07:15:00+00:00,2016-09-08 11:00:00+00:00,-1,0.22502912502299344,TIME,False
S2-19,ema_reclaim_microbreak,CADJPY,2016-09-16 09:15:00+00:00,2016-09-16 09:30:00+00:00,2016-09-16 09:45:00+00:00,-1,1.2500000000000617,TP,False
S2-19,ema_reclaim_microbreak,CADJPY,2016-09-29 07:15:00+00:00,2016-09-29 07:30:00+00:00,2016-09-29 07:45:00+00:00,1,-1.00000000000002,SL,False
S2-19,ema_reclaim_microbreak,CADJPY,2016-09-29 09:00:00+00:00,2016-09-29 09:15:00+00:00,2016-09-29 09:15:00+00:00,1,-0.9999999999999812,SL,False
S2-19,ema_reclaim_microbreak,CADJPY,2016-09-29 11:00:00+00:00,2016-09-29 11:15:00+00:00,2016-09-29 12:15:00+00:00,1,-1.0000000000000666,SL,False
S2-19,ema_reclaim_microbreak,CADJPY,2016-10-04 08:00:00+00:00,2016-10-04 08:15:00+00:00,2016-10-04 08:45:00+00:00,1,-1.0000000000000242,SL,False
S2-19,ema_reclaim_microbreak,CADJPY,2016-10-04 10:15:00+00:00,2016-10-04 10:30:00+00:00,2016-10-04 10:45:00+00:00,1,-1.0000000000000486,SL,False
S2-19,ema_reclaim_microbreak,CADJPY,2016-10-06 11:00:00+00:00,2016-10-06 11:15:00+00:00,2016-10-06 12:15:00+00:00,1,1.2500000000000637,TP,False
S2-19,ema_reclaim_microbreak,CADJPY,2016-10-18 11:00:00+00:00,2016-10-18 11:15:00+00:00,2016-10-18 11:45:00+00:00,1,-1.0000000000000315,SL,False
S2-19,ema_reclaim_microbreak,CADJPY,2016-10-19 09:45:00+00:00,2016-10-19 10:00:00+00:00,2016-10-19 12:45:00+00:00,-1,-0.9999999999999583,SL,False
S2-19,ema_reclaim_microbreak,CADJPY,2016-10-20 08:00:00+00:00,2016-10-20 08:15:00+00:00,2016-10-20 08:30:00+00:00,-1,1.249999999999907,TP,False
S2-19,ema_reclaim_microbreak,CADJPY,2016-10-26 07:00:00+00:00,2016-10-26 07:15:00+00:00,2016-10-26 07:45:00+00:00,-1,-1.0,SL,False
S2-19,ema_reclaim_microbreak,CADJPY,2016-11-02 09:15:00+00:00,2016-11-02 09:30:00+00:00,2016-11-02 09:45:00+00:00,-1,1.2500000000000722,TP,False
S2-19,ema_reclaim_microbreak,CADJPY,2016-11-03 09:30:00+00:00,2016-11-03 09:45:00+00:00,2016-11-03 10:00:00+00:00,-1,-1.0000000000000706,SL,False
S2-19,ema_reclaim_microbreak,CADJPY,2016-11-03 10:30:00+00:00,2016-11-03 10:45:00+00:00,2016-11-03 11:00:00+00:00,-1,-0.9999999999999369,SL,False
S2-19,ema_reclaim_microbreak,CADJPY,2016-11-09 11:15:00+00:00,2016-11-09 11:30:00+00:00,2016-11-09 12:30:00+00:00,-1,-0.9999999999999915,SL,False
S2-19,ema_reclaim_microbreak,CADJPY,2016-11-10 07:00:00+00:00,2016-11-10 07:15:00+00:00,2016-11-10 07:30:00+00:00,1,1.2499999999999816,TP,False
S2-19,ema_reclaim_microbreak,CADJPY,2016-11-15 07:30:00+00:00,2016-11-15 07:45:00+00:00,2016-11-15 08:00:00+00:00,1,1.249999999999977,TP,False
S2-19,ema_reclaim_microbreak,CADJPY,2016-11-16 10:30:00+00:00,2016-11-16 10:45:00+00:00,2016-11-16 12:00:00+00:00,1,-1.0000000000000546,SL,False
S2-19,ema_reclaim_microbreak,CADJPY,2016-11-17 08:30:00+00:00,2016-11-17 08:45:00+00:00,2016-11-17 09:30:00+00:00,1,1.2500000000000586,TP,False
S2-19,ema_reclaim_microbreak,CADJPY,2016-11-17 10:45:00+00:00,2016-11-17 11:00:00+00:00,2016-11-17 12:30:00+00:00,1,1.249999999999962,TP,False
S2-19,ema_reclaim_microbreak,CADJPY,2016-11-18 11:15:00+00:00,2016-11-18 11:30:00+00:00,2016-11-18 11:45:00+00:00,1,-1.0,SL,False
S2-19,ema_reclaim_microbreak,CADJPY,2016-11-28 07:30:00+00:00,2016-11-28 07:45:00+00:00,2016-11-28 09:00:00+00:00,-1,-1.0000000000000584,SL,False
S2-19,ema_reclaim_microbreak,CADJPY,2016-12-01 07:45:00+00:00,2016-12-01 08:00:00+00:00,2016-12-01 08:00:00+00:00,1,-1.000000000000017,SL,False
S2-19,ema_reclaim_microbreak,CADJPY,2016-12-01 10:00:00+00:00,2016-12-01 10:15:00+00:00,2016-12-01 12:15:00+00:00,1,1.2500000000000406,TP,False
S2-19,ema_reclaim_microbreak,CADJPY,2016-12-02 08:15:00+00:00,2016-12-02 08:30:00+00:00,2016-12-02 08:30:00+00:00,1,-1.0000000000000564,SL,False
S2-19,ema_reclaim_microbreak,CADJPY,2016-12-02 11:30:00+00:00,2016-12-02 11:45:00+00:00,2016-12-02 13:15:00+00:00,1,-1.0000000000000469,SL,False
S2-19,ema_reclaim_microbreak,CADJPY,2016-12-07 08:45:00+00:00,2016-12-07 09:00:00+00:00,2016-12-07 09:00:00+00:00,1,-0.99999999999997,SL,False
S2-19,ema_reclaim_microbreak,CADJPY,2016-12-29 09:30:00+00:00,2016-12-29 09:45:00+00:00,2016-12-29 10:15:00+00:00,-1,-1.000000000000076,SL,False
S2-19,ema_reclaim_microbreak,CADJPY,2017-01-02 07:15:00+00:00,2017-01-02 07:30:00+00:00,2017-01-02 07:30:00+00:00,1,-0.9999999999998802,SL,False
S2-19,ema_reclaim_microbreak,CADJPY,2017-01-04 09:15:00+00:00,2017-01-04 09:30:00+00:00,2017-01-04 10:15:00+00:00,1,1.249999999999931,TP,False
S2-19,ema_reclaim_microbreak,CADJPY,2017-01-09 08:15:00+00:00,2017-01-09 08:30:00+00:00,2017-01-09 08:45:00+00:00,1,-1.0,SL,False
S2-19,ema_reclaim_microbreak,CADJPY,2017-01-10 11:30:00+00:00,2017-01-10 11:45:00+00:00,2017-01-10 12:30:00+00:00,-1,-0.9999999999999275,SL,False
S2-19,ema_reclaim_microbreak,CADJPY,2017-01-16 08:15:00+00:00,2017-01-16 08:30:00+00:00,2017-01-16 08:45:00+00:00,-1,-1.0000000000000207,SL,False
S2-19,ema_reclaim_microbreak,CADJPY,2017-01-16 11:45:00+00:00,2017-01-16 12:00:00+00:00,2017-01-16 12:45:00+00:00,-1,-0.9999999999999729,SL,False
S2-19,ema_reclaim_microbreak,CADJPY,2017-01-17 09:00:00+00:00,2017-01-17 09:15:00+00:00,2017-01-17 09:15:00+00:00,-1,-0.99999999999998,SL,False
S2-19,ema_reclaim_microbreak,CADJPY,2017-01-20 08:00:00+00:00,2017-01-20 08:15:00+00:00,2017-01-20 08:15:00+00:00,-1,-1.0000000000000289,SL,False
S2-19,ema_reclaim_microbreak,CADJPY,2017-01-20 10:45:00+00:00,2017-01-20 11:00:00+00:00,2017-01-20 13:15:00+00:00,-1,1.2500000000000693,TP,False
S2-19,ema_reclaim_microbreak,CADJPY,2017-01-23 10:30:00+00:00,2017-01-23 10:45:00+00:00,2017-01-23 11:00:00+00:00,-1,-1.0000000000000502,SL,False
S2-19,ema_reclaim_microbreak,CADJPY,2017-01-25 09:00:00+00:00,2017-01-25 09:15:00+00:00,2017-01-25 09:15:00+00:00,1,1.249999999999909,TP,False
S2-19,ema_reclaim_microbreak,CADJPY,2017-01-27 10:45:00+00:00,2017-01-27 11:00:00+00:00,2017-01-27 11:15:00+00:00,1,-0.9999999999999712,SL,False
S2-19,ema_reclaim_microbreak,CADJPY,2017-01-27 11:45:00+00:00,2017-01-27 12:00:00+00:00,2017-01-27 13:00:00+00:00,1,1.2500000000000608,TP,False
S2-19,ema_reclaim_microbreak,CADJPY,2017-01-31 07:45:00+00:00,2017-01-31 08:00:00+00:00,2017-01-31 08:00:00+00:00,-1,-1.0000000000000728,SL,False
S2-19,ema_reclaim_microbreak,CADJPY,2017-01-31 11:45:00+00:00,2017-01-31 12:00:00+00:00,2017-01-31 12:30:00+00:00,-1,1.2499999999999203,TP,False
S2-19,ema_reclaim_microbreak,CADJPY,2017-02-02 09:45:00+00:00,2017-02-02 10:00:00+00:00,2017-02-02 11:45:00+00:00,-1,1.249999999999957,TP,False
S2-19,ema_reclaim_microbreak,CADJPY,2017-02-03 10:15:00+00:00,2017-02-03 10:30:00+00:00,2017-02-03 10:30:00+00:00,1,-1.0000000000000333,SL,False
S2-19,ema_reclaim_microbreak,CADJPY,2017-02-06 11:00:00+00:00,2017-02-06 11:15:00+00:00,2017-02-06 11:15:00+00:00,-1,1.2500000000000664,TP,False
S2-19,ema_reclaim_microbreak,CADJPY,2017-02-08 09:15:00+00:00,2017-02-08 09:30:00+00:00,2017-02-08 09:30:00+00:00,-1,-1.000000000000036,SL,False
S2-19,ema_reclaim_microbreak,CADJPY,2017-02-13 07:30:00+00:00,2017-02-13 07:45:00+00:00,2017-02-13 07:45:00+00:00,1,-1.0000000000001177,SL,False
S2-19,ema_reclaim_microbreak,CADJPY,2017-02-13 08:30:00+00:00,2017-02-13 08:45:00+00:00,2017-02-13 09:30:00+00:00,1,-1.0000000000000293,SL,False
S2-19,ema_reclaim_microbreak,CADJPY,2017-02-13 11:00:00+00:00,2017-02-13 11:15:00+00:00,2017-02-13 13:15:00+00:00,1,-1.0,SL,False
S2-19,ema_reclaim_microbreak,CADJPY,2017-02-14 10:45:00+00:00,2017-02-14 11:00:00+00:00,2017-02-14 12:15:00+00:00,1,1.2500000000000764,TP,False
S2-19,ema_reclaim_microbreak,CADJPY,2017-02-15 09:45:00+00:00,2017-02-15 10:00:00+00:00,2017-02-15 10:00:00+00:00,1,-1.0000000000000377,SL,False
S2-19,ema_reclaim_microbreak,CADJPY,2017-02-17 08:00:00+00:00,2017-02-17 08:15:00+00:00,2017-02-17 08:15:00+00:00,-1,1.250000000000107,TP,False
S2-19,ema_reclaim_microbreak,CADJPY,2017-02-27 08:45:00+00:00,2017-02-27 09:00:00+00:00,2017-02-27 09:15:00+00:00,-1,-1.0,SL,False
S2-19,ema_reclaim_microbreak,CADJPY,2017-02-27 09:30:00+00:00,2017-02-27 09:45:00+00:00,2017-02-27 09:45:00+00:00,-1,-0.999999999999969,SL,False
S2-19,ema_reclaim_microbreak,CADJPY,2017-03-06 11:45:00+00:00,2017-03-06 12:00:00+00:00,2017-03-06 12:45:00+00:00,-1,-0.9999999999999284,SL,False
S2-19,ema_reclaim_microbreak,CADJPY,2017-03-08 11:15:00+00:00,2017-03-08 11:30:00+00:00,2017-03-08 11:30:00+00:00,-1,1.2499999999998765,TP,False
S2-19,ema_reclaim_microbreak,CADJPY,2017-03-09 07:15:00+00:00,2017-03-09 07:30:00+00:00,2017-03-09 07:30:00+00:00,-1,-0.9999999999999529,SL,False
S2-19,ema_reclaim_microbreak,CADJPY,2017-03-10 11:00:00+00:00,2017-03-10 11:15:00+00:00,2017-03-10 11:45:00+00:00,1,-0.9999999999999184,SL,False
S2-19,ema_reclaim_microbreak,CADJPY,2017-03-14 08:45:00+00:00,2017-03-14 09:00:00+00:00,2017-03-14 10:15:00+00:00,1,1.2500000000001381,TP,False
S2-19,ema_reclaim_microbreak,CADJPY,2017-03-16 07:15:00+00:00,2017-03-16 07:30:00+00:00,2017-03-16 07:45:00+00:00,-1,-1.0000000000001044,SL,False
S2-19,ema_reclaim_microbreak,CADJPY,2017-03-20 08:45:00+00:00,2017-03-20 09:00:00+00:00,2017-03-20 11:15:00+00:00,-1,-1.0000000000001008,SL,False
S2-19,ema_reclaim_microbreak,CADJPY,2017-03-22 07:45:00+00:00,2017-03-22 08:00:00+00:00,2017-03-22 08:00:00+00:00,-1,1.2500000000000555,TP,False
S2-19,ema_reclaim_microbreak,CADJPY,2017-03-23 11:15:00+00:00,2017-03-23 11:30:00+00:00,2017-03-23 11:30:00+00:00,-1,-0.9999999999999771,SL,False
S2-19,ema_reclaim_microbreak,CADJPY,2017-03-27 10:00:00+00:00,2017-03-27 10:15:00+00:00,2017-03-27 12:00:00+00:00,-1,1.2500000000000584,TP,False
S2-19,ema_reclaim_microbreak,CADJPY,2017-03-28 08:00:00+00:00,2017-03-28 08:15:00+00:00,2017-03-28 09:30:00+00:00,-1,-0.9999999999999308,SL,False
S2-19,ema_reclaim_microbreak,CADJPY,2017-03-28 10:15:00+00:00,2017-03-28 10:30:00+00:00,2017-03-28 10:45:00+00:00,-1,1.2499999999999678,TP,False
S2-19,ema_reclaim_microbreak,CADJPY,2017-03-29 10:45:00+00:00,2017-03-29 11:00:00+00:00,2017-03-29 11:15:00+00:00,1,-1.0000000000000313,SL,False
S2-19,ema_reclaim_microbreak,CADJPY,2017-03-30 08:15:00+00:00,2017-03-30 08:30:00+00:00,2017-03-30 08:30:00+00:00,1,-0.9999999999999671,SL,False
S2-19,ema_reclaim_microbreak,CADJPY,2017-03-30 10:45:00+00:00,2017-03-30 11:00:00+00:00,2017-03-30 11:15:00+00:00,1,-1.0000000000000528,SL,False
S2-19,ema_reclaim_microbreak,CADJPY,2017-03-30 11:45:00+00:00,2017-03-30 12:00:00+00:00,2017-03-30 12:15:00+00:00,1,1.25,TP,False
S2-19,ema_reclaim_microbreak,CADJPY,2017-04-05 07:45:00+00:00,2017-04-05 08:00:00+00:00,2017-04-05 08:15:00+00:00,-1,-0.9999999999999345,SL,False
S2-19,ema_reclaim_microbreak,CADJPY,2017-04-06 07:00:00+00:00,2017-04-06 07:15:00+00:00,2017-04-06 07:15:00+00:00,-1,1.2499999999999656,TP,False
S2-19,ema_reclaim_microbreak,CADJPY,2017-04-10 07:30:00+00:00,2017-04-10 07:45:00+00:00,2017-04-10 08:30:00+00:00,1,1.25,TP,False
S2-19,ema_reclaim_microbreak,CADJPY,2017-04-10 10:30:00+00:00,2017-04-10 10:45:00+00:00,2017-04-10 11:00:00+00:00,1,1.2499999999999707,TP,False
S2-19,ema_reclaim_microbreak,CADJPY,2017-04-12 10:15:00+00:00,2017-04-12 10:30:00+00:00,2017-04-12 11:00:00+00:00,-1,-1.0000000000000269,SL,False
S2-19,ema_reclaim_microbreak,CADJPY,2017-04-12 11:15:00+00:00,2017-04-12 11:30:00+00:00,2017-04-12 12:00:00+00:00,-1,-0.9999999999999176,SL,False
S2-19,ema_reclaim_microbreak,CADJPY,2017-04-14 10:45:00+00:00,2017-04-14 11:00:00+00:00,2017-04-14 12:15:00+00:00,-1,-0.999999999999957,SL,False
S2-19,ema_reclaim_microbreak,CADJPY,2017-04-17 07:15:00+00:00,2017-04-17 07:30:00+00:00,2017-04-17 07:30:00+00:00,-1,-0.9999999999999113,SL,False
S2-19,ema_reclaim_microbreak,CADJPY,2017-04-17 08:00:00+00:00,2017-04-17 08:15:00+00:00,2017-04-17 10:15:00+00:00,-1,-0.9999999999998668,SL,False
S2-19,ema_reclaim_microbreak,CADJPY,2017-04-19 08:45:00+00:00,2017-04-19 09:00:00+00:00,2017-04-19 09:15:00+00:00,-1,-0.9999999999999684,SL,False
S2-19,ema_reclaim_microbreak,CADJPY,2017-04-19 09:15:00+00:00,2017-04-19 09:30:00+00:00,2017-04-19 10:00:00+00:00,-1,-0.9999999999999072,SL,False
S2-19,ema_reclaim_microbreak,CADJPY,2017-04-19 10:45:00+00:00,2017-04-19 11:00:00+00:00,2017-04-19 11:00:00+00:00,-1,-1.0,SL,False
S2-19,ema_reclaim_microbreak,CADJPY,2017-04-20 10:15:00+00:00,2017-04-20 10:30:00+00:00,2017-04-20 10:30:00+00:00,-1,-0.9999999999999716,SL,False
S2-19,ema_reclaim_microbreak,CADJPY,2017-04-20 11:00:00+00:00,2017-04-20 11:15:00+00:00,2017-04-20 11:15:00+00:00,-1,-1.000000000000031,SL,False
S2-19,ema_reclaim_microbreak,CADJPY,2017-04-26 09:45:00+00:00,2017-04-26 10:00:00+00:00,2017-04-26 10:15:00+00:00,1,-0.9999999999999742,SL,False
S2-19,ema_reclaim_microbreak,CADJPY,2017-04-27 10:30:00+00:00,2017-04-27 10:45:00+00:00,2017-04-27 11:30:00+00:00,1,1.2499999999999478,TP,False
S2-19,ema_reclaim_microbreak,CADJPY,2017-05-01 11:30:00+00:00,2017-05-01 11:45:00+00:00,2017-05-01 12:00:00+00:00,1,1.25,TP,False
S2-19,ema_reclaim_microbreak,CADJPY,2017-05-05 09:45:00+00:00,2017-05-05 10:00:00+00:00,2017-05-05 10:45:00+00:00,-1,-0.9999999999999756,SL,False
S2-19,ema_reclaim_microbreak,CADJPY,2017-05-12 07:15:00+00:00,2017-05-12 07:30:00+00:00,2017-05-12 07:45:00+00:00,-1,1.2500000000000837,TP,False
S2-19,ema_reclaim_microbreak,CADJPY,2017-05-12 11:45:00+00:00,2017-05-12 12:00:00+00:00,2017-05-12 12:15:00+00:00,-1,-1.0000000000000926,SL,False
S2-19,ema_reclaim_microbreak,CADJPY,2017-05-17 08:30:00+00:00,2017-05-17 08:45:00+00:00,2017-05-17 09:30:00+00:00,-1,1.2500000000000702,TP,False
S2-19,ema_reclaim_microbreak,CADJPY,2017-05-17 11:30:00+00:00,2017-05-17 11:45:00+00:00,2017-05-17 12:15:00+00:00,-1,1.250000000000067,TP,False
S2-19,ema_reclaim_microbreak,CADJPY,2017-05-22 07:15:00+00:00,2017-05-22 07:30:00+00:00,2017-05-22 07:30:00+00:00,1,-0.9999999999999654,SL,False
S2-19,ema_reclaim_microbreak,CADJPY,2017-05-22 09:45:00+00:00,2017-05-22 10:00:00+00:00,2017-05-22 10:15:00+00:00,1,1.249999999999975,TP,False
S2-19,ema_reclaim_microbreak,CADJPY,2017-05-24 07:15:00+00:00,2017-05-24 07:30:00+00:00,2017-05-24 07:45:00+00:00,1,1.25,TP,False
S2-19,ema_reclaim_microbreak,CADJPY,2017-05-25 10:45:00+00:00,2017-05-25 11:00:00+00:00,2017-05-25 11:00:00+00:00,1,-0.9999999999999537,SL,False
S2-19,ema_reclaim_microbreak,CADJPY,2017-05-26 07:45:00+00:00,2017-05-26 08:00:00+00:00,2017-05-26 08:00:00+00:00,-1,1.249999999999972,TP,False
S2-19,ema_reclaim_microbreak,CADJPY,2017-05-26 10:45:00+00:00,2017-05-26 11:00:00+00:00,2017-05-26 12:30:00+00:00,-1,-1.0000000000000575,SL,False
S2-19,ema_reclaim_microbreak,CADJPY,2017-06-06 09:00:00+00:00,2017-06-06 09:15:00+00:00,2017-06-06 09:45:00+00:00,-1,-1.000000000000058,SL,False
S2-19,ema_reclaim_microbreak,CADJPY,2017-06-06 10:15:00+00:00,2017-06-06 10:30:00+00:00,2017-06-06 11:00:00+00:00,-1,1.249999999999946,TP,False
S2-19,ema_reclaim_microbreak,CADJPY,2017-06-07 07:00:00+00:00,2017-06-07 07:15:00+00:00,2017-06-07 08:15:00+00:00,-1,1.2500000000001266,TP,False
S2-19,ema_reclaim_microbreak,CADJPY,2017-06-07 11:00:00+00:00,2017-06-07 11:15:00+00:00,2017-06-07 12:00:00+00:00,-1,-1.0,SL,False
S2-19,ema_reclaim_microbreak,CADJPY,2017-06-14 11:30:00+00:00,2017-06-14 11:45:00+00:00,2017-06-14 11:45:00+00:00,1,-1.0000000000000917,SL,False
S2-19,ema_reclaim_microbreak,CADJPY,2017-06-20 08:45:00+00:00,2017-06-20 09:00:00+00:00,2017-06-20 09:30:00+00:00,1,-0.9999999999998924,SL,False
S2-19,ema_reclaim_microbreak,CADJPY,2017-06-21 07:00:00+00:00,2017-06-21 07:15:00+00:00,2017-06-21 07:15:00+00:00,-1,1.2499999999998703,TP,False
S2-19,ema_reclaim_microbreak,CADJPY,2017-06-23 08:15:00+00:00,2017-06-23 08:30:00+00:00,2017-06-23 08:45:00+00:00,1,-0.999999999999905,SL,False
S2-19,ema_reclaim_microbreak,CADJPY,2017-06-28 09:00:00+00:00,2017-06-28 09:15:00+00:00,2017-06-28 10:00:00+00:00,1,1.2500000000000524,TP,False
S2-19,ema_reclaim_microbreak,CADJPY,2017-06-29 10:00:00+00:00,2017-06-29 10:15:00+00:00,2017-06-29 10:30:00+00:00,1,1.2500000000000366,TP,False
S2-19,ema_reclaim_microbreak,CADJPY,2017-07-12 07:15:00+00:00,2017-07-12 07:30:00+00:00,2017-07-12 07:45:00+00:00,-1,-1.0,SL,False
S2-19,ema_reclaim_microbreak,CADJPY,2017-07-13 08:30:00+00:00,2017-07-13 08:45:00+00:00,2017-07-13 09:15:00+00:00,1,1.25,TP,False
S2-19,ema_reclaim_microbreak,CADJPY,2017-07-20 07:30:00+00:00,2017-07-20 07:45:00+00:00,2017-07-20 07:45:00+00:00,1,-0.9999999999999412,SL,False
S2-19,ema_reclaim_microbreak,CADJPY,2017-07-20 10:15:00+00:00,2017-07-20 10:30:00+00:00,2017-07-20 11:15:00+00:00,1,-0.9999999999999505,SL,False
S2-19,ema_reclaim_microbreak,CADJPY,2017-07-20 11:30:00+00:00,2017-07-20 11:45:00+00:00,2017-07-20 11:45:00+00:00,1,-1.0000000000000804,SL,False
S2-19,ema_reclaim_microbreak,CADJPY,2017-07-26 07:15:00+00:00,2017-07-26 07:30:00+00:00,2017-07-26 07:30:00+00:00,1,-1.000000000000038,SL,False
S2-19,ema_reclaim_microbreak,CADJPY,2017-07-31 08:30:00+00:00,2017-07-31 08:45:00+00:00,2017-07-31 09:15:00+00:00,-1,-1.0,SL,False
S2-19,ema_reclaim_microbreak,CADJPY,2017-07-31 09:30:00+00:00,2017-07-31 09:45:00+00:00,2017-07-31 11:30:00+00:00,-1,-1.0,SL,False
S2-19,ema_reclaim_microbreak,CADJPY,2017-08-02 07:30:00+00:00,2017-08-02 07:45:00+00:00,2017-08-02 07:45:00+00:00,-1,-0.9999999999999457,SL,False
S2-19,ema_reclaim_microbreak,CADJPY,2017-08-03 11:15:00+00:00,2017-08-03 11:30:00+00:00,2017-08-03 11:30:00+00:00,-1,1.2499999999999765,TP,False
S2-19,ema_reclaim_microbreak,CADJPY,2017-08-04 09:45:00+00:00,2017-08-04 10:00:00+00:00,2017-08-04 10:15:00+00:00,-1,1.2499999999999556,TP,False
S2-19,ema_reclaim_microbreak,CADJPY,2017-08-04 11:15:00+00:00,2017-08-04 11:30:00+00:00,2017-08-04 11:30:00+00:00,-1,-1.0,SL,False
S2-19,ema_reclaim_microbreak,CADJPY,2017-08-08 08:30:00+00:00,2017-08-08 08:45:00+00:00,2017-08-08 09:00:00+00:00,-1,-0.999999999999905,SL,False
S2-19,ema_reclaim_microbreak,CADJPY,2017-08-09 07:30:00+00:00,2017-08-09 07:45:00+00:00,2017-08-09 08:00:00+00:00,-1,1.2499999999999687,TP,False
S2-19,ema_reclaim_microbreak,CADJPY,2017-08-09 10:15:00+00:00,2017-08-09 10:30:00+00:00,2017-08-09 11:00:00+00:00,-1,-0.9999999999999224,SL,False
S2-19,ema_reclaim_microbreak,CADJPY,2017-08-11 08:15:00+00:00,2017-08-11 08:30:00+00:00,2017-08-11 10:00:00+00:00,-1,-0.9999999999999372,SL,False
S2-19,ema_reclaim_microbreak,CADJPY,2017-08-14 07:45:00+00:00,2017-08-14 08:00:00+00:00,2017-08-14 08:45:00+00:00,1,-1.0,SL,False
S2-19,ema_reclaim_microbreak,CADJPY,2017-08-14 10:00:00+00:00,2017-08-14 10:15:00+00:00,2017-08-14 10:15:00+00:00,1,-1.0000000000000608,SL,False
S2-19,ema_reclaim_microbreak,CADJPY,2017-08-14 11:15:00+00:00,2017-08-14 11:30:00+00:00,2017-08-14 11:30:00+00:00,1,-0.9999999999999692,SL,False
S2-19,ema_reclaim_microbreak,CADJPY,2017-08-15 08:15:00+00:00,2017-08-15 08:30:00+00:00,2017-08-15 08:30:00+00:00,1,-1.00000000000003,SL,False
S2-19,ema_reclaim_microbreak,CADJPY,2017-08-15 10:45:00+00:00,2017-08-15 11:00:00+00:00,2017-08-15 12:45:00+00:00,1,1.25,TP,False
S2-19,ema_reclaim_microbreak,CADJPY,2017-08-17 11:15:00+00:00,2017-08-17 11:30:00+00:00,2017-08-17 11:30:00+00:00,1,1.250000000000056,TP,False
S2-19,ema_reclaim_microbreak,CADJPY,2017-08-18 11:45:00+00:00,2017-08-18 12:00:00+00:00,2017-08-18 12:15:00+00:00,-1,1.25,TP,False
S2-19,ema_reclaim_microbreak,CADJPY,2017-08-25 07:30:00+00:00,2017-08-25 07:45:00+00:00,2017-08-25 07:45:00+00:00,1,-1.0000000000000828,SL,False
S2-19,ema_reclaim_microbreak,CADJPY,2017-08-25 09:30:00+00:00,2017-08-25 09:45:00+00:00,2017-08-25 09:45:00+00:00,1,-0.9999999999998986,SL,False
S2-19,ema_reclaim_microbreak,CADJPY,2017-08-30 11:30:00+00:00,2017-08-30 11:45:00+00:00,2017-08-30 12:15:00+00:00,1,-1.0,SL,True
S2-19,ema_reclaim_microbreak,CADJPY,2017-09-01 10:15:00+00:00,2017-09-01 10:30:00+00:00,2017-09-01 11:00:00+00:00,1,1.2500000000000313,TP,False
S2-19,ema_reclaim_microbreak,CADJPY,2017-09-05 09:00:00+00:00,2017-09-05 09:15:00+00:00,2017-09-05 09:15:00+00:00,-1,-0.9999999999999362,SL,False
S2-19,ema_reclaim_microbreak,CADJPY,2017-09-12 10:00:00+00:00,2017-09-12 10:15:00+00:00,2017-09-12 11:00:00+00:00,1,-1.0000000000000462,SL,False
S2-19,ema_reclaim_microbreak,CADJPY,2017-09-13 08:00:00+00:00,2017-09-13 08:15:00+00:00,2017-09-13 08:45:00+00:00,1,1.2500000000000646,TP,False
S2-19,ema_reclaim_microbreak,CADJPY,2017-09-19 08:00:00+00:00,2017-09-19 08:15:00+00:00,2017-09-19 08:15:00+00:00,-1,-0.9999999999999564,SL,False
S2-19,ema_reclaim_microbreak,CADJPY,2017-09-20 07:15:00+00:00,2017-09-20 07:30:00+00:00,2017-09-20 07:30:00+00:00,-1,-0.9999999999999104,SL,False
S2-19,ema_reclaim_microbreak,CADJPY,2017-09-25 11:45:00+00:00,2017-09-25 12:00:00+00:00,2017-09-25 12:00:00+00:00,-1,-1.0,SL,False
S2-19,ema_reclaim_microbreak,CADJPY,2017-09-26 09:30:00+00:00,2017-09-26 09:45:00+00:00,2017-09-26 10:30:00+00:00,-1,-0.9999999999999173,SL,False
S2-19,ema_reclaim_microbreak,CADJPY,2017-09-26 10:45:00+00:00,2017-09-26 11:00:00+00:00,2017-09-26 11:15:00+00:00,-1,-0.9999999999999116,SL,False
S2-19,ema_reclaim_microbreak,CADJPY,2017-09-27 08:30:00+00:00,2017-09-27 08:45:00+00:00,2017-09-27 10:15:00+00:00,1,1.2500000000000502,TP,False
S2-19,ema_reclaim_microbreak,CADJPY,2017-09-28 09:45:00+00:00,2017-09-28 10:00:00+00:00,2017-09-28 10:00:00+00:00,-1,-1.0,SL,False
S2-19,ema_reclaim_microbreak,CADJPY,2017-10-06 08:30:00+00:00,2017-10-06 08:45:00+00:00,2017-10-06 08:45:00+00:00,-1,-1.000000000000125,SL,False
S2-19,ema_reclaim_microbreak,CADJPY,2017-10-06 09:45:00+00:00,2017-10-06 10:00:00+00:00,2017-10-06 10:00:00+00:00,-1,-1.0,SL,False
S2-19,ema_reclaim_microbreak,CADJPY,2017-10-11 11:45:00+00:00,2017-10-11 12:00:00+00:00,2017-10-11 13:00:00+00:00,-1,-1.000000000000076,SL,False
S2-19,ema_reclaim_microbreak,CADJPY,2017-10-12 09:30:00+00:00,2017-10-12 09:45:00+00:00,2017-10-12 09:45:00+00:00,1,-1.0000000000000455,SL,False
S2-19,ema_reclaim_microbreak,CADJPY,2017-10-13 11:45:00+00:00,2017-10-13 12:00:00+00:00,2017-10-13 12:00:00+00:00,-1,1.2500000000000342,TP,False
S2-19,ema_reclaim_microbreak,CADJPY,2017-10-23 07:30:00+00:00,2017-10-23 07:45:00+00:00,2017-10-23 08:00:00+00:00,-1,-0.9999999999999586,SL,False
S2-19,ema_reclaim_microbreak,CADJPY,2017-10-24 07:30:00+00:00,2017-10-24 07:45:00+00:00,2017-10-24 07:45:00+00:00,-1,-0.9999999999999118,SL,False
S2-19,ema_reclaim_microbreak,CADJPY,2017-10-25 07:00:00+00:00,2017-10-25 07:15:00+00:00,2017-10-25 07:15:00+00:00,-1,-1.0000000000000409,SL,False
S2-19,ema_reclaim_microbreak,CADJPY,2017-10-26 09:15:00+00:00,2017-10-26 09:30:00+00:00,2017-10-26 09:45:00+00:00,-1,-0.9999999999999691,SL,False
S2-19,ema_reclaim_microbreak,CADJPY,2017-10-30 07:00:00+00:00,2017-10-30 07:15:00+00:00,2017-10-30 07:15:00+00:00,-1,-1.0000000000001854,SL,False
S2-19,ema_reclaim_microbreak,CADJPY,2017-10-30 11:15:00+00:00,2017-10-30 11:30:00+00:00,2017-10-30 11:45:00+00:00,-1,-1.000000000000076,SL,False
S2-19,ema_reclaim_microbreak,CADJPY,2017-10-31 07:45:00+00:00,2017-10-31 08:00:00+00:00,2017-10-31 09:00:00+00:00,-1,-0.9999999999998958,SL,False
S2-19,ema_reclaim_microbreak,CADJPY,2017-11-02 09:15:00+00:00,2017-11-02 09:30:00+00:00,2017-11-02 11:00:00+00:00,1,-0.9999999999999634,SL,False
S2-19,ema_reclaim_microbreak,CADJPY,2017-11-02 11:15:00+00:00,2017-11-02 11:30:00+00:00,2017-11-02 11:45:00+00:00,1,-1.0,SL,False
S2-19,ema_reclaim_microbreak,CADJPY,2017-11-07 09:00:00+00:00,2017-11-07 09:15:00+00:00,2017-11-07 09:15:00+00:00,1,-1.0,SL,False
S2-19,ema_reclaim_microbreak,CADJPY,2017-11-10 11:00:00+00:00,2017-11-10 11:15:00+00:00,2017-11-10 12:30:00+00:00,1,-0.9999999999999327,SL,False
S2-19,ema_reclaim_microbreak,CADJPY,2017-11-21 08:00:00+00:00,2017-11-21 08:15:00+00:00,2017-11-21 08:15:00+00:00,-1,-0.9999999999999194,SL,True
S2-19,ema_reclaim_microbreak,CADJPY,2017-11-28 08:15:00+00:00,2017-11-28 08:30:00+00:00,2017-11-28 08:45:00+00:00,-1,1.2500000000000449,TP,False
S2-19,ema_reclaim_microbreak,CADJPY,2017-12-05 10:00:00+00:00,2017-12-05 10:15:00+00:00,2017-12-05 10:15:00+00:00,1,-1.0000000000000322,SL,False
S2-19,ema_reclaim_microbreak,CADJPY,2017-12-05 10:45:00+00:00,2017-12-05 11:00:00+00:00,2017-12-05 12:15:00+00:00,1,1.25,TP,False
S2-19,ema_reclaim_microbreak,CADJPY,2017-12-07 07:30:00+00:00,2017-12-07 07:45:00+00:00,2017-12-07 08:15:00+00:00,-1,1.2500000000001499,TP,False
S2-19,ema_reclaim_microbreak,CADJPY,2017-12-12 07:30:00+00:00,2017-12-12 07:45:00+00:00,2017-12-12 08:15:00+00:00,1,1.2499999999998759,TP,False
S2-19,ema_reclaim_microbreak,CADJPY,2017-12-13 08:15:00+00:00,2017-12-13 08:30:00+00:00,2017-12-13 08:45:00+00:00,-1,1.25,TP,False
S2-19,ema_reclaim_microbreak,CADJPY,2017-12-14 10:15:00+00:00,2017-12-14 10:30:00+00:00,2017-12-14 12:00:00+00:00,-1,-1.0000000000000584,SL,False
S2-19,ema_reclaim_microbreak,CADJPY,2017-12-21 11:00:00+00:00,2017-12-21 11:15:00+00:00,2017-12-21 11:15:00+00:00,1,-1.000000000000093,SL,False
S2-19,ema_reclaim_microbreak,CADJPY,2017-12-26 07:30:00+00:00,2017-12-26 07:45:00+00:00,2017-12-26 07:45:00+00:00,1,-0.9999999999997277,SL,False
S2-19,ema_reclaim_microbreak,CADJPY,2017-12-26 10:45:00+00:00,2017-12-26 11:00:00+00:00,2017-12-26 11:00:00+00:00,1,-1.0000000000001765,SL,False
S2-19,ema_reclaim_microbreak,CADJPY,2017-12-27 07:30:00+00:00,2017-12-27 07:45:00+00:00,2017-12-27 08:00:00+00:00,1,1.2500000000000657,TP,False
S2-19,ema_reclaim_microbreak,CADJPY,2017-12-29 08:15:00+00:00,2017-12-29 08:30:00+00:00,2017-12-29 08:30:00+00:00,1,-0.9999999999998636,SL,False
S2-19,ema_reclaim_microbreak,CADJPY,2017-12-29 09:45:00+00:00,2017-12-29 10:00:00+00:00,2017-12-29 10:30:00+00:00,1,-0.9999999999999236,SL,False
S2-19,ema_reclaim_microbreak,CADJPY,2018-01-03 08:30:00+00:00,2018-01-03 08:45:00+00:00,2018-01-03 09:30:00+00:00,1,-0.9999999999998757,SL,False
S2-19,ema_reclaim_microbreak,CADJPY,2018-01-04 10:15:00+00:00,2018-01-04 10:30:00+00:00,2018-01-04 13:00:00+00:00,1,-0.9999999999999122,SL,False
S2-19,ema_reclaim_microbreak,CADJPY,2018-01-08 07:45:00+00:00,2018-01-08 08:00:00+00:00,2018-01-08 08:00:00+00:00,1,-1.0,SL,False
S2-19,ema_reclaim_microbreak,CADJPY,2018-01-08 11:15:00+00:00,2018-01-08 11:30:00+00:00,2018-01-08 11:30:00+00:00,1,-1.0000000000000664,SL,False
S2-19,ema_reclaim_microbreak,CADJPY,2018-01-11 07:30:00+00:00,2018-01-11 07:45:00+00:00,2018-01-11 08:00:00+00:00,-1,1.2499999999999647,TP,False
S2-19,ema_reclaim_microbreak,CADJPY,2018-01-12 10:30:00+00:00,2018-01-12 10:45:00+00:00,2018-01-12 13:15:00+00:00,-1,-0.9999999999999429,SL,False
S2-19,ema_reclaim_microbreak,CADJPY,2018-01-17 07:15:00+00:00,2018-01-17 07:30:00+00:00,2018-01-17 08:15:00+00:00,-1,-0.9999999999999404,SL,False
S2-19,ema_reclaim_microbreak,CADJPY,2018-01-18 11:45:00+00:00,2018-01-18 12:00:00+00:00,2018-01-18 12:30:00+00:00,1,-0.9999999999999236,SL,False
S2-19,ema_reclaim_microbreak,CADJPY,2018-01-24 07:30:00+00:00,2018-01-24 07:45:00+00:00,2018-01-24 08:00:00+00:00,-1,-1.0000000000000395,SL,False
S2-19,ema_reclaim_microbreak,CADJPY,2018-01-25 11:00:00+00:00,2018-01-25 11:15:00+00:00,2018-01-25 11:15:00+00:00,-1,1.2500000000000946,TP,False
S2-19,ema_reclaim_microbreak,CADJPY,2018-01-29 11:45:00+00:00,2018-01-29 12:00:00+00:00,2018-01-29 12:15:00+00:00,-1,-1.0000000000000333,SL,False
S2-19,ema_reclaim_microbreak,CADJPY,2018-02-02 09:45:00+00:00,2018-02-02 10:00:00+00:00,2018-02-02 10:15:00+00:00,1,-1.0000000000000602,SL,False
S2-19,ema_reclaim_microbreak,CADJPY,2018-02-02 11:15:00+00:00,2018-02-02 11:30:00+00:00,2018-02-02 11:45:00+00:00,1,-1.0000000000000298,SL,False
S2-19,ema_reclaim_microbreak,CADJPY,2018-02-05 07:15:00+00:00,2018-02-05 07:30:00+00:00,2018-02-05 07:30:00+00:00,-1,-1.00000000000011,SL,False
S2-19,ema_reclaim_microbreak,CADJPY,2018-02-05 10:15:00+00:00,2018-02-05 10:30:00+00:00,2018-02-05 11:15:00+00:00,-1,1.25,TP,False
S2-19,ema_reclaim_microbreak,CADJPY,2018-02-06 11:15:00+00:00,2018-02-06 11:30:00+00:00,2018-02-06 12:15:00+00:00,-1,-1.0,SL,False
S2-19,ema_reclaim_microbreak,CADJPY,2018-02-12 09:30:00+00:00,2018-02-12 09:45:00+00:00,2018-02-12 09:45:00+00:00,-1,-0.9999999999999514,SL,False
S2-19,ema_reclaim_microbreak,CADJPY,2018-02-15 08:45:00+00:00,2018-02-15 09:00:00+00:00,2018-02-15 10:45:00+00:00,-1,-0.9999999999999508,SL,False
S2-19,ema_reclaim_microbreak,CADJPY,2018-02-16 08:00:00+00:00,2018-02-16 08:15:00+00:00,2018-02-16 08:15:00+00:00,-1,-1.0,SL,False
S2-19,ema_reclaim_microbreak,CADJPY,2018-02-16 11:45:00+00:00,2018-02-16 12:00:00+00:00,2018-02-16 12:15:00+00:00,-1,-1.0000000000000855,SL,False
S2-19,ema_reclaim_microbreak,CADJPY,2018-02-20 11:30:00+00:00,2018-02-20 11:45:00+00:00,2018-02-20 11:45:00+00:00,1,-0.9999999999999045,SL,False
S2-19,ema_reclaim_microbreak,CADJPY,2018-02-22 07:30:00+00:00,2018-02-22 07:45:00+00:00,2018-02-22 08:00:00+00:00,-1,1.2500000000000322,TP,False
S2-19,ema_reclaim_microbreak,CADJPY,2018-02-22 11:30:00+00:00,2018-02-22 11:45:00+00:00,2018-02-22 12:00:00+00:00,-1,-1.0000000000000993,SL,False
S2-19,ema_reclaim_microbreak,CADJPY,2018-02-28 09:15:00+00:00,2018-02-28 09:30:00+00:00,2018-02-28 12:15:00+00:00,-1,1.2500000000001,TP,False
S2-19,ema_reclaim_microbreak,CADJPY,2018-03-01 08:45:00+00:00,2018-03-01 09:00:00+00:00,2018-03-01 09:00:00+00:00,-1,1.25,TP,False
S2-19,ema_reclaim_microbreak,CADJPY,2018-03-07 09:00:00+00:00,2018-03-07 09:15:00+00:00,2018-03-07 10:30:00+00:00,-1,-1.0,SL,False
S2-19,ema_reclaim_microbreak,CADJPY,2018-03-07 10:30:00+00:00,2018-03-07 10:45:00+00:00,2018-03-07 11:45:00+00:00,-1,-1.0000000000000513,SL,False
S2-19,ema_reclaim_microbreak,CADJPY,2018-03-14 09:30:00+00:00,2018-03-14 09:45:00+00:00,2018-03-14 10:00:00+00:00,-1,-1.0000000000000884,SL,False
S2-19,ema_reclaim_microbreak,CADJPY,2018-03-14 10:15:00+00:00,2018-03-14 10:30:00+00:00,2018-03-14 11:15:00+00:00,-1,1.2499999999999427,TP,False
S2-19,ema_reclaim_microbreak,CADJPY,2018-03-15 09:30:00+00:00,2018-03-15 09:45:00+00:00,2018-03-15 10:30:00+00:00,-1,1.2500000000000306,TP,False
S2-19,ema_reclaim_microbreak,CADJPY,2018-03-16 07:00:00+00:00,2018-03-16 07:15:00+00:00,2018-03-16 07:30:00+00:00,-1,1.2499999999999614,TP,False
S2-19,ema_reclaim_microbreak,CADJPY,2018-03-19 08:15:00+00:00,2018-03-19 08:30:00+00:00,2018-03-19 08:45:00+00:00,-1,-0.9999999999999682,SL,False
S2-19,ema_reclaim_microbreak,CADJPY,2018-03-20 10:15:00+00:00,2018-03-20 10:30:00+00:00,2018-03-20 11:00:00+00:00,1,1.2499999999999802,TP,False
S2-19,ema_reclaim_microbreak,CADJPY,2018-03-22 08:15:00+00:00,2018-03-22 08:30:00+00:00,2018-03-22 08:45:00+00:00,1,1.2500000000000548,TP,False
S2-19,ema_reclaim_microbreak,CADJPY,2018-03-23 08:45:00+00:00,2018-03-23 09:00:00+00:00,2018-03-23 09:45:00+00:00,-1,1.250000000000067,TP,False
S2-19,ema_reclaim_microbreak,CADJPY,2018-03-26 09:15:00+00:00,2018-03-26 09:30:00+00:00,2018-03-26 09:30:00+00:00,1,1.2500000000000713,TP,False
S2-19,ema_reclaim_microbreak,CADJPY,2018-03-27 09:45:00+00:00,2018-03-27 10:00:00+00:00,2018-03-27 10:00:00+00:00,1,-0.9999999999999337,SL,False
S2-19,ema_reclaim_microbreak,CADJPY,2018-03-29 08:45:00+00:00,2018-03-29 09:00:00+00:00,2018-03-29 11:15:00+00:00,1,-1.000000000000084,SL,False
S2-19,ema_reclaim_microbreak,CADJPY,2018-03-29 11:45:00+00:00,2018-03-29 12:00:00+00:00,2018-03-29 12:00:00+00:00,1,-1.0,SL,False
S2-19,ema_reclaim_microbreak,CADJPY,2018-04-05 11:00:00+00:00,2018-04-05 11:15:00+00:00,2018-04-05 11:45:00+00:00,1,-0.9999999999999739,SL,False
S2-19,ema_reclaim_microbreak,CADJPY,2018-04-10 10:15:00+00:00,2018-04-10 10:30:00+00:00,2018-04-10 11:45:00+00:00,1,1.2499999999999798,TP,False
S2-19,ema_reclaim_microbreak,CADJPY,2018-04-17 09:45:00+00:00,2018-04-17 10:00:00+00:00,2018-04-17 10:00:00+00:00,-1,-0.9999999999999278,SL,False
S2-19,ema_reclaim_microbreak,CADJPY,2018-04-19 08:30:00+00:00,2018-04-19 08:45:00+00:00,2018-04-19 08:45:00+00:00,-1,-0.9999999999999406,SL,False
S2-19,ema_reclaim_microbreak,CADJPY,2018-04-24 11:15:00+00:00,2018-04-24 11:30:00+00:00,2018-04-24 11:45:00+00:00,1,1.2500000000000409,TP,False
S2-19,ema_reclaim_microbreak,CADJPY,2018-04-27 07:00:00+00:00,2018-04-27 07:15:00+00:00,2018-04-27 07:15:00+00:00,-1,-1.0000000000000948,SL,False
S2-19,ema_reclaim_microbreak,CADJPY,2018-04-27 11:00:00+00:00,2018-04-27 11:15:00+00:00,2018-04-27 11:30:00+00:00,-1,-1.0,SL,False
S2-19,ema_reclaim_microbreak,CADJPY,2018-05-01 07:15:00+00:00,2018-05-01 07:30:00+00:00,2018-05-01 07:30:00+00:00,1,-1.0000000000000702,SL,False
S2-19,ema_reclaim_microbreak,CADJPY,2018-05-01 09:30:00+00:00,2018-05-01 09:45:00+00:00,2018-05-01 10:30:00+00:00,1,-1.0000000000001015,SL,False
S2-19,ema_reclaim_microbreak,CADJPY,2018-05-02 10:45:00+00:00,2018-05-02 11:00:00+00:00,2018-05-02 11:15:00+00:00,1,-0.9999999999999163,SL,False
S2-19,ema_reclaim_microbreak,CADJPY,2018-05-10 10:15:00+00:00,2018-05-10 10:30:00+00:00,2018-05-10 12:30:00+00:00,1,-1.000000000000023,SL,False
S2-19,ema_reclaim_microbreak,CADJPY,2018-05-11 08:15:00+00:00,2018-05-11 08:30:00+00:00,2018-05-11 08:45:00+00:00,1,-1.0000000000000964,SL,False
S2-19,ema_reclaim_microbreak,CADJPY,2018-05-21 10:00:00+00:00,2018-05-21 10:15:00+00:00,2018-05-21 11:30:00+00:00,1,-1.0,SL,False
S2-19,ema_reclaim_microbreak,CADJPY,2018-05-24 07:00:00+00:00,2018-05-24 07:15:00+00:00,2018-05-24 07:15:00+00:00,-1,-1.000000000000073,SL,False
S2-19,ema_reclaim_microbreak,CADJPY,2018-05-24 09:15:00+00:00,2018-05-24 09:30:00+00:00,2018-05-24 10:00:00+00:00,-1,-0.9999999999999772,SL,False
S2-19,ema_reclaim_microbreak,CADJPY,2018-05-24 11:00:00+00:00,2018-05-24 11:15:00+00:00,2018-05-24 11:30:00+00:00,-1,1.2499999999999738,TP,False
S2-19,ema_reclaim_microbreak,CADJPY,2018-05-28 10:00:00+00:00,2018-05-28 10:15:00+00:00,2018-05-28 10:15:00+00:00,-1,-1.0,SL,False
S2-19,ema_reclaim_microbreak,CADJPY,2018-06-01 11:15:00+00:00,2018-06-01 11:30:00+00:00,2018-06-01 12:30:00+00:00,1,-1.0,SL,True
S2-19,ema_reclaim_microbreak,CADJPY,2018-06-12 07:00:00+00:00,2018-06-12 07:15:00+00:00,2018-06-12 08:15:00+00:00,1,-1.00000000000007,SL,False
S2-19,ema_reclaim_microbreak,CADJPY,2018-06-13 08:00:00+00:00,2018-06-13 08:15:00+00:00,2018-06-13 08:15:00+00:00,1,-0.9999999999999575,SL,False
S2-19,ema_reclaim_microbreak,CADJPY,2018-06-13 09:45:00+00:00,2018-06-13 10:00:00+00:00,2018-06-13 11:00:00+00:00,1,-1.000000000000082,SL,False
S2-19,ema_reclaim_microbreak,CADJPY,2018-06-18 07:45:00+00:00,2018-06-18 08:00:00+00:00,2018-06-18 08:00:00+00:00,-1,-1.0000000000001226,SL,False
S2-19,ema_reclaim_microbreak,CADJPY,2018-06-19 07:45:00+00:00,2018-06-19 08:00:00+00:00,2018-06-19 08:00:00+00:00,-1,-1.0000000000000684,SL,False
S2-19,ema_reclaim_microbreak,CADJPY,2018-06-19 09:45:00+00:00,2018-06-19 10:00:00+00:00,2018-06-19 10:30:00+00:00,-1,1.2500000000000164,TP,False
S2-19,ema_reclaim_microbreak,CADJPY,2018-06-20 07:15:00+00:00,2018-06-20 07:30:00+00:00,2018-06-20 07:30:00+00:00,-1,-1.0,SL,False
S2-19,ema_reclaim_microbreak,CADJPY,2018-06-25 08:45:00+00:00,2018-06-25 09:00:00+00:00,2018-06-25 09:45:00+00:00,-1,-0.9999999999999242,SL,False
S2-19,ema_reclaim_microbreak,CADJPY,2018-06-25 10:00:00+00:00,2018-06-25 10:15:00+00:00,2018-06-25 11:00:00+00:00,-1,-1.000000000000073,SL,False
S2-19,ema_reclaim_microbreak,CADJPY,2018-06-28 07:15:00+00:00,2018-06-28 07:30:00+00:00,2018-06-28 08:15:00+00:00,1,-1.0000000000000997,SL,False
S2-19,ema_reclaim_microbreak,CADJPY,2018-07-02 10:30:00+00:00,2018-07-02 10:45:00+00:00,2018-07-02 11:45:00+00:00,1,-0.9999999999999738,SL,False
S2-19,ema_reclaim_microbreak,CADJPY,2018-07-03 11:45:00+00:00,2018-07-03 12:00:00+00:00,2018-07-03 12:00:00+00:00,1,-1.0,SL,False
S2-19,ema_reclaim_microbreak,CADJPY,2018-07-05 10:30:00+00:00,2018-07-05 10:45:00+00:00,2018-07-05 11:15:00+00:00,1,1.250000000000076,TP,False
S2-19,ema_reclaim_microbreak,CADJPY,2018-07-09 08:15:00+00:00,2018-07-09 08:30:00+00:00,2018-07-09 12:15:00+00:00,1,0.7065938069216757,TIME,False
S2-19,ema_reclaim_microbreak,CADJPY,2018-07-10 09:15:00+00:00,2018-07-10 09:30:00+00:00,2018-07-10 10:00:00+00:00,1,1.2499999999999238,TP,False
S2-19,ema_reclaim_microbreak,CADJPY,2018-07-13 07:30:00+00:00,2018-07-13 07:45:00+00:00,2018-07-13 08:00:00+00:00,1,-0.9999999999999547,SL,False
S2-19,ema_reclaim_microbreak,CADJPY,2018-07-16 07:30:00+00:00,2018-07-16 07:45:00+00:00,2018-07-16 10:15:00+00:00,1,-0.9999999999998328,SL,False
S2-19,ema_reclaim_microbreak,CADJPY,2018-07-17 08:30:00+00:00,2018-07-17 08:45:00+00:00,2018-07-17 09:15:00+00:00,1,-1.0000000000001126,SL,False
S2-19,ema_reclaim_microbreak,CADJPY,2018-07-20 11:30:00+00:00,2018-07-20 11:45:00+00:00,2018-07-20 12:15:00+00:00,-1,1.2499999999999287,TP,False
S2-19,ema_reclaim_microbreak,CADJPY,2018-07-23 07:15:00+00:00,2018-07-23 07:30:00+00:00,2018-07-23 08:30:00+00:00,-1,-0.9999999999998705,SL,False
S2-19,ema_reclaim_microbreak,CADJPY,2018-07-23 09:00:00+00:00,2018-07-23 09:15:00+00:00,2018-07-23 09:30:00+00:00,-1,-0.9999999999999618,SL,False
S2-19,ema_reclaim_microbreak,CADJPY,2018-07-24 11:00:00+00:00,2018-07-24 11:15:00+00:00,2018-07-24 12:00:00+00:00,-1,-0.9999999999999549,SL,False
S2-19,ema_reclaim_microbreak,CADJPY,2018-07-27 10:15:00+00:00,2018-07-27 10:30:00+00:00,2018-07-27 11:30:00+00:00,1,-0.9999999999998676,SL,False
S2-19,ema_reclaim_microbreak,CADJPY,2018-07-30 08:45:00+00:00,2018-07-30 09:00:00+00:00,2018-07-30 10:00:00+00:00,1,1.2500000000001072,TP,False
S2-19,ema_reclaim_microbreak,CADJPY,2018-08-03 10:00:00+00:00,2018-08-03 10:15:00+00:00,2018-08-03 10:45:00+00:00,1,-0.9999999999999135,SL,False
S2-19,ema_reclaim_microbreak,CADJPY,2018-08-03 11:00:00+00:00,2018-08-03 11:15:00+00:00,2018-08-03 11:15:00+00:00,1,1.2500000000001215,TP,False
S2-19,ema_reclaim_microbreak,CADJPY,2018-08-10 11:00:00+00:00,2018-08-10 11:15:00+00:00,2018-08-10 11:30:00+00:00,-1,-0.9999999999999764,SL,False
S2-19,ema_reclaim_microbreak,CADJPY,2018-08-13 11:15:00+00:00,2018-08-13 11:30:00+00:00,2018-08-13 11:45:00+00:00,-1,-0.9999999999999228,SL,False
S2-19,ema_reclaim_microbreak,CADJPY,2018-08-15 07:00:00+00:00,2018-08-15 07:15:00+00:00,2018-08-15 07:15:00+00:00,1,1.2500000000001026,TP,False
S2-19,ema_reclaim_microbreak,CADJPY,2018-08-17 08:45:00+00:00,2018-08-17 09:00:00+00:00,2018-08-17 09:15:00+00:00,-1,1.2499999999998572,TP,False
S2-19,ema_reclaim_microbreak,CADJPY,2018-08-20 07:00:00+00:00,2018-08-20 07:15:00+00:00,2018-08-20 09:15:00+00:00,1,-1.0000000000000449,SL,False
S2-19,ema_reclaim_microbreak,CADJPY,2018-08-23 07:30:00+00:00,2018-08-23 07:45:00+00:00,2018-08-23 07:45:00+00:00,1,-1.0,SL,False
S2-19,ema_reclaim_microbreak,CADJPY,2018-08-23 08:30:00+00:00,2018-08-23 08:45:00+00:00,2018-08-23 09:30:00+00:00,1,-1.0000000000000773,SL,False
S2-19,ema_reclaim_microbreak,CADJPY,2018-08-23 10:45:00+00:00,2018-08-23 11:00:00+00:00,2018-08-23 11:15:00+00:00,1,-0.9999999999999255,SL,False
S2-19,ema_reclaim_microbreak,CADJPY,2018-08-28 07:15:00+00:00,2018-08-28 07:30:00+00:00,2018-08-28 07:30:00+00:00,1,-1.0000000000000842,SL,False
S2-19,ema_reclaim_microbreak,CADJPY,2018-08-31 11:45:00+00:00,2018-08-31 12:00:00+00:00,2018-08-31 12:00:00+00:00,-1,-0.9999999999999173,SL,False
S2-19,ema_reclaim_microbreak,CADJPY,2018-09-03 07:15:00+00:00,2018-09-03 07:30:00+00:00,2018-09-03 07:30:00+00:00,-1,-1.0000000000000953,SL,False
S2-19,ema_reclaim_microbreak,CADJPY,2018-09-12 09:30:00+00:00,2018-09-12 09:45:00+00:00,2018-09-12 10:15:00+00:00,1,1.2500000000001117,TP,False
S2-19,ema_reclaim_microbreak,CADJPY,2018-09-13 10:30:00+00:00,2018-09-13 10:45:00+00:00,2018-09-13 11:00:00+00:00,1,1.2500000000001337,TP,False
S2-19,ema_reclaim_microbreak,CADJPY,2018-09-18 08:15:00+00:00,2018-09-18 08:30:00+00:00,2018-09-18 10:30:00+00:00,1,1.250000000000041,TP,False
S2-19,ema_reclaim_microbreak,CADJPY,2018-09-19 10:00:00+00:00,2018-09-19 10:15:00+00:00,2018-09-19 10:30:00+00:00,1,1.25,TP,False
S2-19,ema_reclaim_microbreak,CADJPY,2018-09-19 11:30:00+00:00,2018-09-19 11:45:00+00:00,2018-09-19 11:45:00+00:00,1,-0.9999999999999732,SL,False
S2-19,ema_reclaim_microbreak,CADJPY,2018-09-20 07:00:00+00:00,2018-09-20 07:15:00+00:00,2018-09-20 07:30:00+00:00,1,1.2499999999999643,TP,False
S2-19,ema_reclaim_microbreak,CADJPY,2018-09-20 09:00:00+00:00,2018-09-20 09:15:00+00:00,2018-09-20 10:00:00+00:00,1,1.2499999999999682,TP,False
S2-19,ema_reclaim_microbreak,CADJPY,2018-09-21 08:15:00+00:00,2018-09-21 08:30:00+00:00,2018-09-21 08:30:00+00:00,1,-0.9999999999999664,SL,False
S2-19,ema_reclaim_microbreak,CADJPY,2018-09-21 09:00:00+00:00,2018-09-21 09:15:00+00:00,2018-09-21 10:15:00+00:00,1,-1.0000000000000882,SL,False
S2-19,ema_reclaim_microbreak,CADJPY,2018-09-21 10:30:00+00:00,2018-09-21 10:45:00+00:00,2018-09-21 11:00:00+00:00,1,-1.0,SL,False
S2-19,ema_reclaim_microbreak,CADJPY,2018-09-25 10:00:00+00:00,2018-09-25 10:15:00+00:00,2018-09-25 10:30:00+00:00,1,1.250000000000071,TP,False
S2-19,ema_reclaim_microbreak,CADJPY,2018-09-27 09:45:00+00:00,2018-09-27 10:00:00+00:00,2018-09-27 10:45:00+00:00,-1,-1.0000000000000566,SL,False
S2-19,ema_reclaim_microbreak,CADJPY,2018-09-28 07:00:00+00:00,2018-09-28 07:15:00+00:00,2018-09-28 07:30:00+00:00,1,1.2500000000000344,TP,False
S2-19,ema_reclaim_microbreak,CADJPY,2018-09-28 10:45:00+00:00,2018-09-28 11:00:00+00:00,2018-09-28 11:30:00+00:00,1,-1.000000000000105,SL,False
S2-19,ema_reclaim_microbreak,CADJPY,2018-10-03 07:45:00+00:00,2018-10-03 08:00:00+00:00,2018-10-03 08:30:00+00:00,1,-0.9999999999998844,SL,False
S2-19,ema_reclaim_microbreak,CADJPY,2018-10-11 07:45:00+00:00,2018-10-11 08:00:00+00:00,2018-10-11 08:15:00+00:00,-1,-1.0000000000000457,SL,False
S2-19,ema_reclaim_microbreak,CADJPY,2018-10-11 08:45:00+00:00,2018-10-11 09:00:00+00:00,2018-10-11 11:15:00+00:00,-1,-0.9999999999999573,SL,False
S2-19,ema_reclaim_microbreak,CADJPY,2018-10-15 10:15:00+00:00,2018-10-15 10:30:00+00:00,2018-10-15 10:45:00+00:00,-1,-1.0000000000000784,SL,False
S2-19,ema_reclaim_microbreak,CADJPY,2018-10-24 10:45:00+00:00,2018-10-24 11:00:00+00:00,2018-10-24 11:30:00+00:00,1,1.250000000000079,TP,False
S2-19,ema_reclaim_microbreak,CADJPY,2018-10-30 10:00:00+00:00,2018-10-30 10:15:00+00:00,2018-10-30 10:30:00+00:00,1,-0.9999999999999086,SL,False
S2-19,ema_reclaim_microbreak,CADJPY,2018-11-02 10:15:00+00:00,2018-11-02 10:30:00+00:00,2018-11-02 12:00:00+00:00,1,-1.0000000000000895,SL,False
S2-19,ema_reclaim_microbreak,CADJPY,2018-11-05 09:15:00+00:00,2018-11-05 09:30:00+00:00,2018-11-05 10:00:00+00:00,1,1.2499999999999574,TP,False
S2-19,ema_reclaim_microbreak,CADJPY,2018-11-19 07:00:00+00:00,2018-11-19 07:15:00+00:00,2018-11-19 07:15:00+00:00,-1,-1.000000000000059,SL,False
S2-19,ema_reclaim_microbreak,CADJPY,2018-11-19 11:30:00+00:00,2018-11-19 11:45:00+00:00,2018-11-19 13:15:00+00:00,-1,-1.000000000000108,SL,False
S2-19,ema_reclaim_microbreak,CADJPY,2018-11-20 07:00:00+00:00,2018-11-20 07:15:00+00:00,2018-11-20 07:30:00+00:00,-1,-0.9999999999998731,SL,False
S2-19,ema_reclaim_microbreak,CADJPY,2018-11-20 08:00:00+00:00,2018-11-20 08:15:00+00:00,2018-11-20 08:30:00+00:00,-1,-0.9999999999999557,SL,True
S2-19,ema_reclaim_microbreak,CADJPY,2018-11-20 08:30:00+00:00,2018-11-20 08:45:00+00:00,2018-11-20 08:45:00+00:00,-1,1.24999999999988,TP,False
S2-19,ema_reclaim_microbreak,CADJPY,2018-11-22 10:00:00+00:00,2018-11-22 10:15:00+00:00,2018-11-22 12:00:00+00:00,1,1.2500000000001115,TP,False
S2-19,ema_reclaim_microbreak,CADJPY,2018-11-26 10:30:00+00:00,2018-11-26 10:45:00+00:00,2018-11-26 11:15:00+00:00,1,-1.0000000000000828,SL,False
S2-19,ema_reclaim_microbreak,CADJPY,2018-11-27 07:30:00+00:00,2018-11-27 07:45:00+00:00,2018-11-27 07:45:00+00:00,1,-1.0,SL,False
S2-19,ema_reclaim_microbreak,CADJPY,2018-11-29 08:30:00+00:00,2018-11-29 08:45:00+00:00,2018-11-29 09:00:00+00:00,-1,1.2500000000000826,TP,False
S2-19,ema_reclaim_microbreak,CADJPY,2018-11-29 11:15:00+00:00,2018-11-29 11:30:00+00:00,2018-11-29 11:30:00+00:00,-1,1.25000000000007,TP,False
S2-19,ema_reclaim_microbreak,CADJPY,2018-11-30 07:45:00+00:00,2018-11-30 08:00:00+00:00,2018-11-30 08:00:00+00:00,-1,1.2500000000000613,TP,False
S2-19,ema_reclaim_microbreak,CADJPY,2018-12-06 08:15:00+00:00,2018-12-06 08:30:00+00:00,2018-12-06 08:45:00+00:00,-1,1.250000000000055,TP,False
S2-19,ema_reclaim_microbreak,CADJPY,2018-12-10 10:45:00+00:00,2018-12-10 11:00:00+00:00,2018-12-10 11:30:00+00:00,1,-0.9999999999999363,SL,False
S2-19,ema_reclaim_microbreak,CADJPY,2018-12-11 07:15:00+00:00,2018-12-11 07:30:00+00:00,2018-12-11 07:45:00+00:00,-1,1.2500000000000633,TP,False
S2-19,ema_reclaim_microbreak,CADJPY,2018-12-13 08:00:00+00:00,2018-12-13 08:15:00+00:00,2018-12-13 08:15:00+00:00,1,-0.9999999999999355,SL,False
S2-19,ema_reclaim_microbreak,CADJPY,2018-12-18 07:15:00+00:00,2018-12-18 07:30:00+00:00,2018-12-18 07:30:00+00:00,-1,-1.0000000000000984,SL,False
S2-19,ema_reclaim_microbreak,CADJPY,2018-12-19 07:45:00+00:00,2018-12-19 08:00:00+00:00,2018-12-19 08:30:00+00:00,-1,1.2500000000000933,TP,False
S2-19,ema_reclaim_microbreak,CADJPY,2018-12-20 10:30:00+00:00,2018-12-20 10:45:00+00:00,2018-12-20 12:45:00+00:00,-1,-1.000000000000026,SL,False
S2-19,ema_reclaim_microbreak,CADJPY,2018-12-21 07:15:00+00:00,2018-12-21 07:30:00+00:00,2018-12-21 07:30:00+00:00,-1,-0.9999999999999186,SL,False
S2-19,ema_reclaim_microbreak,CADJPY,2018-12-21 07:45:00+00:00,2018-12-21 08:00:00+00:00,2018-12-21 08:15:00+00:00,-1,1.2500000000001115,TP,False
S2-19,ema_reclaim_microbreak,CADJPY,2018-12-25 07:15:00+00:00,2018-12-25 07:30:00+00:00,2018-12-25 07:30:00+00:00,-1,-1.0000000000000724,SL,False
S2-19,ema_reclaim_microbreak,CADJPY,2019-01-02 11:30:00+00:00,2019-01-02 11:45:00+00:00,2019-01-02 12:00:00+00:00,-1,-0.9999999999999821,SL,False
S2-19,ema_reclaim_microbreak,CADJPY,2019-01-04 08:00:00+00:00,2019-01-04 08:15:00+00:00,2019-01-04 08:45:00+00:00,1,1.2499999999999314,TP,False
S2-19,ema_reclaim_microbreak,CADJPY,2019-01-04 11:00:00+00:00,2019-01-04 11:15:00+00:00,2019-01-04 12:15:00+00:00,1,1.2499999999999543,TP,False
S2-19,ema_reclaim_microbreak,CADJPY,2019-01-07 07:30:00+00:00,2019-01-07 07:45:00+00:00,2019-01-07 08:00:00+00:00,1,-1.0000000000000306,SL,False
S2-19,ema_reclaim_microbreak,CADJPY,2019-01-07 08:15:00+00:00,2019-01-07 08:30:00+00:00,2019-01-07 08:45:00+00:00,1,-0.9999999999999104,SL,False
S2-19,ema_reclaim_microbreak,CADJPY,2019-01-07 10:00:00+00:00,2019-01-07 10:15:00+00:00,2019-01-07 11:00:00+00:00,1,1.2499999999999465,TP,False
S2-19,ema_reclaim_microbreak,CADJPY,2019-01-09 07:00:00+00:00,2019-01-09 07:15:00+00:00,2019-01-09 07:45:00+00:00,1,-1.0000000000001164,SL,False
S2-19,ema_reclaim_microbreak,CADJPY,2019-01-09 11:45:00+00:00,2019-01-09 12:00:00+00:00,2019-01-09 12:45:00+00:00,1,-0.9999999999999342,SL,False
S2-19,ema_reclaim_microbreak,CADJPY,2019-01-14 10:00:00+00:00,2019-01-14 10:15:00+00:00,2019-01-14 11:15:00+00:00,-1,1.249999999999967,TP,False
S2-19,ema_reclaim_microbreak,CADJPY,2019-01-15 10:00:00+00:00,2019-01-15 10:15:00+00:00,2019-01-15 10:30:00+00:00,1,-0.9999999999999202,SL,False
S2-19,ema_reclaim_microbreak,CADJPY,2019-01-22 10:30:00+00:00,2019-01-22 10:45:00+00:00,2019-01-22 12:30:00+00:00,-1,-1.0000000000000968,SL,False
S2-19,ema_reclaim_microbreak,CADJPY,2019-01-24 08:00:00+00:00,2019-01-24 08:15:00+00:00,2019-01-24 08:30:00+00:00,-1,-1.0,SL,False
S2-19,ema_reclaim_microbreak,CADJPY,2019-02-01 09:45:00+00:00,2019-02-01 10:00:00+00:00,2019-02-01 11:45:00+00:00,1,-0.9999999999999157,SL,False
S2-19,ema_reclaim_microbreak,CADJPY,2019-02-01 11:45:00+00:00,2019-02-01 12:00:00+00:00,2019-02-01 13:30:00+00:00,1,1.2500000000001246,TP,False
S2-19,ema_reclaim_microbreak,CADJPY,2019-02-07 07:00:00+00:00,2019-02-07 07:15:00+00:00,2019-02-07 08:00:00+00:00,-1,1.250000000000054,TP,False
S2-19,ema_reclaim_microbreak,CADJPY,2019-02-07 10:00:00+00:00,2019-02-07 10:15:00+00:00,2019-02-07 11:15:00+00:00,-1,1.25,TP,False
S2-19,ema_reclaim_microbreak,CADJPY,2019-02-08 11:30:00+00:00,2019-02-08 11:45:00+00:00,2019-02-08 12:30:00+00:00,-1,-1.0000000000001266,SL,False
S2-19,ema_reclaim_microbreak,CADJPY,2019-02-15 07:30:00+00:00,2019-02-15 07:45:00+00:00,2019-02-15 08:00:00+00:00,-1,-1.0000000000000426,SL,False
S2-19,ema_reclaim_microbreak,CADJPY,2019-02-20 10:00:00+00:00,2019-02-20 10:15:00+00:00,2019-02-20 10:30:00+00:00,1,-1.0000000000000342,SL,False
S2-19,ema_reclaim_microbreak,CADJPY,2019-02-25 07:00:00+00:00,2019-02-25 07:15:00+00:00,2019-02-25 07:15:00+00:00,1,-0.9999999999998903,SL,False
S2-19,ema_reclaim_microbreak,CADJPY,2019-02-26 11:00:00+00:00,2019-02-26 11:15:00+00:00,2019-02-26 13:15:00+00:00,-1,1.250000000000116,TP,False
S2-19,ema_reclaim_microbreak,CADJPY,2019-02-27 08:45:00+00:00,2019-02-27 09:00:00+00:00,2019-02-27 09:30:00+00:00,-1,-1.0,SL,False
S2-19,ema_reclaim_microbreak,CADJPY,2019-03-05 07:15:00+00:00,2019-03-05 07:30:00+00:00,2019-03-05 07:30:00+00:00,-1,1.2499999999998823,TP,False
S2-19,ema_reclaim_microbreak,CADJPY,2019-03-06 09:45:00+00:00,2019-03-06 10:00:00+00:00,2019-03-06 12:15:00+00:00,-1,1.25,TP,False
S2-19,ema_reclaim_microbreak,CADJPY,2019-03-07 08:30:00+00:00,2019-03-07 08:45:00+00:00,2019-03-07 08:45:00+00:00,-1,-1.0000000000001528,SL,False
S2-19,ema_reclaim_microbreak,CADJPY,2019-03-12 07:15:00+00:00,2019-03-12 07:30:00+00:00,2019-03-12 08:00:00+00:00,1,-0.9999999999999395,SL,False
S2-19,ema_reclaim_microbreak,CADJPY,2019-03-12 08:15:00+00:00,2019-03-12 08:30:00+00:00,2019-03-12 09:00:00+00:00,1,1.249999999999947,TP,False
S2-19,ema_reclaim_microbreak,CADJPY,2019-03-13 08:00:00+00:00,2019-03-13 08:15:00+00:00,2019-03-13 08:30:00+00:00,1,1.249999999999868,TP,False
S2-19,ema_reclaim_microbreak,CADJPY,2019-03-19 07:15:00+00:00,2019-03-19 07:30:00+00:00,2019-03-19 07:30:00+00:00,-1,-1.0000000000000702,SL,False
S2-19,ema_reclaim_microbreak,CADJPY,2019-03-28 10:15:00+00:00,2019-03-28 10:30:00+00:00,2019-03-28 12:00:00+00:00,-1,-1.0000000000000233,SL,False
S2-19,ema_reclaim_microbreak,CADJPY,2019-03-29 10:45:00+00:00,2019-03-29 11:00:00+00:00,2019-03-29 11:00:00+00:00,1,1.2500000000000697,TP,False
S2-19,ema_reclaim_microbreak,CADJPY,2019-04-01 07:30:00+00:00,2019-04-01 07:45:00+00:00,2019-04-01 08:45:00+00:00,1,-1.000000000000042,SL,False
S2-19,ema_reclaim_microbreak,CADJPY,2019-04-02 10:00:00+00:00,2019-04-02 10:15:00+00:00,2019-04-02 10:15:00+00:00,1,-1.000000000000042,SL,False
S2-19,ema_reclaim_microbreak,CADJPY,2019-04-02 10:45:00+00:00,2019-04-02 11:00:00+00:00,2019-04-02 12:30:00+00:00,1,-1.000000000000084,SL,False
S2-19,ema_reclaim_microbreak,CADJPY,2019-04-03 10:30:00+00:00,2019-04-03 10:45:00+00:00,2019-04-03 11:45:00+00:00,1,-0.9999999999999674,SL,False
S2-19,ema_reclaim_microbreak,CADJPY,2019-04-08 08:45:00+00:00,2019-04-08 09:00:00+00:00,2019-04-08 09:15:00+00:00,-1,-1.0000000000000528,SL,False
S2-19,ema_reclaim_microbreak,CADJPY,2019-04-08 09:30:00+00:00,2019-04-08 09:45:00+00:00,2019-04-08 10:15:00+00:00,-1,-0.9999999999998924,SL,False
S2-19,ema_reclaim_microbreak,CADJPY,2019-04-09 08:30:00+00:00,2019-04-09 08:45:00+00:00,2019-04-09 08:45:00+00:00,1,-0.9999999999998805,SL,False
S2-19,ema_reclaim_microbreak,CADJPY,2019-04-11 07:30:00+00:00,2019-04-11 07:45:00+00:00,2019-04-11 07:45:00+00:00,-1,1.25000000000006,TP,False
S2-19,ema_reclaim_microbreak,CADJPY,2019-04-15 08:30:00+00:00,2019-04-15 08:45:00+00:00,2019-04-15 09:00:00+00:00,1,-0.9999999999999144,SL,False
S2-19,ema_reclaim_microbreak,CADJPY,2019-04-15 09:30:00+00:00,2019-04-15 09:45:00+00:00,2019-04-15 10:15:00+00:00,1,-1.0,SL,False
S2-19,ema_reclaim_microbreak,CADJPY,2019-04-15 10:30:00+00:00,2019-04-15 10:45:00+00:00,2019-04-15 11:00:00+00:00,1,-1.0,SL,False
S2-19,ema_reclaim_microbreak,CADJPY,2019-04-16 09:00:00+00:00,2019-04-16 09:15:00+00:00,2019-04-16 09:45:00+00:00,-1,-0.9999999999999312,SL,False
S2-19,ema_reclaim_microbreak,CADJPY,2019-04-22 11:30:00+00:00,2019-04-22 11:45:00+00:00,2019-04-22 11:45:00+00:00,1,-0.9999999999998371,SL,False
S2-19,ema_reclaim_microbreak,CADJPY,2019-04-24 10:30:00+00:00,2019-04-24 10:45:00+00:00,2019-04-24 10:45:00+00:00,-1,-0.9999999999999054,SL,False
S2-19,ema_reclaim_microbreak,CADJPY,2019-04-30 10:00:00+00:00,2019-04-30 10:15:00+00:00,2019-04-30 10:45:00+00:00,-1,-0.9999999999999644,SL,False
S2-19,ema_reclaim_microbreak,CADJPY,2019-04-30 11:00:00+00:00,2019-04-30 11:15:00+00:00,2019-04-30 11:45:00+00:00,-1,-1.0000000000000784,SL,False
S2-19,ema_reclaim_microbreak,CADJPY,2019-05-06 08:45:00+00:00,2019-05-06 09:00:00+00:00,2019-05-06 09:30:00+00:00,-1,-0.9999999999999425,SL,False
S2-19,ema_reclaim_microbreak,CADJPY,2019-05-16 07:45:00+00:00,2019-05-16 08:00:00+00:00,2019-05-16 08:15:00+00:00,1,1.2499999999999625,TP,False
S2-19,ema_reclaim_microbreak,CADJPY,2019-05-20 08:00:00+00:00,2019-05-20 08:15:00+00:00,2019-05-20 08:30:00+00:00,1,-1.0000000000000864,SL,False
S2-19,ema_reclaim_microbreak,CADJPY,2019-05-21 09:15:00+00:00,2019-05-21 09:30:00+00:00,2019-05-21 10:00:00+00:00,1,1.2499999999999702,TP,False
S2-19,ema_reclaim_microbreak,CADJPY,2019-05-24 07:00:00+00:00,2019-05-24 07:15:00+00:00,2019-05-24 07:30:00+00:00,-1,-1.0000000000001363,SL,False
S2-19,ema_reclaim_microbreak,CADJPY,2019-06-03 07:00:00+00:00,2019-06-03 07:15:00+00:00,2019-06-03 07:15:00+00:00,-1,-0.9999999999999272,SL,False
S2-19,ema_reclaim_microbreak,CADJPY,2019-06-07 07:00:00+00:00,2019-06-07 07:15:00+00:00,2019-06-07 07:15:00+00:00,1,-1.000000000000106,SL,False
S2-19,ema_reclaim_microbreak,CADJPY,2019-06-07 09:30:00+00:00,2019-06-07 09:45:00+00:00,2019-06-07 10:15:00+00:00,1,1.2500000000000913,TP,False
S2-19,ema_reclaim_microbreak,CADJPY,2019-06-10 10:30:00+00:00,2019-06-10 10:45:00+00:00,2019-06-10 10:45:00+00:00,1,-0.9999999999998901,SL,False
S2-19,ema_reclaim_microbreak,CADJPY,2019-06-10 11:00:00+00:00,2019-06-10 11:15:00+00:00,2019-06-10 12:15:00+00:00,1,-1.0000000000001077,SL,False
S2-19,ema_reclaim_microbreak,CADJPY,2019-06-11 07:00:00+00:00,2019-06-11 07:15:00+00:00,2019-06-11 07:45:00+00:00,1,1.2499999999998255,TP,False
S2-19,ema_reclaim_microbreak,CADJPY,2019-06-13 07:00:00+00:00,2019-06-13 07:15:00+00:00,2019-06-13 07:15:00+00:00,-1,-1.0,SL,False
S2-19,ema_reclaim_microbreak,CADJPY,2019-06-14 10:15:00+00:00,2019-06-14 10:30:00+00:00,2019-06-14 12:15:00+00:00,-1,-1.0000000000001101,SL,False
S2-19,ema_reclaim_microbreak,CADJPY,2019-06-18 08:45:00+00:00,2019-06-18 09:00:00+00:00,2019-06-18 10:45:00+00:00,-1,-0.99999999999989,SL,False
S2-19,ema_reclaim_microbreak,CADJPY,2019-06-18 11:15:00+00:00,2019-06-18 11:30:00+00:00,2019-06-18 12:00:00+00:00,-1,1.25,TP,False
S2-19,ema_reclaim_microbreak,CADJPY,2019-06-19 08:30:00+00:00,2019-06-19 08:45:00+00:00,2019-06-19 11:00:00+00:00,1,-1.0000000000001206,SL,False
S2-19,ema_reclaim_microbreak,CADJPY,2019-06-19 11:15:00+00:00,2019-06-19 11:30:00+00:00,2019-06-19 12:00:00+00:00,1,-0.9999999999998507,SL,False
S2-19,ema_reclaim_microbreak,CADJPY,2019-06-24 08:00:00+00:00,2019-06-24 08:15:00+00:00,2019-06-24 10:45:00+00:00,1,-0.9999999999999517,SL,False
S2-19,ema_reclaim_microbreak,CADJPY,2019-06-28 08:15:00+00:00,2019-06-28 08:30:00+00:00,2019-06-28 08:45:00+00:00,1,-1.0000000000001277,SL,False
S2-19,ema_reclaim_microbreak,CADJPY,2019-07-01 11:15:00+00:00,2019-07-01 11:30:00+00:00,2019-07-01 13:45:00+00:00,1,-0.9999999999999551,SL,False
S2-19,ema_reclaim_microbreak,CADJPY,2019-07-05 10:00:00+00:00,2019-07-05 10:15:00+00:00,2019-07-05 11:00:00+00:00,1,1.250000000000056,TP,False
S2-19,ema_reclaim_microbreak,CADJPY,2019-07-10 10:30:00+00:00,2019-07-10 10:45:00+00:00,2019-07-10 12:00:00+00:00,1,1.25,TP,False
S2-19,ema_reclaim_microbreak,CADJPY,2019-07-18 08:00:00+00:00,2019-07-18 08:15:00+00:00,2019-07-18 08:30:00+00:00,-1,-1.0000000000000535,SL,False
S2-19,ema_reclaim_microbreak,CADJPY,2019-07-18 11:30:00+00:00,2019-07-18 11:45:00+00:00,2019-07-18 12:30:00+00:00,-1,-1.0000000000000866,SL,False
S2-19,ema_reclaim_microbreak,CADJPY,2019-07-23 10:15:00+00:00,2019-07-23 10:30:00+00:00,2019-07-23 11:15:00+00:00,-1,-0.9999999999999447,SL,False
S2-19,ema_reclaim_microbreak,CADJPY,2019-07-25 08:45:00+00:00,2019-07-25 09:00:00+00:00,2019-07-25 09:45:00+00:00,-1,-0.9999999999999378,SL,False
S2-19,ema_reclaim_microbreak,CADJPY,2019-07-29 08:45:00+00:00,2019-07-29 09:00:00+00:00,2019-07-29 09:00:00+00:00,1,-0.9999999999998238,SL,False
S2-19,ema_reclaim_microbreak,CADJPY,2019-07-29 09:45:00+00:00,2019-07-29 10:00:00+00:00,2019-07-29 11:45:00+00:00,1,1.2499999999999418,TP,False
S2-19,ema_reclaim_microbreak,CADJPY,2019-08-05 10:30:00+00:00,2019-08-05 10:45:00+00:00,2019-08-05 10:45:00+00:00,-1,-1.0000000000000226,SL,False
S2-19,ema_reclaim_microbreak,CADJPY,2019-08-07 07:15:00+00:00,2019-08-07 07:30:00+00:00,2019-08-07 07:45:00+00:00,-1,-1.0000000000000926,SL,False
S2-19,ema_reclaim_microbreak,CADJPY,2019-08-07 10:45:00+00:00,2019-08-07 11:00:00+00:00,2019-08-07 11:15:00+00:00,-1,1.2499999999999298,TP,False
S2-19,ema_reclaim_microbreak,CADJPY,2019-08-09 07:30:00+00:00,2019-08-09 07:45:00+00:00,2019-08-09 08:00:00+00:00,1,-0.9999999999999051,SL,False
S2-19,ema_reclaim_microbreak,CADJPY,2019-08-09 08:15:00+00:00,2019-08-09 08:30:00+00:00,2019-08-09 08:30:00+00:00,1,-1.0000000000000422,SL,False
S2-19,ema_reclaim_microbreak,CADJPY,2019-08-21 10:15:00+00:00,2019-08-21 10:30:00+00:00,2019-08-21 11:15:00+00:00,1,-0.9999999999999185,SL,False
S2-19,ema_reclaim_microbreak,CADJPY,2019-08-21 11:30:00+00:00,2019-08-21 11:45:00+00:00,2019-08-21 12:30:00+00:00,1,1.2499999999999136,TP,False
S2-19,ema_reclaim_microbreak,CADJPY,2019-08-23 10:45:00+00:00,2019-08-23 11:00:00+00:00,2019-08-23 11:45:00+00:00,1,1.2500000000001574,TP,False
S2-19,ema_reclaim_microbreak,CADJPY,2019-08-27 07:45:00+00:00,2019-08-27 08:00:00+00:00,2019-08-27 09:00:00+00:00,1,1.2499999999999054,TP,False
S2-19,ema_reclaim_microbreak,CADJPY,2019-09-02 07:45:00+00:00,2019-09-02 08:00:00+00:00,2019-09-02 08:00:00+00:00,-1,-1.0000000000001568,SL,False
S2-19,ema_reclaim_microbreak,CADJPY,2019-09-02 09:45:00+00:00,2019-09-02 10:00:00+00:00,2019-09-02 10:00:00+00:00,-1,-0.9999999999999111,SL,False
S2-19,ema_reclaim_microbreak,CADJPY,2019-09-05 07:30:00+00:00,2019-09-05 07:45:00+00:00,2019-09-05 07:45:00+00:00,1,-1.00000000000009,SL,False
S2-19,ema_reclaim_microbreak,CADJPY,2019-09-11 07:30:00+00:00,2019-09-11 07:45:00+00:00,2019-09-11 08:15:00+00:00,1,-0.9999999999998773,SL,False
S2-19,ema_reclaim_microbreak,CADJPY,2019-09-16 08:45:00+00:00,2019-09-16 09:00:00+00:00,2019-09-16 10:15:00+00:00,-1,1.2499999999999327,TP,False
S2-19,ema_reclaim_microbreak,CADJPY,2019-09-17 07:15:00+00:00,2019-09-17 07:30:00+00:00,2019-09-17 07:30:00+00:00,1,-1.0000000000000506,SL,False
S2-19,ema_reclaim_microbreak,CADJPY,2019-09-17 08:00:00+00:00,2019-09-17 08:15:00+00:00,2019-09-17 08:45:00+00:00,1,-1.0,SL,False
S2-19,ema_reclaim_microbreak,CADJPY,2019-09-17 09:00:00+00:00,2019-09-17 09:15:00+00:00,2019-09-17 09:45:00+00:00,1,-1.0000000000001354,SL,False
S2-19,ema_reclaim_microbreak,CADJPY,2019-09-19 09:15:00+00:00,2019-09-19 09:30:00+00:00,2019-09-19 09:45:00+00:00,-1,-0.9999999999999666,SL,False
S2-19,ema_reclaim_microbreak,CADJPY,2019-09-23 07:00:00+00:00,2019-09-23 07:15:00+00:00,2019-09-23 07:15:00+00:00,-1,1.25,TP,False
S2-19,ema_reclaim_microbreak,CADJPY,2019-09-25 07:00:00+00:00,2019-09-25 07:15:00+00:00,2019-09-25 07:30:00+00:00,-1,1.2500000000000515,TP,False
S2-19,ema_reclaim_microbreak,CADJPY,2019-09-25 08:45:00+00:00,2019-09-25 09:00:00+00:00,2019-09-25 09:00:00+00:00,-1,-1.0000000000000377,SL,False
S2-19,ema_reclaim_microbreak,CADJPY,2019-09-26 07:00:00+00:00,2019-09-26 07:15:00+00:00,2019-09-26 08:15:00+00:00,1,-1.0000000000001716,SL,False
S2-19,ema_reclaim_microbreak,CADJPY,2019-10-01 07:15:00+00:00,2019-10-01 07:30:00+00:00,2019-10-01 07:45:00+00:00,1,-0.9999999999998882,SL,False
S2-19,ema_reclaim_microbreak,CADJPY,2019-10-01 08:30:00+00:00,2019-10-01 08:45:00+00:00,2019-10-01 09:00:00+00:00,1,-1.0,SL,False
S2-19,ema_reclaim_microbreak,CADJPY,2019-10-03 08:00:00+00:00,2019-10-03 08:15:00+00:00,2019-10-03 08:15:00+00:00,-1,-1.0000000000000706,SL,False
S2-19,ema_reclaim_microbreak,CADJPY,2019-10-03 08:45:00+00:00,2019-10-03 09:00:00+00:00,2019-10-03 09:15:00+00:00,-1,1.249999999999908,TP,False
S2-19,ema_reclaim_microbreak,CADJPY,2019-10-04 09:45:00+00:00,2019-10-04 10:00:00+00:00,2019-10-04 11:30:00+00:00,-1,-0.9999999999998539,SL,False
S2-19,ema_reclaim_microbreak,CADJPY,2019-10-10 08:15:00+00:00,2019-10-10 08:30:00+00:00,2019-10-10 08:45:00+00:00,1,-1.000000000000114,SL,False
S2-19,ema_reclaim_microbreak,CADJPY,2019-10-10 09:45:00+00:00,2019-10-10 10:00:00+00:00,2019-10-10 11:15:00+00:00,1,-0.9999999999998951,SL,False
S2-19,ema_reclaim_microbreak,CADJPY,2019-10-10 11:45:00+00:00,2019-10-10 12:00:00+00:00,2019-10-10 12:30:00+00:00,1,1.2499999999998834,TP,False
S2-19,ema_reclaim_microbreak,CADJPY,2019-10-16 09:45:00+00:00,2019-10-16 10:00:00+00:00,2019-10-16 10:15:00+00:00,1,-1.0,SL,False
S2-19,ema_reclaim_microbreak,CADJPY,2019-10-16 10:45:00+00:00,2019-10-16 11:00:00+00:00,2019-10-16 11:15:00+00:00,1,1.2499999999999647,TP,False
S2-19,ema_reclaim_microbreak,CADJPY,2019-10-17 11:30:00+00:00,2019-10-17 11:45:00+00:00,2019-10-17 12:00:00+00:00,1,-0.9999999999999765,SL,False
S2-19,ema_reclaim_microbreak,CADJPY,2019-10-18 10:45:00+00:00,2019-10-18 11:00:00+00:00,2019-10-18 11:15:00+00:00,1,-1.0000000000001463,SL,False
S2-19,ema_reclaim_microbreak,CADJPY,2019-10-22 09:30:00+00:00,2019-10-22 09:45:00+00:00,2019-10-22 10:30:00+00:00,1,-1.0,SL,False
S2-19,ema_reclaim_microbreak,CADJPY,2019-10-24 08:30:00+00:00,2019-10-24 08:45:00+00:00,2019-10-24 10:15:00+00:00,1,-0.9999999999999634,SL,False
S2-19,ema_reclaim_microbreak,CADJPY,2019-10-24 11:00:00+00:00,2019-10-24 11:15:00+00:00,2019-10-24 11:45:00+00:00,1,-1.0,SL,False
S2-19,ema_reclaim_microbreak,CADJPY,2019-10-25 10:15:00+00:00,2019-10-25 10:30:00+00:00,2019-10-25 10:45:00+00:00,1,-0.9999999999998471,SL,False
S2-19,ema_reclaim_microbreak,CADJPY,2019-10-28 09:30:00+00:00,2019-10-28 09:45:00+00:00,2019-10-28 09:45:00+00:00,1,-0.9999999999998705,SL,False
S2-19,ema_reclaim_microbreak,CADJPY,2019-10-29 11:30:00+00:00,2019-10-29 11:45:00+00:00,2019-10-29 11:45:00+00:00,1,1.2499999999999045,TP,False
S2-19,ema_reclaim_microbreak,CADJPY,2019-10-30 11:00:00+00:00,2019-10-30 11:15:00+00:00,2019-10-30 11:15:00+00:00,-1,-0.9999999999998793,SL,False
S2-19,ema_reclaim_microbreak,CADJPY,2019-10-31 07:15:00+00:00,2019-10-31 07:30:00+00:00,2019-10-31 08:00:00+00:00,-1,1.2500000000002132,TP,False
S2-19,ema_reclaim_microbreak,CADJPY,2019-11-01 07:45:00+00:00,2019-11-01 08:00:00+00:00,2019-11-01 08:00:00+00:00,-1,-1.0,SL,False
S2-19,ema_reclaim_microbreak,CADJPY,2019-11-01 09:00:00+00:00,2019-11-01 09:15:00+00:00,2019-11-01 10:00:00+00:00,-1,1.2500000000001628,TP,False
S2-19,ema_reclaim_microbreak,CADJPY,2019-11-11 09:00:00+00:00,2019-11-11 09:15:00+00:00,2019-11-11 09:15:00+00:00,-1,-0.9999999999999543,SL,False
S2-19,ema_reclaim_microbreak,CADJPY,2019-11-11 11:00:00+00:00,2019-11-11 11:15:00+00:00,2019-11-11 12:00:00+00:00,-1,1.2500000000001734,TP,False
S2-19,ema_reclaim_microbreak,CADJPY,2019-11-13 07:45:00+00:00,2019-11-13 08:00:00+00:00,2019-11-13 08:15:00+00:00,-1,1.2500000000001548,TP,False
S2-19,ema_reclaim_microbreak,CADJPY,2019-11-14 07:15:00+00:00,2019-11-14 07:30:00+00:00,2019-11-14 07:30:00+00:00,-1,-1.0000000000001539,SL,False
S2-19,ema_reclaim_microbreak,CADJPY,2019-11-14 08:00:00+00:00,2019-11-14 08:15:00+00:00,2019-11-14 08:30:00+00:00,-1,1.2500000000000449,TP,False
S2-19,ema_reclaim_microbreak,CADJPY,2019-11-19 08:15:00+00:00,2019-11-19 08:30:00+00:00,2019-11-19 08:30:00+00:00,1,1.2499999999998825,TP,False
S2-19,ema_reclaim_microbreak,CADJPY,2019-11-21 08:00:00+00:00,2019-11-21 08:15:00+00:00,2019-11-21 08:45:00+00:00,-1,-1.0000000000000824,SL,False
S2-19,ema_reclaim_microbreak,CADJPY,2019-11-21 09:15:00+00:00,2019-11-21 09:30:00+00:00,2019-11-21 09:30:00+00:00,-1,-0.9999999999999261,SL,False
S2-19,ema_reclaim_microbreak,CADJPY,2019-11-22 07:45:00+00:00,2019-11-22 08:00:00+00:00,2019-11-22 08:00:00+00:00,1,-0.9999999999998587,SL,True
S2-19,ema_reclaim_microbreak,CADJPY,2019-11-25 11:45:00+00:00,2019-11-25 12:00:00+00:00,2019-11-25 12:00:00+00:00,1,-1.0,SL,False
S2-19,ema_reclaim_microbreak,CADJPY,2019-11-29 10:45:00+00:00,2019-11-29 11:00:00+00:00,2019-11-29 11:45:00+00:00,1,-0.9999999999999266,SL,False
S2-19,ema_reclaim_microbreak,CADJPY,2019-11-29 11:45:00+00:00,2019-11-29 12:00:00+00:00,2019-11-29 12:00:00+00:00,1,-1.0,SL,False
S2-19,ema_reclaim_microbreak,CADJPY,2019-12-02 07:00:00+00:00,2019-12-02 07:15:00+00:00,2019-12-02 07:15:00+00:00,1,-1.0,SL,False
S2-19,ema_reclaim_microbreak,CADJPY,2019-12-02 08:00:00+00:00,2019-12-02 08:15:00+00:00,2019-12-02 08:15:00+00:00,1,1.2499999999998113,TP,False
S2-19,ema_reclaim_microbreak,CADJPY,2019-12-02 10:30:00+00:00,2019-12-02 10:45:00+00:00,2019-12-02 11:00:00+00:00,1,-0.9999999999998569,SL,False
S2-19,ema_reclaim_microbreak,CADJPY,2019-12-03 07:30:00+00:00,2019-12-03 07:45:00+00:00,2019-12-03 07:45:00+00:00,-1,-1.0,SL,False
S2-19,ema_reclaim_microbreak,CADJPY,2019-12-03 10:00:00+00:00,2019-12-03 10:15:00+00:00,2019-12-03 10:30:00+00:00,-1,1.2499999999999392,TP,False
S2-19,ema_reclaim_microbreak,CADJPY,2019-12-04 07:00:00+00:00,2019-12-04 07:15:00+00:00,2019-12-04 07:15:00+00:00,-1,1.2500000000000715,TP,False
S2-19,ema_reclaim_microbreak,CADJPY,2019-12-05 07:00:00+00:00,2019-12-05 07:15:00+00:00,2019-12-05 07:45:00+00:00,1,1.2499999999998066,TP,False
S2-19,ema_reclaim_microbreak,CADJPY,2019-12-09 08:00:00+00:00,2019-12-09 08:15:00+00:00,2019-12-09 08:30:00+00:00,-1,1.2499999999997564,TP,False
S2-19,ema_reclaim_microbreak,CADJPY,2019-12-20 11:30:00+00:00,2019-12-20 11:45:00+00:00,2019-12-20 12:00:00+00:00,-1,-1.0000000000001117,SL,False
S2-19,ema_reclaim_microbreak,CADJPY,2019-12-23 11:30:00+00:00,2019-12-23 11:45:00+00:00,2019-12-23 11:45:00+00:00,-1,-1.0000000000002622,SL,False
S2-19,ema_reclaim_microbreak,CADJPY,2019-12-24 07:00:00+00:00,2019-12-24 07:15:00+00:00,2019-12-24 07:15:00+00:00,-1,-1.0000000000002438,SL,True
S2-19,ema_reclaim_microbreak,CADJPY,2019-12-24 08:45:00+00:00,2019-12-24 09:00:00+00:00,2019-12-24 09:00:00+00:00,-1,-1.0000000000003089,SL,False
S2-19,ema_reclaim_microbreak,CADJPY,2019-12-24 09:45:00+00:00,2019-12-24 10:00:00+00:00,2019-12-24 10:15:00+00:00,-1,1.2499999999998035,TP,False
S2-19,ema_reclaim_microbreak,CADJPY,2019-12-25 07:00:00+00:00,2019-12-25 07:15:00+00:00,2019-12-25 07:15:00+00:00,-1,-1.0,SL,False
S2-19,ema_reclaim_microbreak,CADJPY,2019-12-26 11:00:00+00:00,2019-12-26 11:15:00+00:00,2019-12-26 11:15:00+00:00,1,-1.0,SL,False
S2-19,ema_reclaim_microbreak,CADJPY,2019-12-27 08:00:00+00:00,2019-12-27 08:15:00+00:00,2019-12-27 08:15:00+00:00,1,-1.0000000000001614,SL,False
S2-19,ema_reclaim_microbreak,CADJPY,2019-12-27 09:45:00+00:00,2019-12-27 10:00:00+00:00,2019-12-27 10:15:00+00:00,1,1.2500000000002094,TP,False
S2-19,ema_reclaim_microbreak,CADJPY,2019-12-31 08:00:00+00:00,2019-12-31 08:15:00+00:00,2019-12-31 08:15:00+00:00,-1,-1.0000000000000615,SL,False
S2-19,ema_reclaim_microbreak,CADJPY,2020-01-03 07:00:00+00:00,2020-01-03 07:15:00+00:00,2020-01-03 07:15:00+00:00,-1,-1.0000000000000706,SL,False
S2-19,ema_reclaim_microbreak,CADJPY,2020-01-03 08:30:00+00:00,2020-01-03 08:45:00+00:00,2020-01-03 09:15:00+00:00,-1,-1.0000000000000864,SL,False
S2-19,ema_reclaim_microbreak,CADJPY,2020-01-10 09:45:00+00:00,2020-01-10 10:00:00+00:00,2020-01-10 10:15:00+00:00,1,-0.99999999999987,SL,False
S2-19,ema_reclaim_microbreak,CADJPY,2020-01-17 10:00:00+00:00,2020-01-17 10:15:00+00:00,2020-01-17 10:15:00+00:00,1,-1.0000000000001765,SL,False
S2-19,ema_reclaim_microbreak,CADJPY,2020-01-30 10:15:00+00:00,2020-01-30 10:30:00+00:00,2020-01-30 12:45:00+00:00,-1,1.250000000000027,TP,False
S2-19,ema_reclaim_microbreak,CADJPY,2020-02-03 09:00:00+00:00,2020-02-03 09:15:00+00:00,2020-02-03 12:30:00+00:00,-1,-0.9999999999999726,SL,False
S2-19,ema_reclaim_microbreak,CADJPY,2020-02-06 07:45:00+00:00,2020-02-06 08:00:00+00:00,2020-02-06 08:00:00+00:00,1,-1.0,SL,False
S2-19,ema_reclaim_microbreak,CADJPY,2020-02-11 10:30:00+00:00,2020-02-11 10:45:00+00:00,2020-02-11 13:00:00+00:00,1,-1.0000000000000737,SL,False
S2-19,ema_reclaim_microbreak,CADJPY,2020-02-17 09:00:00+00:00,2020-02-17 09:15:00+00:00,2020-02-17 09:15:00+00:00,1,1.2500000000000784,TP,False
S2-19,ema_reclaim_microbreak,CADJPY,2020-02-18 08:15:00+00:00,2020-02-18 08:30:00+00:00,2020-02-18 09:00:00+00:00,-1,1.2500000000000806,TP,False
S2-19,ema_reclaim_microbreak,CADJPY,2020-02-25 07:15:00+00:00,2020-02-25 07:30:00+00:00,2020-02-25 07:30:00+00:00,-1,1.2499999999999596,TP,False
S2-19,ema_reclaim_microbreak,CADJPY,2020-02-26 10:45:00+00:00,2020-02-26 11:00:00+00:00,2020-02-26 11:15:00+00:00,-1,-0.9999999999999425,SL,False
S2-19,ema_reclaim_microbreak,CADJPY,2020-02-27 10:15:00+00:00,2020-02-27 10:30:00+00:00,2020-02-27 11:45:00+00:00,-1,1.2499999999999658,TP,False
S2-19,ema_reclaim_microbreak,CADJPY,2020-03-03 11:00:00+00:00,2020-03-03 11:15:00+00:00,2020-03-03 12:00:00+00:00,-1,-1.0000000000000435,SL,False
S2-19,ema_reclaim_microbreak,CADJPY,2020-03-06 07:45:00+00:00,2020-03-06 08:00:00+00:00,2020-03-06 08:15:00+00:00,-1,-0.9999999999999241,SL,False
S2-19,ema_reclaim_microbreak,CADJPY,2020-03-06 08:30:00+00:00,2020-03-06 08:45:00+00:00,2020-03-06 09:00:00+00:00,-1,-1.0,SL,False
S2-19,ema_reclaim_microbreak,CADJPY,2020-03-09 10:00:00+00:00,2020-03-09 10:15:00+00:00,2020-03-09 11:30:00+00:00,-1,1.2499999999999778,TP,False
S2-19,ema_reclaim_microbreak,CADJPY,2020-03-12 07:30:00+00:00,2020-03-12 07:45:00+00:00,2020-03-12 08:00:00+00:00,-1,-1.0,SL,False
S2-19,ema_reclaim_microbreak,CADJPY,2020-03-12 09:30:00+00:00,2020-03-12 09:45:00+00:00,2020-03-12 09:45:00+00:00,-1,-1.000000000000014,SL,False
S2-19,ema_reclaim_microbreak,CADJPY,2020-03-20 11:45:00+00:00,2020-03-20 12:00:00+00:00,2020-03-20 13:00:00+00:00,1,1.2500000000000235,TP,False
S2-19,ema_reclaim_microbreak,CADJPY,2020-04-03 10:30:00+00:00,2020-04-03 10:45:00+00:00,2020-04-03 11:45:00+00:00,1,1.2500000000000275,TP,False
S2-19,ema_reclaim_microbreak,CADJPY,2020-04-14 07:30:00+00:00,2020-04-14 07:45:00+00:00,2020-04-14 08:00:00+00:00,1,-0.9999999999999707,SL,False
S2-19,ema_reclaim_microbreak,CADJPY,2020-04-23 10:30:00+00:00,2020-04-23 10:45:00+00:00,2020-04-23 11:00:00+00:00,-1,-0.999999999999978,SL,False
S2-19,ema_reclaim_microbreak,CADJPY,2020-04-29 07:00:00+00:00,2020-04-29 07:15:00+00:00,2020-04-29 07:15:00+00:00,1,-0.9999999999999235,SL,False
S2-19,ema_reclaim_microbreak,CADJPY,2020-05-04 07:00:00+00:00,2020-05-04 07:15:00+00:00,2020-05-04 07:30:00+00:00,-1,-1.0000000000000684,SL,False
S2-19,ema_reclaim_microbreak,CADJPY,2020-05-04 09:15:00+00:00,2020-05-04 09:30:00+00:00,2020-05-04 09:45:00+00:00,-1,-1.0000000000000515,SL,False
S2-19,ema_reclaim_microbreak,CADJPY,2020-05-06 08:00:00+00:00,2020-05-06 08:15:00+00:00,2020-05-06 09:15:00+00:00,-1,1.2500000000000677,TP,False
S2-19,ema_reclaim_microbreak,CADJPY,2020-05-08 09:15:00+00:00,2020-05-08 09:30:00+00:00,2020-05-08 10:15:00+00:00,1,-1.000000000000037,SL,False
S2-19,ema_reclaim_microbreak,CADJPY,2020-05-08 11:45:00+00:00,2020-05-08 12:00:00+00:00,2020-05-08 12:30:00+00:00,1,1.249999999999877,TP,False
S2-19,ema_reclaim_microbreak,CADJPY,2020-05-13 07:00:00+00:00,2020-05-13 07:15:00+00:00,2020-05-13 07:15:00+00:00,-1,1.25,TP,False
S2-19,ema_reclaim_microbreak,CADJPY,2020-05-14 08:45:00+00:00,2020-05-14 09:00:00+00:00,2020-05-14 09:00:00+00:00,-1,-0.9999999999999359,SL,False
S2-19,ema_reclaim_microbreak,CADJPY,2020-05-15 07:00:00+00:00,2020-05-15 07:15:00+00:00,2020-05-15 08:00:00+00:00,1,-0.9999999999999583,SL,False
S2-19,ema_reclaim_microbreak,CADJPY,2020-05-19 08:30:00+00:00,2020-05-19 08:45:00+00:00,2020-05-19 10:45:00+00:00,1,1.2500000000000435,TP,False
S2-19,ema_reclaim_microbreak,CADJPY,2020-05-21 08:30:00+00:00,2020-05-21 08:45:00+00:00,2020-05-21 09:00:00+00:00,1,1.2500000000000302,TP,False
S2-19,ema_reclaim_microbreak,CADJPY,2020-05-22 09:30:00+00:00,2020-05-22 09:45:00+00:00,2020-05-22 10:00:00+00:00,-1,-0.9999999999999412,SL,False
S2-19,ema_reclaim_microbreak,CADJPY,2020-05-22 10:30:00+00:00,2020-05-22 10:45:00+00:00,2020-05-22 11:00:00+00:00,-1,-0.9999999999999432,SL,False
S2-19,ema_reclaim_microbreak,CADJPY,2020-05-29 08:45:00+00:00,2020-05-29 09:00:00+00:00,2020-05-29 09:15:00+00:00,-1,-0.9999999999999756,SL,False
S2-19,ema_reclaim_microbreak,CADJPY,2020-06-01 10:00:00+00:00,2020-06-01 10:15:00+00:00,2020-06-01 11:15:00+00:00,1,1.25,TP,False
S2-19,ema_reclaim_microbreak,CADJPY,2020-06-04 07:45:00+00:00,2020-06-04 08:00:00+00:00,2020-06-04 08:15:00+00:00,1,1.2500000000000553,TP,False
S2-19,ema_reclaim_microbreak,CADJPY,2020-06-05 10:45:00+00:00,2020-06-05 11:00:00+00:00,2020-06-05 11:30:00+00:00,1,1.2500000000000437,TP,False
S2-19,ema_reclaim_microbreak,CADJPY,2020-06-08 07:15:00+00:00,2020-06-08 07:30:00+00:00,2020-06-08 07:30:00+00:00,1,1.2500000000000564,TP,False
S2-19,ema_reclaim_microbreak,CADJPY,2020-06-08 10:30:00+00:00,2020-06-08 10:45:00+00:00,2020-06-08 10:45:00+00:00,1,-0.9999999999999287,SL,False
S2-19,ema_reclaim_microbreak,CADJPY,2020-06-10 11:15:00+00:00,2020-06-10 11:30:00+00:00,2020-06-10 11:30:00+00:00,-1,-0.9999999999999486,SL,False
S2-19,ema_reclaim_microbreak,CADJPY,2020-06-15 10:45:00+00:00,2020-06-15 11:00:00+00:00,2020-06-15 11:15:00+00:00,-1,-0.9999999999999433,SL,False
S2-19,ema_reclaim_microbreak,CADJPY,2020-06-17 09:30:00+00:00,2020-06-17 09:45:00+00:00,2020-06-17 09:45:00+00:00,1,-1.0,SL,False
S2-19,ema_reclaim_microbreak,CADJPY,2020-06-17 10:15:00+00:00,2020-06-17 10:30:00+00:00,2020-06-17 12:45:00+00:00,1,-0.9999999999999795,SL,False
S2-19,ema_reclaim_microbreak,CADJPY,2020-06-23 09:30:00+00:00,2020-06-23 09:45:00+00:00,2020-06-23 11:00:00+00:00,1,-0.9999999999999188,SL,False
S2-19,ema_reclaim_microbreak,CADJPY,2020-06-23 11:15:00+00:00,2020-06-23 11:30:00+00:00,2020-06-23 12:00:00+00:00,1,1.2499999999999691,TP,False
S2-19,ema_reclaim_microbreak,CADJPY,2020-06-24 07:15:00+00:00,2020-06-24 07:30:00+00:00,2020-06-24 07:30:00+00:00,-1,1.2500000000000344,TP,False
S2-19,ema_reclaim_microbreak,CADJPY,2020-07-03 07:45:00+00:00,2020-07-03 08:00:00+00:00,2020-07-03 08:00:00+00:00,1,-0.9999999999998418,SL,False
S2-19,ema_reclaim_microbreak,CADJPY,2020-07-07 08:45:00+00:00,2020-07-07 09:00:00+00:00,2020-07-07 09:30:00+00:00,1,1.2499999999999336,TP,False
S2-19,ema_reclaim_microbreak,CADJPY,2020-07-09 07:45:00+00:00,2020-07-09 08:00:00+00:00,2020-07-09 09:30:00+00:00,1,1.249999999999906,TP,False
S2-19,ema_reclaim_microbreak,CADJPY,2020-07-14 07:00:00+00:00,2020-07-14 07:15:00+00:00,2020-07-14 07:30:00+00:00,-1,1.2499999999999583,TP,False
S2-19,ema_reclaim_microbreak,CADJPY,2020-07-15 11:45:00+00:00,2020-07-15 12:00:00+00:00,2020-07-15 13:00:00+00:00,-1,1.2499999999998817,TP,False
S2-19,ema_reclaim_microbreak,CADJPY,2020-07-16 09:45:00+00:00,2020-07-16 10:00:00+00:00,2020-07-16 11:30:00+00:00,1,-1.0000000000001044,SL,False
S2-19,ema_reclaim_microbreak,CADJPY,2020-07-17 09:45:00+00:00,2020-07-17 10:00:00+00:00,2020-07-17 10:15:00+00:00,-1,-1.000000000000136,SL,False
S2-19,ema_reclaim_microbreak,CADJPY,2020-07-22 09:15:00+00:00,2020-07-22 09:30:00+00:00,2020-07-22 10:00:00+00:00,1,1.249999999999963,TP,False
S2-19,ema_reclaim_microbreak,CADJPY,2020-07-23 11:00:00+00:00,2020-07-23 11:15:00+00:00,2020-07-23 11:45:00+00:00,1,-0.9999999999999598,SL,False
S2-19,ema_reclaim_microbreak,CADJPY,2020-07-29 07:45:00+00:00,2020-07-29 08:00:00+00:00,2020-07-29 08:00:00+00:00,-1,-1.000000000000096,SL,False
S2-19,ema_reclaim_microbreak,CADJPY,2020-07-29 08:30:00+00:00,2020-07-29 08:45:00+00:00,2020-07-29 08:45:00+00:00,-1,-1.0000000000000415,SL,False
S2-19,ema_reclaim_microbreak,CADJPY,2020-07-31 07:00:00+00:00,2020-07-31 07:15:00+00:00,2020-07-31 07:15:00+00:00,-1,-1.0000000000000657,SL,False
S2-19,ema_reclaim_microbreak,CADJPY,2020-08-04 08:45:00+00:00,2020-08-04 09:00:00+00:00,2020-08-04 09:15:00+00:00,1,-1.0000000000000293,SL,False
S2-19,ema_reclaim_microbreak,CADJPY,2020-08-07 08:30:00+00:00,2020-08-07 08:45:00+00:00,2020-08-07 10:15:00+00:00,-1,-0.9999999999999588,SL,False
S2-19,ema_reclaim_microbreak,CADJPY,2020-08-13 08:15:00+00:00,2020-08-13 08:30:00+00:00,2020-08-13 08:45:00+00:00,1,1.249999999999961,TP,False
S2-19,ema_reclaim_microbreak,CADJPY,2020-08-17 09:30:00+00:00,2020-08-17 09:45:00+00:00,2020-08-17 12:30:00+00:00,-1,1.24999999999997,TP,False
S2-19,ema_reclaim_microbreak,CADJPY,2020-08-20 07:30:00+00:00,2020-08-20 07:45:00+00:00,2020-08-20 08:00:00+00:00,1,-1.0000000000000908,SL,False
S2-19,ema_reclaim_microbreak,CADJPY,2020-08-24 08:30:00+00:00,2020-08-24 08:45:00+00:00,2020-08-24 09:15:00+00:00,1,-0.9999999999999566,SL,False
S2-19,ema_reclaim_microbreak,CADJPY,2020-08-24 11:15:00+00:00,2020-08-24 11:30:00+00:00,2020-08-24 12:15:00+00:00,1,-1.0000000000001206,SL,False
S2-19,ema_reclaim_microbreak,CADJPY,2020-08-27 09:30:00+00:00,2020-08-27 09:45:00+00:00,2020-08-27 11:45:00+00:00,1,1.2499999999999685,TP,False
S2-19,ema_reclaim_microbreak,CADJPY,2020-09-01 10:15:00+00:00,2020-09-01 10:30:00+00:00,2020-09-01 11:00:00+00:00,1,1.250000000000074,TP,False
S2-19,ema_reclaim_microbreak,CADJPY,2020-09-08 07:00:00+00:00,2020-09-08 07:15:00+00:00,2020-09-08 07:15:00+00:00,-1,1.2500000000000482,TP,False
S2-19,ema_reclaim_microbreak,CADJPY,2020-09-08 08:00:00+00:00,2020-09-08 08:15:00+00:00,2020-09-08 08:30:00+00:00,-1,1.250000000000035,TP,False
S2-19,ema_reclaim_microbreak,CADJPY,2020-09-16 07:15:00+00:00,2020-09-16 07:30:00+00:00,2020-09-16 08:45:00+00:00,-1,1.2499999999998974,TP,False
S2-19,ema_reclaim_microbreak,CADJPY,2020-09-16 10:00:00+00:00,2020-09-16 10:15:00+00:00,2020-09-16 10:30:00+00:00,-1,1.2499999999999571,TP,False
S2-19,ema_reclaim_microbreak,CADJPY,2020-09-17 10:45:00+00:00,2020-09-17 11:00:00+00:00,2020-09-17 11:00:00+00:00,-1,-1.0000000000000329,SL,False
S2-19,ema_reclaim_microbreak,CADJPY,2020-09-22 10:00:00+00:00,2020-09-22 10:15:00+00:00,2020-09-22 10:30:00+00:00,-1,-1.0000000000000302,SL,False
S2-19,ema_reclaim_microbreak,CADJPY,2020-09-22 11:45:00+00:00,2020-09-22 12:00:00+00:00,2020-09-22 12:15:00+00:00,-1,-0.9999999999998993,SL,False
S2-19,ema_reclaim_microbreak,CADJPY,2020-09-23 10:00:00+00:00,2020-09-23 10:15:00+00:00,2020-09-23 10:45:00+00:00,-1,-1.0000000000000329,SL,False
S2-19,ema_reclaim_microbreak,CADJPY,2020-09-24 09:00:00+00:00,2020-09-24 09:15:00+00:00,2020-09-24 09:30:00+00:00,-1,-1.0000000000000615,SL,False
S2-19,ema_reclaim_microbreak,CADJPY,2020-09-29 08:15:00+00:00,2020-09-29 08:30:00+00:00,2020-09-29 08:45:00+00:00,1,1.249999999999932,TP,False
S2-19,ema_reclaim_microbreak,CADJPY,2020-10-01 08:00:00+00:00,2020-10-01 08:15:00+00:00,2020-10-01 08:30:00+00:00,1,-1.0000000000000422,SL,False
S2-19,ema_reclaim_microbreak,CADJPY,2020-10-01 09:15:00+00:00,2020-10-01 09:30:00+00:00,2020-10-01 10:15:00+00:00,1,1.2499999999999265,TP,False
S2-19,ema_reclaim_microbreak,CADJPY,2020-10-05 11:45:00+00:00,2020-10-05 12:00:00+00:00,2020-10-05 12:00:00+00:00,1,-0.9999999999999504,SL,False
S2-19,ema_reclaim_microbreak,CADJPY,2020-10-08 08:30:00+00:00,2020-10-08 08:45:00+00:00,2020-10-08 10:00:00+00:00,1,1.2500000000001465,TP,False
S2-19,ema_reclaim_microbreak,CADJPY,2020-10-16 09:15:00+00:00,2020-10-16 09:30:00+00:00,2020-10-16 10:00:00+00:00,-1,-1.0000000000000973,SL,False
S2-19,ema_reclaim_microbreak,CADJPY,2020-10-19 09:15:00+00:00,2020-10-19 09:30:00+00:00,2020-10-19 10:00:00+00:00,1,-1.000000000000045,SL,False
S2-19,ema_reclaim_microbreak,CADJPY,2020-10-19 10:30:00+00:00,2020-10-19 10:45:00+00:00,2020-10-19 11:15:00+00:00,1,-1.0000000000001559,SL,False
S2-19,ema_reclaim_microbreak,CADJPY,2020-10-19 11:30:00+00:00,2020-10-19 11:45:00+00:00,2020-10-19 12:00:00+00:00,1,-0.9999999999998909,SL,False
S2-19,ema_reclaim_microbreak,CADJPY,2020-10-26 07:15:00+00:00,2020-10-26 07:30:00+00:00,2020-10-26 08:15:00+00:00,-1,1.2499999999998896,TP,False
S2-19,ema_reclaim_microbreak,CADJPY,2020-10-29 07:00:00+00:00,2020-10-29 07:15:00+00:00,2020-10-29 07:15:00+00:00,-1,-1.0000000000001017,SL,False
S2-19,ema_reclaim_microbreak,CADJPY,2020-10-30 09:00:00+00:00,2020-10-30 09:15:00+00:00,2020-10-30 09:15:00+00:00,-1,-1.0000000000000773,SL,False
S2-19,ema_reclaim_microbreak,CADJPY,2020-11-03 08:00:00+00:00,2020-11-03 08:15:00+00:00,2020-11-03 08:15:00+00:00,1,1.25,TP,False
S2-19,ema_reclaim_microbreak,CADJPY,2020-11-06 07:00:00+00:00,2020-11-06 07:15:00+00:00,2020-11-06 07:15:00+00:00,-1,-0.9999999999998845,SL,False
S2-19,ema_reclaim_microbreak,CADJPY,2020-11-06 08:45:00+00:00,2020-11-06 09:00:00+00:00,2020-11-06 10:00:00+00:00,-1,1.2500000000000286,TP,False
S2-19,ema_reclaim_microbreak,CADJPY,2020-11-10 09:00:00+00:00,2020-11-10 09:15:00+00:00,2020-11-10 09:15:00+00:00,1,1.25,TP,False
S2-19,ema_reclaim_microbreak,CADJPY,2020-11-12 09:00:00+00:00,2020-11-12 09:15:00+00:00,2020-11-12 09:15:00+00:00,-1,-1.0000000000000928,SL,False
S2-19,ema_reclaim_microbreak,CADJPY,2020-11-18 09:45:00+00:00,2020-11-18 10:00:00+00:00,2020-11-18 10:00:00+00:00,-1,-0.999999999999878,SL,False
S2-19,ema_reclaim_microbreak,CADJPY,2020-11-18 11:15:00+00:00,2020-11-18 11:30:00+00:00,2020-11-18 11:45:00+00:00,-1,-1.0000000000001135,SL,False
S2-19,ema_reclaim_microbreak,CADJPY,2020-11-19 07:45:00+00:00,2020-11-19 08:00:00+00:00,2020-11-19 08:00:00+00:00,-1,-0.9999999999999581,SL,False
S2-19,ema_reclaim_microbreak,CADJPY,2020-11-24 08:15:00+00:00,2020-11-24 08:30:00+00:00,2020-11-24 08:45:00+00:00,1,-0.9999999999998804,SL,False
S2-19,ema_reclaim_microbreak,CADJPY,2020-12-01 11:15:00+00:00,2020-12-01 11:30:00+00:00,2020-12-01 12:15:00+00:00,1,-0.9999999999999608,SL,False
S2-19,ema_reclaim_microbreak,CADJPY,2020-12-04 08:00:00+00:00,2020-12-04 08:15:00+00:00,2020-12-04 08:15:00+00:00,1,-0.9999999999999514,SL,False
S2-19,ema_reclaim_microbreak,CADJPY,2020-12-04 11:15:00+00:00,2020-12-04 11:30:00+00:00,2020-12-04 11:45:00+00:00,1,-1.0000000000001146,SL,False
S2-19,ema_reclaim_microbreak,CADJPY,2020-12-07 11:30:00+00:00,2020-12-07 11:45:00+00:00,2020-12-07 12:15:00+00:00,1,-1.0000000000001041,SL,False
S2-19,ema_reclaim_microbreak,CADJPY,2020-12-08 08:30:00+00:00,2020-12-08 08:45:00+00:00,2020-12-08 08:45:00+00:00,1,-1.0000000000001619,SL,False
S2-19,ema_reclaim_microbreak,CADJPY,2020-12-09 10:15:00+00:00,2020-12-09 10:30:00+00:00,2020-12-09 10:45:00+00:00,1,-1.0000000000001246,SL,False
S2-19,ema_reclaim_microbreak,CADJPY,2020-12-15 08:15:00+00:00,2020-12-15 08:30:00+00:00,2020-12-15 08:45:00+00:00,1,1.2499999999998372,TP,False
S2-19,ema_reclaim_microbreak,CADJPY,2020-12-17 09:45:00+00:00,2020-12-17 10:00:00+00:00,2020-12-17 13:15:00+00:00,-1,-1.0000000000001066,SL,False
S2-19,ema_reclaim_microbreak,CADJPY,2020-12-21 11:45:00+00:00,2020-12-21 12:00:00+00:00,2020-12-21 14:00:00+00:00,-1,-0.9999999999999332,SL,False
S2-19,ema_reclaim_microbreak,CADJPY,2020-12-23 07:30:00+00:00,2020-12-23 07:45:00+00:00,2020-12-23 07:45:00+00:00,-1,-1.0,SL,False
S2-19,ema_reclaim_microbreak,CADJPY,2020-12-29 09:45:00+00:00,2020-12-29 10:00:00+00:00,2020-12-29 13:15:00+00:00,1,1.25,TP,False
