hypothesis,family,pair,signal_dt,entry_dt,exit_dt,side,r,reason,ambiguous_stop_first
S2-05,ny_or_break,GBPUSD,2013-01-03 12:15:00+00:00,2013-01-03 12:30:00+00:00,2013-01-03 13:45:00+00:00,-1,-1.0000000000000682,SL,False
S2-05,ny_or_break,GBPUSD,2013-01-03 13:45:00+00:00,2013-01-03 14:00:00+00:00,2013-01-03 15:45:00+00:00,-1,1.25,TP,False
S2-05,ny_or_break,GBPUSD,2013-01-03 15:45:00+00:00,2013-01-03 16:00:00+00:00,2013-01-03 16:15:00+00:00,-1,-1.0,SL,False
S2-05,ny_or_break,GBPUSD,2013-01-03 16:15:00+00:00,2013-01-03 16:30:00+00:00,2013-01-03 17:00:00+00:00,-1,1.2500000000000844,TP,False
S2-05,ny_or_break,GBPUSD,2013-01-09 12:00:00+00:00,2013-01-09 12:15:00+00:00,2013-01-09 13:00:00+00:00,-1,1.2499999999999387,TP,False
S2-05,ny_or_break,GBPUSD,2013-01-09 13:00:00+00:00,2013-01-09 13:15:00+00:00,2013-01-09 13:15:00+00:00,-1,1.2500000000000286,TP,False
S2-05,ny_or_break,GBPUSD,2013-01-09 13:15:00+00:00,2013-01-09 13:30:00+00:00,2013-01-09 13:30:00+00:00,-1,-0.9999999999999184,SL,False
S2-05,ny_or_break,GBPUSD,2013-01-09 13:30:00+00:00,2013-01-09 13:45:00+00:00,2013-01-09 14:30:00+00:00,-1,1.2499999999999476,TP,False
S2-05,ny_or_break,GBPUSD,2013-01-09 14:30:00+00:00,2013-01-09 14:45:00+00:00,2013-01-09 14:45:00+00:00,-1,-1.000000000000048,SL,False
S2-05,ny_or_break,GBPUSD,2013-01-09 14:45:00+00:00,2013-01-09 15:00:00+00:00,2013-01-09 16:45:00+00:00,-1,-1.0,SL,False
S2-05,ny_or_break,GBPUSD,2013-01-09 16:45:00+00:00,2013-01-09 17:00:00+00:00,2013-01-09 18:00:00+00:00,-1,1.25,TP,False
S2-05,ny_or_break,GBPUSD,2013-01-10 16:00:00+00:00,2013-01-10 16:15:00+00:00,2013-01-10 16:45:00+00:00,1,1.25,TP,False
S2-05,ny_or_break,GBPUSD,2013-01-10 16:45:00+00:00,2013-01-10 17:00:00+00:00,2013-01-10 17:45:00+00:00,1,1.250000000000022,TP,False
S2-05,ny_or_break,GBPUSD,2013-01-14 12:30:00+00:00,2013-01-14 12:45:00+00:00,2013-01-14 12:45:00+00:00,-1,1.25,TP,False
S2-05,ny_or_break,GBPUSD,2013-01-14 12:45:00+00:00,2013-01-14 13:00:00+00:00,2013-01-14 13:30:00+00:00,-1,-0.9999999999999538,SL,False
S2-05,ny_or_break,GBPUSD,2013-01-14 13:30:00+00:00,2013-01-14 13:45:00+00:00,2013-01-14 13:45:00+00:00,-1,1.2499999999999254,TP,False
S2-05,ny_or_break,GBPUSD,2013-01-14 13:45:00+00:00,2013-01-14 14:00:00+00:00,2013-01-14 15:00:00+00:00,-1,-1.0000000000000688,SL,False
S2-05,ny_or_break,GBPUSD,2013-01-14 15:00:00+00:00,2013-01-14 15:15:00+00:00,2013-01-14 15:30:00+00:00,-1,-1.0000000000000207,SL,False
S2-05,ny_or_break,GBPUSD,2013-01-14 15:30:00+00:00,2013-01-14 15:45:00+00:00,2013-01-14 19:30:00+00:00,-1,-0.9999999999999799,SL,False
S2-05,ny_or_break,GBPUSD,2013-01-15 12:00:00+00:00,2013-01-15 12:15:00+00:00,2013-01-15 13:15:00+00:00,-1,-0.9999999999999784,SL,False
S2-05,ny_or_break,GBPUSD,2013-01-16 12:30:00+00:00,2013-01-16 12:45:00+00:00,2013-01-16 12:45:00+00:00,-1,1.2499999999999758,TP,False
S2-05,ny_or_break,GBPUSD,2013-01-16 12:45:00+00:00,2013-01-16 13:00:00+00:00,2013-01-16 13:00:00+00:00,-1,-0.9999999999999556,SL,False
S2-05,ny_or_break,GBPUSD,2013-01-16 13:00:00+00:00,2013-01-16 13:15:00+00:00,2013-01-16 16:15:00+00:00,-1,-0.9999999999999568,SL,False
S2-05,ny_or_break,GBPUSD,2013-01-17 14:15:00+00:00,2013-01-17 14:30:00+00:00,2013-01-17 15:00:00+00:00,-1,-1.0000000000000226,SL,False
S2-05,ny_or_break,GBPUSD,2013-01-17 15:00:00+00:00,2013-01-17 15:15:00+00:00,2013-01-17 18:00:00+00:00,-1,-0.9999999999999577,SL,False
S2-05,ny_or_break,GBPUSD,2013-01-18 12:45:00+00:00,2013-01-18 13:00:00+00:00,2013-01-18 14:30:00+00:00,-1,1.2499999999999294,TP,False
S2-05,ny_or_break,GBPUSD,2013-01-18 14:30:00+00:00,2013-01-18 14:45:00+00:00,2013-01-18 15:15:00+00:00,-1,1.2500000000000486,TP,False
S2-05,ny_or_break,GBPUSD,2013-01-18 15:15:00+00:00,2013-01-18 15:30:00+00:00,2013-01-18 15:45:00+00:00,-1,1.25,TP,False
S2-05,ny_or_break,GBPUSD,2013-01-18 15:45:00+00:00,2013-01-18 16:00:00+00:00,2013-01-18 16:00:00+00:00,-1,-0.006765969932858104,FRIDAY,False
S2-05,ny_or_break,GBPUSD,2013-01-18 16:00:00+00:00,2013-01-18 16:15:00+00:00,2013-01-18 16:15:00+00:00,-1,-0.6274062558149307,FRIDAY,False
S2-05,ny_or_break,GBPUSD,2013-01-18 16:15:00+00:00,2013-01-18 16:30:00+00:00,2013-01-18 16:30:00+00:00,-1,-0.3488879704492031,FRIDAY,False
S2-05,ny_or_break,GBPUSD,2013-01-18 16:30:00+00:00,2013-01-18 16:45:00+00:00,2013-01-18 16:45:00+00:00,-1,-0.3219961622550429,FRIDAY,False
S2-05,ny_or_break,GBPUSD,2013-01-18 16:45:00+00:00,2013-01-18 17:00:00+00:00,2013-01-18 17:00:00+00:00,-1,-0.4130394313175259,FRIDAY,False
S2-05,ny_or_break,GBPUSD,2013-01-21 15:00:00+00:00,2013-01-21 15:15:00+00:00,2013-01-21 15:15:00+00:00,-1,1.25,TP,False
S2-05,ny_or_break,GBPUSD,2013-01-21 15:15:00+00:00,2013-01-21 15:30:00+00:00,2013-01-21 15:45:00+00:00,-1,1.2499999999999583,TP,False
S2-05,ny_or_break,GBPUSD,2013-01-21 15:45:00+00:00,2013-01-21 16:00:00+00:00,2013-01-21 16:00:00+00:00,-1,-1.00000000000011,SL,False
S2-05,ny_or_break,GBPUSD,2013-01-21 16:00:00+00:00,2013-01-21 16:15:00+00:00,2013-01-21 16:15:00+00:00,-1,-1.0000000000001048,SL,False
S2-05,ny_or_break,GBPUSD,2013-01-21 16:15:00+00:00,2013-01-21 16:30:00+00:00,2013-01-21 16:30:00+00:00,-1,-0.9999999999998934,SL,False
S2-05,ny_or_break,GBPUSD,2013-01-21 16:30:00+00:00,2013-01-21 16:45:00+00:00,2013-01-21 16:45:00+00:00,-1,1.2500000000000346,TP,False
S2-05,ny_or_break,GBPUSD,2013-01-21 16:45:00+00:00,2013-01-21 17:00:00+00:00,2013-01-21 17:00:00+00:00,-1,1.2500000000000615,TP,False
S2-05,ny_or_break,GBPUSD,2013-01-24 12:00:00+00:00,2013-01-24 12:15:00+00:00,2013-01-24 13:00:00+00:00,-1,1.2499999999999645,TP,False
S2-05,ny_or_break,GBPUSD,2013-01-24 13:15:00+00:00,2013-01-24 13:30:00+00:00,2013-01-24 13:30:00+00:00,-1,1.2500000000000844,TP,False
S2-05,ny_or_break,GBPUSD,2013-01-24 13:30:00+00:00,2013-01-24 13:45:00+00:00,2013-01-24 14:15:00+00:00,-1,1.2499999999999236,TP,False
S2-05,ny_or_break,GBPUSD,2013-01-24 14:15:00+00:00,2013-01-24 14:30:00+00:00,2013-01-24 14:30:00+00:00,-1,-0.9999999999999769,SL,False
S2-05,ny_or_break,GBPUSD,2013-01-24 14:30:00+00:00,2013-01-24 14:45:00+00:00,2013-01-24 15:00:00+00:00,-1,-0.9999999999999325,SL,False
S2-05,ny_or_break,GBPUSD,2013-01-24 15:00:00+00:00,2013-01-24 15:15:00+00:00,2013-01-24 15:45:00+00:00,-1,-1.0000000000000624,SL,False
S2-05,ny_or_break,GBPUSD,2013-01-24 15:45:00+00:00,2013-01-24 16:00:00+00:00,2013-01-24 19:45:00+00:00,-1,-0.5412098232397858,TIME,False
S2-05,ny_or_break,GBPUSD,2013-01-28 16:00:00+00:00,2013-01-28 16:15:00+00:00,2013-01-28 16:45:00+00:00,-1,1.25,TP,False
S2-05,ny_or_break,GBPUSD,2013-01-28 16:45:00+00:00,2013-01-28 17:00:00+00:00,2013-01-28 20:45:00+00:00,-1,-0.44655151235091456,TIME,False
S2-05,ny_or_break,GBPUSD,2013-01-30 12:15:00+00:00,2013-01-30 12:30:00+00:00,2013-01-30 13:45:00+00:00,1,1.2500000000000817,TP,False
S2-05,ny_or_break,GBPUSD,2013-01-30 13:45:00+00:00,2013-01-30 14:00:00+00:00,2013-01-30 14:15:00+00:00,1,-1.0000000000000273,SL,False
S2-05,ny_or_break,GBPUSD,2013-01-30 15:00:00+00:00,2013-01-30 15:15:00+00:00,2013-01-30 16:30:00+00:00,1,1.249999999999945,TP,False
S2-05,ny_or_break,GBPUSD,2013-01-30 16:30:00+00:00,2013-01-30 16:45:00+00:00,2013-01-30 17:00:00+00:00,1,-1.0000000000000786,SL,False
S2-05,ny_or_break,GBPUSD,2013-01-31 15:45:00+00:00,2013-01-31 16:00:00+00:00,2013-01-31 17:45:00+00:00,1,1.2499999999999785,TP,False
S2-05,ny_or_break,GBPUSD,2013-02-04 14:00:00+00:00,2013-02-04 14:15:00+00:00,2013-02-04 14:15:00+00:00,1,-0.9999999999999721,SL,False
S2-05,ny_or_break,GBPUSD,2013-02-04 14:45:00+00:00,2013-02-04 15:00:00+00:00,2013-02-04 15:00:00+00:00,1,-0.9999999999999118,SL,False
S2-05,ny_or_break,GBPUSD,2013-02-08 12:00:00+00:00,2013-02-08 12:15:00+00:00,2013-02-08 13:00:00+00:00,1,1.2500000000000497,TP,False
S2-05,ny_or_break,GBPUSD,2013-02-08 13:00:00+00:00,2013-02-08 13:15:00+00:00,2013-02-08 14:15:00+00:00,1,-0.9999999999999555,SL,False
S2-05,ny_or_break,GBPUSD,2013-02-08 14:15:00+00:00,2013-02-08 14:30:00+00:00,2013-02-08 15:15:00+00:00,1,1.2499999999999596,TP,False
S2-05,ny_or_break,GBPUSD,2013-02-08 15:15:00+00:00,2013-02-08 15:30:00+00:00,2013-02-08 15:45:00+00:00,1,1.25,TP,False
S2-05,ny_or_break,GBPUSD,2013-02-08 15:45:00+00:00,2013-02-08 16:00:00+00:00,2013-02-08 16:00:00+00:00,1,-0.5547887850146221,FRIDAY,False
S2-05,ny_or_break,GBPUSD,2013-02-08 16:00:00+00:00,2013-02-08 16:15:00+00:00,2013-02-08 16:15:00+00:00,1,-0.32140676517279276,FRIDAY,False
S2-05,ny_or_break,GBPUSD,2013-02-08 16:15:00+00:00,2013-02-08 16:30:00+00:00,2013-02-08 16:30:00+00:00,1,-0.6706491087821633,FRIDAY,False
S2-05,ny_or_break,GBPUSD,2013-02-08 16:30:00+00:00,2013-02-08 16:45:00+00:00,2013-02-08 16:45:00+00:00,1,0.08923168988330729,FRIDAY,False
S2-05,ny_or_break,GBPUSD,2013-02-08 16:45:00+00:00,2013-02-08 17:00:00+00:00,2013-02-08 17:00:00+00:00,1,-0.9384420228332851,FRIDAY,False
S2-05,ny_or_break,GBPUSD,2013-02-11 15:00:00+00:00,2013-02-11 15:15:00+00:00,2013-02-11 15:15:00+00:00,-1,-1.0000000000000302,SL,False
S2-05,ny_or_break,GBPUSD,2013-02-11 15:15:00+00:00,2013-02-11 15:30:00+00:00,2013-02-11 15:45:00+00:00,-1,1.2499999999999407,TP,False
S2-05,ny_or_break,GBPUSD,2013-02-11 15:45:00+00:00,2013-02-11 16:00:00+00:00,2013-02-11 16:00:00+00:00,-1,-0.9999999999999719,SL,False
S2-05,ny_or_break,GBPUSD,2013-02-11 16:00:00+00:00,2013-02-11 16:15:00+00:00,2013-02-11 18:00:00+00:00,-1,-0.9999999999999176,SL,False
S2-05,ny_or_break,GBPUSD,2013-02-14 14:30:00+00:00,2013-02-14 14:45:00+00:00,2013-02-14 15:15:00+00:00,-1,-0.9999999999999389,SL,False
S2-05,ny_or_break,GBPUSD,2013-02-19 12:30:00+00:00,2013-02-19 12:45:00+00:00,2013-02-19 14:15:00+00:00,-1,-0.9999999999999679,SL,False
S2-05,ny_or_break,GBPUSD,2013-02-19 16:00:00+00:00,2013-02-19 16:15:00+00:00,2013-02-19 20:00:00+00:00,-1,-0.07238754419921621,TIME,False
S2-05,ny_or_break,GBPUSD,2013-02-20 12:00:00+00:00,2013-02-20 12:15:00+00:00,2013-02-20 13:30:00+00:00,-1,-1.0,SL,False
S2-05,ny_or_break,GBPUSD,2013-02-20 15:15:00+00:00,2013-02-20 15:30:00+00:00,2013-02-20 15:45:00+00:00,-1,-1.000000000000026,SL,False
S2-05,ny_or_break,GBPUSD,2013-02-20 16:00:00+00:00,2013-02-20 16:15:00+00:00,2013-02-20 17:00:00+00:00,-1,-0.9999999999999458,SL,False
S2-05,ny_or_break,GBPUSD,2013-02-25 13:15:00+00:00,2013-02-25 13:30:00+00:00,2013-02-25 13:45:00+00:00,-1,1.2500000000000429,TP,False
S2-05,ny_or_break,GBPUSD,2013-02-25 13:45:00+00:00,2013-02-25 14:00:00+00:00,2013-02-25 14:15:00+00:00,-1,-1.0000000000000202,SL,False
S2-05,ny_or_break,GBPUSD,2013-02-25 14:15:00+00:00,2013-02-25 14:30:00+00:00,2013-02-25 16:45:00+00:00,-1,-1.0000000000000193,SL,False
S2-05,ny_or_break,GBPUSD,2013-02-25 16:45:00+00:00,2013-02-25 17:00:00+00:00,2013-02-25 17:15:00+00:00,-1,-0.9999999999999625,SL,False
S2-05,ny_or_break,GBPUSD,2013-03-01 15:00:00+00:00,2013-03-01 15:15:00+00:00,2013-03-01 16:00:00+00:00,-1,-1.3639158354966525,FRIDAY,False
S2-05,ny_or_break,GBPUSD,2013-03-06 16:00:00+00:00,2013-03-06 16:15:00+00:00,2013-03-06 16:45:00+00:00,-1,1.2500000000000526,TP,False
S2-05,ny_or_break,GBPUSD,2013-03-06 16:45:00+00:00,2013-03-06 17:00:00+00:00,2013-03-06 17:30:00+00:00,-1,1.249999999999947,TP,False
S2-05,ny_or_break,GBPUSD,2013-03-08 14:00:00+00:00,2013-03-08 14:15:00+00:00,2013-03-08 15:15:00+00:00,-1,-1.0000000000000404,SL,False
S2-05,ny_or_break,GBPUSD,2013-03-08 15:15:00+00:00,2013-03-08 15:30:00+00:00,2013-03-08 16:00:00+00:00,-1,1.1148975523973335,FRIDAY,False
S2-05,ny_or_break,GBPUSD,2013-03-08 16:00:00+00:00,2013-03-08 16:15:00+00:00,2013-03-08 16:15:00+00:00,-1,-0.4522529810539259,FRIDAY,False
S2-05,ny_or_break,GBPUSD,2013-03-08 16:15:00+00:00,2013-03-08 16:30:00+00:00,2013-03-08 16:30:00+00:00,-1,0.24809933704876258,FRIDAY,False
S2-05,ny_or_break,GBPUSD,2013-03-08 16:30:00+00:00,2013-03-08 16:45:00+00:00,2013-03-08 16:45:00+00:00,-1,-0.13084070500679607,FRIDAY,False
S2-05,ny_or_break,GBPUSD,2013-03-08 16:45:00+00:00,2013-03-08 17:00:00+00:00,2013-03-08 17:00:00+00:00,-1,-0.034147444595205786,FRIDAY,False
S2-05,ny_or_break,GBPUSD,2013-03-14 14:00:00+00:00,2013-03-14 14:15:00+00:00,2013-03-14 14:30:00+00:00,1,1.2499999999999827,TP,False
S2-05,ny_or_break,GBPUSD,2013-03-14 14:30:00+00:00,2013-03-14 14:45:00+00:00,2013-03-14 15:45:00+00:00,1,1.25,TP,False
S2-05,ny_or_break,GBPUSD,2013-03-14 15:45:00+00:00,2013-03-14 16:00:00+00:00,2013-03-14 16:30:00+00:00,1,1.2499999999999707,TP,False
S2-05,ny_or_break,GBPUSD,2013-03-14 16:30:00+00:00,2013-03-14 16:45:00+00:00,2013-03-14 16:45:00+00:00,1,1.2499999999999714,TP,False
S2-05,ny_or_break,GBPUSD,2013-03-14 16:45:00+00:00,2013-03-14 17:00:00+00:00,2013-03-14 20:45:00+00:00,1,-0.39531330368218814,TIME,False
S2-05,ny_or_break,GBPUSD,2013-03-15 12:30:00+00:00,2013-03-15 12:45:00+00:00,2013-03-15 13:00:00+00:00,1,-0.9999999999999241,SL,False
S2-05,ny_or_break,GBPUSD,2013-03-20 14:00:00+00:00,2013-03-20 14:15:00+00:00,2013-03-20 15:30:00+00:00,1,-1.000000000000012,SL,False
S2-05,ny_or_break,GBPUSD,2013-03-22 14:45:00+00:00,2013-03-22 15:00:00+00:00,2013-03-22 15:15:00+00:00,1,1.2500000000000755,TP,False
S2-05,ny_or_break,GBPUSD,2013-03-22 15:15:00+00:00,2013-03-22 15:30:00+00:00,2013-03-22 16:00:00+00:00,1,-0.7463487773726005,FRIDAY,False
S2-05,ny_or_break,GBPUSD,2013-03-22 16:00:00+00:00,2013-03-22 16:15:00+00:00,2013-03-22 16:15:00+00:00,1,0.4107715684619281,FRIDAY,False
S2-05,ny_or_break,GBPUSD,2013-03-22 16:15:00+00:00,2013-03-22 16:30:00+00:00,2013-03-22 16:30:00+00:00,1,-0.2724914935636614,FRIDAY,False
S2-05,ny_or_break,GBPUSD,2013-03-22 16:30:00+00:00,2013-03-22 16:45:00+00:00,2013-03-22 16:45:00+00:00,1,0.49221336750151184,FRIDAY,False
S2-05,ny_or_break,GBPUSD,2013-03-22 16:45:00+00:00,2013-03-22 17:00:00+00:00,2013-03-22 17:00:00+00:00,1,-2.3776966636695467,FRIDAY,False
S2-05,ny_or_break,GBPUSD,2013-03-25 14:00:00+00:00,2013-03-25 14:15:00+00:00,2013-03-25 14:30:00+00:00,-1,1.250000000000048,TP,False
S2-05,ny_or_break,GBPUSD,2013-03-25 14:30:00+00:00,2013-03-25 14:45:00+00:00,2013-03-25 14:45:00+00:00,-1,-0.9999999999999352,SL,False
S2-05,ny_or_break,GBPUSD,2013-03-25 14:45:00+00:00,2013-03-25 15:00:00+00:00,2013-03-25 15:00:00+00:00,-1,-0.9999999999999791,SL,False
S2-05,ny_or_break,GBPUSD,2013-03-25 15:00:00+00:00,2013-03-25 15:15:00+00:00,2013-03-25 15:45:00+00:00,-1,-1.0000000000000593,SL,False
S2-05,ny_or_break,GBPUSD,2013-03-25 15:45:00+00:00,2013-03-25 16:00:00+00:00,2013-03-25 17:30:00+00:00,-1,1.249999999999942,TP,False
S2-05,ny_or_break,GBPUSD,2013-03-26 13:45:00+00:00,2013-03-26 14:00:00+00:00,2013-03-26 14:00:00+00:00,-1,-0.9999999999999203,SL,False
S2-05,ny_or_break,GBPUSD,2013-04-01 14:00:00+00:00,2013-04-01 14:15:00+00:00,2013-04-01 14:15:00+00:00,1,-0.9999999999998808,SL,False
S2-05,ny_or_break,GBPUSD,2013-04-01 14:15:00+00:00,2013-04-01 14:30:00+00:00,2013-04-01 18:15:00+00:00,1,0.7604320993710816,TIME,False
S2-05,ny_or_break,GBPUSD,2013-04-02 13:00:00+00:00,2013-04-02 13:15:00+00:00,2013-04-02 13:30:00+00:00,-1,1.2499999999999154,TP,False
S2-05,ny_or_break,GBPUSD,2013-04-02 13:30:00+00:00,2013-04-02 13:45:00+00:00,2013-04-02 15:45:00+00:00,-1,1.2499999999999727,TP,False
S2-05,ny_or_break,GBPUSD,2013-04-02 15:45:00+00:00,2013-04-02 16:00:00+00:00,2013-04-02 19:45:00+00:00,-1,0.7700928314315276,TIME,False
S2-05,ny_or_break,GBPUSD,2013-04-05 12:00:00+00:00,2013-04-05 12:15:00+00:00,2013-04-05 12:30:00+00:00,1,1.2499999999999432,TP,False
S2-05,ny_or_break,GBPUSD,2013-04-05 12:30:00+00:00,2013-04-05 12:45:00+00:00,2013-04-05 12:45:00+00:00,1,1.2499999999999423,TP,False
S2-05,ny_or_break,GBPUSD,2013-04-05 12:45:00+00:00,2013-04-05 13:00:00+00:00,2013-04-05 13:00:00+00:00,1,-0.999999999999983,SL,False
S2-05,ny_or_break,GBPUSD,2013-04-05 13:00:00+00:00,2013-04-05 13:15:00+00:00,2013-04-05 13:15:00+00:00,1,1.2500000000000155,TP,False
S2-05,ny_or_break,GBPUSD,2013-04-05 13:15:00+00:00,2013-04-05 13:30:00+00:00,2013-04-05 14:00:00+00:00,1,1.2499999999999714,TP,False
S2-05,ny_or_break,GBPUSD,2013-04-05 14:00:00+00:00,2013-04-05 14:15:00+00:00,2013-04-05 14:45:00+00:00,1,1.2499999999999865,TP,False
S2-05,ny_or_break,GBPUSD,2013-04-05 14:45:00+00:00,2013-04-05 15:00:00+00:00,2013-04-05 16:00:00+00:00,1,-0.7837419257356552,FRIDAY,False
S2-05,ny_or_break,GBPUSD,2013-04-05 16:00:00+00:00,2013-04-05 16:15:00+00:00,2013-04-05 16:15:00+00:00,1,-0.2665769573688208,FRIDAY,False
S2-05,ny_or_break,GBPUSD,2013-04-05 16:15:00+00:00,2013-04-05 16:30:00+00:00,2013-04-05 16:30:00+00:00,1,0.037693616669953814,FRIDAY,False
S2-05,ny_or_break,GBPUSD,2013-04-05 16:30:00+00:00,2013-04-05 16:45:00+00:00,2013-04-05 16:45:00+00:00,1,-0.3224693430316594,FRIDAY,False
S2-05,ny_or_break,GBPUSD,2013-04-05 16:45:00+00:00,2013-04-05 17:00:00+00:00,2013-04-05 17:00:00+00:00,1,0.2494131421716896,FRIDAY,False
S2-05,ny_or_break,GBPUSD,2013-04-08 15:00:00+00:00,2013-04-08 15:15:00+00:00,2013-04-08 15:30:00+00:00,-1,1.25,TP,False
S2-05,ny_or_break,GBPUSD,2013-04-08 15:30:00+00:00,2013-04-08 15:45:00+00:00,2013-04-08 16:00:00+00:00,-1,-1.0000000000000508,SL,False
S2-05,ny_or_break,GBPUSD,2013-04-08 16:00:00+00:00,2013-04-08 16:15:00+00:00,2013-04-08 19:15:00+00:00,-1,1.2500000000000753,TP,False
S2-05,ny_or_break,GBPUSD,2013-04-17 13:30:00+00:00,2013-04-17 13:45:00+00:00,2013-04-17 15:00:00+00:00,-1,-0.9999999999999325,SL,False
S2-05,ny_or_break,GBPUSD,2013-04-22 16:00:00+00:00,2013-04-22 16:15:00+00:00,2013-04-22 18:30:00+00:00,1,1.2500000000000304,TP,False
S2-05,ny_or_break,GBPUSD,2013-04-23 14:00:00+00:00,2013-04-23 14:15:00+00:00,2013-04-23 15:30:00+00:00,1,-0.9999999999999737,SL,False
S2-05,ny_or_break,GBPUSD,2013-04-25 12:00:00+00:00,2013-04-25 12:15:00+00:00,2013-04-25 14:00:00+00:00,1,-1.00000000000002,SL,False
S2-05,ny_or_break,GBPUSD,2013-04-26 12:00:00+00:00,2013-04-26 12:15:00+00:00,2013-04-26 12:30:00+00:00,1,1.249999999999918,TP,False
S2-05,ny_or_break,GBPUSD,2013-04-26 12:30:00+00:00,2013-04-26 12:45:00+00:00,2013-04-26 13:00:00+00:00,1,-1.000000000000071,SL,False
S2-05,ny_or_break,GBPUSD,2013-04-26 13:00:00+00:00,2013-04-26 13:15:00+00:00,2013-04-26 13:45:00+00:00,1,1.25,TP,False
S2-05,ny_or_break,GBPUSD,2013-04-26 13:45:00+00:00,2013-04-26 14:00:00+00:00,2013-04-26 16:00:00+00:00,1,-0.015058100451358879,FRIDAY,False
S2-05,ny_or_break,GBPUSD,2013-04-26 16:00:00+00:00,2013-04-26 16:15:00+00:00,2013-04-26 16:15:00+00:00,1,-0.3932809332172494,FRIDAY,False
S2-05,ny_or_break,GBPUSD,2013-04-26 16:15:00+00:00,2013-04-26 16:30:00+00:00,2013-04-26 16:30:00+00:00,1,-0.3117468391939945,FRIDAY,False
S2-05,ny_or_break,GBPUSD,2013-04-26 16:30:00+00:00,2013-04-26 16:45:00+00:00,2013-04-26 16:45:00+00:00,1,-0.2400917800180659,FRIDAY,False
S2-05,ny_or_break,GBPUSD,2013-04-26 16:45:00+00:00,2013-04-26 17:00:00+00:00,2013-04-26 17:00:00+00:00,1,0.6059343045150568,FRIDAY,False
S2-05,ny_or_break,GBPUSD,2013-04-30 14:00:00+00:00,2013-04-30 14:15:00+00:00,2013-04-30 14:30:00+00:00,1,1.25,TP,False
S2-05,ny_or_break,GBPUSD,2013-04-30 14:30:00+00:00,2013-04-30 14:45:00+00:00,2013-04-30 14:45:00+00:00,1,1.2499999999999138,TP,False
S2-05,ny_or_break,GBPUSD,2013-04-30 14:45:00+00:00,2013-04-30 15:00:00+00:00,2013-04-30 15:00:00+00:00,1,-1.0000000000000762,SL,False
S2-05,ny_or_break,GBPUSD,2013-04-30 15:00:00+00:00,2013-04-30 15:15:00+00:00,2013-04-30 17:45:00+00:00,1,-0.9999999999999541,SL,False
S2-05,ny_or_break,GBPUSD,2013-05-01 12:15:00+00:00,2013-05-01 12:30:00+00:00,2013-05-01 12:30:00+00:00,1,-1.0000000000000622,SL,False
S2-05,ny_or_break,GBPUSD,2013-05-03 13:00:00+00:00,2013-05-03 13:15:00+00:00,2013-05-03 13:15:00+00:00,-1,-0.999999999999943,SL,False
S2-05,ny_or_break,GBPUSD,2013-05-03 15:15:00+00:00,2013-05-03 15:30:00+00:00,2013-05-03 16:00:00+00:00,1,-0.3164787636464077,FRIDAY,False
S2-05,ny_or_break,GBPUSD,2013-05-06 13:00:00+00:00,2013-05-06 13:15:00+00:00,2013-05-06 13:30:00+00:00,-1,1.2499999999998381,TP,False
S2-05,ny_or_break,GBPUSD,2013-05-06 13:30:00+00:00,2013-05-06 13:45:00+00:00,2013-05-06 14:15:00+00:00,-1,1.250000000000052,TP,False
S2-05,ny_or_break,GBPUSD,2013-05-06 14:15:00+00:00,2013-05-06 14:30:00+00:00,2013-05-06 15:00:00+00:00,-1,-1.0000000000000413,SL,False
S2-05,ny_or_break,GBPUSD,2013-05-06 15:00:00+00:00,2013-05-06 15:15:00+00:00,2013-05-06 16:00:00+00:00,-1,1.2499999999999645,TP,False
S2-05,ny_or_break,GBPUSD,2013-05-06 16:00:00+00:00,2013-05-06 16:15:00+00:00,2013-05-06 17:15:00+00:00,-1,-1.0000000000000364,SL,False
S2-05,ny_or_break,GBPUSD,2013-05-07 14:00:00+00:00,2013-05-07 14:15:00+00:00,2013-05-07 14:30:00+00:00,-1,1.25,TP,False
S2-05,ny_or_break,GBPUSD,2013-05-07 14:30:00+00:00,2013-05-07 14:45:00+00:00,2013-05-07 14:45:00+00:00,-1,1.2499999999999722,TP,False
S2-05,ny_or_break,GBPUSD,2013-05-07 14:45:00+00:00,2013-05-07 15:00:00+00:00,2013-05-07 15:30:00+00:00,-1,1.250000000000025,TP,False
S2-05,ny_or_break,GBPUSD,2013-05-07 15:30:00+00:00,2013-05-07 15:45:00+00:00,2013-05-07 16:15:00+00:00,-1,-0.9999999999999545,SL,False
S2-05,ny_or_break,GBPUSD,2013-05-07 16:15:00+00:00,2013-05-07 16:30:00+00:00,2013-05-07 20:15:00+00:00,-1,-0.2595345810800027,TIME,False
S2-05,ny_or_break,GBPUSD,2013-05-10 14:15:00+00:00,2013-05-10 14:30:00+00:00,2013-05-10 15:00:00+00:00,-1,1.2499999999999605,TP,False
S2-05,ny_or_break,GBPUSD,2013-05-10 15:00:00+00:00,2013-05-10 15:15:00+00:00,2013-05-10 16:00:00+00:00,-1,-1.043521367841142,FRIDAY,False
S2-05,ny_or_break,GBPUSD,2013-05-10 16:00:00+00:00,2013-05-10 16:15:00+00:00,2013-05-10 16:15:00+00:00,-1,0.0834798765718836,FRIDAY,False
S2-05,ny_or_break,GBPUSD,2013-05-10 16:15:00+00:00,2013-05-10 16:30:00+00:00,2013-05-10 16:30:00+00:00,-1,-0.6175336066692618,FRIDAY,False
S2-05,ny_or_break,GBPUSD,2013-05-10 16:30:00+00:00,2013-05-10 16:45:00+00:00,2013-05-10 16:45:00+00:00,-1,-0.042592602174126755,FRIDAY,False
S2-05,ny_or_break,GBPUSD,2013-05-10 16:45:00+00:00,2013-05-10 17:00:00+00:00,2013-05-10 17:00:00+00:00,-1,0.19586543373330692,FRIDAY,False
S2-05,ny_or_break,GBPUSD,2013-05-13 14:00:00+00:00,2013-05-13 14:15:00+00:00,2013-05-13 15:00:00+00:00,-1,1.25,TP,False
S2-05,ny_or_break,GBPUSD,2013-05-13 15:00:00+00:00,2013-05-13 15:15:00+00:00,2013-05-13 15:15:00+00:00,-1,1.2499999999999563,TP,False
S2-05,ny_or_break,GBPUSD,2013-05-13 15:15:00+00:00,2013-05-13 15:30:00+00:00,2013-05-13 15:30:00+00:00,-1,1.250000000000061,TP,False
S2-05,ny_or_break,GBPUSD,2013-05-13 15:30:00+00:00,2013-05-13 15:45:00+00:00,2013-05-13 17:30:00+00:00,-1,-0.9999999999999433,SL,False
S2-05,ny_or_break,GBPUSD,2013-05-14 12:30:00+00:00,2013-05-14 12:45:00+00:00,2013-05-14 13:30:00+00:00,-1,1.2499999999999525,TP,False
S2-05,ny_or_break,GBPUSD,2013-05-14 13:30:00+00:00,2013-05-14 13:45:00+00:00,2013-05-14 14:15:00+00:00,-1,1.250000000000075,TP,False
S2-05,ny_or_break,GBPUSD,2013-05-14 14:15:00+00:00,2013-05-14 14:30:00+00:00,2013-05-14 14:45:00+00:00,-1,-0.9999999999999523,SL,False
S2-05,ny_or_break,GBPUSD,2013-05-14 14:45:00+00:00,2013-05-14 15:00:00+00:00,2013-05-14 15:30:00+00:00,-1,1.25,TP,False
S2-05,ny_or_break,GBPUSD,2013-05-14 15:30:00+00:00,2013-05-14 15:45:00+00:00,2013-05-14 16:00:00+00:00,-1,-0.9999999999999408,SL,False
S2-05,ny_or_break,GBPUSD,2013-05-14 16:00:00+00:00,2013-05-14 16:15:00+00:00,2013-05-14 17:15:00+00:00,-1,1.2500000000000624,TP,False
S2-05,ny_or_break,GBPUSD,2013-05-17 12:15:00+00:00,2013-05-17 12:30:00+00:00,2013-05-17 13:15:00+00:00,-1,1.2499999999999538,TP,False
S2-05,ny_or_break,GBPUSD,2013-05-17 13:15:00+00:00,2013-05-17 13:30:00+00:00,2013-05-17 13:30:00+00:00,-1,-1.0000000000000664,SL,False
S2-05,ny_or_break,GBPUSD,2013-05-17 13:30:00+00:00,2013-05-17 13:45:00+00:00,2013-05-17 13:45:00+00:00,-1,1.2499999999999554,TP,False
S2-05,ny_or_break,GBPUSD,2013-05-17 13:45:00+00:00,2013-05-17 14:00:00+00:00,2013-05-17 14:15:00+00:00,-1,-0.9999999999999797,SL,False
S2-05,ny_or_break,GBPUSD,2013-05-17 14:15:00+00:00,2013-05-17 14:30:00+00:00,2013-05-17 14:45:00+00:00,-1,-1.0000000000000557,SL,False
S2-05,ny_or_break,GBPUSD,2013-05-17 14:45:00+00:00,2013-05-17 15:00:00+00:00,2013-05-17 15:30:00+00:00,-1,1.25,TP,False
S2-05,ny_or_break,GBPUSD,2013-05-17 15:30:00+00:00,2013-05-17 15:45:00+00:00,2013-05-17 16:00:00+00:00,-1,-0.19489105279245447,FRIDAY,False
S2-05,ny_or_break,GBPUSD,2013-05-17 16:00:00+00:00,2013-05-17 16:15:00+00:00,2013-05-17 16:15:00+00:00,-1,-0.22243368508760716,FRIDAY,False
S2-05,ny_or_break,GBPUSD,2013-05-17 16:15:00+00:00,2013-05-17 16:30:00+00:00,2013-05-17 16:30:00+00:00,-1,-0.46706273188001646,FRIDAY,False
S2-05,ny_or_break,GBPUSD,2013-05-17 16:30:00+00:00,2013-05-17 16:45:00+00:00,2013-05-17 16:45:00+00:00,-1,-0.08096232660781841,FRIDAY,False
S2-05,ny_or_break,GBPUSD,2013-05-17 16:45:00+00:00,2013-05-17 17:00:00+00:00,2013-05-17 17:00:00+00:00,-1,0.7319408363362104,FRIDAY,False
S2-05,ny_or_break,GBPUSD,2013-05-20 14:45:00+00:00,2013-05-20 15:00:00+00:00,2013-05-20 16:15:00+00:00,1,1.2500000000000342,TP,False
S2-05,ny_or_break,GBPUSD,2013-05-20 16:15:00+00:00,2013-05-20 16:30:00+00:00,2013-05-20 18:00:00+00:00,1,1.249999999999938,TP,False
S2-05,ny_or_break,GBPUSD,2013-05-21 13:00:00+00:00,2013-05-21 13:15:00+00:00,2013-05-21 14:15:00+00:00,-1,1.2500000000000246,TP,False
S2-05,ny_or_break,GBPUSD,2013-05-21 14:15:00+00:00,2013-05-21 14:30:00+00:00,2013-05-21 14:30:00+00:00,-1,-1.000000000000028,SL,False
S2-05,ny_or_break,GBPUSD,2013-05-21 14:30:00+00:00,2013-05-21 14:45:00+00:00,2013-05-21 14:45:00+00:00,-1,-0.9999999999999446,SL,False
S2-05,ny_or_break,GBPUSD,2013-05-21 15:00:00+00:00,2013-05-21 15:15:00+00:00,2013-05-21 15:15:00+00:00,-1,-1.0000000000000533,SL,False
S2-05,ny_or_break,GBPUSD,2013-05-22 14:45:00+00:00,2013-05-22 15:00:00+00:00,2013-05-22 18:45:00+00:00,-1,0.281440238933648,TIME,False
S2-05,ny_or_break,GBPUSD,2013-05-24 14:45:00+00:00,2013-05-24 15:00:00+00:00,2013-05-24 15:00:00+00:00,1,-0.9999999999999581,SL,False
S2-05,ny_or_break,GBPUSD,2013-05-27 16:00:00+00:00,2013-05-27 16:15:00+00:00,2013-05-27 16:45:00+00:00,-1,-0.9999999999998802,SL,False
S2-05,ny_or_break,GBPUSD,2013-05-27 16:45:00+00:00,2013-05-27 17:00:00+00:00,2013-05-27 17:00:00+00:00,-1,-0.9999999999998088,SL,False
S2-05,ny_or_break,GBPUSD,2013-05-28 15:00:00+00:00,2013-05-28 15:15:00+00:00,2013-05-28 15:30:00+00:00,-1,-1.0,SL,False
S2-05,ny_or_break,GBPUSD,2013-05-28 15:30:00+00:00,2013-05-28 15:45:00+00:00,2013-05-28 19:30:00+00:00,-1,0.30138282240695635,TIME,False
S2-05,ny_or_break,GBPUSD,2013-05-30 14:15:00+00:00,2013-05-30 14:30:00+00:00,2013-05-30 18:15:00+00:00,1,0.1354524514168508,TIME,False
S2-05,ny_or_break,GBPUSD,2013-06-03 14:15:00+00:00,2013-06-03 14:30:00+00:00,2013-06-03 14:45:00+00:00,1,1.2499999999999334,TP,False
S2-05,ny_or_break,GBPUSD,2013-06-03 14:45:00+00:00,2013-06-03 15:00:00+00:00,2013-06-03 15:00:00+00:00,1,1.249999999999958,TP,False
S2-05,ny_or_break,GBPUSD,2013-06-03 15:00:00+00:00,2013-06-03 15:15:00+00:00,2013-06-03 15:15:00+00:00,1,-1.0,SL,False
S2-05,ny_or_break,GBPUSD,2013-06-03 15:15:00+00:00,2013-06-03 15:30:00+00:00,2013-06-03 16:45:00+00:00,1,-0.9999999999999679,SL,False
S2-05,ny_or_break,GBPUSD,2013-06-03 16:45:00+00:00,2013-06-03 17:00:00+00:00,2013-06-03 19:45:00+00:00,1,-0.999999999999968,SL,False
S2-05,ny_or_break,GBPUSD,2013-06-05 14:45:00+00:00,2013-06-05 15:00:00+00:00,2013-06-05 18:45:00+00:00,1,0.5602196939976462,TIME,False
S2-05,ny_or_break,GBPUSD,2013-06-06 14:15:00+00:00,2013-06-06 14:30:00+00:00,2013-06-06 14:45:00+00:00,1,1.2499999999999596,TP,False
S2-05,ny_or_break,GBPUSD,2013-06-06 14:45:00+00:00,2013-06-06 15:00:00+00:00,2013-06-06 15:30:00+00:00,1,1.2500000000000377,TP,False
S2-05,ny_or_break,GBPUSD,2013-06-06 15:30:00+00:00,2013-06-06 15:45:00+00:00,2013-06-06 15:45:00+00:00,1,1.249999999999965,TP,False
S2-05,ny_or_break,GBPUSD,2013-06-06 15:45:00+00:00,2013-06-06 16:00:00+00:00,2013-06-06 16:15:00+00:00,1,1.2500000000000269,TP,False
S2-05,ny_or_break,GBPUSD,2013-06-06 16:15:00+00:00,2013-06-06 16:30:00+00:00,2013-06-06 17:00:00+00:00,1,-1.0000000000000344,SL,False
S2-05,ny_or_break,GBPUSD,2013-06-11 14:00:00+00:00,2013-06-11 14:15:00+00:00,2013-06-11 14:15:00+00:00,1,1.2499999999999838,TP,False
S2-05,ny_or_break,GBPUSD,2013-06-11 14:15:00+00:00,2013-06-11 14:30:00+00:00,2013-06-11 14:45:00+00:00,1,-0.9999999999999554,SL,False
S2-05,ny_or_break,GBPUSD,2013-06-11 14:45:00+00:00,2013-06-11 15:00:00+00:00,2013-06-11 15:30:00+00:00,1,-0.9999999999999571,SL,False
S2-05,ny_or_break,GBPUSD,2013-06-11 15:45:00+00:00,2013-06-11 16:00:00+00:00,2013-06-11 17:45:00+00:00,1,1.25,TP,False
S2-05,ny_or_break,GBPUSD,2013-06-12 14:45:00+00:00,2013-06-12 15:00:00+00:00,2013-06-12 15:00:00+00:00,1,-1.0000000000000704,SL,False
S2-05,ny_or_break,GBPUSD,2013-06-12 15:45:00+00:00,2013-06-12 16:00:00+00:00,2013-06-12 17:00:00+00:00,1,-0.9999999999999432,SL,False
S2-05,ny_or_break,GBPUSD,2013-06-13 15:00:00+00:00,2013-06-13 15:15:00+00:00,2013-06-13 15:30:00+00:00,1,-1.0000000000000335,SL,False
S2-05,ny_or_break,GBPUSD,2013-06-13 15:30:00+00:00,2013-06-13 15:45:00+00:00,2013-06-13 17:00:00+00:00,1,-1.0000000000000493,SL,False
S2-05,ny_or_break,GBPUSD,2013-06-14 15:30:00+00:00,2013-06-14 15:45:00+00:00,2013-06-14 16:00:00+00:00,1,-0.9403057263744884,FRIDAY,False
S2-05,ny_or_break,GBPUSD,2013-06-17 12:00:00+00:00,2013-06-17 12:15:00+00:00,2013-06-17 12:15:00+00:00,1,-1.0,SL,False
S2-05,ny_or_break,GBPUSD,2013-06-17 12:30:00+00:00,2013-06-17 12:45:00+00:00,2013-06-17 13:15:00+00:00,1,1.25000000000007,TP,False
S2-05,ny_or_break,GBPUSD,2013-06-17 13:15:00+00:00,2013-06-17 13:30:00+00:00,2013-06-17 14:00:00+00:00,1,-1.0,SL,False
S2-05,ny_or_break,GBPUSD,2013-06-17 14:00:00+00:00,2013-06-17 14:15:00+00:00,2013-06-17 14:15:00+00:00,1,-1.0000000000000295,SL,False
S2-05,ny_or_break,GBPUSD,2013-06-18 12:15:00+00:00,2013-06-18 12:30:00+00:00,2013-06-18 12:30:00+00:00,-1,-1.0000000000000389,SL,False
S2-05,ny_or_break,GBPUSD,2013-06-18 12:30:00+00:00,2013-06-18 12:45:00+00:00,2013-06-18 13:30:00+00:00,-1,-1.0000000000000555,SL,False
S2-05,ny_or_break,GBPUSD,2013-06-18 13:45:00+00:00,2013-06-18 14:00:00+00:00,2013-06-18 14:00:00+00:00,-1,-0.9999999999999679,SL,False
S2-05,ny_or_break,GBPUSD,2013-06-21 12:15:00+00:00,2013-06-21 12:30:00+00:00,2013-06-21 12:30:00+00:00,-1,1.2500000000000258,TP,False
S2-05,ny_or_break,GBPUSD,2013-06-21 12:30:00+00:00,2013-06-21 12:45:00+00:00,2013-06-21 13:15:00+00:00,-1,-1.0000000000000244,SL,False
S2-05,ny_or_break,GBPUSD,2013-06-21 13:15:00+00:00,2013-06-21 13:30:00+00:00,2013-06-21 14:00:00+00:00,-1,1.2500000000000664,TP,False
S2-05,ny_or_break,GBPUSD,2013-06-21 14:00:00+00:00,2013-06-21 14:15:00+00:00,2013-06-21 14:30:00+00:00,-1,1.2499999999999811,TP,False
S2-05,ny_or_break,GBPUSD,2013-06-21 14:30:00+00:00,2013-06-21 14:45:00+00:00,2013-06-21 16:00:00+00:00,-1,-0.46073746523072534,FRIDAY,False
S2-05,ny_or_break,GBPUSD,2013-06-21 16:00:00+00:00,2013-06-21 16:15:00+00:00,2013-06-21 16:15:00+00:00,-1,0.510543464333437,FRIDAY,False
S2-05,ny_or_break,GBPUSD,2013-06-21 16:15:00+00:00,2013-06-21 16:30:00+00:00,2013-06-21 16:30:00+00:00,-1,-0.6758836774868345,FRIDAY,False
S2-05,ny_or_break,GBPUSD,2013-06-21 16:30:00+00:00,2013-06-21 16:45:00+00:00,2013-06-21 16:45:00+00:00,-1,-1.8716247242605681,FRIDAY,False
S2-05,ny_or_break,GBPUSD,2013-06-21 16:45:00+00:00,2013-06-21 17:00:00+00:00,2013-06-21 17:00:00+00:00,-1,-0.7891533727720056,FRIDAY,False
S2-05,ny_or_break,GBPUSD,2013-06-25 12:00:00+00:00,2013-06-25 12:15:00+00:00,2013-06-25 12:15:00+00:00,1,-1.0000000000000235,SL,False
S2-05,ny_or_break,GBPUSD,2013-06-26 14:45:00+00:00,2013-06-26 15:00:00+00:00,2013-06-26 15:00:00+00:00,-1,1.25,TP,False
S2-05,ny_or_break,GBPUSD,2013-06-26 15:00:00+00:00,2013-06-26 15:15:00+00:00,2013-06-26 15:30:00+00:00,-1,-0.999999999999963,SL,False
S2-05,ny_or_break,GBPUSD,2013-06-26 15:30:00+00:00,2013-06-26 15:45:00+00:00,2013-06-26 17:45:00+00:00,-1,1.250000000000037,TP,False
S2-05,ny_or_break,GBPUSD,2013-06-27 12:30:00+00:00,2013-06-27 12:45:00+00:00,2013-06-27 13:45:00+00:00,-1,-1.0000000000000557,SL,False
S2-05,ny_or_break,GBPUSD,2013-06-27 13:45:00+00:00,2013-06-27 14:00:00+00:00,2013-06-27 14:00:00+00:00,-1,-1.0000000000000469,SL,True
S2-05,ny_or_break,GBPUSD,2013-06-27 14:00:00+00:00,2013-06-27 14:15:00+00:00,2013-06-27 14:30:00+00:00,-1,1.250000000000063,TP,False
S2-05,ny_or_break,GBPUSD,2013-06-27 14:30:00+00:00,2013-06-27 14:45:00+00:00,2013-06-27 16:00:00+00:00,-1,-1.000000000000058,SL,False
S2-05,ny_or_break,GBPUSD,2013-06-27 16:00:00+00:00,2013-06-27 16:15:00+00:00,2013-06-27 16:30:00+00:00,-1,-0.9999999999999801,SL,False
S2-05,ny_or_break,GBPUSD,2013-06-27 16:30:00+00:00,2013-06-27 16:45:00+00:00,2013-06-27 18:45:00+00:00,-1,-0.9999999999999382,SL,False
S2-05,ny_or_break,GBPUSD,2013-06-28 13:45:00+00:00,2013-06-28 14:00:00+00:00,2013-06-28 14:15:00+00:00,-1,1.25,TP,False
S2-05,ny_or_break,GBPUSD,2013-06-28 14:15:00+00:00,2013-06-28 14:30:00+00:00,2013-06-28 14:45:00+00:00,-1,1.250000000000019,TP,False
S2-05,ny_or_break,GBPUSD,2013-06-28 14:45:00+00:00,2013-06-28 15:00:00+00:00,2013-06-28 15:00:00+00:00,-1,-0.9999999999999661,SL,False
S2-05,ny_or_break,GBPUSD,2013-06-28 15:00:00+00:00,2013-06-28 15:15:00+00:00,2013-06-28 15:45:00+00:00,-1,-1.0,SL,False
S2-05,ny_or_break,GBPUSD,2013-06-28 15:45:00+00:00,2013-06-28 16:00:00+00:00,2013-06-28 16:00:00+00:00,-1,0.6461839176747891,FRIDAY,False
S2-05,ny_or_break,GBPUSD,2013-06-28 16:00:00+00:00,2013-06-28 16:15:00+00:00,2013-06-28 16:15:00+00:00,-1,0.0047716040867003704,FRIDAY,False
S2-05,ny_or_break,GBPUSD,2013-06-28 16:15:00+00:00,2013-06-28 16:30:00+00:00,2013-06-28 16:30:00+00:00,-1,0.28808908034028824,FRIDAY,False
S2-05,ny_or_break,GBPUSD,2013-06-28 16:30:00+00:00,2013-06-28 16:45:00+00:00,2013-06-28 16:45:00+00:00,-1,0.00967070784783319,FRIDAY,False
S2-05,ny_or_break,GBPUSD,2013-06-28 16:45:00+00:00,2013-06-28 17:00:00+00:00,2013-06-28 17:00:00+00:00,-1,0.059685047378502526,FRIDAY,False
S2-05,ny_or_break,GBPUSD,2013-07-02 12:15:00+00:00,2013-07-02 12:30:00+00:00,2013-07-02 12:30:00+00:00,-1,-1.0000000000000426,SL,False
S2-05,ny_or_break,GBPUSD,2013-07-02 12:30:00+00:00,2013-07-02 12:45:00+00:00,2013-07-02 14:00:00+00:00,-1,-0.9999999999999796,SL,False
S2-05,ny_or_break,GBPUSD,2013-07-03 14:15:00+00:00,2013-07-03 14:30:00+00:00,2013-07-03 14:30:00+00:00,1,-1.0000000000000209,SL,False
S2-05,ny_or_break,GBPUSD,2013-07-03 15:00:00+00:00,2013-07-03 15:15:00+00:00,2013-07-03 15:15:00+00:00,1,-0.9999999999999484,SL,False
S2-05,ny_or_break,GBPUSD,2013-07-03 15:15:00+00:00,2013-07-03 15:30:00+00:00,2013-07-03 19:15:00+00:00,1,-0.03457864625776045,TIME,False
S2-05,ny_or_break,GBPUSD,2013-07-04 13:00:00+00:00,2013-07-04 13:15:00+00:00,2013-07-04 17:00:00+00:00,-1,0.0070973872022391075,TIME,False
S2-05,ny_or_break,GBPUSD,2013-07-05 12:15:00+00:00,2013-07-05 12:30:00+00:00,2013-07-05 12:30:00+00:00,-1,1.2500000000000415,TP,False
S2-05,ny_or_break,GBPUSD,2013-07-05 12:30:00+00:00,2013-07-05 12:45:00+00:00,2013-07-05 12:45:00+00:00,-1,-0.9999999999999846,SL,False
S2-05,ny_or_break,GBPUSD,2013-07-05 12:45:00+00:00,2013-07-05 13:00:00+00:00,2013-07-05 16:00:00+00:00,-1,-0.04916747838792159,FRIDAY,False
S2-05,ny_or_break,GBPUSD,2013-07-05 16:00:00+00:00,2013-07-05 16:15:00+00:00,2013-07-05 16:15:00+00:00,-1,-0.5442281749855463,FRIDAY,False
S2-05,ny_or_break,GBPUSD,2013-07-05 16:15:00+00:00,2013-07-05 16:30:00+00:00,2013-07-05 16:30:00+00:00,-1,-0.35216575425319085,FRIDAY,False
S2-05,ny_or_break,GBPUSD,2013-07-05 16:30:00+00:00,2013-07-05 16:45:00+00:00,2013-07-05 16:45:00+00:00,-1,-0.06601732210000956,FRIDAY,False
S2-05,ny_or_break,GBPUSD,2013-07-05 16:45:00+00:00,2013-07-05 17:00:00+00:00,2013-07-05 17:00:00+00:00,-1,0.27969907340169053,FRIDAY,False
S2-05,ny_or_break,GBPUSD,2013-07-09 14:15:00+00:00,2013-07-09 14:30:00+00:00,2013-07-09 16:15:00+00:00,-1,-0.9999999999999772,SL,False
S2-05,ny_or_break,GBPUSD,2013-07-10 16:00:00+00:00,2013-07-10 16:15:00+00:00,2013-07-10 17:45:00+00:00,1,-0.9999999999999758,SL,False
S2-05,ny_or_break,GBPUSD,2013-07-17 12:30:00+00:00,2013-07-17 12:45:00+00:00,2013-07-17 12:45:00+00:00,1,-1.0000000000000167,SL,False
S2-05,ny_or_break,GBPUSD,2013-07-17 12:45:00+00:00,2013-07-17 13:00:00+00:00,2013-07-17 13:45:00+00:00,1,-1.0000000000000158,SL,False
S2-05,ny_or_break,GBPUSD,2013-07-22 13:30:00+00:00,2013-07-22 13:45:00+00:00,2013-07-22 13:45:00+00:00,1,1.2500000000000602,TP,False
S2-05,ny_or_break,GBPUSD,2013-07-22 13:45:00+00:00,2013-07-22 14:00:00+00:00,2013-07-22 14:00:00+00:00,1,1.2500000000000286,TP,False
S2-05,ny_or_break,GBPUSD,2013-07-22 14:00:00+00:00,2013-07-22 14:15:00+00:00,2013-07-22 15:00:00+00:00,1,-1.0000000000000269,SL,False
S2-05,ny_or_break,GBPUSD,2013-07-22 15:00:00+00:00,2013-07-22 15:15:00+00:00,2013-07-22 19:00:00+00:00,1,-0.6652147528824759,TIME,False
S2-05,ny_or_break,GBPUSD,2013-07-29 14:00:00+00:00,2013-07-29 14:15:00+00:00,2013-07-29 15:15:00+00:00,-1,-0.9999999999999204,SL,False
S2-05,ny_or_break,GBPUSD,2013-07-29 15:15:00+00:00,2013-07-29 15:30:00+00:00,2013-07-29 18:15:00+00:00,-1,-0.9999999999999277,SL,False
S2-05,ny_or_break,GBPUSD,2013-07-30 13:30:00+00:00,2013-07-30 13:45:00+00:00,2013-07-30 13:45:00+00:00,-1,1.25,TP,False
S2-05,ny_or_break,GBPUSD,2013-07-30 13:45:00+00:00,2013-07-30 14:00:00+00:00,2013-07-30 14:15:00+00:00,-1,1.25,TP,False
S2-05,ny_or_break,GBPUSD,2013-07-30 14:15:00+00:00,2013-07-30 14:30:00+00:00,2013-07-30 16:30:00+00:00,-1,1.2500000000000484,TP,False
S2-05,ny_or_break,GBPUSD,2013-07-30 16:30:00+00:00,2013-07-30 16:45:00+00:00,2013-07-30 18:45:00+00:00,-1,-1.0000000000000226,SL,False
S2-05,ny_or_break,GBPUSD,2013-07-31 12:15:00+00:00,2013-07-31 12:30:00+00:00,2013-07-31 12:30:00+00:00,-1,1.250000000000047,TP,False
S2-05,ny_or_break,GBPUSD,2013-07-31 12:30:00+00:00,2013-07-31 12:45:00+00:00,2013-07-31 14:15:00+00:00,-1,-1.0000000000000202,SL,False
S2-05,ny_or_break,GBPUSD,2013-07-31 14:15:00+00:00,2013-07-31 14:30:00+00:00,2013-07-31 15:00:00+00:00,-1,-1.0000000000000369,SL,False
S2-05,ny_or_break,GBPUSD,2013-07-31 15:00:00+00:00,2013-07-31 15:15:00+00:00,2013-07-31 18:00:00+00:00,-1,-0.9999999999999838,SL,False
S2-05,ny_or_break,GBPUSD,2013-08-01 16:45:00+00:00,2013-08-01 17:00:00+00:00,2013-08-01 20:45:00+00:00,-1,0.24998479472883933,TIME,False
S2-05,ny_or_break,GBPUSD,2013-08-07 13:45:00+00:00,2013-08-07 14:00:00+00:00,2013-08-07 17:45:00+00:00,1,0.03156198329810168,TIME,False
S2-05,ny_or_break,GBPUSD,2013-08-08 13:45:00+00:00,2013-08-08 14:00:00+00:00,2013-08-08 14:00:00+00:00,1,1.2500000000000944,TP,False
S2-05,ny_or_break,GBPUSD,2013-08-08 14:00:00+00:00,2013-08-08 14:15:00+00:00,2013-08-08 14:30:00+00:00,1,1.2499999999999158,TP,False
S2-05,ny_or_break,GBPUSD,2013-08-08 14:30:00+00:00,2013-08-08 14:45:00+00:00,2013-08-08 14:45:00+00:00,1,-1.0000000000000242,SL,False
S2-05,ny_or_break,GBPUSD,2013-08-08 14:45:00+00:00,2013-08-08 15:00:00+00:00,2013-08-08 18:45:00+00:00,1,-0.6968118306482014,TIME,False
S2-05,ny_or_break,GBPUSD,2013-08-13 13:30:00+00:00,2013-08-13 13:45:00+00:00,2013-08-13 13:45:00+00:00,-1,-1.0000000000000244,SL,False
S2-05,ny_or_break,GBPUSD,2013-08-14 14:00:00+00:00,2013-08-14 14:15:00+00:00,2013-08-14 14:30:00+00:00,1,1.2499999999999782,TP,False
S2-05,ny_or_break,GBPUSD,2013-08-14 14:30:00+00:00,2013-08-14 14:45:00+00:00,2013-08-14 16:30:00+00:00,1,-1.0000000000000646,SL,False
S2-05,ny_or_break,GBPUSD,2013-08-14 16:30:00+00:00,2013-08-14 16:45:00+00:00,2013-08-14 17:45:00+00:00,1,-1.000000000000024,SL,False
S2-05,ny_or_break,GBPUSD,2013-08-16 12:30:00+00:00,2013-08-16 12:45:00+00:00,2013-08-16 12:45:00+00:00,1,-0.9999999999999373,SL,False
S2-05,ny_or_break,GBPUSD,2013-08-20 13:30:00+00:00,2013-08-20 13:45:00+00:00,2013-08-20 13:45:00+00:00,1,-1.000000000000028,SL,False
S2-05,ny_or_break,GBPUSD,2013-08-20 14:00:00+00:00,2013-08-20 14:15:00+00:00,2013-08-20 14:15:00+00:00,1,-0.9999999999999463,SL,False
S2-05,ny_or_break,GBPUSD,2013-08-20 15:00:00+00:00,2013-08-20 15:15:00+00:00,2013-08-20 18:00:00+00:00,1,-0.9999999999999499,SL,False
S2-05,ny_or_break,GBPUSD,2013-08-23 12:00:00+00:00,2013-08-23 12:15:00+00:00,2013-08-23 12:15:00+00:00,-1,-1.0000000000000706,SL,False
S2-05,ny_or_break,GBPUSD,2013-08-23 13:15:00+00:00,2013-08-23 13:30:00+00:00,2013-08-23 14:00:00+00:00,-1,-0.9999999999999348,SL,False
S2-05,ny_or_break,GBPUSD,2013-08-26 13:00:00+00:00,2013-08-26 13:15:00+00:00,2013-08-26 13:45:00+00:00,1,-0.9999999999999336,SL,False
S2-05,ny_or_break,GBPUSD,2013-08-27 12:00:00+00:00,2013-08-27 12:15:00+00:00,2013-08-27 12:45:00+00:00,-1,-1.000000000000062,SL,False
S2-05,ny_or_break,GBPUSD,2013-08-29 12:30:00+00:00,2013-08-29 12:45:00+00:00,2013-08-29 12:45:00+00:00,-1,-1.000000000000088,SL,False
S2-05,ny_or_break,GBPUSD,2013-08-29 12:45:00+00:00,2013-08-29 13:00:00+00:00,2013-08-29 13:00:00+00:00,-1,-1.0000000000000842,SL,False
S2-05,ny_or_break,GBPUSD,2013-08-29 14:15:00+00:00,2013-08-29 14:30:00+00:00,2013-08-29 18:15:00+00:00,-1,-0.13348007608292561,TIME,False
S2-05,ny_or_break,GBPUSD,2013-08-30 13:45:00+00:00,2013-08-30 14:00:00+00:00,2013-08-30 14:30:00+00:00,-1,-1.0,SL,False
S2-05,ny_or_break,GBPUSD,2013-08-30 14:30:00+00:00,2013-08-30 14:45:00+00:00,2013-08-30 16:00:00+00:00,-1,-0.08955577960975031,FRIDAY,False
S2-05,ny_or_break,GBPUSD,2013-08-30 16:00:00+00:00,2013-08-30 16:15:00+00:00,2013-08-30 16:15:00+00:00,-1,-0.4822029396139543,FRIDAY,False
S2-05,ny_or_break,GBPUSD,2013-09-04 15:15:00+00:00,2013-09-04 15:30:00+00:00,2013-09-04 16:30:00+00:00,1,-1.0,SL,False
S2-05,ny_or_break,GBPUSD,2013-09-06 12:15:00+00:00,2013-09-06 12:30:00+00:00,2013-09-06 12:30:00+00:00,-1,-0.9999999999999433,SL,False
S2-05,ny_or_break,GBPUSD,2013-09-06 13:00:00+00:00,2013-09-06 13:15:00+00:00,2013-09-06 16:00:00+00:00,1,-0.160384,FRIDAY,False
S2-05,ny_or_break,GBPUSD,2013-09-06 16:00:00+00:00,2013-09-06 16:15:00+00:00,2013-09-06 16:15:00+00:00,1,0.0966141547143193,FRIDAY,False
S2-05,ny_or_break,GBPUSD,2013-09-06 16:15:00+00:00,2013-09-06 16:30:00+00:00,2013-09-06 16:30:00+00:00,1,0.1785556077145332,FRIDAY,False
S2-05,ny_or_break,GBPUSD,2013-09-06 16:30:00+00:00,2013-09-06 16:45:00+00:00,2013-09-06 16:45:00+00:00,1,-0.5329199293271644,FRIDAY,False
S2-05,ny_or_break,GBPUSD,2013-09-06 16:45:00+00:00,2013-09-06 17:00:00+00:00,2013-09-06 17:00:00+00:00,1,-0.13833829116720173,FRIDAY,False
S2-05,ny_or_break,GBPUSD,2013-09-09 12:15:00+00:00,2013-09-09 12:30:00+00:00,2013-09-09 12:30:00+00:00,1,1.25,TP,False
S2-05,ny_or_break,GBPUSD,2013-09-09 12:30:00+00:00,2013-09-09 12:45:00+00:00,2013-09-09 12:45:00+00:00,1,-1.000000000000046,SL,False
S2-05,ny_or_break,GBPUSD,2013-09-09 12:45:00+00:00,2013-09-09 13:00:00+00:00,2013-09-09 13:15:00+00:00,1,1.2500000000001388,TP,False
S2-05,ny_or_break,GBPUSD,2013-09-09 13:15:00+00:00,2013-09-09 13:30:00+00:00,2013-09-09 13:30:00+00:00,1,-1.000000000000129,SL,False
S2-05,ny_or_break,GBPUSD,2013-09-09 13:30:00+00:00,2013-09-09 13:45:00+00:00,2013-09-09 14:15:00+00:00,1,1.2500000000000808,TP,False
S2-05,ny_or_break,GBPUSD,2013-09-09 14:15:00+00:00,2013-09-09 14:30:00+00:00,2013-09-09 16:15:00+00:00,1,-1.0,SL,False
S2-05,ny_or_break,GBPUSD,2013-09-09 16:15:00+00:00,2013-09-09 16:30:00+00:00,2013-09-09 19:00:00+00:00,1,-0.9999999999999738,SL,False
S2-05,ny_or_break,GBPUSD,2013-09-10 13:45:00+00:00,2013-09-10 14:00:00+00:00,2013-09-10 15:45:00+00:00,1,1.2500000000001161,TP,False
S2-05,ny_or_break,GBPUSD,2013-09-10 15:45:00+00:00,2013-09-10 16:00:00+00:00,2013-09-10 16:30:00+00:00,1,1.249999999999921,TP,False
S2-05,ny_or_break,GBPUSD,2013-09-10 16:30:00+00:00,2013-09-10 16:45:00+00:00,2013-09-10 17:00:00+00:00,1,-1.0000000000000395,SL,False
S2-05,ny_or_break,GBPUSD,2013-09-12 14:15:00+00:00,2013-09-12 14:30:00+00:00,2013-09-12 15:00:00+00:00,1,-0.9999999999999512,SL,False
S2-05,ny_or_break,GBPUSD,2013-09-13 12:00:00+00:00,2013-09-13 12:15:00+00:00,2013-09-13 12:15:00+00:00,1,1.2499999999998876,TP,False
S2-05,ny_or_break,GBPUSD,2013-09-13 12:15:00+00:00,2013-09-13 12:30:00+00:00,2013-09-13 12:30:00+00:00,1,1.2500000000000702,TP,False
S2-05,ny_or_break,GBPUSD,2013-09-13 12:30:00+00:00,2013-09-13 12:45:00+00:00,2013-09-13 13:15:00+00:00,1,1.250000000000061,TP,False
S2-05,ny_or_break,GBPUSD,2013-09-13 13:15:00+00:00,2013-09-13 13:30:00+00:00,2013-09-13 13:30:00+00:00,1,-1.0000000000000557,SL,False
S2-05,ny_or_break,GBPUSD,2013-09-13 13:30:00+00:00,2013-09-13 13:45:00+00:00,2013-09-13 13:45:00+00:00,1,-0.9999999999999476,SL,False
S2-05,ny_or_break,GBPUSD,2013-09-13 13:45:00+00:00,2013-09-13 14:00:00+00:00,2013-09-13 15:30:00+00:00,1,1.2499999999999305,TP,False
S2-05,ny_or_break,GBPUSD,2013-09-13 15:30:00+00:00,2013-09-13 15:45:00+00:00,2013-09-13 16:00:00+00:00,1,0.16322601347737725,FRIDAY,False
S2-05,ny_or_break,GBPUSD,2013-09-13 16:00:00+00:00,2013-09-13 16:15:00+00:00,2013-09-13 16:15:00+00:00,1,-0.07915951972555746,FRIDAY,False
S2-05,ny_or_break,GBPUSD,2013-09-13 16:15:00+00:00,2013-09-13 16:30:00+00:00,2013-09-13 16:30:00+00:00,1,0.13010134209805532,FRIDAY,False
S2-05,ny_or_break,GBPUSD,2013-09-13 16:30:00+00:00,2013-09-13 16:45:00+00:00,2013-09-13 16:45:00+00:00,1,-0.4039930934566455,FRIDAY,False
S2-05,ny_or_break,GBPUSD,2013-09-13 16:45:00+00:00,2013-09-13 17:00:00+00:00,2013-09-13 17:00:00+00:00,1,0.2650240943063097,FRIDAY,False
S2-05,ny_or_break,GBPUSD,2013-09-16 12:45:00+00:00,2013-09-16 13:00:00+00:00,2013-09-16 13:00:00+00:00,1,-0.999999999999966,SL,False
S2-05,ny_or_break,GBPUSD,2013-09-23 12:30:00+00:00,2013-09-23 12:45:00+00:00,2013-09-23 12:45:00+00:00,1,-1.0000000000000928,SL,False
S2-05,ny_or_break,GBPUSD,2013-09-23 12:45:00+00:00,2013-09-23 13:00:00+00:00,2013-09-23 13:15:00+00:00,1,-1.0000000000000608,SL,False
S2-05,ny_or_break,GBPUSD,2013-09-23 13:15:00+00:00,2013-09-23 13:30:00+00:00,2013-09-23 13:45:00+00:00,1,-0.9999999999999414,SL,False
S2-05,ny_or_break,GBPUSD,2013-09-23 16:45:00+00:00,2013-09-23 17:00:00+00:00,2013-09-23 17:00:00+00:00,1,-0.9999999999999688,SL,False
S2-05,ny_or_break,GBPUSD,2013-09-24 12:00:00+00:00,2013-09-24 12:15:00+00:00,2013-09-24 12:45:00+00:00,-1,-0.9999999999999246,SL,False
S2-05,ny_or_break,GBPUSD,2013-09-24 12:45:00+00:00,2013-09-24 13:00:00+00:00,2013-09-24 13:30:00+00:00,-1,-1.0000000000000822,SL,False
S2-05,ny_or_break,GBPUSD,2013-09-25 14:00:00+00:00,2013-09-25 14:15:00+00:00,2013-09-25 18:00:00+00:00,1,0.550995252371826,TIME,False
S2-05,ny_or_break,GBPUSD,2013-09-27 12:00:00+00:00,2013-09-27 12:15:00+00:00,2013-09-27 12:15:00+00:00,1,-1.0,SL,False
S2-05,ny_or_break,GBPUSD,2013-09-27 13:45:00+00:00,2013-09-27 14:00:00+00:00,2013-09-27 14:15:00+00:00,1,-0.9999999999999437,SL,False
S2-05,ny_or_break,GBPUSD,2013-09-27 14:15:00+00:00,2013-09-27 14:30:00+00:00,2013-09-27 15:00:00+00:00,1,1.2500000000000793,TP,False
S2-05,ny_or_break,GBPUSD,2013-09-27 15:00:00+00:00,2013-09-27 15:15:00+00:00,2013-09-27 16:00:00+00:00,1,-0.20091207068547814,FRIDAY,False
S2-05,ny_or_break,GBPUSD,2013-09-27 16:00:00+00:00,2013-09-27 16:15:00+00:00,2013-09-27 16:15:00+00:00,1,-0.29188995714811244,FRIDAY,False
S2-05,ny_or_break,GBPUSD,2013-09-27 16:15:00+00:00,2013-09-27 16:30:00+00:00,2013-09-27 16:30:00+00:00,1,-1.231903868773246,FRIDAY,False
S2-05,ny_or_break,GBPUSD,2013-09-27 16:30:00+00:00,2013-09-27 16:45:00+00:00,2013-09-27 16:45:00+00:00,1,0.07274567936944103,FRIDAY,False
S2-05,ny_or_break,GBPUSD,2013-09-27 16:45:00+00:00,2013-09-27 17:00:00+00:00,2013-09-27 17:00:00+00:00,1,0.23956516861953273,FRIDAY,False
S2-05,ny_or_break,GBPUSD,2013-09-30 15:00:00+00:00,2013-09-30 15:15:00+00:00,2013-09-30 15:15:00+00:00,1,1.250000000000059,TP,False
S2-05,ny_or_break,GBPUSD,2013-09-30 15:15:00+00:00,2013-09-30 15:30:00+00:00,2013-09-30 19:15:00+00:00,1,-0.02957597706352799,TIME,False
S2-05,ny_or_break,GBPUSD,2013-10-02 13:00:00+00:00,2013-10-02 13:15:00+00:00,2013-10-02 13:30:00+00:00,1,-1.0,SL,False
S2-05,ny_or_break,GBPUSD,2013-10-02 13:30:00+00:00,2013-10-02 13:45:00+00:00,2013-10-02 16:00:00+00:00,1,-1.0000000000000422,SL,False
S2-05,ny_or_break,GBPUSD,2013-10-03 16:00:00+00:00,2013-10-03 16:15:00+00:00,2013-10-03 20:00:00+00:00,-1,0.5577658968165657,TIME,False
S2-05,ny_or_break,GBPUSD,2013-10-07 12:00:00+00:00,2013-10-07 12:15:00+00:00,2013-10-07 13:00:00+00:00,1,-1.0000000000000373,SL,True
S2-05,ny_or_break,GBPUSD,2013-10-07 13:15:00+00:00,2013-10-07 13:30:00+00:00,2013-10-07 14:00:00+00:00,1,-0.9999999999999074,SL,False
S2-05,ny_or_break,GBPUSD,2013-10-07 15:15:00+00:00,2013-10-07 15:30:00+00:00,2013-10-07 19:15:00+00:00,1,0.2560367511303008,TIME,False
S2-05,ny_or_break,GBPUSD,2013-10-08 13:30:00+00:00,2013-10-08 13:45:00+00:00,2013-10-08 14:15:00+00:00,1,-1.0000000000000595,SL,False
S2-05,ny_or_break,GBPUSD,2013-10-09 12:45:00+00:00,2013-10-09 13:00:00+00:00,2013-10-09 14:15:00+00:00,-1,-1.0000000000000477,SL,False
S2-05,ny_or_break,GBPUSD,2013-10-09 14:15:00+00:00,2013-10-09 14:30:00+00:00,2013-10-09 17:00:00+00:00,-1,-1.0,SL,False
S2-05,ny_or_break,GBPUSD,2013-10-11 12:45:00+00:00,2013-10-11 13:00:00+00:00,2013-10-11 13:00:00+00:00,-1,-1.0000000000000402,SL,False
S2-05,ny_or_break,GBPUSD,2013-10-11 13:15:00+00:00,2013-10-11 13:30:00+00:00,2013-10-11 13:45:00+00:00,-1,1.2500000000000377,TP,False
S2-05,ny_or_break,GBPUSD,2013-10-11 13:45:00+00:00,2013-10-11 14:00:00+00:00,2013-10-11 14:15:00+00:00,-1,1.2500000000000757,TP,False
S2-05,ny_or_break,GBPUSD,2013-10-11 14:15:00+00:00,2013-10-11 14:30:00+00:00,2013-10-11 14:45:00+00:00,-1,-1.0,SL,False
S2-05,ny_or_break,GBPUSD,2013-10-11 14:45:00+00:00,2013-10-11 15:00:00+00:00,2013-10-11 15:15:00+00:00,-1,-1.0000000000000646,SL,False
S2-05,ny_or_break,GBPUSD,2013-10-11 15:15:00+00:00,2013-10-11 15:30:00+00:00,2013-10-11 16:00:00+00:00,-1,1.1334713777770444,FRIDAY,False
S2-05,ny_or_break,GBPUSD,2013-10-11 16:00:00+00:00,2013-10-11 16:15:00+00:00,2013-10-11 16:15:00+00:00,-1,0.8666065425924407,FRIDAY,False
S2-05,ny_or_break,GBPUSD,2013-10-11 16:15:00+00:00,2013-10-11 16:30:00+00:00,2013-10-11 16:30:00+00:00,-1,-0.2730705404170375,FRIDAY,False
S2-05,ny_or_break,GBPUSD,2013-10-11 16:30:00+00:00,2013-10-11 16:45:00+00:00,2013-10-11 16:45:00+00:00,-1,-0.8196484429520282,FRIDAY,False
S2-05,ny_or_break,GBPUSD,2013-10-11 16:45:00+00:00,2013-10-11 17:00:00+00:00,2013-10-11 17:00:00+00:00,-1,0.5177183356195701,FRIDAY,False
S2-05,ny_or_break,GBPUSD,2013-10-14 12:00:00+00:00,2013-10-14 12:15:00+00:00,2013-10-14 12:30:00+00:00,1,1.2500000000000697,TP,False
S2-05,ny_or_break,GBPUSD,2013-10-14 12:30:00+00:00,2013-10-14 12:45:00+00:00,2013-10-14 12:45:00+00:00,1,-1.000000000000063,SL,False
S2-05,ny_or_break,GBPUSD,2013-10-14 12:45:00+00:00,2013-10-14 13:00:00+00:00,2013-10-14 15:30:00+00:00,1,-1.0,SL,False
S2-05,ny_or_break,GBPUSD,2013-10-14 15:30:00+00:00,2013-10-14 15:45:00+00:00,2013-10-14 16:30:00+00:00,1,-0.9999999999998916,SL,False
S2-05,ny_or_break,GBPUSD,2013-10-14 16:45:00+00:00,2013-10-14 17:00:00+00:00,2013-10-14 17:00:00+00:00,1,-0.9999999999999141,SL,False
S2-05,ny_or_break,GBPUSD,2013-10-17 12:00:00+00:00,2013-10-17 12:15:00+00:00,2013-10-17 12:30:00+00:00,1,-0.9999999999999372,SL,False
S2-05,ny_or_break,GBPUSD,2013-10-17 12:30:00+00:00,2013-10-17 12:45:00+00:00,2013-10-17 13:00:00+00:00,1,1.2500000000000218,TP,False
S2-05,ny_or_break,GBPUSD,2013-10-17 13:00:00+00:00,2013-10-17 13:15:00+00:00,2013-10-17 13:45:00+00:00,1,1.2499999999999796,TP,False
S2-05,ny_or_break,GBPUSD,2013-10-17 13:45:00+00:00,2013-10-17 14:00:00+00:00,2013-10-17 15:15:00+00:00,1,1.2500000000000184,TP,False
S2-05,ny_or_break,GBPUSD,2013-10-17 15:15:00+00:00,2013-10-17 15:30:00+00:00,2013-10-17 18:30:00+00:00,1,-1.0000000000000318,SL,False
S2-05,ny_or_break,GBPUSD,2013-10-22 15:00:00+00:00,2013-10-22 15:15:00+00:00,2013-10-22 17:15:00+00:00,1,1.249999999999951,TP,False
S2-05,ny_or_break,GBPUSD,2013-10-24 14:00:00+00:00,2013-10-24 14:15:00+00:00,2013-10-24 14:15:00+00:00,-1,-1.000000000000045,SL,False
S2-05,ny_or_break,GBPUSD,2013-10-24 15:30:00+00:00,2013-10-24 15:45:00+00:00,2013-10-24 15:45:00+00:00,-1,-0.999999999999979,SL,False
S2-05,ny_or_break,GBPUSD,2013-10-28 16:00:00+00:00,2013-10-28 16:15:00+00:00,2013-10-28 16:45:00+00:00,-1,-0.9999999999999417,SL,False
S2-05,ny_or_break,GBPUSD,2013-10-28 16:45:00+00:00,2013-10-28 17:00:00+00:00,2013-10-28 18:00:00+00:00,-1,-1.0,SL,False
S2-05,ny_or_break,GBPUSD,2013-10-29 12:45:00+00:00,2013-10-29 13:00:00+00:00,2013-10-29 13:15:00+00:00,-1,-1.0000000000000309,SL,False
S2-05,ny_or_break,GBPUSD,2013-10-29 15:45:00+00:00,2013-10-29 16:00:00+00:00,2013-10-29 16:00:00+00:00,-1,1.2500000000000644,TP,False
S2-05,ny_or_break,GBPUSD,2013-10-29 16:00:00+00:00,2013-10-29 16:15:00+00:00,2013-10-29 20:00:00+00:00,-1,-0.2919454004098836,TIME,False
S2-05,ny_or_break,GBPUSD,2013-11-01 14:00:00+00:00,2013-11-01 14:15:00+00:00,2013-11-01 15:15:00+00:00,-1,1.2499999999999523,TP,False
S2-05,ny_or_break,GBPUSD,2013-11-01 15:15:00+00:00,2013-11-01 15:30:00+00:00,2013-11-01 16:00:00+00:00,-1,0.6089850249584027,FRIDAY,False
S2-05,ny_or_break,GBPUSD,2013-11-01 16:00:00+00:00,2013-11-01 16:15:00+00:00,2013-11-01 16:15:00+00:00,-1,-0.33740511737797213,FRIDAY,False
S2-05,ny_or_break,GBPUSD,2013-11-01 16:15:00+00:00,2013-11-01 16:30:00+00:00,2013-11-01 16:30:00+00:00,-1,-0.5169432818588541,FRIDAY,False
S2-05,ny_or_break,GBPUSD,2013-11-01 16:30:00+00:00,2013-11-01 16:45:00+00:00,2013-11-01 16:45:00+00:00,-1,-0.6087825250886365,FRIDAY,False
S2-05,ny_or_break,GBPUSD,2013-11-01 16:45:00+00:00,2013-11-01 17:00:00+00:00,2013-11-01 17:00:00+00:00,-1,0.7975464555096379,FRIDAY,False
S2-05,ny_or_break,GBPUSD,2013-11-04 12:30:00+00:00,2013-11-04 12:45:00+00:00,2013-11-04 13:00:00+00:00,1,-0.9999999999999308,SL,False
S2-05,ny_or_break,GBPUSD,2013-11-08 16:00:00+00:00,2013-11-08 16:15:00+00:00,2013-11-08 16:15:00+00:00,-1,-0.04347782200404429,FRIDAY,False
S2-05,ny_or_break,GBPUSD,2013-11-08 16:15:00+00:00,2013-11-08 16:30:00+00:00,2013-11-08 16:30:00+00:00,-1,-0.2547782179341278,FRIDAY,False
S2-05,ny_or_break,GBPUSD,2013-11-08 16:30:00+00:00,2013-11-08 16:45:00+00:00,2013-11-08 16:45:00+00:00,-1,0.05924161848155511,FRIDAY,False
S2-05,ny_or_break,GBPUSD,2013-11-08 16:45:00+00:00,2013-11-08 17:00:00+00:00,2013-11-08 17:00:00+00:00,-1,-0.27418937108547126,FRIDAY,False
S2-05,ny_or_break,GBPUSD,2013-11-11 13:15:00+00:00,2013-11-11 13:30:00+00:00,2013-11-11 13:30:00+00:00,-1,-1.0000000000000617,SL,False
S2-05,ny_or_break,GBPUSD,2013-11-11 13:30:00+00:00,2013-11-11 13:45:00+00:00,2013-11-11 15:30:00+00:00,-1,-0.9999999999999404,SL,False
S2-05,ny_or_break,GBPUSD,2013-11-11 15:45:00+00:00,2013-11-11 16:00:00+00:00,2013-11-11 16:45:00+00:00,-1,-1.000000000000032,SL,False
S2-05,ny_or_break,GBPUSD,2013-11-14 13:30:00+00:00,2013-11-14 13:45:00+00:00,2013-11-14 13:45:00+00:00,1,1.2499999999999745,TP,False
S2-05,ny_or_break,GBPUSD,2013-11-14 13:45:00+00:00,2013-11-14 14:00:00+00:00,2013-11-14 14:15:00+00:00,1,-0.9999999999999764,SL,False
S2-05,ny_or_break,GBPUSD,2013-11-14 14:15:00+00:00,2013-11-14 14:30:00+00:00,2013-11-14 15:30:00+00:00,1,-1.0,SL,False
S2-05,ny_or_break,GBPUSD,2013-11-14 15:30:00+00:00,2013-11-14 15:45:00+00:00,2013-11-14 18:15:00+00:00,1,-1.0000000000000593,SL,False
S2-05,ny_or_break,GBPUSD,2013-11-15 14:00:00+00:00,2013-11-15 14:15:00+00:00,2013-11-15 15:15:00+00:00,1,-1.0000000000000246,SL,False
S2-05,ny_or_break,GBPUSD,2013-11-15 15:15:00+00:00,2013-11-15 15:30:00+00:00,2013-11-15 16:00:00+00:00,1,-0.014075488183651608,FRIDAY,False
S2-05,ny_or_break,GBPUSD,2013-11-15 16:00:00+00:00,2013-11-15 16:15:00+00:00,2013-11-15 16:15:00+00:00,1,0.09783520445291277,FRIDAY,False
S2-05,ny_or_break,GBPUSD,2013-11-15 16:15:00+00:00,2013-11-15 16:30:00+00:00,2013-11-15 16:30:00+00:00,1,0.057750593590318734,FRIDAY,False
S2-05,ny_or_break,GBPUSD,2013-11-15 16:30:00+00:00,2013-11-15 16:45:00+00:00,2013-11-15 16:45:00+00:00,1,-0.03894211664974171,FRIDAY,False
S2-05,ny_or_break,GBPUSD,2013-11-15 16:45:00+00:00,2013-11-15 17:00:00+00:00,2013-11-15 17:00:00+00:00,1,-0.09823274684976398,FRIDAY,False
S2-05,ny_or_break,GBPUSD,2013-11-20 14:00:00+00:00,2013-11-20 14:15:00+00:00,2013-11-20 15:15:00+00:00,1,-1.0000000000000269,SL,False
S2-05,ny_or_break,GBPUSD,2013-11-20 15:15:00+00:00,2013-11-20 15:30:00+00:00,2013-11-20 15:30:00+00:00,1,-1.0000000000000464,SL,False
S2-05,ny_or_break,GBPUSD,2013-11-20 15:45:00+00:00,2013-11-20 16:00:00+00:00,2013-11-20 16:00:00+00:00,1,-1.0,SL,False
S2-05,ny_or_break,GBPUSD,2013-11-25 13:30:00+00:00,2013-11-25 13:45:00+00:00,2013-11-25 13:45:00+00:00,-1,1.25,TP,False
S2-05,ny_or_break,GBPUSD,2013-11-25 13:45:00+00:00,2013-11-25 14:00:00+00:00,2013-11-25 15:00:00+00:00,-1,1.2500000000000968,TP,False
S2-05,ny_or_break,GBPUSD,2013-11-25 15:00:00+00:00,2013-11-25 15:15:00+00:00,2013-11-25 16:00:00+00:00,-1,1.250000000000056,TP,False
S2-05,ny_or_break,GBPUSD,2013-11-25 16:00:00+00:00,2013-11-25 16:15:00+00:00,2013-11-25 17:45:00+00:00,-1,-0.9999999999999738,SL,False
S2-05,ny_or_break,GBPUSD,2013-11-26 13:15:00+00:00,2013-11-26 13:30:00+00:00,2013-11-26 13:45:00+00:00,-1,-1.0000000000000497,SL,False
S2-05,ny_or_break,GBPUSD,2013-11-26 14:00:00+00:00,2013-11-26 14:15:00+00:00,2013-11-26 15:00:00+00:00,-1,-1.000000000000056,SL,False
S2-05,ny_or_break,GBPUSD,2013-11-28 14:30:00+00:00,2013-11-28 14:45:00+00:00,2013-11-28 14:45:00+00:00,1,-1.0000000000000917,SL,False
S2-05,ny_or_break,GBPUSD,2013-11-29 16:00:00+00:00,2013-11-29 16:15:00+00:00,2013-11-29 16:15:00+00:00,1,0.44489764992612607,FRIDAY,False
S2-05,ny_or_break,GBPUSD,2013-11-29 16:15:00+00:00,2013-11-29 16:30:00+00:00,2013-11-29 16:30:00+00:00,1,-0.23763177698938195,FRIDAY,False
S2-05,ny_or_break,GBPUSD,2013-11-29 16:30:00+00:00,2013-11-29 16:45:00+00:00,2013-11-29 16:45:00+00:00,1,-0.3739015257647928,FRIDAY,False
S2-05,ny_or_break,GBPUSD,2013-11-29 16:45:00+00:00,2013-11-29 17:00:00+00:00,2013-11-29 17:00:00+00:00,1,-0.18968669841249328,FRIDAY,False
S2-05,ny_or_break,GBPUSD,2013-12-05 12:45:00+00:00,2013-12-05 13:00:00+00:00,2013-12-05 13:00:00+00:00,-1,-0.9999999999999516,SL,False
S2-05,ny_or_break,GBPUSD,2013-12-05 14:30:00+00:00,2013-12-05 14:45:00+00:00,2013-12-05 16:00:00+00:00,-1,1.2500000000000353,TP,False
S2-05,ny_or_break,GBPUSD,2013-12-05 16:00:00+00:00,2013-12-05 16:15:00+00:00,2013-12-05 16:30:00+00:00,-1,-0.9999999999999679,SL,False
S2-05,ny_or_break,GBPUSD,2013-12-05 16:30:00+00:00,2013-12-05 16:45:00+00:00,2013-12-05 20:30:00+00:00,-1,-0.5392480124544111,TIME,False
S2-05,ny_or_break,GBPUSD,2013-12-09 16:45:00+00:00,2013-12-09 17:00:00+00:00,2013-12-09 18:30:00+00:00,1,1.25,TP,False
S2-05,ny_or_break,GBPUSD,2013-12-11 15:00:00+00:00,2013-12-11 15:15:00+00:00,2013-12-11 15:15:00+00:00,-1,1.25,TP,False
S2-05,ny_or_break,GBPUSD,2013-12-11 15:15:00+00:00,2013-12-11 15:30:00+00:00,2013-12-11 15:45:00+00:00,-1,-1.0000000000000735,SL,False
S2-05,ny_or_break,GBPUSD,2013-12-11 15:45:00+00:00,2013-12-11 16:00:00+00:00,2013-12-11 16:30:00+00:00,-1,-1.0000000000000235,SL,False
S2-05,ny_or_break,GBPUSD,2013-12-12 14:00:00+00:00,2013-12-12 14:15:00+00:00,2013-12-12 14:45:00+00:00,-1,-1.0000000000000775,SL,False
S2-05,ny_or_break,GBPUSD,2013-12-12 15:00:00+00:00,2013-12-12 15:15:00+00:00,2013-12-12 15:45:00+00:00,-1,1.250000000000024,TP,False
S2-05,ny_or_break,GBPUSD,2013-12-12 15:45:00+00:00,2013-12-12 16:00:00+00:00,2013-12-12 17:45:00+00:00,-1,-1.0000000000000622,SL,False
S2-05,ny_or_break,GBPUSD,2013-12-13 12:00:00+00:00,2013-12-13 12:15:00+00:00,2013-12-13 13:15:00+00:00,-1,-1.0000000000000284,SL,False
S2-05,ny_or_break,GBPUSD,2013-12-13 14:45:00+00:00,2013-12-13 15:00:00+00:00,2013-12-13 15:00:00+00:00,-1,-0.9999999999999108,SL,False
S2-05,ny_or_break,GBPUSD,2013-12-16 12:15:00+00:00,2013-12-16 12:30:00+00:00,2013-12-16 12:45:00+00:00,1,-1.0,SL,False
S2-05,ny_or_break,GBPUSD,2013-12-17 14:45:00+00:00,2013-12-17 15:00:00+00:00,2013-12-17 15:00:00+00:00,-1,1.2500000000000429,TP,False
S2-05,ny_or_break,GBPUSD,2013-12-17 15:00:00+00:00,2013-12-17 15:15:00+00:00,2013-12-17 16:15:00+00:00,-1,-1.0,SL,False
S2-05,ny_or_break,GBPUSD,2013-12-17 16:15:00+00:00,2013-12-17 16:30:00+00:00,2013-12-17 16:45:00+00:00,-1,-0.9999999999999387,SL,False
S2-05,ny_or_break,GBPUSD,2013-12-17 16:45:00+00:00,2013-12-17 17:00:00+00:00,2013-12-17 18:00:00+00:00,-1,-1.0,SL,False
S2-05,ny_or_break,GBPUSD,2013-12-18 13:30:00+00:00,2013-12-18 13:45:00+00:00,2013-12-18 14:45:00+00:00,1,1.2499999999999072,TP,False
S2-05,ny_or_break,GBPUSD,2013-12-18 14:45:00+00:00,2013-12-18 15:00:00+00:00,2013-12-18 18:00:00+00:00,1,-0.9999999999999679,SL,False
S2-05,ny_or_break,GBPUSD,2013-12-20 15:00:00+00:00,2013-12-20 15:15:00+00:00,2013-12-20 15:45:00+00:00,1,-0.9999999999999791,SL,False
S2-05,ny_or_break,GBPUSD,2013-12-24 12:30:00+00:00,2013-12-24 12:45:00+00:00,2013-12-24 13:00:00+00:00,1,-0.9999999999999712,SL,False
S2-05,ny_or_break,GBPUSD,2013-12-24 13:30:00+00:00,2013-12-24 13:45:00+00:00,2013-12-24 14:00:00+00:00,1,-1.0,SL,False
S2-05,ny_or_break,GBPUSD,2013-12-24 15:45:00+00:00,2013-12-24 16:00:00+00:00,2013-12-24 16:15:00+00:00,1,-1.0000000000000377,SL,False
S2-05,ny_or_break,GBPUSD,2013-12-26 12:15:00+00:00,2013-12-26 12:30:00+00:00,2013-12-26 13:15:00+00:00,1,1.250000000000098,TP,False
S2-05,ny_or_break,GBPUSD,2013-12-26 13:15:00+00:00,2013-12-26 13:30:00+00:00,2013-12-26 13:45:00+00:00,1,1.2500000000000402,TP,False
S2-05,ny_or_break,GBPUSD,2013-12-26 13:45:00+00:00,2013-12-26 14:00:00+00:00,2013-12-26 14:00:00+00:00,1,-1.0000000000000715,SL,False
S2-05,ny_or_break,GBPUSD,2013-12-26 14:00:00+00:00,2013-12-26 14:15:00+00:00,2013-12-26 14:30:00+00:00,1,1.2499999999999658,TP,False
S2-05,ny_or_break,GBPUSD,2013-12-26 14:30:00+00:00,2013-12-26 14:45:00+00:00,2013-12-26 15:15:00+00:00,1,1.2499999999999032,TP,False
S2-05,ny_or_break,GBPUSD,2013-12-26 15:15:00+00:00,2013-12-26 15:30:00+00:00,2013-12-26 16:00:00+00:00,1,-0.9999999999999137,SL,False
S2-05,ny_or_break,GBPUSD,2013-12-26 16:00:00+00:00,2013-12-26 16:15:00+00:00,2013-12-26 16:30:00+00:00,1,-1.000000000000088,SL,False
S2-05,ny_or_break,GBPUSD,2013-12-26 16:30:00+00:00,2013-12-26 16:45:00+00:00,2013-12-26 20:30:00+00:00,1,0.03572462332993099,TIME,False
S2-05,ny_or_break,GBPUSD,2013-12-30 15:00:00+00:00,2013-12-30 15:15:00+00:00,2013-12-30 15:15:00+00:00,1,-1.0,SL,False
S2-05,ny_or_break,GBPUSD,2013-12-30 15:15:00+00:00,2013-12-30 15:30:00+00:00,2013-12-30 15:45:00+00:00,1,1.2500000000000264,TP,False
S2-05,ny_or_break,GBPUSD,2013-12-30 15:45:00+00:00,2013-12-30 16:00:00+00:00,2013-12-30 16:45:00+00:00,1,-1.0,SL,False
S2-05,ny_or_break,GBPUSD,2013-12-30 16:45:00+00:00,2013-12-30 17:00:00+00:00,2013-12-30 20:30:00+00:00,1,-1.000000000000055,SL,False
S2-05,ny_or_break,GBPUSD,2013-12-31 14:45:00+00:00,2013-12-31 15:00:00+00:00,2013-12-31 15:00:00+00:00,1,-0.9999999999999171,SL,False
S2-05,ny_or_break,GBPUSD,2013-12-31 15:30:00+00:00,2013-12-31 15:45:00+00:00,2013-12-31 15:45:00+00:00,1,1.2500000000000882,TP,False
S2-05,ny_or_break,GBPUSD,2013-12-31 15:45:00+00:00,2013-12-31 16:00:00+00:00,2013-12-31 16:00:00+00:00,1,-1.0,SL,False
S2-05,ny_or_break,GBPUSD,2013-12-31 16:00:00+00:00,2013-12-31 16:15:00+00:00,2013-12-31 16:30:00+00:00,1,1.249999999999921,TP,False
S2-05,ny_or_break,GBPUSD,2013-12-31 16:30:00+00:00,2013-12-31 16:45:00+00:00,2013-12-31 17:00:00+00:00,1,-1.0000000000000755,SL,False
S2-05,ny_or_break,GBPUSD,2014-01-02 15:00:00+00:00,2014-01-02 15:15:00+00:00,2014-01-02 15:15:00+00:00,-1,1.2500000000000446,TP,False
S2-05,ny_or_break,GBPUSD,2014-01-02 15:15:00+00:00,2014-01-02 15:30:00+00:00,2014-01-02 16:15:00+00:00,-1,-1.0000000000000286,SL,False
S2-05,ny_or_break,GBPUSD,2014-01-02 16:15:00+00:00,2014-01-02 16:30:00+00:00,2014-01-02 20:15:00+00:00,-1,0.41415736142606996,TIME,False
S2-05,ny_or_break,GBPUSD,2014-01-03 13:00:00+00:00,2014-01-03 13:15:00+00:00,2014-01-03 13:45:00+00:00,-1,-1.0000000000000535,SL,False
S2-05,ny_or_break,GBPUSD,2014-01-03 13:45:00+00:00,2014-01-03 14:00:00+00:00,2014-01-03 14:00:00+00:00,-1,1.2499999999999263,TP,False
S2-05,ny_or_break,GBPUSD,2014-01-03 14:00:00+00:00,2014-01-03 14:15:00+00:00,2014-01-03 14:30:00+00:00,-1,-0.9999999999999306,SL,False
S2-05,ny_or_break,GBPUSD,2014-01-03 14:30:00+00:00,2014-01-03 14:45:00+00:00,2014-01-03 15:15:00+00:00,-1,-0.9999999999999777,SL,False
S2-05,ny_or_break,GBPUSD,2014-01-03 15:15:00+00:00,2014-01-03 15:30:00+00:00,2014-01-03 15:45:00+00:00,-1,-0.999999999999942,SL,False
S2-05,ny_or_break,GBPUSD,2014-01-03 16:15:00+00:00,2014-01-03 16:30:00+00:00,2014-01-03 16:30:00+00:00,-1,0.15965847291711988,FRIDAY,False
S2-05,ny_or_break,GBPUSD,2014-01-03 16:30:00+00:00,2014-01-03 16:45:00+00:00,2014-01-03 16:45:00+00:00,-1,-0.21187303915576744,FRIDAY,False
S2-05,ny_or_break,GBPUSD,2014-01-03 16:45:00+00:00,2014-01-03 17:00:00+00:00,2014-01-03 17:00:00+00:00,-1,0.463605999878545,FRIDAY,False
S2-05,ny_or_break,GBPUSD,2014-01-08 13:45:00+00:00,2014-01-08 14:00:00+00:00,2014-01-08 14:00:00+00:00,1,1.2499999999999662,TP,False
S2-05,ny_or_break,GBPUSD,2014-01-08 14:00:00+00:00,2014-01-08 14:15:00+00:00,2014-01-08 14:30:00+00:00,1,-1.0000000000000304,SL,False
S2-05,ny_or_break,GBPUSD,2014-01-08 14:30:00+00:00,2014-01-08 14:45:00+00:00,2014-01-08 15:00:00+00:00,1,1.2499999999999187,TP,False
S2-05,ny_or_break,GBPUSD,2014-01-08 15:00:00+00:00,2014-01-08 15:15:00+00:00,2014-01-08 17:45:00+00:00,1,-1.0000000000000235,SL,False
S2-05,ny_or_break,GBPUSD,2014-01-09 13:00:00+00:00,2014-01-09 13:15:00+00:00,2014-01-09 13:15:00+00:00,1,1.2499999999998939,TP,False
S2-05,ny_or_break,GBPUSD,2014-01-09 13:15:00+00:00,2014-01-09 13:30:00+00:00,2014-01-09 13:30:00+00:00,1,-0.999999999999934,SL,False
S2-05,ny_or_break,GBPUSD,2014-01-10 14:45:00+00:00,2014-01-10 15:00:00+00:00,2014-01-10 16:00:00+00:00,1,-0.8072857305675861,FRIDAY,False
S2-05,ny_or_break,GBPUSD,2014-01-10 16:00:00+00:00,2014-01-10 16:15:00+00:00,2014-01-10 16:15:00+00:00,1,-0.40218522202834267,FRIDAY,False
S2-05,ny_or_break,GBPUSD,2014-01-13 13:00:00+00:00,2014-01-13 13:15:00+00:00,2014-01-13 13:15:00+00:00,-1,1.2499999999999505,TP,False
S2-05,ny_or_break,GBPUSD,2014-01-13 13:15:00+00:00,2014-01-13 13:30:00+00:00,2014-01-13 13:45:00+00:00,-1,1.250000000000043,TP,False
S2-05,ny_or_break,GBPUSD,2014-01-13 13:45:00+00:00,2014-01-13 14:00:00+00:00,2014-01-13 15:00:00+00:00,-1,-0.9999999999999594,SL,False
S2-05,ny_or_break,GBPUSD,2014-01-13 15:00:00+00:00,2014-01-13 15:15:00+00:00,2014-01-13 16:15:00+00:00,-1,-1.0000000000000413,SL,False
S2-05,ny_or_break,GBPUSD,2014-01-13 16:15:00+00:00,2014-01-13 16:30:00+00:00,2014-01-13 18:00:00+00:00,-1,1.250000000000044,TP,False
S2-05,ny_or_break,GBPUSD,2014-01-15 13:30:00+00:00,2014-01-15 13:45:00+00:00,2014-01-15 13:45:00+00:00,-1,-1.0000000000000213,SL,False
S2-05,ny_or_break,GBPUSD,2014-01-15 13:45:00+00:00,2014-01-15 14:00:00+00:00,2014-01-15 14:15:00+00:00,-1,1.25000000000002,TP,False
S2-05,ny_or_break,GBPUSD,2014-01-15 14:15:00+00:00,2014-01-15 14:30:00+00:00,2014-01-15 15:30:00+00:00,-1,-1.0,SL,False
S2-05,ny_or_break,GBPUSD,2014-01-15 15:30:00+00:00,2014-01-15 15:45:00+00:00,2014-01-15 16:30:00+00:00,-1,-1.0,SL,False
S2-05,ny_or_break,GBPUSD,2014-01-15 16:30:00+00:00,2014-01-15 16:45:00+00:00,2014-01-15 20:30:00+00:00,-1,-0.2827960896422802,TIME,False
S2-05,ny_or_break,GBPUSD,2014-01-21 13:45:00+00:00,2014-01-21 14:00:00+00:00,2014-01-21 15:15:00+00:00,1,-1.0000000000000204,SL,False
S2-05,ny_or_break,GBPUSD,2014-01-21 15:15:00+00:00,2014-01-21 15:30:00+00:00,2014-01-21 19:15:00+00:00,1,0.7992326465480828,TIME,False
S2-05,ny_or_break,GBPUSD,2014-01-22 13:15:00+00:00,2014-01-22 13:30:00+00:00,2014-01-22 14:30:00+00:00,1,-1.0000000000000813,SL,False
S2-05,ny_or_break,GBPUSD,2014-01-22 15:00:00+00:00,2014-01-22 15:15:00+00:00,2014-01-22 15:30:00+00:00,1,1.25,TP,False
S2-05,ny_or_break,GBPUSD,2014-01-22 15:30:00+00:00,2014-01-22 15:45:00+00:00,2014-01-22 15:45:00+00:00,1,-1.0000000000000586,SL,False
S2-05,ny_or_break,GBPUSD,2014-01-22 15:45:00+00:00,2014-01-22 16:00:00+00:00,2014-01-22 16:45:00+00:00,1,-1.0000000000000793,SL,False
S2-05,ny_or_break,GBPUSD,2014-01-22 16:45:00+00:00,2014-01-22 17:00:00+00:00,2014-01-22 20:45:00+00:00,1,0.7931283055233065,TIME,False
S2-05,ny_or_break,GBPUSD,2014-01-23 15:30:00+00:00,2014-01-23 15:45:00+00:00,2014-01-23 16:00:00+00:00,1,-1.0000000000000242,SL,False
S2-05,ny_or_break,GBPUSD,2014-01-23 16:00:00+00:00,2014-01-23 16:15:00+00:00,2014-01-23 16:30:00+00:00,1,-1.0000000000000222,SL,False
S2-05,ny_or_break,GBPUSD,2014-01-27 13:45:00+00:00,2014-01-27 14:00:00+00:00,2014-01-27 15:30:00+00:00,1,-0.9999999999999281,SL,False
S2-05,ny_or_break,GBPUSD,2014-01-27 15:45:00+00:00,2014-01-27 16:00:00+00:00,2014-01-27 19:45:00+00:00,1,0.03267801319902744,TIME,False
S2-05,ny_or_break,GBPUSD,2014-01-31 15:45:00+00:00,2014-01-31 16:00:00+00:00,2014-01-31 16:00:00+00:00,-1,-1.1547479184757623,FRIDAY,False
S2-05,ny_or_break,GBPUSD,2014-02-03 16:00:00+00:00,2014-02-03 16:15:00+00:00,2014-02-03 16:45:00+00:00,-1,1.25,TP,False
S2-05,ny_or_break,GBPUSD,2014-02-03 16:45:00+00:00,2014-02-03 17:00:00+00:00,2014-02-03 20:45:00+00:00,-1,-0.03209869803750307,TIME,False
S2-05,ny_or_break,GBPUSD,2014-02-05 12:45:00+00:00,2014-02-05 13:00:00+00:00,2014-02-05 13:00:00+00:00,-1,-1.0000000000000842,SL,False
S2-05,ny_or_break,GBPUSD,2014-02-07 13:45:00+00:00,2014-02-07 14:00:00+00:00,2014-02-07 14:00:00+00:00,1,1.250000000000022,TP,False
S2-05,ny_or_break,GBPUSD,2014-02-07 14:00:00+00:00,2014-02-07 14:15:00+00:00,2014-02-07 16:00:00+00:00,1,0.7041088298274342,FRIDAY,False
S2-05,ny_or_break,GBPUSD,2014-02-07 16:00:00+00:00,2014-02-07 16:15:00+00:00,2014-02-07 16:15:00+00:00,1,0.04506578666871317,FRIDAY,False
S2-05,ny_or_break,GBPUSD,2014-02-07 16:15:00+00:00,2014-02-07 16:30:00+00:00,2014-02-07 16:30:00+00:00,1,-0.4225725766948289,FRIDAY,False
S2-05,ny_or_break,GBPUSD,2014-02-07 16:30:00+00:00,2014-02-07 16:45:00+00:00,2014-02-07 16:45:00+00:00,1,0.09518769073176979,FRIDAY,False
S2-05,ny_or_break,GBPUSD,2014-02-07 16:45:00+00:00,2014-02-07 17:00:00+00:00,2014-02-07 17:00:00+00:00,1,-0.03406802983849552,FRIDAY,False
S2-05,ny_or_break,GBPUSD,2014-02-11 12:00:00+00:00,2014-02-11 12:15:00+00:00,2014-02-11 12:30:00+00:00,1,1.25,TP,False
S2-05,ny_or_break,GBPUSD,2014-02-11 12:30:00+00:00,2014-02-11 12:45:00+00:00,2014-02-11 13:30:00+00:00,1,-1.0000000000000542,SL,False
S2-05,ny_or_break,GBPUSD,2014-02-11 13:30:00+00:00,2014-02-11 13:45:00+00:00,2014-02-11 14:30:00+00:00,1,-0.999999999999946,SL,False
S2-05,ny_or_break,GBPUSD,2014-02-11 15:00:00+00:00,2014-02-11 15:15:00+00:00,2014-02-11 15:30:00+00:00,1,1.25,TP,False
S2-05,ny_or_break,GBPUSD,2014-02-11 15:30:00+00:00,2014-02-11 15:45:00+00:00,2014-02-11 16:30:00+00:00,1,-0.9999999999999772,SL,False
S2-05,ny_or_break,GBPUSD,2014-02-11 16:30:00+00:00,2014-02-11 16:45:00+00:00,2014-02-11 18:30:00+00:00,1,-1.0000000000000657,SL,False
S2-05,ny_or_break,GBPUSD,2014-02-12 14:30:00+00:00,2014-02-12 14:45:00+00:00,2014-02-12 15:45:00+00:00,1,1.2499999999999578,TP,False
S2-05,ny_or_break,GBPUSD,2014-02-12 15:45:00+00:00,2014-02-12 16:00:00+00:00,2014-02-12 19:45:00+00:00,1,0.8553964262413459,TIME,False
S2-05,ny_or_break,GBPUSD,2014-02-13 13:30:00+00:00,2014-02-13 13:45:00+00:00,2014-02-13 13:45:00+00:00,1,-1.0000000000000773,SL,False
S2-05,ny_or_break,GBPUSD,2014-02-14 15:00:00+00:00,2014-02-14 15:15:00+00:00,2014-02-14 15:30:00+00:00,1,-0.9999999999999709,SL,False
S2-05,ny_or_break,GBPUSD,2014-02-14 15:30:00+00:00,2014-02-14 15:45:00+00:00,2014-02-14 16:00:00+00:00,1,0.5373304525267075,FRIDAY,False
S2-05,ny_or_break,GBPUSD,2014-02-14 16:00:00+00:00,2014-02-14 16:15:00+00:00,2014-02-14 16:15:00+00:00,1,0.3017205942803453,FRIDAY,False
S2-05,ny_or_break,GBPUSD,2014-02-14 16:15:00+00:00,2014-02-14 16:30:00+00:00,2014-02-14 16:30:00+00:00,1,0.13287863469692626,FRIDAY,False
S2-05,ny_or_break,GBPUSD,2014-02-14 16:30:00+00:00,2014-02-14 16:45:00+00:00,2014-02-14 16:45:00+00:00,1,0.036000214926656275,FRIDAY,False
S2-05,ny_or_break,GBPUSD,2014-02-14 16:45:00+00:00,2014-02-14 17:00:00+00:00,2014-02-14 17:00:00+00:00,1,-0.31061991025427954,FRIDAY,False
S2-05,ny_or_break,GBPUSD,2014-02-19 12:00:00+00:00,2014-02-19 12:15:00+00:00,2014-02-19 13:30:00+00:00,-1,-1.0000000000000338,SL,False
S2-05,ny_or_break,GBPUSD,2014-02-25 13:15:00+00:00,2014-02-25 13:30:00+00:00,2014-02-25 15:00:00+00:00,1,-1.0000000000000753,SL,False
S2-05,ny_or_break,GBPUSD,2014-03-04 16:00:00+00:00,2014-03-04 16:15:00+00:00,2014-03-04 16:30:00+00:00,-1,-0.9999999999999745,SL,False
S2-05,ny_or_break,GBPUSD,2014-03-04 16:30:00+00:00,2014-03-04 16:45:00+00:00,2014-03-04 20:30:00+00:00,-1,-0.1917545291333442,TIME,False
S2-05,ny_or_break,GBPUSD,2014-03-05 16:00:00+00:00,2014-03-05 16:15:00+00:00,2014-03-05 17:15:00+00:00,1,-1.0000000000000229,SL,False
S2-05,ny_or_break,GBPUSD,2014-03-06 15:00:00+00:00,2014-03-06 15:15:00+00:00,2014-03-06 16:00:00+00:00,1,-1.0000000000000326,SL,False
S2-05,ny_or_break,GBPUSD,2014-03-06 16:15:00+00:00,2014-03-06 16:30:00+00:00,2014-03-06 17:00:00+00:00,1,1.2499999999999438,TP,False
S2-05,ny_or_break,GBPUSD,2014-03-07 12:15:00+00:00,2014-03-07 12:30:00+00:00,2014-03-07 13:30:00+00:00,1,-1.0000000000000921,SL,False
S2-05,ny_or_break,GBPUSD,2014-03-10 13:15:00+00:00,2014-03-10 13:30:00+00:00,2014-03-10 13:45:00+00:00,-1,-1.0000000000000553,SL,False
S2-05,ny_or_break,GBPUSD,2014-03-10 15:15:00+00:00,2014-03-10 15:30:00+00:00,2014-03-10 15:45:00+00:00,-1,-0.9999999999999104,SL,False
S2-05,ny_or_break,GBPUSD,2014-03-18 12:45:00+00:00,2014-03-18 13:00:00+00:00,2014-03-18 13:30:00+00:00,-1,-1.000000000000027,SL,False
S2-05,ny_or_break,GBPUSD,2014-03-18 13:30:00+00:00,2014-03-18 13:45:00+00:00,2014-03-18 14:45:00+00:00,-1,1.25,TP,False
S2-05,ny_or_break,GBPUSD,2014-03-18 14:45:00+00:00,2014-03-18 15:00:00+00:00,2014-03-18 15:45:00+00:00,-1,-1.00000000000004,SL,False
S2-05,ny_or_break,GBPUSD,2014-03-18 15:45:00+00:00,2014-03-18 16:00:00+00:00,2014-03-18 19:15:00+00:00,-1,-0.9999999999999811,SL,False
S2-05,ny_or_break,GBPUSD,2014-03-20 12:15:00+00:00,2014-03-20 12:30:00+00:00,2014-03-20 14:00:00+00:00,-1,1.2500000000000848,TP,False
S2-05,ny_or_break,GBPUSD,2014-03-20 14:00:00+00:00,2014-03-20 14:15:00+00:00,2014-03-20 15:45:00+00:00,-1,-0.9999999999999254,SL,False
S2-05,ny_or_break,GBPUSD,2014-03-25 12:30:00+00:00,2014-03-25 12:45:00+00:00,2014-03-25 12:45:00+00:00,1,-0.9999999999999724,SL,False
S2-05,ny_or_break,GBPUSD,2014-03-25 12:45:00+00:00,2014-03-25 13:00:00+00:00,2014-03-25 13:30:00+00:00,1,-1.0000000000000542,SL,False
S2-05,ny_or_break,GBPUSD,2014-03-25 13:45:00+00:00,2014-03-25 14:00:00+00:00,2014-03-25 14:00:00+00:00,1,-1.0000000000000295,SL,False
S2-05,ny_or_break,GBPUSD,2014-03-25 14:00:00+00:00,2014-03-25 14:15:00+00:00,2014-03-25 15:00:00+00:00,1,1.2500000000000588,TP,False
S2-05,ny_or_break,GBPUSD,2014-03-25 15:00:00+00:00,2014-03-25 15:15:00+00:00,2014-03-25 15:30:00+00:00,1,-0.999999999999921,SL,False
S2-05,ny_or_break,GBPUSD,2014-03-25 15:30:00+00:00,2014-03-25 15:45:00+00:00,2014-03-25 15:45:00+00:00,1,-0.9999999999999213,SL,False
S2-05,ny_or_break,GBPUSD,2014-03-25 16:45:00+00:00,2014-03-25 17:00:00+00:00,2014-03-25 17:15:00+00:00,1,1.2500000000000702,TP,False
S2-05,ny_or_break,GBPUSD,2014-03-26 14:15:00+00:00,2014-03-26 14:30:00+00:00,2014-03-26 15:15:00+00:00,1,-1.0,SL,False
S2-05,ny_or_break,GBPUSD,2014-03-26 15:15:00+00:00,2014-03-26 15:30:00+00:00,2014-03-26 16:00:00+00:00,1,1.250000000000091,TP,False
S2-05,ny_or_break,GBPUSD,2014-03-26 16:00:00+00:00,2014-03-26 16:15:00+00:00,2014-03-26 16:30:00+00:00,1,-0.9999999999999081,SL,False
S2-05,ny_or_break,GBPUSD,2014-03-26 16:30:00+00:00,2014-03-26 16:45:00+00:00,2014-03-26 17:00:00+00:00,1,1.2500000000000604,TP,False
S2-05,ny_or_break,GBPUSD,2014-03-27 14:30:00+00:00,2014-03-27 14:45:00+00:00,2014-03-27 15:30:00+00:00,1,-1.000000000000087,SL,False
S2-05,ny_or_break,GBPUSD,2014-03-28 12:30:00+00:00,2014-03-28 12:45:00+00:00,2014-03-28 13:30:00+00:00,1,-0.9999999999999692,SL,False
S2-05,ny_or_break,GBPUSD,2014-03-28 14:15:00+00:00,2014-03-28 14:30:00+00:00,2014-03-28 15:00:00+00:00,1,1.2499999999999178,TP,False
S2-05,ny_or_break,GBPUSD,2014-03-28 15:00:00+00:00,2014-03-28 15:15:00+00:00,2014-03-28 16:00:00+00:00,1,-0.04184785316243088,FRIDAY,False
S2-05,ny_or_break,GBPUSD,2014-03-28 16:00:00+00:00,2014-03-28 16:15:00+00:00,2014-03-28 16:15:00+00:00,1,-0.17340596719665766,FRIDAY,False
S2-05,ny_or_break,GBPUSD,2014-03-28 16:15:00+00:00,2014-03-28 16:30:00+00:00,2014-03-28 16:30:00+00:00,1,-0.044392435166660374,FRIDAY,False
S2-05,ny_or_break,GBPUSD,2014-03-28 16:30:00+00:00,2014-03-28 16:45:00+00:00,2014-03-28 16:45:00+00:00,1,-0.02912597313607806,FRIDAY,False
S2-05,ny_or_break,GBPUSD,2014-03-28 16:45:00+00:00,2014-03-28 17:00:00+00:00,2014-03-28 17:00:00+00:00,1,-0.010006637055189668,FRIDAY,False
S2-05,ny_or_break,GBPUSD,2014-03-31 15:00:00+00:00,2014-03-31 15:15:00+00:00,2014-03-31 19:00:00+00:00,1,-0.18322983304727727,TIME,False
S2-05,ny_or_break,GBPUSD,2014-04-02 14:30:00+00:00,2014-04-02 14:45:00+00:00,2014-04-02 18:30:00+00:00,-1,0.6261611504851028,TIME,False
S2-05,ny_or_break,GBPUSD,2014-04-03 13:00:00+00:00,2014-04-03 13:15:00+00:00,2014-04-03 13:45:00+00:00,-1,-1.000000000000056,SL,False
S2-05,ny_or_break,GBPUSD,2014-04-03 14:00:00+00:00,2014-04-03 14:15:00+00:00,2014-04-03 14:30:00+00:00,-1,-1.0,SL,False
S2-05,ny_or_break,GBPUSD,2014-04-04 12:15:00+00:00,2014-04-04 12:30:00+00:00,2014-04-04 12:30:00+00:00,-1,-1.0,SL,False
S2-05,ny_or_break,GBPUSD,2014-04-07 13:15:00+00:00,2014-04-07 13:30:00+00:00,2014-04-07 13:30:00+00:00,1,1.25,TP,False
S2-05,ny_or_break,GBPUSD,2014-04-07 13:30:00+00:00,2014-04-07 13:45:00+00:00,2014-04-07 14:15:00+00:00,1,1.2499999999999605,TP,False
S2-05,ny_or_break,GBPUSD,2014-04-07 14:15:00+00:00,2014-04-07 14:30:00+00:00,2014-04-07 14:45:00+00:00,1,-1.0,SL,False
S2-05,ny_or_break,GBPUSD,2014-04-07 14:45:00+00:00,2014-04-07 15:00:00+00:00,2014-04-07 16:45:00+00:00,1,-0.9999999999999183,SL,False
S2-05,ny_or_break,GBPUSD,2014-04-07 16:45:00+00:00,2014-04-07 17:00:00+00:00,2014-04-07 20:45:00+00:00,1,-0.10407711056946599,TIME,False
S2-05,ny_or_break,GBPUSD,2014-04-08 12:15:00+00:00,2014-04-08 12:30:00+00:00,2014-04-08 12:30:00+00:00,1,-0.999999999999879,SL,False
S2-05,ny_or_break,GBPUSD,2014-04-08 12:30:00+00:00,2014-04-08 12:45:00+00:00,2014-04-08 12:45:00+00:00,1,1.2500000000000744,TP,False
S2-05,ny_or_break,GBPUSD,2014-04-08 12:45:00+00:00,2014-04-08 13:00:00+00:00,2014-04-08 13:30:00+00:00,1,1.2499999999998972,TP,False
S2-05,ny_or_break,GBPUSD,2014-04-08 13:30:00+00:00,2014-04-08 13:45:00+00:00,2014-04-08 17:30:00+00:00,1,0.1336510079120486,TIME,False
S2-05,ny_or_break,GBPUSD,2014-04-09 12:30:00+00:00,2014-04-09 12:45:00+00:00,2014-04-09 13:15:00+00:00,1,1.2499999999998581,TP,False
S2-05,ny_or_break,GBPUSD,2014-04-09 13:15:00+00:00,2014-04-09 13:30:00+00:00,2014-04-09 13:30:00+00:00,1,-0.9999999999999083,SL,False
S2-05,ny_or_break,GBPUSD,2014-04-09 13:30:00+00:00,2014-04-09 13:45:00+00:00,2014-04-09 14:15:00+00:00,1,-0.9999999999998733,SL,False
S2-05,ny_or_break,GBPUSD,2014-04-09 14:30:00+00:00,2014-04-09 14:45:00+00:00,2014-04-09 16:00:00+00:00,1,-1.0,SL,False
S2-05,ny_or_break,GBPUSD,2014-04-09 16:00:00+00:00,2014-04-09 16:15:00+00:00,2014-04-09 16:30:00+00:00,1,-0.9999999999999302,SL,False
S2-05,ny_or_break,GBPUSD,2014-04-14 12:15:00+00:00,2014-04-14 12:30:00+00:00,2014-04-14 12:30:00+00:00,-1,1.2499999999999112,TP,False
S2-05,ny_or_break,GBPUSD,2014-04-14 12:30:00+00:00,2014-04-14 12:45:00+00:00,2014-04-14 13:15:00+00:00,-1,-1.0000000000001295,SL,False
S2-05,ny_or_break,GBPUSD,2014-04-18 13:00:00+00:00,2014-04-18 13:15:00+00:00,2014-04-18 13:15:00+00:00,1,-1.0,SL,False
S2-05,ny_or_break,GBPUSD,2014-04-18 13:30:00+00:00,2014-04-18 13:45:00+00:00,2014-04-18 14:30:00+00:00,1,-0.9999999999999049,SL,False
S2-05,ny_or_break,GBPUSD,2014-04-22 12:00:00+00:00,2014-04-22 12:15:00+00:00,2014-04-22 12:30:00+00:00,1,-1.000000000000041,SL,False
S2-05,ny_or_break,GBPUSD,2014-04-23 15:00:00+00:00,2014-04-23 15:15:00+00:00,2014-04-23 15:30:00+00:00,-1,1.25,TP,False
S2-05,ny_or_break,GBPUSD,2014-04-23 15:30:00+00:00,2014-04-23 15:45:00+00:00,2014-04-23 16:45:00+00:00,-1,-1.0000000000000966,SL,False
S2-05,ny_or_break,GBPUSD,2014-04-23 16:45:00+00:00,2014-04-23 17:00:00+00:00,2014-04-23 20:45:00+00:00,-1,-0.3768716885510251,TIME,False
S2-05,ny_or_break,GBPUSD,2014-04-30 12:30:00+00:00,2014-04-30 12:45:00+00:00,2014-04-30 13:00:00+00:00,1,1.2499999999999318,TP,False
S2-05,ny_or_break,GBPUSD,2014-04-30 13:00:00+00:00,2014-04-30 13:15:00+00:00,2014-04-30 14:00:00+00:00,1,-0.9999999999999691,SL,False
S2-05,ny_or_break,GBPUSD,2014-04-30 14:00:00+00:00,2014-04-30 14:15:00+00:00,2014-04-30 14:45:00+00:00,1,1.249999999999915,TP,False
S2-05,ny_or_break,GBPUSD,2014-04-30 14:45:00+00:00,2014-04-30 15:00:00+00:00,2014-04-30 15:00:00+00:00,1,1.2499999999999476,TP,False
S2-05,ny_or_break,GBPUSD,2014-04-30 15:00:00+00:00,2014-04-30 15:15:00+00:00,2014-04-30 15:15:00+00:00,1,-1.0000000000000746,SL,False
S2-05,ny_or_break,GBPUSD,2014-04-30 15:15:00+00:00,2014-04-30 15:30:00+00:00,2014-04-30 16:45:00+00:00,1,-0.9999999999999271,SL,False
S2-05,ny_or_break,GBPUSD,2014-04-30 16:45:00+00:00,2014-04-30 17:00:00+00:00,2014-04-30 18:00:00+00:00,1,-0.9999999999999315,SL,True
S2-05,ny_or_break,GBPUSD,2014-05-05 12:00:00+00:00,2014-05-05 12:15:00+00:00,2014-05-05 12:45:00+00:00,-1,-0.9999999999998512,SL,False
S2-05,ny_or_break,GBPUSD,2014-05-05 14:30:00+00:00,2014-05-05 14:45:00+00:00,2014-05-05 14:45:00+00:00,-1,-1.0000000000000497,SL,False
S2-05,ny_or_break,GBPUSD,2014-05-06 12:00:00+00:00,2014-05-06 12:15:00+00:00,2014-05-06 13:45:00+00:00,1,1.2500000000000389,TP,False
S2-05,ny_or_break,GBPUSD,2014-05-06 13:45:00+00:00,2014-05-06 14:00:00+00:00,2014-05-06 15:00:00+00:00,1,-0.9999999999999268,SL,False
S2-05,ny_or_break,GBPUSD,2014-05-06 16:30:00+00:00,2014-05-06 16:45:00+00:00,2014-05-06 20:30:00+00:00,1,-1.0,SL,False
S2-05,ny_or_break,GBPUSD,2014-05-09 12:00:00+00:00,2014-05-09 12:15:00+00:00,2014-05-09 12:15:00+00:00,-1,1.2500000000000668,TP,False
S2-05,ny_or_break,GBPUSD,2014-05-09 12:15:00+00:00,2014-05-09 12:30:00+00:00,2014-05-09 12:30:00+00:00,-1,-1.0000000000000917,SL,False
S2-05,ny_or_break,GBPUSD,2014-05-09 12:30:00+00:00,2014-05-09 12:45:00+00:00,2014-05-09 13:00:00+00:00,-1,-0.9999999999999726,SL,False
S2-05,ny_or_break,GBPUSD,2014-05-09 13:00:00+00:00,2014-05-09 13:15:00+00:00,2014-05-09 14:30:00+00:00,-1,1.2499999999999487,TP,False
S2-05,ny_or_break,GBPUSD,2014-05-09 14:30:00+00:00,2014-05-09 14:45:00+00:00,2014-05-09 15:30:00+00:00,-1,-0.9999999999999528,SL,False
S2-05,ny_or_break,GBPUSD,2014-05-09 15:30:00+00:00,2014-05-09 15:45:00+00:00,2014-05-09 16:00:00+00:00,-1,-0.5185314163474454,FRIDAY,False
S2-05,ny_or_break,GBPUSD,2014-05-09 16:00:00+00:00,2014-05-09 16:15:00+00:00,2014-05-09 16:15:00+00:00,-1,0.15254946672632022,FRIDAY,False
S2-05,ny_or_break,GBPUSD,2014-05-09 16:15:00+00:00,2014-05-09 16:30:00+00:00,2014-05-09 16:30:00+00:00,-1,-0.533318195579776,FRIDAY,False
S2-05,ny_or_break,GBPUSD,2014-05-09 16:30:00+00:00,2014-05-09 16:45:00+00:00,2014-05-09 16:45:00+00:00,-1,0.48115727353666515,FRIDAY,False
S2-05,ny_or_break,GBPUSD,2014-05-09 16:45:00+00:00,2014-05-09 17:00:00+00:00,2014-05-09 17:00:00+00:00,-1,0.35530674651207234,FRIDAY,False
S2-05,ny_or_break,GBPUSD,2014-05-16 14:00:00+00:00,2014-05-16 14:15:00+00:00,2014-05-16 14:30:00+00:00,1,-1.00000000000006,SL,False
S2-05,ny_or_break,GBPUSD,2014-05-16 14:30:00+00:00,2014-05-16 14:45:00+00:00,2014-05-16 16:00:00+00:00,1,0.3249031670084302,FRIDAY,False
S2-05,ny_or_break,GBPUSD,2014-05-16 16:00:00+00:00,2014-05-16 16:15:00+00:00,2014-05-16 16:15:00+00:00,1,-0.07958852192744992,FRIDAY,False
S2-05,ny_or_break,GBPUSD,2014-05-16 16:15:00+00:00,2014-05-16 16:30:00+00:00,2014-05-16 16:30:00+00:00,1,-0.40427775267359545,FRIDAY,False
S2-05,ny_or_break,GBPUSD,2014-05-16 16:30:00+00:00,2014-05-16 16:45:00+00:00,2014-05-16 16:45:00+00:00,1,0.5132500576617259,FRIDAY,False
S2-05,ny_or_break,GBPUSD,2014-05-16 16:45:00+00:00,2014-05-16 17:00:00+00:00,2014-05-16 17:00:00+00:00,1,-0.41432915703685685,FRIDAY,False
S2-05,ny_or_break,GBPUSD,2014-05-23 15:30:00+00:00,2014-05-23 15:45:00+00:00,2014-05-23 16:00:00+00:00,-1,0.8304435115897062,FRIDAY,False
S2-05,ny_or_break,GBPUSD,2014-05-23 16:00:00+00:00,2014-05-23 16:15:00+00:00,2014-05-23 16:15:00+00:00,-1,0.3693234163988945,FRIDAY,False
S2-05,ny_or_break,GBPUSD,2014-05-23 16:15:00+00:00,2014-05-23 16:30:00+00:00,2014-05-23 16:30:00+00:00,-1,-0.5205808596255904,FRIDAY,False
S2-05,ny_or_break,GBPUSD,2014-05-23 16:30:00+00:00,2014-05-23 16:45:00+00:00,2014-05-23 16:45:00+00:00,-1,-0.54641453259833,FRIDAY,False
S2-05,ny_or_break,GBPUSD,2014-05-23 16:45:00+00:00,2014-05-23 17:00:00+00:00,2014-05-23 17:00:00+00:00,-1,-0.3938304293031484,FRIDAY,False
S2-05,ny_or_break,GBPUSD,2014-05-27 14:15:00+00:00,2014-05-27 14:30:00+00:00,2014-05-27 14:30:00+00:00,-1,1.25,TP,False
S2-05,ny_or_break,GBPUSD,2014-05-27 14:30:00+00:00,2014-05-27 14:45:00+00:00,2014-05-27 16:00:00+00:00,-1,1.249999999999958,TP,False
S2-05,ny_or_break,GBPUSD,2014-05-27 16:00:00+00:00,2014-05-27 16:15:00+00:00,2014-05-27 16:45:00+00:00,-1,1.249999999999858,TP,False
S2-05,ny_or_break,GBPUSD,2014-05-27 16:45:00+00:00,2014-05-27 17:00:00+00:00,2014-05-27 18:00:00+00:00,-1,-1.0,SL,False
S2-05,ny_or_break,GBPUSD,2014-05-28 12:30:00+00:00,2014-05-28 12:45:00+00:00,2014-05-28 13:15:00+00:00,-1,1.2500000000000822,TP,False
S2-05,ny_or_break,GBPUSD,2014-05-28 13:15:00+00:00,2014-05-28 13:30:00+00:00,2014-05-28 13:45:00+00:00,-1,1.2499999999999671,TP,False
S2-05,ny_or_break,GBPUSD,2014-05-28 13:45:00+00:00,2014-05-28 14:00:00+00:00,2014-05-28 14:15:00+00:00,-1,1.2500000000000968,TP,False
S2-05,ny_or_break,GBPUSD,2014-05-28 14:15:00+00:00,2014-05-28 14:30:00+00:00,2014-05-28 18:15:00+00:00,-1,-0.3196990446648077,TIME,False
S2-05,ny_or_break,GBPUSD,2014-06-05 15:15:00+00:00,2014-06-05 15:30:00+00:00,2014-06-05 18:15:00+00:00,1,1.2500000000000577,TP,False
S2-05,ny_or_break,GBPUSD,2014-06-06 12:30:00+00:00,2014-06-06 12:45:00+00:00,2014-06-06 12:45:00+00:00,1,1.2500000000000693,TP,False
S2-05,ny_or_break,GBPUSD,2014-06-10 12:45:00+00:00,2014-06-10 13:00:00+00:00,2014-06-10 14:00:00+00:00,-1,-1.000000000000037,SL,False
S2-05,ny_or_break,GBPUSD,2014-06-10 14:00:00+00:00,2014-06-10 14:15:00+00:00,2014-06-10 14:15:00+00:00,-1,-0.9999999999998753,SL,False
S2-05,ny_or_break,GBPUSD,2014-06-10 14:30:00+00:00,2014-06-10 14:45:00+00:00,2014-06-10 15:30:00+00:00,-1,1.2499999999999603,TP,False
S2-05,ny_or_break,GBPUSD,2014-06-10 15:30:00+00:00,2014-06-10 15:45:00+00:00,2014-06-10 19:30:00+00:00,-1,-0.3963317384370016,TIME,False
S2-05,ny_or_break,GBPUSD,2014-06-12 12:45:00+00:00,2014-06-12 13:00:00+00:00,2014-06-12 13:00:00+00:00,1,-0.9999999999998952,SL,False
S2-05,ny_or_break,GBPUSD,2014-06-12 14:45:00+00:00,2014-06-12 15:00:00+00:00,2014-06-12 15:15:00+00:00,1,1.2499999999999047,TP,False
S2-05,ny_or_break,GBPUSD,2014-06-12 15:15:00+00:00,2014-06-12 15:30:00+00:00,2014-06-12 16:00:00+00:00,1,-1.0000000000000293,SL,False
S2-05,ny_or_break,GBPUSD,2014-06-16 13:45:00+00:00,2014-06-16 14:00:00+00:00,2014-06-16 14:00:00+00:00,1,-1.0000000000000906,SL,False
S2-05,ny_or_break,GBPUSD,2014-06-16 14:00:00+00:00,2014-06-16 14:15:00+00:00,2014-06-16 14:45:00+00:00,1,-1.000000000000091,SL,False
S2-05,ny_or_break,GBPUSD,2014-06-19 12:45:00+00:00,2014-06-19 13:00:00+00:00,2014-06-19 13:30:00+00:00,1,1.2499999999999554,TP,False
S2-05,ny_or_break,GBPUSD,2014-06-19 13:30:00+00:00,2014-06-19 13:45:00+00:00,2014-06-19 14:00:00+00:00,1,-0.9999999999999534,SL,True
S2-05,ny_or_break,GBPUSD,2014-06-19 14:00:00+00:00,2014-06-19 14:15:00+00:00,2014-06-19 14:30:00+00:00,1,1.2499999999999223,TP,False
S2-05,ny_or_break,GBPUSD,2014-06-19 14:30:00+00:00,2014-06-19 14:45:00+00:00,2014-06-19 15:00:00+00:00,1,-0.9999999999999648,SL,False
S2-05,ny_or_break,GBPUSD,2014-06-19 15:00:00+00:00,2014-06-19 15:15:00+00:00,2014-06-19 17:30:00+00:00,1,-1.0,SL,False
S2-05,ny_or_break,GBPUSD,2014-06-24 14:15:00+00:00,2014-06-24 14:30:00+00:00,2014-06-24 14:30:00+00:00,-1,-0.9999999999999579,SL,False
S2-05,ny_or_break,GBPUSD,2014-06-24 14:45:00+00:00,2014-06-24 15:00:00+00:00,2014-06-24 17:00:00+00:00,-1,-0.9999999999999183,SL,False
S2-05,ny_or_break,GBPUSD,2014-06-30 12:30:00+00:00,2014-06-30 12:45:00+00:00,2014-06-30 14:15:00+00:00,1,1.2500000000001048,TP,False
S2-05,ny_or_break,GBPUSD,2014-06-30 14:15:00+00:00,2014-06-30 14:30:00+00:00,2014-06-30 14:30:00+00:00,1,1.2500000000000357,TP,False
S2-05,ny_or_break,GBPUSD,2014-06-30 14:30:00+00:00,2014-06-30 14:45:00+00:00,2014-06-30 15:00:00+00:00,1,1.2499999999998965,TP,False
S2-05,ny_or_break,GBPUSD,2014-06-30 15:00:00+00:00,2014-06-30 15:15:00+00:00,2014-06-30 16:45:00+00:00,1,-1.0,SL,False
S2-05,ny_or_break,GBPUSD,2014-06-30 16:45:00+00:00,2014-06-30 17:00:00+00:00,2014-06-30 20:45:00+00:00,1,0.18769574944071588,TIME,False
S2-05,ny_or_break,GBPUSD,2014-07-01 12:00:00+00:00,2014-07-01 12:15:00+00:00,2014-07-01 14:00:00+00:00,1,1.2499999999999252,TP,False
S2-05,ny_or_break,GBPUSD,2014-07-01 14:00:00+00:00,2014-07-01 14:15:00+00:00,2014-07-01 14:45:00+00:00,1,-0.999999999999959,SL,False
S2-05,ny_or_break,GBPUSD,2014-07-01 15:30:00+00:00,2014-07-01 15:45:00+00:00,2014-07-01 16:45:00+00:00,1,1.2499999999999558,TP,False
S2-05,ny_or_break,GBPUSD,2014-07-01 16:45:00+00:00,2014-07-01 17:00:00+00:00,2014-07-01 17:45:00+00:00,1,-1.0000000000000793,SL,False
S2-05,ny_or_break,GBPUSD,2014-07-04 16:15:00+00:00,2014-07-04 16:30:00+00:00,2014-07-04 16:30:00+00:00,1,-0.872338167668907,FRIDAY,False
S2-05,ny_or_break,GBPUSD,2014-07-07 12:45:00+00:00,2014-07-07 13:00:00+00:00,2014-07-07 13:45:00+00:00,-1,-0.9999999999999586,SL,False
S2-05,ny_or_break,GBPUSD,2014-07-09 12:00:00+00:00,2014-07-09 12:15:00+00:00,2014-07-09 12:30:00+00:00,-1,-0.9999999999998352,SL,False
S2-05,ny_or_break,GBPUSD,2014-07-09 12:30:00+00:00,2014-07-09 12:45:00+00:00,2014-07-09 12:45:00+00:00,-1,-0.999999999999942,SL,False
S2-05,ny_or_break,GBPUSD,2014-07-09 12:45:00+00:00,2014-07-09 13:00:00+00:00,2014-07-09 13:15:00+00:00,-1,-1.0000000000000573,SL,False
S2-05,ny_or_break,GBPUSD,2014-07-11 12:00:00+00:00,2014-07-11 12:15:00+00:00,2014-07-11 13:00:00+00:00,-1,1.2499999999999525,TP,False
S2-05,ny_or_break,GBPUSD,2014-07-11 13:00:00+00:00,2014-07-11 13:15:00+00:00,2014-07-11 13:30:00+00:00,-1,-0.9999999999999022,SL,False
S2-05,ny_or_break,GBPUSD,2014-07-11 13:30:00+00:00,2014-07-11 13:45:00+00:00,2014-07-11 14:30:00+00:00,-1,1.250000000000097,TP,False
S2-05,ny_or_break,GBPUSD,2014-07-11 14:30:00+00:00,2014-07-11 14:45:00+00:00,2014-07-11 16:00:00+00:00,-1,0.1320771220432593,FRIDAY,False
S2-05,ny_or_break,GBPUSD,2014-07-11 16:00:00+00:00,2014-07-11 16:15:00+00:00,2014-07-11 16:15:00+00:00,-1,-0.4402442409103525,FRIDAY,False
S2-05,ny_or_break,GBPUSD,2014-07-11 16:15:00+00:00,2014-07-11 16:30:00+00:00,2014-07-11 16:30:00+00:00,-1,-0.5034661178051255,FRIDAY,False
S2-05,ny_or_break,GBPUSD,2014-07-11 16:30:00+00:00,2014-07-11 16:45:00+00:00,2014-07-11 16:45:00+00:00,-1,-1.0729083782748357,FRIDAY,False
S2-05,ny_or_break,GBPUSD,2014-07-11 16:45:00+00:00,2014-07-11 17:00:00+00:00,2014-07-11 17:00:00+00:00,-1,0.20824839729386393,FRIDAY,False
S2-05,ny_or_break,GBPUSD,2014-07-14 12:15:00+00:00,2014-07-14 12:30:00+00:00,2014-07-14 12:30:00+00:00,-1,1.2499999999998899,TP,False
S2-05,ny_or_break,GBPUSD,2014-07-14 12:30:00+00:00,2014-07-14 12:45:00+00:00,2014-07-14 13:00:00+00:00,-1,1.2500000000000993,TP,False
S2-05,ny_or_break,GBPUSD,2014-07-14 13:00:00+00:00,2014-07-14 13:15:00+00:00,2014-07-14 13:15:00+00:00,-1,-0.9999999999999668,SL,False
S2-05,ny_or_break,GBPUSD,2014-07-14 13:15:00+00:00,2014-07-14 13:30:00+00:00,2014-07-14 14:45:00+00:00,-1,-0.9999999999999668,SL,False
S2-05,ny_or_break,GBPUSD,2014-07-14 14:45:00+00:00,2014-07-14 15:00:00+00:00,2014-07-14 16:00:00+00:00,-1,1.2500000000001046,TP,False
S2-05,ny_or_break,GBPUSD,2014-07-14 16:00:00+00:00,2014-07-14 16:15:00+00:00,2014-07-14 17:15:00+00:00,-1,-1.0000000000001381,SL,False
S2-05,ny_or_break,GBPUSD,2014-07-15 13:30:00+00:00,2014-07-15 13:45:00+00:00,2014-07-15 14:00:00+00:00,1,1.2499999999999287,TP,False
S2-05,ny_or_break,GBPUSD,2014-07-15 14:00:00+00:00,2014-07-15 14:15:00+00:00,2014-07-15 14:15:00+00:00,1,-0.9999999999999363,SL,False
S2-05,ny_or_break,GBPUSD,2014-07-17 14:45:00+00:00,2014-07-17 15:00:00+00:00,2014-07-17 15:00:00+00:00,-1,-1.0000000000000884,SL,False
S2-05,ny_or_break,GBPUSD,2014-07-18 12:00:00+00:00,2014-07-18 12:15:00+00:00,2014-07-18 12:15:00+00:00,-1,1.2500000000001628,TP,False
S2-05,ny_or_break,GBPUSD,2014-07-18 12:15:00+00:00,2014-07-18 12:30:00+00:00,2014-07-18 12:30:00+00:00,-1,1.2499999999999516,TP,False
S2-05,ny_or_break,GBPUSD,2014-07-18 12:30:00+00:00,2014-07-18 12:45:00+00:00,2014-07-18 12:45:00+00:00,-1,1.2500000000000433,TP,False
S2-05,ny_or_break,GBPUSD,2014-07-18 12:45:00+00:00,2014-07-18 13:00:00+00:00,2014-07-18 13:00:00+00:00,-1,-1.0,SL,False
S2-05,ny_or_break,GBPUSD,2014-07-18 13:00:00+00:00,2014-07-18 13:15:00+00:00,2014-07-18 13:30:00+00:00,-1,-0.9999999999998981,SL,False
S2-05,ny_or_break,GBPUSD,2014-07-18 13:30:00+00:00,2014-07-18 13:45:00+00:00,2014-07-18 14:30:00+00:00,-1,-0.999999999999937,SL,False
S2-05,ny_or_break,GBPUSD,2014-07-18 14:30:00+00:00,2014-07-18 14:45:00+00:00,2014-07-18 15:15:00+00:00,-1,-1.000000000000057,SL,False
S2-05,ny_or_break,GBPUSD,2014-07-18 15:15:00+00:00,2014-07-18 15:30:00+00:00,2014-07-18 16:00:00+00:00,-1,0.18414310789110055,FRIDAY,False
S2-05,ny_or_break,GBPUSD,2014-07-18 16:00:00+00:00,2014-07-18 16:15:00+00:00,2014-07-18 16:15:00+00:00,-1,0.0714546561168594,FRIDAY,False
S2-05,ny_or_break,GBPUSD,2014-07-18 16:15:00+00:00,2014-07-18 16:30:00+00:00,2014-07-18 16:30:00+00:00,-1,-0.5219068673667328,FRIDAY,False
S2-05,ny_or_break,GBPUSD,2014-07-18 16:30:00+00:00,2014-07-18 16:45:00+00:00,2014-07-18 16:45:00+00:00,-1,-1.1547845931608784,FRIDAY,False
S2-05,ny_or_break,GBPUSD,2014-07-18 16:45:00+00:00,2014-07-18 17:00:00+00:00,2014-07-18 17:00:00+00:00,-1,-0.42933583608595494,FRIDAY,False
S2-05,ny_or_break,GBPUSD,2014-07-21 13:00:00+00:00,2014-07-21 13:15:00+00:00,2014-07-21 13:45:00+00:00,-1,1.2500000000000953,TP,False
S2-05,ny_or_break,GBPUSD,2014-07-21 13:45:00+00:00,2014-07-21 14:00:00+00:00,2014-07-21 14:15:00+00:00,-1,-0.999999999999853,SL,False
S2-05,ny_or_break,GBPUSD,2014-07-21 14:15:00+00:00,2014-07-21 14:30:00+00:00,2014-07-21 14:30:00+00:00,-1,-1.0000000000001048,SL,False
S2-05,ny_or_break,GBPUSD,2014-07-21 14:30:00+00:00,2014-07-21 14:45:00+00:00,2014-07-21 15:00:00+00:00,-1,1.249999999999845,TP,False
S2-05,ny_or_break,GBPUSD,2014-07-21 15:00:00+00:00,2014-07-21 15:15:00+00:00,2014-07-21 15:45:00+00:00,-1,-1.0000000000000977,SL,False
S2-05,ny_or_break,GBPUSD,2014-07-21 15:45:00+00:00,2014-07-21 16:00:00+00:00,2014-07-21 18:00:00+00:00,-1,-1.0000000000000975,SL,False
S2-05,ny_or_break,GBPUSD,2014-07-22 12:00:00+00:00,2014-07-22 12:15:00+00:00,2014-07-22 12:15:00+00:00,-1,-0.9999999999999539,SL,False
S2-05,ny_or_break,GBPUSD,2014-07-22 12:15:00+00:00,2014-07-22 12:30:00+00:00,2014-07-22 12:30:00+00:00,-1,-1.0000000000001357,SL,False
S2-05,ny_or_break,GBPUSD,2014-07-22 14:00:00+00:00,2014-07-22 14:15:00+00:00,2014-07-22 14:15:00+00:00,-1,1.249999999999934,TP,False
S2-05,ny_or_break,GBPUSD,2014-07-22 14:15:00+00:00,2014-07-22 14:30:00+00:00,2014-07-22 17:00:00+00:00,-1,-1.0,SL,False
S2-05,ny_or_break,GBPUSD,2014-07-23 12:00:00+00:00,2014-07-23 12:15:00+00:00,2014-07-23 13:15:00+00:00,-1,-1.0,SL,False
S2-05,ny_or_break,GBPUSD,2014-07-24 12:30:00+00:00,2014-07-24 12:45:00+00:00,2014-07-24 12:45:00+00:00,-1,1.249999999999949,TP,False
S2-05,ny_or_break,GBPUSD,2014-07-24 12:45:00+00:00,2014-07-24 13:00:00+00:00,2014-07-24 13:15:00+00:00,-1,1.25,TP,False
S2-05,ny_or_break,GBPUSD,2014-07-24 13:15:00+00:00,2014-07-24 13:30:00+00:00,2014-07-24 13:45:00+00:00,-1,1.2500000000000404,TP,False
S2-05,ny_or_break,GBPUSD,2014-07-24 13:45:00+00:00,2014-07-24 14:00:00+00:00,2014-07-24 14:00:00+00:00,-1,-0.9999999999999235,SL,False
S2-05,ny_or_break,GBPUSD,2014-07-24 14:00:00+00:00,2014-07-24 14:15:00+00:00,2014-07-24 15:15:00+00:00,-1,-1.00000000000011,SL,False
S2-05,ny_or_break,GBPUSD,2014-07-24 15:15:00+00:00,2014-07-24 15:30:00+00:00,2014-07-24 17:45:00+00:00,-1,-1.0,SL,False
S2-05,ny_or_break,GBPUSD,2014-07-29 12:15:00+00:00,2014-07-29 12:30:00+00:00,2014-07-29 16:15:00+00:00,-1,0.6693816489361702,TIME,False
S2-05,ny_or_break,GBPUSD,2014-07-29 16:15:00+00:00,2014-07-29 16:30:00+00:00,2014-07-29 17:00:00+00:00,-1,-0.99999999999995,SL,False
S2-05,ny_or_break,GBPUSD,2014-07-30 12:00:00+00:00,2014-07-30 12:15:00+00:00,2014-07-30 12:15:00+00:00,-1,-0.9999999999998894,SL,False
S2-05,ny_or_break,GBPUSD,2014-07-30 12:30:00+00:00,2014-07-30 12:45:00+00:00,2014-07-30 12:45:00+00:00,-1,-0.9999999999999615,SL,False
S2-05,ny_or_break,GBPUSD,2014-07-30 12:45:00+00:00,2014-07-30 13:00:00+00:00,2014-07-30 13:15:00+00:00,-1,1.2499999999998908,TP,False
S2-05,ny_or_break,GBPUSD,2014-07-30 13:15:00+00:00,2014-07-30 13:30:00+00:00,2014-07-30 15:00:00+00:00,-1,-1.0000000000001028,SL,False
S2-05,ny_or_break,GBPUSD,2014-07-30 15:00:00+00:00,2014-07-30 15:15:00+00:00,2014-07-30 18:00:00+00:00,-1,-0.9999999999999706,SL,False
S2-05,ny_or_break,GBPUSD,2014-07-31 12:30:00+00:00,2014-07-31 12:45:00+00:00,2014-07-31 13:00:00+00:00,-1,1.2499999999999138,TP,False
S2-05,ny_or_break,GBPUSD,2014-07-31 13:00:00+00:00,2014-07-31 13:15:00+00:00,2014-07-31 13:30:00+00:00,-1,-0.9999999999998708,SL,False
S2-05,ny_or_break,GBPUSD,2014-08-07 12:15:00+00:00,2014-08-07 12:30:00+00:00,2014-08-07 12:30:00+00:00,-1,-1.0000000000000826,SL,False
S2-05,ny_or_break,GBPUSD,2014-08-07 12:45:00+00:00,2014-08-07 13:00:00+00:00,2014-08-07 14:30:00+00:00,-1,-0.9999999999999634,SL,False
S2-05,ny_or_break,GBPUSD,2014-08-08 13:15:00+00:00,2014-08-08 13:30:00+00:00,2014-08-08 14:00:00+00:00,-1,-0.9999999999998818,SL,False
S2-05,ny_or_break,GBPUSD,2014-08-08 15:00:00+00:00,2014-08-08 15:15:00+00:00,2014-08-08 15:45:00+00:00,-1,1.2499999999998885,TP,False
S2-05,ny_or_break,GBPUSD,2014-08-08 15:45:00+00:00,2014-08-08 16:00:00+00:00,2014-08-08 16:00:00+00:00,-1,0.8189590119305753,FRIDAY,False
S2-05,ny_or_break,GBPUSD,2014-08-08 16:00:00+00:00,2014-08-08 16:15:00+00:00,2014-08-08 16:15:00+00:00,-1,-0.5714232244783382,FRIDAY,False
S2-05,ny_or_break,GBPUSD,2014-08-08 16:15:00+00:00,2014-08-08 16:30:00+00:00,2014-08-08 16:30:00+00:00,-1,-0.055235925008710066,FRIDAY,False
S2-05,ny_or_break,GBPUSD,2014-08-08 16:30:00+00:00,2014-08-08 16:45:00+00:00,2014-08-08 16:45:00+00:00,-1,-0.34235582154515776,FRIDAY,False
S2-05,ny_or_break,GBPUSD,2014-08-08 16:45:00+00:00,2014-08-08 17:00:00+00:00,2014-08-08 17:00:00+00:00,-1,-0.8609343292145217,FRIDAY,False
S2-05,ny_or_break,GBPUSD,2014-08-13 14:30:00+00:00,2014-08-13 14:45:00+00:00,2014-08-13 18:30:00+00:00,-1,0.62290121470867,TIME,False
S2-05,ny_or_break,GBPUSD,2014-08-19 12:30:00+00:00,2014-08-19 12:45:00+00:00,2014-08-19 13:00:00+00:00,-1,1.2499999999999114,TP,False
S2-05,ny_or_break,GBPUSD,2014-08-19 13:00:00+00:00,2014-08-19 13:15:00+00:00,2014-08-19 17:00:00+00:00,-1,0.10106835078055236,TIME,False
S2-05,ny_or_break,GBPUSD,2014-08-22 15:00:00+00:00,2014-08-22 15:15:00+00:00,2014-08-22 15:15:00+00:00,-1,-0.999999999999937,SL,False
S2-05,ny_or_break,GBPUSD,2014-08-26 15:45:00+00:00,2014-08-26 16:00:00+00:00,2014-08-26 17:00:00+00:00,-1,1.250000000000096,TP,False
S2-05,ny_or_break,GBPUSD,2014-09-02 13:15:00+00:00,2014-09-02 13:30:00+00:00,2014-09-02 14:00:00+00:00,-1,1.2500000000000975,TP,False
S2-05,ny_or_break,GBPUSD,2014-09-02 14:00:00+00:00,2014-09-02 14:15:00+00:00,2014-09-02 14:15:00+00:00,-1,1.2499999999998674,TP,False
S2-05,ny_or_break,GBPUSD,2014-09-02 14:15:00+00:00,2014-09-02 14:30:00+00:00,2014-09-02 14:30:00+00:00,-1,-1.0000000000000797,SL,False
S2-05,ny_or_break,GBPUSD,2014-09-02 14:30:00+00:00,2014-09-02 14:45:00+00:00,2014-09-02 15:00:00+00:00,-1,1.2500000000000364,TP,False
S2-05,ny_or_break,GBPUSD,2014-09-02 15:00:00+00:00,2014-09-02 15:15:00+00:00,2014-09-02 15:15:00+00:00,-1,-1.000000000000065,SL,False
S2-05,ny_or_break,GBPUSD,2014-09-02 15:15:00+00:00,2014-09-02 15:30:00+00:00,2014-09-02 16:15:00+00:00,-1,1.249999999999908,TP,False
S2-05,ny_or_break,GBPUSD,2014-09-02 16:15:00+00:00,2014-09-02 16:30:00+00:00,2014-09-02 20:15:00+00:00,-1,1.218884660145315,TIME,False
S2-05,ny_or_break,GBPUSD,2014-09-03 14:45:00+00:00,2014-09-03 15:00:00+00:00,2014-09-03 16:15:00+00:00,-1,1.2500000000000826,TP,False
S2-05,ny_or_break,GBPUSD,2014-09-03 16:15:00+00:00,2014-09-03 16:30:00+00:00,2014-09-03 16:45:00+00:00,-1,-0.9999999999998689,SL,False
S2-05,ny_or_break,GBPUSD,2014-09-03 16:45:00+00:00,2014-09-03 17:00:00+00:00,2014-09-03 17:15:00+00:00,-1,-1.0000000000001366,SL,False
S2-05,ny_or_break,GBPUSD,2014-09-04 12:00:00+00:00,2014-09-04 12:15:00+00:00,2014-09-04 12:15:00+00:00,-1,-0.9999999999999104,SL,False
S2-05,ny_or_break,GBPUSD,2014-09-04 14:15:00+00:00,2014-09-04 14:30:00+00:00,2014-09-04 14:45:00+00:00,-1,1.2500000000000664,TP,False
S2-05,ny_or_break,GBPUSD,2014-09-04 14:45:00+00:00,2014-09-04 15:00:00+00:00,2014-09-04 15:30:00+00:00,-1,1.2499999999999791,TP,False
S2-05,ny_or_break,GBPUSD,2014-09-04 15:30:00+00:00,2014-09-04 15:45:00+00:00,2014-09-04 15:45:00+00:00,-1,1.2500000000000449,TP,False
S2-05,ny_or_break,GBPUSD,2014-09-04 15:45:00+00:00,2014-09-04 16:00:00+00:00,2014-09-04 19:45:00+00:00,-1,0.1563805441534382,TIME,False
S2-05,ny_or_break,GBPUSD,2014-09-05 12:15:00+00:00,2014-09-05 12:30:00+00:00,2014-09-05 12:30:00+00:00,-1,-1.0000000000001108,SL,False
S2-05,ny_or_break,GBPUSD,2014-09-09 16:00:00+00:00,2014-09-09 16:15:00+00:00,2014-09-09 16:15:00+00:00,-1,-1.0000000000000244,SL,False
S2-05,ny_or_break,GBPUSD,2014-09-09 16:15:00+00:00,2014-09-09 16:30:00+00:00,2014-09-09 19:15:00+00:00,-1,-0.9999999999999545,SL,False
S2-05,ny_or_break,GBPUSD,2014-09-11 12:45:00+00:00,2014-09-11 13:00:00+00:00,2014-09-11 13:00:00+00:00,1,-1.0000000000000262,SL,False
S2-05,ny_or_break,GBPUSD,2014-09-12 16:30:00+00:00,2014-09-12 16:45:00+00:00,2014-09-12 16:45:00+00:00,1,0.04214902691659797,FRIDAY,False
S2-05,ny_or_break,GBPUSD,2014-09-12 16:45:00+00:00,2014-09-12 17:00:00+00:00,2014-09-12 17:00:00+00:00,1,-0.07821980474610342,FRIDAY,False
S2-05,ny_or_break,GBPUSD,2014-09-17 12:45:00+00:00,2014-09-17 13:00:00+00:00,2014-09-17 14:15:00+00:00,1,1.25,TP,False
S2-05,ny_or_break,GBPUSD,2014-09-17 14:15:00+00:00,2014-09-17 14:30:00+00:00,2014-09-17 14:30:00+00:00,1,-0.9999999999999251,SL,False
S2-05,ny_or_break,GBPUSD,2014-09-18 12:15:00+00:00,2014-09-18 12:30:00+00:00,2014-09-18 13:45:00+00:00,1,1.2500000000000413,TP,False
S2-05,ny_or_break,GBPUSD,2014-09-18 13:45:00+00:00,2014-09-18 14:00:00+00:00,2014-09-18 15:00:00+00:00,1,-0.9999999999999619,SL,False
S2-05,ny_or_break,GBPUSD,2014-09-18 15:00:00+00:00,2014-09-18 15:15:00+00:00,2014-09-18 15:15:00+00:00,1,-0.9999999999999826,SL,False
S2-05,ny_or_break,GBPUSD,2014-09-18 15:15:00+00:00,2014-09-18 15:30:00+00:00,2014-09-18 15:45:00+00:00,1,1.2499999999999682,TP,False
S2-05,ny_or_break,GBPUSD,2014-09-18 15:45:00+00:00,2014-09-18 16:00:00+00:00,2014-09-18 16:30:00+00:00,1,1.2500000000000346,TP,False
S2-05,ny_or_break,GBPUSD,2014-09-18 16:30:00+00:00,2014-09-18 16:45:00+00:00,2014-09-18 17:00:00+00:00,1,-0.9999999999999647,SL,False
S2-05,ny_or_break,GBPUSD,2014-09-26 12:45:00+00:00,2014-09-26 13:00:00+00:00,2014-09-26 13:00:00+00:00,-1,-1.0000000000000633,SL,False
S2-05,ny_or_break,GBPUSD,2014-09-26 13:15:00+00:00,2014-09-26 13:30:00+00:00,2014-09-26 13:30:00+00:00,-1,1.2500000000000293,TP,False
S2-05,ny_or_break,GBPUSD,2014-09-26 13:30:00+00:00,2014-09-26 13:45:00+00:00,2014-09-26 14:30:00+00:00,-1,1.2499999999999234,TP,False
S2-05,ny_or_break,GBPUSD,2014-09-26 14:30:00+00:00,2014-09-26 14:45:00+00:00,2014-09-26 15:30:00+00:00,-1,-1.0,SL,False
S2-05,ny_or_break,GBPUSD,2014-09-26 15:30:00+00:00,2014-09-26 15:45:00+00:00,2014-09-26 16:00:00+00:00,-1,0.903048148103997,FRIDAY,False
S2-05,ny_or_break,GBPUSD,2014-09-26 16:00:00+00:00,2014-09-26 16:15:00+00:00,2014-09-26 16:15:00+00:00,-1,0.33115015073361204,FRIDAY,False
S2-05,ny_or_break,GBPUSD,2014-09-26 16:15:00+00:00,2014-09-26 16:30:00+00:00,2014-09-26 16:30:00+00:00,-1,-0.10419569788948288,FRIDAY,False
S2-05,ny_or_break,GBPUSD,2014-09-26 16:30:00+00:00,2014-09-26 16:45:00+00:00,2014-09-26 16:45:00+00:00,-1,-0.11066337479565957,FRIDAY,False
S2-05,ny_or_break,GBPUSD,2014-09-26 16:45:00+00:00,2014-09-26 17:00:00+00:00,2014-09-26 17:00:00+00:00,-1,-0.5104237089363816,FRIDAY,False
S2-05,ny_or_break,GBPUSD,2014-10-02 14:00:00+00:00,2014-10-02 14:15:00+00:00,2014-10-02 15:45:00+00:00,-1,-1.0,SL,False
S2-05,ny_or_break,GBPUSD,2014-10-02 16:00:00+00:00,2014-10-02 16:15:00+00:00,2014-10-02 16:30:00+00:00,-1,-1.0000000000000198,SL,False
S2-05,ny_or_break,GBPUSD,2014-10-03 12:15:00+00:00,2014-10-03 12:30:00+00:00,2014-10-03 12:30:00+00:00,-1,-1.0,SL,True
S2-05,ny_or_break,GBPUSD,2014-10-03 12:30:00+00:00,2014-10-03 12:45:00+00:00,2014-10-03 12:45:00+00:00,-1,-1.000000000000047,SL,False
S2-05,ny_or_break,GBPUSD,2014-10-03 12:45:00+00:00,2014-10-03 13:00:00+00:00,2014-10-03 13:15:00+00:00,-1,1.25,TP,False
S2-05,ny_or_break,GBPUSD,2014-10-03 13:15:00+00:00,2014-10-03 13:30:00+00:00,2014-10-03 14:15:00+00:00,-1,1.25,TP,False
S2-05,ny_or_break,GBPUSD,2014-10-03 14:15:00+00:00,2014-10-03 14:30:00+00:00,2014-10-03 15:15:00+00:00,-1,-0.9999999999999837,SL,False
S2-05,ny_or_break,GBPUSD,2014-10-03 15:15:00+00:00,2014-10-03 15:30:00+00:00,2014-10-03 16:00:00+00:00,-1,0.6766961873624698,FRIDAY,False
S2-05,ny_or_break,GBPUSD,2014-10-03 16:00:00+00:00,2014-10-03 16:15:00+00:00,2014-10-03 16:15:00+00:00,-1,-0.0518264299368145,FRIDAY,False
S2-05,ny_or_break,GBPUSD,2014-10-03 16:15:00+00:00,2014-10-03 16:30:00+00:00,2014-10-03 16:30:00+00:00,-1,-0.113460957787306,FRIDAY,False
S2-05,ny_or_break,GBPUSD,2014-10-03 16:30:00+00:00,2014-10-03 16:45:00+00:00,2014-10-03 16:45:00+00:00,-1,-0.597196117304771,FRIDAY,False
S2-05,ny_or_break,GBPUSD,2014-10-03 16:45:00+00:00,2014-10-03 17:00:00+00:00,2014-10-03 17:00:00+00:00,-1,-0.10991649839000164,FRIDAY,False
S2-05,ny_or_break,GBPUSD,2014-10-07 13:30:00+00:00,2014-10-07 13:45:00+00:00,2014-10-07 14:00:00+00:00,1,-1.000000000000045,SL,False
S2-05,ny_or_break,GBPUSD,2014-10-08 13:00:00+00:00,2014-10-08 13:15:00+00:00,2014-10-08 13:30:00+00:00,1,-1.0000000000000264,SL,False
S2-05,ny_or_break,GBPUSD,2014-10-10 12:00:00+00:00,2014-10-10 12:15:00+00:00,2014-10-10 14:00:00+00:00,-1,1.2500000000000289,TP,False
S2-05,ny_or_break,GBPUSD,2014-10-10 14:00:00+00:00,2014-10-10 14:15:00+00:00,2014-10-10 14:15:00+00:00,-1,-1.0000000000000835,SL,False
S2-05,ny_or_break,GBPUSD,2014-10-10 14:15:00+00:00,2014-10-10 14:30:00+00:00,2014-10-10 14:45:00+00:00,-1,1.2500000000000275,TP,False
S2-05,ny_or_break,GBPUSD,2014-10-10 14:45:00+00:00,2014-10-10 15:00:00+00:00,2014-10-10 15:45:00+00:00,-1,-1.0,SL,False
S2-05,ny_or_break,GBPUSD,2014-10-13 14:45:00+00:00,2014-10-13 15:00:00+00:00,2014-10-13 15:45:00+00:00,-1,-0.999999999999969,SL,False
S2-05,ny_or_break,GBPUSD,2014-10-13 15:45:00+00:00,2014-10-13 16:00:00+00:00,2014-10-13 16:30:00+00:00,-1,1.2499999999999711,TP,False
S2-05,ny_or_break,GBPUSD,2014-10-13 16:30:00+00:00,2014-10-13 16:45:00+00:00,2014-10-13 17:00:00+00:00,-1,-1.0,SL,False
S2-05,ny_or_break,GBPUSD,2014-10-16 14:30:00+00:00,2014-10-16 14:45:00+00:00,2014-10-16 15:00:00+00:00,1,-0.9999999999999561,SL,False
S2-05,ny_or_break,GBPUSD,2014-10-16 15:00:00+00:00,2014-10-16 15:15:00+00:00,2014-10-16 16:30:00+00:00,1,1.25,TP,False
S2-05,ny_or_break,GBPUSD,2014-10-16 16:30:00+00:00,2014-10-16 16:45:00+00:00,2014-10-16 20:30:00+00:00,1,0.8822495478149249,TIME,False
S2-05,ny_or_break,GBPUSD,2014-10-27 14:00:00+00:00,2014-10-27 14:15:00+00:00,2014-10-27 14:15:00+00:00,1,1.25,TP,False
S2-05,ny_or_break,GBPUSD,2014-10-27 14:15:00+00:00,2014-10-27 14:30:00+00:00,2014-10-27 15:30:00+00:00,1,-1.0,SL,False
S2-05,ny_or_break,GBPUSD,2014-10-27 15:30:00+00:00,2014-10-27 15:45:00+00:00,2014-10-27 17:00:00+00:00,1,-0.9999999999999337,SL,False
S2-05,ny_or_break,GBPUSD,2014-10-28 13:00:00+00:00,2014-10-28 13:15:00+00:00,2014-10-28 14:00:00+00:00,1,-0.9999999999999531,SL,False
S2-05,ny_or_break,GBPUSD,2014-10-28 14:00:00+00:00,2014-10-28 14:15:00+00:00,2014-10-28 17:45:00+00:00,1,-1.0000000000000222,SL,False
S2-05,ny_or_break,GBPUSD,2014-10-29 15:30:00+00:00,2014-10-29 15:45:00+00:00,2014-10-29 15:45:00+00:00,1,-1.0,SL,False
S2-05,ny_or_break,GBPUSD,2014-10-31 13:15:00+00:00,2014-10-31 13:30:00+00:00,2014-10-31 13:30:00+00:00,-1,-0.9999999999999768,SL,False
S2-05,ny_or_break,GBPUSD,2014-10-31 14:30:00+00:00,2014-10-31 14:45:00+00:00,2014-10-31 14:45:00+00:00,-1,-0.9999999999999584,SL,False
S2-05,ny_or_break,GBPUSD,2014-11-04 14:45:00+00:00,2014-11-04 15:00:00+00:00,2014-11-04 15:00:00+00:00,1,-1.000000000000089,SL,False
S2-05,ny_or_break,GBPUSD,2014-11-04 15:15:00+00:00,2014-11-04 15:30:00+00:00,2014-11-04 15:30:00+00:00,1,-0.9999999999998818,SL,False
S2-05,ny_or_break,GBPUSD,2014-11-04 15:30:00+00:00,2014-11-04 15:45:00+00:00,2014-11-04 16:00:00+00:00,1,-1.000000000000075,SL,False
S2-05,ny_or_break,GBPUSD,2014-11-06 12:15:00+00:00,2014-11-06 12:30:00+00:00,2014-11-06 13:00:00+00:00,-1,1.2499999999999722,TP,False
S2-05,ny_or_break,GBPUSD,2014-11-06 13:00:00+00:00,2014-11-06 13:15:00+00:00,2014-11-06 13:15:00+00:00,-1,-1.0000000000000584,SL,False
S2-05,ny_or_break,GBPUSD,2014-11-06 13:15:00+00:00,2014-11-06 13:30:00+00:00,2014-11-06 13:30:00+00:00,-1,1.2500000000000293,TP,False
S2-05,ny_or_break,GBPUSD,2014-11-06 13:30:00+00:00,2014-11-06 13:45:00+00:00,2014-11-06 13:45:00+00:00,-1,1.2499999999999767,TP,False
S2-05,ny_or_break,GBPUSD,2014-11-06 13:45:00+00:00,2014-11-06 14:00:00+00:00,2014-11-06 14:45:00+00:00,-1,-0.9999999999999345,SL,False
S2-05,ny_or_break,GBPUSD,2014-11-06 14:45:00+00:00,2014-11-06 15:00:00+00:00,2014-11-06 15:00:00+00:00,-1,1.2500000000000562,TP,False
S2-05,ny_or_break,GBPUSD,2014-11-06 15:00:00+00:00,2014-11-06 15:15:00+00:00,2014-11-06 16:15:00+00:00,-1,1.249999999999965,TP,False
S2-05,ny_or_break,GBPUSD,2014-11-06 16:15:00+00:00,2014-11-06 16:30:00+00:00,2014-11-06 20:15:00+00:00,-1,0.8936021588088299,TIME,False
S2-05,ny_or_break,GBPUSD,2014-11-07 13:30:00+00:00,2014-11-07 13:45:00+00:00,2014-11-07 13:45:00+00:00,-1,-1.0000000000000453,SL,False
S2-05,ny_or_break,GBPUSD,2014-11-10 16:00:00+00:00,2014-11-10 16:15:00+00:00,2014-11-10 16:15:00+00:00,-1,-0.9999999999999705,SL,False
S2-05,ny_or_break,GBPUSD,2014-11-10 16:15:00+00:00,2014-11-10 16:30:00+00:00,2014-11-10 16:45:00+00:00,-1,1.2500000000000278,TP,False
S2-05,ny_or_break,GBPUSD,2014-11-10 16:45:00+00:00,2014-11-10 17:00:00+00:00,2014-11-10 20:45:00+00:00,-1,0.4904682688564046,TIME,False
S2-05,ny_or_break,GBPUSD,2014-11-12 15:00:00+00:00,2014-11-12 15:15:00+00:00,2014-11-12 15:30:00+00:00,-1,-1.000000000000059,SL,False
S2-05,ny_or_break,GBPUSD,2014-11-12 15:30:00+00:00,2014-11-12 15:45:00+00:00,2014-11-12 16:15:00+00:00,-1,1.2500000000000648,TP,False
S2-05,ny_or_break,GBPUSD,2014-11-12 16:15:00+00:00,2014-11-12 16:30:00+00:00,2014-11-12 18:30:00+00:00,-1,1.249999999999937,TP,False
S2-05,ny_or_break,GBPUSD,2014-11-13 12:00:00+00:00,2014-11-13 12:15:00+00:00,2014-11-13 13:30:00+00:00,-1,-0.9999999999999667,SL,True
S2-05,ny_or_break,GBPUSD,2014-11-13 13:30:00+00:00,2014-11-13 13:45:00+00:00,2014-11-13 14:45:00+00:00,-1,-1.0,SL,False
S2-05,ny_or_break,GBPUSD,2014-11-13 14:45:00+00:00,2014-11-13 15:00:00+00:00,2014-11-13 15:45:00+00:00,-1,1.2499999999999385,TP,False
S2-05,ny_or_break,GBPUSD,2014-11-13 15:45:00+00:00,2014-11-13 16:00:00+00:00,2014-11-13 16:45:00+00:00,-1,1.2499999999999125,TP,False
S2-05,ny_or_break,GBPUSD,2014-11-13 16:45:00+00:00,2014-11-13 17:00:00+00:00,2014-11-13 17:15:00+00:00,-1,1.2500000000000542,TP,False
S2-05,ny_or_break,GBPUSD,2014-11-14 13:30:00+00:00,2014-11-14 13:45:00+00:00,2014-11-14 14:00:00+00:00,-1,1.2499999999999467,TP,False
S2-05,ny_or_break,GBPUSD,2014-11-14 14:00:00+00:00,2014-11-14 14:15:00+00:00,2014-11-14 14:45:00+00:00,-1,1.2499999999999283,TP,False
S2-05,ny_or_break,GBPUSD,2014-11-14 14:45:00+00:00,2014-11-14 15:00:00+00:00,2014-11-14 15:00:00+00:00,-1,-1.0000000000000426,SL,False
S2-05,ny_or_break,GBPUSD,2014-11-14 15:00:00+00:00,2014-11-14 15:15:00+00:00,2014-11-14 15:30:00+00:00,-1,-1.0000000000000382,SL,False
S2-05,ny_or_break,GBPUSD,2014-11-14 15:45:00+00:00,2014-11-14 16:00:00+00:00,2014-11-14 16:00:00+00:00,-1,0.15369779689933982,FRIDAY,False
S2-05,ny_or_break,GBPUSD,2014-11-14 16:00:00+00:00,2014-11-14 16:15:00+00:00,2014-11-14 16:15:00+00:00,-1,-0.20599595365091045,FRIDAY,False
S2-05,ny_or_break,GBPUSD,2014-11-14 16:15:00+00:00,2014-11-14 16:30:00+00:00,2014-11-14 16:30:00+00:00,-1,-0.5657903380500047,FRIDAY,False
S2-05,ny_or_break,GBPUSD,2014-11-20 12:30:00+00:00,2014-11-20 12:45:00+00:00,2014-11-20 13:30:00+00:00,1,-1.0000000000000464,SL,False
S2-05,ny_or_break,GBPUSD,2014-11-20 13:30:00+00:00,2014-11-20 13:45:00+00:00,2014-11-20 13:45:00+00:00,1,1.250000000000078,TP,False
S2-05,ny_or_break,GBPUSD,2014-11-20 13:45:00+00:00,2014-11-20 14:00:00+00:00,2014-11-20 14:15:00+00:00,1,1.2500000000000782,TP,False
S2-05,ny_or_break,GBPUSD,2014-11-20 14:15:00+00:00,2014-11-20 14:30:00+00:00,2014-11-20 15:00:00+00:00,1,-0.9999999999999756,SL,False
S2-05,ny_or_break,GBPUSD,2014-11-20 15:00:00+00:00,2014-11-20 15:15:00+00:00,2014-11-20 15:45:00+00:00,1,-1.0000000000000215,SL,False
S2-05,ny_or_break,GBPUSD,2014-11-20 15:45:00+00:00,2014-11-20 16:00:00+00:00,2014-11-20 16:30:00+00:00,1,-1.0,SL,False
S2-05,ny_or_break,GBPUSD,2014-11-20 16:30:00+00:00,2014-11-20 16:45:00+00:00,2014-11-20 18:30:00+00:00,1,1.2499999999999631,TP,False
S2-05,ny_or_break,GBPUSD,2014-11-24 16:00:00+00:00,2014-11-24 16:15:00+00:00,2014-11-24 17:00:00+00:00,1,-0.999999999999927,SL,False
S2-05,ny_or_break,GBPUSD,2014-11-25 15:00:00+00:00,2014-11-25 15:15:00+00:00,2014-11-25 15:45:00+00:00,1,1.2500000000000504,TP,False
S2-05,ny_or_break,GBPUSD,2014-11-25 15:45:00+00:00,2014-11-25 16:00:00+00:00,2014-11-25 16:30:00+00:00,1,-0.9999999999999301,SL,False
S2-05,ny_or_break,GBPUSD,2014-11-25 16:30:00+00:00,2014-11-25 16:45:00+00:00,2014-11-25 17:30:00+00:00,1,-0.9999999999999324,SL,False
S2-05,ny_or_break,GBPUSD,2014-11-26 12:00:00+00:00,2014-11-26 12:15:00+00:00,2014-11-26 13:30:00+00:00,1,1.2499999999999818,TP,False
S2-05,ny_or_break,GBPUSD,2014-11-26 13:30:00+00:00,2014-11-26 13:45:00+00:00,2014-11-26 14:30:00+00:00,1,-0.9999999999999624,SL,False
S2-05,ny_or_break,GBPUSD,2014-11-26 14:30:00+00:00,2014-11-26 14:45:00+00:00,2014-11-26 18:30:00+00:00,1,0.7092435511689781,TIME,False
S2-05,ny_or_break,GBPUSD,2014-11-28 14:45:00+00:00,2014-11-28 15:00:00+00:00,2014-11-28 15:15:00+00:00,-1,1.2500000000000258,TP,False
S2-05,ny_or_break,GBPUSD,2014-11-28 15:15:00+00:00,2014-11-28 15:30:00+00:00,2014-11-28 15:45:00+00:00,-1,-1.0,SL,False
S2-05,ny_or_break,GBPUSD,2014-11-28 15:45:00+00:00,2014-11-28 16:00:00+00:00,2014-11-28 16:00:00+00:00,-1,0.41756917198527066,FRIDAY,False
S2-05,ny_or_break,GBPUSD,2014-11-28 16:00:00+00:00,2014-11-28 16:15:00+00:00,2014-11-28 16:15:00+00:00,-1,0.813030928802741,FRIDAY,False
S2-05,ny_or_break,GBPUSD,2014-11-28 16:15:00+00:00,2014-11-28 16:30:00+00:00,2014-11-28 16:30:00+00:00,-1,0.3184424770761417,FRIDAY,False
S2-05,ny_or_break,GBPUSD,2014-11-28 16:30:00+00:00,2014-11-28 16:45:00+00:00,2014-11-28 16:45:00+00:00,-1,-0.07266122728985205,FRIDAY,False
S2-05,ny_or_break,GBPUSD,2014-11-28 16:45:00+00:00,2014-11-28 17:00:00+00:00,2014-11-28 17:00:00+00:00,-1,-0.047212248298049576,FRIDAY,False
S2-05,ny_or_break,GBPUSD,2014-12-02 15:00:00+00:00,2014-12-02 15:15:00+00:00,2014-12-02 15:45:00+00:00,-1,-0.9999999999999236,SL,False
S2-05,ny_or_break,GBPUSD,2014-12-02 15:45:00+00:00,2014-12-02 16:00:00+00:00,2014-12-02 16:15:00+00:00,-1,1.2500000000000542,TP,False
S2-05,ny_or_break,GBPUSD,2014-12-02 16:15:00+00:00,2014-12-02 16:30:00+00:00,2014-12-02 16:45:00+00:00,-1,-1.0000000000000813,SL,False
S2-05,ny_or_break,GBPUSD,2014-12-02 16:45:00+00:00,2014-12-02 17:00:00+00:00,2014-12-02 19:00:00+00:00,-1,1.25,TP,False
S2-05,ny_or_break,GBPUSD,2014-12-04 16:00:00+00:00,2014-12-04 16:15:00+00:00,2014-12-04 17:15:00+00:00,1,-1.0000000000000115,SL,False
S2-05,ny_or_break,GBPUSD,2014-12-05 14:30:00+00:00,2014-12-05 14:45:00+00:00,2014-12-05 14:45:00+00:00,-1,1.2499999999999432,TP,False
S2-05,ny_or_break,GBPUSD,2014-12-05 14:45:00+00:00,2014-12-05 15:00:00+00:00,2014-12-05 15:45:00+00:00,-1,-1.0000000000000502,SL,False
S2-05,ny_or_break,GBPUSD,2014-12-05 15:45:00+00:00,2014-12-05 16:00:00+00:00,2014-12-05 16:00:00+00:00,-1,-0.11116645330193922,FRIDAY,False
S2-05,ny_or_break,GBPUSD,2014-12-05 16:00:00+00:00,2014-12-05 16:15:00+00:00,2014-12-05 16:15:00+00:00,-1,-0.08693006118823607,FRIDAY,False
S2-05,ny_or_break,GBPUSD,2014-12-05 16:15:00+00:00,2014-12-05 16:30:00+00:00,2014-12-05 16:30:00+00:00,-1,-0.3372919666408227,FRIDAY,False
S2-05,ny_or_break,GBPUSD,2014-12-05 16:30:00+00:00,2014-12-05 16:45:00+00:00,2014-12-05 16:45:00+00:00,-1,0.009721981101659184,FRIDAY,False
S2-05,ny_or_break,GBPUSD,2014-12-05 16:45:00+00:00,2014-12-05 17:00:00+00:00,2014-12-05 17:00:00+00:00,-1,0.2978635260697165,FRIDAY,False
S2-05,ny_or_break,GBPUSD,2014-12-09 16:00:00+00:00,2014-12-09 16:15:00+00:00,2014-12-09 16:30:00+00:00,1,-0.9999999999999812,SL,False
S2-05,ny_or_break,GBPUSD,2014-12-12 14:15:00+00:00,2014-12-12 14:30:00+00:00,2014-12-12 14:45:00+00:00,1,-0.9999999999999497,SL,False
S2-05,ny_or_break,GBPUSD,2014-12-15 13:00:00+00:00,2014-12-15 13:15:00+00:00,2014-12-15 14:00:00+00:00,-1,-1.0,SL,False
S2-05,ny_or_break,GBPUSD,2014-12-15 14:30:00+00:00,2014-12-15 14:45:00+00:00,2014-12-15 15:00:00+00:00,-1,1.250000000000091,TP,False
S2-05,ny_or_break,GBPUSD,2014-12-15 15:00:00+00:00,2014-12-15 15:15:00+00:00,2014-12-15 15:15:00+00:00,-1,1.2499999999999185,TP,False
S2-05,ny_or_break,GBPUSD,2014-12-15 15:15:00+00:00,2014-12-15 15:30:00+00:00,2014-12-15 16:00:00+00:00,-1,1.2499999999999745,TP,False
S2-05,ny_or_break,GBPUSD,2014-12-15 16:00:00+00:00,2014-12-15 16:15:00+00:00,2014-12-15 16:15:00+00:00,-1,-1.0000000000000242,SL,False
S2-05,ny_or_break,GBPUSD,2014-12-15 16:15:00+00:00,2014-12-15 16:30:00+00:00,2014-12-15 16:30:00+00:00,-1,-1.0,SL,False
S2-05,ny_or_break,GBPUSD,2014-12-15 16:30:00+00:00,2014-12-15 16:45:00+00:00,2014-12-15 17:15:00+00:00,-1,-0.9999999999999791,SL,False
S2-05,ny_or_break,GBPUSD,2014-12-16 14:00:00+00:00,2014-12-16 14:15:00+00:00,2014-12-16 15:45:00+00:00,1,-1.0000000000000413,SL,False
S2-05,ny_or_break,GBPUSD,2014-12-19 16:30:00+00:00,2014-12-19 16:45:00+00:00,2014-12-19 16:45:00+00:00,-1,0.6187797098000555,FRIDAY,False
S2-05,ny_or_break,GBPUSD,2014-12-19 16:45:00+00:00,2014-12-19 17:00:00+00:00,2014-12-19 17:00:00+00:00,-1,-0.27006408480182054,FRIDAY,False
S2-05,ny_or_break,GBPUSD,2014-12-23 12:15:00+00:00,2014-12-23 12:30:00+00:00,2014-12-23 13:45:00+00:00,-1,1.2500000000000393,TP,False
S2-05,ny_or_break,GBPUSD,2014-12-23 13:45:00+00:00,2014-12-23 14:00:00+00:00,2014-12-23 15:45:00+00:00,-1,-1.0,SL,False
S2-05,ny_or_break,GBPUSD,2014-12-23 15:45:00+00:00,2014-12-23 16:00:00+00:00,2014-12-23 18:15:00+00:00,-1,1.25,TP,False
S2-05,ny_or_break,GBPUSD,2014-12-29 16:00:00+00:00,2014-12-29 16:15:00+00:00,2014-12-29 16:30:00+00:00,-1,1.2499999999999674,TP,False
S2-05,ny_or_break,GBPUSD,2014-12-29 16:30:00+00:00,2014-12-29 16:45:00+00:00,2014-12-29 18:15:00+00:00,-1,1.2499999999999687,TP,False
S2-05,ny_or_break,GBPUSD,2015-01-02 12:00:00+00:00,2015-01-02 12:15:00+00:00,2015-01-02 13:00:00+00:00,-1,-0.999999999999966,SL,False
S2-05,ny_or_break,GBPUSD,2015-01-02 13:15:00+00:00,2015-01-02 13:30:00+00:00,2015-01-02 14:45:00+00:00,-1,1.2499999999999611,TP,False
S2-05,ny_or_break,GBPUSD,2015-01-02 14:45:00+00:00,2015-01-02 15:00:00+00:00,2015-01-02 15:00:00+00:00,-1,-1.0000000000000704,SL,False
S2-05,ny_or_break,GBPUSD,2015-01-02 15:00:00+00:00,2015-01-02 15:15:00+00:00,2015-01-02 16:00:00+00:00,-1,1.6271741354614282,FRIDAY,False
S2-05,ny_or_break,GBPUSD,2015-01-02 16:00:00+00:00,2015-01-02 16:15:00+00:00,2015-01-02 16:15:00+00:00,-1,0.33193691628406513,FRIDAY,False
S2-05,ny_or_break,GBPUSD,2015-01-02 16:15:00+00:00,2015-01-02 16:30:00+00:00,2015-01-02 16:30:00+00:00,-1,0.13321235419825456,FRIDAY,False
S2-05,ny_or_break,GBPUSD,2015-01-02 16:30:00+00:00,2015-01-02 16:45:00+00:00,2015-01-02 16:45:00+00:00,-1,0.4750251325033163,FRIDAY,False
S2-05,ny_or_break,GBPUSD,2015-01-02 16:45:00+00:00,2015-01-02 17:00:00+00:00,2015-01-02 17:00:00+00:00,-1,0.2776882539959061,FRIDAY,False
S2-05,ny_or_break,GBPUSD,2015-01-05 12:00:00+00:00,2015-01-05 12:15:00+00:00,2015-01-05 12:30:00+00:00,-1,1.2499999999999314,TP,False
S2-05,ny_or_break,GBPUSD,2015-01-05 12:30:00+00:00,2015-01-05 12:45:00+00:00,2015-01-05 13:15:00+00:00,-1,-1.0000000000000662,SL,False
S2-05,ny_or_break,GBPUSD,2015-01-05 13:15:00+00:00,2015-01-05 13:30:00+00:00,2015-01-05 13:45:00+00:00,-1,1.25,TP,False
S2-05,ny_or_break,GBPUSD,2015-01-05 13:45:00+00:00,2015-01-05 14:00:00+00:00,2015-01-05 14:30:00+00:00,-1,-1.0000000000000622,SL,False
S2-05,ny_or_break,GBPUSD,2015-01-05 14:30:00+00:00,2015-01-05 14:45:00+00:00,2015-01-05 15:00:00+00:00,-1,-1.0000000000000397,SL,False
S2-05,ny_or_break,GBPUSD,2015-01-05 15:00:00+00:00,2015-01-05 15:15:00+00:00,2015-01-05 15:30:00+00:00,-1,1.2499999999999423,TP,False
S2-05,ny_or_break,GBPUSD,2015-01-05 15:30:00+00:00,2015-01-05 15:45:00+00:00,2015-01-05 15:45:00+00:00,-1,-1.0,SL,False
S2-05,ny_or_break,GBPUSD,2015-01-05 15:45:00+00:00,2015-01-05 16:00:00+00:00,2015-01-05 19:15:00+00:00,-1,-1.0000000000000369,SL,False
S2-05,ny_or_break,GBPUSD,2015-01-06 13:30:00+00:00,2015-01-06 13:45:00+00:00,2015-01-06 13:45:00+00:00,-1,-1.0000000000000722,SL,False
S2-05,ny_or_break,GBPUSD,2015-01-06 14:00:00+00:00,2015-01-06 14:15:00+00:00,2015-01-06 15:00:00+00:00,-1,-1.0,SL,False
S2-05,ny_or_break,GBPUSD,2015-01-06 15:45:00+00:00,2015-01-06 16:00:00+00:00,2015-01-06 17:00:00+00:00,-1,-0.9999999999999809,SL,False
S2-05,ny_or_break,GBPUSD,2015-01-07 14:00:00+00:00,2015-01-07 14:15:00+00:00,2015-01-07 15:30:00+00:00,-1,1.2499999999999587,TP,False
S2-05,ny_or_break,GBPUSD,2015-01-07 15:30:00+00:00,2015-01-07 15:45:00+00:00,2015-01-07 17:45:00+00:00,-1,-0.9999999999999363,SL,False
S2-05,ny_or_break,GBPUSD,2015-01-13 13:00:00+00:00,2015-01-13 13:15:00+00:00,2015-01-13 13:30:00+00:00,1,-1.0,SL,False
S2-05,ny_or_break,GBPUSD,2015-01-13 14:00:00+00:00,2015-01-13 14:15:00+00:00,2015-01-13 14:30:00+00:00,1,-1.000000000000059,SL,False
S2-05,ny_or_break,GBPUSD,2015-01-13 15:15:00+00:00,2015-01-13 15:30:00+00:00,2015-01-13 16:15:00+00:00,1,1.2500000000000628,TP,False
S2-05,ny_or_break,GBPUSD,2015-01-13 16:15:00+00:00,2015-01-13 16:30:00+00:00,2015-01-13 16:45:00+00:00,1,-0.9999999999999546,SL,False
S2-05,ny_or_break,GBPUSD,2015-01-13 16:45:00+00:00,2015-01-13 17:00:00+00:00,2015-01-13 19:00:00+00:00,1,-0.9999999999999771,SL,False
S2-05,ny_or_break,GBPUSD,2015-01-14 13:30:00+00:00,2015-01-14 13:45:00+00:00,2015-01-14 13:45:00+00:00,1,1.249999999999945,TP,False
S2-05,ny_or_break,GBPUSD,2015-01-14 13:45:00+00:00,2015-01-14 14:00:00+00:00,2015-01-14 14:15:00+00:00,1,-1.0000000000000508,SL,False
S2-05,ny_or_break,GBPUSD,2015-01-14 14:15:00+00:00,2015-01-14 14:30:00+00:00,2015-01-14 14:45:00+00:00,1,-0.9999999999999524,SL,False
S2-05,ny_or_break,GBPUSD,2015-01-14 16:15:00+00:00,2015-01-14 16:30:00+00:00,2015-01-14 20:15:00+00:00,1,-0.22736365709172415,TIME,False
S2-05,ny_or_break,GBPUSD,2015-01-16 13:30:00+00:00,2015-01-16 13:45:00+00:00,2015-01-16 13:45:00+00:00,-1,-1.0000000000000198,SL,False
S2-05,ny_or_break,GBPUSD,2015-01-16 14:15:00+00:00,2015-01-16 14:30:00+00:00,2015-01-16 14:30:00+00:00,-1,1.2499999999999816,TP,False
S2-05,ny_or_break,GBPUSD,2015-01-16 14:30:00+00:00,2015-01-16 14:45:00+00:00,2015-01-16 15:00:00+00:00,-1,1.2500000000000364,TP,False
S2-05,ny_or_break,GBPUSD,2015-01-16 15:00:00+00:00,2015-01-16 15:15:00+00:00,2015-01-16 15:30:00+00:00,-1,1.2500000000000346,TP,False
S2-05,ny_or_break,GBPUSD,2015-01-16 15:30:00+00:00,2015-01-16 15:45:00+00:00,2015-01-16 15:45:00+00:00,-1,-0.9999999999999848,SL,False
S2-05,ny_or_break,GBPUSD,2015-01-16 15:45:00+00:00,2015-01-16 16:00:00+00:00,2015-01-16 16:00:00+00:00,-1,0.028346630517641618,FRIDAY,False
S2-05,ny_or_break,GBPUSD,2015-01-16 16:00:00+00:00,2015-01-16 16:15:00+00:00,2015-01-16 16:15:00+00:00,-1,-0.2510124053040422,FRIDAY,False
S2-05,ny_or_break,GBPUSD,2015-01-16 16:15:00+00:00,2015-01-16 16:30:00+00:00,2015-01-16 16:30:00+00:00,-1,-0.6521708570263792,FRIDAY,False
S2-05,ny_or_break,GBPUSD,2015-01-16 16:30:00+00:00,2015-01-16 16:45:00+00:00,2015-01-16 16:45:00+00:00,-1,-0.04079917192894705,FRIDAY,False
S2-05,ny_or_break,GBPUSD,2015-01-16 16:45:00+00:00,2015-01-16 17:00:00+00:00,2015-01-16 17:00:00+00:00,-1,-0.6981845740945467,FRIDAY,False
S2-05,ny_or_break,GBPUSD,2015-01-27 13:00:00+00:00,2015-01-27 13:15:00+00:00,2015-01-27 13:30:00+00:00,1,1.249999999999976,TP,False
S2-05,ny_or_break,GBPUSD,2015-01-27 13:30:00+00:00,2015-01-27 13:45:00+00:00,2015-01-27 13:45:00+00:00,1,1.2500000000000628,TP,False
S2-05,ny_or_break,GBPUSD,2015-01-27 13:45:00+00:00,2015-01-27 14:00:00+00:00,2015-01-27 15:30:00+00:00,1,1.2500000000000395,TP,False
S2-05,ny_or_break,GBPUSD,2015-01-27 15:30:00+00:00,2015-01-27 15:45:00+00:00,2015-01-27 16:30:00+00:00,1,-1.0000000000000464,SL,False
S2-05,ny_or_break,GBPUSD,2015-01-27 16:30:00+00:00,2015-01-27 16:45:00+00:00,2015-01-27 20:30:00+00:00,1,-0.2720510642678815,TIME,False
S2-05,ny_or_break,GBPUSD,2015-01-29 15:00:00+00:00,2015-01-29 15:15:00+00:00,2015-01-29 15:15:00+00:00,-1,-1.000000000000068,SL,False
S2-05,ny_or_break,GBPUSD,2015-01-29 15:15:00+00:00,2015-01-29 15:30:00+00:00,2015-01-29 15:45:00+00:00,-1,1.2499999999999336,TP,False
S2-05,ny_or_break,GBPUSD,2015-01-29 15:45:00+00:00,2015-01-29 16:00:00+00:00,2015-01-29 16:15:00+00:00,-1,1.2500000000000606,TP,False
S2-05,ny_or_break,GBPUSD,2015-01-29 16:15:00+00:00,2015-01-29 16:30:00+00:00,2015-01-29 16:30:00+00:00,-1,1.2500000000000184,TP,False
S2-05,ny_or_break,GBPUSD,2015-01-29 16:30:00+00:00,2015-01-29 16:45:00+00:00,2015-01-29 20:00:00+00:00,-1,-1.0000000000000506,SL,False
S2-05,ny_or_break,GBPUSD,2015-01-30 12:45:00+00:00,2015-01-30 13:00:00+00:00,2015-01-30 13:15:00+00:00,-1,-1.0,SL,False
S2-05,ny_or_break,GBPUSD,2015-01-30 14:00:00+00:00,2015-01-30 14:15:00+00:00,2015-01-30 14:45:00+00:00,-1,1.2499999999999625,TP,False
S2-05,ny_or_break,GBPUSD,2015-01-30 14:45:00+00:00,2015-01-30 15:00:00+00:00,2015-01-30 15:30:00+00:00,-1,1.250000000000018,TP,False
S2-05,ny_or_break,GBPUSD,2015-01-30 15:30:00+00:00,2015-01-30 15:45:00+00:00,2015-01-30 15:45:00+00:00,-1,-1.0000000000000482,SL,False
S2-05,ny_or_break,GBPUSD,2015-01-30 15:45:00+00:00,2015-01-30 16:00:00+00:00,2015-01-30 16:00:00+00:00,-1,-0.48884911550468263,FRIDAY,False
S2-05,ny_or_break,GBPUSD,2015-01-30 16:00:00+00:00,2015-01-30 16:15:00+00:00,2015-01-30 16:15:00+00:00,-1,0.014321404263817058,FRIDAY,False
S2-05,ny_or_break,GBPUSD,2015-01-30 16:15:00+00:00,2015-01-30 16:30:00+00:00,2015-01-30 16:30:00+00:00,-1,-0.3297434107874164,FRIDAY,False
S2-05,ny_or_break,GBPUSD,2015-01-30 16:30:00+00:00,2015-01-30 16:45:00+00:00,2015-01-30 16:45:00+00:00,-1,0.18270024855276856,FRIDAY,False
S2-05,ny_or_break,GBPUSD,2015-01-30 16:45:00+00:00,2015-01-30 17:00:00+00:00,2015-01-30 17:00:00+00:00,-1,-0.26088029617441383,FRIDAY,False
S2-05,ny_or_break,GBPUSD,2015-02-03 16:00:00+00:00,2015-02-03 16:15:00+00:00,2015-02-03 17:45:00+00:00,1,1.2500000000000537,TP,False
S2-05,ny_or_break,GBPUSD,2015-02-04 12:00:00+00:00,2015-02-04 12:15:00+00:00,2015-02-04 12:15:00+00:00,1,1.2499999999999838,TP,False
S2-05,ny_or_break,GBPUSD,2015-02-04 12:15:00+00:00,2015-02-04 12:30:00+00:00,2015-02-04 15:45:00+00:00,1,-0.9999999999999845,SL,False
S2-05,ny_or_break,GBPUSD,2015-02-04 15:45:00+00:00,2015-02-04 16:00:00+00:00,2015-02-04 17:45:00+00:00,1,-1.0000000000000357,SL,False
S2-05,ny_or_break,GBPUSD,2015-02-05 12:15:00+00:00,2015-02-05 12:30:00+00:00,2015-02-05 13:00:00+00:00,1,-1.0,SL,False
S2-05,ny_or_break,GBPUSD,2015-02-05 13:15:00+00:00,2015-02-05 13:30:00+00:00,2015-02-05 13:30:00+00:00,1,1.2499999999999614,TP,False
S2-05,ny_or_break,GBPUSD,2015-02-05 13:30:00+00:00,2015-02-05 13:45:00+00:00,2015-02-05 16:00:00+00:00,1,-1.0,SL,False
S2-05,ny_or_break,GBPUSD,2015-02-05 16:00:00+00:00,2015-02-05 16:15:00+00:00,2015-02-05 18:00:00+00:00,1,1.2500000000000577,TP,False
S2-05,ny_or_break,GBPUSD,2015-02-06 12:00:00+00:00,2015-02-06 12:15:00+00:00,2015-02-06 12:30:00+00:00,1,-1.0000000000000295,SL,False
S2-05,ny_or_break,GBPUSD,2015-02-09 13:00:00+00:00,2015-02-09 13:15:00+00:00,2015-02-09 13:15:00+00:00,-1,-1.000000000000076,SL,False
S2-05,ny_or_break,GBPUSD,2015-02-12 12:00:00+00:00,2015-02-12 12:15:00+00:00,2015-02-12 13:30:00+00:00,1,1.2499999999999623,TP,False
S2-05,ny_or_break,GBPUSD,2015-02-12 13:30:00+00:00,2015-02-12 13:45:00+00:00,2015-02-12 15:30:00+00:00,1,-0.9999999999999742,SL,False
S2-05,ny_or_break,GBPUSD,2015-02-12 15:30:00+00:00,2015-02-12 15:45:00+00:00,2015-02-12 16:00:00+00:00,1,1.2500000000000175,TP,False
S2-05,ny_or_break,GBPUSD,2015-02-12 16:00:00+00:00,2015-02-12 16:15:00+00:00,2015-02-12 18:45:00+00:00,1,1.25,TP,False
S2-05,ny_or_break,GBPUSD,2015-02-13 15:00:00+00:00,2015-02-13 15:15:00+00:00,2015-02-13 15:15:00+00:00,1,-1.0000000000000937,SL,False
S2-05,ny_or_break,GBPUSD,2015-02-17 15:15:00+00:00,2015-02-17 15:30:00+00:00,2015-02-17 15:45:00+00:00,-1,-1.0000000000000546,SL,False
S2-05,ny_or_break,GBPUSD,2015-02-17 16:00:00+00:00,2015-02-17 16:15:00+00:00,2015-02-17 16:15:00+00:00,-1,-1.0000000000000533,SL,False
S2-05,ny_or_break,GBPUSD,2015-02-18 15:15:00+00:00,2015-02-18 15:30:00+00:00,2015-02-18 16:30:00+00:00,1,-0.9999999999999717,SL,False
S2-05,ny_or_break,GBPUSD,2015-03-02 12:45:00+00:00,2015-03-02 13:00:00+00:00,2015-03-02 13:00:00+00:00,-1,-0.9999999999998994,SL,False
S2-05,ny_or_break,GBPUSD,2015-03-02 13:30:00+00:00,2015-03-02 13:45:00+00:00,2015-03-02 13:45:00+00:00,-1,-0.9999999999999367,SL,False
S2-05,ny_or_break,GBPUSD,2015-03-02 14:30:00+00:00,2015-03-02 14:45:00+00:00,2015-03-02 15:00:00+00:00,-1,1.2499999999999702,TP,False
S2-05,ny_or_break,GBPUSD,2015-03-02 15:00:00+00:00,2015-03-02 15:15:00+00:00,2015-03-02 15:45:00+00:00,-1,1.2500000000000266,TP,False
S2-05,ny_or_break,GBPUSD,2015-03-02 15:45:00+00:00,2015-03-02 16:00:00+00:00,2015-03-02 16:45:00+00:00,-1,-0.9999999999999206,SL,False
S2-05,ny_or_break,GBPUSD,2015-03-02 16:45:00+00:00,2015-03-02 17:00:00+00:00,2015-03-02 17:15:00+00:00,-1,1.25,TP,False
S2-05,ny_or_break,GBPUSD,2015-03-03 12:00:00+00:00,2015-03-03 12:15:00+00:00,2015-03-03 13:30:00+00:00,-1,-1.000000000000069,SL,False
S2-05,ny_or_break,GBPUSD,2015-03-03 13:30:00+00:00,2015-03-03 13:45:00+00:00,2015-03-03 14:30:00+00:00,-1,-0.9999999999999062,SL,False
S2-05,ny_or_break,GBPUSD,2015-03-04 13:00:00+00:00,2015-03-04 13:15:00+00:00,2015-03-04 13:15:00+00:00,-1,-1.0,SL,False
S2-05,ny_or_break,GBPUSD,2015-03-04 13:45:00+00:00,2015-03-04 14:00:00+00:00,2015-03-04 14:00:00+00:00,-1,1.2500000000000633,TP,False
S2-05,ny_or_break,GBPUSD,2015-03-04 14:00:00+00:00,2015-03-04 14:15:00+00:00,2015-03-04 14:15:00+00:00,-1,-1.0,SL,False
S2-05,ny_or_break,GBPUSD,2015-03-04 14:15:00+00:00,2015-03-04 14:30:00+00:00,2015-03-04 14:45:00+00:00,-1,1.2499999999999152,TP,False
S2-05,ny_or_break,GBPUSD,2015-03-04 14:45:00+00:00,2015-03-04 15:00:00+00:00,2015-03-04 15:15:00+00:00,-1,1.2500000000000249,TP,False
S2-05,ny_or_break,GBPUSD,2015-03-04 15:15:00+00:00,2015-03-04 15:30:00+00:00,2015-03-04 18:45:00+00:00,-1,1.2499999999999334,TP,False
S2-05,ny_or_break,GBPUSD,2015-03-05 16:30:00+00:00,2015-03-05 16:45:00+00:00,2015-03-05 19:00:00+00:00,-1,-1.0,SL,False
S2-05,ny_or_break,GBPUSD,2015-03-06 13:30:00+00:00,2015-03-06 13:45:00+00:00,2015-03-06 14:00:00+00:00,-1,1.2500000000000508,TP,False
S2-05,ny_or_break,GBPUSD,2015-03-06 14:00:00+00:00,2015-03-06 14:15:00+00:00,2015-03-06 14:15:00+00:00,-1,1.2500000000000315,TP,False
S2-05,ny_or_break,GBPUSD,2015-03-06 14:15:00+00:00,2015-03-06 14:30:00+00:00,2015-03-06 15:00:00+00:00,-1,1.25,TP,False
S2-05,ny_or_break,GBPUSD,2015-03-06 15:00:00+00:00,2015-03-06 15:15:00+00:00,2015-03-06 16:00:00+00:00,-1,0.008332241025659192,FRIDAY,False
S2-05,ny_or_break,GBPUSD,2015-03-06 16:00:00+00:00,2015-03-06 16:15:00+00:00,2015-03-06 16:15:00+00:00,-1,-0.09726149872512335,FRIDAY,False
S2-05,ny_or_break,GBPUSD,2015-03-06 16:15:00+00:00,2015-03-06 16:30:00+00:00,2015-03-06 16:30:00+00:00,-1,0.20854566836534694,FRIDAY,False
S2-05,ny_or_break,GBPUSD,2015-03-06 16:30:00+00:00,2015-03-06 16:45:00+00:00,2015-03-06 16:45:00+00:00,-1,-0.003954576177713811,FRIDAY,False
S2-05,ny_or_break,GBPUSD,2015-03-06 16:45:00+00:00,2015-03-06 17:00:00+00:00,2015-03-06 17:00:00+00:00,-1,0.3234533898305085,FRIDAY,False
S2-05,ny_or_break,GBPUSD,2015-03-11 13:00:00+00:00,2015-03-11 13:15:00+00:00,2015-03-11 13:15:00+00:00,-1,1.2499999999999396,TP,False
S2-05,ny_or_break,GBPUSD,2015-03-11 13:15:00+00:00,2015-03-11 13:30:00+00:00,2015-03-11 13:30:00+00:00,-1,-0.9999999999999424,SL,False
S2-05,ny_or_break,GBPUSD,2015-03-11 13:30:00+00:00,2015-03-11 13:45:00+00:00,2015-03-11 13:45:00+00:00,-1,1.25,TP,False
S2-05,ny_or_break,GBPUSD,2015-03-11 13:45:00+00:00,2015-03-11 14:00:00+00:00,2015-03-11 14:00:00+00:00,-1,1.25,TP,False
S2-05,ny_or_break,GBPUSD,2015-03-11 14:00:00+00:00,2015-03-11 14:15:00+00:00,2015-03-11 14:30:00+00:00,-1,1.2499999999999492,TP,False
S2-05,ny_or_break,GBPUSD,2015-03-11 14:30:00+00:00,2015-03-11 14:45:00+00:00,2015-03-11 15:00:00+00:00,-1,1.249999999999969,TP,False
S2-05,ny_or_break,GBPUSD,2015-03-11 15:00:00+00:00,2015-03-11 15:15:00+00:00,2015-03-11 15:15:00+00:00,-1,-0.999999999999986,SL,False
S2-05,ny_or_break,GBPUSD,2015-03-11 15:15:00+00:00,2015-03-11 15:30:00+00:00,2015-03-11 15:45:00+00:00,-1,1.25,TP,False
S2-05,ny_or_break,GBPUSD,2015-03-11 15:45:00+00:00,2015-03-11 16:00:00+00:00,2015-03-11 17:30:00+00:00,-1,1.2499999999999636,TP,False
S2-05,ny_or_break,GBPUSD,2015-03-12 13:30:00+00:00,2015-03-12 13:45:00+00:00,2015-03-12 14:00:00+00:00,-1,1.25,TP,False
S2-05,ny_or_break,GBPUSD,2015-03-12 14:00:00+00:00,2015-03-12 14:15:00+00:00,2015-03-12 15:30:00+00:00,-1,1.25,TP,False
S2-05,ny_or_break,GBPUSD,2015-03-12 15:30:00+00:00,2015-03-12 15:45:00+00:00,2015-03-12 16:30:00+00:00,-1,1.2500000000000449,TP,False
S2-05,ny_or_break,GBPUSD,2015-03-12 16:30:00+00:00,2015-03-12 16:45:00+00:00,2015-03-12 17:45:00+00:00,-1,1.249999999999983,TP,False
S2-05,ny_or_break,GBPUSD,2015-03-13 12:00:00+00:00,2015-03-13 12:15:00+00:00,2015-03-13 12:30:00+00:00,-1,-0.9999999999999826,SL,False
S2-05,ny_or_break,GBPUSD,2015-03-13 12:45:00+00:00,2015-03-13 13:00:00+00:00,2015-03-13 13:15:00+00:00,-1,1.2500000000000187,TP,False
S2-05,ny_or_break,GBPUSD,2015-03-13 13:15:00+00:00,2015-03-13 13:30:00+00:00,2015-03-13 13:30:00+00:00,-1,1.2499999999999647,TP,False
S2-05,ny_or_break,GBPUSD,2015-03-13 13:30:00+00:00,2015-03-13 13:45:00+00:00,2015-03-13 13:45:00+00:00,-1,1.250000000000034,TP,False
S2-05,ny_or_break,GBPUSD,2015-03-13 13:45:00+00:00,2015-03-13 14:00:00+00:00,2015-03-13 14:15:00+00:00,-1,-1.0,SL,False
S2-05,ny_or_break,GBPUSD,2015-03-13 14:15:00+00:00,2015-03-13 14:30:00+00:00,2015-03-13 16:00:00+00:00,-1,-0.6669002541270475,FRIDAY,False
S2-05,ny_or_break,GBPUSD,2015-03-13 16:00:00+00:00,2015-03-13 16:15:00+00:00,2015-03-13 16:15:00+00:00,-1,0.3279486826282655,FRIDAY,False
S2-05,ny_or_break,GBPUSD,2015-03-13 16:15:00+00:00,2015-03-13 16:30:00+00:00,2015-03-13 16:30:00+00:00,-1,0.1600233667607828,FRIDAY,False
S2-05,ny_or_break,GBPUSD,2015-03-13 16:30:00+00:00,2015-03-13 16:45:00+00:00,2015-03-13 16:45:00+00:00,-1,0.3449391279158654,FRIDAY,False
S2-05,ny_or_break,GBPUSD,2015-03-13 16:45:00+00:00,2015-03-13 17:00:00+00:00,2015-03-13 17:00:00+00:00,-1,0.3312317494027077,FRIDAY,False
S2-05,ny_or_break,GBPUSD,2015-03-17 13:15:00+00:00,2015-03-17 13:30:00+00:00,2015-03-17 13:30:00+00:00,-1,-1.0000000000000393,SL,False
S2-05,ny_or_break,GBPUSD,2015-03-17 13:30:00+00:00,2015-03-17 13:45:00+00:00,2015-03-17 13:45:00+00:00,-1,-0.9999999999999414,SL,False
S2-05,ny_or_break,GBPUSD,2015-03-17 15:00:00+00:00,2015-03-17 15:15:00+00:00,2015-03-17 18:15:00+00:00,-1,-0.9999999999999829,SL,False
S2-05,ny_or_break,GBPUSD,2015-03-20 16:00:00+00:00,2015-03-20 16:15:00+00:00,2015-03-20 16:15:00+00:00,1,-0.006622106347874563,FRIDAY,False
S2-05,ny_or_break,GBPUSD,2015-03-20 16:15:00+00:00,2015-03-20 16:30:00+00:00,2015-03-20 16:30:00+00:00,1,1.2792819244987184,FRIDAY,False
S2-05,ny_or_break,GBPUSD,2015-03-20 16:30:00+00:00,2015-03-20 16:45:00+00:00,2015-03-20 16:45:00+00:00,1,0.1321458823250662,FRIDAY,False
S2-05,ny_or_break,GBPUSD,2015-03-20 16:45:00+00:00,2015-03-20 17:00:00+00:00,2015-03-20 17:00:00+00:00,1,0.350142698058211,FRIDAY,False
S2-05,ny_or_break,GBPUSD,2015-03-23 15:45:00+00:00,2015-03-23 16:00:00+00:00,2015-03-23 16:15:00+00:00,1,-1.0000000000000129,SL,False
S2-05,ny_or_break,GBPUSD,2015-03-23 16:15:00+00:00,2015-03-23 16:30:00+00:00,2015-03-23 20:15:00+00:00,1,0.5305236337163954,TIME,False
S2-05,ny_or_break,GBPUSD,2015-03-26 16:00:00+00:00,2015-03-26 16:15:00+00:00,2015-03-26 17:45:00+00:00,-1,1.2500000000000289,TP,False
S2-05,ny_or_break,GBPUSD,2015-03-30 13:00:00+00:00,2015-03-30 13:15:00+00:00,2015-03-30 13:15:00+00:00,-1,-1.0000000000000504,SL,False
S2-05,ny_or_break,GBPUSD,2015-04-03 12:30:00+00:00,2015-04-03 12:45:00+00:00,2015-04-03 12:45:00+00:00,1,1.249999999999964,TP,False
S2-05,ny_or_break,GBPUSD,2015-04-03 12:45:00+00:00,2015-04-03 13:00:00+00:00,2015-04-03 13:15:00+00:00,1,-1.0,SL,False
S2-05,ny_or_break,GBPUSD,2015-04-03 13:15:00+00:00,2015-04-03 13:30:00+00:00,2015-04-03 16:00:00+00:00,1,-0.29960088226026677,FRIDAY,False
S2-05,ny_or_break,GBPUSD,2015-04-03 16:00:00+00:00,2015-04-03 16:15:00+00:00,2015-04-03 16:15:00+00:00,1,0.18666552550496404,FRIDAY,False
S2-05,ny_or_break,GBPUSD,2015-04-03 16:15:00+00:00,2015-04-03 16:30:00+00:00,2015-04-03 16:30:00+00:00,1,-0.8664220960656925,FRIDAY,False
S2-05,ny_or_break,GBPUSD,2015-04-03 16:30:00+00:00,2015-04-03 16:45:00+00:00,2015-04-03 16:45:00+00:00,1,-0.8850156361855244,FRIDAY,False
S2-05,ny_or_break,GBPUSD,2015-04-03 16:45:00+00:00,2015-04-03 17:00:00+00:00,2015-04-03 17:00:00+00:00,1,0.3764932214119523,FRIDAY,False
S2-05,ny_or_break,GBPUSD,2015-04-06 13:00:00+00:00,2015-04-06 13:15:00+00:00,2015-04-06 13:15:00+00:00,1,-0.9999999999999688,SL,False
S2-05,ny_or_break,GBPUSD,2015-04-06 13:15:00+00:00,2015-04-06 13:30:00+00:00,2015-04-06 14:45:00+00:00,1,1.2499999999999698,TP,False
S2-05,ny_or_break,GBPUSD,2015-04-06 14:45:00+00:00,2015-04-06 15:00:00+00:00,2015-04-06 15:45:00+00:00,1,-1.0000000000000224,SL,False
S2-05,ny_or_break,GBPUSD,2015-04-06 15:45:00+00:00,2015-04-06 16:00:00+00:00,2015-04-06 16:00:00+00:00,1,-1.0,SL,False
S2-05,ny_or_break,GBPUSD,2015-04-06 16:00:00+00:00,2015-04-06 16:15:00+00:00,2015-04-06 16:15:00+00:00,1,-0.9999999999999765,SL,False
S2-05,ny_or_break,GBPUSD,2015-04-08 12:15:00+00:00,2015-04-08 12:30:00+00:00,2015-04-08 14:00:00+00:00,1,-1.000000000000037,SL,False
S2-05,ny_or_break,GBPUSD,2015-04-08 14:15:00+00:00,2015-04-08 14:30:00+00:00,2015-04-08 14:30:00+00:00,1,-0.9999999999999818,SL,False
S2-05,ny_or_break,GBPUSD,2015-04-09 14:15:00+00:00,2015-04-09 14:30:00+00:00,2015-04-09 15:00:00+00:00,-1,1.25,TP,False
S2-05,ny_or_break,GBPUSD,2015-04-09 15:00:00+00:00,2015-04-09 15:15:00+00:00,2015-04-09 16:00:00+00:00,-1,1.25,TP,False
S2-05,ny_or_break,GBPUSD,2015-04-09 16:00:00+00:00,2015-04-09 16:15:00+00:00,2015-04-09 17:45:00+00:00,-1,1.25,TP,False
S2-05,ny_or_break,GBPUSD,2015-04-10 12:00:00+00:00,2015-04-10 12:15:00+00:00,2015-04-10 12:15:00+00:00,-1,-0.999999999999948,SL,False
S2-05,ny_or_break,GBPUSD,2015-04-10 12:15:00+00:00,2015-04-10 12:30:00+00:00,2015-04-10 12:45:00+00:00,-1,-0.9999999999999621,SL,False
S2-05,ny_or_break,GBPUSD,2015-04-14 14:00:00+00:00,2015-04-14 14:15:00+00:00,2015-04-14 14:30:00+00:00,1,1.2499999999999654,TP,False
S2-05,ny_or_break,GBPUSD,2015-04-14 14:30:00+00:00,2015-04-14 14:45:00+00:00,2015-04-14 18:30:00+00:00,1,-0.4385574904285538,TIME,False
S2-05,ny_or_break,GBPUSD,2015-04-15 12:30:00+00:00,2015-04-15 12:45:00+00:00,2015-04-15 12:45:00+00:00,1,-0.9999999999999808,SL,False
S2-05,ny_or_break,GBPUSD,2015-04-15 12:45:00+00:00,2015-04-15 13:00:00+00:00,2015-04-15 13:30:00+00:00,1,1.2499999999999634,TP,False
S2-05,ny_or_break,GBPUSD,2015-04-15 13:30:00+00:00,2015-04-15 13:45:00+00:00,2015-04-15 14:15:00+00:00,1,-1.0000000000000153,SL,False
S2-05,ny_or_break,GBPUSD,2015-04-15 14:15:00+00:00,2015-04-15 14:30:00+00:00,2015-04-15 14:45:00+00:00,1,-1.0000000000000306,SL,False
S2-05,ny_or_break,GBPUSD,2015-04-15 15:15:00+00:00,2015-04-15 15:30:00+00:00,2015-04-15 17:00:00+00:00,1,1.2500000000000142,TP,False
S2-05,ny_or_break,GBPUSD,2015-04-23 15:00:00+00:00,2015-04-23 15:15:00+00:00,2015-04-23 18:15:00+00:00,1,1.2499999999999825,TP,False
S2-05,ny_or_break,GBPUSD,2015-04-24 12:30:00+00:00,2015-04-24 12:45:00+00:00,2015-04-24 13:45:00+00:00,1,-0.9999999999999634,SL,False
S2-05,ny_or_break,GBPUSD,2015-04-24 14:30:00+00:00,2015-04-24 14:45:00+00:00,2015-04-24 15:00:00+00:00,1,1.2499999999999512,TP,False
S2-05,ny_or_break,GBPUSD,2015-04-24 15:00:00+00:00,2015-04-24 15:15:00+00:00,2015-04-24 16:00:00+00:00,1,0.45781748197512423,FRIDAY,False
S2-05,ny_or_break,GBPUSD,2015-04-24 16:00:00+00:00,2015-04-24 16:15:00+00:00,2015-04-24 16:15:00+00:00,1,-0.06059838679422248,FRIDAY,False
S2-05,ny_or_break,GBPUSD,2015-04-24 16:15:00+00:00,2015-04-24 16:30:00+00:00,2015-04-24 16:30:00+00:00,1,-0.022367620206938527,FRIDAY,False
S2-05,ny_or_break,GBPUSD,2015-04-24 16:30:00+00:00,2015-04-24 16:45:00+00:00,2015-04-24 16:45:00+00:00,1,-0.5891977270921084,FRIDAY,False
S2-05,ny_or_break,GBPUSD,2015-04-24 16:45:00+00:00,2015-04-24 17:00:00+00:00,2015-04-24 17:00:00+00:00,1,0.3520647970772209,FRIDAY,False
S2-05,ny_or_break,GBPUSD,2015-04-27 14:15:00+00:00,2015-04-27 14:30:00+00:00,2015-04-27 14:45:00+00:00,1,1.2500000000000218,TP,False
S2-05,ny_or_break,GBPUSD,2015-04-27 14:45:00+00:00,2015-04-27 15:00:00+00:00,2015-04-27 15:00:00+00:00,1,1.2500000000000195,TP,False
S2-05,ny_or_break,GBPUSD,2015-04-27 15:00:00+00:00,2015-04-27 15:15:00+00:00,2015-04-27 16:00:00+00:00,1,1.2500000000000362,TP,False
S2-05,ny_or_break,GBPUSD,2015-04-27 16:00:00+00:00,2015-04-27 16:15:00+00:00,2015-04-27 17:45:00+00:00,1,-1.0000000000000164,SL,False
S2-05,ny_or_break,GBPUSD,2015-04-28 13:30:00+00:00,2015-04-28 13:45:00+00:00,2015-04-28 14:00:00+00:00,1,1.249999999999964,TP,False
S2-05,ny_or_break,GBPUSD,2015-04-28 14:00:00+00:00,2015-04-28 14:15:00+00:00,2015-04-28 14:45:00+00:00,1,-0.9999999999999668,SL,False
S2-05,ny_or_break,GBPUSD,2015-04-28 14:45:00+00:00,2015-04-28 15:00:00+00:00,2015-04-28 18:45:00+00:00,1,0.56237789916643,TIME,False
S2-05,ny_or_break,GBPUSD,2015-04-29 13:30:00+00:00,2015-04-29 13:45:00+00:00,2015-04-29 14:00:00+00:00,1,1.2500000000000144,TP,False
S2-05,ny_or_break,GBPUSD,2015-04-29 14:00:00+00:00,2015-04-29 14:15:00+00:00,2015-04-29 14:15:00+00:00,1,1.2500000000000273,TP,False
S2-05,ny_or_break,GBPUSD,2015-04-29 14:15:00+00:00,2015-04-29 14:30:00+00:00,2015-04-29 14:30:00+00:00,1,-1.0,SL,False
S2-05,ny_or_break,GBPUSD,2015-04-29 14:30:00+00:00,2015-04-29 14:45:00+00:00,2015-04-29 15:00:00+00:00,1,1.2499999999999878,TP,False
S2-05,ny_or_break,GBPUSD,2015-04-29 15:00:00+00:00,2015-04-29 15:15:00+00:00,2015-04-29 16:00:00+00:00,1,1.249999999999967,TP,False
S2-05,ny_or_break,GBPUSD,2015-04-29 16:00:00+00:00,2015-04-29 16:15:00+00:00,2015-04-29 16:45:00+00:00,1,-1.0,SL,False
S2-05,ny_or_break,GBPUSD,2015-04-29 16:45:00+00:00,2015-04-29 17:00:00+00:00,2015-04-29 18:00:00+00:00,1,-0.9999999999999739,SL,False
S2-05,ny_or_break,GBPUSD,2015-05-01 12:00:00+00:00,2015-05-01 12:15:00+00:00,2015-05-01 12:15:00+00:00,-1,-1.0000000000000167,SL,False
S2-05,ny_or_break,GBPUSD,2015-05-01 12:15:00+00:00,2015-05-01 12:30:00+00:00,2015-05-01 12:45:00+00:00,-1,1.25,TP,False
S2-05,ny_or_break,GBPUSD,2015-05-01 12:45:00+00:00,2015-05-01 13:00:00+00:00,2015-05-01 13:30:00+00:00,-1,1.2499999999999825,TP,False
S2-05,ny_or_break,GBPUSD,2015-05-01 13:30:00+00:00,2015-05-01 13:45:00+00:00,2015-05-01 13:45:00+00:00,-1,-0.9999999999999506,SL,False
S2-05,ny_or_break,GBPUSD,2015-05-01 13:45:00+00:00,2015-05-01 14:00:00+00:00,2015-05-01 14:00:00+00:00,-1,-0.9999999999999529,SL,True
S2-05,ny_or_break,GBPUSD,2015-05-01 14:00:00+00:00,2015-05-01 14:15:00+00:00,2015-05-01 15:00:00+00:00,-1,1.2499999999999576,TP,False
S2-05,ny_or_break,GBPUSD,2015-05-01 15:00:00+00:00,2015-05-01 15:15:00+00:00,2015-05-01 15:15:00+00:00,-1,1.2500000000000242,TP,False
S2-05,ny_or_break,GBPUSD,2015-05-01 15:15:00+00:00,2015-05-01 15:30:00+00:00,2015-05-01 16:00:00+00:00,-1,0.31101805288117,FRIDAY,False
S2-05,ny_or_break,GBPUSD,2015-05-01 16:00:00+00:00,2015-05-01 16:15:00+00:00,2015-05-01 16:15:00+00:00,-1,-0.40234857849196537,FRIDAY,False
S2-05,ny_or_break,GBPUSD,2015-05-01 16:15:00+00:00,2015-05-01 16:30:00+00:00,2015-05-01 16:30:00+00:00,-1,0.3512600014441277,FRIDAY,False
S2-05,ny_or_break,GBPUSD,2015-05-01 16:30:00+00:00,2015-05-01 16:45:00+00:00,2015-05-01 16:45:00+00:00,-1,0.568556550944265,FRIDAY,False
S2-05,ny_or_break,GBPUSD,2015-05-01 16:45:00+00:00,2015-05-01 17:00:00+00:00,2015-05-01 17:00:00+00:00,-1,-0.9277860467954826,FRIDAY,False
S2-05,ny_or_break,GBPUSD,2015-05-06 12:15:00+00:00,2015-05-06 12:30:00+00:00,2015-05-06 13:30:00+00:00,1,-1.000000000000032,SL,False
S2-05,ny_or_break,GBPUSD,2015-05-06 13:45:00+00:00,2015-05-06 14:00:00+00:00,2015-05-06 14:00:00+00:00,1,1.2500000000000306,TP,False
S2-05,ny_or_break,GBPUSD,2015-05-06 14:00:00+00:00,2015-05-06 14:15:00+00:00,2015-05-06 15:00:00+00:00,1,-1.0000000000000142,SL,False
S2-05,ny_or_break,GBPUSD,2015-05-06 15:00:00+00:00,2015-05-06 15:15:00+00:00,2015-05-06 16:15:00+00:00,1,-1.0,SL,False
S2-05,ny_or_break,GBPUSD,2015-05-11 12:45:00+00:00,2015-05-11 13:00:00+00:00,2015-05-11 13:30:00+00:00,1,1.2500000000000142,TP,False
S2-05,ny_or_break,GBPUSD,2015-05-11 13:30:00+00:00,2015-05-11 13:45:00+00:00,2015-05-11 14:00:00+00:00,1,1.2499999999999587,TP,False
S2-05,ny_or_break,GBPUSD,2015-05-11 14:00:00+00:00,2015-05-11 14:15:00+00:00,2015-05-11 15:45:00+00:00,1,1.25,TP,False
S2-05,ny_or_break,GBPUSD,2015-05-11 15:45:00+00:00,2015-05-11 16:00:00+00:00,2015-05-11 19:45:00+00:00,1,-0.1678923709833696,TIME,False
S2-05,ny_or_break,GBPUSD,2015-05-19 12:30:00+00:00,2015-05-19 12:45:00+00:00,2015-05-19 13:00:00+00:00,-1,-1.0000000000000313,SL,False
S2-05,ny_or_break,GBPUSD,2015-05-22 16:00:00+00:00,2015-05-22 16:15:00+00:00,2015-05-22 16:15:00+00:00,-1,0.23379899021633796,FRIDAY,False
S2-05,ny_or_break,GBPUSD,2015-05-22 16:15:00+00:00,2015-05-22 16:30:00+00:00,2015-05-22 16:30:00+00:00,-1,-0.2435059680356059,FRIDAY,False
S2-05,ny_or_break,GBPUSD,2015-05-22 16:30:00+00:00,2015-05-22 16:45:00+00:00,2015-05-22 16:45:00+00:00,-1,-0.27412683075119154,FRIDAY,False
S2-05,ny_or_break,GBPUSD,2015-05-22 16:45:00+00:00,2015-05-22 17:00:00+00:00,2015-05-22 17:00:00+00:00,-1,0.246984713197139,FRIDAY,False
S2-05,ny_or_break,GBPUSD,2015-05-25 12:00:00+00:00,2015-05-25 12:15:00+00:00,2015-05-25 12:30:00+00:00,-1,-0.9999999999999702,SL,False
S2-05,ny_or_break,GBPUSD,2015-05-25 12:45:00+00:00,2015-05-25 13:00:00+00:00,2015-05-25 16:45:00+00:00,-1,-0.2380700641432297,TIME,False
S2-05,ny_or_break,GBPUSD,2015-05-25 16:45:00+00:00,2015-05-25 17:00:00+00:00,2015-05-25 17:30:00+00:00,-1,-1.0,SL,False
S2-05,ny_or_break,GBPUSD,2015-05-26 12:45:00+00:00,2015-05-26 13:00:00+00:00,2015-05-26 13:00:00+00:00,-1,-1.0000000000000575,SL,False
S2-05,ny_or_break,GBPUSD,2015-05-26 13:45:00+00:00,2015-05-26 14:00:00+00:00,2015-05-26 15:00:00+00:00,-1,-1.0,SL,False
S2-05,ny_or_break,GBPUSD,2015-05-27 12:00:00+00:00,2015-05-27 12:15:00+00:00,2015-05-27 12:15:00+00:00,-1,1.25,TP,False
S2-05,ny_or_break,GBPUSD,2015-05-27 12:15:00+00:00,2015-05-27 12:30:00+00:00,2015-05-27 13:00:00+00:00,-1,1.2499999999999347,TP,False
S2-05,ny_or_break,GBPUSD,2015-05-27 13:00:00+00:00,2015-05-27 13:15:00+00:00,2015-05-27 13:15:00+00:00,-1,-1.0000000000000424,SL,False
S2-05,ny_or_break,GBPUSD,2015-05-27 13:15:00+00:00,2015-05-27 13:30:00+00:00,2015-05-27 14:15:00+00:00,-1,-1.0000000000000413,SL,False
S2-05,ny_or_break,GBPUSD,2015-05-27 14:15:00+00:00,2015-05-27 14:30:00+00:00,2015-05-27 14:45:00+00:00,-1,1.2500000000000373,TP,False
S2-05,ny_or_break,GBPUSD,2015-05-27 14:45:00+00:00,2015-05-27 15:00:00+00:00,2015-05-27 15:00:00+00:00,-1,1.249999999999966,TP,False
S2-05,ny_or_break,GBPUSD,2015-05-27 15:00:00+00:00,2015-05-27 15:15:00+00:00,2015-05-27 15:30:00+00:00,-1,-1.000000000000031,SL,False
S2-05,ny_or_break,GBPUSD,2015-05-27 15:30:00+00:00,2015-05-27 15:45:00+00:00,2015-05-27 18:45:00+00:00,-1,-1.000000000000015,SL,False
S2-05,ny_or_break,GBPUSD,2015-06-01 15:00:00+00:00,2015-06-01 15:15:00+00:00,2015-06-01 18:15:00+00:00,-1,-1.000000000000015,SL,False
S2-05,ny_or_break,GBPUSD,2015-06-05 13:00:00+00:00,2015-06-05 13:15:00+00:00,2015-06-05 13:15:00+00:00,-1,1.2500000000000278,TP,False
S2-05,ny_or_break,GBPUSD,2015-06-05 13:15:00+00:00,2015-06-05 13:30:00+00:00,2015-06-05 13:45:00+00:00,-1,-1.0000000000000127,SL,False
S2-05,ny_or_break,GBPUSD,2015-06-05 13:45:00+00:00,2015-06-05 14:00:00+00:00,2015-06-05 14:15:00+00:00,-1,-1.0,SL,False
S2-05,ny_or_break,GBPUSD,2015-06-05 14:15:00+00:00,2015-06-05 14:30:00+00:00,2015-06-05 16:00:00+00:00,-1,-0.8224473985931641,FRIDAY,False
S2-05,ny_or_break,GBPUSD,2015-06-05 16:00:00+00:00,2015-06-05 16:15:00+00:00,2015-06-05 16:15:00+00:00,-1,-0.005146495700312903,FRIDAY,False
S2-05,ny_or_break,GBPUSD,2015-06-05 16:15:00+00:00,2015-06-05 16:30:00+00:00,2015-06-05 16:30:00+00:00,-1,-0.1505500391413621,FRIDAY,False
S2-05,ny_or_break,GBPUSD,2015-06-05 16:30:00+00:00,2015-06-05 16:45:00+00:00,2015-06-05 16:45:00+00:00,-1,-0.38950615236642233,FRIDAY,False
S2-05,ny_or_break,GBPUSD,2015-06-05 16:45:00+00:00,2015-06-05 17:00:00+00:00,2015-06-05 17:00:00+00:00,-1,-0.19042215161143894,FRIDAY,False
S2-05,ny_or_break,GBPUSD,2015-06-09 15:15:00+00:00,2015-06-09 15:30:00+00:00,2015-06-09 15:45:00+00:00,1,1.2500000000000269,TP,False
S2-05,ny_or_break,GBPUSD,2015-06-09 15:45:00+00:00,2015-06-09 16:00:00+00:00,2015-06-09 19:45:00+00:00,1,-0.008236793813999749,TIME,False
S2-05,ny_or_break,GBPUSD,2015-06-10 12:15:00+00:00,2015-06-10 12:30:00+00:00,2015-06-10 14:00:00+00:00,1,1.2499999999999845,TP,False
S2-05,ny_or_break,GBPUSD,2015-06-10 14:00:00+00:00,2015-06-10 14:15:00+00:00,2015-06-10 14:45:00+00:00,1,1.2500000000000313,TP,False
S2-05,ny_or_break,GBPUSD,2015-06-10 14:45:00+00:00,2015-06-10 15:00:00+00:00,2015-06-10 15:45:00+00:00,1,-1.0000000000000298,SL,False
S2-05,ny_or_break,GBPUSD,2015-06-10 15:45:00+00:00,2015-06-10 16:00:00+00:00,2015-06-10 16:00:00+00:00,1,-0.9999999999999524,SL,False
S2-05,ny_or_break,GBPUSD,2015-06-10 16:30:00+00:00,2015-06-10 16:45:00+00:00,2015-06-10 17:30:00+00:00,1,1.25,TP,False
S2-05,ny_or_break,GBPUSD,2015-06-11 13:45:00+00:00,2015-06-11 14:00:00+00:00,2015-06-11 15:00:00+00:00,1,1.250000000000029,TP,False
S2-05,ny_or_break,GBPUSD,2015-06-11 15:00:00+00:00,2015-06-11 15:15:00+00:00,2015-06-11 15:45:00+00:00,1,-0.999999999999962,SL,False
S2-05,ny_or_break,GBPUSD,2015-06-11 15:45:00+00:00,2015-06-11 16:00:00+00:00,2015-06-11 19:30:00+00:00,1,1.2500000000000133,TP,False
S2-05,ny_or_break,GBPUSD,2015-06-12 14:30:00+00:00,2015-06-12 14:45:00+00:00,2015-06-12 15:00:00+00:00,1,1.250000000000017,TP,False
S2-05,ny_or_break,GBPUSD,2015-06-12 15:00:00+00:00,2015-06-12 15:15:00+00:00,2015-06-12 16:00:00+00:00,1,-0.9932659932659933,FRIDAY,False
S2-05,ny_or_break,GBPUSD,2015-06-12 16:00:00+00:00,2015-06-12 16:15:00+00:00,2015-06-12 16:15:00+00:00,1,-0.4503233348349075,FRIDAY,False
S2-05,ny_or_break,GBPUSD,2015-06-12 16:15:00+00:00,2015-06-12 16:30:00+00:00,2015-06-12 16:30:00+00:00,1,-0.030395608947804475,FRIDAY,False
S2-05,ny_or_break,GBPUSD,2015-06-12 16:30:00+00:00,2015-06-12 16:45:00+00:00,2015-06-12 16:45:00+00:00,1,-0.08305482154155346,FRIDAY,False
S2-05,ny_or_break,GBPUSD,2015-06-12 16:45:00+00:00,2015-06-12 17:00:00+00:00,2015-06-12 17:00:00+00:00,1,0.2312966121534397,FRIDAY,False
S2-05,ny_or_break,GBPUSD,2015-06-15 15:00:00+00:00,2015-06-15 15:15:00+00:00,2015-06-15 16:30:00+00:00,1,1.2500000000000402,TP,False
S2-05,ny_or_break,GBPUSD,2015-06-15 16:30:00+00:00,2015-06-15 16:45:00+00:00,2015-06-15 17:30:00+00:00,1,1.25,TP,False
S2-05,ny_or_break,GBPUSD,2015-06-19 13:00:00+00:00,2015-06-19 13:15:00+00:00,2015-06-19 16:00:00+00:00,1,-1.0398947773643012,FRIDAY,False
S2-05,ny_or_break,GBPUSD,2015-06-19 16:45:00+00:00,2015-06-19 17:00:00+00:00,2015-06-19 17:00:00+00:00,1,0.11566261106416494,FRIDAY,False
S2-05,ny_or_break,GBPUSD,2015-06-23 12:15:00+00:00,2015-06-23 12:30:00+00:00,2015-06-23 12:30:00+00:00,-1,-1.000000000000024,SL,True
S2-05,ny_or_break,GBPUSD,2015-06-23 12:30:00+00:00,2015-06-23 12:45:00+00:00,2015-06-23 13:15:00+00:00,-1,1.2500000000000635,TP,False
S2-05,ny_or_break,GBPUSD,2015-06-23 13:15:00+00:00,2015-06-23 13:30:00+00:00,2015-06-23 13:45:00+00:00,-1,-0.9999999999999596,SL,False
S2-05,ny_or_break,GBPUSD,2015-06-23 13:45:00+00:00,2015-06-23 14:00:00+00:00,2015-06-23 14:45:00+00:00,-1,1.2500000000000207,TP,False
S2-05,ny_or_break,GBPUSD,2015-06-23 14:45:00+00:00,2015-06-23 15:00:00+00:00,2015-06-23 15:15:00+00:00,-1,-0.9999999999999432,SL,False
S2-05,ny_or_break,GBPUSD,2015-06-23 15:15:00+00:00,2015-06-23 15:30:00+00:00,2015-06-23 16:15:00+00:00,-1,1.2499999999999816,TP,False
S2-05,ny_or_break,GBPUSD,2015-06-23 16:15:00+00:00,2015-06-23 16:30:00+00:00,2015-06-23 20:15:00+00:00,-1,-0.36092625208335793,TIME,False
S2-05,ny_or_break,GBPUSD,2015-06-24 12:15:00+00:00,2015-06-24 12:30:00+00:00,2015-06-24 12:30:00+00:00,-1,-0.9999999999999519,SL,False
S2-05,ny_or_break,GBPUSD,2015-06-24 12:30:00+00:00,2015-06-24 12:45:00+00:00,2015-06-24 12:45:00+00:00,-1,-0.9999999999999334,SL,False
S2-05,ny_or_break,GBPUSD,2015-06-24 13:00:00+00:00,2015-06-24 13:15:00+00:00,2015-06-24 14:00:00+00:00,-1,1.2499999999999785,TP,False
S2-05,ny_or_break,GBPUSD,2015-06-24 14:00:00+00:00,2015-06-24 14:15:00+00:00,2015-06-24 15:15:00+00:00,-1,1.250000000000042,TP,False
S2-05,ny_or_break,GBPUSD,2015-06-24 15:15:00+00:00,2015-06-24 15:30:00+00:00,2015-06-24 15:45:00+00:00,-1,1.2500000000000375,TP,False
S2-05,ny_or_break,GBPUSD,2015-06-24 15:45:00+00:00,2015-06-24 16:00:00+00:00,2015-06-24 17:30:00+00:00,-1,-0.9999999999999825,SL,False
S2-05,ny_or_break,GBPUSD,2015-06-30 14:15:00+00:00,2015-06-30 14:30:00+00:00,2015-06-30 14:30:00+00:00,1,-1.0000000000000173,SL,False
S2-05,ny_or_break,GBPUSD,2015-06-30 14:30:00+00:00,2015-06-30 14:45:00+00:00,2015-06-30 14:45:00+00:00,1,-0.9999999999999509,SL,False
S2-05,ny_or_break,GBPUSD,2015-07-01 13:45:00+00:00,2015-07-01 14:00:00+00:00,2015-07-01 14:15:00+00:00,-1,-1.0000000000000504,SL,False
S2-05,ny_or_break,GBPUSD,2015-07-01 14:15:00+00:00,2015-07-01 14:30:00+00:00,2015-07-01 15:00:00+00:00,-1,1.2500000000000246,TP,False
S2-05,ny_or_break,GBPUSD,2015-07-01 15:00:00+00:00,2015-07-01 15:15:00+00:00,2015-07-01 15:30:00+00:00,-1,1.2499999999999296,TP,False
S2-05,ny_or_break,GBPUSD,2015-07-01 15:30:00+00:00,2015-07-01 15:45:00+00:00,2015-07-01 17:15:00+00:00,-1,1.2499999999999787,TP,False
S2-05,ny_or_break,GBPUSD,2015-07-02 12:00:00+00:00,2015-07-02 12:15:00+00:00,2015-07-02 12:15:00+00:00,-1,-0.9999999999999479,SL,False
S2-05,ny_or_break,GBPUSD,2015-07-02 12:15:00+00:00,2015-07-02 12:30:00+00:00,2015-07-02 12:30:00+00:00,-1,-1.000000000000048,SL,False
S2-05,ny_or_break,GBPUSD,2015-07-03 14:45:00+00:00,2015-07-03 15:00:00+00:00,2015-07-03 15:15:00+00:00,-1,1.2499999999999047,TP,False
S2-05,ny_or_break,GBPUSD,2015-07-03 15:15:00+00:00,2015-07-03 15:30:00+00:00,2015-07-03 16:00:00+00:00,-1,-0.6228098212988522,FRIDAY,False
S2-05,ny_or_break,GBPUSD,2015-07-03 16:00:00+00:00,2015-07-03 16:15:00+00:00,2015-07-03 16:15:00+00:00,-1,0.8383407838652666,FRIDAY,False
S2-05,ny_or_break,GBPUSD,2015-07-03 16:15:00+00:00,2015-07-03 16:30:00+00:00,2015-07-03 16:30:00+00:00,-1,-0.03854873793298329,FRIDAY,False
S2-05,ny_or_break,GBPUSD,2015-07-03 16:30:00+00:00,2015-07-03 16:45:00+00:00,2015-07-03 16:45:00+00:00,-1,-1.1479368567650272,FRIDAY,False
S2-05,ny_or_break,GBPUSD,2015-07-03 16:45:00+00:00,2015-07-03 17:00:00+00:00,2015-07-03 17:00:00+00:00,-1,0.48398612617068365,FRIDAY,False
S2-05,ny_or_break,GBPUSD,2015-07-07 12:15:00+00:00,2015-07-07 12:30:00+00:00,2015-07-07 13:15:00+00:00,-1,-1.0000000000000535,SL,False
S2-05,ny_or_break,GBPUSD,2015-07-07 13:15:00+00:00,2015-07-07 13:30:00+00:00,2015-07-07 14:45:00+00:00,-1,1.2499999999999434,TP,False
S2-05,ny_or_break,GBPUSD,2015-07-07 14:45:00+00:00,2015-07-07 15:00:00+00:00,2015-07-07 15:00:00+00:00,-1,-1.0000000000000668,SL,False
S2-05,ny_or_break,GBPUSD,2015-07-07 15:00:00+00:00,2015-07-07 15:15:00+00:00,2015-07-07 15:45:00+00:00,-1,-1.000000000000065,SL,False
S2-05,ny_or_break,GBPUSD,2015-07-07 16:15:00+00:00,2015-07-07 16:30:00+00:00,2015-07-07 17:30:00+00:00,-1,-0.9999999999999788,SL,False
S2-05,ny_or_break,GBPUSD,2015-07-08 14:15:00+00:00,2015-07-08 14:30:00+00:00,2015-07-08 14:45:00+00:00,-1,-1.0,SL,False
S2-05,ny_or_break,GBPUSD,2015-07-08 14:45:00+00:00,2015-07-08 15:00:00+00:00,2015-07-08 16:00:00+00:00,-1,-1.0,SL,False
S2-05,ny_or_break,GBPUSD,2015-07-08 16:00:00+00:00,2015-07-08 16:15:00+00:00,2015-07-08 16:30:00+00:00,-1,1.2500000000000244,TP,False
S2-05,ny_or_break,GBPUSD,2015-07-08 16:30:00+00:00,2015-07-08 16:45:00+00:00,2015-07-08 18:00:00+00:00,-1,-0.9999999999999278,SL,False
S2-05,ny_or_break,GBPUSD,2015-07-09 16:30:00+00:00,2015-07-09 16:45:00+00:00,2015-07-09 19:00:00+00:00,-1,-0.9999999999999702,SL,False
S2-05,ny_or_break,GBPUSD,2015-07-14 12:30:00+00:00,2015-07-14 12:45:00+00:00,2015-07-14 13:30:00+00:00,1,-1.000000000000013,SL,False
S2-05,ny_or_break,GBPUSD,2015-07-23 16:00:00+00:00,2015-07-23 16:15:00+00:00,2015-07-23 20:00:00+00:00,-1,0.031931294663909746,TIME,False
S2-05,ny_or_break,GBPUSD,2015-07-27 16:00:00+00:00,2015-07-27 16:15:00+00:00,2015-07-27 17:15:00+00:00,1,-0.9999999999999398,SL,False
S2-05,ny_or_break,GBPUSD,2015-07-28 16:00:00+00:00,2015-07-28 16:15:00+00:00,2015-07-28 16:45:00+00:00,1,-1.0000000000000433,SL,False
S2-05,ny_or_break,GBPUSD,2015-07-29 12:30:00+00:00,2015-07-29 12:45:00+00:00,2015-07-29 13:00:00+00:00,1,-1.0000000000000813,SL,False
S2-05,ny_or_break,GBPUSD,2015-07-29 13:30:00+00:00,2015-07-29 13:45:00+00:00,2015-07-29 13:45:00+00:00,1,1.2500000000000757,TP,False
S2-05,ny_or_break,GBPUSD,2015-07-29 13:45:00+00:00,2015-07-29 14:00:00+00:00,2015-07-29 14:15:00+00:00,1,-1.0000000000000466,SL,False
S2-05,ny_or_break,GBPUSD,2015-07-29 14:15:00+00:00,2015-07-29 14:30:00+00:00,2015-07-29 14:45:00+00:00,1,-1.0,SL,False
S2-05,ny_or_break,GBPUSD,2015-07-29 14:45:00+00:00,2015-07-29 15:00:00+00:00,2015-07-29 15:00:00+00:00,1,-1.0000000000000582,SL,False
S2-05,ny_or_break,GBPUSD,2015-07-31 14:00:00+00:00,2015-07-31 14:15:00+00:00,2015-07-31 14:30:00+00:00,1,-0.9999999999999736,SL,False
S2-05,ny_or_break,GBPUSD,2015-07-31 14:30:00+00:00,2015-07-31 14:45:00+00:00,2015-07-31 14:45:00+00:00,1,-1.0000000000000127,SL,False
S2-05,ny_or_break,GBPUSD,2015-07-31 14:45:00+00:00,2015-07-31 15:00:00+00:00,2015-07-31 15:15:00+00:00,1,1.2500000000000364,TP,False
S2-05,ny_or_break,GBPUSD,2015-07-31 15:15:00+00:00,2015-07-31 15:30:00+00:00,2015-07-31 16:00:00+00:00,1,-0.06451160379372388,FRIDAY,False
S2-05,ny_or_break,GBPUSD,2015-07-31 16:00:00+00:00,2015-07-31 16:15:00+00:00,2015-07-31 16:15:00+00:00,1,-0.22203625771462138,FRIDAY,False
S2-05,ny_or_break,GBPUSD,2015-07-31 16:15:00+00:00,2015-07-31 16:30:00+00:00,2015-07-31 16:30:00+00:00,1,-0.23877587331712236,FRIDAY,False
S2-05,ny_or_break,GBPUSD,2015-07-31 16:30:00+00:00,2015-07-31 16:45:00+00:00,2015-07-31 16:45:00+00:00,1,-0.33117594887772045,FRIDAY,False
S2-05,ny_or_break,GBPUSD,2015-07-31 16:45:00+00:00,2015-07-31 17:00:00+00:00,2015-07-31 17:00:00+00:00,1,-0.16132134920898147,FRIDAY,False
S2-05,ny_or_break,GBPUSD,2015-08-07 12:45:00+00:00,2015-08-07 13:00:00+00:00,2015-08-07 13:30:00+00:00,-1,1.2500000000000577,TP,False
S2-05,ny_or_break,GBPUSD,2015-08-07 13:30:00+00:00,2015-08-07 13:45:00+00:00,2015-08-07 14:30:00+00:00,-1,-1.0000000000000164,SL,False
S2-05,ny_or_break,GBPUSD,2015-08-07 14:30:00+00:00,2015-08-07 14:45:00+00:00,2015-08-07 14:45:00+00:00,-1,-1.0000000000000275,SL,False
S2-05,ny_or_break,GBPUSD,2015-08-07 14:45:00+00:00,2015-08-07 15:00:00+00:00,2015-08-07 16:00:00+00:00,-1,-0.1771542805036299,FRIDAY,False
S2-05,ny_or_break,GBPUSD,2015-08-07 16:00:00+00:00,2015-08-07 16:15:00+00:00,2015-08-07 16:15:00+00:00,-1,0.09781527020781373,FRIDAY,False
S2-05,ny_or_break,GBPUSD,2015-08-07 16:15:00+00:00,2015-08-07 16:30:00+00:00,2015-08-07 16:30:00+00:00,-1,-0.298565549522069,FRIDAY,False
S2-05,ny_or_break,GBPUSD,2015-08-07 16:30:00+00:00,2015-08-07 16:45:00+00:00,2015-08-07 16:45:00+00:00,-1,-0.20846000559207167,FRIDAY,False
S2-05,ny_or_break,GBPUSD,2015-08-07 16:45:00+00:00,2015-08-07 17:00:00+00:00,2015-08-07 17:00:00+00:00,-1,-0.13045829390293362,FRIDAY,False
S2-05,ny_or_break,GBPUSD,2015-08-12 12:15:00+00:00,2015-08-12 12:30:00+00:00,2015-08-12 13:00:00+00:00,1,-1.0000000000000229,SL,False
S2-05,ny_or_break,GBPUSD,2015-08-12 13:15:00+00:00,2015-08-12 13:30:00+00:00,2015-08-12 14:45:00+00:00,1,1.2500000000000626,TP,False
S2-05,ny_or_break,GBPUSD,2015-08-12 14:45:00+00:00,2015-08-12 15:00:00+00:00,2015-08-12 15:15:00+00:00,1,1.2499999999999818,TP,False
S2-05,ny_or_break,GBPUSD,2015-08-12 15:15:00+00:00,2015-08-12 15:30:00+00:00,2015-08-12 17:45:00+00:00,1,-0.9999999999999478,SL,False
S2-05,ny_or_break,GBPUSD,2015-08-14 14:00:00+00:00,2015-08-14 14:15:00+00:00,2015-08-14 14:45:00+00:00,1,-1.0,SL,False
S2-05,ny_or_break,GBPUSD,2015-08-14 16:45:00+00:00,2015-08-14 17:00:00+00:00,2015-08-14 17:00:00+00:00,1,-0.43397466896323145,FRIDAY,False
S2-05,ny_or_break,GBPUSD,2015-08-20 15:30:00+00:00,2015-08-20 15:45:00+00:00,2015-08-20 18:15:00+00:00,1,-1.0000000000000608,SL,False
S2-05,ny_or_break,GBPUSD,2015-08-24 12:15:00+00:00,2015-08-24 12:30:00+00:00,2015-08-24 12:45:00+00:00,1,1.2500000000000664,TP,False
S2-05,ny_or_break,GBPUSD,2015-08-24 12:45:00+00:00,2015-08-24 13:00:00+00:00,2015-08-24 13:00:00+00:00,1,1.2499999999999782,TP,False
S2-05,ny_or_break,GBPUSD,2015-08-24 13:00:00+00:00,2015-08-24 13:15:00+00:00,2015-08-24 13:15:00+00:00,1,-1.0000000000000204,SL,False
S2-05,ny_or_break,GBPUSD,2015-08-24 13:15:00+00:00,2015-08-24 13:30:00+00:00,2015-08-24 13:30:00+00:00,1,-1.0000000000000182,SL,False
S2-05,ny_or_break,GBPUSD,2015-08-24 13:30:00+00:00,2015-08-24 13:45:00+00:00,2015-08-24 13:45:00+00:00,1,-1.0000000000000169,SL,False
S2-05,ny_or_break,GBPUSD,2015-08-24 13:45:00+00:00,2015-08-24 14:00:00+00:00,2015-08-24 14:00:00+00:00,1,-1.0000000000000158,SL,False
S2-05,ny_or_break,GBPUSD,2015-08-24 14:00:00+00:00,2015-08-24 14:15:00+00:00,2015-08-24 14:15:00+00:00,1,-1.000000000000045,SL,False
S2-05,ny_or_break,GBPUSD,2015-08-24 14:15:00+00:00,2015-08-24 14:30:00+00:00,2015-08-24 14:30:00+00:00,1,-1.0000000000000286,SL,False
S2-05,ny_or_break,GBPUSD,2015-08-24 14:30:00+00:00,2015-08-24 14:45:00+00:00,2015-08-24 15:00:00+00:00,1,-1.0,SL,False
S2-05,ny_or_break,GBPUSD,2015-08-26 12:15:00+00:00,2015-08-26 12:30:00+00:00,2015-08-26 14:15:00+00:00,-1,1.2499999999999816,TP,False
S2-05,ny_or_break,GBPUSD,2015-08-26 14:15:00+00:00,2015-08-26 14:30:00+00:00,2015-08-26 14:45:00+00:00,-1,-1.000000000000052,SL,False
S2-05,ny_or_break,GBPUSD,2015-08-26 14:45:00+00:00,2015-08-26 15:00:00+00:00,2015-08-26 15:00:00+00:00,-1,1.2500000000000324,TP,False
S2-05,ny_or_break,GBPUSD,2015-08-26 15:00:00+00:00,2015-08-26 15:15:00+00:00,2015-08-26 15:15:00+00:00,-1,1.2499999999999845,TP,False
S2-05,ny_or_break,GBPUSD,2015-08-26 15:15:00+00:00,2015-08-26 15:30:00+00:00,2015-08-26 19:15:00+00:00,-1,1.1549575960632394,TIME,False
S2-05,ny_or_break,GBPUSD,2015-08-27 12:30:00+00:00,2015-08-27 12:45:00+00:00,2015-08-27 12:45:00+00:00,-1,1.249999999999941,TP,False
S2-05,ny_or_break,GBPUSD,2015-08-27 12:45:00+00:00,2015-08-27 13:00:00+00:00,2015-08-27 13:15:00+00:00,-1,1.250000000000056,TP,False
S2-05,ny_or_break,GBPUSD,2015-08-27 13:15:00+00:00,2015-08-27 13:30:00+00:00,2015-08-27 13:30:00+00:00,-1,-0.9999999999999466,SL,False
S2-05,ny_or_break,GBPUSD,2015-08-27 13:30:00+00:00,2015-08-27 13:45:00+00:00,2015-08-27 14:45:00+00:00,-1,1.2500000000000504,TP,False
S2-05,ny_or_break,GBPUSD,2015-08-27 14:45:00+00:00,2015-08-27 15:00:00+00:00,2015-08-27 15:00:00+00:00,-1,-1.0,SL,False
S2-05,ny_or_break,GBPUSD,2015-08-27 15:00:00+00:00,2015-08-27 15:15:00+00:00,2015-08-27 15:45:00+00:00,-1,-1.0,SL,False
S2-05,ny_or_break,GBPUSD,2015-08-27 15:45:00+00:00,2015-08-27 16:00:00+00:00,2015-08-27 19:15:00+00:00,-1,-0.9999999999999537,SL,False
S2-05,ny_or_break,GBPUSD,2015-08-28 13:00:00+00:00,2015-08-28 13:15:00+00:00,2015-08-28 13:45:00+00:00,-1,-0.9999999999999807,SL,False
S2-05,ny_or_break,GBPUSD,2015-08-28 14:15:00+00:00,2015-08-28 14:30:00+00:00,2015-08-28 14:45:00+00:00,-1,1.2499999999999631,TP,False
S2-05,ny_or_break,GBPUSD,2015-08-28 14:45:00+00:00,2015-08-28 15:00:00+00:00,2015-08-28 15:15:00+00:00,-1,-1.0,SL,False
S2-05,ny_or_break,GBPUSD,2015-08-28 15:30:00+00:00,2015-08-28 15:45:00+00:00,2015-08-28 16:00:00+00:00,-1,-1.0227575214840863,FRIDAY,False
S2-05,ny_or_break,GBPUSD,2015-08-31 14:15:00+00:00,2015-08-31 14:30:00+00:00,2015-08-31 14:30:00+00:00,-1,1.2499999999999385,TP,False
S2-05,ny_or_break,GBPUSD,2015-08-31 14:30:00+00:00,2015-08-31 14:45:00+00:00,2015-08-31 14:45:00+00:00,-1,1.250000000000087,TP,False
S2-05,ny_or_break,GBPUSD,2015-08-31 14:45:00+00:00,2015-08-31 15:00:00+00:00,2015-08-31 15:15:00+00:00,-1,1.2500000000000266,TP,False
S2-05,ny_or_break,GBPUSD,2015-08-31 15:15:00+00:00,2015-08-31 15:30:00+00:00,2015-08-31 16:30:00+00:00,-1,1.2500000000000484,TP,False
S2-05,ny_or_break,GBPUSD,2015-08-31 16:30:00+00:00,2015-08-31 16:45:00+00:00,2015-08-31 17:15:00+00:00,-1,-1.0,SL,False
S2-05,ny_or_break,GBPUSD,2015-09-01 14:00:00+00:00,2015-09-01 14:15:00+00:00,2015-09-01 14:45:00+00:00,-1,-0.9999999999999678,SL,False
S2-05,ny_or_break,GBPUSD,2015-09-03 14:45:00+00:00,2015-09-03 15:00:00+00:00,2015-09-03 15:45:00+00:00,-1,-1.0,SL,False
S2-05,ny_or_break,GBPUSD,2015-09-04 12:45:00+00:00,2015-09-04 13:00:00+00:00,2015-09-04 14:30:00+00:00,-1,1.2499999999999405,TP,False
S2-05,ny_or_break,GBPUSD,2015-09-04 14:30:00+00:00,2015-09-04 14:45:00+00:00,2015-09-04 16:00:00+00:00,-1,-1.141668838066986,FRIDAY,False
S2-05,ny_or_break,GBPUSD,2015-09-04 16:00:00+00:00,2015-09-04 16:15:00+00:00,2015-09-04 16:15:00+00:00,-1,-0.2246136931295338,FRIDAY,False
S2-05,ny_or_break,GBPUSD,2015-09-04 16:15:00+00:00,2015-09-04 16:30:00+00:00,2015-09-04 16:30:00+00:00,-1,0.12463431622939401,FRIDAY,False
S2-05,ny_or_break,GBPUSD,2015-09-04 16:30:00+00:00,2015-09-04 16:45:00+00:00,2015-09-04 16:45:00+00:00,-1,-0.10341696146599981,FRIDAY,False
S2-05,ny_or_break,GBPUSD,2015-09-04 16:45:00+00:00,2015-09-04 17:00:00+00:00,2015-09-04 17:00:00+00:00,-1,-0.7141929152903128,FRIDAY,False
S2-05,ny_or_break,GBPUSD,2015-09-10 15:00:00+00:00,2015-09-10 15:15:00+00:00,2015-09-10 15:15:00+00:00,1,1.2499999999999278,TP,False
S2-05,ny_or_break,GBPUSD,2015-09-10 15:15:00+00:00,2015-09-10 15:30:00+00:00,2015-09-10 15:45:00+00:00,1,-0.9999999999999759,SL,False
S2-05,ny_or_break,GBPUSD,2015-09-10 15:45:00+00:00,2015-09-10 16:00:00+00:00,2015-09-10 16:15:00+00:00,1,-0.9999999999999322,SL,False
S2-05,ny_or_break,GBPUSD,2015-09-15 13:00:00+00:00,2015-09-15 13:15:00+00:00,2015-09-15 14:00:00+00:00,-1,1.25,TP,False
S2-05,ny_or_break,GBPUSD,2015-09-15 14:00:00+00:00,2015-09-15 14:15:00+00:00,2015-09-15 14:30:00+00:00,-1,1.2499999999999716,TP,False
S2-05,ny_or_break,GBPUSD,2015-09-15 14:30:00+00:00,2015-09-15 14:45:00+00:00,2015-09-15 14:45:00+00:00,-1,1.2499999999999702,TP,False
S2-05,ny_or_break,GBPUSD,2015-09-15 14:45:00+00:00,2015-09-15 15:00:00+00:00,2015-09-15 16:15:00+00:00,-1,1.2499999999999434,TP,False
S2-05,ny_or_break,GBPUSD,2015-09-15 16:15:00+00:00,2015-09-15 16:30:00+00:00,2015-09-15 17:00:00+00:00,-1,-0.9999999999999679,SL,False
S2-05,ny_or_break,GBPUSD,2015-09-16 15:00:00+00:00,2015-09-16 15:15:00+00:00,2015-09-16 16:00:00+00:00,1,-1.000000000000019,SL,False
S2-05,ny_or_break,GBPUSD,2015-09-16 16:00:00+00:00,2015-09-16 16:15:00+00:00,2015-09-16 16:45:00+00:00,1,-0.999999999999979,SL,False
S2-05,ny_or_break,GBPUSD,2015-09-16 16:45:00+00:00,2015-09-16 17:00:00+00:00,2015-09-16 18:00:00+00:00,1,1.2499999999999776,TP,False
S2-05,ny_or_break,GBPUSD,2015-09-21 15:00:00+00:00,2015-09-21 15:15:00+00:00,2015-09-21 15:15:00+00:00,-1,-0.9999999999999765,SL,False
S2-05,ny_or_break,GBPUSD,2015-09-21 15:45:00+00:00,2015-09-21 16:00:00+00:00,2015-09-21 19:45:00+00:00,-1,0.09224823972490584,TIME,False
S2-05,ny_or_break,GBPUSD,2015-09-22 13:00:00+00:00,2015-09-22 13:15:00+00:00,2015-09-22 13:30:00+00:00,-1,1.2500000000000249,TP,False
S2-05,ny_or_break,GBPUSD,2015-09-22 13:30:00+00:00,2015-09-22 13:45:00+00:00,2015-09-22 13:45:00+00:00,-1,-1.0000000000000757,SL,False
S2-05,ny_or_break,GBPUSD,2015-09-22 13:45:00+00:00,2015-09-22 14:00:00+00:00,2015-09-22 14:00:00+00:00,-1,1.2500000000000502,TP,False
S2-05,ny_or_break,GBPUSD,2015-09-22 14:00:00+00:00,2015-09-22 14:15:00+00:00,2015-09-22 14:30:00+00:00,-1,1.2500000000000484,TP,False
S2-05,ny_or_break,GBPUSD,2015-09-22 14:30:00+00:00,2015-09-22 14:45:00+00:00,2015-09-22 14:45:00+00:00,-1,1.249999999999927,TP,False
S2-05,ny_or_break,GBPUSD,2015-09-22 14:45:00+00:00,2015-09-22 15:00:00+00:00,2015-09-22 15:15:00+00:00,-1,-1.0000000000000226,SL,False
S2-05,ny_or_break,GBPUSD,2015-09-22 15:15:00+00:00,2015-09-22 15:30:00+00:00,2015-09-22 19:15:00+00:00,-1,-0.8281890988868306,TIME,False
S2-05,ny_or_break,GBPUSD,2015-09-23 12:00:00+00:00,2015-09-23 12:15:00+00:00,2015-09-23 12:30:00+00:00,-1,1.25,TP,False
S2-05,ny_or_break,GBPUSD,2015-09-23 12:30:00+00:00,2015-09-23 12:45:00+00:00,2015-09-23 13:00:00+00:00,-1,1.2500000000000646,TP,False
S2-05,ny_or_break,GBPUSD,2015-09-23 13:00:00+00:00,2015-09-23 13:15:00+00:00,2015-09-23 13:15:00+00:00,-1,-1.0000000000000413,SL,False
S2-05,ny_or_break,GBPUSD,2015-09-23 13:15:00+00:00,2015-09-23 13:30:00+00:00,2015-09-23 14:00:00+00:00,-1,1.2500000000000202,TP,False
S2-05,ny_or_break,GBPUSD,2015-09-23 14:00:00+00:00,2015-09-23 14:15:00+00:00,2015-09-23 14:30:00+00:00,-1,-1.0,SL,False
S2-05,ny_or_break,GBPUSD,2015-09-23 14:30:00+00:00,2015-09-23 14:45:00+00:00,2015-09-23 16:45:00+00:00,-1,-1.0,SL,False
S2-05,ny_or_break,GBPUSD,2015-09-23 16:45:00+00:00,2015-09-23 17:00:00+00:00,2015-09-23 19:00:00+00:00,-1,1.2500000000000384,TP,False
S2-05,ny_or_break,GBPUSD,2015-09-24 12:00:00+00:00,2015-09-24 12:15:00+00:00,2015-09-24 13:15:00+00:00,-1,-1.000000000000039,SL,False
S2-05,ny_or_break,GBPUSD,2015-09-28 13:15:00+00:00,2015-09-28 13:30:00+00:00,2015-09-28 13:30:00+00:00,-1,-0.9999999999999518,SL,False
S2-05,ny_or_break,GBPUSD,2015-09-28 13:30:00+00:00,2015-09-28 13:45:00+00:00,2015-09-28 14:15:00+00:00,-1,-1.000000000000068,SL,False
S2-05,ny_or_break,GBPUSD,2015-09-28 14:45:00+00:00,2015-09-28 15:00:00+00:00,2015-09-28 15:15:00+00:00,-1,-1.000000000000056,SL,False
S2-05,ny_or_break,GBPUSD,2015-09-29 14:45:00+00:00,2015-09-29 15:00:00+00:00,2015-09-29 15:00:00+00:00,-1,-0.9999999999999387,SL,False
S2-05,ny_or_break,GBPUSD,2015-09-30 15:30:00+00:00,2015-09-30 15:45:00+00:00,2015-09-30 19:30:00+00:00,-1,-0.20142821965033242,TIME,False
S2-05,ny_or_break,GBPUSD,2015-10-02 13:00:00+00:00,2015-10-02 13:15:00+00:00,2015-10-02 14:30:00+00:00,1,1.2499999999999485,TP,False
S2-05,ny_or_break,GBPUSD,2015-10-02 14:30:00+00:00,2015-10-02 14:45:00+00:00,2015-10-02 16:00:00+00:00,1,-0.06253525724037366,FRIDAY,False
S2-05,ny_or_break,GBPUSD,2015-10-02 16:00:00+00:00,2015-10-02 16:15:00+00:00,2015-10-02 16:15:00+00:00,1,-0.26520171972032835,FRIDAY,False
S2-05,ny_or_break,GBPUSD,2015-10-02 16:15:00+00:00,2015-10-02 16:30:00+00:00,2015-10-02 16:30:00+00:00,1,-0.2299135184342285,FRIDAY,False
S2-05,ny_or_break,GBPUSD,2015-10-02 16:30:00+00:00,2015-10-02 16:45:00+00:00,2015-10-02 16:45:00+00:00,1,-0.20792454129229923,FRIDAY,False
S2-05,ny_or_break,GBPUSD,2015-10-02 16:45:00+00:00,2015-10-02 17:00:00+00:00,2015-10-02 17:00:00+00:00,1,-0.5912689794064802,FRIDAY,False
S2-05,ny_or_break,GBPUSD,2015-10-06 15:00:00+00:00,2015-10-06 15:15:00+00:00,2015-10-06 19:00:00+00:00,1,0.6833215937279883,TIME,False
S2-05,ny_or_break,GBPUSD,2015-10-07 12:45:00+00:00,2015-10-07 13:00:00+00:00,2015-10-07 13:15:00+00:00,1,-1.0000000000000602,SL,False
S2-05,ny_or_break,GBPUSD,2015-10-07 15:00:00+00:00,2015-10-07 15:15:00+00:00,2015-10-07 15:15:00+00:00,1,-1.0000000000000753,SL,False
S2-05,ny_or_break,GBPUSD,2015-10-07 16:00:00+00:00,2015-10-07 16:15:00+00:00,2015-10-07 20:00:00+00:00,1,0.09558078121675574,TIME,False
S2-05,ny_or_break,GBPUSD,2015-10-12 12:30:00+00:00,2015-10-12 12:45:00+00:00,2015-10-12 13:30:00+00:00,1,-0.9999999999999387,SL,False
S2-05,ny_or_break,GBPUSD,2015-10-13 12:00:00+00:00,2015-10-13 12:15:00+00:00,2015-10-13 12:45:00+00:00,-1,-0.9999999999999598,SL,False
S2-05,ny_or_break,GBPUSD,2015-10-13 12:45:00+00:00,2015-10-13 13:00:00+00:00,2015-10-13 14:15:00+00:00,-1,-1.0000000000000229,SL,False
S2-05,ny_or_break,GBPUSD,2015-10-13 14:15:00+00:00,2015-10-13 14:30:00+00:00,2015-10-13 15:00:00+00:00,-1,-0.9999999999999327,SL,False
S2-05,ny_or_break,GBPUSD,2015-10-14 12:00:00+00:00,2015-10-14 12:15:00+00:00,2015-10-14 12:30:00+00:00,1,1.2499999999999405,TP,False
S2-05,ny_or_break,GBPUSD,2015-10-14 12:30:00+00:00,2015-10-14 12:45:00+00:00,2015-10-14 14:45:00+00:00,1,1.24999999999998,TP,False
S2-05,ny_or_break,GBPUSD,2015-10-14 14:45:00+00:00,2015-10-14 15:00:00+00:00,2015-10-14 16:15:00+00:00,1,1.25,TP,False
S2-05,ny_or_break,GBPUSD,2015-10-14 16:15:00+00:00,2015-10-14 16:30:00+00:00,2015-10-14 18:00:00+00:00,1,1.250000000000071,TP,False
S2-05,ny_or_break,GBPUSD,2015-10-22 13:00:00+00:00,2015-10-22 13:15:00+00:00,2015-10-22 15:15:00+00:00,-1,-1.0,SL,False
S2-05,ny_or_break,GBPUSD,2015-10-22 15:15:00+00:00,2015-10-22 15:30:00+00:00,2015-10-22 15:45:00+00:00,-1,1.2500000000000169,TP,False
S2-05,ny_or_break,GBPUSD,2015-10-22 15:45:00+00:00,2015-10-22 16:00:00+00:00,2015-10-22 16:15:00+00:00,-1,1.2499999999999463,TP,False
S2-05,ny_or_break,GBPUSD,2015-10-22 16:15:00+00:00,2015-10-22 16:30:00+00:00,2015-10-22 17:00:00+00:00,-1,-0.9999999999999585,SL,False
S2-05,ny_or_break,GBPUSD,2015-10-23 13:00:00+00:00,2015-10-23 13:15:00+00:00,2015-10-23 14:15:00+00:00,-1,1.2500000000000446,TP,False
S2-05,ny_or_break,GBPUSD,2015-10-23 14:15:00+00:00,2015-10-23 14:30:00+00:00,2015-10-23 14:45:00+00:00,-1,-0.9999999999999327,SL,False
S2-05,ny_or_break,GBPUSD,2015-10-23 14:45:00+00:00,2015-10-23 15:00:00+00:00,2015-10-23 15:15:00+00:00,-1,1.2500000000000664,TP,False
S2-05,ny_or_break,GBPUSD,2015-10-23 15:15:00+00:00,2015-10-23 15:30:00+00:00,2015-10-23 16:00:00+00:00,-1,-1.2325391710063256,FRIDAY,False
S2-05,ny_or_break,GBPUSD,2015-10-23 16:00:00+00:00,2015-10-23 16:15:00+00:00,2015-10-23 16:15:00+00:00,-1,0.1277738464609076,FRIDAY,False
S2-05,ny_or_break,GBPUSD,2015-10-23 16:15:00+00:00,2015-10-23 16:30:00+00:00,2015-10-23 16:30:00+00:00,-1,0.15460790212595266,FRIDAY,False
S2-05,ny_or_break,GBPUSD,2015-10-23 16:30:00+00:00,2015-10-23 16:45:00+00:00,2015-10-23 16:45:00+00:00,-1,-0.03292757194156476,FRIDAY,False
S2-05,ny_or_break,GBPUSD,2015-10-23 16:45:00+00:00,2015-10-23 17:00:00+00:00,2015-10-23 17:00:00+00:00,-1,0.11579866982301883,FRIDAY,False
S2-05,ny_or_break,GBPUSD,2015-10-27 14:00:00+00:00,2015-10-27 14:15:00+00:00,2015-10-27 15:45:00+00:00,-1,-1.0000000000000262,SL,False
S2-05,ny_or_break,GBPUSD,2015-10-27 16:15:00+00:00,2015-10-27 16:30:00+00:00,2015-10-27 20:15:00+00:00,-1,0.5813197399052742,TIME,False
S2-05,ny_or_break,GBPUSD,2015-10-28 12:00:00+00:00,2015-10-28 12:15:00+00:00,2015-10-28 12:15:00+00:00,-1,-1.0000000000001208,SL,False
S2-05,ny_or_break,GBPUSD,2015-10-29 12:45:00+00:00,2015-10-29 13:00:00+00:00,2015-10-29 13:15:00+00:00,-1,-1.0000000000000993,SL,False
S2-05,ny_or_break,GBPUSD,2015-10-30 13:45:00+00:00,2015-10-30 14:00:00+00:00,2015-10-30 14:30:00+00:00,1,1.2499999999999545,TP,False
S2-05,ny_or_break,GBPUSD,2015-10-30 14:30:00+00:00,2015-10-30 14:45:00+00:00,2015-10-30 15:15:00+00:00,1,1.249999999999934,TP,False
S2-05,ny_or_break,GBPUSD,2015-10-30 15:15:00+00:00,2015-10-30 15:30:00+00:00,2015-10-30 15:45:00+00:00,1,1.2500000000000582,TP,False
S2-05,ny_or_break,GBPUSD,2015-10-30 15:45:00+00:00,2015-10-30 16:00:00+00:00,2015-10-30 16:00:00+00:00,1,0.5103630141383414,FRIDAY,False
S2-05,ny_or_break,GBPUSD,2015-10-30 16:00:00+00:00,2015-10-30 16:15:00+00:00,2015-10-30 16:15:00+00:00,1,0.07477687860139723,FRIDAY,False
S2-05,ny_or_break,GBPUSD,2015-10-30 16:15:00+00:00,2015-10-30 16:30:00+00:00,2015-10-30 16:30:00+00:00,1,-0.4451614737320901,FRIDAY,False
S2-05,ny_or_break,GBPUSD,2015-10-30 16:30:00+00:00,2015-10-30 16:45:00+00:00,2015-10-30 16:45:00+00:00,1,0.7336340017131472,FRIDAY,False
S2-05,ny_or_break,GBPUSD,2015-10-30 16:45:00+00:00,2015-10-30 17:00:00+00:00,2015-10-30 17:00:00+00:00,1,-0.21030014606794517,FRIDAY,False
S2-05,ny_or_break,GBPUSD,2015-11-05 13:00:00+00:00,2015-11-05 13:15:00+00:00,2015-11-05 13:30:00+00:00,-1,1.2500000000000322,TP,False
S2-05,ny_or_break,GBPUSD,2015-11-05 13:30:00+00:00,2015-11-05 13:45:00+00:00,2015-11-05 17:30:00+00:00,-1,0.8855634760842357,TIME,False
S2-05,ny_or_break,GBPUSD,2015-11-06 12:15:00+00:00,2015-11-06 12:30:00+00:00,2015-11-06 13:00:00+00:00,-1,-0.9999999999999516,SL,False
S2-05,ny_or_break,GBPUSD,2015-11-06 13:15:00+00:00,2015-11-06 13:30:00+00:00,2015-11-06 13:30:00+00:00,-1,-1.0,SL,True
S2-05,ny_or_break,GBPUSD,2015-11-06 13:30:00+00:00,2015-11-06 13:45:00+00:00,2015-11-06 14:30:00+00:00,-1,-1.0,SL,False
S2-05,ny_or_break,GBPUSD,2015-11-06 14:30:00+00:00,2015-11-06 14:45:00+00:00,2015-11-06 16:00:00+00:00,-1,-0.2233215708940468,FRIDAY,False
S2-05,ny_or_break,GBPUSD,2015-11-06 16:00:00+00:00,2015-11-06 16:15:00+00:00,2015-11-06 16:15:00+00:00,-1,0.16171834803214657,FRIDAY,False
S2-05,ny_or_break,GBPUSD,2015-11-06 16:15:00+00:00,2015-11-06 16:30:00+00:00,2015-11-06 16:30:00+00:00,-1,0.22902830893903772,FRIDAY,False
S2-05,ny_or_break,GBPUSD,2015-11-06 16:30:00+00:00,2015-11-06 16:45:00+00:00,2015-11-06 16:45:00+00:00,-1,-0.19433004853654948,FRIDAY,False
S2-05,ny_or_break,GBPUSD,2015-11-06 16:45:00+00:00,2015-11-06 17:00:00+00:00,2015-11-06 17:00:00+00:00,-1,0.7340756304215447,FRIDAY,False
S2-05,ny_or_break,GBPUSD,2015-11-11 13:15:00+00:00,2015-11-11 13:30:00+00:00,2015-11-11 15:15:00+00:00,1,1.2500000000000506,TP,False
S2-05,ny_or_break,GBPUSD,2015-11-11 15:15:00+00:00,2015-11-11 15:30:00+00:00,2015-11-11 16:15:00+00:00,1,1.25,TP,False
S2-05,ny_or_break,GBPUSD,2015-11-11 16:15:00+00:00,2015-11-11 16:30:00+00:00,2015-11-11 17:15:00+00:00,1,-0.9999999999999488,SL,False
S2-05,ny_or_break,GBPUSD,2015-11-12 15:00:00+00:00,2015-11-12 15:15:00+00:00,2015-11-12 15:30:00+00:00,1,-0.9999999999999344,SL,False
S2-05,ny_or_break,GBPUSD,2015-11-19 15:45:00+00:00,2015-11-19 16:00:00+00:00,2015-11-19 16:15:00+00:00,1,1.2500000000000544,TP,False
S2-05,ny_or_break,GBPUSD,2015-11-19 16:15:00+00:00,2015-11-19 16:30:00+00:00,2015-11-19 17:15:00+00:00,1,-1.0,SL,False
S2-05,ny_or_break,GBPUSD,2015-11-23 16:45:00+00:00,2015-11-23 17:00:00+00:00,2015-11-23 20:45:00+00:00,-1,0.7151180143503539,TIME,False
S2-05,ny_or_break,GBPUSD,2015-11-24 12:30:00+00:00,2015-11-24 12:45:00+00:00,2015-11-24 13:00:00+00:00,-1,1.25,TP,False
S2-05,ny_or_break,GBPUSD,2015-11-24 13:00:00+00:00,2015-11-24 13:15:00+00:00,2015-11-24 15:00:00+00:00,-1,1.2500000000000726,TP,False
S2-05,ny_or_break,GBPUSD,2015-11-24 15:00:00+00:00,2015-11-24 15:15:00+00:00,2015-11-24 18:00:00+00:00,-1,-1.0000000000000542,SL,False
S2-05,ny_or_break,GBPUSD,2015-12-02 12:15:00+00:00,2015-12-02 12:30:00+00:00,2015-12-02 13:15:00+00:00,-1,1.2500000000000546,TP,False
S2-05,ny_or_break,GBPUSD,2015-12-02 13:15:00+00:00,2015-12-02 13:30:00+00:00,2015-12-02 13:45:00+00:00,-1,1.2499999999999423,TP,False
S2-05,ny_or_break,GBPUSD,2015-12-02 13:45:00+00:00,2015-12-02 14:00:00+00:00,2015-12-02 14:00:00+00:00,-1,-0.9999999999999702,SL,False
S2-05,ny_or_break,GBPUSD,2015-12-02 14:00:00+00:00,2015-12-02 14:15:00+00:00,2015-12-02 14:30:00+00:00,-1,1.2499999999999711,TP,False
S2-05,ny_or_break,GBPUSD,2015-12-02 14:30:00+00:00,2015-12-02 14:45:00+00:00,2015-12-02 14:45:00+00:00,-1,1.25,TP,False
S2-05,ny_or_break,GBPUSD,2015-12-02 14:45:00+00:00,2015-12-02 15:00:00+00:00,2015-12-02 15:30:00+00:00,-1,1.25,TP,False
S2-05,ny_or_break,GBPUSD,2015-12-02 15:30:00+00:00,2015-12-02 15:45:00+00:00,2015-12-02 16:45:00+00:00,-1,1.2499999999999565,TP,False
S2-05,ny_or_break,GBPUSD,2015-12-02 16:45:00+00:00,2015-12-02 17:00:00+00:00,2015-12-02 17:15:00+00:00,-1,1.2500000000000226,TP,False
S2-05,ny_or_break,GBPUSD,2015-12-04 13:00:00+00:00,2015-12-04 13:15:00+00:00,2015-12-04 13:15:00+00:00,1,1.25,TP,False
S2-05,ny_or_break,GBPUSD,2015-12-04 13:15:00+00:00,2015-12-04 13:30:00+00:00,2015-12-04 13:30:00+00:00,1,-0.9999999999999146,SL,False
S2-05,ny_or_break,GBPUSD,2015-12-04 15:00:00+00:00,2015-12-04 15:15:00+00:00,2015-12-04 15:45:00+00:00,1,-0.9999999999999534,SL,False
S2-05,ny_or_break,GBPUSD,2015-12-08 12:15:00+00:00,2015-12-08 12:30:00+00:00,2015-12-08 12:45:00+00:00,-1,1.250000000000044,TP,False
S2-05,ny_or_break,GBPUSD,2015-12-08 12:45:00+00:00,2015-12-08 13:00:00+00:00,2015-12-08 13:00:00+00:00,-1,1.250000000000047,TP,False
S2-05,ny_or_break,GBPUSD,2015-12-08 13:00:00+00:00,2015-12-08 13:15:00+00:00,2015-12-08 13:30:00+00:00,-1,-1.0000000000000497,SL,False
S2-05,ny_or_break,GBPUSD,2015-12-08 13:30:00+00:00,2015-12-08 13:45:00+00:00,2015-12-08 14:15:00+00:00,-1,-0.9999999999999747,SL,False
S2-05,ny_or_break,GBPUSD,2015-12-08 14:15:00+00:00,2015-12-08 14:30:00+00:00,2015-12-08 15:45:00+00:00,-1,-1.0000000000000242,SL,False
S2-05,ny_or_break,GBPUSD,2015-12-08 15:45:00+00:00,2015-12-08 16:00:00+00:00,2015-12-08 16:15:00+00:00,-1,-0.9999999999999576,SL,False
S2-05,ny_or_break,GBPUSD,2015-12-09 14:00:00+00:00,2015-12-09 14:15:00+00:00,2015-12-09 14:15:00+00:00,1,1.25,TP,False
S2-05,ny_or_break,GBPUSD,2015-12-09 14:15:00+00:00,2015-12-09 14:30:00+00:00,2015-12-09 14:45:00+00:00,1,1.2499999999999556,TP,False
S2-05,ny_or_break,GBPUSD,2015-12-09 14:45:00+00:00,2015-12-09 15:00:00+00:00,2015-12-09 15:30:00+00:00,1,1.249999999999958,TP,False
S2-05,ny_or_break,GBPUSD,2015-12-09 15:30:00+00:00,2015-12-09 15:45:00+00:00,2015-12-09 15:45:00+00:00,1,1.24999999999998,TP,False
S2-05,ny_or_break,GBPUSD,2015-12-09 15:45:00+00:00,2015-12-09 16:00:00+00:00,2015-12-09 16:45:00+00:00,1,-1.0,SL,False
S2-05,ny_or_break,GBPUSD,2015-12-09 16:45:00+00:00,2015-12-09 17:00:00+00:00,2015-12-09 19:30:00+00:00,1,1.250000000000019,TP,False
S2-05,ny_or_break,GBPUSD,2015-12-11 14:00:00+00:00,2015-12-11 14:15:00+00:00,2015-12-11 14:15:00+00:00,1,1.2500000000000577,TP,False
S2-05,ny_or_break,GBPUSD,2015-12-11 14:15:00+00:00,2015-12-11 14:30:00+00:00,2015-12-11 16:00:00+00:00,1,0.005937774546335848,FRIDAY,False
S2-05,ny_or_break,GBPUSD,2015-12-11 16:00:00+00:00,2015-12-11 16:15:00+00:00,2015-12-11 16:15:00+00:00,1,-0.7091864090911457,FRIDAY,False
S2-05,ny_or_break,GBPUSD,2015-12-11 16:15:00+00:00,2015-12-11 16:30:00+00:00,2015-12-11 16:30:00+00:00,1,0.5787128529269959,FRIDAY,False
S2-05,ny_or_break,GBPUSD,2015-12-11 16:30:00+00:00,2015-12-11 16:45:00+00:00,2015-12-11 16:45:00+00:00,1,-0.22371080563404128,FRIDAY,False
S2-05,ny_or_break,GBPUSD,2015-12-11 16:45:00+00:00,2015-12-11 17:00:00+00:00,2015-12-11 17:00:00+00:00,1,0.31657608695652173,FRIDAY,False
S2-05,ny_or_break,GBPUSD,2015-12-15 15:00:00+00:00,2015-12-15 15:15:00+00:00,2015-12-15 15:15:00+00:00,-1,1.25,TP,False
S2-05,ny_or_break,GBPUSD,2015-12-15 15:15:00+00:00,2015-12-15 15:30:00+00:00,2015-12-15 15:30:00+00:00,-1,1.250000000000064,TP,False
S2-05,ny_or_break,GBPUSD,2015-12-15 15:30:00+00:00,2015-12-15 15:45:00+00:00,2015-12-15 15:45:00+00:00,-1,1.2500000000000193,TP,False
S2-05,ny_or_break,GBPUSD,2015-12-15 15:45:00+00:00,2015-12-15 16:00:00+00:00,2015-12-15 17:30:00+00:00,-1,-0.9999999999999835,SL,False
S2-05,ny_or_break,GBPUSD,2015-12-17 13:15:00+00:00,2015-12-17 13:30:00+00:00,2015-12-17 13:30:00+00:00,-1,-1.0000000000000235,SL,False
S2-05,ny_or_break,GBPUSD,2015-12-17 13:30:00+00:00,2015-12-17 13:45:00+00:00,2015-12-17 14:00:00+00:00,-1,-1.0000000000000495,SL,False
S2-05,ny_or_break,GBPUSD,2015-12-17 14:45:00+00:00,2015-12-17 15:00:00+00:00,2015-12-17 15:45:00+00:00,-1,1.249999999999952,TP,False
S2-05,ny_or_break,GBPUSD,2015-12-17 15:45:00+00:00,2015-12-17 16:00:00+00:00,2015-12-17 18:00:00+00:00,-1,-0.9999999999999784,SL,False
S2-05,ny_or_break,GBPUSD,2015-12-18 13:45:00+00:00,2015-12-18 14:00:00+00:00,2015-12-18 15:00:00+00:00,-1,-1.0000000000000469,SL,False
S2-05,ny_or_break,GBPUSD,2015-12-18 15:45:00+00:00,2015-12-18 16:00:00+00:00,2015-12-18 16:00:00+00:00,-1,-0.31692062292742307,FRIDAY,False
S2-05,ny_or_break,GBPUSD,2015-12-18 16:00:00+00:00,2015-12-18 16:15:00+00:00,2015-12-18 16:15:00+00:00,-1,-0.8549531186302487,FRIDAY,False
S2-05,ny_or_break,GBPUSD,2015-12-21 16:15:00+00:00,2015-12-21 16:30:00+00:00,2015-12-21 16:30:00+00:00,-1,-1.0,SL,False
S2-05,ny_or_break,GBPUSD,2015-12-22 12:15:00+00:00,2015-12-22 12:30:00+00:00,2015-12-22 12:45:00+00:00,-1,-1.0000000000000304,SL,False
S2-05,ny_or_break,GBPUSD,2015-12-22 13:30:00+00:00,2015-12-22 13:45:00+00:00,2015-12-22 14:15:00+00:00,-1,1.2499999999999034,TP,False
S2-05,ny_or_break,GBPUSD,2015-12-22 14:15:00+00:00,2015-12-22 14:30:00+00:00,2015-12-22 14:30:00+00:00,-1,1.2499999999999403,TP,False
S2-05,ny_or_break,GBPUSD,2015-12-22 14:30:00+00:00,2015-12-22 14:45:00+00:00,2015-12-22 16:00:00+00:00,-1,1.2499999999999427,TP,False
S2-05,ny_or_break,GBPUSD,2015-12-22 16:00:00+00:00,2015-12-22 16:15:00+00:00,2015-12-22 20:00:00+00:00,-1,0.31923985862374255,TIME,False
S2-05,ny_or_break,GBPUSD,2015-12-24 12:15:00+00:00,2015-12-24 12:30:00+00:00,2015-12-24 12:30:00+00:00,1,-1.0000000000000517,SL,False
S2-05,ny_or_break,GBPUSD,2015-12-24 14:30:00+00:00,2015-12-24 14:45:00+00:00,2015-12-24 15:30:00+00:00,1,-1.0,SL,False
S2-05,ny_or_break,GBPUSD,2015-12-24 15:45:00+00:00,2015-12-24 16:00:00+00:00,2015-12-24 17:45:00+00:00,1,-1.0000000000000675,SL,False
S2-05,ny_or_break,GBPUSD,2015-12-29 12:45:00+00:00,2015-12-29 13:00:00+00:00,2015-12-29 13:00:00+00:00,-1,1.2499999999999152,TP,False
S2-05,ny_or_break,GBPUSD,2015-12-29 13:00:00+00:00,2015-12-29 13:15:00+00:00,2015-12-29 15:00:00+00:00,-1,-1.000000000000027,SL,False
S2-05,ny_or_break,GBPUSD,2015-12-29 15:00:00+00:00,2015-12-29 15:15:00+00:00,2015-12-29 16:00:00+00:00,-1,1.2500000000000784,TP,False
S2-05,ny_or_break,GBPUSD,2015-12-29 16:00:00+00:00,2015-12-29 16:15:00+00:00,2015-12-29 17:30:00+00:00,-1,-1.0,SL,False
S2-05,ny_or_break,GBPUSD,2015-12-30 12:00:00+00:00,2015-12-30 12:15:00+00:00,2015-12-30 12:15:00+00:00,-1,-1.0000000000000295,SL,False
S2-05,ny_or_break,GBPUSD,2015-12-30 12:30:00+00:00,2015-12-30 12:45:00+00:00,2015-12-30 12:45:00+00:00,-1,-1.0000000000000877,SL,False
S2-05,ny_or_break,GBPUSD,2015-12-30 13:15:00+00:00,2015-12-30 13:30:00+00:00,2015-12-30 13:30:00+00:00,-1,-0.9999999999999717,SL,False
S2-05,ny_or_break,GBPUSD,2015-12-31 14:45:00+00:00,2015-12-31 15:00:00+00:00,2015-12-31 15:30:00+00:00,-1,1.250000000000044,TP,False
S2-05,ny_or_break,GBPUSD,2015-12-31 15:30:00+00:00,2015-12-31 15:45:00+00:00,2015-12-31 15:45:00+00:00,-1,1.2500000000000429,TP,False
S2-05,ny_or_break,GBPUSD,2015-12-31 15:45:00+00:00,2015-12-31 16:00:00+00:00,2015-12-31 19:45:00+00:00,-1,0.699059709747939,TIME,False
S2-05,ny_or_break,GBPUSD,2016-01-04 14:45:00+00:00,2016-01-04 15:00:00+00:00,2016-01-04 15:00:00+00:00,-1,1.2500000000000226,TP,False
S2-05,ny_or_break,GBPUSD,2016-01-04 15:00:00+00:00,2016-01-04 15:15:00+00:00,2016-01-04 15:15:00+00:00,-1,-1.0000000000000628,SL,False
S2-05,ny_or_break,GBPUSD,2016-01-04 15:15:00+00:00,2016-01-04 15:30:00+00:00,2016-01-04 15:45:00+00:00,-1,1.2500000000000613,TP,False
S2-05,ny_or_break,GBPUSD,2016-01-04 15:45:00+00:00,2016-01-04 16:00:00+00:00,2016-01-04 16:00:00+00:00,-1,1.2500000000000209,TP,False
S2-05,ny_or_break,GBPUSD,2016-01-04 16:00:00+00:00,2016-01-04 16:15:00+00:00,2016-01-04 16:30:00+00:00,-1,-0.9999999999999417,SL,False
S2-05,ny_or_break,GBPUSD,2016-01-04 16:30:00+00:00,2016-01-04 16:45:00+00:00,2016-01-04 17:30:00+00:00,-1,-1.0000000000000187,SL,False
S2-05,ny_or_break,GBPUSD,2016-01-05 15:00:00+00:00,2016-01-05 15:15:00+00:00,2016-01-05 15:30:00+00:00,-1,1.250000000000059,TP,False
S2-05,ny_or_break,GBPUSD,2016-01-05 15:30:00+00:00,2016-01-05 15:45:00+00:00,2016-01-05 16:15:00+00:00,-1,-1.0000000000000888,SL,False
S2-05,ny_or_break,GBPUSD,2016-01-05 16:15:00+00:00,2016-01-05 16:30:00+00:00,2016-01-05 16:30:00+00:00,-1,-1.0000000000000848,SL,False
S2-05,ny_or_break,GBPUSD,2016-01-06 15:15:00+00:00,2016-01-06 15:30:00+00:00,2016-01-06 16:30:00+00:00,-1,-1.0000000000000402,SL,False
S2-05,ny_or_break,GBPUSD,2016-01-06 16:30:00+00:00,2016-01-06 16:45:00+00:00,2016-01-06 19:00:00+00:00,-1,-0.9999999999999802,SL,False
S2-05,ny_or_break,GBPUSD,2016-01-07 12:00:00+00:00,2016-01-07 12:15:00+00:00,2016-01-07 12:45:00+00:00,-1,-0.9999999999999475,SL,False
S2-05,ny_or_break,GBPUSD,2016-01-08 12:15:00+00:00,2016-01-08 12:30:00+00:00,2016-01-08 13:30:00+00:00,-1,1.249999999999949,TP,False
S2-05,ny_or_break,GBPUSD,2016-01-08 13:30:00+00:00,2016-01-08 13:45:00+00:00,2016-01-08 14:30:00+00:00,-1,1.2499999999999567,TP,False
S2-05,ny_or_break,GBPUSD,2016-01-08 14:30:00+00:00,2016-01-08 14:45:00+00:00,2016-01-08 15:30:00+00:00,-1,1.2499999999999454,TP,False
S2-05,ny_or_break,GBPUSD,2016-01-08 15:30:00+00:00,2016-01-08 15:45:00+00:00,2016-01-08 15:45:00+00:00,-1,1.2499999999999512,TP,False
S2-05,ny_or_break,GBPUSD,2016-01-08 15:45:00+00:00,2016-01-08 16:00:00+00:00,2016-01-08 16:00:00+00:00,-1,-0.05252034238613547,FRIDAY,False
S2-05,ny_or_break,GBPUSD,2016-01-08 16:00:00+00:00,2016-01-08 16:15:00+00:00,2016-01-08 16:15:00+00:00,-1,0.1942279453292669,FRIDAY,False
S2-05,ny_or_break,GBPUSD,2016-01-08 16:15:00+00:00,2016-01-08 16:30:00+00:00,2016-01-08 16:30:00+00:00,-1,1.224100542729462,FRIDAY,False
S2-05,ny_or_break,GBPUSD,2016-01-08 16:30:00+00:00,2016-01-08 16:45:00+00:00,2016-01-08 16:45:00+00:00,-1,-0.5583852884563768,FRIDAY,False
S2-05,ny_or_break,GBPUSD,2016-01-08 16:45:00+00:00,2016-01-08 17:00:00+00:00,2016-01-08 17:00:00+00:00,-1,0.06416882838251643,FRIDAY,False
S2-05,ny_or_break,GBPUSD,2016-01-12 12:00:00+00:00,2016-01-12 12:15:00+00:00,2016-01-12 13:00:00+00:00,-1,-0.9999999999999808,SL,False
S2-05,ny_or_break,GBPUSD,2016-01-12 14:15:00+00:00,2016-01-12 14:30:00+00:00,2016-01-12 14:45:00+00:00,-1,1.25,TP,False
S2-05,ny_or_break,GBPUSD,2016-01-12 14:45:00+00:00,2016-01-12 15:00:00+00:00,2016-01-12 15:00:00+00:00,-1,1.2500000000000455,TP,False
S2-05,ny_or_break,GBPUSD,2016-01-12 15:00:00+00:00,2016-01-12 15:15:00+00:00,2016-01-12 15:45:00+00:00,-1,1.2499999999999782,TP,False
S2-05,ny_or_break,GBPUSD,2016-01-12 15:45:00+00:00,2016-01-12 16:00:00+00:00,2016-01-12 16:00:00+00:00,-1,-1.0000000000000193,SL,False
S2-05,ny_or_break,GBPUSD,2016-01-12 16:00:00+00:00,2016-01-12 16:15:00+00:00,2016-01-12 16:15:00+00:00,-1,-0.9999999999999445,SL,False
S2-05,ny_or_break,GBPUSD,2016-01-12 16:15:00+00:00,2016-01-12 16:30:00+00:00,2016-01-12 17:00:00+00:00,-1,-0.9999999999999636,SL,False
S2-05,ny_or_break,GBPUSD,2016-01-15 15:30:00+00:00,2016-01-15 15:45:00+00:00,2016-01-15 16:00:00+00:00,-1,1.1584497316919193,FRIDAY,False
S2-05,ny_or_break,GBPUSD,2016-01-15 16:00:00+00:00,2016-01-15 16:15:00+00:00,2016-01-15 16:15:00+00:00,-1,0.3727571960188703,FRIDAY,False
S2-05,ny_or_break,GBPUSD,2016-01-15 16:15:00+00:00,2016-01-15 16:30:00+00:00,2016-01-15 16:30:00+00:00,-1,-0.19398195341110736,FRIDAY,False
S2-05,ny_or_break,GBPUSD,2016-01-15 16:30:00+00:00,2016-01-15 16:45:00+00:00,2016-01-15 16:45:00+00:00,-1,0.4151938651186125,FRIDAY,False
S2-05,ny_or_break,GBPUSD,2016-01-15 16:45:00+00:00,2016-01-15 17:00:00+00:00,2016-01-15 17:00:00+00:00,-1,-0.16682509039952179,FRIDAY,False
S2-05,ny_or_break,GBPUSD,2016-01-19 13:00:00+00:00,2016-01-19 13:15:00+00:00,2016-01-19 14:30:00+00:00,-1,1.2500000000000189,TP,False
S2-05,ny_or_break,GBPUSD,2016-01-19 14:30:00+00:00,2016-01-19 14:45:00+00:00,2016-01-19 15:00:00+00:00,-1,1.2499999999999687,TP,False
S2-05,ny_or_break,GBPUSD,2016-01-19 15:00:00+00:00,2016-01-19 15:15:00+00:00,2016-01-19 16:00:00+00:00,-1,-1.0,SL,False
S2-05,ny_or_break,GBPUSD,2016-01-19 16:00:00+00:00,2016-01-19 16:15:00+00:00,2016-01-19 17:15:00+00:00,-1,-1.0000000000000482,SL,False
S2-05,ny_or_break,GBPUSD,2016-01-21 12:00:00+00:00,2016-01-21 12:15:00+00:00,2016-01-21 12:15:00+00:00,-1,1.25,TP,False
S2-05,ny_or_break,GBPUSD,2016-01-21 12:15:00+00:00,2016-01-21 12:30:00+00:00,2016-01-21 12:45:00+00:00,-1,-1.000000000000062,SL,False
S2-05,ny_or_break,GBPUSD,2016-01-21 12:45:00+00:00,2016-01-21 13:00:00+00:00,2016-01-21 13:30:00+00:00,-1,1.2499999999999802,TP,False
S2-05,ny_or_break,GBPUSD,2016-01-21 13:30:00+00:00,2016-01-21 13:45:00+00:00,2016-01-21 14:00:00+00:00,-1,1.249999999999983,TP,False
S2-05,ny_or_break,GBPUSD,2016-01-21 14:00:00+00:00,2016-01-21 14:15:00+00:00,2016-01-21 14:15:00+00:00,-1,-1.0,SL,False
S2-05,ny_or_break,GBPUSD,2016-01-21 14:30:00+00:00,2016-01-21 14:45:00+00:00,2016-01-21 15:15:00+00:00,-1,-1.0000000000000158,SL,False
S2-05,ny_or_break,GBPUSD,2016-01-22 12:15:00+00:00,2016-01-22 12:30:00+00:00,2016-01-22 14:45:00+00:00,1,1.250000000000044,TP,False
S2-05,ny_or_break,GBPUSD,2016-01-22 14:45:00+00:00,2016-01-22 15:00:00+00:00,2016-01-22 15:45:00+00:00,1,-1.0000000000000389,SL,False
S2-05,ny_or_break,GBPUSD,2016-01-22 15:45:00+00:00,2016-01-22 16:00:00+00:00,2016-01-22 16:00:00+00:00,1,0.10392915027907311,FRIDAY,False
S2-05,ny_or_break,GBPUSD,2016-01-22 16:00:00+00:00,2016-01-22 16:15:00+00:00,2016-01-22 16:15:00+00:00,1,-0.9425736350574713,FRIDAY,False
S2-05,ny_or_break,GBPUSD,2016-01-22 16:15:00+00:00,2016-01-22 16:30:00+00:00,2016-01-22 16:30:00+00:00,1,-0.9077533243442989,FRIDAY,False
S2-05,ny_or_break,GBPUSD,2016-01-22 16:30:00+00:00,2016-01-22 16:45:00+00:00,2016-01-22 16:45:00+00:00,1,-0.14388529283971524,FRIDAY,False
S2-05,ny_or_break,GBPUSD,2016-01-26 16:00:00+00:00,2016-01-26 16:15:00+00:00,2016-01-26 17:00:00+00:00,1,1.250000000000056,TP,False
S2-05,ny_or_break,GBPUSD,2016-01-28 15:00:00+00:00,2016-01-28 15:15:00+00:00,2016-01-28 15:15:00+00:00,1,1.2499999999999718,TP,False
S2-05,ny_or_break,GBPUSD,2016-01-28 15:15:00+00:00,2016-01-28 15:30:00+00:00,2016-01-28 16:45:00+00:00,1,-1.0000000000000135,SL,False
S2-05,ny_or_break,GBPUSD,2016-01-28 16:45:00+00:00,2016-01-28 17:00:00+00:00,2016-01-28 18:15:00+00:00,1,1.250000000000013,TP,False
S2-05,ny_or_break,GBPUSD,2016-01-29 16:00:00+00:00,2016-01-29 16:15:00+00:00,2016-01-29 16:15:00+00:00,-1,0.14525066733543351,FRIDAY,False
S2-05,ny_or_break,GBPUSD,2016-01-29 16:15:00+00:00,2016-01-29 16:30:00+00:00,2016-01-29 16:30:00+00:00,-1,0.08538654955772441,FRIDAY,False
S2-05,ny_or_break,GBPUSD,2016-01-29 16:30:00+00:00,2016-01-29 16:45:00+00:00,2016-01-29 16:45:00+00:00,-1,-0.6138384460460394,FRIDAY,False
S2-05,ny_or_break,GBPUSD,2016-01-29 16:45:00+00:00,2016-01-29 17:00:00+00:00,2016-01-29 17:00:00+00:00,-1,0.03178695902277265,FRIDAY,False
S2-05,ny_or_break,GBPUSD,2016-02-02 12:00:00+00:00,2016-02-02 12:15:00+00:00,2016-02-02 12:45:00+00:00,1,-0.9999999999999846,SL,False
S2-05,ny_or_break,GBPUSD,2016-02-03 12:30:00+00:00,2016-02-03 12:45:00+00:00,2016-02-03 13:15:00+00:00,1,1.2500000000000522,TP,False
S2-05,ny_or_break,GBPUSD,2016-02-03 13:15:00+00:00,2016-02-03 13:30:00+00:00,2016-02-03 13:45:00+00:00,1,-0.9999999999999463,SL,False
S2-05,ny_or_break,GBPUSD,2016-02-03 13:45:00+00:00,2016-02-03 14:00:00+00:00,2016-02-03 14:00:00+00:00,1,1.2499999999999631,TP,False
S2-05,ny_or_break,GBPUSD,2016-02-03 14:00:00+00:00,2016-02-03 14:15:00+00:00,2016-02-03 15:00:00+00:00,1,1.2500000000000346,TP,False
S2-05,ny_or_break,GBPUSD,2016-02-03 15:00:00+00:00,2016-02-03 15:15:00+00:00,2016-02-03 15:45:00+00:00,1,1.25,TP,False
S2-05,ny_or_break,GBPUSD,2016-02-03 15:45:00+00:00,2016-02-03 16:00:00+00:00,2016-02-03 16:45:00+00:00,1,-1.0000000000000135,SL,False
S2-05,ny_or_break,GBPUSD,2016-02-03 16:45:00+00:00,2016-02-03 17:00:00+00:00,2016-02-03 18:00:00+00:00,1,1.2499999999999574,TP,False
S2-05,ny_or_break,GBPUSD,2016-02-05 16:00:00+00:00,2016-02-05 16:15:00+00:00,2016-02-05 16:15:00+00:00,-1,0.26770050030091,FRIDAY,False
S2-05,ny_or_break,GBPUSD,2016-02-05 16:15:00+00:00,2016-02-05 16:30:00+00:00,2016-02-05 16:30:00+00:00,-1,0.4488883682503669,FRIDAY,False
S2-05,ny_or_break,GBPUSD,2016-02-05 16:30:00+00:00,2016-02-05 16:45:00+00:00,2016-02-05 16:45:00+00:00,-1,-0.13987559963479912,FRIDAY,False
S2-05,ny_or_break,GBPUSD,2016-02-05 16:45:00+00:00,2016-02-05 17:00:00+00:00,2016-02-05 17:00:00+00:00,-1,-0.19611671687230642,FRIDAY,False
S2-05,ny_or_break,GBPUSD,2016-02-08 12:45:00+00:00,2016-02-08 13:00:00+00:00,2016-02-08 13:15:00+00:00,-1,1.2499999999999658,TP,False
S2-05,ny_or_break,GBPUSD,2016-02-08 13:15:00+00:00,2016-02-08 13:30:00+00:00,2016-02-08 13:45:00+00:00,-1,-1.000000000000047,SL,False
S2-05,ny_or_break,GBPUSD,2016-02-08 14:30:00+00:00,2016-02-08 14:45:00+00:00,2016-02-08 14:45:00+00:00,-1,-1.0000000000000335,SL,False
S2-05,ny_or_break,GBPUSD,2016-02-08 15:00:00+00:00,2016-02-08 15:15:00+00:00,2016-02-08 15:45:00+00:00,-1,1.2500000000000169,TP,False
S2-05,ny_or_break,GBPUSD,2016-02-08 15:45:00+00:00,2016-02-08 16:00:00+00:00,2016-02-08 16:00:00+00:00,-1,-0.999999999999953,SL,False
S2-05,ny_or_break,GBPUSD,2016-02-09 14:15:00+00:00,2016-02-09 14:30:00+00:00,2016-02-09 14:45:00+00:00,-1,-0.9999999999999678,SL,False
S2-05,ny_or_break,GBPUSD,2016-02-10 12:30:00+00:00,2016-02-10 12:45:00+00:00,2016-02-10 13:30:00+00:00,1,-1.000000000000014,SL,False
S2-05,ny_or_break,GBPUSD,2016-02-15 16:00:00+00:00,2016-02-15 16:15:00+00:00,2016-02-15 17:00:00+00:00,-1,1.25,TP,False
S2-05,ny_or_break,GBPUSD,2016-02-16 13:00:00+00:00,2016-02-16 13:15:00+00:00,2016-02-16 13:15:00+00:00,-1,1.2500000000000193,TP,False
S2-05,ny_or_break,GBPUSD,2016-02-16 13:15:00+00:00,2016-02-16 13:30:00+00:00,2016-02-16 14:15:00+00:00,-1,1.2500000000000184,TP,False
S2-05,ny_or_break,GBPUSD,2016-02-16 14:15:00+00:00,2016-02-16 14:30:00+00:00,2016-02-16 14:45:00+00:00,-1,1.2499999999999842,TP,False
S2-05,ny_or_break,GBPUSD,2016-02-16 14:45:00+00:00,2016-02-16 15:00:00+00:00,2016-02-16 18:45:00+00:00,-1,0.2790392344805922,TIME,False
S2-05,ny_or_break,GBPUSD,2016-02-17 14:15:00+00:00,2016-02-17 14:30:00+00:00,2016-02-17 14:30:00+00:00,-1,-0.9999999999999462,SL,False
S2-05,ny_or_break,GBPUSD,2016-02-19 12:45:00+00:00,2016-02-19 13:00:00+00:00,2016-02-19 13:45:00+00:00,-1,-1.0,SL,False
S2-05,ny_or_break,GBPUSD,2016-02-19 14:15:00+00:00,2016-02-19 14:30:00+00:00,2016-02-19 14:30:00+00:00,-1,-0.999999999999951,SL,False
S2-05,ny_or_break,GBPUSD,2016-02-19 14:45:00+00:00,2016-02-19 15:00:00+00:00,2016-02-19 16:00:00+00:00,-1,-2.0873672511731294,FRIDAY,False
S2-05,ny_or_break,GBPUSD,2016-02-22 12:15:00+00:00,2016-02-22 12:30:00+00:00,2016-02-22 12:30:00+00:00,-1,1.2500000000000184,TP,False
S2-05,ny_or_break,GBPUSD,2016-02-22 12:30:00+00:00,2016-02-22 12:45:00+00:00,2016-02-22 13:15:00+00:00,-1,-1.0000000000000482,SL,False
S2-05,ny_or_break,GBPUSD,2016-02-22 13:15:00+00:00,2016-02-22 13:30:00+00:00,2016-02-22 14:30:00+00:00,-1,-1.000000000000045,SL,False
S2-05,ny_or_break,GBPUSD,2016-02-23 14:00:00+00:00,2016-02-23 14:15:00+00:00,2016-02-23 15:45:00+00:00,-1,-1.0000000000000508,SL,False
S2-05,ny_or_break,GBPUSD,2016-02-23 16:30:00+00:00,2016-02-23 16:45:00+00:00,2016-02-23 16:45:00+00:00,-1,1.2500000000000357,TP,False
S2-05,ny_or_break,GBPUSD,2016-02-23 16:45:00+00:00,2016-02-23 17:00:00+00:00,2016-02-23 18:45:00+00:00,-1,1.2500000000000162,TP,False
S2-05,ny_or_break,GBPUSD,2016-02-26 14:15:00+00:00,2016-02-26 14:30:00+00:00,2016-02-26 14:45:00+00:00,-1,1.2500000000000413,TP,False
S2-05,ny_or_break,GBPUSD,2016-02-26 14:45:00+00:00,2016-02-26 15:00:00+00:00,2016-02-26 15:15:00+00:00,-1,1.24999999999997,TP,False
S2-05,ny_or_break,GBPUSD,2016-02-26 15:15:00+00:00,2016-02-26 15:30:00+00:00,2016-02-26 15:45:00+00:00,-1,1.2500000000000298,TP,False
S2-05,ny_or_break,GBPUSD,2016-02-26 15:45:00+00:00,2016-02-26 16:00:00+00:00,2016-02-26 16:00:00+00:00,-1,-0.4867356695423924,FRIDAY,False
S2-05,ny_or_break,GBPUSD,2016-02-26 16:00:00+00:00,2016-02-26 16:15:00+00:00,2016-02-26 16:15:00+00:00,-1,0.11586846715379925,FRIDAY,False
S2-05,ny_or_break,GBPUSD,2016-02-26 16:15:00+00:00,2016-02-26 16:30:00+00:00,2016-02-26 16:30:00+00:00,-1,-0.17308394160583943,FRIDAY,False
S2-05,ny_or_break,GBPUSD,2016-02-26 16:30:00+00:00,2016-02-26 16:45:00+00:00,2016-02-26 16:45:00+00:00,-1,0.17158354656840033,FRIDAY,False
S2-05,ny_or_break,GBPUSD,2016-02-26 16:45:00+00:00,2016-02-26 17:00:00+00:00,2016-02-26 17:00:00+00:00,-1,0.091438484377838,FRIDAY,False
S2-05,ny_or_break,GBPUSD,2016-03-02 12:15:00+00:00,2016-03-02 12:30:00+00:00,2016-03-02 13:00:00+00:00,1,1.2499999999999811,TP,False
S2-05,ny_or_break,GBPUSD,2016-03-02 13:00:00+00:00,2016-03-02 13:15:00+00:00,2016-03-02 13:15:00+00:00,1,-0.9999999999999618,SL,False
S2-05,ny_or_break,GBPUSD,2016-03-02 13:15:00+00:00,2016-03-02 13:30:00+00:00,2016-03-02 14:00:00+00:00,1,1.2499999999999438,TP,False
S2-05,ny_or_break,GBPUSD,2016-03-02 14:00:00+00:00,2016-03-02 14:15:00+00:00,2016-03-02 15:00:00+00:00,1,1.250000000000017,TP,False
S2-05,ny_or_break,GBPUSD,2016-03-02 15:00:00+00:00,2016-03-02 15:15:00+00:00,2016-03-02 19:00:00+00:00,1,1.250000000000052,TP,False
S2-05,ny_or_break,GBPUSD,2016-03-03 14:45:00+00:00,2016-03-03 15:00:00+00:00,2016-03-03 15:45:00+00:00,1,1.2499999999999498,TP,False
S2-05,ny_or_break,GBPUSD,2016-03-03 15:45:00+00:00,2016-03-03 16:00:00+00:00,2016-03-03 16:30:00+00:00,1,1.2499999999999836,TP,False
S2-05,ny_or_break,GBPUSD,2016-03-03 16:30:00+00:00,2016-03-03 16:45:00+00:00,2016-03-03 16:45:00+00:00,1,-0.9999999999999846,SL,False
S2-05,ny_or_break,GBPUSD,2016-03-03 16:45:00+00:00,2016-03-03 17:00:00+00:00,2016-03-03 17:15:00+00:00,1,-1.0000000000000453,SL,False
S2-05,ny_or_break,GBPUSD,2016-03-04 14:30:00+00:00,2016-03-04 14:45:00+00:00,2016-03-04 15:30:00+00:00,1,-1.000000000000013,SL,False
S2-05,ny_or_break,GBPUSD,2016-03-04 15:30:00+00:00,2016-03-04 15:45:00+00:00,2016-03-04 16:00:00+00:00,1,1.4512988845485468,FRIDAY,False
S2-05,ny_or_break,GBPUSD,2016-03-04 16:00:00+00:00,2016-03-04 16:15:00+00:00,2016-03-04 16:15:00+00:00,1,-0.20537439036052405,FRIDAY,False
S2-05,ny_or_break,GBPUSD,2016-03-04 16:15:00+00:00,2016-03-04 16:30:00+00:00,2016-03-04 16:30:00+00:00,1,0.5785482181845593,FRIDAY,False
S2-05,ny_or_break,GBPUSD,2016-03-04 16:30:00+00:00,2016-03-04 16:45:00+00:00,2016-03-04 16:45:00+00:00,1,-0.5529368004598789,FRIDAY,False
S2-05,ny_or_break,GBPUSD,2016-03-04 16:45:00+00:00,2016-03-04 17:00:00+00:00,2016-03-04 17:00:00+00:00,1,0.006235182108387627,FRIDAY,False
S2-05,ny_or_break,GBPUSD,2016-03-07 16:00:00+00:00,2016-03-07 16:15:00+00:00,2016-03-07 16:30:00+00:00,1,1.25,TP,False
S2-05,ny_or_break,GBPUSD,2016-03-07 16:30:00+00:00,2016-03-07 16:45:00+00:00,2016-03-07 17:00:00+00:00,1,1.2499999999999825,TP,False
S2-05,ny_or_break,GBPUSD,2016-03-10 13:00:00+00:00,2016-03-10 13:15:00+00:00,2016-03-10 13:30:00+00:00,-1,1.25,TP,False
S2-05,ny_or_break,GBPUSD,2016-03-10 13:30:00+00:00,2016-03-10 13:45:00+00:00,2016-03-10 13:45:00+00:00,-1,-0.9999999999999856,SL,False
S2-05,ny_or_break,GBPUSD,2016-03-10 13:45:00+00:00,2016-03-10 14:00:00+00:00,2016-03-10 14:00:00+00:00,-1,-1.0000000000000127,SL,False
S2-05,ny_or_break,GBPUSD,2016-03-10 16:00:00+00:00,2016-03-10 16:15:00+00:00,2016-03-10 20:00:00+00:00,1,-0.22018331761881918,TIME,False
S2-05,ny_or_break,GBPUSD,2016-03-11 14:15:00+00:00,2016-03-11 14:30:00+00:00,2016-03-11 14:30:00+00:00,1,1.249999999999977,TP,False
S2-05,ny_or_break,GBPUSD,2016-03-11 14:30:00+00:00,2016-03-11 14:45:00+00:00,2016-03-11 15:00:00+00:00,1,1.2500000000000628,TP,False
S2-05,ny_or_break,GBPUSD,2016-03-11 15:00:00+00:00,2016-03-11 15:15:00+00:00,2016-03-11 15:45:00+00:00,1,1.249999999999945,TP,False
S2-05,ny_or_break,GBPUSD,2016-03-11 15:45:00+00:00,2016-03-11 16:00:00+00:00,2016-03-11 16:00:00+00:00,1,-0.49984678503941027,FRIDAY,False
S2-05,ny_or_break,GBPUSD,2016-03-11 16:00:00+00:00,2016-03-11 16:15:00+00:00,2016-03-11 16:15:00+00:00,1,0.4383582314772899,FRIDAY,False
S2-05,ny_or_break,GBPUSD,2016-03-11 16:15:00+00:00,2016-03-11 16:30:00+00:00,2016-03-11 16:30:00+00:00,1,1.2826596333863927,FRIDAY,False
S2-05,ny_or_break,GBPUSD,2016-03-11 16:30:00+00:00,2016-03-11 16:45:00+00:00,2016-03-11 16:45:00+00:00,1,-0.1074854155084692,FRIDAY,False
S2-05,ny_or_break,GBPUSD,2016-03-11 16:45:00+00:00,2016-03-11 17:00:00+00:00,2016-03-11 17:00:00+00:00,1,-0.5786912150977104,FRIDAY,False
S2-05,ny_or_break,GBPUSD,2016-03-15 16:45:00+00:00,2016-03-15 17:00:00+00:00,2016-03-15 17:00:00+00:00,-1,-0.9999999999999536,SL,False
S2-05,ny_or_break,GBPUSD,2016-03-16 12:30:00+00:00,2016-03-16 12:45:00+00:00,2016-03-16 14:00:00+00:00,-1,-0.9999999999999798,SL,False
S2-05,ny_or_break,GBPUSD,2016-03-16 14:00:00+00:00,2016-03-16 14:15:00+00:00,2016-03-16 15:30:00+00:00,-1,-0.9999999999999596,SL,False
S2-05,ny_or_break,GBPUSD,2016-03-17 12:00:00+00:00,2016-03-17 12:15:00+00:00,2016-03-17 12:15:00+00:00,1,-0.9999999999999879,SL,False
S2-05,ny_or_break,GBPUSD,2016-03-17 12:30:00+00:00,2016-03-17 12:45:00+00:00,2016-03-17 13:00:00+00:00,1,1.2499999999999891,TP,False
S2-05,ny_or_break,GBPUSD,2016-03-17 13:00:00+00:00,2016-03-17 13:15:00+00:00,2016-03-17 16:15:00+00:00,1,1.2499999999999905,TP,False
S2-05,ny_or_break,GBPUSD,2016-03-17 16:15:00+00:00,2016-03-17 16:30:00+00:00,2016-03-17 18:00:00+00:00,1,-0.9999999999999754,SL,False
S2-05,ny_or_break,GBPUSD,2016-03-18 12:15:00+00:00,2016-03-18 12:30:00+00:00,2016-03-18 15:45:00+00:00,1,1.2499999999999598,TP,False
S2-05,ny_or_break,GBPUSD,2016-03-18 15:45:00+00:00,2016-03-18 16:00:00+00:00,2016-03-18 16:00:00+00:00,1,-0.9819141433673818,FRIDAY,False
S2-05,ny_or_break,GBPUSD,2016-03-18 16:00:00+00:00,2016-03-18 16:15:00+00:00,2016-03-18 16:15:00+00:00,1,-0.6115247986549882,FRIDAY,False
S2-05,ny_or_break,GBPUSD,2016-03-18 16:15:00+00:00,2016-03-18 16:30:00+00:00,2016-03-18 16:30:00+00:00,1,-0.2748733988680369,FRIDAY,False
S2-05,ny_or_break,GBPUSD,2016-03-18 16:30:00+00:00,2016-03-18 16:45:00+00:00,2016-03-18 16:45:00+00:00,1,-0.006694675000853913,FRIDAY,False
S2-05,ny_or_break,GBPUSD,2016-03-18 16:45:00+00:00,2016-03-18 17:00:00+00:00,2016-03-18 17:00:00+00:00,1,-0.27681307456588355,FRIDAY,False
S2-05,ny_or_break,GBPUSD,2016-03-22 12:30:00+00:00,2016-03-22 12:45:00+00:00,2016-03-22 13:15:00+00:00,-1,1.249999999999986,TP,False
S2-05,ny_or_break,GBPUSD,2016-03-22 13:15:00+00:00,2016-03-22 13:30:00+00:00,2016-03-22 15:00:00+00:00,-1,-1.0000000000000457,SL,False
S2-05,ny_or_break,GBPUSD,2016-03-22 15:00:00+00:00,2016-03-22 15:15:00+00:00,2016-03-22 16:30:00+00:00,-1,1.2499999999999494,TP,False
S2-05,ny_or_break,GBPUSD,2016-03-22 16:30:00+00:00,2016-03-22 16:45:00+00:00,2016-03-22 17:15:00+00:00,-1,-0.9999999999999389,SL,False
S2-05,ny_or_break,GBPUSD,2016-03-23 12:45:00+00:00,2016-03-23 13:00:00+00:00,2016-03-23 13:15:00+00:00,-1,1.25,TP,False
S2-05,ny_or_break,GBPUSD,2016-03-23 13:15:00+00:00,2016-03-23 13:30:00+00:00,2016-03-23 13:45:00+00:00,-1,1.2500000000000373,TP,False
S2-05,ny_or_break,GBPUSD,2016-03-23 13:45:00+00:00,2016-03-23 14:00:00+00:00,2016-03-23 14:30:00+00:00,-1,-1.0,SL,False
S2-05,ny_or_break,GBPUSD,2016-03-23 14:30:00+00:00,2016-03-23 14:45:00+00:00,2016-03-23 15:45:00+00:00,-1,1.2499999999999833,TP,False
S2-05,ny_or_break,GBPUSD,2016-03-23 15:45:00+00:00,2016-03-23 16:00:00+00:00,2016-03-23 16:30:00+00:00,-1,1.25,TP,False
S2-05,ny_or_break,GBPUSD,2016-03-23 16:30:00+00:00,2016-03-23 16:45:00+00:00,2016-03-23 17:30:00+00:00,-1,-1.0000000000000377,SL,False
S2-05,ny_or_break,GBPUSD,2016-03-28 12:30:00+00:00,2016-03-28 12:45:00+00:00,2016-03-28 12:45:00+00:00,1,-0.9999999999998762,SL,True
S2-05,ny_or_break,GBPUSD,2016-03-28 12:45:00+00:00,2016-03-28 13:00:00+00:00,2016-03-28 13:00:00+00:00,1,-1.0000000000000993,SL,False
S2-05,ny_or_break,GBPUSD,2016-03-28 13:00:00+00:00,2016-03-28 13:15:00+00:00,2016-03-28 13:15:00+00:00,1,1.2500000000000633,TP,False
S2-05,ny_or_break,GBPUSD,2016-03-28 13:15:00+00:00,2016-03-28 13:30:00+00:00,2016-03-28 13:30:00+00:00,1,1.25,TP,False
S2-05,ny_or_break,GBPUSD,2016-03-28 13:30:00+00:00,2016-03-28 13:45:00+00:00,2016-03-28 13:45:00+00:00,1,-1.0000000000000662,SL,False
S2-05,ny_or_break,GBPUSD,2016-03-28 13:45:00+00:00,2016-03-28 14:00:00+00:00,2016-03-28 14:00:00+00:00,1,-1.0,SL,False
S2-05,ny_or_break,GBPUSD,2016-03-28 14:00:00+00:00,2016-03-28 14:15:00+00:00,2016-03-28 16:30:00+00:00,1,-0.9999999999999405,SL,False
S2-05,ny_or_break,GBPUSD,2016-03-28 16:30:00+00:00,2016-03-28 16:45:00+00:00,2016-03-28 18:15:00+00:00,1,1.2500000000000615,TP,False
S2-05,ny_or_break,GBPUSD,2016-03-29 12:45:00+00:00,2016-03-29 13:00:00+00:00,2016-03-29 13:00:00+00:00,1,-0.999999999999983,SL,False
S2-05,ny_or_break,GBPUSD,2016-03-29 16:15:00+00:00,2016-03-29 16:30:00+00:00,2016-03-29 17:45:00+00:00,1,1.2499999999999725,TP,False
S2-05,ny_or_break,GBPUSD,2016-03-30 14:30:00+00:00,2016-03-30 14:45:00+00:00,2016-03-30 15:00:00+00:00,1,-0.9999999999999459,SL,False
S2-05,ny_or_break,GBPUSD,2016-04-01 12:30:00+00:00,2016-04-01 12:45:00+00:00,2016-04-01 12:45:00+00:00,-1,1.2499999999999853,TP,False
S2-05,ny_or_break,GBPUSD,2016-04-01 12:45:00+00:00,2016-04-01 13:00:00+00:00,2016-04-01 13:00:00+00:00,-1,1.25,TP,False
S2-05,ny_or_break,GBPUSD,2016-04-01 13:00:00+00:00,2016-04-01 13:15:00+00:00,2016-04-01 13:45:00+00:00,-1,1.2500000000000397,TP,False
S2-05,ny_or_break,GBPUSD,2016-04-01 13:45:00+00:00,2016-04-01 14:00:00+00:00,2016-04-01 16:00:00+00:00,-1,-1.0817888731632046,FRIDAY,False
S2-05,ny_or_break,GBPUSD,2016-04-01 16:00:00+00:00,2016-04-01 16:15:00+00:00,2016-04-01 16:15:00+00:00,-1,-0.1230916141654342,FRIDAY,False
S2-05,ny_or_break,GBPUSD,2016-04-01 16:15:00+00:00,2016-04-01 16:30:00+00:00,2016-04-01 16:30:00+00:00,-1,0.3257839428331232,FRIDAY,False
S2-05,ny_or_break,GBPUSD,2016-04-01 16:30:00+00:00,2016-04-01 16:45:00+00:00,2016-04-01 16:45:00+00:00,-1,-0.4579121181542978,FRIDAY,False
S2-05,ny_or_break,GBPUSD,2016-04-01 16:45:00+00:00,2016-04-01 17:00:00+00:00,2016-04-01 17:00:00+00:00,-1,-0.30374727001034524,FRIDAY,False
S2-05,ny_or_break,GBPUSD,2016-04-05 12:00:00+00:00,2016-04-05 12:15:00+00:00,2016-04-05 12:30:00+00:00,-1,-0.9999999999999256,SL,False
S2-05,ny_or_break,GBPUSD,2016-04-05 13:30:00+00:00,2016-04-05 13:45:00+00:00,2016-04-05 13:45:00+00:00,-1,1.250000000000047,TP,False
S2-05,ny_or_break,GBPUSD,2016-04-05 13:45:00+00:00,2016-04-05 14:00:00+00:00,2016-04-05 14:00:00+00:00,-1,1.25,TP,False
S2-05,ny_or_break,GBPUSD,2016-04-05 14:00:00+00:00,2016-04-05 14:15:00+00:00,2016-04-05 14:30:00+00:00,-1,-1.0,SL,False
S2-05,ny_or_break,GBPUSD,2016-04-05 14:30:00+00:00,2016-04-05 14:45:00+00:00,2016-04-05 15:30:00+00:00,-1,-0.9999999999999627,SL,False
S2-05,ny_or_break,GBPUSD,2016-04-05 15:30:00+00:00,2016-04-05 15:45:00+00:00,2016-04-05 19:30:00+00:00,-1,0.32544455221467833,TIME,False
S2-05,ny_or_break,GBPUSD,2016-04-11 13:45:00+00:00,2016-04-11 14:00:00+00:00,2016-04-11 14:00:00+00:00,1,-1.00000000000002,SL,False
S2-05,ny_or_break,GBPUSD,2016-04-11 14:00:00+00:00,2016-04-11 14:15:00+00:00,2016-04-11 15:45:00+00:00,1,-0.9999999999999614,SL,False
S2-05,ny_or_break,GBPUSD,2016-04-18 13:30:00+00:00,2016-04-18 13:45:00+00:00,2016-04-18 14:00:00+00:00,1,1.249999999999979,TP,False
S2-05,ny_or_break,GBPUSD,2016-04-18 14:00:00+00:00,2016-04-18 14:15:00+00:00,2016-04-18 14:15:00+00:00,1,1.25000000000002,TP,False
S2-05,ny_or_break,GBPUSD,2016-04-18 14:15:00+00:00,2016-04-18 14:30:00+00:00,2016-04-18 14:45:00+00:00,1,1.2499999999999436,TP,False
S2-05,ny_or_break,GBPUSD,2016-04-18 14:45:00+00:00,2016-04-18 15:00:00+00:00,2016-04-18 18:45:00+00:00,1,0.10896710392044084,TIME,False
S2-05,ny_or_break,GBPUSD,2016-04-19 13:00:00+00:00,2016-04-19 13:15:00+00:00,2016-04-19 14:00:00+00:00,1,1.2499999999999512,TP,False
S2-05,ny_or_break,GBPUSD,2016-04-19 14:00:00+00:00,2016-04-19 14:15:00+00:00,2016-04-19 14:30:00+00:00,1,-0.9999999999999627,SL,False
S2-05,ny_or_break,GBPUSD,2016-04-19 14:30:00+00:00,2016-04-19 14:45:00+00:00,2016-04-19 15:00:00+00:00,1,1.2500000000000355,TP,False
S2-05,ny_or_break,GBPUSD,2016-04-19 15:00:00+00:00,2016-04-19 15:15:00+00:00,2016-04-19 15:30:00+00:00,1,-0.99999999999995,SL,False
S2-05,ny_or_break,GBPUSD,2016-04-19 15:30:00+00:00,2016-04-19 15:45:00+00:00,2016-04-19 16:30:00+00:00,1,-1.000000000000052,SL,False
S2-05,ny_or_break,GBPUSD,2016-04-21 12:00:00+00:00,2016-04-21 12:15:00+00:00,2016-04-21 12:15:00+00:00,1,-1.0000000000000175,SL,False
S2-05,ny_or_break,GBPUSD,2016-04-21 12:15:00+00:00,2016-04-21 12:30:00+00:00,2016-04-21 12:30:00+00:00,1,1.2500000000000524,TP,False
S2-05,ny_or_break,GBPUSD,2016-04-21 12:30:00+00:00,2016-04-21 12:45:00+00:00,2016-04-21 12:45:00+00:00,1,-0.9999999999999821,SL,False
S2-05,ny_or_break,GBPUSD,2016-04-21 12:45:00+00:00,2016-04-21 13:00:00+00:00,2016-04-21 13:15:00+00:00,1,-1.0000000000000173,SL,False
S2-05,ny_or_break,GBPUSD,2016-04-22 13:45:00+00:00,2016-04-22 14:00:00+00:00,2016-04-22 14:00:00+00:00,1,1.250000000000047,TP,False
S2-05,ny_or_break,GBPUSD,2016-04-22 14:00:00+00:00,2016-04-22 14:15:00+00:00,2016-04-22 14:30:00+00:00,1,-1.0000000000000298,SL,False
S2-05,ny_or_break,GBPUSD,2016-04-22 14:30:00+00:00,2016-04-22 14:45:00+00:00,2016-04-22 15:15:00+00:00,1,-1.0000000000000147,SL,False
S2-05,ny_or_break,GBPUSD,2016-04-26 12:30:00+00:00,2016-04-26 12:45:00+00:00,2016-04-26 13:15:00+00:00,1,1.250000000000064,TP,False
S2-05,ny_or_break,GBPUSD,2016-04-26 13:15:00+00:00,2016-04-26 13:30:00+00:00,2016-04-26 14:15:00+00:00,1,-1.0000000000000386,SL,False
S2-05,ny_or_break,GBPUSD,2016-04-26 14:15:00+00:00,2016-04-26 14:30:00+00:00,2016-04-26 14:30:00+00:00,1,-1.0000000000000542,SL,False
S2-05,ny_or_break,GBPUSD,2016-04-26 14:45:00+00:00,2016-04-26 15:00:00+00:00,2016-04-26 16:00:00+00:00,1,1.25000000000003,TP,False
S2-05,ny_or_break,GBPUSD,2016-04-26 16:00:00+00:00,2016-04-26 16:15:00+00:00,2016-04-26 16:45:00+00:00,1,-0.9999999999999487,SL,False
S2-05,ny_or_break,GBPUSD,2016-04-26 16:45:00+00:00,2016-04-26 17:00:00+00:00,2016-04-26 19:30:00+00:00,1,-1.0000000000000548,SL,False
S2-05,ny_or_break,GBPUSD,2016-05-02 12:00:00+00:00,2016-05-02 12:15:00+00:00,2016-05-02 12:30:00+00:00,1,-1.0000000000000813,SL,False
S2-05,ny_or_break,GBPUSD,2016-05-02 12:30:00+00:00,2016-05-02 12:45:00+00:00,2016-05-02 13:00:00+00:00,1,-1.0,SL,False
S2-05,ny_or_break,GBPUSD,2016-05-02 13:45:00+00:00,2016-05-02 14:00:00+00:00,2016-05-02 14:00:00+00:00,1,-0.9999999999999464,SL,False
S2-05,ny_or_break,GBPUSD,2016-05-02 14:00:00+00:00,2016-05-02 14:15:00+00:00,2016-05-02 14:15:00+00:00,1,-1.0000000000000342,SL,False
S2-05,ny_or_break,GBPUSD,2016-05-02 14:45:00+00:00,2016-05-02 15:00:00+00:00,2016-05-02 18:45:00+00:00,1,-0.25711483497287085,TIME,False
S2-05,ny_or_break,GBPUSD,2016-05-06 12:30:00+00:00,2016-05-06 12:45:00+00:00,2016-05-06 12:45:00+00:00,-1,-1.0000000000000444,SL,False
S2-05,ny_or_break,GBPUSD,2016-05-06 12:45:00+00:00,2016-05-06 13:00:00+00:00,2016-05-06 16:00:00+00:00,-1,0.8380120983808454,FRIDAY,False
S2-05,ny_or_break,GBPUSD,2016-05-06 16:00:00+00:00,2016-05-06 16:15:00+00:00,2016-05-06 16:15:00+00:00,-1,-0.2854778792389418,FRIDAY,False
S2-05,ny_or_break,GBPUSD,2016-05-06 16:15:00+00:00,2016-05-06 16:30:00+00:00,2016-05-06 16:30:00+00:00,-1,-0.6162770174543131,FRIDAY,False
S2-05,ny_or_break,GBPUSD,2016-05-06 16:30:00+00:00,2016-05-06 16:45:00+00:00,2016-05-06 16:45:00+00:00,-1,-0.7923742056464215,FRIDAY,False
S2-05,ny_or_break,GBPUSD,2016-05-11 14:30:00+00:00,2016-05-11 14:45:00+00:00,2016-05-11 15:15:00+00:00,1,1.249999999999976,TP,False
S2-05,ny_or_break,GBPUSD,2016-05-11 15:15:00+00:00,2016-05-11 15:30:00+00:00,2016-05-11 15:30:00+00:00,1,-1.0,SL,False
S2-05,ny_or_break,GBPUSD,2016-05-11 15:30:00+00:00,2016-05-11 15:45:00+00:00,2016-05-11 16:45:00+00:00,1,-0.9999999999999604,SL,False
S2-05,ny_or_break,GBPUSD,2016-05-11 16:45:00+00:00,2016-05-11 17:00:00+00:00,2016-05-11 18:45:00+00:00,1,-1.0,SL,False
S2-05,ny_or_break,GBPUSD,2016-05-12 13:15:00+00:00,2016-05-12 13:30:00+00:00,2016-05-12 14:45:00+00:00,1,-0.9999999999999623,SL,False
S2-05,ny_or_break,GBPUSD,2016-05-12 14:45:00+00:00,2016-05-12 15:00:00+00:00,2016-05-12 15:00:00+00:00,1,-1.0000000000000475,SL,False
S2-05,ny_or_break,GBPUSD,2016-05-13 12:45:00+00:00,2016-05-13 13:00:00+00:00,2016-05-13 13:00:00+00:00,-1,-0.9999999999999586,SL,False
S2-05,ny_or_break,GBPUSD,2016-05-13 13:00:00+00:00,2016-05-13 13:15:00+00:00,2016-05-13 14:00:00+00:00,-1,1.250000000000019,TP,False
S2-05,ny_or_break,GBPUSD,2016-05-13 14:00:00+00:00,2016-05-13 14:15:00+00:00,2016-05-13 16:00:00+00:00,-1,-0.24300023512814484,FRIDAY,False
S2-05,ny_or_break,GBPUSD,2016-05-13 16:00:00+00:00,2016-05-13 16:15:00+00:00,2016-05-13 16:15:00+00:00,-1,0.06298866354208003,FRIDAY,False
S2-05,ny_or_break,GBPUSD,2016-05-13 16:15:00+00:00,2016-05-13 16:30:00+00:00,2016-05-13 16:30:00+00:00,-1,-0.4758526731184817,FRIDAY,False
S2-05,ny_or_break,GBPUSD,2016-05-13 16:30:00+00:00,2016-05-13 16:45:00+00:00,2016-05-13 16:45:00+00:00,-1,0.2209207300463089,FRIDAY,False
S2-05,ny_or_break,GBPUSD,2016-05-13 16:45:00+00:00,2016-05-13 17:00:00+00:00,2016-05-13 17:00:00+00:00,-1,-0.2818910972284265,FRIDAY,False
S2-05,ny_or_break,GBPUSD,2016-05-18 13:15:00+00:00,2016-05-18 13:30:00+00:00,2016-05-18 14:45:00+00:00,1,1.2500000000000397,TP,False
S2-05,ny_or_break,GBPUSD,2016-05-18 14:45:00+00:00,2016-05-18 15:00:00+00:00,2016-05-18 18:00:00+00:00,1,-0.9999999999999829,SL,False
S2-05,ny_or_break,GBPUSD,2016-05-23 14:45:00+00:00,2016-05-23 15:00:00+00:00,2016-05-23 15:00:00+00:00,-1,-0.9999999999999778,SL,False
S2-05,ny_or_break,GBPUSD,2016-05-23 15:30:00+00:00,2016-05-23 15:45:00+00:00,2016-05-23 16:15:00+00:00,-1,-1.0,SL,False
S2-05,ny_or_break,GBPUSD,2016-05-24 15:15:00+00:00,2016-05-24 15:30:00+00:00,2016-05-24 19:15:00+00:00,1,-0.021896179340135546,TIME,False
S2-05,ny_or_break,GBPUSD,2016-05-25 12:45:00+00:00,2016-05-25 13:00:00+00:00,2016-05-25 13:30:00+00:00,1,-1.0,SL,False
S2-05,ny_or_break,GBPUSD,2016-05-25 13:45:00+00:00,2016-05-25 14:00:00+00:00,2016-05-25 14:00:00+00:00,1,1.2500000000000369,TP,False
S2-05,ny_or_break,GBPUSD,2016-05-25 14:00:00+00:00,2016-05-25 14:15:00+00:00,2016-05-25 14:30:00+00:00,1,-0.9999999999999453,SL,False
S2-05,ny_or_break,GBPUSD,2016-05-25 14:30:00+00:00,2016-05-25 14:45:00+00:00,2016-05-25 15:15:00+00:00,1,1.25000000000002,TP,False
S2-05,ny_or_break,GBPUSD,2016-05-25 15:15:00+00:00,2016-05-25 15:30:00+00:00,2016-05-25 15:45:00+00:00,1,-0.9999999999999818,SL,False
S2-05,ny_or_break,GBPUSD,2016-05-31 14:15:00+00:00,2016-05-31 14:30:00+00:00,2016-05-31 14:30:00+00:00,1,-1.0000000000000229,SL,False
S2-05,ny_or_break,GBPUSD,2016-05-31 15:00:00+00:00,2016-05-31 15:15:00+00:00,2016-05-31 15:45:00+00:00,-1,1.2500000000000162,TP,False
S2-05,ny_or_break,GBPUSD,2016-05-31 15:45:00+00:00,2016-05-31 16:00:00+00:00,2016-05-31 16:15:00+00:00,-1,1.2499999999999563,TP,False
S2-05,ny_or_break,GBPUSD,2016-05-31 16:15:00+00:00,2016-05-31 16:30:00+00:00,2016-05-31 18:45:00+00:00,-1,1.249999999999972,TP,False
S2-05,ny_or_break,GBPUSD,2016-06-01 13:00:00+00:00,2016-06-01 13:15:00+00:00,2016-06-01 14:15:00+00:00,-1,-1.0000000000000646,SL,False
S2-05,ny_or_break,GBPUSD,2016-06-01 14:15:00+00:00,2016-06-01 14:30:00+00:00,2016-06-01 15:00:00+00:00,-1,1.2500000000000457,TP,False
S2-05,ny_or_break,GBPUSD,2016-06-01 15:00:00+00:00,2016-06-01 15:15:00+00:00,2016-06-01 15:45:00+00:00,-1,1.2499999999999767,TP,False
S2-05,ny_or_break,GBPUSD,2016-06-01 15:45:00+00:00,2016-06-01 16:00:00+00:00,2016-06-01 16:15:00+00:00,-1,-1.0,SL,False
S2-05,ny_or_break,GBPUSD,2016-06-01 16:15:00+00:00,2016-06-01 16:30:00+00:00,2016-06-01 16:45:00+00:00,-1,-0.9999999999999494,SL,False
S2-05,ny_or_break,GBPUSD,2016-06-01 16:45:00+00:00,2016-06-01 17:00:00+00:00,2016-06-01 18:30:00+00:00,-1,1.2500000000000766,TP,False
S2-05,ny_or_break,GBPUSD,2016-06-03 16:00:00+00:00,2016-06-03 16:15:00+00:00,2016-06-03 16:15:00+00:00,1,0.004422382671480145,FRIDAY,False
S2-05,ny_or_break,GBPUSD,2016-06-03 16:15:00+00:00,2016-06-03 16:30:00+00:00,2016-06-03 16:30:00+00:00,1,-0.15492022973835354,FRIDAY,False
S2-05,ny_or_break,GBPUSD,2016-06-03 16:30:00+00:00,2016-06-03 16:45:00+00:00,2016-06-03 16:45:00+00:00,1,-0.2164779491982206,FRIDAY,False
S2-05,ny_or_break,GBPUSD,2016-06-03 16:45:00+00:00,2016-06-03 17:00:00+00:00,2016-06-03 17:00:00+00:00,1,0.03220988589815395,FRIDAY,False
S2-05,ny_or_break,GBPUSD,2016-06-10 13:15:00+00:00,2016-06-10 13:30:00+00:00,2016-06-10 13:30:00+00:00,-1,1.2499999999999387,TP,False
S2-05,ny_or_break,GBPUSD,2016-06-10 13:30:00+00:00,2016-06-10 13:45:00+00:00,2016-06-10 14:00:00+00:00,-1,1.2499999999999514,TP,False
S2-05,ny_or_break,GBPUSD,2016-06-10 14:00:00+00:00,2016-06-10 14:15:00+00:00,2016-06-10 15:00:00+00:00,-1,-0.9999999999999699,SL,False
S2-05,ny_or_break,GBPUSD,2016-06-10 15:00:00+00:00,2016-06-10 15:15:00+00:00,2016-06-10 16:00:00+00:00,-1,0.3407075208115427,FRIDAY,False
S2-05,ny_or_break,GBPUSD,2016-06-10 16:00:00+00:00,2016-06-10 16:15:00+00:00,2016-06-10 16:15:00+00:00,-1,0.362746663149931,FRIDAY,False
S2-05,ny_or_break,GBPUSD,2016-06-10 16:15:00+00:00,2016-06-10 16:30:00+00:00,2016-06-10 16:30:00+00:00,-1,-0.25567611222304154,FRIDAY,False
S2-05,ny_or_break,GBPUSD,2016-06-10 16:30:00+00:00,2016-06-10 16:45:00+00:00,2016-06-10 16:45:00+00:00,-1,-0.1278249331283304,FRIDAY,False
S2-05,ny_or_break,GBPUSD,2016-06-10 16:45:00+00:00,2016-06-10 17:00:00+00:00,2016-06-10 17:00:00+00:00,-1,-0.07538952800467577,FRIDAY,False
S2-05,ny_or_break,GBPUSD,2016-06-14 14:15:00+00:00,2016-06-14 14:30:00+00:00,2016-06-14 15:45:00+00:00,-1,-0.9999999999999869,SL,False
S2-05,ny_or_break,GBPUSD,2016-06-16 13:00:00+00:00,2016-06-16 13:15:00+00:00,2016-06-16 14:00:00+00:00,-1,1.25,TP,False
S2-05,ny_or_break,GBPUSD,2016-06-16 14:00:00+00:00,2016-06-16 14:15:00+00:00,2016-06-16 14:30:00+00:00,-1,1.2500000000000397,TP,False
S2-05,ny_or_break,GBPUSD,2016-06-16 14:30:00+00:00,2016-06-16 14:45:00+00:00,2016-06-16 14:45:00+00:00,-1,-0.9999999999999737,SL,False
S2-05,ny_or_break,GBPUSD,2016-06-16 14:45:00+00:00,2016-06-16 15:00:00+00:00,2016-06-16 15:15:00+00:00,-1,-1.0000000000000362,SL,False
S2-05,ny_or_break,GBPUSD,2016-06-16 15:15:00+00:00,2016-06-16 15:30:00+00:00,2016-06-16 16:00:00+00:00,-1,-1.0000000000000233,SL,False
S2-05,ny_or_break,GBPUSD,2016-06-17 16:15:00+00:00,2016-06-17 16:30:00+00:00,2016-06-17 16:30:00+00:00,1,-0.08551330229397322,FRIDAY,False
S2-05,ny_or_break,GBPUSD,2016-06-17 16:30:00+00:00,2016-06-17 16:45:00+00:00,2016-06-17 16:45:00+00:00,1,-0.2784650067798584,FRIDAY,False
S2-05,ny_or_break,GBPUSD,2016-06-17 16:45:00+00:00,2016-06-17 17:00:00+00:00,2016-06-17 17:00:00+00:00,1,0.13250591273027099,FRIDAY,False
S2-05,ny_or_break,GBPUSD,2016-06-20 14:30:00+00:00,2016-06-20 14:45:00+00:00,2016-06-20 17:00:00+00:00,1,-0.9999999999999586,SL,False
S2-05,ny_or_break,GBPUSD,2016-06-22 12:45:00+00:00,2016-06-22 13:00:00+00:00,2016-06-22 13:00:00+00:00,1,-0.9999999999999637,SL,False
S2-05,ny_or_break,GBPUSD,2016-06-22 13:30:00+00:00,2016-06-22 13:45:00+00:00,2016-06-22 14:00:00+00:00,1,1.2500000000000346,TP,False
S2-05,ny_or_break,GBPUSD,2016-06-22 14:00:00+00:00,2016-06-22 14:15:00+00:00,2016-06-22 14:15:00+00:00,1,-1.0,SL,False
S2-05,ny_or_break,GBPUSD,2016-06-22 14:15:00+00:00,2016-06-22 14:30:00+00:00,2016-06-22 14:45:00+00:00,1,-0.9999999999999578,SL,False
S2-05,ny_or_break,GBPUSD,2016-06-27 14:45:00+00:00,2016-06-27 15:00:00+00:00,2016-06-27 15:00:00+00:00,-1,-0.999999999999992,SL,False
S2-05,ny_or_break,GBPUSD,2016-06-30 16:00:00+00:00,2016-06-30 16:15:00+00:00,2016-06-30 19:45:00+00:00,-1,-1.0000000000000135,SL,False
S2-05,ny_or_break,GBPUSD,2016-07-05 12:15:00+00:00,2016-07-05 12:30:00+00:00,2016-07-05 12:45:00+00:00,-1,1.2499999999999851,TP,False
S2-05,ny_or_break,GBPUSD,2016-07-05 12:45:00+00:00,2016-07-05 13:00:00+00:00,2016-07-05 13:30:00+00:00,-1,-1.0000000000000375,SL,False
S2-05,ny_or_break,GBPUSD,2016-07-05 13:30:00+00:00,2016-07-05 13:45:00+00:00,2016-07-05 15:00:00+00:00,-1,1.2499999999999616,TP,False
S2-05,ny_or_break,GBPUSD,2016-07-05 15:00:00+00:00,2016-07-05 15:15:00+00:00,2016-07-05 16:00:00+00:00,-1,1.250000000000036,TP,False
S2-05,ny_or_break,GBPUSD,2016-07-05 16:00:00+00:00,2016-07-05 16:15:00+00:00,2016-07-05 16:15:00+00:00,-1,-1.000000000000026,SL,False
S2-05,ny_or_break,GBPUSD,2016-07-05 16:15:00+00:00,2016-07-05 16:30:00+00:00,2016-07-05 18:15:00+00:00,-1,1.2499999999999858,TP,False
S2-05,ny_or_break,GBPUSD,2016-07-06 14:00:00+00:00,2016-07-06 14:15:00+00:00,2016-07-06 14:15:00+00:00,-1,-0.9999999999999875,SL,False
S2-05,ny_or_break,GBPUSD,2016-07-06 14:15:00+00:00,2016-07-06 14:30:00+00:00,2016-07-06 14:30:00+00:00,-1,1.2499999999999647,TP,False
S2-05,ny_or_break,GBPUSD,2016-07-06 14:30:00+00:00,2016-07-06 14:45:00+00:00,2016-07-06 15:00:00+00:00,-1,-0.9999999999999762,SL,False
S2-05,ny_or_break,GBPUSD,2016-07-06 15:00:00+00:00,2016-07-06 15:15:00+00:00,2016-07-06 15:30:00+00:00,-1,-1.0,SL,False
S2-05,ny_or_break,GBPUSD,2016-07-06 15:30:00+00:00,2016-07-06 15:45:00+00:00,2016-07-06 16:00:00+00:00,-1,-1.0,SL,False
S2-05,ny_or_break,GBPUSD,2016-07-07 15:00:00+00:00,2016-07-07 15:15:00+00:00,2016-07-07 16:15:00+00:00,-1,1.2500000000000258,TP,False
S2-05,ny_or_break,GBPUSD,2016-07-07 16:15:00+00:00,2016-07-07 16:30:00+00:00,2016-07-07 17:00:00+00:00,-1,1.2499999999999707,TP,False
S2-05,ny_or_break,GBPUSD,2016-07-12 15:00:00+00:00,2016-07-12 15:15:00+00:00,2016-07-12 15:15:00+00:00,1,1.249999999999958,TP,False
S2-05,ny_or_break,GBPUSD,2016-07-12 15:15:00+00:00,2016-07-12 15:30:00+00:00,2016-07-12 16:15:00+00:00,1,1.2499999999999867,TP,False
S2-05,ny_or_break,GBPUSD,2016-07-12 16:15:00+00:00,2016-07-12 16:30:00+00:00,2016-07-12 19:00:00+00:00,1,-1.0,SL,False
S2-05,ny_or_break,GBPUSD,2016-07-19 12:30:00+00:00,2016-07-19 12:45:00+00:00,2016-07-19 13:15:00+00:00,-1,-0.9999999999999525,SL,False
S2-05,ny_or_break,GBPUSD,2016-07-19 13:45:00+00:00,2016-07-19 14:00:00+00:00,2016-07-19 15:00:00+00:00,-1,-1.0,SL,False
S2-05,ny_or_break,GBPUSD,2016-07-19 15:45:00+00:00,2016-07-19 16:00:00+00:00,2016-07-19 16:00:00+00:00,-1,1.2500000000000295,TP,False
S2-05,ny_or_break,GBPUSD,2016-07-19 16:00:00+00:00,2016-07-19 16:15:00+00:00,2016-07-19 18:15:00+00:00,-1,1.25,TP,False
S2-05,ny_or_break,GBPUSD,2016-07-22 13:45:00+00:00,2016-07-22 14:00:00+00:00,2016-07-22 14:00:00+00:00,-1,-0.9999999999999468,SL,False
S2-05,ny_or_break,GBPUSD,2016-07-22 14:45:00+00:00,2016-07-22 15:00:00+00:00,2016-07-22 15:00:00+00:00,-1,-0.999999999999964,SL,False
S2-05,ny_or_break,GBPUSD,2016-07-22 15:15:00+00:00,2016-07-22 15:30:00+00:00,2016-07-22 16:00:00+00:00,-1,-0.3741141382382951,FRIDAY,False
S2-05,ny_or_break,GBPUSD,2016-07-25 12:30:00+00:00,2016-07-25 12:45:00+00:00,2016-07-25 13:30:00+00:00,-1,-1.0000000000000218,SL,False
S2-05,ny_or_break,GBPUSD,2016-07-25 13:45:00+00:00,2016-07-25 14:00:00+00:00,2016-07-25 14:45:00+00:00,-1,-1.0000000000000235,SL,False
S2-05,ny_or_break,GBPUSD,2016-07-29 12:45:00+00:00,2016-07-29 13:00:00+00:00,2016-07-29 13:00:00+00:00,1,1.24999999999996,TP,False
S2-05,ny_or_break,GBPUSD,2016-07-29 13:00:00+00:00,2016-07-29 13:15:00+00:00,2016-07-29 13:15:00+00:00,1,-1.000000000000038,SL,False
S2-05,ny_or_break,GBPUSD,2016-07-29 13:15:00+00:00,2016-07-29 13:30:00+00:00,2016-07-29 13:30:00+00:00,1,-0.9999999999999653,SL,False
S2-05,ny_or_break,GBPUSD,2016-07-29 14:15:00+00:00,2016-07-29 14:30:00+00:00,2016-07-29 14:45:00+00:00,1,1.2499999999999571,TP,False
S2-05,ny_or_break,GBPUSD,2016-07-29 14:45:00+00:00,2016-07-29 15:00:00+00:00,2016-07-29 16:00:00+00:00,1,-0.44718676885841063,FRIDAY,False
S2-05,ny_or_break,GBPUSD,2016-07-29 16:00:00+00:00,2016-07-29 16:15:00+00:00,2016-07-29 16:15:00+00:00,1,-0.4000855918507549,FRIDAY,False
S2-05,ny_or_break,GBPUSD,2016-07-29 16:15:00+00:00,2016-07-29 16:30:00+00:00,2016-07-29 16:30:00+00:00,1,-0.4512049924046475,FRIDAY,False
S2-05,ny_or_break,GBPUSD,2016-07-29 16:30:00+00:00,2016-07-29 16:45:00+00:00,2016-07-29 16:45:00+00:00,1,-0.2737613639381412,FRIDAY,False
S2-05,ny_or_break,GBPUSD,2016-07-29 16:45:00+00:00,2016-07-29 17:00:00+00:00,2016-07-29 17:00:00+00:00,1,0.1691663984551014,FRIDAY,False
S2-05,ny_or_break,GBPUSD,2016-08-02 12:00:00+00:00,2016-08-02 12:15:00+00:00,2016-08-02 14:00:00+00:00,1,1.250000000000056,TP,False
S2-05,ny_or_break,GBPUSD,2016-08-02 14:00:00+00:00,2016-08-02 14:15:00+00:00,2016-08-02 14:15:00+00:00,1,-0.9999999999999638,SL,False
S2-05,ny_or_break,GBPUSD,2016-08-02 14:15:00+00:00,2016-08-02 14:30:00+00:00,2016-08-02 15:15:00+00:00,1,1.2499999999999667,TP,False
S2-05,ny_or_break,GBPUSD,2016-08-02 15:15:00+00:00,2016-08-02 15:30:00+00:00,2016-08-02 16:15:00+00:00,1,1.2499999999999705,TP,False
S2-05,ny_or_break,GBPUSD,2016-08-02 16:15:00+00:00,2016-08-02 16:30:00+00:00,2016-08-02 17:30:00+00:00,1,-1.000000000000048,SL,False
S2-05,ny_or_break,GBPUSD,2016-08-05 13:00:00+00:00,2016-08-05 13:15:00+00:00,2016-08-05 13:45:00+00:00,-1,-0.9999999999999871,SL,False
S2-05,ny_or_break,GBPUSD,2016-08-05 13:45:00+00:00,2016-08-05 14:00:00+00:00,2016-08-05 15:00:00+00:00,-1,-1.000000000000035,SL,False
S2-05,ny_or_break,GBPUSD,2016-08-05 15:00:00+00:00,2016-08-05 15:15:00+00:00,2016-08-05 16:00:00+00:00,-1,-0.04323651274124643,FRIDAY,False
S2-05,ny_or_break,GBPUSD,2016-08-05 16:00:00+00:00,2016-08-05 16:15:00+00:00,2016-08-05 16:15:00+00:00,-1,-0.12313032943478867,FRIDAY,False
S2-05,ny_or_break,GBPUSD,2016-08-05 16:15:00+00:00,2016-08-05 16:30:00+00:00,2016-08-05 16:30:00+00:00,-1,-0.0732120003642865,FRIDAY,False
S2-05,ny_or_break,GBPUSD,2016-08-05 16:30:00+00:00,2016-08-05 16:45:00+00:00,2016-08-05 16:45:00+00:00,-1,-0.6386935593293346,FRIDAY,False
S2-05,ny_or_break,GBPUSD,2016-08-05 16:45:00+00:00,2016-08-05 17:00:00+00:00,2016-08-05 17:00:00+00:00,-1,-0.6635292256584672,FRIDAY,False
S2-05,ny_or_break,GBPUSD,2016-08-09 13:15:00+00:00,2016-08-09 13:30:00+00:00,2016-08-09 13:45:00+00:00,-1,-0.9999999999999718,SL,False
S2-05,ny_or_break,GBPUSD,2016-08-10 15:00:00+00:00,2016-08-10 15:15:00+00:00,2016-08-10 15:45:00+00:00,-1,-0.9999999999999605,SL,False
S2-05,ny_or_break,GBPUSD,2016-08-10 15:45:00+00:00,2016-08-10 16:00:00+00:00,2016-08-10 17:45:00+00:00,-1,-1.00000000000002,SL,False
S2-05,ny_or_break,GBPUSD,2016-08-12 15:00:00+00:00,2016-08-12 15:15:00+00:00,2016-08-12 16:00:00+00:00,-1,0.7693915512071098,FRIDAY,False
S2-05,ny_or_break,GBPUSD,2016-08-12 16:00:00+00:00,2016-08-12 16:15:00+00:00,2016-08-12 16:15:00+00:00,-1,0.2921318719911032,FRIDAY,False
S2-05,ny_or_break,GBPUSD,2016-08-12 16:15:00+00:00,2016-08-12 16:30:00+00:00,2016-08-12 16:30:00+00:00,-1,0.11380090497737556,FRIDAY,False
S2-05,ny_or_break,GBPUSD,2016-08-12 16:30:00+00:00,2016-08-12 16:45:00+00:00,2016-08-12 16:45:00+00:00,-1,-0.735351075549371,FRIDAY,False
S2-05,ny_or_break,GBPUSD,2016-08-12 16:45:00+00:00,2016-08-12 17:00:00+00:00,2016-08-12 17:00:00+00:00,-1,0.5865796232876712,FRIDAY,False
S2-05,ny_or_break,GBPUSD,2016-08-15 12:30:00+00:00,2016-08-15 12:45:00+00:00,2016-08-15 16:30:00+00:00,-1,0.3348268230757742,TIME,False
S2-05,ny_or_break,GBPUSD,2016-08-15 16:30:00+00:00,2016-08-15 16:45:00+00:00,2016-08-15 18:15:00+00:00,-1,-1.0000000000000597,SL,False
S2-05,ny_or_break,GBPUSD,2016-08-16 15:30:00+00:00,2016-08-16 15:45:00+00:00,2016-08-16 19:30:00+00:00,1,0.7200521150851573,TIME,False
S2-05,ny_or_break,GBPUSD,2016-08-22 15:00:00+00:00,2016-08-22 15:15:00+00:00,2016-08-22 19:00:00+00:00,1,-0.5194897390810498,TIME,False
S2-05,ny_or_break,GBPUSD,2016-08-24 13:30:00+00:00,2016-08-24 13:45:00+00:00,2016-08-24 14:00:00+00:00,1,1.249999999999977,TP,False
S2-05,ny_or_break,GBPUSD,2016-08-24 14:00:00+00:00,2016-08-24 14:15:00+00:00,2016-08-24 14:30:00+00:00,1,-0.9999999999999769,SL,False
S2-05,ny_or_break,GBPUSD,2016-08-26 14:00:00+00:00,2016-08-26 14:15:00+00:00,2016-08-26 14:30:00+00:00,1,-0.9999999999999832,SL,False
S2-05,ny_or_break,GBPUSD,2016-09-01 13:15:00+00:00,2016-09-01 13:30:00+00:00,2016-09-01 13:45:00+00:00,1,-1.0000000000000557,SL,False
S2-05,ny_or_break,GBPUSD,2016-09-01 14:00:00+00:00,2016-09-01 14:15:00+00:00,2016-09-01 15:45:00+00:00,1,-0.9999999999999796,SL,False
S2-05,ny_or_break,GBPUSD,2016-09-01 15:45:00+00:00,2016-09-01 16:00:00+00:00,2016-09-01 19:45:00+00:00,1,-0.3350465676093626,TIME,False
S2-05,ny_or_break,GBPUSD,2016-09-02 12:30:00+00:00,2016-09-02 12:45:00+00:00,2016-09-02 12:45:00+00:00,1,-1.0000000000000164,SL,False
S2-05,ny_or_break,GBPUSD,2016-09-02 12:45:00+00:00,2016-09-02 13:00:00+00:00,2016-09-02 14:30:00+00:00,1,-0.9999999999999531,SL,False
S2-05,ny_or_break,GBPUSD,2016-09-02 14:30:00+00:00,2016-09-02 14:45:00+00:00,2016-09-02 16:00:00+00:00,1,-0.3209752951834053,FRIDAY,False
S2-05,ny_or_break,GBPUSD,2016-09-02 16:00:00+00:00,2016-09-02 16:15:00+00:00,2016-09-02 16:15:00+00:00,1,-0.055691554467564255,FRIDAY,False
S2-05,ny_or_break,GBPUSD,2016-09-02 16:15:00+00:00,2016-09-02 16:30:00+00:00,2016-09-02 16:30:00+00:00,1,0.5473497867211556,FRIDAY,False
S2-05,ny_or_break,GBPUSD,2016-09-02 16:30:00+00:00,2016-09-02 16:45:00+00:00,2016-09-02 16:45:00+00:00,1,-0.02955145118733509,FRIDAY,False
S2-05,ny_or_break,GBPUSD,2016-09-02 16:45:00+00:00,2016-09-02 17:00:00+00:00,2016-09-02 17:00:00+00:00,1,0.042668743509865006,FRIDAY,False
S2-05,ny_or_break,GBPUSD,2016-09-06 13:45:00+00:00,2016-09-06 14:00:00+00:00,2016-09-06 14:00:00+00:00,1,1.25,TP,False
S2-05,ny_or_break,GBPUSD,2016-09-06 14:00:00+00:00,2016-09-06 14:15:00+00:00,2016-09-06 14:30:00+00:00,1,1.249999999999976,TP,False
S2-05,ny_or_break,GBPUSD,2016-09-06 14:30:00+00:00,2016-09-06 14:45:00+00:00,2016-09-06 18:30:00+00:00,1,0.033571027962503004,TIME,False
S2-05,ny_or_break,GBPUSD,2016-09-08 12:45:00+00:00,2016-09-08 13:00:00+00:00,2016-09-08 13:00:00+00:00,-1,1.2500000000000189,TP,False
S2-05,ny_or_break,GBPUSD,2016-09-08 13:00:00+00:00,2016-09-08 13:15:00+00:00,2016-09-08 13:45:00+00:00,-1,1.2499999999999478,TP,False
S2-05,ny_or_break,GBPUSD,2016-09-08 13:45:00+00:00,2016-09-08 14:00:00+00:00,2016-09-08 14:30:00+00:00,-1,-0.9999999999999846,SL,False
S2-05,ny_or_break,GBPUSD,2016-09-08 14:30:00+00:00,2016-09-08 14:45:00+00:00,2016-09-08 18:30:00+00:00,-1,-0.0,TIME,False
S2-05,ny_or_break,GBPUSD,2016-09-09 13:30:00+00:00,2016-09-09 13:45:00+00:00,2016-09-09 13:45:00+00:00,-1,1.2499999999999403,TP,False
S2-05,ny_or_break,GBPUSD,2016-09-09 13:45:00+00:00,2016-09-09 14:00:00+00:00,2016-09-09 14:00:00+00:00,-1,-0.9999999999999627,SL,False
S2-05,ny_or_break,GBPUSD,2016-09-09 14:00:00+00:00,2016-09-09 14:15:00+00:00,2016-09-09 16:00:00+00:00,-1,0.5045568907157828,FRIDAY,False
S2-05,ny_or_break,GBPUSD,2016-09-09 16:00:00+00:00,2016-09-09 16:15:00+00:00,2016-09-09 16:15:00+00:00,-1,-0.011278357733011734,FRIDAY,False
S2-05,ny_or_break,GBPUSD,2016-09-09 16:15:00+00:00,2016-09-09 16:30:00+00:00,2016-09-09 16:30:00+00:00,-1,-0.2216890928688154,FRIDAY,False
S2-05,ny_or_break,GBPUSD,2016-09-09 16:30:00+00:00,2016-09-09 16:45:00+00:00,2016-09-09 16:45:00+00:00,-1,-0.05986473607224949,FRIDAY,False
S2-05,ny_or_break,GBPUSD,2016-09-09 16:45:00+00:00,2016-09-09 17:00:00+00:00,2016-09-09 17:00:00+00:00,-1,-0.24926256817265452,FRIDAY,False
S2-05,ny_or_break,GBPUSD,2016-09-13 12:30:00+00:00,2016-09-13 12:45:00+00:00,2016-09-13 13:00:00+00:00,-1,1.25,TP,False
S2-05,ny_or_break,GBPUSD,2016-09-13 13:00:00+00:00,2016-09-13 13:15:00+00:00,2016-09-13 13:30:00+00:00,-1,-0.9999999999999399,SL,False
S2-05,ny_or_break,GBPUSD,2016-09-13 13:30:00+00:00,2016-09-13 13:45:00+00:00,2016-09-13 14:15:00+00:00,-1,1.2499999999999611,TP,False
S2-05,ny_or_break,GBPUSD,2016-09-13 14:15:00+00:00,2016-09-13 14:30:00+00:00,2016-09-13 15:00:00+00:00,-1,1.249999999999983,TP,False
S2-05,ny_or_break,GBPUSD,2016-09-13 15:00:00+00:00,2016-09-13 15:15:00+00:00,2016-09-13 16:45:00+00:00,-1,-1.0000000000000318,SL,False
S2-05,ny_or_break,GBPUSD,2016-09-13 16:45:00+00:00,2016-09-13 17:00:00+00:00,2016-09-13 20:45:00+00:00,-1,0.16883103047864578,TIME,False
S2-05,ny_or_break,GBPUSD,2016-09-14 13:00:00+00:00,2016-09-14 13:15:00+00:00,2016-09-14 13:30:00+00:00,-1,1.2500000000000313,TP,False
S2-05,ny_or_break,GBPUSD,2016-09-14 13:30:00+00:00,2016-09-14 13:45:00+00:00,2016-09-14 13:45:00+00:00,-1,1.2499999999999383,TP,False
S2-05,ny_or_break,GBPUSD,2016-09-14 13:45:00+00:00,2016-09-14 14:00:00+00:00,2016-09-14 14:00:00+00:00,-1,-1.000000000000078,SL,False
S2-05,ny_or_break,GBPUSD,2016-09-14 14:00:00+00:00,2016-09-14 14:15:00+00:00,2016-09-14 14:15:00+00:00,-1,-1.0000000000000242,SL,False
S2-05,ny_or_break,GBPUSD,2016-09-14 14:15:00+00:00,2016-09-14 14:30:00+00:00,2016-09-14 14:30:00+00:00,-1,-0.9999999999999309,SL,False
S2-05,ny_or_break,GBPUSD,2016-09-14 14:30:00+00:00,2016-09-14 14:45:00+00:00,2016-09-14 15:00:00+00:00,-1,-1.0000000000000682,SL,False
S2-05,ny_or_break,GBPUSD,2016-09-16 12:30:00+00:00,2016-09-16 12:45:00+00:00,2016-09-16 12:45:00+00:00,-1,1.2499999999999205,TP,False
S2-05,ny_or_break,GBPUSD,2016-09-16 12:45:00+00:00,2016-09-16 13:00:00+00:00,2016-09-16 13:00:00+00:00,-1,1.2500000000000488,TP,False
S2-05,ny_or_break,GBPUSD,2016-09-16 13:00:00+00:00,2016-09-16 13:15:00+00:00,2016-09-16 14:30:00+00:00,-1,1.249999999999933,TP,False
S2-05,ny_or_break,GBPUSD,2016-09-16 14:30:00+00:00,2016-09-16 14:45:00+00:00,2016-09-16 15:15:00+00:00,-1,1.250000000000067,TP,False
S2-05,ny_or_break,GBPUSD,2016-09-16 15:15:00+00:00,2016-09-16 15:30:00+00:00,2016-09-16 16:00:00+00:00,-1,-0.12734753505252888,FRIDAY,False
S2-05,ny_or_break,GBPUSD,2016-09-16 16:00:00+00:00,2016-09-16 16:15:00+00:00,2016-09-16 16:15:00+00:00,-1,0.7211571262877805,FRIDAY,False
S2-05,ny_or_break,GBPUSD,2016-09-16 16:15:00+00:00,2016-09-16 16:30:00+00:00,2016-09-16 16:30:00+00:00,-1,-0.8190581717451524,FRIDAY,False
S2-05,ny_or_break,GBPUSD,2016-09-16 16:30:00+00:00,2016-09-16 16:45:00+00:00,2016-09-16 16:45:00+00:00,-1,0.5421719955898566,FRIDAY,False
S2-05,ny_or_break,GBPUSD,2016-09-16 16:45:00+00:00,2016-09-16 17:00:00+00:00,2016-09-16 17:00:00+00:00,-1,2.1563030967388324,FRIDAY,False
S2-05,ny_or_break,GBPUSD,2016-09-20 14:45:00+00:00,2016-09-20 15:00:00+00:00,2016-09-20 15:00:00+00:00,-1,-1.0,SL,False
S2-05,ny_or_break,GBPUSD,2016-09-21 14:45:00+00:00,2016-09-21 15:00:00+00:00,2016-09-21 15:00:00+00:00,-1,-1.0,SL,False
S2-05,ny_or_break,GBPUSD,2016-09-22 13:15:00+00:00,2016-09-22 13:30:00+00:00,2016-09-22 13:30:00+00:00,1,1.2500000000000817,TP,False
S2-05,ny_or_break,GBPUSD,2016-09-22 13:30:00+00:00,2016-09-22 13:45:00+00:00,2016-09-22 13:45:00+00:00,1,-1.000000000000027,SL,False
S2-05,ny_or_break,GBPUSD,2016-09-22 13:45:00+00:00,2016-09-22 14:00:00+00:00,2016-09-22 14:00:00+00:00,1,-0.9999999999999479,SL,False
S2-05,ny_or_break,GBPUSD,2016-09-22 14:00:00+00:00,2016-09-22 14:15:00+00:00,2016-09-22 14:15:00+00:00,1,1.25,TP,False
S2-05,ny_or_break,GBPUSD,2016-09-22 14:15:00+00:00,2016-09-22 14:30:00+00:00,2016-09-22 14:45:00+00:00,1,-1.0000000000000437,SL,False
S2-05,ny_or_break,GBPUSD,2016-09-22 14:45:00+00:00,2016-09-22 15:00:00+00:00,2016-09-22 16:15:00+00:00,1,-0.999999999999979,SL,False
S2-05,ny_or_break,GBPUSD,2016-09-23 12:45:00+00:00,2016-09-23 13:00:00+00:00,2016-09-23 13:00:00+00:00,-1,1.2500000000000482,TP,False
S2-05,ny_or_break,GBPUSD,2016-09-23 13:00:00+00:00,2016-09-23 13:15:00+00:00,2016-09-23 13:30:00+00:00,-1,-1.0000000000000422,SL,False
S2-05,ny_or_break,GBPUSD,2016-09-23 13:30:00+00:00,2016-09-23 13:45:00+00:00,2016-09-23 15:00:00+00:00,-1,-0.9999999999999587,SL,False
S2-05,ny_or_break,GBPUSD,2016-10-03 13:00:00+00:00,2016-10-03 13:15:00+00:00,2016-10-03 14:15:00+00:00,-1,1.250000000000073,TP,False
S2-05,ny_or_break,GBPUSD,2016-10-03 14:15:00+00:00,2016-10-03 14:30:00+00:00,2016-10-03 14:45:00+00:00,-1,-0.9999999999999534,SL,False
S2-05,ny_or_break,GBPUSD,2016-10-03 14:45:00+00:00,2016-10-03 15:00:00+00:00,2016-10-03 16:45:00+00:00,-1,-0.9999999999999785,SL,False
S2-05,ny_or_break,GBPUSD,2016-10-04 15:30:00+00:00,2016-10-04 15:45:00+00:00,2016-10-04 15:45:00+00:00,-1,-0.9999999999999818,SL,False
S2-05,ny_or_break,GBPUSD,2016-10-04 16:30:00+00:00,2016-10-04 16:45:00+00:00,2016-10-04 17:00:00+00:00,-1,-0.9999999999999489,SL,False
S2-05,ny_or_break,GBPUSD,2016-10-06 12:15:00+00:00,2016-10-06 12:30:00+00:00,2016-10-06 13:30:00+00:00,-1,-1.0,SL,False
S2-05,ny_or_break,GBPUSD,2016-10-06 13:45:00+00:00,2016-10-06 14:00:00+00:00,2016-10-06 16:00:00+00:00,-1,-0.9999999999999422,SL,False
S2-05,ny_or_break,GBPUSD,2016-10-06 16:15:00+00:00,2016-10-06 16:30:00+00:00,2016-10-06 18:30:00+00:00,-1,1.2499999999999802,TP,False
S2-05,ny_or_break,GBPUSD,2016-10-10 13:45:00+00:00,2016-10-10 14:00:00+00:00,2016-10-10 14:45:00+00:00,-1,-1.0000000000000706,SL,False
S2-05,ny_or_break,GBPUSD,2016-10-11 14:30:00+00:00,2016-10-11 14:45:00+00:00,2016-10-11 15:30:00+00:00,-1,1.250000000000018,TP,False
S2-05,ny_or_break,GBPUSD,2016-10-11 15:30:00+00:00,2016-10-11 15:45:00+00:00,2016-10-11 16:45:00+00:00,-1,1.2499999999999851,TP,False
S2-05,ny_or_break,GBPUSD,2016-10-11 16:45:00+00:00,2016-10-11 17:00:00+00:00,2016-10-11 17:00:00+00:00,-1,1.2499999999999731,TP,False
S2-05,ny_or_break,GBPUSD,2016-10-12 12:30:00+00:00,2016-10-12 12:45:00+00:00,2016-10-12 13:00:00+00:00,-1,1.2500000000000493,TP,False
S2-05,ny_or_break,GBPUSD,2016-10-12 13:00:00+00:00,2016-10-12 13:15:00+00:00,2016-10-12 13:15:00+00:00,-1,-1.0,SL,False
S2-05,ny_or_break,GBPUSD,2016-10-12 13:15:00+00:00,2016-10-12 13:30:00+00:00,2016-10-12 13:45:00+00:00,-1,-1.0000000000000462,SL,False
S2-05,ny_or_break,GBPUSD,2016-10-12 14:30:00+00:00,2016-10-12 14:45:00+00:00,2016-10-12 16:30:00+00:00,-1,-0.999999999999957,SL,False
S2-05,ny_or_break,GBPUSD,2016-10-18 14:30:00+00:00,2016-10-18 14:45:00+00:00,2016-10-18 14:45:00+00:00,1,-0.9999999999999821,SL,False
S2-05,ny_or_break,GBPUSD,2016-10-18 15:00:00+00:00,2016-10-18 15:15:00+00:00,2016-10-18 16:45:00+00:00,1,-1.0000000000000342,SL,False
S2-05,ny_or_break,GBPUSD,2016-10-20 14:00:00+00:00,2016-10-20 14:15:00+00:00,2016-10-20 15:00:00+00:00,-1,-1.0000000000000533,SL,False
S2-05,ny_or_break,GBPUSD,2016-10-20 15:00:00+00:00,2016-10-20 15:15:00+00:00,2016-10-20 16:00:00+00:00,-1,-0.9999999999999521,SL,False
S2-05,ny_or_break,GBPUSD,2016-10-21 12:00:00+00:00,2016-10-21 12:15:00+00:00,2016-10-21 12:15:00+00:00,-1,1.24999999999997,TP,False
S2-05,ny_or_break,GBPUSD,2016-10-21 12:15:00+00:00,2016-10-21 12:30:00+00:00,2016-10-21 13:15:00+00:00,-1,-0.9999999999999714,SL,False
S2-05,ny_or_break,GBPUSD,2016-10-21 13:15:00+00:00,2016-10-21 13:30:00+00:00,2016-10-21 14:15:00+00:00,-1,-1.0,SL,False
S2-05,ny_or_break,GBPUSD,2016-10-21 14:45:00+00:00,2016-10-21 15:00:00+00:00,2016-10-21 15:30:00+00:00,-1,-0.9999999999999397,SL,False
S2-05,ny_or_break,GBPUSD,2016-10-21 15:30:00+00:00,2016-10-21 15:45:00+00:00,2016-10-21 16:00:00+00:00,-1,-0.5672651155301506,FRIDAY,False
S2-05,ny_or_break,GBPUSD,2016-10-24 14:00:00+00:00,2016-10-24 14:15:00+00:00,2016-10-24 14:45:00+00:00,-1,1.250000000000033,TP,False
S2-05,ny_or_break,GBPUSD,2016-10-24 14:45:00+00:00,2016-10-24 15:00:00+00:00,2016-10-24 17:45:00+00:00,-1,-1.0000000000000626,SL,False
S2-05,ny_or_break,GBPUSD,2016-10-25 12:15:00+00:00,2016-10-25 12:30:00+00:00,2016-10-25 12:45:00+00:00,-1,1.2499999999999376,TP,False
S2-05,ny_or_break,GBPUSD,2016-10-25 12:45:00+00:00,2016-10-25 13:00:00+00:00,2016-10-25 13:00:00+00:00,-1,1.2499999999999754,TP,False
S2-05,ny_or_break,GBPUSD,2016-10-25 13:00:00+00:00,2016-10-25 13:15:00+00:00,2016-10-25 13:15:00+00:00,-1,1.2500000000000644,TP,False
S2-05,ny_or_break,GBPUSD,2016-10-25 13:15:00+00:00,2016-10-25 13:30:00+00:00,2016-10-25 13:45:00+00:00,-1,1.2500000000000384,TP,False
S2-05,ny_or_break,GBPUSD,2016-10-25 13:45:00+00:00,2016-10-25 14:00:00+00:00,2016-10-25 14:00:00+00:00,-1,-1.0000000000000362,SL,False
S2-05,ny_or_break,GBPUSD,2016-10-25 14:00:00+00:00,2016-10-25 14:15:00+00:00,2016-10-25 14:30:00+00:00,-1,-1.0000000000000315,SL,False
S2-05,ny_or_break,GBPUSD,2016-10-25 14:30:00+00:00,2016-10-25 14:45:00+00:00,2016-10-25 14:45:00+00:00,-1,-1.0,SL,False
S2-05,ny_or_break,GBPUSD,2016-10-25 14:45:00+00:00,2016-10-25 15:00:00+00:00,2016-10-25 15:15:00+00:00,-1,-1.0,SL,False
S2-05,ny_or_break,GBPUSD,2016-10-25 15:15:00+00:00,2016-10-25 15:30:00+00:00,2016-10-25 16:15:00+00:00,-1,-0.9999999999999758,SL,False
S2-05,ny_or_break,GBPUSD,2016-10-25 16:15:00+00:00,2016-10-25 16:30:00+00:00,2016-10-25 20:15:00+00:00,-1,0.3806207589697233,TIME,False
S2-05,ny_or_break,GBPUSD,2016-10-31 14:30:00+00:00,2016-10-31 14:45:00+00:00,2016-10-31 15:00:00+00:00,-1,-1.0,SL,False
S2-05,ny_or_break,GBPUSD,2016-11-02 12:15:00+00:00,2016-11-02 12:30:00+00:00,2016-11-02 12:45:00+00:00,1,-0.9999999999999328,SL,False
S2-05,ny_or_break,GBPUSD,2016-11-02 13:45:00+00:00,2016-11-02 14:00:00+00:00,2016-11-02 14:30:00+00:00,1,-1.0,SL,False
S2-05,ny_or_break,GBPUSD,2016-11-03 12:00:00+00:00,2016-11-03 12:15:00+00:00,2016-11-03 13:30:00+00:00,1,-0.99999999999999,SL,False
S2-05,ny_or_break,GBPUSD,2016-11-03 13:30:00+00:00,2016-11-03 13:45:00+00:00,2016-11-03 15:00:00+00:00,1,-1.0000000000000222,SL,False
S2-05,ny_or_break,GBPUSD,2016-11-03 15:45:00+00:00,2016-11-03 16:00:00+00:00,2016-11-03 16:30:00+00:00,1,-0.9999999999999686,SL,False
S2-05,ny_or_break,GBPUSD,2016-11-03 16:45:00+00:00,2016-11-03 17:00:00+00:00,2016-11-03 20:45:00+00:00,1,0.15699061075385684,TIME,False
S2-05,ny_or_break,GBPUSD,2016-11-04 13:45:00+00:00,2016-11-04 14:00:00+00:00,2016-11-04 14:30:00+00:00,1,1.2499999999999767,TP,False
S2-05,ny_or_break,GBPUSD,2016-11-04 14:30:00+00:00,2016-11-04 14:45:00+00:00,2016-11-04 15:00:00+00:00,1,1.2499999999999787,TP,False
S2-05,ny_or_break,GBPUSD,2016-11-04 15:00:00+00:00,2016-11-04 15:15:00+00:00,2016-11-04 15:45:00+00:00,1,1.25,TP,False
S2-05,ny_or_break,GBPUSD,2016-11-04 15:45:00+00:00,2016-11-04 16:00:00+00:00,2016-11-04 16:00:00+00:00,1,-0.8336560010325367,FRIDAY,False
S2-05,ny_or_break,GBPUSD,2016-11-04 16:00:00+00:00,2016-11-04 16:15:00+00:00,2016-11-04 16:15:00+00:00,1,-0.8163785481264674,FRIDAY,False
S2-05,ny_or_break,GBPUSD,2016-11-04 16:15:00+00:00,2016-11-04 16:30:00+00:00,2016-11-04 16:30:00+00:00,1,-0.23882748678519944,FRIDAY,False
S2-05,ny_or_break,GBPUSD,2016-11-04 16:30:00+00:00,2016-11-04 16:45:00+00:00,2016-11-04 16:45:00+00:00,1,0.3512220133310545,FRIDAY,False
S2-05,ny_or_break,GBPUSD,2016-11-04 16:45:00+00:00,2016-11-04 17:00:00+00:00,2016-11-04 17:00:00+00:00,1,-0.3751310825307667,FRIDAY,False
S2-05,ny_or_break,GBPUSD,2016-11-08 12:00:00+00:00,2016-11-08 12:15:00+00:00,2016-11-08 14:00:00+00:00,-1,1.2499999999999447,TP,False
S2-05,ny_or_break,GBPUSD,2016-11-08 14:00:00+00:00,2016-11-08 14:15:00+00:00,2016-11-08 14:15:00+00:00,-1,-1.0,SL,False
S2-05,ny_or_break,GBPUSD,2016-11-08 14:15:00+00:00,2016-11-08 14:30:00+00:00,2016-11-08 15:00:00+00:00,-1,-1.000000000000029,SL,False
S2-05,ny_or_break,GBPUSD,2016-11-08 15:00:00+00:00,2016-11-08 15:15:00+00:00,2016-11-08 15:15:00+00:00,-1,-0.9999999999999143,SL,False
S2-05,ny_or_break,GBPUSD,2016-11-08 15:15:00+00:00,2016-11-08 15:30:00+00:00,2016-11-08 15:45:00+00:00,-1,-1.0000000000000553,SL,False
S2-05,ny_or_break,GBPUSD,2016-11-10 14:15:00+00:00,2016-11-10 14:30:00+00:00,2016-11-10 14:30:00+00:00,1,-0.9999999999999671,SL,False
S2-05,ny_or_break,GBPUSD,2016-11-10 14:30:00+00:00,2016-11-10 14:45:00+00:00,2016-11-10 15:15:00+00:00,1,1.25,TP,False
S2-05,ny_or_break,GBPUSD,2016-11-10 15:15:00+00:00,2016-11-10 15:30:00+00:00,2016-11-10 15:30:00+00:00,1,-1.000000000000014,SL,False
S2-05,ny_or_break,GBPUSD,2016-11-10 15:30:00+00:00,2016-11-10 15:45:00+00:00,2016-11-10 16:00:00+00:00,1,1.250000000000013,TP,False
S2-05,ny_or_break,GBPUSD,2016-11-10 16:00:00+00:00,2016-11-10 16:15:00+00:00,2016-11-10 17:00:00+00:00,1,1.2499999999999878,TP,False
S2-05,ny_or_break,GBPUSD,2016-11-14 15:00:00+00:00,2016-11-14 15:15:00+00:00,2016-11-14 15:30:00+00:00,-1,-1.0000000000000342,SL,False
S2-05,ny_or_break,GBPUSD,2016-11-14 15:30:00+00:00,2016-11-14 15:45:00+00:00,2016-11-14 17:15:00+00:00,-1,-1.0000000000000493,SL,False
S2-05,ny_or_break,GBPUSD,2016-11-15 14:45:00+00:00,2016-11-15 15:00:00+00:00,2016-11-15 15:00:00+00:00,-1,-1.000000000000032,SL,False
S2-05,ny_or_break,GBPUSD,2016-11-15 15:15:00+00:00,2016-11-15 15:30:00+00:00,2016-11-15 15:45:00+00:00,-1,-1.0000000000000158,SL,False
S2-05,ny_or_break,GBPUSD,2016-11-15 15:45:00+00:00,2016-11-15 16:00:00+00:00,2016-11-15 16:00:00+00:00,-1,-0.9999999999999543,SL,False
S2-05,ny_or_break,GBPUSD,2016-11-18 13:00:00+00:00,2016-11-18 13:15:00+00:00,2016-11-18 14:15:00+00:00,-1,-0.9999999999999841,SL,False
S2-05,ny_or_break,GBPUSD,2016-11-18 14:15:00+00:00,2016-11-18 14:30:00+00:00,2016-11-18 14:30:00+00:00,-1,-1.0000000000000144,SL,False
S2-05,ny_or_break,GBPUSD,2016-11-18 14:30:00+00:00,2016-11-18 14:45:00+00:00,2016-11-18 15:30:00+00:00,-1,1.2500000000000142,TP,False
S2-05,ny_or_break,GBPUSD,2016-11-18 15:30:00+00:00,2016-11-18 15:45:00+00:00,2016-11-18 16:00:00+00:00,-1,-0.08716042237112562,FRIDAY,False
S2-05,ny_or_break,GBPUSD,2016-11-18 16:00:00+00:00,2016-11-18 16:15:00+00:00,2016-11-18 16:15:00+00:00,-1,0.20973090513726556,FRIDAY,False
S2-05,ny_or_break,GBPUSD,2016-11-18 16:15:00+00:00,2016-11-18 16:30:00+00:00,2016-11-18 16:30:00+00:00,-1,-0.903689147222584,FRIDAY,False
S2-05,ny_or_break,GBPUSD,2016-11-18 16:30:00+00:00,2016-11-18 16:45:00+00:00,2016-11-18 16:45:00+00:00,-1,0.14100952732295524,FRIDAY,False
S2-05,ny_or_break,GBPUSD,2016-11-18 16:45:00+00:00,2016-11-18 17:00:00+00:00,2016-11-18 17:00:00+00:00,-1,-0.37672727272727274,FRIDAY,False
S2-05,ny_or_break,GBPUSD,2016-11-29 15:00:00+00:00,2016-11-29 15:15:00+00:00,2016-11-29 15:45:00+00:00,1,1.25,TP,False
S2-05,ny_or_break,GBPUSD,2016-11-29 15:45:00+00:00,2016-11-29 16:00:00+00:00,2016-11-29 16:30:00+00:00,1,-1.0000000000000189,SL,False
S2-05,ny_or_break,GBPUSD,2016-11-29 16:30:00+00:00,2016-11-29 16:45:00+00:00,2016-11-29 20:30:00+00:00,1,-0.3215250989273537,TIME,False
S2-05,ny_or_break,GBPUSD,2016-12-01 12:15:00+00:00,2016-12-01 12:30:00+00:00,2016-12-01 13:45:00+00:00,1,1.2499999999999865,TP,False
S2-05,ny_or_break,GBPUSD,2016-12-01 13:45:00+00:00,2016-12-01 14:00:00+00:00,2016-12-01 14:15:00+00:00,1,-0.9999999999999604,SL,False
S2-05,ny_or_break,GBPUSD,2016-12-01 14:15:00+00:00,2016-12-01 14:30:00+00:00,2016-12-01 14:45:00+00:00,1,-0.9999999999999588,SL,False
S2-05,ny_or_break,GBPUSD,2016-12-02 14:00:00+00:00,2016-12-02 14:15:00+00:00,2016-12-02 14:45:00+00:00,1,-0.9999999999999569,SL,False
S2-05,ny_or_break,GBPUSD,2016-12-02 14:45:00+00:00,2016-12-02 15:00:00+00:00,2016-12-02 15:00:00+00:00,1,1.2499999999999418,TP,False
S2-05,ny_or_break,GBPUSD,2016-12-02 15:00:00+00:00,2016-12-02 15:15:00+00:00,2016-12-02 15:30:00+00:00,1,-1.0000000000000546,SL,False
S2-05,ny_or_break,GBPUSD,2016-12-02 15:45:00+00:00,2016-12-02 16:00:00+00:00,2016-12-02 16:00:00+00:00,1,0.7577086788400501,FRIDAY,False
S2-05,ny_or_break,GBPUSD,2016-12-02 16:00:00+00:00,2016-12-02 16:15:00+00:00,2016-12-02 16:15:00+00:00,1,0.16569393313579361,FRIDAY,False
S2-05,ny_or_break,GBPUSD,2016-12-02 16:15:00+00:00,2016-12-02 16:30:00+00:00,2016-12-02 16:30:00+00:00,1,-0.009776089314884013,FRIDAY,False
S2-05,ny_or_break,GBPUSD,2016-12-02 16:30:00+00:00,2016-12-02 16:45:00+00:00,2016-12-02 16:45:00+00:00,1,0.22286959248683713,FRIDAY,False
S2-05,ny_or_break,GBPUSD,2016-12-02 16:45:00+00:00,2016-12-02 17:00:00+00:00,2016-12-02 17:00:00+00:00,1,-0.5638071233534372,FRIDAY,False
S2-05,ny_or_break,GBPUSD,2016-12-08 14:00:00+00:00,2016-12-08 14:15:00+00:00,2016-12-08 15:15:00+00:00,-1,1.25,TP,False
S2-05,ny_or_break,GBPUSD,2016-12-08 15:15:00+00:00,2016-12-08 15:30:00+00:00,2016-12-08 19:15:00+00:00,-1,0.3038949275362319,TIME,False
S2-05,ny_or_break,GBPUSD,2016-12-12 15:00:00+00:00,2016-12-12 15:15:00+00:00,2016-12-12 15:15:00+00:00,1,-1.0000000000000733,SL,False
S2-05,ny_or_break,GBPUSD,2016-12-12 15:15:00+00:00,2016-12-12 15:30:00+00:00,2016-12-12 15:30:00+00:00,1,1.2500000000000786,TP,False
S2-05,ny_or_break,GBPUSD,2016-12-12 15:30:00+00:00,2016-12-12 15:45:00+00:00,2016-12-12 16:45:00+00:00,1,1.2499999999999236,TP,False
S2-05,ny_or_break,GBPUSD,2016-12-12 16:45:00+00:00,2016-12-12 17:00:00+00:00,2016-12-12 17:30:00+00:00,1,1.2500000000000242,TP,False
S2-05,ny_or_break,GBPUSD,2016-12-13 14:30:00+00:00,2016-12-13 14:45:00+00:00,2016-12-13 15:00:00+00:00,1,-1.0000000000000278,SL,False
S2-05,ny_or_break,GBPUSD,2016-12-14 13:15:00+00:00,2016-12-14 13:30:00+00:00,2016-12-14 14:00:00+00:00,1,1.2500000000000684,TP,False
S2-05,ny_or_break,GBPUSD,2016-12-14 14:00:00+00:00,2016-12-14 14:15:00+00:00,2016-12-14 14:15:00+00:00,1,-1.000000000000041,SL,False
S2-05,ny_or_break,GBPUSD,2016-12-14 14:15:00+00:00,2016-12-14 14:30:00+00:00,2016-12-14 16:15:00+00:00,1,1.2499999999999611,TP,False
S2-05,ny_or_break,GBPUSD,2016-12-14 16:15:00+00:00,2016-12-14 16:30:00+00:00,2016-12-14 18:00:00+00:00,1,-0.9999999999999807,SL,False
S2-05,ny_or_break,GBPUSD,2016-12-15 12:30:00+00:00,2016-12-15 12:45:00+00:00,2016-12-15 13:00:00+00:00,-1,1.25,TP,False
S2-05,ny_or_break,GBPUSD,2016-12-15 13:00:00+00:00,2016-12-15 13:15:00+00:00,2016-12-15 13:45:00+00:00,-1,-1.0000000000000164,SL,False
S2-05,ny_or_break,GBPUSD,2016-12-15 15:00:00+00:00,2016-12-15 15:15:00+00:00,2016-12-15 15:15:00+00:00,-1,1.2499999999999842,TP,False
S2-05,ny_or_break,GBPUSD,2016-12-15 15:15:00+00:00,2016-12-15 15:30:00+00:00,2016-12-15 15:45:00+00:00,-1,1.250000000000029,TP,False
S2-05,ny_or_break,GBPUSD,2016-12-15 15:45:00+00:00,2016-12-15 16:00:00+00:00,2016-12-15 16:30:00+00:00,-1,1.2500000000000455,TP,False
S2-05,ny_or_break,GBPUSD,2016-12-15 16:30:00+00:00,2016-12-15 16:45:00+00:00,2016-12-15 17:00:00+00:00,-1,-1.0000000000000293,SL,False
S2-05,ny_or_break,GBPUSD,2016-12-19 12:30:00+00:00,2016-12-19 12:45:00+00:00,2016-12-19 12:45:00+00:00,-1,1.2500000000000695,TP,False
S2-05,ny_or_break,GBPUSD,2016-12-19 12:45:00+00:00,2016-12-19 13:00:00+00:00,2016-12-19 13:15:00+00:00,-1,1.2499999999999363,TP,False
S2-05,ny_or_break,GBPUSD,2016-12-19 13:15:00+00:00,2016-12-19 13:30:00+00:00,2016-12-19 13:45:00+00:00,-1,-1.000000000000023,SL,False
S2-05,ny_or_break,GBPUSD,2016-12-19 13:45:00+00:00,2016-12-19 14:00:00+00:00,2016-12-19 14:15:00+00:00,-1,1.250000000000041,TP,False
S2-05,ny_or_break,GBPUSD,2016-12-19 14:15:00+00:00,2016-12-19 14:30:00+00:00,2016-12-19 15:45:00+00:00,-1,1.2500000000000386,TP,False
S2-05,ny_or_break,GBPUSD,2016-12-19 15:45:00+00:00,2016-12-19 16:00:00+00:00,2016-12-19 16:15:00+00:00,-1,-1.0,SL,False
S2-05,ny_or_break,GBPUSD,2016-12-20 12:15:00+00:00,2016-12-20 12:30:00+00:00,2016-12-20 13:00:00+00:00,-1,-0.9999999999999608,SL,False
S2-05,ny_or_break,GBPUSD,2016-12-20 14:00:00+00:00,2016-12-20 14:15:00+00:00,2016-12-20 15:45:00+00:00,-1,-0.9999999999999468,SL,False
S2-05,ny_or_break,GBPUSD,2016-12-22 13:45:00+00:00,2016-12-22 14:00:00+00:00,2016-12-22 14:00:00+00:00,-1,-1.0000000000000853,SL,False
S2-05,ny_or_break,GBPUSD,2016-12-22 14:45:00+00:00,2016-12-22 15:00:00+00:00,2016-12-22 15:00:00+00:00,-1,-1.000000000000081,SL,False
S2-05,ny_or_break,GBPUSD,2016-12-22 15:30:00+00:00,2016-12-22 15:45:00+00:00,2016-12-22 15:45:00+00:00,-1,1.2500000000000464,TP,False
S2-05,ny_or_break,GBPUSD,2016-12-22 15:45:00+00:00,2016-12-22 16:00:00+00:00,2016-12-22 19:45:00+00:00,-1,0.6606625269891614,TIME,False
S2-05,ny_or_break,GBPUSD,2016-12-23 13:15:00+00:00,2016-12-23 13:30:00+00:00,2016-12-23 14:15:00+00:00,-1,-1.0,SL,False
S2-05,ny_or_break,GBPUSD,2016-12-23 14:30:00+00:00,2016-12-23 14:45:00+00:00,2016-12-23 15:15:00+00:00,-1,-1.0000000000000497,SL,False
S2-05,ny_or_break,GBPUSD,2016-12-23 16:00:00+00:00,2016-12-23 16:15:00+00:00,2016-12-23 16:15:00+00:00,-1,-0.34296356863813937,FRIDAY,False
S2-05,ny_or_break,GBPUSD,2016-12-27 12:00:00+00:00,2016-12-27 12:15:00+00:00,2016-12-27 13:00:00+00:00,-1,-0.9999999999999104,SL,False
S2-05,ny_or_break,GBPUSD,2016-12-27 13:00:00+00:00,2016-12-27 13:15:00+00:00,2016-12-27 14:15:00+00:00,-1,-1.0000000000001452,SL,False
S2-05,ny_or_break,GBPUSD,2016-12-27 16:15:00+00:00,2016-12-27 16:30:00+00:00,2016-12-27 16:30:00+00:00,-1,-0.9999999999999563,SL,False
S2-05,ny_or_break,GBPUSD,2016-12-28 12:15:00+00:00,2016-12-28 12:30:00+00:00,2016-12-28 13:00:00+00:00,-1,1.2499999999999238,TP,False
S2-05,ny_or_break,GBPUSD,2016-12-28 13:00:00+00:00,2016-12-28 13:15:00+00:00,2016-12-28 13:15:00+00:00,-1,1.2499999999999243,TP,False
S2-05,ny_or_break,GBPUSD,2016-12-28 13:15:00+00:00,2016-12-28 13:30:00+00:00,2016-12-28 14:30:00+00:00,-1,-1.0000000000000726,SL,False
S2-05,ny_or_break,GBPUSD,2016-12-28 14:30:00+00:00,2016-12-28 14:45:00+00:00,2016-12-28 15:00:00+00:00,-1,1.2499999999999485,TP,False
S2-05,ny_or_break,GBPUSD,2016-12-28 15:00:00+00:00,2016-12-28 15:15:00+00:00,2016-12-28 15:45:00+00:00,-1,-1.0000000000000684,SL,False
S2-05,ny_or_break,GBPUSD,2016-12-28 16:15:00+00:00,2016-12-28 16:30:00+00:00,2016-12-28 20:15:00+00:00,-1,-0.5307094031237668,TIME,False
S2-05,ny_or_break,GBPUSD,2016-12-29 13:30:00+00:00,2016-12-29 13:45:00+00:00,2016-12-29 13:45:00+00:00,-1,-1.0,SL,False
S2-05,ny_or_break,GBPUSD,2016-12-29 14:00:00+00:00,2016-12-29 14:15:00+00:00,2016-12-29 15:00:00+00:00,-1,1.2499999999998996,TP,False
S2-05,ny_or_break,GBPUSD,2016-12-29 15:00:00+00:00,2016-12-29 15:15:00+00:00,2016-12-29 15:15:00+00:00,-1,-0.9999999999999631,SL,False
S2-05,ny_or_break,GBPUSD,2016-12-29 15:15:00+00:00,2016-12-29 15:30:00+00:00,2016-12-29 15:45:00+00:00,-1,1.249999999999966,TP,False
S2-05,ny_or_break,GBPUSD,2016-12-29 15:45:00+00:00,2016-12-29 16:00:00+00:00,2016-12-29 16:00:00+00:00,-1,-0.9999999999999071,SL,False
S2-05,ny_or_break,GBPUSD,2016-12-29 16:00:00+00:00,2016-12-29 16:15:00+00:00,2016-12-29 16:15:00+00:00,-1,-1.0,SL,False
S2-05,ny_or_break,GBPUSD,2016-12-29 16:15:00+00:00,2016-12-29 16:30:00+00:00,2016-12-29 17:45:00+00:00,-1,1.250000000000028,TP,False
S2-05,ny_or_break,GBPUSD,2016-12-30 12:30:00+00:00,2016-12-30 12:45:00+00:00,2016-12-30 13:45:00+00:00,1,1.2499999999999425,TP,False
S2-05,ny_or_break,GBPUSD,2016-12-30 13:45:00+00:00,2016-12-30 14:00:00+00:00,2016-12-30 14:00:00+00:00,1,1.2500000000000384,TP,False
S2-05,ny_or_break,GBPUSD,2016-12-30 14:00:00+00:00,2016-12-30 14:15:00+00:00,2016-12-30 14:45:00+00:00,1,1.249999999999962,TP,False
S2-05,ny_or_break,GBPUSD,2016-12-30 14:45:00+00:00,2016-12-30 15:00:00+00:00,2016-12-30 15:15:00+00:00,1,-1.0000000000000497,SL,False
S2-05,ny_or_break,GBPUSD,2016-12-30 15:15:00+00:00,2016-12-30 15:30:00+00:00,2016-12-30 15:45:00+00:00,1,-1.0000000000000484,SL,False
S2-05,ny_or_break,GBPUSD,2016-12-30 15:45:00+00:00,2016-12-30 16:00:00+00:00,2016-12-30 16:00:00+00:00,1,-1.2632951917946285,FRIDAY,False
S2-05,ny_or_break,GBPUSD,2016-12-30 16:00:00+00:00,2016-12-30 16:15:00+00:00,2016-12-30 16:15:00+00:00,1,0.5003855805650353,FRIDAY,False
S2-05,ny_or_break,GBPUSD,2016-12-30 16:15:00+00:00,2016-12-30 16:30:00+00:00,2016-12-30 16:30:00+00:00,1,-0.366142386858644,FRIDAY,False
S2-05,ny_or_break,GBPUSD,2016-12-30 16:30:00+00:00,2016-12-30 16:45:00+00:00,2016-12-30 16:45:00+00:00,1,-0.2652595269382392,FRIDAY,False
S2-05,ny_or_break,GBPUSD,2016-12-30 16:45:00+00:00,2016-12-30 17:00:00+00:00,2016-12-30 17:00:00+00:00,1,0.7327016242154232,FRIDAY,False
S2-05,ny_or_break,GBPUSD,2017-01-03 15:00:00+00:00,2017-01-03 15:15:00+00:00,2017-01-03 15:45:00+00:00,-1,-1.0000000000000187,SL,False
S2-05,ny_or_break,GBPUSD,2017-01-03 15:45:00+00:00,2017-01-03 16:00:00+00:00,2017-01-03 16:30:00+00:00,-1,-0.9999999999999817,SL,False
S2-05,ny_or_break,GBPUSD,2017-01-05 15:30:00+00:00,2017-01-05 15:45:00+00:00,2017-01-05 15:45:00+00:00,1,1.2499999999999525,TP,False
S2-05,ny_or_break,GBPUSD,2017-01-05 15:45:00+00:00,2017-01-05 16:00:00+00:00,2017-01-05 17:30:00+00:00,1,-1.000000000000014,SL,False
S2-05,ny_or_break,GBPUSD,2017-01-11 15:15:00+00:00,2017-01-11 15:30:00+00:00,2017-01-11 15:45:00+00:00,-1,-1.0000000000000164,SL,False
S2-05,ny_or_break,GBPUSD,2017-01-11 15:45:00+00:00,2017-01-11 16:00:00+00:00,2017-01-11 16:15:00+00:00,-1,-1.000000000000016,SL,False
S2-05,ny_or_break,GBPUSD,2017-01-13 14:00:00+00:00,2017-01-13 14:15:00+00:00,2017-01-13 15:00:00+00:00,-1,1.249999999999945,TP,False
S2-05,ny_or_break,GBPUSD,2017-01-13 15:00:00+00:00,2017-01-13 15:15:00+00:00,2017-01-13 15:15:00+00:00,-1,-1.000000000000017,SL,False
S2-05,ny_or_break,GBPUSD,2017-01-13 15:15:00+00:00,2017-01-13 15:30:00+00:00,2017-01-13 15:45:00+00:00,-1,-0.9999999999999678,SL,False
S2-05,ny_or_break,GBPUSD,2017-01-17 12:00:00+00:00,2017-01-17 12:15:00+00:00,2017-01-17 12:30:00+00:00,1,1.24999999999999,TP,False
S2-05,ny_or_break,GBPUSD,2017-01-17 12:30:00+00:00,2017-01-17 12:45:00+00:00,2017-01-17 14:00:00+00:00,1,1.2500000000000087,TP,False
S2-05,ny_or_break,GBPUSD,2017-01-17 14:00:00+00:00,2017-01-17 14:15:00+00:00,2017-01-17 18:00:00+00:00,1,0.47994903723647203,TIME,False
S2-05,ny_or_break,GBPUSD,2017-01-23 15:30:00+00:00,2017-01-23 15:45:00+00:00,2017-01-23 19:30:00+00:00,1,1.25,TP,False
S2-05,ny_or_break,GBPUSD,2017-01-25 15:45:00+00:00,2017-01-25 16:00:00+00:00,2017-01-25 16:45:00+00:00,1,1.249999999999962,TP,False
S2-05,ny_or_break,GBPUSD,2017-01-25 16:45:00+00:00,2017-01-25 17:00:00+00:00,2017-01-25 17:30:00+00:00,1,-0.9999999999999477,SL,False
S2-05,ny_or_break,GBPUSD,2017-01-30 12:00:00+00:00,2017-01-30 12:15:00+00:00,2017-01-30 12:30:00+00:00,-1,-0.9999999999999756,SL,False
S2-05,ny_or_break,GBPUSD,2017-01-30 12:30:00+00:00,2017-01-30 12:45:00+00:00,2017-01-30 13:15:00+00:00,-1,-0.9999999999999208,SL,False
S2-05,ny_or_break,GBPUSD,2017-01-30 15:00:00+00:00,2017-01-30 15:15:00+00:00,2017-01-30 15:30:00+00:00,-1,-0.9999999999999791,SL,False
S2-05,ny_or_break,GBPUSD,2017-01-30 16:00:00+00:00,2017-01-30 16:15:00+00:00,2017-01-30 16:45:00+00:00,-1,1.25,TP,False
S2-05,ny_or_break,GBPUSD,2017-01-30 16:45:00+00:00,2017-01-30 17:00:00+00:00,2017-01-30 17:30:00+00:00,-1,-1.000000000000059,SL,False
S2-05,ny_or_break,GBPUSD,2017-02-01 13:30:00+00:00,2017-02-01 13:45:00+00:00,2017-02-01 14:00:00+00:00,1,-0.9999999999999812,SL,False
S2-05,ny_or_break,GBPUSD,2017-02-06 13:45:00+00:00,2017-02-06 14:00:00+00:00,2017-02-06 15:15:00+00:00,-1,1.2500000000000226,TP,False
S2-05,ny_or_break,GBPUSD,2017-02-06 15:15:00+00:00,2017-02-06 15:30:00+00:00,2017-02-06 16:00:00+00:00,-1,-1.0000000000000706,SL,False
S2-05,ny_or_break,GBPUSD,2017-02-06 16:45:00+00:00,2017-02-06 17:00:00+00:00,2017-02-06 17:45:00+00:00,-1,-1.0000000000000497,SL,False
S2-05,ny_or_break,GBPUSD,2017-02-08 14:00:00+00:00,2017-02-08 14:15:00+00:00,2017-02-08 15:00:00+00:00,1,-1.0000000000000495,SL,False
S2-05,ny_or_break,GBPUSD,2017-02-08 15:45:00+00:00,2017-02-08 16:00:00+00:00,2017-02-08 18:15:00+00:00,1,-1.0000000000000198,SL,False
S2-05,ny_or_break,GBPUSD,2017-02-10 14:15:00+00:00,2017-02-10 14:30:00+00:00,2017-02-10 14:30:00+00:00,-1,-0.9999999999999802,SL,False
S2-05,ny_or_break,GBPUSD,2017-02-15 12:00:00+00:00,2017-02-15 12:15:00+00:00,2017-02-15 12:30:00+00:00,-1,-1.0,SL,False
S2-05,ny_or_break,GBPUSD,2017-02-15 12:45:00+00:00,2017-02-15 13:00:00+00:00,2017-02-15 13:30:00+00:00,-1,1.2500000000000775,TP,False
S2-05,ny_or_break,GBPUSD,2017-02-15 13:30:00+00:00,2017-02-15 13:45:00+00:00,2017-02-15 14:30:00+00:00,-1,-1.0,SL,False
S2-05,ny_or_break,GBPUSD,2017-02-15 14:30:00+00:00,2017-02-15 14:45:00+00:00,2017-02-15 15:00:00+00:00,-1,-1.0,SL,False
S2-05,ny_or_break,GBPUSD,2017-02-21 12:15:00+00:00,2017-02-21 12:30:00+00:00,2017-02-21 12:30:00+00:00,-1,-1.0000000000000828,SL,False
S2-05,ny_or_break,GBPUSD,2017-02-23 13:00:00+00:00,2017-02-23 13:15:00+00:00,2017-02-23 13:15:00+00:00,1,-0.9999999999999232,SL,False
S2-05,ny_or_break,GBPUSD,2017-02-23 13:15:00+00:00,2017-02-23 13:30:00+00:00,2017-02-23 14:00:00+00:00,1,1.2500000000000786,TP,False
S2-05,ny_or_break,GBPUSD,2017-02-23 14:00:00+00:00,2017-02-23 14:15:00+00:00,2017-02-23 15:45:00+00:00,1,1.2500000000000242,TP,False
S2-05,ny_or_break,GBPUSD,2017-02-23 15:45:00+00:00,2017-02-23 16:00:00+00:00,2017-02-23 16:15:00+00:00,1,-0.9999999999999559,SL,False
S2-05,ny_or_break,GBPUSD,2017-02-23 16:15:00+00:00,2017-02-23 16:30:00+00:00,2017-02-23 20:15:00+00:00,1,0.3252072763271872,TIME,False
S2-05,ny_or_break,GBPUSD,2017-03-01 12:00:00+00:00,2017-03-01 12:15:00+00:00,2017-03-01 14:15:00+00:00,-1,1.2500000000000644,TP,False
S2-05,ny_or_break,GBPUSD,2017-03-01 14:15:00+00:00,2017-03-01 14:30:00+00:00,2017-03-01 15:15:00+00:00,-1,-1.0000000000000604,SL,False
S2-05,ny_or_break,GBPUSD,2017-03-01 15:15:00+00:00,2017-03-01 15:30:00+00:00,2017-03-01 16:30:00+00:00,-1,-0.9999999999999771,SL,False
S2-05,ny_or_break,GBPUSD,2017-03-01 16:45:00+00:00,2017-03-01 17:00:00+00:00,2017-03-01 19:15:00+00:00,-1,1.2499999999999234,TP,False
S2-05,ny_or_break,GBPUSD,2017-03-06 16:15:00+00:00,2017-03-06 16:30:00+00:00,2017-03-06 16:45:00+00:00,-1,1.2500000000000782,TP,False
S2-05,ny_or_break,GBPUSD,2017-03-06 16:45:00+00:00,2017-03-06 17:00:00+00:00,2017-03-06 17:30:00+00:00,-1,1.2499999999998874,TP,False
S2-05,ny_or_break,GBPUSD,2017-03-07 14:30:00+00:00,2017-03-07 14:45:00+00:00,2017-03-07 15:15:00+00:00,-1,-1.000000000000035,SL,False
S2-05,ny_or_break,GBPUSD,2017-03-13 15:30:00+00:00,2017-03-13 15:45:00+00:00,2017-03-13 15:45:00+00:00,1,-1.0000000000000684,SL,False
S2-05,ny_or_break,GBPUSD,2017-03-16 12:00:00+00:00,2017-03-16 12:15:00+00:00,2017-03-16 12:45:00+00:00,1,1.2499999999999463,TP,False
S2-05,ny_or_break,GBPUSD,2017-03-16 12:45:00+00:00,2017-03-16 13:00:00+00:00,2017-03-16 13:30:00+00:00,1,-0.9999999999999668,SL,False
S2-05,ny_or_break,GBPUSD,2017-03-16 13:30:00+00:00,2017-03-16 13:45:00+00:00,2017-03-16 15:45:00+00:00,1,1.249999999999968,TP,False
S2-05,ny_or_break,GBPUSD,2017-03-16 15:45:00+00:00,2017-03-16 16:00:00+00:00,2017-03-16 17:45:00+00:00,1,-1.000000000000045,SL,False
S2-05,ny_or_break,GBPUSD,2017-03-21 15:45:00+00:00,2017-03-21 16:00:00+00:00,2017-03-21 19:45:00+00:00,1,0.09656590581945301,TIME,False
S2-05,ny_or_break,GBPUSD,2017-03-27 12:00:00+00:00,2017-03-27 12:15:00+00:00,2017-03-27 13:15:00+00:00,1,1.249999999999966,TP,False
S2-05,ny_or_break,GBPUSD,2017-03-27 13:15:00+00:00,2017-03-27 13:30:00+00:00,2017-03-27 13:30:00+00:00,1,-0.9999999999999273,SL,False
S2-05,ny_or_break,GBPUSD,2017-03-27 13:30:00+00:00,2017-03-27 13:45:00+00:00,2017-03-27 13:45:00+00:00,1,-1.0,SL,False
S2-05,ny_or_break,GBPUSD,2017-03-31 12:00:00+00:00,2017-03-31 12:15:00+00:00,2017-03-31 12:30:00+00:00,1,-0.999999999999953,SL,False
S2-05,ny_or_break,GBPUSD,2017-03-31 15:00:00+00:00,2017-03-31 15:15:00+00:00,2017-03-31 16:00:00+00:00,1,0.5177184789247223,FRIDAY,False
S2-05,ny_or_break,GBPUSD,2017-03-31 16:00:00+00:00,2017-03-31 16:15:00+00:00,2017-03-31 16:15:00+00:00,1,0.41495994532292485,FRIDAY,False
S2-05,ny_or_break,GBPUSD,2017-03-31 16:15:00+00:00,2017-03-31 16:30:00+00:00,2017-03-31 16:30:00+00:00,1,0.4144762506269389,FRIDAY,False
S2-05,ny_or_break,GBPUSD,2017-03-31 16:30:00+00:00,2017-03-31 16:45:00+00:00,2017-03-31 16:45:00+00:00,1,-0.30589976971159116,FRIDAY,False
S2-05,ny_or_break,GBPUSD,2017-03-31 16:45:00+00:00,2017-03-31 17:00:00+00:00,2017-03-31 17:00:00+00:00,1,-0.5622356692042423,FRIDAY,False
S2-05,ny_or_break,GBPUSD,2017-04-07 12:45:00+00:00,2017-04-07 13:00:00+00:00,2017-04-07 16:00:00+00:00,-1,-0.06918120457517109,FRIDAY,False
S2-05,ny_or_break,GBPUSD,2017-04-07 16:00:00+00:00,2017-04-07 16:15:00+00:00,2017-04-07 16:15:00+00:00,-1,0.23870817316027668,FRIDAY,False
S2-05,ny_or_break,GBPUSD,2017-04-07 16:15:00+00:00,2017-04-07 16:30:00+00:00,2017-04-07 16:30:00+00:00,-1,0.2705273797490933,FRIDAY,False
S2-05,ny_or_break,GBPUSD,2017-04-07 16:30:00+00:00,2017-04-07 16:45:00+00:00,2017-04-07 16:45:00+00:00,-1,0.5660234885850618,FRIDAY,False
S2-05,ny_or_break,GBPUSD,2017-04-07 16:45:00+00:00,2017-04-07 17:00:00+00:00,2017-04-07 17:00:00+00:00,-1,-0.028668941979522185,FRIDAY,False
S2-05,ny_or_break,GBPUSD,2017-04-11 14:00:00+00:00,2017-04-11 14:15:00+00:00,2017-04-11 14:15:00+00:00,1,1.24999999999996,TP,False
S2-05,ny_or_break,GBPUSD,2017-04-11 14:15:00+00:00,2017-04-11 14:30:00+00:00,2017-04-11 14:45:00+00:00,1,1.249999999999925,TP,False
S2-05,ny_or_break,GBPUSD,2017-04-11 14:45:00+00:00,2017-04-11 15:00:00+00:00,2017-04-11 15:00:00+00:00,1,-1.0,SL,False
S2-05,ny_or_break,GBPUSD,2017-04-11 15:00:00+00:00,2017-04-11 15:15:00+00:00,2017-04-11 16:15:00+00:00,1,-1.000000000000056,SL,False
S2-05,ny_or_break,GBPUSD,2017-04-11 16:15:00+00:00,2017-04-11 16:30:00+00:00,2017-04-11 18:00:00+00:00,1,1.25,TP,False
S2-05,ny_or_break,GBPUSD,2017-04-14 13:00:00+00:00,2017-04-14 13:15:00+00:00,2017-04-14 16:00:00+00:00,1,0.15161003073564472,FRIDAY,False
S2-05,ny_or_break,GBPUSD,2017-04-14 16:00:00+00:00,2017-04-14 16:15:00+00:00,2017-04-14 16:15:00+00:00,1,-0.9277199281867146,FRIDAY,False
S2-05,ny_or_break,GBPUSD,2017-04-14 16:15:00+00:00,2017-04-14 16:30:00+00:00,2017-04-14 16:30:00+00:00,1,-0.4360021449490575,FRIDAY,False
S2-05,ny_or_break,GBPUSD,2017-04-14 16:30:00+00:00,2017-04-14 16:45:00+00:00,2017-04-14 16:45:00+00:00,1,-0.8073973838520523,FRIDAY,False
S2-05,ny_or_break,GBPUSD,2017-04-14 16:45:00+00:00,2017-04-14 17:00:00+00:00,2017-04-14 17:00:00+00:00,1,0.30088873696803964,FRIDAY,False
S2-05,ny_or_break,GBPUSD,2017-04-17 12:00:00+00:00,2017-04-17 12:15:00+00:00,2017-04-17 12:30:00+00:00,1,-0.9999999999998088,SL,False
S2-05,ny_or_break,GBPUSD,2017-04-17 12:45:00+00:00,2017-04-17 13:00:00+00:00,2017-04-17 13:30:00+00:00,1,1.2500000000000604,TP,False
S2-05,ny_or_break,GBPUSD,2017-04-17 13:30:00+00:00,2017-04-17 13:45:00+00:00,2017-04-17 14:00:00+00:00,1,1.2499999999998377,TP,False
S2-05,ny_or_break,GBPUSD,2017-04-17 14:00:00+00:00,2017-04-17 14:15:00+00:00,2017-04-17 14:45:00+00:00,1,1.250000000000046,TP,False
S2-05,ny_or_break,GBPUSD,2017-04-17 14:45:00+00:00,2017-04-17 15:00:00+00:00,2017-04-17 15:15:00+00:00,1,-1.0,SL,False
S2-05,ny_or_break,GBPUSD,2017-04-17 15:15:00+00:00,2017-04-17 15:30:00+00:00,2017-04-17 18:30:00+00:00,1,-0.9999999999999223,SL,False
S2-05,ny_or_break,GBPUSD,2017-04-18 12:30:00+00:00,2017-04-18 12:45:00+00:00,2017-04-18 12:45:00+00:00,1,1.2500000000000124,TP,False
S2-05,ny_or_break,GBPUSD,2017-04-18 12:45:00+00:00,2017-04-18 13:00:00+00:00,2017-04-18 14:00:00+00:00,1,1.249999999999988,TP,False
S2-05,ny_or_break,GBPUSD,2017-04-18 14:00:00+00:00,2017-04-18 14:15:00+00:00,2017-04-18 17:00:00+00:00,1,1.2500000000000344,TP,False
S2-05,ny_or_break,GBPUSD,2017-04-25 15:15:00+00:00,2017-04-25 15:30:00+00:00,2017-04-25 16:00:00+00:00,1,-1.0000000000000553,SL,False
S2-05,ny_or_break,GBPUSD,2017-04-25 16:00:00+00:00,2017-04-25 16:15:00+00:00,2017-04-25 17:45:00+00:00,1,-1.0000000000000264,SL,False
S2-05,ny_or_break,GBPUSD,2017-04-26 14:15:00+00:00,2017-04-26 14:30:00+00:00,2017-04-26 14:30:00+00:00,1,1.2499999999999372,TP,False
S2-05,ny_or_break,GBPUSD,2017-04-26 14:30:00+00:00,2017-04-26 14:45:00+00:00,2017-04-26 14:45:00+00:00,1,1.2499999999999711,TP,False
S2-05,ny_or_break,GBPUSD,2017-04-26 14:45:00+00:00,2017-04-26 15:00:00+00:00,2017-04-26 15:00:00+00:00,1,-0.9999999999999725,SL,False
S2-05,ny_or_break,GBPUSD,2017-04-26 15:00:00+00:00,2017-04-26 15:15:00+00:00,2017-04-26 15:30:00+00:00,1,-0.9999999999999454,SL,False
S2-05,ny_or_break,GBPUSD,2017-04-26 15:45:00+00:00,2017-04-26 16:00:00+00:00,2017-04-26 16:30:00+00:00,1,-0.9999999999999231,SL,False
S2-05,ny_or_break,GBPUSD,2017-05-05 12:30:00+00:00,2017-05-05 12:45:00+00:00,2017-05-05 13:00:00+00:00,1,-1.0000000000000673,SL,False
S2-05,ny_or_break,GBPUSD,2017-05-05 13:00:00+00:00,2017-05-05 13:15:00+00:00,2017-05-05 14:15:00+00:00,1,1.2500000000000286,TP,False
S2-05,ny_or_break,GBPUSD,2017-05-05 14:15:00+00:00,2017-05-05 14:30:00+00:00,2017-05-05 15:45:00+00:00,1,-1.0000000000000553,SL,False
S2-05,ny_or_break,GBPUSD,2017-05-05 15:45:00+00:00,2017-05-05 16:00:00+00:00,2017-05-05 16:00:00+00:00,1,0.5570102322372958,FRIDAY,False
S2-05,ny_or_break,GBPUSD,2017-05-05 16:00:00+00:00,2017-05-05 16:15:00+00:00,2017-05-05 16:15:00+00:00,1,-0.33630606601102914,FRIDAY,False
S2-05,ny_or_break,GBPUSD,2017-05-05 16:15:00+00:00,2017-05-05 16:30:00+00:00,2017-05-05 16:30:00+00:00,1,0.24803359157844934,FRIDAY,False
S2-05,ny_or_break,GBPUSD,2017-05-05 16:30:00+00:00,2017-05-05 16:45:00+00:00,2017-05-05 16:45:00+00:00,1,0.0,FRIDAY,False
S2-05,ny_or_break,GBPUSD,2017-05-05 16:45:00+00:00,2017-05-05 17:00:00+00:00,2017-05-05 17:00:00+00:00,1,0.0652266538226413,FRIDAY,False
S2-05,ny_or_break,GBPUSD,2017-05-09 12:30:00+00:00,2017-05-09 12:45:00+00:00,2017-05-09 12:45:00+00:00,-1,-1.0000000000000995,SL,False
S2-05,ny_or_break,GBPUSD,2017-05-11 12:00:00+00:00,2017-05-11 12:15:00+00:00,2017-05-11 12:45:00+00:00,-1,-1.0000000000000209,SL,False
S2-05,ny_or_break,GBPUSD,2017-05-11 13:00:00+00:00,2017-05-11 13:15:00+00:00,2017-05-11 13:30:00+00:00,-1,-1.0000000000000593,SL,False
S2-05,ny_or_break,GBPUSD,2017-05-17 14:30:00+00:00,2017-05-17 14:45:00+00:00,2017-05-17 15:00:00+00:00,1,-1.0000000000000555,SL,False
S2-05,ny_or_break,GBPUSD,2017-05-19 12:45:00+00:00,2017-05-19 13:00:00+00:00,2017-05-19 13:00:00+00:00,1,-1.0000000000000364,SL,False
S2-05,ny_or_break,GBPUSD,2017-05-19 13:00:00+00:00,2017-05-19 13:15:00+00:00,2017-05-19 13:15:00+00:00,1,-1.0,SL,False
S2-05,ny_or_break,GBPUSD,2017-05-19 13:15:00+00:00,2017-05-19 13:30:00+00:00,2017-05-19 15:15:00+00:00,1,1.2499999999999662,TP,False
S2-05,ny_or_break,GBPUSD,2017-05-19 15:15:00+00:00,2017-05-19 15:30:00+00:00,2017-05-19 15:30:00+00:00,1,-1.0000000000000309,SL,False
S2-05,ny_or_break,GBPUSD,2017-05-19 15:30:00+00:00,2017-05-19 15:45:00+00:00,2017-05-19 16:00:00+00:00,1,-0.6038998536566073,FRIDAY,False
S2-05,ny_or_break,GBPUSD,2017-05-19 16:15:00+00:00,2017-05-19 16:30:00+00:00,2017-05-19 16:30:00+00:00,1,-0.3475143726750084,FRIDAY,False
S2-05,ny_or_break,GBPUSD,2017-05-19 16:30:00+00:00,2017-05-19 16:45:00+00:00,2017-05-19 16:45:00+00:00,1,0.2353299987800415,FRIDAY,False
S2-05,ny_or_break,GBPUSD,2017-05-19 16:45:00+00:00,2017-05-19 17:00:00+00:00,2017-05-19 17:00:00+00:00,1,-0.22619986428741726,FRIDAY,False
S2-05,ny_or_break,GBPUSD,2017-05-22 12:00:00+00:00,2017-05-22 12:15:00+00:00,2017-05-22 12:30:00+00:00,1,-0.9999999999999262,SL,False
S2-05,ny_or_break,GBPUSD,2017-05-22 13:45:00+00:00,2017-05-22 14:00:00+00:00,2017-05-22 14:00:00+00:00,1,1.2500000000000515,TP,False
S2-05,ny_or_break,GBPUSD,2017-05-22 14:00:00+00:00,2017-05-22 14:15:00+00:00,2017-05-22 14:15:00+00:00,1,-1.0000000000000242,SL,False
S2-05,ny_or_break,GBPUSD,2017-05-22 14:15:00+00:00,2017-05-22 14:30:00+00:00,2017-05-22 15:00:00+00:00,1,-1.0000000000000462,SL,False
S2-05,ny_or_break,GBPUSD,2017-05-24 13:00:00+00:00,2017-05-24 13:15:00+00:00,2017-05-24 13:15:00+00:00,-1,1.25,TP,False
S2-05,ny_or_break,GBPUSD,2017-05-24 13:15:00+00:00,2017-05-24 13:30:00+00:00,2017-05-24 13:30:00+00:00,-1,-0.9999999999999477,SL,False
S2-05,ny_or_break,GBPUSD,2017-05-24 13:30:00+00:00,2017-05-24 13:45:00+00:00,2017-05-24 13:45:00+00:00,-1,-0.9999999999999726,SL,False
S2-05,ny_or_break,GBPUSD,2017-05-24 13:45:00+00:00,2017-05-24 14:00:00+00:00,2017-05-24 15:15:00+00:00,-1,1.2500000000000524,TP,False
S2-05,ny_or_break,GBPUSD,2017-05-24 15:15:00+00:00,2017-05-24 15:30:00+00:00,2017-05-24 18:00:00+00:00,-1,-1.0,SL,False
S2-05,ny_or_break,GBPUSD,2017-05-25 14:30:00+00:00,2017-05-25 14:45:00+00:00,2017-05-25 14:45:00+00:00,-1,-1.0000000000000335,SL,False
S2-05,ny_or_break,GBPUSD,2017-05-26 12:30:00+00:00,2017-05-26 12:45:00+00:00,2017-05-26 13:30:00+00:00,-1,1.250000000000049,TP,False
S2-05,ny_or_break,GBPUSD,2017-05-26 13:30:00+00:00,2017-05-26 13:45:00+00:00,2017-05-26 14:00:00+00:00,-1,1.249999999999976,TP,False
S2-05,ny_or_break,GBPUSD,2017-05-26 14:00:00+00:00,2017-05-26 14:15:00+00:00,2017-05-26 14:45:00+00:00,-1,1.250000000000042,TP,False
S2-05,ny_or_break,GBPUSD,2017-05-26 14:45:00+00:00,2017-05-26 15:00:00+00:00,2017-05-26 16:00:00+00:00,-1,-7.04494676033091e-05,FRIDAY,False
S2-05,ny_or_break,GBPUSD,2017-05-26 16:00:00+00:00,2017-05-26 16:15:00+00:00,2017-05-26 16:15:00+00:00,-1,0.3312879904218088,FRIDAY,False
S2-05,ny_or_break,GBPUSD,2017-05-26 16:15:00+00:00,2017-05-26 16:30:00+00:00,2017-05-26 16:30:00+00:00,-1,-0.8929252371420595,FRIDAY,False
S2-05,ny_or_break,GBPUSD,2017-05-26 16:30:00+00:00,2017-05-26 16:45:00+00:00,2017-05-26 16:45:00+00:00,-1,-0.013798282254658095,FRIDAY,False
S2-05,ny_or_break,GBPUSD,2017-05-26 16:45:00+00:00,2017-05-26 17:00:00+00:00,2017-05-26 17:00:00+00:00,-1,-0.2014542736901429,FRIDAY,False
S2-05,ny_or_break,GBPUSD,2017-05-31 16:00:00+00:00,2017-05-31 16:15:00+00:00,2017-05-31 18:15:00+00:00,1,-0.9999999999999633,SL,False
S2-05,ny_or_break,GBPUSD,2017-06-01 14:45:00+00:00,2017-06-01 15:00:00+00:00,2017-06-01 16:00:00+00:00,1,-1.0,SL,False
S2-05,ny_or_break,GBPUSD,2017-06-01 16:00:00+00:00,2017-06-01 16:15:00+00:00,2017-06-01 16:45:00+00:00,1,-1.0000000000000768,SL,False
S2-05,ny_or_break,GBPUSD,2017-06-02 15:00:00+00:00,2017-06-02 15:15:00+00:00,2017-06-02 15:30:00+00:00,1,1.2500000000000404,TP,False
S2-05,ny_or_break,GBPUSD,2017-06-02 15:30:00+00:00,2017-06-02 15:45:00+00:00,2017-06-02 15:45:00+00:00,1,-0.9999999999999808,SL,False
S2-05,ny_or_break,GBPUSD,2017-06-02 15:45:00+00:00,2017-06-02 16:00:00+00:00,2017-06-02 16:00:00+00:00,1,-0.10294368289060407,FRIDAY,False
S2-05,ny_or_break,GBPUSD,2017-06-02 16:00:00+00:00,2017-06-02 16:15:00+00:00,2017-06-02 16:15:00+00:00,1,-0.23489610716163395,FRIDAY,False
S2-05,ny_or_break,GBPUSD,2017-06-02 16:15:00+00:00,2017-06-02 16:30:00+00:00,2017-06-02 16:30:00+00:00,1,0.16404582867594755,FRIDAY,False
S2-05,ny_or_break,GBPUSD,2017-06-02 16:30:00+00:00,2017-06-02 16:45:00+00:00,2017-06-02 16:45:00+00:00,1,0.015907900197998245,FRIDAY,False
S2-05,ny_or_break,GBPUSD,2017-06-02 16:45:00+00:00,2017-06-02 17:00:00+00:00,2017-06-02 17:00:00+00:00,1,-0.2951712707932864,FRIDAY,False
S2-05,ny_or_break,GBPUSD,2017-06-05 13:15:00+00:00,2017-06-05 13:30:00+00:00,2017-06-05 14:00:00+00:00,1,-0.9999999999999419,SL,False
S2-05,ny_or_break,GBPUSD,2017-06-05 14:00:00+00:00,2017-06-05 14:15:00+00:00,2017-06-05 16:00:00+00:00,1,-1.000000000000081,SL,False
S2-05,ny_or_break,GBPUSD,2017-06-05 16:15:00+00:00,2017-06-05 16:30:00+00:00,2017-06-05 18:00:00+00:00,1,-0.999999999999973,SL,False
S2-05,ny_or_break,GBPUSD,2017-06-07 12:45:00+00:00,2017-06-07 13:00:00+00:00,2017-06-07 13:30:00+00:00,1,1.250000000000028,TP,False
S2-05,ny_or_break,GBPUSD,2017-06-07 13:30:00+00:00,2017-06-07 13:45:00+00:00,2017-06-07 13:45:00+00:00,1,-1.0000000000000298,SL,False
S2-05,ny_or_break,GBPUSD,2017-06-07 13:45:00+00:00,2017-06-07 14:00:00+00:00,2017-06-07 14:30:00+00:00,1,1.2500000000000824,TP,False
S2-05,ny_or_break,GBPUSD,2017-06-07 14:30:00+00:00,2017-06-07 14:45:00+00:00,2017-06-07 14:45:00+00:00,1,-0.9999999999999197,SL,False
S2-05,ny_or_break,GBPUSD,2017-06-07 14:45:00+00:00,2017-06-07 15:00:00+00:00,2017-06-07 15:45:00+00:00,1,-0.9999999999999744,SL,False
S2-05,ny_or_break,GBPUSD,2017-06-07 15:45:00+00:00,2017-06-07 16:00:00+00:00,2017-06-07 16:00:00+00:00,1,-1.0,SL,False
S2-05,ny_or_break,GBPUSD,2017-06-07 16:00:00+00:00,2017-06-07 16:15:00+00:00,2017-06-07 16:15:00+00:00,1,-1.0,SL,False
S2-05,ny_or_break,GBPUSD,2017-06-07 16:45:00+00:00,2017-06-07 17:00:00+00:00,2017-06-07 17:00:00+00:00,1,1.250000000000069,TP,False
S2-05,ny_or_break,GBPUSD,2017-06-12 12:00:00+00:00,2017-06-12 12:15:00+00:00,2017-06-12 13:30:00+00:00,-1,-0.9999999999999205,SL,False
S2-05,ny_or_break,GBPUSD,2017-06-12 13:30:00+00:00,2017-06-12 13:45:00+00:00,2017-06-12 13:45:00+00:00,-1,1.249999999999943,TP,False
S2-05,ny_or_break,GBPUSD,2017-06-12 13:45:00+00:00,2017-06-12 14:00:00+00:00,2017-06-12 14:45:00+00:00,-1,-0.9999999999999726,SL,False
S2-05,ny_or_break,GBPUSD,2017-06-12 14:45:00+00:00,2017-06-12 15:00:00+00:00,2017-06-12 15:30:00+00:00,-1,1.2499999999999745,TP,False
S2-05,ny_or_break,GBPUSD,2017-06-12 15:30:00+00:00,2017-06-12 15:45:00+00:00,2017-06-12 17:45:00+00:00,-1,1.250000000000026,TP,False
S2-05,ny_or_break,GBPUSD,2017-06-14 13:00:00+00:00,2017-06-14 13:15:00+00:00,2017-06-14 13:30:00+00:00,1,-1.0000000000000477,SL,False
S2-05,ny_or_break,GBPUSD,2017-06-14 15:30:00+00:00,2017-06-14 15:45:00+00:00,2017-06-14 18:00:00+00:00,1,-0.9999999999999662,SL,False
S2-05,ny_or_break,GBPUSD,2017-06-16 14:15:00+00:00,2017-06-16 14:30:00+00:00,2017-06-16 14:45:00+00:00,1,1.2500000000000298,TP,False
S2-05,ny_or_break,GBPUSD,2017-06-16 14:45:00+00:00,2017-06-16 15:00:00+00:00,2017-06-16 15:00:00+00:00,1,-1.000000000000053,SL,False
S2-05,ny_or_break,GBPUSD,2017-06-16 15:00:00+00:00,2017-06-16 15:15:00+00:00,2017-06-16 15:45:00+00:00,1,-1.0000000000000753,SL,False
S2-05,ny_or_break,GBPUSD,2017-06-16 16:15:00+00:00,2017-06-16 16:30:00+00:00,2017-06-16 16:30:00+00:00,1,-0.07673878321475243,FRIDAY,False
S2-05,ny_or_break,GBPUSD,2017-06-16 16:30:00+00:00,2017-06-16 16:45:00+00:00,2017-06-16 16:45:00+00:00,1,-0.10934446064592189,FRIDAY,False
S2-05,ny_or_break,GBPUSD,2017-06-20 12:00:00+00:00,2017-06-20 12:15:00+00:00,2017-06-20 13:00:00+00:00,-1,1.2500000000000313,TP,False
S2-05,ny_or_break,GBPUSD,2017-06-20 13:00:00+00:00,2017-06-20 13:15:00+00:00,2017-06-20 13:30:00+00:00,-1,1.2499999999999434,TP,False
S2-05,ny_or_break,GBPUSD,2017-06-20 13:30:00+00:00,2017-06-20 13:45:00+00:00,2017-06-20 13:45:00+00:00,-1,1.249999999999975,TP,False
S2-05,ny_or_break,GBPUSD,2017-06-20 13:45:00+00:00,2017-06-20 14:00:00+00:00,2017-06-20 14:15:00+00:00,-1,-1.000000000000049,SL,False
S2-05,ny_or_break,GBPUSD,2017-06-20 14:15:00+00:00,2017-06-20 14:30:00+00:00,2017-06-20 14:45:00+00:00,-1,1.25,TP,False
S2-05,ny_or_break,GBPUSD,2017-06-20 14:45:00+00:00,2017-06-20 15:00:00+00:00,2017-06-20 18:45:00+00:00,-1,-0.8421523634694814,TIME,False
S2-05,ny_or_break,GBPUSD,2017-06-27 14:30:00+00:00,2017-06-27 14:45:00+00:00,2017-06-27 15:45:00+00:00,1,1.250000000000085,TP,False
S2-05,ny_or_break,GBPUSD,2017-06-27 15:45:00+00:00,2017-06-27 16:00:00+00:00,2017-06-27 19:00:00+00:00,1,1.249999999999975,TP,False
S2-05,ny_or_break,GBPUSD,2017-06-28 12:00:00+00:00,2017-06-28 12:15:00+00:00,2017-06-28 12:15:00+00:00,1,-1.0000000000000844,SL,False
S2-05,ny_or_break,GBPUSD,2017-06-28 13:00:00+00:00,2017-06-28 13:15:00+00:00,2017-06-28 13:30:00+00:00,1,1.2500000000000768,TP,False
S2-05,ny_or_break,GBPUSD,2017-06-28 13:30:00+00:00,2017-06-28 13:45:00+00:00,2017-06-28 14:00:00+00:00,1,1.2499999999999825,TP,False
S2-05,ny_or_break,GBPUSD,2017-06-28 14:00:00+00:00,2017-06-28 14:15:00+00:00,2017-06-28 15:00:00+00:00,1,-1.0000000000000155,SL,False
S2-05,ny_or_break,GBPUSD,2017-06-28 15:00:00+00:00,2017-06-28 15:15:00+00:00,2017-06-28 19:00:00+00:00,1,-0.25440891789389714,TIME,False
S2-05,ny_or_break,GBPUSD,2017-07-07 12:45:00+00:00,2017-07-07 13:00:00+00:00,2017-07-07 16:00:00+00:00,-1,-0.4459876188065266,FRIDAY,False
S2-05,ny_or_break,GBPUSD,2017-07-07 16:00:00+00:00,2017-07-07 16:15:00+00:00,2017-07-07 16:15:00+00:00,-1,-0.0656803658076154,FRIDAY,False
S2-05,ny_or_break,GBPUSD,2017-07-07 16:15:00+00:00,2017-07-07 16:30:00+00:00,2017-07-07 16:30:00+00:00,-1,-0.23811875077150968,FRIDAY,False
S2-05,ny_or_break,GBPUSD,2017-07-07 16:30:00+00:00,2017-07-07 16:45:00+00:00,2017-07-07 16:45:00+00:00,-1,-0.5028610354223433,FRIDAY,False
S2-05,ny_or_break,GBPUSD,2017-07-07 16:45:00+00:00,2017-07-07 17:00:00+00:00,2017-07-07 17:00:00+00:00,-1,0.7751389590702374,FRIDAY,False
S2-05,ny_or_break,GBPUSD,2017-07-11 13:00:00+00:00,2017-07-11 13:15:00+00:00,2017-07-11 14:30:00+00:00,-1,1.250000000000078,TP,False
S2-05,ny_or_break,GBPUSD,2017-07-11 14:30:00+00:00,2017-07-11 14:45:00+00:00,2017-07-11 15:30:00+00:00,-1,-1.000000000000048,SL,False
S2-05,ny_or_break,GBPUSD,2017-07-11 15:30:00+00:00,2017-07-11 15:45:00+00:00,2017-07-11 16:15:00+00:00,-1,1.2499999999999578,TP,False
S2-05,ny_or_break,GBPUSD,2017-07-11 16:15:00+00:00,2017-07-11 16:30:00+00:00,2017-07-11 16:30:00+00:00,-1,-1.0000000000000486,SL,False
S2-05,ny_or_break,GBPUSD,2017-07-11 16:30:00+00:00,2017-07-11 16:45:00+00:00,2017-07-11 17:30:00+00:00,-1,-1.0000000000000264,SL,False
S2-05,ny_or_break,GBPUSD,2017-07-14 12:30:00+00:00,2017-07-14 12:45:00+00:00,2017-07-14 12:45:00+00:00,1,-1.0000000000000369,SL,False
S2-05,ny_or_break,GBPUSD,2017-07-14 12:45:00+00:00,2017-07-14 13:00:00+00:00,2017-07-14 13:00:00+00:00,1,-0.9999999999999661,SL,False
S2-05,ny_or_break,GBPUSD,2017-07-14 13:00:00+00:00,2017-07-14 13:15:00+00:00,2017-07-14 13:30:00+00:00,1,1.2500000000001001,TP,False
S2-05,ny_or_break,GBPUSD,2017-07-14 13:30:00+00:00,2017-07-14 13:45:00+00:00,2017-07-14 13:45:00+00:00,1,1.2500000000000604,TP,False
S2-05,ny_or_break,GBPUSD,2017-07-14 13:45:00+00:00,2017-07-14 14:00:00+00:00,2017-07-14 14:00:00+00:00,1,1.2499999999999756,TP,False
S2-05,ny_or_break,GBPUSD,2017-07-14 14:00:00+00:00,2017-07-14 14:15:00+00:00,2017-07-14 15:15:00+00:00,1,1.2500000000000218,TP,False
S2-05,ny_or_break,GBPUSD,2017-07-14 15:15:00+00:00,2017-07-14 15:30:00+00:00,2017-07-14 15:30:00+00:00,1,-1.0,SL,False
S2-05,ny_or_break,GBPUSD,2017-07-14 15:30:00+00:00,2017-07-14 15:45:00+00:00,2017-07-14 16:00:00+00:00,1,0.1601098498029663,FRIDAY,False
S2-05,ny_or_break,GBPUSD,2017-07-14 16:00:00+00:00,2017-07-14 16:15:00+00:00,2017-07-14 16:15:00+00:00,1,-0.3339300758213985,FRIDAY,False
S2-05,ny_or_break,GBPUSD,2017-07-14 16:15:00+00:00,2017-07-14 16:30:00+00:00,2017-07-14 16:30:00+00:00,1,0.41284595185514794,FRIDAY,False
S2-05,ny_or_break,GBPUSD,2017-07-14 16:30:00+00:00,2017-07-14 16:45:00+00:00,2017-07-14 16:45:00+00:00,1,-0.18781222086214314,FRIDAY,False
S2-05,ny_or_break,GBPUSD,2017-07-14 16:45:00+00:00,2017-07-14 17:00:00+00:00,2017-07-14 17:00:00+00:00,1,-0.4759127586482384,FRIDAY,False
S2-05,ny_or_break,GBPUSD,2017-07-21 14:00:00+00:00,2017-07-21 14:15:00+00:00,2017-07-21 14:30:00+00:00,-1,-1.0000000000000286,SL,False
S2-05,ny_or_break,GBPUSD,2017-07-21 16:00:00+00:00,2017-07-21 16:15:00+00:00,2017-07-21 16:15:00+00:00,-1,-0.37249548394213927,FRIDAY,False
S2-05,ny_or_break,GBPUSD,2017-07-21 16:15:00+00:00,2017-07-21 16:30:00+00:00,2017-07-21 16:30:00+00:00,-1,-0.9228750649022607,FRIDAY,False
S2-05,ny_or_break,GBPUSD,2017-07-21 16:45:00+00:00,2017-07-21 17:00:00+00:00,2017-07-21 17:00:00+00:00,-1,-0.6735943740825453,FRIDAY,False
S2-05,ny_or_break,GBPUSD,2017-07-25 12:00:00+00:00,2017-07-25 12:15:00+00:00,2017-07-25 13:15:00+00:00,1,-1.0,SL,False
S2-05,ny_or_break,GBPUSD,2017-07-28 14:15:00+00:00,2017-07-28 14:30:00+00:00,2017-07-28 15:00:00+00:00,1,1.2499999999999545,TP,False
S2-05,ny_or_break,GBPUSD,2017-07-28 15:00:00+00:00,2017-07-28 15:15:00+00:00,2017-07-28 16:00:00+00:00,1,0.3654048370136698,FRIDAY,False
S2-05,ny_or_break,GBPUSD,2017-07-28 16:00:00+00:00,2017-07-28 16:15:00+00:00,2017-07-28 16:15:00+00:00,1,-0.06873950268321659,FRIDAY,False
S2-05,ny_or_break,GBPUSD,2017-07-28 16:15:00+00:00,2017-07-28 16:30:00+00:00,2017-07-28 16:30:00+00:00,1,-0.18081495691673993,FRIDAY,False
S2-05,ny_or_break,GBPUSD,2017-07-28 16:30:00+00:00,2017-07-28 16:45:00+00:00,2017-07-28 16:45:00+00:00,1,-0.3340716206422422,FRIDAY,False
S2-05,ny_or_break,GBPUSD,2017-07-28 16:45:00+00:00,2017-07-28 17:00:00+00:00,2017-07-28 17:00:00+00:00,1,0.5335286259671393,FRIDAY,False
S2-05,ny_or_break,GBPUSD,2017-07-31 14:15:00+00:00,2017-07-31 14:30:00+00:00,2017-07-31 14:45:00+00:00,1,1.2500000000001088,TP,False
S2-05,ny_or_break,GBPUSD,2017-07-31 14:45:00+00:00,2017-07-31 15:00:00+00:00,2017-07-31 15:00:00+00:00,1,1.2500000000000866,TP,False
S2-05,ny_or_break,GBPUSD,2017-07-31 15:00:00+00:00,2017-07-31 15:15:00+00:00,2017-07-31 15:30:00+00:00,1,-1.0,SL,False
S2-05,ny_or_break,GBPUSD,2017-07-31 15:30:00+00:00,2017-07-31 15:45:00+00:00,2017-07-31 15:45:00+00:00,1,1.2499999999999245,TP,False
S2-05,ny_or_break,GBPUSD,2017-07-31 15:45:00+00:00,2017-07-31 16:00:00+00:00,2017-07-31 17:00:00+00:00,1,-1.000000000000046,SL,False
S2-05,ny_or_break,GBPUSD,2017-08-03 14:00:00+00:00,2017-08-03 14:15:00+00:00,2017-08-03 18:00:00+00:00,-1,0.22063244135329482,TIME,False
S2-05,ny_or_break,GBPUSD,2017-08-04 12:30:00+00:00,2017-08-04 12:45:00+00:00,2017-08-04 12:45:00+00:00,-1,1.25,TP,False
S2-05,ny_or_break,GBPUSD,2017-08-04 12:45:00+00:00,2017-08-04 13:00:00+00:00,2017-08-04 13:45:00+00:00,-1,1.250000000000052,TP,False
S2-05,ny_or_break,GBPUSD,2017-08-04 13:45:00+00:00,2017-08-04 14:00:00+00:00,2017-08-04 14:00:00+00:00,-1,1.2500000000000473,TP,False
S2-05,ny_or_break,GBPUSD,2017-08-04 14:00:00+00:00,2017-08-04 14:15:00+00:00,2017-08-04 16:00:00+00:00,-1,1.0540963890762958,FRIDAY,False
S2-05,ny_or_break,GBPUSD,2017-08-04 16:00:00+00:00,2017-08-04 16:15:00+00:00,2017-08-04 16:15:00+00:00,-1,-0.5687314293913325,FRIDAY,False
S2-05,ny_or_break,GBPUSD,2017-08-04 16:15:00+00:00,2017-08-04 16:30:00+00:00,2017-08-04 16:30:00+00:00,-1,-0.15515282804533326,FRIDAY,False
S2-05,ny_or_break,GBPUSD,2017-08-04 16:30:00+00:00,2017-08-04 16:45:00+00:00,2017-08-04 16:45:00+00:00,-1,0.21311315223763924,FRIDAY,False
S2-05,ny_or_break,GBPUSD,2017-08-04 16:45:00+00:00,2017-08-04 17:00:00+00:00,2017-08-04 17:00:00+00:00,-1,-0.2807478737611584,FRIDAY,False
S2-05,ny_or_break,GBPUSD,2017-08-07 12:15:00+00:00,2017-08-07 12:30:00+00:00,2017-08-07 12:30:00+00:00,-1,1.2499999999999185,TP,False
S2-05,ny_or_break,GBPUSD,2017-08-07 12:30:00+00:00,2017-08-07 12:45:00+00:00,2017-08-07 16:30:00+00:00,-1,-0.036474918324304204,TIME,False
S2-05,ny_or_break,GBPUSD,2017-08-07 16:30:00+00:00,2017-08-07 16:45:00+00:00,2017-08-07 18:45:00+00:00,-1,-1.0000000000000906,SL,False
S2-05,ny_or_break,GBPUSD,2017-08-08 12:30:00+00:00,2017-08-08 12:45:00+00:00,2017-08-08 13:45:00+00:00,-1,1.25,TP,False
S2-05,ny_or_break,GBPUSD,2017-08-08 13:45:00+00:00,2017-08-08 14:00:00+00:00,2017-08-08 14:00:00+00:00,-1,1.2500000000000362,TP,False
S2-05,ny_or_break,GBPUSD,2017-08-08 14:00:00+00:00,2017-08-08 14:15:00+00:00,2017-08-08 14:15:00+00:00,-1,1.25,TP,False
S2-05,ny_or_break,GBPUSD,2017-08-08 14:15:00+00:00,2017-08-08 14:30:00+00:00,2017-08-08 14:30:00+00:00,-1,-0.9999999999999727,SL,False
S2-05,ny_or_break,GBPUSD,2017-08-08 14:30:00+00:00,2017-08-08 14:45:00+00:00,2017-08-08 15:00:00+00:00,-1,-1.0000000000000555,SL,False
S2-05,ny_or_break,GBPUSD,2017-08-08 15:00:00+00:00,2017-08-08 15:15:00+00:00,2017-08-08 16:15:00+00:00,-1,-1.0,SL,False
S2-05,ny_or_break,GBPUSD,2017-08-08 16:15:00+00:00,2017-08-08 16:30:00+00:00,2017-08-08 19:30:00+00:00,-1,-1.0000000000000255,SL,False
S2-05,ny_or_break,GBPUSD,2017-08-09 13:00:00+00:00,2017-08-09 13:15:00+00:00,2017-08-09 13:30:00+00:00,-1,-1.0000000000000617,SL,False
S2-05,ny_or_break,GBPUSD,2017-08-09 13:30:00+00:00,2017-08-09 13:45:00+00:00,2017-08-09 14:45:00+00:00,-1,-0.9999999999999708,SL,False
S2-05,ny_or_break,GBPUSD,2017-08-15 12:30:00+00:00,2017-08-15 12:45:00+00:00,2017-08-15 13:30:00+00:00,-1,-1.0000000000000815,SL,False
S2-05,ny_or_break,GBPUSD,2017-08-15 13:45:00+00:00,2017-08-15 14:00:00+00:00,2017-08-15 15:00:00+00:00,-1,1.2500000000000522,TP,False
S2-05,ny_or_break,GBPUSD,2017-08-15 15:00:00+00:00,2017-08-15 15:15:00+00:00,2017-08-15 16:30:00+00:00,-1,-1.000000000000048,SL,False
S2-05,ny_or_break,GBPUSD,2017-08-18 15:00:00+00:00,2017-08-18 15:15:00+00:00,2017-08-18 15:15:00+00:00,-1,1.2499999999999378,TP,False
S2-05,ny_or_break,GBPUSD,2017-08-18 15:15:00+00:00,2017-08-18 15:30:00+00:00,2017-08-18 16:00:00+00:00,-1,-1.184053392026696,FRIDAY,False
S2-05,ny_or_break,GBPUSD,2017-08-18 16:00:00+00:00,2017-08-18 16:15:00+00:00,2017-08-18 16:15:00+00:00,-1,-0.5769081751259202,FRIDAY,False
S2-05,ny_or_break,GBPUSD,2017-08-18 16:15:00+00:00,2017-08-18 16:30:00+00:00,2017-08-18 16:30:00+00:00,-1,-0.2681567247377399,FRIDAY,False
S2-05,ny_or_break,GBPUSD,2017-08-18 16:30:00+00:00,2017-08-18 16:45:00+00:00,2017-08-18 16:45:00+00:00,-1,-0.2911936958065856,FRIDAY,False
S2-05,ny_or_break,GBPUSD,2017-08-18 16:45:00+00:00,2017-08-18 17:00:00+00:00,2017-08-18 17:00:00+00:00,-1,0.13814705343830924,FRIDAY,False
S2-05,ny_or_break,GBPUSD,2017-08-21 15:00:00+00:00,2017-08-21 15:15:00+00:00,2017-08-21 19:00:00+00:00,1,-1.000000000000032,SL,False
S2-05,ny_or_break,GBPUSD,2017-08-23 13:45:00+00:00,2017-08-23 14:00:00+00:00,2017-08-23 14:00:00+00:00,-1,-1.0000000000000742,SL,False
S2-05,ny_or_break,GBPUSD,2017-08-23 15:30:00+00:00,2017-08-23 15:45:00+00:00,2017-08-23 17:00:00+00:00,-1,-1.000000000000068,SL,False
S2-05,ny_or_break,GBPUSD,2017-08-25 14:00:00+00:00,2017-08-25 14:15:00+00:00,2017-08-25 14:15:00+00:00,1,1.2499999999999112,TP,False
S2-05,ny_or_break,GBPUSD,2017-08-25 14:15:00+00:00,2017-08-25 14:30:00+00:00,2017-08-25 16:00:00+00:00,1,0.041280828986443314,FRIDAY,False
S2-05,ny_or_break,GBPUSD,2017-08-25 16:00:00+00:00,2017-08-25 16:15:00+00:00,2017-08-25 16:15:00+00:00,1,-0.13250940853970172,FRIDAY,False
S2-05,ny_or_break,GBPUSD,2017-08-25 16:15:00+00:00,2017-08-25 16:30:00+00:00,2017-08-25 16:30:00+00:00,1,0.4721546554092539,FRIDAY,False
S2-05,ny_or_break,GBPUSD,2017-08-25 16:30:00+00:00,2017-08-25 16:45:00+00:00,2017-08-25 16:45:00+00:00,1,-0.25293941094335193,FRIDAY,False
S2-05,ny_or_break,GBPUSD,2017-08-25 16:45:00+00:00,2017-08-25 17:00:00+00:00,2017-08-25 17:00:00+00:00,1,0.1920807107993876,FRIDAY,False
S2-05,ny_or_break,GBPUSD,2017-08-28 13:45:00+00:00,2017-08-28 14:00:00+00:00,2017-08-28 14:15:00+00:00,1,-0.9999999999999557,SL,False
S2-05,ny_or_break,GBPUSD,2017-08-28 14:45:00+00:00,2017-08-28 15:00:00+00:00,2017-08-28 15:15:00+00:00,1,-1.0000000000000853,SL,False
S2-05,ny_or_break,GBPUSD,2017-08-28 15:45:00+00:00,2017-08-28 16:00:00+00:00,2017-08-28 17:00:00+00:00,1,1.2500000000000782,TP,False
S2-05,ny_or_break,GBPUSD,2017-08-31 12:00:00+00:00,2017-08-31 12:15:00+00:00,2017-08-31 12:30:00+00:00,-1,-0.9999999999999725,SL,False
S2-05,ny_or_break,GBPUSD,2017-09-01 12:30:00+00:00,2017-09-01 12:45:00+00:00,2017-09-01 12:45:00+00:00,1,-0.9999999999999303,SL,False
S2-05,ny_or_break,GBPUSD,2017-09-01 12:45:00+00:00,2017-09-01 13:00:00+00:00,2017-09-01 13:30:00+00:00,1,-0.9999999999999784,SL,False
S2-05,ny_or_break,GBPUSD,2017-09-01 13:30:00+00:00,2017-09-01 13:45:00+00:00,2017-09-01 14:00:00+00:00,1,-0.999999999999982,SL,False
S2-05,ny_or_break,GBPUSD,2017-09-01 14:15:00+00:00,2017-09-01 14:30:00+00:00,2017-09-01 16:00:00+00:00,1,0.846241098157135,FRIDAY,False
S2-05,ny_or_break,GBPUSD,2017-09-01 16:00:00+00:00,2017-09-01 16:15:00+00:00,2017-09-01 16:15:00+00:00,1,-0.2331136644624162,FRIDAY,False
S2-05,ny_or_break,GBPUSD,2017-09-01 16:15:00+00:00,2017-09-01 16:30:00+00:00,2017-09-01 16:30:00+00:00,1,-0.4102609700795803,FRIDAY,False
S2-05,ny_or_break,GBPUSD,2017-09-01 16:30:00+00:00,2017-09-01 16:45:00+00:00,2017-09-01 16:45:00+00:00,1,-0.7650519709747009,FRIDAY,False
S2-05,ny_or_break,GBPUSD,2017-09-01 16:45:00+00:00,2017-09-01 17:00:00+00:00,2017-09-01 17:00:00+00:00,1,-0.4168867683394394,FRIDAY,False
S2-05,ny_or_break,GBPUSD,2017-09-05 13:00:00+00:00,2017-09-05 13:15:00+00:00,2017-09-05 14:00:00+00:00,1,1.2499999999999105,TP,False
S2-05,ny_or_break,GBPUSD,2017-09-05 14:00:00+00:00,2017-09-05 14:15:00+00:00,2017-09-05 14:30:00+00:00,1,1.2499999999999316,TP,False
S2-05,ny_or_break,GBPUSD,2017-09-05 14:30:00+00:00,2017-09-05 14:45:00+00:00,2017-09-05 14:45:00+00:00,1,1.2499999999999105,TP,False
S2-05,ny_or_break,GBPUSD,2017-09-05 14:45:00+00:00,2017-09-05 15:00:00+00:00,2017-09-05 15:00:00+00:00,1,-0.9999999999999715,SL,False
S2-05,ny_or_break,GBPUSD,2017-09-05 15:00:00+00:00,2017-09-05 15:15:00+00:00,2017-09-05 17:15:00+00:00,1,-1.0000000000000535,SL,False
S2-05,ny_or_break,GBPUSD,2017-09-06 13:15:00+00:00,2017-09-06 13:30:00+00:00,2017-09-06 13:45:00+00:00,1,-1.0000000000000795,SL,False
S2-05,ny_or_break,GBPUSD,2017-09-06 14:30:00+00:00,2017-09-06 14:45:00+00:00,2017-09-06 14:45:00+00:00,1,1.2499999999999654,TP,False
S2-05,ny_or_break,GBPUSD,2017-09-06 14:45:00+00:00,2017-09-06 15:00:00+00:00,2017-09-06 16:15:00+00:00,1,-1.0000000000000657,SL,False
S2-05,ny_or_break,GBPUSD,2017-09-06 16:15:00+00:00,2017-09-06 16:30:00+00:00,2017-09-06 16:45:00+00:00,1,-1.0000000000000813,SL,False
S2-05,ny_or_break,GBPUSD,2017-09-07 14:45:00+00:00,2017-09-07 15:00:00+00:00,2017-09-07 15:30:00+00:00,1,-1.0,SL,False
S2-05,ny_or_break,GBPUSD,2017-09-14 13:00:00+00:00,2017-09-14 13:15:00+00:00,2017-09-14 15:00:00+00:00,1,1.249999999999969,TP,False
S2-05,ny_or_break,GBPUSD,2017-09-14 15:00:00+00:00,2017-09-14 15:15:00+00:00,2017-09-14 19:00:00+00:00,1,0.4256769943402915,TIME,False
S2-05,ny_or_break,GBPUSD,2017-09-25 15:30:00+00:00,2017-09-25 15:45:00+00:00,2017-09-25 15:45:00+00:00,-1,1.250000000000019,TP,False
S2-05,ny_or_break,GBPUSD,2017-09-25 15:45:00+00:00,2017-09-25 16:00:00+00:00,2017-09-25 17:30:00+00:00,-1,-1.0,SL,False
S2-05,ny_or_break,GBPUSD,2017-10-02 12:00:00+00:00,2017-10-02 12:15:00+00:00,2017-10-02 12:15:00+00:00,-1,1.2499999999999711,TP,False
S2-05,ny_or_break,GBPUSD,2017-10-02 12:15:00+00:00,2017-10-02 12:30:00+00:00,2017-10-02 12:45:00+00:00,-1,-0.9999999999999716,SL,False
S2-05,ny_or_break,GBPUSD,2017-10-02 12:45:00+00:00,2017-10-02 13:00:00+00:00,2017-10-02 13:00:00+00:00,-1,1.25,TP,False
S2-05,ny_or_break,GBPUSD,2017-10-02 13:00:00+00:00,2017-10-02 13:15:00+00:00,2017-10-02 13:30:00+00:00,-1,-1.0000000000000493,SL,False
S2-05,ny_or_break,GBPUSD,2017-10-02 14:00:00+00:00,2017-10-02 14:15:00+00:00,2017-10-02 14:15:00+00:00,-1,-1.0,SL,False
S2-05,ny_or_break,GBPUSD,2017-10-02 14:30:00+00:00,2017-10-02 14:45:00+00:00,2017-10-02 18:30:00+00:00,-1,-0.18044119454344354,TIME,False
S2-05,ny_or_break,GBPUSD,2017-10-03 12:00:00+00:00,2017-10-03 12:15:00+00:00,2017-10-03 12:30:00+00:00,-1,1.2500000000000642,TP,False
S2-05,ny_or_break,GBPUSD,2017-10-03 12:30:00+00:00,2017-10-03 12:45:00+00:00,2017-10-03 13:00:00+00:00,-1,-1.0000000000000926,SL,False
S2-05,ny_or_break,GBPUSD,2017-10-03 13:00:00+00:00,2017-10-03 13:15:00+00:00,2017-10-03 13:15:00+00:00,-1,-1.0000000000000309,SL,False
S2-05,ny_or_break,GBPUSD,2017-10-03 16:15:00+00:00,2017-10-03 16:30:00+00:00,2017-10-03 16:45:00+00:00,-1,-0.9999999999999177,SL,False
S2-05,ny_or_break,GBPUSD,2017-10-05 12:30:00+00:00,2017-10-05 12:45:00+00:00,2017-10-05 14:00:00+00:00,-1,1.2500000000000548,TP,False
S2-05,ny_or_break,GBPUSD,2017-10-05 14:00:00+00:00,2017-10-05 14:15:00+00:00,2017-10-05 15:00:00+00:00,-1,1.25,TP,False
S2-05,ny_or_break,GBPUSD,2017-10-05 15:00:00+00:00,2017-10-05 15:15:00+00:00,2017-10-05 16:00:00+00:00,-1,-1.0000000000000704,SL,False
S2-05,ny_or_break,GBPUSD,2017-10-05 16:00:00+00:00,2017-10-05 16:15:00+00:00,2017-10-05 18:00:00+00:00,-1,1.25,TP,False
S2-05,ny_or_break,GBPUSD,2017-10-06 12:30:00+00:00,2017-10-06 12:45:00+00:00,2017-10-06 13:00:00+00:00,-1,-1.0,SL,False
S2-05,ny_or_break,GBPUSD,2017-10-06 13:15:00+00:00,2017-10-06 13:30:00+00:00,2017-10-06 14:45:00+00:00,-1,-0.9999999999999786,SL,False
S2-05,ny_or_break,GBPUSD,2017-10-06 15:00:00+00:00,2017-10-06 15:15:00+00:00,2017-10-06 15:45:00+00:00,-1,-0.9999999999999778,SL,False
S2-05,ny_or_break,GBPUSD,2017-10-06 16:15:00+00:00,2017-10-06 16:30:00+00:00,2017-10-06 16:30:00+00:00,-1,-0.22599852231735407,FRIDAY,False
S2-05,ny_or_break,GBPUSD,2017-10-10 14:45:00+00:00,2017-10-10 15:00:00+00:00,2017-10-10 16:30:00+00:00,1,-1.0000000000000295,SL,False
S2-05,ny_or_break,GBPUSD,2017-10-10 16:30:00+00:00,2017-10-10 16:45:00+00:00,2017-10-10 17:15:00+00:00,1,1.2499999999999685,TP,False
S2-05,ny_or_break,GBPUSD,2017-10-17 13:30:00+00:00,2017-10-17 13:45:00+00:00,2017-10-17 14:15:00+00:00,-1,1.2499999999999332,TP,False
S2-05,ny_or_break,GBPUSD,2017-10-17 14:15:00+00:00,2017-10-17 14:30:00+00:00,2017-10-17 15:30:00+00:00,-1,-0.9999999999999483,SL,False
S2-05,ny_or_break,GBPUSD,2017-10-17 16:15:00+00:00,2017-10-17 16:30:00+00:00,2017-10-17 18:00:00+00:00,-1,-0.9999999999999148,SL,False
S2-05,ny_or_break,GBPUSD,2017-10-24 15:00:00+00:00,2017-10-24 15:15:00+00:00,2017-10-24 16:45:00+00:00,-1,-1.0000000000000517,SL,False
S2-05,ny_or_break,GBPUSD,2017-10-24 16:45:00+00:00,2017-10-24 17:00:00+00:00,2017-10-24 19:00:00+00:00,-1,1.2500000000000613,TP,False
S2-05,ny_or_break,GBPUSD,2017-10-25 13:00:00+00:00,2017-10-25 13:15:00+00:00,2017-10-25 13:15:00+00:00,1,-0.9999999999999781,SL,False
S2-05,ny_or_break,GBPUSD,2017-10-25 15:00:00+00:00,2017-10-25 15:15:00+00:00,2017-10-25 16:45:00+00:00,1,-0.9999999999999404,SL,False
S2-05,ny_or_break,GBPUSD,2017-10-30 15:45:00+00:00,2017-10-30 16:00:00+00:00,2017-10-30 16:15:00+00:00,1,1.2500000000000282,TP,False
S2-05,ny_or_break,GBPUSD,2017-10-30 16:15:00+00:00,2017-10-30 16:30:00+00:00,2017-10-30 17:45:00+00:00,1,-1.0,SL,False
S2-05,ny_or_break,GBPUSD,2017-10-31 12:45:00+00:00,2017-10-31 13:00:00+00:00,2017-10-31 13:00:00+00:00,1,1.250000000000047,TP,False
S2-05,ny_or_break,GBPUSD,2017-10-31 13:00:00+00:00,2017-10-31 13:15:00+00:00,2017-10-31 15:30:00+00:00,1,1.249999999999933,TP,False
S2-05,ny_or_break,GBPUSD,2017-10-31 15:30:00+00:00,2017-10-31 15:45:00+00:00,2017-10-31 16:00:00+00:00,1,1.25,TP,False
S2-05,ny_or_break,GBPUSD,2017-10-31 16:00:00+00:00,2017-10-31 16:15:00+00:00,2017-10-31 20:00:00+00:00,1,0.9618691186493369,TIME,False
S2-05,ny_or_break,GBPUSD,2017-11-02 13:00:00+00:00,2017-11-02 13:15:00+00:00,2017-11-02 15:30:00+00:00,-1,1.2499999999999898,TP,False
S2-05,ny_or_break,GBPUSD,2017-11-02 15:30:00+00:00,2017-11-02 15:45:00+00:00,2017-11-02 19:30:00+00:00,-1,0.3513499873832955,TIME,False
S2-05,ny_or_break,GBPUSD,2017-11-08 14:00:00+00:00,2017-11-08 14:15:00+00:00,2017-11-08 15:15:00+00:00,-1,-0.9999999999999442,SL,False
S2-05,ny_or_break,GBPUSD,2017-11-08 15:15:00+00:00,2017-11-08 15:30:00+00:00,2017-11-08 16:15:00+00:00,-1,-0.9999999999999181,SL,False
S2-05,ny_or_break,GBPUSD,2017-11-08 16:15:00+00:00,2017-11-08 16:30:00+00:00,2017-11-08 16:30:00+00:00,-1,-0.9999999999999681,SL,False
S2-05,ny_or_break,GBPUSD,2017-11-08 16:30:00+00:00,2017-11-08 16:45:00+00:00,2017-11-08 20:15:00+00:00,-1,-1.0000000000000622,SL,False
S2-05,ny_or_break,GBPUSD,2017-11-10 12:00:00+00:00,2017-11-10 12:15:00+00:00,2017-11-10 12:30:00+00:00,1,-0.9999999999999224,SL,False
S2-05,ny_or_break,GBPUSD,2017-11-10 12:30:00+00:00,2017-11-10 12:45:00+00:00,2017-11-10 13:00:00+00:00,1,1.2500000000000262,TP,False
S2-05,ny_or_break,GBPUSD,2017-11-10 13:00:00+00:00,2017-11-10 13:15:00+00:00,2017-11-10 13:30:00+00:00,1,1.2500000000000568,TP,False
S2-05,ny_or_break,GBPUSD,2017-11-10 13:30:00+00:00,2017-11-10 13:45:00+00:00,2017-11-10 15:15:00+00:00,1,1.2500000000000526,TP,False
S2-05,ny_or_break,GBPUSD,2017-11-10 15:15:00+00:00,2017-11-10 15:30:00+00:00,2017-11-10 16:00:00+00:00,1,-1.0768798275792826,FRIDAY,False
S2-05,ny_or_break,GBPUSD,2017-11-10 16:00:00+00:00,2017-11-10 16:15:00+00:00,2017-11-10 16:15:00+00:00,1,0.00850341380597288,FRIDAY,False
S2-05,ny_or_break,GBPUSD,2017-11-10 16:15:00+00:00,2017-11-10 16:30:00+00:00,2017-11-10 16:30:00+00:00,1,-0.47918103927895855,FRIDAY,False
S2-05,ny_or_break,GBPUSD,2017-11-10 16:30:00+00:00,2017-11-10 16:45:00+00:00,2017-11-10 16:45:00+00:00,1,0.6137114120391408,FRIDAY,False
S2-05,ny_or_break,GBPUSD,2017-11-10 16:45:00+00:00,2017-11-10 17:00:00+00:00,2017-11-10 17:00:00+00:00,1,-0.5999504582610851,FRIDAY,False
S2-05,ny_or_break,GBPUSD,2017-11-16 14:00:00+00:00,2017-11-16 14:15:00+00:00,2017-11-16 14:15:00+00:00,1,-1.0000000000000602,SL,False
S2-05,ny_or_break,GBPUSD,2017-11-16 15:00:00+00:00,2017-11-16 15:15:00+00:00,2017-11-16 15:15:00+00:00,1,-0.999999999999911,SL,False
S2-05,ny_or_break,GBPUSD,2017-11-16 16:00:00+00:00,2017-11-16 16:15:00+00:00,2017-11-16 17:00:00+00:00,1,-0.9999999999999737,SL,False
S2-05,ny_or_break,GBPUSD,2017-11-22 14:00:00+00:00,2017-11-22 14:15:00+00:00,2017-11-22 16:00:00+00:00,1,1.2499999999999782,TP,False
S2-05,ny_or_break,GBPUSD,2017-11-22 16:00:00+00:00,2017-11-22 16:15:00+00:00,2017-11-22 19:00:00+00:00,1,1.24999999999998,TP,False
S2-05,ny_or_break,GBPUSD,2017-11-24 13:45:00+00:00,2017-11-24 14:00:00+00:00,2017-11-24 14:00:00+00:00,1,1.2499999999998999,TP,False
S2-05,ny_or_break,GBPUSD,2017-11-24 14:00:00+00:00,2017-11-24 14:15:00+00:00,2017-11-24 14:30:00+00:00,1,-1.0000000000000304,SL,False
S2-05,ny_or_break,GBPUSD,2017-11-24 14:30:00+00:00,2017-11-24 14:45:00+00:00,2017-11-24 15:30:00+00:00,1,-1.0,SL,False
S2-05,ny_or_break,GBPUSD,2017-11-24 15:30:00+00:00,2017-11-24 15:45:00+00:00,2017-11-24 16:00:00+00:00,1,0.5057012997368631,FRIDAY,False
S2-05,ny_or_break,GBPUSD,2017-11-24 16:00:00+00:00,2017-11-24 16:15:00+00:00,2017-11-24 16:15:00+00:00,1,-0.15081739340646058,FRIDAY,False
S2-05,ny_or_break,GBPUSD,2017-11-24 16:15:00+00:00,2017-11-24 16:30:00+00:00,2017-11-24 16:30:00+00:00,1,-0.41759772397237943,FRIDAY,False
S2-05,ny_or_break,GBPUSD,2017-11-24 16:30:00+00:00,2017-11-24 16:45:00+00:00,2017-11-24 16:45:00+00:00,1,-0.7249403208174375,FRIDAY,False
S2-05,ny_or_break,GBPUSD,2017-11-24 16:45:00+00:00,2017-11-24 17:00:00+00:00,2017-11-24 17:00:00+00:00,1,-1.0295330756075478,FRIDAY,False
S2-05,ny_or_break,GBPUSD,2017-11-27 12:45:00+00:00,2017-11-27 13:00:00+00:00,2017-11-27 13:00:00+00:00,1,-1.0,SL,False
S2-05,ny_or_break,GBPUSD,2017-11-27 13:00:00+00:00,2017-11-27 13:15:00+00:00,2017-11-27 13:15:00+00:00,1,-1.0000000000000688,SL,False
S2-05,ny_or_break,GBPUSD,2017-11-27 13:15:00+00:00,2017-11-27 13:30:00+00:00,2017-11-27 14:45:00+00:00,1,-0.9999999999999658,SL,False
S2-05,ny_or_break,GBPUSD,2017-11-27 14:45:00+00:00,2017-11-27 15:00:00+00:00,2017-11-27 15:00:00+00:00,1,-0.9999999999999104,SL,False
S2-05,ny_or_break,GBPUSD,2017-11-28 12:45:00+00:00,2017-11-28 13:00:00+00:00,2017-11-28 13:30:00+00:00,-1,-1.0000000000000262,SL,False
S2-05,ny_or_break,GBPUSD,2017-11-28 13:30:00+00:00,2017-11-28 13:45:00+00:00,2017-11-28 14:30:00+00:00,-1,1.249999999999917,TP,False
S2-05,ny_or_break,GBPUSD,2017-11-28 14:30:00+00:00,2017-11-28 14:45:00+00:00,2017-11-28 15:45:00+00:00,-1,1.2500000000000615,TP,False
S2-05,ny_or_break,GBPUSD,2017-11-28 15:45:00+00:00,2017-11-28 16:00:00+00:00,2017-11-28 17:30:00+00:00,-1,-1.0000000000000728,SL,False
S2-05,ny_or_break,GBPUSD,2017-11-29 16:15:00+00:00,2017-11-29 16:30:00+00:00,2017-11-29 17:00:00+00:00,1,-0.9999999999999479,SL,False
S2-05,ny_or_break,GBPUSD,2017-11-30 14:30:00+00:00,2017-11-30 14:45:00+00:00,2017-11-30 15:00:00+00:00,1,1.2500000000000429,TP,False
S2-05,ny_or_break,GBPUSD,2017-11-30 15:00:00+00:00,2017-11-30 15:15:00+00:00,2017-11-30 15:15:00+00:00,1,1.2500000000000384,TP,False
S2-05,ny_or_break,GBPUSD,2017-11-30 15:15:00+00:00,2017-11-30 15:30:00+00:00,2017-11-30 15:30:00+00:00,1,-0.9999999999999448,SL,False
S2-05,ny_or_break,GBPUSD,2017-11-30 15:30:00+00:00,2017-11-30 15:45:00+00:00,2017-11-30 16:00:00+00:00,1,-1.0,SL,False
S2-05,ny_or_break,GBPUSD,2017-11-30 16:00:00+00:00,2017-11-30 16:15:00+00:00,2017-11-30 16:15:00+00:00,1,-1.000000000000032,SL,False
S2-05,ny_or_break,GBPUSD,2017-11-30 16:15:00+00:00,2017-11-30 16:30:00+00:00,2017-11-30 17:15:00+00:00,1,-0.999999999999954,SL,False
S2-05,ny_or_break,GBPUSD,2017-12-04 13:00:00+00:00,2017-12-04 13:15:00+00:00,2017-12-04 13:45:00+00:00,1,-0.9999999999999853,SL,False
S2-05,ny_or_break,GBPUSD,2017-12-15 15:00:00+00:00,2017-12-15 15:15:00+00:00,2017-12-15 15:45:00+00:00,-1,1.25000000000002,TP,False
S2-05,ny_or_break,GBPUSD,2017-12-15 15:45:00+00:00,2017-12-15 16:00:00+00:00,2017-12-15 16:00:00+00:00,-1,-0.6114334480148996,FRIDAY,False
S2-05,ny_or_break,GBPUSD,2017-12-15 16:00:00+00:00,2017-12-15 16:15:00+00:00,2017-12-15 16:15:00+00:00,-1,0.4591100182438328,FRIDAY,False
S2-05,ny_or_break,GBPUSD,2017-12-15 16:15:00+00:00,2017-12-15 16:30:00+00:00,2017-12-15 16:30:00+00:00,-1,0.1591439139396335,FRIDAY,False
S2-05,ny_or_break,GBPUSD,2017-12-15 16:30:00+00:00,2017-12-15 16:45:00+00:00,2017-12-15 16:45:00+00:00,-1,0.06614185643174088,FRIDAY,False
S2-05,ny_or_break,GBPUSD,2017-12-15 16:45:00+00:00,2017-12-15 17:00:00+00:00,2017-12-15 17:00:00+00:00,-1,0.0600875447672105,FRIDAY,False
S2-05,ny_or_break,GBPUSD,2017-12-19 14:15:00+00:00,2017-12-19 14:30:00+00:00,2017-12-19 15:00:00+00:00,-1,-1.0,SL,False
S2-05,ny_or_break,GBPUSD,2017-12-19 15:45:00+00:00,2017-12-19 16:00:00+00:00,2017-12-19 16:15:00+00:00,-1,1.2499999999999267,TP,False
S2-05,ny_or_break,GBPUSD,2017-12-19 16:15:00+00:00,2017-12-19 16:30:00+00:00,2017-12-19 16:45:00+00:00,-1,-0.9999999999999546,SL,False
S2-05,ny_or_break,GBPUSD,2017-12-19 16:45:00+00:00,2017-12-19 17:00:00+00:00,2017-12-19 17:45:00+00:00,-1,-1.0000000000000682,SL,False
S2-05,ny_or_break,GBPUSD,2017-12-21 12:30:00+00:00,2017-12-21 12:45:00+00:00,2017-12-21 13:00:00+00:00,-1,-0.9999999999999664,SL,False
S2-05,ny_or_break,GBPUSD,2017-12-21 13:15:00+00:00,2017-12-21 13:30:00+00:00,2017-12-21 13:30:00+00:00,-1,-1.0,SL,False
S2-05,ny_or_break,GBPUSD,2017-12-21 14:00:00+00:00,2017-12-21 14:15:00+00:00,2017-12-21 14:30:00+00:00,-1,-0.9999999999999108,SL,False
S2-05,ny_or_break,GBPUSD,2017-12-21 14:45:00+00:00,2017-12-21 15:00:00+00:00,2017-12-21 15:00:00+00:00,-1,-1.000000000000055,SL,False
S2-05,ny_or_break,GBPUSD,2017-12-21 15:30:00+00:00,2017-12-21 15:45:00+00:00,2017-12-21 16:15:00+00:00,-1,-1.0000000000000808,SL,False
S2-05,ny_or_break,GBPUSD,2017-12-26 13:00:00+00:00,2017-12-26 13:15:00+00:00,2017-12-26 14:00:00+00:00,-1,-1.0000000000000666,SL,False
S2-05,ny_or_break,GBPUSD,2017-12-27 13:00:00+00:00,2017-12-27 13:15:00+00:00,2017-12-27 13:45:00+00:00,1,-1.0000000000000349,SL,False
S2-05,ny_or_break,GBPUSD,2017-12-29 12:00:00+00:00,2017-12-29 12:15:00+00:00,2017-12-29 13:45:00+00:00,1,1.2499999999998908,TP,False
S2-05,ny_or_break,GBPUSD,2017-12-29 13:45:00+00:00,2017-12-29 14:00:00+00:00,2017-12-29 14:00:00+00:00,1,-1.0,SL,False
S2-05,ny_or_break,GBPUSD,2017-12-29 14:00:00+00:00,2017-12-29 14:15:00+00:00,2017-12-29 15:00:00+00:00,1,-1.0000000000000409,SL,False
S2-05,ny_or_break,GBPUSD,2017-12-29 15:15:00+00:00,2017-12-29 15:30:00+00:00,2017-12-29 15:45:00+00:00,1,1.24999999999992,TP,False
S2-05,ny_or_break,GBPUSD,2017-12-29 15:45:00+00:00,2017-12-29 16:00:00+00:00,2017-12-29 16:00:00+00:00,1,-1.025950992243821,FRIDAY,False
S2-05,ny_or_break,GBPUSD,2017-12-29 16:00:00+00:00,2017-12-29 16:15:00+00:00,2017-12-29 16:15:00+00:00,1,-0.538497449064657,FRIDAY,False
S2-05,ny_or_break,GBPUSD,2017-12-29 16:15:00+00:00,2017-12-29 16:30:00+00:00,2017-12-29 16:30:00+00:00,1,0.27415052185801464,FRIDAY,False
S2-05,ny_or_break,GBPUSD,2017-12-29 16:30:00+00:00,2017-12-29 16:45:00+00:00,2017-12-29 16:45:00+00:00,1,0.7196293754289637,FRIDAY,False
S2-05,ny_or_break,GBPUSD,2017-12-29 16:45:00+00:00,2017-12-29 17:00:00+00:00,2017-12-29 17:00:00+00:00,1,0.22096219931271477,FRIDAY,False
S2-05,ny_or_break,GBPUSD,2018-01-02 15:45:00+00:00,2018-01-02 16:00:00+00:00,2018-01-02 16:45:00+00:00,1,1.25,TP,False
S2-05,ny_or_break,GBPUSD,2018-01-02 16:45:00+00:00,2018-01-02 17:00:00+00:00,2018-01-02 17:45:00+00:00,1,-1.0,SL,False
S2-05,ny_or_break,GBPUSD,2018-01-05 13:30:00+00:00,2018-01-05 13:45:00+00:00,2018-01-05 14:00:00+00:00,1,-1.0000000000001095,SL,False
S2-05,ny_or_break,GBPUSD,2018-01-05 16:00:00+00:00,2018-01-05 16:15:00+00:00,2018-01-05 16:15:00+00:00,1,-0.055348618301620384,FRIDAY,False
S2-05,ny_or_break,GBPUSD,2018-01-05 16:15:00+00:00,2018-01-05 16:30:00+00:00,2018-01-05 16:30:00+00:00,1,-0.3253837882056458,FRIDAY,False
S2-05,ny_or_break,GBPUSD,2018-01-08 16:00:00+00:00,2018-01-08 16:15:00+00:00,2018-01-08 16:45:00+00:00,1,-0.9999999999999715,SL,False
S2-05,ny_or_break,GBPUSD,2018-01-08 16:45:00+00:00,2018-01-08 17:00:00+00:00,2018-01-08 20:45:00+00:00,1,-0.0991658786978252,TIME,False
S2-05,ny_or_break,GBPUSD,2018-01-09 13:15:00+00:00,2018-01-09 13:30:00+00:00,2018-01-09 13:45:00+00:00,-1,-0.9999999999998699,SL,False
S2-05,ny_or_break,GBPUSD,2018-01-09 14:45:00+00:00,2018-01-09 15:00:00+00:00,2018-01-09 15:00:00+00:00,-1,-0.9999999999998893,SL,False
S2-05,ny_or_break,GBPUSD,2018-01-12 13:45:00+00:00,2018-01-12 14:00:00+00:00,2018-01-12 15:00:00+00:00,1,1.25,TP,False
S2-05,ny_or_break,GBPUSD,2018-01-12 15:00:00+00:00,2018-01-12 15:15:00+00:00,2018-01-12 16:00:00+00:00,1,0.43361257498525474,FRIDAY,False
S2-05,ny_or_break,GBPUSD,2018-01-12 16:00:00+00:00,2018-01-12 16:15:00+00:00,2018-01-12 16:15:00+00:00,1,0.3332097765452607,FRIDAY,False
S2-05,ny_or_break,GBPUSD,2018-01-12 16:15:00+00:00,2018-01-12 16:30:00+00:00,2018-01-12 16:30:00+00:00,1,-0.23855414073114475,FRIDAY,False
S2-05,ny_or_break,GBPUSD,2018-01-12 16:30:00+00:00,2018-01-12 16:45:00+00:00,2018-01-12 16:45:00+00:00,1,0.1953377145271637,FRIDAY,False
S2-05,ny_or_break,GBPUSD,2018-01-12 16:45:00+00:00,2018-01-12 17:00:00+00:00,2018-01-12 17:00:00+00:00,1,-0.010338461538461538,FRIDAY,False
S2-05,ny_or_break,GBPUSD,2018-01-17 15:00:00+00:00,2018-01-17 15:15:00+00:00,2018-01-17 15:45:00+00:00,1,1.2500000000000302,TP,False
S2-05,ny_or_break,GBPUSD,2018-01-17 15:45:00+00:00,2018-01-17 16:00:00+00:00,2018-01-17 16:30:00+00:00,1,-0.9999999999999233,SL,False
S2-05,ny_or_break,GBPUSD,2018-01-17 16:30:00+00:00,2018-01-17 16:45:00+00:00,2018-01-17 17:45:00+00:00,1,1.25,TP,False
S2-05,ny_or_break,GBPUSD,2018-01-18 12:00:00+00:00,2018-01-18 12:15:00+00:00,2018-01-18 12:15:00+00:00,1,-0.999999999999974,SL,False
S2-05,ny_or_break,GBPUSD,2018-01-18 16:15:00+00:00,2018-01-18 16:30:00+00:00,2018-01-18 16:30:00+00:00,1,-1.0,SL,False
S2-05,ny_or_break,GBPUSD,2018-01-18 16:30:00+00:00,2018-01-18 16:45:00+00:00,2018-01-18 16:45:00+00:00,1,-1.0000000000000229,SL,False
S2-05,ny_or_break,GBPUSD,2018-01-22 13:45:00+00:00,2018-01-22 14:00:00+00:00,2018-01-22 15:15:00+00:00,1,1.24999999999997,TP,False
S2-05,ny_or_break,GBPUSD,2018-01-22 15:15:00+00:00,2018-01-22 15:30:00+00:00,2018-01-22 15:30:00+00:00,1,1.2499999999999143,TP,False
S2-05,ny_or_break,GBPUSD,2018-01-22 15:30:00+00:00,2018-01-22 15:45:00+00:00,2018-01-22 16:45:00+00:00,1,-0.9999999999999736,SL,False
S2-05,ny_or_break,GBPUSD,2018-01-22 16:45:00+00:00,2018-01-22 17:00:00+00:00,2018-01-22 17:45:00+00:00,1,1.2499999999999287,TP,False
S2-05,ny_or_break,GBPUSD,2018-01-23 15:00:00+00:00,2018-01-23 15:15:00+00:00,2018-01-23 15:15:00+00:00,1,1.2499999999999578,TP,False
S2-05,ny_or_break,GBPUSD,2018-01-23 15:15:00+00:00,2018-01-23 15:30:00+00:00,2018-01-23 16:00:00+00:00,1,-1.0,SL,False
S2-05,ny_or_break,GBPUSD,2018-01-23 16:00:00+00:00,2018-01-23 16:15:00+00:00,2018-01-23 16:15:00+00:00,1,-0.9999999999999447,SL,False
S2-05,ny_or_break,GBPUSD,2018-01-23 16:15:00+00:00,2018-01-23 16:30:00+00:00,2018-01-23 20:15:00+00:00,1,0.8186862543276878,TIME,False
S2-05,ny_or_break,GBPUSD,2018-01-24 12:30:00+00:00,2018-01-24 12:45:00+00:00,2018-01-24 13:15:00+00:00,1,1.2500000000000195,TP,False
S2-05,ny_or_break,GBPUSD,2018-01-24 13:15:00+00:00,2018-01-24 13:30:00+00:00,2018-01-24 14:30:00+00:00,1,1.2500000000000207,TP,False
S2-05,ny_or_break,GBPUSD,2018-01-24 14:30:00+00:00,2018-01-24 14:45:00+00:00,2018-01-24 14:45:00+00:00,1,1.250000000000018,TP,False
S2-05,ny_or_break,GBPUSD,2018-01-24 14:45:00+00:00,2018-01-24 15:00:00+00:00,2018-01-24 15:45:00+00:00,1,1.2499999999999833,TP,False
S2-05,ny_or_break,GBPUSD,2018-01-24 15:45:00+00:00,2018-01-24 16:00:00+00:00,2018-01-24 16:00:00+00:00,1,-1.0000000000000169,SL,False
S2-05,ny_or_break,GBPUSD,2018-01-24 16:00:00+00:00,2018-01-24 16:15:00+00:00,2018-01-24 16:45:00+00:00,1,-0.9999999999999512,SL,False
S2-05,ny_or_break,GBPUSD,2018-01-24 16:45:00+00:00,2018-01-24 17:00:00+00:00,2018-01-24 18:45:00+00:00,1,1.249999999999952,TP,False
S2-05,ny_or_break,GBPUSD,2018-01-25 13:30:00+00:00,2018-01-25 13:45:00+00:00,2018-01-25 14:00:00+00:00,1,1.25,TP,False
S2-05,ny_or_break,GBPUSD,2018-01-25 14:00:00+00:00,2018-01-25 14:15:00+00:00,2018-01-25 14:15:00+00:00,1,-1.000000000000018,SL,False
S2-05,ny_or_break,GBPUSD,2018-01-25 14:15:00+00:00,2018-01-25 14:30:00+00:00,2018-01-25 14:30:00+00:00,1,-1.0000000000000482,SL,False
S2-05,ny_or_break,GBPUSD,2018-01-25 14:45:00+00:00,2018-01-25 15:00:00+00:00,2018-01-25 16:15:00+00:00,1,-1.0,SL,False
S2-05,ny_or_break,GBPUSD,2018-01-29 16:00:00+00:00,2018-01-29 16:15:00+00:00,2018-01-29 17:30:00+00:00,-1,-1.0,SL,False
S2-05,ny_or_break,GBPUSD,2018-01-31 15:45:00+00:00,2018-01-31 16:00:00+00:00,2018-01-31 16:00:00+00:00,1,-0.9999999999999838,SL,False
S2-05,ny_or_break,GBPUSD,2018-02-05 12:30:00+00:00,2018-02-05 12:45:00+00:00,2018-02-05 13:15:00+00:00,-1,-1.0000000000000362,SL,False
S2-05,ny_or_break,GBPUSD,2018-02-05 14:00:00+00:00,2018-02-05 14:15:00+00:00,2018-02-05 14:45:00+00:00,-1,1.2500000000000577,TP,False
S2-05,ny_or_break,GBPUSD,2018-02-05 14:45:00+00:00,2018-02-05 15:00:00+00:00,2018-02-05 15:00:00+00:00,-1,-0.9999999999999654,SL,False
S2-05,ny_or_break,GBPUSD,2018-02-05 15:00:00+00:00,2018-02-05 15:15:00+00:00,2018-02-05 15:15:00+00:00,-1,-1.000000000000052,SL,False
S2-05,ny_or_break,GBPUSD,2018-02-05 15:15:00+00:00,2018-02-05 15:30:00+00:00,2018-02-05 16:30:00+00:00,-1,1.25,TP,False
S2-05,ny_or_break,GBPUSD,2018-02-05 16:30:00+00:00,2018-02-05 16:45:00+00:00,2018-02-05 16:45:00+00:00,-1,-1.0000000000000573,SL,False
S2-05,ny_or_break,GBPUSD,2018-02-05 16:45:00+00:00,2018-02-05 17:00:00+00:00,2018-02-05 19:30:00+00:00,-1,1.2499999999999818,TP,False
S2-05,ny_or_break,GBPUSD,2018-02-06 12:15:00+00:00,2018-02-06 12:30:00+00:00,2018-02-06 12:45:00+00:00,-1,1.2499999999999452,TP,False
S2-05,ny_or_break,GBPUSD,2018-02-06 12:45:00+00:00,2018-02-06 13:00:00+00:00,2018-02-06 13:30:00+00:00,-1,1.249999999999983,TP,False
S2-05,ny_or_break,GBPUSD,2018-02-06 13:30:00+00:00,2018-02-06 13:45:00+00:00,2018-02-06 14:00:00+00:00,-1,-1.0,SL,False
S2-05,ny_or_break,GBPUSD,2018-02-06 14:00:00+00:00,2018-02-06 14:15:00+00:00,2018-02-06 15:45:00+00:00,-1,-1.0000000000000147,SL,False
S2-05,ny_or_break,GBPUSD,2018-02-06 15:45:00+00:00,2018-02-06 16:00:00+00:00,2018-02-06 16:15:00+00:00,-1,-1.0,SL,False
S2-05,ny_or_break,GBPUSD,2018-02-09 12:00:00+00:00,2018-02-09 12:15:00+00:00,2018-02-09 13:15:00+00:00,-1,-1.00000000000003,SL,False
S2-05,ny_or_break,GBPUSD,2018-02-09 14:15:00+00:00,2018-02-09 14:30:00+00:00,2018-02-09 16:00:00+00:00,-1,0.1208869955618549,FRIDAY,False
S2-05,ny_or_break,GBPUSD,2018-02-09 16:00:00+00:00,2018-02-09 16:15:00+00:00,2018-02-09 16:15:00+00:00,-1,-0.01523243714676764,FRIDAY,False
S2-05,ny_or_break,GBPUSD,2018-02-09 16:15:00+00:00,2018-02-09 16:30:00+00:00,2018-02-09 16:30:00+00:00,-1,-0.046893785796994714,FRIDAY,False
S2-05,ny_or_break,GBPUSD,2018-02-09 16:30:00+00:00,2018-02-09 16:45:00+00:00,2018-02-09 16:45:00+00:00,-1,0.687633006034705,FRIDAY,False
S2-05,ny_or_break,GBPUSD,2018-02-09 16:45:00+00:00,2018-02-09 17:00:00+00:00,2018-02-09 17:00:00+00:00,-1,0.24254840219027027,FRIDAY,False
S2-05,ny_or_break,GBPUSD,2018-02-12 13:15:00+00:00,2018-02-12 13:30:00+00:00,2018-02-12 14:45:00+00:00,-1,-1.0000000000000626,SL,False
S2-05,ny_or_break,GBPUSD,2018-02-12 15:00:00+00:00,2018-02-12 15:15:00+00:00,2018-02-12 15:15:00+00:00,-1,1.25,TP,False
S2-05,ny_or_break,GBPUSD,2018-02-12 15:15:00+00:00,2018-02-12 15:30:00+00:00,2018-02-12 16:30:00+00:00,-1,-1.0,SL,False
S2-05,ny_or_break,GBPUSD,2018-02-12 16:30:00+00:00,2018-02-12 16:45:00+00:00,2018-02-12 20:00:00+00:00,-1,-0.9999999999999625,SL,False
S2-05,ny_or_break,GBPUSD,2018-02-14 16:00:00+00:00,2018-02-14 16:15:00+00:00,2018-02-14 18:00:00+00:00,1,1.2499999999999705,TP,False
S2-05,ny_or_break,GBPUSD,2018-02-15 13:00:00+00:00,2018-02-15 13:15:00+00:00,2018-02-15 13:15:00+00:00,1,-0.9999999999999555,SL,False
S2-05,ny_or_break,GBPUSD,2018-02-15 13:30:00+00:00,2018-02-15 13:45:00+00:00,2018-02-15 14:00:00+00:00,1,-0.9999999999999623,SL,False
S2-05,ny_or_break,GBPUSD,2018-02-15 14:45:00+00:00,2018-02-15 15:00:00+00:00,2018-02-15 15:00:00+00:00,1,-0.9999999999999658,SL,False
S2-05,ny_or_break,GBPUSD,2018-02-19 13:30:00+00:00,2018-02-19 13:45:00+00:00,2018-02-19 13:45:00+00:00,-1,1.2500000000000342,TP,False
S2-05,ny_or_break,GBPUSD,2018-02-19 13:45:00+00:00,2018-02-19 14:00:00+00:00,2018-02-19 14:00:00+00:00,-1,-1.000000000000062,SL,False
S2-05,ny_or_break,GBPUSD,2018-02-19 14:00:00+00:00,2018-02-19 14:15:00+00:00,2018-02-19 14:30:00+00:00,-1,1.2499999999999705,TP,False
S2-05,ny_or_break,GBPUSD,2018-02-19 14:30:00+00:00,2018-02-19 14:45:00+00:00,2018-02-19 15:00:00+00:00,-1,-1.0000000000000864,SL,False
S2-05,ny_or_break,GBPUSD,2018-02-19 15:00:00+00:00,2018-02-19 15:15:00+00:00,2018-02-19 15:45:00+00:00,-1,-0.9999999999999465,SL,False
S2-05,ny_or_break,GBPUSD,2018-02-19 16:00:00+00:00,2018-02-19 16:15:00+00:00,2018-02-19 16:30:00+00:00,-1,-0.999999999999952,SL,False
S2-05,ny_or_break,GBPUSD,2018-02-23 12:00:00+00:00,2018-02-23 12:15:00+00:00,2018-02-23 13:15:00+00:00,1,-1.0,SL,False
S2-05,ny_or_break,GBPUSD,2018-02-23 15:30:00+00:00,2018-02-23 15:45:00+00:00,2018-02-23 15:45:00+00:00,1,-1.0000000000000733,SL,False
S2-05,ny_or_break,GBPUSD,2018-02-27 12:00:00+00:00,2018-02-27 12:15:00+00:00,2018-02-27 13:00:00+00:00,-1,1.2499999999999771,TP,False
S2-05,ny_or_break,GBPUSD,2018-02-27 13:00:00+00:00,2018-02-27 13:15:00+00:00,2018-02-27 13:15:00+00:00,-1,-1.0000000000000477,SL,False
S2-05,ny_or_break,GBPUSD,2018-02-27 13:15:00+00:00,2018-02-27 13:30:00+00:00,2018-02-27 13:45:00+00:00,-1,1.2499999999999554,TP,False
S2-05,ny_or_break,GBPUSD,2018-02-27 13:45:00+00:00,2018-02-27 14:00:00+00:00,2018-02-27 15:00:00+00:00,-1,1.250000000000039,TP,False
S2-05,ny_or_break,GBPUSD,2018-02-27 15:00:00+00:00,2018-02-27 15:15:00+00:00,2018-02-27 15:30:00+00:00,-1,1.2499999999999822,TP,False
S2-05,ny_or_break,GBPUSD,2018-02-27 15:30:00+00:00,2018-02-27 15:45:00+00:00,2018-02-27 16:00:00+00:00,-1,-0.9999999999999828,SL,False
S2-05,ny_or_break,GBPUSD,2018-02-27 16:00:00+00:00,2018-02-27 16:15:00+00:00,2018-02-27 17:15:00+00:00,-1,-0.9999999999999555,SL,False
S2-05,ny_or_break,GBPUSD,2018-02-28 12:15:00+00:00,2018-02-28 12:30:00+00:00,2018-02-28 14:45:00+00:00,-1,1.25000000000005,TP,False
S2-05,ny_or_break,GBPUSD,2018-02-28 14:45:00+00:00,2018-02-28 15:00:00+00:00,2018-02-28 15:00:00+00:00,-1,1.249999999999982,TP,False
S2-05,ny_or_break,GBPUSD,2018-02-28 15:00:00+00:00,2018-02-28 15:15:00+00:00,2018-02-28 16:30:00+00:00,-1,-1.0000000000000362,SL,False
S2-05,ny_or_break,GBPUSD,2018-02-28 16:30:00+00:00,2018-02-28 16:45:00+00:00,2018-02-28 17:30:00+00:00,-1,1.2500000000000364,TP,False
S2-05,ny_or_break,GBPUSD,2018-03-01 15:45:00+00:00,2018-03-01 16:00:00+00:00,2018-03-01 16:15:00+00:00,-1,-1.0000000000000464,SL,False
S2-05,ny_or_break,GBPUSD,2018-03-05 15:30:00+00:00,2018-03-05 15:45:00+00:00,2018-03-05 16:00:00+00:00,1,1.2500000000000488,TP,False
S2-05,ny_or_break,GBPUSD,2018-03-05 16:00:00+00:00,2018-03-05 16:15:00+00:00,2018-03-05 16:45:00+00:00,1,-1.0000000000000648,SL,False
S2-05,ny_or_break,GBPUSD,2018-03-05 16:45:00+00:00,2018-03-05 17:00:00+00:00,2018-03-05 18:30:00+00:00,1,-0.9999999999999595,SL,False
S2-05,ny_or_break,GBPUSD,2018-03-06 12:00:00+00:00,2018-03-06 12:15:00+00:00,2018-03-06 13:00:00+00:00,1,1.2499999999999754,TP,False
S2-05,ny_or_break,GBPUSD,2018-03-06 13:00:00+00:00,2018-03-06 13:15:00+00:00,2018-03-06 13:15:00+00:00,1,-1.0,SL,False
S2-05,ny_or_break,GBPUSD,2018-03-06 13:15:00+00:00,2018-03-06 13:30:00+00:00,2018-03-06 14:15:00+00:00,1,-1.0,SL,False
S2-05,ny_or_break,GBPUSD,2018-03-12 13:00:00+00:00,2018-03-12 13:15:00+00:00,2018-03-12 13:45:00+00:00,1,1.2500000000000775,TP,False
S2-05,ny_or_break,GBPUSD,2018-03-12 13:45:00+00:00,2018-03-12 14:00:00+00:00,2018-03-12 14:15:00+00:00,1,-1.0,SL,False
S2-05,ny_or_break,GBPUSD,2018-03-12 14:30:00+00:00,2018-03-12 14:45:00+00:00,2018-03-12 18:00:00+00:00,1,1.25,TP,False
S2-05,ny_or_break,GBPUSD,2018-03-13 13:00:00+00:00,2018-03-13 13:15:00+00:00,2018-03-13 14:15:00+00:00,1,-0.9999999999999784,SL,False
S2-05,ny_or_break,GBPUSD,2018-03-13 14:15:00+00:00,2018-03-13 14:30:00+00:00,2018-03-13 15:15:00+00:00,1,1.249999999999982,TP,False
S2-05,ny_or_break,GBPUSD,2018-03-13 15:15:00+00:00,2018-03-13 15:30:00+00:00,2018-03-13 19:15:00+00:00,1,-0.4795234988318986,TIME,False
S2-05,ny_or_break,GBPUSD,2018-03-14 12:00:00+00:00,2018-03-14 12:15:00+00:00,2018-03-14 12:45:00+00:00,1,-1.0,SL,False
S2-05,ny_or_break,GBPUSD,2018-03-16 15:00:00+00:00,2018-03-16 15:15:00+00:00,2018-03-16 15:15:00+00:00,-1,-0.9999999999999778,SL,False
S2-05,ny_or_break,GBPUSD,2018-03-16 15:15:00+00:00,2018-03-16 15:30:00+00:00,2018-03-16 15:45:00+00:00,-1,-0.9999999999999587,SL,False
S2-05,ny_or_break,GBPUSD,2018-03-16 15:45:00+00:00,2018-03-16 16:00:00+00:00,2018-03-16 16:00:00+00:00,-1,-0.29416748820974664,FRIDAY,False
S2-05,ny_or_break,GBPUSD,2018-03-16 16:00:00+00:00,2018-03-16 16:15:00+00:00,2018-03-16 16:15:00+00:00,-1,-0.36547798516070534,FRIDAY,False
S2-05,ny_or_break,GBPUSD,2018-03-16 16:15:00+00:00,2018-03-16 16:30:00+00:00,2018-03-16 16:30:00+00:00,-1,-0.26522191801951184,FRIDAY,False
S2-05,ny_or_break,GBPUSD,2018-03-16 16:30:00+00:00,2018-03-16 16:45:00+00:00,2018-03-16 16:45:00+00:00,-1,-0.5660996226237641,FRIDAY,False
S2-05,ny_or_break,GBPUSD,2018-03-19 12:00:00+00:00,2018-03-19 12:15:00+00:00,2018-03-19 13:00:00+00:00,1,-1.0,SL,False
S2-05,ny_or_break,GBPUSD,2018-03-19 13:00:00+00:00,2018-03-19 13:15:00+00:00,2018-03-19 15:00:00+00:00,1,-0.9999999999999848,SL,False
S2-05,ny_or_break,GBPUSD,2018-03-23 12:15:00+00:00,2018-03-23 12:30:00+00:00,2018-03-23 12:30:00+00:00,1,-0.9999999999999728,SL,False
S2-05,ny_or_break,GBPUSD,2018-03-23 12:30:00+00:00,2018-03-23 12:45:00+00:00,2018-03-23 13:30:00+00:00,1,1.2499999999999492,TP,False
S2-05,ny_or_break,GBPUSD,2018-03-23 13:30:00+00:00,2018-03-23 13:45:00+00:00,2018-03-23 14:30:00+00:00,1,1.25,TP,False
S2-05,ny_or_break,GBPUSD,2018-03-23 14:30:00+00:00,2018-03-23 14:45:00+00:00,2018-03-23 15:00:00+00:00,1,-0.9999999999999757,SL,False
S2-05,ny_or_break,GBPUSD,2018-03-23 15:00:00+00:00,2018-03-23 15:15:00+00:00,2018-03-23 15:15:00+00:00,1,-0.9999999999999766,SL,False
S2-05,ny_or_break,GBPUSD,2018-03-23 15:15:00+00:00,2018-03-23 15:30:00+00:00,2018-03-23 16:00:00+00:00,1,-0.5803582322653067,FRIDAY,False
S2-05,ny_or_break,GBPUSD,2018-03-23 16:00:00+00:00,2018-03-23 16:15:00+00:00,2018-03-23 16:15:00+00:00,1,0.4720518418408012,FRIDAY,False
S2-05,ny_or_break,GBPUSD,2018-03-23 16:15:00+00:00,2018-03-23 16:30:00+00:00,2018-03-23 16:30:00+00:00,1,-0.20478229935408268,FRIDAY,False
S2-05,ny_or_break,GBPUSD,2018-03-23 16:30:00+00:00,2018-03-23 16:45:00+00:00,2018-03-23 16:45:00+00:00,1,-0.19878957169459963,FRIDAY,False
S2-05,ny_or_break,GBPUSD,2018-03-23 16:45:00+00:00,2018-03-23 17:00:00+00:00,2018-03-23 17:00:00+00:00,1,-0.2432878356082196,FRIDAY,False
S2-05,ny_or_break,GBPUSD,2018-03-26 15:15:00+00:00,2018-03-26 15:30:00+00:00,2018-03-26 16:45:00+00:00,1,-0.9999999999999781,SL,False
S2-05,ny_or_break,GBPUSD,2018-03-28 13:00:00+00:00,2018-03-28 13:15:00+00:00,2018-03-28 13:30:00+00:00,-1,1.2499999999999527,TP,False
S2-05,ny_or_break,GBPUSD,2018-03-28 13:30:00+00:00,2018-03-28 13:45:00+00:00,2018-03-28 15:45:00+00:00,-1,-0.9999999999999551,SL,False
S2-05,ny_or_break,GBPUSD,2018-03-28 15:45:00+00:00,2018-03-28 16:00:00+00:00,2018-03-28 17:30:00+00:00,-1,1.2499999999999782,TP,False
S2-05,ny_or_break,GBPUSD,2018-03-29 14:45:00+00:00,2018-03-29 15:00:00+00:00,2018-03-29 16:45:00+00:00,-1,1.25,TP,False
S2-05,ny_or_break,GBPUSD,2018-03-29 16:45:00+00:00,2018-03-29 17:00:00+00:00,2018-03-29 17:30:00+00:00,-1,-1.0,SL,False
S2-05,ny_or_break,GBPUSD,2018-03-30 14:15:00+00:00,2018-03-30 14:30:00+00:00,2018-03-30 14:30:00+00:00,-1,-1.0000000000001177,SL,False
S2-05,ny_or_break,GBPUSD,2018-03-30 14:45:00+00:00,2018-03-30 15:00:00+00:00,2018-03-30 15:30:00+00:00,-1,1.2499999999998914,TP,False
S2-05,ny_or_break,GBPUSD,2018-03-30 15:30:00+00:00,2018-03-30 15:45:00+00:00,2018-03-30 15:45:00+00:00,-1,-0.9999999999999075,SL,False
S2-05,ny_or_break,GBPUSD,2018-03-30 15:45:00+00:00,2018-03-30 16:00:00+00:00,2018-03-30 16:00:00+00:00,-1,-2.04214717188358,FRIDAY,False
S2-05,ny_or_break,GBPUSD,2018-03-30 16:00:00+00:00,2018-03-30 16:15:00+00:00,2018-03-30 16:15:00+00:00,-1,-0.5844172987682903,FRIDAY,False
S2-05,ny_or_break,GBPUSD,2018-03-30 16:15:00+00:00,2018-03-30 16:30:00+00:00,2018-03-30 16:30:00+00:00,-1,-1.056151395413362,FRIDAY,False
S2-05,ny_or_break,GBPUSD,2018-03-30 16:30:00+00:00,2018-03-30 16:45:00+00:00,2018-03-30 16:45:00+00:00,-1,-0.5692998204667864,FRIDAY,False
S2-05,ny_or_break,GBPUSD,2018-03-30 16:45:00+00:00,2018-03-30 17:00:00+00:00,2018-03-30 17:00:00+00:00,-1,0.17183758548812209,FRIDAY,False
S2-05,ny_or_break,GBPUSD,2018-04-02 14:00:00+00:00,2018-04-02 14:15:00+00:00,2018-04-02 14:15:00+00:00,-1,-1.0000000000000466,SL,False
S2-05,ny_or_break,GBPUSD,2018-04-02 16:00:00+00:00,2018-04-02 16:15:00+00:00,2018-04-02 17:30:00+00:00,-1,-0.9999999999999626,SL,False
S2-05,ny_or_break,GBPUSD,2018-04-05 12:15:00+00:00,2018-04-05 12:30:00+00:00,2018-04-05 12:30:00+00:00,-1,-0.9999999999999758,SL,False
S2-05,ny_or_break,GBPUSD,2018-04-05 12:45:00+00:00,2018-04-05 13:00:00+00:00,2018-04-05 13:45:00+00:00,-1,-0.9999999999999551,SL,False
S2-05,ny_or_break,GBPUSD,2018-04-05 13:45:00+00:00,2018-04-05 14:00:00+00:00,2018-04-05 14:45:00+00:00,-1,1.249999999999958,TP,False
S2-05,ny_or_break,GBPUSD,2018-04-05 14:45:00+00:00,2018-04-05 15:00:00+00:00,2018-04-05 15:30:00+00:00,-1,1.2500000000000402,TP,False
S2-05,ny_or_break,GBPUSD,2018-04-05 15:30:00+00:00,2018-04-05 15:45:00+00:00,2018-04-05 15:45:00+00:00,-1,-0.9999999999999808,SL,False
S2-05,ny_or_break,GBPUSD,2018-04-05 15:45:00+00:00,2018-04-05 16:00:00+00:00,2018-04-05 19:45:00+00:00,-1,-0.8213329285613609,TIME,False
S2-05,ny_or_break,GBPUSD,2018-04-09 12:00:00+00:00,2018-04-09 12:15:00+00:00,2018-04-09 12:45:00+00:00,1,1.2499999999999345,TP,False
S2-05,ny_or_break,GBPUSD,2018-04-09 12:45:00+00:00,2018-04-09 13:00:00+00:00,2018-04-09 13:00:00+00:00,1,1.2499999999999372,TP,False
S2-05,ny_or_break,GBPUSD,2018-04-09 13:00:00+00:00,2018-04-09 13:15:00+00:00,2018-04-09 13:45:00+00:00,1,-1.0000000000000584,SL,False
S2-05,ny_or_break,GBPUSD,2018-04-09 13:45:00+00:00,2018-04-09 14:00:00+00:00,2018-04-09 14:30:00+00:00,1,-0.999999999999941,SL,False
S2-05,ny_or_break,GBPUSD,2018-04-09 14:30:00+00:00,2018-04-09 14:45:00+00:00,2018-04-09 14:45:00+00:00,1,-1.0000000000000537,SL,False
S2-05,ny_or_break,GBPUSD,2018-04-09 14:45:00+00:00,2018-04-09 15:00:00+00:00,2018-04-09 16:30:00+00:00,1,1.2499999999999256,TP,False
S2-05,ny_or_break,GBPUSD,2018-04-09 16:30:00+00:00,2018-04-09 16:45:00+00:00,2018-04-09 17:45:00+00:00,1,-1.0000000000000513,SL,False
S2-05,ny_or_break,GBPUSD,2018-04-12 14:30:00+00:00,2018-04-12 14:45:00+00:00,2018-04-12 18:30:00+00:00,1,-0.16182121587899387,TIME,False
S2-05,ny_or_break,GBPUSD,2018-04-16 13:00:00+00:00,2018-04-16 13:15:00+00:00,2018-04-16 14:45:00+00:00,1,-0.9999999999999719,SL,False
S2-05,ny_or_break,GBPUSD,2018-04-16 14:45:00+00:00,2018-04-16 15:00:00+00:00,2018-04-16 18:45:00+00:00,1,0.18918552998897534,TIME,False
S2-05,ny_or_break,GBPUSD,2018-04-20 13:00:00+00:00,2018-04-20 13:15:00+00:00,2018-04-20 13:45:00+00:00,-1,1.2499999999999751,TP,False
S2-05,ny_or_break,GBPUSD,2018-04-20 13:45:00+00:00,2018-04-20 14:00:00+00:00,2018-04-20 14:00:00+00:00,-1,-0.9999999999999523,SL,False
S2-05,ny_or_break,GBPUSD,2018-04-20 14:00:00+00:00,2018-04-20 14:15:00+00:00,2018-04-20 16:00:00+00:00,-1,-0.4193642461358997,FRIDAY,False
S2-05,ny_or_break,GBPUSD,2018-04-20 16:00:00+00:00,2018-04-20 16:15:00+00:00,2018-04-20 16:15:00+00:00,-1,0.3207158916254906,FRIDAY,False
S2-05,ny_or_break,GBPUSD,2018-04-20 16:15:00+00:00,2018-04-20 16:30:00+00:00,2018-04-20 16:30:00+00:00,-1,-0.4076948772867501,FRIDAY,False
S2-05,ny_or_break,GBPUSD,2018-04-20 16:30:00+00:00,2018-04-20 16:45:00+00:00,2018-04-20 16:45:00+00:00,-1,-0.3880350469058648,FRIDAY,False
S2-05,ny_or_break,GBPUSD,2018-04-25 14:15:00+00:00,2018-04-25 14:30:00+00:00,2018-04-25 15:00:00+00:00,-1,-0.9999999999999136,SL,False
S2-05,ny_or_break,GBPUSD,2018-05-01 12:00:00+00:00,2018-05-01 12:15:00+00:00,2018-05-01 12:30:00+00:00,-1,-1.0,SL,False
S2-05,ny_or_break,GBPUSD,2018-05-01 12:30:00+00:00,2018-05-01 12:45:00+00:00,2018-05-01 13:15:00+00:00,-1,1.2500000000000708,TP,False
S2-05,ny_or_break,GBPUSD,2018-05-01 13:15:00+00:00,2018-05-01 13:30:00+00:00,2018-05-01 14:30:00+00:00,-1,1.2500000000000242,TP,False
S2-05,ny_or_break,GBPUSD,2018-05-01 14:30:00+00:00,2018-05-01 14:45:00+00:00,2018-05-01 16:00:00+00:00,-1,-1.000000000000045,SL,False
S2-05,ny_or_break,GBPUSD,2018-05-01 16:00:00+00:00,2018-05-01 16:15:00+00:00,2018-05-01 20:00:00+00:00,-1,0.24929724520118865,TIME,False
S2-05,ny_or_break,GBPUSD,2018-05-02 14:30:00+00:00,2018-05-02 14:45:00+00:00,2018-05-02 18:00:00+00:00,-1,-1.0000000000000644,SL,False
S2-05,ny_or_break,GBPUSD,2018-05-03 14:00:00+00:00,2018-05-03 14:15:00+00:00,2018-05-03 14:30:00+00:00,-1,1.2500000000000238,TP,False
S2-05,ny_or_break,GBPUSD,2018-05-03 14:30:00+00:00,2018-05-03 14:45:00+00:00,2018-05-03 14:45:00+00:00,-1,1.25,TP,False
S2-05,ny_or_break,GBPUSD,2018-05-03 14:45:00+00:00,2018-05-03 15:00:00+00:00,2018-05-03 15:00:00+00:00,-1,-0.9999999999999791,SL,False
S2-05,ny_or_break,GBPUSD,2018-05-03 15:00:00+00:00,2018-05-03 15:15:00+00:00,2018-05-03 15:45:00+00:00,-1,-1.0000000000000604,SL,False
S2-05,ny_or_break,GBPUSD,2018-05-03 15:45:00+00:00,2018-05-03 16:00:00+00:00,2018-05-03 16:30:00+00:00,-1,-1.0000000000000213,SL,False
S2-05,ny_or_break,GBPUSD,2018-05-04 13:00:00+00:00,2018-05-04 13:15:00+00:00,2018-05-04 13:15:00+00:00,-1,1.2500000000000218,TP,False
S2-05,ny_or_break,GBPUSD,2018-05-04 13:15:00+00:00,2018-05-04 13:30:00+00:00,2018-05-04 14:00:00+00:00,-1,-0.9999999999999812,SL,False
S2-05,ny_or_break,GBPUSD,2018-05-04 14:00:00+00:00,2018-05-04 14:15:00+00:00,2018-05-04 15:45:00+00:00,-1,-1.0000000000000164,SL,False
S2-05,ny_or_break,GBPUSD,2018-05-04 15:45:00+00:00,2018-05-04 16:00:00+00:00,2018-05-04 16:00:00+00:00,-1,-0.13598078091985297,FRIDAY,False
S2-05,ny_or_break,GBPUSD,2018-05-04 16:00:00+00:00,2018-05-04 16:15:00+00:00,2018-05-04 16:15:00+00:00,-1,-0.01045026792140972,FRIDAY,False
S2-05,ny_or_break,GBPUSD,2018-05-04 16:15:00+00:00,2018-05-04 16:30:00+00:00,2018-05-04 16:30:00+00:00,-1,-0.12077030557074296,FRIDAY,False
S2-05,ny_or_break,GBPUSD,2018-05-04 16:30:00+00:00,2018-05-04 16:45:00+00:00,2018-05-04 16:45:00+00:00,-1,-0.6971184232944396,FRIDAY,False
S2-05,ny_or_break,GBPUSD,2018-05-08 13:30:00+00:00,2018-05-08 13:45:00+00:00,2018-05-08 13:45:00+00:00,-1,-1.0000000000000817,SL,False
S2-05,ny_or_break,GBPUSD,2018-05-08 14:15:00+00:00,2018-05-08 14:30:00+00:00,2018-05-08 14:30:00+00:00,-1,-1.0000000000000255,SL,False
S2-05,ny_or_break,GBPUSD,2018-05-10 14:00:00+00:00,2018-05-10 14:15:00+00:00,2018-05-10 15:00:00+00:00,-1,-0.9999999999999893,SL,False
S2-05,ny_or_break,GBPUSD,2018-05-10 15:15:00+00:00,2018-05-10 15:30:00+00:00,2018-05-10 17:15:00+00:00,-1,-1.0,SL,False
S2-05,ny_or_break,GBPUSD,2018-05-15 12:30:00+00:00,2018-05-15 12:45:00+00:00,2018-05-15 13:15:00+00:00,-1,1.2499999999999725,TP,False
S2-05,ny_or_break,GBPUSD,2018-05-15 13:15:00+00:00,2018-05-15 13:30:00+00:00,2018-05-15 13:45:00+00:00,-1,1.2500000000000502,TP,False
S2-05,ny_or_break,GBPUSD,2018-05-15 13:45:00+00:00,2018-05-15 14:00:00+00:00,2018-05-15 14:00:00+00:00,-1,-0.9999999999999755,SL,False
S2-05,ny_or_break,GBPUSD,2018-05-15 14:00:00+00:00,2018-05-15 14:15:00+00:00,2018-05-15 14:45:00+00:00,-1,-1.0000000000000466,SL,False
S2-05,ny_or_break,GBPUSD,2018-05-15 14:45:00+00:00,2018-05-15 15:00:00+00:00,2018-05-15 15:15:00+00:00,-1,-1.0000000000000222,SL,False
S2-05,ny_or_break,GBPUSD,2018-05-15 15:15:00+00:00,2018-05-15 15:30:00+00:00,2018-05-15 16:30:00+00:00,-1,-1.0,SL,False
S2-05,ny_or_break,GBPUSD,2018-05-16 12:45:00+00:00,2018-05-16 13:00:00+00:00,2018-05-16 13:15:00+00:00,-1,-1.0000000000000757,SL,False
S2-05,ny_or_break,GBPUSD,2018-05-18 13:15:00+00:00,2018-05-18 13:30:00+00:00,2018-05-18 13:30:00+00:00,-1,-1.0,SL,False
S2-05,ny_or_break,GBPUSD,2018-05-18 13:45:00+00:00,2018-05-18 14:00:00+00:00,2018-05-18 14:30:00+00:00,-1,-1.0000000000000737,SL,False
S2-05,ny_or_break,GBPUSD,2018-05-18 14:30:00+00:00,2018-05-18 14:45:00+00:00,2018-05-18 16:00:00+00:00,-1,-0.9024743907572852,FRIDAY,False
S2-05,ny_or_break,GBPUSD,2018-05-23 12:00:00+00:00,2018-05-23 12:15:00+00:00,2018-05-23 12:30:00+00:00,-1,-1.0000000000000668,SL,False
S2-05,ny_or_break,GBPUSD,2018-05-25 13:30:00+00:00,2018-05-25 13:45:00+00:00,2018-05-25 14:00:00+00:00,-1,-1.0000000000000675,SL,False
S2-05,ny_or_break,GBPUSD,2018-05-25 14:00:00+00:00,2018-05-25 14:15:00+00:00,2018-05-25 16:00:00+00:00,-1,-0.007123344095074837,FRIDAY,False
S2-05,ny_or_break,GBPUSD,2018-05-25 16:00:00+00:00,2018-05-25 16:15:00+00:00,2018-05-25 16:15:00+00:00,-1,0.2532160787088514,FRIDAY,False
S2-05,ny_or_break,GBPUSD,2018-05-25 16:15:00+00:00,2018-05-25 16:30:00+00:00,2018-05-25 16:30:00+00:00,-1,0.15367547752267027,FRIDAY,False
S2-05,ny_or_break,GBPUSD,2018-05-25 16:30:00+00:00,2018-05-25 16:45:00+00:00,2018-05-25 16:45:00+00:00,-1,-0.3818934299017072,FRIDAY,False
S2-05,ny_or_break,GBPUSD,2018-05-25 16:45:00+00:00,2018-05-25 17:00:00+00:00,2018-05-25 17:00:00+00:00,-1,-0.47241024530243136,FRIDAY,False
S2-05,ny_or_break,GBPUSD,2018-05-28 12:30:00+00:00,2018-05-28 12:45:00+00:00,2018-05-28 13:30:00+00:00,-1,-0.9999999999999267,SL,False
S2-05,ny_or_break,GBPUSD,2018-05-28 13:30:00+00:00,2018-05-28 13:45:00+00:00,2018-05-28 14:00:00+00:00,-1,1.2499999999999247,TP,False
S2-05,ny_or_break,GBPUSD,2018-05-28 14:00:00+00:00,2018-05-28 14:15:00+00:00,2018-05-28 15:00:00+00:00,-1,-0.9999999999998872,SL,False
S2-05,ny_or_break,GBPUSD,2018-05-28 15:15:00+00:00,2018-05-28 15:30:00+00:00,2018-05-28 19:15:00+00:00,-1,-0.7043351495538714,TIME,False
S2-05,ny_or_break,GBPUSD,2018-06-01 15:00:00+00:00,2018-06-01 15:15:00+00:00,2018-06-01 16:00:00+00:00,1,0.792838830969065,FRIDAY,False
S2-05,ny_or_break,GBPUSD,2018-06-01 16:00:00+00:00,2018-06-01 16:15:00+00:00,2018-06-01 16:15:00+00:00,1,0.10373863253620748,FRIDAY,False
S2-05,ny_or_break,GBPUSD,2018-06-01 16:15:00+00:00,2018-06-01 16:30:00+00:00,2018-06-01 16:30:00+00:00,1,-0.7275167459175185,FRIDAY,False
S2-05,ny_or_break,GBPUSD,2018-06-01 16:30:00+00:00,2018-06-01 16:45:00+00:00,2018-06-01 16:45:00+00:00,1,-0.3661417322834646,FRIDAY,False
S2-05,ny_or_break,GBPUSD,2018-06-01 16:45:00+00:00,2018-06-01 17:00:00+00:00,2018-06-01 17:00:00+00:00,1,-0.007362977247398541,FRIDAY,False
S2-05,ny_or_break,GBPUSD,2018-06-08 13:00:00+00:00,2018-06-08 13:15:00+00:00,2018-06-08 14:15:00+00:00,-1,-1.0,SL,False
S2-05,ny_or_break,GBPUSD,2018-06-08 14:30:00+00:00,2018-06-08 14:45:00+00:00,2018-06-08 14:45:00+00:00,-1,-0.9999999999999447,SL,False
S2-05,ny_or_break,GBPUSD,2018-06-14 16:00:00+00:00,2018-06-14 16:15:00+00:00,2018-06-14 16:30:00+00:00,-1,1.2499999999999702,TP,False
S2-05,ny_or_break,GBPUSD,2018-06-14 16:30:00+00:00,2018-06-14 16:45:00+00:00,2018-06-14 20:15:00+00:00,-1,1.2499999999999685,TP,False
S2-05,ny_or_break,GBPUSD,2018-06-21 16:00:00+00:00,2018-06-21 16:15:00+00:00,2018-06-21 20:00:00+00:00,1,-0.2195677865946311,TIME,False
S2-05,ny_or_break,GBPUSD,2018-06-25 12:00:00+00:00,2018-06-25 12:15:00+00:00,2018-06-25 12:45:00+00:00,1,-0.9999999999999198,SL,False
S2-05,ny_or_break,GBPUSD,2018-06-27 12:45:00+00:00,2018-06-27 13:00:00+00:00,2018-06-27 15:45:00+00:00,-1,1.2499999999999796,TP,False
S2-05,ny_or_break,GBPUSD,2018-06-27 15:45:00+00:00,2018-06-27 16:00:00+00:00,2018-06-27 19:00:00+00:00,-1,1.2500000000000258,TP,False
S2-05,ny_or_break,GBPUSD,2018-06-28 12:45:00+00:00,2018-06-28 13:00:00+00:00,2018-06-28 13:15:00+00:00,-1,-1.0000000000000666,SL,False
S2-05,ny_or_break,GBPUSD,2018-06-29 16:00:00+00:00,2018-06-29 16:15:00+00:00,2018-06-29 16:15:00+00:00,1,-0.283794932233353,FRIDAY,False
S2-05,ny_or_break,GBPUSD,2018-06-29 16:15:00+00:00,2018-06-29 16:30:00+00:00,2018-06-29 16:30:00+00:00,1,-0.10545496541723877,FRIDAY,False
S2-05,ny_or_break,GBPUSD,2018-06-29 16:30:00+00:00,2018-06-29 16:45:00+00:00,2018-06-29 16:45:00+00:00,1,-0.12410888736336273,FRIDAY,False
S2-05,ny_or_break,GBPUSD,2018-06-29 16:45:00+00:00,2018-06-29 17:00:00+00:00,2018-06-29 17:00:00+00:00,1,-0.3101356480411895,FRIDAY,False
S2-05,ny_or_break,GBPUSD,2018-07-02 16:00:00+00:00,2018-07-02 16:15:00+00:00,2018-07-02 20:00:00+00:00,-1,-1.0000000000000704,SL,False
S2-05,ny_or_break,GBPUSD,2018-07-03 12:00:00+00:00,2018-07-03 12:15:00+00:00,2018-07-03 12:30:00+00:00,1,-1.0000000000000306,SL,False
S2-05,ny_or_break,GBPUSD,2018-07-05 12:15:00+00:00,2018-07-05 12:30:00+00:00,2018-07-05 13:00:00+00:00,1,-1.0000000000000488,SL,False
S2-05,ny_or_break,GBPUSD,2018-07-06 12:30:00+00:00,2018-07-06 12:45:00+00:00,2018-07-06 12:45:00+00:00,1,-0.9999999999999416,SL,False
S2-05,ny_or_break,GBPUSD,2018-07-06 13:00:00+00:00,2018-07-06 13:15:00+00:00,2018-07-06 16:00:00+00:00,1,-0.8494679105527168,FRIDAY,False
S2-05,ny_or_break,GBPUSD,2018-07-06 16:00:00+00:00,2018-07-06 16:15:00+00:00,2018-07-06 16:15:00+00:00,1,0.5905373227042137,FRIDAY,False
S2-05,ny_or_break,GBPUSD,2018-07-06 16:15:00+00:00,2018-07-06 16:30:00+00:00,2018-07-06 16:30:00+00:00,1,0.3340048188963938,FRIDAY,False
S2-05,ny_or_break,GBPUSD,2018-07-06 16:30:00+00:00,2018-07-06 16:45:00+00:00,2018-07-06 16:45:00+00:00,1,-0.6855146798726566,FRIDAY,False
S2-05,ny_or_break,GBPUSD,2018-07-06 16:45:00+00:00,2018-07-06 17:00:00+00:00,2018-07-06 17:00:00+00:00,1,-0.19574923466926308,FRIDAY,False
S2-05,ny_or_break,GBPUSD,2018-07-11 16:15:00+00:00,2018-07-11 16:30:00+00:00,2018-07-11 17:00:00+00:00,-1,1.2500000000000853,TP,False
S2-05,ny_or_break,GBPUSD,2018-07-17 14:00:00+00:00,2018-07-17 14:15:00+00:00,2018-07-17 16:00:00+00:00,-1,1.25,TP,False
S2-05,ny_or_break,GBPUSD,2018-07-17 16:00:00+00:00,2018-07-17 16:15:00+00:00,2018-07-17 16:45:00+00:00,-1,1.24999999999998,TP,False
S2-05,ny_or_break,GBPUSD,2018-07-17 16:45:00+00:00,2018-07-17 17:00:00+00:00,2018-07-17 17:30:00+00:00,-1,1.2500000000000215,TP,False
S2-05,ny_or_break,GBPUSD,2018-07-19 12:15:00+00:00,2018-07-19 12:30:00+00:00,2018-07-19 13:30:00+00:00,-1,-1.0000000000000258,SL,False
S2-05,ny_or_break,GBPUSD,2018-07-24 13:30:00+00:00,2018-07-24 13:45:00+00:00,2018-07-24 15:45:00+00:00,1,-0.9999999999999443,SL,False
S2-05,ny_or_break,GBPUSD,2018-07-24 16:00:00+00:00,2018-07-24 16:15:00+00:00,2018-07-24 17:15:00+00:00,1,-1.0000000000000264,SL,False
S2-05,ny_or_break,GBPUSD,2018-08-02 12:15:00+00:00,2018-08-02 12:30:00+00:00,2018-08-02 12:30:00+00:00,-1,-1.0000000000000344,SL,False
S2-05,ny_or_break,GBPUSD,2018-08-06 12:15:00+00:00,2018-08-06 12:30:00+00:00,2018-08-06 13:00:00+00:00,-1,-0.9999999999999368,SL,False
S2-05,ny_or_break,GBPUSD,2018-08-07 14:00:00+00:00,2018-08-07 14:15:00+00:00,2018-08-07 15:00:00+00:00,-1,-1.0000000000000802,SL,False
S2-05,ny_or_break,GBPUSD,2018-08-07 16:00:00+00:00,2018-08-07 16:15:00+00:00,2018-08-07 17:30:00+00:00,-1,1.2499999999999596,TP,False
S2-05,ny_or_break,GBPUSD,2018-08-10 13:15:00+00:00,2018-08-10 13:30:00+00:00,2018-08-10 13:30:00+00:00,-1,-1.0000000000000446,SL,False
S2-05,ny_or_break,GBPUSD,2018-08-14 14:30:00+00:00,2018-08-14 14:45:00+00:00,2018-08-14 14:45:00+00:00,-1,1.250000000000036,TP,False
S2-05,ny_or_break,GBPUSD,2018-08-14 14:45:00+00:00,2018-08-14 15:00:00+00:00,2018-08-14 15:30:00+00:00,-1,1.25,TP,False
S2-05,ny_or_break,GBPUSD,2018-08-14 15:30:00+00:00,2018-08-14 15:45:00+00:00,2018-08-14 16:00:00+00:00,-1,1.2499999999999123,TP,False
S2-05,ny_or_break,GBPUSD,2018-08-14 16:00:00+00:00,2018-08-14 16:15:00+00:00,2018-08-14 20:00:00+00:00,-1,-0.06413731420729585,TIME,False
S2-05,ny_or_break,GBPUSD,2018-08-15 13:00:00+00:00,2018-08-15 13:15:00+00:00,2018-08-15 14:15:00+00:00,-1,-1.0000000000000515,SL,False
S2-05,ny_or_break,GBPUSD,2018-08-15 14:15:00+00:00,2018-08-15 14:30:00+00:00,2018-08-15 14:45:00+00:00,-1,1.2500000000000484,TP,False
S2-05,ny_or_break,GBPUSD,2018-08-15 14:45:00+00:00,2018-08-15 15:00:00+00:00,2018-08-15 15:00:00+00:00,-1,-0.9999999999999531,SL,False
S2-05,ny_or_break,GBPUSD,2018-08-15 15:15:00+00:00,2018-08-15 15:30:00+00:00,2018-08-15 16:30:00+00:00,-1,-0.9999999999999403,SL,False
S2-05,ny_or_break,GBPUSD,2018-08-17 15:00:00+00:00,2018-08-17 15:15:00+00:00,2018-08-17 16:00:00+00:00,1,0.08812161383766456,FRIDAY,False
S2-05,ny_or_break,GBPUSD,2018-08-17 16:00:00+00:00,2018-08-17 16:15:00+00:00,2018-08-17 16:15:00+00:00,1,-0.21296346659414378,FRIDAY,False
S2-05,ny_or_break,GBPUSD,2018-08-17 16:15:00+00:00,2018-08-17 16:30:00+00:00,2018-08-17 16:30:00+00:00,1,-1.0956980634217595,FRIDAY,False
S2-05,ny_or_break,GBPUSD,2018-08-20 13:15:00+00:00,2018-08-20 13:30:00+00:00,2018-08-20 14:00:00+00:00,1,-1.000000000000034,SL,False
S2-05,ny_or_break,GBPUSD,2018-08-20 16:00:00+00:00,2018-08-20 16:15:00+00:00,2018-08-20 16:15:00+00:00,1,1.25,TP,False
S2-05,ny_or_break,GBPUSD,2018-08-20 16:15:00+00:00,2018-08-20 16:30:00+00:00,2018-08-20 20:15:00+00:00,1,0.7993658811833302,TIME,False
S2-05,ny_or_break,GBPUSD,2018-08-21 13:15:00+00:00,2018-08-21 13:30:00+00:00,2018-08-21 13:45:00+00:00,1,1.2500000000000944,TP,False
S2-05,ny_or_break,GBPUSD,2018-08-21 13:45:00+00:00,2018-08-21 14:00:00+00:00,2018-08-21 15:00:00+00:00,1,-1.0000000000000835,SL,False
S2-05,ny_or_break,GBPUSD,2018-08-21 15:00:00+00:00,2018-08-21 15:15:00+00:00,2018-08-21 15:45:00+00:00,1,1.2500000000000815,TP,False
S2-05,ny_or_break,GBPUSD,2018-08-21 15:45:00+00:00,2018-08-21 16:00:00+00:00,2018-08-21 16:45:00+00:00,1,1.249999999999924,TP,False
S2-05,ny_or_break,GBPUSD,2018-08-21 16:45:00+00:00,2018-08-21 17:00:00+00:00,2018-08-21 17:30:00+00:00,1,1.2499999999999505,TP,False
S2-05,ny_or_break,GBPUSD,2018-08-22 12:00:00+00:00,2018-08-22 12:15:00+00:00,2018-08-22 12:45:00+00:00,1,1.2499999999999702,TP,False
S2-05,ny_or_break,GBPUSD,2018-08-22 12:45:00+00:00,2018-08-22 13:00:00+00:00,2018-08-22 13:15:00+00:00,1,-0.9999999999999704,SL,False
S2-05,ny_or_break,GBPUSD,2018-08-22 13:15:00+00:00,2018-08-22 13:30:00+00:00,2018-08-22 14:15:00+00:00,1,-1.000000000000088,SL,False
S2-05,ny_or_break,GBPUSD,2018-08-22 14:30:00+00:00,2018-08-22 14:45:00+00:00,2018-08-22 14:45:00+00:00,1,-1.0,SL,False
S2-05,ny_or_break,GBPUSD,2018-08-27 13:00:00+00:00,2018-08-27 13:15:00+00:00,2018-08-27 13:30:00+00:00,1,1.2500000000000866,TP,False
S2-05,ny_or_break,GBPUSD,2018-08-27 13:30:00+00:00,2018-08-27 13:45:00+00:00,2018-08-27 14:00:00+00:00,1,-1.0000000000000406,SL,False
S2-05,ny_or_break,GBPUSD,2018-08-27 14:00:00+00:00,2018-08-27 14:15:00+00:00,2018-08-27 14:15:00+00:00,1,1.25,TP,False
S2-05,ny_or_break,GBPUSD,2018-08-27 14:15:00+00:00,2018-08-27 14:30:00+00:00,2018-08-27 16:15:00+00:00,1,1.25,TP,False
S2-05,ny_or_break,GBPUSD,2018-08-27 16:15:00+00:00,2018-08-27 16:30:00+00:00,2018-08-27 17:45:00+00:00,1,-0.9999999999998983,SL,False
S2-05,ny_or_break,GBPUSD,2018-08-28 12:30:00+00:00,2018-08-28 12:45:00+00:00,2018-08-28 14:00:00+00:00,1,-1.0000000000000353,SL,False
S2-05,ny_or_break,GBPUSD,2018-08-29 14:00:00+00:00,2018-08-29 14:15:00+00:00,2018-08-29 14:15:00+00:00,1,1.2500000000000493,TP,False
S2-05,ny_or_break,GBPUSD,2018-08-29 14:15:00+00:00,2018-08-29 14:30:00+00:00,2018-08-29 18:15:00+00:00,1,0.7832179491250912,TIME,False
S2-05,ny_or_break,GBPUSD,2018-09-03 12:45:00+00:00,2018-09-03 13:00:00+00:00,2018-09-03 13:15:00+00:00,-1,-0.9999999999999735,SL,False
S2-05,ny_or_break,GBPUSD,2018-09-04 14:30:00+00:00,2018-09-04 14:45:00+00:00,2018-09-04 14:45:00+00:00,-1,-0.9999999999999516,SL,False
S2-05,ny_or_break,GBPUSD,2018-09-06 12:00:00+00:00,2018-09-06 12:15:00+00:00,2018-09-06 12:30:00+00:00,1,-0.999999999999926,SL,False
S2-05,ny_or_break,GBPUSD,2018-09-06 13:45:00+00:00,2018-09-06 14:00:00+00:00,2018-09-06 14:00:00+00:00,1,-0.9999999999999173,SL,False
S2-05,ny_or_break,GBPUSD,2018-09-06 14:45:00+00:00,2018-09-06 15:00:00+00:00,2018-09-06 15:00:00+00:00,1,-0.9999999999999807,SL,False
S2-05,ny_or_break,GBPUSD,2018-09-10 12:45:00+00:00,2018-09-10 13:00:00+00:00,2018-09-10 13:00:00+00:00,1,1.2500000000000595,TP,False
S2-05,ny_or_break,GBPUSD,2018-09-10 13:00:00+00:00,2018-09-10 13:15:00+00:00,2018-09-10 13:30:00+00:00,1,-0.9999999999999626,SL,False
S2-05,ny_or_break,GBPUSD,2018-09-10 13:30:00+00:00,2018-09-10 13:45:00+00:00,2018-09-10 17:30:00+00:00,1,1.1314757331854768,TIME,False
S2-05,ny_or_break,GBPUSD,2018-09-12 16:45:00+00:00,2018-09-12 17:00:00+00:00,2018-09-12 19:15:00+00:00,1,-1.0000000000000695,SL,False
S2-05,ny_or_break,GBPUSD,2018-09-13 12:30:00+00:00,2018-09-13 12:45:00+00:00,2018-09-13 13:15:00+00:00,1,1.25,TP,False
S2-05,ny_or_break,GBPUSD,2018-09-13 13:15:00+00:00,2018-09-13 13:30:00+00:00,2018-09-13 14:30:00+00:00,1,-1.0,SL,False
S2-05,ny_or_break,GBPUSD,2018-09-13 14:30:00+00:00,2018-09-13 14:45:00+00:00,2018-09-13 17:15:00+00:00,1,1.25,TP,False
S2-05,ny_or_break,GBPUSD,2018-09-17 12:00:00+00:00,2018-09-17 12:15:00+00:00,2018-09-17 12:45:00+00:00,1,1.25,TP,False
S2-05,ny_or_break,GBPUSD,2018-09-17 12:45:00+00:00,2018-09-17 13:00:00+00:00,2018-09-17 16:45:00+00:00,1,1.2499999999999474,TP,False
S2-05,ny_or_break,GBPUSD,2018-09-17 16:45:00+00:00,2018-09-17 17:00:00+00:00,2018-09-17 20:45:00+00:00,1,-0.3017752999511857,TIME,False
S2-05,ny_or_break,GBPUSD,2018-09-18 13:00:00+00:00,2018-09-18 13:15:00+00:00,2018-09-18 14:00:00+00:00,1,-1.0000000000000873,SL,False
S2-05,ny_or_break,GBPUSD,2018-09-18 14:00:00+00:00,2018-09-18 14:15:00+00:00,2018-09-18 15:00:00+00:00,1,-1.0,SL,False
S2-05,ny_or_break,GBPUSD,2018-09-18 15:30:00+00:00,2018-09-18 15:45:00+00:00,2018-09-18 16:30:00+00:00,1,-0.9999999999999499,SL,False
S2-05,ny_or_break,GBPUSD,2018-09-20 12:00:00+00:00,2018-09-20 12:15:00+00:00,2018-09-20 13:00:00+00:00,1,-0.9999999999999785,SL,False
S2-05,ny_or_break,GBPUSD,2018-09-21 15:00:00+00:00,2018-09-21 15:15:00+00:00,2018-09-21 16:00:00+00:00,-1,0.3833444113633056,FRIDAY,False
S2-05,ny_or_break,GBPUSD,2018-09-21 16:00:00+00:00,2018-09-21 16:15:00+00:00,2018-09-21 16:15:00+00:00,-1,-0.2659556740543243,FRIDAY,False
S2-05,ny_or_break,GBPUSD,2018-09-21 16:15:00+00:00,2018-09-21 16:30:00+00:00,2018-09-21 16:30:00+00:00,-1,-0.23782586779601142,FRIDAY,False
S2-05,ny_or_break,GBPUSD,2018-09-21 16:30:00+00:00,2018-09-21 16:45:00+00:00,2018-09-21 16:45:00+00:00,-1,-0.3055250805858734,FRIDAY,False
S2-05,ny_or_break,GBPUSD,2018-09-21 16:45:00+00:00,2018-09-21 17:00:00+00:00,2018-09-21 17:00:00+00:00,-1,0.23763521052662007,FRIDAY,False
S2-05,ny_or_break,GBPUSD,2018-09-26 15:45:00+00:00,2018-09-26 16:00:00+00:00,2018-09-26 18:00:00+00:00,1,1.25000000000003,TP,False
S2-05,ny_or_break,GBPUSD,2018-09-27 15:00:00+00:00,2018-09-27 15:15:00+00:00,2018-09-27 19:00:00+00:00,-1,1.25,TP,False
S2-05,ny_or_break,GBPUSD,2018-09-28 13:00:00+00:00,2018-09-28 13:15:00+00:00,2018-09-28 13:30:00+00:00,-1,1.25,TP,False
S2-05,ny_or_break,GBPUSD,2018-09-28 13:30:00+00:00,2018-09-28 13:45:00+00:00,2018-09-28 14:45:00+00:00,-1,-1.0,SL,False
S2-05,ny_or_break,GBPUSD,2018-10-01 12:15:00+00:00,2018-10-01 12:30:00+00:00,2018-10-01 12:30:00+00:00,-1,-1.0000000000000695,SL,False
S2-05,ny_or_break,GBPUSD,2018-10-05 12:45:00+00:00,2018-10-05 13:00:00+00:00,2018-10-05 13:30:00+00:00,1,1.2500000000000262,TP,False
S2-05,ny_or_break,GBPUSD,2018-10-05 13:30:00+00:00,2018-10-05 13:45:00+00:00,2018-10-05 14:15:00+00:00,1,-1.0000000000000455,SL,False
S2-05,ny_or_break,GBPUSD,2018-10-05 14:15:00+00:00,2018-10-05 14:30:00+00:00,2018-10-05 14:45:00+00:00,1,1.25,TP,False
S2-05,ny_or_break,GBPUSD,2018-10-05 14:45:00+00:00,2018-10-05 15:00:00+00:00,2018-10-05 15:30:00+00:00,1,1.2500000000000164,TP,False
S2-05,ny_or_break,GBPUSD,2018-10-05 15:30:00+00:00,2018-10-05 15:45:00+00:00,2018-10-05 16:00:00+00:00,1,-0.2993310407935586,FRIDAY,False
S2-05,ny_or_break,GBPUSD,2018-10-05 16:00:00+00:00,2018-10-05 16:15:00+00:00,2018-10-05 16:15:00+00:00,1,0.06808123349275466,FRIDAY,False
S2-05,ny_or_break,GBPUSD,2018-10-05 16:15:00+00:00,2018-10-05 16:30:00+00:00,2018-10-05 16:30:00+00:00,1,-0.12065742167437082,FRIDAY,False
S2-05,ny_or_break,GBPUSD,2018-10-05 16:30:00+00:00,2018-10-05 16:45:00+00:00,2018-10-05 16:45:00+00:00,1,-0.0980046703640382,FRIDAY,False
S2-05,ny_or_break,GBPUSD,2018-10-05 16:45:00+00:00,2018-10-05 17:00:00+00:00,2018-10-05 17:00:00+00:00,1,0.15596792313950336,FRIDAY,False
S2-05,ny_or_break,GBPUSD,2018-10-09 15:00:00+00:00,2018-10-09 15:15:00+00:00,2018-10-09 15:15:00+00:00,1,1.2500000000000684,TP,False
S2-05,ny_or_break,GBPUSD,2018-10-09 15:15:00+00:00,2018-10-09 15:30:00+00:00,2018-10-09 15:30:00+00:00,1,1.2499999999999591,TP,False
S2-05,ny_or_break,GBPUSD,2018-10-09 15:30:00+00:00,2018-10-09 15:45:00+00:00,2018-10-09 19:30:00+00:00,1,0.179751311098162,TIME,False
S2-05,ny_or_break,GBPUSD,2018-10-10 14:00:00+00:00,2018-10-10 14:15:00+00:00,2018-10-10 14:45:00+00:00,1,1.249999999999943,TP,False
S2-05,ny_or_break,GBPUSD,2018-10-10 14:45:00+00:00,2018-10-10 15:00:00+00:00,2018-10-10 18:15:00+00:00,1,1.25,TP,False
S2-05,ny_or_break,GBPUSD,2018-10-11 12:30:00+00:00,2018-10-11 12:45:00+00:00,2018-10-11 12:45:00+00:00,1,-1.0,SL,False
S2-05,ny_or_break,GBPUSD,2018-10-16 13:00:00+00:00,2018-10-16 13:15:00+00:00,2018-10-16 13:15:00+00:00,1,-0.9999999999999206,SL,False
S2-05,ny_or_break,GBPUSD,2018-10-18 14:30:00+00:00,2018-10-18 14:45:00+00:00,2018-10-18 15:00:00+00:00,-1,1.249999999999947,TP,False
S2-05,ny_or_break,GBPUSD,2018-10-18 15:00:00+00:00,2018-10-18 15:15:00+00:00,2018-10-18 15:15:00+00:00,-1,-0.9999999999999203,SL,False
S2-05,ny_or_break,GBPUSD,2018-10-18 15:15:00+00:00,2018-10-18 15:30:00+00:00,2018-10-18 15:45:00+00:00,-1,1.25,TP,False
S2-05,ny_or_break,GBPUSD,2018-10-18 15:45:00+00:00,2018-10-18 16:00:00+00:00,2018-10-18 16:45:00+00:00,-1,1.25,TP,False
S2-05,ny_or_break,GBPUSD,2018-10-18 16:45:00+00:00,2018-10-18 17:00:00+00:00,2018-10-18 17:30:00+00:00,-1,1.2500000000000728,TP,False
S2-05,ny_or_break,GBPUSD,2018-10-22 12:00:00+00:00,2018-10-22 12:15:00+00:00,2018-10-22 12:30:00+00:00,-1,1.2499999999999447,TP,False
S2-05,ny_or_break,GBPUSD,2018-10-22 12:30:00+00:00,2018-10-22 12:45:00+00:00,2018-10-22 13:00:00+00:00,-1,1.250000000000081,TP,False
S2-05,ny_or_break,GBPUSD,2018-10-22 13:00:00+00:00,2018-10-22 13:15:00+00:00,2018-10-22 13:30:00+00:00,-1,-0.9999999999999263,SL,False
S2-05,ny_or_break,GBPUSD,2018-10-22 13:30:00+00:00,2018-10-22 13:45:00+00:00,2018-10-22 14:45:00+00:00,-1,-1.0,SL,False
S2-05,ny_or_break,GBPUSD,2018-10-22 14:45:00+00:00,2018-10-22 15:00:00+00:00,2018-10-22 18:45:00+00:00,-1,0.04075160732163215,TIME,False
S2-05,ny_or_break,GBPUSD,2018-10-24 15:30:00+00:00,2018-10-24 15:45:00+00:00,2018-10-24 16:45:00+00:00,-1,1.2499999999999736,TP,False
S2-05,ny_or_break,GBPUSD,2018-10-24 16:45:00+00:00,2018-10-24 17:00:00+00:00,2018-10-24 17:00:00+00:00,-1,1.25000000000003,TP,False
S2-05,ny_or_break,GBPUSD,2018-10-25 14:00:00+00:00,2018-10-25 14:15:00+00:00,2018-10-25 14:45:00+00:00,-1,1.2499999999999536,TP,False
S2-05,ny_or_break,GBPUSD,2018-10-25 14:45:00+00:00,2018-10-25 15:00:00+00:00,2018-10-25 16:30:00+00:00,-1,-1.0000000000000642,SL,False
S2-05,ny_or_break,GBPUSD,2018-10-25 16:30:00+00:00,2018-10-25 16:45:00+00:00,2018-10-25 19:00:00+00:00,-1,1.2499999999999762,TP,False
S2-05,ny_or_break,GBPUSD,2018-10-29 16:00:00+00:00,2018-10-29 16:15:00+00:00,2018-10-29 20:00:00+00:00,-1,-0.008611157893195281,TIME,False
S2-05,ny_or_break,GBPUSD,2018-10-30 16:15:00+00:00,2018-10-30 16:30:00+00:00,2018-10-30 16:30:00+00:00,-1,1.2499999999999383,TP,False
S2-05,ny_or_break,GBPUSD,2018-10-30 16:30:00+00:00,2018-10-30 16:45:00+00:00,2018-10-30 16:45:00+00:00,-1,1.2500000000000289,TP,False
S2-05,ny_or_break,GBPUSD,2018-10-30 16:45:00+00:00,2018-10-30 17:00:00+00:00,2018-10-30 17:15:00+00:00,-1,-1.000000000000055,SL,False
S2-05,ny_or_break,GBPUSD,2018-11-01 12:15:00+00:00,2018-11-01 12:30:00+00:00,2018-11-01 12:30:00+00:00,1,-1.0000000000000138,SL,False
S2-05,ny_or_break,GBPUSD,2018-11-01 13:00:00+00:00,2018-11-01 13:15:00+00:00,2018-11-01 14:45:00+00:00,1,1.2499999999999565,TP,False
S2-05,ny_or_break,GBPUSD,2018-11-01 14:45:00+00:00,2018-11-01 15:00:00+00:00,2018-11-01 15:45:00+00:00,1,1.2500000000000382,TP,False
S2-05,ny_or_break,GBPUSD,2018-11-01 15:45:00+00:00,2018-11-01 16:00:00+00:00,2018-11-01 16:45:00+00:00,1,1.2500000000000224,TP,False
S2-05,ny_or_break,GBPUSD,2018-11-01 16:45:00+00:00,2018-11-01 17:00:00+00:00,2018-11-01 18:30:00+00:00,1,1.250000000000066,TP,False
S2-05,ny_or_break,GBPUSD,2018-11-05 15:00:00+00:00,2018-11-05 15:15:00+00:00,2018-11-05 15:30:00+00:00,1,-1.0,SL,False
S2-05,ny_or_break,GBPUSD,2018-11-06 13:00:00+00:00,2018-11-06 13:15:00+00:00,2018-11-06 13:30:00+00:00,1,-0.999999999999979,SL,False
S2-05,ny_or_break,GBPUSD,2018-11-09 16:30:00+00:00,2018-11-09 16:45:00+00:00,2018-11-09 16:45:00+00:00,-1,-0.006457387283998748,FRIDAY,False
S2-05,ny_or_break,GBPUSD,2018-11-09 16:45:00+00:00,2018-11-09 17:00:00+00:00,2018-11-09 17:00:00+00:00,-1,-0.1487091146248975,FRIDAY,False
S2-05,ny_or_break,GBPUSD,2018-11-14 16:00:00+00:00,2018-11-14 16:15:00+00:00,2018-11-14 17:15:00+00:00,1,-0.9999999999999865,SL,False
S2-05,ny_or_break,GBPUSD,2018-11-15 16:45:00+00:00,2018-11-15 17:00:00+00:00,2018-11-15 17:00:00+00:00,-1,-1.000000000000012,SL,False
S2-05,ny_or_break,GBPUSD,2018-11-20 16:15:00+00:00,2018-11-20 16:30:00+00:00,2018-11-20 17:45:00+00:00,-1,1.2500000000000704,TP,False
S2-05,ny_or_break,GBPUSD,2018-11-27 16:45:00+00:00,2018-11-27 17:00:00+00:00,2018-11-27 18:30:00+00:00,-1,-0.9999999999999345,SL,False
S2-05,ny_or_break,GBPUSD,2018-11-30 14:45:00+00:00,2018-11-30 15:00:00+00:00,2018-11-30 15:15:00+00:00,-1,-1.000000000000083,SL,False
S2-05,ny_or_break,GBPUSD,2018-12-03 13:45:00+00:00,2018-12-03 14:00:00+00:00,2018-12-03 14:00:00+00:00,-1,-1.0000000000000495,SL,False
S2-05,ny_or_break,GBPUSD,2018-12-06 15:00:00+00:00,2018-12-06 15:15:00+00:00,2018-12-06 15:30:00+00:00,1,-1.0000000000000449,SL,False
S2-05,ny_or_break,GBPUSD,2018-12-06 15:30:00+00:00,2018-12-06 15:45:00+00:00,2018-12-06 16:30:00+00:00,1,-0.9999999999999798,SL,False
S2-05,ny_or_break,GBPUSD,2018-12-06 16:30:00+00:00,2018-12-06 16:45:00+00:00,2018-12-06 17:15:00+00:00,1,1.2499999999999412,TP,False
S2-05,ny_or_break,GBPUSD,2018-12-10 13:15:00+00:00,2018-12-10 13:30:00+00:00,2018-12-10 15:45:00+00:00,-1,1.2499999999999551,TP,False
S2-05,ny_or_break,GBPUSD,2018-12-10 15:45:00+00:00,2018-12-10 16:00:00+00:00,2018-12-10 16:45:00+00:00,-1,-1.0000000000000258,SL,False
S2-05,ny_or_break,GBPUSD,2018-12-10 16:45:00+00:00,2018-12-10 17:00:00+00:00,2018-12-10 20:45:00+00:00,-1,-0.17649787651094415,TIME,False
S2-05,ny_or_break,GBPUSD,2018-12-11 15:15:00+00:00,2018-12-11 15:30:00+00:00,2018-12-11 15:45:00+00:00,-1,1.249999999999957,TP,False
S2-05,ny_or_break,GBPUSD,2018-12-11 15:45:00+00:00,2018-12-11 16:00:00+00:00,2018-12-11 16:00:00+00:00,-1,-0.9999999999999808,SL,True
S2-05,ny_or_break,GBPUSD,2018-12-11 16:00:00+00:00,2018-12-11 16:15:00+00:00,2018-12-11 16:45:00+00:00,-1,1.2500000000000167,TP,False
S2-05,ny_or_break,GBPUSD,2018-12-11 16:45:00+00:00,2018-12-11 17:00:00+00:00,2018-12-11 20:45:00+00:00,-1,1.2500000000000435,TP,False
S2-05,ny_or_break,GBPUSD,2018-12-14 13:30:00+00:00,2018-12-14 13:45:00+00:00,2018-12-14 13:45:00+00:00,-1,1.25,TP,False
S2-05,ny_or_break,GBPUSD,2018-12-14 13:45:00+00:00,2018-12-14 14:00:00+00:00,2018-12-14 14:30:00+00:00,-1,-0.9999999999999764,SL,False
S2-05,ny_or_break,GBPUSD,2018-12-14 14:30:00+00:00,2018-12-14 14:45:00+00:00,2018-12-14 16:00:00+00:00,-1,-1.127480338489513,FRIDAY,False
S2-05,ny_or_break,GBPUSD,2018-12-24 14:00:00+00:00,2018-12-24 14:15:00+00:00,2018-12-24 14:15:00+00:00,1,1.25,TP,False
S2-05,ny_or_break,GBPUSD,2018-12-24 14:15:00+00:00,2018-12-24 14:30:00+00:00,2018-12-24 15:15:00+00:00,1,-0.9999999999999302,SL,False
S2-05,ny_or_break,GBPUSD,2018-12-24 15:15:00+00:00,2018-12-24 15:30:00+00:00,2018-12-24 15:30:00+00:00,1,-1.0000000000000215,SL,False
S2-05,ny_or_break,GBPUSD,2018-12-24 15:30:00+00:00,2018-12-24 15:45:00+00:00,2018-12-24 16:45:00+00:00,1,1.2500000000000213,TP,False
S2-05,ny_or_break,GBPUSD,2018-12-24 16:45:00+00:00,2018-12-24 17:00:00+00:00,2018-12-24 17:15:00+00:00,1,-1.000000000000045,SL,False
S2-05,ny_or_break,GBPUSD,2018-12-28 12:15:00+00:00,2018-12-28 12:30:00+00:00,2018-12-28 12:45:00+00:00,1,-1.0000000000000622,SL,False
S2-05,ny_or_break,GBPUSD,2018-12-31 12:15:00+00:00,2018-12-31 12:30:00+00:00,2018-12-31 12:30:00+00:00,1,1.2500000000000533,TP,False
S2-05,ny_or_break,GBPUSD,2018-12-31 12:30:00+00:00,2018-12-31 12:45:00+00:00,2018-12-31 13:15:00+00:00,1,1.249999999999975,TP,False
S2-05,ny_or_break,GBPUSD,2018-12-31 13:15:00+00:00,2018-12-31 13:30:00+00:00,2018-12-31 13:30:00+00:00,1,-1.0000000000000488,SL,False
S2-05,ny_or_break,GBPUSD,2018-12-31 13:30:00+00:00,2018-12-31 13:45:00+00:00,2018-12-31 13:45:00+00:00,1,-1.0000000000000486,SL,False
S2-05,ny_or_break,GBPUSD,2018-12-31 13:45:00+00:00,2018-12-31 14:00:00+00:00,2018-12-31 15:15:00+00:00,1,1.2499999999999536,TP,False
S2-05,ny_or_break,GBPUSD,2018-12-31 15:15:00+00:00,2018-12-31 15:30:00+00:00,2018-12-31 15:30:00+00:00,1,-0.9999999999999238,SL,False
S2-05,ny_or_break,GBPUSD,2018-12-31 15:30:00+00:00,2018-12-31 15:45:00+00:00,2018-12-31 15:45:00+00:00,1,-1.0,SL,False
S2-05,ny_or_break,GBPUSD,2019-01-02 14:00:00+00:00,2019-01-02 14:15:00+00:00,2019-01-02 15:45:00+00:00,-1,1.250000000000071,TP,False
S2-05,ny_or_break,GBPUSD,2019-01-02 15:45:00+00:00,2019-01-02 16:00:00+00:00,2019-01-02 19:45:00+00:00,-1,-0.845168378838653,TIME,False
S2-05,ny_or_break,GBPUSD,2019-01-04 16:00:00+00:00,2019-01-04 16:15:00+00:00,2019-01-04 16:15:00+00:00,1,-0.5296168803046741,FRIDAY,False
S2-05,ny_or_break,GBPUSD,2019-01-04 16:15:00+00:00,2019-01-04 16:30:00+00:00,2019-01-04 16:30:00+00:00,1,0.7991248885654115,FRIDAY,False
S2-05,ny_or_break,GBPUSD,2019-01-04 16:30:00+00:00,2019-01-04 16:45:00+00:00,2019-01-04 16:45:00+00:00,1,0.3258989605481711,FRIDAY,False
S2-05,ny_or_break,GBPUSD,2019-01-04 16:45:00+00:00,2019-01-04 17:00:00+00:00,2019-01-04 17:00:00+00:00,1,-0.2769774958833933,FRIDAY,False
S2-05,ny_or_break,GBPUSD,2019-01-07 13:30:00+00:00,2019-01-07 13:45:00+00:00,2019-01-07 14:45:00+00:00,1,1.2500000000001055,TP,False
S2-05,ny_or_break,GBPUSD,2019-01-07 14:45:00+00:00,2019-01-07 15:00:00+00:00,2019-01-07 15:30:00+00:00,1,-1.0,SL,False
S2-05,ny_or_break,GBPUSD,2019-01-07 15:30:00+00:00,2019-01-07 15:45:00+00:00,2019-01-07 15:45:00+00:00,1,-1.000000000000033,SL,False
S2-05,ny_or_break,GBPUSD,2019-01-07 15:45:00+00:00,2019-01-07 16:00:00+00:00,2019-01-07 16:00:00+00:00,1,-0.999999999999937,SL,False
S2-05,ny_or_break,GBPUSD,2019-01-09 15:00:00+00:00,2019-01-09 15:15:00+00:00,2019-01-09 15:30:00+00:00,1,-1.000000000000067,SL,False
S2-05,ny_or_break,GBPUSD,2019-01-14 15:45:00+00:00,2019-01-14 16:00:00+00:00,2019-01-14 16:00:00+00:00,1,-1.0,SL,False
S2-05,ny_or_break,GBPUSD,2019-01-14 16:00:00+00:00,2019-01-14 16:15:00+00:00,2019-01-14 17:00:00+00:00,1,-0.9999999999999668,SL,False
S2-05,ny_or_break,GBPUSD,2019-01-17 13:00:00+00:00,2019-01-17 13:15:00+00:00,2019-01-17 13:30:00+00:00,1,-0.9999999999999796,SL,False
S2-05,ny_or_break,GBPUSD,2019-01-17 13:45:00+00:00,2019-01-17 14:00:00+00:00,2019-01-17 15:30:00+00:00,1,-0.9999999999999808,SL,False
S2-05,ny_or_break,GBPUSD,2019-01-17 16:00:00+00:00,2019-01-17 16:15:00+00:00,2019-01-17 16:15:00+00:00,1,1.249999999999959,TP,False
S2-05,ny_or_break,GBPUSD,2019-01-17 16:15:00+00:00,2019-01-17 16:30:00+00:00,2019-01-17 17:15:00+00:00,1,1.2500000000000375,TP,False
S2-05,ny_or_break,GBPUSD,2019-01-22 14:45:00+00:00,2019-01-22 15:00:00+00:00,2019-01-22 15:00:00+00:00,1,1.25,TP,False
S2-05,ny_or_break,GBPUSD,2019-01-22 15:00:00+00:00,2019-01-22 15:15:00+00:00,2019-01-22 15:45:00+00:00,1,1.2500000000000542,TP,False
S2-05,ny_or_break,GBPUSD,2019-01-22 15:45:00+00:00,2019-01-22 16:00:00+00:00,2019-01-22 19:00:00+00:00,1,1.2499999999999507,TP,False
S2-05,ny_or_break,GBPUSD,2019-01-23 12:15:00+00:00,2019-01-23 12:30:00+00:00,2019-01-23 13:30:00+00:00,1,-1.0,SL,False
S2-05,ny_or_break,GBPUSD,2019-01-23 14:15:00+00:00,2019-01-23 14:30:00+00:00,2019-01-23 15:00:00+00:00,1,1.2500000000000644,TP,False
S2-05,ny_or_break,GBPUSD,2019-01-23 15:00:00+00:00,2019-01-23 15:15:00+00:00,2019-01-23 15:30:00+00:00,1,1.250000000000047,TP,False
S2-05,ny_or_break,GBPUSD,2019-01-23 15:30:00+00:00,2019-01-23 15:45:00+00:00,2019-01-23 15:45:00+00:00,1,-1.0000000000000686,SL,False
S2-05,ny_or_break,GBPUSD,2019-01-23 15:45:00+00:00,2019-01-23 16:00:00+00:00,2019-01-23 19:45:00+00:00,1,-0.21824523970775972,TIME,False
S2-05,ny_or_break,GBPUSD,2019-01-25 14:30:00+00:00,2019-01-25 14:45:00+00:00,2019-01-25 15:15:00+00:00,1,1.2500000000000193,TP,False
S2-05,ny_or_break,GBPUSD,2019-01-25 15:15:00+00:00,2019-01-25 15:30:00+00:00,2019-01-25 16:00:00+00:00,1,0.5373972195621306,FRIDAY,False
S2-05,ny_or_break,GBPUSD,2019-01-25 16:00:00+00:00,2019-01-25 16:15:00+00:00,2019-01-25 16:15:00+00:00,1,0.24593983715714424,FRIDAY,False
S2-05,ny_or_break,GBPUSD,2019-01-25 16:15:00+00:00,2019-01-25 16:30:00+00:00,2019-01-25 16:30:00+00:00,1,-0.7048283420459784,FRIDAY,False
S2-05,ny_or_break,GBPUSD,2019-01-25 16:30:00+00:00,2019-01-25 16:45:00+00:00,2019-01-25 16:45:00+00:00,1,0.6844311846007985,FRIDAY,False
S2-05,ny_or_break,GBPUSD,2019-01-25 16:45:00+00:00,2019-01-25 17:00:00+00:00,2019-01-25 17:00:00+00:00,1,-0.5932208601083151,FRIDAY,False
S2-05,ny_or_break,GBPUSD,2019-01-29 13:30:00+00:00,2019-01-29 13:45:00+00:00,2019-01-29 14:00:00+00:00,1,1.2499999999999774,TP,False
S2-05,ny_or_break,GBPUSD,2019-01-29 14:00:00+00:00,2019-01-29 14:15:00+00:00,2019-01-29 14:15:00+00:00,1,-0.9999999999999567,SL,False
S2-05,ny_or_break,GBPUSD,2019-01-29 14:15:00+00:00,2019-01-29 14:30:00+00:00,2019-01-29 14:30:00+00:00,1,-0.9999999999999362,SL,False
S2-05,ny_or_break,GBPUSD,2019-01-29 15:00:00+00:00,2019-01-29 15:15:00+00:00,2019-01-29 15:45:00+00:00,1,-0.9999999999999593,SL,False
S2-05,ny_or_break,GBPUSD,2019-01-30 15:15:00+00:00,2019-01-30 15:30:00+00:00,2019-01-30 15:30:00+00:00,-1,-0.9999999999999406,SL,False
S2-05,ny_or_break,GBPUSD,2019-01-30 16:45:00+00:00,2019-01-30 17:00:00+00:00,2019-01-30 19:00:00+00:00,-1,-1.0000000000000293,SL,False
S2-05,ny_or_break,GBPUSD,2019-02-05 13:45:00+00:00,2019-02-05 14:00:00+00:00,2019-02-05 14:00:00+00:00,-1,1.2499999999999016,TP,False
S2-05,ny_or_break,GBPUSD,2019-02-05 14:00:00+00:00,2019-02-05 14:15:00+00:00,2019-02-05 15:00:00+00:00,-1,1.2500000000000282,TP,False
S2-05,ny_or_break,GBPUSD,2019-02-05 15:00:00+00:00,2019-02-05 15:15:00+00:00,2019-02-05 16:00:00+00:00,-1,1.2499999999999258,TP,False
S2-05,ny_or_break,GBPUSD,2019-02-05 16:00:00+00:00,2019-02-05 16:15:00+00:00,2019-02-05 16:30:00+00:00,-1,-0.9999999999999786,SL,False
S2-05,ny_or_break,GBPUSD,2019-02-05 16:30:00+00:00,2019-02-05 16:45:00+00:00,2019-02-05 20:30:00+00:00,-1,-0.6571212270827163,TIME,False
S2-05,ny_or_break,GBPUSD,2019-02-07 12:00:00+00:00,2019-02-07 12:15:00+00:00,2019-02-07 12:15:00+00:00,-1,-0.9999999999999188,SL,False
S2-05,ny_or_break,GBPUSD,2019-02-07 12:15:00+00:00,2019-02-07 12:30:00+00:00,2019-02-07 12:30:00+00:00,-1,-0.9999999999999245,SL,False
S2-05,ny_or_break,GBPUSD,2019-02-11 13:45:00+00:00,2019-02-11 14:00:00+00:00,2019-02-11 14:15:00+00:00,-1,1.2500000000000255,TP,False
S2-05,ny_or_break,GBPUSD,2019-02-11 14:15:00+00:00,2019-02-11 14:30:00+00:00,2019-02-11 17:00:00+00:00,-1,1.2499999999999525,TP,False
S2-05,ny_or_break,GBPUSD,2019-02-14 14:15:00+00:00,2019-02-14 14:30:00+00:00,2019-02-14 17:15:00+00:00,-1,-1.0000000000000575,SL,False
S2-05,ny_or_break,GBPUSD,2019-02-19 12:45:00+00:00,2019-02-19 13:00:00+00:00,2019-02-19 14:15:00+00:00,1,1.2500000000000253,TP,False
S2-05,ny_or_break,GBPUSD,2019-02-19 14:15:00+00:00,2019-02-19 14:30:00+00:00,2019-02-19 14:45:00+00:00,1,1.2500000000000462,TP,False
S2-05,ny_or_break,GBPUSD,2019-02-19 14:45:00+00:00,2019-02-19 15:00:00+00:00,2019-02-19 15:45:00+00:00,1,1.250000000000069,TP,False
S2-05,ny_or_break,GBPUSD,2019-02-19 15:45:00+00:00,2019-02-19 16:00:00+00:00,2019-02-19 17:15:00+00:00,1,1.250000000000019,TP,False
S2-05,ny_or_break,GBPUSD,2019-02-20 16:00:00+00:00,2019-02-20 16:15:00+00:00,2019-02-20 16:30:00+00:00,1,-0.9999999999999765,SL,False
S2-05,ny_or_break,GBPUSD,2019-02-20 16:30:00+00:00,2019-02-20 16:45:00+00:00,2019-02-20 17:00:00+00:00,1,-1.0000000000000449,SL,False
S2-05,ny_or_break,GBPUSD,2019-02-21 13:30:00+00:00,2019-02-21 13:45:00+00:00,2019-02-21 14:15:00+00:00,1,-1.0,SL,False
S2-05,ny_or_break,GBPUSD,2019-02-22 13:00:00+00:00,2019-02-22 13:15:00+00:00,2019-02-22 13:15:00+00:00,-1,-1.000000000000065,SL,False
S2-05,ny_or_break,GBPUSD,2019-02-22 13:15:00+00:00,2019-02-22 13:30:00+00:00,2019-02-22 14:00:00+00:00,-1,-1.0,SL,False
S2-05,ny_or_break,GBPUSD,2019-02-22 14:00:00+00:00,2019-02-22 14:15:00+00:00,2019-02-22 14:30:00+00:00,-1,-1.000000000000053,SL,False
S2-05,ny_or_break,GBPUSD,2019-02-26 15:45:00+00:00,2019-02-26 16:00:00+00:00,2019-02-26 16:00:00+00:00,1,1.249999999999973,TP,False
S2-05,ny_or_break,GBPUSD,2019-02-26 16:00:00+00:00,2019-02-26 16:15:00+00:00,2019-02-26 16:15:00+00:00,1,-0.9999999999999609,SL,False
S2-05,ny_or_break,GBPUSD,2019-02-26 16:15:00+00:00,2019-02-26 16:30:00+00:00,2019-02-26 19:30:00+00:00,1,1.25,TP,False
S2-05,ny_or_break,GBPUSD,2019-02-27 15:30:00+00:00,2019-02-27 15:45:00+00:00,2019-02-27 15:45:00+00:00,1,-1.0000000000000593,SL,False
S2-05,ny_or_break,GBPUSD,2019-03-04 14:30:00+00:00,2019-03-04 14:45:00+00:00,2019-03-04 15:15:00+00:00,-1,-0.9999999999999504,SL,False
S2-05,ny_or_break,GBPUSD,2019-03-04 15:15:00+00:00,2019-03-04 15:30:00+00:00,2019-03-04 19:15:00+00:00,-1,1.094123625481699,TIME,False
S2-05,ny_or_break,GBPUSD,2019-03-05 12:30:00+00:00,2019-03-05 12:45:00+00:00,2019-03-05 12:45:00+00:00,-1,1.2500000000000666,TP,False
S2-05,ny_or_break,GBPUSD,2019-03-05 12:45:00+00:00,2019-03-05 13:00:00+00:00,2019-03-05 13:00:00+00:00,-1,1.250000000000061,TP,False
S2-05,ny_or_break,GBPUSD,2019-03-05 13:00:00+00:00,2019-03-05 13:15:00+00:00,2019-03-05 14:30:00+00:00,-1,-0.9999999999999796,SL,False
S2-05,ny_or_break,GBPUSD,2019-03-05 14:30:00+00:00,2019-03-05 14:45:00+00:00,2019-03-05 15:15:00+00:00,-1,1.2500000000000562,TP,False
S2-05,ny_or_break,GBPUSD,2019-03-05 15:15:00+00:00,2019-03-05 15:30:00+00:00,2019-03-05 15:45:00+00:00,-1,-1.000000000000035,SL,False
S2-05,ny_or_break,GBPUSD,2019-03-05 15:45:00+00:00,2019-03-05 16:00:00+00:00,2019-03-05 16:00:00+00:00,-1,-0.9999999999999657,SL,False
S2-05,ny_or_break,GBPUSD,2019-03-05 16:15:00+00:00,2019-03-05 16:30:00+00:00,2019-03-05 18:00:00+00:00,-1,-1.0,SL,False
S2-05,ny_or_break,GBPUSD,2019-03-07 12:30:00+00:00,2019-03-07 12:45:00+00:00,2019-03-07 12:45:00+00:00,-1,-0.9999999999999212,SL,False
S2-05,ny_or_break,GBPUSD,2019-03-07 12:45:00+00:00,2019-03-07 13:00:00+00:00,2019-03-07 13:15:00+00:00,-1,-1.0000000000000249,SL,False
S2-05,ny_or_break,GBPUSD,2019-03-07 13:15:00+00:00,2019-03-07 13:30:00+00:00,2019-03-07 13:45:00+00:00,-1,1.2500000000000258,TP,False
S2-05,ny_or_break,GBPUSD,2019-03-07 13:45:00+00:00,2019-03-07 14:00:00+00:00,2019-03-07 14:30:00+00:00,-1,1.2500000000000238,TP,False
S2-05,ny_or_break,GBPUSD,2019-03-07 14:30:00+00:00,2019-03-07 14:45:00+00:00,2019-03-07 15:45:00+00:00,-1,-1.0000000000000213,SL,False
S2-05,ny_or_break,GBPUSD,2019-03-07 15:45:00+00:00,2019-03-07 16:00:00+00:00,2019-03-07 16:00:00+00:00,-1,1.2499999999999605,TP,False
S2-05,ny_or_break,GBPUSD,2019-03-07 16:00:00+00:00,2019-03-07 16:15:00+00:00,2019-03-07 17:30:00+00:00,-1,-1.0,SL,False
S2-05,ny_or_break,GBPUSD,2019-03-08 12:00:00+00:00,2019-03-08 12:15:00+00:00,2019-03-08 12:15:00+00:00,-1,1.250000000000064,TP,False
S2-05,ny_or_break,GBPUSD,2019-03-08 12:15:00+00:00,2019-03-08 12:30:00+00:00,2019-03-08 12:45:00+00:00,-1,-1.0000000000000921,SL,False
S2-05,ny_or_break,GBPUSD,2019-03-08 13:00:00+00:00,2019-03-08 13:15:00+00:00,2019-03-08 13:15:00+00:00,-1,-0.9999999999999436,SL,False
S2-05,ny_or_break,GBPUSD,2019-03-08 14:00:00+00:00,2019-03-08 14:15:00+00:00,2019-03-08 15:15:00+00:00,-1,1.2500000000000662,TP,False
S2-05,ny_or_break,GBPUSD,2019-03-08 15:15:00+00:00,2019-03-08 15:30:00+00:00,2019-03-08 15:30:00+00:00,-1,1.2499999999999614,TP,False
S2-05,ny_or_break,GBPUSD,2019-03-08 15:30:00+00:00,2019-03-08 15:45:00+00:00,2019-03-08 15:45:00+00:00,-1,-1.0000000000000178,SL,False
S2-05,ny_or_break,GBPUSD,2019-03-08 15:45:00+00:00,2019-03-08 16:00:00+00:00,2019-03-08 16:00:00+00:00,-1,-0.6455820214635605,FRIDAY,False
S2-05,ny_or_break,GBPUSD,2019-03-08 16:00:00+00:00,2019-03-08 16:15:00+00:00,2019-03-08 16:15:00+00:00,-1,-0.872433693903939,FRIDAY,False
S2-05,ny_or_break,GBPUSD,2019-03-08 16:15:00+00:00,2019-03-08 16:30:00+00:00,2019-03-08 16:30:00+00:00,-1,0.5721761527402067,FRIDAY,False
S2-05,ny_or_break,GBPUSD,2019-03-08 16:30:00+00:00,2019-03-08 16:45:00+00:00,2019-03-08 16:45:00+00:00,-1,0.45988470690530636,FRIDAY,False
S2-05,ny_or_break,GBPUSD,2019-03-08 16:45:00+00:00,2019-03-08 17:00:00+00:00,2019-03-08 17:00:00+00:00,-1,0.18132133745132267,FRIDAY,False
S2-05,ny_or_break,GBPUSD,2019-03-13 13:30:00+00:00,2019-03-13 13:45:00+00:00,2019-03-13 15:00:00+00:00,1,1.2500000000000482,TP,False
S2-05,ny_or_break,GBPUSD,2019-03-13 15:00:00+00:00,2019-03-13 15:15:00+00:00,2019-03-13 15:15:00+00:00,1,1.2499999999999292,TP,False
S2-05,ny_or_break,GBPUSD,2019-03-13 15:15:00+00:00,2019-03-13 15:30:00+00:00,2019-03-13 15:30:00+00:00,1,-0.9999999999999548,SL,False
S2-05,ny_or_break,GBPUSD,2019-03-13 15:30:00+00:00,2019-03-13 15:45:00+00:00,2019-03-13 18:45:00+00:00,1,1.2499999999999372,TP,False
S2-05,ny_or_break,GBPUSD,2019-03-15 15:45:00+00:00,2019-03-15 16:00:00+00:00,2019-03-15 16:00:00+00:00,1,0.2996804024741466,FRIDAY,False
S2-05,ny_or_break,GBPUSD,2019-03-15 16:00:00+00:00,2019-03-15 16:15:00+00:00,2019-03-15 16:15:00+00:00,1,0.45807229485330625,FRIDAY,False
S2-05,ny_or_break,GBPUSD,2019-03-15 16:15:00+00:00,2019-03-15 16:30:00+00:00,2019-03-15 16:30:00+00:00,1,0.16939881251190084,FRIDAY,False
S2-05,ny_or_break,GBPUSD,2019-03-15 16:30:00+00:00,2019-03-15 16:45:00+00:00,2019-03-15 16:45:00+00:00,1,-0.27588419279813936,FRIDAY,False
S2-05,ny_or_break,GBPUSD,2019-03-15 16:45:00+00:00,2019-03-15 17:00:00+00:00,2019-03-15 17:00:00+00:00,1,0.049932253027347905,FRIDAY,False
S2-05,ny_or_break,GBPUSD,2019-03-20 12:15:00+00:00,2019-03-20 12:30:00+00:00,2019-03-20 12:45:00+00:00,-1,1.2499999999999583,TP,False
S2-05,ny_or_break,GBPUSD,2019-03-20 12:45:00+00:00,2019-03-20 13:00:00+00:00,2019-03-20 13:15:00+00:00,-1,-1.0,SL,False
S2-05,ny_or_break,GBPUSD,2019-03-20 13:15:00+00:00,2019-03-20 13:30:00+00:00,2019-03-20 14:15:00+00:00,-1,-0.9999999999999827,SL,False
S2-05,ny_or_break,GBPUSD,2019-03-20 14:15:00+00:00,2019-03-20 14:30:00+00:00,2019-03-20 14:30:00+00:00,-1,1.2500000000000155,TP,False
S2-05,ny_or_break,GBPUSD,2019-03-20 14:30:00+00:00,2019-03-20 14:45:00+00:00,2019-03-20 15:00:00+00:00,-1,-1.0000000000000426,SL,False
S2-05,ny_or_break,GBPUSD,2019-03-20 15:15:00+00:00,2019-03-20 15:30:00+00:00,2019-03-20 17:45:00+00:00,-1,1.2500000000000375,TP,False
S2-05,ny_or_break,GBPUSD,2019-03-21 15:00:00+00:00,2019-03-21 15:15:00+00:00,2019-03-21 16:15:00+00:00,-1,1.2500000000000429,TP,False
S2-05,ny_or_break,GBPUSD,2019-03-21 16:15:00+00:00,2019-03-21 16:30:00+00:00,2019-03-21 16:45:00+00:00,-1,-1.0000000000000129,SL,False
S2-05,ny_or_break,GBPUSD,2019-03-21 16:45:00+00:00,2019-03-21 17:00:00+00:00,2019-03-21 18:15:00+00:00,-1,-1.0000000000000362,SL,False
S2-05,ny_or_break,GBPUSD,2019-03-25 12:00:00+00:00,2019-03-25 12:15:00+00:00,2019-03-25 12:15:00+00:00,1,-1.0000000000000375,SL,True
S2-05,ny_or_break,GBPUSD,2019-03-25 12:15:00+00:00,2019-03-25 12:30:00+00:00,2019-03-25 12:45:00+00:00,1,-0.999999999999948,SL,False
S2-05,ny_or_break,GBPUSD,2019-03-25 12:45:00+00:00,2019-03-25 13:00:00+00:00,2019-03-25 13:00:00+00:00,1,-0.9999999999999484,SL,False
S2-05,ny_or_break,GBPUSD,2019-03-25 13:00:00+00:00,2019-03-25 13:15:00+00:00,2019-03-25 14:00:00+00:00,1,-1.0000000000000302,SL,False
S2-05,ny_or_break,GBPUSD,2019-03-25 14:30:00+00:00,2019-03-25 14:45:00+00:00,2019-03-25 15:45:00+00:00,1,-0.9999999999999616,SL,False
S2-05,ny_or_break,GBPUSD,2019-03-26 12:00:00+00:00,2019-03-26 12:15:00+00:00,2019-03-26 12:30:00+00:00,1,-1.0,SL,False
S2-05,ny_or_break,GBPUSD,2019-03-27 12:30:00+00:00,2019-03-27 12:45:00+00:00,2019-03-27 13:15:00+00:00,1,-1.0000000000000728,SL,False
S2-05,ny_or_break,GBPUSD,2019-03-28 13:30:00+00:00,2019-03-28 13:45:00+00:00,2019-03-28 16:30:00+00:00,-1,1.2499999999999594,TP,False
S2-05,ny_or_break,GBPUSD,2019-03-28 16:30:00+00:00,2019-03-28 16:45:00+00:00,2019-03-28 16:45:00+00:00,-1,-0.9999999999999839,SL,False
S2-05,ny_or_break,GBPUSD,2019-03-28 16:45:00+00:00,2019-03-28 17:00:00+00:00,2019-03-28 17:00:00+00:00,-1,-1.000000000000047,SL,False
S2-05,ny_or_break,GBPUSD,2019-04-01 16:00:00+00:00,2019-04-01 16:15:00+00:00,2019-04-01 16:45:00+00:00,1,-1.000000000000055,SL,False
S2-05,ny_or_break,GBPUSD,2019-04-05 12:30:00+00:00,2019-04-05 12:45:00+00:00,2019-04-05 13:00:00+00:00,-1,-1.0000000000000713,SL,False
S2-05,ny_or_break,GBPUSD,2019-04-05 13:00:00+00:00,2019-04-05 13:15:00+00:00,2019-04-05 13:30:00+00:00,-1,1.2499999999999782,TP,False
S2-05,ny_or_break,GBPUSD,2019-04-05 13:30:00+00:00,2019-04-05 13:45:00+00:00,2019-04-05 14:00:00+00:00,-1,-1.000000000000058,SL,False
S2-05,ny_or_break,GBPUSD,2019-04-05 14:00:00+00:00,2019-04-05 14:15:00+00:00,2019-04-05 14:45:00+00:00,-1,1.249999999999946,TP,False
S2-05,ny_or_break,GBPUSD,2019-04-05 14:45:00+00:00,2019-04-05 15:00:00+00:00,2019-04-05 16:00:00+00:00,-1,0.530869276288725,FRIDAY,False
S2-05,ny_or_break,GBPUSD,2019-04-05 16:00:00+00:00,2019-04-05 16:15:00+00:00,2019-04-05 16:15:00+00:00,-1,-0.6377426211618922,FRIDAY,False
S2-05,ny_or_break,GBPUSD,2019-04-05 16:15:00+00:00,2019-04-05 16:30:00+00:00,2019-04-05 16:30:00+00:00,-1,-0.9854148619124673,FRIDAY,False
S2-05,ny_or_break,GBPUSD,2019-04-05 16:30:00+00:00,2019-04-05 16:45:00+00:00,2019-04-05 16:45:00+00:00,-1,0.3484720044080871,FRIDAY,False
S2-05,ny_or_break,GBPUSD,2019-04-05 16:45:00+00:00,2019-04-05 17:00:00+00:00,2019-04-05 17:00:00+00:00,-1,-0.09125150467906652,FRIDAY,False
S2-05,ny_or_break,GBPUSD,2019-04-08 14:30:00+00:00,2019-04-08 14:45:00+00:00,2019-04-08 15:00:00+00:00,-1,-1.0,SL,False
S2-05,ny_or_break,GBPUSD,2019-04-08 15:00:00+00:00,2019-04-08 15:15:00+00:00,2019-04-08 16:00:00+00:00,-1,-1.000000000000085,SL,False
S2-05,ny_or_break,GBPUSD,2019-04-09 15:00:00+00:00,2019-04-09 15:15:00+00:00,2019-04-09 15:30:00+00:00,-1,1.250000000000022,TP,False
S2-05,ny_or_break,GBPUSD,2019-04-09 15:30:00+00:00,2019-04-09 15:45:00+00:00,2019-04-09 19:15:00+00:00,-1,-1.0000000000000482,SL,False
S2-05,ny_or_break,GBPUSD,2019-04-10 12:00:00+00:00,2019-04-10 12:15:00+00:00,2019-04-10 12:15:00+00:00,1,-0.999999999999968,SL,False
S2-05,ny_or_break,GBPUSD,2019-04-10 16:30:00+00:00,2019-04-10 16:45:00+00:00,2019-04-10 18:00:00+00:00,1,-1.0000000000000495,SL,False
S2-05,ny_or_break,GBPUSD,2019-04-12 13:00:00+00:00,2019-04-12 13:15:00+00:00,2019-04-12 13:30:00+00:00,1,-1.0000000000000282,SL,False
S2-05,ny_or_break,GBPUSD,2019-04-12 13:30:00+00:00,2019-04-12 13:45:00+00:00,2019-04-12 14:45:00+00:00,1,-1.0,SL,False
S2-05,ny_or_break,GBPUSD,2019-04-12 14:45:00+00:00,2019-04-12 15:00:00+00:00,2019-04-12 15:45:00+00:00,1,-0.9999999999999754,SL,False
S2-05,ny_or_break,GBPUSD,2019-04-15 13:15:00+00:00,2019-04-15 13:30:00+00:00,2019-04-15 13:30:00+00:00,1,-1.0000000000001372,SL,False
S2-05,ny_or_break,GBPUSD,2019-04-15 14:45:00+00:00,2019-04-15 15:00:00+00:00,2019-04-15 15:15:00+00:00,1,-0.9999999999999305,SL,False
S2-05,ny_or_break,GBPUSD,2019-04-16 13:00:00+00:00,2019-04-16 13:15:00+00:00,2019-04-16 13:30:00+00:00,-1,-1.0000000000000917,SL,False
S2-05,ny_or_break,GBPUSD,2019-04-16 13:30:00+00:00,2019-04-16 13:45:00+00:00,2019-04-16 14:00:00+00:00,-1,1.2499999999999711,TP,False
S2-05,ny_or_break,GBPUSD,2019-04-16 14:00:00+00:00,2019-04-16 14:15:00+00:00,2019-04-16 14:30:00+00:00,-1,-0.9999999999999457,SL,False
S2-05,ny_or_break,GBPUSD,2019-04-16 14:30:00+00:00,2019-04-16 14:45:00+00:00,2019-04-16 15:00:00+00:00,-1,1.2500000000000762,TP,False
S2-05,ny_or_break,GBPUSD,2019-04-16 15:00:00+00:00,2019-04-16 15:15:00+00:00,2019-04-16 19:00:00+00:00,-1,-0.291110064685618,TIME,False
S2-05,ny_or_break,GBPUSD,2019-04-17 16:00:00+00:00,2019-04-17 16:15:00+00:00,2019-04-17 16:30:00+00:00,-1,-1.0000000000000575,SL,False
S2-05,ny_or_break,GBPUSD,2019-04-18 14:30:00+00:00,2019-04-18 14:45:00+00:00,2019-04-18 15:00:00+00:00,-1,-1.0,SL,False
S2-05,ny_or_break,GBPUSD,2019-04-18 15:45:00+00:00,2019-04-18 16:00:00+00:00,2019-04-18 16:45:00+00:00,-1,1.25,TP,False
S2-05,ny_or_break,GBPUSD,2019-04-18 16:45:00+00:00,2019-04-18 17:00:00+00:00,2019-04-18 17:15:00+00:00,-1,-0.9999999999998946,SL,False
S2-05,ny_or_break,GBPUSD,2019-04-22 12:15:00+00:00,2019-04-22 12:30:00+00:00,2019-04-22 12:30:00+00:00,-1,-0.9999999999996558,SL,False
S2-05,ny_or_break,GBPUSD,2019-04-22 12:30:00+00:00,2019-04-22 12:45:00+00:00,2019-04-22 12:45:00+00:00,-1,1.2499999999998839,TP,False
S2-05,ny_or_break,GBPUSD,2019-04-22 12:45:00+00:00,2019-04-22 13:00:00+00:00,2019-04-22 13:00:00+00:00,-1,-1.0,SL,False
S2-05,ny_or_break,GBPUSD,2019-04-22 13:00:00+00:00,2019-04-22 13:15:00+00:00,2019-04-22 13:45:00+00:00,-1,-1.0000000000000928,SL,False
S2-05,ny_or_break,GBPUSD,2019-04-22 14:15:00+00:00,2019-04-22 14:30:00+00:00,2019-04-22 14:30:00+00:00,-1,1.2499999999998466,TP,False
S2-05,ny_or_break,GBPUSD,2019-04-22 14:30:00+00:00,2019-04-22 14:45:00+00:00,2019-04-22 14:45:00+00:00,-1,-0.9999999999999312,SL,False
S2-05,ny_or_break,GBPUSD,2019-04-22 14:45:00+00:00,2019-04-22 15:00:00+00:00,2019-04-22 15:15:00+00:00,-1,-0.9999999999998672,SL,False
S2-05,ny_or_break,GBPUSD,2019-04-22 15:15:00+00:00,2019-04-22 15:30:00+00:00,2019-04-22 15:45:00+00:00,-1,-0.999999999999936,SL,False
S2-05,ny_or_break,GBPUSD,2019-04-22 15:45:00+00:00,2019-04-22 16:00:00+00:00,2019-04-22 17:00:00+00:00,-1,-1.0000000000000635,SL,False
S2-05,ny_or_break,GBPUSD,2019-04-23 13:00:00+00:00,2019-04-23 13:15:00+00:00,2019-04-23 14:30:00+00:00,-1,1.2499999999999174,TP,False
S2-05,ny_or_break,GBPUSD,2019-04-23 14:30:00+00:00,2019-04-23 14:45:00+00:00,2019-04-23 16:45:00+00:00,-1,-1.0000000000000735,SL,False
S2-05,ny_or_break,GBPUSD,2019-04-23 16:45:00+00:00,2019-04-23 17:00:00+00:00,2019-04-23 18:00:00+00:00,-1,1.2500000000000968,TP,False
S2-05,ny_or_break,GBPUSD,2019-04-26 12:00:00+00:00,2019-04-26 12:15:00+00:00,2019-04-26 12:30:00+00:00,-1,-1.0,SL,True
S2-05,ny_or_break,GBPUSD,2019-04-30 12:30:00+00:00,2019-04-30 12:45:00+00:00,2019-04-30 13:30:00+00:00,1,1.2499999999999667,TP,False
S2-05,ny_or_break,GBPUSD,2019-04-30 13:30:00+00:00,2019-04-30 13:45:00+00:00,2019-04-30 14:00:00+00:00,1,-0.9999999999999676,SL,False
S2-05,ny_or_break,GBPUSD,2019-04-30 14:00:00+00:00,2019-04-30 14:15:00+00:00,2019-04-30 14:45:00+00:00,1,1.2499999999999396,TP,False
S2-05,ny_or_break,GBPUSD,2019-04-30 14:45:00+00:00,2019-04-30 15:00:00+00:00,2019-04-30 15:00:00+00:00,1,-1.0000000000000555,SL,False
S2-05,ny_or_break,GBPUSD,2019-04-30 15:00:00+00:00,2019-04-30 15:15:00+00:00,2019-04-30 15:30:00+00:00,1,1.2499999999999745,TP,False
S2-05,ny_or_break,GBPUSD,2019-04-30 15:30:00+00:00,2019-04-30 15:45:00+00:00,2019-04-30 17:30:00+00:00,1,1.2499999999999243,TP,False
S2-05,ny_or_break,GBPUSD,2019-05-01 14:00:00+00:00,2019-05-01 14:15:00+00:00,2019-05-01 15:15:00+00:00,1,1.25,TP,False
S2-05,ny_or_break,GBPUSD,2019-05-01 15:15:00+00:00,2019-05-01 15:30:00+00:00,2019-05-01 18:00:00+00:00,1,1.2499999999999034,TP,False
S2-05,ny_or_break,GBPUSD,2019-05-03 15:00:00+00:00,2019-05-03 15:15:00+00:00,2019-05-03 15:15:00+00:00,1,-1.0000000000000326,SL,False
S2-05,ny_or_break,GBPUSD,2019-05-03 15:15:00+00:00,2019-05-03 15:30:00+00:00,2019-05-03 16:00:00+00:00,1,-0.6536405908312216,FRIDAY,False
S2-05,ny_or_break,GBPUSD,2019-05-03 16:00:00+00:00,2019-05-03 16:15:00+00:00,2019-05-03 16:15:00+00:00,1,0.4074851039730715,FRIDAY,False
S2-05,ny_or_break,GBPUSD,2019-05-03 16:15:00+00:00,2019-05-03 16:30:00+00:00,2019-05-03 16:30:00+00:00,1,0.32187067900476996,FRIDAY,False
S2-05,ny_or_break,GBPUSD,2019-05-03 16:30:00+00:00,2019-05-03 16:45:00+00:00,2019-05-03 16:45:00+00:00,1,-0.48816233561108624,FRIDAY,False
S2-05,ny_or_break,GBPUSD,2019-05-03 16:45:00+00:00,2019-05-03 17:00:00+00:00,2019-05-03 17:00:00+00:00,1,0.08882838138217634,FRIDAY,False
S2-05,ny_or_break,GBPUSD,2019-05-07 14:00:00+00:00,2019-05-07 14:15:00+00:00,2019-05-07 14:30:00+00:00,-1,1.2499999999999383,TP,False
S2-05,ny_or_break,GBPUSD,2019-05-07 14:30:00+00:00,2019-05-07 14:45:00+00:00,2019-05-07 15:30:00+00:00,-1,-1.0,SL,False
S2-05,ny_or_break,GBPUSD,2019-05-07 15:30:00+00:00,2019-05-07 15:45:00+00:00,2019-05-07 17:00:00+00:00,-1,-1.0,SL,False
S2-05,ny_or_break,GBPUSD,2019-05-08 14:00:00+00:00,2019-05-08 14:15:00+00:00,2019-05-08 14:15:00+00:00,-1,-1.000000000000032,SL,False
S2-05,ny_or_break,GBPUSD,2019-05-08 14:15:00+00:00,2019-05-08 14:30:00+00:00,2019-05-08 15:00:00+00:00,-1,-1.000000000000095,SL,False
S2-05,ny_or_break,GBPUSD,2019-05-08 16:00:00+00:00,2019-05-08 16:15:00+00:00,2019-05-08 17:45:00+00:00,-1,-1.000000000000084,SL,False
S2-05,ny_or_break,GBPUSD,2019-05-09 13:15:00+00:00,2019-05-09 13:30:00+00:00,2019-05-09 13:30:00+00:00,-1,-1.0000000000000353,SL,False
S2-05,ny_or_break,GBPUSD,2019-05-13 15:00:00+00:00,2019-05-13 15:15:00+00:00,2019-05-13 15:15:00+00:00,-1,1.2499999999999722,TP,False
S2-05,ny_or_break,GBPUSD,2019-05-13 15:15:00+00:00,2019-05-13 15:30:00+00:00,2019-05-13 18:15:00+00:00,-1,-1.0000000000000513,SL,False
S2-05,ny_or_break,GBPUSD,2019-05-14 13:00:00+00:00,2019-05-14 13:15:00+00:00,2019-05-14 16:00:00+00:00,-1,-0.9999999999999063,SL,False
S2-05,ny_or_break,GBPUSD,2019-05-14 16:15:00+00:00,2019-05-14 16:30:00+00:00,2019-05-14 17:00:00+00:00,-1,1.250000000000108,TP,False
S2-05,ny_or_break,GBPUSD,2019-05-15 12:15:00+00:00,2019-05-15 12:30:00+00:00,2019-05-15 12:30:00+00:00,-1,-1.0000000000001004,SL,True
S2-05,ny_or_break,GBPUSD,2019-05-15 12:30:00+00:00,2019-05-15 12:45:00+00:00,2019-05-15 13:15:00+00:00,-1,1.2499999999999702,TP,False
S2-05,ny_or_break,GBPUSD,2019-05-15 13:15:00+00:00,2019-05-15 13:30:00+00:00,2019-05-15 14:15:00+00:00,-1,-1.0,SL,False
S2-05,ny_or_break,GBPUSD,2019-05-15 14:15:00+00:00,2019-05-15 14:30:00+00:00,2019-05-15 15:15:00+00:00,-1,-1.0000000000000229,SL,False
S2-05,ny_or_break,GBPUSD,2019-05-15 15:15:00+00:00,2019-05-15 15:30:00+00:00,2019-05-15 18:30:00+00:00,-1,1.2500000000000226,TP,False
S2-05,ny_or_break,GBPUSD,2019-05-16 12:00:00+00:00,2019-05-16 12:15:00+00:00,2019-05-16 12:30:00+00:00,-1,1.2499999999998765,TP,False
S2-05,ny_or_break,GBPUSD,2019-05-16 12:30:00+00:00,2019-05-16 12:45:00+00:00,2019-05-16 12:45:00+00:00,-1,-1.0000000000000406,SL,False
S2-05,ny_or_break,GBPUSD,2019-05-16 12:45:00+00:00,2019-05-16 13:00:00+00:00,2019-05-16 13:15:00+00:00,-1,-1.0000000000001157,SL,False
S2-05,ny_or_break,GBPUSD,2019-05-16 13:15:00+00:00,2019-05-16 13:30:00+00:00,2019-05-16 14:00:00+00:00,-1,1.2500000000001168,TP,False
S2-05,ny_or_break,GBPUSD,2019-05-16 14:00:00+00:00,2019-05-16 14:15:00+00:00,2019-05-16 14:15:00+00:00,-1,-1.0,SL,False
S2-05,ny_or_break,GBPUSD,2019-05-16 14:15:00+00:00,2019-05-16 14:30:00+00:00,2019-05-16 14:30:00+00:00,-1,-1.000000000000105,SL,False
S2-05,ny_or_break,GBPUSD,2019-05-16 14:30:00+00:00,2019-05-16 14:45:00+00:00,2019-05-16 14:45:00+00:00,-1,1.2499999999999347,TP,False
S2-05,ny_or_break,GBPUSD,2019-05-16 14:45:00+00:00,2019-05-16 15:00:00+00:00,2019-05-16 15:45:00+00:00,-1,-1.0000000000000306,SL,False
S2-05,ny_or_break,GBPUSD,2019-05-16 15:45:00+00:00,2019-05-16 16:00:00+00:00,2019-05-16 19:45:00+00:00,-1,0.7104620229111244,TIME,False
S2-05,ny_or_break,GBPUSD,2019-05-17 14:00:00+00:00,2019-05-17 14:15:00+00:00,2019-05-17 15:30:00+00:00,-1,1.2500000000000995,TP,False
S2-05,ny_or_break,GBPUSD,2019-05-17 15:30:00+00:00,2019-05-17 15:45:00+00:00,2019-05-17 16:00:00+00:00,-1,-0.4517313104123333,FRIDAY,False
S2-05,ny_or_break,GBPUSD,2019-05-17 16:00:00+00:00,2019-05-17 16:15:00+00:00,2019-05-17 16:15:00+00:00,-1,-1.0522690935924242,FRIDAY,False
S2-05,ny_or_break,GBPUSD,2019-05-17 16:15:00+00:00,2019-05-17 16:30:00+00:00,2019-05-17 16:30:00+00:00,-1,0.4031136820062136,FRIDAY,False
S2-05,ny_or_break,GBPUSD,2019-05-17 16:30:00+00:00,2019-05-17 16:45:00+00:00,2019-05-17 16:45:00+00:00,-1,-0.09339098208770846,FRIDAY,False
S2-05,ny_or_break,GBPUSD,2019-05-17 16:45:00+00:00,2019-05-17 17:00:00+00:00,2019-05-17 17:00:00+00:00,-1,0.4617708035458965,FRIDAY,False
S2-05,ny_or_break,GBPUSD,2019-05-20 13:30:00+00:00,2019-05-20 13:45:00+00:00,2019-05-20 13:45:00+00:00,-1,-1.000000000000171,SL,False
S2-05,ny_or_break,GBPUSD,2019-05-20 15:45:00+00:00,2019-05-20 16:00:00+00:00,2019-05-20 16:15:00+00:00,-1,-0.9999999999999604,SL,False
S2-05,ny_or_break,GBPUSD,2019-05-20 16:15:00+00:00,2019-05-20 16:30:00+00:00,2019-05-20 20:15:00+00:00,-1,-0.26255960490463215,TIME,False
S2-05,ny_or_break,GBPUSD,2019-05-22 13:45:00+00:00,2019-05-22 14:00:00+00:00,2019-05-22 14:30:00+00:00,-1,-1.0,SL,False
S2-05,ny_or_break,GBPUSD,2019-05-24 12:30:00+00:00,2019-05-24 12:45:00+00:00,2019-05-24 12:45:00+00:00,-1,-0.9999999999999791,SL,False
S2-05,ny_or_break,GBPUSD,2019-05-29 15:00:00+00:00,2019-05-29 15:15:00+00:00,2019-05-29 19:00:00+00:00,-1,0.03390516674257375,TIME,False
S2-05,ny_or_break,GBPUSD,2019-05-30 13:45:00+00:00,2019-05-30 14:00:00+00:00,2019-05-30 14:30:00+00:00,-1,1.2500000000000422,TP,False
S2-05,ny_or_break,GBPUSD,2019-05-30 14:30:00+00:00,2019-05-30 14:45:00+00:00,2019-05-30 15:00:00+00:00,-1,-1.0000000000001141,SL,False
S2-05,ny_or_break,GBPUSD,2019-05-30 15:00:00+00:00,2019-05-30 15:15:00+00:00,2019-05-30 15:45:00+00:00,-1,-1.000000000000062,SL,False
S2-05,ny_or_break,GBPUSD,2019-05-30 16:15:00+00:00,2019-05-30 16:30:00+00:00,2019-05-30 17:00:00+00:00,-1,-0.999999999999968,SL,False
S2-05,ny_or_break,GBPUSD,2019-06-04 14:15:00+00:00,2019-06-04 14:30:00+00:00,2019-06-04 14:30:00+00:00,1,-0.9999999999999479,SL,False
S2-05,ny_or_break,GBPUSD,2019-06-05 12:15:00+00:00,2019-06-05 12:30:00+00:00,2019-06-05 13:15:00+00:00,1,-1.0000000000000318,SL,False
S2-05,ny_or_break,GBPUSD,2019-06-05 13:30:00+00:00,2019-06-05 13:45:00+00:00,2019-06-05 14:00:00+00:00,1,-1.0000000000000258,SL,False
S2-05,ny_or_break,GBPUSD,2019-06-05 14:15:00+00:00,2019-06-05 14:30:00+00:00,2019-06-05 14:45:00+00:00,1,-0.9999999999999295,SL,False
S2-05,ny_or_break,GBPUSD,2019-06-05 14:45:00+00:00,2019-06-05 15:00:00+00:00,2019-06-05 15:15:00+00:00,1,-1.0000000000000213,SL,False
S2-05,ny_or_break,GBPUSD,2019-06-06 12:30:00+00:00,2019-06-06 12:45:00+00:00,2019-06-06 12:45:00+00:00,1,-1.0,SL,False
S2-05,ny_or_break,GBPUSD,2019-06-07 12:30:00+00:00,2019-06-07 12:45:00+00:00,2019-06-07 12:45:00+00:00,1,-0.9999999999999395,SL,False
S2-05,ny_or_break,GBPUSD,2019-06-07 12:45:00+00:00,2019-06-07 13:00:00+00:00,2019-06-07 13:00:00+00:00,1,-1.0,SL,False
S2-05,ny_or_break,GBPUSD,2019-06-07 13:00:00+00:00,2019-06-07 13:15:00+00:00,2019-06-07 14:15:00+00:00,1,1.2499999999999185,TP,False
S2-05,ny_or_break,GBPUSD,2019-06-07 14:15:00+00:00,2019-06-07 14:30:00+00:00,2019-06-07 14:45:00+00:00,1,-1.0000000000000226,SL,False
S2-05,ny_or_break,GBPUSD,2019-06-07 14:45:00+00:00,2019-06-07 15:00:00+00:00,2019-06-07 15:15:00+00:00,1,-1.0000000000000213,SL,False
S2-05,ny_or_break,GBPUSD,2019-06-07 15:15:00+00:00,2019-06-07 15:30:00+00:00,2019-06-07 16:00:00+00:00,1,0.21982747094655666,FRIDAY,False
S2-05,ny_or_break,GBPUSD,2019-06-07 16:00:00+00:00,2019-06-07 16:15:00+00:00,2019-06-07 16:15:00+00:00,1,0.19197857264113574,FRIDAY,False
S2-05,ny_or_break,GBPUSD,2019-06-07 16:15:00+00:00,2019-06-07 16:30:00+00:00,2019-06-07 16:30:00+00:00,1,-0.4237600844197842,FRIDAY,False
S2-05,ny_or_break,GBPUSD,2019-06-07 16:30:00+00:00,2019-06-07 16:45:00+00:00,2019-06-07 16:45:00+00:00,1,0.10688145683768166,FRIDAY,False
S2-05,ny_or_break,GBPUSD,2019-06-07 16:45:00+00:00,2019-06-07 17:00:00+00:00,2019-06-07 17:00:00+00:00,1,0.3476979690242716,FRIDAY,False
S2-05,ny_or_break,GBPUSD,2019-06-14 12:30:00+00:00,2019-06-14 12:45:00+00:00,2019-06-14 14:30:00+00:00,-1,1.2500000000000315,TP,False
S2-05,ny_or_break,GBPUSD,2019-06-14 14:30:00+00:00,2019-06-14 14:45:00+00:00,2019-06-14 15:30:00+00:00,-1,1.2500000000000882,TP,False
S2-05,ny_or_break,GBPUSD,2019-06-14 15:30:00+00:00,2019-06-14 15:45:00+00:00,2019-06-14 16:00:00+00:00,-1,-0.561782972966913,FRIDAY,False
S2-05,ny_or_break,GBPUSD,2019-06-14 16:00:00+00:00,2019-06-14 16:15:00+00:00,2019-06-14 16:15:00+00:00,-1,0.08439728204022645,FRIDAY,False
S2-05,ny_or_break,GBPUSD,2019-06-14 16:15:00+00:00,2019-06-14 16:30:00+00:00,2019-06-14 16:30:00+00:00,-1,0.198616818005039,FRIDAY,False
S2-05,ny_or_break,GBPUSD,2019-06-14 16:30:00+00:00,2019-06-14 16:45:00+00:00,2019-06-14 16:45:00+00:00,-1,0.3124034467369288,FRIDAY,False
S2-05,ny_or_break,GBPUSD,2019-06-14 16:45:00+00:00,2019-06-14 17:00:00+00:00,2019-06-14 17:00:00+00:00,-1,-0.030344732677354984,FRIDAY,False
S2-05,ny_or_break,GBPUSD,2019-06-17 14:45:00+00:00,2019-06-17 15:00:00+00:00,2019-06-17 15:15:00+00:00,-1,-0.999999999999928,SL,False
S2-05,ny_or_break,GBPUSD,2019-06-17 15:15:00+00:00,2019-06-17 15:30:00+00:00,2019-06-17 16:00:00+00:00,-1,-0.9999999999999244,SL,False
S2-05,ny_or_break,GBPUSD,2019-06-17 16:00:00+00:00,2019-06-17 16:15:00+00:00,2019-06-17 17:00:00+00:00,-1,1.25,TP,False
S2-05,ny_or_break,GBPUSD,2019-06-18 12:00:00+00:00,2019-06-18 12:15:00+00:00,2019-06-18 12:30:00+00:00,-1,-1.0,SL,False
S2-05,ny_or_break,GBPUSD,2019-06-19 14:00:00+00:00,2019-06-19 14:15:00+00:00,2019-06-19 15:00:00+00:00,1,1.2499999999998894,TP,False
S2-05,ny_or_break,GBPUSD,2019-06-19 15:00:00+00:00,2019-06-19 15:15:00+00:00,2019-06-19 15:45:00+00:00,1,-1.0,SL,False
S2-05,ny_or_break,GBPUSD,2019-06-19 15:45:00+00:00,2019-06-19 16:00:00+00:00,2019-06-19 17:45:00+00:00,1,1.2500000000000633,TP,False
S2-05,ny_or_break,GBPUSD,2019-06-21 16:00:00+00:00,2019-06-21 16:15:00+00:00,2019-06-21 16:15:00+00:00,1,-0.23716269593779885,FRIDAY,False
S2-05,ny_or_break,GBPUSD,2019-06-21 16:15:00+00:00,2019-06-21 16:30:00+00:00,2019-06-21 16:30:00+00:00,1,-0.3946987333418877,FRIDAY,False
S2-05,ny_or_break,GBPUSD,2019-06-27 14:45:00+00:00,2019-06-27 15:00:00+00:00,2019-06-27 18:45:00+00:00,-1,0.8418887049024035,TIME,False
S2-05,ny_or_break,GBPUSD,2019-06-28 15:00:00+00:00,2019-06-28 15:15:00+00:00,2019-06-28 15:15:00+00:00,1,-0.9999999999999435,SL,False
S2-05,ny_or_break,GBPUSD,2019-06-28 15:15:00+00:00,2019-06-28 15:30:00+00:00,2019-06-28 15:45:00+00:00,1,-1.0,SL,False
S2-05,ny_or_break,GBPUSD,2019-06-28 15:45:00+00:00,2019-06-28 16:00:00+00:00,2019-06-28 16:00:00+00:00,1,-0.06545064377682404,FRIDAY,False
S2-05,ny_or_break,GBPUSD,2019-06-28 16:00:00+00:00,2019-06-28 16:15:00+00:00,2019-06-28 16:15:00+00:00,1,-0.7036961318566665,FRIDAY,False
S2-05,ny_or_break,GBPUSD,2019-07-01 15:30:00+00:00,2019-07-01 15:45:00+00:00,2019-07-01 16:00:00+00:00,-1,-1.0000000000000466,SL,False
S2-05,ny_or_break,GBPUSD,2019-07-02 15:00:00+00:00,2019-07-02 15:15:00+00:00,2019-07-02 16:15:00+00:00,-1,-1.0000000000000266,SL,False
S2-05,ny_or_break,GBPUSD,2019-07-05 12:30:00+00:00,2019-07-05 12:45:00+00:00,2019-07-05 13:15:00+00:00,-1,1.249999999999968,TP,False
S2-05,ny_or_break,GBPUSD,2019-07-05 13:15:00+00:00,2019-07-05 13:30:00+00:00,2019-07-05 14:00:00+00:00,-1,1.25,TP,False
S2-05,ny_or_break,GBPUSD,2019-07-05 14:00:00+00:00,2019-07-05 14:15:00+00:00,2019-07-05 14:45:00+00:00,-1,-0.9999999999999746,SL,False
S2-05,ny_or_break,GBPUSD,2019-07-05 14:45:00+00:00,2019-07-05 15:00:00+00:00,2019-07-05 16:00:00+00:00,-1,-0.4274241664876733,FRIDAY,False
S2-05,ny_or_break,GBPUSD,2019-07-05 16:00:00+00:00,2019-07-05 16:15:00+00:00,2019-07-05 16:15:00+00:00,-1,-0.621721577595212,FRIDAY,False
S2-05,ny_or_break,GBPUSD,2019-07-05 16:15:00+00:00,2019-07-05 16:30:00+00:00,2019-07-05 16:30:00+00:00,-1,0.08517210624397248,FRIDAY,False
S2-05,ny_or_break,GBPUSD,2019-07-05 16:30:00+00:00,2019-07-05 16:45:00+00:00,2019-07-05 16:45:00+00:00,-1,0.06340853677355637,FRIDAY,False
S2-05,ny_or_break,GBPUSD,2019-07-05 16:45:00+00:00,2019-07-05 17:00:00+00:00,2019-07-05 17:00:00+00:00,-1,-0.603099770169132,FRIDAY,False
S2-05,ny_or_break,GBPUSD,2019-07-08 13:15:00+00:00,2019-07-08 13:30:00+00:00,2019-07-08 15:00:00+00:00,-1,-0.9999999999999608,SL,False
S2-05,ny_or_break,GBPUSD,2019-07-08 15:15:00+00:00,2019-07-08 15:30:00+00:00,2019-07-08 16:45:00+00:00,-1,-1.0,SL,False
S2-05,ny_or_break,GBPUSD,2019-07-12 14:45:00+00:00,2019-07-12 15:00:00+00:00,2019-07-12 16:00:00+00:00,1,-0.19446308286204764,FRIDAY,False
S2-05,ny_or_break,GBPUSD,2019-07-12 16:00:00+00:00,2019-07-12 16:15:00+00:00,2019-07-12 16:15:00+00:00,1,0.42158955660929853,FRIDAY,False
S2-05,ny_or_break,GBPUSD,2019-07-12 16:15:00+00:00,2019-07-12 16:30:00+00:00,2019-07-12 16:30:00+00:00,1,-0.04514872011440747,FRIDAY,False
S2-05,ny_or_break,GBPUSD,2019-07-12 16:30:00+00:00,2019-07-12 16:45:00+00:00,2019-07-12 16:45:00+00:00,1,0.25259390371507645,FRIDAY,False
S2-05,ny_or_break,GBPUSD,2019-07-12 16:45:00+00:00,2019-07-12 17:00:00+00:00,2019-07-12 17:00:00+00:00,1,-0.44980361351139037,FRIDAY,False
S2-05,ny_or_break,GBPUSD,2019-07-16 15:15:00+00:00,2019-07-16 15:30:00+00:00,2019-07-16 16:00:00+00:00,-1,-0.9999999999999206,SL,False
S2-05,ny_or_break,GBPUSD,2019-07-26 12:30:00+00:00,2019-07-26 12:45:00+00:00,2019-07-26 13:00:00+00:00,-1,-0.9999999999998874,SL,False
S2-05,ny_or_break,GBPUSD,2019-07-26 13:30:00+00:00,2019-07-26 13:45:00+00:00,2019-07-26 14:00:00+00:00,-1,1.2500000000000344,TP,False
S2-05,ny_or_break,GBPUSD,2019-07-26 14:00:00+00:00,2019-07-26 14:15:00+00:00,2019-07-26 14:45:00+00:00,-1,1.2499999999999325,TP,False
S2-05,ny_or_break,GBPUSD,2019-07-26 14:45:00+00:00,2019-07-26 15:00:00+00:00,2019-07-26 16:00:00+00:00,-1,0.22278084758223257,FRIDAY,False
S2-05,ny_or_break,GBPUSD,2019-07-26 16:00:00+00:00,2019-07-26 16:15:00+00:00,2019-07-26 16:15:00+00:00,-1,-0.43688228679647273,FRIDAY,False
S2-05,ny_or_break,GBPUSD,2019-07-26 16:15:00+00:00,2019-07-26 16:30:00+00:00,2019-07-26 16:30:00+00:00,-1,0.2995034351404666,FRIDAY,False
S2-05,ny_or_break,GBPUSD,2019-07-26 16:30:00+00:00,2019-07-26 16:45:00+00:00,2019-07-26 16:45:00+00:00,-1,-0.1375230720749111,FRIDAY,False
S2-05,ny_or_break,GBPUSD,2019-07-26 16:45:00+00:00,2019-07-26 17:00:00+00:00,2019-07-26 17:00:00+00:00,-1,-0.3349103252880015,FRIDAY,False
S2-05,ny_or_break,GBPUSD,2019-07-29 12:00:00+00:00,2019-07-29 12:15:00+00:00,2019-07-29 12:30:00+00:00,-1,1.25,TP,False
S2-05,ny_or_break,GBPUSD,2019-07-29 12:30:00+00:00,2019-07-29 12:45:00+00:00,2019-07-29 12:45:00+00:00,-1,1.2500000000000262,TP,False
S2-05,ny_or_break,GBPUSD,2019-07-29 12:45:00+00:00,2019-07-29 13:00:00+00:00,2019-07-29 13:00:00+00:00,-1,-1.0000000000000224,SL,False
S2-05,ny_or_break,GBPUSD,2019-07-29 13:00:00+00:00,2019-07-29 13:15:00+00:00,2019-07-29 14:30:00+00:00,-1,1.2499999999999587,TP,False
S2-05,ny_or_break,GBPUSD,2019-07-29 14:30:00+00:00,2019-07-29 14:45:00+00:00,2019-07-29 14:45:00+00:00,-1,1.2499999999999416,TP,False
S2-05,ny_or_break,GBPUSD,2019-07-29 14:45:00+00:00,2019-07-29 15:00:00+00:00,2019-07-29 18:45:00+00:00,-1,0.1825952155454721,TIME,False
S2-05,ny_or_break,GBPUSD,2019-08-05 12:00:00+00:00,2019-08-05 12:15:00+00:00,2019-08-05 13:00:00+00:00,1,-1.0000000000000753,SL,False
S2-05,ny_or_break,GBPUSD,2019-08-05 14:00:00+00:00,2019-08-05 14:15:00+00:00,2019-08-05 14:45:00+00:00,1,-1.0000000000000513,SL,False
S2-05,ny_or_break,GBPUSD,2019-08-07 12:00:00+00:00,2019-08-07 12:15:00+00:00,2019-08-07 12:45:00+00:00,-1,-0.9999999999999704,SL,False
S2-05,ny_or_break,GBPUSD,2019-08-08 13:00:00+00:00,2019-08-08 13:15:00+00:00,2019-08-08 14:30:00+00:00,-1,-1.0000000000000244,SL,False
S2-05,ny_or_break,GBPUSD,2019-08-08 14:30:00+00:00,2019-08-08 14:45:00+00:00,2019-08-08 15:00:00+00:00,-1,-1.0000000000000195,SL,False
S2-05,ny_or_break,GBPUSD,2019-08-08 15:15:00+00:00,2019-08-08 15:30:00+00:00,2019-08-08 16:30:00+00:00,-1,-1.0,SL,False
S2-05,ny_or_break,GBPUSD,2019-08-16 12:30:00+00:00,2019-08-16 12:45:00+00:00,2019-08-16 13:00:00+00:00,1,-1.0000000000000324,SL,False
S2-05,ny_or_break,GBPUSD,2019-08-22 13:00:00+00:00,2019-08-22 13:15:00+00:00,2019-08-22 13:45:00+00:00,1,1.250000000000029,TP,False
S2-05,ny_or_break,GBPUSD,2019-08-22 13:45:00+00:00,2019-08-22 14:00:00+00:00,2019-08-22 17:45:00+00:00,1,0.1694302221804688,TIME,False
S2-05,ny_or_break,GBPUSD,2019-08-23 12:00:00+00:00,2019-08-23 12:15:00+00:00,2019-08-23 14:00:00+00:00,1,-1.0000000000000842,SL,False
S2-05,ny_or_break,GBPUSD,2019-08-23 14:00:00+00:00,2019-08-23 14:15:00+00:00,2019-08-23 14:45:00+00:00,1,1.2500000000000757,TP,False
S2-05,ny_or_break,GBPUSD,2019-08-23 14:45:00+00:00,2019-08-23 15:00:00+00:00,2019-08-23 15:00:00+00:00,1,-1.0000000000000222,SL,False
S2-05,ny_or_break,GBPUSD,2019-08-23 15:00:00+00:00,2019-08-23 15:15:00+00:00,2019-08-23 16:00:00+00:00,1,-0.525518390520859,FRIDAY,False
S2-05,ny_or_break,GBPUSD,2019-08-23 16:00:00+00:00,2019-08-23 16:15:00+00:00,2019-08-23 16:15:00+00:00,1,-0.2211718127610265,FRIDAY,False
S2-05,ny_or_break,GBPUSD,2019-08-23 16:15:00+00:00,2019-08-23 16:30:00+00:00,2019-08-23 16:30:00+00:00,1,0.7053404054348615,FRIDAY,False
S2-05,ny_or_break,GBPUSD,2019-08-23 16:30:00+00:00,2019-08-23 16:45:00+00:00,2019-08-23 16:45:00+00:00,1,0.22866234475552707,FRIDAY,False
S2-05,ny_or_break,GBPUSD,2019-08-23 16:45:00+00:00,2019-08-23 17:00:00+00:00,2019-08-23 17:00:00+00:00,1,0.31049947365638175,FRIDAY,False
S2-05,ny_or_break,GBPUSD,2019-08-27 12:00:00+00:00,2019-08-27 12:15:00+00:00,2019-08-27 13:15:00+00:00,1,1.25,TP,False
S2-05,ny_or_break,GBPUSD,2019-08-27 13:15:00+00:00,2019-08-27 13:30:00+00:00,2019-08-27 14:00:00+00:00,1,-0.9999999999999751,SL,False
S2-05,ny_or_break,GBPUSD,2019-08-27 15:00:00+00:00,2019-08-27 15:15:00+00:00,2019-08-27 19:00:00+00:00,1,0.058307912113372204,TIME,False
S2-05,ny_or_break,GBPUSD,2019-09-02 13:00:00+00:00,2019-09-02 13:15:00+00:00,2019-09-02 13:45:00+00:00,-1,-0.9999999999999477,SL,False
S2-05,ny_or_break,GBPUSD,2019-09-02 14:00:00+00:00,2019-09-02 14:15:00+00:00,2019-09-02 15:15:00+00:00,-1,-1.0000000000000668,SL,False
S2-05,ny_or_break,GBPUSD,2019-09-02 15:15:00+00:00,2019-09-02 15:30:00+00:00,2019-09-02 16:45:00+00:00,-1,-1.0000000000000484,SL,False
S2-05,ny_or_break,GBPUSD,2019-09-10 12:45:00+00:00,2019-09-10 13:00:00+00:00,2019-09-10 14:00:00+00:00,1,-1.0000000000000813,SL,False
S2-05,ny_or_break,GBPUSD,2019-09-12 12:30:00+00:00,2019-09-12 12:45:00+00:00,2019-09-12 13:15:00+00:00,-1,-0.9999999999999534,SL,False
S2-05,ny_or_break,GBPUSD,2019-09-17 15:00:00+00:00,2019-09-17 15:15:00+00:00,2019-09-17 16:45:00+00:00,1,1.250000000000073,TP,False
S2-05,ny_or_break,GBPUSD,2019-09-17 16:45:00+00:00,2019-09-17 17:00:00+00:00,2019-09-17 17:15:00+00:00,1,1.2500000000000233,TP,False
S2-05,ny_or_break,GBPUSD,2019-09-23 12:45:00+00:00,2019-09-23 13:00:00+00:00,2019-09-23 14:30:00+00:00,-1,-1.000000000000071,SL,False
S2-05,ny_or_break,GBPUSD,2019-09-23 16:30:00+00:00,2019-09-23 16:45:00+00:00,2019-09-23 16:45:00+00:00,-1,-1.000000000000084,SL,False
S2-05,ny_or_break,GBPUSD,2019-09-25 12:15:00+00:00,2019-09-25 12:30:00+00:00,2019-09-25 13:00:00+00:00,-1,-1.0,SL,False
S2-05,ny_or_break,GBPUSD,2019-09-25 14:00:00+00:00,2019-09-25 14:15:00+00:00,2019-09-25 14:45:00+00:00,-1,-1.0000000000000229,SL,False
S2-05,ny_or_break,GBPUSD,2019-09-25 15:00:00+00:00,2019-09-25 15:15:00+00:00,2019-09-25 15:30:00+00:00,-1,1.249999999999976,TP,False
S2-05,ny_or_break,GBPUSD,2019-09-25 15:30:00+00:00,2019-09-25 15:45:00+00:00,2019-09-25 19:30:00+00:00,-1,0.19330146166139664,TIME,False
S2-05,ny_or_break,GBPUSD,2019-09-30 16:45:00+00:00,2019-09-30 17:00:00+00:00,2019-09-30 18:30:00+00:00,-1,-1.0000000000000497,SL,False
S2-05,ny_or_break,GBPUSD,2019-10-01 12:00:00+00:00,2019-10-01 12:15:00+00:00,2019-10-01 12:30:00+00:00,-1,1.2499999999999494,TP,False
S2-05,ny_or_break,GBPUSD,2019-10-01 12:30:00+00:00,2019-10-01 12:45:00+00:00,2019-10-01 13:30:00+00:00,-1,1.2499999999999494,TP,False
S2-05,ny_or_break,GBPUSD,2019-10-01 13:30:00+00:00,2019-10-01 13:45:00+00:00,2019-10-01 14:00:00+00:00,-1,-1.0000000000000453,SL,False
S2-05,ny_or_break,GBPUSD,2019-10-01 14:00:00+00:00,2019-10-01 14:15:00+00:00,2019-10-01 14:30:00+00:00,-1,-0.9999999999999364,SL,False
S2-05,ny_or_break,GBPUSD,2019-10-01 14:30:00+00:00,2019-10-01 14:45:00+00:00,2019-10-01 15:30:00+00:00,-1,-1.0,SL,False
S2-05,ny_or_break,GBPUSD,2019-10-01 15:30:00+00:00,2019-10-01 15:45:00+00:00,2019-10-01 16:15:00+00:00,-1,-0.9999999999999806,SL,False
S2-05,ny_or_break,GBPUSD,2019-10-03 12:00:00+00:00,2019-10-03 12:15:00+00:00,2019-10-03 12:15:00+00:00,1,1.25,TP,False
S2-05,ny_or_break,GBPUSD,2019-10-03 12:15:00+00:00,2019-10-03 12:30:00+00:00,2019-10-03 12:30:00+00:00,1,1.249999999999959,TP,False
S2-05,ny_or_break,GBPUSD,2019-10-03 12:30:00+00:00,2019-10-03 12:45:00+00:00,2019-10-03 13:00:00+00:00,1,-1.0000000000000593,SL,False
S2-05,ny_or_break,GBPUSD,2019-10-03 13:00:00+00:00,2019-10-03 13:15:00+00:00,2019-10-03 14:00:00+00:00,1,1.2499999999999643,TP,False
S2-05,ny_or_break,GBPUSD,2019-10-03 14:00:00+00:00,2019-10-03 14:15:00+00:00,2019-10-03 16:00:00+00:00,1,-1.0000000000000162,SL,False
S2-05,ny_or_break,GBPUSD,2019-10-03 16:00:00+00:00,2019-10-03 16:15:00+00:00,2019-10-03 17:15:00+00:00,1,-1.0,SL,False
S2-05,ny_or_break,GBPUSD,2019-10-08 14:00:00+00:00,2019-10-08 14:15:00+00:00,2019-10-08 14:30:00+00:00,-1,-0.9999999999999234,SL,False
S2-05,ny_or_break,GBPUSD,2019-10-08 15:15:00+00:00,2019-10-08 15:30:00+00:00,2019-10-08 16:45:00+00:00,-1,-0.9999999999999278,SL,False
S2-05,ny_or_break,GBPUSD,2019-10-10 16:00:00+00:00,2019-10-10 16:15:00+00:00,2019-10-10 16:45:00+00:00,1,1.25,TP,False
S2-05,ny_or_break,GBPUSD,2019-10-10 16:45:00+00:00,2019-10-10 17:00:00+00:00,2019-10-10 17:45:00+00:00,1,1.2500000000000202,TP,False
S2-05,ny_or_break,GBPUSD,2019-10-11 14:45:00+00:00,2019-10-11 15:00:00+00:00,2019-10-11 16:00:00+00:00,1,-0.4823387618477528,FRIDAY,False
S2-05,ny_or_break,GBPUSD,2019-10-14 14:00:00+00:00,2019-10-14 14:15:00+00:00,2019-10-14 14:15:00+00:00,1,1.25,TP,False
S2-05,ny_or_break,GBPUSD,2019-10-14 14:15:00+00:00,2019-10-14 14:30:00+00:00,2019-10-14 14:30:00+00:00,1,-0.9999999999999691,SL,False
S2-05,ny_or_break,GBPUSD,2019-10-14 14:30:00+00:00,2019-10-14 14:45:00+00:00,2019-10-14 14:45:00+00:00,1,-1.00000000000003,SL,False
S2-05,ny_or_break,GBPUSD,2019-10-14 15:45:00+00:00,2019-10-14 16:00:00+00:00,2019-10-14 16:15:00+00:00,1,-1.000000000000041,SL,False
S2-05,ny_or_break,GBPUSD,2019-10-15 15:00:00+00:00,2019-10-15 15:15:00+00:00,2019-10-15 15:15:00+00:00,1,-1.00000000000001,SL,False
S2-05,ny_or_break,GBPUSD,2019-10-15 15:15:00+00:00,2019-10-15 15:30:00+00:00,2019-10-15 18:30:00+00:00,1,1.2500000000000273,TP,False
S2-05,ny_or_break,GBPUSD,2019-10-16 12:30:00+00:00,2019-10-16 12:45:00+00:00,2019-10-16 13:45:00+00:00,1,1.249999999999991,TP,False
S2-05,ny_or_break,GBPUSD,2019-10-16 13:45:00+00:00,2019-10-16 14:00:00+00:00,2019-10-16 14:15:00+00:00,1,-1.0000000000000293,SL,False
S2-05,ny_or_break,GBPUSD,2019-10-16 14:15:00+00:00,2019-10-16 14:30:00+00:00,2019-10-16 14:45:00+00:00,1,-0.9999999999999706,SL,False
S2-05,ny_or_break,GBPUSD,2019-10-16 14:45:00+00:00,2019-10-16 15:00:00+00:00,2019-10-16 15:30:00+00:00,1,1.2499999999999898,TP,False
S2-05,ny_or_break,GBPUSD,2019-10-16 15:30:00+00:00,2019-10-16 15:45:00+00:00,2019-10-16 17:30:00+00:00,1,-1.0000000000000193,SL,False
S2-05,ny_or_break,GBPUSD,2019-10-18 16:45:00+00:00,2019-10-18 17:00:00+00:00,2019-10-18 17:00:00+00:00,1,1.151287810446085,FRIDAY,False
S2-05,ny_or_break,GBPUSD,2019-10-24 14:00:00+00:00,2019-10-24 14:15:00+00:00,2019-10-24 14:15:00+00:00,-1,1.2499999999999516,TP,False
S2-05,ny_or_break,GBPUSD,2019-10-24 14:15:00+00:00,2019-10-24 14:30:00+00:00,2019-10-24 15:00:00+00:00,-1,1.2499999999999545,TP,False
S2-05,ny_or_break,GBPUSD,2019-10-24 15:00:00+00:00,2019-10-24 15:15:00+00:00,2019-10-24 15:45:00+00:00,-1,1.2500000000000202,TP,False
S2-05,ny_or_break,GBPUSD,2019-10-24 15:45:00+00:00,2019-10-24 16:00:00+00:00,2019-10-24 16:00:00+00:00,-1,-0.9999999999999635,SL,False
S2-05,ny_or_break,GBPUSD,2019-10-24 16:00:00+00:00,2019-10-24 16:15:00+00:00,2019-10-24 16:30:00+00:00,-1,-0.9999999999999519,SL,False
S2-05,ny_or_break,GBPUSD,2019-10-24 16:30:00+00:00,2019-10-24 16:45:00+00:00,2019-10-24 20:30:00+00:00,-1,0.11246130469045929,TIME,False
S2-05,ny_or_break,GBPUSD,2019-10-25 12:45:00+00:00,2019-10-25 13:00:00+00:00,2019-10-25 13:15:00+00:00,-1,-0.9999999999999719,SL,False
S2-05,ny_or_break,GBPUSD,2019-10-25 13:30:00+00:00,2019-10-25 13:45:00+00:00,2019-10-25 14:00:00+00:00,-1,-1.0,SL,False
S2-05,ny_or_break,GBPUSD,2019-10-29 14:00:00+00:00,2019-10-29 14:15:00+00:00,2019-10-29 15:00:00+00:00,1,-1.0000000000000608,SL,False
S2-05,ny_or_break,GBPUSD,2019-10-29 15:00:00+00:00,2019-10-29 15:15:00+00:00,2019-10-29 17:00:00+00:00,1,-1.0000000000000437,SL,False
S2-05,ny_or_break,GBPUSD,2019-10-31 12:30:00+00:00,2019-10-31 12:45:00+00:00,2019-10-31 12:45:00+00:00,1,-0.9999999999999466,SL,False
S2-05,ny_or_break,GBPUSD,2019-11-04 14:15:00+00:00,2019-11-04 14:30:00+00:00,2019-11-04 14:30:00+00:00,-1,-0.9999999999998803,SL,False
S2-05,ny_or_break,GBPUSD,2019-11-04 14:30:00+00:00,2019-11-04 14:45:00+00:00,2019-11-04 15:45:00+00:00,-1,-1.000000000000039,SL,False
S2-05,ny_or_break,GBPUSD,2019-11-04 16:00:00+00:00,2019-11-04 16:15:00+00:00,2019-11-04 18:00:00+00:00,-1,1.2499999999999678,TP,False
S2-05,ny_or_break,GBPUSD,2019-11-05 15:00:00+00:00,2019-11-05 15:15:00+00:00,2019-11-05 18:00:00+00:00,-1,-0.9999999999999728,SL,False
S2-05,ny_or_break,GBPUSD,2019-11-06 16:15:00+00:00,2019-11-06 16:30:00+00:00,2019-11-06 16:45:00+00:00,-1,-1.0000000000000413,SL,False
S2-05,ny_or_break,GBPUSD,2019-11-07 12:00:00+00:00,2019-11-07 12:15:00+00:00,2019-11-07 12:30:00+00:00,-1,1.2500000000000302,TP,False
S2-05,ny_or_break,GBPUSD,2019-11-07 12:30:00+00:00,2019-11-07 12:45:00+00:00,2019-11-07 12:45:00+00:00,-1,-1.0000000000000273,SL,False
S2-05,ny_or_break,GBPUSD,2019-11-07 12:45:00+00:00,2019-11-07 13:00:00+00:00,2019-11-07 13:15:00+00:00,-1,1.250000000000026,TP,False
S2-05,ny_or_break,GBPUSD,2019-11-07 13:15:00+00:00,2019-11-07 13:30:00+00:00,2019-11-07 13:30:00+00:00,-1,-0.9999999999999285,SL,False
S2-05,ny_or_break,GBPUSD,2019-11-07 13:30:00+00:00,2019-11-07 13:45:00+00:00,2019-11-07 14:15:00+00:00,-1,-0.9999999999999547,SL,False
S2-05,ny_or_break,GBPUSD,2019-11-07 14:15:00+00:00,2019-11-07 14:30:00+00:00,2019-11-07 18:15:00+00:00,-1,0.04590728047683688,TIME,False
S2-05,ny_or_break,GBPUSD,2019-11-08 16:00:00+00:00,2019-11-08 16:15:00+00:00,2019-11-08 16:15:00+00:00,-1,0.7343774813403208,FRIDAY,False
S2-05,ny_or_break,GBPUSD,2019-11-08 16:15:00+00:00,2019-11-08 16:30:00+00:00,2019-11-08 16:30:00+00:00,-1,-0.6751851642449257,FRIDAY,False
S2-05,ny_or_break,GBPUSD,2019-11-08 16:30:00+00:00,2019-11-08 16:45:00+00:00,2019-11-08 16:45:00+00:00,-1,0.20782462120153847,FRIDAY,False
S2-05,ny_or_break,GBPUSD,2019-11-08 16:45:00+00:00,2019-11-08 17:00:00+00:00,2019-11-08 17:00:00+00:00,-1,1.0222189644588193,FRIDAY,False
S2-05,ny_or_break,GBPUSD,2019-11-11 15:00:00+00:00,2019-11-11 15:15:00+00:00,2019-11-11 16:30:00+00:00,1,-0.9999999999999526,SL,False
S2-05,ny_or_break,GBPUSD,2019-11-11 16:30:00+00:00,2019-11-11 16:45:00+00:00,2019-11-11 19:00:00+00:00,1,-1.0,SL,False
S2-05,ny_or_break,GBPUSD,2019-11-14 16:00:00+00:00,2019-11-14 16:15:00+00:00,2019-11-14 16:30:00+00:00,1,1.2499999999999343,TP,False
S2-05,ny_or_break,GBPUSD,2019-11-14 16:30:00+00:00,2019-11-14 16:45:00+00:00,2019-11-14 20:00:00+00:00,1,-0.9999999999999688,SL,False
S2-05,ny_or_break,GBPUSD,2019-11-15 14:00:00+00:00,2019-11-15 14:15:00+00:00,2019-11-15 14:15:00+00:00,1,-0.9999999999999017,SL,False
S2-05,ny_or_break,GBPUSD,2019-11-15 14:15:00+00:00,2019-11-15 14:30:00+00:00,2019-11-15 14:30:00+00:00,1,1.2500000000000615,TP,False
S2-05,ny_or_break,GBPUSD,2019-11-15 14:30:00+00:00,2019-11-15 14:45:00+00:00,2019-11-15 14:45:00+00:00,1,-0.9999999999999702,SL,False
S2-05,ny_or_break,GBPUSD,2019-11-15 14:45:00+00:00,2019-11-15 15:00:00+00:00,2019-11-15 15:45:00+00:00,1,-0.9999999999999416,SL,False
S2-05,ny_or_break,GBPUSD,2019-11-15 15:45:00+00:00,2019-11-15 16:00:00+00:00,2019-11-15 16:00:00+00:00,1,-0.29350263406727,FRIDAY,False
S2-05,ny_or_break,GBPUSD,2019-11-15 16:00:00+00:00,2019-11-15 16:15:00+00:00,2019-11-15 16:15:00+00:00,1,-0.17524444986912946,FRIDAY,False
S2-05,ny_or_break,GBPUSD,2019-11-15 16:15:00+00:00,2019-11-15 16:30:00+00:00,2019-11-15 16:30:00+00:00,1,-0.2151434968451048,FRIDAY,False
S2-05,ny_or_break,GBPUSD,2019-11-15 16:30:00+00:00,2019-11-15 16:45:00+00:00,2019-11-15 16:45:00+00:00,1,0.15297504798464492,FRIDAY,False
S2-05,ny_or_break,GBPUSD,2019-11-15 16:45:00+00:00,2019-11-15 17:00:00+00:00,2019-11-15 17:00:00+00:00,1,-0.06634087089165408,FRIDAY,False
S2-05,ny_or_break,GBPUSD,2019-11-21 12:30:00+00:00,2019-11-21 12:45:00+00:00,2019-11-21 13:00:00+00:00,1,1.2499999999999623,TP,False
S2-05,ny_or_break,GBPUSD,2019-11-21 13:00:00+00:00,2019-11-21 13:15:00+00:00,2019-11-21 13:45:00+00:00,1,-1.000000000000035,SL,False
S2-05,ny_or_break,GBPUSD,2019-11-21 13:45:00+00:00,2019-11-21 14:00:00+00:00,2019-11-21 14:15:00+00:00,1,-0.9999999999999314,SL,False
S2-05,ny_or_break,GBPUSD,2019-11-21 14:30:00+00:00,2019-11-21 14:45:00+00:00,2019-11-21 14:45:00+00:00,1,-0.9999999999999348,SL,False
S2-05,ny_or_break,GBPUSD,2019-11-22 12:30:00+00:00,2019-11-22 12:45:00+00:00,2019-11-22 14:45:00+00:00,-1,1.2499999999999716,TP,False
S2-05,ny_or_break,GBPUSD,2019-11-22 14:45:00+00:00,2019-11-22 15:00:00+00:00,2019-11-22 15:45:00+00:00,-1,1.249999999999968,TP,False
S2-05,ny_or_break,GBPUSD,2019-11-22 15:45:00+00:00,2019-11-22 16:00:00+00:00,2019-11-22 16:00:00+00:00,-1,-0.12345827386764817,FRIDAY,False
S2-05,ny_or_break,GBPUSD,2019-11-22 16:00:00+00:00,2019-11-22 16:15:00+00:00,2019-11-22 16:15:00+00:00,-1,0.4407591240875912,FRIDAY,False
S2-05,ny_or_break,GBPUSD,2019-11-22 16:15:00+00:00,2019-11-22 16:30:00+00:00,2019-11-22 16:30:00+00:00,-1,-0.8235641991788182,FRIDAY,False
S2-05,ny_or_break,GBPUSD,2019-11-22 16:30:00+00:00,2019-11-22 16:45:00+00:00,2019-11-22 16:45:00+00:00,-1,0.3734873487348735,FRIDAY,False
S2-05,ny_or_break,GBPUSD,2019-11-22 16:45:00+00:00,2019-11-22 17:00:00+00:00,2019-11-22 17:00:00+00:00,-1,-0.32506033893613157,FRIDAY,False
S2-05,ny_or_break,GBPUSD,2019-11-26 14:30:00+00:00,2019-11-26 14:45:00+00:00,2019-11-26 14:45:00+00:00,-1,-1.0000000000001046,SL,False
S2-05,ny_or_break,GBPUSD,2019-11-26 15:45:00+00:00,2019-11-26 16:00:00+00:00,2019-11-26 16:30:00+00:00,-1,-0.9999999999999438,SL,False
S2-05,ny_or_break,GBPUSD,2019-11-26 16:30:00+00:00,2019-11-26 16:45:00+00:00,2019-11-26 17:00:00+00:00,-1,-0.9999999999999171,SL,False
S2-05,ny_or_break,GBPUSD,2019-11-29 16:00:00+00:00,2019-11-29 16:15:00+00:00,2019-11-29 16:15:00+00:00,1,-0.22895968114602586,FRIDAY,False
S2-05,ny_or_break,GBPUSD,2019-11-29 16:15:00+00:00,2019-11-29 16:30:00+00:00,2019-11-29 16:30:00+00:00,1,0.8051517206806051,FRIDAY,False
S2-05,ny_or_break,GBPUSD,2019-11-29 16:30:00+00:00,2019-11-29 16:45:00+00:00,2019-11-29 16:45:00+00:00,1,-0.22038720526082678,FRIDAY,False
S2-05,ny_or_break,GBPUSD,2019-11-29 16:45:00+00:00,2019-11-29 17:00:00+00:00,2019-11-29 17:00:00+00:00,1,-0.39196772530105867,FRIDAY,False
S2-05,ny_or_break,GBPUSD,2019-12-02 12:45:00+00:00,2019-12-02 13:00:00+00:00,2019-12-02 14:45:00+00:00,1,-1.0,SL,False
S2-05,ny_or_break,GBPUSD,2019-12-02 15:00:00+00:00,2019-12-02 15:15:00+00:00,2019-12-02 15:15:00+00:00,1,-0.99999999999993,SL,False
S2-05,ny_or_break,GBPUSD,2019-12-02 16:00:00+00:00,2019-12-02 16:15:00+00:00,2019-12-02 17:30:00+00:00,1,1.2499999999999067,TP,False
S2-05,ny_or_break,GBPUSD,2019-12-03 12:45:00+00:00,2019-12-03 13:00:00+00:00,2019-12-03 13:00:00+00:00,1,-1.0000000000000295,SL,False
S2-05,ny_or_break,GBPUSD,2019-12-03 13:45:00+00:00,2019-12-03 14:00:00+00:00,2019-12-03 15:15:00+00:00,1,-1.0000000000000306,SL,False
S2-05,ny_or_break,GBPUSD,2019-12-03 16:15:00+00:00,2019-12-03 16:30:00+00:00,2019-12-03 20:00:00+00:00,1,-0.9999999999999706,SL,False
S2-05,ny_or_break,GBPUSD,2019-12-04 12:00:00+00:00,2019-12-04 12:15:00+00:00,2019-12-04 12:15:00+00:00,1,1.25,TP,False
S2-05,ny_or_break,GBPUSD,2019-12-04 12:15:00+00:00,2019-12-04 12:30:00+00:00,2019-12-04 13:00:00+00:00,1,1.2499999999999505,TP,False
S2-05,ny_or_break,GBPUSD,2019-12-04 13:00:00+00:00,2019-12-04 13:15:00+00:00,2019-12-04 15:00:00+00:00,1,1.25,TP,False
S2-05,ny_or_break,GBPUSD,2019-12-04 15:00:00+00:00,2019-12-04 15:15:00+00:00,2019-12-04 15:30:00+00:00,1,-0.9999999999999557,SL,False
S2-05,ny_or_break,GBPUSD,2019-12-04 15:30:00+00:00,2019-12-04 15:45:00+00:00,2019-12-04 16:00:00+00:00,1,1.25,TP,False
S2-05,ny_or_break,GBPUSD,2019-12-04 16:00:00+00:00,2019-12-04 16:15:00+00:00,2019-12-04 16:30:00+00:00,1,-1.0000000000000449,SL,False
S2-05,ny_or_break,GBPUSD,2019-12-04 16:30:00+00:00,2019-12-04 16:45:00+00:00,2019-12-04 20:30:00+00:00,1,0.7449614765159099,TIME,False
S2-05,ny_or_break,GBPUSD,2019-12-05 14:30:00+00:00,2019-12-05 14:45:00+00:00,2019-12-05 15:00:00+00:00,1,-0.9999999999999233,SL,False
S2-05,ny_or_break,GBPUSD,2019-12-05 15:45:00+00:00,2019-12-05 16:00:00+00:00,2019-12-05 19:45:00+00:00,1,0.4431390244902982,TIME,False
S2-05,ny_or_break,GBPUSD,2019-12-11 15:00:00+00:00,2019-12-11 15:15:00+00:00,2019-12-11 19:00:00+00:00,1,0.6100193696073252,TIME,False
S2-05,ny_or_break,GBPUSD,2019-12-17 13:45:00+00:00,2019-12-17 14:00:00+00:00,2019-12-17 14:45:00+00:00,-1,-1.0000000000000389,SL,False
S2-05,ny_or_break,GBPUSD,2019-12-17 15:45:00+00:00,2019-12-17 16:00:00+00:00,2019-12-17 16:30:00+00:00,-1,1.2500000000000497,TP,False
S2-05,ny_or_break,GBPUSD,2019-12-17 16:30:00+00:00,2019-12-17 16:45:00+00:00,2019-12-17 17:00:00+00:00,-1,-0.999999999999983,SL,False
S2-05,ny_or_break,GBPUSD,2019-12-18 13:00:00+00:00,2019-12-18 13:15:00+00:00,2019-12-18 13:45:00+00:00,-1,-1.000000000000045,SL,False
S2-05,ny_or_break,GBPUSD,2019-12-18 14:45:00+00:00,2019-12-18 15:00:00+00:00,2019-12-18 15:30:00+00:00,-1,-1.0,SL,False
S2-05,ny_or_break,GBPUSD,2019-12-18 15:45:00+00:00,2019-12-18 16:00:00+00:00,2019-12-18 18:00:00+00:00,-1,-1.0000000000000704,SL,False
S2-05,ny_or_break,GBPUSD,2019-12-19 13:15:00+00:00,2019-12-19 13:30:00+00:00,2019-12-19 13:45:00+00:00,-1,-1.000000000000014,SL,False
S2-05,ny_or_break,GBPUSD,2019-12-19 14:15:00+00:00,2019-12-19 14:30:00+00:00,2019-12-19 15:30:00+00:00,-1,1.2499999999999747,TP,False
S2-05,ny_or_break,GBPUSD,2019-12-19 15:30:00+00:00,2019-12-19 15:45:00+00:00,2019-12-19 16:15:00+00:00,-1,1.2500000000000466,TP,False
S2-05,ny_or_break,GBPUSD,2019-12-19 16:15:00+00:00,2019-12-19 16:30:00+00:00,2019-12-19 16:45:00+00:00,-1,-0.9999999999999716,SL,False
S2-05,ny_or_break,GBPUSD,2019-12-19 16:45:00+00:00,2019-12-19 17:00:00+00:00,2019-12-19 19:45:00+00:00,-1,1.2500000000000477,TP,False
S2-05,ny_or_break,GBPUSD,2019-12-23 12:15:00+00:00,2019-12-23 12:30:00+00:00,2019-12-23 13:00:00+00:00,-1,1.249999999999979,TP,False
S2-05,ny_or_break,GBPUSD,2019-12-23 13:00:00+00:00,2019-12-23 13:15:00+00:00,2019-12-23 14:30:00+00:00,-1,-1.0,SL,False
S2-05,ny_or_break,GBPUSD,2019-12-23 14:30:00+00:00,2019-12-23 14:45:00+00:00,2019-12-23 15:00:00+00:00,-1,-1.0000000000000207,SL,False
S2-05,ny_or_break,GBPUSD,2019-12-23 15:00:00+00:00,2019-12-23 15:15:00+00:00,2019-12-23 15:45:00+00:00,-1,1.2500000000000189,TP,False
S2-05,ny_or_break,GBPUSD,2019-12-23 15:45:00+00:00,2019-12-23 16:00:00+00:00,2019-12-23 19:00:00+00:00,-1,-1.0,SL,False
S2-05,ny_or_break,GBPUSD,2019-12-26 15:45:00+00:00,2019-12-26 16:00:00+00:00,2019-12-26 16:15:00+00:00,1,1.2500000000000429,TP,False
S2-05,ny_or_break,GBPUSD,2019-12-26 16:15:00+00:00,2019-12-26 16:30:00+00:00,2019-12-26 16:45:00+00:00,1,-1.0000000000001152,SL,False
S2-05,ny_or_break,GBPUSD,2019-12-26 16:45:00+00:00,2019-12-26 17:00:00+00:00,2019-12-26 20:45:00+00:00,1,-0.37389458790237,TIME,False
S2-05,ny_or_break,GBPUSD,2019-12-27 12:00:00+00:00,2019-12-27 12:15:00+00:00,2019-12-27 13:00:00+00:00,1,1.2499999999999722,TP,False
S2-05,ny_or_break,GBPUSD,2019-12-27 13:00:00+00:00,2019-12-27 13:15:00+00:00,2019-12-27 13:30:00+00:00,1,-0.99999999999997,SL,False
S2-05,ny_or_break,GBPUSD,2019-12-27 13:30:00+00:00,2019-12-27 13:45:00+00:00,2019-12-27 14:30:00+00:00,1,1.24999999999991,TP,False
S2-05,ny_or_break,GBPUSD,2019-12-27 14:30:00+00:00,2019-12-27 14:45:00+00:00,2019-12-27 15:45:00+00:00,1,-1.00000000000005,SL,False
S2-05,ny_or_break,GBPUSD,2019-12-27 15:45:00+00:00,2019-12-27 16:00:00+00:00,2019-12-27 16:00:00+00:00,1,0.4896236725565881,FRIDAY,False
S2-05,ny_or_break,GBPUSD,2019-12-27 16:00:00+00:00,2019-12-27 16:15:00+00:00,2019-12-27 16:15:00+00:00,1,-0.6221829764420196,FRIDAY,False
S2-05,ny_or_break,GBPUSD,2019-12-27 16:15:00+00:00,2019-12-27 16:30:00+00:00,2019-12-27 16:30:00+00:00,1,-0.2746804359733394,FRIDAY,False
S2-05,ny_or_break,GBPUSD,2019-12-27 16:30:00+00:00,2019-12-27 16:45:00+00:00,2019-12-27 16:45:00+00:00,1,-0.24558032534033944,FRIDAY,False
S2-05,ny_or_break,GBPUSD,2019-12-27 16:45:00+00:00,2019-12-27 17:00:00+00:00,2019-12-27 17:00:00+00:00,1,-0.16964906983155878,FRIDAY,False
S2-05,ny_or_break,GBPUSD,2019-12-30 12:00:00+00:00,2019-12-30 12:15:00+00:00,2019-12-30 13:15:00+00:00,1,-0.9999999999999457,SL,False
S2-05,ny_or_break,GBPUSD,2019-12-30 14:00:00+00:00,2019-12-30 14:15:00+00:00,2019-12-30 15:00:00+00:00,1,-1.0000000000000908,SL,False
S2-05,ny_or_break,GBPUSD,2019-12-30 15:00:00+00:00,2019-12-30 15:15:00+00:00,2019-12-30 15:15:00+00:00,1,-0.999999999999942,SL,False
S2-05,ny_or_break,GBPUSD,2019-12-30 15:30:00+00:00,2019-12-30 15:45:00+00:00,2019-12-30 15:45:00+00:00,1,-0.9999999999999728,SL,False
S2-05,ny_or_break,GBPUSD,2019-12-30 16:00:00+00:00,2019-12-30 16:15:00+00:00,2019-12-30 16:45:00+00:00,1,1.2499999999999525,TP,False
S2-05,ny_or_break,GBPUSD,2019-12-30 16:45:00+00:00,2019-12-30 17:00:00+00:00,2019-12-30 17:30:00+00:00,1,-0.9999999999999757,SL,False
S2-05,ny_or_break,GBPUSD,2019-12-31 13:30:00+00:00,2019-12-31 13:45:00+00:00,2019-12-31 14:00:00+00:00,1,-1.0000000000000426,SL,False
S2-05,ny_or_break,GBPUSD,2019-12-31 14:45:00+00:00,2019-12-31 15:00:00+00:00,2019-12-31 15:30:00+00:00,1,1.249999999999931,TP,False
S2-05,ny_or_break,GBPUSD,2019-12-31 15:30:00+00:00,2019-12-31 15:45:00+00:00,2019-12-31 15:45:00+00:00,1,1.25,TP,False
S2-05,ny_or_break,GBPUSD,2019-12-31 15:45:00+00:00,2019-12-31 16:00:00+00:00,2019-12-31 16:00:00+00:00,1,-1.0000000000000702,SL,False
S2-05,ny_or_break,GBPUSD,2019-12-31 16:00:00+00:00,2019-12-31 16:15:00+00:00,2019-12-31 16:30:00+00:00,1,1.250000000000044,TP,False
S2-05,ny_or_break,GBPUSD,2019-12-31 16:30:00+00:00,2019-12-31 16:45:00+00:00,2019-12-31 17:00:00+00:00,1,-1.0000000000000377,SL,False
S2-05,ny_or_break,GBPUSD,2020-01-08 16:15:00+00:00,2020-01-08 16:30:00+00:00,2020-01-08 16:45:00+00:00,-1,-0.9999999999999589,SL,False
S2-05,ny_or_break,GBPUSD,2020-01-16 12:15:00+00:00,2020-01-16 12:30:00+00:00,2020-01-16 13:15:00+00:00,1,-0.9999999999999619,SL,False
S2-05,ny_or_break,GBPUSD,2020-01-16 16:00:00+00:00,2020-01-16 16:15:00+00:00,2020-01-16 20:00:00+00:00,1,-0.17279097133076596,TIME,False
S2-05,ny_or_break,GBPUSD,2020-01-21 13:00:00+00:00,2020-01-21 13:15:00+00:00,2020-01-21 14:00:00+00:00,1,-0.9999999999999098,SL,False
S2-05,ny_or_break,GBPUSD,2020-01-22 12:00:00+00:00,2020-01-22 12:15:00+00:00,2020-01-22 14:00:00+00:00,1,1.249999999999926,TP,False
S2-05,ny_or_break,GBPUSD,2020-01-22 14:00:00+00:00,2020-01-22 14:15:00+00:00,2020-01-22 14:30:00+00:00,1,-1.0000000000000455,SL,False
S2-05,ny_or_break,GBPUSD,2020-01-22 14:30:00+00:00,2020-01-22 14:45:00+00:00,2020-01-22 15:00:00+00:00,1,-0.9999999999999528,SL,False
S2-05,ny_or_break,GBPUSD,2020-01-22 15:00:00+00:00,2020-01-22 15:15:00+00:00,2020-01-22 15:30:00+00:00,1,1.249999999999952,TP,False
S2-05,ny_or_break,GBPUSD,2020-01-22 15:30:00+00:00,2020-01-22 15:45:00+00:00,2020-01-22 16:30:00+00:00,1,-0.9999999999999233,SL,False
S2-05,ny_or_break,GBPUSD,2020-01-22 16:30:00+00:00,2020-01-22 16:45:00+00:00,2020-01-22 20:30:00+00:00,1,0.1991463742103255,TIME,False
S2-05,ny_or_break,GBPUSD,2020-01-27 14:45:00+00:00,2020-01-27 15:00:00+00:00,2020-01-27 17:00:00+00:00,-1,1.2499999999999294,TP,False
S2-05,ny_or_break,GBPUSD,2020-01-28 14:00:00+00:00,2020-01-28 14:15:00+00:00,2020-01-28 15:30:00+00:00,-1,1.2499999999999678,TP,False
S2-05,ny_or_break,GBPUSD,2020-01-28 15:30:00+00:00,2020-01-28 15:45:00+00:00,2020-01-28 16:30:00+00:00,-1,-1.0,SL,False
S2-05,ny_or_break,GBPUSD,2020-01-28 16:30:00+00:00,2020-01-28 16:45:00+00:00,2020-01-28 19:30:00+00:00,-1,-1.0000000000000873,SL,False
S2-05,ny_or_break,GBPUSD,2020-01-29 13:15:00+00:00,2020-01-29 13:30:00+00:00,2020-01-29 14:30:00+00:00,-1,-0.9999999999999526,SL,False
S2-05,ny_or_break,GBPUSD,2020-01-29 14:30:00+00:00,2020-01-29 14:45:00+00:00,2020-01-29 14:45:00+00:00,-1,-0.9999999999999128,SL,False
S2-05,ny_or_break,GBPUSD,2020-01-29 15:15:00+00:00,2020-01-29 15:30:00+00:00,2020-01-29 15:30:00+00:00,-1,-0.9999999999999226,SL,False
S2-05,ny_or_break,GBPUSD,2020-01-29 15:45:00+00:00,2020-01-29 16:00:00+00:00,2020-01-29 16:45:00+00:00,-1,-1.0000000000000353,SL,False
S2-05,ny_or_break,GBPUSD,2020-01-30 14:00:00+00:00,2020-01-30 14:15:00+00:00,2020-01-30 14:45:00+00:00,1,-0.9999999999999833,SL,False
S2-05,ny_or_break,GBPUSD,2020-01-30 14:45:00+00:00,2020-01-30 15:00:00+00:00,2020-01-30 16:00:00+00:00,1,1.2499999999999665,TP,False
S2-05,ny_or_break,GBPUSD,2020-01-30 16:00:00+00:00,2020-01-30 16:15:00+00:00,2020-01-30 18:15:00+00:00,1,-0.9999999999999498,SL,False
S2-05,ny_or_break,GBPUSD,2020-01-31 13:45:00+00:00,2020-01-31 14:00:00+00:00,2020-01-31 14:15:00+00:00,1,1.25000000000007,TP,False
S2-05,ny_or_break,GBPUSD,2020-01-31 14:15:00+00:00,2020-01-31 14:30:00+00:00,2020-01-31 15:15:00+00:00,1,-1.0000000000000369,SL,False
S2-05,ny_or_break,GBPUSD,2020-01-31 15:15:00+00:00,2020-01-31 15:30:00+00:00,2020-01-31 15:45:00+00:00,1,1.2499999999998916,TP,False
S2-05,ny_or_break,GBPUSD,2020-01-31 15:45:00+00:00,2020-01-31 16:00:00+00:00,2020-01-31 16:00:00+00:00,1,-0.354709243644051,FRIDAY,False
S2-05,ny_or_break,GBPUSD,2020-01-31 16:00:00+00:00,2020-01-31 16:15:00+00:00,2020-01-31 16:15:00+00:00,1,0.9118479948844432,FRIDAY,False
S2-05,ny_or_break,GBPUSD,2020-01-31 16:15:00+00:00,2020-01-31 16:30:00+00:00,2020-01-31 16:30:00+00:00,1,-0.3481605181923992,FRIDAY,False
S2-05,ny_or_break,GBPUSD,2020-01-31 16:30:00+00:00,2020-01-31 16:45:00+00:00,2020-01-31 16:45:00+00:00,1,0.5108004895238938,FRIDAY,False
S2-05,ny_or_break,GBPUSD,2020-01-31 16:45:00+00:00,2020-01-31 17:00:00+00:00,2020-01-31 17:00:00+00:00,1,-0.6445333371842824,FRIDAY,False
S2-05,ny_or_break,GBPUSD,2020-02-03 15:00:00+00:00,2020-02-03 15:15:00+00:00,2020-02-03 16:30:00+00:00,-1,1.2499999999999714,TP,False
S2-05,ny_or_break,GBPUSD,2020-02-03 16:30:00+00:00,2020-02-03 16:45:00+00:00,2020-02-03 18:45:00+00:00,-1,1.2499999999999742,TP,False
S2-05,ny_or_break,GBPUSD,2020-02-05 14:00:00+00:00,2020-02-05 14:15:00+00:00,2020-02-05 14:30:00+00:00,-1,1.2500000000000226,TP,False
S2-05,ny_or_break,GBPUSD,2020-02-05 14:30:00+00:00,2020-02-05 14:45:00+00:00,2020-02-05 15:00:00+00:00,-1,-1.0000000000000608,SL,False
S2-05,ny_or_break,GBPUSD,2020-02-05 15:00:00+00:00,2020-02-05 15:15:00+00:00,2020-02-05 15:15:00+00:00,-1,-1.0000000000000593,SL,False
S2-05,ny_or_break,GBPUSD,2020-02-05 15:15:00+00:00,2020-02-05 15:30:00+00:00,2020-02-05 19:15:00+00:00,-1,0.0993693599526149,TIME,False
S2-05,ny_or_break,GBPUSD,2020-02-06 15:15:00+00:00,2020-02-06 15:30:00+00:00,2020-02-06 15:30:00+00:00,-1,-0.9999999999999716,SL,False
S2-05,ny_or_break,GBPUSD,2020-02-06 15:30:00+00:00,2020-02-06 15:45:00+00:00,2020-02-06 15:45:00+00:00,-1,1.250000000000082,TP,False
S2-05,ny_or_break,GBPUSD,2020-02-06 15:45:00+00:00,2020-02-06 16:00:00+00:00,2020-02-06 16:30:00+00:00,-1,-1.0000000000000517,SL,False
S2-05,ny_or_break,GBPUSD,2020-02-06 16:30:00+00:00,2020-02-06 16:45:00+00:00,2020-02-06 20:30:00+00:00,-1,0.19806241819923628,TIME,False
S2-05,ny_or_break,GBPUSD,2020-02-07 16:15:00+00:00,2020-02-07 16:30:00+00:00,2020-02-07 16:30:00+00:00,-1,0.22812604858981228,FRIDAY,False
S2-05,ny_or_break,GBPUSD,2020-02-07 16:30:00+00:00,2020-02-07 16:45:00+00:00,2020-02-07 16:45:00+00:00,-1,-0.3278029332194219,FRIDAY,False
S2-05,ny_or_break,GBPUSD,2020-02-07 16:45:00+00:00,2020-02-07 17:00:00+00:00,2020-02-07 17:00:00+00:00,-1,0.4686910752501591,FRIDAY,False
S2-05,ny_or_break,GBPUSD,2020-02-11 15:00:00+00:00,2020-02-11 15:15:00+00:00,2020-02-11 15:15:00+00:00,1,-0.9999999999999682,SL,False
S2-05,ny_or_break,GBPUSD,2020-02-11 15:15:00+00:00,2020-02-11 15:30:00+00:00,2020-02-11 16:00:00+00:00,1,-1.0000000000000595,SL,False
S2-05,ny_or_break,GBPUSD,2020-02-11 16:00:00+00:00,2020-02-11 16:15:00+00:00,2020-02-11 17:00:00+00:00,1,-0.9999999999999465,SL,False
S2-05,ny_or_break,GBPUSD,2020-02-13 12:00:00+00:00,2020-02-13 12:15:00+00:00,2020-02-13 12:30:00+00:00,1,1.25,TP,False
S2-05,ny_or_break,GBPUSD,2020-02-13 12:30:00+00:00,2020-02-13 12:45:00+00:00,2020-02-13 13:45:00+00:00,1,-1.000000000000067,SL,False
S2-05,ny_or_break,GBPUSD,2020-02-13 13:45:00+00:00,2020-02-13 14:00:00+00:00,2020-02-13 14:30:00+00:00,1,1.2499999999999563,TP,False
S2-05,ny_or_break,GBPUSD,2020-02-13 14:30:00+00:00,2020-02-13 14:45:00+00:00,2020-02-13 15:15:00+00:00,1,1.2499999999999805,TP,False
S2-05,ny_or_break,GBPUSD,2020-02-13 15:15:00+00:00,2020-02-13 15:30:00+00:00,2020-02-13 19:15:00+00:00,1,-0.42328221818201095,TIME,False
S2-05,ny_or_break,GBPUSD,2020-02-19 14:00:00+00:00,2020-02-19 14:15:00+00:00,2020-02-19 15:30:00+00:00,-1,1.2500000000000966,TP,False
S2-05,ny_or_break,GBPUSD,2020-02-19 15:30:00+00:00,2020-02-19 15:45:00+00:00,2020-02-19 15:45:00+00:00,-1,-0.9999999999999692,SL,False
S2-05,ny_or_break,GBPUSD,2020-02-19 15:45:00+00:00,2020-02-19 16:00:00+00:00,2020-02-19 16:30:00+00:00,-1,1.2499999999999734,TP,False
S2-05,ny_or_break,GBPUSD,2020-02-19 16:30:00+00:00,2020-02-19 16:45:00+00:00,2020-02-19 18:00:00+00:00,-1,1.2500000000000497,TP,False
S2-05,ny_or_break,GBPUSD,2020-02-25 15:15:00+00:00,2020-02-25 15:30:00+00:00,2020-02-25 15:30:00+00:00,1,-0.9999999999999066,SL,False
S2-05,ny_or_break,GBPUSD,2020-02-25 15:45:00+00:00,2020-02-25 16:00:00+00:00,2020-02-25 16:30:00+00:00,1,-1.0000000000000273,SL,False
S2-05,ny_or_break,GBPUSD,2020-02-25 16:30:00+00:00,2020-02-25 16:45:00+00:00,2020-02-25 16:45:00+00:00,1,-1.0000000000000846,SL,False
S2-05,ny_or_break,GBPUSD,2020-02-25 16:45:00+00:00,2020-02-25 17:00:00+00:00,2020-02-25 20:45:00+00:00,1,-0.33256377865865167,TIME,False
S2-05,ny_or_break,GBPUSD,2020-02-26 16:00:00+00:00,2020-02-26 16:15:00+00:00,2020-02-26 16:45:00+00:00,-1,-1.0000000000000728,SL,False
S2-05,ny_or_break,GBPUSD,2020-02-26 16:45:00+00:00,2020-02-26 17:00:00+00:00,2020-02-26 18:00:00+00:00,-1,1.2499999999999745,TP,False
S2-05,ny_or_break,GBPUSD,2020-02-28 13:45:00+00:00,2020-02-28 14:00:00+00:00,2020-02-28 14:15:00+00:00,-1,1.25,TP,False
S2-05,ny_or_break,GBPUSD,2020-02-28 14:15:00+00:00,2020-02-28 14:30:00+00:00,2020-02-28 15:00:00+00:00,-1,1.2499999999999762,TP,False
S2-05,ny_or_break,GBPUSD,2020-02-28 15:00:00+00:00,2020-02-28 15:15:00+00:00,2020-02-28 15:45:00+00:00,-1,1.2499999999999563,TP,False
S2-05,ny_or_break,GBPUSD,2020-02-28 15:45:00+00:00,2020-02-28 16:00:00+00:00,2020-02-28 16:00:00+00:00,-1,-0.7050359712230216,FRIDAY,False
S2-05,ny_or_break,GBPUSD,2020-02-28 16:00:00+00:00,2020-02-28 16:15:00+00:00,2020-02-28 16:15:00+00:00,-1,0.9304058154996595,FRIDAY,False
S2-05,ny_or_break,GBPUSD,2020-02-28 16:15:00+00:00,2020-02-28 16:30:00+00:00,2020-02-28 16:30:00+00:00,-1,-0.7783323965402975,FRIDAY,False
S2-05,ny_or_break,GBPUSD,2020-02-28 16:30:00+00:00,2020-02-28 16:45:00+00:00,2020-02-28 16:45:00+00:00,-1,0.20330535257765164,FRIDAY,False
S2-05,ny_or_break,GBPUSD,2020-02-28 16:45:00+00:00,2020-02-28 17:00:00+00:00,2020-02-28 17:00:00+00:00,-1,0.24333900622157745,FRIDAY,False
S2-05,ny_or_break,GBPUSD,2020-03-02 15:45:00+00:00,2020-03-02 16:00:00+00:00,2020-03-02 16:00:00+00:00,-1,-0.9999999999999464,SL,False
S2-05,ny_or_break,GBPUSD,2020-03-04 16:30:00+00:00,2020-03-04 16:45:00+00:00,2020-03-04 17:15:00+00:00,1,1.2499999999999438,TP,False
S2-05,ny_or_break,GBPUSD,2020-03-05 12:00:00+00:00,2020-03-05 12:15:00+00:00,2020-03-05 12:15:00+00:00,1,-1.000000000000025,SL,False
S2-05,ny_or_break,GBPUSD,2020-03-05 16:30:00+00:00,2020-03-05 16:45:00+00:00,2020-03-05 16:45:00+00:00,1,1.2499999999999725,TP,False
S2-05,ny_or_break,GBPUSD,2020-03-05 16:45:00+00:00,2020-03-05 17:00:00+00:00,2020-03-05 20:15:00+00:00,1,1.250000000000026,TP,False
S2-05,ny_or_break,GBPUSD,2020-03-06 14:45:00+00:00,2020-03-06 15:00:00+00:00,2020-03-06 15:00:00+00:00,1,1.250000000000044,TP,False
S2-05,ny_or_break,GBPUSD,2020-03-06 15:00:00+00:00,2020-03-06 15:15:00+00:00,2020-03-06 15:15:00+00:00,1,-0.9999999999999586,SL,False
S2-05,ny_or_break,GBPUSD,2020-03-06 15:15:00+00:00,2020-03-06 15:30:00+00:00,2020-03-06 16:00:00+00:00,1,-0.3530226341976588,FRIDAY,False
S2-05,ny_or_break,GBPUSD,2020-03-10 16:00:00+00:00,2020-03-10 16:15:00+00:00,2020-03-10 16:15:00+00:00,-1,-1.000000000000032,SL,False
S2-05,ny_or_break,GBPUSD,2020-03-10 16:15:00+00:00,2020-03-10 16:30:00+00:00,2020-03-10 16:45:00+00:00,-1,1.2500000000000155,TP,False
S2-05,ny_or_break,GBPUSD,2020-03-10 16:45:00+00:00,2020-03-10 17:00:00+00:00,2020-03-10 17:30:00+00:00,-1,-0.9999999999999553,SL,False
S2-05,ny_or_break,GBPUSD,2020-03-12 12:15:00+00:00,2020-03-12 12:30:00+00:00,2020-03-12 12:30:00+00:00,-1,1.2500000000000149,TP,False
S2-05,ny_or_break,GBPUSD,2020-03-12 12:30:00+00:00,2020-03-12 12:45:00+00:00,2020-03-12 12:45:00+00:00,-1,-1.0000000000000138,SL,False
S2-05,ny_or_break,GBPUSD,2020-03-12 12:45:00+00:00,2020-03-12 13:00:00+00:00,2020-03-12 13:00:00+00:00,-1,-0.9999999999999872,SL,False
S2-05,ny_or_break,GBPUSD,2020-03-12 13:00:00+00:00,2020-03-12 13:15:00+00:00,2020-03-12 13:30:00+00:00,-1,1.2499999999999634,TP,False
S2-05,ny_or_break,GBPUSD,2020-03-12 13:30:00+00:00,2020-03-12 13:45:00+00:00,2020-03-12 13:45:00+00:00,-1,1.2500000000000115,TP,False
S2-05,ny_or_break,GBPUSD,2020-03-12 13:45:00+00:00,2020-03-12 14:00:00+00:00,2020-03-12 14:00:00+00:00,-1,1.2499999999999687,TP,False
S2-05,ny_or_break,GBPUSD,2020-03-12 14:00:00+00:00,2020-03-12 14:15:00+00:00,2020-03-12 14:15:00+00:00,-1,-0.9999999999999702,SL,False
S2-05,ny_or_break,GBPUSD,2020-03-12 14:15:00+00:00,2020-03-12 14:30:00+00:00,2020-03-12 15:15:00+00:00,-1,1.2500000000000184,TP,False
S2-05,ny_or_break,GBPUSD,2020-03-12 15:15:00+00:00,2020-03-12 15:30:00+00:00,2020-03-12 16:00:00+00:00,-1,1.249999999999974,TP,False
S2-05,ny_or_break,GBPUSD,2020-03-12 16:00:00+00:00,2020-03-12 16:15:00+00:00,2020-03-12 16:15:00+00:00,-1,-1.0000000000000175,SL,False
S2-05,ny_or_break,GBPUSD,2020-03-12 16:15:00+00:00,2020-03-12 16:30:00+00:00,2020-03-12 16:45:00+00:00,-1,-1.000000000000018,SL,False
S2-05,ny_or_break,GBPUSD,2020-03-12 16:45:00+00:00,2020-03-12 17:00:00+00:00,2020-03-12 18:00:00+00:00,-1,-0.9999999999999828,SL,False
S2-05,ny_or_break,GBPUSD,2020-03-13 12:15:00+00:00,2020-03-13 12:30:00+00:00,2020-03-13 13:30:00+00:00,-1,1.2500000000000258,TP,False
S2-05,ny_or_break,GBPUSD,2020-03-13 13:30:00+00:00,2020-03-13 13:45:00+00:00,2020-03-13 13:45:00+00:00,-1,-1.0000000000000124,SL,False
S2-05,ny_or_break,GBPUSD,2020-03-13 14:00:00+00:00,2020-03-13 14:15:00+00:00,2020-03-13 14:45:00+00:00,-1,-1.0000000000000375,SL,False
S2-05,ny_or_break,GBPUSD,2020-03-13 15:00:00+00:00,2020-03-13 15:15:00+00:00,2020-03-13 15:30:00+00:00,-1,1.2499999999999862,TP,False
S2-05,ny_or_break,GBPUSD,2020-03-13 15:30:00+00:00,2020-03-13 15:45:00+00:00,2020-03-13 15:45:00+00:00,-1,1.2499999999999865,TP,False
S2-05,ny_or_break,GBPUSD,2020-03-13 15:45:00+00:00,2020-03-13 16:00:00+00:00,2020-03-13 16:00:00+00:00,-1,0.4580562772469065,FRIDAY,False
S2-05,ny_or_break,GBPUSD,2020-03-13 16:00:00+00:00,2020-03-13 16:15:00+00:00,2020-03-13 16:15:00+00:00,-1,-0.37285124231850614,FRIDAY,False
S2-05,ny_or_break,GBPUSD,2020-03-13 16:15:00+00:00,2020-03-13 16:30:00+00:00,2020-03-13 16:30:00+00:00,-1,1.4860869238382801,FRIDAY,False
S2-05,ny_or_break,GBPUSD,2020-03-13 16:30:00+00:00,2020-03-13 16:45:00+00:00,2020-03-13 16:45:00+00:00,-1,0.010237138029482026,FRIDAY,False
S2-05,ny_or_break,GBPUSD,2020-03-13 16:45:00+00:00,2020-03-13 17:00:00+00:00,2020-03-13 17:00:00+00:00,-1,0.1540742229704264,FRIDAY,False
S2-05,ny_or_break,GBPUSD,2020-03-16 13:15:00+00:00,2020-03-16 13:30:00+00:00,2020-03-16 13:45:00+00:00,-1,-0.999999999999974,SL,False
S2-05,ny_or_break,GBPUSD,2020-03-16 14:00:00+00:00,2020-03-16 14:15:00+00:00,2020-03-16 14:30:00+00:00,-1,-0.9999999999999919,SL,False
S2-05,ny_or_break,GBPUSD,2020-03-16 16:30:00+00:00,2020-03-16 16:45:00+00:00,2020-03-16 17:15:00+00:00,-1,1.25,TP,False
S2-05,ny_or_break,GBPUSD,2020-03-17 13:15:00+00:00,2020-03-17 13:30:00+00:00,2020-03-17 13:45:00+00:00,-1,1.2500000000000138,TP,False
S2-05,ny_or_break,GBPUSD,2020-03-17 13:45:00+00:00,2020-03-17 14:00:00+00:00,2020-03-17 14:00:00+00:00,-1,-1.0000000000000124,SL,False
S2-05,ny_or_break,GBPUSD,2020-03-17 14:00:00+00:00,2020-03-17 14:15:00+00:00,2020-03-17 14:30:00+00:00,-1,1.2499999999999654,TP,False
S2-05,ny_or_break,GBPUSD,2020-03-17 14:30:00+00:00,2020-03-17 14:45:00+00:00,2020-03-17 15:15:00+00:00,-1,-0.9999999999999684,SL,False
S2-05,ny_or_break,GBPUSD,2020-03-17 15:15:00+00:00,2020-03-17 15:30:00+00:00,2020-03-17 15:45:00+00:00,-1,1.249999999999989,TP,False
S2-05,ny_or_break,GBPUSD,2020-03-17 15:45:00+00:00,2020-03-17 16:00:00+00:00,2020-03-17 16:15:00+00:00,-1,-1.0000000000000102,SL,False
S2-05,ny_or_break,GBPUSD,2020-03-17 16:15:00+00:00,2020-03-17 16:30:00+00:00,2020-03-17 17:15:00+00:00,-1,-0.9999999999999805,SL,False
S2-05,ny_or_break,GBPUSD,2020-03-18 12:15:00+00:00,2020-03-18 12:30:00+00:00,2020-03-18 12:45:00+00:00,-1,-1.0000000000000226,SL,False
S2-05,ny_or_break,GBPUSD,2020-03-18 12:45:00+00:00,2020-03-18 13:00:00+00:00,2020-03-18 13:30:00+00:00,-1,1.25,TP,False
S2-05,ny_or_break,GBPUSD,2020-03-18 13:30:00+00:00,2020-03-18 13:45:00+00:00,2020-03-18 14:00:00+00:00,-1,-0.999999999999978,SL,False
S2-05,ny_or_break,GBPUSD,2020-03-18 14:00:00+00:00,2020-03-18 14:15:00+00:00,2020-03-18 15:00:00+00:00,-1,1.2499999999999931,TP,False
S2-05,ny_or_break,GBPUSD,2020-03-18 15:00:00+00:00,2020-03-18 15:15:00+00:00,2020-03-18 16:30:00+00:00,-1,1.249999999999993,TP,False
S2-05,ny_or_break,GBPUSD,2020-03-18 16:30:00+00:00,2020-03-18 16:45:00+00:00,2020-03-18 16:45:00+00:00,-1,1.2499999999999842,TP,False
S2-05,ny_or_break,GBPUSD,2020-03-18 16:45:00+00:00,2020-03-18 17:00:00+00:00,2020-03-18 17:45:00+00:00,-1,-0.9999999999999887,SL,False
S2-05,ny_or_break,GBPUSD,2020-03-23 15:30:00+00:00,2020-03-23 15:45:00+00:00,2020-03-23 17:45:00+00:00,-1,-0.9999999999999805,SL,False
S2-05,ny_or_break,GBPUSD,2020-03-26 13:00:00+00:00,2020-03-26 13:15:00+00:00,2020-03-26 13:30:00+00:00,1,-1.0000000000000169,SL,False
S2-05,ny_or_break,GBPUSD,2020-03-26 13:45:00+00:00,2020-03-26 14:00:00+00:00,2020-03-26 14:15:00+00:00,1,-1.0000000000000087,SL,False
S2-05,ny_or_break,GBPUSD,2020-03-26 14:15:00+00:00,2020-03-26 14:30:00+00:00,2020-03-26 15:15:00+00:00,1,1.2500000000000084,TP,False
S2-05,ny_or_break,GBPUSD,2020-03-26 15:15:00+00:00,2020-03-26 15:30:00+00:00,2020-03-26 15:45:00+00:00,1,1.2500000000000075,TP,False
S2-05,ny_or_break,GBPUSD,2020-03-26 15:45:00+00:00,2020-03-26 16:00:00+00:00,2020-03-26 19:30:00+00:00,1,1.2499999999999787,TP,False
S2-05,ny_or_break,GBPUSD,2020-03-27 15:15:00+00:00,2020-03-27 15:30:00+00:00,2020-03-27 15:45:00+00:00,1,1.2499999999999811,TP,False
S2-05,ny_or_break,GBPUSD,2020-03-27 15:45:00+00:00,2020-03-27 16:00:00+00:00,2020-03-27 16:00:00+00:00,1,0.9509462395052547,FRIDAY,False
S2-05,ny_or_break,GBPUSD,2020-03-27 16:00:00+00:00,2020-03-27 16:15:00+00:00,2020-03-27 16:15:00+00:00,1,0.41728310273616537,FRIDAY,False
S2-05,ny_or_break,GBPUSD,2020-03-27 16:15:00+00:00,2020-03-27 16:30:00+00:00,2020-03-27 16:30:00+00:00,1,-0.03933788010675033,FRIDAY,False
S2-05,ny_or_break,GBPUSD,2020-03-27 16:30:00+00:00,2020-03-27 16:45:00+00:00,2020-03-27 16:45:00+00:00,1,-0.039938720164319305,FRIDAY,False
S2-05,ny_or_break,GBPUSD,2020-03-27 16:45:00+00:00,2020-03-27 17:00:00+00:00,2020-03-27 17:00:00+00:00,1,-0.5180084060782412,FRIDAY,False
S2-05,ny_or_break,GBPUSD,2020-03-31 13:00:00+00:00,2020-03-31 13:15:00+00:00,2020-03-31 14:00:00+00:00,1,1.25,TP,False
S2-05,ny_or_break,GBPUSD,2020-03-31 14:00:00+00:00,2020-03-31 14:15:00+00:00,2020-03-31 14:15:00+00:00,1,-1.0000000000000124,SL,False
S2-05,ny_or_break,GBPUSD,2020-03-31 14:15:00+00:00,2020-03-31 14:30:00+00:00,2020-03-31 14:45:00+00:00,1,-0.9999999999999646,SL,False
S2-05,ny_or_break,GBPUSD,2020-03-31 14:45:00+00:00,2020-03-31 15:00:00+00:00,2020-03-31 15:00:00+00:00,1,1.25,TP,False
S2-05,ny_or_break,GBPUSD,2020-03-31 15:00:00+00:00,2020-03-31 15:15:00+00:00,2020-03-31 16:30:00+00:00,1,-1.0000000000000098,SL,False
S2-05,ny_or_break,GBPUSD,2020-03-31 16:30:00+00:00,2020-03-31 16:45:00+00:00,2020-03-31 17:00:00+00:00,1,-1.000000000000009,SL,False
S2-05,ny_or_break,GBPUSD,2020-04-01 13:00:00+00:00,2020-04-01 13:15:00+00:00,2020-04-01 14:00:00+00:00,1,1.250000000000017,TP,False
S2-05,ny_or_break,GBPUSD,2020-04-01 14:00:00+00:00,2020-04-01 14:15:00+00:00,2020-04-01 14:30:00+00:00,1,-1.000000000000031,SL,False
S2-05,ny_or_break,GBPUSD,2020-04-01 14:30:00+00:00,2020-04-01 14:45:00+00:00,2020-04-01 15:00:00+00:00,1,-1.000000000000048,SL,False
S2-05,ny_or_break,GBPUSD,2020-04-01 15:15:00+00:00,2020-04-01 15:30:00+00:00,2020-04-01 17:30:00+00:00,1,-1.000000000000043,SL,False
S2-05,ny_or_break,GBPUSD,2020-04-03 12:30:00+00:00,2020-04-03 12:45:00+00:00,2020-04-03 13:30:00+00:00,-1,-1.0,SL,False
S2-05,ny_or_break,GBPUSD,2020-04-03 14:00:00+00:00,2020-04-03 14:15:00+00:00,2020-04-03 14:30:00+00:00,-1,1.2500000000000462,TP,False
S2-05,ny_or_break,GBPUSD,2020-04-03 14:30:00+00:00,2020-04-03 14:45:00+00:00,2020-04-03 14:45:00+00:00,-1,-0.9999999999999857,SL,False
S2-05,ny_or_break,GBPUSD,2020-04-03 14:45:00+00:00,2020-04-03 15:00:00+00:00,2020-04-03 15:30:00+00:00,-1,1.2499999999999603,TP,False
S2-05,ny_or_break,GBPUSD,2020-04-03 15:30:00+00:00,2020-04-03 15:45:00+00:00,2020-04-03 16:00:00+00:00,-1,-0.572910037184329,FRIDAY,False
S2-05,ny_or_break,GBPUSD,2020-04-03 16:00:00+00:00,2020-04-03 16:15:00+00:00,2020-04-03 16:15:00+00:00,-1,-0.5663555264698792,FRIDAY,False
S2-05,ny_or_break,GBPUSD,2020-04-03 16:15:00+00:00,2020-04-03 16:30:00+00:00,2020-04-03 16:30:00+00:00,-1,-0.23228954464530505,FRIDAY,False
S2-05,ny_or_break,GBPUSD,2020-04-03 16:30:00+00:00,2020-04-03 16:45:00+00:00,2020-04-03 16:45:00+00:00,-1,0.7241438171247025,FRIDAY,False
S2-05,ny_or_break,GBPUSD,2020-04-03 16:45:00+00:00,2020-04-03 17:00:00+00:00,2020-04-03 17:00:00+00:00,-1,-0.5501798733363427,FRIDAY,False
S2-05,ny_or_break,GBPUSD,2020-04-07 13:15:00+00:00,2020-04-07 13:30:00+00:00,2020-04-07 14:30:00+00:00,1,-1.0000000000000138,SL,False
S2-05,ny_or_break,GBPUSD,2020-04-08 13:15:00+00:00,2020-04-08 13:30:00+00:00,2020-04-08 14:45:00+00:00,1,-0.9999999999999349,SL,False
S2-05,ny_or_break,GBPUSD,2020-04-08 14:45:00+00:00,2020-04-08 15:00:00+00:00,2020-04-08 15:15:00+00:00,1,1.2500000000000384,TP,False
S2-05,ny_or_break,GBPUSD,2020-04-08 15:15:00+00:00,2020-04-08 15:30:00+00:00,2020-04-08 15:30:00+00:00,1,-0.9999999999999811,SL,False
S2-05,ny_or_break,GBPUSD,2020-04-08 15:30:00+00:00,2020-04-08 15:45:00+00:00,2020-04-08 16:00:00+00:00,1,-1.0000000000000548,SL,False
S2-05,ny_or_break,GBPUSD,2020-04-08 16:00:00+00:00,2020-04-08 16:15:00+00:00,2020-04-08 19:30:00+00:00,1,-1.0,SL,False
S2-05,ny_or_break,GBPUSD,2020-04-09 13:00:00+00:00,2020-04-09 13:15:00+00:00,2020-04-09 14:00:00+00:00,1,-1.0000000000000326,SL,False
S2-05,ny_or_break,GBPUSD,2020-04-09 14:00:00+00:00,2020-04-09 14:15:00+00:00,2020-04-09 14:15:00+00:00,1,-0.9999999999999849,SL,False
S2-05,ny_or_break,GBPUSD,2020-04-09 14:15:00+00:00,2020-04-09 14:30:00+00:00,2020-04-09 18:15:00+00:00,1,0.6389215964919404,TIME,False
S2-05,ny_or_break,GBPUSD,2020-04-14 12:45:00+00:00,2020-04-14 13:00:00+00:00,2020-04-14 13:00:00+00:00,1,-1.0000000000000413,SL,False
S2-05,ny_or_break,GBPUSD,2020-04-14 13:30:00+00:00,2020-04-14 13:45:00+00:00,2020-04-14 13:45:00+00:00,1,1.2500000000000597,TP,False
S2-05,ny_or_break,GBPUSD,2020-04-14 13:45:00+00:00,2020-04-14 14:00:00+00:00,2020-04-14 14:30:00+00:00,1,-1.0000000000000382,SL,False
S2-05,ny_or_break,GBPUSD,2020-04-14 14:30:00+00:00,2020-04-14 14:45:00+00:00,2020-04-14 15:00:00+00:00,1,-1.0000000000000189,SL,False
S2-05,ny_or_break,GBPUSD,2020-04-14 15:00:00+00:00,2020-04-14 15:15:00+00:00,2020-04-14 15:45:00+00:00,1,1.2499999999999825,TP,False
S2-05,ny_or_break,GBPUSD,2020-04-14 15:45:00+00:00,2020-04-14 16:00:00+00:00,2020-04-14 17:45:00+00:00,1,1.2500000000000173,TP,False
S2-05,ny_or_break,GBPUSD,2020-04-15 14:00:00+00:00,2020-04-15 14:15:00+00:00,2020-04-15 14:15:00+00:00,-1,-1.0,SL,False
S2-05,ny_or_break,GBPUSD,2020-04-16 15:00:00+00:00,2020-04-16 15:15:00+00:00,2020-04-16 15:15:00+00:00,-1,1.2500000000000535,TP,False
S2-05,ny_or_break,GBPUSD,2020-04-16 15:15:00+00:00,2020-04-16 15:30:00+00:00,2020-04-16 16:30:00+00:00,-1,1.2499999999999662,TP,False
S2-05,ny_or_break,GBPUSD,2020-04-16 16:30:00+00:00,2020-04-16 16:45:00+00:00,2020-04-16 17:30:00+00:00,-1,-1.0000000000000313,SL,False
S2-05,ny_or_break,GBPUSD,2020-04-20 12:00:00+00:00,2020-04-20 12:15:00+00:00,2020-04-20 13:00:00+00:00,-1,-0.9999999999999366,SL,False
S2-05,ny_or_break,GBPUSD,2020-04-20 13:15:00+00:00,2020-04-20 13:30:00+00:00,2020-04-20 14:00:00+00:00,-1,-1.0000000000000204,SL,False
S2-05,ny_or_break,GBPUSD,2020-04-21 12:15:00+00:00,2020-04-21 12:30:00+00:00,2020-04-21 13:00:00+00:00,-1,1.2500000000000344,TP,False
S2-05,ny_or_break,GBPUSD,2020-04-21 13:00:00+00:00,2020-04-21 13:15:00+00:00,2020-04-21 13:30:00+00:00,-1,-0.999999999999963,SL,False
S2-05,ny_or_break,GBPUSD,2020-04-21 13:30:00+00:00,2020-04-21 13:45:00+00:00,2020-04-21 13:45:00+00:00,-1,-1.0,SL,False
S2-05,ny_or_break,GBPUSD,2020-04-21 14:30:00+00:00,2020-04-21 14:45:00+00:00,2020-04-21 15:00:00+00:00,-1,-1.0000000000000326,SL,False
S2-05,ny_or_break,GBPUSD,2020-04-21 15:00:00+00:00,2020-04-21 15:15:00+00:00,2020-04-21 16:00:00+00:00,-1,1.249999999999969,TP,False
S2-05,ny_or_break,GBPUSD,2020-04-21 16:00:00+00:00,2020-04-21 16:15:00+00:00,2020-04-21 16:45:00+00:00,-1,-1.0000000000000282,SL,False
S2-05,ny_or_break,GBPUSD,2020-04-21 16:45:00+00:00,2020-04-21 17:00:00+00:00,2020-04-21 18:15:00+00:00,-1,-0.9999999999999728,SL,False
S2-05,ny_or_break,GBPUSD,2020-04-30 14:15:00+00:00,2020-04-30 14:30:00+00:00,2020-04-30 14:45:00+00:00,1,1.2499999999999658,TP,False
S2-05,ny_or_break,GBPUSD,2020-04-30 14:45:00+00:00,2020-04-30 15:00:00+00:00,2020-04-30 15:00:00+00:00,1,1.250000000000014,TP,False
S2-05,ny_or_break,GBPUSD,2020-04-30 15:00:00+00:00,2020-04-30 15:15:00+00:00,2020-04-30 16:15:00+00:00,1,-1.0000000000000253,SL,False
S2-05,ny_or_break,GBPUSD,2020-04-30 16:15:00+00:00,2020-04-30 16:30:00+00:00,2020-04-30 20:15:00+00:00,1,0.6154458315406041,TIME,False
S2-05,ny_or_break,GBPUSD,2020-05-06 14:00:00+00:00,2020-05-06 14:15:00+00:00,2020-05-06 15:00:00+00:00,-1,-0.9999999999999777,SL,False
S2-05,ny_or_break,GBPUSD,2020-05-06 15:15:00+00:00,2020-05-06 15:30:00+00:00,2020-05-06 16:15:00+00:00,-1,-1.0000000000000464,SL,False
S2-05,ny_or_break,GBPUSD,2020-05-06 16:45:00+00:00,2020-05-06 17:00:00+00:00,2020-05-06 20:30:00+00:00,-1,1.2500000000000233,TP,False
S2-05,ny_or_break,GBPUSD,2020-05-07 12:00:00+00:00,2020-05-07 12:15:00+00:00,2020-05-07 12:15:00+00:00,-1,-1.0000000000000173,SL,False
S2-05,ny_or_break,GBPUSD,2020-05-07 12:15:00+00:00,2020-05-07 12:30:00+00:00,2020-05-07 12:30:00+00:00,-1,-1.0,SL,False
S2-05,ny_or_break,GBPUSD,2020-05-07 13:00:00+00:00,2020-05-07 13:15:00+00:00,2020-05-07 13:45:00+00:00,-1,1.2500000000000173,TP,False
S2-05,ny_or_break,GBPUSD,2020-05-07 13:45:00+00:00,2020-05-07 14:00:00+00:00,2020-05-07 15:30:00+00:00,-1,-0.9999999999999691,SL,False
S2-05,ny_or_break,GBPUSD,2020-05-07 15:30:00+00:00,2020-05-07 15:45:00+00:00,2020-05-07 15:45:00+00:00,-1,-1.0000000000000453,SL,False
S2-05,ny_or_break,GBPUSD,2020-05-08 13:00:00+00:00,2020-05-08 13:15:00+00:00,2020-05-08 13:30:00+00:00,-1,-1.0000000000000262,SL,False
S2-05,ny_or_break,GBPUSD,2020-05-08 15:00:00+00:00,2020-05-08 15:15:00+00:00,2020-05-08 16:00:00+00:00,1,-0.5774816386422855,FRIDAY,False
S2-05,ny_or_break,GBPUSD,2020-05-08 16:00:00+00:00,2020-05-08 16:15:00+00:00,2020-05-08 16:15:00+00:00,1,0.15403477182966055,FRIDAY,False
S2-05,ny_or_break,GBPUSD,2020-05-08 16:15:00+00:00,2020-05-08 16:30:00+00:00,2020-05-08 16:30:00+00:00,1,-0.12146548602653148,FRIDAY,False
S2-05,ny_or_break,GBPUSD,2020-05-08 16:30:00+00:00,2020-05-08 16:45:00+00:00,2020-05-08 16:45:00+00:00,1,-0.20796125611355173,FRIDAY,False
S2-05,ny_or_break,GBPUSD,2020-05-08 16:45:00+00:00,2020-05-08 17:00:00+00:00,2020-05-08 17:00:00+00:00,1,-0.08534558371010026,FRIDAY,False
S2-05,ny_or_break,GBPUSD,2020-05-11 12:30:00+00:00,2020-05-11 12:45:00+00:00,2020-05-11 12:45:00+00:00,-1,-1.0000000000000178,SL,False
S2-05,ny_or_break,GBPUSD,2020-05-12 15:45:00+00:00,2020-05-12 16:00:00+00:00,2020-05-12 17:15:00+00:00,-1,1.25,TP,False
S2-05,ny_or_break,GBPUSD,2020-05-13 14:00:00+00:00,2020-05-13 14:15:00+00:00,2020-05-13 14:30:00+00:00,-1,-0.9999999999999837,SL,False
S2-05,ny_or_break,GBPUSD,2020-05-13 14:30:00+00:00,2020-05-13 14:45:00+00:00,2020-05-13 16:15:00+00:00,-1,1.2500000000000457,TP,False
S2-05,ny_or_break,GBPUSD,2020-05-13 16:15:00+00:00,2020-05-13 16:30:00+00:00,2020-05-13 17:15:00+00:00,-1,-1.000000000000045,SL,False
S2-05,ny_or_break,GBPUSD,2020-05-14 12:30:00+00:00,2020-05-14 12:45:00+00:00,2020-05-14 12:45:00+00:00,-1,-1.0000000000000604,SL,False
S2-05,ny_or_break,GBPUSD,2020-05-15 14:15:00+00:00,2020-05-15 14:30:00+00:00,2020-05-15 14:45:00+00:00,-1,1.250000000000029,TP,False
S2-05,ny_or_break,GBPUSD,2020-05-15 14:45:00+00:00,2020-05-15 15:00:00+00:00,2020-05-15 16:00:00+00:00,-1,-0.17440966167388805,FRIDAY,False
S2-05,ny_or_break,GBPUSD,2020-05-15 16:00:00+00:00,2020-05-15 16:15:00+00:00,2020-05-15 16:15:00+00:00,-1,0.09589432572317658,FRIDAY,False
S2-05,ny_or_break,GBPUSD,2020-05-15 16:15:00+00:00,2020-05-15 16:30:00+00:00,2020-05-15 16:30:00+00:00,-1,0.4416948345631992,FRIDAY,False
S2-05,ny_or_break,GBPUSD,2020-05-15 16:30:00+00:00,2020-05-15 16:45:00+00:00,2020-05-15 16:45:00+00:00,-1,-0.25600286761963353,FRIDAY,False
S2-05,ny_or_break,GBPUSD,2020-05-15 16:45:00+00:00,2020-05-15 17:00:00+00:00,2020-05-15 17:00:00+00:00,-1,-0.2163157760098232,FRIDAY,False
S2-05,ny_or_break,GBPUSD,2020-05-20 13:00:00+00:00,2020-05-20 13:15:00+00:00,2020-05-20 13:45:00+00:00,1,-0.9999999999999556,SL,False
S2-05,ny_or_break,GBPUSD,2020-05-20 14:00:00+00:00,2020-05-20 14:15:00+00:00,2020-05-20 14:15:00+00:00,1,-0.9999999999999571,SL,False
S2-05,ny_or_break,GBPUSD,2020-05-20 15:15:00+00:00,2020-05-20 15:30:00+00:00,2020-05-20 15:30:00+00:00,1,-0.9999999999999386,SL,False
S2-05,ny_or_break,GBPUSD,2020-05-26 12:00:00+00:00,2020-05-26 12:15:00+00:00,2020-05-26 12:30:00+00:00,1,-0.9999999999999368,SL,False
S2-05,ny_or_break,GBPUSD,2020-05-26 12:45:00+00:00,2020-05-26 13:00:00+00:00,2020-05-26 13:30:00+00:00,1,-0.9999999999999232,SL,False
S2-05,ny_or_break,GBPUSD,2020-05-26 14:30:00+00:00,2020-05-26 14:45:00+00:00,2020-05-26 16:45:00+00:00,1,-1.0000000000000668,SL,False
S2-05,ny_or_break,GBPUSD,2020-05-28 15:00:00+00:00,2020-05-28 15:15:00+00:00,2020-05-28 15:30:00+00:00,1,-0.9999999999999494,SL,False
S2-05,ny_or_break,GBPUSD,2020-05-28 15:30:00+00:00,2020-05-28 15:45:00+00:00,2020-05-28 16:45:00+00:00,1,1.25,TP,False
S2-05,ny_or_break,GBPUSD,2020-05-28 16:45:00+00:00,2020-05-28 17:00:00+00:00,2020-05-28 19:15:00+00:00,1,-0.9999999999999379,SL,False
S2-05,ny_or_break,GBPUSD,2020-05-29 14:00:00+00:00,2020-05-29 14:15:00+00:00,2020-05-29 14:45:00+00:00,1,-0.9999999999999807,SL,False
S2-05,ny_or_break,GBPUSD,2020-05-29 14:45:00+00:00,2020-05-29 15:00:00+00:00,2020-05-29 15:00:00+00:00,1,-1.000000000000051,SL,False
S2-05,ny_or_break,GBPUSD,2020-06-01 14:00:00+00:00,2020-06-01 14:15:00+00:00,2020-06-01 14:15:00+00:00,1,1.250000000000021,TP,False
S2-05,ny_or_break,GBPUSD,2020-06-01 14:15:00+00:00,2020-06-01 14:30:00+00:00,2020-06-01 15:00:00+00:00,1,1.2499999999999405,TP,False
S2-05,ny_or_break,GBPUSD,2020-06-01 15:00:00+00:00,2020-06-01 15:15:00+00:00,2020-06-01 18:45:00+00:00,1,1.249999999999944,TP,False
S2-05,ny_or_break,GBPUSD,2020-06-04 14:15:00+00:00,2020-06-04 14:30:00+00:00,2020-06-04 15:00:00+00:00,1,1.2500000000000147,TP,False
S2-05,ny_or_break,GBPUSD,2020-06-04 15:00:00+00:00,2020-06-04 15:15:00+00:00,2020-06-04 18:15:00+00:00,1,1.2500000000000249,TP,False
S2-05,ny_or_break,GBPUSD,2020-06-05 13:00:00+00:00,2020-06-05 13:15:00+00:00,2020-06-05 13:45:00+00:00,1,-1.0,SL,False
S2-05,ny_or_break,GBPUSD,2020-06-05 14:15:00+00:00,2020-06-05 14:30:00+00:00,2020-06-05 14:45:00+00:00,1,1.2499999999999858,TP,False
S2-05,ny_or_break,GBPUSD,2020-06-05 14:45:00+00:00,2020-06-05 15:00:00+00:00,2020-06-05 15:00:00+00:00,1,-1.0000000000000275,SL,False
S2-05,ny_or_break,GBPUSD,2020-06-05 15:00:00+00:00,2020-06-05 15:15:00+00:00,2020-06-05 16:00:00+00:00,1,-0.9102725072773822,FRIDAY,False
S2-05,ny_or_break,GBPUSD,2020-06-08 15:00:00+00:00,2020-06-08 15:15:00+00:00,2020-06-08 15:15:00+00:00,1,-0.9999999999999778,SL,False
S2-05,ny_or_break,GBPUSD,2020-06-09 14:00:00+00:00,2020-06-09 14:15:00+00:00,2020-06-09 15:00:00+00:00,1,1.25000000000002,TP,False
S2-05,ny_or_break,GBPUSD,2020-06-09 15:00:00+00:00,2020-06-09 15:15:00+00:00,2020-06-09 19:00:00+00:00,1,1.0647438786240049,TIME,False
S2-05,ny_or_break,GBPUSD,2020-06-11 12:15:00+00:00,2020-06-11 12:30:00+00:00,2020-06-11 13:15:00+00:00,-1,-0.9999999999999564,SL,False
S2-05,ny_or_break,GBPUSD,2020-06-11 13:30:00+00:00,2020-06-11 13:45:00+00:00,2020-06-11 13:45:00+00:00,-1,-0.9999999999999551,SL,False
S2-05,ny_or_break,GBPUSD,2020-06-11 14:45:00+00:00,2020-06-11 15:00:00+00:00,2020-06-11 15:15:00+00:00,-1,-1.000000000000054,SL,False
S2-05,ny_or_break,GBPUSD,2020-06-11 15:15:00+00:00,2020-06-11 15:30:00+00:00,2020-06-11 15:45:00+00:00,-1,1.2500000000000515,TP,False
S2-05,ny_or_break,GBPUSD,2020-06-11 15:45:00+00:00,2020-06-11 16:00:00+00:00,2020-06-11 17:00:00+00:00,-1,1.2500000000000329,TP,False
S2-05,ny_or_break,GBPUSD,2020-06-12 14:30:00+00:00,2020-06-12 14:45:00+00:00,2020-06-12 15:00:00+00:00,-1,1.2500000000000517,TP,False
S2-05,ny_or_break,GBPUSD,2020-06-12 15:00:00+00:00,2020-06-12 15:15:00+00:00,2020-06-12 16:00:00+00:00,-1,0.6465435586894748,FRIDAY,False
S2-05,ny_or_break,GBPUSD,2020-06-12 16:00:00+00:00,2020-06-12 16:15:00+00:00,2020-06-12 16:15:00+00:00,-1,0.27009453269661826,FRIDAY,False
S2-05,ny_or_break,GBPUSD,2020-06-12 16:15:00+00:00,2020-06-12 16:30:00+00:00,2020-06-12 16:30:00+00:00,-1,0.2651317018494302,FRIDAY,False
S2-05,ny_or_break,GBPUSD,2020-06-12 16:30:00+00:00,2020-06-12 16:45:00+00:00,2020-06-12 16:45:00+00:00,-1,0.22803562016256554,FRIDAY,False
S2-05,ny_or_break,GBPUSD,2020-06-12 16:45:00+00:00,2020-06-12 17:00:00+00:00,2020-06-12 17:00:00+00:00,-1,0.2747656161753078,FRIDAY,False
S2-05,ny_or_break,GBPUSD,2020-06-16 12:30:00+00:00,2020-06-16 12:45:00+00:00,2020-06-16 12:45:00+00:00,1,-0.9999999999999574,SL,False
S2-05,ny_or_break,GBPUSD,2020-06-16 12:45:00+00:00,2020-06-16 13:00:00+00:00,2020-06-16 13:00:00+00:00,1,-0.9999999999999372,SL,False
S2-05,ny_or_break,GBPUSD,2020-06-17 14:15:00+00:00,2020-06-17 14:30:00+00:00,2020-06-17 14:30:00+00:00,-1,-1.0,SL,False
S2-05,ny_or_break,GBPUSD,2020-06-17 15:15:00+00:00,2020-06-17 15:30:00+00:00,2020-06-17 16:45:00+00:00,-1,-1.0,SL,False
S2-05,ny_or_break,GBPUSD,2020-06-18 12:00:00+00:00,2020-06-18 12:15:00+00:00,2020-06-18 13:00:00+00:00,-1,1.25,TP,False
S2-05,ny_or_break,GBPUSD,2020-06-18 13:00:00+00:00,2020-06-18 13:15:00+00:00,2020-06-18 13:30:00+00:00,-1,-1.0000000000000444,SL,False
S2-05,ny_or_break,GBPUSD,2020-06-18 13:30:00+00:00,2020-06-18 13:45:00+00:00,2020-06-18 14:30:00+00:00,-1,1.2499999999999578,TP,False
S2-05,ny_or_break,GBPUSD,2020-06-18 14:30:00+00:00,2020-06-18 14:45:00+00:00,2020-06-18 15:00:00+00:00,-1,-0.9999999999999845,SL,False
S2-05,ny_or_break,GBPUSD,2020-06-18 15:00:00+00:00,2020-06-18 15:15:00+00:00,2020-06-18 19:00:00+00:00,-1,0.8079606055931051,TIME,False
S2-05,ny_or_break,GBPUSD,2020-06-19 15:45:00+00:00,2020-06-19 16:00:00+00:00,2020-06-19 16:00:00+00:00,-1,0.47678660573710685,FRIDAY,False
S2-05,ny_or_break,GBPUSD,2020-06-19 16:00:00+00:00,2020-06-19 16:15:00+00:00,2020-06-19 16:15:00+00:00,-1,-0.9090727851626863,FRIDAY,False
S2-05,ny_or_break,GBPUSD,2020-06-23 14:15:00+00:00,2020-06-23 14:30:00+00:00,2020-06-23 18:15:00+00:00,1,0.043252176292881125,TIME,False
S2-05,ny_or_break,GBPUSD,2020-06-25 13:30:00+00:00,2020-06-25 13:45:00+00:00,2020-06-25 13:45:00+00:00,-1,-0.9999999999999445,SL,False
S2-05,ny_or_break,GBPUSD,2020-06-25 15:30:00+00:00,2020-06-25 15:45:00+00:00,2020-06-25 16:15:00+00:00,-1,-0.9999999999999382,SL,False
S2-05,ny_or_break,GBPUSD,2020-06-26 12:45:00+00:00,2020-06-26 13:00:00+00:00,2020-06-26 13:45:00+00:00,-1,1.25,TP,False
S2-05,ny_or_break,GBPUSD,2020-06-26 13:45:00+00:00,2020-06-26 14:00:00+00:00,2020-06-26 14:30:00+00:00,-1,1.2500000000000846,TP,False
S2-05,ny_or_break,GBPUSD,2020-06-26 14:30:00+00:00,2020-06-26 14:45:00+00:00,2020-06-26 16:00:00+00:00,-1,0.37809840917499077,FRIDAY,False
S2-05,ny_or_break,GBPUSD,2020-06-26 16:00:00+00:00,2020-06-26 16:15:00+00:00,2020-06-26 16:15:00+00:00,-1,-0.7221912613460936,FRIDAY,False
S2-05,ny_or_break,GBPUSD,2020-06-26 16:15:00+00:00,2020-06-26 16:30:00+00:00,2020-06-26 16:30:00+00:00,-1,-0.4888432197602804,FRIDAY,False
S2-05,ny_or_break,GBPUSD,2020-06-26 16:30:00+00:00,2020-06-26 16:45:00+00:00,2020-06-26 16:45:00+00:00,-1,-0.7643632741158891,FRIDAY,False
S2-05,ny_or_break,GBPUSD,2020-06-26 16:45:00+00:00,2020-06-26 17:00:00+00:00,2020-06-26 17:00:00+00:00,-1,-0.27941488506670953,FRIDAY,False
S2-05,ny_or_break,GBPUSD,2020-06-29 13:45:00+00:00,2020-06-29 14:00:00+00:00,2020-06-29 14:30:00+00:00,-1,1.249999999999931,TP,False
S2-05,ny_or_break,GBPUSD,2020-06-29 14:30:00+00:00,2020-06-29 14:45:00+00:00,2020-06-29 15:00:00+00:00,-1,1.250000000000022,TP,False
S2-05,ny_or_break,GBPUSD,2020-06-29 15:00:00+00:00,2020-06-29 15:15:00+00:00,2020-06-29 15:15:00+00:00,-1,-1.0000000000000402,SL,False
S2-05,ny_or_break,GBPUSD,2020-06-29 15:15:00+00:00,2020-06-29 15:30:00+00:00,2020-06-29 16:15:00+00:00,-1,-0.9999999999999417,SL,False
S2-05,ny_or_break,GBPUSD,2020-06-29 16:15:00+00:00,2020-06-29 16:30:00+00:00,2020-06-29 20:15:00+00:00,-1,-0.30682204831575366,TIME,False
S2-05,ny_or_break,GBPUSD,2020-07-01 13:30:00+00:00,2020-07-01 13:45:00+00:00,2020-07-01 14:00:00+00:00,1,1.2499999999999778,TP,False
S2-05,ny_or_break,GBPUSD,2020-07-01 14:00:00+00:00,2020-07-01 14:15:00+00:00,2020-07-01 15:00:00+00:00,1,1.2499999999999554,TP,False
S2-05,ny_or_break,GBPUSD,2020-07-01 15:00:00+00:00,2020-07-01 15:15:00+00:00,2020-07-01 16:15:00+00:00,1,1.25,TP,False
S2-05,ny_or_break,GBPUSD,2020-07-01 16:15:00+00:00,2020-07-01 16:30:00+00:00,2020-07-01 18:45:00+00:00,1,-1.0,SL,False
S2-05,ny_or_break,GBPUSD,2020-07-07 12:45:00+00:00,2020-07-07 13:00:00+00:00,2020-07-07 13:30:00+00:00,1,-1.0000000000000282,SL,False
S2-05,ny_or_break,GBPUSD,2020-07-07 13:30:00+00:00,2020-07-07 13:45:00+00:00,2020-07-07 13:45:00+00:00,1,1.2499999999999432,TP,False
S2-05,ny_or_break,GBPUSD,2020-07-07 13:45:00+00:00,2020-07-07 14:00:00+00:00,2020-07-07 14:00:00+00:00,1,1.2499999999999754,TP,False
S2-05,ny_or_break,GBPUSD,2020-07-07 14:00:00+00:00,2020-07-07 14:15:00+00:00,2020-07-07 14:30:00+00:00,1,-1.0000000000000726,SL,False
S2-05,ny_or_break,GBPUSD,2020-07-07 14:30:00+00:00,2020-07-07 14:45:00+00:00,2020-07-07 14:45:00+00:00,1,1.2499999999999567,TP,False
S2-05,ny_or_break,GBPUSD,2020-07-07 14:45:00+00:00,2020-07-07 15:00:00+00:00,2020-07-07 16:45:00+00:00,1,-1.0,SL,False
S2-05,ny_or_break,GBPUSD,2020-07-07 16:45:00+00:00,2020-07-07 17:00:00+00:00,2020-07-07 19:45:00+00:00,1,-1.0000000000000389,SL,False
S2-05,ny_or_break,GBPUSD,2020-07-08 13:30:00+00:00,2020-07-08 13:45:00+00:00,2020-07-08 14:45:00+00:00,1,1.250000000000022,TP,False
S2-05,ny_or_break,GBPUSD,2020-07-08 14:45:00+00:00,2020-07-08 15:00:00+00:00,2020-07-08 15:15:00+00:00,1,-1.000000000000062,SL,False
S2-05,ny_or_break,GBPUSD,2020-07-08 15:15:00+00:00,2020-07-08 15:30:00+00:00,2020-07-08 16:15:00+00:00,1,1.25,TP,False
S2-05,ny_or_break,GBPUSD,2020-07-08 16:15:00+00:00,2020-07-08 16:30:00+00:00,2020-07-08 17:45:00+00:00,1,1.2499999999999565,TP,False
S2-05,ny_or_break,GBPUSD,2020-07-09 13:15:00+00:00,2020-07-09 13:30:00+00:00,2020-07-09 13:30:00+00:00,1,-1.0,SL,False
S2-05,ny_or_break,GBPUSD,2020-07-10 13:00:00+00:00,2020-07-10 13:15:00+00:00,2020-07-10 13:30:00+00:00,1,1.2499999999999756,TP,False
S2-05,ny_or_break,GBPUSD,2020-07-10 13:30:00+00:00,2020-07-10 13:45:00+00:00,2020-07-10 13:45:00+00:00,1,-0.9999999999999521,SL,False
S2-05,ny_or_break,GBPUSD,2020-07-10 13:45:00+00:00,2020-07-10 14:00:00+00:00,2020-07-10 14:30:00+00:00,1,1.2500000000000224,TP,False
S2-05,ny_or_break,GBPUSD,2020-07-10 14:30:00+00:00,2020-07-10 14:45:00+00:00,2020-07-10 16:00:00+00:00,1,-1.1601100550833505,FRIDAY,False
S2-05,ny_or_break,GBPUSD,2020-07-10 16:00:00+00:00,2020-07-10 16:15:00+00:00,2020-07-10 16:15:00+00:00,1,-0.58929329576595,FRIDAY,False
S2-05,ny_or_break,GBPUSD,2020-07-10 16:15:00+00:00,2020-07-10 16:30:00+00:00,2020-07-10 16:30:00+00:00,1,-0.09806181480058575,FRIDAY,False
S2-05,ny_or_break,GBPUSD,2020-07-10 16:30:00+00:00,2020-07-10 16:45:00+00:00,2020-07-10 16:45:00+00:00,1,-0.14564906769953828,FRIDAY,False
S2-05,ny_or_break,GBPUSD,2020-07-10 16:45:00+00:00,2020-07-10 17:00:00+00:00,2020-07-10 17:00:00+00:00,1,-0.30176215495464637,FRIDAY,False
S2-05,ny_or_break,GBPUSD,2020-07-14 13:00:00+00:00,2020-07-14 13:15:00+00:00,2020-07-14 13:15:00+00:00,-1,1.2500000000000269,TP,False
S2-05,ny_or_break,GBPUSD,2020-07-14 13:15:00+00:00,2020-07-14 13:30:00+00:00,2020-07-14 13:30:00+00:00,-1,-1.0000000000000255,SL,False
S2-05,ny_or_break,GBPUSD,2020-07-14 14:00:00+00:00,2020-07-14 14:15:00+00:00,2020-07-14 14:15:00+00:00,-1,-1.0000000000000415,SL,False
S2-05,ny_or_break,GBPUSD,2020-07-15 12:00:00+00:00,2020-07-15 12:15:00+00:00,2020-07-15 12:30:00+00:00,1,-0.9999999999999726,SL,False
S2-05,ny_or_break,GBPUSD,2020-07-15 12:45:00+00:00,2020-07-15 13:00:00+00:00,2020-07-15 13:30:00+00:00,1,-0.999999999999948,SL,False
S2-05,ny_or_break,GBPUSD,2020-07-17 12:30:00+00:00,2020-07-17 12:45:00+00:00,2020-07-17 13:00:00+00:00,-1,-0.9999999999999138,SL,False
S2-05,ny_or_break,GBPUSD,2020-07-17 13:00:00+00:00,2020-07-17 13:15:00+00:00,2020-07-17 13:15:00+00:00,-1,-1.000000000000027,SL,False
S2-05,ny_or_break,GBPUSD,2020-07-17 13:15:00+00:00,2020-07-17 13:30:00+00:00,2020-07-17 14:15:00+00:00,-1,1.2499999999999734,TP,False
S2-05,ny_or_break,GBPUSD,2020-07-17 14:15:00+00:00,2020-07-17 14:30:00+00:00,2020-07-17 14:30:00+00:00,-1,-1.0000000000000786,SL,False
S2-05,ny_or_break,GBPUSD,2020-07-17 14:30:00+00:00,2020-07-17 14:45:00+00:00,2020-07-17 14:45:00+00:00,-1,-1.0,SL,False
S2-05,ny_or_break,GBPUSD,2020-07-17 14:45:00+00:00,2020-07-17 15:00:00+00:00,2020-07-17 15:45:00+00:00,-1,-1.0000000000000482,SL,False
S2-05,ny_or_break,GBPUSD,2020-07-20 14:45:00+00:00,2020-07-20 15:00:00+00:00,2020-07-20 18:15:00+00:00,1,1.25,TP,False
S2-05,ny_or_break,GBPUSD,2020-07-21 14:15:00+00:00,2020-07-21 14:30:00+00:00,2020-07-21 14:45:00+00:00,1,1.25,TP,False
S2-05,ny_or_break,GBPUSD,2020-07-21 14:45:00+00:00,2020-07-21 15:00:00+00:00,2020-07-21 15:45:00+00:00,1,-0.9999999999999585,SL,False
S2-05,ny_or_break,GBPUSD,2020-07-21 15:45:00+00:00,2020-07-21 16:00:00+00:00,2020-07-21 17:30:00+00:00,1,1.249999999999979,TP,False
S2-05,ny_or_break,GBPUSD,2020-07-22 14:30:00+00:00,2020-07-22 14:45:00+00:00,2020-07-22 18:30:00+00:00,1,0.2307786295227926,TIME,False
S2-05,ny_or_break,GBPUSD,2020-07-23 15:45:00+00:00,2020-07-23 16:00:00+00:00,2020-07-23 17:15:00+00:00,1,-1.0000000000000364,SL,False
S2-05,ny_or_break,GBPUSD,2020-07-24 12:00:00+00:00,2020-07-24 12:15:00+00:00,2020-07-24 12:30:00+00:00,1,-1.0000000000000555,SL,False
S2-05,ny_or_break,GBPUSD,2020-07-24 12:45:00+00:00,2020-07-24 13:00:00+00:00,2020-07-24 14:00:00+00:00,1,1.2500000000000522,TP,False
S2-05,ny_or_break,GBPUSD,2020-07-24 14:00:00+00:00,2020-07-24 14:15:00+00:00,2020-07-24 14:15:00+00:00,1,1.2499999999999294,TP,False
S2-05,ny_or_break,GBPUSD,2020-07-24 14:15:00+00:00,2020-07-24 14:30:00+00:00,2020-07-24 16:00:00+00:00,1,-0.7436220567397268,FRIDAY,False
S2-05,ny_or_break,GBPUSD,2020-07-24 16:00:00+00:00,2020-07-24 16:15:00+00:00,2020-07-24 16:15:00+00:00,1,-0.04791486640039737,FRIDAY,False
S2-05,ny_or_break,GBPUSD,2020-07-24 16:15:00+00:00,2020-07-24 16:30:00+00:00,2020-07-24 16:30:00+00:00,1,0.1971427945717477,FRIDAY,False
S2-05,ny_or_break,GBPUSD,2020-07-24 16:30:00+00:00,2020-07-24 16:45:00+00:00,2020-07-24 16:45:00+00:00,1,-0.11590001972895453,FRIDAY,False
S2-05,ny_or_break,GBPUSD,2020-07-24 16:45:00+00:00,2020-07-24 17:00:00+00:00,2020-07-24 17:00:00+00:00,1,-0.5856028041972305,FRIDAY,False
S2-05,ny_or_break,GBPUSD,2020-07-27 14:30:00+00:00,2020-07-27 14:45:00+00:00,2020-07-27 16:15:00+00:00,1,-0.9999999999999774,SL,False
S2-05,ny_or_break,GBPUSD,2020-07-27 16:15:00+00:00,2020-07-27 16:30:00+00:00,2020-07-27 17:30:00+00:00,1,-1.000000000000075,SL,False
S2-05,ny_or_break,GBPUSD,2020-07-28 13:15:00+00:00,2020-07-28 13:30:00+00:00,2020-07-28 13:30:00+00:00,1,1.2500000000000484,TP,False
S2-05,ny_or_break,GBPUSD,2020-07-28 13:30:00+00:00,2020-07-28 13:45:00+00:00,2020-07-28 13:45:00+00:00,1,1.2500000000000224,TP,False
S2-05,ny_or_break,GBPUSD,2020-07-28 13:45:00+00:00,2020-07-28 14:00:00+00:00,2020-07-28 14:45:00+00:00,1,1.2500000000000624,TP,False
S2-05,ny_or_break,GBPUSD,2020-07-28 14:45:00+00:00,2020-07-28 15:00:00+00:00,2020-07-28 15:00:00+00:00,1,-1.0000000000000187,SL,False
S2-05,ny_or_break,GBPUSD,2020-07-28 15:00:00+00:00,2020-07-28 15:15:00+00:00,2020-07-28 19:00:00+00:00,1,0.358979668303457,TIME,False
S2-05,ny_or_break,GBPUSD,2020-07-29 13:00:00+00:00,2020-07-29 13:15:00+00:00,2020-07-29 13:45:00+00:00,1,-1.0,SL,False
S2-05,ny_or_break,GBPUSD,2020-07-29 13:45:00+00:00,2020-07-29 14:00:00+00:00,2020-07-29 14:30:00+00:00,1,-0.9999999999999467,SL,False
S2-05,ny_or_break,GBPUSD,2020-07-29 14:30:00+00:00,2020-07-29 14:45:00+00:00,2020-07-29 14:45:00+00:00,1,-0.9999999999999515,SL,False
S2-05,ny_or_break,GBPUSD,2020-07-30 12:45:00+00:00,2020-07-30 13:00:00+00:00,2020-07-30 13:30:00+00:00,1,1.25,TP,False
S2-05,ny_or_break,GBPUSD,2020-07-30 13:30:00+00:00,2020-07-30 13:45:00+00:00,2020-07-30 13:45:00+00:00,1,-0.9999999999999313,SL,False
S2-05,ny_or_break,GBPUSD,2020-07-30 13:45:00+00:00,2020-07-30 14:00:00+00:00,2020-07-30 14:15:00+00:00,1,1.249999999999936,TP,False
S2-05,ny_or_break,GBPUSD,2020-07-30 14:15:00+00:00,2020-07-30 14:30:00+00:00,2020-07-30 14:45:00+00:00,1,-0.9999999999999611,SL,False
S2-05,ny_or_break,GBPUSD,2020-07-30 14:45:00+00:00,2020-07-30 15:00:00+00:00,2020-07-30 15:15:00+00:00,1,-1.0,SL,False
S2-05,ny_or_break,GBPUSD,2020-07-30 15:30:00+00:00,2020-07-30 15:45:00+00:00,2020-07-30 16:30:00+00:00,1,1.25,TP,False
S2-05,ny_or_break,GBPUSD,2020-07-30 16:30:00+00:00,2020-07-30 16:45:00+00:00,2020-07-30 17:45:00+00:00,1,1.2500000000000366,TP,False
S2-05,ny_or_break,GBPUSD,2020-07-31 12:00:00+00:00,2020-07-31 12:15:00+00:00,2020-07-31 12:30:00+00:00,1,-0.9999999999999534,SL,False
S2-05,ny_or_break,GBPUSD,2020-07-31 12:30:00+00:00,2020-07-31 12:45:00+00:00,2020-07-31 13:30:00+00:00,1,-0.9999999999999756,SL,False
S2-05,ny_or_break,GBPUSD,2020-07-31 13:30:00+00:00,2020-07-31 13:45:00+00:00,2020-07-31 14:00:00+00:00,1,1.2500000000000442,TP,False
S2-05,ny_or_break,GBPUSD,2020-07-31 14:00:00+00:00,2020-07-31 14:15:00+00:00,2020-07-31 14:15:00+00:00,1,-1.0000000000000433,SL,False
S2-05,ny_or_break,GBPUSD,2020-07-31 14:15:00+00:00,2020-07-31 14:30:00+00:00,2020-07-31 14:45:00+00:00,1,-1.0,SL,False
S2-05,ny_or_break,GBPUSD,2020-08-04 12:30:00+00:00,2020-08-04 12:45:00+00:00,2020-08-04 12:45:00+00:00,-1,1.2500000000000646,TP,False
S2-05,ny_or_break,GBPUSD,2020-08-04 12:45:00+00:00,2020-08-04 13:00:00+00:00,2020-08-04 13:30:00+00:00,-1,-0.9999999999999584,SL,False
S2-05,ny_or_break,GBPUSD,2020-08-04 13:30:00+00:00,2020-08-04 13:45:00+00:00,2020-08-04 14:00:00+00:00,-1,-0.9999999999999791,SL,False
S2-05,ny_or_break,GBPUSD,2020-08-05 12:15:00+00:00,2020-08-05 12:30:00+00:00,2020-08-05 12:30:00+00:00,1,-1.0000000000000215,SL,False
S2-05,ny_or_break,GBPUSD,2020-08-05 13:45:00+00:00,2020-08-05 14:00:00+00:00,2020-08-05 14:45:00+00:00,1,-1.0000000000000437,SL,False
S2-05,ny_or_break,GBPUSD,2020-08-05 15:00:00+00:00,2020-08-05 15:15:00+00:00,2020-08-05 16:00:00+00:00,1,-1.0000000000000424,SL,False
S2-05,ny_or_break,GBPUSD,2020-08-07 13:00:00+00:00,2020-08-07 13:15:00+00:00,2020-08-07 13:15:00+00:00,-1,1.2500000000000455,TP,False
S2-05,ny_or_break,GBPUSD,2020-08-07 13:15:00+00:00,2020-08-07 13:30:00+00:00,2020-08-07 14:00:00+00:00,-1,1.2500000000000404,TP,False
S2-05,ny_or_break,GBPUSD,2020-08-07 14:00:00+00:00,2020-08-07 14:15:00+00:00,2020-08-07 14:45:00+00:00,-1,-0.9999999999999465,SL,False
S2-05,ny_or_break,GBPUSD,2020-08-07 14:45:00+00:00,2020-08-07 15:00:00+00:00,2020-08-07 16:00:00+00:00,-1,0.13446244088038684,FRIDAY,False
S2-05,ny_or_break,GBPUSD,2020-08-07 16:00:00+00:00,2020-08-07 16:15:00+00:00,2020-08-07 16:15:00+00:00,-1,0.07483972023896256,FRIDAY,False
S2-05,ny_or_break,GBPUSD,2020-08-07 16:15:00+00:00,2020-08-07 16:30:00+00:00,2020-08-07 16:30:00+00:00,-1,0.1427409401997083,FRIDAY,False
S2-05,ny_or_break,GBPUSD,2020-08-07 16:30:00+00:00,2020-08-07 16:45:00+00:00,2020-08-07 16:45:00+00:00,-1,-0.05454667430423317,FRIDAY,False
S2-05,ny_or_break,GBPUSD,2020-08-07 16:45:00+00:00,2020-08-07 17:00:00+00:00,2020-08-07 17:00:00+00:00,-1,0.19141802772959568,FRIDAY,False
S2-05,ny_or_break,GBPUSD,2020-08-13 13:30:00+00:00,2020-08-13 13:45:00+00:00,2020-08-13 14:30:00+00:00,1,-1.000000000000026,SL,False
S2-05,ny_or_break,GBPUSD,2020-08-14 12:30:00+00:00,2020-08-14 12:45:00+00:00,2020-08-14 13:00:00+00:00,1,1.250000000000078,TP,False
S2-05,ny_or_break,GBPUSD,2020-08-14 13:00:00+00:00,2020-08-14 13:15:00+00:00,2020-08-14 13:15:00+00:00,1,-1.000000000000075,SL,False
S2-05,ny_or_break,GBPUSD,2020-08-14 13:15:00+00:00,2020-08-14 13:30:00+00:00,2020-08-14 14:00:00+00:00,1,-0.9999999999999757,SL,False
S2-05,ny_or_break,GBPUSD,2020-08-18 12:15:00+00:00,2020-08-18 12:30:00+00:00,2020-08-18 13:15:00+00:00,1,1.2500000000000888,TP,False
S2-05,ny_or_break,GBPUSD,2020-08-18 13:15:00+00:00,2020-08-18 13:30:00+00:00,2020-08-18 13:30:00+00:00,1,1.2500000000000546,TP,False
S2-05,ny_or_break,GBPUSD,2020-08-18 13:30:00+00:00,2020-08-18 13:45:00+00:00,2020-08-18 14:15:00+00:00,1,-1.0,SL,False
S2-05,ny_or_break,GBPUSD,2020-08-18 14:15:00+00:00,2020-08-18 14:30:00+00:00,2020-08-18 14:30:00+00:00,1,1.2499999999999558,TP,False
S2-05,ny_or_break,GBPUSD,2020-08-18 14:30:00+00:00,2020-08-18 14:45:00+00:00,2020-08-18 15:00:00+00:00,1,-1.0,SL,False
S2-05,ny_or_break,GBPUSD,2020-08-18 15:00:00+00:00,2020-08-18 15:15:00+00:00,2020-08-18 19:00:00+00:00,1,0.94741872331242,TIME,False
S2-05,ny_or_break,GBPUSD,2020-08-21 15:00:00+00:00,2020-08-21 15:15:00+00:00,2020-08-21 15:30:00+00:00,-1,-1.0,SL,False
S2-05,ny_or_break,GBPUSD,2020-08-21 15:30:00+00:00,2020-08-21 15:45:00+00:00,2020-08-21 16:00:00+00:00,-1,0.16936849745947255,FRIDAY,False
S2-05,ny_or_break,GBPUSD,2020-08-21 16:00:00+00:00,2020-08-21 16:15:00+00:00,2020-08-21 16:15:00+00:00,-1,0.08311585345710416,FRIDAY,False
S2-05,ny_or_break,GBPUSD,2020-08-21 16:15:00+00:00,2020-08-21 16:30:00+00:00,2020-08-21 16:30:00+00:00,-1,0.9240385561129144,FRIDAY,False
S2-05,ny_or_break,GBPUSD,2020-08-21 16:30:00+00:00,2020-08-21 16:45:00+00:00,2020-08-21 16:45:00+00:00,-1,-0.33306521470115086,FRIDAY,False
S2-05,ny_or_break,GBPUSD,2020-08-21 16:45:00+00:00,2020-08-21 17:00:00+00:00,2020-08-21 17:00:00+00:00,-1,0.16823084391297197,FRIDAY,False
S2-05,ny_or_break,GBPUSD,2020-08-24 14:45:00+00:00,2020-08-24 15:00:00+00:00,2020-08-24 18:45:00+00:00,-1,0.7255895215114762,TIME,False
S2-05,ny_or_break,GBPUSD,2020-08-26 14:00:00+00:00,2020-08-26 14:15:00+00:00,2020-08-26 14:15:00+00:00,1,1.249999999999958,TP,False
S2-05,ny_or_break,GBPUSD,2020-08-26 14:15:00+00:00,2020-08-26 14:30:00+00:00,2020-08-26 14:45:00+00:00,1,-1.0000000000000588,SL,False
S2-05,ny_or_break,GBPUSD,2020-08-26 14:45:00+00:00,2020-08-26 15:00:00+00:00,2020-08-26 16:30:00+00:00,1,1.2500000000000575,TP,False
S2-05,ny_or_break,GBPUSD,2020-08-26 16:30:00+00:00,2020-08-26 16:45:00+00:00,2020-08-26 17:45:00+00:00,1,-1.000000000000021,SL,False
S2-05,ny_or_break,GBPUSD,2020-08-27 13:00:00+00:00,2020-08-27 13:15:00+00:00,2020-08-27 13:15:00+00:00,1,1.25,TP,False
S2-05,ny_or_break,GBPUSD,2020-08-27 13:15:00+00:00,2020-08-27 13:30:00+00:00,2020-08-27 13:30:00+00:00,1,-1.0000000000000167,SL,False
S2-05,ny_or_break,GBPUSD,2020-08-28 14:45:00+00:00,2020-08-28 15:00:00+00:00,2020-08-28 15:15:00+00:00,1,1.2499999999999523,TP,False
S2-05,ny_or_break,GBPUSD,2020-08-28 15:15:00+00:00,2020-08-28 15:30:00+00:00,2020-08-28 16:00:00+00:00,1,-0.31865136947165484,FRIDAY,False
S2-05,ny_or_break,GBPUSD,2020-08-28 16:00:00+00:00,2020-08-28 16:15:00+00:00,2020-08-28 16:15:00+00:00,1,-0.13808604260976923,FRIDAY,False
S2-05,ny_or_break,GBPUSD,2020-08-28 16:15:00+00:00,2020-08-28 16:30:00+00:00,2020-08-28 16:30:00+00:00,1,-0.4025727330289599,FRIDAY,False
S2-05,ny_or_break,GBPUSD,2020-08-28 16:30:00+00:00,2020-08-28 16:45:00+00:00,2020-08-28 16:45:00+00:00,1,-0.5133234712109277,FRIDAY,False
S2-05,ny_or_break,GBPUSD,2020-08-28 16:45:00+00:00,2020-08-28 17:00:00+00:00,2020-08-28 17:00:00+00:00,1,-0.1310999736217357,FRIDAY,False
S2-05,ny_or_break,GBPUSD,2020-08-31 15:00:00+00:00,2020-08-31 15:15:00+00:00,2020-08-31 19:00:00+00:00,1,-0.28161791493541527,TIME,False
S2-05,ny_or_break,GBPUSD,2020-09-02 14:00:00+00:00,2020-09-02 14:15:00+00:00,2020-09-02 16:30:00+00:00,-1,-0.9999999999999821,SL,False
S2-05,ny_or_break,GBPUSD,2020-09-02 16:30:00+00:00,2020-09-02 16:45:00+00:00,2020-09-02 19:45:00+00:00,-1,-0.999999999999947,SL,False
S2-05,ny_or_break,GBPUSD,2020-09-04 12:45:00+00:00,2020-09-04 13:00:00+00:00,2020-09-04 13:15:00+00:00,-1,1.25,TP,False
S2-05,ny_or_break,GBPUSD,2020-09-04 13:15:00+00:00,2020-09-04 13:30:00+00:00,2020-09-04 13:30:00+00:00,-1,-1.0000000000000349,SL,False
S2-05,ny_or_break,GBPUSD,2020-09-04 13:30:00+00:00,2020-09-04 13:45:00+00:00,2020-09-04 14:30:00+00:00,-1,1.2500000000000335,TP,False
S2-05,ny_or_break,GBPUSD,2020-09-04 14:30:00+00:00,2020-09-04 14:45:00+00:00,2020-09-04 14:45:00+00:00,-1,-0.9999999999999851,SL,False
S2-05,ny_or_break,GBPUSD,2020-09-04 14:45:00+00:00,2020-09-04 15:00:00+00:00,2020-09-04 15:45:00+00:00,-1,-1.000000000000014,SL,False
S2-05,ny_or_break,GBPUSD,2020-09-04 15:45:00+00:00,2020-09-04 16:00:00+00:00,2020-09-04 16:00:00+00:00,-1,-0.012896905181426702,FRIDAY,False
S2-05,ny_or_break,GBPUSD,2020-09-04 16:00:00+00:00,2020-09-04 16:15:00+00:00,2020-09-04 16:15:00+00:00,-1,-0.3260681625304368,FRIDAY,False
S2-05,ny_or_break,GBPUSD,2020-09-04 16:15:00+00:00,2020-09-04 16:30:00+00:00,2020-09-04 16:30:00+00:00,-1,-0.4248923588158577,FRIDAY,False
S2-05,ny_or_break,GBPUSD,2020-09-04 16:30:00+00:00,2020-09-04 16:45:00+00:00,2020-09-04 16:45:00+00:00,-1,-0.21161279858714555,FRIDAY,False
S2-05,ny_or_break,GBPUSD,2020-09-04 16:45:00+00:00,2020-09-04 17:00:00+00:00,2020-09-04 17:00:00+00:00,-1,-0.4571444848507866,FRIDAY,False
S2-05,ny_or_break,GBPUSD,2020-09-07 13:15:00+00:00,2020-09-07 13:30:00+00:00,2020-09-07 13:30:00+00:00,-1,-1.0,SL,False
S2-05,ny_or_break,GBPUSD,2020-09-10 12:00:00+00:00,2020-09-10 12:15:00+00:00,2020-09-10 12:30:00+00:00,-1,-0.9999999999999661,SL,False
S2-05,ny_or_break,GBPUSD,2020-09-10 13:45:00+00:00,2020-09-10 14:00:00+00:00,2020-09-10 14:15:00+00:00,-1,1.250000000000012,TP,False
S2-05,ny_or_break,GBPUSD,2020-09-10 14:15:00+00:00,2020-09-10 14:30:00+00:00,2020-09-10 14:45:00+00:00,-1,1.2500000000000338,TP,False
S2-05,ny_or_break,GBPUSD,2020-09-10 14:45:00+00:00,2020-09-10 15:00:00+00:00,2020-09-10 16:00:00+00:00,-1,1.250000000000022,TP,False
S2-05,ny_or_break,GBPUSD,2020-09-10 16:00:00+00:00,2020-09-10 16:15:00+00:00,2020-09-10 16:45:00+00:00,-1,1.2499999999999634,TP,False
S2-05,ny_or_break,GBPUSD,2020-09-10 16:45:00+00:00,2020-09-10 17:00:00+00:00,2020-09-10 18:15:00+00:00,-1,1.2500000000000353,TP,False
S2-05,ny_or_break,GBPUSD,2020-09-16 12:00:00+00:00,2020-09-16 12:15:00+00:00,2020-09-16 12:45:00+00:00,1,-1.0000000000000218,SL,False
S2-05,ny_or_break,GBPUSD,2020-09-16 12:45:00+00:00,2020-09-16 13:00:00+00:00,2020-09-16 13:30:00+00:00,1,-1.0000000000000204,SL,False
S2-05,ny_or_break,GBPUSD,2020-09-16 14:00:00+00:00,2020-09-16 14:15:00+00:00,2020-09-16 14:15:00+00:00,1,-1.0,SL,False
S2-05,ny_or_break,GBPUSD,2020-09-16 14:30:00+00:00,2020-09-16 14:45:00+00:00,2020-09-16 17:15:00+00:00,1,-0.9999999999999646,SL,False
S2-05,ny_or_break,GBPUSD,2020-09-21 13:15:00+00:00,2020-09-21 13:30:00+00:00,2020-09-21 14:15:00+00:00,-1,1.2499999999999587,TP,False
S2-05,ny_or_break,GBPUSD,2020-09-21 14:15:00+00:00,2020-09-21 14:30:00+00:00,2020-09-21 15:30:00+00:00,-1,1.25,TP,False
S2-05,ny_or_break,GBPUSD,2020-09-21 15:30:00+00:00,2020-09-21 15:45:00+00:00,2020-09-21 16:00:00+00:00,-1,-1.0000000000000566,SL,False
S2-05,ny_or_break,GBPUSD,2020-09-21 16:00:00+00:00,2020-09-21 16:15:00+00:00,2020-09-21 17:00:00+00:00,-1,1.2500000000000198,TP,False
S2-05,ny_or_break,GBPUSD,2020-09-25 14:00:00+00:00,2020-09-25 14:15:00+00:00,2020-09-25 14:15:00+00:00,-1,-1.000000000000037,SL,False
S2-05,ny_or_break,GBPUSD,2020-09-30 13:15:00+00:00,2020-09-30 13:30:00+00:00,2020-09-30 13:30:00+00:00,1,-1.0000000000000189,SL,False
S2-05,ny_or_break,GBPUSD,2020-09-30 14:00:00+00:00,2020-09-30 14:15:00+00:00,2020-09-30 14:30:00+00:00,1,1.2500000000000169,TP,False
S2-05,ny_or_break,GBPUSD,2020-09-30 14:30:00+00:00,2020-09-30 14:45:00+00:00,2020-09-30 15:15:00+00:00,1,1.250000000000052,TP,False
S2-05,ny_or_break,GBPUSD,2020-09-30 15:15:00+00:00,2020-09-30 15:30:00+00:00,2020-09-30 16:00:00+00:00,1,-1.0000000000000158,SL,False
S2-05,ny_or_break,GBPUSD,2020-09-30 16:00:00+00:00,2020-09-30 16:15:00+00:00,2020-09-30 20:00:00+00:00,1,-0.341391497015573,TIME,False
S2-05,ny_or_break,GBPUSD,2020-10-05 12:30:00+00:00,2020-10-05 12:45:00+00:00,2020-10-05 13:00:00+00:00,1,1.2500000000000482,TP,False
S2-05,ny_or_break,GBPUSD,2020-10-05 13:00:00+00:00,2020-10-05 13:15:00+00:00,2020-10-05 17:00:00+00:00,1,0.014850453658628986,TIME,False
S2-05,ny_or_break,GBPUSD,2020-10-09 14:00:00+00:00,2020-10-09 14:15:00+00:00,2020-10-09 14:45:00+00:00,1,1.2500000000000229,TP,False
S2-05,ny_or_break,GBPUSD,2020-10-09 14:45:00+00:00,2020-10-09 15:00:00+00:00,2020-10-09 15:15:00+00:00,1,1.2499999999999751,TP,False
S2-05,ny_or_break,GBPUSD,2020-10-09 15:15:00+00:00,2020-10-09 15:30:00+00:00,2020-10-09 16:00:00+00:00,1,-0.3733089055479738,FRIDAY,False
S2-05,ny_or_break,GBPUSD,2020-10-09 16:00:00+00:00,2020-10-09 16:15:00+00:00,2020-10-09 16:15:00+00:00,1,0.4333408385870109,FRIDAY,False
S2-05,ny_or_break,GBPUSD,2020-10-09 16:15:00+00:00,2020-10-09 16:30:00+00:00,2020-10-09 16:30:00+00:00,1,0.8721158982242663,FRIDAY,False
S2-05,ny_or_break,GBPUSD,2020-10-09 16:30:00+00:00,2020-10-09 16:45:00+00:00,2020-10-09 16:45:00+00:00,1,-0.5494770303527482,FRIDAY,False
S2-05,ny_or_break,GBPUSD,2020-10-09 16:45:00+00:00,2020-10-09 17:00:00+00:00,2020-10-09 17:00:00+00:00,1,0.8520894591463958,FRIDAY,False
S2-05,ny_or_break,GBPUSD,2020-10-12 14:45:00+00:00,2020-10-12 15:00:00+00:00,2020-10-12 15:15:00+00:00,1,1.2500000000000808,TP,False
S2-05,ny_or_break,GBPUSD,2020-10-12 15:15:00+00:00,2020-10-12 15:30:00+00:00,2020-10-12 15:45:00+00:00,1,-0.9999999999999483,SL,False
S2-05,ny_or_break,GBPUSD,2020-10-12 15:45:00+00:00,2020-10-12 16:00:00+00:00,2020-10-12 19:45:00+00:00,1,0.18538055764883196,TIME,False
S2-05,ny_or_break,GBPUSD,2020-10-15 13:00:00+00:00,2020-10-15 13:15:00+00:00,2020-10-15 13:30:00+00:00,-1,-1.0000000000000155,SL,False
S2-05,ny_or_break,GBPUSD,2020-10-15 14:15:00+00:00,2020-10-15 14:30:00+00:00,2020-10-15 16:45:00+00:00,-1,-1.0000000000000278,SL,False
S2-05,ny_or_break,GBPUSD,2020-10-21 12:15:00+00:00,2020-10-21 12:30:00+00:00,2020-10-21 13:30:00+00:00,1,1.2499999999999323,TP,False
S2-05,ny_or_break,GBPUSD,2020-10-21 13:30:00+00:00,2020-10-21 13:45:00+00:00,2020-10-21 13:45:00+00:00,1,1.2500000000000386,TP,False
S2-05,ny_or_break,GBPUSD,2020-10-21 13:45:00+00:00,2020-10-21 14:00:00+00:00,2020-10-21 14:00:00+00:00,1,1.2499999999999831,TP,False
S2-05,ny_or_break,GBPUSD,2020-10-21 14:00:00+00:00,2020-10-21 14:15:00+00:00,2020-10-21 14:30:00+00:00,1,1.2500000000000477,TP,False
S2-05,ny_or_break,GBPUSD,2020-10-21 14:30:00+00:00,2020-10-21 14:45:00+00:00,2020-10-21 15:15:00+00:00,1,-1.0000000000000466,SL,False
S2-05,ny_or_break,GBPUSD,2020-10-21 15:15:00+00:00,2020-10-21 15:30:00+00:00,2020-10-21 16:15:00+00:00,1,1.2500000000000155,TP,False
S2-05,ny_or_break,GBPUSD,2020-10-21 16:15:00+00:00,2020-10-21 16:30:00+00:00,2020-10-21 17:30:00+00:00,1,-1.0000000000000466,SL,False
S2-05,ny_or_break,GBPUSD,2020-10-23 16:00:00+00:00,2020-10-23 16:15:00+00:00,2020-10-23 16:15:00+00:00,-1,-0.23419318460127697,FRIDAY,False
S2-05,ny_or_break,GBPUSD,2020-10-23 16:15:00+00:00,2020-10-23 16:30:00+00:00,2020-10-23 16:30:00+00:00,-1,-0.2010162349733548,FRIDAY,False
S2-05,ny_or_break,GBPUSD,2020-10-23 16:30:00+00:00,2020-10-23 16:45:00+00:00,2020-10-23 16:45:00+00:00,-1,-0.24405325642639356,FRIDAY,False
S2-05,ny_or_break,GBPUSD,2020-10-23 16:45:00+00:00,2020-10-23 17:00:00+00:00,2020-10-23 17:00:00+00:00,-1,0.30767407333474733,FRIDAY,False
S2-05,ny_or_break,GBPUSD,2020-10-28 12:15:00+00:00,2020-10-28 12:30:00+00:00,2020-10-28 12:30:00+00:00,-1,1.2500000000000473,TP,False
S2-05,ny_or_break,GBPUSD,2020-10-28 12:30:00+00:00,2020-10-28 12:45:00+00:00,2020-10-28 12:45:00+00:00,-1,-1.0000000000000453,SL,False
S2-05,ny_or_break,GBPUSD,2020-10-28 12:45:00+00:00,2020-10-28 13:00:00+00:00,2020-10-28 13:15:00+00:00,-1,-1.0000000000000466,SL,False
S2-05,ny_or_break,GBPUSD,2020-10-29 12:15:00+00:00,2020-10-29 12:30:00+00:00,2020-10-29 13:30:00+00:00,-1,1.2499999999999818,TP,False
S2-05,ny_or_break,GBPUSD,2020-10-29 13:30:00+00:00,2020-10-29 13:45:00+00:00,2020-10-29 14:00:00+00:00,-1,-0.9999999999999823,SL,False
S2-05,ny_or_break,GBPUSD,2020-10-29 14:00:00+00:00,2020-10-29 14:15:00+00:00,2020-10-29 14:15:00+00:00,-1,-1.0000000000000164,SL,False
S2-05,ny_or_break,GBPUSD,2020-10-29 14:15:00+00:00,2020-10-29 14:30:00+00:00,2020-10-29 15:30:00+00:00,-1,1.2499999999999845,TP,False
S2-05,ny_or_break,GBPUSD,2020-10-29 15:30:00+00:00,2020-10-29 15:45:00+00:00,2020-10-29 16:30:00+00:00,-1,-0.9999999999999534,SL,False
S2-05,ny_or_break,GBPUSD,2020-10-29 16:30:00+00:00,2020-10-29 16:45:00+00:00,2020-10-29 18:30:00+00:00,-1,-0.9999999999999845,SL,False
S2-05,ny_or_break,GBPUSD,2020-11-03 14:15:00+00:00,2020-11-03 14:30:00+00:00,2020-11-03 14:45:00+00:00,1,1.2500000000000526,TP,False
S2-05,ny_or_break,GBPUSD,2020-11-03 14:45:00+00:00,2020-11-03 15:00:00+00:00,2020-11-03 15:00:00+00:00,1,1.2500000000000528,TP,False
S2-05,ny_or_break,GBPUSD,2020-11-03 15:00:00+00:00,2020-11-03 15:15:00+00:00,2020-11-03 15:15:00+00:00,1,1.2499999999999252,TP,False
S2-05,ny_or_break,GBPUSD,2020-11-03 15:15:00+00:00,2020-11-03 15:30:00+00:00,2020-11-03 15:45:00+00:00,1,1.2500000000000768,TP,False
S2-05,ny_or_break,GBPUSD,2020-11-03 15:45:00+00:00,2020-11-03 16:00:00+00:00,2020-11-03 16:45:00+00:00,1,-1.0000000000000504,SL,False
S2-05,ny_or_break,GBPUSD,2020-11-03 16:45:00+00:00,2020-11-03 17:00:00+00:00,2020-11-03 18:45:00+00:00,1,-1.0000000000000222,SL,False
S2-05,ny_or_break,GBPUSD,2020-11-04 12:00:00+00:00,2020-11-04 12:15:00+00:00,2020-11-04 13:15:00+00:00,1,-1.000000000000015,SL,False
S2-05,ny_or_break,GBPUSD,2020-11-05 12:15:00+00:00,2020-11-05 12:30:00+00:00,2020-11-05 13:00:00+00:00,1,1.249999999999963,TP,False
S2-05,ny_or_break,GBPUSD,2020-11-05 13:00:00+00:00,2020-11-05 13:15:00+00:00,2020-11-05 13:15:00+00:00,1,-1.0000000000000173,SL,False
S2-05,ny_or_break,GBPUSD,2020-11-05 13:15:00+00:00,2020-11-05 13:30:00+00:00,2020-11-05 15:15:00+00:00,1,1.2500000000000497,TP,False
S2-05,ny_or_break,GBPUSD,2020-11-05 15:30:00+00:00,2020-11-05 15:45:00+00:00,2020-11-05 16:45:00+00:00,1,1.2500000000000278,TP,False
S2-05,ny_or_break,GBPUSD,2020-11-05 16:45:00+00:00,2020-11-05 17:00:00+00:00,2020-11-05 17:15:00+00:00,1,-1.0,SL,False
S2-05,ny_or_break,GBPUSD,2020-11-06 16:00:00+00:00,2020-11-06 16:15:00+00:00,2020-11-06 16:15:00+00:00,1,0.25639887341984036,FRIDAY,False
S2-05,ny_or_break,GBPUSD,2020-11-06 16:15:00+00:00,2020-11-06 16:30:00+00:00,2020-11-06 16:30:00+00:00,1,-0.10730516871008754,FRIDAY,False
S2-05,ny_or_break,GBPUSD,2020-11-06 16:30:00+00:00,2020-11-06 16:45:00+00:00,2020-11-06 16:45:00+00:00,1,-0.4332660613417257,FRIDAY,False
S2-05,ny_or_break,GBPUSD,2020-11-06 16:45:00+00:00,2020-11-06 17:00:00+00:00,2020-11-06 17:00:00+00:00,1,-0.11607587155694757,FRIDAY,False
S2-05,ny_or_break,GBPUSD,2020-11-09 14:15:00+00:00,2020-11-09 14:30:00+00:00,2020-11-09 14:30:00+00:00,1,-1.0000000000000426,SL,False
S2-05,ny_or_break,GBPUSD,2020-11-12 12:00:00+00:00,2020-11-12 12:15:00+00:00,2020-11-12 13:30:00+00:00,-1,-0.9999999999999802,SL,False
S2-05,ny_or_break,GBPUSD,2020-11-12 15:00:00+00:00,2020-11-12 15:15:00+00:00,2020-11-12 15:45:00+00:00,-1,1.25,TP,False
S2-05,ny_or_break,GBPUSD,2020-11-12 15:45:00+00:00,2020-11-12 16:00:00+00:00,2020-11-12 16:30:00+00:00,-1,-0.9999999999999808,SL,False
S2-05,ny_or_break,GBPUSD,2020-11-12 16:30:00+00:00,2020-11-12 16:45:00+00:00,2020-11-12 17:45:00+00:00,-1,1.2500000000000382,TP,False
S2-05,ny_or_break,GBPUSD,2020-11-18 15:00:00+00:00,2020-11-18 15:15:00+00:00,2020-11-18 16:15:00+00:00,1,-0.9999999999999142,SL,False
S2-05,ny_or_break,GBPUSD,2020-11-18 16:30:00+00:00,2020-11-18 16:45:00+00:00,2020-11-18 17:15:00+00:00,1,-1.0,SL,False
S2-05,ny_or_break,GBPUSD,2020-11-20 15:15:00+00:00,2020-11-20 15:30:00+00:00,2020-11-20 15:30:00+00:00,1,-1.0,SL,False
S2-05,ny_or_break,GBPUSD,2020-11-20 16:15:00+00:00,2020-11-20 16:30:00+00:00,2020-11-20 16:30:00+00:00,1,-0.4389452757141362,FRIDAY,False
S2-05,ny_or_break,GBPUSD,2020-11-20 16:45:00+00:00,2020-11-20 17:00:00+00:00,2020-11-20 17:00:00+00:00,1,-1.0078467449537312,FRIDAY,False
S2-05,ny_or_break,GBPUSD,2020-11-23 12:30:00+00:00,2020-11-23 12:45:00+00:00,2020-11-23 14:45:00+00:00,1,-1.0,SL,False
S2-05,ny_or_break,GBPUSD,2020-11-25 15:30:00+00:00,2020-11-25 15:45:00+00:00,2020-11-25 19:30:00+00:00,1,-0.42167979079031,TIME,False
S2-05,ny_or_break,GBPUSD,2020-11-27 16:45:00+00:00,2020-11-27 17:00:00+00:00,2020-11-27 17:00:00+00:00,-1,0.1866241397031943,FRIDAY,False
S2-05,ny_or_break,GBPUSD,2020-12-01 16:00:00+00:00,2020-12-01 16:15:00+00:00,2020-12-01 16:30:00+00:00,1,-0.9999999999999524,SL,False
S2-05,ny_or_break,GBPUSD,2020-12-02 15:00:00+00:00,2020-12-02 15:15:00+00:00,2020-12-02 15:30:00+00:00,-1,-1.0000000000000488,SL,False
S2-05,ny_or_break,GBPUSD,2020-12-02 15:30:00+00:00,2020-12-02 15:45:00+00:00,2020-12-02 16:30:00+00:00,-1,-0.9999999999999643,SL,False
S2-05,ny_or_break,GBPUSD,2020-12-03 13:15:00+00:00,2020-12-03 13:30:00+00:00,2020-12-03 14:15:00+00:00,1,1.25,TP,False
S2-05,ny_or_break,GBPUSD,2020-12-03 14:15:00+00:00,2020-12-03 14:30:00+00:00,2020-12-03 14:30:00+00:00,1,-0.999999999999975,SL,False
S2-05,ny_or_break,GBPUSD,2020-12-03 14:30:00+00:00,2020-12-03 14:45:00+00:00,2020-12-03 15:00:00+00:00,1,1.250000000000048,TP,False
S2-05,ny_or_break,GBPUSD,2020-12-03 15:00:00+00:00,2020-12-03 15:15:00+00:00,2020-12-03 18:15:00+00:00,1,-0.9999999999999568,SL,False
S2-05,ny_or_break,GBPUSD,2020-12-04 13:45:00+00:00,2020-12-04 14:00:00+00:00,2020-12-04 14:00:00+00:00,1,-1.0000000000000504,SL,False
S2-05,ny_or_break,GBPUSD,2020-12-04 14:00:00+00:00,2020-12-04 14:15:00+00:00,2020-12-04 15:15:00+00:00,1,-1.000000000000031,SL,False
S2-05,ny_or_break,GBPUSD,2020-12-08 12:30:00+00:00,2020-12-08 12:45:00+00:00,2020-12-08 13:00:00+00:00,-1,1.249999999999955,TP,False
S2-05,ny_or_break,GBPUSD,2020-12-08 13:00:00+00:00,2020-12-08 13:15:00+00:00,2020-12-08 13:15:00+00:00,-1,-1.0000000000000229,SL,False
S2-05,ny_or_break,GBPUSD,2020-12-08 15:15:00+00:00,2020-12-08 15:30:00+00:00,2020-12-08 15:45:00+00:00,-1,-1.0000000000000118,SL,False
S2-05,ny_or_break,GBPUSD,2020-12-09 13:15:00+00:00,2020-12-09 13:30:00+00:00,2020-12-09 13:30:00+00:00,1,-1.0000000000000229,SL,False
S2-05,ny_or_break,GBPUSD,2020-12-11 12:15:00+00:00,2020-12-11 12:30:00+00:00,2020-12-11 13:00:00+00:00,-1,1.2500000000000449,TP,False
S2-05,ny_or_break,GBPUSD,2020-12-11 13:00:00+00:00,2020-12-11 13:15:00+00:00,2020-12-11 13:30:00+00:00,-1,-0.9999999999999549,SL,False
S2-05,ny_or_break,GBPUSD,2020-12-11 13:30:00+00:00,2020-12-11 13:45:00+00:00,2020-12-11 14:00:00+00:00,-1,-0.999999999999984,SL,False
S2-05,ny_or_break,GBPUSD,2020-12-15 12:30:00+00:00,2020-12-15 12:45:00+00:00,2020-12-15 12:45:00+00:00,1,-0.9999999999999671,SL,False
S2-05,ny_or_break,GBPUSD,2020-12-15 13:15:00+00:00,2020-12-15 13:30:00+00:00,2020-12-15 14:30:00+00:00,1,-0.9999999999999671,SL,False
S2-05,ny_or_break,GBPUSD,2020-12-15 15:30:00+00:00,2020-12-15 15:45:00+00:00,2020-12-15 16:00:00+00:00,1,1.2500000000000195,TP,False
S2-05,ny_or_break,GBPUSD,2020-12-15 16:00:00+00:00,2020-12-15 16:15:00+00:00,2020-12-15 16:30:00+00:00,1,-0.9999999999999678,SL,False
S2-05,ny_or_break,GBPUSD,2020-12-15 16:30:00+00:00,2020-12-15 16:45:00+00:00,2020-12-15 19:15:00+00:00,1,-1.0000000000000322,SL,False
S2-05,ny_or_break,GBPUSD,2020-12-16 13:00:00+00:00,2020-12-16 13:15:00+00:00,2020-12-16 13:15:00+00:00,1,-0.9999999999999455,SL,False
S2-05,ny_or_break,GBPUSD,2020-12-22 14:45:00+00:00,2020-12-22 15:00:00+00:00,2020-12-22 15:15:00+00:00,-1,-1.0000000000000335,SL,False
S2-05,ny_or_break,GBPUSD,2020-12-22 15:30:00+00:00,2020-12-22 15:45:00+00:00,2020-12-22 15:45:00+00:00,-1,1.2499999999999545,TP,False
S2-05,ny_or_break,GBPUSD,2020-12-22 15:45:00+00:00,2020-12-22 16:00:00+00:00,2020-12-22 16:00:00+00:00,-1,-1.0000000000000138,SL,False
S2-05,ny_or_break,GBPUSD,2020-12-22 16:00:00+00:00,2020-12-22 16:15:00+00:00,2020-12-22 17:15:00+00:00,-1,-1.0000000000000369,SL,False
S2-05,ny_or_break,GBPUSD,2020-12-23 13:45:00+00:00,2020-12-23 14:00:00+00:00,2020-12-23 14:00:00+00:00,1,1.250000000000019,TP,False
S2-05,ny_or_break,GBPUSD,2020-12-23 14:00:00+00:00,2020-12-23 14:15:00+00:00,2020-12-23 14:15:00+00:00,1,1.2500000000000524,TP,False
S2-05,ny_or_break,GBPUSD,2020-12-23 14:15:00+00:00,2020-12-23 14:30:00+00:00,2020-12-23 15:00:00+00:00,1,1.250000000000016,TP,False
S2-05,ny_or_break,GBPUSD,2020-12-23 15:00:00+00:00,2020-12-23 15:15:00+00:00,2020-12-23 15:15:00+00:00,1,-0.9999999999999741,SL,False
S2-05,ny_or_break,GBPUSD,2020-12-23 15:15:00+00:00,2020-12-23 15:30:00+00:00,2020-12-23 16:30:00+00:00,1,-0.999999999999964,SL,False
S2-05,ny_or_break,GBPUSD,2020-12-23 16:30:00+00:00,2020-12-23 16:45:00+00:00,2020-12-23 17:30:00+00:00,1,-1.0000000000000195,SL,False
